Python location: /projects/retprogression/pytorch_cu121_env/bin/python
CUDA available: True
GPU count: 1
Run ID: 4
Using port: 38597
Running experiment: experiment_res_1024
Using image resolution: 1024x1024
[2025-11-17 13:52:51,847][root][INFO] - Checkpoint directory prepared at /projects/retprogression/rgarridogarcia/checkpoints/cropped1024_cropped_centered_wt_allR_4
[2025-11-17 13:52:51][INFO] - Starting training with configuration summary:
[2025-11-17 13:52:51][INFO] -  exp:
[2025-11-17 13:52:51][INFO] -  _metadata: ContainerMetadata(ref_type=typing.Any, object_type=<class 'dict'>, optional=True, key='exp', flags={}, flags_root=False, resolver_cache=defaultdict(<class 'dict'>, {}), key_type=typing.Any, element_type=typing.Any)
[2025-11-17 13:52:51][INFO] -  _parent: {'run_id': 4, 'caching': {'enabled': True, 'prefetch_factor': 2, 'train_cache_size': 1000, 'val_cache_size': 1000}, 'criterion': {'alpha': 0.25, 'weight_method': 'inverse_frequency', 'gamma': 2.0, 'type': 'cross_entropy', 'use_class_weights': True}, 'data': {'annotations_file_name': '/projects/retprogression/gradable_dr/clean_gradable_dr_4_', 'augmentation': {'enabled': False, 'type': 'none'}, 'batch_size': 10, 'class_labels': 'gradable_binary_DR', 'data_dir': '/projects/retprogression/', 'img_dir': 'complete_cropped_1024_centered_wt_10272025_allRight', 'num_workers': 7, 'resolution': 1024, 'shuffle': True, 'weighted_sampler': {'enabled': False, 'generator_seed': 42, 'target_minority_ratio': 0.2}}, 'distributed': {'backend': 'nccl', 'world_size': 1}, 'early_stopping': {'enabled': False, 'metric': 'f1_score', 'min_delta': 0.001, 'mode': 'max', 'patience': 8}, 'exp': {'checkpoint_dir': '/projects/retprogression/rgarridogarcia/checkpoints/cropped1024_cropped_centered_wt_allR_4', 'checkpoint_freq': 1, 'checkpoint_name': '', 'experiment_name': 'swinv2_res1024', 'master_port': 38597, 'num_epochs': 25}, 'experiment_res_1024': {'data': {'augmentation': {'enabled': False, 'type': 'none'}, 'batch_size': 10, 'resolution': 1024, 'img_dir': 'complete_cropped_1024_centered_wt_10272025_allRight'}, 'exp': {'checkpoint_dir': '/projects/retprogression/rgarridogarcia/checkpoints/cropped1024_cropped_centered_wt_allR_4', 'checkpoint_name': '', 'experiment_name': 'swinv2_res1024', 'num_epochs': 25}, 'lr_scheduler': {'type': 'cosine', 'warmup': {'enabled': True, 'min_lr': 1e-07, 'warmup_proportion': 0.15}}, 'model': {'img_size': 1024, 'name': 'swinv2_large_window12to16_192to256.ms_in22k_ft_in1k', 'pretrained': True, 'num_classes': 2}, 'optimization': {'amp_enabled': True, 'gradient_accumulation_steps': 16, 'gradient_clipping': 0.5}, 'optimizer': {'optimizer': None, 'name': 'adam', 'lr': 5e-06, 'weight_decay': 0.001, 'momentum': 0.9}}, 'experiment_res_1024_oversample_50': {'criterion': {'class_weights': [1.0, 1.0], 'type': 'cross_entropy', 'use_class_weights': True}, 'data': {'augmentation': {'strength': 'strong'}, 'batch_size': 4, 'resolution': 1024, 'weighted_sampler': {'enabled': True, 'generator_seed': 42, 'target_minority_ratio': 0.5}}, 'exp': {'checkpoint_dir': '/projects/retprogression/rgarridogarcia/checkpoints/relabled_clean_gradable_swinv2_resolution1024_oversample50_4', 'checkpoint_name': 'epoch_23.pth', 'experiment_name': 'swinv2_res1024', 'master_port': 23450, 'num_epochs': 25}, 'lr_scheduler': {'type': 'cosine', 'warmup': {'enabled': True, 'min_lr': 1e-07, 'warmup_proportion': 0.15}}, 'model': {'img_size': 1024, 'name': 'swinv2_large_window12to16_192to256.ms_in22k_ft_in1k'}, 'optimization': {'amp_enabled': True, 'gradient_accumulation_steps': 16, 'gradient_clipping': 0.5}, 'optimizer': {'lr': 5e-06}}, 'lr_scheduler': {'type': 'cosine', 'warmup': {'enabled': True, 'min_lr': 1e-07, 'warmup_proportion': 0.15}}, 'model': {'img_size': 1024, 'name': 'swinv2_large_window12to16_192to256.ms_in22k_ft_in1k', 'pretrained': True, 'num_classes': 2}, 'optimization': {'amp_enabled': True, 'gradient_accumulation_steps': 16, 'gradient_clipping': 0.5}, 'optimizer': {'optimizer': None, 'name': 'adam', 'lr': 5e-06, 'weight_decay': 0.001, 'momentum': 0.9}}
[2025-11-17 13:52:51][INFO] -  _flags_cache: {'struct': None, 'readonly': None, 'convert': None, 'allow_objects': None}
[2025-11-17 13:52:51][INFO] -  _content: {'checkpoint_dir': '/projects/retprogression/rgarridogarcia/checkpoints/cropped1024_cropped_centered_wt_allR_4', 'checkpoint_freq': 1, 'checkpoint_name': '', 'experiment_name': 'swinv2_res1024', 'master_port': 38597, 'num_epochs': 25}
[2025-11-17 13:52:51][INFO] -  data:
[2025-11-17 13:52:51][INFO] -  _metadata: ContainerMetadata(ref_type=typing.Any, object_type=<class 'dict'>, optional=True, key='data', flags={}, flags_root=False, resolver_cache=defaultdict(<class 'dict'>, {}), key_type=typing.Any, element_type=typing.Any)
[2025-11-17 13:52:51][INFO] -  _parent: {'run_id': 4, 'caching': {'enabled': True, 'prefetch_factor': 2, 'train_cache_size': 1000, 'val_cache_size': 1000}, 'criterion': {'alpha': 0.25, 'weight_method': 'inverse_frequency', 'gamma': 2.0, 'type': 'cross_entropy', 'use_class_weights': True}, 'data': {'annotations_file_name': '/projects/retprogression/gradable_dr/clean_gradable_dr_4_', 'augmentation': {'enabled': False, 'type': 'none'}, 'batch_size': 10, 'class_labels': 'gradable_binary_DR', 'data_dir': '/projects/retprogression/', 'img_dir': 'complete_cropped_1024_centered_wt_10272025_allRight', 'num_workers': 7, 'resolution': 1024, 'shuffle': True, 'weighted_sampler': {'enabled': False, 'generator_seed': 42, 'target_minority_ratio': 0.2}}, 'distributed': {'backend': 'nccl', 'world_size': 1}, 'early_stopping': {'enabled': False, 'metric': 'f1_score', 'min_delta': 0.001, 'mode': 'max', 'patience': 8}, 'exp': {'checkpoint_dir': '/projects/retprogression/rgarridogarcia/checkpoints/cropped1024_cropped_centered_wt_allR_4', 'checkpoint_freq': 1, 'checkpoint_name': '', 'experiment_name': 'swinv2_res1024', 'master_port': 38597, 'num_epochs': 25}, 'experiment_res_1024': {'data': {'augmentation': {'enabled': False, 'type': 'none'}, 'batch_size': 10, 'resolution': 1024, 'img_dir': 'complete_cropped_1024_centered_wt_10272025_allRight'}, 'exp': {'checkpoint_dir': '/projects/retprogression/rgarridogarcia/checkpoints/cropped1024_cropped_centered_wt_allR_4', 'checkpoint_name': '', 'experiment_name': 'swinv2_res1024', 'num_epochs': 25}, 'lr_scheduler': {'type': 'cosine', 'warmup': {'enabled': True, 'min_lr': 1e-07, 'warmup_proportion': 0.15}}, 'model': {'img_size': 1024, 'name': 'swinv2_large_window12to16_192to256.ms_in22k_ft_in1k', 'pretrained': True, 'num_classes': 2}, 'optimization': {'amp_enabled': True, 'gradient_accumulation_steps': 16, 'gradient_clipping': 0.5}, 'optimizer': {'optimizer': None, 'name': 'adam', 'lr': 5e-06, 'weight_decay': 0.001, 'momentum': 0.9}}, 'experiment_res_1024_oversample_50': {'criterion': {'class_weights': [1.0, 1.0], 'type': 'cross_entropy', 'use_class_weights': True}, 'data': {'augmentation': {'strength': 'strong'}, 'batch_size': 4, 'resolution': 1024, 'weighted_sampler': {'enabled': True, 'generator_seed': 42, 'target_minority_ratio': 0.5}}, 'exp': {'checkpoint_dir': '/projects/retprogression/rgarridogarcia/checkpoints/relabled_clean_gradable_swinv2_resolution1024_oversample50_4', 'checkpoint_name': 'epoch_23.pth', 'experiment_name': 'swinv2_res1024', 'master_port': 23450, 'num_epochs': 25}, 'lr_scheduler': {'type': 'cosine', 'warmup': {'enabled': True, 'min_lr': 1e-07, 'warmup_proportion': 0.15}}, 'model': {'img_size': 1024, 'name': 'swinv2_large_window12to16_192to256.ms_in22k_ft_in1k'}, 'optimization': {'amp_enabled': True, 'gradient_accumulation_steps': 16, 'gradient_clipping': 0.5}, 'optimizer': {'lr': 5e-06}}, 'lr_scheduler': {'type': 'cosine', 'warmup': {'enabled': True, 'min_lr': 1e-07, 'warmup_proportion': 0.15}}, 'model': {'img_size': 1024, 'name': 'swinv2_large_window12to16_192to256.ms_in22k_ft_in1k', 'pretrained': True, 'num_classes': 2}, 'optimization': {'amp_enabled': True, 'gradient_accumulation_steps': 16, 'gradient_clipping': 0.5}, 'optimizer': {'optimizer': None, 'name': 'adam', 'lr': 5e-06, 'weight_decay': 0.001, 'momentum': 0.9}}
[2025-11-17 13:52:51][INFO] -  _flags_cache: {'struct': None, 'readonly': None, 'convert': None, 'allow_objects': None}
[2025-11-17 13:52:51][INFO] -  _content: {'annotations_file_name': '/projects/retprogression/gradable_dr/clean_gradable_dr_4_', 'augmentation': {'enabled': False, 'type': 'none'}, 'batch_size': 10, 'class_labels': 'gradable_binary_DR', 'data_dir': '/projects/retprogression/', 'img_dir': 'complete_cropped_1024_centered_wt_10272025_allRight', 'num_workers': 7, 'resolution': 1024, 'shuffle': True, 'weighted_sampler': {'enabled': False, 'generator_seed': 42, 'target_minority_ratio': 0.2}}
[2025-11-17 13:52:51][INFO] -  model:
[2025-11-17 13:52:51][INFO] -  _metadata: ContainerMetadata(ref_type=typing.Any, object_type=<class 'dict'>, optional=True, key='model', flags={}, flags_root=False, resolver_cache=defaultdict(<class 'dict'>, {}), key_type=typing.Any, element_type=typing.Any)
[2025-11-17 13:52:51][INFO] -  _parent: {'run_id': 4, 'caching': {'enabled': True, 'prefetch_factor': 2, 'train_cache_size': 1000, 'val_cache_size': 1000}, 'criterion': {'alpha': 0.25, 'weight_method': 'inverse_frequency', 'gamma': 2.0, 'type': 'cross_entropy', 'use_class_weights': True}, 'data': {'annotations_file_name': '/projects/retprogression/gradable_dr/clean_gradable_dr_4_', 'augmentation': {'enabled': False, 'type': 'none'}, 'batch_size': 10, 'class_labels': 'gradable_binary_DR', 'data_dir': '/projects/retprogression/', 'img_dir': 'complete_cropped_1024_centered_wt_10272025_allRight', 'num_workers': 7, 'resolution': 1024, 'shuffle': True, 'weighted_sampler': {'enabled': False, 'generator_seed': 42, 'target_minority_ratio': 0.2}}, 'distributed': {'backend': 'nccl', 'world_size': 1}, 'early_stopping': {'enabled': False, 'metric': 'f1_score', 'min_delta': 0.001, 'mode': 'max', 'patience': 8}, 'exp': {'checkpoint_dir': '/projects/retprogression/rgarridogarcia/checkpoints/cropped1024_cropped_centered_wt_allR_4', 'checkpoint_freq': 1, 'checkpoint_name': '', 'experiment_name': 'swinv2_res1024', 'master_port': 38597, 'num_epochs': 25}, 'experiment_res_1024': {'data': {'augmentation': {'enabled': False, 'type': 'none'}, 'batch_size': 10, 'resolution': 1024, 'img_dir': 'complete_cropped_1024_centered_wt_10272025_allRight'}, 'exp': {'checkpoint_dir': '/projects/retprogression/rgarridogarcia/checkpoints/cropped1024_cropped_centered_wt_allR_4', 'checkpoint_name': '', 'experiment_name': 'swinv2_res1024', 'num_epochs': 25}, 'lr_scheduler': {'type': 'cosine', 'warmup': {'enabled': True, 'min_lr': 1e-07, 'warmup_proportion': 0.15}}, 'model': {'img_size': 1024, 'name': 'swinv2_large_window12to16_192to256.ms_in22k_ft_in1k', 'pretrained': True, 'num_classes': 2}, 'optimization': {'amp_enabled': True, 'gradient_accumulation_steps': 16, 'gradient_clipping': 0.5}, 'optimizer': {'optimizer': None, 'name': 'adam', 'lr': 5e-06, 'weight_decay': 0.001, 'momentum': 0.9}}, 'experiment_res_1024_oversample_50': {'criterion': {'class_weights': [1.0, 1.0], 'type': 'cross_entropy', 'use_class_weights': True}, 'data': {'augmentation': {'strength': 'strong'}, 'batch_size': 4, 'resolution': 1024, 'weighted_sampler': {'enabled': True, 'generator_seed': 42, 'target_minority_ratio': 0.5}}, 'exp': {'checkpoint_dir': '/projects/retprogression/rgarridogarcia/checkpoints/relabled_clean_gradable_swinv2_resolution1024_oversample50_4', 'checkpoint_name': 'epoch_23.pth', 'experiment_name': 'swinv2_res1024', 'master_port': 23450, 'num_epochs': 25}, 'lr_scheduler': {'type': 'cosine', 'warmup': {'enabled': True, 'min_lr': 1e-07, 'warmup_proportion': 0.15}}, 'model': {'img_size': 1024, 'name': 'swinv2_large_window12to16_192to256.ms_in22k_ft_in1k'}, 'optimization': {'amp_enabled': True, 'gradient_accumulation_steps': 16, 'gradient_clipping': 0.5}, 'optimizer': {'lr': 5e-06}}, 'lr_scheduler': {'type': 'cosine', 'warmup': {'enabled': True, 'min_lr': 1e-07, 'warmup_proportion': 0.15}}, 'model': {'img_size': 1024, 'name': 'swinv2_large_window12to16_192to256.ms_in22k_ft_in1k', 'pretrained': True, 'num_classes': 2}, 'optimization': {'amp_enabled': True, 'gradient_accumulation_steps': 16, 'gradient_clipping': 0.5}, 'optimizer': {'optimizer': None, 'name': 'adam', 'lr': 5e-06, 'weight_decay': 0.001, 'momentum': 0.9}}
[2025-11-17 13:52:51][INFO] -  _flags_cache: {'struct': None, 'readonly': None, 'convert': None, 'allow_objects': None}
[2025-11-17 13:52:51][INFO] -  _content: {'img_size': 1024, 'name': 'swinv2_large_window12to16_192to256.ms_in22k_ft_in1k', 'pretrained': True, 'num_classes': 2}
[2025-11-17 13:52:51][INFO] -  optimizer:
[2025-11-17 13:52:51][INFO] -  _metadata: ContainerMetadata(ref_type=typing.Any, object_type=<class 'dict'>, optional=True, key='optimizer', flags={}, flags_root=False, resolver_cache=defaultdict(<class 'dict'>, {}), key_type=typing.Any, element_type=typing.Any)
[2025-11-17 13:52:51][INFO] -  _parent: {'run_id': 4, 'caching': {'enabled': True, 'prefetch_factor': 2, 'train_cache_size': 1000, 'val_cache_size': 1000}, 'criterion': {'alpha': 0.25, 'weight_method': 'inverse_frequency', 'gamma': 2.0, 'type': 'cross_entropy', 'use_class_weights': True}, 'data': {'annotations_file_name': '/projects/retprogression/gradable_dr/clean_gradable_dr_4_', 'augmentation': {'enabled': False, 'type': 'none'}, 'batch_size': 10, 'class_labels': 'gradable_binary_DR', 'data_dir': '/projects/retprogression/', 'img_dir': 'complete_cropped_1024_centered_wt_10272025_allRight', 'num_workers': 7, 'resolution': 1024, 'shuffle': True, 'weighted_sampler': {'enabled': False, 'generator_seed': 42, 'target_minority_ratio': 0.2}}, 'distributed': {'backend': 'nccl', 'world_size': 1}, 'early_stopping': {'enabled': False, 'metric': 'f1_score', 'min_delta': 0.001, 'mode': 'max', 'patience': 8}, 'exp': {'checkpoint_dir': '/projects/retprogression/rgarridogarcia/checkpoints/cropped1024_cropped_centered_wt_allR_4', 'checkpoint_freq': 1, 'checkpoint_name': '', 'experiment_name': 'swinv2_res1024', 'master_port': 38597, 'num_epochs': 25}, 'experiment_res_1024': {'data': {'augmentation': {'enabled': False, 'type': 'none'}, 'batch_size': 10, 'resolution': 1024, 'img_dir': 'complete_cropped_1024_centered_wt_10272025_allRight'}, 'exp': {'checkpoint_dir': '/projects/retprogression/rgarridogarcia/checkpoints/cropped1024_cropped_centered_wt_allR_4', 'checkpoint_name': '', 'experiment_name': 'swinv2_res1024', 'num_epochs': 25}, 'lr_scheduler': {'type': 'cosine', 'warmup': {'enabled': True, 'min_lr': 1e-07, 'warmup_proportion': 0.15}}, 'model': {'img_size': 1024, 'name': 'swinv2_large_window12to16_192to256.ms_in22k_ft_in1k', 'pretrained': True, 'num_classes': 2}, 'optimization': {'amp_enabled': True, 'gradient_accumulation_steps': 16, 'gradient_clipping': 0.5}, 'optimizer': {'optimizer': None, 'name': 'adam', 'lr': 5e-06, 'weight_decay': 0.001, 'momentum': 0.9}}, 'experiment_res_1024_oversample_50': {'criterion': {'class_weights': [1.0, 1.0], 'type': 'cross_entropy', 'use_class_weights': True}, 'data': {'augmentation': {'strength': 'strong'}, 'batch_size': 4, 'resolution': 1024, 'weighted_sampler': {'enabled': True, 'generator_seed': 42, 'target_minority_ratio': 0.5}}, 'exp': {'checkpoint_dir': '/projects/retprogression/rgarridogarcia/checkpoints/relabled_clean_gradable_swinv2_resolution1024_oversample50_4', 'checkpoint_name': 'epoch_23.pth', 'experiment_name': 'swinv2_res1024', 'master_port': 23450, 'num_epochs': 25}, 'lr_scheduler': {'type': 'cosine', 'warmup': {'enabled': True, 'min_lr': 1e-07, 'warmup_proportion': 0.15}}, 'model': {'img_size': 1024, 'name': 'swinv2_large_window12to16_192to256.ms_in22k_ft_in1k'}, 'optimization': {'amp_enabled': True, 'gradient_accumulation_steps': 16, 'gradient_clipping': 0.5}, 'optimizer': {'lr': 5e-06}}, 'lr_scheduler': {'type': 'cosine', 'warmup': {'enabled': True, 'min_lr': 1e-07, 'warmup_proportion': 0.15}}, 'model': {'img_size': 1024, 'name': 'swinv2_large_window12to16_192to256.ms_in22k_ft_in1k', 'pretrained': True, 'num_classes': 2}, 'optimization': {'amp_enabled': True, 'gradient_accumulation_steps': 16, 'gradient_clipping': 0.5}, 'optimizer': {'optimizer': None, 'name': 'adam', 'lr': 5e-06, 'weight_decay': 0.001, 'momentum': 0.9}}
[2025-11-17 13:52:51][INFO] -  _flags_cache: {'struct': None, 'readonly': None, 'convert': None, 'allow_objects': None}
[2025-11-17 13:52:51][INFO] -  _content: {'optimizer': None, 'name': 'adam', 'lr': 5e-06, 'weight_decay': 0.001, 'momentum': 0.9}
[2025-11-17 13:52:51][INFO] -  lr_scheduler:
[2025-11-17 13:52:51][INFO] -  _metadata: ContainerMetadata(ref_type=typing.Any, object_type=<class 'dict'>, optional=True, key='lr_scheduler', flags={}, flags_root=False, resolver_cache=defaultdict(<class 'dict'>, {}), key_type=typing.Any, element_type=typing.Any)
[2025-11-17 13:52:51][INFO] -  _parent: {'run_id': 4, 'caching': {'enabled': True, 'prefetch_factor': 2, 'train_cache_size': 1000, 'val_cache_size': 1000}, 'criterion': {'alpha': 0.25, 'weight_method': 'inverse_frequency', 'gamma': 2.0, 'type': 'cross_entropy', 'use_class_weights': True}, 'data': {'annotations_file_name': '/projects/retprogression/gradable_dr/clean_gradable_dr_4_', 'augmentation': {'enabled': False, 'type': 'none'}, 'batch_size': 10, 'class_labels': 'gradable_binary_DR', 'data_dir': '/projects/retprogression/', 'img_dir': 'complete_cropped_1024_centered_wt_10272025_allRight', 'num_workers': 7, 'resolution': 1024, 'shuffle': True, 'weighted_sampler': {'enabled': False, 'generator_seed': 42, 'target_minority_ratio': 0.2}}, 'distributed': {'backend': 'nccl', 'world_size': 1}, 'early_stopping': {'enabled': False, 'metric': 'f1_score', 'min_delta': 0.001, 'mode': 'max', 'patience': 8}, 'exp': {'checkpoint_dir': '/projects/retprogression/rgarridogarcia/checkpoints/cropped1024_cropped_centered_wt_allR_4', 'checkpoint_freq': 1, 'checkpoint_name': '', 'experiment_name': 'swinv2_res1024', 'master_port': 38597, 'num_epochs': 25}, 'experiment_res_1024': {'data': {'augmentation': {'enabled': False, 'type': 'none'}, 'batch_size': 10, 'resolution': 1024, 'img_dir': 'complete_cropped_1024_centered_wt_10272025_allRight'}, 'exp': {'checkpoint_dir': '/projects/retprogression/rgarridogarcia/checkpoints/cropped1024_cropped_centered_wt_allR_4', 'checkpoint_name': '', 'experiment_name': 'swinv2_res1024', 'num_epochs': 25}, 'lr_scheduler': {'type': 'cosine', 'warmup': {'enabled': True, 'min_lr': 1e-07, 'warmup_proportion': 0.15}}, 'model': {'img_size': 1024, 'name': 'swinv2_large_window12to16_192to256.ms_in22k_ft_in1k', 'pretrained': True, 'num_classes': 2}, 'optimization': {'amp_enabled': True, 'gradient_accumulation_steps': 16, 'gradient_clipping': 0.5}, 'optimizer': {'optimizer': None, 'name': 'adam', 'lr': 5e-06, 'weight_decay': 0.001, 'momentum': 0.9}}, 'experiment_res_1024_oversample_50': {'criterion': {'class_weights': [1.0, 1.0], 'type': 'cross_entropy', 'use_class_weights': True}, 'data': {'augmentation': {'strength': 'strong'}, 'batch_size': 4, 'resolution': 1024, 'weighted_sampler': {'enabled': True, 'generator_seed': 42, 'target_minority_ratio': 0.5}}, 'exp': {'checkpoint_dir': '/projects/retprogression/rgarridogarcia/checkpoints/relabled_clean_gradable_swinv2_resolution1024_oversample50_4', 'checkpoint_name': 'epoch_23.pth', 'experiment_name': 'swinv2_res1024', 'master_port': 23450, 'num_epochs': 25}, 'lr_scheduler': {'type': 'cosine', 'warmup': {'enabled': True, 'min_lr': 1e-07, 'warmup_proportion': 0.15}}, 'model': {'img_size': 1024, 'name': 'swinv2_large_window12to16_192to256.ms_in22k_ft_in1k'}, 'optimization': {'amp_enabled': True, 'gradient_accumulation_steps': 16, 'gradient_clipping': 0.5}, 'optimizer': {'lr': 5e-06}}, 'lr_scheduler': {'type': 'cosine', 'warmup': {'enabled': True, 'min_lr': 1e-07, 'warmup_proportion': 0.15}}, 'model': {'img_size': 1024, 'name': 'swinv2_large_window12to16_192to256.ms_in22k_ft_in1k', 'pretrained': True, 'num_classes': 2}, 'optimization': {'amp_enabled': True, 'gradient_accumulation_steps': 16, 'gradient_clipping': 0.5}, 'optimizer': {'optimizer': None, 'name': 'adam', 'lr': 5e-06, 'weight_decay': 0.001, 'momentum': 0.9}}
[2025-11-17 13:52:51][INFO] -  _flags_cache: {'struct': None, 'readonly': None, 'convert': None, 'allow_objects': None}
[2025-11-17 13:52:51][INFO] -  _content: {'type': 'cosine', 'warmup': {'enabled': True, 'min_lr': 1e-07, 'warmup_proportion': 0.15}}
[2025-11-17 13:52:51][INFO] -  distributed:
[2025-11-17 13:52:51][INFO] -  _metadata: ContainerMetadata(ref_type=typing.Any, object_type=<class 'dict'>, optional=True, key='distributed', flags={}, flags_root=False, resolver_cache=defaultdict(<class 'dict'>, {}), key_type=typing.Any, element_type=typing.Any)
[2025-11-17 13:52:51][INFO] -  _parent: {'run_id': 4, 'caching': {'enabled': True, 'prefetch_factor': 2, 'train_cache_size': 1000, 'val_cache_size': 1000}, 'criterion': {'alpha': 0.25, 'weight_method': 'inverse_frequency', 'gamma': 2.0, 'type': 'cross_entropy', 'use_class_weights': True}, 'data': {'annotations_file_name': '/projects/retprogression/gradable_dr/clean_gradable_dr_4_', 'augmentation': {'enabled': False, 'type': 'none'}, 'batch_size': 10, 'class_labels': 'gradable_binary_DR', 'data_dir': '/projects/retprogression/', 'img_dir': 'complete_cropped_1024_centered_wt_10272025_allRight', 'num_workers': 7, 'resolution': 1024, 'shuffle': True, 'weighted_sampler': {'enabled': False, 'generator_seed': 42, 'target_minority_ratio': 0.2}}, 'distributed': {'backend': 'nccl', 'world_size': 1}, 'early_stopping': {'enabled': False, 'metric': 'f1_score', 'min_delta': 0.001, 'mode': 'max', 'patience': 8}, 'exp': {'checkpoint_dir': '/projects/retprogression/rgarridogarcia/checkpoints/cropped1024_cropped_centered_wt_allR_4', 'checkpoint_freq': 1, 'checkpoint_name': '', 'experiment_name': 'swinv2_res1024', 'master_port': 38597, 'num_epochs': 25}, 'experiment_res_1024': {'data': {'augmentation': {'enabled': False, 'type': 'none'}, 'batch_size': 10, 'resolution': 1024, 'img_dir': 'complete_cropped_1024_centered_wt_10272025_allRight'}, 'exp': {'checkpoint_dir': '/projects/retprogression/rgarridogarcia/checkpoints/cropped1024_cropped_centered_wt_allR_4', 'checkpoint_name': '', 'experiment_name': 'swinv2_res1024', 'num_epochs': 25}, 'lr_scheduler': {'type': 'cosine', 'warmup': {'enabled': True, 'min_lr': 1e-07, 'warmup_proportion': 0.15}}, 'model': {'img_size': 1024, 'name': 'swinv2_large_window12to16_192to256.ms_in22k_ft_in1k', 'pretrained': True, 'num_classes': 2}, 'optimization': {'amp_enabled': True, 'gradient_accumulation_steps': 16, 'gradient_clipping': 0.5}, 'optimizer': {'optimizer': None, 'name': 'adam', 'lr': 5e-06, 'weight_decay': 0.001, 'momentum': 0.9}}, 'experiment_res_1024_oversample_50': {'criterion': {'class_weights': [1.0, 1.0], 'type': 'cross_entropy', 'use_class_weights': True}, 'data': {'augmentation': {'strength': 'strong'}, 'batch_size': 4, 'resolution': 1024, 'weighted_sampler': {'enabled': True, 'generator_seed': 42, 'target_minority_ratio': 0.5}}, 'exp': {'checkpoint_dir': '/projects/retprogression/rgarridogarcia/checkpoints/relabled_clean_gradable_swinv2_resolution1024_oversample50_4', 'checkpoint_name': 'epoch_23.pth', 'experiment_name': 'swinv2_res1024', 'master_port': 23450, 'num_epochs': 25}, 'lr_scheduler': {'type': 'cosine', 'warmup': {'enabled': True, 'min_lr': 1e-07, 'warmup_proportion': 0.15}}, 'model': {'img_size': 1024, 'name': 'swinv2_large_window12to16_192to256.ms_in22k_ft_in1k'}, 'optimization': {'amp_enabled': True, 'gradient_accumulation_steps': 16, 'gradient_clipping': 0.5}, 'optimizer': {'lr': 5e-06}}, 'lr_scheduler': {'type': 'cosine', 'warmup': {'enabled': True, 'min_lr': 1e-07, 'warmup_proportion': 0.15}}, 'model': {'img_size': 1024, 'name': 'swinv2_large_window12to16_192to256.ms_in22k_ft_in1k', 'pretrained': True, 'num_classes': 2}, 'optimization': {'amp_enabled': True, 'gradient_accumulation_steps': 16, 'gradient_clipping': 0.5}, 'optimizer': {'optimizer': None, 'name': 'adam', 'lr': 5e-06, 'weight_decay': 0.001, 'momentum': 0.9}}
[2025-11-17 13:52:51][INFO] -  _flags_cache: None
[2025-11-17 13:52:51][INFO] -  _content: {'backend': 'nccl', 'world_size': 1}
[2025-11-17 13:52:51][INFO] -  early_stopping:
[2025-11-17 13:52:51][INFO] -  _metadata: ContainerMetadata(ref_type=typing.Any, object_type=<class 'dict'>, optional=True, key='early_stopping', flags={}, flags_root=False, resolver_cache=defaultdict(<class 'dict'>, {}), key_type=typing.Any, element_type=typing.Any)
[2025-11-17 13:52:51][INFO] -  _parent: {'run_id': 4, 'caching': {'enabled': True, 'prefetch_factor': 2, 'train_cache_size': 1000, 'val_cache_size': 1000}, 'criterion': {'alpha': 0.25, 'weight_method': 'inverse_frequency', 'gamma': 2.0, 'type': 'cross_entropy', 'use_class_weights': True}, 'data': {'annotations_file_name': '/projects/retprogression/gradable_dr/clean_gradable_dr_4_', 'augmentation': {'enabled': False, 'type': 'none'}, 'batch_size': 10, 'class_labels': 'gradable_binary_DR', 'data_dir': '/projects/retprogression/', 'img_dir': 'complete_cropped_1024_centered_wt_10272025_allRight', 'num_workers': 7, 'resolution': 1024, 'shuffle': True, 'weighted_sampler': {'enabled': False, 'generator_seed': 42, 'target_minority_ratio': 0.2}}, 'distributed': {'backend': 'nccl', 'world_size': 1}, 'early_stopping': {'enabled': False, 'metric': 'f1_score', 'min_delta': 0.001, 'mode': 'max', 'patience': 8}, 'exp': {'checkpoint_dir': '/projects/retprogression/rgarridogarcia/checkpoints/cropped1024_cropped_centered_wt_allR_4', 'checkpoint_freq': 1, 'checkpoint_name': '', 'experiment_name': 'swinv2_res1024', 'master_port': 38597, 'num_epochs': 25}, 'experiment_res_1024': {'data': {'augmentation': {'enabled': False, 'type': 'none'}, 'batch_size': 10, 'resolution': 1024, 'img_dir': 'complete_cropped_1024_centered_wt_10272025_allRight'}, 'exp': {'checkpoint_dir': '/projects/retprogression/rgarridogarcia/checkpoints/cropped1024_cropped_centered_wt_allR_4', 'checkpoint_name': '', 'experiment_name': 'swinv2_res1024', 'num_epochs': 25}, 'lr_scheduler': {'type': 'cosine', 'warmup': {'enabled': True, 'min_lr': 1e-07, 'warmup_proportion': 0.15}}, 'model': {'img_size': 1024, 'name': 'swinv2_large_window12to16_192to256.ms_in22k_ft_in1k', 'pretrained': True, 'num_classes': 2}, 'optimization': {'amp_enabled': True, 'gradient_accumulation_steps': 16, 'gradient_clipping': 0.5}, 'optimizer': {'optimizer': None, 'name': 'adam', 'lr': 5e-06, 'weight_decay': 0.001, 'momentum': 0.9}}, 'experiment_res_1024_oversample_50': {'criterion': {'class_weights': [1.0, 1.0], 'type': 'cross_entropy', 'use_class_weights': True}, 'data': {'augmentation': {'strength': 'strong'}, 'batch_size': 4, 'resolution': 1024, 'weighted_sampler': {'enabled': True, 'generator_seed': 42, 'target_minority_ratio': 0.5}}, 'exp': {'checkpoint_dir': '/projects/retprogression/rgarridogarcia/checkpoints/relabled_clean_gradable_swinv2_resolution1024_oversample50_4', 'checkpoint_name': 'epoch_23.pth', 'experiment_name': 'swinv2_res1024', 'master_port': 23450, 'num_epochs': 25}, 'lr_scheduler': {'type': 'cosine', 'warmup': {'enabled': True, 'min_lr': 1e-07, 'warmup_proportion': 0.15}}, 'model': {'img_size': 1024, 'name': 'swinv2_large_window12to16_192to256.ms_in22k_ft_in1k'}, 'optimization': {'amp_enabled': True, 'gradient_accumulation_steps': 16, 'gradient_clipping': 0.5}, 'optimizer': {'lr': 5e-06}}, 'lr_scheduler': {'type': 'cosine', 'warmup': {'enabled': True, 'min_lr': 1e-07, 'warmup_proportion': 0.15}}, 'model': {'img_size': 1024, 'name': 'swinv2_large_window12to16_192to256.ms_in22k_ft_in1k', 'pretrained': True, 'num_classes': 2}, 'optimization': {'amp_enabled': True, 'gradient_accumulation_steps': 16, 'gradient_clipping': 0.5}, 'optimizer': {'optimizer': None, 'name': 'adam', 'lr': 5e-06, 'weight_decay': 0.001, 'momentum': 0.9}}
[2025-11-17 13:52:51][INFO] -  _flags_cache: None
[2025-11-17 13:52:51][INFO] -  _content: {'enabled': False, 'metric': 'f1_score', 'min_delta': 0.001, 'mode': 'max', 'patience': 8}
[2025-11-17 13:52:51][INFO] -  criterion:
[2025-11-17 13:52:51][INFO] -  _metadata: ContainerMetadata(ref_type=typing.Any, object_type=<class 'dict'>, optional=True, key='criterion', flags={}, flags_root=False, resolver_cache=defaultdict(<class 'dict'>, {}), key_type=typing.Any, element_type=typing.Any)
[2025-11-17 13:52:51][INFO] -  _parent: {'run_id': 4, 'caching': {'enabled': True, 'prefetch_factor': 2, 'train_cache_size': 1000, 'val_cache_size': 1000}, 'criterion': {'alpha': 0.25, 'weight_method': 'inverse_frequency', 'gamma': 2.0, 'type': 'cross_entropy', 'use_class_weights': True}, 'data': {'annotations_file_name': '/projects/retprogression/gradable_dr/clean_gradable_dr_4_', 'augmentation': {'enabled': False, 'type': 'none'}, 'batch_size': 10, 'class_labels': 'gradable_binary_DR', 'data_dir': '/projects/retprogression/', 'img_dir': 'complete_cropped_1024_centered_wt_10272025_allRight', 'num_workers': 7, 'resolution': 1024, 'shuffle': True, 'weighted_sampler': {'enabled': False, 'generator_seed': 42, 'target_minority_ratio': 0.2}}, 'distributed': {'backend': 'nccl', 'world_size': 1}, 'early_stopping': {'enabled': False, 'metric': 'f1_score', 'min_delta': 0.001, 'mode': 'max', 'patience': 8}, 'exp': {'checkpoint_dir': '/projects/retprogression/rgarridogarcia/checkpoints/cropped1024_cropped_centered_wt_allR_4', 'checkpoint_freq': 1, 'checkpoint_name': '', 'experiment_name': 'swinv2_res1024', 'master_port': 38597, 'num_epochs': 25}, 'experiment_res_1024': {'data': {'augmentation': {'enabled': False, 'type': 'none'}, 'batch_size': 10, 'resolution': 1024, 'img_dir': 'complete_cropped_1024_centered_wt_10272025_allRight'}, 'exp': {'checkpoint_dir': '/projects/retprogression/rgarridogarcia/checkpoints/cropped1024_cropped_centered_wt_allR_4', 'checkpoint_name': '', 'experiment_name': 'swinv2_res1024', 'num_epochs': 25}, 'lr_scheduler': {'type': 'cosine', 'warmup': {'enabled': True, 'min_lr': 1e-07, 'warmup_proportion': 0.15}}, 'model': {'img_size': 1024, 'name': 'swinv2_large_window12to16_192to256.ms_in22k_ft_in1k', 'pretrained': True, 'num_classes': 2}, 'optimization': {'amp_enabled': True, 'gradient_accumulation_steps': 16, 'gradient_clipping': 0.5}, 'optimizer': {'optimizer': None, 'name': 'adam', 'lr': 5e-06, 'weight_decay': 0.001, 'momentum': 0.9}}, 'experiment_res_1024_oversample_50': {'criterion': {'class_weights': [1.0, 1.0], 'type': 'cross_entropy', 'use_class_weights': True}, 'data': {'augmentation': {'strength': 'strong'}, 'batch_size': 4, 'resolution': 1024, 'weighted_sampler': {'enabled': True, 'generator_seed': 42, 'target_minority_ratio': 0.5}}, 'exp': {'checkpoint_dir': '/projects/retprogression/rgarridogarcia/checkpoints/relabled_clean_gradable_swinv2_resolution1024_oversample50_4', 'checkpoint_name': 'epoch_23.pth', 'experiment_name': 'swinv2_res1024', 'master_port': 23450, 'num_epochs': 25}, 'lr_scheduler': {'type': 'cosine', 'warmup': {'enabled': True, 'min_lr': 1e-07, 'warmup_proportion': 0.15}}, 'model': {'img_size': 1024, 'name': 'swinv2_large_window12to16_192to256.ms_in22k_ft_in1k'}, 'optimization': {'amp_enabled': True, 'gradient_accumulation_steps': 16, 'gradient_clipping': 0.5}, 'optimizer': {'lr': 5e-06}}, 'lr_scheduler': {'type': 'cosine', 'warmup': {'enabled': True, 'min_lr': 1e-07, 'warmup_proportion': 0.15}}, 'model': {'img_size': 1024, 'name': 'swinv2_large_window12to16_192to256.ms_in22k_ft_in1k', 'pretrained': True, 'num_classes': 2}, 'optimization': {'amp_enabled': True, 'gradient_accumulation_steps': 16, 'gradient_clipping': 0.5}, 'optimizer': {'optimizer': None, 'name': 'adam', 'lr': 5e-06, 'weight_decay': 0.001, 'momentum': 0.9}}
[2025-11-17 13:52:51][INFO] -  _flags_cache: None
[2025-11-17 13:52:51][INFO] -  _content: {'alpha': 0.25, 'weight_method': 'inverse_frequency', 'gamma': 2.0, 'type': 'cross_entropy', 'use_class_weights': True}
[2025-11-17 13:52:51][INFO] - Number of available GPUs: 1
[2025-11-17 13:52:51][INFO] - Available GPUs:
[2025-11-17 13:52:52][INFO] -  GPU 0: NVIDIA H200
[2025-11-17 13:52:52][INFO] - Training with single GPU or CPU
[2025-11-17 13:52:52][INFO] - Initialized process group with world_size=1
[2025-11-17 13:52:52][INFO][Rank 0] - Running training on rank 0 with world size 1
[2025-11-17 13:52:52][INFO][Rank 0] - Training for 25 epochs
[2025-11-17 13:52:52][INFO][Rank 0] - Batch size: 10 (per GPU)
[2025-11-17 13:52:52][INFO][Rank 0] - Total effective batch size: 10
[2025-11-17 13:52:52][INFO][Rank 0] - Learning rate: 5e-06
[2025-11-17 13:52:52][INFO][Rank 0] - Experiment name: swinv2_res1024
[2025-11-17 13:52:52][INFO][Rank 0] - Data augmentation type: none
[2025-11-17 13:52:52][INFO][Rank 0] - Image resolution: 1024x1024
[2025-11-17 13:52:52][INFO][Rank 0] - Creating datasets...
[2025-11-17 13:52:52][INFO][Rank 0] - Using image directory: complete_cropped_1024_centered_wt_10272025_allRight
[2025-11-17 13:53:00][INFO][Rank 0] - JoslinData: Loaded 19369 samples from /projects/retprogression/complete_cropped_1024_centered_wt_10272025_allRight
[2025-11-17 13:53:00][INFO][Rank 0] - Class distribution: {1: '18867 (97.4%)', 0: '502 (2.6%)'}
[2025-11-17 13:53:01][INFO][Rank 0] - JoslinData: Loaded 4183 samples from /projects/retprogression/complete_cropped_1024_centered_wt_10272025_allRight
[2025-11-17 13:53:01][INFO][Rank 0] - Class distribution: {1: '4070 (97.3%)', 0: '113 (2.7%)'}
[2025-11-17 13:53:01][INFO][Rank 0] - CachedDataset initialized for rank 0 with cache_size=1000
[2025-11-17 13:53:01][INFO][Rank 0] - CachedDataset initialized for rank 0 with cache_size=1000
[2025-11-17 13:53:01][INFO][Rank 0] - Datasets created in 8.93s
[2025-11-17 13:53:01][INFO][Rank 0] - Train dataset size: 19369
[2025-11-17 13:53:01][INFO][Rank 0] - Validation dataset size: 4183
[2025-11-17 13:53:01][INFO][Rank 0] - Caching enabled - Train cache size: 1000, Val cache size: 1000
[2025-11-17 13:53:01][INFO][Rank 0] - Creating dataloaders...
[2025-11-17 13:53:01][INFO][Rank 0] - Dataloaders created in 0.00s
[2025-11-17 13:53:01][INFO][Rank 0] - Workers per GPU: 7
[2025-11-17 13:53:01][INFO][Rank 0] - Prefetch factor: 2
[2025-11-17 13:53:01][INFO][Rank 0] - Drop last batch: True
[2025-11-17 13:53:01][INFO][Rank 0] - Creating model: swinv2_large_window12to16_192to256.ms_in22k_ft_in1k...
[2025-11-17 13:53:03][INFO][Rank 0] - Loading pretrained weights from Hugging Face hub (timm/swinv2_large_window12to16_192to256.ms_in22k_ft_in1k)
[2025-11-17 13:53:03][INFO][Rank 0] - [timm/swinv2_large_window12to16_192to256.ms_in22k_ft_in1k] Safe alternative available for 'pytorch_model.bin' (as 'model.safetensors'). Loading weights using safetensors.
[2025-11-17 13:53:03][INFO][Rank 0] - Missing keys (head.fc.weight, head.fc.bias) discovered while loading pretrained weights. This is expected if model is being adapted.
[2025-11-17 13:53:03][INFO][Rank 0] - Created ViT model with image size: 1024x1024
[2025-11-17 13:53:03][INFO][Rank 0] - Model parameters: 195,206,006 total, 195,206,006 trainable
[2025-11-17 13:53:04][INFO][Rank 0] - Model created and initialized in 2.78s
[2025-11-17 13:53:04][INFO][Rank 0] - Class weights explicitly set to: True
[2025-11-17 13:53:04][INFO][Rank 0] - Auto-computing class weights using method: inverse_frequency
[2025-11-17 13:53:04][INFO][Rank 0] - Class distribution:
[2025-11-17 13:53:04][INFO][Rank 0] -   Class 0: 502 samples (2.6%)
[2025-11-17 13:53:04][INFO][Rank 0] -   Class 1: 18867 samples (97.4%)
[2025-11-17 13:53:04][INFO][Rank 0] - Computed class weights (method=inverse_frequency):
[2025-11-17 13:53:04][INFO][Rank 0] -   Class 0: weight = 1.00
[2025-11-17 13:53:04][INFO][Rank 0] -   Class 1: weight = 0.03
[2025-11-17 13:53:04][INFO][Rank 0] - Imbalance ratio: 37.6:1
[2025-11-17 13:53:04][INFO][Rank 0] - Using weighted Cross Entropy loss with class weights: tensor([1.0000, 0.0266], device='cuda:0')
[2025-11-17 13:53:04][INFO][Rank 0] - Learning rate warmup enabled: 290 steps from 1e-07 to 5e-06
/projects/retprogression/pytorch_cu121_env/lib/python3.12/site-packages/torch/optim/lr_scheduler.py:60: UserWarning: The verbose parameter is deprecated. Please use get_last_lr() to access the learning rate.
  warnings.warn(
[2025-11-17 13:53:04][INFO][Rank 0] - Checkpoint path: /projects/retprogression/rgarridogarcia/checkpoints/cropped1024_cropped_centered_wt_allR_4/
[2025-11-17 13:53:04][INFO][Rank 0] - ======= Starting Training =======
[2025-11-17 13:53:04][INFO][Rank 0] - Using gradient accumulation with 16 steps
[2025-11-17 13:53:04][INFO][Rank 0] - Automatic mixed precision (AMP) enabled
[2025-11-17 13:53:04][INFO][Rank 0] - Gradient clipping enabled with max norm 0.5
/home/r.garridogarcia/MIGHTE/retprogression/swinV2/RETProgression/src/utils.py:287: FutureWarning: `torch.cuda.amp.GradScaler(args...)` is deprecated. Please use `torch.amp.GradScaler('cuda', args...)` instead.
  scaler = torch.cuda.amp.GradScaler() if amp_enabled else None
[2025-11-17 13:53:04][INFO][Rank 0] - CUDA memory monitor initialized: {0: {'allocated': 1622.57568359375, 'reserved': 2196.0, 'active': 1622.57568359375}}
[2025-11-17 13:53:04][INFO][Rank 0] - ========== Starting Training ==========
[2025-11-17 13:53:04][INFO][Rank 0] - GPU 0: NVIDIA H200
[2025-11-17 13:53:04][INFO][Rank 0] - Epoch 0/24
[2025-11-17 13:53:04][INFO][Rank 0] - ----------
[2025-11-17 13:53:04][INFO][Rank 0] - CUDA Memory [train][Step 0]: Device 0: Allocated: 1622.6 MB, Reserved: 2196.0 MB (Δ: +0.0 MB)
[2025-11-17 13:53:04][INFO][Rank 0] - train phase: total 1936 batches
[2025-11-17 13:53:06][INFO][Rank 0] - train Epoch 0/24: 0.0% (0/1936)
[2025-11-17 13:53:06][INFO][Rank 0] - Input batch size: torch.Size([10, 3, 1024, 1024])
[2025-11-17 13:53:14][INFO][Rank 0] - train Epoch 0/24: 0.5% (10/1936)
[2025-11-17 13:53:21][INFO][Rank 0] - train Epoch 0/24: 1.0% (20/1936)
[2025-11-17 13:53:28][INFO][Rank 0] - train Epoch 0/24: 1.5% (30/1936)
[2025-11-17 13:53:35][INFO][Rank 0] - train Epoch 0/24: 2.1% (40/1936)
[2025-11-17 13:53:42][INFO][Rank 0] - train Epoch 0/24: 2.6% (50/1936)
[2025-11-17 13:53:49][INFO][Rank 0] - train Epoch 0/24: 3.1% (60/1936)
[2025-11-17 13:53:56][INFO][Rank 0] - train Epoch 0/24: 3.6% (70/1936)
[2025-11-17 13:54:03][INFO][Rank 0] - train Epoch 0/24: 4.1% (80/1936)
[2025-11-17 13:54:10][INFO][Rank 0] - train Epoch 0/24: 4.6% (90/1936)
[2025-11-17 13:54:11][INFO][Rank 0] - CUDA Memory [train][Step 90]: Device 0: Allocated: 3309.6 MB, Reserved: 117540.0 MB (Δ: +1687.0 MB)
[2025-11-17 13:54:17][INFO][Rank 0] - train Epoch 0/24: 5.2% (100/1936)
[2025-11-17 13:54:24][INFO][Rank 0] - train Epoch 0/24: 5.7% (110/1936)
[2025-11-17 13:54:31][INFO][Rank 0] - train Epoch 0/24: 6.2% (120/1936)
[2025-11-17 13:54:38][INFO][Rank 0] - train Epoch 0/24: 6.7% (130/1936)
[2025-11-17 13:54:45][INFO][Rank 0] - train Epoch 0/24: 7.2% (140/1936)
[2025-11-17 13:54:53][INFO][Rank 0] - train Epoch 0/24: 7.7% (150/1936)
[2025-11-17 13:55:00][INFO][Rank 0] - train Epoch 0/24: 8.3% (160/1936)
[2025-11-17 13:55:07][INFO][Rank 0] - train Epoch 0/24: 8.8% (170/1936)
[2025-11-17 13:55:14][INFO][Rank 0] - train Epoch 0/24: 9.3% (180/1936)
[2025-11-17 13:55:14][INFO][Rank 0] - CUDA Memory [train][Step 180]: Device 0: Allocated: 3309.6 MB, Reserved: 117540.0 MB (Δ: +1687.0 MB)
[2025-11-17 13:55:21][INFO][Rank 0] - train Epoch 0/24: 9.8% (190/1936)
[2025-11-17 13:55:28][INFO][Rank 0] - train Epoch 0/24: 10.3% (200/1936)
[2025-11-17 13:55:35][INFO][Rank 0] - train Epoch 0/24: 10.8% (210/1936)
[2025-11-17 13:55:42][INFO][Rank 0] - train Epoch 0/24: 11.4% (220/1936)
[2025-11-17 13:55:49][INFO][Rank 0] - train Epoch 0/24: 11.9% (230/1936)
[2025-11-17 13:55:56][INFO][Rank 0] - train Epoch 0/24: 12.4% (240/1936)
[2025-11-17 13:56:03][INFO][Rank 0] - train Epoch 0/24: 12.9% (250/1936)
[2025-11-17 13:56:10][INFO][Rank 0] - train Epoch 0/24: 13.4% (260/1936)
[2025-11-17 13:56:17][INFO][Rank 0] - train Epoch 0/24: 13.9% (270/1936)
[2025-11-17 13:56:18][INFO][Rank 0] - CUDA Memory [train][Step 270]: Device 0: Allocated: 3309.6 MB, Reserved: 117540.0 MB (Δ: +1687.0 MB)
[2025-11-17 13:56:24][INFO][Rank 0] - train Epoch 0/24: 14.5% (280/1936)
[2025-11-17 13:56:31][INFO][Rank 0] - train Epoch 0/24: 15.0% (290/1936)
[2025-11-17 13:56:38][INFO][Rank 0] - train Epoch 0/24: 15.5% (300/1936)
[2025-11-17 13:56:45][INFO][Rank 0] - train Epoch 0/24: 16.0% (310/1936)
[2025-11-17 13:56:52][INFO][Rank 0] - train Epoch 0/24: 16.5% (320/1936)
[2025-11-17 13:57:00][INFO][Rank 0] - train Epoch 0/24: 17.0% (330/1936)
[2025-11-17 13:57:07][INFO][Rank 0] - train Epoch 0/24: 17.6% (340/1936)
[2025-11-17 13:57:14][INFO][Rank 0] - train Epoch 0/24: 18.1% (350/1936)
[2025-11-17 13:57:21][INFO][Rank 0] - train Epoch 0/24: 18.6% (360/1936)
[2025-11-17 13:57:21][INFO][Rank 0] - CUDA Memory [train][Step 360]: Device 0: Allocated: 3309.6 MB, Reserved: 117540.0 MB (Δ: +1687.0 MB)
[2025-11-17 13:57:28][INFO][Rank 0] - train Epoch 0/24: 19.1% (370/1936)
[2025-11-17 13:57:35][INFO][Rank 0] - train Epoch 0/24: 19.6% (380/1936)
[2025-11-17 13:57:42][INFO][Rank 0] - train Epoch 0/24: 20.1% (390/1936)
[2025-11-17 13:57:49][INFO][Rank 0] - train Epoch 0/24: 20.7% (400/1936)
[2025-11-17 13:57:56][INFO][Rank 0] - train Epoch 0/24: 21.2% (410/1936)
[2025-11-17 13:58:03][INFO][Rank 0] - train Epoch 0/24: 21.7% (420/1936)
[2025-11-17 13:58:10][INFO][Rank 0] - train Epoch 0/24: 22.2% (430/1936)
[2025-11-17 13:58:17][INFO][Rank 0] - train Epoch 0/24: 22.7% (440/1936)
[2025-11-17 13:58:24][INFO][Rank 0] - train Epoch 0/24: 23.2% (450/1936)
[2025-11-17 13:58:25][INFO][Rank 0] - CUDA Memory [train][Step 450]: Device 0: Allocated: 3309.6 MB, Reserved: 117540.0 MB (Δ: +1687.0 MB)
[2025-11-17 13:58:31][INFO][Rank 0] - train Epoch 0/24: 23.8% (460/1936)
[2025-11-17 13:58:38][INFO][Rank 0] - train Epoch 0/24: 24.3% (470/1936)
[2025-11-17 13:58:45][INFO][Rank 0] - train Epoch 0/24: 24.8% (480/1936)
[2025-11-17 13:58:52][INFO][Rank 0] - train Epoch 0/24: 25.3% (490/1936)
[2025-11-17 13:58:59][INFO][Rank 0] - train Epoch 0/24: 25.8% (500/1936)
[2025-11-17 13:59:07][INFO][Rank 0] - train Epoch 0/24: 26.3% (510/1936)
[2025-11-17 13:59:14][INFO][Rank 0] - train Epoch 0/24: 26.9% (520/1936)
[2025-11-17 13:59:21][INFO][Rank 0] - train Epoch 0/24: 27.4% (530/1936)
[2025-11-17 13:59:28][INFO][Rank 0] - train Epoch 0/24: 27.9% (540/1936)
[2025-11-17 13:59:28][INFO][Rank 0] - CUDA Memory [train][Step 540]: Device 0: Allocated: 3309.6 MB, Reserved: 117540.0 MB (Δ: +1687.0 MB)
[2025-11-17 13:59:35][INFO][Rank 0] - train Epoch 0/24: 28.4% (550/1936)
[2025-11-17 13:59:42][INFO][Rank 0] - train Epoch 0/24: 28.9% (560/1936)
[2025-11-17 13:59:49][INFO][Rank 0] - train Epoch 0/24: 29.4% (570/1936)
[2025-11-17 13:59:56][INFO][Rank 0] - train Epoch 0/24: 30.0% (580/1936)
[2025-11-17 14:00:03][INFO][Rank 0] - train Epoch 0/24: 30.5% (590/1936)
[2025-11-17 14:00:10][INFO][Rank 0] - train Epoch 0/24: 31.0% (600/1936)
[2025-11-17 14:00:17][INFO][Rank 0] - train Epoch 0/24: 31.5% (610/1936)
[2025-11-17 14:00:24][INFO][Rank 0] - train Epoch 0/24: 32.0% (620/1936)
[2025-11-17 14:00:31][INFO][Rank 0] - train Epoch 0/24: 32.5% (630/1936)
[2025-11-17 14:00:32][INFO][Rank 0] - CUDA Memory [train][Step 630]: Device 0: Allocated: 3309.6 MB, Reserved: 117540.0 MB (Δ: +1687.0 MB)
[2025-11-17 14:00:38][INFO][Rank 0] - train Epoch 0/24: 33.1% (640/1936)
[2025-11-17 14:00:45][INFO][Rank 0] - train Epoch 0/24: 33.6% (650/1936)
[2025-11-17 14:00:52][INFO][Rank 0] - train Epoch 0/24: 34.1% (660/1936)
[2025-11-17 14:00:59][INFO][Rank 0] - train Epoch 0/24: 34.6% (670/1936)
[2025-11-17 14:01:06][INFO][Rank 0] - train Epoch 0/24: 35.1% (680/1936)
[2025-11-17 14:01:14][INFO][Rank 0] - train Epoch 0/24: 35.6% (690/1936)
[2025-11-17 14:01:21][INFO][Rank 0] - train Epoch 0/24: 36.2% (700/1936)
[2025-11-17 14:01:28][INFO][Rank 0] - train Epoch 0/24: 36.7% (710/1936)
[2025-11-17 14:01:35][INFO][Rank 0] - train Epoch 0/24: 37.2% (720/1936)
[2025-11-17 14:01:35][INFO][Rank 0] - CUDA Memory [train][Step 720]: Device 0: Allocated: 3309.6 MB, Reserved: 117540.0 MB (Δ: +1687.0 MB)
[2025-11-17 14:01:42][INFO][Rank 0] - train Epoch 0/24: 37.7% (730/1936)
[2025-11-17 14:01:49][INFO][Rank 0] - train Epoch 0/24: 38.2% (740/1936)
[2025-11-17 14:01:56][INFO][Rank 0] - train Epoch 0/24: 38.7% (750/1936)
[2025-11-17 14:02:03][INFO][Rank 0] - train Epoch 0/24: 39.3% (760/1936)
[2025-11-17 14:02:10][INFO][Rank 0] - train Epoch 0/24: 39.8% (770/1936)
[2025-11-17 14:02:17][INFO][Rank 0] - train Epoch 0/24: 40.3% (780/1936)
[2025-11-17 14:02:24][INFO][Rank 0] - train Epoch 0/24: 40.8% (790/1936)
[2025-11-17 14:02:31][INFO][Rank 0] - train Epoch 0/24: 41.3% (800/1936)
[2025-11-17 14:02:38][INFO][Rank 0] - train Epoch 0/24: 41.8% (810/1936)
[2025-11-17 14:02:39][INFO][Rank 0] - CUDA Memory [train][Step 810]: Device 0: Allocated: 3309.6 MB, Reserved: 117540.0 MB (Δ: +1687.0 MB)
[2025-11-17 14:02:45][INFO][Rank 0] - train Epoch 0/24: 42.4% (820/1936)
[2025-11-17 14:02:52][INFO][Rank 0] - train Epoch 0/24: 42.9% (830/1936)
[2025-11-17 14:02:59][INFO][Rank 0] - train Epoch 0/24: 43.4% (840/1936)
[2025-11-17 14:03:06][INFO][Rank 0] - train Epoch 0/24: 43.9% (850/1936)
[2025-11-17 14:03:13][INFO][Rank 0] - train Epoch 0/24: 44.4% (860/1936)
[2025-11-17 14:03:20][INFO][Rank 0] - train Epoch 0/24: 44.9% (870/1936)
[2025-11-17 14:03:28][INFO][Rank 0] - train Epoch 0/24: 45.5% (880/1936)
[2025-11-17 14:03:35][INFO][Rank 0] - train Epoch 0/24: 46.0% (890/1936)
[2025-11-17 14:03:42][INFO][Rank 0] - train Epoch 0/24: 46.5% (900/1936)
[2025-11-17 14:03:42][INFO][Rank 0] - CUDA Memory [train][Step 900]: Device 0: Allocated: 3309.6 MB, Reserved: 117540.0 MB (Δ: +1687.0 MB)
[2025-11-17 14:03:49][INFO][Rank 0] - train Epoch 0/24: 47.0% (910/1936)
[2025-11-17 14:03:56][INFO][Rank 0] - train Epoch 0/24: 47.5% (920/1936)
[2025-11-17 14:04:03][INFO][Rank 0] - train Epoch 0/24: 48.0% (930/1936)
[2025-11-17 14:04:10][INFO][Rank 0] - train Epoch 0/24: 48.6% (940/1936)
[2025-11-17 14:04:17][INFO][Rank 0] - train Epoch 0/24: 49.1% (950/1936)
[2025-11-17 14:04:24][INFO][Rank 0] - train Epoch 0/24: 49.6% (960/1936)
[2025-11-17 14:04:31][INFO][Rank 0] - train Epoch 0/24: 50.1% (970/1936)
[2025-11-17 14:04:38][INFO][Rank 0] - train Epoch 0/24: 50.6% (980/1936)
[2025-11-17 14:04:45][INFO][Rank 0] - train Epoch 0/24: 51.1% (990/1936)
[2025-11-17 14:04:46][INFO][Rank 0] - CUDA Memory [train][Step 990]: Device 0: Allocated: 3309.6 MB, Reserved: 117540.0 MB (Δ: +1687.0 MB)
[2025-11-17 14:04:52][INFO][Rank 0] - train Epoch 0/24: 51.7% (1000/1936)
[2025-11-17 14:04:59][INFO][Rank 0] - train Epoch 0/24: 52.2% (1010/1936)
[2025-11-17 14:05:06][INFO][Rank 0] - train Epoch 0/24: 52.7% (1020/1936)
[2025-11-17 14:05:13][INFO][Rank 0] - train Epoch 0/24: 53.2% (1030/1936)
[2025-11-17 14:05:20][INFO][Rank 0] - train Epoch 0/24: 53.7% (1040/1936)
[2025-11-17 14:05:27][INFO][Rank 0] - train Epoch 0/24: 54.2% (1050/1936)
[2025-11-17 14:05:35][INFO][Rank 0] - train Epoch 0/24: 54.8% (1060/1936)
[2025-11-17 14:05:42][INFO][Rank 0] - train Epoch 0/24: 55.3% (1070/1936)
[2025-11-17 14:05:49][INFO][Rank 0] - train Epoch 0/24: 55.8% (1080/1936)
[2025-11-17 14:05:49][INFO][Rank 0] - CUDA Memory [train][Step 1080]: Device 0: Allocated: 3309.6 MB, Reserved: 117540.0 MB (Δ: +1687.0 MB)
[2025-11-17 14:05:56][INFO][Rank 0] - train Epoch 0/24: 56.3% (1090/1936)
[2025-11-17 14:06:03][INFO][Rank 0] - train Epoch 0/24: 56.8% (1100/1936)
[2025-11-17 14:06:10][INFO][Rank 0] - train Epoch 0/24: 57.3% (1110/1936)
[2025-11-17 14:06:17][INFO][Rank 0] - train Epoch 0/24: 57.9% (1120/1936)
[2025-11-17 14:06:24][INFO][Rank 0] - train Epoch 0/24: 58.4% (1130/1936)
[2025-11-17 14:06:31][INFO][Rank 0] - train Epoch 0/24: 58.9% (1140/1936)
[2025-11-17 14:06:38][INFO][Rank 0] - train Epoch 0/24: 59.4% (1150/1936)
[2025-11-17 14:06:45][INFO][Rank 0] - train Epoch 0/24: 59.9% (1160/1936)
[2025-11-17 14:06:52][INFO][Rank 0] - train Epoch 0/24: 60.4% (1170/1936)
[2025-11-17 14:06:53][INFO][Rank 0] - CUDA Memory [train][Step 1170]: Device 0: Allocated: 3309.6 MB, Reserved: 117540.0 MB (Δ: +1687.0 MB)
[2025-11-17 14:06:59][INFO][Rank 0] - train Epoch 0/24: 61.0% (1180/1936)
[2025-11-17 14:07:06][INFO][Rank 0] - train Epoch 0/24: 61.5% (1190/1936)
[2025-11-17 14:07:13][INFO][Rank 0] - train Epoch 0/24: 62.0% (1200/1936)
[2025-11-17 14:07:20][INFO][Rank 0] - train Epoch 0/24: 62.5% (1210/1936)
[2025-11-17 14:07:27][INFO][Rank 0] - train Epoch 0/24: 63.0% (1220/1936)
[2025-11-17 14:07:34][INFO][Rank 0] - train Epoch 0/24: 63.5% (1230/1936)
[2025-11-17 14:07:42][INFO][Rank 0] - train Epoch 0/24: 64.0% (1240/1936)
[2025-11-17 14:07:49][INFO][Rank 0] - train Epoch 0/24: 64.6% (1250/1936)
[2025-11-17 14:07:56][INFO][Rank 0] - train Epoch 0/24: 65.1% (1260/1936)
[2025-11-17 14:07:56][INFO][Rank 0] - CUDA Memory [train][Step 1260]: Device 0: Allocated: 3309.6 MB, Reserved: 117540.0 MB (Δ: +1687.0 MB)
[2025-11-17 14:08:03][INFO][Rank 0] - train Epoch 0/24: 65.6% (1270/1936)
[2025-11-17 14:08:10][INFO][Rank 0] - train Epoch 0/24: 66.1% (1280/1936)
[2025-11-17 14:08:17][INFO][Rank 0] - train Epoch 0/24: 66.6% (1290/1936)
[2025-11-17 14:08:24][INFO][Rank 0] - train Epoch 0/24: 67.1% (1300/1936)
[2025-11-17 14:08:31][INFO][Rank 0] - train Epoch 0/24: 67.7% (1310/1936)
[2025-11-17 14:08:38][INFO][Rank 0] - train Epoch 0/24: 68.2% (1320/1936)
[2025-11-17 14:08:45][INFO][Rank 0] - train Epoch 0/24: 68.7% (1330/1936)
[2025-11-17 14:08:52][INFO][Rank 0] - train Epoch 0/24: 69.2% (1340/1936)
[2025-11-17 14:08:59][INFO][Rank 0] - train Epoch 0/24: 69.7% (1350/1936)
[2025-11-17 14:09:00][INFO][Rank 0] - CUDA Memory [train][Step 1350]: Device 0: Allocated: 3309.6 MB, Reserved: 117540.0 MB (Δ: +1687.0 MB)
[2025-11-17 14:09:06][INFO][Rank 0] - train Epoch 0/24: 70.2% (1360/1936)
[2025-11-17 14:09:13][INFO][Rank 0] - train Epoch 0/24: 70.8% (1370/1936)
[2025-11-17 14:09:20][INFO][Rank 0] - train Epoch 0/24: 71.3% (1380/1936)
[2025-11-17 14:09:27][INFO][Rank 0] - train Epoch 0/24: 71.8% (1390/1936)
[2025-11-17 14:09:34][INFO][Rank 0] - train Epoch 0/24: 72.3% (1400/1936)
[2025-11-17 14:09:41][INFO][Rank 0] - train Epoch 0/24: 72.8% (1410/1936)
[2025-11-17 14:09:48][INFO][Rank 0] - train Epoch 0/24: 73.3% (1420/1936)
[2025-11-17 14:09:56][INFO][Rank 0] - train Epoch 0/24: 73.9% (1430/1936)
[2025-11-17 14:10:03][INFO][Rank 0] - train Epoch 0/24: 74.4% (1440/1936)
[2025-11-17 14:10:03][INFO][Rank 0] - CUDA Memory [train][Step 1440]: Device 0: Allocated: 3309.6 MB, Reserved: 117540.0 MB (Δ: +1687.0 MB)
[2025-11-17 14:10:10][INFO][Rank 0] - train Epoch 0/24: 74.9% (1450/1936)
[2025-11-17 14:10:17][INFO][Rank 0] - train Epoch 0/24: 75.4% (1460/1936)
[2025-11-17 14:10:24][INFO][Rank 0] - train Epoch 0/24: 75.9% (1470/1936)
[2025-11-17 14:10:31][INFO][Rank 0] - train Epoch 0/24: 76.4% (1480/1936)
[2025-11-17 14:10:38][INFO][Rank 0] - train Epoch 0/24: 77.0% (1490/1936)
[2025-11-17 14:10:45][INFO][Rank 0] - train Epoch 0/24: 77.5% (1500/1936)
[2025-11-17 14:10:52][INFO][Rank 0] - train Epoch 0/24: 78.0% (1510/1936)
[2025-11-17 14:10:59][INFO][Rank 0] - train Epoch 0/24: 78.5% (1520/1936)
[2025-11-17 14:11:06][INFO][Rank 0] - train Epoch 0/24: 79.0% (1530/1936)
[2025-11-17 14:11:07][INFO][Rank 0] - CUDA Memory [train][Step 1530]: Device 0: Allocated: 3309.6 MB, Reserved: 117540.0 MB (Δ: +1687.0 MB)
[2025-11-17 14:11:13][INFO][Rank 0] - train Epoch 0/24: 79.5% (1540/1936)
[2025-11-17 14:11:20][INFO][Rank 0] - train Epoch 0/24: 80.1% (1550/1936)
[2025-11-17 14:11:27][INFO][Rank 0] - train Epoch 0/24: 80.6% (1560/1936)
[2025-11-17 14:11:34][INFO][Rank 0] - train Epoch 0/24: 81.1% (1570/1936)
[2025-11-17 14:11:41][INFO][Rank 0] - train Epoch 0/24: 81.6% (1580/1936)
[2025-11-17 14:11:48][INFO][Rank 0] - train Epoch 0/24: 82.1% (1590/1936)
[2025-11-17 14:11:55][INFO][Rank 0] - train Epoch 0/24: 82.6% (1600/1936)
[2025-11-17 14:12:03][INFO][Rank 0] - train Epoch 0/24: 83.2% (1610/1936)
[2025-11-17 14:12:10][INFO][Rank 0] - train Epoch 0/24: 83.7% (1620/1936)
[2025-11-17 14:12:10][INFO][Rank 0] - CUDA Memory [train][Step 1620]: Device 0: Allocated: 3309.6 MB, Reserved: 117540.0 MB (Δ: +1687.0 MB)
[2025-11-17 14:12:17][INFO][Rank 0] - train Epoch 0/24: 84.2% (1630/1936)
[2025-11-17 14:12:24][INFO][Rank 0] - train Epoch 0/24: 84.7% (1640/1936)
[2025-11-17 14:12:31][INFO][Rank 0] - train Epoch 0/24: 85.2% (1650/1936)
[2025-11-17 14:12:38][INFO][Rank 0] - train Epoch 0/24: 85.7% (1660/1936)
[2025-11-17 14:12:45][INFO][Rank 0] - train Epoch 0/24: 86.3% (1670/1936)
[2025-11-17 14:12:52][INFO][Rank 0] - train Epoch 0/24: 86.8% (1680/1936)
[2025-11-17 14:12:59][INFO][Rank 0] - train Epoch 0/24: 87.3% (1690/1936)
[2025-11-17 14:13:06][INFO][Rank 0] - train Epoch 0/24: 87.8% (1700/1936)
[2025-11-17 14:13:13][INFO][Rank 0] - train Epoch 0/24: 88.3% (1710/1936)
[2025-11-17 14:13:14][INFO][Rank 0] - CUDA Memory [train][Step 1710]: Device 0: Allocated: 3309.6 MB, Reserved: 117540.0 MB (Δ: +1687.0 MB)
[2025-11-17 14:13:20][INFO][Rank 0] - train Epoch 0/24: 88.8% (1720/1936)
[2025-11-17 14:13:27][INFO][Rank 0] - train Epoch 0/24: 89.4% (1730/1936)
[2025-11-17 14:13:34][INFO][Rank 0] - train Epoch 0/24: 89.9% (1740/1936)
[2025-11-17 14:13:41][INFO][Rank 0] - train Epoch 0/24: 90.4% (1750/1936)
[2025-11-17 14:13:48][INFO][Rank 0] - train Epoch 0/24: 90.9% (1760/1936)
[2025-11-17 14:13:55][INFO][Rank 0] - train Epoch 0/24: 91.4% (1770/1936)
[2025-11-17 14:14:02][INFO][Rank 0] - train Epoch 0/24: 91.9% (1780/1936)
[2025-11-17 14:14:09][INFO][Rank 0] - train Epoch 0/24: 92.5% (1790/1936)
[2025-11-17 14:14:17][INFO][Rank 0] - train Epoch 0/24: 93.0% (1800/1936)
[2025-11-17 14:14:17][INFO][Rank 0] - CUDA Memory [train][Step 1800]: Device 0: Allocated: 3309.6 MB, Reserved: 117540.0 MB (Δ: +1687.0 MB)
[2025-11-17 14:14:24][INFO][Rank 0] - train Epoch 0/24: 93.5% (1810/1936)
[2025-11-17 14:14:31][INFO][Rank 0] - train Epoch 0/24: 94.0% (1820/1936)
[2025-11-17 14:14:38][INFO][Rank 0] - train Epoch 0/24: 94.5% (1830/1936)
[2025-11-17 14:14:45][INFO][Rank 0] - train Epoch 0/24: 95.0% (1840/1936)
[2025-11-17 14:14:52][INFO][Rank 0] - train Epoch 0/24: 95.6% (1850/1936)
[2025-11-17 14:14:59][INFO][Rank 0] - train Epoch 0/24: 96.1% (1860/1936)
[2025-11-17 14:15:06][INFO][Rank 0] - train Epoch 0/24: 96.6% (1870/1936)
[2025-11-17 14:15:13][INFO][Rank 0] - train Epoch 0/24: 97.1% (1880/1936)
[2025-11-17 14:15:20][INFO][Rank 0] - train Epoch 0/24: 97.6% (1890/1936)
[2025-11-17 14:15:21][INFO][Rank 0] - CUDA Memory [train][Step 1890]: Device 0: Allocated: 3309.6 MB, Reserved: 117540.0 MB (Δ: +1687.0 MB)
[2025-11-17 14:15:27][INFO][Rank 0] - train Epoch 0/24: 98.1% (1900/1936)
[2025-11-17 14:15:34][INFO][Rank 0] - train Epoch 0/24: 98.7% (1910/1936)
[2025-11-17 14:15:41][INFO][Rank 0] - train Epoch 0/24: 99.2% (1920/1936)
[2025-11-17 14:15:48][INFO][Rank 0] - train Epoch 0/24: 99.7% (1930/1936)
[2025-11-17 14:15:52][INFO][Rank 0] - train Epoch 0/24: 99.9% (1935/1936)
[2025-11-17 14:15:52][INFO][Rank 0] - train Loss: 0.6174 Acc: 0.6511 F1: 0.7851
[2025-11-17 14:15:52][INFO][Rank 0] - train Balanced Acc: 0.5979 AUC-ROC: 0.6422
[2025-11-17 14:15:52][INFO][Rank 0] - train Sensitivity: 0.6540 Specificity: 0.5418
[2025-11-17 14:15:52][INFO][Rank 0] - train Confusion Matrix: TP=12334, FP=230, FN=6524, TN=272
[2025-11-17 14:15:52][INFO][Rank 0] - train completed in 1368.42s
[2025-11-17 14:15:52][INFO][Rank 0] - Data loading time: 2.34s, Forward time: 278.85s, Backward time: 740.73s
[2025-11-17 14:15:52][INFO][Rank 0] - train cache: 0/1 items, hit rate: 0.00%
[2025-11-17 14:15:52][INFO][Rank 0] - CUDA Memory [val][Step 0]: Device 0: Allocated: 3309.6 MB, Reserved: 117540.0 MB (Δ: +1687.0 MB)
[2025-11-17 14:15:52][INFO][Rank 0] - val phase: total 418 batches
[2025-11-17 14:15:53][INFO][Rank 0] - val Epoch 0/24: 0.0% (0/418)
[2025-11-17 14:15:59][INFO][Rank 0] - val Epoch 0/24: 2.4% (10/418)
[2025-11-17 14:16:04][INFO][Rank 0] - val Epoch 0/24: 4.8% (20/418)
[2025-11-17 14:16:09][INFO][Rank 0] - val Epoch 0/24: 7.2% (30/418)
[2025-11-17 14:16:13][INFO][Rank 0] - val Epoch 0/24: 9.6% (40/418)
[2025-11-17 14:16:18][INFO][Rank 0] - val Epoch 0/24: 12.0% (50/418)
[2025-11-17 14:16:23][INFO][Rank 0] - val Epoch 0/24: 14.4% (60/418)
[2025-11-17 14:16:28][INFO][Rank 0] - val Epoch 0/24: 16.7% (70/418)
[2025-11-17 14:16:33][INFO][Rank 0] - val Epoch 0/24: 19.1% (80/418)
[2025-11-17 14:16:38][INFO][Rank 0] - val Epoch 0/24: 21.5% (90/418)
[2025-11-17 14:16:43][INFO][Rank 0] - val Epoch 0/24: 23.9% (100/418)
[2025-11-17 14:16:48][INFO][Rank 0] - val Epoch 0/24: 26.3% (110/418)
[2025-11-17 14:16:53][INFO][Rank 0] - val Epoch 0/24: 28.7% (120/418)
[2025-11-17 14:16:54][INFO][Rank 0] - CUDA Memory [val][Step 120]: Device 0: Allocated: 3309.6 MB, Reserved: 117540.0 MB (Δ: +1687.0 MB)
[2025-11-17 14:16:58][INFO][Rank 0] - val Epoch 0/24: 31.1% (130/418)
[2025-11-17 14:17:03][INFO][Rank 0] - val Epoch 0/24: 33.5% (140/418)
[2025-11-17 14:17:08][INFO][Rank 0] - val Epoch 0/24: 35.9% (150/418)
[2025-11-17 14:17:13][INFO][Rank 0] - val Epoch 0/24: 38.3% (160/418)
[2025-11-17 14:17:18][INFO][Rank 0] - val Epoch 0/24: 40.7% (170/418)
[2025-11-17 14:17:23][INFO][Rank 0] - val Epoch 0/24: 43.1% (180/418)
[2025-11-17 14:17:28][INFO][Rank 0] - val Epoch 0/24: 45.5% (190/418)
[2025-11-17 14:17:33][INFO][Rank 0] - val Epoch 0/24: 47.8% (200/418)
[2025-11-17 14:17:38][INFO][Rank 0] - val Epoch 0/24: 50.2% (210/418)
[2025-11-17 14:17:43][INFO][Rank 0] - val Epoch 0/24: 52.6% (220/418)
[2025-11-17 14:17:48][INFO][Rank 0] - val Epoch 0/24: 55.0% (230/418)
[2025-11-17 14:17:53][INFO][Rank 0] - val Epoch 0/24: 57.4% (240/418)
[2025-11-17 14:17:58][INFO][Rank 0] - val Epoch 0/24: 59.8% (250/418)
[2025-11-17 14:18:03][INFO][Rank 0] - val Epoch 0/24: 62.2% (260/418)
[2025-11-17 14:18:08][INFO][Rank 0] - val Epoch 0/24: 64.6% (270/418)
[2025-11-17 14:18:08][INFO][Rank 0] - CUDA Memory [val][Step 270]: Device 0: Allocated: 3309.6 MB, Reserved: 117540.0 MB (Δ: +1687.0 MB)
[2025-11-17 14:18:12][INFO][Rank 0] - val Epoch 0/24: 67.0% (280/418)
[2025-11-17 14:18:17][INFO][Rank 0] - val Epoch 0/24: 69.4% (290/418)
[2025-11-17 14:18:22][INFO][Rank 0] - val Epoch 0/24: 71.8% (300/418)
[2025-11-17 14:18:27][INFO][Rank 0] - val Epoch 0/24: 74.2% (310/418)
[2025-11-17 14:18:32][INFO][Rank 0] - val Epoch 0/24: 76.6% (320/418)
[2025-11-17 14:18:37][INFO][Rank 0] - val Epoch 0/24: 78.9% (330/418)
[2025-11-17 14:18:42][INFO][Rank 0] - val Epoch 0/24: 81.3% (340/418)
[2025-11-17 14:18:47][INFO][Rank 0] - val Epoch 0/24: 83.7% (350/418)
[2025-11-17 14:18:52][INFO][Rank 0] - val Epoch 0/24: 86.1% (360/418)
[2025-11-17 14:18:57][INFO][Rank 0] - val Epoch 0/24: 88.5% (370/418)
[2025-11-17 14:19:02][INFO][Rank 0] - val Epoch 0/24: 90.9% (380/418)
[2025-11-17 14:19:07][INFO][Rank 0] - val Epoch 0/24: 93.3% (390/418)
[2025-11-17 14:19:12][INFO][Rank 0] - val Epoch 0/24: 95.7% (400/418)
[2025-11-17 14:19:17][INFO][Rank 0] - val Epoch 0/24: 98.1% (410/418)
[2025-11-17 14:19:20][INFO][Rank 0] - val Epoch 0/24: 99.8% (417/418)
[2025-11-17 14:19:21][INFO][Rank 0] - val Loss: 0.3428 Acc: 0.9778 F1: 0.9887
[2025-11-17 14:19:21][INFO][Rank 0] - val Balanced Acc: 0.6014 AUC-ROC: 0.8928
[2025-11-17 14:19:21][INFO][Rank 0] - val Sensitivity: 0.9993 Specificity: 0.2035
[2025-11-17 14:19:21][INFO][Rank 0] - val Confusion Matrix: TP=4064, FP=90, FN=3, TN=23
[2025-11-17 14:19:21][INFO][Rank 0] - val completed in 208.46s
[2025-11-17 14:19:21][INFO][Rank 0] - val cache: 0/1 items, hit rate: 0.00%
[2025-11-17 14:19:25][INFO][Rank 0] - Saved new best accuracy model with accuracy: 0.9778 at /projects/retprogression/rgarridogarcia/checkpoints/cropped1024_cropped_centered_wt_allR_4/best_acc_model.pth
[2025-11-17 14:19:29][INFO][Rank 0] - Saved new best f1 model with f1: 0.9887 at /projects/retprogression/rgarridogarcia/checkpoints/cropped1024_cropped_centered_wt_allR_4/best_f1_model.pth
[2025-11-17 14:19:33][INFO][Rank 0] - Saved new best balanced_acc model with balanced_acc: 0.6014 at /projects/retprogression/rgarridogarcia/checkpoints/cropped1024_cropped_centered_wt_allR_4/best_balanced_acc_model.pth
[2025-11-17 14:19:37][INFO][Rank 0] - Also saved as general best model at /projects/retprogression/rgarridogarcia/checkpoints/cropped1024_cropped_centered_wt_allR_4/best_model.pth
[2025-11-17 14:19:41][INFO][Rank 0] - Saved new best auc model with auc: 0.8928 at /projects/retprogression/rgarridogarcia/checkpoints/cropped1024_cropped_centered_wt_allR_4/best_auc_model.pth
[2025-11-17 14:19:46][INFO][Rank 0] - Saved epoch checkpoint at /projects/retprogression/rgarridogarcia/checkpoints/cropped1024_cropped_centered_wt_allR_4/epoch_0.pth
[2025-11-17 14:19:46][INFO][Rank 0] - Epoch 0 summary:
[2025-11-17 14:19:46][INFO][Rank 0] -  Train Loss: 0.6174, Train Acc: 0.6511, Train F1: 0.7851
[2025-11-17 14:19:46][INFO][Rank 0] -  Train Balanced Acc: 0.5979, Train AUC: 0.6422
[2025-11-17 14:19:46][INFO][Rank 0] -  Train Sensitivity: 0.6540, Train Specificity: 0.5418
[2025-11-17 14:19:46][INFO][Rank 0] -  Val Loss: 0.3428, Val Acc: 0.9778, Val F1: 0.9887
[2025-11-17 14:19:46][INFO][Rank 0] -  Val Balanced Acc: 0.6014, Val AUC: 0.8928
[2025-11-17 14:19:46][INFO][Rank 0] -  Val Sensitivity: 0.9993, Val Specificity: 0.2035
[2025-11-17 14:19:46][INFO][Rank 0] -  Total Epoch Time: 1601.59s
[2025-11-17 14:19:46][INFO][Rank 0] - Epoch 1/24
[2025-11-17 14:19:46][INFO][Rank 0] - ----------
[2025-11-17 14:19:46][INFO][Rank 0] - CUDA Memory [train][Step 0]: Device 0: Allocated: 3309.6 MB, Reserved: 117540.0 MB (Δ: +1687.0 MB)
[2025-11-17 14:19:46][INFO][Rank 0] - train phase: total 1936 batches
[2025-11-17 14:19:46][INFO][Rank 0] - train Epoch 1/24: 0.0% (0/1936)
[2025-11-17 14:19:53][INFO][Rank 0] - train Epoch 1/24: 0.5% (10/1936)
[2025-11-17 14:20:00][INFO][Rank 0] - train Epoch 1/24: 1.0% (20/1936)
[2025-11-17 14:20:07][INFO][Rank 0] - train Epoch 1/24: 1.5% (30/1936)
[2025-11-17 14:20:15][INFO][Rank 0] - train Epoch 1/24: 2.1% (40/1936)
[2025-11-17 14:20:22][INFO][Rank 0] - train Epoch 1/24: 2.6% (50/1936)
[2025-11-17 14:20:29][INFO][Rank 0] - train Epoch 1/24: 3.1% (60/1936)
[2025-11-17 14:20:36][INFO][Rank 0] - train Epoch 1/24: 3.6% (70/1936)
[2025-11-17 14:20:43][INFO][Rank 0] - train Epoch 1/24: 4.1% (80/1936)
[2025-11-17 14:20:50][INFO][Rank 0] - train Epoch 1/24: 4.6% (90/1936)
[2025-11-17 14:20:51][INFO][Rank 0] - CUDA Memory [train][Step 90]: Device 0: Allocated: 3309.6 MB, Reserved: 117540.0 MB (Δ: +1687.0 MB)
[2025-11-17 14:20:57][INFO][Rank 0] - train Epoch 1/24: 5.2% (100/1936)
[2025-11-17 14:21:04][INFO][Rank 0] - train Epoch 1/24: 5.7% (110/1936)
[2025-11-17 14:21:11][INFO][Rank 0] - train Epoch 1/24: 6.2% (120/1936)
[2025-11-17 14:21:18][INFO][Rank 0] - train Epoch 1/24: 6.7% (130/1936)
[2025-11-17 14:21:25][INFO][Rank 0] - train Epoch 1/24: 7.2% (140/1936)
[2025-11-17 14:21:32][INFO][Rank 0] - train Epoch 1/24: 7.7% (150/1936)
[2025-11-17 14:21:39][INFO][Rank 0] - train Epoch 1/24: 8.3% (160/1936)
[2025-11-17 14:21:46][INFO][Rank 0] - train Epoch 1/24: 8.8% (170/1936)
[2025-11-17 14:21:53][INFO][Rank 0] - train Epoch 1/24: 9.3% (180/1936)
[2025-11-17 14:21:54][INFO][Rank 0] - CUDA Memory [train][Step 180]: Device 0: Allocated: 3309.6 MB, Reserved: 117540.0 MB (Δ: +1687.0 MB)
[2025-11-17 14:22:00][INFO][Rank 0] - train Epoch 1/24: 9.8% (190/1936)
[2025-11-17 14:22:07][INFO][Rank 0] - train Epoch 1/24: 10.3% (200/1936)
[2025-11-17 14:22:14][INFO][Rank 0] - train Epoch 1/24: 10.8% (210/1936)
[2025-11-17 14:22:22][INFO][Rank 0] - train Epoch 1/24: 11.4% (220/1936)
[2025-11-17 14:22:29][INFO][Rank 0] - train Epoch 1/24: 11.9% (230/1936)
[2025-11-17 14:22:36][INFO][Rank 0] - train Epoch 1/24: 12.4% (240/1936)
[2025-11-17 14:22:43][INFO][Rank 0] - train Epoch 1/24: 12.9% (250/1936)
[2025-11-17 14:22:50][INFO][Rank 0] - train Epoch 1/24: 13.4% (260/1936)
[2025-11-17 14:22:57][INFO][Rank 0] - train Epoch 1/24: 13.9% (270/1936)
[2025-11-17 14:22:57][INFO][Rank 0] - CUDA Memory [train][Step 270]: Device 0: Allocated: 3309.6 MB, Reserved: 117540.0 MB (Δ: +1687.0 MB)
[2025-11-17 14:23:04][INFO][Rank 0] - train Epoch 1/24: 14.5% (280/1936)
[2025-11-17 14:23:11][INFO][Rank 0] - train Epoch 1/24: 15.0% (290/1936)
[2025-11-17 14:23:18][INFO][Rank 0] - train Epoch 1/24: 15.5% (300/1936)
[2025-11-17 14:23:25][INFO][Rank 0] - train Epoch 1/24: 16.0% (310/1936)
[2025-11-17 14:23:32][INFO][Rank 0] - train Epoch 1/24: 16.5% (320/1936)
[2025-11-17 14:23:39][INFO][Rank 0] - train Epoch 1/24: 17.0% (330/1936)
[2025-11-17 14:23:46][INFO][Rank 0] - train Epoch 1/24: 17.6% (340/1936)
[2025-11-17 14:23:53][INFO][Rank 0] - train Epoch 1/24: 18.1% (350/1936)
[2025-11-17 14:24:00][INFO][Rank 0] - train Epoch 1/24: 18.6% (360/1936)
[2025-11-17 14:24:01][INFO][Rank 0] - CUDA Memory [train][Step 360]: Device 0: Allocated: 3309.6 MB, Reserved: 117540.0 MB (Δ: +1687.0 MB)
[2025-11-17 14:24:07][INFO][Rank 0] - train Epoch 1/24: 19.1% (370/1936)
[2025-11-17 14:24:14][INFO][Rank 0] - train Epoch 1/24: 19.6% (380/1936)
[2025-11-17 14:24:21][INFO][Rank 0] - train Epoch 1/24: 20.1% (390/1936)
[2025-11-17 14:24:29][INFO][Rank 0] - train Epoch 1/24: 20.7% (400/1936)
[2025-11-17 14:24:36][INFO][Rank 0] - train Epoch 1/24: 21.2% (410/1936)
[2025-11-17 14:24:43][INFO][Rank 0] - train Epoch 1/24: 21.7% (420/1936)
[2025-11-17 14:24:50][INFO][Rank 0] - train Epoch 1/24: 22.2% (430/1936)
[2025-11-17 14:24:57][INFO][Rank 0] - train Epoch 1/24: 22.7% (440/1936)
[2025-11-17 14:25:04][INFO][Rank 0] - train Epoch 1/24: 23.2% (450/1936)
[2025-11-17 14:25:04][INFO][Rank 0] - CUDA Memory [train][Step 450]: Device 0: Allocated: 3309.6 MB, Reserved: 117540.0 MB (Δ: +1687.0 MB)
[2025-11-17 14:25:11][INFO][Rank 0] - train Epoch 1/24: 23.8% (460/1936)
[2025-11-17 14:25:18][INFO][Rank 0] - train Epoch 1/24: 24.3% (470/1936)
[2025-11-17 14:25:25][INFO][Rank 0] - train Epoch 1/24: 24.8% (480/1936)
[2025-11-17 14:25:32][INFO][Rank 0] - train Epoch 1/24: 25.3% (490/1936)
[2025-11-17 14:25:39][INFO][Rank 0] - train Epoch 1/24: 25.8% (500/1936)
[2025-11-17 14:25:46][INFO][Rank 0] - train Epoch 1/24: 26.3% (510/1936)
[2025-11-17 14:25:53][INFO][Rank 0] - train Epoch 1/24: 26.9% (520/1936)
[2025-11-17 14:26:00][INFO][Rank 0] - train Epoch 1/24: 27.4% (530/1936)
[2025-11-17 14:26:07][INFO][Rank 0] - train Epoch 1/24: 27.9% (540/1936)
[2025-11-17 14:26:08][INFO][Rank 0] - CUDA Memory [train][Step 540]: Device 0: Allocated: 3309.6 MB, Reserved: 117540.0 MB (Δ: +1687.0 MB)
[2025-11-17 14:26:14][INFO][Rank 0] - train Epoch 1/24: 28.4% (550/1936)
[2025-11-17 14:26:21][INFO][Rank 0] - train Epoch 1/24: 28.9% (560/1936)
[2025-11-17 14:26:28][INFO][Rank 0] - train Epoch 1/24: 29.4% (570/1936)
[2025-11-17 14:26:36][INFO][Rank 0] - train Epoch 1/24: 30.0% (580/1936)
[2025-11-17 14:26:43][INFO][Rank 0] - train Epoch 1/24: 30.5% (590/1936)
[2025-11-17 14:26:50][INFO][Rank 0] - train Epoch 1/24: 31.0% (600/1936)
[2025-11-17 14:26:57][INFO][Rank 0] - train Epoch 1/24: 31.5% (610/1936)
[2025-11-17 14:27:04][INFO][Rank 0] - train Epoch 1/24: 32.0% (620/1936)
[2025-11-17 14:27:11][INFO][Rank 0] - train Epoch 1/24: 32.5% (630/1936)
[2025-11-17 14:27:11][INFO][Rank 0] - CUDA Memory [train][Step 630]: Device 0: Allocated: 3309.6 MB, Reserved: 117540.0 MB (Δ: +1687.0 MB)
[2025-11-17 14:27:18][INFO][Rank 0] - train Epoch 1/24: 33.1% (640/1936)
[2025-11-17 14:27:25][INFO][Rank 0] - train Epoch 1/24: 33.6% (650/1936)
[2025-11-17 14:27:32][INFO][Rank 0] - train Epoch 1/24: 34.1% (660/1936)
[2025-11-17 14:27:39][INFO][Rank 0] - train Epoch 1/24: 34.6% (670/1936)
[2025-11-17 14:27:46][INFO][Rank 0] - train Epoch 1/24: 35.1% (680/1936)
[2025-11-17 14:27:53][INFO][Rank 0] - train Epoch 1/24: 35.6% (690/1936)
[2025-11-17 14:28:00][INFO][Rank 0] - train Epoch 1/24: 36.2% (700/1936)
[2025-11-17 14:28:07][INFO][Rank 0] - train Epoch 1/24: 36.7% (710/1936)
[2025-11-17 14:28:14][INFO][Rank 0] - train Epoch 1/24: 37.2% (720/1936)
[2025-11-17 14:28:15][INFO][Rank 0] - CUDA Memory [train][Step 720]: Device 0: Allocated: 3309.6 MB, Reserved: 117540.0 MB (Δ: +1687.0 MB)
[2025-11-17 14:28:21][INFO][Rank 0] - train Epoch 1/24: 37.7% (730/1936)
[2025-11-17 14:28:28][INFO][Rank 0] - train Epoch 1/24: 38.2% (740/1936)
[2025-11-17 14:28:35][INFO][Rank 0] - train Epoch 1/24: 38.7% (750/1936)
[2025-11-17 14:28:43][INFO][Rank 0] - train Epoch 1/24: 39.3% (760/1936)
[2025-11-17 14:28:50][INFO][Rank 0] - train Epoch 1/24: 39.8% (770/1936)
[2025-11-17 14:28:57][INFO][Rank 0] - train Epoch 1/24: 40.3% (780/1936)
[2025-11-17 14:29:04][INFO][Rank 0] - train Epoch 1/24: 40.8% (790/1936)
[2025-11-17 14:29:11][INFO][Rank 0] - train Epoch 1/24: 41.3% (800/1936)
[2025-11-17 14:29:18][INFO][Rank 0] - train Epoch 1/24: 41.8% (810/1936)
[2025-11-17 14:29:19][INFO][Rank 0] - CUDA Memory [train][Step 810]: Device 0: Allocated: 3309.6 MB, Reserved: 117540.0 MB (Δ: +1687.0 MB)
[2025-11-17 14:29:25][INFO][Rank 0] - train Epoch 1/24: 42.4% (820/1936)
[2025-11-17 14:29:32][INFO][Rank 0] - train Epoch 1/24: 42.9% (830/1936)
[2025-11-17 14:29:39][INFO][Rank 0] - train Epoch 1/24: 43.4% (840/1936)
[2025-11-17 14:29:46][INFO][Rank 0] - train Epoch 1/24: 43.9% (850/1936)
[2025-11-17 14:29:53][INFO][Rank 0] - train Epoch 1/24: 44.4% (860/1936)
[2025-11-17 14:30:00][INFO][Rank 0] - train Epoch 1/24: 44.9% (870/1936)
[2025-11-17 14:30:07][INFO][Rank 0] - train Epoch 1/24: 45.5% (880/1936)
[2025-11-17 14:30:14][INFO][Rank 0] - train Epoch 1/24: 46.0% (890/1936)
[2025-11-17 14:30:21][INFO][Rank 0] - train Epoch 1/24: 46.5% (900/1936)
[2025-11-17 14:30:22][INFO][Rank 0] - CUDA Memory [train][Step 900]: Device 0: Allocated: 3309.6 MB, Reserved: 117540.0 MB (Δ: +1687.0 MB)
[2025-11-17 14:30:28][INFO][Rank 0] - train Epoch 1/24: 47.0% (910/1936)
[2025-11-17 14:30:35][INFO][Rank 0] - train Epoch 1/24: 47.5% (920/1936)
[2025-11-17 14:30:43][INFO][Rank 0] - train Epoch 1/24: 48.0% (930/1936)
[2025-11-17 14:30:50][INFO][Rank 0] - train Epoch 1/24: 48.6% (940/1936)
[2025-11-17 14:30:57][INFO][Rank 0] - train Epoch 1/24: 49.1% (950/1936)
[2025-11-17 14:31:04][INFO][Rank 0] - train Epoch 1/24: 49.6% (960/1936)
[2025-11-17 14:31:11][INFO][Rank 0] - train Epoch 1/24: 50.1% (970/1936)
[2025-11-17 14:31:18][INFO][Rank 0] - train Epoch 1/24: 50.6% (980/1936)
[2025-11-17 14:31:25][INFO][Rank 0] - train Epoch 1/24: 51.1% (990/1936)
[2025-11-17 14:31:26][INFO][Rank 0] - CUDA Memory [train][Step 990]: Device 0: Allocated: 3309.6 MB, Reserved: 117540.0 MB (Δ: +1687.0 MB)
[2025-11-17 14:31:32][INFO][Rank 0] - train Epoch 1/24: 51.7% (1000/1936)
[2025-11-17 14:31:39][INFO][Rank 0] - train Epoch 1/24: 52.2% (1010/1936)
[2025-11-17 14:31:46][INFO][Rank 0] - train Epoch 1/24: 52.7% (1020/1936)
[2025-11-17 14:31:53][INFO][Rank 0] - train Epoch 1/24: 53.2% (1030/1936)
[2025-11-17 14:32:00][INFO][Rank 0] - train Epoch 1/24: 53.7% (1040/1936)
[2025-11-17 14:32:07][INFO][Rank 0] - train Epoch 1/24: 54.2% (1050/1936)
[2025-11-17 14:32:14][INFO][Rank 0] - train Epoch 1/24: 54.8% (1060/1936)
[2025-11-17 14:32:21][INFO][Rank 0] - train Epoch 1/24: 55.3% (1070/1936)
[2025-11-17 14:32:28][INFO][Rank 0] - train Epoch 1/24: 55.8% (1080/1936)
[2025-11-17 14:32:29][INFO][Rank 0] - CUDA Memory [train][Step 1080]: Device 0: Allocated: 3309.6 MB, Reserved: 117540.0 MB (Δ: +1687.0 MB)
[2025-11-17 14:32:36][INFO][Rank 0] - train Epoch 1/24: 56.3% (1090/1936)
[2025-11-17 14:32:43][INFO][Rank 0] - train Epoch 1/24: 56.8% (1100/1936)
[2025-11-17 14:32:50][INFO][Rank 0] - train Epoch 1/24: 57.3% (1110/1936)
[2025-11-17 14:32:57][INFO][Rank 0] - train Epoch 1/24: 57.9% (1120/1936)
[2025-11-17 14:33:04][INFO][Rank 0] - train Epoch 1/24: 58.4% (1130/1936)
[2025-11-17 14:33:11][INFO][Rank 0] - train Epoch 1/24: 58.9% (1140/1936)
[2025-11-17 14:33:18][INFO][Rank 0] - train Epoch 1/24: 59.4% (1150/1936)
[2025-11-17 14:33:25][INFO][Rank 0] - train Epoch 1/24: 59.9% (1160/1936)
[2025-11-17 14:33:32][INFO][Rank 0] - train Epoch 1/24: 60.4% (1170/1936)
[2025-11-17 14:33:33][INFO][Rank 0] - CUDA Memory [train][Step 1170]: Device 0: Allocated: 3309.6 MB, Reserved: 117540.0 MB (Δ: +1687.0 MB)
[2025-11-17 14:33:39][INFO][Rank 0] - train Epoch 1/24: 61.0% (1180/1936)
[2025-11-17 14:33:46][INFO][Rank 0] - train Epoch 1/24: 61.5% (1190/1936)
[2025-11-17 14:33:53][INFO][Rank 0] - train Epoch 1/24: 62.0% (1200/1936)
[2025-11-17 14:34:00][INFO][Rank 0] - train Epoch 1/24: 62.5% (1210/1936)
[2025-11-17 14:34:07][INFO][Rank 0] - train Epoch 1/24: 63.0% (1220/1936)
[2025-11-17 14:34:14][INFO][Rank 0] - train Epoch 1/24: 63.5% (1230/1936)
[2025-11-17 14:34:21][INFO][Rank 0] - train Epoch 1/24: 64.0% (1240/1936)
[2025-11-17 14:34:28][INFO][Rank 0] - train Epoch 1/24: 64.6% (1250/1936)
[2025-11-17 14:34:36][INFO][Rank 0] - train Epoch 1/24: 65.1% (1260/1936)
[2025-11-17 14:34:36][INFO][Rank 0] - CUDA Memory [train][Step 1260]: Device 0: Allocated: 3309.6 MB, Reserved: 117540.0 MB (Δ: +1687.0 MB)
[2025-11-17 14:34:43][INFO][Rank 0] - train Epoch 1/24: 65.6% (1270/1936)
[2025-11-17 14:34:50][INFO][Rank 0] - train Epoch 1/24: 66.1% (1280/1936)
[2025-11-17 14:34:57][INFO][Rank 0] - train Epoch 1/24: 66.6% (1290/1936)
[2025-11-17 14:35:04][INFO][Rank 0] - train Epoch 1/24: 67.1% (1300/1936)
[2025-11-17 14:35:11][INFO][Rank 0] - train Epoch 1/24: 67.7% (1310/1936)
[2025-11-17 14:35:18][INFO][Rank 0] - train Epoch 1/24: 68.2% (1320/1936)
[2025-11-17 14:35:25][INFO][Rank 0] - train Epoch 1/24: 68.7% (1330/1936)
[2025-11-17 14:35:32][INFO][Rank 0] - train Epoch 1/24: 69.2% (1340/1936)
[2025-11-17 14:35:39][INFO][Rank 0] - train Epoch 1/24: 69.7% (1350/1936)
[2025-11-17 14:35:40][INFO][Rank 0] - CUDA Memory [train][Step 1350]: Device 0: Allocated: 3309.6 MB, Reserved: 117540.0 MB (Δ: +1687.0 MB)
[2025-11-17 14:35:46][INFO][Rank 0] - train Epoch 1/24: 70.2% (1360/1936)
[2025-11-17 14:35:53][INFO][Rank 0] - train Epoch 1/24: 70.8% (1370/1936)
[2025-11-17 14:36:00][INFO][Rank 0] - train Epoch 1/24: 71.3% (1380/1936)
[2025-11-17 14:36:07][INFO][Rank 0] - train Epoch 1/24: 71.8% (1390/1936)
[2025-11-17 14:36:14][INFO][Rank 0] - train Epoch 1/24: 72.3% (1400/1936)
[2025-11-17 14:36:21][INFO][Rank 0] - train Epoch 1/24: 72.8% (1410/1936)
[2025-11-17 14:36:28][INFO][Rank 0] - train Epoch 1/24: 73.3% (1420/1936)
[2025-11-17 14:36:36][INFO][Rank 0] - train Epoch 1/24: 73.9% (1430/1936)
[2025-11-17 14:36:43][INFO][Rank 0] - train Epoch 1/24: 74.4% (1440/1936)
[2025-11-17 14:36:43][INFO][Rank 0] - CUDA Memory [train][Step 1440]: Device 0: Allocated: 3309.6 MB, Reserved: 117540.0 MB (Δ: +1687.0 MB)
[2025-11-17 14:36:50][INFO][Rank 0] - train Epoch 1/24: 74.9% (1450/1936)
[2025-11-17 14:36:57][INFO][Rank 0] - train Epoch 1/24: 75.4% (1460/1936)
[2025-11-17 14:37:04][INFO][Rank 0] - train Epoch 1/24: 75.9% (1470/1936)
[2025-11-17 14:37:11][INFO][Rank 0] - train Epoch 1/24: 76.4% (1480/1936)
[2025-11-17 14:37:18][INFO][Rank 0] - train Epoch 1/24: 77.0% (1490/1936)
[2025-11-17 14:37:25][INFO][Rank 0] - train Epoch 1/24: 77.5% (1500/1936)
[2025-11-17 14:37:32][INFO][Rank 0] - train Epoch 1/24: 78.0% (1510/1936)
[2025-11-17 14:37:39][INFO][Rank 0] - train Epoch 1/24: 78.5% (1520/1936)
[2025-11-17 14:37:46][INFO][Rank 0] - train Epoch 1/24: 79.0% (1530/1936)
[2025-11-17 14:37:47][INFO][Rank 0] - CUDA Memory [train][Step 1530]: Device 0: Allocated: 3309.6 MB, Reserved: 117540.0 MB (Δ: +1687.0 MB)
[2025-11-17 14:37:53][INFO][Rank 0] - train Epoch 1/24: 79.5% (1540/1936)
[2025-11-17 14:38:00][INFO][Rank 0] - train Epoch 1/24: 80.1% (1550/1936)
[2025-11-17 14:38:07][INFO][Rank 0] - train Epoch 1/24: 80.6% (1560/1936)
[2025-11-17 14:38:14][INFO][Rank 0] - train Epoch 1/24: 81.1% (1570/1936)
[2025-11-17 14:38:21][INFO][Rank 0] - train Epoch 1/24: 81.6% (1580/1936)
[2025-11-17 14:38:28][INFO][Rank 0] - train Epoch 1/24: 82.1% (1590/1936)
[2025-11-17 14:38:36][INFO][Rank 0] - train Epoch 1/24: 82.6% (1600/1936)
[2025-11-17 14:38:43][INFO][Rank 0] - train Epoch 1/24: 83.2% (1610/1936)
[2025-11-17 14:38:50][INFO][Rank 0] - train Epoch 1/24: 83.7% (1620/1936)
[2025-11-17 14:38:50][INFO][Rank 0] - CUDA Memory [train][Step 1620]: Device 0: Allocated: 3309.6 MB, Reserved: 117540.0 MB (Δ: +1687.0 MB)
[2025-11-17 14:38:57][INFO][Rank 0] - train Epoch 1/24: 84.2% (1630/1936)
[2025-11-17 14:39:04][INFO][Rank 0] - train Epoch 1/24: 84.7% (1640/1936)
[2025-11-17 14:39:11][INFO][Rank 0] - train Epoch 1/24: 85.2% (1650/1936)
[2025-11-17 14:39:18][INFO][Rank 0] - train Epoch 1/24: 85.7% (1660/1936)
[2025-11-17 14:39:25][INFO][Rank 0] - train Epoch 1/24: 86.3% (1670/1936)
[2025-11-17 14:39:32][INFO][Rank 0] - train Epoch 1/24: 86.8% (1680/1936)
[2025-11-17 14:39:39][INFO][Rank 0] - train Epoch 1/24: 87.3% (1690/1936)
[2025-11-17 14:39:46][INFO][Rank 0] - train Epoch 1/24: 87.8% (1700/1936)
[2025-11-17 14:39:53][INFO][Rank 0] - train Epoch 1/24: 88.3% (1710/1936)
[2025-11-17 14:39:54][INFO][Rank 0] - CUDA Memory [train][Step 1710]: Device 0: Allocated: 3309.6 MB, Reserved: 117540.0 MB (Δ: +1687.0 MB)
[2025-11-17 14:40:00][INFO][Rank 0] - train Epoch 1/24: 88.8% (1720/1936)
[2025-11-17 14:40:07][INFO][Rank 0] - train Epoch 1/24: 89.4% (1730/1936)
[2025-11-17 14:40:14][INFO][Rank 0] - train Epoch 1/24: 89.9% (1740/1936)
[2025-11-17 14:40:21][INFO][Rank 0] - train Epoch 1/24: 90.4% (1750/1936)
[2025-11-17 14:40:28][INFO][Rank 0] - train Epoch 1/24: 90.9% (1760/1936)
[2025-11-17 14:40:35][INFO][Rank 0] - train Epoch 1/24: 91.4% (1770/1936)
[2025-11-17 14:40:43][INFO][Rank 0] - train Epoch 1/24: 91.9% (1780/1936)
[2025-11-17 14:40:50][INFO][Rank 0] - train Epoch 1/24: 92.5% (1790/1936)
[2025-11-17 14:40:57][INFO][Rank 0] - train Epoch 1/24: 93.0% (1800/1936)
[2025-11-17 14:40:57][INFO][Rank 0] - CUDA Memory [train][Step 1800]: Device 0: Allocated: 3309.6 MB, Reserved: 117540.0 MB (Δ: +1687.0 MB)
[2025-11-17 14:41:04][INFO][Rank 0] - train Epoch 1/24: 93.5% (1810/1936)
[2025-11-17 14:41:11][INFO][Rank 0] - train Epoch 1/24: 94.0% (1820/1936)
[2025-11-17 14:41:18][INFO][Rank 0] - train Epoch 1/24: 94.5% (1830/1936)
[2025-11-17 14:41:25][INFO][Rank 0] - train Epoch 1/24: 95.0% (1840/1936)
[2025-11-17 14:41:32][INFO][Rank 0] - train Epoch 1/24: 95.6% (1850/1936)
[2025-11-17 14:41:39][INFO][Rank 0] - train Epoch 1/24: 96.1% (1860/1936)
[2025-11-17 14:41:46][INFO][Rank 0] - train Epoch 1/24: 96.6% (1870/1936)
[2025-11-17 14:41:53][INFO][Rank 0] - train Epoch 1/24: 97.1% (1880/1936)
[2025-11-17 14:42:00][INFO][Rank 0] - train Epoch 1/24: 97.6% (1890/1936)
[2025-11-17 14:42:01][INFO][Rank 0] - CUDA Memory [train][Step 1890]: Device 0: Allocated: 3309.6 MB, Reserved: 117540.0 MB (Δ: +1687.0 MB)
[2025-11-17 14:42:07][INFO][Rank 0] - train Epoch 1/24: 98.1% (1900/1936)
[2025-11-17 14:42:14][INFO][Rank 0] - train Epoch 1/24: 98.7% (1910/1936)
[2025-11-17 14:42:21][INFO][Rank 0] - train Epoch 1/24: 99.2% (1920/1936)
[2025-11-17 14:42:28][INFO][Rank 0] - train Epoch 1/24: 99.7% (1930/1936)
[2025-11-17 14:42:32][INFO][Rank 0] - train Epoch 1/24: 99.9% (1935/1936)
[2025-11-17 14:42:33][INFO][Rank 0] - train Loss: 0.3324 Acc: 0.9791 F1: 0.9894
[2025-11-17 14:42:33][INFO][Rank 0] - train Balanced Acc: 0.6276 AUC-ROC: 0.9214
[2025-11-17 14:42:33][INFO][Rank 0] - train Sensitivity: 0.9983 Specificity: 0.2570
[2025-11-17 14:42:33][INFO][Rank 0] - train Confusion Matrix: TP=18826, FP=373, FN=32, TN=129
[2025-11-17 14:42:33][INFO][Rank 0] - train completed in 1366.98s
[2025-11-17 14:42:33][INFO][Rank 0] - Data loading time: 1.42s, Forward time: 278.37s, Backward time: 740.61s
[2025-11-17 14:42:33][INFO][Rank 0] - train cache: 0/1 items, hit rate: 0.00%
[2025-11-17 14:42:33][INFO][Rank 0] - CUDA Memory [val][Step 0]: Device 0: Allocated: 3309.6 MB, Reserved: 117540.0 MB (Δ: +1687.0 MB)
[2025-11-17 14:42:33][INFO][Rank 0] - val phase: total 418 batches
[2025-11-17 14:42:33][INFO][Rank 0] - val Epoch 1/24: 0.0% (0/418)
[2025-11-17 14:42:38][INFO][Rank 0] - val Epoch 1/24: 2.4% (10/418)
[2025-11-17 14:42:43][INFO][Rank 0] - val Epoch 1/24: 4.8% (20/418)
[2025-11-17 14:42:48][INFO][Rank 0] - val Epoch 1/24: 7.2% (30/418)
[2025-11-17 14:42:53][INFO][Rank 0] - val Epoch 1/24: 9.6% (40/418)
[2025-11-17 14:42:58][INFO][Rank 0] - val Epoch 1/24: 12.0% (50/418)
[2025-11-17 14:43:03][INFO][Rank 0] - val Epoch 1/24: 14.4% (60/418)
[2025-11-17 14:43:08][INFO][Rank 0] - val Epoch 1/24: 16.7% (70/418)
[2025-11-17 14:43:13][INFO][Rank 0] - val Epoch 1/24: 19.1% (80/418)
[2025-11-17 14:43:18][INFO][Rank 0] - val Epoch 1/24: 21.5% (90/418)
[2025-11-17 14:43:23][INFO][Rank 0] - val Epoch 1/24: 23.9% (100/418)
[2025-11-17 14:43:28][INFO][Rank 0] - val Epoch 1/24: 26.3% (110/418)
[2025-11-17 14:43:33][INFO][Rank 0] - val Epoch 1/24: 28.7% (120/418)
[2025-11-17 14:43:33][INFO][Rank 0] - CUDA Memory [val][Step 120]: Device 0: Allocated: 3309.6 MB, Reserved: 117540.0 MB (Δ: +1687.0 MB)
[2025-11-17 14:43:38][INFO][Rank 0] - val Epoch 1/24: 31.1% (130/418)
[2025-11-17 14:43:43][INFO][Rank 0] - val Epoch 1/24: 33.5% (140/418)
[2025-11-17 14:43:48][INFO][Rank 0] - val Epoch 1/24: 35.9% (150/418)
[2025-11-17 14:43:53][INFO][Rank 0] - val Epoch 1/24: 38.3% (160/418)
[2025-11-17 14:43:58][INFO][Rank 0] - val Epoch 1/24: 40.7% (170/418)
[2025-11-17 14:44:03][INFO][Rank 0] - val Epoch 1/24: 43.1% (180/418)
[2025-11-17 14:44:08][INFO][Rank 0] - val Epoch 1/24: 45.5% (190/418)
[2025-11-17 14:44:13][INFO][Rank 0] - val Epoch 1/24: 47.8% (200/418)
[2025-11-17 14:44:18][INFO][Rank 0] - val Epoch 1/24: 50.2% (210/418)
[2025-11-17 14:44:23][INFO][Rank 0] - val Epoch 1/24: 52.6% (220/418)
[2025-11-17 14:44:27][INFO][Rank 0] - val Epoch 1/24: 55.0% (230/418)
[2025-11-17 14:44:32][INFO][Rank 0] - val Epoch 1/24: 57.4% (240/418)
[2025-11-17 14:44:37][INFO][Rank 0] - val Epoch 1/24: 59.8% (250/418)
[2025-11-17 14:44:42][INFO][Rank 0] - val Epoch 1/24: 62.2% (260/418)
[2025-11-17 14:44:47][INFO][Rank 0] - val Epoch 1/24: 64.6% (270/418)
[2025-11-17 14:44:48][INFO][Rank 0] - CUDA Memory [val][Step 270]: Device 0: Allocated: 3309.6 MB, Reserved: 117540.0 MB (Δ: +1687.0 MB)
[2025-11-17 14:44:52][INFO][Rank 0] - val Epoch 1/24: 67.0% (280/418)
[2025-11-17 14:44:57][INFO][Rank 0] - val Epoch 1/24: 69.4% (290/418)
[2025-11-17 14:45:02][INFO][Rank 0] - val Epoch 1/24: 71.8% (300/418)
[2025-11-17 14:45:07][INFO][Rank 0] - val Epoch 1/24: 74.2% (310/418)
[2025-11-17 14:45:12][INFO][Rank 0] - val Epoch 1/24: 76.6% (320/418)
[2025-11-17 14:45:17][INFO][Rank 0] - val Epoch 1/24: 78.9% (330/418)
[2025-11-17 14:45:22][INFO][Rank 0] - val Epoch 1/24: 81.3% (340/418)
[2025-11-17 14:45:27][INFO][Rank 0] - val Epoch 1/24: 83.7% (350/418)
[2025-11-17 14:45:32][INFO][Rank 0] - val Epoch 1/24: 86.1% (360/418)
[2025-11-17 14:45:37][INFO][Rank 0] - val Epoch 1/24: 88.5% (370/418)
[2025-11-17 14:45:42][INFO][Rank 0] - val Epoch 1/24: 90.9% (380/418)
[2025-11-17 14:45:47][INFO][Rank 0] - val Epoch 1/24: 93.3% (390/418)
[2025-11-17 14:45:52][INFO][Rank 0] - val Epoch 1/24: 95.7% (400/418)
[2025-11-17 14:45:57][INFO][Rank 0] - val Epoch 1/24: 98.1% (410/418)
[2025-11-17 14:46:00][INFO][Rank 0] - val Epoch 1/24: 99.8% (417/418)
[2025-11-17 14:46:01][INFO][Rank 0] - val Loss: 0.2083 Acc: 0.9792 F1: 0.9894
[2025-11-17 14:46:01][INFO][Rank 0] - val Balanced Acc: 0.6409 AUC-ROC: 0.9622
[2025-11-17 14:46:01][INFO][Rank 0] - val Sensitivity: 0.9985 Specificity: 0.2832
[2025-11-17 14:46:01][INFO][Rank 0] - val Confusion Matrix: TP=4061, FP=81, FN=6, TN=32
[2025-11-17 14:46:01][INFO][Rank 0] - val completed in 208.32s
[2025-11-17 14:46:01][INFO][Rank 0] - val cache: 0/1 items, hit rate: 0.00%
[2025-11-17 14:46:05][INFO][Rank 0] - Saved new best accuracy model with accuracy: 0.9792 at /projects/retprogression/rgarridogarcia/checkpoints/cropped1024_cropped_centered_wt_allR_4/best_acc_model.pth
[2025-11-17 14:46:09][INFO][Rank 0] - Saved new best f1 model with f1: 0.9894 at /projects/retprogression/rgarridogarcia/checkpoints/cropped1024_cropped_centered_wt_allR_4/best_f1_model.pth
[2025-11-17 14:46:13][INFO][Rank 0] - Saved new best balanced_acc model with balanced_acc: 0.6409 at /projects/retprogression/rgarridogarcia/checkpoints/cropped1024_cropped_centered_wt_allR_4/best_balanced_acc_model.pth
[2025-11-17 14:46:17][INFO][Rank 0] - Also saved as general best model at /projects/retprogression/rgarridogarcia/checkpoints/cropped1024_cropped_centered_wt_allR_4/best_model.pth
[2025-11-17 14:46:21][INFO][Rank 0] - Saved new best auc model with auc: 0.9622 at /projects/retprogression/rgarridogarcia/checkpoints/cropped1024_cropped_centered_wt_allR_4/best_auc_model.pth
[2025-11-17 14:46:25][INFO][Rank 0] - Saved epoch checkpoint at /projects/retprogression/rgarridogarcia/checkpoints/cropped1024_cropped_centered_wt_allR_4/epoch_1.pth
[2025-11-17 14:46:25][INFO][Rank 0] - Epoch 1 summary:
[2025-11-17 14:46:25][INFO][Rank 0] -  Train Loss: 0.3324, Train Acc: 0.9791, Train F1: 0.9894
[2025-11-17 14:46:25][INFO][Rank 0] -  Train Balanced Acc: 0.6276, Train AUC: 0.9214
[2025-11-17 14:46:25][INFO][Rank 0] -  Train Sensitivity: 0.9983, Train Specificity: 0.2570
[2025-11-17 14:46:25][INFO][Rank 0] -  Val Loss: 0.2083, Val Acc: 0.9792, Val F1: 0.9894
[2025-11-17 14:46:25][INFO][Rank 0] -  Val Balanced Acc: 0.6409, Val AUC: 0.9622
[2025-11-17 14:46:25][INFO][Rank 0] -  Val Sensitivity: 0.9985, Val Specificity: 0.2832
[2025-11-17 14:46:25][INFO][Rank 0] -  Total Epoch Time: 1599.28s
[2025-11-17 14:46:25][INFO][Rank 0] - Epoch 2/24
[2025-11-17 14:46:25][INFO][Rank 0] - ----------
[2025-11-17 14:46:25][INFO][Rank 0] - CUDA Memory [train][Step 0]: Device 0: Allocated: 3309.6 MB, Reserved: 117540.0 MB (Δ: +1687.0 MB)
[2025-11-17 14:46:25][INFO][Rank 0] - train phase: total 1936 batches
[2025-11-17 14:46:26][INFO][Rank 0] - train Epoch 2/24: 0.0% (0/1936)
[2025-11-17 14:46:33][INFO][Rank 0] - train Epoch 2/24: 0.5% (10/1936)
[2025-11-17 14:46:40][INFO][Rank 0] - train Epoch 2/24: 1.0% (20/1936)
[2025-11-17 14:46:47][INFO][Rank 0] - train Epoch 2/24: 1.5% (30/1936)
[2025-11-17 14:46:54][INFO][Rank 0] - train Epoch 2/24: 2.1% (40/1936)
[2025-11-17 14:47:01][INFO][Rank 0] - train Epoch 2/24: 2.6% (50/1936)
[2025-11-17 14:47:08][INFO][Rank 0] - train Epoch 2/24: 3.1% (60/1936)
[2025-11-17 14:47:15][INFO][Rank 0] - train Epoch 2/24: 3.6% (70/1936)
[2025-11-17 14:47:22][INFO][Rank 0] - train Epoch 2/24: 4.1% (80/1936)
[2025-11-17 14:47:29][INFO][Rank 0] - train Epoch 2/24: 4.6% (90/1936)
[2025-11-17 14:47:30][INFO][Rank 0] - CUDA Memory [train][Step 90]: Device 0: Allocated: 3309.6 MB, Reserved: 117540.0 MB (Δ: +1687.0 MB)
[2025-11-17 14:47:36][INFO][Rank 0] - train Epoch 2/24: 5.2% (100/1936)
[2025-11-17 14:47:43][INFO][Rank 0] - train Epoch 2/24: 5.7% (110/1936)
[2025-11-17 14:47:50][INFO][Rank 0] - train Epoch 2/24: 6.2% (120/1936)
[2025-11-17 14:47:57][INFO][Rank 0] - train Epoch 2/24: 6.7% (130/1936)
[2025-11-17 14:48:04][INFO][Rank 0] - train Epoch 2/24: 7.2% (140/1936)
[2025-11-17 14:48:11][INFO][Rank 0] - train Epoch 2/24: 7.7% (150/1936)
[2025-11-17 14:48:18][INFO][Rank 0] - train Epoch 2/24: 8.3% (160/1936)
[2025-11-17 14:48:25][INFO][Rank 0] - train Epoch 2/24: 8.8% (170/1936)
[2025-11-17 14:48:33][INFO][Rank 0] - train Epoch 2/24: 9.3% (180/1936)
[2025-11-17 14:48:33][INFO][Rank 0] - CUDA Memory [train][Step 180]: Device 0: Allocated: 3309.6 MB, Reserved: 117540.0 MB (Δ: +1687.0 MB)
[2025-11-17 14:48:40][INFO][Rank 0] - train Epoch 2/24: 9.8% (190/1936)
[2025-11-17 14:48:47][INFO][Rank 0] - train Epoch 2/24: 10.3% (200/1936)
[2025-11-17 14:48:54][INFO][Rank 0] - train Epoch 2/24: 10.8% (210/1936)
[2025-11-17 14:49:01][INFO][Rank 0] - train Epoch 2/24: 11.4% (220/1936)
[2025-11-17 14:49:08][INFO][Rank 0] - train Epoch 2/24: 11.9% (230/1936)
[2025-11-17 14:49:15][INFO][Rank 0] - train Epoch 2/24: 12.4% (240/1936)
[2025-11-17 14:49:22][INFO][Rank 0] - train Epoch 2/24: 12.9% (250/1936)
[2025-11-17 14:49:29][INFO][Rank 0] - train Epoch 2/24: 13.4% (260/1936)
[2025-11-17 14:49:36][INFO][Rank 0] - train Epoch 2/24: 13.9% (270/1936)
[2025-11-17 14:49:37][INFO][Rank 0] - CUDA Memory [train][Step 270]: Device 0: Allocated: 3309.6 MB, Reserved: 117540.0 MB (Δ: +1687.0 MB)
[2025-11-17 14:49:43][INFO][Rank 0] - train Epoch 2/24: 14.5% (280/1936)
[2025-11-17 14:49:50][INFO][Rank 0] - train Epoch 2/24: 15.0% (290/1936)
[2025-11-17 14:49:57][INFO][Rank 0] - train Epoch 2/24: 15.5% (300/1936)
[2025-11-17 14:50:04][INFO][Rank 0] - train Epoch 2/24: 16.0% (310/1936)
[2025-11-17 14:50:11][INFO][Rank 0] - train Epoch 2/24: 16.5% (320/1936)
[2025-11-17 14:50:18][INFO][Rank 0] - train Epoch 2/24: 17.0% (330/1936)
[2025-11-17 14:50:25][INFO][Rank 0] - train Epoch 2/24: 17.6% (340/1936)
[2025-11-17 14:50:32][INFO][Rank 0] - train Epoch 2/24: 18.1% (350/1936)
[2025-11-17 14:50:40][INFO][Rank 0] - train Epoch 2/24: 18.6% (360/1936)
[2025-11-17 14:50:40][INFO][Rank 0] - CUDA Memory [train][Step 360]: Device 0: Allocated: 3309.6 MB, Reserved: 117540.0 MB (Δ: +1687.0 MB)
[2025-11-17 14:50:47][INFO][Rank 0] - train Epoch 2/24: 19.1% (370/1936)
[2025-11-17 14:50:54][INFO][Rank 0] - train Epoch 2/24: 19.6% (380/1936)
[2025-11-17 14:51:01][INFO][Rank 0] - train Epoch 2/24: 20.1% (390/1936)
[2025-11-17 14:51:08][INFO][Rank 0] - train Epoch 2/24: 20.7% (400/1936)
[2025-11-17 14:51:15][INFO][Rank 0] - train Epoch 2/24: 21.2% (410/1936)
[2025-11-17 14:51:22][INFO][Rank 0] - train Epoch 2/24: 21.7% (420/1936)
[2025-11-17 14:51:29][INFO][Rank 0] - train Epoch 2/24: 22.2% (430/1936)
[2025-11-17 14:51:36][INFO][Rank 0] - train Epoch 2/24: 22.7% (440/1936)
[2025-11-17 14:51:43][INFO][Rank 0] - train Epoch 2/24: 23.2% (450/1936)
[2025-11-17 14:51:44][INFO][Rank 0] - CUDA Memory [train][Step 450]: Device 0: Allocated: 3309.6 MB, Reserved: 117540.0 MB (Δ: +1687.0 MB)
[2025-11-17 14:51:50][INFO][Rank 0] - train Epoch 2/24: 23.8% (460/1936)
[2025-11-17 14:51:57][INFO][Rank 0] - train Epoch 2/24: 24.3% (470/1936)
[2025-11-17 14:52:04][INFO][Rank 0] - train Epoch 2/24: 24.8% (480/1936)
[2025-11-17 14:52:11][INFO][Rank 0] - train Epoch 2/24: 25.3% (490/1936)
[2025-11-17 14:52:18][INFO][Rank 0] - train Epoch 2/24: 25.8% (500/1936)
[2025-11-17 14:52:25][INFO][Rank 0] - train Epoch 2/24: 26.3% (510/1936)
[2025-11-17 14:52:32][INFO][Rank 0] - train Epoch 2/24: 26.9% (520/1936)
[2025-11-17 14:52:39][INFO][Rank 0] - train Epoch 2/24: 27.4% (530/1936)
[2025-11-17 14:52:47][INFO][Rank 0] - train Epoch 2/24: 27.9% (540/1936)
[2025-11-17 14:52:47][INFO][Rank 0] - CUDA Memory [train][Step 540]: Device 0: Allocated: 3309.6 MB, Reserved: 117540.0 MB (Δ: +1687.0 MB)
[2025-11-17 14:52:54][INFO][Rank 0] - train Epoch 2/24: 28.4% (550/1936)
[2025-11-17 14:53:01][INFO][Rank 0] - train Epoch 2/24: 28.9% (560/1936)
[2025-11-17 14:53:08][INFO][Rank 0] - train Epoch 2/24: 29.4% (570/1936)
[2025-11-17 14:53:15][INFO][Rank 0] - train Epoch 2/24: 30.0% (580/1936)
[2025-11-17 14:53:22][INFO][Rank 0] - train Epoch 2/24: 30.5% (590/1936)
[2025-11-17 14:53:29][INFO][Rank 0] - train Epoch 2/24: 31.0% (600/1936)
[2025-11-17 14:53:36][INFO][Rank 0] - train Epoch 2/24: 31.5% (610/1936)
[2025-11-17 14:53:43][INFO][Rank 0] - train Epoch 2/24: 32.0% (620/1936)
[2025-11-17 14:53:50][INFO][Rank 0] - train Epoch 2/24: 32.5% (630/1936)
[2025-11-17 14:53:51][INFO][Rank 0] - CUDA Memory [train][Step 630]: Device 0: Allocated: 3309.6 MB, Reserved: 117540.0 MB (Δ: +1687.0 MB)
[2025-11-17 14:53:57][INFO][Rank 0] - train Epoch 2/24: 33.1% (640/1936)
[2025-11-17 14:54:04][INFO][Rank 0] - train Epoch 2/24: 33.6% (650/1936)
[2025-11-17 14:54:11][INFO][Rank 0] - train Epoch 2/24: 34.1% (660/1936)
[2025-11-17 14:54:18][INFO][Rank 0] - train Epoch 2/24: 34.6% (670/1936)
[2025-11-17 14:54:25][INFO][Rank 0] - train Epoch 2/24: 35.1% (680/1936)
[2025-11-17 14:54:32][INFO][Rank 0] - train Epoch 2/24: 35.6% (690/1936)
[2025-11-17 14:54:39][INFO][Rank 0] - train Epoch 2/24: 36.2% (700/1936)
[2025-11-17 14:54:46][INFO][Rank 0] - train Epoch 2/24: 36.7% (710/1936)
[2025-11-17 14:54:54][INFO][Rank 0] - train Epoch 2/24: 37.2% (720/1936)
[2025-11-17 14:54:54][INFO][Rank 0] - CUDA Memory [train][Step 720]: Device 0: Allocated: 3309.6 MB, Reserved: 117540.0 MB (Δ: +1687.0 MB)
[2025-11-17 14:55:01][INFO][Rank 0] - train Epoch 2/24: 37.7% (730/1936)
[2025-11-17 14:55:08][INFO][Rank 0] - train Epoch 2/24: 38.2% (740/1936)
[2025-11-17 14:55:15][INFO][Rank 0] - train Epoch 2/24: 38.7% (750/1936)
[2025-11-17 14:55:22][INFO][Rank 0] - train Epoch 2/24: 39.3% (760/1936)
[2025-11-17 14:55:29][INFO][Rank 0] - train Epoch 2/24: 39.8% (770/1936)
[2025-11-17 14:55:36][INFO][Rank 0] - train Epoch 2/24: 40.3% (780/1936)
[2025-11-17 14:55:43][INFO][Rank 0] - train Epoch 2/24: 40.8% (790/1936)
[2025-11-17 14:55:50][INFO][Rank 0] - train Epoch 2/24: 41.3% (800/1936)
[2025-11-17 14:55:57][INFO][Rank 0] - train Epoch 2/24: 41.8% (810/1936)
[2025-11-17 14:55:58][INFO][Rank 0] - CUDA Memory [train][Step 810]: Device 0: Allocated: 3309.6 MB, Reserved: 117540.0 MB (Δ: +1687.0 MB)
[2025-11-17 14:56:04][INFO][Rank 0] - train Epoch 2/24: 42.4% (820/1936)
[2025-11-17 14:56:11][INFO][Rank 0] - train Epoch 2/24: 42.9% (830/1936)
[2025-11-17 14:56:18][INFO][Rank 0] - train Epoch 2/24: 43.4% (840/1936)
[2025-11-17 14:56:25][INFO][Rank 0] - train Epoch 2/24: 43.9% (850/1936)
[2025-11-17 14:56:32][INFO][Rank 0] - train Epoch 2/24: 44.4% (860/1936)
[2025-11-17 14:56:39][INFO][Rank 0] - train Epoch 2/24: 44.9% (870/1936)
[2025-11-17 14:56:46][INFO][Rank 0] - train Epoch 2/24: 45.5% (880/1936)
[2025-11-17 14:56:53][INFO][Rank 0] - train Epoch 2/24: 46.0% (890/1936)
[2025-11-17 14:57:01][INFO][Rank 0] - train Epoch 2/24: 46.5% (900/1936)
[2025-11-17 14:57:01][INFO][Rank 0] - CUDA Memory [train][Step 900]: Device 0: Allocated: 3309.6 MB, Reserved: 117540.0 MB (Δ: +1687.0 MB)
[2025-11-17 14:57:08][INFO][Rank 0] - train Epoch 2/24: 47.0% (910/1936)
[2025-11-17 14:57:15][INFO][Rank 0] - train Epoch 2/24: 47.5% (920/1936)
[2025-11-17 14:57:22][INFO][Rank 0] - train Epoch 2/24: 48.0% (930/1936)
[2025-11-17 14:57:29][INFO][Rank 0] - train Epoch 2/24: 48.6% (940/1936)
[2025-11-17 14:57:36][INFO][Rank 0] - train Epoch 2/24: 49.1% (950/1936)
[2025-11-17 14:57:43][INFO][Rank 0] - train Epoch 2/24: 49.6% (960/1936)
[2025-11-17 14:57:50][INFO][Rank 0] - train Epoch 2/24: 50.1% (970/1936)
[2025-11-17 14:57:57][INFO][Rank 0] - train Epoch 2/24: 50.6% (980/1936)
[2025-11-17 14:58:04][INFO][Rank 0] - train Epoch 2/24: 51.1% (990/1936)
[2025-11-17 14:58:05][INFO][Rank 0] - CUDA Memory [train][Step 990]: Device 0: Allocated: 3309.6 MB, Reserved: 117540.0 MB (Δ: +1687.0 MB)
[2025-11-17 14:58:11][INFO][Rank 0] - train Epoch 2/24: 51.7% (1000/1936)
[2025-11-17 14:58:18][INFO][Rank 0] - train Epoch 2/24: 52.2% (1010/1936)
[2025-11-17 14:58:25][INFO][Rank 0] - train Epoch 2/24: 52.7% (1020/1936)
[2025-11-17 14:58:32][INFO][Rank 0] - train Epoch 2/24: 53.2% (1030/1936)
[2025-11-17 14:58:39][INFO][Rank 0] - train Epoch 2/24: 53.7% (1040/1936)
[2025-11-17 14:58:46][INFO][Rank 0] - train Epoch 2/24: 54.2% (1050/1936)
[2025-11-17 14:58:53][INFO][Rank 0] - train Epoch 2/24: 54.8% (1060/1936)
[2025-11-17 14:59:00][INFO][Rank 0] - train Epoch 2/24: 55.3% (1070/1936)
[2025-11-17 14:59:08][INFO][Rank 0] - train Epoch 2/24: 55.8% (1080/1936)
[2025-11-17 14:59:08][INFO][Rank 0] - CUDA Memory [train][Step 1080]: Device 0: Allocated: 3309.6 MB, Reserved: 117540.0 MB (Δ: +1687.0 MB)
[2025-11-17 14:59:15][INFO][Rank 0] - train Epoch 2/24: 56.3% (1090/1936)
[2025-11-17 14:59:22][INFO][Rank 0] - train Epoch 2/24: 56.8% (1100/1936)
[2025-11-17 14:59:29][INFO][Rank 0] - train Epoch 2/24: 57.3% (1110/1936)
[2025-11-17 14:59:36][INFO][Rank 0] - train Epoch 2/24: 57.9% (1120/1936)
[2025-11-17 14:59:43][INFO][Rank 0] - train Epoch 2/24: 58.4% (1130/1936)
[2025-11-17 14:59:50][INFO][Rank 0] - train Epoch 2/24: 58.9% (1140/1936)
[2025-11-17 14:59:57][INFO][Rank 0] - train Epoch 2/24: 59.4% (1150/1936)
[2025-11-17 15:00:04][INFO][Rank 0] - train Epoch 2/24: 59.9% (1160/1936)
[2025-11-17 15:00:11][INFO][Rank 0] - train Epoch 2/24: 60.4% (1170/1936)
[2025-11-17 15:00:12][INFO][Rank 0] - CUDA Memory [train][Step 1170]: Device 0: Allocated: 3309.6 MB, Reserved: 117540.0 MB (Δ: +1687.0 MB)
[2025-11-17 15:00:18][INFO][Rank 0] - train Epoch 2/24: 61.0% (1180/1936)
[2025-11-17 15:00:25][INFO][Rank 0] - train Epoch 2/24: 61.5% (1190/1936)
[2025-11-17 15:00:32][INFO][Rank 0] - train Epoch 2/24: 62.0% (1200/1936)
[2025-11-17 15:00:39][INFO][Rank 0] - train Epoch 2/24: 62.5% (1210/1936)
[2025-11-17 15:00:46][INFO][Rank 0] - train Epoch 2/24: 63.0% (1220/1936)
[2025-11-17 15:00:53][INFO][Rank 0] - train Epoch 2/24: 63.5% (1230/1936)
[2025-11-17 15:01:00][INFO][Rank 0] - train Epoch 2/24: 64.0% (1240/1936)
[2025-11-17 15:01:07][INFO][Rank 0] - train Epoch 2/24: 64.6% (1250/1936)
[2025-11-17 15:01:14][INFO][Rank 0] - train Epoch 2/24: 65.1% (1260/1936)
[2025-11-17 15:01:15][INFO][Rank 0] - CUDA Memory [train][Step 1260]: Device 0: Allocated: 3309.6 MB, Reserved: 117540.0 MB (Δ: +1687.0 MB)
[2025-11-17 15:01:22][INFO][Rank 0] - train Epoch 2/24: 65.6% (1270/1936)
[2025-11-17 15:01:29][INFO][Rank 0] - train Epoch 2/24: 66.1% (1280/1936)
[2025-11-17 15:01:36][INFO][Rank 0] - train Epoch 2/24: 66.6% (1290/1936)
[2025-11-17 15:01:43][INFO][Rank 0] - train Epoch 2/24: 67.1% (1300/1936)
[2025-11-17 15:01:50][INFO][Rank 0] - train Epoch 2/24: 67.7% (1310/1936)
[2025-11-17 15:01:57][INFO][Rank 0] - train Epoch 2/24: 68.2% (1320/1936)
[2025-11-17 15:02:04][INFO][Rank 0] - train Epoch 2/24: 68.7% (1330/1936)
[2025-11-17 15:02:11][INFO][Rank 0] - train Epoch 2/24: 69.2% (1340/1936)
[2025-11-17 15:02:18][INFO][Rank 0] - train Epoch 2/24: 69.7% (1350/1936)
[2025-11-17 15:02:19][INFO][Rank 0] - CUDA Memory [train][Step 1350]: Device 0: Allocated: 3309.6 MB, Reserved: 117540.0 MB (Δ: +1687.0 MB)
[2025-11-17 15:02:25][INFO][Rank 0] - train Epoch 2/24: 70.2% (1360/1936)
[2025-11-17 15:02:32][INFO][Rank 0] - train Epoch 2/24: 70.8% (1370/1936)
[2025-11-17 15:02:39][INFO][Rank 0] - train Epoch 2/24: 71.3% (1380/1936)
[2025-11-17 15:02:46][INFO][Rank 0] - train Epoch 2/24: 71.8% (1390/1936)
[2025-11-17 15:02:53][INFO][Rank 0] - train Epoch 2/24: 72.3% (1400/1936)
[2025-11-17 15:03:00][INFO][Rank 0] - train Epoch 2/24: 72.8% (1410/1936)
[2025-11-17 15:03:07][INFO][Rank 0] - train Epoch 2/24: 73.3% (1420/1936)
[2025-11-17 15:03:14][INFO][Rank 0] - train Epoch 2/24: 73.9% (1430/1936)
[2025-11-17 15:03:21][INFO][Rank 0] - train Epoch 2/24: 74.4% (1440/1936)
[2025-11-17 15:03:22][INFO][Rank 0] - CUDA Memory [train][Step 1440]: Device 0: Allocated: 3309.6 MB, Reserved: 117540.0 MB (Δ: +1687.0 MB)
[2025-11-17 15:03:28][INFO][Rank 0] - train Epoch 2/24: 74.9% (1450/1936)
[2025-11-17 15:03:36][INFO][Rank 0] - train Epoch 2/24: 75.4% (1460/1936)
[2025-11-17 15:03:43][INFO][Rank 0] - train Epoch 2/24: 75.9% (1470/1936)
[2025-11-17 15:03:50][INFO][Rank 0] - train Epoch 2/24: 76.4% (1480/1936)
[2025-11-17 15:03:57][INFO][Rank 0] - train Epoch 2/24: 77.0% (1490/1936)
[2025-11-17 15:04:04][INFO][Rank 0] - train Epoch 2/24: 77.5% (1500/1936)
[2025-11-17 15:04:11][INFO][Rank 0] - train Epoch 2/24: 78.0% (1510/1936)
[2025-11-17 15:04:18][INFO][Rank 0] - train Epoch 2/24: 78.5% (1520/1936)
[2025-11-17 15:04:25][INFO][Rank 0] - train Epoch 2/24: 79.0% (1530/1936)
[2025-11-17 15:04:26][INFO][Rank 0] - CUDA Memory [train][Step 1530]: Device 0: Allocated: 3309.6 MB, Reserved: 117540.0 MB (Δ: +1687.0 MB)
[2025-11-17 15:04:32][INFO][Rank 0] - train Epoch 2/24: 79.5% (1540/1936)
[2025-11-17 15:04:39][INFO][Rank 0] - train Epoch 2/24: 80.1% (1550/1936)
[2025-11-17 15:04:46][INFO][Rank 0] - train Epoch 2/24: 80.6% (1560/1936)
[2025-11-17 15:04:53][INFO][Rank 0] - train Epoch 2/24: 81.1% (1570/1936)
[2025-11-17 15:05:00][INFO][Rank 0] - train Epoch 2/24: 81.6% (1580/1936)
[2025-11-17 15:05:07][INFO][Rank 0] - train Epoch 2/24: 82.1% (1590/1936)
[2025-11-17 15:05:14][INFO][Rank 0] - train Epoch 2/24: 82.6% (1600/1936)
[2025-11-17 15:05:21][INFO][Rank 0] - train Epoch 2/24: 83.2% (1610/1936)
[2025-11-17 15:05:28][INFO][Rank 0] - train Epoch 2/24: 83.7% (1620/1936)
[2025-11-17 15:05:29][INFO][Rank 0] - CUDA Memory [train][Step 1620]: Device 0: Allocated: 3309.6 MB, Reserved: 117540.0 MB (Δ: +1687.0 MB)
[2025-11-17 15:05:35][INFO][Rank 0] - train Epoch 2/24: 84.2% (1630/1936)
[2025-11-17 15:05:42][INFO][Rank 0] - train Epoch 2/24: 84.7% (1640/1936)
[2025-11-17 15:05:50][INFO][Rank 0] - train Epoch 2/24: 85.2% (1650/1936)
[2025-11-17 15:05:57][INFO][Rank 0] - train Epoch 2/24: 85.7% (1660/1936)
[2025-11-17 15:06:04][INFO][Rank 0] - train Epoch 2/24: 86.3% (1670/1936)
[2025-11-17 15:06:11][INFO][Rank 0] - train Epoch 2/24: 86.8% (1680/1936)
[2025-11-17 15:06:18][INFO][Rank 0] - train Epoch 2/24: 87.3% (1690/1936)
[2025-11-17 15:06:25][INFO][Rank 0] - train Epoch 2/24: 87.8% (1700/1936)
[2025-11-17 15:06:32][INFO][Rank 0] - train Epoch 2/24: 88.3% (1710/1936)
[2025-11-17 15:06:33][INFO][Rank 0] - CUDA Memory [train][Step 1710]: Device 0: Allocated: 3309.6 MB, Reserved: 117540.0 MB (Δ: +1687.0 MB)
[2025-11-17 15:06:39][INFO][Rank 0] - train Epoch 2/24: 88.8% (1720/1936)
[2025-11-17 15:06:46][INFO][Rank 0] - train Epoch 2/24: 89.4% (1730/1936)
[2025-11-17 15:06:53][INFO][Rank 0] - train Epoch 2/24: 89.9% (1740/1936)
[2025-11-17 15:07:00][INFO][Rank 0] - train Epoch 2/24: 90.4% (1750/1936)
[2025-11-17 15:07:07][INFO][Rank 0] - train Epoch 2/24: 90.9% (1760/1936)
[2025-11-17 15:07:14][INFO][Rank 0] - train Epoch 2/24: 91.4% (1770/1936)
[2025-11-17 15:07:21][INFO][Rank 0] - train Epoch 2/24: 91.9% (1780/1936)
[2025-11-17 15:07:28][INFO][Rank 0] - train Epoch 2/24: 92.5% (1790/1936)
[2025-11-17 15:07:35][INFO][Rank 0] - train Epoch 2/24: 93.0% (1800/1936)
[2025-11-17 15:07:36][INFO][Rank 0] - CUDA Memory [train][Step 1800]: Device 0: Allocated: 3309.6 MB, Reserved: 117540.0 MB (Δ: +1687.0 MB)
[2025-11-17 15:07:42][INFO][Rank 0] - train Epoch 2/24: 93.5% (1810/1936)
[2025-11-17 15:07:49][INFO][Rank 0] - train Epoch 2/24: 94.0% (1820/1936)
[2025-11-17 15:07:56][INFO][Rank 0] - train Epoch 2/24: 94.5% (1830/1936)
[2025-11-17 15:08:04][INFO][Rank 0] - train Epoch 2/24: 95.0% (1840/1936)
[2025-11-17 15:08:11][INFO][Rank 0] - train Epoch 2/24: 95.6% (1850/1936)
[2025-11-17 15:08:18][INFO][Rank 0] - train Epoch 2/24: 96.1% (1860/1936)
[2025-11-17 15:08:25][INFO][Rank 0] - train Epoch 2/24: 96.6% (1870/1936)
[2025-11-17 15:08:32][INFO][Rank 0] - train Epoch 2/24: 97.1% (1880/1936)
[2025-11-17 15:08:39][INFO][Rank 0] - train Epoch 2/24: 97.6% (1890/1936)
[2025-11-17 15:08:39][INFO][Rank 0] - CUDA Memory [train][Step 1890]: Device 0: Allocated: 3309.6 MB, Reserved: 117540.0 MB (Δ: +1687.0 MB)
[2025-11-17 15:08:46][INFO][Rank 0] - train Epoch 2/24: 98.1% (1900/1936)
[2025-11-17 15:08:53][INFO][Rank 0] - train Epoch 2/24: 98.7% (1910/1936)
[2025-11-17 15:09:00][INFO][Rank 0] - train Epoch 2/24: 99.2% (1920/1936)
[2025-11-17 15:09:07][INFO][Rank 0] - train Epoch 2/24: 99.7% (1930/1936)
[2025-11-17 15:09:11][INFO][Rank 0] - train Epoch 2/24: 99.9% (1935/1936)
[2025-11-17 15:09:11][INFO][Rank 0] - train Loss: 0.2647 Acc: 0.9816 F1: 0.9906
[2025-11-17 15:09:11][INFO][Rank 0] - train Balanced Acc: 0.7259 AUC-ROC: 0.9503
[2025-11-17 15:09:11][INFO][Rank 0] - train Sensitivity: 0.9955 Specificity: 0.4562
[2025-11-17 15:09:11][INFO][Rank 0] - train Confusion Matrix: TP=18774, FP=273, FN=84, TN=229
[2025-11-17 15:09:11][INFO][Rank 0] - train completed in 1366.28s
[2025-11-17 15:09:11][INFO][Rank 0] - Data loading time: 1.27s, Forward time: 278.16s, Backward time: 740.29s
[2025-11-17 15:09:11][INFO][Rank 0] - train cache: 0/1 items, hit rate: 0.00%
[2025-11-17 15:09:11][INFO][Rank 0] - CUDA Memory [val][Step 0]: Device 0: Allocated: 3309.6 MB, Reserved: 117540.0 MB (Δ: +1687.0 MB)
[2025-11-17 15:09:11][INFO][Rank 0] - val phase: total 418 batches
[2025-11-17 15:09:12][INFO][Rank 0] - val Epoch 2/24: 0.0% (0/418)
[2025-11-17 15:09:17][INFO][Rank 0] - val Epoch 2/24: 2.4% (10/418)
[2025-11-17 15:09:22][INFO][Rank 0] - val Epoch 2/24: 4.8% (20/418)
[2025-11-17 15:09:27][INFO][Rank 0] - val Epoch 2/24: 7.2% (30/418)
[2025-11-17 15:09:31][INFO][Rank 0] - val Epoch 2/24: 9.6% (40/418)
[2025-11-17 15:09:36][INFO][Rank 0] - val Epoch 2/24: 12.0% (50/418)
[2025-11-17 15:09:41][INFO][Rank 0] - val Epoch 2/24: 14.4% (60/418)
[2025-11-17 15:09:46][INFO][Rank 0] - val Epoch 2/24: 16.7% (70/418)
[2025-11-17 15:09:51][INFO][Rank 0] - val Epoch 2/24: 19.1% (80/418)
[2025-11-17 15:09:56][INFO][Rank 0] - val Epoch 2/24: 21.5% (90/418)
[2025-11-17 15:10:01][INFO][Rank 0] - val Epoch 2/24: 23.9% (100/418)
[2025-11-17 15:10:06][INFO][Rank 0] - val Epoch 2/24: 26.3% (110/418)
[2025-11-17 15:10:11][INFO][Rank 0] - val Epoch 2/24: 28.7% (120/418)
[2025-11-17 15:10:12][INFO][Rank 0] - CUDA Memory [val][Step 120]: Device 0: Allocated: 3309.6 MB, Reserved: 117540.0 MB (Δ: +1687.0 MB)
[2025-11-17 15:10:16][INFO][Rank 0] - val Epoch 2/24: 31.1% (130/418)
[2025-11-17 15:10:21][INFO][Rank 0] - val Epoch 2/24: 33.5% (140/418)
[2025-11-17 15:10:26][INFO][Rank 0] - val Epoch 2/24: 35.9% (150/418)
[2025-11-17 15:10:31][INFO][Rank 0] - val Epoch 2/24: 38.3% (160/418)
[2025-11-17 15:10:36][INFO][Rank 0] - val Epoch 2/24: 40.7% (170/418)
[2025-11-17 15:10:41][INFO][Rank 0] - val Epoch 2/24: 43.1% (180/418)
[2025-11-17 15:10:46][INFO][Rank 0] - val Epoch 2/24: 45.5% (190/418)
[2025-11-17 15:10:51][INFO][Rank 0] - val Epoch 2/24: 47.8% (200/418)
[2025-11-17 15:10:56][INFO][Rank 0] - val Epoch 2/24: 50.2% (210/418)
[2025-11-17 15:11:01][INFO][Rank 0] - val Epoch 2/24: 52.6% (220/418)
[2025-11-17 15:11:06][INFO][Rank 0] - val Epoch 2/24: 55.0% (230/418)
[2025-11-17 15:11:11][INFO][Rank 0] - val Epoch 2/24: 57.4% (240/418)
[2025-11-17 15:11:16][INFO][Rank 0] - val Epoch 2/24: 59.8% (250/418)
[2025-11-17 15:11:21][INFO][Rank 0] - val Epoch 2/24: 62.2% (260/418)
[2025-11-17 15:11:26][INFO][Rank 0] - val Epoch 2/24: 64.6% (270/418)
[2025-11-17 15:11:26][INFO][Rank 0] - CUDA Memory [val][Step 270]: Device 0: Allocated: 3309.6 MB, Reserved: 117540.0 MB (Δ: +1687.0 MB)
[2025-11-17 15:11:31][INFO][Rank 0] - val Epoch 2/24: 67.0% (280/418)
[2025-11-17 15:11:36][INFO][Rank 0] - val Epoch 2/24: 69.4% (290/418)
[2025-11-17 15:11:41][INFO][Rank 0] - val Epoch 2/24: 71.8% (300/418)
[2025-11-17 15:11:46][INFO][Rank 0] - val Epoch 2/24: 74.2% (310/418)
[2025-11-17 15:11:51][INFO][Rank 0] - val Epoch 2/24: 76.6% (320/418)
[2025-11-17 15:11:56][INFO][Rank 0] - val Epoch 2/24: 78.9% (330/418)
[2025-11-17 15:12:01][INFO][Rank 0] - val Epoch 2/24: 81.3% (340/418)
[2025-11-17 15:12:06][INFO][Rank 0] - val Epoch 2/24: 83.7% (350/418)
[2025-11-17 15:12:11][INFO][Rank 0] - val Epoch 2/24: 86.1% (360/418)
[2025-11-17 15:12:15][INFO][Rank 0] - val Epoch 2/24: 88.5% (370/418)
[2025-11-17 15:12:20][INFO][Rank 0] - val Epoch 2/24: 90.9% (380/418)
[2025-11-17 15:12:25][INFO][Rank 0] - val Epoch 2/24: 93.3% (390/418)
[2025-11-17 15:12:30][INFO][Rank 0] - val Epoch 2/24: 95.7% (400/418)
[2025-11-17 15:12:35][INFO][Rank 0] - val Epoch 2/24: 98.1% (410/418)
[2025-11-17 15:12:39][INFO][Rank 0] - val Epoch 2/24: 99.8% (417/418)
[2025-11-17 15:12:39][INFO][Rank 0] - val Loss: 0.1667 Acc: 0.9801 F1: 0.9898
[2025-11-17 15:12:39][INFO][Rank 0] - val Balanced Acc: 0.7532 AUC-ROC: 0.9726
[2025-11-17 15:12:39][INFO][Rank 0] - val Sensitivity: 0.9931 Specificity: 0.5133
[2025-11-17 15:12:39][INFO][Rank 0] - val Confusion Matrix: TP=4039, FP=55, FN=28, TN=58
[2025-11-17 15:12:39][INFO][Rank 0] - val completed in 208.11s
[2025-11-17 15:12:39][INFO][Rank 0] - val cache: 0/1 items, hit rate: 0.00%
[2025-11-17 15:12:45][INFO][Rank 0] - Saved new best accuracy model with accuracy: 0.9801 at /projects/retprogression/rgarridogarcia/checkpoints/cropped1024_cropped_centered_wt_allR_4/best_acc_model.pth
[2025-11-17 15:12:49][INFO][Rank 0] - Saved new best f1 model with f1: 0.9898 at /projects/retprogression/rgarridogarcia/checkpoints/cropped1024_cropped_centered_wt_allR_4/best_f1_model.pth
[2025-11-17 15:12:53][INFO][Rank 0] - Saved new best balanced_acc model with balanced_acc: 0.7532 at /projects/retprogression/rgarridogarcia/checkpoints/cropped1024_cropped_centered_wt_allR_4/best_balanced_acc_model.pth
[2025-11-17 15:12:56][INFO][Rank 0] - Also saved as general best model at /projects/retprogression/rgarridogarcia/checkpoints/cropped1024_cropped_centered_wt_allR_4/best_model.pth
[2025-11-17 15:13:00][INFO][Rank 0] - Saved new best auc model with auc: 0.9726 at /projects/retprogression/rgarridogarcia/checkpoints/cropped1024_cropped_centered_wt_allR_4/best_auc_model.pth
[2025-11-17 15:13:05][INFO][Rank 0] - Saved epoch checkpoint at /projects/retprogression/rgarridogarcia/checkpoints/cropped1024_cropped_centered_wt_allR_4/epoch_2.pth
[2025-11-17 15:13:05][INFO][Rank 0] - Epoch 2 summary:
[2025-11-17 15:13:05][INFO][Rank 0] -  Train Loss: 0.2647, Train Acc: 0.9816, Train F1: 0.9906
[2025-11-17 15:13:05][INFO][Rank 0] -  Train Balanced Acc: 0.7259, Train AUC: 0.9503
[2025-11-17 15:13:05][INFO][Rank 0] -  Train Sensitivity: 0.9955, Train Specificity: 0.4562
[2025-11-17 15:13:05][INFO][Rank 0] -  Val Loss: 0.1667, Val Acc: 0.9801, Val F1: 0.9898
[2025-11-17 15:13:05][INFO][Rank 0] -  Val Balanced Acc: 0.7532, Val AUC: 0.9726
[2025-11-17 15:13:05][INFO][Rank 0] -  Val Sensitivity: 0.9931, Val Specificity: 0.5133
[2025-11-17 15:13:05][INFO][Rank 0] -  Total Epoch Time: 1599.57s
[2025-11-17 15:13:05][INFO][Rank 0] - Epoch 3/24
[2025-11-17 15:13:05][INFO][Rank 0] - ----------
[2025-11-17 15:13:05][INFO][Rank 0] - CUDA Memory [train][Step 0]: Device 0: Allocated: 3309.6 MB, Reserved: 117540.0 MB (Δ: +1687.0 MB)
[2025-11-17 15:13:05][INFO][Rank 0] - train phase: total 1936 batches
[2025-11-17 15:13:05][INFO][Rank 0] - train Epoch 3/24: 0.0% (0/1936)
[2025-11-17 15:13:12][INFO][Rank 0] - train Epoch 3/24: 0.5% (10/1936)
[2025-11-17 15:13:19][INFO][Rank 0] - train Epoch 3/24: 1.0% (20/1936)
[2025-11-17 15:13:26][INFO][Rank 0] - train Epoch 3/24: 1.5% (30/1936)
[2025-11-17 15:13:33][INFO][Rank 0] - train Epoch 3/24: 2.1% (40/1936)
[2025-11-17 15:13:40][INFO][Rank 0] - train Epoch 3/24: 2.6% (50/1936)
[2025-11-17 15:13:47][INFO][Rank 0] - train Epoch 3/24: 3.1% (60/1936)
[2025-11-17 15:13:54][INFO][Rank 0] - train Epoch 3/24: 3.6% (70/1936)
[2025-11-17 15:14:01][INFO][Rank 0] - train Epoch 3/24: 4.1% (80/1936)
[2025-11-17 15:14:08][INFO][Rank 0] - train Epoch 3/24: 4.6% (90/1936)
[2025-11-17 15:14:09][INFO][Rank 0] - CUDA Memory [train][Step 90]: Device 0: Allocated: 3309.6 MB, Reserved: 117540.0 MB (Δ: +1687.0 MB)
[2025-11-17 15:14:15][INFO][Rank 0] - train Epoch 3/24: 5.2% (100/1936)
[2025-11-17 15:14:22][INFO][Rank 0] - train Epoch 3/24: 5.7% (110/1936)
[2025-11-17 15:14:29][INFO][Rank 0] - train Epoch 3/24: 6.2% (120/1936)
[2025-11-17 15:14:37][INFO][Rank 0] - train Epoch 3/24: 6.7% (130/1936)
[2025-11-17 15:14:44][INFO][Rank 0] - train Epoch 3/24: 7.2% (140/1936)
[2025-11-17 15:14:51][INFO][Rank 0] - train Epoch 3/24: 7.7% (150/1936)
[2025-11-17 15:14:58][INFO][Rank 0] - train Epoch 3/24: 8.3% (160/1936)
[2025-11-17 15:15:05][INFO][Rank 0] - train Epoch 3/24: 8.8% (170/1936)
[2025-11-17 15:15:12][INFO][Rank 0] - train Epoch 3/24: 9.3% (180/1936)
[2025-11-17 15:15:13][INFO][Rank 0] - CUDA Memory [train][Step 180]: Device 0: Allocated: 3309.6 MB, Reserved: 117540.0 MB (Δ: +1687.0 MB)
[2025-11-17 15:15:19][INFO][Rank 0] - train Epoch 3/24: 9.8% (190/1936)
[2025-11-17 15:15:26][INFO][Rank 0] - train Epoch 3/24: 10.3% (200/1936)
[2025-11-17 15:15:33][INFO][Rank 0] - train Epoch 3/24: 10.8% (210/1936)
[2025-11-17 15:15:40][INFO][Rank 0] - train Epoch 3/24: 11.4% (220/1936)
[2025-11-17 15:15:47][INFO][Rank 0] - train Epoch 3/24: 11.9% (230/1936)
[2025-11-17 15:15:54][INFO][Rank 0] - train Epoch 3/24: 12.4% (240/1936)
[2025-11-17 15:16:01][INFO][Rank 0] - train Epoch 3/24: 12.9% (250/1936)
[2025-11-17 15:16:08][INFO][Rank 0] - train Epoch 3/24: 13.4% (260/1936)
[2025-11-17 15:16:15][INFO][Rank 0] - train Epoch 3/24: 13.9% (270/1936)
[2025-11-17 15:16:16][INFO][Rank 0] - CUDA Memory [train][Step 270]: Device 0: Allocated: 3309.6 MB, Reserved: 117540.0 MB (Δ: +1687.0 MB)
[2025-11-17 15:16:22][INFO][Rank 0] - train Epoch 3/24: 14.5% (280/1936)
[2025-11-17 15:16:29][INFO][Rank 0] - train Epoch 3/24: 15.0% (290/1936)
[2025-11-17 15:16:36][INFO][Rank 0] - train Epoch 3/24: 15.5% (300/1936)
[2025-11-17 15:16:43][INFO][Rank 0] - train Epoch 3/24: 16.0% (310/1936)
[2025-11-17 15:16:50][INFO][Rank 0] - train Epoch 3/24: 16.5% (320/1936)
[2025-11-17 15:16:58][INFO][Rank 0] - train Epoch 3/24: 17.0% (330/1936)
[2025-11-17 15:17:05][INFO][Rank 0] - train Epoch 3/24: 17.6% (340/1936)
[2025-11-17 15:17:12][INFO][Rank 0] - train Epoch 3/24: 18.1% (350/1936)
[2025-11-17 15:17:19][INFO][Rank 0] - train Epoch 3/24: 18.6% (360/1936)
[2025-11-17 15:17:19][INFO][Rank 0] - CUDA Memory [train][Step 360]: Device 0: Allocated: 3309.6 MB, Reserved: 117540.0 MB (Δ: +1687.0 MB)
[2025-11-17 15:17:26][INFO][Rank 0] - train Epoch 3/24: 19.1% (370/1936)
[2025-11-17 15:17:33][INFO][Rank 0] - train Epoch 3/24: 19.6% (380/1936)
[2025-11-17 15:17:40][INFO][Rank 0] - train Epoch 3/24: 20.1% (390/1936)
[2025-11-17 15:17:47][INFO][Rank 0] - train Epoch 3/24: 20.7% (400/1936)
[2025-11-17 15:17:54][INFO][Rank 0] - train Epoch 3/24: 21.2% (410/1936)
[2025-11-17 15:18:01][INFO][Rank 0] - train Epoch 3/24: 21.7% (420/1936)
[2025-11-17 15:18:08][INFO][Rank 0] - train Epoch 3/24: 22.2% (430/1936)
[2025-11-17 15:18:15][INFO][Rank 0] - train Epoch 3/24: 22.7% (440/1936)
[2025-11-17 15:18:22][INFO][Rank 0] - train Epoch 3/24: 23.2% (450/1936)
[2025-11-17 15:18:23][INFO][Rank 0] - CUDA Memory [train][Step 450]: Device 0: Allocated: 3309.6 MB, Reserved: 117540.0 MB (Δ: +1687.0 MB)
[2025-11-17 15:18:29][INFO][Rank 0] - train Epoch 3/24: 23.8% (460/1936)
[2025-11-17 15:18:36][INFO][Rank 0] - train Epoch 3/24: 24.3% (470/1936)
[2025-11-17 15:18:43][INFO][Rank 0] - train Epoch 3/24: 24.8% (480/1936)
[2025-11-17 15:18:50][INFO][Rank 0] - train Epoch 3/24: 25.3% (490/1936)
[2025-11-17 15:18:57][INFO][Rank 0] - train Epoch 3/24: 25.8% (500/1936)
[2025-11-17 15:19:04][INFO][Rank 0] - train Epoch 3/24: 26.3% (510/1936)
[2025-11-17 15:19:12][INFO][Rank 0] - train Epoch 3/24: 26.9% (520/1936)
[2025-11-17 15:19:19][INFO][Rank 0] - train Epoch 3/24: 27.4% (530/1936)
[2025-11-17 15:19:26][INFO][Rank 0] - train Epoch 3/24: 27.9% (540/1936)
[2025-11-17 15:19:26][INFO][Rank 0] - CUDA Memory [train][Step 540]: Device 0: Allocated: 3309.6 MB, Reserved: 117540.0 MB (Δ: +1687.0 MB)
[2025-11-17 15:19:33][INFO][Rank 0] - train Epoch 3/24: 28.4% (550/1936)
[2025-11-17 15:19:40][INFO][Rank 0] - train Epoch 3/24: 28.9% (560/1936)
[2025-11-17 15:19:47][INFO][Rank 0] - train Epoch 3/24: 29.4% (570/1936)
[2025-11-17 15:19:54][INFO][Rank 0] - train Epoch 3/24: 30.0% (580/1936)
[2025-11-17 15:20:01][INFO][Rank 0] - train Epoch 3/24: 30.5% (590/1936)
[2025-11-17 15:20:08][INFO][Rank 0] - train Epoch 3/24: 31.0% (600/1936)
[2025-11-17 15:20:15][INFO][Rank 0] - train Epoch 3/24: 31.5% (610/1936)
[2025-11-17 15:20:22][INFO][Rank 0] - train Epoch 3/24: 32.0% (620/1936)
[2025-11-17 15:20:29][INFO][Rank 0] - train Epoch 3/24: 32.5% (630/1936)
[2025-11-17 15:20:30][INFO][Rank 0] - CUDA Memory [train][Step 630]: Device 0: Allocated: 3309.6 MB, Reserved: 117540.0 MB (Δ: +1687.0 MB)
[2025-11-17 15:20:36][INFO][Rank 0] - train Epoch 3/24: 33.1% (640/1936)
[2025-11-17 15:20:43][INFO][Rank 0] - train Epoch 3/24: 33.6% (650/1936)
[2025-11-17 15:20:50][INFO][Rank 0] - train Epoch 3/24: 34.1% (660/1936)
[2025-11-17 15:20:57][INFO][Rank 0] - train Epoch 3/24: 34.6% (670/1936)
[2025-11-17 15:21:04][INFO][Rank 0] - train Epoch 3/24: 35.1% (680/1936)
[2025-11-17 15:21:11][INFO][Rank 0] - train Epoch 3/24: 35.6% (690/1936)
[2025-11-17 15:21:18][INFO][Rank 0] - train Epoch 3/24: 36.2% (700/1936)
[2025-11-17 15:21:25][INFO][Rank 0] - train Epoch 3/24: 36.7% (710/1936)
[2025-11-17 15:21:33][INFO][Rank 0] - train Epoch 3/24: 37.2% (720/1936)
[2025-11-17 15:21:33][INFO][Rank 0] - CUDA Memory [train][Step 720]: Device 0: Allocated: 3309.6 MB, Reserved: 117540.0 MB (Δ: +1687.0 MB)
[2025-11-17 15:21:40][INFO][Rank 0] - train Epoch 3/24: 37.7% (730/1936)
[2025-11-17 15:21:47][INFO][Rank 0] - train Epoch 3/24: 38.2% (740/1936)
[2025-11-17 15:21:54][INFO][Rank 0] - train Epoch 3/24: 38.7% (750/1936)
[2025-11-17 15:22:01][INFO][Rank 0] - train Epoch 3/24: 39.3% (760/1936)
[2025-11-17 15:22:08][INFO][Rank 0] - train Epoch 3/24: 39.8% (770/1936)
[2025-11-17 15:22:15][INFO][Rank 0] - train Epoch 3/24: 40.3% (780/1936)
[2025-11-17 15:22:22][INFO][Rank 0] - train Epoch 3/24: 40.8% (790/1936)
[2025-11-17 15:22:29][INFO][Rank 0] - train Epoch 3/24: 41.3% (800/1936)
[2025-11-17 15:22:36][INFO][Rank 0] - train Epoch 3/24: 41.8% (810/1936)
[2025-11-17 15:22:37][INFO][Rank 0] - CUDA Memory [train][Step 810]: Device 0: Allocated: 3309.6 MB, Reserved: 117540.0 MB (Δ: +1687.0 MB)
[2025-11-17 15:22:43][INFO][Rank 0] - train Epoch 3/24: 42.4% (820/1936)
[2025-11-17 15:22:50][INFO][Rank 0] - train Epoch 3/24: 42.9% (830/1936)
[2025-11-17 15:22:57][INFO][Rank 0] - train Epoch 3/24: 43.4% (840/1936)
[2025-11-17 15:23:04][INFO][Rank 0] - train Epoch 3/24: 43.9% (850/1936)
[2025-11-17 15:23:11][INFO][Rank 0] - train Epoch 3/24: 44.4% (860/1936)
[2025-11-17 15:23:18][INFO][Rank 0] - train Epoch 3/24: 44.9% (870/1936)
[2025-11-17 15:23:25][INFO][Rank 0] - train Epoch 3/24: 45.5% (880/1936)
[2025-11-17 15:23:32][INFO][Rank 0] - train Epoch 3/24: 46.0% (890/1936)
[2025-11-17 15:23:39][INFO][Rank 0] - train Epoch 3/24: 46.5% (900/1936)
[2025-11-17 15:23:40][INFO][Rank 0] - CUDA Memory [train][Step 900]: Device 0: Allocated: 3309.6 MB, Reserved: 117540.0 MB (Δ: +1687.0 MB)
[2025-11-17 15:23:47][INFO][Rank 0] - train Epoch 3/24: 47.0% (910/1936)
[2025-11-17 15:23:54][INFO][Rank 0] - train Epoch 3/24: 47.5% (920/1936)
[2025-11-17 15:24:01][INFO][Rank 0] - train Epoch 3/24: 48.0% (930/1936)
[2025-11-17 15:24:08][INFO][Rank 0] - train Epoch 3/24: 48.6% (940/1936)
[2025-11-17 15:24:15][INFO][Rank 0] - train Epoch 3/24: 49.1% (950/1936)
[2025-11-17 15:24:22][INFO][Rank 0] - train Epoch 3/24: 49.6% (960/1936)
[2025-11-17 15:24:29][INFO][Rank 0] - train Epoch 3/24: 50.1% (970/1936)
[2025-11-17 15:24:36][INFO][Rank 0] - train Epoch 3/24: 50.6% (980/1936)
[2025-11-17 15:24:43][INFO][Rank 0] - train Epoch 3/24: 51.1% (990/1936)
[2025-11-17 15:24:44][INFO][Rank 0] - CUDA Memory [train][Step 990]: Device 0: Allocated: 3309.6 MB, Reserved: 117540.0 MB (Δ: +1687.0 MB)
[2025-11-17 15:24:50][INFO][Rank 0] - train Epoch 3/24: 51.7% (1000/1936)
[2025-11-17 15:24:57][INFO][Rank 0] - train Epoch 3/24: 52.2% (1010/1936)
[2025-11-17 15:25:04][INFO][Rank 0] - train Epoch 3/24: 52.7% (1020/1936)
[2025-11-17 15:25:11][INFO][Rank 0] - train Epoch 3/24: 53.2% (1030/1936)
[2025-11-17 15:25:18][INFO][Rank 0] - train Epoch 3/24: 53.7% (1040/1936)
[2025-11-17 15:25:25][INFO][Rank 0] - train Epoch 3/24: 54.2% (1050/1936)
[2025-11-17 15:25:32][INFO][Rank 0] - train Epoch 3/24: 54.8% (1060/1936)
[2025-11-17 15:25:39][INFO][Rank 0] - train Epoch 3/24: 55.3% (1070/1936)
[2025-11-17 15:25:46][INFO][Rank 0] - train Epoch 3/24: 55.8% (1080/1936)
[2025-11-17 15:25:47][INFO][Rank 0] - CUDA Memory [train][Step 1080]: Device 0: Allocated: 3309.6 MB, Reserved: 117540.0 MB (Δ: +1687.0 MB)
[2025-11-17 15:25:53][INFO][Rank 0] - train Epoch 3/24: 56.3% (1090/1936)
[2025-11-17 15:26:00][INFO][Rank 0] - train Epoch 3/24: 56.8% (1100/1936)
[2025-11-17 15:26:08][INFO][Rank 0] - train Epoch 3/24: 57.3% (1110/1936)
[2025-11-17 15:26:15][INFO][Rank 0] - train Epoch 3/24: 57.9% (1120/1936)
[2025-11-17 15:26:22][INFO][Rank 0] - train Epoch 3/24: 58.4% (1130/1936)
[2025-11-17 15:26:29][INFO][Rank 0] - train Epoch 3/24: 58.9% (1140/1936)
[2025-11-17 15:26:36][INFO][Rank 0] - train Epoch 3/24: 59.4% (1150/1936)
[2025-11-17 15:26:43][INFO][Rank 0] - train Epoch 3/24: 59.9% (1160/1936)
[2025-11-17 15:26:50][INFO][Rank 0] - train Epoch 3/24: 60.4% (1170/1936)
[2025-11-17 15:26:51][INFO][Rank 0] - CUDA Memory [train][Step 1170]: Device 0: Allocated: 3309.6 MB, Reserved: 117540.0 MB (Δ: +1687.0 MB)
[2025-11-17 15:26:57][INFO][Rank 0] - train Epoch 3/24: 61.0% (1180/1936)
[2025-11-17 15:27:04][INFO][Rank 0] - train Epoch 3/24: 61.5% (1190/1936)
[2025-11-17 15:27:11][INFO][Rank 0] - train Epoch 3/24: 62.0% (1200/1936)
[2025-11-17 15:27:18][INFO][Rank 0] - train Epoch 3/24: 62.5% (1210/1936)
[2025-11-17 15:27:25][INFO][Rank 0] - train Epoch 3/24: 63.0% (1220/1936)
[2025-11-17 15:27:32][INFO][Rank 0] - train Epoch 3/24: 63.5% (1230/1936)
[2025-11-17 15:27:39][INFO][Rank 0] - train Epoch 3/24: 64.0% (1240/1936)
[2025-11-17 15:27:46][INFO][Rank 0] - train Epoch 3/24: 64.6% (1250/1936)
[2025-11-17 15:27:53][INFO][Rank 0] - train Epoch 3/24: 65.1% (1260/1936)
[2025-11-17 15:27:54][INFO][Rank 0] - CUDA Memory [train][Step 1260]: Device 0: Allocated: 3309.6 MB, Reserved: 117540.0 MB (Δ: +1687.0 MB)
[2025-11-17 15:28:00][INFO][Rank 0] - train Epoch 3/24: 65.6% (1270/1936)
[2025-11-17 15:28:07][INFO][Rank 0] - train Epoch 3/24: 66.1% (1280/1936)
[2025-11-17 15:28:14][INFO][Rank 0] - train Epoch 3/24: 66.6% (1290/1936)
[2025-11-17 15:28:22][INFO][Rank 0] - train Epoch 3/24: 67.1% (1300/1936)
[2025-11-17 15:28:29][INFO][Rank 0] - train Epoch 3/24: 67.7% (1310/1936)
[2025-11-17 15:28:36][INFO][Rank 0] - train Epoch 3/24: 68.2% (1320/1936)
[2025-11-17 15:28:43][INFO][Rank 0] - train Epoch 3/24: 68.7% (1330/1936)
[2025-11-17 15:28:50][INFO][Rank 0] - train Epoch 3/24: 69.2% (1340/1936)
[2025-11-17 15:28:57][INFO][Rank 0] - train Epoch 3/24: 69.7% (1350/1936)
[2025-11-17 15:28:57][INFO][Rank 0] - CUDA Memory [train][Step 1350]: Device 0: Allocated: 3309.6 MB, Reserved: 117540.0 MB (Δ: +1687.0 MB)
[2025-11-17 15:29:04][INFO][Rank 0] - train Epoch 3/24: 70.2% (1360/1936)
[2025-11-17 15:29:11][INFO][Rank 0] - train Epoch 3/24: 70.8% (1370/1936)
[2025-11-17 15:29:18][INFO][Rank 0] - train Epoch 3/24: 71.3% (1380/1936)
[2025-11-17 15:29:25][INFO][Rank 0] - train Epoch 3/24: 71.8% (1390/1936)
[2025-11-17 15:29:32][INFO][Rank 0] - train Epoch 3/24: 72.3% (1400/1936)
[2025-11-17 15:29:39][INFO][Rank 0] - train Epoch 3/24: 72.8% (1410/1936)
[2025-11-17 15:29:46][INFO][Rank 0] - train Epoch 3/24: 73.3% (1420/1936)
[2025-11-17 15:29:53][INFO][Rank 0] - train Epoch 3/24: 73.9% (1430/1936)
[2025-11-17 15:30:00][INFO][Rank 0] - train Epoch 3/24: 74.4% (1440/1936)
[2025-11-17 15:30:01][INFO][Rank 0] - CUDA Memory [train][Step 1440]: Device 0: Allocated: 3309.6 MB, Reserved: 117540.0 MB (Δ: +1687.0 MB)
[2025-11-17 15:30:07][INFO][Rank 0] - train Epoch 3/24: 74.9% (1450/1936)
[2025-11-17 15:30:14][INFO][Rank 0] - train Epoch 3/24: 75.4% (1460/1936)
[2025-11-17 15:30:21][INFO][Rank 0] - train Epoch 3/24: 75.9% (1470/1936)
[2025-11-17 15:30:28][INFO][Rank 0] - train Epoch 3/24: 76.4% (1480/1936)
[2025-11-17 15:30:35][INFO][Rank 0] - train Epoch 3/24: 77.0% (1490/1936)
[2025-11-17 15:30:43][INFO][Rank 0] - train Epoch 3/24: 77.5% (1500/1936)
[2025-11-17 15:30:50][INFO][Rank 0] - train Epoch 3/24: 78.0% (1510/1936)
[2025-11-17 15:30:57][INFO][Rank 0] - train Epoch 3/24: 78.5% (1520/1936)
[2025-11-17 15:31:04][INFO][Rank 0] - train Epoch 3/24: 79.0% (1530/1936)
[2025-11-17 15:31:04][INFO][Rank 0] - CUDA Memory [train][Step 1530]: Device 0: Allocated: 3309.6 MB, Reserved: 117540.0 MB (Δ: +1687.0 MB)
[2025-11-17 15:31:11][INFO][Rank 0] - train Epoch 3/24: 79.5% (1540/1936)
[2025-11-17 15:31:18][INFO][Rank 0] - train Epoch 3/24: 80.1% (1550/1936)
[2025-11-17 15:31:25][INFO][Rank 0] - train Epoch 3/24: 80.6% (1560/1936)
[2025-11-17 15:31:32][INFO][Rank 0] - train Epoch 3/24: 81.1% (1570/1936)
[2025-11-17 15:31:39][INFO][Rank 0] - train Epoch 3/24: 81.6% (1580/1936)
[2025-11-17 15:31:46][INFO][Rank 0] - train Epoch 3/24: 82.1% (1590/1936)
[2025-11-17 15:31:53][INFO][Rank 0] - train Epoch 3/24: 82.6% (1600/1936)
[2025-11-17 15:32:00][INFO][Rank 0] - train Epoch 3/24: 83.2% (1610/1936)
[2025-11-17 15:32:07][INFO][Rank 0] - train Epoch 3/24: 83.7% (1620/1936)
[2025-11-17 15:32:08][INFO][Rank 0] - CUDA Memory [train][Step 1620]: Device 0: Allocated: 3309.6 MB, Reserved: 117540.0 MB (Δ: +1687.0 MB)
[2025-11-17 15:32:14][INFO][Rank 0] - train Epoch 3/24: 84.2% (1630/1936)
[2025-11-17 15:32:21][INFO][Rank 0] - train Epoch 3/24: 84.7% (1640/1936)
[2025-11-17 15:32:28][INFO][Rank 0] - train Epoch 3/24: 85.2% (1650/1936)
[2025-11-17 15:32:35][INFO][Rank 0] - train Epoch 3/24: 85.7% (1660/1936)
[2025-11-17 15:32:42][INFO][Rank 0] - train Epoch 3/24: 86.3% (1670/1936)
[2025-11-17 15:32:49][INFO][Rank 0] - train Epoch 3/24: 86.8% (1680/1936)
[2025-11-17 15:32:56][INFO][Rank 0] - train Epoch 3/24: 87.3% (1690/1936)
[2025-11-17 15:33:04][INFO][Rank 0] - train Epoch 3/24: 87.8% (1700/1936)
[2025-11-17 15:33:11][INFO][Rank 0] - train Epoch 3/24: 88.3% (1710/1936)
[2025-11-17 15:33:11][INFO][Rank 0] - CUDA Memory [train][Step 1710]: Device 0: Allocated: 3309.6 MB, Reserved: 117540.0 MB (Δ: +1687.0 MB)
[2025-11-17 15:33:18][INFO][Rank 0] - train Epoch 3/24: 88.8% (1720/1936)
[2025-11-17 15:33:25][INFO][Rank 0] - train Epoch 3/24: 89.4% (1730/1936)
[2025-11-17 15:33:32][INFO][Rank 0] - train Epoch 3/24: 89.9% (1740/1936)
[2025-11-17 15:33:39][INFO][Rank 0] - train Epoch 3/24: 90.4% (1750/1936)
[2025-11-17 15:33:46][INFO][Rank 0] - train Epoch 3/24: 90.9% (1760/1936)
[2025-11-17 15:33:53][INFO][Rank 0] - train Epoch 3/24: 91.4% (1770/1936)
[2025-11-17 15:34:00][INFO][Rank 0] - train Epoch 3/24: 91.9% (1780/1936)
[2025-11-17 15:34:07][INFO][Rank 0] - train Epoch 3/24: 92.5% (1790/1936)
[2025-11-17 15:34:14][INFO][Rank 0] - train Epoch 3/24: 93.0% (1800/1936)
[2025-11-17 15:34:15][INFO][Rank 0] - CUDA Memory [train][Step 1800]: Device 0: Allocated: 3309.6 MB, Reserved: 117540.0 MB (Δ: +1687.0 MB)
[2025-11-17 15:34:21][INFO][Rank 0] - train Epoch 3/24: 93.5% (1810/1936)
[2025-11-17 15:34:28][INFO][Rank 0] - train Epoch 3/24: 94.0% (1820/1936)
[2025-11-17 15:34:35][INFO][Rank 0] - train Epoch 3/24: 94.5% (1830/1936)
[2025-11-17 15:34:42][INFO][Rank 0] - train Epoch 3/24: 95.0% (1840/1936)
[2025-11-17 15:34:49][INFO][Rank 0] - train Epoch 3/24: 95.6% (1850/1936)
[2025-11-17 15:34:56][INFO][Rank 0] - train Epoch 3/24: 96.1% (1860/1936)
[2025-11-17 15:35:03][INFO][Rank 0] - train Epoch 3/24: 96.6% (1870/1936)
[2025-11-17 15:35:10][INFO][Rank 0] - train Epoch 3/24: 97.1% (1880/1936)
[2025-11-17 15:35:17][INFO][Rank 0] - train Epoch 3/24: 97.6% (1890/1936)
[2025-11-17 15:35:18][INFO][Rank 0] - CUDA Memory [train][Step 1890]: Device 0: Allocated: 3309.6 MB, Reserved: 117540.0 MB (Δ: +1687.0 MB)
[2025-11-17 15:35:25][INFO][Rank 0] - train Epoch 3/24: 98.1% (1900/1936)
[2025-11-17 15:35:32][INFO][Rank 0] - train Epoch 3/24: 98.7% (1910/1936)
[2025-11-17 15:35:39][INFO][Rank 0] - train Epoch 3/24: 99.2% (1920/1936)
[2025-11-17 15:35:46][INFO][Rank 0] - train Epoch 3/24: 99.7% (1930/1936)
[2025-11-17 15:35:49][INFO][Rank 0] - train Epoch 3/24: 99.9% (1935/1936)
[2025-11-17 15:35:50][INFO][Rank 0] - train Loss: 0.2221 Acc: 0.9807 F1: 0.9901
[2025-11-17 15:35:50][INFO][Rank 0] - train Balanced Acc: 0.7991 AUC-ROC: 0.9604
[2025-11-17 15:35:50][INFO][Rank 0] - train Sensitivity: 0.9907 Specificity: 0.6076
[2025-11-17 15:35:50][INFO][Rank 0] - train Confusion Matrix: TP=18682, FP=197, FN=176, TN=305
[2025-11-17 15:35:50][INFO][Rank 0] - train completed in 1365.40s
[2025-11-17 15:35:50][INFO][Rank 0] - Data loading time: 0.94s, Forward time: 277.98s, Backward time: 739.95s
[2025-11-17 15:35:50][INFO][Rank 0] - train cache: 0/1 items, hit rate: 0.00%
[2025-11-17 15:35:50][INFO][Rank 0] - CUDA Memory [val][Step 0]: Device 0: Allocated: 3309.6 MB, Reserved: 117540.0 MB (Δ: +1687.0 MB)
[2025-11-17 15:35:50][INFO][Rank 0] - val phase: total 418 batches
[2025-11-17 15:35:50][INFO][Rank 0] - val Epoch 3/24: 0.0% (0/418)
[2025-11-17 15:35:55][INFO][Rank 0] - val Epoch 3/24: 2.4% (10/418)
[2025-11-17 15:36:00][INFO][Rank 0] - val Epoch 3/24: 4.8% (20/418)
[2025-11-17 15:36:05][INFO][Rank 0] - val Epoch 3/24: 7.2% (30/418)
[2025-11-17 15:36:10][INFO][Rank 0] - val Epoch 3/24: 9.6% (40/418)
[2025-11-17 15:36:15][INFO][Rank 0] - val Epoch 3/24: 12.0% (50/418)
[2025-11-17 15:36:20][INFO][Rank 0] - val Epoch 3/24: 14.4% (60/418)
[2025-11-17 15:36:25][INFO][Rank 0] - val Epoch 3/24: 16.7% (70/418)
[2025-11-17 15:36:30][INFO][Rank 0] - val Epoch 3/24: 19.1% (80/418)
[2025-11-17 15:36:35][INFO][Rank 0] - val Epoch 3/24: 21.5% (90/418)
[2025-11-17 15:36:40][INFO][Rank 0] - val Epoch 3/24: 23.9% (100/418)
[2025-11-17 15:36:45][INFO][Rank 0] - val Epoch 3/24: 26.3% (110/418)
[2025-11-17 15:36:50][INFO][Rank 0] - val Epoch 3/24: 28.7% (120/418)
[2025-11-17 15:36:50][INFO][Rank 0] - CUDA Memory [val][Step 120]: Device 0: Allocated: 3309.6 MB, Reserved: 117540.0 MB (Δ: +1687.0 MB)
[2025-11-17 15:36:55][INFO][Rank 0] - val Epoch 3/24: 31.1% (130/418)
[2025-11-17 15:37:00][INFO][Rank 0] - val Epoch 3/24: 33.5% (140/418)
[2025-11-17 15:37:05][INFO][Rank 0] - val Epoch 3/24: 35.9% (150/418)
[2025-11-17 15:37:10][INFO][Rank 0] - val Epoch 3/24: 38.3% (160/418)
[2025-11-17 15:37:14][INFO][Rank 0] - val Epoch 3/24: 40.7% (170/418)
[2025-11-17 15:37:19][INFO][Rank 0] - val Epoch 3/24: 43.1% (180/418)
[2025-11-17 15:37:24][INFO][Rank 0] - val Epoch 3/24: 45.5% (190/418)
[2025-11-17 15:37:29][INFO][Rank 0] - val Epoch 3/24: 47.8% (200/418)
[2025-11-17 15:37:34][INFO][Rank 0] - val Epoch 3/24: 50.2% (210/418)
[2025-11-17 15:37:39][INFO][Rank 0] - val Epoch 3/24: 52.6% (220/418)
[2025-11-17 15:37:44][INFO][Rank 0] - val Epoch 3/24: 55.0% (230/418)
[2025-11-17 15:37:49][INFO][Rank 0] - val Epoch 3/24: 57.4% (240/418)
[2025-11-17 15:37:54][INFO][Rank 0] - val Epoch 3/24: 59.8% (250/418)
[2025-11-17 15:37:59][INFO][Rank 0] - val Epoch 3/24: 62.2% (260/418)
[2025-11-17 15:38:04][INFO][Rank 0] - val Epoch 3/24: 64.6% (270/418)
[2025-11-17 15:38:05][INFO][Rank 0] - CUDA Memory [val][Step 270]: Device 0: Allocated: 3309.6 MB, Reserved: 117540.0 MB (Δ: +1687.0 MB)
[2025-11-17 15:38:09][INFO][Rank 0] - val Epoch 3/24: 67.0% (280/418)
[2025-11-17 15:38:14][INFO][Rank 0] - val Epoch 3/24: 69.4% (290/418)
[2025-11-17 15:38:19][INFO][Rank 0] - val Epoch 3/24: 71.8% (300/418)
[2025-11-17 15:38:24][INFO][Rank 0] - val Epoch 3/24: 74.2% (310/418)
[2025-11-17 15:38:29][INFO][Rank 0] - val Epoch 3/24: 76.6% (320/418)
[2025-11-17 15:38:34][INFO][Rank 0] - val Epoch 3/24: 78.9% (330/418)
[2025-11-17 15:38:39][INFO][Rank 0] - val Epoch 3/24: 81.3% (340/418)
[2025-11-17 15:38:44][INFO][Rank 0] - val Epoch 3/24: 83.7% (350/418)
[2025-11-17 15:38:49][INFO][Rank 0] - val Epoch 3/24: 86.1% (360/418)
[2025-11-17 15:38:54][INFO][Rank 0] - val Epoch 3/24: 88.5% (370/418)
[2025-11-17 15:38:59][INFO][Rank 0] - val Epoch 3/24: 90.9% (380/418)
[2025-11-17 15:39:04][INFO][Rank 0] - val Epoch 3/24: 93.3% (390/418)
[2025-11-17 15:39:09][INFO][Rank 0] - val Epoch 3/24: 95.7% (400/418)
[2025-11-17 15:39:14][INFO][Rank 0] - val Epoch 3/24: 98.1% (410/418)
[2025-11-17 15:39:17][INFO][Rank 0] - val Epoch 3/24: 99.8% (417/418)
[2025-11-17 15:39:18][INFO][Rank 0] - val Loss: 0.1428 Acc: 0.9766 F1: 0.9879
[2025-11-17 15:39:18][INFO][Rank 0] - val Balanced Acc: 0.8073 AUC-ROC: 0.9755
[2025-11-17 15:39:18][INFO][Rank 0] - val Sensitivity: 0.9862 Specificity: 0.6283
[2025-11-17 15:39:18][INFO][Rank 0] - val Confusion Matrix: TP=4011, FP=42, FN=56, TN=71
[2025-11-17 15:39:18][INFO][Rank 0] - val completed in 207.67s
[2025-11-17 15:39:18][INFO][Rank 0] - val cache: 0/1 items, hit rate: 0.00%
[2025-11-17 15:39:21][INFO][Rank 0] - Saved new best balanced_acc model with balanced_acc: 0.8073 at /projects/retprogression/rgarridogarcia/checkpoints/cropped1024_cropped_centered_wt_allR_4/best_balanced_acc_model.pth
[2025-11-17 15:39:25][INFO][Rank 0] - Also saved as general best model at /projects/retprogression/rgarridogarcia/checkpoints/cropped1024_cropped_centered_wt_allR_4/best_model.pth
[2025-11-17 15:39:30][INFO][Rank 0] - Saved new best auc model with auc: 0.9755 at /projects/retprogression/rgarridogarcia/checkpoints/cropped1024_cropped_centered_wt_allR_4/best_auc_model.pth
[2025-11-17 15:39:34][INFO][Rank 0] - Saved epoch checkpoint at /projects/retprogression/rgarridogarcia/checkpoints/cropped1024_cropped_centered_wt_allR_4/epoch_3.pth
[2025-11-17 15:39:34][INFO][Rank 0] - Epoch 3 summary:
[2025-11-17 15:39:34][INFO][Rank 0] -  Train Loss: 0.2221, Train Acc: 0.9807, Train F1: 0.9901
[2025-11-17 15:39:34][INFO][Rank 0] -  Train Balanced Acc: 0.7991, Train AUC: 0.9604
[2025-11-17 15:39:34][INFO][Rank 0] -  Train Sensitivity: 0.9907, Train Specificity: 0.6076
[2025-11-17 15:39:34][INFO][Rank 0] -  Val Loss: 0.1428, Val Acc: 0.9766, Val F1: 0.9879
[2025-11-17 15:39:34][INFO][Rank 0] -  Val Balanced Acc: 0.8073, Val AUC: 0.9755
[2025-11-17 15:39:34][INFO][Rank 0] -  Val Sensitivity: 0.9862, Val Specificity: 0.6283
[2025-11-17 15:39:34][INFO][Rank 0] -  Total Epoch Time: 1589.06s
[2025-11-17 15:39:34][INFO][Rank 0] - Epoch 4/24
[2025-11-17 15:39:34][INFO][Rank 0] - ----------
[2025-11-17 15:39:34][INFO][Rank 0] - CUDA Memory [train][Step 0]: Device 0: Allocated: 3309.6 MB, Reserved: 117540.0 MB (Δ: +1687.0 MB)
[2025-11-17 15:39:34][INFO][Rank 0] - train phase: total 1936 batches
[2025-11-17 15:39:34][INFO][Rank 0] - train Epoch 4/24: 0.0% (0/1936)
[2025-11-17 15:39:41][INFO][Rank 0] - train Epoch 4/24: 0.5% (10/1936)
[2025-11-17 15:39:48][INFO][Rank 0] - train Epoch 4/24: 1.0% (20/1936)
[2025-11-17 15:39:55][INFO][Rank 0] - train Epoch 4/24: 1.5% (30/1936)
[2025-11-17 15:40:02][INFO][Rank 0] - train Epoch 4/24: 2.1% (40/1936)
[2025-11-17 15:40:09][INFO][Rank 0] - train Epoch 4/24: 2.6% (50/1936)
[2025-11-17 15:40:17][INFO][Rank 0] - train Epoch 4/24: 3.1% (60/1936)
[2025-11-17 15:40:24][INFO][Rank 0] - train Epoch 4/24: 3.6% (70/1936)
[2025-11-17 15:40:31][INFO][Rank 0] - train Epoch 4/24: 4.1% (80/1936)
[2025-11-17 15:40:38][INFO][Rank 0] - train Epoch 4/24: 4.6% (90/1936)
[2025-11-17 15:40:38][INFO][Rank 0] - CUDA Memory [train][Step 90]: Device 0: Allocated: 3309.6 MB, Reserved: 117540.0 MB (Δ: +1687.0 MB)
[2025-11-17 15:40:45][INFO][Rank 0] - train Epoch 4/24: 5.2% (100/1936)
[2025-11-17 15:40:52][INFO][Rank 0] - train Epoch 4/24: 5.7% (110/1936)
[2025-11-17 15:40:59][INFO][Rank 0] - train Epoch 4/24: 6.2% (120/1936)
[2025-11-17 15:41:06][INFO][Rank 0] - train Epoch 4/24: 6.7% (130/1936)
[2025-11-17 15:41:13][INFO][Rank 0] - train Epoch 4/24: 7.2% (140/1936)
[2025-11-17 15:41:20][INFO][Rank 0] - train Epoch 4/24: 7.7% (150/1936)
[2025-11-17 15:41:27][INFO][Rank 0] - train Epoch 4/24: 8.3% (160/1936)
[2025-11-17 15:41:34][INFO][Rank 0] - train Epoch 4/24: 8.8% (170/1936)
[2025-11-17 15:41:41][INFO][Rank 0] - train Epoch 4/24: 9.3% (180/1936)
[2025-11-17 15:41:42][INFO][Rank 0] - CUDA Memory [train][Step 180]: Device 0: Allocated: 3309.6 MB, Reserved: 117540.0 MB (Δ: +1687.0 MB)
[2025-11-17 15:41:48][INFO][Rank 0] - train Epoch 4/24: 9.8% (190/1936)
[2025-11-17 15:41:55][INFO][Rank 0] - train Epoch 4/24: 10.3% (200/1936)
[2025-11-17 15:42:02][INFO][Rank 0] - train Epoch 4/24: 10.8% (210/1936)
[2025-11-17 15:42:09][INFO][Rank 0] - train Epoch 4/24: 11.4% (220/1936)
[2025-11-17 15:42:16][INFO][Rank 0] - train Epoch 4/24: 11.9% (230/1936)
[2025-11-17 15:42:23][INFO][Rank 0] - train Epoch 4/24: 12.4% (240/1936)
[2025-11-17 15:42:30][INFO][Rank 0] - train Epoch 4/24: 12.9% (250/1936)
[2025-11-17 15:42:37][INFO][Rank 0] - train Epoch 4/24: 13.4% (260/1936)
[2025-11-17 15:42:45][INFO][Rank 0] - train Epoch 4/24: 13.9% (270/1936)
[2025-11-17 15:42:45][INFO][Rank 0] - CUDA Memory [train][Step 270]: Device 0: Allocated: 3309.6 MB, Reserved: 117540.0 MB (Δ: +1687.0 MB)
[2025-11-17 15:42:52][INFO][Rank 0] - train Epoch 4/24: 14.5% (280/1936)
[2025-11-17 15:42:59][INFO][Rank 0] - train Epoch 4/24: 15.0% (290/1936)
[2025-11-17 15:43:06][INFO][Rank 0] - train Epoch 4/24: 15.5% (300/1936)
[2025-11-17 15:43:13][INFO][Rank 0] - train Epoch 4/24: 16.0% (310/1936)
[2025-11-17 15:43:20][INFO][Rank 0] - train Epoch 4/24: 16.5% (320/1936)
[2025-11-17 15:43:27][INFO][Rank 0] - train Epoch 4/24: 17.0% (330/1936)
[2025-11-17 15:43:34][INFO][Rank 0] - train Epoch 4/24: 17.6% (340/1936)
[2025-11-17 15:43:41][INFO][Rank 0] - train Epoch 4/24: 18.1% (350/1936)
[2025-11-17 15:43:48][INFO][Rank 0] - train Epoch 4/24: 18.6% (360/1936)
[2025-11-17 15:43:49][INFO][Rank 0] - CUDA Memory [train][Step 360]: Device 0: Allocated: 3309.6 MB, Reserved: 117540.0 MB (Δ: +1687.0 MB)
[2025-11-17 15:43:55][INFO][Rank 0] - train Epoch 4/24: 19.1% (370/1936)
[2025-11-17 15:44:02][INFO][Rank 0] - train Epoch 4/24: 19.6% (380/1936)
[2025-11-17 15:44:09][INFO][Rank 0] - train Epoch 4/24: 20.1% (390/1936)
[2025-11-17 15:44:16][INFO][Rank 0] - train Epoch 4/24: 20.7% (400/1936)
[2025-11-17 15:44:23][INFO][Rank 0] - train Epoch 4/24: 21.2% (410/1936)
[2025-11-17 15:44:30][INFO][Rank 0] - train Epoch 4/24: 21.7% (420/1936)
[2025-11-17 15:44:37][INFO][Rank 0] - train Epoch 4/24: 22.2% (430/1936)
[2025-11-17 15:44:44][INFO][Rank 0] - train Epoch 4/24: 22.7% (440/1936)
[2025-11-17 15:44:51][INFO][Rank 0] - train Epoch 4/24: 23.2% (450/1936)
[2025-11-17 15:44:52][INFO][Rank 0] - CUDA Memory [train][Step 450]: Device 0: Allocated: 3309.6 MB, Reserved: 117540.0 MB (Δ: +1687.0 MB)
[2025-11-17 15:44:58][INFO][Rank 0] - train Epoch 4/24: 23.8% (460/1936)
[2025-11-17 15:45:06][INFO][Rank 0] - train Epoch 4/24: 24.3% (470/1936)
[2025-11-17 15:45:13][INFO][Rank 0] - train Epoch 4/24: 24.8% (480/1936)
[2025-11-17 15:45:20][INFO][Rank 0] - train Epoch 4/24: 25.3% (490/1936)
[2025-11-17 15:45:27][INFO][Rank 0] - train Epoch 4/24: 25.8% (500/1936)
[2025-11-17 15:45:34][INFO][Rank 0] - train Epoch 4/24: 26.3% (510/1936)
[2025-11-17 15:45:41][INFO][Rank 0] - train Epoch 4/24: 26.9% (520/1936)
[2025-11-17 15:45:48][INFO][Rank 0] - train Epoch 4/24: 27.4% (530/1936)
[2025-11-17 15:45:55][INFO][Rank 0] - train Epoch 4/24: 27.9% (540/1936)
[2025-11-17 15:45:56][INFO][Rank 0] - CUDA Memory [train][Step 540]: Device 0: Allocated: 3309.6 MB, Reserved: 117540.0 MB (Δ: +1687.0 MB)
[2025-11-17 15:46:02][INFO][Rank 0] - train Epoch 4/24: 28.4% (550/1936)
[2025-11-17 15:46:09][INFO][Rank 0] - train Epoch 4/24: 28.9% (560/1936)
[2025-11-17 15:46:16][INFO][Rank 0] - train Epoch 4/24: 29.4% (570/1936)
[2025-11-17 15:46:23][INFO][Rank 0] - train Epoch 4/24: 30.0% (580/1936)
[2025-11-17 15:46:30][INFO][Rank 0] - train Epoch 4/24: 30.5% (590/1936)
[2025-11-17 15:46:37][INFO][Rank 0] - train Epoch 4/24: 31.0% (600/1936)
[2025-11-17 15:46:44][INFO][Rank 0] - train Epoch 4/24: 31.5% (610/1936)
[2025-11-17 15:46:51][INFO][Rank 0] - train Epoch 4/24: 32.0% (620/1936)
[2025-11-17 15:46:58][INFO][Rank 0] - train Epoch 4/24: 32.5% (630/1936)
[2025-11-17 15:46:59][INFO][Rank 0] - CUDA Memory [train][Step 630]: Device 0: Allocated: 3309.6 MB, Reserved: 117540.0 MB (Δ: +1687.0 MB)
[2025-11-17 15:47:05][INFO][Rank 0] - train Epoch 4/24: 33.1% (640/1936)
[2025-11-17 15:47:12][INFO][Rank 0] - train Epoch 4/24: 33.6% (650/1936)
[2025-11-17 15:47:19][INFO][Rank 0] - train Epoch 4/24: 34.1% (660/1936)
[2025-11-17 15:47:27][INFO][Rank 0] - train Epoch 4/24: 34.6% (670/1936)
[2025-11-17 15:47:34][INFO][Rank 0] - train Epoch 4/24: 35.1% (680/1936)
[2025-11-17 15:47:41][INFO][Rank 0] - train Epoch 4/24: 35.6% (690/1936)
[2025-11-17 15:47:48][INFO][Rank 0] - train Epoch 4/24: 36.2% (700/1936)
[2025-11-17 15:47:55][INFO][Rank 0] - train Epoch 4/24: 36.7% (710/1936)
[2025-11-17 15:48:02][INFO][Rank 0] - train Epoch 4/24: 37.2% (720/1936)
[2025-11-17 15:48:03][INFO][Rank 0] - CUDA Memory [train][Step 720]: Device 0: Allocated: 3309.6 MB, Reserved: 117540.0 MB (Δ: +1687.0 MB)
[2025-11-17 15:48:09][INFO][Rank 0] - train Epoch 4/24: 37.7% (730/1936)
[2025-11-17 15:48:16][INFO][Rank 0] - train Epoch 4/24: 38.2% (740/1936)
[2025-11-17 15:48:23][INFO][Rank 0] - train Epoch 4/24: 38.7% (750/1936)
[2025-11-17 15:48:30][INFO][Rank 0] - train Epoch 4/24: 39.3% (760/1936)
[2025-11-17 15:48:37][INFO][Rank 0] - train Epoch 4/24: 39.8% (770/1936)
[2025-11-17 15:48:44][INFO][Rank 0] - train Epoch 4/24: 40.3% (780/1936)
[2025-11-17 15:48:51][INFO][Rank 0] - train Epoch 4/24: 40.8% (790/1936)
[2025-11-17 15:48:58][INFO][Rank 0] - train Epoch 4/24: 41.3% (800/1936)
[2025-11-17 15:49:05][INFO][Rank 0] - train Epoch 4/24: 41.8% (810/1936)
[2025-11-17 15:49:06][INFO][Rank 0] - CUDA Memory [train][Step 810]: Device 0: Allocated: 3309.6 MB, Reserved: 117540.0 MB (Δ: +1687.0 MB)
[2025-11-17 15:49:12][INFO][Rank 0] - train Epoch 4/24: 42.4% (820/1936)
[2025-11-17 15:49:19][INFO][Rank 0] - train Epoch 4/24: 42.9% (830/1936)
[2025-11-17 15:49:26][INFO][Rank 0] - train Epoch 4/24: 43.4% (840/1936)
[2025-11-17 15:49:33][INFO][Rank 0] - train Epoch 4/24: 43.9% (850/1936)
[2025-11-17 15:49:41][INFO][Rank 0] - train Epoch 4/24: 44.4% (860/1936)
[2025-11-17 15:49:48][INFO][Rank 0] - train Epoch 4/24: 44.9% (870/1936)
[2025-11-17 15:49:55][INFO][Rank 0] - train Epoch 4/24: 45.5% (880/1936)
[2025-11-17 15:50:02][INFO][Rank 0] - train Epoch 4/24: 46.0% (890/1936)
[2025-11-17 15:50:09][INFO][Rank 0] - train Epoch 4/24: 46.5% (900/1936)
[2025-11-17 15:50:09][INFO][Rank 0] - CUDA Memory [train][Step 900]: Device 0: Allocated: 3309.6 MB, Reserved: 117540.0 MB (Δ: +1687.0 MB)
[2025-11-17 15:50:16][INFO][Rank 0] - train Epoch 4/24: 47.0% (910/1936)
[2025-11-17 15:50:23][INFO][Rank 0] - train Epoch 4/24: 47.5% (920/1936)
[2025-11-17 15:50:30][INFO][Rank 0] - train Epoch 4/24: 48.0% (930/1936)
[2025-11-17 15:50:37][INFO][Rank 0] - train Epoch 4/24: 48.6% (940/1936)
[2025-11-17 15:50:44][INFO][Rank 0] - train Epoch 4/24: 49.1% (950/1936)
[2025-11-17 15:50:51][INFO][Rank 0] - train Epoch 4/24: 49.6% (960/1936)
[2025-11-17 15:50:58][INFO][Rank 0] - train Epoch 4/24: 50.1% (970/1936)
[2025-11-17 15:51:05][INFO][Rank 0] - train Epoch 4/24: 50.6% (980/1936)
[2025-11-17 15:51:12][INFO][Rank 0] - train Epoch 4/24: 51.1% (990/1936)
[2025-11-17 15:51:13][INFO][Rank 0] - CUDA Memory [train][Step 990]: Device 0: Allocated: 3309.6 MB, Reserved: 117540.0 MB (Δ: +1687.0 MB)
[2025-11-17 15:51:19][INFO][Rank 0] - train Epoch 4/24: 51.7% (1000/1936)
[2025-11-17 15:51:26][INFO][Rank 0] - train Epoch 4/24: 52.2% (1010/1936)
[2025-11-17 15:51:33][INFO][Rank 0] - train Epoch 4/24: 52.7% (1020/1936)
[2025-11-17 15:51:40][INFO][Rank 0] - train Epoch 4/24: 53.2% (1030/1936)
[2025-11-17 15:51:47][INFO][Rank 0] - train Epoch 4/24: 53.7% (1040/1936)
[2025-11-17 15:51:54][INFO][Rank 0] - train Epoch 4/24: 54.2% (1050/1936)
[2025-11-17 15:52:02][INFO][Rank 0] - train Epoch 4/24: 54.8% (1060/1936)
[2025-11-17 15:52:09][INFO][Rank 0] - train Epoch 4/24: 55.3% (1070/1936)
[2025-11-17 15:52:16][INFO][Rank 0] - train Epoch 4/24: 55.8% (1080/1936)
[2025-11-17 15:52:16][INFO][Rank 0] - CUDA Memory [train][Step 1080]: Device 0: Allocated: 3309.6 MB, Reserved: 117540.0 MB (Δ: +1687.0 MB)
[2025-11-17 15:52:23][INFO][Rank 0] - train Epoch 4/24: 56.3% (1090/1936)
[2025-11-17 15:52:30][INFO][Rank 0] - train Epoch 4/24: 56.8% (1100/1936)
[2025-11-17 15:52:37][INFO][Rank 0] - train Epoch 4/24: 57.3% (1110/1936)
[2025-11-17 15:52:44][INFO][Rank 0] - train Epoch 4/24: 57.9% (1120/1936)
[2025-11-17 15:52:51][INFO][Rank 0] - train Epoch 4/24: 58.4% (1130/1936)
[2025-11-17 15:52:58][INFO][Rank 0] - train Epoch 4/24: 58.9% (1140/1936)
[2025-11-17 15:53:05][INFO][Rank 0] - train Epoch 4/24: 59.4% (1150/1936)
[2025-11-17 15:53:12][INFO][Rank 0] - train Epoch 4/24: 59.9% (1160/1936)
[2025-11-17 15:53:19][INFO][Rank 0] - train Epoch 4/24: 60.4% (1170/1936)
[2025-11-17 15:53:20][INFO][Rank 0] - CUDA Memory [train][Step 1170]: Device 0: Allocated: 3309.6 MB, Reserved: 117540.0 MB (Δ: +1687.0 MB)
[2025-11-17 15:53:26][INFO][Rank 0] - train Epoch 4/24: 61.0% (1180/1936)
[2025-11-17 15:53:33][INFO][Rank 0] - train Epoch 4/24: 61.5% (1190/1936)
[2025-11-17 15:53:40][INFO][Rank 0] - train Epoch 4/24: 62.0% (1200/1936)
[2025-11-17 15:53:47][INFO][Rank 0] - train Epoch 4/24: 62.5% (1210/1936)
[2025-11-17 15:53:54][INFO][Rank 0] - train Epoch 4/24: 63.0% (1220/1936)
[2025-11-17 15:54:01][INFO][Rank 0] - train Epoch 4/24: 63.5% (1230/1936)
[2025-11-17 15:54:08][INFO][Rank 0] - train Epoch 4/24: 64.0% (1240/1936)
[2025-11-17 15:54:15][INFO][Rank 0] - train Epoch 4/24: 64.6% (1250/1936)
[2025-11-17 15:54:22][INFO][Rank 0] - train Epoch 4/24: 65.1% (1260/1936)
[2025-11-17 15:54:23][INFO][Rank 0] - CUDA Memory [train][Step 1260]: Device 0: Allocated: 3309.6 MB, Reserved: 117540.0 MB (Δ: +1687.0 MB)
[2025-11-17 15:54:30][INFO][Rank 0] - train Epoch 4/24: 65.6% (1270/1936)
[2025-11-17 15:54:37][INFO][Rank 0] - train Epoch 4/24: 66.1% (1280/1936)
[2025-11-17 15:54:44][INFO][Rank 0] - train Epoch 4/24: 66.6% (1290/1936)
[2025-11-17 15:54:51][INFO][Rank 0] - train Epoch 4/24: 67.1% (1300/1936)
[2025-11-17 15:54:58][INFO][Rank 0] - train Epoch 4/24: 67.7% (1310/1936)
[2025-11-17 15:55:05][INFO][Rank 0] - train Epoch 4/24: 68.2% (1320/1936)
[2025-11-17 15:55:12][INFO][Rank 0] - train Epoch 4/24: 68.7% (1330/1936)
[2025-11-17 15:55:19][INFO][Rank 0] - train Epoch 4/24: 69.2% (1340/1936)
[2025-11-17 15:55:26][INFO][Rank 0] - train Epoch 4/24: 69.7% (1350/1936)
[2025-11-17 15:55:27][INFO][Rank 0] - CUDA Memory [train][Step 1350]: Device 0: Allocated: 3309.6 MB, Reserved: 117540.0 MB (Δ: +1687.0 MB)
[2025-11-17 15:55:33][INFO][Rank 0] - train Epoch 4/24: 70.2% (1360/1936)
[2025-11-17 15:55:40][INFO][Rank 0] - train Epoch 4/24: 70.8% (1370/1936)
[2025-11-17 15:55:47][INFO][Rank 0] - train Epoch 4/24: 71.3% (1380/1936)
[2025-11-17 15:55:54][INFO][Rank 0] - train Epoch 4/24: 71.8% (1390/1936)
[2025-11-17 15:56:01][INFO][Rank 0] - train Epoch 4/24: 72.3% (1400/1936)
[2025-11-17 15:56:08][INFO][Rank 0] - train Epoch 4/24: 72.8% (1410/1936)
[2025-11-17 15:56:15][INFO][Rank 0] - train Epoch 4/24: 73.3% (1420/1936)
[2025-11-17 15:56:22][INFO][Rank 0] - train Epoch 4/24: 73.9% (1430/1936)
[2025-11-17 15:56:29][INFO][Rank 0] - train Epoch 4/24: 74.4% (1440/1936)
[2025-11-17 15:56:30][INFO][Rank 0] - CUDA Memory [train][Step 1440]: Device 0: Allocated: 3309.6 MB, Reserved: 117540.0 MB (Δ: +1687.0 MB)
[2025-11-17 15:56:36][INFO][Rank 0] - train Epoch 4/24: 74.9% (1450/1936)
[2025-11-17 15:56:44][INFO][Rank 0] - train Epoch 4/24: 75.4% (1460/1936)
[2025-11-17 15:56:51][INFO][Rank 0] - train Epoch 4/24: 75.9% (1470/1936)
[2025-11-17 15:56:58][INFO][Rank 0] - train Epoch 4/24: 76.4% (1480/1936)
[2025-11-17 15:57:05][INFO][Rank 0] - train Epoch 4/24: 77.0% (1490/1936)
[2025-11-17 15:57:12][INFO][Rank 0] - train Epoch 4/24: 77.5% (1500/1936)
[2025-11-17 15:57:19][INFO][Rank 0] - train Epoch 4/24: 78.0% (1510/1936)
[2025-11-17 15:57:26][INFO][Rank 0] - train Epoch 4/24: 78.5% (1520/1936)
[2025-11-17 15:57:33][INFO][Rank 0] - train Epoch 4/24: 79.0% (1530/1936)
[2025-11-17 15:57:34][INFO][Rank 0] - CUDA Memory [train][Step 1530]: Device 0: Allocated: 3309.6 MB, Reserved: 117540.0 MB (Δ: +1687.0 MB)
[2025-11-17 15:57:40][INFO][Rank 0] - train Epoch 4/24: 79.5% (1540/1936)
[2025-11-17 15:57:47][INFO][Rank 0] - train Epoch 4/24: 80.1% (1550/1936)
[2025-11-17 15:57:54][INFO][Rank 0] - train Epoch 4/24: 80.6% (1560/1936)
[2025-11-17 15:58:01][INFO][Rank 0] - train Epoch 4/24: 81.1% (1570/1936)
[2025-11-17 15:58:08][INFO][Rank 0] - train Epoch 4/24: 81.6% (1580/1936)
[2025-11-17 15:58:15][INFO][Rank 0] - train Epoch 4/24: 82.1% (1590/1936)
[2025-11-17 15:58:22][INFO][Rank 0] - train Epoch 4/24: 82.6% (1600/1936)
[2025-11-17 15:58:29][INFO][Rank 0] - train Epoch 4/24: 83.2% (1610/1936)
[2025-11-17 15:58:36][INFO][Rank 0] - train Epoch 4/24: 83.7% (1620/1936)
[2025-11-17 15:58:37][INFO][Rank 0] - CUDA Memory [train][Step 1620]: Device 0: Allocated: 3309.6 MB, Reserved: 117540.0 MB (Δ: +1687.0 MB)
[2025-11-17 15:58:43][INFO][Rank 0] - train Epoch 4/24: 84.2% (1630/1936)
[2025-11-17 15:58:50][INFO][Rank 0] - train Epoch 4/24: 84.7% (1640/1936)
[2025-11-17 15:58:57][INFO][Rank 0] - train Epoch 4/24: 85.2% (1650/1936)
[2025-11-17 15:59:05][INFO][Rank 0] - train Epoch 4/24: 85.7% (1660/1936)
[2025-11-17 15:59:12][INFO][Rank 0] - train Epoch 4/24: 86.3% (1670/1936)
[2025-11-17 15:59:19][INFO][Rank 0] - train Epoch 4/24: 86.8% (1680/1936)
[2025-11-17 15:59:26][INFO][Rank 0] - train Epoch 4/24: 87.3% (1690/1936)
[2025-11-17 15:59:33][INFO][Rank 0] - train Epoch 4/24: 87.8% (1700/1936)
[2025-11-17 15:59:40][INFO][Rank 0] - train Epoch 4/24: 88.3% (1710/1936)
[2025-11-17 15:59:40][INFO][Rank 0] - CUDA Memory [train][Step 1710]: Device 0: Allocated: 3309.6 MB, Reserved: 117540.0 MB (Δ: +1687.0 MB)
[2025-11-17 15:59:47][INFO][Rank 0] - train Epoch 4/24: 88.8% (1720/1936)
[2025-11-17 15:59:54][INFO][Rank 0] - train Epoch 4/24: 89.4% (1730/1936)
[2025-11-17 16:00:01][INFO][Rank 0] - train Epoch 4/24: 89.9% (1740/1936)
[2025-11-17 16:00:08][INFO][Rank 0] - train Epoch 4/24: 90.4% (1750/1936)
[2025-11-17 16:00:15][INFO][Rank 0] - train Epoch 4/24: 90.9% (1760/1936)
[2025-11-17 16:00:22][INFO][Rank 0] - train Epoch 4/24: 91.4% (1770/1936)
[2025-11-17 16:00:29][INFO][Rank 0] - train Epoch 4/24: 91.9% (1780/1936)
[2025-11-17 16:00:36][INFO][Rank 0] - train Epoch 4/24: 92.5% (1790/1936)
[2025-11-17 16:00:43][INFO][Rank 0] - train Epoch 4/24: 93.0% (1800/1936)
[2025-11-17 16:00:44][INFO][Rank 0] - CUDA Memory [train][Step 1800]: Device 0: Allocated: 3309.6 MB, Reserved: 117540.0 MB (Δ: +1687.0 MB)
[2025-11-17 16:00:50][INFO][Rank 0] - train Epoch 4/24: 93.5% (1810/1936)
[2025-11-17 16:00:57][INFO][Rank 0] - train Epoch 4/24: 94.0% (1820/1936)
[2025-11-17 16:01:04][INFO][Rank 0] - train Epoch 4/24: 94.5% (1830/1936)
[2025-11-17 16:01:11][INFO][Rank 0] - train Epoch 4/24: 95.0% (1840/1936)
[2025-11-17 16:01:18][INFO][Rank 0] - train Epoch 4/24: 95.6% (1850/1936)
[2025-11-17 16:01:26][INFO][Rank 0] - train Epoch 4/24: 96.1% (1860/1936)
[2025-11-17 16:01:33][INFO][Rank 0] - train Epoch 4/24: 96.6% (1870/1936)
[2025-11-17 16:01:40][INFO][Rank 0] - train Epoch 4/24: 97.1% (1880/1936)
[2025-11-17 16:01:47][INFO][Rank 0] - train Epoch 4/24: 97.6% (1890/1936)
[2025-11-17 16:01:47][INFO][Rank 0] - CUDA Memory [train][Step 1890]: Device 0: Allocated: 3309.6 MB, Reserved: 117540.0 MB (Δ: +1687.0 MB)
[2025-11-17 16:01:54][INFO][Rank 0] - train Epoch 4/24: 98.1% (1900/1936)
[2025-11-17 16:02:01][INFO][Rank 0] - train Epoch 4/24: 98.7% (1910/1936)
[2025-11-17 16:02:08][INFO][Rank 0] - train Epoch 4/24: 99.2% (1920/1936)
[2025-11-17 16:02:15][INFO][Rank 0] - train Epoch 4/24: 99.7% (1930/1936)
[2025-11-17 16:02:18][INFO][Rank 0] - train Epoch 4/24: 99.9% (1935/1936)
[2025-11-17 16:02:19][INFO][Rank 0] - train Loss: 0.1918 Acc: 0.9792 F1: 0.9893
[2025-11-17 16:02:19][INFO][Rank 0] - train Balanced Acc: 0.8516 AUC-ROC: 0.9630
[2025-11-17 16:02:19][INFO][Rank 0] - train Sensitivity: 0.9862 Specificity: 0.7171
[2025-11-17 16:02:19][INFO][Rank 0] - train Confusion Matrix: TP=18597, FP=142, FN=261, TN=360
[2025-11-17 16:02:19][INFO][Rank 0] - train completed in 1365.54s
[2025-11-17 16:02:19][INFO][Rank 0] - Data loading time: 1.20s, Forward time: 277.98s, Backward time: 739.85s
[2025-11-17 16:02:19][INFO][Rank 0] - train cache: 0/1 items, hit rate: 0.00%
[2025-11-17 16:02:19][INFO][Rank 0] - CUDA Memory [val][Step 0]: Device 0: Allocated: 3309.6 MB, Reserved: 117540.0 MB (Δ: +1687.0 MB)
[2025-11-17 16:02:19][INFO][Rank 0] - val phase: total 418 batches
[2025-11-17 16:02:20][INFO][Rank 0] - val Epoch 4/24: 0.0% (0/418)
[2025-11-17 16:02:25][INFO][Rank 0] - val Epoch 4/24: 2.4% (10/418)
[2025-11-17 16:02:30][INFO][Rank 0] - val Epoch 4/24: 4.8% (20/418)
[2025-11-17 16:02:34][INFO][Rank 0] - val Epoch 4/24: 7.2% (30/418)
[2025-11-17 16:02:39][INFO][Rank 0] - val Epoch 4/24: 9.6% (40/418)
[2025-11-17 16:02:44][INFO][Rank 0] - val Epoch 4/24: 12.0% (50/418)
[2025-11-17 16:02:49][INFO][Rank 0] - val Epoch 4/24: 14.4% (60/418)
[2025-11-17 16:02:54][INFO][Rank 0] - val Epoch 4/24: 16.7% (70/418)
[2025-11-17 16:02:59][INFO][Rank 0] - val Epoch 4/24: 19.1% (80/418)
[2025-11-17 16:03:04][INFO][Rank 0] - val Epoch 4/24: 21.5% (90/418)
[2025-11-17 16:03:09][INFO][Rank 0] - val Epoch 4/24: 23.9% (100/418)
[2025-11-17 16:03:14][INFO][Rank 0] - val Epoch 4/24: 26.3% (110/418)
[2025-11-17 16:03:19][INFO][Rank 0] - val Epoch 4/24: 28.7% (120/418)
[2025-11-17 16:03:20][INFO][Rank 0] - CUDA Memory [val][Step 120]: Device 0: Allocated: 3309.6 MB, Reserved: 117540.0 MB (Δ: +1687.0 MB)
[2025-11-17 16:03:24][INFO][Rank 0] - val Epoch 4/24: 31.1% (130/418)
[2025-11-17 16:03:29][INFO][Rank 0] - val Epoch 4/24: 33.5% (140/418)
[2025-11-17 16:03:34][INFO][Rank 0] - val Epoch 4/24: 35.9% (150/418)
[2025-11-17 16:03:39][INFO][Rank 0] - val Epoch 4/24: 38.3% (160/418)
[2025-11-17 16:03:44][INFO][Rank 0] - val Epoch 4/24: 40.7% (170/418)
[2025-11-17 16:03:49][INFO][Rank 0] - val Epoch 4/24: 43.1% (180/418)
[2025-11-17 16:03:54][INFO][Rank 0] - val Epoch 4/24: 45.5% (190/418)
[2025-11-17 16:03:59][INFO][Rank 0] - val Epoch 4/24: 47.8% (200/418)
[2025-11-17 16:04:04][INFO][Rank 0] - val Epoch 4/24: 50.2% (210/418)
[2025-11-17 16:04:09][INFO][Rank 0] - val Epoch 4/24: 52.6% (220/418)
[2025-11-17 16:04:14][INFO][Rank 0] - val Epoch 4/24: 55.0% (230/418)
[2025-11-17 16:04:19][INFO][Rank 0] - val Epoch 4/24: 57.4% (240/418)
[2025-11-17 16:04:24][INFO][Rank 0] - val Epoch 4/24: 59.8% (250/418)
[2025-11-17 16:04:29][INFO][Rank 0] - val Epoch 4/24: 62.2% (260/418)
[2025-11-17 16:04:34][INFO][Rank 0] - val Epoch 4/24: 64.6% (270/418)
[2025-11-17 16:04:34][INFO][Rank 0] - CUDA Memory [val][Step 270]: Device 0: Allocated: 3309.6 MB, Reserved: 117540.0 MB (Δ: +1687.0 MB)
[2025-11-17 16:04:39][INFO][Rank 0] - val Epoch 4/24: 67.0% (280/418)
[2025-11-17 16:04:44][INFO][Rank 0] - val Epoch 4/24: 69.4% (290/418)
[2025-11-17 16:04:49][INFO][Rank 0] - val Epoch 4/24: 71.8% (300/418)
[2025-11-17 16:04:54][INFO][Rank 0] - val Epoch 4/24: 74.2% (310/418)
[2025-11-17 16:04:58][INFO][Rank 0] - val Epoch 4/24: 76.6% (320/418)
[2025-11-17 16:05:03][INFO][Rank 0] - val Epoch 4/24: 78.9% (330/418)
[2025-11-17 16:05:08][INFO][Rank 0] - val Epoch 4/24: 81.3% (340/418)
[2025-11-17 16:05:13][INFO][Rank 0] - val Epoch 4/24: 83.7% (350/418)
[2025-11-17 16:05:18][INFO][Rank 0] - val Epoch 4/24: 86.1% (360/418)
[2025-11-17 16:05:23][INFO][Rank 0] - val Epoch 4/24: 88.5% (370/418)
[2025-11-17 16:05:28][INFO][Rank 0] - val Epoch 4/24: 90.9% (380/418)
[2025-11-17 16:05:33][INFO][Rank 0] - val Epoch 4/24: 93.3% (390/418)
[2025-11-17 16:05:38][INFO][Rank 0] - val Epoch 4/24: 95.7% (400/418)
[2025-11-17 16:05:43][INFO][Rank 0] - val Epoch 4/24: 98.1% (410/418)
[2025-11-17 16:05:47][INFO][Rank 0] - val Epoch 4/24: 99.8% (417/418)
[2025-11-17 16:05:47][INFO][Rank 0] - val Loss: 0.1283 Acc: 0.9730 F1: 0.9860
[2025-11-17 16:05:47][INFO][Rank 0] - val Balanced Acc: 0.8355 AUC-ROC: 0.9770
[2025-11-17 16:05:47][INFO][Rank 0] - val Sensitivity: 0.9808 Specificity: 0.6903
[2025-11-17 16:05:47][INFO][Rank 0] - val Confusion Matrix: TP=3989, FP=35, FN=78, TN=78
[2025-11-17 16:05:47][INFO][Rank 0] - val completed in 207.98s
[2025-11-17 16:05:47][INFO][Rank 0] - val cache: 0/1 items, hit rate: 0.00%
[2025-11-17 16:05:51][INFO][Rank 0] - Saved new best balanced_acc model with balanced_acc: 0.8355 at /projects/retprogression/rgarridogarcia/checkpoints/cropped1024_cropped_centered_wt_allR_4/best_balanced_acc_model.pth
[2025-11-17 16:05:55][INFO][Rank 0] - Also saved as general best model at /projects/retprogression/rgarridogarcia/checkpoints/cropped1024_cropped_centered_wt_allR_4/best_model.pth
[2025-11-17 16:05:59][INFO][Rank 0] - Saved new best auc model with auc: 0.9770 at /projects/retprogression/rgarridogarcia/checkpoints/cropped1024_cropped_centered_wt_allR_4/best_auc_model.pth
[2025-11-17 16:06:03][INFO][Rank 0] - Saved epoch checkpoint at /projects/retprogression/rgarridogarcia/checkpoints/cropped1024_cropped_centered_wt_allR_4/epoch_4.pth
[2025-11-17 16:06:03][INFO][Rank 0] - Epoch 4 summary:
[2025-11-17 16:06:03][INFO][Rank 0] -  Train Loss: 0.1918, Train Acc: 0.9792, Train F1: 0.9893
[2025-11-17 16:06:03][INFO][Rank 0] -  Train Balanced Acc: 0.8516, Train AUC: 0.9630
[2025-11-17 16:06:03][INFO][Rank 0] -  Train Sensitivity: 0.9862, Train Specificity: 0.7171
[2025-11-17 16:06:03][INFO][Rank 0] -  Val Loss: 0.1283, Val Acc: 0.9730, Val F1: 0.9860
[2025-11-17 16:06:03][INFO][Rank 0] -  Val Balanced Acc: 0.8355, Val AUC: 0.9770
[2025-11-17 16:06:03][INFO][Rank 0] -  Val Sensitivity: 0.9808, Val Specificity: 0.6903
[2025-11-17 16:06:03][INFO][Rank 0] -  Total Epoch Time: 1589.30s
[2025-11-17 16:06:03][INFO][Rank 0] - Epoch 5/24
[2025-11-17 16:06:03][INFO][Rank 0] - ----------
[2025-11-17 16:06:03][INFO][Rank 0] - CUDA Memory [train][Step 0]: Device 0: Allocated: 3309.6 MB, Reserved: 117540.0 MB (Δ: +1687.0 MB)
[2025-11-17 16:06:03][INFO][Rank 0] - train phase: total 1936 batches
[2025-11-17 16:06:04][INFO][Rank 0] - train Epoch 5/24: 0.0% (0/1936)
[2025-11-17 16:06:11][INFO][Rank 0] - train Epoch 5/24: 0.5% (10/1936)
[2025-11-17 16:06:18][INFO][Rank 0] - train Epoch 5/24: 1.0% (20/1936)
[2025-11-17 16:06:25][INFO][Rank 0] - train Epoch 5/24: 1.5% (30/1936)
[2025-11-17 16:06:32][INFO][Rank 0] - train Epoch 5/24: 2.1% (40/1936)
[2025-11-17 16:06:39][INFO][Rank 0] - train Epoch 5/24: 2.6% (50/1936)
[2025-11-17 16:06:46][INFO][Rank 0] - train Epoch 5/24: 3.1% (60/1936)
[2025-11-17 16:06:53][INFO][Rank 0] - train Epoch 5/24: 3.6% (70/1936)
[2025-11-17 16:07:00][INFO][Rank 0] - train Epoch 5/24: 4.1% (80/1936)
[2025-11-17 16:07:07][INFO][Rank 0] - train Epoch 5/24: 4.6% (90/1936)
[2025-11-17 16:07:08][INFO][Rank 0] - CUDA Memory [train][Step 90]: Device 0: Allocated: 3309.6 MB, Reserved: 117540.0 MB (Δ: +1687.0 MB)
[2025-11-17 16:07:14][INFO][Rank 0] - train Epoch 5/24: 5.2% (100/1936)
[2025-11-17 16:07:21][INFO][Rank 0] - train Epoch 5/24: 5.7% (110/1936)
[2025-11-17 16:07:28][INFO][Rank 0] - train Epoch 5/24: 6.2% (120/1936)
[2025-11-17 16:07:35][INFO][Rank 0] - train Epoch 5/24: 6.7% (130/1936)
[2025-11-17 16:07:42][INFO][Rank 0] - train Epoch 5/24: 7.2% (140/1936)
[2025-11-17 16:07:49][INFO][Rank 0] - train Epoch 5/24: 7.7% (150/1936)
[2025-11-17 16:07:56][INFO][Rank 0] - train Epoch 5/24: 8.3% (160/1936)
[2025-11-17 16:08:03][INFO][Rank 0] - train Epoch 5/24: 8.8% (170/1936)
[2025-11-17 16:08:10][INFO][Rank 0] - train Epoch 5/24: 9.3% (180/1936)
[2025-11-17 16:08:11][INFO][Rank 0] - CUDA Memory [train][Step 180]: Device 0: Allocated: 3309.6 MB, Reserved: 117540.0 MB (Δ: +1687.0 MB)
[2025-11-17 16:08:17][INFO][Rank 0] - train Epoch 5/24: 9.8% (190/1936)
[2025-11-17 16:08:25][INFO][Rank 0] - train Epoch 5/24: 10.3% (200/1936)
[2025-11-17 16:08:32][INFO][Rank 0] - train Epoch 5/24: 10.8% (210/1936)
[2025-11-17 16:08:39][INFO][Rank 0] - train Epoch 5/24: 11.4% (220/1936)
[2025-11-17 16:08:46][INFO][Rank 0] - train Epoch 5/24: 11.9% (230/1936)
[2025-11-17 16:08:53][INFO][Rank 0] - train Epoch 5/24: 12.4% (240/1936)
[2025-11-17 16:09:00][INFO][Rank 0] - train Epoch 5/24: 12.9% (250/1936)
[2025-11-17 16:09:07][INFO][Rank 0] - train Epoch 5/24: 13.4% (260/1936)
[2025-11-17 16:09:14][INFO][Rank 0] - train Epoch 5/24: 13.9% (270/1936)
[2025-11-17 16:09:15][INFO][Rank 0] - CUDA Memory [train][Step 270]: Device 0: Allocated: 3309.6 MB, Reserved: 117540.0 MB (Δ: +1687.0 MB)
[2025-11-17 16:09:21][INFO][Rank 0] - train Epoch 5/24: 14.5% (280/1936)
[2025-11-17 16:09:28][INFO][Rank 0] - train Epoch 5/24: 15.0% (290/1936)
[2025-11-17 16:09:35][INFO][Rank 0] - train Epoch 5/24: 15.5% (300/1936)
[2025-11-17 16:09:42][INFO][Rank 0] - train Epoch 5/24: 16.0% (310/1936)
[2025-11-17 16:09:49][INFO][Rank 0] - train Epoch 5/24: 16.5% (320/1936)
[2025-11-17 16:09:56][INFO][Rank 0] - train Epoch 5/24: 17.0% (330/1936)
[2025-11-17 16:10:03][INFO][Rank 0] - train Epoch 5/24: 17.6% (340/1936)
[2025-11-17 16:10:10][INFO][Rank 0] - train Epoch 5/24: 18.1% (350/1936)
[2025-11-17 16:10:17][INFO][Rank 0] - train Epoch 5/24: 18.6% (360/1936)
[2025-11-17 16:10:18][INFO][Rank 0] - CUDA Memory [train][Step 360]: Device 0: Allocated: 3309.6 MB, Reserved: 117540.0 MB (Δ: +1687.0 MB)
[2025-11-17 16:10:24][INFO][Rank 0] - train Epoch 5/24: 19.1% (370/1936)
[2025-11-17 16:10:31][INFO][Rank 0] - train Epoch 5/24: 19.6% (380/1936)
[2025-11-17 16:10:38][INFO][Rank 0] - train Epoch 5/24: 20.1% (390/1936)
[2025-11-17 16:10:46][INFO][Rank 0] - train Epoch 5/24: 20.7% (400/1936)
[2025-11-17 16:10:53][INFO][Rank 0] - train Epoch 5/24: 21.2% (410/1936)
[2025-11-17 16:11:00][INFO][Rank 0] - train Epoch 5/24: 21.7% (420/1936)
[2025-11-17 16:11:07][INFO][Rank 0] - train Epoch 5/24: 22.2% (430/1936)
[2025-11-17 16:11:14][INFO][Rank 0] - train Epoch 5/24: 22.7% (440/1936)
[2025-11-17 16:11:21][INFO][Rank 0] - train Epoch 5/24: 23.2% (450/1936)
[2025-11-17 16:11:21][INFO][Rank 0] - CUDA Memory [train][Step 450]: Device 0: Allocated: 3309.6 MB, Reserved: 117540.0 MB (Δ: +1687.0 MB)
[2025-11-17 16:11:28][INFO][Rank 0] - train Epoch 5/24: 23.8% (460/1936)
[2025-11-17 16:11:35][INFO][Rank 0] - train Epoch 5/24: 24.3% (470/1936)
[2025-11-17 16:11:42][INFO][Rank 0] - train Epoch 5/24: 24.8% (480/1936)
[2025-11-17 16:11:49][INFO][Rank 0] - train Epoch 5/24: 25.3% (490/1936)
[2025-11-17 16:11:56][INFO][Rank 0] - train Epoch 5/24: 25.8% (500/1936)
[2025-11-17 16:12:03][INFO][Rank 0] - train Epoch 5/24: 26.3% (510/1936)
[2025-11-17 16:12:10][INFO][Rank 0] - train Epoch 5/24: 26.9% (520/1936)
[2025-11-17 16:12:17][INFO][Rank 0] - train Epoch 5/24: 27.4% (530/1936)
[2025-11-17 16:12:24][INFO][Rank 0] - train Epoch 5/24: 27.9% (540/1936)
[2025-11-17 16:12:25][INFO][Rank 0] - CUDA Memory [train][Step 540]: Device 0: Allocated: 3309.6 MB, Reserved: 117540.0 MB (Δ: +1687.0 MB)
[2025-11-17 16:12:31][INFO][Rank 0] - train Epoch 5/24: 28.4% (550/1936)
[2025-11-17 16:12:38][INFO][Rank 0] - train Epoch 5/24: 28.9% (560/1936)
[2025-11-17 16:12:45][INFO][Rank 0] - train Epoch 5/24: 29.4% (570/1936)
[2025-11-17 16:12:52][INFO][Rank 0] - train Epoch 5/24: 30.0% (580/1936)
[2025-11-17 16:12:59][INFO][Rank 0] - train Epoch 5/24: 30.5% (590/1936)
[2025-11-17 16:13:06][INFO][Rank 0] - train Epoch 5/24: 31.0% (600/1936)
[2025-11-17 16:13:14][INFO][Rank 0] - train Epoch 5/24: 31.5% (610/1936)
[2025-11-17 16:13:21][INFO][Rank 0] - train Epoch 5/24: 32.0% (620/1936)
[2025-11-17 16:13:28][INFO][Rank 0] - train Epoch 5/24: 32.5% (630/1936)
[2025-11-17 16:13:28][INFO][Rank 0] - CUDA Memory [train][Step 630]: Device 0: Allocated: 3309.6 MB, Reserved: 117540.0 MB (Δ: +1687.0 MB)
[2025-11-17 16:13:35][INFO][Rank 0] - train Epoch 5/24: 33.1% (640/1936)
[2025-11-17 16:13:42][INFO][Rank 0] - train Epoch 5/24: 33.6% (650/1936)
[2025-11-17 16:13:49][INFO][Rank 0] - train Epoch 5/24: 34.1% (660/1936)
[2025-11-17 16:13:56][INFO][Rank 0] - train Epoch 5/24: 34.6% (670/1936)
[2025-11-17 16:14:03][INFO][Rank 0] - train Epoch 5/24: 35.1% (680/1936)
[2025-11-17 16:14:10][INFO][Rank 0] - train Epoch 5/24: 35.6% (690/1936)
[2025-11-17 16:14:17][INFO][Rank 0] - train Epoch 5/24: 36.2% (700/1936)
[2025-11-17 16:14:24][INFO][Rank 0] - train Epoch 5/24: 36.7% (710/1936)
[2025-11-17 16:14:31][INFO][Rank 0] - train Epoch 5/24: 37.2% (720/1936)
[2025-11-17 16:14:32][INFO][Rank 0] - CUDA Memory [train][Step 720]: Device 0: Allocated: 3309.6 MB, Reserved: 117540.0 MB (Δ: +1687.0 MB)
[2025-11-17 16:14:38][INFO][Rank 0] - train Epoch 5/24: 37.7% (730/1936)
[2025-11-17 16:14:45][INFO][Rank 0] - train Epoch 5/24: 38.2% (740/1936)
[2025-11-17 16:14:52][INFO][Rank 0] - train Epoch 5/24: 38.7% (750/1936)
[2025-11-17 16:14:59][INFO][Rank 0] - train Epoch 5/24: 39.3% (760/1936)
[2025-11-17 16:15:06][INFO][Rank 0] - train Epoch 5/24: 39.8% (770/1936)
[2025-11-17 16:15:13][INFO][Rank 0] - train Epoch 5/24: 40.3% (780/1936)
[2025-11-17 16:15:20][INFO][Rank 0] - train Epoch 5/24: 40.8% (790/1936)
[2025-11-17 16:15:27][INFO][Rank 0] - train Epoch 5/24: 41.3% (800/1936)
[2025-11-17 16:15:34][INFO][Rank 0] - train Epoch 5/24: 41.8% (810/1936)
[2025-11-17 16:15:35][INFO][Rank 0] - CUDA Memory [train][Step 810]: Device 0: Allocated: 3309.6 MB, Reserved: 117540.0 MB (Δ: +1687.0 MB)
[2025-11-17 16:15:42][INFO][Rank 0] - train Epoch 5/24: 42.4% (820/1936)
[2025-11-17 16:15:49][INFO][Rank 0] - train Epoch 5/24: 42.9% (830/1936)
[2025-11-17 16:15:56][INFO][Rank 0] - train Epoch 5/24: 43.4% (840/1936)
[2025-11-17 16:16:03][INFO][Rank 0] - train Epoch 5/24: 43.9% (850/1936)
[2025-11-17 16:16:10][INFO][Rank 0] - train Epoch 5/24: 44.4% (860/1936)
[2025-11-17 16:16:17][INFO][Rank 0] - train Epoch 5/24: 44.9% (870/1936)
[2025-11-17 16:16:24][INFO][Rank 0] - train Epoch 5/24: 45.5% (880/1936)
[2025-11-17 16:16:31][INFO][Rank 0] - train Epoch 5/24: 46.0% (890/1936)
[2025-11-17 16:16:38][INFO][Rank 0] - train Epoch 5/24: 46.5% (900/1936)
[2025-11-17 16:16:39][INFO][Rank 0] - CUDA Memory [train][Step 900]: Device 0: Allocated: 3309.6 MB, Reserved: 117540.0 MB (Δ: +1687.0 MB)
[2025-11-17 16:16:45][INFO][Rank 0] - train Epoch 5/24: 47.0% (910/1936)
[2025-11-17 16:16:52][INFO][Rank 0] - train Epoch 5/24: 47.5% (920/1936)
[2025-11-17 16:16:59][INFO][Rank 0] - train Epoch 5/24: 48.0% (930/1936)
[2025-11-17 16:17:06][INFO][Rank 0] - train Epoch 5/24: 48.6% (940/1936)
[2025-11-17 16:17:13][INFO][Rank 0] - train Epoch 5/24: 49.1% (950/1936)
[2025-11-17 16:17:20][INFO][Rank 0] - train Epoch 5/24: 49.6% (960/1936)
[2025-11-17 16:17:27][INFO][Rank 0] - train Epoch 5/24: 50.1% (970/1936)
[2025-11-17 16:17:34][INFO][Rank 0] - train Epoch 5/24: 50.6% (980/1936)
[2025-11-17 16:17:41][INFO][Rank 0] - train Epoch 5/24: 51.1% (990/1936)
[2025-11-17 16:17:42][INFO][Rank 0] - CUDA Memory [train][Step 990]: Device 0: Allocated: 3309.6 MB, Reserved: 117540.0 MB (Δ: +1687.0 MB)
[2025-11-17 16:17:48][INFO][Rank 0] - train Epoch 5/24: 51.7% (1000/1936)
[2025-11-17 16:17:55][INFO][Rank 0] - train Epoch 5/24: 52.2% (1010/1936)
[2025-11-17 16:18:03][INFO][Rank 0] - train Epoch 5/24: 52.7% (1020/1936)
[2025-11-17 16:18:10][INFO][Rank 0] - train Epoch 5/24: 53.2% (1030/1936)
[2025-11-17 16:18:17][INFO][Rank 0] - train Epoch 5/24: 53.7% (1040/1936)
[2025-11-17 16:18:24][INFO][Rank 0] - train Epoch 5/24: 54.2% (1050/1936)
[2025-11-17 16:18:31][INFO][Rank 0] - train Epoch 5/24: 54.8% (1060/1936)
[2025-11-17 16:18:38][INFO][Rank 0] - train Epoch 5/24: 55.3% (1070/1936)
[2025-11-17 16:18:45][INFO][Rank 0] - train Epoch 5/24: 55.8% (1080/1936)
[2025-11-17 16:18:46][INFO][Rank 0] - CUDA Memory [train][Step 1080]: Device 0: Allocated: 3309.6 MB, Reserved: 117540.0 MB (Δ: +1687.0 MB)
[2025-11-17 16:18:52][INFO][Rank 0] - train Epoch 5/24: 56.3% (1090/1936)
[2025-11-17 16:18:59][INFO][Rank 0] - train Epoch 5/24: 56.8% (1100/1936)
[2025-11-17 16:19:06][INFO][Rank 0] - train Epoch 5/24: 57.3% (1110/1936)
[2025-11-17 16:19:13][INFO][Rank 0] - train Epoch 5/24: 57.9% (1120/1936)
[2025-11-17 16:19:20][INFO][Rank 0] - train Epoch 5/24: 58.4% (1130/1936)
[2025-11-17 16:19:27][INFO][Rank 0] - train Epoch 5/24: 58.9% (1140/1936)
[2025-11-17 16:19:34][INFO][Rank 0] - train Epoch 5/24: 59.4% (1150/1936)
[2025-11-17 16:19:41][INFO][Rank 0] - train Epoch 5/24: 59.9% (1160/1936)
[2025-11-17 16:19:48][INFO][Rank 0] - train Epoch 5/24: 60.4% (1170/1936)
[2025-11-17 16:19:49][INFO][Rank 0] - CUDA Memory [train][Step 1170]: Device 0: Allocated: 3309.6 MB, Reserved: 117540.0 MB (Δ: +1687.0 MB)
[2025-11-17 16:19:55][INFO][Rank 0] - train Epoch 5/24: 61.0% (1180/1936)
[2025-11-17 16:20:02][INFO][Rank 0] - train Epoch 5/24: 61.5% (1190/1936)
[2025-11-17 16:20:09][INFO][Rank 0] - train Epoch 5/24: 62.0% (1200/1936)
[2025-11-17 16:20:16][INFO][Rank 0] - train Epoch 5/24: 62.5% (1210/1936)
[2025-11-17 16:20:24][INFO][Rank 0] - train Epoch 5/24: 63.0% (1220/1936)
[2025-11-17 16:20:31][INFO][Rank 0] - train Epoch 5/24: 63.5% (1230/1936)
[2025-11-17 16:20:38][INFO][Rank 0] - train Epoch 5/24: 64.0% (1240/1936)
[2025-11-17 16:20:45][INFO][Rank 0] - train Epoch 5/24: 64.6% (1250/1936)
[2025-11-17 16:20:52][INFO][Rank 0] - train Epoch 5/24: 65.1% (1260/1936)
[2025-11-17 16:20:52][INFO][Rank 0] - CUDA Memory [train][Step 1260]: Device 0: Allocated: 3309.6 MB, Reserved: 117540.0 MB (Δ: +1687.0 MB)
[2025-11-17 16:20:59][INFO][Rank 0] - train Epoch 5/24: 65.6% (1270/1936)
[2025-11-17 16:21:06][INFO][Rank 0] - train Epoch 5/24: 66.1% (1280/1936)
[2025-11-17 16:21:13][INFO][Rank 0] - train Epoch 5/24: 66.6% (1290/1936)
[2025-11-17 16:21:20][INFO][Rank 0] - train Epoch 5/24: 67.1% (1300/1936)
[2025-11-17 16:21:27][INFO][Rank 0] - train Epoch 5/24: 67.7% (1310/1936)
[2025-11-17 16:21:34][INFO][Rank 0] - train Epoch 5/24: 68.2% (1320/1936)
[2025-11-17 16:21:41][INFO][Rank 0] - train Epoch 5/24: 68.7% (1330/1936)
[2025-11-17 16:21:48][INFO][Rank 0] - train Epoch 5/24: 69.2% (1340/1936)
[2025-11-17 16:21:55][INFO][Rank 0] - train Epoch 5/24: 69.7% (1350/1936)
[2025-11-17 16:21:56][INFO][Rank 0] - CUDA Memory [train][Step 1350]: Device 0: Allocated: 3309.6 MB, Reserved: 117540.0 MB (Δ: +1687.0 MB)
[2025-11-17 16:22:02][INFO][Rank 0] - train Epoch 5/24: 70.2% (1360/1936)
[2025-11-17 16:22:09][INFO][Rank 0] - train Epoch 5/24: 70.8% (1370/1936)
[2025-11-17 16:22:16][INFO][Rank 0] - train Epoch 5/24: 71.3% (1380/1936)
[2025-11-17 16:22:23][INFO][Rank 0] - train Epoch 5/24: 71.8% (1390/1936)
[2025-11-17 16:22:30][INFO][Rank 0] - train Epoch 5/24: 72.3% (1400/1936)
[2025-11-17 16:22:37][INFO][Rank 0] - train Epoch 5/24: 72.8% (1410/1936)
[2025-11-17 16:22:45][INFO][Rank 0] - train Epoch 5/24: 73.3% (1420/1936)
[2025-11-17 16:22:52][INFO][Rank 0] - train Epoch 5/24: 73.9% (1430/1936)
[2025-11-17 16:22:59][INFO][Rank 0] - train Epoch 5/24: 74.4% (1440/1936)
[2025-11-17 16:22:59][INFO][Rank 0] - CUDA Memory [train][Step 1440]: Device 0: Allocated: 3309.6 MB, Reserved: 117540.0 MB (Δ: +1687.0 MB)
[2025-11-17 16:23:06][INFO][Rank 0] - train Epoch 5/24: 74.9% (1450/1936)
[2025-11-17 16:23:13][INFO][Rank 0] - train Epoch 5/24: 75.4% (1460/1936)
[2025-11-17 16:23:20][INFO][Rank 0] - train Epoch 5/24: 75.9% (1470/1936)
[2025-11-17 16:23:27][INFO][Rank 0] - train Epoch 5/24: 76.4% (1480/1936)
[2025-11-17 16:23:34][INFO][Rank 0] - train Epoch 5/24: 77.0% (1490/1936)
[2025-11-17 16:23:41][INFO][Rank 0] - train Epoch 5/24: 77.5% (1500/1936)
[2025-11-17 16:23:48][INFO][Rank 0] - train Epoch 5/24: 78.0% (1510/1936)
[2025-11-17 16:23:55][INFO][Rank 0] - train Epoch 5/24: 78.5% (1520/1936)
[2025-11-17 16:24:02][INFO][Rank 0] - train Epoch 5/24: 79.0% (1530/1936)
[2025-11-17 16:24:03][INFO][Rank 0] - CUDA Memory [train][Step 1530]: Device 0: Allocated: 3309.6 MB, Reserved: 117540.0 MB (Δ: +1687.0 MB)
[2025-11-17 16:24:09][INFO][Rank 0] - train Epoch 5/24: 79.5% (1540/1936)
[2025-11-17 16:24:16][INFO][Rank 0] - train Epoch 5/24: 80.1% (1550/1936)
[2025-11-17 16:24:23][INFO][Rank 0] - train Epoch 5/24: 80.6% (1560/1936)
[2025-11-17 16:24:30][INFO][Rank 0] - train Epoch 5/24: 81.1% (1570/1936)
[2025-11-17 16:24:37][INFO][Rank 0] - train Epoch 5/24: 81.6% (1580/1936)
[2025-11-17 16:24:44][INFO][Rank 0] - train Epoch 5/24: 82.1% (1590/1936)
[2025-11-17 16:24:51][INFO][Rank 0] - train Epoch 5/24: 82.6% (1600/1936)
[2025-11-17 16:24:59][INFO][Rank 0] - train Epoch 5/24: 83.2% (1610/1936)
[2025-11-17 16:25:06][INFO][Rank 0] - train Epoch 5/24: 83.7% (1620/1936)
[2025-11-17 16:25:06][INFO][Rank 0] - CUDA Memory [train][Step 1620]: Device 0: Allocated: 3309.6 MB, Reserved: 117540.0 MB (Δ: +1687.0 MB)
[2025-11-17 16:25:13][INFO][Rank 0] - train Epoch 5/24: 84.2% (1630/1936)
[2025-11-17 16:25:20][INFO][Rank 0] - train Epoch 5/24: 84.7% (1640/1936)
[2025-11-17 16:25:27][INFO][Rank 0] - train Epoch 5/24: 85.2% (1650/1936)
[2025-11-17 16:25:34][INFO][Rank 0] - train Epoch 5/24: 85.7% (1660/1936)
[2025-11-17 16:25:41][INFO][Rank 0] - train Epoch 5/24: 86.3% (1670/1936)
[2025-11-17 16:25:48][INFO][Rank 0] - train Epoch 5/24: 86.8% (1680/1936)
[2025-11-17 16:25:55][INFO][Rank 0] - train Epoch 5/24: 87.3% (1690/1936)
[2025-11-17 16:26:02][INFO][Rank 0] - train Epoch 5/24: 87.8% (1700/1936)
[2025-11-17 16:26:09][INFO][Rank 0] - train Epoch 5/24: 88.3% (1710/1936)
[2025-11-17 16:26:10][INFO][Rank 0] - CUDA Memory [train][Step 1710]: Device 0: Allocated: 3309.6 MB, Reserved: 117540.0 MB (Δ: +1687.0 MB)
[2025-11-17 16:26:16][INFO][Rank 0] - train Epoch 5/24: 88.8% (1720/1936)
[2025-11-17 16:26:23][INFO][Rank 0] - train Epoch 5/24: 89.4% (1730/1936)
[2025-11-17 16:26:30][INFO][Rank 0] - train Epoch 5/24: 89.9% (1740/1936)
[2025-11-17 16:26:37][INFO][Rank 0] - train Epoch 5/24: 90.4% (1750/1936)
[2025-11-17 16:26:44][INFO][Rank 0] - train Epoch 5/24: 90.9% (1760/1936)
[2025-11-17 16:26:51][INFO][Rank 0] - train Epoch 5/24: 91.4% (1770/1936)
[2025-11-17 16:26:58][INFO][Rank 0] - train Epoch 5/24: 91.9% (1780/1936)
[2025-11-17 16:27:05][INFO][Rank 0] - train Epoch 5/24: 92.5% (1790/1936)
[2025-11-17 16:27:12][INFO][Rank 0] - train Epoch 5/24: 93.0% (1800/1936)
[2025-11-17 16:27:13][INFO][Rank 0] - CUDA Memory [train][Step 1800]: Device 0: Allocated: 3309.6 MB, Reserved: 117540.0 MB (Δ: +1687.0 MB)
[2025-11-17 16:27:20][INFO][Rank 0] - train Epoch 5/24: 93.5% (1810/1936)
[2025-11-17 16:27:27][INFO][Rank 0] - train Epoch 5/24: 94.0% (1820/1936)
[2025-11-17 16:27:34][INFO][Rank 0] - train Epoch 5/24: 94.5% (1830/1936)
[2025-11-17 16:27:41][INFO][Rank 0] - train Epoch 5/24: 95.0% (1840/1936)
[2025-11-17 16:27:48][INFO][Rank 0] - train Epoch 5/24: 95.6% (1850/1936)
[2025-11-17 16:27:55][INFO][Rank 0] - train Epoch 5/24: 96.1% (1860/1936)
[2025-11-17 16:28:02][INFO][Rank 0] - train Epoch 5/24: 96.6% (1870/1936)
[2025-11-17 16:28:09][INFO][Rank 0] - train Epoch 5/24: 97.1% (1880/1936)
[2025-11-17 16:28:16][INFO][Rank 0] - train Epoch 5/24: 97.6% (1890/1936)
[2025-11-17 16:28:17][INFO][Rank 0] - CUDA Memory [train][Step 1890]: Device 0: Allocated: 3309.6 MB, Reserved: 117540.0 MB (Δ: +1687.0 MB)
[2025-11-17 16:28:23][INFO][Rank 0] - train Epoch 5/24: 98.1% (1900/1936)
[2025-11-17 16:28:30][INFO][Rank 0] - train Epoch 5/24: 98.7% (1910/1936)
[2025-11-17 16:28:37][INFO][Rank 0] - train Epoch 5/24: 99.2% (1920/1936)
[2025-11-17 16:28:44][INFO][Rank 0] - train Epoch 5/24: 99.7% (1930/1936)
[2025-11-17 16:28:48][INFO][Rank 0] - train Epoch 5/24: 99.9% (1935/1936)
[2025-11-17 16:28:48][INFO][Rank 0] - train Loss: 0.1721 Acc: 0.9758 F1: 0.9875
[2025-11-17 16:28:48][INFO][Rank 0] - train Balanced Acc: 0.8644 AUC-ROC: 0.9645
[2025-11-17 16:28:48][INFO][Rank 0] - train Sensitivity: 0.9819 Specificity: 0.7470
[2025-11-17 16:28:48][INFO][Rank 0] - train Confusion Matrix: TP=18516, FP=127, FN=342, TN=375
[2025-11-17 16:28:48][INFO][Rank 0] - train completed in 1365.49s
[2025-11-17 16:28:48][INFO][Rank 0] - Data loading time: 1.24s, Forward time: 277.96s, Backward time: 739.65s
[2025-11-17 16:28:48][INFO][Rank 0] - train cache: 0/1 items, hit rate: 0.00%
[2025-11-17 16:28:48][INFO][Rank 0] - CUDA Memory [val][Step 0]: Device 0: Allocated: 3309.6 MB, Reserved: 117540.0 MB (Δ: +1687.0 MB)
[2025-11-17 16:28:48][INFO][Rank 0] - val phase: total 418 batches
[2025-11-17 16:28:49][INFO][Rank 0] - val Epoch 5/24: 0.0% (0/418)
[2025-11-17 16:28:54][INFO][Rank 0] - val Epoch 5/24: 2.4% (10/418)
[2025-11-17 16:28:59][INFO][Rank 0] - val Epoch 5/24: 4.8% (20/418)
[2025-11-17 16:29:04][INFO][Rank 0] - val Epoch 5/24: 7.2% (30/418)
[2025-11-17 16:29:09][INFO][Rank 0] - val Epoch 5/24: 9.6% (40/418)
[2025-11-17 16:29:14][INFO][Rank 0] - val Epoch 5/24: 12.0% (50/418)
[2025-11-17 16:29:19][INFO][Rank 0] - val Epoch 5/24: 14.4% (60/418)
[2025-11-17 16:29:24][INFO][Rank 0] - val Epoch 5/24: 16.7% (70/418)
[2025-11-17 16:29:29][INFO][Rank 0] - val Epoch 5/24: 19.1% (80/418)
[2025-11-17 16:29:33][INFO][Rank 0] - val Epoch 5/24: 21.5% (90/418)
[2025-11-17 16:29:38][INFO][Rank 0] - val Epoch 5/24: 23.9% (100/418)
[2025-11-17 16:29:43][INFO][Rank 0] - val Epoch 5/24: 26.3% (110/418)
[2025-11-17 16:29:48][INFO][Rank 0] - val Epoch 5/24: 28.7% (120/418)
[2025-11-17 16:29:49][INFO][Rank 0] - CUDA Memory [val][Step 120]: Device 0: Allocated: 3309.6 MB, Reserved: 117540.0 MB (Δ: +1687.0 MB)
[2025-11-17 16:29:53][INFO][Rank 0] - val Epoch 5/24: 31.1% (130/418)
[2025-11-17 16:29:58][INFO][Rank 0] - val Epoch 5/24: 33.5% (140/418)
[2025-11-17 16:30:03][INFO][Rank 0] - val Epoch 5/24: 35.9% (150/418)
[2025-11-17 16:30:08][INFO][Rank 0] - val Epoch 5/24: 38.3% (160/418)
[2025-11-17 16:30:13][INFO][Rank 0] - val Epoch 5/24: 40.7% (170/418)
[2025-11-17 16:30:18][INFO][Rank 0] - val Epoch 5/24: 43.1% (180/418)
[2025-11-17 16:30:23][INFO][Rank 0] - val Epoch 5/24: 45.5% (190/418)
[2025-11-17 16:30:28][INFO][Rank 0] - val Epoch 5/24: 47.8% (200/418)
[2025-11-17 16:30:33][INFO][Rank 0] - val Epoch 5/24: 50.2% (210/418)
[2025-11-17 16:30:38][INFO][Rank 0] - val Epoch 5/24: 52.6% (220/418)
[2025-11-17 16:30:43][INFO][Rank 0] - val Epoch 5/24: 55.0% (230/418)
[2025-11-17 16:30:48][INFO][Rank 0] - val Epoch 5/24: 57.4% (240/418)
[2025-11-17 16:30:53][INFO][Rank 0] - val Epoch 5/24: 59.8% (250/418)
[2025-11-17 16:30:58][INFO][Rank 0] - val Epoch 5/24: 62.2% (260/418)
[2025-11-17 16:31:03][INFO][Rank 0] - val Epoch 5/24: 64.6% (270/418)
[2025-11-17 16:31:03][INFO][Rank 0] - CUDA Memory [val][Step 270]: Device 0: Allocated: 3309.6 MB, Reserved: 117540.0 MB (Δ: +1687.0 MB)
[2025-11-17 16:31:08][INFO][Rank 0] - val Epoch 5/24: 67.0% (280/418)
[2025-11-17 16:31:13][INFO][Rank 0] - val Epoch 5/24: 69.4% (290/418)
[2025-11-17 16:31:18][INFO][Rank 0] - val Epoch 5/24: 71.8% (300/418)
[2025-11-17 16:31:23][INFO][Rank 0] - val Epoch 5/24: 74.2% (310/418)
[2025-11-17 16:31:28][INFO][Rank 0] - val Epoch 5/24: 76.6% (320/418)
[2025-11-17 16:31:33][INFO][Rank 0] - val Epoch 5/24: 78.9% (330/418)
[2025-11-17 16:31:38][INFO][Rank 0] - val Epoch 5/24: 81.3% (340/418)
[2025-11-17 16:31:43][INFO][Rank 0] - val Epoch 5/24: 83.7% (350/418)
[2025-11-17 16:31:48][INFO][Rank 0] - val Epoch 5/24: 86.1% (360/418)
[2025-11-17 16:31:53][INFO][Rank 0] - val Epoch 5/24: 88.5% (370/418)
[2025-11-17 16:31:57][INFO][Rank 0] - val Epoch 5/24: 90.9% (380/418)
[2025-11-17 16:32:02][INFO][Rank 0] - val Epoch 5/24: 93.3% (390/418)
[2025-11-17 16:32:07][INFO][Rank 0] - val Epoch 5/24: 95.7% (400/418)
[2025-11-17 16:32:12][INFO][Rank 0] - val Epoch 5/24: 98.1% (410/418)
[2025-11-17 16:32:16][INFO][Rank 0] - val Epoch 5/24: 99.8% (417/418)
[2025-11-17 16:32:16][INFO][Rank 0] - val Loss: 0.1204 Acc: 0.9715 F1: 0.9853
[2025-11-17 16:32:16][INFO][Rank 0] - val Balanced Acc: 0.8477 AUC-ROC: 0.9778
[2025-11-17 16:32:16][INFO][Rank 0] - val Sensitivity: 0.9786 Specificity: 0.7168
[2025-11-17 16:32:16][INFO][Rank 0] - val Confusion Matrix: TP=3980, FP=32, FN=87, TN=81
[2025-11-17 16:32:16][INFO][Rank 0] - val completed in 207.96s
[2025-11-17 16:32:16][INFO][Rank 0] - val cache: 0/1 items, hit rate: 0.00%
[2025-11-17 16:32:20][INFO][Rank 0] - Saved new best balanced_acc model with balanced_acc: 0.8477 at /projects/retprogression/rgarridogarcia/checkpoints/cropped1024_cropped_centered_wt_allR_4/best_balanced_acc_model.pth
[2025-11-17 16:32:24][INFO][Rank 0] - Also saved as general best model at /projects/retprogression/rgarridogarcia/checkpoints/cropped1024_cropped_centered_wt_allR_4/best_model.pth
[2025-11-17 16:32:28][INFO][Rank 0] - Saved new best auc model with auc: 0.9778 at /projects/retprogression/rgarridogarcia/checkpoints/cropped1024_cropped_centered_wt_allR_4/best_auc_model.pth
[2025-11-17 16:32:32][INFO][Rank 0] - Saved epoch checkpoint at /projects/retprogression/rgarridogarcia/checkpoints/cropped1024_cropped_centered_wt_allR_4/epoch_5.pth
[2025-11-17 16:32:32][INFO][Rank 0] - Epoch 5 summary:
[2025-11-17 16:32:32][INFO][Rank 0] -  Train Loss: 0.1721, Train Acc: 0.9758, Train F1: 0.9875
[2025-11-17 16:32:32][INFO][Rank 0] -  Train Balanced Acc: 0.8644, Train AUC: 0.9645
[2025-11-17 16:32:32][INFO][Rank 0] -  Train Sensitivity: 0.9819, Train Specificity: 0.7470
[2025-11-17 16:32:32][INFO][Rank 0] -  Val Loss: 0.1204, Val Acc: 0.9715, Val F1: 0.9853
[2025-11-17 16:32:32][INFO][Rank 0] -  Val Balanced Acc: 0.8477, Val AUC: 0.9778
[2025-11-17 16:32:32][INFO][Rank 0] -  Val Sensitivity: 0.9786, Val Specificity: 0.7168
[2025-11-17 16:32:32][INFO][Rank 0] -  Total Epoch Time: 1589.02s
[2025-11-17 16:32:32][INFO][Rank 0] - Epoch 6/24
[2025-11-17 16:32:32][INFO][Rank 0] - ----------
[2025-11-17 16:32:32][INFO][Rank 0] - CUDA Memory [train][Step 0]: Device 0: Allocated: 3309.6 MB, Reserved: 117540.0 MB (Δ: +1687.0 MB)
[2025-11-17 16:32:32][INFO][Rank 0] - train phase: total 1936 batches
[2025-11-17 16:32:33][INFO][Rank 0] - train Epoch 6/24: 0.0% (0/1936)
[2025-11-17 16:32:40][INFO][Rank 0] - train Epoch 6/24: 0.5% (10/1936)
[2025-11-17 16:32:47][INFO][Rank 0] - train Epoch 6/24: 1.0% (20/1936)
[2025-11-17 16:32:54][INFO][Rank 0] - train Epoch 6/24: 1.5% (30/1936)
[2025-11-17 16:33:01][INFO][Rank 0] - train Epoch 6/24: 2.1% (40/1936)
[2025-11-17 16:33:08][INFO][Rank 0] - train Epoch 6/24: 2.6% (50/1936)
[2025-11-17 16:33:15][INFO][Rank 0] - train Epoch 6/24: 3.1% (60/1936)
[2025-11-17 16:33:22][INFO][Rank 0] - train Epoch 6/24: 3.6% (70/1936)
[2025-11-17 16:33:29][INFO][Rank 0] - train Epoch 6/24: 4.1% (80/1936)
[2025-11-17 16:33:36][INFO][Rank 0] - train Epoch 6/24: 4.6% (90/1936)
[2025-11-17 16:33:37][INFO][Rank 0] - CUDA Memory [train][Step 90]: Device 0: Allocated: 3309.6 MB, Reserved: 117540.0 MB (Δ: +1687.0 MB)
[2025-11-17 16:33:43][INFO][Rank 0] - train Epoch 6/24: 5.2% (100/1936)
[2025-11-17 16:33:50][INFO][Rank 0] - train Epoch 6/24: 5.7% (110/1936)
[2025-11-17 16:33:57][INFO][Rank 0] - train Epoch 6/24: 6.2% (120/1936)
[2025-11-17 16:34:04][INFO][Rank 0] - train Epoch 6/24: 6.7% (130/1936)
[2025-11-17 16:34:11][INFO][Rank 0] - train Epoch 6/24: 7.2% (140/1936)
[2025-11-17 16:34:18][INFO][Rank 0] - train Epoch 6/24: 7.7% (150/1936)
[2025-11-17 16:34:25][INFO][Rank 0] - train Epoch 6/24: 8.3% (160/1936)
[2025-11-17 16:34:32][INFO][Rank 0] - train Epoch 6/24: 8.8% (170/1936)
[2025-11-17 16:34:39][INFO][Rank 0] - train Epoch 6/24: 9.3% (180/1936)
[2025-11-17 16:34:40][INFO][Rank 0] - CUDA Memory [train][Step 180]: Device 0: Allocated: 3309.6 MB, Reserved: 117540.0 MB (Δ: +1687.0 MB)
[2025-11-17 16:34:46][INFO][Rank 0] - train Epoch 6/24: 9.8% (190/1936)
[2025-11-17 16:34:54][INFO][Rank 0] - train Epoch 6/24: 10.3% (200/1936)
[2025-11-17 16:35:01][INFO][Rank 0] - train Epoch 6/24: 10.8% (210/1936)
[2025-11-17 16:35:08][INFO][Rank 0] - train Epoch 6/24: 11.4% (220/1936)
[2025-11-17 16:35:15][INFO][Rank 0] - train Epoch 6/24: 11.9% (230/1936)
[2025-11-17 16:35:22][INFO][Rank 0] - train Epoch 6/24: 12.4% (240/1936)
[2025-11-17 16:35:29][INFO][Rank 0] - train Epoch 6/24: 12.9% (250/1936)
[2025-11-17 16:35:36][INFO][Rank 0] - train Epoch 6/24: 13.4% (260/1936)
[2025-11-17 16:35:43][INFO][Rank 0] - train Epoch 6/24: 13.9% (270/1936)
[2025-11-17 16:35:44][INFO][Rank 0] - CUDA Memory [train][Step 270]: Device 0: Allocated: 3309.6 MB, Reserved: 117540.0 MB (Δ: +1687.0 MB)
[2025-11-17 16:35:50][INFO][Rank 0] - train Epoch 6/24: 14.5% (280/1936)
[2025-11-17 16:35:57][INFO][Rank 0] - train Epoch 6/24: 15.0% (290/1936)
[2025-11-17 16:36:04][INFO][Rank 0] - train Epoch 6/24: 15.5% (300/1936)
[2025-11-17 16:36:11][INFO][Rank 0] - train Epoch 6/24: 16.0% (310/1936)
[2025-11-17 16:36:18][INFO][Rank 0] - train Epoch 6/24: 16.5% (320/1936)
[2025-11-17 16:36:25][INFO][Rank 0] - train Epoch 6/24: 17.0% (330/1936)
[2025-11-17 16:36:32][INFO][Rank 0] - train Epoch 6/24: 17.6% (340/1936)
[2025-11-17 16:36:39][INFO][Rank 0] - train Epoch 6/24: 18.1% (350/1936)
[2025-11-17 16:36:46][INFO][Rank 0] - train Epoch 6/24: 18.6% (360/1936)
[2025-11-17 16:36:47][INFO][Rank 0] - CUDA Memory [train][Step 360]: Device 0: Allocated: 3309.6 MB, Reserved: 117540.0 MB (Δ: +1687.0 MB)
[2025-11-17 16:36:53][INFO][Rank 0] - train Epoch 6/24: 19.1% (370/1936)
[2025-11-17 16:37:00][INFO][Rank 0] - train Epoch 6/24: 19.6% (380/1936)
[2025-11-17 16:37:07][INFO][Rank 0] - train Epoch 6/24: 20.1% (390/1936)
[2025-11-17 16:37:14][INFO][Rank 0] - train Epoch 6/24: 20.7% (400/1936)
[2025-11-17 16:37:22][INFO][Rank 0] - train Epoch 6/24: 21.2% (410/1936)
[2025-11-17 16:37:29][INFO][Rank 0] - train Epoch 6/24: 21.7% (420/1936)
[2025-11-17 16:37:36][INFO][Rank 0] - train Epoch 6/24: 22.2% (430/1936)
[2025-11-17 16:37:43][INFO][Rank 0] - train Epoch 6/24: 22.7% (440/1936)
[2025-11-17 16:37:50][INFO][Rank 0] - train Epoch 6/24: 23.2% (450/1936)
[2025-11-17 16:37:50][INFO][Rank 0] - CUDA Memory [train][Step 450]: Device 0: Allocated: 3309.6 MB, Reserved: 117540.0 MB (Δ: +1687.0 MB)
[2025-11-17 16:37:57][INFO][Rank 0] - train Epoch 6/24: 23.8% (460/1936)
[2025-11-17 16:38:04][INFO][Rank 0] - train Epoch 6/24: 24.3% (470/1936)
[2025-11-17 16:38:11][INFO][Rank 0] - train Epoch 6/24: 24.8% (480/1936)
[2025-11-17 16:38:18][INFO][Rank 0] - train Epoch 6/24: 25.3% (490/1936)
[2025-11-17 16:38:25][INFO][Rank 0] - train Epoch 6/24: 25.8% (500/1936)
[2025-11-17 16:38:32][INFO][Rank 0] - train Epoch 6/24: 26.3% (510/1936)
[2025-11-17 16:38:39][INFO][Rank 0] - train Epoch 6/24: 26.9% (520/1936)
[2025-11-17 16:38:46][INFO][Rank 0] - train Epoch 6/24: 27.4% (530/1936)
[2025-11-17 16:38:53][INFO][Rank 0] - train Epoch 6/24: 27.9% (540/1936)
[2025-11-17 16:38:54][INFO][Rank 0] - CUDA Memory [train][Step 540]: Device 0: Allocated: 3309.6 MB, Reserved: 117540.0 MB (Δ: +1687.0 MB)
[2025-11-17 16:39:00][INFO][Rank 0] - train Epoch 6/24: 28.4% (550/1936)
[2025-11-17 16:39:07][INFO][Rank 0] - train Epoch 6/24: 28.9% (560/1936)
[2025-11-17 16:39:14][INFO][Rank 0] - train Epoch 6/24: 29.4% (570/1936)
[2025-11-17 16:39:21][INFO][Rank 0] - train Epoch 6/24: 30.0% (580/1936)
[2025-11-17 16:39:28][INFO][Rank 0] - train Epoch 6/24: 30.5% (590/1936)
[2025-11-17 16:39:35][INFO][Rank 0] - train Epoch 6/24: 31.0% (600/1936)
[2025-11-17 16:39:43][INFO][Rank 0] - train Epoch 6/24: 31.5% (610/1936)
[2025-11-17 16:39:50][INFO][Rank 0] - train Epoch 6/24: 32.0% (620/1936)
[2025-11-17 16:39:57][INFO][Rank 0] - train Epoch 6/24: 32.5% (630/1936)
[2025-11-17 16:39:57][INFO][Rank 0] - CUDA Memory [train][Step 630]: Device 0: Allocated: 3309.6 MB, Reserved: 117540.0 MB (Δ: +1687.0 MB)
[2025-11-17 16:40:04][INFO][Rank 0] - train Epoch 6/24: 33.1% (640/1936)
[2025-11-17 16:40:11][INFO][Rank 0] - train Epoch 6/24: 33.6% (650/1936)
[2025-11-17 16:40:18][INFO][Rank 0] - train Epoch 6/24: 34.1% (660/1936)
[2025-11-17 16:40:25][INFO][Rank 0] - train Epoch 6/24: 34.6% (670/1936)
[2025-11-17 16:40:32][INFO][Rank 0] - train Epoch 6/24: 35.1% (680/1936)
[2025-11-17 16:40:39][INFO][Rank 0] - train Epoch 6/24: 35.6% (690/1936)
[2025-11-17 16:40:46][INFO][Rank 0] - train Epoch 6/24: 36.2% (700/1936)
[2025-11-17 16:40:53][INFO][Rank 0] - train Epoch 6/24: 36.7% (710/1936)
[2025-11-17 16:41:00][INFO][Rank 0] - train Epoch 6/24: 37.2% (720/1936)
[2025-11-17 16:41:01][INFO][Rank 0] - CUDA Memory [train][Step 720]: Device 0: Allocated: 3309.6 MB, Reserved: 117540.0 MB (Δ: +1687.0 MB)
[2025-11-17 16:41:07][INFO][Rank 0] - train Epoch 6/24: 37.7% (730/1936)
[2025-11-17 16:41:14][INFO][Rank 0] - train Epoch 6/24: 38.2% (740/1936)
[2025-11-17 16:41:21][INFO][Rank 0] - train Epoch 6/24: 38.7% (750/1936)
[2025-11-17 16:41:28][INFO][Rank 0] - train Epoch 6/24: 39.3% (760/1936)
[2025-11-17 16:41:35][INFO][Rank 0] - train Epoch 6/24: 39.8% (770/1936)
[2025-11-17 16:41:42][INFO][Rank 0] - train Epoch 6/24: 40.3% (780/1936)
[2025-11-17 16:41:49][INFO][Rank 0] - train Epoch 6/24: 40.8% (790/1936)
[2025-11-17 16:41:56][INFO][Rank 0] - train Epoch 6/24: 41.3% (800/1936)
[2025-11-17 16:42:03][INFO][Rank 0] - train Epoch 6/24: 41.8% (810/1936)
[2025-11-17 16:42:04][INFO][Rank 0] - CUDA Memory [train][Step 810]: Device 0: Allocated: 3309.6 MB, Reserved: 117540.0 MB (Δ: +1687.0 MB)
[2025-11-17 16:42:11][INFO][Rank 0] - train Epoch 6/24: 42.4% (820/1936)
[2025-11-17 16:42:18][INFO][Rank 0] - train Epoch 6/24: 42.9% (830/1936)
[2025-11-17 16:42:25][INFO][Rank 0] - train Epoch 6/24: 43.4% (840/1936)
[2025-11-17 16:42:32][INFO][Rank 0] - train Epoch 6/24: 43.9% (850/1936)
[2025-11-17 16:42:39][INFO][Rank 0] - train Epoch 6/24: 44.4% (860/1936)
[2025-11-17 16:42:46][INFO][Rank 0] - train Epoch 6/24: 44.9% (870/1936)
[2025-11-17 16:42:53][INFO][Rank 0] - train Epoch 6/24: 45.5% (880/1936)
[2025-11-17 16:43:00][INFO][Rank 0] - train Epoch 6/24: 46.0% (890/1936)
[2025-11-17 16:43:07][INFO][Rank 0] - train Epoch 6/24: 46.5% (900/1936)
[2025-11-17 16:43:08][INFO][Rank 0] - CUDA Memory [train][Step 900]: Device 0: Allocated: 3309.6 MB, Reserved: 117540.0 MB (Δ: +1687.0 MB)
[2025-11-17 16:43:14][INFO][Rank 0] - train Epoch 6/24: 47.0% (910/1936)
[2025-11-17 16:43:21][INFO][Rank 0] - train Epoch 6/24: 47.5% (920/1936)
[2025-11-17 16:43:28][INFO][Rank 0] - train Epoch 6/24: 48.0% (930/1936)
[2025-11-17 16:43:35][INFO][Rank 0] - train Epoch 6/24: 48.6% (940/1936)
[2025-11-17 16:43:42][INFO][Rank 0] - train Epoch 6/24: 49.1% (950/1936)
[2025-11-17 16:43:49][INFO][Rank 0] - train Epoch 6/24: 49.6% (960/1936)
[2025-11-17 16:43:56][INFO][Rank 0] - train Epoch 6/24: 50.1% (970/1936)
[2025-11-17 16:44:03][INFO][Rank 0] - train Epoch 6/24: 50.6% (980/1936)
[2025-11-17 16:44:10][INFO][Rank 0] - train Epoch 6/24: 51.1% (990/1936)
[2025-11-17 16:44:11][INFO][Rank 0] - CUDA Memory [train][Step 990]: Device 0: Allocated: 3309.6 MB, Reserved: 117540.0 MB (Δ: +1687.0 MB)
[2025-11-17 16:44:17][INFO][Rank 0] - train Epoch 6/24: 51.7% (1000/1936)
[2025-11-17 16:44:24][INFO][Rank 0] - train Epoch 6/24: 52.2% (1010/1936)
[2025-11-17 16:44:32][INFO][Rank 0] - train Epoch 6/24: 52.7% (1020/1936)
[2025-11-17 16:44:39][INFO][Rank 0] - train Epoch 6/24: 53.2% (1030/1936)
[2025-11-17 16:44:46][INFO][Rank 0] - train Epoch 6/24: 53.7% (1040/1936)
[2025-11-17 16:44:53][INFO][Rank 0] - train Epoch 6/24: 54.2% (1050/1936)
[2025-11-17 16:45:00][INFO][Rank 0] - train Epoch 6/24: 54.8% (1060/1936)
[2025-11-17 16:45:07][INFO][Rank 0] - train Epoch 6/24: 55.3% (1070/1936)
[2025-11-17 16:45:14][INFO][Rank 0] - train Epoch 6/24: 55.8% (1080/1936)
[2025-11-17 16:45:15][INFO][Rank 0] - CUDA Memory [train][Step 1080]: Device 0: Allocated: 3309.6 MB, Reserved: 117540.0 MB (Δ: +1687.0 MB)
[2025-11-17 16:45:21][INFO][Rank 0] - train Epoch 6/24: 56.3% (1090/1936)
[2025-11-17 16:45:28][INFO][Rank 0] - train Epoch 6/24: 56.8% (1100/1936)
[2025-11-17 16:45:35][INFO][Rank 0] - train Epoch 6/24: 57.3% (1110/1936)
[2025-11-17 16:45:42][INFO][Rank 0] - train Epoch 6/24: 57.9% (1120/1936)
[2025-11-17 16:45:49][INFO][Rank 0] - train Epoch 6/24: 58.4% (1130/1936)
[2025-11-17 16:45:56][INFO][Rank 0] - train Epoch 6/24: 58.9% (1140/1936)
[2025-11-17 16:46:03][INFO][Rank 0] - train Epoch 6/24: 59.4% (1150/1936)
[2025-11-17 16:46:10][INFO][Rank 0] - train Epoch 6/24: 59.9% (1160/1936)
[2025-11-17 16:46:17][INFO][Rank 0] - train Epoch 6/24: 60.4% (1170/1936)
[2025-11-17 16:46:18][INFO][Rank 0] - CUDA Memory [train][Step 1170]: Device 0: Allocated: 3309.6 MB, Reserved: 117540.0 MB (Δ: +1687.0 MB)
[2025-11-17 16:46:24][INFO][Rank 0] - train Epoch 6/24: 61.0% (1180/1936)
[2025-11-17 16:46:31][INFO][Rank 0] - train Epoch 6/24: 61.5% (1190/1936)
[2025-11-17 16:46:38][INFO][Rank 0] - train Epoch 6/24: 62.0% (1200/1936)
[2025-11-17 16:46:45][INFO][Rank 0] - train Epoch 6/24: 62.5% (1210/1936)
[2025-11-17 16:46:52][INFO][Rank 0] - train Epoch 6/24: 63.0% (1220/1936)
[2025-11-17 16:47:00][INFO][Rank 0] - train Epoch 6/24: 63.5% (1230/1936)
[2025-11-17 16:47:07][INFO][Rank 0] - train Epoch 6/24: 64.0% (1240/1936)
[2025-11-17 16:47:14][INFO][Rank 0] - train Epoch 6/24: 64.6% (1250/1936)
[2025-11-17 16:47:21][INFO][Rank 0] - train Epoch 6/24: 65.1% (1260/1936)
[2025-11-17 16:47:21][INFO][Rank 0] - CUDA Memory [train][Step 1260]: Device 0: Allocated: 3309.6 MB, Reserved: 117540.0 MB (Δ: +1687.0 MB)
[2025-11-17 16:47:28][INFO][Rank 0] - train Epoch 6/24: 65.6% (1270/1936)
[2025-11-17 16:47:35][INFO][Rank 0] - train Epoch 6/24: 66.1% (1280/1936)
[2025-11-17 16:47:42][INFO][Rank 0] - train Epoch 6/24: 66.6% (1290/1936)
[2025-11-17 16:47:49][INFO][Rank 0] - train Epoch 6/24: 67.1% (1300/1936)
[2025-11-17 16:47:56][INFO][Rank 0] - train Epoch 6/24: 67.7% (1310/1936)
[2025-11-17 16:48:03][INFO][Rank 0] - train Epoch 6/24: 68.2% (1320/1936)
[2025-11-17 16:48:10][INFO][Rank 0] - train Epoch 6/24: 68.7% (1330/1936)
[2025-11-17 16:48:17][INFO][Rank 0] - train Epoch 6/24: 69.2% (1340/1936)
[2025-11-17 16:48:24][INFO][Rank 0] - train Epoch 6/24: 69.7% (1350/1936)
[2025-11-17 16:48:25][INFO][Rank 0] - CUDA Memory [train][Step 1350]: Device 0: Allocated: 3309.6 MB, Reserved: 117540.0 MB (Δ: +1687.0 MB)
[2025-11-17 16:48:31][INFO][Rank 0] - train Epoch 6/24: 70.2% (1360/1936)
[2025-11-17 16:48:38][INFO][Rank 0] - train Epoch 6/24: 70.8% (1370/1936)
[2025-11-17 16:48:45][INFO][Rank 0] - train Epoch 6/24: 71.3% (1380/1936)
[2025-11-17 16:48:52][INFO][Rank 0] - train Epoch 6/24: 71.8% (1390/1936)
[2025-11-17 16:48:59][INFO][Rank 0] - train Epoch 6/24: 72.3% (1400/1936)
[2025-11-17 16:49:06][INFO][Rank 0] - train Epoch 6/24: 72.8% (1410/1936)
[2025-11-17 16:49:13][INFO][Rank 0] - train Epoch 6/24: 73.3% (1420/1936)
[2025-11-17 16:49:20][INFO][Rank 0] - train Epoch 6/24: 73.9% (1430/1936)
[2025-11-17 16:49:28][INFO][Rank 0] - train Epoch 6/24: 74.4% (1440/1936)
[2025-11-17 16:49:28][INFO][Rank 0] - CUDA Memory [train][Step 1440]: Device 0: Allocated: 3309.6 MB, Reserved: 117540.0 MB (Δ: +1687.0 MB)
[2025-11-17 16:49:35][INFO][Rank 0] - train Epoch 6/24: 74.9% (1450/1936)
[2025-11-17 16:49:42][INFO][Rank 0] - train Epoch 6/24: 75.4% (1460/1936)
[2025-11-17 16:49:49][INFO][Rank 0] - train Epoch 6/24: 75.9% (1470/1936)
[2025-11-17 16:49:56][INFO][Rank 0] - train Epoch 6/24: 76.4% (1480/1936)
[2025-11-17 16:50:03][INFO][Rank 0] - train Epoch 6/24: 77.0% (1490/1936)
[2025-11-17 16:50:10][INFO][Rank 0] - train Epoch 6/24: 77.5% (1500/1936)
[2025-11-17 16:50:17][INFO][Rank 0] - train Epoch 6/24: 78.0% (1510/1936)
[2025-11-17 16:50:24][INFO][Rank 0] - train Epoch 6/24: 78.5% (1520/1936)
[2025-11-17 16:50:31][INFO][Rank 0] - train Epoch 6/24: 79.0% (1530/1936)
[2025-11-17 16:50:32][INFO][Rank 0] - CUDA Memory [train][Step 1530]: Device 0: Allocated: 3309.6 MB, Reserved: 117540.0 MB (Δ: +1687.0 MB)
[2025-11-17 16:50:38][INFO][Rank 0] - train Epoch 6/24: 79.5% (1540/1936)
[2025-11-17 16:50:45][INFO][Rank 0] - train Epoch 6/24: 80.1% (1550/1936)
[2025-11-17 16:50:52][INFO][Rank 0] - train Epoch 6/24: 80.6% (1560/1936)
[2025-11-17 16:50:59][INFO][Rank 0] - train Epoch 6/24: 81.1% (1570/1936)
[2025-11-17 16:51:06][INFO][Rank 0] - train Epoch 6/24: 81.6% (1580/1936)
[2025-11-17 16:51:13][INFO][Rank 0] - train Epoch 6/24: 82.1% (1590/1936)
[2025-11-17 16:51:20][INFO][Rank 0] - train Epoch 6/24: 82.6% (1600/1936)
[2025-11-17 16:51:27][INFO][Rank 0] - train Epoch 6/24: 83.2% (1610/1936)
[2025-11-17 16:51:34][INFO][Rank 0] - train Epoch 6/24: 83.7% (1620/1936)
[2025-11-17 16:51:35][INFO][Rank 0] - CUDA Memory [train][Step 1620]: Device 0: Allocated: 3309.6 MB, Reserved: 117540.0 MB (Δ: +1687.0 MB)
[2025-11-17 16:51:41][INFO][Rank 0] - train Epoch 6/24: 84.2% (1630/1936)
[2025-11-17 16:51:49][INFO][Rank 0] - train Epoch 6/24: 84.7% (1640/1936)
[2025-11-17 16:51:56][INFO][Rank 0] - train Epoch 6/24: 85.2% (1650/1936)
[2025-11-17 16:52:03][INFO][Rank 0] - train Epoch 6/24: 85.7% (1660/1936)
[2025-11-17 16:52:10][INFO][Rank 0] - train Epoch 6/24: 86.3% (1670/1936)
[2025-11-17 16:52:17][INFO][Rank 0] - train Epoch 6/24: 86.8% (1680/1936)
[2025-11-17 16:52:24][INFO][Rank 0] - train Epoch 6/24: 87.3% (1690/1936)
[2025-11-17 16:52:31][INFO][Rank 0] - train Epoch 6/24: 87.8% (1700/1936)
[2025-11-17 16:52:38][INFO][Rank 0] - train Epoch 6/24: 88.3% (1710/1936)
[2025-11-17 16:52:39][INFO][Rank 0] - CUDA Memory [train][Step 1710]: Device 0: Allocated: 3309.6 MB, Reserved: 117540.0 MB (Δ: +1687.0 MB)
[2025-11-17 16:52:45][INFO][Rank 0] - train Epoch 6/24: 88.8% (1720/1936)
[2025-11-17 16:52:52][INFO][Rank 0] - train Epoch 6/24: 89.4% (1730/1936)
[2025-11-17 16:52:59][INFO][Rank 0] - train Epoch 6/24: 89.9% (1740/1936)
[2025-11-17 16:53:06][INFO][Rank 0] - train Epoch 6/24: 90.4% (1750/1936)
[2025-11-17 16:53:13][INFO][Rank 0] - train Epoch 6/24: 90.9% (1760/1936)
[2025-11-17 16:53:20][INFO][Rank 0] - train Epoch 6/24: 91.4% (1770/1936)
[2025-11-17 16:53:27][INFO][Rank 0] - train Epoch 6/24: 91.9% (1780/1936)
[2025-11-17 16:53:34][INFO][Rank 0] - train Epoch 6/24: 92.5% (1790/1936)
[2025-11-17 16:53:41][INFO][Rank 0] - train Epoch 6/24: 93.0% (1800/1936)
[2025-11-17 16:53:42][INFO][Rank 0] - CUDA Memory [train][Step 1800]: Device 0: Allocated: 3309.6 MB, Reserved: 117540.0 MB (Δ: +1687.0 MB)
[2025-11-17 16:53:48][INFO][Rank 0] - train Epoch 6/24: 93.5% (1810/1936)
[2025-11-17 16:53:55][INFO][Rank 0] - train Epoch 6/24: 94.0% (1820/1936)
[2025-11-17 16:54:03][INFO][Rank 0] - train Epoch 6/24: 94.5% (1830/1936)
[2025-11-17 16:54:10][INFO][Rank 0] - train Epoch 6/24: 95.0% (1840/1936)
[2025-11-17 16:54:17][INFO][Rank 0] - train Epoch 6/24: 95.6% (1850/1936)
[2025-11-17 16:54:24][INFO][Rank 0] - train Epoch 6/24: 96.1% (1860/1936)
[2025-11-17 16:54:31][INFO][Rank 0] - train Epoch 6/24: 96.6% (1870/1936)
[2025-11-17 16:54:38][INFO][Rank 0] - train Epoch 6/24: 97.1% (1880/1936)
[2025-11-17 16:54:45][INFO][Rank 0] - train Epoch 6/24: 97.6% (1890/1936)
[2025-11-17 16:54:46][INFO][Rank 0] - CUDA Memory [train][Step 1890]: Device 0: Allocated: 3309.6 MB, Reserved: 117540.0 MB (Δ: +1687.0 MB)
[2025-11-17 16:54:52][INFO][Rank 0] - train Epoch 6/24: 98.1% (1900/1936)
[2025-11-17 16:54:59][INFO][Rank 0] - train Epoch 6/24: 98.7% (1910/1936)
[2025-11-17 16:55:06][INFO][Rank 0] - train Epoch 6/24: 99.2% (1920/1936)
[2025-11-17 16:55:13][INFO][Rank 0] - train Epoch 6/24: 99.7% (1930/1936)
[2025-11-17 16:55:17][INFO][Rank 0] - train Epoch 6/24: 99.9% (1935/1936)
[2025-11-17 16:55:17][INFO][Rank 0] - train Loss: 0.1672 Acc: 0.9742 F1: 0.9867
[2025-11-17 16:55:17][INFO][Rank 0] - train Balanced Acc: 0.8762 AUC-ROC: 0.9647
[2025-11-17 16:55:17][INFO][Rank 0] - train Sensitivity: 0.9796 Specificity: 0.7729
[2025-11-17 16:55:17][INFO][Rank 0] - train Confusion Matrix: TP=18473, FP=114, FN=385, TN=388
[2025-11-17 16:55:17][INFO][Rank 0] - train completed in 1365.37s
[2025-11-17 16:55:17][INFO][Rank 0] - Data loading time: 1.25s, Forward time: 277.94s, Backward time: 739.45s
[2025-11-17 16:55:17][INFO][Rank 0] - train cache: 0/1 items, hit rate: 0.00%
[2025-11-17 16:55:17][INFO][Rank 0] - CUDA Memory [val][Step 0]: Device 0: Allocated: 3309.6 MB, Reserved: 117540.0 MB (Δ: +1687.0 MB)
[2025-11-17 16:55:17][INFO][Rank 0] - val phase: total 418 batches
[2025-11-17 16:55:17][INFO][Rank 0] - val Epoch 6/24: 0.0% (0/418)
[2025-11-17 16:55:22][INFO][Rank 0] - val Epoch 6/24: 2.4% (10/418)
[2025-11-17 16:55:27][INFO][Rank 0] - val Epoch 6/24: 4.8% (20/418)
[2025-11-17 16:55:32][INFO][Rank 0] - val Epoch 6/24: 7.2% (30/418)
[2025-11-17 16:55:37][INFO][Rank 0] - val Epoch 6/24: 9.6% (40/418)
[2025-11-17 16:55:42][INFO][Rank 0] - val Epoch 6/24: 12.0% (50/418)
[2025-11-17 16:55:47][INFO][Rank 0] - val Epoch 6/24: 14.4% (60/418)
[2025-11-17 16:55:52][INFO][Rank 0] - val Epoch 6/24: 16.7% (70/418)
[2025-11-17 16:55:57][INFO][Rank 0] - val Epoch 6/24: 19.1% (80/418)
[2025-11-17 16:56:02][INFO][Rank 0] - val Epoch 6/24: 21.5% (90/418)
[2025-11-17 16:56:07][INFO][Rank 0] - val Epoch 6/24: 23.9% (100/418)
[2025-11-17 16:56:12][INFO][Rank 0] - val Epoch 6/24: 26.3% (110/418)
[2025-11-17 16:56:17][INFO][Rank 0] - val Epoch 6/24: 28.7% (120/418)
[2025-11-17 16:56:18][INFO][Rank 0] - CUDA Memory [val][Step 120]: Device 0: Allocated: 3309.6 MB, Reserved: 117540.0 MB (Δ: +1687.0 MB)
[2025-11-17 16:56:22][INFO][Rank 0] - val Epoch 6/24: 31.1% (130/418)
[2025-11-17 16:56:27][INFO][Rank 0] - val Epoch 6/24: 33.5% (140/418)
[2025-11-17 16:56:32][INFO][Rank 0] - val Epoch 6/24: 35.9% (150/418)
[2025-11-17 16:56:37][INFO][Rank 0] - val Epoch 6/24: 38.3% (160/418)
[2025-11-17 16:56:42][INFO][Rank 0] - val Epoch 6/24: 40.7% (170/418)
[2025-11-17 16:56:47][INFO][Rank 0] - val Epoch 6/24: 43.1% (180/418)
[2025-11-17 16:56:52][INFO][Rank 0] - val Epoch 6/24: 45.5% (190/418)
[2025-11-17 16:56:57][INFO][Rank 0] - val Epoch 6/24: 47.8% (200/418)
[2025-11-17 16:57:02][INFO][Rank 0] - val Epoch 6/24: 50.2% (210/418)
[2025-11-17 16:57:07][INFO][Rank 0] - val Epoch 6/24: 52.6% (220/418)
[2025-11-17 16:57:12][INFO][Rank 0] - val Epoch 6/24: 55.0% (230/418)
[2025-11-17 16:57:17][INFO][Rank 0] - val Epoch 6/24: 57.4% (240/418)
[2025-11-17 16:57:22][INFO][Rank 0] - val Epoch 6/24: 59.8% (250/418)
[2025-11-17 16:57:27][INFO][Rank 0] - val Epoch 6/24: 62.2% (260/418)
[2025-11-17 16:57:32][INFO][Rank 0] - val Epoch 6/24: 64.6% (270/418)
[2025-11-17 16:57:32][INFO][Rank 0] - CUDA Memory [val][Step 270]: Device 0: Allocated: 3309.6 MB, Reserved: 117540.0 MB (Δ: +1687.0 MB)
[2025-11-17 16:57:36][INFO][Rank 0] - val Epoch 6/24: 67.0% (280/418)
[2025-11-17 16:57:41][INFO][Rank 0] - val Epoch 6/24: 69.4% (290/418)
[2025-11-17 16:57:46][INFO][Rank 0] - val Epoch 6/24: 71.8% (300/418)
[2025-11-17 16:57:51][INFO][Rank 0] - val Epoch 6/24: 74.2% (310/418)
[2025-11-17 16:57:56][INFO][Rank 0] - val Epoch 6/24: 76.6% (320/418)
[2025-11-17 16:58:01][INFO][Rank 0] - val Epoch 6/24: 78.9% (330/418)
[2025-11-17 16:58:06][INFO][Rank 0] - val Epoch 6/24: 81.3% (340/418)
[2025-11-17 16:58:11][INFO][Rank 0] - val Epoch 6/24: 83.7% (350/418)
[2025-11-17 16:58:16][INFO][Rank 0] - val Epoch 6/24: 86.1% (360/418)
[2025-11-17 16:58:21][INFO][Rank 0] - val Epoch 6/24: 88.5% (370/418)
[2025-11-17 16:58:26][INFO][Rank 0] - val Epoch 6/24: 90.9% (380/418)
[2025-11-17 16:58:31][INFO][Rank 0] - val Epoch 6/24: 93.3% (390/418)
[2025-11-17 16:58:36][INFO][Rank 0] - val Epoch 6/24: 95.7% (400/418)
[2025-11-17 16:58:41][INFO][Rank 0] - val Epoch 6/24: 98.1% (410/418)
[2025-11-17 16:58:45][INFO][Rank 0] - val Epoch 6/24: 99.8% (417/418)
[2025-11-17 16:58:45][INFO][Rank 0] - val Loss: 0.1175 Acc: 0.9684 F1: 0.9836
[2025-11-17 16:58:45][INFO][Rank 0] - val Balanced Acc: 0.8633 AUC-ROC: 0.9782
[2025-11-17 16:58:45][INFO][Rank 0] - val Sensitivity: 0.9744 Specificity: 0.7522
[2025-11-17 16:58:45][INFO][Rank 0] - val Confusion Matrix: TP=3963, FP=28, FN=104, TN=85
[2025-11-17 16:58:45][INFO][Rank 0] - val completed in 207.76s
[2025-11-17 16:58:45][INFO][Rank 0] - val cache: 0/1 items, hit rate: 0.00%
[2025-11-17 16:58:49][INFO][Rank 0] - Saved new best balanced_acc model with balanced_acc: 0.8633 at /projects/retprogression/rgarridogarcia/checkpoints/cropped1024_cropped_centered_wt_allR_4/best_balanced_acc_model.pth
[2025-11-17 16:58:54][INFO][Rank 0] - Also saved as general best model at /projects/retprogression/rgarridogarcia/checkpoints/cropped1024_cropped_centered_wt_allR_4/best_model.pth
[2025-11-17 16:58:58][INFO][Rank 0] - Saved new best auc model with auc: 0.9782 at /projects/retprogression/rgarridogarcia/checkpoints/cropped1024_cropped_centered_wt_allR_4/best_auc_model.pth
[2025-11-17 16:59:02][INFO][Rank 0] - Saved epoch checkpoint at /projects/retprogression/rgarridogarcia/checkpoints/cropped1024_cropped_centered_wt_allR_4/epoch_6.pth
[2025-11-17 16:59:02][INFO][Rank 0] - Epoch 6 summary:
[2025-11-17 16:59:02][INFO][Rank 0] -  Train Loss: 0.1672, Train Acc: 0.9742, Train F1: 0.9867
[2025-11-17 16:59:02][INFO][Rank 0] -  Train Balanced Acc: 0.8762, Train AUC: 0.9647
[2025-11-17 16:59:02][INFO][Rank 0] -  Train Sensitivity: 0.9796, Train Specificity: 0.7729
[2025-11-17 16:59:02][INFO][Rank 0] -  Val Loss: 0.1175, Val Acc: 0.9684, Val F1: 0.9836
[2025-11-17 16:59:02][INFO][Rank 0] -  Val Balanced Acc: 0.8633, Val AUC: 0.9782
[2025-11-17 16:59:02][INFO][Rank 0] -  Val Sensitivity: 0.9744, Val Specificity: 0.7522
[2025-11-17 16:59:02][INFO][Rank 0] -  Total Epoch Time: 1589.72s
[2025-11-17 16:59:02][INFO][Rank 0] - Epoch 7/24
[2025-11-17 16:59:02][INFO][Rank 0] - ----------
[2025-11-17 16:59:02][INFO][Rank 0] - CUDA Memory [train][Step 0]: Device 0: Allocated: 3309.6 MB, Reserved: 117540.0 MB (Δ: +1687.0 MB)
[2025-11-17 16:59:02][INFO][Rank 0] - train phase: total 1936 batches
[2025-11-17 16:59:02][INFO][Rank 0] - train Epoch 7/24: 0.0% (0/1936)
[2025-11-17 16:59:09][INFO][Rank 0] - train Epoch 7/24: 0.5% (10/1936)
[2025-11-17 16:59:16][INFO][Rank 0] - train Epoch 7/24: 1.0% (20/1936)
[2025-11-17 16:59:23][INFO][Rank 0] - train Epoch 7/24: 1.5% (30/1936)
[2025-11-17 16:59:30][INFO][Rank 0] - train Epoch 7/24: 2.1% (40/1936)
[2025-11-17 16:59:37][INFO][Rank 0] - train Epoch 7/24: 2.6% (50/1936)
[2025-11-17 16:59:44][INFO][Rank 0] - train Epoch 7/24: 3.1% (60/1936)
[2025-11-17 16:59:52][INFO][Rank 0] - train Epoch 7/24: 3.6% (70/1936)
[2025-11-17 16:59:59][INFO][Rank 0] - train Epoch 7/24: 4.1% (80/1936)
[2025-11-17 17:00:06][INFO][Rank 0] - train Epoch 7/24: 4.6% (90/1936)
[2025-11-17 17:00:06][INFO][Rank 0] - CUDA Memory [train][Step 90]: Device 0: Allocated: 3309.6 MB, Reserved: 117540.0 MB (Δ: +1687.0 MB)
[2025-11-17 17:00:13][INFO][Rank 0] - train Epoch 7/24: 5.2% (100/1936)
[2025-11-17 17:00:20][INFO][Rank 0] - train Epoch 7/24: 5.7% (110/1936)
[2025-11-17 17:00:27][INFO][Rank 0] - train Epoch 7/24: 6.2% (120/1936)
[2025-11-17 17:00:34][INFO][Rank 0] - train Epoch 7/24: 6.7% (130/1936)
[2025-11-17 17:00:41][INFO][Rank 0] - train Epoch 7/24: 7.2% (140/1936)
[2025-11-17 17:00:48][INFO][Rank 0] - train Epoch 7/24: 7.7% (150/1936)
[2025-11-17 17:00:55][INFO][Rank 0] - train Epoch 7/24: 8.3% (160/1936)
[2025-11-17 17:01:02][INFO][Rank 0] - train Epoch 7/24: 8.8% (170/1936)
[2025-11-17 17:01:09][INFO][Rank 0] - train Epoch 7/24: 9.3% (180/1936)
[2025-11-17 17:01:10][INFO][Rank 0] - CUDA Memory [train][Step 180]: Device 0: Allocated: 3309.6 MB, Reserved: 117540.0 MB (Δ: +1687.0 MB)
[2025-11-17 17:01:16][INFO][Rank 0] - train Epoch 7/24: 9.8% (190/1936)
[2025-11-17 17:01:23][INFO][Rank 0] - train Epoch 7/24: 10.3% (200/1936)
[2025-11-17 17:01:30][INFO][Rank 0] - train Epoch 7/24: 10.8% (210/1936)
[2025-11-17 17:01:37][INFO][Rank 0] - train Epoch 7/24: 11.4% (220/1936)
[2025-11-17 17:01:44][INFO][Rank 0] - train Epoch 7/24: 11.9% (230/1936)
[2025-11-17 17:01:51][INFO][Rank 0] - train Epoch 7/24: 12.4% (240/1936)
[2025-11-17 17:01:58][INFO][Rank 0] - train Epoch 7/24: 12.9% (250/1936)
[2025-11-17 17:02:05][INFO][Rank 0] - train Epoch 7/24: 13.4% (260/1936)
[2025-11-17 17:02:12][INFO][Rank 0] - train Epoch 7/24: 13.9% (270/1936)
[2025-11-17 17:02:13][INFO][Rank 0] - CUDA Memory [train][Step 270]: Device 0: Allocated: 3309.6 MB, Reserved: 117540.0 MB (Δ: +1687.0 MB)
[2025-11-17 17:02:20][INFO][Rank 0] - train Epoch 7/24: 14.5% (280/1936)
[2025-11-17 17:02:27][INFO][Rank 0] - train Epoch 7/24: 15.0% (290/1936)
[2025-11-17 17:02:34][INFO][Rank 0] - train Epoch 7/24: 15.5% (300/1936)
[2025-11-17 17:02:41][INFO][Rank 0] - train Epoch 7/24: 16.0% (310/1936)
[2025-11-17 17:02:48][INFO][Rank 0] - train Epoch 7/24: 16.5% (320/1936)
[2025-11-17 17:02:55][INFO][Rank 0] - train Epoch 7/24: 17.0% (330/1936)
[2025-11-17 17:03:02][INFO][Rank 0] - train Epoch 7/24: 17.6% (340/1936)
[2025-11-17 17:03:09][INFO][Rank 0] - train Epoch 7/24: 18.1% (350/1936)
[2025-11-17 17:03:16][INFO][Rank 0] - train Epoch 7/24: 18.6% (360/1936)
[2025-11-17 17:03:17][INFO][Rank 0] - CUDA Memory [train][Step 360]: Device 0: Allocated: 3309.6 MB, Reserved: 117540.0 MB (Δ: +1687.0 MB)
[2025-11-17 17:03:23][INFO][Rank 0] - train Epoch 7/24: 19.1% (370/1936)
[2025-11-17 17:03:30][INFO][Rank 0] - train Epoch 7/24: 19.6% (380/1936)
[2025-11-17 17:03:37][INFO][Rank 0] - train Epoch 7/24: 20.1% (390/1936)
[2025-11-17 17:03:44][INFO][Rank 0] - train Epoch 7/24: 20.7% (400/1936)
[2025-11-17 17:03:51][INFO][Rank 0] - train Epoch 7/24: 21.2% (410/1936)
[2025-11-17 17:03:58][INFO][Rank 0] - train Epoch 7/24: 21.7% (420/1936)
[2025-11-17 17:04:05][INFO][Rank 0] - train Epoch 7/24: 22.2% (430/1936)
[2025-11-17 17:04:12][INFO][Rank 0] - train Epoch 7/24: 22.7% (440/1936)
[2025-11-17 17:04:19][INFO][Rank 0] - train Epoch 7/24: 23.2% (450/1936)
[2025-11-17 17:04:20][INFO][Rank 0] - CUDA Memory [train][Step 450]: Device 0: Allocated: 3309.6 MB, Reserved: 117540.0 MB (Δ: +1687.0 MB)
[2025-11-17 17:04:26][INFO][Rank 0] - train Epoch 7/24: 23.8% (460/1936)
[2025-11-17 17:04:33][INFO][Rank 0] - train Epoch 7/24: 24.3% (470/1936)
[2025-11-17 17:04:40][INFO][Rank 0] - train Epoch 7/24: 24.8% (480/1936)
[2025-11-17 17:04:48][INFO][Rank 0] - train Epoch 7/24: 25.3% (490/1936)
[2025-11-17 17:04:55][INFO][Rank 0] - train Epoch 7/24: 25.8% (500/1936)
[2025-11-17 17:05:02][INFO][Rank 0] - train Epoch 7/24: 26.3% (510/1936)
[2025-11-17 17:05:09][INFO][Rank 0] - train Epoch 7/24: 26.9% (520/1936)
[2025-11-17 17:05:16][INFO][Rank 0] - train Epoch 7/24: 27.4% (530/1936)
[2025-11-17 17:05:23][INFO][Rank 0] - train Epoch 7/24: 27.9% (540/1936)
[2025-11-17 17:05:23][INFO][Rank 0] - CUDA Memory [train][Step 540]: Device 0: Allocated: 3309.6 MB, Reserved: 117540.0 MB (Δ: +1687.0 MB)
[2025-11-17 17:05:30][INFO][Rank 0] - train Epoch 7/24: 28.4% (550/1936)
[2025-11-17 17:05:37][INFO][Rank 0] - train Epoch 7/24: 28.9% (560/1936)
[2025-11-17 17:05:44][INFO][Rank 0] - train Epoch 7/24: 29.4% (570/1936)
[2025-11-17 17:05:51][INFO][Rank 0] - train Epoch 7/24: 30.0% (580/1936)
[2025-11-17 17:05:58][INFO][Rank 0] - train Epoch 7/24: 30.5% (590/1936)
[2025-11-17 17:06:05][INFO][Rank 0] - train Epoch 7/24: 31.0% (600/1936)
[2025-11-17 17:06:12][INFO][Rank 0] - train Epoch 7/24: 31.5% (610/1936)
[2025-11-17 17:06:19][INFO][Rank 0] - train Epoch 7/24: 32.0% (620/1936)
[2025-11-17 17:06:26][INFO][Rank 0] - train Epoch 7/24: 32.5% (630/1936)
[2025-11-17 17:06:27][INFO][Rank 0] - CUDA Memory [train][Step 630]: Device 0: Allocated: 3309.6 MB, Reserved: 117540.0 MB (Δ: +1687.0 MB)
[2025-11-17 17:06:33][INFO][Rank 0] - train Epoch 7/24: 33.1% (640/1936)
[2025-11-17 17:06:40][INFO][Rank 0] - train Epoch 7/24: 33.6% (650/1936)
[2025-11-17 17:06:47][INFO][Rank 0] - train Epoch 7/24: 34.1% (660/1936)
[2025-11-17 17:06:54][INFO][Rank 0] - train Epoch 7/24: 34.6% (670/1936)
[2025-11-17 17:07:01][INFO][Rank 0] - train Epoch 7/24: 35.1% (680/1936)
[2025-11-17 17:07:08][INFO][Rank 0] - train Epoch 7/24: 35.6% (690/1936)
[2025-11-17 17:07:16][INFO][Rank 0] - train Epoch 7/24: 36.2% (700/1936)
[2025-11-17 17:07:23][INFO][Rank 0] - train Epoch 7/24: 36.7% (710/1936)
[2025-11-17 17:07:30][INFO][Rank 0] - train Epoch 7/24: 37.2% (720/1936)
[2025-11-17 17:07:30][INFO][Rank 0] - CUDA Memory [train][Step 720]: Device 0: Allocated: 3309.6 MB, Reserved: 117540.0 MB (Δ: +1687.0 MB)
[2025-11-17 17:07:37][INFO][Rank 0] - train Epoch 7/24: 37.7% (730/1936)
[2025-11-17 17:07:44][INFO][Rank 0] - train Epoch 7/24: 38.2% (740/1936)
[2025-11-17 17:07:51][INFO][Rank 0] - train Epoch 7/24: 38.7% (750/1936)
[2025-11-17 17:07:58][INFO][Rank 0] - train Epoch 7/24: 39.3% (760/1936)
[2025-11-17 17:08:05][INFO][Rank 0] - train Epoch 7/24: 39.8% (770/1936)
[2025-11-17 17:08:12][INFO][Rank 0] - train Epoch 7/24: 40.3% (780/1936)
[2025-11-17 17:08:19][INFO][Rank 0] - train Epoch 7/24: 40.8% (790/1936)
[2025-11-17 17:08:26][INFO][Rank 0] - train Epoch 7/24: 41.3% (800/1936)
[2025-11-17 17:08:33][INFO][Rank 0] - train Epoch 7/24: 41.8% (810/1936)
[2025-11-17 17:08:34][INFO][Rank 0] - CUDA Memory [train][Step 810]: Device 0: Allocated: 3309.6 MB, Reserved: 117540.0 MB (Δ: +1687.0 MB)
[2025-11-17 17:08:40][INFO][Rank 0] - train Epoch 7/24: 42.4% (820/1936)
[2025-11-17 17:08:47][INFO][Rank 0] - train Epoch 7/24: 42.9% (830/1936)
[2025-11-17 17:08:54][INFO][Rank 0] - train Epoch 7/24: 43.4% (840/1936)
[2025-11-17 17:09:01][INFO][Rank 0] - train Epoch 7/24: 43.9% (850/1936)
[2025-11-17 17:09:08][INFO][Rank 0] - train Epoch 7/24: 44.4% (860/1936)
[2025-11-17 17:09:15][INFO][Rank 0] - train Epoch 7/24: 44.9% (870/1936)
[2025-11-17 17:09:22][INFO][Rank 0] - train Epoch 7/24: 45.5% (880/1936)
[2025-11-17 17:09:29][INFO][Rank 0] - train Epoch 7/24: 46.0% (890/1936)
[2025-11-17 17:09:36][INFO][Rank 0] - train Epoch 7/24: 46.5% (900/1936)
[2025-11-17 17:09:37][INFO][Rank 0] - CUDA Memory [train][Step 900]: Device 0: Allocated: 3309.6 MB, Reserved: 117540.0 MB (Δ: +1687.0 MB)
[2025-11-17 17:09:44][INFO][Rank 0] - train Epoch 7/24: 47.0% (910/1936)
[2025-11-17 17:09:51][INFO][Rank 0] - train Epoch 7/24: 47.5% (920/1936)
[2025-11-17 17:09:58][INFO][Rank 0] - train Epoch 7/24: 48.0% (930/1936)
[2025-11-17 17:10:05][INFO][Rank 0] - train Epoch 7/24: 48.6% (940/1936)
[2025-11-17 17:10:12][INFO][Rank 0] - train Epoch 7/24: 49.1% (950/1936)
[2025-11-17 17:10:19][INFO][Rank 0] - train Epoch 7/24: 49.6% (960/1936)
[2025-11-17 17:10:26][INFO][Rank 0] - train Epoch 7/24: 50.1% (970/1936)
[2025-11-17 17:10:33][INFO][Rank 0] - train Epoch 7/24: 50.6% (980/1936)
[2025-11-17 17:10:40][INFO][Rank 0] - train Epoch 7/24: 51.1% (990/1936)
[2025-11-17 17:10:41][INFO][Rank 0] - CUDA Memory [train][Step 990]: Device 0: Allocated: 3309.6 MB, Reserved: 117540.0 MB (Δ: +1687.0 MB)
[2025-11-17 17:10:47][INFO][Rank 0] - train Epoch 7/24: 51.7% (1000/1936)
[2025-11-17 17:10:54][INFO][Rank 0] - train Epoch 7/24: 52.2% (1010/1936)
[2025-11-17 17:11:01][INFO][Rank 0] - train Epoch 7/24: 52.7% (1020/1936)
[2025-11-17 17:11:08][INFO][Rank 0] - train Epoch 7/24: 53.2% (1030/1936)
[2025-11-17 17:11:15][INFO][Rank 0] - train Epoch 7/24: 53.7% (1040/1936)
[2025-11-17 17:11:22][INFO][Rank 0] - train Epoch 7/24: 54.2% (1050/1936)
[2025-11-17 17:11:29][INFO][Rank 0] - train Epoch 7/24: 54.8% (1060/1936)
[2025-11-17 17:11:36][INFO][Rank 0] - train Epoch 7/24: 55.3% (1070/1936)
[2025-11-17 17:11:43][INFO][Rank 0] - train Epoch 7/24: 55.8% (1080/1936)
[2025-11-17 17:11:44][INFO][Rank 0] - CUDA Memory [train][Step 1080]: Device 0: Allocated: 3309.6 MB, Reserved: 117540.0 MB (Δ: +1687.0 MB)
[2025-11-17 17:11:50][INFO][Rank 0] - train Epoch 7/24: 56.3% (1090/1936)
[2025-11-17 17:11:57][INFO][Rank 0] - train Epoch 7/24: 56.8% (1100/1936)
[2025-11-17 17:12:05][INFO][Rank 0] - train Epoch 7/24: 57.3% (1110/1936)
[2025-11-17 17:12:12][INFO][Rank 0] - train Epoch 7/24: 57.9% (1120/1936)
[2025-11-17 17:12:19][INFO][Rank 0] - train Epoch 7/24: 58.4% (1130/1936)
[2025-11-17 17:12:26][INFO][Rank 0] - train Epoch 7/24: 58.9% (1140/1936)
[2025-11-17 17:12:33][INFO][Rank 0] - train Epoch 7/24: 59.4% (1150/1936)
[2025-11-17 17:12:40][INFO][Rank 0] - train Epoch 7/24: 59.9% (1160/1936)
[2025-11-17 17:12:47][INFO][Rank 0] - train Epoch 7/24: 60.4% (1170/1936)
[2025-11-17 17:12:48][INFO][Rank 0] - CUDA Memory [train][Step 1170]: Device 0: Allocated: 3309.6 MB, Reserved: 117540.0 MB (Δ: +1687.0 MB)
[2025-11-17 17:12:54][INFO][Rank 0] - train Epoch 7/24: 61.0% (1180/1936)
[2025-11-17 17:13:01][INFO][Rank 0] - train Epoch 7/24: 61.5% (1190/1936)
[2025-11-17 17:13:08][INFO][Rank 0] - train Epoch 7/24: 62.0% (1200/1936)
[2025-11-17 17:13:15][INFO][Rank 0] - train Epoch 7/24: 62.5% (1210/1936)
[2025-11-17 17:13:22][INFO][Rank 0] - train Epoch 7/24: 63.0% (1220/1936)
[2025-11-17 17:13:29][INFO][Rank 0] - train Epoch 7/24: 63.5% (1230/1936)
[2025-11-17 17:13:36][INFO][Rank 0] - train Epoch 7/24: 64.0% (1240/1936)
[2025-11-17 17:13:43][INFO][Rank 0] - train Epoch 7/24: 64.6% (1250/1936)
[2025-11-17 17:13:50][INFO][Rank 0] - train Epoch 7/24: 65.1% (1260/1936)
[2025-11-17 17:13:51][INFO][Rank 0] - CUDA Memory [train][Step 1260]: Device 0: Allocated: 3309.6 MB, Reserved: 117540.0 MB (Δ: +1687.0 MB)
[2025-11-17 17:13:57][INFO][Rank 0] - train Epoch 7/24: 65.6% (1270/1936)
[2025-11-17 17:14:04][INFO][Rank 0] - train Epoch 7/24: 66.1% (1280/1936)
[2025-11-17 17:14:11][INFO][Rank 0] - train Epoch 7/24: 66.6% (1290/1936)
[2025-11-17 17:14:18][INFO][Rank 0] - train Epoch 7/24: 67.1% (1300/1936)
[2025-11-17 17:14:26][INFO][Rank 0] - train Epoch 7/24: 67.7% (1310/1936)
[2025-11-17 17:14:33][INFO][Rank 0] - train Epoch 7/24: 68.2% (1320/1936)
[2025-11-17 17:14:40][INFO][Rank 0] - train Epoch 7/24: 68.7% (1330/1936)
[2025-11-17 17:14:47][INFO][Rank 0] - train Epoch 7/24: 69.2% (1340/1936)
[2025-11-17 17:14:54][INFO][Rank 0] - train Epoch 7/24: 69.7% (1350/1936)
[2025-11-17 17:14:54][INFO][Rank 0] - CUDA Memory [train][Step 1350]: Device 0: Allocated: 3309.6 MB, Reserved: 117540.0 MB (Δ: +1687.0 MB)
[2025-11-17 17:15:01][INFO][Rank 0] - train Epoch 7/24: 70.2% (1360/1936)
[2025-11-17 17:15:08][INFO][Rank 0] - train Epoch 7/24: 70.8% (1370/1936)
[2025-11-17 17:15:15][INFO][Rank 0] - train Epoch 7/24: 71.3% (1380/1936)
[2025-11-17 17:15:22][INFO][Rank 0] - train Epoch 7/24: 71.8% (1390/1936)
[2025-11-17 17:15:29][INFO][Rank 0] - train Epoch 7/24: 72.3% (1400/1936)
[2025-11-17 17:15:36][INFO][Rank 0] - train Epoch 7/24: 72.8% (1410/1936)
[2025-11-17 17:15:43][INFO][Rank 0] - train Epoch 7/24: 73.3% (1420/1936)
[2025-11-17 17:15:50][INFO][Rank 0] - train Epoch 7/24: 73.9% (1430/1936)
[2025-11-17 17:15:57][INFO][Rank 0] - train Epoch 7/24: 74.4% (1440/1936)
[2025-11-17 17:15:58][INFO][Rank 0] - CUDA Memory [train][Step 1440]: Device 0: Allocated: 3309.6 MB, Reserved: 117540.0 MB (Δ: +1687.0 MB)
[2025-11-17 17:16:04][INFO][Rank 0] - train Epoch 7/24: 74.9% (1450/1936)
[2025-11-17 17:16:11][INFO][Rank 0] - train Epoch 7/24: 75.4% (1460/1936)
[2025-11-17 17:16:18][INFO][Rank 0] - train Epoch 7/24: 75.9% (1470/1936)
[2025-11-17 17:16:25][INFO][Rank 0] - train Epoch 7/24: 76.4% (1480/1936)
[2025-11-17 17:16:32][INFO][Rank 0] - train Epoch 7/24: 77.0% (1490/1936)
[2025-11-17 17:16:39][INFO][Rank 0] - train Epoch 7/24: 77.5% (1500/1936)
[2025-11-17 17:16:47][INFO][Rank 0] - train Epoch 7/24: 78.0% (1510/1936)
[2025-11-17 17:16:54][INFO][Rank 0] - train Epoch 7/24: 78.5% (1520/1936)
[2025-11-17 17:17:01][INFO][Rank 0] - train Epoch 7/24: 79.0% (1530/1936)
[2025-11-17 17:17:01][INFO][Rank 0] - CUDA Memory [train][Step 1530]: Device 0: Allocated: 3309.6 MB, Reserved: 117540.0 MB (Δ: +1687.0 MB)
[2025-11-17 17:17:08][INFO][Rank 0] - train Epoch 7/24: 79.5% (1540/1936)
[2025-11-17 17:17:15][INFO][Rank 0] - train Epoch 7/24: 80.1% (1550/1936)
[2025-11-17 17:17:22][INFO][Rank 0] - train Epoch 7/24: 80.6% (1560/1936)
[2025-11-17 17:17:29][INFO][Rank 0] - train Epoch 7/24: 81.1% (1570/1936)
[2025-11-17 17:17:36][INFO][Rank 0] - train Epoch 7/24: 81.6% (1580/1936)
[2025-11-17 17:17:43][INFO][Rank 0] - train Epoch 7/24: 82.1% (1590/1936)
[2025-11-17 17:17:50][INFO][Rank 0] - train Epoch 7/24: 82.6% (1600/1936)
[2025-11-17 17:17:57][INFO][Rank 0] - train Epoch 7/24: 83.2% (1610/1936)
[2025-11-17 17:18:04][INFO][Rank 0] - train Epoch 7/24: 83.7% (1620/1936)
[2025-11-17 17:18:05][INFO][Rank 0] - CUDA Memory [train][Step 1620]: Device 0: Allocated: 3309.6 MB, Reserved: 117540.0 MB (Δ: +1687.0 MB)
[2025-11-17 17:18:11][INFO][Rank 0] - train Epoch 7/24: 84.2% (1630/1936)
[2025-11-17 17:18:18][INFO][Rank 0] - train Epoch 7/24: 84.7% (1640/1936)
[2025-11-17 17:18:25][INFO][Rank 0] - train Epoch 7/24: 85.2% (1650/1936)
[2025-11-17 17:18:32][INFO][Rank 0] - train Epoch 7/24: 85.7% (1660/1936)
[2025-11-17 17:18:39][INFO][Rank 0] - train Epoch 7/24: 86.3% (1670/1936)
[2025-11-17 17:18:46][INFO][Rank 0] - train Epoch 7/24: 86.8% (1680/1936)
[2025-11-17 17:18:53][INFO][Rank 0] - train Epoch 7/24: 87.3% (1690/1936)
[2025-11-17 17:19:00][INFO][Rank 0] - train Epoch 7/24: 87.8% (1700/1936)
[2025-11-17 17:19:08][INFO][Rank 0] - train Epoch 7/24: 88.3% (1710/1936)
[2025-11-17 17:19:08][INFO][Rank 0] - CUDA Memory [train][Step 1710]: Device 0: Allocated: 3309.6 MB, Reserved: 117540.0 MB (Δ: +1687.0 MB)
[2025-11-17 17:19:15][INFO][Rank 0] - train Epoch 7/24: 88.8% (1720/1936)
[2025-11-17 17:19:22][INFO][Rank 0] - train Epoch 7/24: 89.4% (1730/1936)
[2025-11-17 17:19:29][INFO][Rank 0] - train Epoch 7/24: 89.9% (1740/1936)
[2025-11-17 17:19:36][INFO][Rank 0] - train Epoch 7/24: 90.4% (1750/1936)
[2025-11-17 17:19:43][INFO][Rank 0] - train Epoch 7/24: 90.9% (1760/1936)
[2025-11-17 17:19:50][INFO][Rank 0] - train Epoch 7/24: 91.4% (1770/1936)
[2025-11-17 17:19:57][INFO][Rank 0] - train Epoch 7/24: 91.9% (1780/1936)
[2025-11-17 17:20:04][INFO][Rank 0] - train Epoch 7/24: 92.5% (1790/1936)
[2025-11-17 17:20:11][INFO][Rank 0] - train Epoch 7/24: 93.0% (1800/1936)
[2025-11-17 17:20:12][INFO][Rank 0] - CUDA Memory [train][Step 1800]: Device 0: Allocated: 3309.6 MB, Reserved: 117540.0 MB (Δ: +1687.0 MB)
[2025-11-17 17:20:18][INFO][Rank 0] - train Epoch 7/24: 93.5% (1810/1936)
[2025-11-17 17:20:25][INFO][Rank 0] - train Epoch 7/24: 94.0% (1820/1936)
[2025-11-17 17:20:32][INFO][Rank 0] - train Epoch 7/24: 94.5% (1830/1936)
[2025-11-17 17:20:39][INFO][Rank 0] - train Epoch 7/24: 95.0% (1840/1936)
[2025-11-17 17:20:46][INFO][Rank 0] - train Epoch 7/24: 95.6% (1850/1936)
[2025-11-17 17:20:53][INFO][Rank 0] - train Epoch 7/24: 96.1% (1860/1936)
[2025-11-17 17:21:00][INFO][Rank 0] - train Epoch 7/24: 96.6% (1870/1936)
[2025-11-17 17:21:07][INFO][Rank 0] - train Epoch 7/24: 97.1% (1880/1936)
[2025-11-17 17:21:14][INFO][Rank 0] - train Epoch 7/24: 97.6% (1890/1936)
[2025-11-17 17:21:15][INFO][Rank 0] - CUDA Memory [train][Step 1890]: Device 0: Allocated: 3309.6 MB, Reserved: 117540.0 MB (Δ: +1687.0 MB)
[2025-11-17 17:21:21][INFO][Rank 0] - train Epoch 7/24: 98.1% (1900/1936)
[2025-11-17 17:21:29][INFO][Rank 0] - train Epoch 7/24: 98.7% (1910/1936)
[2025-11-17 17:21:36][INFO][Rank 0] - train Epoch 7/24: 99.2% (1920/1936)
[2025-11-17 17:21:43][INFO][Rank 0] - train Epoch 7/24: 99.7% (1930/1936)
[2025-11-17 17:21:46][INFO][Rank 0] - train Epoch 7/24: 99.9% (1935/1936)
[2025-11-17 17:21:47][INFO][Rank 0] - train Loss: 0.1587 Acc: 0.9728 F1: 0.9859
[2025-11-17 17:21:47][INFO][Rank 0] - train Balanced Acc: 0.8833 AUC-ROC: 0.9675
[2025-11-17 17:21:47][INFO][Rank 0] - train Sensitivity: 0.9777 Specificity: 0.7888
[2025-11-17 17:21:47][INFO][Rank 0] - train Confusion Matrix: TP=18437, FP=106, FN=421, TN=396
[2025-11-17 17:21:47][INFO][Rank 0] - train completed in 1365.24s
[2025-11-17 17:21:47][INFO][Rank 0] - Data loading time: 1.12s, Forward time: 277.98s, Backward time: 739.64s
[2025-11-17 17:21:47][INFO][Rank 0] - train cache: 0/1 items, hit rate: 0.00%
[2025-11-17 17:21:47][INFO][Rank 0] - CUDA Memory [val][Step 0]: Device 0: Allocated: 3309.6 MB, Reserved: 117540.0 MB (Δ: +1687.0 MB)
[2025-11-17 17:21:47][INFO][Rank 0] - val phase: total 418 batches
[2025-11-17 17:21:47][INFO][Rank 0] - val Epoch 7/24: 0.0% (0/418)
[2025-11-17 17:21:52][INFO][Rank 0] - val Epoch 7/24: 2.4% (10/418)
[2025-11-17 17:21:57][INFO][Rank 0] - val Epoch 7/24: 4.8% (20/418)
[2025-11-17 17:22:02][INFO][Rank 0] - val Epoch 7/24: 7.2% (30/418)
[2025-11-17 17:22:07][INFO][Rank 0] - val Epoch 7/24: 9.6% (40/418)
[2025-11-17 17:22:12][INFO][Rank 0] - val Epoch 7/24: 12.0% (50/418)
[2025-11-17 17:22:17][INFO][Rank 0] - val Epoch 7/24: 14.4% (60/418)
[2025-11-17 17:22:22][INFO][Rank 0] - val Epoch 7/24: 16.7% (70/418)
[2025-11-17 17:22:27][INFO][Rank 0] - val Epoch 7/24: 19.1% (80/418)
[2025-11-17 17:22:32][INFO][Rank 0] - val Epoch 7/24: 21.5% (90/418)
[2025-11-17 17:22:37][INFO][Rank 0] - val Epoch 7/24: 23.9% (100/418)
[2025-11-17 17:22:42][INFO][Rank 0] - val Epoch 7/24: 26.3% (110/418)
[2025-11-17 17:22:47][INFO][Rank 0] - val Epoch 7/24: 28.7% (120/418)
[2025-11-17 17:22:47][INFO][Rank 0] - CUDA Memory [val][Step 120]: Device 0: Allocated: 3309.6 MB, Reserved: 117540.0 MB (Δ: +1687.0 MB)
[2025-11-17 17:22:52][INFO][Rank 0] - val Epoch 7/24: 31.1% (130/418)
[2025-11-17 17:22:57][INFO][Rank 0] - val Epoch 7/24: 33.5% (140/418)
[2025-11-17 17:23:02][INFO][Rank 0] - val Epoch 7/24: 35.9% (150/418)
[2025-11-17 17:23:07][INFO][Rank 0] - val Epoch 7/24: 38.3% (160/418)
[2025-11-17 17:23:12][INFO][Rank 0] - val Epoch 7/24: 40.7% (170/418)
[2025-11-17 17:23:17][INFO][Rank 0] - val Epoch 7/24: 43.1% (180/418)
[2025-11-17 17:23:22][INFO][Rank 0] - val Epoch 7/24: 45.5% (190/418)
[2025-11-17 17:23:27][INFO][Rank 0] - val Epoch 7/24: 47.8% (200/418)
[2025-11-17 17:23:32][INFO][Rank 0] - val Epoch 7/24: 50.2% (210/418)
[2025-11-17 17:23:36][INFO][Rank 0] - val Epoch 7/24: 52.6% (220/418)
[2025-11-17 17:23:41][INFO][Rank 0] - val Epoch 7/24: 55.0% (230/418)
[2025-11-17 17:23:46][INFO][Rank 0] - val Epoch 7/24: 57.4% (240/418)
[2025-11-17 17:23:51][INFO][Rank 0] - val Epoch 7/24: 59.8% (250/418)
[2025-11-17 17:23:56][INFO][Rank 0] - val Epoch 7/24: 62.2% (260/418)
[2025-11-17 17:24:01][INFO][Rank 0] - val Epoch 7/24: 64.6% (270/418)
[2025-11-17 17:24:02][INFO][Rank 0] - CUDA Memory [val][Step 270]: Device 0: Allocated: 3309.6 MB, Reserved: 117540.0 MB (Δ: +1687.0 MB)
[2025-11-17 17:24:06][INFO][Rank 0] - val Epoch 7/24: 67.0% (280/418)
[2025-11-17 17:24:11][INFO][Rank 0] - val Epoch 7/24: 69.4% (290/418)
[2025-11-17 17:24:16][INFO][Rank 0] - val Epoch 7/24: 71.8% (300/418)
[2025-11-17 17:24:21][INFO][Rank 0] - val Epoch 7/24: 74.2% (310/418)
[2025-11-17 17:24:26][INFO][Rank 0] - val Epoch 7/24: 76.6% (320/418)
[2025-11-17 17:24:31][INFO][Rank 0] - val Epoch 7/24: 78.9% (330/418)
[2025-11-17 17:24:36][INFO][Rank 0] - val Epoch 7/24: 81.3% (340/418)
[2025-11-17 17:24:41][INFO][Rank 0] - val Epoch 7/24: 83.7% (350/418)
[2025-11-17 17:24:46][INFO][Rank 0] - val Epoch 7/24: 86.1% (360/418)
[2025-11-17 17:24:51][INFO][Rank 0] - val Epoch 7/24: 88.5% (370/418)
[2025-11-17 17:24:56][INFO][Rank 0] - val Epoch 7/24: 90.9% (380/418)
[2025-11-17 17:25:01][INFO][Rank 0] - val Epoch 7/24: 93.3% (390/418)
[2025-11-17 17:25:06][INFO][Rank 0] - val Epoch 7/24: 95.7% (400/418)
[2025-11-17 17:25:11][INFO][Rank 0] - val Epoch 7/24: 98.1% (410/418)
[2025-11-17 17:25:14][INFO][Rank 0] - val Epoch 7/24: 99.8% (417/418)
[2025-11-17 17:25:15][INFO][Rank 0] - val Loss: 0.1132 Acc: 0.9708 F1: 0.9849
[2025-11-17 17:25:15][INFO][Rank 0] - val Balanced Acc: 0.8602 AUC-ROC: 0.9796
[2025-11-17 17:25:15][INFO][Rank 0] - val Sensitivity: 0.9771 Specificity: 0.7434
[2025-11-17 17:25:15][INFO][Rank 0] - val Confusion Matrix: TP=3974, FP=29, FN=93, TN=84
[2025-11-17 17:25:15][INFO][Rank 0] - val completed in 207.97s
[2025-11-17 17:25:15][INFO][Rank 0] - val cache: 0/1 items, hit rate: 0.00%
[2025-11-17 17:25:20][INFO][Rank 0] - Saved new best auc model with auc: 0.9796 at /projects/retprogression/rgarridogarcia/checkpoints/cropped1024_cropped_centered_wt_allR_4/best_auc_model.pth
[2025-11-17 17:25:24][INFO][Rank 0] - Saved epoch checkpoint at /projects/retprogression/rgarridogarcia/checkpoints/cropped1024_cropped_centered_wt_allR_4/epoch_7.pth
[2025-11-17 17:25:24][INFO][Rank 0] - Epoch 7 summary:
[2025-11-17 17:25:24][INFO][Rank 0] -  Train Loss: 0.1587, Train Acc: 0.9728, Train F1: 0.9859
[2025-11-17 17:25:24][INFO][Rank 0] -  Train Balanced Acc: 0.8833, Train AUC: 0.9675
[2025-11-17 17:25:24][INFO][Rank 0] -  Train Sensitivity: 0.9777, Train Specificity: 0.7888
[2025-11-17 17:25:24][INFO][Rank 0] -  Val Loss: 0.1132, Val Acc: 0.9708, Val F1: 0.9849
[2025-11-17 17:25:24][INFO][Rank 0] -  Val Balanced Acc: 0.8602, Val AUC: 0.9796
[2025-11-17 17:25:24][INFO][Rank 0] -  Val Sensitivity: 0.9771, Val Specificity: 0.7434
[2025-11-17 17:25:24][INFO][Rank 0] -  Total Epoch Time: 1582.45s
[2025-11-17 17:25:24][INFO][Rank 0] - Epoch 8/24
[2025-11-17 17:25:24][INFO][Rank 0] - ----------
[2025-11-17 17:25:24][INFO][Rank 0] - CUDA Memory [train][Step 0]: Device 0: Allocated: 3309.6 MB, Reserved: 117540.0 MB (Δ: +1687.0 MB)
[2025-11-17 17:25:24][INFO][Rank 0] - train phase: total 1936 batches
[2025-11-17 17:25:25][INFO][Rank 0] - train Epoch 8/24: 0.0% (0/1936)
[2025-11-17 17:25:32][INFO][Rank 0] - train Epoch 8/24: 0.5% (10/1936)
[2025-11-17 17:25:39][INFO][Rank 0] - train Epoch 8/24: 1.0% (20/1936)
[2025-11-17 17:25:46][INFO][Rank 0] - train Epoch 8/24: 1.5% (30/1936)
[2025-11-17 17:25:53][INFO][Rank 0] - train Epoch 8/24: 2.1% (40/1936)
[2025-11-17 17:26:00][INFO][Rank 0] - train Epoch 8/24: 2.6% (50/1936)
[2025-11-17 17:26:07][INFO][Rank 0] - train Epoch 8/24: 3.1% (60/1936)
[2025-11-17 17:26:14][INFO][Rank 0] - train Epoch 8/24: 3.6% (70/1936)
[2025-11-17 17:26:21][INFO][Rank 0] - train Epoch 8/24: 4.1% (80/1936)
[2025-11-17 17:26:28][INFO][Rank 0] - train Epoch 8/24: 4.6% (90/1936)
[2025-11-17 17:26:29][INFO][Rank 0] - CUDA Memory [train][Step 90]: Device 0: Allocated: 3309.6 MB, Reserved: 117540.0 MB (Δ: +1687.0 MB)
[2025-11-17 17:26:35][INFO][Rank 0] - train Epoch 8/24: 5.2% (100/1936)
[2025-11-17 17:26:42][INFO][Rank 0] - train Epoch 8/24: 5.7% (110/1936)
[2025-11-17 17:26:49][INFO][Rank 0] - train Epoch 8/24: 6.2% (120/1936)
[2025-11-17 17:26:56][INFO][Rank 0] - train Epoch 8/24: 6.7% (130/1936)
[2025-11-17 17:27:03][INFO][Rank 0] - train Epoch 8/24: 7.2% (140/1936)
[2025-11-17 17:27:10][INFO][Rank 0] - train Epoch 8/24: 7.7% (150/1936)
[2025-11-17 17:27:17][INFO][Rank 0] - train Epoch 8/24: 8.3% (160/1936)
[2025-11-17 17:27:24][INFO][Rank 0] - train Epoch 8/24: 8.8% (170/1936)
[2025-11-17 17:27:32][INFO][Rank 0] - train Epoch 8/24: 9.3% (180/1936)
[2025-11-17 17:27:32][INFO][Rank 0] - CUDA Memory [train][Step 180]: Device 0: Allocated: 3309.6 MB, Reserved: 117540.0 MB (Δ: +1687.0 MB)
[2025-11-17 17:27:39][INFO][Rank 0] - train Epoch 8/24: 9.8% (190/1936)
[2025-11-17 17:27:46][INFO][Rank 0] - train Epoch 8/24: 10.3% (200/1936)
[2025-11-17 17:27:53][INFO][Rank 0] - train Epoch 8/24: 10.8% (210/1936)
[2025-11-17 17:28:00][INFO][Rank 0] - train Epoch 8/24: 11.4% (220/1936)
[2025-11-17 17:28:07][INFO][Rank 0] - train Epoch 8/24: 11.9% (230/1936)
[2025-11-17 17:28:14][INFO][Rank 0] - train Epoch 8/24: 12.4% (240/1936)
[2025-11-17 17:28:21][INFO][Rank 0] - train Epoch 8/24: 12.9% (250/1936)
[2025-11-17 17:28:28][INFO][Rank 0] - train Epoch 8/24: 13.4% (260/1936)
[2025-11-17 17:28:35][INFO][Rank 0] - train Epoch 8/24: 13.9% (270/1936)
[2025-11-17 17:28:36][INFO][Rank 0] - CUDA Memory [train][Step 270]: Device 0: Allocated: 3309.6 MB, Reserved: 117540.0 MB (Δ: +1687.0 MB)
[2025-11-17 17:28:42][INFO][Rank 0] - train Epoch 8/24: 14.5% (280/1936)
[2025-11-17 17:28:49][INFO][Rank 0] - train Epoch 8/24: 15.0% (290/1936)
[2025-11-17 17:28:56][INFO][Rank 0] - train Epoch 8/24: 15.5% (300/1936)
[2025-11-17 17:29:03][INFO][Rank 0] - train Epoch 8/24: 16.0% (310/1936)
[2025-11-17 17:29:10][INFO][Rank 0] - train Epoch 8/24: 16.5% (320/1936)
[2025-11-17 17:29:17][INFO][Rank 0] - train Epoch 8/24: 17.0% (330/1936)
[2025-11-17 17:29:24][INFO][Rank 0] - train Epoch 8/24: 17.6% (340/1936)
[2025-11-17 17:29:31][INFO][Rank 0] - train Epoch 8/24: 18.1% (350/1936)
[2025-11-17 17:29:38][INFO][Rank 0] - train Epoch 8/24: 18.6% (360/1936)
[2025-11-17 17:29:39][INFO][Rank 0] - CUDA Memory [train][Step 360]: Device 0: Allocated: 3309.6 MB, Reserved: 117540.0 MB (Δ: +1687.0 MB)
[2025-11-17 17:29:45][INFO][Rank 0] - train Epoch 8/24: 19.1% (370/1936)
[2025-11-17 17:29:53][INFO][Rank 0] - train Epoch 8/24: 19.6% (380/1936)
[2025-11-17 17:30:00][INFO][Rank 0] - train Epoch 8/24: 20.1% (390/1936)
[2025-11-17 17:30:07][INFO][Rank 0] - train Epoch 8/24: 20.7% (400/1936)
[2025-11-17 17:30:14][INFO][Rank 0] - train Epoch 8/24: 21.2% (410/1936)
[2025-11-17 17:30:21][INFO][Rank 0] - train Epoch 8/24: 21.7% (420/1936)
[2025-11-17 17:30:28][INFO][Rank 0] - train Epoch 8/24: 22.2% (430/1936)
[2025-11-17 17:30:35][INFO][Rank 0] - train Epoch 8/24: 22.7% (440/1936)
[2025-11-17 17:30:42][INFO][Rank 0] - train Epoch 8/24: 23.2% (450/1936)
[2025-11-17 17:30:43][INFO][Rank 0] - CUDA Memory [train][Step 450]: Device 0: Allocated: 3309.6 MB, Reserved: 117540.0 MB (Δ: +1687.0 MB)
[2025-11-17 17:30:49][INFO][Rank 0] - train Epoch 8/24: 23.8% (460/1936)
[2025-11-17 17:30:56][INFO][Rank 0] - train Epoch 8/24: 24.3% (470/1936)
[2025-11-17 17:31:03][INFO][Rank 0] - train Epoch 8/24: 24.8% (480/1936)
[2025-11-17 17:31:10][INFO][Rank 0] - train Epoch 8/24: 25.3% (490/1936)
[2025-11-17 17:31:17][INFO][Rank 0] - train Epoch 8/24: 25.8% (500/1936)
[2025-11-17 17:31:24][INFO][Rank 0] - train Epoch 8/24: 26.3% (510/1936)
[2025-11-17 17:31:31][INFO][Rank 0] - train Epoch 8/24: 26.9% (520/1936)
[2025-11-17 17:31:38][INFO][Rank 0] - train Epoch 8/24: 27.4% (530/1936)
[2025-11-17 17:31:45][INFO][Rank 0] - train Epoch 8/24: 27.9% (540/1936)
[2025-11-17 17:31:46][INFO][Rank 0] - CUDA Memory [train][Step 540]: Device 0: Allocated: 3309.6 MB, Reserved: 117540.0 MB (Δ: +1687.0 MB)
[2025-11-17 17:31:52][INFO][Rank 0] - train Epoch 8/24: 28.4% (550/1936)
[2025-11-17 17:31:59][INFO][Rank 0] - train Epoch 8/24: 28.9% (560/1936)
[2025-11-17 17:32:06][INFO][Rank 0] - train Epoch 8/24: 29.4% (570/1936)
[2025-11-17 17:32:14][INFO][Rank 0] - train Epoch 8/24: 30.0% (580/1936)
[2025-11-17 17:32:21][INFO][Rank 0] - train Epoch 8/24: 30.5% (590/1936)
[2025-11-17 17:32:28][INFO][Rank 0] - train Epoch 8/24: 31.0% (600/1936)
[2025-11-17 17:32:35][INFO][Rank 0] - train Epoch 8/24: 31.5% (610/1936)
[2025-11-17 17:32:42][INFO][Rank 0] - train Epoch 8/24: 32.0% (620/1936)
[2025-11-17 17:32:49][INFO][Rank 0] - train Epoch 8/24: 32.5% (630/1936)
[2025-11-17 17:32:49][INFO][Rank 0] - CUDA Memory [train][Step 630]: Device 0: Allocated: 3309.6 MB, Reserved: 117540.0 MB (Δ: +1687.0 MB)
[2025-11-17 17:32:56][INFO][Rank 0] - train Epoch 8/24: 33.1% (640/1936)
[2025-11-17 17:33:03][INFO][Rank 0] - train Epoch 8/24: 33.6% (650/1936)
[2025-11-17 17:33:10][INFO][Rank 0] - train Epoch 8/24: 34.1% (660/1936)
[2025-11-17 17:33:17][INFO][Rank 0] - train Epoch 8/24: 34.6% (670/1936)
[2025-11-17 17:33:24][INFO][Rank 0] - train Epoch 8/24: 35.1% (680/1936)
[2025-11-17 17:33:31][INFO][Rank 0] - train Epoch 8/24: 35.6% (690/1936)
[2025-11-17 17:33:38][INFO][Rank 0] - train Epoch 8/24: 36.2% (700/1936)
[2025-11-17 17:33:45][INFO][Rank 0] - train Epoch 8/24: 36.7% (710/1936)
[2025-11-17 17:33:52][INFO][Rank 0] - train Epoch 8/24: 37.2% (720/1936)
[2025-11-17 17:33:53][INFO][Rank 0] - CUDA Memory [train][Step 720]: Device 0: Allocated: 3309.6 MB, Reserved: 117540.0 MB (Δ: +1687.0 MB)
[2025-11-17 17:33:59][INFO][Rank 0] - train Epoch 8/24: 37.7% (730/1936)
[2025-11-17 17:34:06][INFO][Rank 0] - train Epoch 8/24: 38.2% (740/1936)
[2025-11-17 17:34:13][INFO][Rank 0] - train Epoch 8/24: 38.7% (750/1936)
[2025-11-17 17:34:20][INFO][Rank 0] - train Epoch 8/24: 39.3% (760/1936)
[2025-11-17 17:34:27][INFO][Rank 0] - train Epoch 8/24: 39.8% (770/1936)
[2025-11-17 17:34:35][INFO][Rank 0] - train Epoch 8/24: 40.3% (780/1936)
[2025-11-17 17:34:42][INFO][Rank 0] - train Epoch 8/24: 40.8% (790/1936)
[2025-11-17 17:34:49][INFO][Rank 0] - train Epoch 8/24: 41.3% (800/1936)
[2025-11-17 17:34:56][INFO][Rank 0] - train Epoch 8/24: 41.8% (810/1936)
[2025-11-17 17:34:56][INFO][Rank 0] - CUDA Memory [train][Step 810]: Device 0: Allocated: 3309.6 MB, Reserved: 117540.0 MB (Δ: +1687.0 MB)
[2025-11-17 17:35:03][INFO][Rank 0] - train Epoch 8/24: 42.4% (820/1936)
[2025-11-17 17:35:10][INFO][Rank 0] - train Epoch 8/24: 42.9% (830/1936)
[2025-11-17 17:35:17][INFO][Rank 0] - train Epoch 8/24: 43.4% (840/1936)
[2025-11-17 17:35:24][INFO][Rank 0] - train Epoch 8/24: 43.9% (850/1936)
[2025-11-17 17:35:31][INFO][Rank 0] - train Epoch 8/24: 44.4% (860/1936)
[2025-11-17 17:35:38][INFO][Rank 0] - train Epoch 8/24: 44.9% (870/1936)
[2025-11-17 17:35:45][INFO][Rank 0] - train Epoch 8/24: 45.5% (880/1936)
[2025-11-17 17:35:52][INFO][Rank 0] - train Epoch 8/24: 46.0% (890/1936)
[2025-11-17 17:35:59][INFO][Rank 0] - train Epoch 8/24: 46.5% (900/1936)
[2025-11-17 17:36:00][INFO][Rank 0] - CUDA Memory [train][Step 900]: Device 0: Allocated: 3309.6 MB, Reserved: 117540.0 MB (Δ: +1687.0 MB)
[2025-11-17 17:36:06][INFO][Rank 0] - train Epoch 8/24: 47.0% (910/1936)
[2025-11-17 17:36:13][INFO][Rank 0] - train Epoch 8/24: 47.5% (920/1936)
[2025-11-17 17:36:20][INFO][Rank 0] - train Epoch 8/24: 48.0% (930/1936)
[2025-11-17 17:36:27][INFO][Rank 0] - train Epoch 8/24: 48.6% (940/1936)
[2025-11-17 17:36:34][INFO][Rank 0] - train Epoch 8/24: 49.1% (950/1936)
[2025-11-17 17:36:41][INFO][Rank 0] - train Epoch 8/24: 49.6% (960/1936)
[2025-11-17 17:36:48][INFO][Rank 0] - train Epoch 8/24: 50.1% (970/1936)
[2025-11-17 17:36:56][INFO][Rank 0] - train Epoch 8/24: 50.6% (980/1936)
[2025-11-17 17:37:03][INFO][Rank 0] - train Epoch 8/24: 51.1% (990/1936)
[2025-11-17 17:37:03][INFO][Rank 0] - CUDA Memory [train][Step 990]: Device 0: Allocated: 3309.6 MB, Reserved: 117540.0 MB (Δ: +1687.0 MB)
[2025-11-17 17:37:10][INFO][Rank 0] - train Epoch 8/24: 51.7% (1000/1936)
[2025-11-17 17:37:17][INFO][Rank 0] - train Epoch 8/24: 52.2% (1010/1936)
[2025-11-17 17:37:24][INFO][Rank 0] - train Epoch 8/24: 52.7% (1020/1936)
[2025-11-17 17:37:31][INFO][Rank 0] - train Epoch 8/24: 53.2% (1030/1936)
[2025-11-17 17:37:38][INFO][Rank 0] - train Epoch 8/24: 53.7% (1040/1936)
[2025-11-17 17:37:45][INFO][Rank 0] - train Epoch 8/24: 54.2% (1050/1936)
[2025-11-17 17:37:52][INFO][Rank 0] - train Epoch 8/24: 54.8% (1060/1936)
[2025-11-17 17:37:59][INFO][Rank 0] - train Epoch 8/24: 55.3% (1070/1936)
[2025-11-17 17:38:06][INFO][Rank 0] - train Epoch 8/24: 55.8% (1080/1936)
[2025-11-17 17:38:07][INFO][Rank 0] - CUDA Memory [train][Step 1080]: Device 0: Allocated: 3309.6 MB, Reserved: 117540.0 MB (Δ: +1687.0 MB)
[2025-11-17 17:38:13][INFO][Rank 0] - train Epoch 8/24: 56.3% (1090/1936)
[2025-11-17 17:38:20][INFO][Rank 0] - train Epoch 8/24: 56.8% (1100/1936)
[2025-11-17 17:38:27][INFO][Rank 0] - train Epoch 8/24: 57.3% (1110/1936)
[2025-11-17 17:38:34][INFO][Rank 0] - train Epoch 8/24: 57.9% (1120/1936)
[2025-11-17 17:38:41][INFO][Rank 0] - train Epoch 8/24: 58.4% (1130/1936)
[2025-11-17 17:38:48][INFO][Rank 0] - train Epoch 8/24: 58.9% (1140/1936)
[2025-11-17 17:38:55][INFO][Rank 0] - train Epoch 8/24: 59.4% (1150/1936)
[2025-11-17 17:39:02][INFO][Rank 0] - train Epoch 8/24: 59.9% (1160/1936)
[2025-11-17 17:39:09][INFO][Rank 0] - train Epoch 8/24: 60.4% (1170/1936)
[2025-11-17 17:39:10][INFO][Rank 0] - CUDA Memory [train][Step 1170]: Device 0: Allocated: 3309.6 MB, Reserved: 117540.0 MB (Δ: +1687.0 MB)
[2025-11-17 17:39:17][INFO][Rank 0] - train Epoch 8/24: 61.0% (1180/1936)
[2025-11-17 17:39:24][INFO][Rank 0] - train Epoch 8/24: 61.5% (1190/1936)
[2025-11-17 17:39:31][INFO][Rank 0] - train Epoch 8/24: 62.0% (1200/1936)
[2025-11-17 17:39:38][INFO][Rank 0] - train Epoch 8/24: 62.5% (1210/1936)
[2025-11-17 17:39:45][INFO][Rank 0] - train Epoch 8/24: 63.0% (1220/1936)
[2025-11-17 17:39:52][INFO][Rank 0] - train Epoch 8/24: 63.5% (1230/1936)
[2025-11-17 17:39:59][INFO][Rank 0] - train Epoch 8/24: 64.0% (1240/1936)
[2025-11-17 17:40:06][INFO][Rank 0] - train Epoch 8/24: 64.6% (1250/1936)
[2025-11-17 17:40:13][INFO][Rank 0] - train Epoch 8/24: 65.1% (1260/1936)
[2025-11-17 17:40:14][INFO][Rank 0] - CUDA Memory [train][Step 1260]: Device 0: Allocated: 3309.6 MB, Reserved: 117540.0 MB (Δ: +1687.0 MB)
[2025-11-17 17:40:20][INFO][Rank 0] - train Epoch 8/24: 65.6% (1270/1936)
[2025-11-17 17:40:27][INFO][Rank 0] - train Epoch 8/24: 66.1% (1280/1936)
[2025-11-17 17:40:34][INFO][Rank 0] - train Epoch 8/24: 66.6% (1290/1936)
[2025-11-17 17:40:41][INFO][Rank 0] - train Epoch 8/24: 67.1% (1300/1936)
[2025-11-17 17:40:48][INFO][Rank 0] - train Epoch 8/24: 67.7% (1310/1936)
[2025-11-17 17:40:55][INFO][Rank 0] - train Epoch 8/24: 68.2% (1320/1936)
[2025-11-17 17:41:02][INFO][Rank 0] - train Epoch 8/24: 68.7% (1330/1936)
[2025-11-17 17:41:09][INFO][Rank 0] - train Epoch 8/24: 69.2% (1340/1936)
[2025-11-17 17:41:16][INFO][Rank 0] - train Epoch 8/24: 69.7% (1350/1936)
[2025-11-17 17:41:17][INFO][Rank 0] - CUDA Memory [train][Step 1350]: Device 0: Allocated: 3309.6 MB, Reserved: 117540.0 MB (Δ: +1687.0 MB)
[2025-11-17 17:41:23][INFO][Rank 0] - train Epoch 8/24: 70.2% (1360/1936)
[2025-11-17 17:41:30][INFO][Rank 0] - train Epoch 8/24: 70.8% (1370/1936)
[2025-11-17 17:41:38][INFO][Rank 0] - train Epoch 8/24: 71.3% (1380/1936)
[2025-11-17 17:41:45][INFO][Rank 0] - train Epoch 8/24: 71.8% (1390/1936)
[2025-11-17 17:41:52][INFO][Rank 0] - train Epoch 8/24: 72.3% (1400/1936)
[2025-11-17 17:41:59][INFO][Rank 0] - train Epoch 8/24: 72.8% (1410/1936)
[2025-11-17 17:42:06][INFO][Rank 0] - train Epoch 8/24: 73.3% (1420/1936)
[2025-11-17 17:42:13][INFO][Rank 0] - train Epoch 8/24: 73.9% (1430/1936)
[2025-11-17 17:42:20][INFO][Rank 0] - train Epoch 8/24: 74.4% (1440/1936)
[2025-11-17 17:42:21][INFO][Rank 0] - CUDA Memory [train][Step 1440]: Device 0: Allocated: 3309.6 MB, Reserved: 117540.0 MB (Δ: +1687.0 MB)
[2025-11-17 17:42:27][INFO][Rank 0] - train Epoch 8/24: 74.9% (1450/1936)
[2025-11-17 17:42:34][INFO][Rank 0] - train Epoch 8/24: 75.4% (1460/1936)
[2025-11-17 17:42:41][INFO][Rank 0] - train Epoch 8/24: 75.9% (1470/1936)
[2025-11-17 17:42:48][INFO][Rank 0] - train Epoch 8/24: 76.4% (1480/1936)
[2025-11-17 17:42:55][INFO][Rank 0] - train Epoch 8/24: 77.0% (1490/1936)
[2025-11-17 17:43:02][INFO][Rank 0] - train Epoch 8/24: 77.5% (1500/1936)
[2025-11-17 17:43:09][INFO][Rank 0] - train Epoch 8/24: 78.0% (1510/1936)
[2025-11-17 17:43:16][INFO][Rank 0] - train Epoch 8/24: 78.5% (1520/1936)
[2025-11-17 17:43:23][INFO][Rank 0] - train Epoch 8/24: 79.0% (1530/1936)
[2025-11-17 17:43:24][INFO][Rank 0] - CUDA Memory [train][Step 1530]: Device 0: Allocated: 3309.6 MB, Reserved: 117540.0 MB (Δ: +1687.0 MB)
[2025-11-17 17:43:30][INFO][Rank 0] - train Epoch 8/24: 79.5% (1540/1936)
[2025-11-17 17:43:37][INFO][Rank 0] - train Epoch 8/24: 80.1% (1550/1936)
[2025-11-17 17:43:44][INFO][Rank 0] - train Epoch 8/24: 80.6% (1560/1936)
[2025-11-17 17:43:52][INFO][Rank 0] - train Epoch 8/24: 81.1% (1570/1936)
[2025-11-17 17:43:59][INFO][Rank 0] - train Epoch 8/24: 81.6% (1580/1936)
[2025-11-17 17:44:06][INFO][Rank 0] - train Epoch 8/24: 82.1% (1590/1936)
[2025-11-17 17:44:13][INFO][Rank 0] - train Epoch 8/24: 82.6% (1600/1936)
[2025-11-17 17:44:20][INFO][Rank 0] - train Epoch 8/24: 83.2% (1610/1936)
[2025-11-17 17:44:27][INFO][Rank 0] - train Epoch 8/24: 83.7% (1620/1936)
[2025-11-17 17:44:27][INFO][Rank 0] - CUDA Memory [train][Step 1620]: Device 0: Allocated: 3309.6 MB, Reserved: 117540.0 MB (Δ: +1687.0 MB)
[2025-11-17 17:44:34][INFO][Rank 0] - train Epoch 8/24: 84.2% (1630/1936)
[2025-11-17 17:44:41][INFO][Rank 0] - train Epoch 8/24: 84.7% (1640/1936)
[2025-11-17 17:44:48][INFO][Rank 0] - train Epoch 8/24: 85.2% (1650/1936)
[2025-11-17 17:44:55][INFO][Rank 0] - train Epoch 8/24: 85.7% (1660/1936)
[2025-11-17 17:45:02][INFO][Rank 0] - train Epoch 8/24: 86.3% (1670/1936)
[2025-11-17 17:45:09][INFO][Rank 0] - train Epoch 8/24: 86.8% (1680/1936)
[2025-11-17 17:45:16][INFO][Rank 0] - train Epoch 8/24: 87.3% (1690/1936)
[2025-11-17 17:45:23][INFO][Rank 0] - train Epoch 8/24: 87.8% (1700/1936)
[2025-11-17 17:45:30][INFO][Rank 0] - train Epoch 8/24: 88.3% (1710/1936)
[2025-11-17 17:45:31][INFO][Rank 0] - CUDA Memory [train][Step 1710]: Device 0: Allocated: 3309.6 MB, Reserved: 117540.0 MB (Δ: +1687.0 MB)
[2025-11-17 17:45:37][INFO][Rank 0] - train Epoch 8/24: 88.8% (1720/1936)
[2025-11-17 17:45:44][INFO][Rank 0] - train Epoch 8/24: 89.4% (1730/1936)
[2025-11-17 17:45:51][INFO][Rank 0] - train Epoch 8/24: 89.9% (1740/1936)
[2025-11-17 17:45:58][INFO][Rank 0] - train Epoch 8/24: 90.4% (1750/1936)
[2025-11-17 17:46:06][INFO][Rank 0] - train Epoch 8/24: 90.9% (1760/1936)
[2025-11-17 17:46:13][INFO][Rank 0] - train Epoch 8/24: 91.4% (1770/1936)
[2025-11-17 17:46:20][INFO][Rank 0] - train Epoch 8/24: 91.9% (1780/1936)
[2025-11-17 17:46:27][INFO][Rank 0] - train Epoch 8/24: 92.5% (1790/1936)
[2025-11-17 17:46:34][INFO][Rank 0] - train Epoch 8/24: 93.0% (1800/1936)
[2025-11-17 17:46:34][INFO][Rank 0] - CUDA Memory [train][Step 1800]: Device 0: Allocated: 3309.6 MB, Reserved: 117540.0 MB (Δ: +1687.0 MB)
[2025-11-17 17:46:41][INFO][Rank 0] - train Epoch 8/24: 93.5% (1810/1936)
[2025-11-17 17:46:48][INFO][Rank 0] - train Epoch 8/24: 94.0% (1820/1936)
[2025-11-17 17:46:55][INFO][Rank 0] - train Epoch 8/24: 94.5% (1830/1936)
[2025-11-17 17:47:02][INFO][Rank 0] - train Epoch 8/24: 95.0% (1840/1936)
[2025-11-17 17:47:09][INFO][Rank 0] - train Epoch 8/24: 95.6% (1850/1936)
[2025-11-17 17:47:16][INFO][Rank 0] - train Epoch 8/24: 96.1% (1860/1936)
[2025-11-17 17:47:23][INFO][Rank 0] - train Epoch 8/24: 96.6% (1870/1936)
[2025-11-17 17:47:30][INFO][Rank 0] - train Epoch 8/24: 97.1% (1880/1936)
[2025-11-17 17:47:37][INFO][Rank 0] - train Epoch 8/24: 97.6% (1890/1936)
[2025-11-17 17:47:38][INFO][Rank 0] - CUDA Memory [train][Step 1890]: Device 0: Allocated: 3309.6 MB, Reserved: 117540.0 MB (Δ: +1687.0 MB)
[2025-11-17 17:47:44][INFO][Rank 0] - train Epoch 8/24: 98.1% (1900/1936)
[2025-11-17 17:47:51][INFO][Rank 0] - train Epoch 8/24: 98.7% (1910/1936)
[2025-11-17 17:47:58][INFO][Rank 0] - train Epoch 8/24: 99.2% (1920/1936)
[2025-11-17 17:48:05][INFO][Rank 0] - train Epoch 8/24: 99.7% (1930/1936)
[2025-11-17 17:48:09][INFO][Rank 0] - train Epoch 8/24: 99.9% (1935/1936)
[2025-11-17 17:48:10][INFO][Rank 0] - train Loss: 0.1602 Acc: 0.9738 F1: 0.9864
[2025-11-17 17:48:10][INFO][Rank 0] - train Balanced Acc: 0.8886 AUC-ROC: 0.9679
[2025-11-17 17:48:10][INFO][Rank 0] - train Sensitivity: 0.9785 Specificity: 0.7988
[2025-11-17 17:48:10][INFO][Rank 0] - train Confusion Matrix: TP=18452, FP=101, FN=406, TN=401
[2025-11-17 17:48:10][INFO][Rank 0] - train completed in 1365.58s
[2025-11-17 17:48:10][INFO][Rank 0] - Data loading time: 1.17s, Forward time: 278.10s, Backward time: 739.67s
[2025-11-17 17:48:10][INFO][Rank 0] - train cache: 0/1 items, hit rate: 0.00%
[2025-11-17 17:48:10][INFO][Rank 0] - CUDA Memory [val][Step 0]: Device 0: Allocated: 3309.6 MB, Reserved: 117540.0 MB (Δ: +1687.0 MB)
[2025-11-17 17:48:10][INFO][Rank 0] - val phase: total 418 batches
[2025-11-17 17:48:10][INFO][Rank 0] - val Epoch 8/24: 0.0% (0/418)
[2025-11-17 17:48:15][INFO][Rank 0] - val Epoch 8/24: 2.4% (10/418)
[2025-11-17 17:48:20][INFO][Rank 0] - val Epoch 8/24: 4.8% (20/418)
[2025-11-17 17:48:25][INFO][Rank 0] - val Epoch 8/24: 7.2% (30/418)
[2025-11-17 17:48:30][INFO][Rank 0] - val Epoch 8/24: 9.6% (40/418)
[2025-11-17 17:48:35][INFO][Rank 0] - val Epoch 8/24: 12.0% (50/418)
[2025-11-17 17:48:40][INFO][Rank 0] - val Epoch 8/24: 14.4% (60/418)
[2025-11-17 17:48:45][INFO][Rank 0] - val Epoch 8/24: 16.7% (70/418)
[2025-11-17 17:48:50][INFO][Rank 0] - val Epoch 8/24: 19.1% (80/418)
[2025-11-17 17:48:55][INFO][Rank 0] - val Epoch 8/24: 21.5% (90/418)
[2025-11-17 17:49:00][INFO][Rank 0] - val Epoch 8/24: 23.9% (100/418)
[2025-11-17 17:49:05][INFO][Rank 0] - val Epoch 8/24: 26.3% (110/418)
[2025-11-17 17:49:10][INFO][Rank 0] - val Epoch 8/24: 28.7% (120/418)
[2025-11-17 17:49:10][INFO][Rank 0] - CUDA Memory [val][Step 120]: Device 0: Allocated: 3309.6 MB, Reserved: 117540.0 MB (Δ: +1687.0 MB)
[2025-11-17 17:49:15][INFO][Rank 0] - val Epoch 8/24: 31.1% (130/418)
[2025-11-17 17:49:19][INFO][Rank 0] - val Epoch 8/24: 33.5% (140/418)
[2025-11-17 17:49:24][INFO][Rank 0] - val Epoch 8/24: 35.9% (150/418)
[2025-11-17 17:49:29][INFO][Rank 0] - val Epoch 8/24: 38.3% (160/418)
[2025-11-17 17:49:34][INFO][Rank 0] - val Epoch 8/24: 40.7% (170/418)
[2025-11-17 17:49:39][INFO][Rank 0] - val Epoch 8/24: 43.1% (180/418)
[2025-11-17 17:49:44][INFO][Rank 0] - val Epoch 8/24: 45.5% (190/418)
[2025-11-17 17:49:49][INFO][Rank 0] - val Epoch 8/24: 47.8% (200/418)
[2025-11-17 17:49:54][INFO][Rank 0] - val Epoch 8/24: 50.2% (210/418)
[2025-11-17 17:49:59][INFO][Rank 0] - val Epoch 8/24: 52.6% (220/418)
[2025-11-17 17:50:04][INFO][Rank 0] - val Epoch 8/24: 55.0% (230/418)
[2025-11-17 17:50:09][INFO][Rank 0] - val Epoch 8/24: 57.4% (240/418)
[2025-11-17 17:50:14][INFO][Rank 0] - val Epoch 8/24: 59.8% (250/418)
[2025-11-17 17:50:19][INFO][Rank 0] - val Epoch 8/24: 62.2% (260/418)
[2025-11-17 17:50:24][INFO][Rank 0] - val Epoch 8/24: 64.6% (270/418)
[2025-11-17 17:50:25][INFO][Rank 0] - CUDA Memory [val][Step 270]: Device 0: Allocated: 3309.6 MB, Reserved: 117540.0 MB (Δ: +1687.0 MB)
[2025-11-17 17:50:29][INFO][Rank 0] - val Epoch 8/24: 67.0% (280/418)
[2025-11-17 17:50:34][INFO][Rank 0] - val Epoch 8/24: 69.4% (290/418)
[2025-11-17 17:50:39][INFO][Rank 0] - val Epoch 8/24: 71.8% (300/418)
[2025-11-17 17:50:44][INFO][Rank 0] - val Epoch 8/24: 74.2% (310/418)
[2025-11-17 17:50:49][INFO][Rank 0] - val Epoch 8/24: 76.6% (320/418)
[2025-11-17 17:50:54][INFO][Rank 0] - val Epoch 8/24: 78.9% (330/418)
[2025-11-17 17:50:59][INFO][Rank 0] - val Epoch 8/24: 81.3% (340/418)
[2025-11-17 17:51:04][INFO][Rank 0] - val Epoch 8/24: 83.7% (350/418)
[2025-11-17 17:51:09][INFO][Rank 0] - val Epoch 8/24: 86.1% (360/418)
[2025-11-17 17:51:14][INFO][Rank 0] - val Epoch 8/24: 88.5% (370/418)
[2025-11-17 17:51:19][INFO][Rank 0] - val Epoch 8/24: 90.9% (380/418)
[2025-11-17 17:51:24][INFO][Rank 0] - val Epoch 8/24: 93.3% (390/418)
[2025-11-17 17:51:29][INFO][Rank 0] - val Epoch 8/24: 95.7% (400/418)
[2025-11-17 17:51:34][INFO][Rank 0] - val Epoch 8/24: 98.1% (410/418)
[2025-11-17 17:51:37][INFO][Rank 0] - val Epoch 8/24: 99.8% (417/418)
[2025-11-17 17:51:38][INFO][Rank 0] - val Loss: 0.1136 Acc: 0.9687 F1: 0.9837
[2025-11-17 17:51:38][INFO][Rank 0] - val Balanced Acc: 0.8763 AUC-ROC: 0.9795
[2025-11-17 17:51:38][INFO][Rank 0] - val Sensitivity: 0.9739 Specificity: 0.7788
[2025-11-17 17:51:38][INFO][Rank 0] - val Confusion Matrix: TP=3961, FP=25, FN=106, TN=88
[2025-11-17 17:51:38][INFO][Rank 0] - val completed in 207.90s
[2025-11-17 17:51:38][INFO][Rank 0] - val cache: 0/1 items, hit rate: 0.00%
[2025-11-17 17:51:42][INFO][Rank 0] - Saved new best balanced_acc model with balanced_acc: 0.8763 at /projects/retprogression/rgarridogarcia/checkpoints/cropped1024_cropped_centered_wt_allR_4/best_balanced_acc_model.pth
[2025-11-17 17:51:46][INFO][Rank 0] - Also saved as general best model at /projects/retprogression/rgarridogarcia/checkpoints/cropped1024_cropped_centered_wt_allR_4/best_model.pth
[2025-11-17 17:51:49][INFO][Rank 0] - Saved epoch checkpoint at /projects/retprogression/rgarridogarcia/checkpoints/cropped1024_cropped_centered_wt_allR_4/epoch_8.pth
[2025-11-17 17:51:49][INFO][Rank 0] - Epoch 8 summary:
[2025-11-17 17:51:49][INFO][Rank 0] -  Train Loss: 0.1602, Train Acc: 0.9738, Train F1: 0.9864
[2025-11-17 17:51:49][INFO][Rank 0] -  Train Balanced Acc: 0.8886, Train AUC: 0.9679
[2025-11-17 17:51:49][INFO][Rank 0] -  Train Sensitivity: 0.9785, Train Specificity: 0.7988
[2025-11-17 17:51:49][INFO][Rank 0] -  Val Loss: 0.1136, Val Acc: 0.9687, Val F1: 0.9837
[2025-11-17 17:51:49][INFO][Rank 0] -  Val Balanced Acc: 0.8763, Val AUC: 0.9795
[2025-11-17 17:51:49][INFO][Rank 0] -  Val Sensitivity: 0.9739, Val Specificity: 0.7788
[2025-11-17 17:51:49][INFO][Rank 0] -  Total Epoch Time: 1585.24s
[2025-11-17 17:51:49][INFO][Rank 0] - Epoch 9/24
[2025-11-17 17:51:49][INFO][Rank 0] - ----------
[2025-11-17 17:51:49][INFO][Rank 0] - CUDA Memory [train][Step 0]: Device 0: Allocated: 3309.6 MB, Reserved: 117540.0 MB (Δ: +1687.0 MB)
[2025-11-17 17:51:49][INFO][Rank 0] - train phase: total 1936 batches
[2025-11-17 17:51:50][INFO][Rank 0] - train Epoch 9/24: 0.0% (0/1936)
[2025-11-17 17:51:57][INFO][Rank 0] - train Epoch 9/24: 0.5% (10/1936)
[2025-11-17 17:52:04][INFO][Rank 0] - train Epoch 9/24: 1.0% (20/1936)
[2025-11-17 17:52:11][INFO][Rank 0] - train Epoch 9/24: 1.5% (30/1936)
[2025-11-17 17:52:18][INFO][Rank 0] - train Epoch 9/24: 2.1% (40/1936)
[2025-11-17 17:52:25][INFO][Rank 0] - train Epoch 9/24: 2.6% (50/1936)
[2025-11-17 17:52:32][INFO][Rank 0] - train Epoch 9/24: 3.1% (60/1936)
[2025-11-17 17:52:39][INFO][Rank 0] - train Epoch 9/24: 3.6% (70/1936)
[2025-11-17 17:52:46][INFO][Rank 0] - train Epoch 9/24: 4.1% (80/1936)
[2025-11-17 17:52:53][INFO][Rank 0] - train Epoch 9/24: 4.6% (90/1936)
[2025-11-17 17:52:54][INFO][Rank 0] - CUDA Memory [train][Step 90]: Device 0: Allocated: 3309.6 MB, Reserved: 117540.0 MB (Δ: +1687.0 MB)
[2025-11-17 17:53:00][INFO][Rank 0] - train Epoch 9/24: 5.2% (100/1936)
[2025-11-17 17:53:07][INFO][Rank 0] - train Epoch 9/24: 5.7% (110/1936)
[2025-11-17 17:53:14][INFO][Rank 0] - train Epoch 9/24: 6.2% (120/1936)
[2025-11-17 17:53:21][INFO][Rank 0] - train Epoch 9/24: 6.7% (130/1936)
[2025-11-17 17:53:28][INFO][Rank 0] - train Epoch 9/24: 7.2% (140/1936)
[2025-11-17 17:53:36][INFO][Rank 0] - train Epoch 9/24: 7.7% (150/1936)
[2025-11-17 17:53:43][INFO][Rank 0] - train Epoch 9/24: 8.3% (160/1936)
[2025-11-17 17:53:50][INFO][Rank 0] - train Epoch 9/24: 8.8% (170/1936)
[2025-11-17 17:53:57][INFO][Rank 0] - train Epoch 9/24: 9.3% (180/1936)
[2025-11-17 17:53:57][INFO][Rank 0] - CUDA Memory [train][Step 180]: Device 0: Allocated: 3309.6 MB, Reserved: 117540.0 MB (Δ: +1687.0 MB)
[2025-11-17 17:54:04][INFO][Rank 0] - train Epoch 9/24: 9.8% (190/1936)
[2025-11-17 17:54:11][INFO][Rank 0] - train Epoch 9/24: 10.3% (200/1936)
[2025-11-17 17:54:18][INFO][Rank 0] - train Epoch 9/24: 10.8% (210/1936)
[2025-11-17 17:54:25][INFO][Rank 0] - train Epoch 9/24: 11.4% (220/1936)
[2025-11-17 17:54:32][INFO][Rank 0] - train Epoch 9/24: 11.9% (230/1936)
[2025-11-17 17:54:39][INFO][Rank 0] - train Epoch 9/24: 12.4% (240/1936)
[2025-11-17 17:54:46][INFO][Rank 0] - train Epoch 9/24: 12.9% (250/1936)
[2025-11-17 17:54:53][INFO][Rank 0] - train Epoch 9/24: 13.4% (260/1936)
[2025-11-17 17:55:00][INFO][Rank 0] - train Epoch 9/24: 13.9% (270/1936)
[2025-11-17 17:55:01][INFO][Rank 0] - CUDA Memory [train][Step 270]: Device 0: Allocated: 3309.6 MB, Reserved: 117540.0 MB (Δ: +1687.0 MB)
[2025-11-17 17:55:07][INFO][Rank 0] - train Epoch 9/24: 14.5% (280/1936)
[2025-11-17 17:55:14][INFO][Rank 0] - train Epoch 9/24: 15.0% (290/1936)
[2025-11-17 17:55:21][INFO][Rank 0] - train Epoch 9/24: 15.5% (300/1936)
[2025-11-17 17:55:28][INFO][Rank 0] - train Epoch 9/24: 16.0% (310/1936)
[2025-11-17 17:55:35][INFO][Rank 0] - train Epoch 9/24: 16.5% (320/1936)
[2025-11-17 17:55:42][INFO][Rank 0] - train Epoch 9/24: 17.0% (330/1936)
[2025-11-17 17:55:49][INFO][Rank 0] - train Epoch 9/24: 17.6% (340/1936)
[2025-11-17 17:55:57][INFO][Rank 0] - train Epoch 9/24: 18.1% (350/1936)
[2025-11-17 17:56:04][INFO][Rank 0] - train Epoch 9/24: 18.6% (360/1936)
[2025-11-17 17:56:04][INFO][Rank 0] - CUDA Memory [train][Step 360]: Device 0: Allocated: 3309.6 MB, Reserved: 117540.0 MB (Δ: +1687.0 MB)
[2025-11-17 17:56:11][INFO][Rank 0] - train Epoch 9/24: 19.1% (370/1936)
[2025-11-17 17:56:18][INFO][Rank 0] - train Epoch 9/24: 19.6% (380/1936)
[2025-11-17 17:56:25][INFO][Rank 0] - train Epoch 9/24: 20.1% (390/1936)
[2025-11-17 17:56:32][INFO][Rank 0] - train Epoch 9/24: 20.7% (400/1936)
[2025-11-17 17:56:39][INFO][Rank 0] - train Epoch 9/24: 21.2% (410/1936)
[2025-11-17 17:56:46][INFO][Rank 0] - train Epoch 9/24: 21.7% (420/1936)
[2025-11-17 17:56:53][INFO][Rank 0] - train Epoch 9/24: 22.2% (430/1936)
[2025-11-17 17:57:00][INFO][Rank 0] - train Epoch 9/24: 22.7% (440/1936)
[2025-11-17 17:57:07][INFO][Rank 0] - train Epoch 9/24: 23.2% (450/1936)
[2025-11-17 17:57:08][INFO][Rank 0] - CUDA Memory [train][Step 450]: Device 0: Allocated: 3309.6 MB, Reserved: 117540.0 MB (Δ: +1687.0 MB)
[2025-11-17 17:57:14][INFO][Rank 0] - train Epoch 9/24: 23.8% (460/1936)
[2025-11-17 17:57:21][INFO][Rank 0] - train Epoch 9/24: 24.3% (470/1936)
[2025-11-17 17:57:28][INFO][Rank 0] - train Epoch 9/24: 24.8% (480/1936)
[2025-11-17 17:57:35][INFO][Rank 0] - train Epoch 9/24: 25.3% (490/1936)
[2025-11-17 17:57:42][INFO][Rank 0] - train Epoch 9/24: 25.8% (500/1936)
[2025-11-17 17:57:49][INFO][Rank 0] - train Epoch 9/24: 26.3% (510/1936)
[2025-11-17 17:57:56][INFO][Rank 0] - train Epoch 9/24: 26.9% (520/1936)
[2025-11-17 17:58:03][INFO][Rank 0] - train Epoch 9/24: 27.4% (530/1936)
[2025-11-17 17:58:10][INFO][Rank 0] - train Epoch 9/24: 27.9% (540/1936)
[2025-11-17 17:58:11][INFO][Rank 0] - CUDA Memory [train][Step 540]: Device 0: Allocated: 3309.6 MB, Reserved: 117540.0 MB (Δ: +1687.0 MB)
[2025-11-17 17:58:18][INFO][Rank 0] - train Epoch 9/24: 28.4% (550/1936)
[2025-11-17 17:58:25][INFO][Rank 0] - train Epoch 9/24: 28.9% (560/1936)
[2025-11-17 17:58:32][INFO][Rank 0] - train Epoch 9/24: 29.4% (570/1936)
[2025-11-17 17:58:39][INFO][Rank 0] - train Epoch 9/24: 30.0% (580/1936)
[2025-11-17 17:58:46][INFO][Rank 0] - train Epoch 9/24: 30.5% (590/1936)
[2025-11-17 17:58:53][INFO][Rank 0] - train Epoch 9/24: 31.0% (600/1936)
[2025-11-17 17:59:00][INFO][Rank 0] - train Epoch 9/24: 31.5% (610/1936)
[2025-11-17 17:59:07][INFO][Rank 0] - train Epoch 9/24: 32.0% (620/1936)
[2025-11-17 17:59:14][INFO][Rank 0] - train Epoch 9/24: 32.5% (630/1936)
[2025-11-17 17:59:15][INFO][Rank 0] - CUDA Memory [train][Step 630]: Device 0: Allocated: 3309.6 MB, Reserved: 117540.0 MB (Δ: +1687.0 MB)
[2025-11-17 17:59:21][INFO][Rank 0] - train Epoch 9/24: 33.1% (640/1936)
[2025-11-17 17:59:28][INFO][Rank 0] - train Epoch 9/24: 33.6% (650/1936)
[2025-11-17 17:59:35][INFO][Rank 0] - train Epoch 9/24: 34.1% (660/1936)
[2025-11-17 17:59:42][INFO][Rank 0] - train Epoch 9/24: 34.6% (670/1936)
[2025-11-17 17:59:49][INFO][Rank 0] - train Epoch 9/24: 35.1% (680/1936)
[2025-11-17 17:59:56][INFO][Rank 0] - train Epoch 9/24: 35.6% (690/1936)
[2025-11-17 18:00:03][INFO][Rank 0] - train Epoch 9/24: 36.2% (700/1936)
[2025-11-17 18:00:10][INFO][Rank 0] - train Epoch 9/24: 36.7% (710/1936)
[2025-11-17 18:00:17][INFO][Rank 0] - train Epoch 9/24: 37.2% (720/1936)
[2025-11-17 18:00:18][INFO][Rank 0] - CUDA Memory [train][Step 720]: Device 0: Allocated: 3309.6 MB, Reserved: 117540.0 MB (Δ: +1687.0 MB)
[2025-11-17 18:00:24][INFO][Rank 0] - train Epoch 9/24: 37.7% (730/1936)
[2025-11-17 18:00:32][INFO][Rank 0] - train Epoch 9/24: 38.2% (740/1936)
[2025-11-17 18:00:39][INFO][Rank 0] - train Epoch 9/24: 38.7% (750/1936)
[2025-11-17 18:00:46][INFO][Rank 0] - train Epoch 9/24: 39.3% (760/1936)
[2025-11-17 18:00:53][INFO][Rank 0] - train Epoch 9/24: 39.8% (770/1936)
[2025-11-17 18:01:00][INFO][Rank 0] - train Epoch 9/24: 40.3% (780/1936)
[2025-11-17 18:01:07][INFO][Rank 0] - train Epoch 9/24: 40.8% (790/1936)
[2025-11-17 18:01:14][INFO][Rank 0] - train Epoch 9/24: 41.3% (800/1936)
[2025-11-17 18:01:21][INFO][Rank 0] - train Epoch 9/24: 41.8% (810/1936)
[2025-11-17 18:01:22][INFO][Rank 0] - CUDA Memory [train][Step 810]: Device 0: Allocated: 3309.6 MB, Reserved: 117540.0 MB (Δ: +1687.0 MB)
[2025-11-17 18:01:28][INFO][Rank 0] - train Epoch 9/24: 42.4% (820/1936)
[2025-11-17 18:01:35][INFO][Rank 0] - train Epoch 9/24: 42.9% (830/1936)
[2025-11-17 18:01:42][INFO][Rank 0] - train Epoch 9/24: 43.4% (840/1936)
[2025-11-17 18:01:49][INFO][Rank 0] - train Epoch 9/24: 43.9% (850/1936)
[2025-11-17 18:01:56][INFO][Rank 0] - train Epoch 9/24: 44.4% (860/1936)
[2025-11-17 18:02:03][INFO][Rank 0] - train Epoch 9/24: 44.9% (870/1936)
[2025-11-17 18:02:10][INFO][Rank 0] - train Epoch 9/24: 45.5% (880/1936)
[2025-11-17 18:02:17][INFO][Rank 0] - train Epoch 9/24: 46.0% (890/1936)
[2025-11-17 18:02:24][INFO][Rank 0] - train Epoch 9/24: 46.5% (900/1936)
[2025-11-17 18:02:25][INFO][Rank 0] - CUDA Memory [train][Step 900]: Device 0: Allocated: 3309.6 MB, Reserved: 117540.0 MB (Δ: +1687.0 MB)
[2025-11-17 18:02:31][INFO][Rank 0] - train Epoch 9/24: 47.0% (910/1936)
[2025-11-17 18:02:38][INFO][Rank 0] - train Epoch 9/24: 47.5% (920/1936)
[2025-11-17 18:02:45][INFO][Rank 0] - train Epoch 9/24: 48.0% (930/1936)
[2025-11-17 18:02:53][INFO][Rank 0] - train Epoch 9/24: 48.6% (940/1936)
[2025-11-17 18:03:00][INFO][Rank 0] - train Epoch 9/24: 49.1% (950/1936)
[2025-11-17 18:03:07][INFO][Rank 0] - train Epoch 9/24: 49.6% (960/1936)
[2025-11-17 18:03:14][INFO][Rank 0] - train Epoch 9/24: 50.1% (970/1936)
[2025-11-17 18:03:21][INFO][Rank 0] - train Epoch 9/24: 50.6% (980/1936)
[2025-11-17 18:03:28][INFO][Rank 0] - train Epoch 9/24: 51.1% (990/1936)
[2025-11-17 18:03:28][INFO][Rank 0] - CUDA Memory [train][Step 990]: Device 0: Allocated: 3309.6 MB, Reserved: 117540.0 MB (Δ: +1687.0 MB)
[2025-11-17 18:03:35][INFO][Rank 0] - train Epoch 9/24: 51.7% (1000/1936)
[2025-11-17 18:03:42][INFO][Rank 0] - train Epoch 9/24: 52.2% (1010/1936)
[2025-11-17 18:03:49][INFO][Rank 0] - train Epoch 9/24: 52.7% (1020/1936)
[2025-11-17 18:03:56][INFO][Rank 0] - train Epoch 9/24: 53.2% (1030/1936)
[2025-11-17 18:04:03][INFO][Rank 0] - train Epoch 9/24: 53.7% (1040/1936)
[2025-11-17 18:04:10][INFO][Rank 0] - train Epoch 9/24: 54.2% (1050/1936)
[2025-11-17 18:04:17][INFO][Rank 0] - train Epoch 9/24: 54.8% (1060/1936)
[2025-11-17 18:04:24][INFO][Rank 0] - train Epoch 9/24: 55.3% (1070/1936)
[2025-11-17 18:04:31][INFO][Rank 0] - train Epoch 9/24: 55.8% (1080/1936)
[2025-11-17 18:04:32][INFO][Rank 0] - CUDA Memory [train][Step 1080]: Device 0: Allocated: 3309.6 MB, Reserved: 117540.0 MB (Δ: +1687.0 MB)
[2025-11-17 18:04:38][INFO][Rank 0] - train Epoch 9/24: 56.3% (1090/1936)
[2025-11-17 18:04:45][INFO][Rank 0] - train Epoch 9/24: 56.8% (1100/1936)
[2025-11-17 18:04:52][INFO][Rank 0] - train Epoch 9/24: 57.3% (1110/1936)
[2025-11-17 18:04:59][INFO][Rank 0] - train Epoch 9/24: 57.9% (1120/1936)
[2025-11-17 18:05:06][INFO][Rank 0] - train Epoch 9/24: 58.4% (1130/1936)
[2025-11-17 18:05:14][INFO][Rank 0] - train Epoch 9/24: 58.9% (1140/1936)
[2025-11-17 18:05:21][INFO][Rank 0] - train Epoch 9/24: 59.4% (1150/1936)
[2025-11-17 18:05:28][INFO][Rank 0] - train Epoch 9/24: 59.9% (1160/1936)
[2025-11-17 18:05:35][INFO][Rank 0] - train Epoch 9/24: 60.4% (1170/1936)
[2025-11-17 18:05:35][INFO][Rank 0] - CUDA Memory [train][Step 1170]: Device 0: Allocated: 3309.6 MB, Reserved: 117540.0 MB (Δ: +1687.0 MB)
[2025-11-17 18:05:42][INFO][Rank 0] - train Epoch 9/24: 61.0% (1180/1936)
[2025-11-17 18:05:49][INFO][Rank 0] - train Epoch 9/24: 61.5% (1190/1936)
[2025-11-17 18:05:56][INFO][Rank 0] - train Epoch 9/24: 62.0% (1200/1936)
[2025-11-17 18:06:03][INFO][Rank 0] - train Epoch 9/24: 62.5% (1210/1936)
[2025-11-17 18:06:10][INFO][Rank 0] - train Epoch 9/24: 63.0% (1220/1936)
[2025-11-17 18:06:17][INFO][Rank 0] - train Epoch 9/24: 63.5% (1230/1936)
[2025-11-17 18:06:24][INFO][Rank 0] - train Epoch 9/24: 64.0% (1240/1936)
[2025-11-17 18:06:31][INFO][Rank 0] - train Epoch 9/24: 64.6% (1250/1936)
[2025-11-17 18:06:38][INFO][Rank 0] - train Epoch 9/24: 65.1% (1260/1936)
[2025-11-17 18:06:39][INFO][Rank 0] - CUDA Memory [train][Step 1260]: Device 0: Allocated: 3309.6 MB, Reserved: 117540.0 MB (Δ: +1687.0 MB)
[2025-11-17 18:06:45][INFO][Rank 0] - train Epoch 9/24: 65.6% (1270/1936)
[2025-11-17 18:06:52][INFO][Rank 0] - train Epoch 9/24: 66.1% (1280/1936)
[2025-11-17 18:06:59][INFO][Rank 0] - train Epoch 9/24: 66.6% (1290/1936)
[2025-11-17 18:07:06][INFO][Rank 0] - train Epoch 9/24: 67.1% (1300/1936)
[2025-11-17 18:07:13][INFO][Rank 0] - train Epoch 9/24: 67.7% (1310/1936)
[2025-11-17 18:07:20][INFO][Rank 0] - train Epoch 9/24: 68.2% (1320/1936)
[2025-11-17 18:07:27][INFO][Rank 0] - train Epoch 9/24: 68.7% (1330/1936)
[2025-11-17 18:07:35][INFO][Rank 0] - train Epoch 9/24: 69.2% (1340/1936)
[2025-11-17 18:07:42][INFO][Rank 0] - train Epoch 9/24: 69.7% (1350/1936)
[2025-11-17 18:07:42][INFO][Rank 0] - CUDA Memory [train][Step 1350]: Device 0: Allocated: 3309.6 MB, Reserved: 117540.0 MB (Δ: +1687.0 MB)
[2025-11-17 18:07:49][INFO][Rank 0] - train Epoch 9/24: 70.2% (1360/1936)
[2025-11-17 18:07:56][INFO][Rank 0] - train Epoch 9/24: 70.8% (1370/1936)
[2025-11-17 18:08:03][INFO][Rank 0] - train Epoch 9/24: 71.3% (1380/1936)
[2025-11-17 18:08:10][INFO][Rank 0] - train Epoch 9/24: 71.8% (1390/1936)
[2025-11-17 18:08:17][INFO][Rank 0] - train Epoch 9/24: 72.3% (1400/1936)
[2025-11-17 18:08:24][INFO][Rank 0] - train Epoch 9/24: 72.8% (1410/1936)
[2025-11-17 18:08:31][INFO][Rank 0] - train Epoch 9/24: 73.3% (1420/1936)
[2025-11-17 18:08:38][INFO][Rank 0] - train Epoch 9/24: 73.9% (1430/1936)
[2025-11-17 18:08:45][INFO][Rank 0] - train Epoch 9/24: 74.4% (1440/1936)
[2025-11-17 18:08:46][INFO][Rank 0] - CUDA Memory [train][Step 1440]: Device 0: Allocated: 3309.6 MB, Reserved: 117540.0 MB (Δ: +1687.0 MB)
[2025-11-17 18:08:52][INFO][Rank 0] - train Epoch 9/24: 74.9% (1450/1936)
[2025-11-17 18:08:59][INFO][Rank 0] - train Epoch 9/24: 75.4% (1460/1936)
[2025-11-17 18:09:06][INFO][Rank 0] - train Epoch 9/24: 75.9% (1470/1936)
[2025-11-17 18:09:13][INFO][Rank 0] - train Epoch 9/24: 76.4% (1480/1936)
[2025-11-17 18:09:20][INFO][Rank 0] - train Epoch 9/24: 77.0% (1490/1936)
[2025-11-17 18:09:27][INFO][Rank 0] - train Epoch 9/24: 77.5% (1500/1936)
[2025-11-17 18:09:34][INFO][Rank 0] - train Epoch 9/24: 78.0% (1510/1936)
[2025-11-17 18:09:41][INFO][Rank 0] - train Epoch 9/24: 78.5% (1520/1936)
[2025-11-17 18:09:49][INFO][Rank 0] - train Epoch 9/24: 79.0% (1530/1936)
[2025-11-17 18:09:49][INFO][Rank 0] - CUDA Memory [train][Step 1530]: Device 0: Allocated: 3309.6 MB, Reserved: 117540.0 MB (Δ: +1687.0 MB)
[2025-11-17 18:09:56][INFO][Rank 0] - train Epoch 9/24: 79.5% (1540/1936)
[2025-11-17 18:10:03][INFO][Rank 0] - train Epoch 9/24: 80.1% (1550/1936)
[2025-11-17 18:10:10][INFO][Rank 0] - train Epoch 9/24: 80.6% (1560/1936)
[2025-11-17 18:10:17][INFO][Rank 0] - train Epoch 9/24: 81.1% (1570/1936)
[2025-11-17 18:10:24][INFO][Rank 0] - train Epoch 9/24: 81.6% (1580/1936)
[2025-11-17 18:10:31][INFO][Rank 0] - train Epoch 9/24: 82.1% (1590/1936)
[2025-11-17 18:10:38][INFO][Rank 0] - train Epoch 9/24: 82.6% (1600/1936)
[2025-11-17 18:10:45][INFO][Rank 0] - train Epoch 9/24: 83.2% (1610/1936)
[2025-11-17 18:10:52][INFO][Rank 0] - train Epoch 9/24: 83.7% (1620/1936)
[2025-11-17 18:10:53][INFO][Rank 0] - CUDA Memory [train][Step 1620]: Device 0: Allocated: 3309.6 MB, Reserved: 117540.0 MB (Δ: +1687.0 MB)
[2025-11-17 18:10:59][INFO][Rank 0] - train Epoch 9/24: 84.2% (1630/1936)
[2025-11-17 18:11:06][INFO][Rank 0] - train Epoch 9/24: 84.7% (1640/1936)
[2025-11-17 18:11:13][INFO][Rank 0] - train Epoch 9/24: 85.2% (1650/1936)
[2025-11-17 18:11:20][INFO][Rank 0] - train Epoch 9/24: 85.7% (1660/1936)
[2025-11-17 18:11:27][INFO][Rank 0] - train Epoch 9/24: 86.3% (1670/1936)
[2025-11-17 18:11:34][INFO][Rank 0] - train Epoch 9/24: 86.8% (1680/1936)
[2025-11-17 18:11:41][INFO][Rank 0] - train Epoch 9/24: 87.3% (1690/1936)
[2025-11-17 18:11:48][INFO][Rank 0] - train Epoch 9/24: 87.8% (1700/1936)
[2025-11-17 18:11:55][INFO][Rank 0] - train Epoch 9/24: 88.3% (1710/1936)
[2025-11-17 18:11:56][INFO][Rank 0] - CUDA Memory [train][Step 1710]: Device 0: Allocated: 3309.6 MB, Reserved: 117540.0 MB (Δ: +1687.0 MB)
[2025-11-17 18:12:02][INFO][Rank 0] - train Epoch 9/24: 88.8% (1720/1936)
[2025-11-17 18:12:09][INFO][Rank 0] - train Epoch 9/24: 89.4% (1730/1936)
[2025-11-17 18:12:17][INFO][Rank 0] - train Epoch 9/24: 89.9% (1740/1936)
[2025-11-17 18:12:24][INFO][Rank 0] - train Epoch 9/24: 90.4% (1750/1936)
[2025-11-17 18:12:31][INFO][Rank 0] - train Epoch 9/24: 90.9% (1760/1936)
[2025-11-17 18:12:38][INFO][Rank 0] - train Epoch 9/24: 91.4% (1770/1936)
[2025-11-17 18:12:45][INFO][Rank 0] - train Epoch 9/24: 91.9% (1780/1936)
[2025-11-17 18:12:52][INFO][Rank 0] - train Epoch 9/24: 92.5% (1790/1936)
[2025-11-17 18:12:59][INFO][Rank 0] - train Epoch 9/24: 93.0% (1800/1936)
[2025-11-17 18:13:00][INFO][Rank 0] - CUDA Memory [train][Step 1800]: Device 0: Allocated: 3309.6 MB, Reserved: 117540.0 MB (Δ: +1687.0 MB)
[2025-11-17 18:13:06][INFO][Rank 0] - train Epoch 9/24: 93.5% (1810/1936)
[2025-11-17 18:13:13][INFO][Rank 0] - train Epoch 9/24: 94.0% (1820/1936)
[2025-11-17 18:13:20][INFO][Rank 0] - train Epoch 9/24: 94.5% (1830/1936)
[2025-11-17 18:13:27][INFO][Rank 0] - train Epoch 9/24: 95.0% (1840/1936)
[2025-11-17 18:13:34][INFO][Rank 0] - train Epoch 9/24: 95.6% (1850/1936)
[2025-11-17 18:13:41][INFO][Rank 0] - train Epoch 9/24: 96.1% (1860/1936)
[2025-11-17 18:13:48][INFO][Rank 0] - train Epoch 9/24: 96.6% (1870/1936)
[2025-11-17 18:13:55][INFO][Rank 0] - train Epoch 9/24: 97.1% (1880/1936)
[2025-11-17 18:14:02][INFO][Rank 0] - train Epoch 9/24: 97.6% (1890/1936)
[2025-11-17 18:14:03][INFO][Rank 0] - CUDA Memory [train][Step 1890]: Device 0: Allocated: 3309.6 MB, Reserved: 117540.0 MB (Δ: +1687.0 MB)
[2025-11-17 18:14:09][INFO][Rank 0] - train Epoch 9/24: 98.1% (1900/1936)
[2025-11-17 18:14:16][INFO][Rank 0] - train Epoch 9/24: 98.7% (1910/1936)
[2025-11-17 18:14:23][INFO][Rank 0] - train Epoch 9/24: 99.2% (1920/1936)
[2025-11-17 18:14:30][INFO][Rank 0] - train Epoch 9/24: 99.7% (1930/1936)
[2025-11-17 18:14:34][INFO][Rank 0] - train Epoch 9/24: 99.9% (1935/1936)
[2025-11-17 18:14:35][INFO][Rank 0] - train Loss: 0.1606 Acc: 0.9718 F1: 0.9854
[2025-11-17 18:14:35][INFO][Rank 0] - train Balanced Acc: 0.8961 AUC-ROC: 0.9680
[2025-11-17 18:14:35][INFO][Rank 0] - train Sensitivity: 0.9759 Specificity: 0.8164
[2025-11-17 18:14:35][INFO][Rank 0] - train Confusion Matrix: TP=18405, FP=92, FN=454, TN=409
[2025-11-17 18:14:35][INFO][Rank 0] - train completed in 1365.42s
[2025-11-17 18:14:35][INFO][Rank 0] - Data loading time: 1.08s, Forward time: 278.06s, Backward time: 739.63s
[2025-11-17 18:14:35][INFO][Rank 0] - train cache: 0/1 items, hit rate: 0.00%
[2025-11-17 18:14:35][INFO][Rank 0] - CUDA Memory [val][Step 0]: Device 0: Allocated: 3309.6 MB, Reserved: 117540.0 MB (Δ: +1687.0 MB)
[2025-11-17 18:14:35][INFO][Rank 0] - val phase: total 418 batches
[2025-11-17 18:14:35][INFO][Rank 0] - val Epoch 9/24: 0.0% (0/418)
[2025-11-17 18:14:40][INFO][Rank 0] - val Epoch 9/24: 2.4% (10/418)
[2025-11-17 18:14:45][INFO][Rank 0] - val Epoch 9/24: 4.8% (20/418)
[2025-11-17 18:14:50][INFO][Rank 0] - val Epoch 9/24: 7.2% (30/418)
[2025-11-17 18:14:55][INFO][Rank 0] - val Epoch 9/24: 9.6% (40/418)
[2025-11-17 18:15:00][INFO][Rank 0] - val Epoch 9/24: 12.0% (50/418)
[2025-11-17 18:15:05][INFO][Rank 0] - val Epoch 9/24: 14.4% (60/418)
[2025-11-17 18:15:10][INFO][Rank 0] - val Epoch 9/24: 16.7% (70/418)
[2025-11-17 18:15:15][INFO][Rank 0] - val Epoch 9/24: 19.1% (80/418)
[2025-11-17 18:15:20][INFO][Rank 0] - val Epoch 9/24: 21.5% (90/418)
[2025-11-17 18:15:25][INFO][Rank 0] - val Epoch 9/24: 23.9% (100/418)
[2025-11-17 18:15:30][INFO][Rank 0] - val Epoch 9/24: 26.3% (110/418)
[2025-11-17 18:15:35][INFO][Rank 0] - val Epoch 9/24: 28.7% (120/418)
[2025-11-17 18:15:35][INFO][Rank 0] - CUDA Memory [val][Step 120]: Device 0: Allocated: 3309.6 MB, Reserved: 117540.0 MB (Δ: +1687.0 MB)
[2025-11-17 18:15:40][INFO][Rank 0] - val Epoch 9/24: 31.1% (130/418)
[2025-11-17 18:15:45][INFO][Rank 0] - val Epoch 9/24: 33.5% (140/418)
[2025-11-17 18:15:50][INFO][Rank 0] - val Epoch 9/24: 35.9% (150/418)
[2025-11-17 18:15:55][INFO][Rank 0] - val Epoch 9/24: 38.3% (160/418)
[2025-11-17 18:16:00][INFO][Rank 0] - val Epoch 9/24: 40.7% (170/418)
[2025-11-17 18:16:04][INFO][Rank 0] - val Epoch 9/24: 43.1% (180/418)
[2025-11-17 18:16:09][INFO][Rank 0] - val Epoch 9/24: 45.5% (190/418)
[2025-11-17 18:16:14][INFO][Rank 0] - val Epoch 9/24: 47.8% (200/418)
[2025-11-17 18:16:19][INFO][Rank 0] - val Epoch 9/24: 50.2% (210/418)
[2025-11-17 18:16:24][INFO][Rank 0] - val Epoch 9/24: 52.6% (220/418)
[2025-11-17 18:16:29][INFO][Rank 0] - val Epoch 9/24: 55.0% (230/418)
[2025-11-17 18:16:34][INFO][Rank 0] - val Epoch 9/24: 57.4% (240/418)
[2025-11-17 18:16:39][INFO][Rank 0] - val Epoch 9/24: 59.8% (250/418)
[2025-11-17 18:16:44][INFO][Rank 0] - val Epoch 9/24: 62.2% (260/418)
[2025-11-17 18:16:49][INFO][Rank 0] - val Epoch 9/24: 64.6% (270/418)
[2025-11-17 18:16:50][INFO][Rank 0] - CUDA Memory [val][Step 270]: Device 0: Allocated: 3309.6 MB, Reserved: 117540.0 MB (Δ: +1687.0 MB)
[2025-11-17 18:16:54][INFO][Rank 0] - val Epoch 9/24: 67.0% (280/418)
[2025-11-17 18:16:59][INFO][Rank 0] - val Epoch 9/24: 69.4% (290/418)
[2025-11-17 18:17:04][INFO][Rank 0] - val Epoch 9/24: 71.8% (300/418)
[2025-11-17 18:17:09][INFO][Rank 0] - val Epoch 9/24: 74.2% (310/418)
[2025-11-17 18:17:14][INFO][Rank 0] - val Epoch 9/24: 76.6% (320/418)
[2025-11-17 18:17:19][INFO][Rank 0] - val Epoch 9/24: 78.9% (330/418)
[2025-11-17 18:17:24][INFO][Rank 0] - val Epoch 9/24: 81.3% (340/418)
[2025-11-17 18:17:29][INFO][Rank 0] - val Epoch 9/24: 83.7% (350/418)
[2025-11-17 18:17:34][INFO][Rank 0] - val Epoch 9/24: 86.1% (360/418)
[2025-11-17 18:17:39][INFO][Rank 0] - val Epoch 9/24: 88.5% (370/418)
[2025-11-17 18:17:44][INFO][Rank 0] - val Epoch 9/24: 90.9% (380/418)
[2025-11-17 18:17:49][INFO][Rank 0] - val Epoch 9/24: 93.3% (390/418)
[2025-11-17 18:17:54][INFO][Rank 0] - val Epoch 9/24: 95.7% (400/418)
[2025-11-17 18:17:59][INFO][Rank 0] - val Epoch 9/24: 98.1% (410/418)
[2025-11-17 18:18:02][INFO][Rank 0] - val Epoch 9/24: 99.8% (417/418)
[2025-11-17 18:18:03][INFO][Rank 0] - val Loss: 0.1117 Acc: 0.9725 F1: 0.9858
[2025-11-17 18:18:03][INFO][Rank 0] - val Balanced Acc: 0.8740 AUC-ROC: 0.9803
[2025-11-17 18:18:03][INFO][Rank 0] - val Sensitivity: 0.9781 Specificity: 0.7699
[2025-11-17 18:18:03][INFO][Rank 0] - val Confusion Matrix: TP=3978, FP=26, FN=89, TN=87
[2025-11-17 18:18:03][INFO][Rank 0] - val completed in 207.99s
[2025-11-17 18:18:03][INFO][Rank 0] - val cache: 0/1 items, hit rate: 0.00%
[2025-11-17 18:18:07][INFO][Rank 0] - Saved new best auc model with auc: 0.9803 at /projects/retprogression/rgarridogarcia/checkpoints/cropped1024_cropped_centered_wt_allR_4/best_auc_model.pth
[2025-11-17 18:18:11][INFO][Rank 0] - Saved epoch checkpoint at /projects/retprogression/rgarridogarcia/checkpoints/cropped1024_cropped_centered_wt_allR_4/epoch_9.pth
[2025-11-17 18:18:11][INFO][Rank 0] - Epoch 9 summary:
[2025-11-17 18:18:11][INFO][Rank 0] -  Train Loss: 0.1606, Train Acc: 0.9718, Train F1: 0.9854
[2025-11-17 18:18:11][INFO][Rank 0] -  Train Balanced Acc: 0.8961, Train AUC: 0.9680
[2025-11-17 18:18:11][INFO][Rank 0] -  Train Sensitivity: 0.9759, Train Specificity: 0.8164
[2025-11-17 18:18:11][INFO][Rank 0] -  Val Loss: 0.1117, Val Acc: 0.9725, Val F1: 0.9858
[2025-11-17 18:18:11][INFO][Rank 0] -  Val Balanced Acc: 0.8740, Val AUC: 0.9803
[2025-11-17 18:18:11][INFO][Rank 0] -  Val Sensitivity: 0.9781, Val Specificity: 0.7699
[2025-11-17 18:18:11][INFO][Rank 0] -  Total Epoch Time: 1581.29s
[2025-11-17 18:18:11][INFO][Rank 0] - Epoch 10/24
[2025-11-17 18:18:11][INFO][Rank 0] - ----------
[2025-11-17 18:18:11][INFO][Rank 0] - CUDA Memory [train][Step 0]: Device 0: Allocated: 3309.6 MB, Reserved: 117540.0 MB (Δ: +1687.0 MB)
[2025-11-17 18:18:11][INFO][Rank 0] - train phase: total 1936 batches
[2025-11-17 18:18:11][INFO][Rank 0] - train Epoch 10/24: 0.0% (0/1936)
[2025-11-17 18:18:18][INFO][Rank 0] - train Epoch 10/24: 0.5% (10/1936)
[2025-11-17 18:18:25][INFO][Rank 0] - train Epoch 10/24: 1.0% (20/1936)
[2025-11-17 18:18:32][INFO][Rank 0] - train Epoch 10/24: 1.5% (30/1936)
[2025-11-17 18:18:39][INFO][Rank 0] - train Epoch 10/24: 2.1% (40/1936)
[2025-11-17 18:18:46][INFO][Rank 0] - train Epoch 10/24: 2.6% (50/1936)
[2025-11-17 18:18:53][INFO][Rank 0] - train Epoch 10/24: 3.1% (60/1936)
[2025-11-17 18:19:01][INFO][Rank 0] - train Epoch 10/24: 3.6% (70/1936)
[2025-11-17 18:19:08][INFO][Rank 0] - train Epoch 10/24: 4.1% (80/1936)
[2025-11-17 18:19:15][INFO][Rank 0] - train Epoch 10/24: 4.6% (90/1936)
[2025-11-17 18:19:15][INFO][Rank 0] - CUDA Memory [train][Step 90]: Device 0: Allocated: 3309.6 MB, Reserved: 117540.0 MB (Δ: +1687.0 MB)
[2025-11-17 18:19:22][INFO][Rank 0] - train Epoch 10/24: 5.2% (100/1936)
[2025-11-17 18:19:29][INFO][Rank 0] - train Epoch 10/24: 5.7% (110/1936)
[2025-11-17 18:19:36][INFO][Rank 0] - train Epoch 10/24: 6.2% (120/1936)
[2025-11-17 18:19:43][INFO][Rank 0] - train Epoch 10/24: 6.7% (130/1936)
[2025-11-17 18:19:50][INFO][Rank 0] - train Epoch 10/24: 7.2% (140/1936)
[2025-11-17 18:19:57][INFO][Rank 0] - train Epoch 10/24: 7.7% (150/1936)
[2025-11-17 18:20:04][INFO][Rank 0] - train Epoch 10/24: 8.3% (160/1936)
[2025-11-17 18:20:11][INFO][Rank 0] - train Epoch 10/24: 8.8% (170/1936)
[2025-11-17 18:20:18][INFO][Rank 0] - train Epoch 10/24: 9.3% (180/1936)
[2025-11-17 18:20:19][INFO][Rank 0] - CUDA Memory [train][Step 180]: Device 0: Allocated: 3309.6 MB, Reserved: 117540.0 MB (Δ: +1687.0 MB)
[2025-11-17 18:20:25][INFO][Rank 0] - train Epoch 10/24: 9.8% (190/1936)
[2025-11-17 18:20:32][INFO][Rank 0] - train Epoch 10/24: 10.3% (200/1936)
[2025-11-17 18:20:39][INFO][Rank 0] - train Epoch 10/24: 10.8% (210/1936)
[2025-11-17 18:20:46][INFO][Rank 0] - train Epoch 10/24: 11.4% (220/1936)
[2025-11-17 18:20:53][INFO][Rank 0] - train Epoch 10/24: 11.9% (230/1936)
[2025-11-17 18:21:00][INFO][Rank 0] - train Epoch 10/24: 12.4% (240/1936)
[2025-11-17 18:21:07][INFO][Rank 0] - train Epoch 10/24: 12.9% (250/1936)
[2025-11-17 18:21:14][INFO][Rank 0] - train Epoch 10/24: 13.4% (260/1936)
[2025-11-17 18:21:22][INFO][Rank 0] - train Epoch 10/24: 13.9% (270/1936)
[2025-11-17 18:21:22][INFO][Rank 0] - CUDA Memory [train][Step 270]: Device 0: Allocated: 3309.6 MB, Reserved: 117540.0 MB (Δ: +1687.0 MB)
[2025-11-17 18:21:29][INFO][Rank 0] - train Epoch 10/24: 14.5% (280/1936)
[2025-11-17 18:21:36][INFO][Rank 0] - train Epoch 10/24: 15.0% (290/1936)
[2025-11-17 18:21:43][INFO][Rank 0] - train Epoch 10/24: 15.5% (300/1936)
[2025-11-17 18:21:50][INFO][Rank 0] - train Epoch 10/24: 16.0% (310/1936)
[2025-11-17 18:21:57][INFO][Rank 0] - train Epoch 10/24: 16.5% (320/1936)
[2025-11-17 18:22:04][INFO][Rank 0] - train Epoch 10/24: 17.0% (330/1936)
[2025-11-17 18:22:11][INFO][Rank 0] - train Epoch 10/24: 17.6% (340/1936)
[2025-11-17 18:22:18][INFO][Rank 0] - train Epoch 10/24: 18.1% (350/1936)
[2025-11-17 18:22:25][INFO][Rank 0] - train Epoch 10/24: 18.6% (360/1936)
[2025-11-17 18:22:26][INFO][Rank 0] - CUDA Memory [train][Step 360]: Device 0: Allocated: 3309.6 MB, Reserved: 117540.0 MB (Δ: +1687.0 MB)
[2025-11-17 18:22:32][INFO][Rank 0] - train Epoch 10/24: 19.1% (370/1936)
[2025-11-17 18:22:39][INFO][Rank 0] - train Epoch 10/24: 19.6% (380/1936)
[2025-11-17 18:22:46][INFO][Rank 0] - train Epoch 10/24: 20.1% (390/1936)
[2025-11-17 18:22:53][INFO][Rank 0] - train Epoch 10/24: 20.7% (400/1936)
[2025-11-17 18:23:00][INFO][Rank 0] - train Epoch 10/24: 21.2% (410/1936)
[2025-11-17 18:23:07][INFO][Rank 0] - train Epoch 10/24: 21.7% (420/1936)
[2025-11-17 18:23:14][INFO][Rank 0] - train Epoch 10/24: 22.2% (430/1936)
[2025-11-17 18:23:21][INFO][Rank 0] - train Epoch 10/24: 22.7% (440/1936)
[2025-11-17 18:23:28][INFO][Rank 0] - train Epoch 10/24: 23.2% (450/1936)
[2025-11-17 18:23:29][INFO][Rank 0] - CUDA Memory [train][Step 450]: Device 0: Allocated: 3309.6 MB, Reserved: 117540.0 MB (Δ: +1687.0 MB)
[2025-11-17 18:23:35][INFO][Rank 0] - train Epoch 10/24: 23.8% (460/1936)
[2025-11-17 18:23:43][INFO][Rank 0] - train Epoch 10/24: 24.3% (470/1936)
[2025-11-17 18:23:50][INFO][Rank 0] - train Epoch 10/24: 24.8% (480/1936)
[2025-11-17 18:23:57][INFO][Rank 0] - train Epoch 10/24: 25.3% (490/1936)
[2025-11-17 18:24:04][INFO][Rank 0] - train Epoch 10/24: 25.8% (500/1936)
[2025-11-17 18:24:11][INFO][Rank 0] - train Epoch 10/24: 26.3% (510/1936)
[2025-11-17 18:24:18][INFO][Rank 0] - train Epoch 10/24: 26.9% (520/1936)
[2025-11-17 18:24:25][INFO][Rank 0] - train Epoch 10/24: 27.4% (530/1936)
[2025-11-17 18:24:32][INFO][Rank 0] - train Epoch 10/24: 27.9% (540/1936)
[2025-11-17 18:24:33][INFO][Rank 0] - CUDA Memory [train][Step 540]: Device 0: Allocated: 3309.6 MB, Reserved: 117540.0 MB (Δ: +1687.0 MB)
[2025-11-17 18:24:39][INFO][Rank 0] - train Epoch 10/24: 28.4% (550/1936)
[2025-11-17 18:24:46][INFO][Rank 0] - train Epoch 10/24: 28.9% (560/1936)
[2025-11-17 18:24:53][INFO][Rank 0] - train Epoch 10/24: 29.4% (570/1936)
[2025-11-17 18:25:00][INFO][Rank 0] - train Epoch 10/24: 30.0% (580/1936)
[2025-11-17 18:25:07][INFO][Rank 0] - train Epoch 10/24: 30.5% (590/1936)
[2025-11-17 18:25:14][INFO][Rank 0] - train Epoch 10/24: 31.0% (600/1936)
[2025-11-17 18:25:21][INFO][Rank 0] - train Epoch 10/24: 31.5% (610/1936)
[2025-11-17 18:25:28][INFO][Rank 0] - train Epoch 10/24: 32.0% (620/1936)
[2025-11-17 18:25:35][INFO][Rank 0] - train Epoch 10/24: 32.5% (630/1936)
[2025-11-17 18:25:36][INFO][Rank 0] - CUDA Memory [train][Step 630]: Device 0: Allocated: 3309.6 MB, Reserved: 117540.0 MB (Δ: +1687.0 MB)
[2025-11-17 18:25:42][INFO][Rank 0] - train Epoch 10/24: 33.1% (640/1936)
[2025-11-17 18:25:49][INFO][Rank 0] - train Epoch 10/24: 33.6% (650/1936)
[2025-11-17 18:25:57][INFO][Rank 0] - train Epoch 10/24: 34.1% (660/1936)
[2025-11-17 18:26:04][INFO][Rank 0] - train Epoch 10/24: 34.6% (670/1936)
[2025-11-17 18:26:11][INFO][Rank 0] - train Epoch 10/24: 35.1% (680/1936)
[2025-11-17 18:26:18][INFO][Rank 0] - train Epoch 10/24: 35.6% (690/1936)
[2025-11-17 18:26:25][INFO][Rank 0] - train Epoch 10/24: 36.2% (700/1936)
[2025-11-17 18:26:32][INFO][Rank 0] - train Epoch 10/24: 36.7% (710/1936)
[2025-11-17 18:26:39][INFO][Rank 0] - train Epoch 10/24: 37.2% (720/1936)
[2025-11-17 18:26:40][INFO][Rank 0] - CUDA Memory [train][Step 720]: Device 0: Allocated: 3309.6 MB, Reserved: 117540.0 MB (Δ: +1687.0 MB)
[2025-11-17 18:26:46][INFO][Rank 0] - train Epoch 10/24: 37.7% (730/1936)
[2025-11-17 18:26:53][INFO][Rank 0] - train Epoch 10/24: 38.2% (740/1936)
[2025-11-17 18:27:00][INFO][Rank 0] - train Epoch 10/24: 38.7% (750/1936)
[2025-11-17 18:27:07][INFO][Rank 0] - train Epoch 10/24: 39.3% (760/1936)
[2025-11-17 18:27:14][INFO][Rank 0] - train Epoch 10/24: 39.8% (770/1936)
[2025-11-17 18:27:21][INFO][Rank 0] - train Epoch 10/24: 40.3% (780/1936)
[2025-11-17 18:27:28][INFO][Rank 0] - train Epoch 10/24: 40.8% (790/1936)
[2025-11-17 18:27:35][INFO][Rank 0] - train Epoch 10/24: 41.3% (800/1936)
[2025-11-17 18:27:42][INFO][Rank 0] - train Epoch 10/24: 41.8% (810/1936)
[2025-11-17 18:27:43][INFO][Rank 0] - CUDA Memory [train][Step 810]: Device 0: Allocated: 3309.6 MB, Reserved: 117540.0 MB (Δ: +1687.0 MB)
[2025-11-17 18:27:49][INFO][Rank 0] - train Epoch 10/24: 42.4% (820/1936)
[2025-11-17 18:27:56][INFO][Rank 0] - train Epoch 10/24: 42.9% (830/1936)
[2025-11-17 18:28:03][INFO][Rank 0] - train Epoch 10/24: 43.4% (840/1936)
[2025-11-17 18:28:10][INFO][Rank 0] - train Epoch 10/24: 43.9% (850/1936)
[2025-11-17 18:28:18][INFO][Rank 0] - train Epoch 10/24: 44.4% (860/1936)
[2025-11-17 18:28:25][INFO][Rank 0] - train Epoch 10/24: 44.9% (870/1936)
[2025-11-17 18:28:32][INFO][Rank 0] - train Epoch 10/24: 45.5% (880/1936)
[2025-11-17 18:28:39][INFO][Rank 0] - train Epoch 10/24: 46.0% (890/1936)
[2025-11-17 18:28:46][INFO][Rank 0] - train Epoch 10/24: 46.5% (900/1936)
[2025-11-17 18:28:46][INFO][Rank 0] - CUDA Memory [train][Step 900]: Device 0: Allocated: 3309.6 MB, Reserved: 117540.0 MB (Δ: +1687.0 MB)
[2025-11-17 18:28:53][INFO][Rank 0] - train Epoch 10/24: 47.0% (910/1936)
[2025-11-17 18:29:00][INFO][Rank 0] - train Epoch 10/24: 47.5% (920/1936)
[2025-11-17 18:29:07][INFO][Rank 0] - train Epoch 10/24: 48.0% (930/1936)
[2025-11-17 18:29:14][INFO][Rank 0] - train Epoch 10/24: 48.6% (940/1936)
[2025-11-17 18:29:21][INFO][Rank 0] - train Epoch 10/24: 49.1% (950/1936)
[2025-11-17 18:29:28][INFO][Rank 0] - train Epoch 10/24: 49.6% (960/1936)
[2025-11-17 18:29:35][INFO][Rank 0] - train Epoch 10/24: 50.1% (970/1936)
[2025-11-17 18:29:42][INFO][Rank 0] - train Epoch 10/24: 50.6% (980/1936)
[2025-11-17 18:29:49][INFO][Rank 0] - train Epoch 10/24: 51.1% (990/1936)
[2025-11-17 18:29:50][INFO][Rank 0] - CUDA Memory [train][Step 990]: Device 0: Allocated: 3309.6 MB, Reserved: 117540.0 MB (Δ: +1687.0 MB)
[2025-11-17 18:29:56][INFO][Rank 0] - train Epoch 10/24: 51.7% (1000/1936)
[2025-11-17 18:30:03][INFO][Rank 0] - train Epoch 10/24: 52.2% (1010/1936)
[2025-11-17 18:30:10][INFO][Rank 0] - train Epoch 10/24: 52.7% (1020/1936)
[2025-11-17 18:30:17][INFO][Rank 0] - train Epoch 10/24: 53.2% (1030/1936)
[2025-11-17 18:30:24][INFO][Rank 0] - train Epoch 10/24: 53.7% (1040/1936)
[2025-11-17 18:30:31][INFO][Rank 0] - train Epoch 10/24: 54.2% (1050/1936)
[2025-11-17 18:30:39][INFO][Rank 0] - train Epoch 10/24: 54.8% (1060/1936)
[2025-11-17 18:30:46][INFO][Rank 0] - train Epoch 10/24: 55.3% (1070/1936)
[2025-11-17 18:30:53][INFO][Rank 0] - train Epoch 10/24: 55.8% (1080/1936)
[2025-11-17 18:30:53][INFO][Rank 0] - CUDA Memory [train][Step 1080]: Device 0: Allocated: 3309.6 MB, Reserved: 117540.0 MB (Δ: +1687.0 MB)
[2025-11-17 18:31:00][INFO][Rank 0] - train Epoch 10/24: 56.3% (1090/1936)
[2025-11-17 18:31:07][INFO][Rank 0] - train Epoch 10/24: 56.8% (1100/1936)
[2025-11-17 18:31:14][INFO][Rank 0] - train Epoch 10/24: 57.3% (1110/1936)
[2025-11-17 18:31:21][INFO][Rank 0] - train Epoch 10/24: 57.9% (1120/1936)
[2025-11-17 18:31:28][INFO][Rank 0] - train Epoch 10/24: 58.4% (1130/1936)
[2025-11-17 18:31:35][INFO][Rank 0] - train Epoch 10/24: 58.9% (1140/1936)
[2025-11-17 18:31:42][INFO][Rank 0] - train Epoch 10/24: 59.4% (1150/1936)
[2025-11-17 18:31:49][INFO][Rank 0] - train Epoch 10/24: 59.9% (1160/1936)
[2025-11-17 18:31:56][INFO][Rank 0] - train Epoch 10/24: 60.4% (1170/1936)
[2025-11-17 18:31:57][INFO][Rank 0] - CUDA Memory [train][Step 1170]: Device 0: Allocated: 3309.6 MB, Reserved: 117540.0 MB (Δ: +1687.0 MB)
[2025-11-17 18:32:03][INFO][Rank 0] - train Epoch 10/24: 61.0% (1180/1936)
[2025-11-17 18:32:10][INFO][Rank 0] - train Epoch 10/24: 61.5% (1190/1936)
[2025-11-17 18:32:17][INFO][Rank 0] - train Epoch 10/24: 62.0% (1200/1936)
[2025-11-17 18:32:24][INFO][Rank 0] - train Epoch 10/24: 62.5% (1210/1936)
[2025-11-17 18:32:31][INFO][Rank 0] - train Epoch 10/24: 63.0% (1220/1936)
[2025-11-17 18:32:38][INFO][Rank 0] - train Epoch 10/24: 63.5% (1230/1936)
[2025-11-17 18:32:45][INFO][Rank 0] - train Epoch 10/24: 64.0% (1240/1936)
[2025-11-17 18:32:52][INFO][Rank 0] - train Epoch 10/24: 64.6% (1250/1936)
[2025-11-17 18:33:00][INFO][Rank 0] - train Epoch 10/24: 65.1% (1260/1936)
[2025-11-17 18:33:00][INFO][Rank 0] - CUDA Memory [train][Step 1260]: Device 0: Allocated: 3309.6 MB, Reserved: 117540.0 MB (Δ: +1687.0 MB)
[2025-11-17 18:33:07][INFO][Rank 0] - train Epoch 10/24: 65.6% (1270/1936)
[2025-11-17 18:33:14][INFO][Rank 0] - train Epoch 10/24: 66.1% (1280/1936)
[2025-11-17 18:33:21][INFO][Rank 0] - train Epoch 10/24: 66.6% (1290/1936)
[2025-11-17 18:33:28][INFO][Rank 0] - train Epoch 10/24: 67.1% (1300/1936)
[2025-11-17 18:33:35][INFO][Rank 0] - train Epoch 10/24: 67.7% (1310/1936)
[2025-11-17 18:33:42][INFO][Rank 0] - train Epoch 10/24: 68.2% (1320/1936)
[2025-11-17 18:33:49][INFO][Rank 0] - train Epoch 10/24: 68.7% (1330/1936)
[2025-11-17 18:33:56][INFO][Rank 0] - train Epoch 10/24: 69.2% (1340/1936)
[2025-11-17 18:34:03][INFO][Rank 0] - train Epoch 10/24: 69.7% (1350/1936)
[2025-11-17 18:34:04][INFO][Rank 0] - CUDA Memory [train][Step 1350]: Device 0: Allocated: 3309.6 MB, Reserved: 117540.0 MB (Δ: +1687.0 MB)
[2025-11-17 18:34:10][INFO][Rank 0] - train Epoch 10/24: 70.2% (1360/1936)
[2025-11-17 18:34:17][INFO][Rank 0] - train Epoch 10/24: 70.8% (1370/1936)
[2025-11-17 18:34:24][INFO][Rank 0] - train Epoch 10/24: 71.3% (1380/1936)
[2025-11-17 18:34:31][INFO][Rank 0] - train Epoch 10/24: 71.8% (1390/1936)
[2025-11-17 18:34:38][INFO][Rank 0] - train Epoch 10/24: 72.3% (1400/1936)
[2025-11-17 18:34:45][INFO][Rank 0] - train Epoch 10/24: 72.8% (1410/1936)
[2025-11-17 18:34:52][INFO][Rank 0] - train Epoch 10/24: 73.3% (1420/1936)
[2025-11-17 18:34:59][INFO][Rank 0] - train Epoch 10/24: 73.9% (1430/1936)
[2025-11-17 18:35:06][INFO][Rank 0] - train Epoch 10/24: 74.4% (1440/1936)
[2025-11-17 18:35:07][INFO][Rank 0] - CUDA Memory [train][Step 1440]: Device 0: Allocated: 3309.6 MB, Reserved: 117540.0 MB (Δ: +1687.0 MB)
[2025-11-17 18:35:13][INFO][Rank 0] - train Epoch 10/24: 74.9% (1450/1936)
[2025-11-17 18:35:20][INFO][Rank 0] - train Epoch 10/24: 75.4% (1460/1936)
[2025-11-17 18:35:28][INFO][Rank 0] - train Epoch 10/24: 75.9% (1470/1936)
[2025-11-17 18:35:35][INFO][Rank 0] - train Epoch 10/24: 76.4% (1480/1936)
[2025-11-17 18:35:42][INFO][Rank 0] - train Epoch 10/24: 77.0% (1490/1936)
[2025-11-17 18:35:49][INFO][Rank 0] - train Epoch 10/24: 77.5% (1500/1936)
[2025-11-17 18:35:56][INFO][Rank 0] - train Epoch 10/24: 78.0% (1510/1936)
[2025-11-17 18:36:03][INFO][Rank 0] - train Epoch 10/24: 78.5% (1520/1936)
[2025-11-17 18:36:10][INFO][Rank 0] - train Epoch 10/24: 79.0% (1530/1936)
[2025-11-17 18:36:11][INFO][Rank 0] - CUDA Memory [train][Step 1530]: Device 0: Allocated: 3309.6 MB, Reserved: 117540.0 MB (Δ: +1687.0 MB)
[2025-11-17 18:36:17][INFO][Rank 0] - train Epoch 10/24: 79.5% (1540/1936)
[2025-11-17 18:36:24][INFO][Rank 0] - train Epoch 10/24: 80.1% (1550/1936)
[2025-11-17 18:36:31][INFO][Rank 0] - train Epoch 10/24: 80.6% (1560/1936)
[2025-11-17 18:36:38][INFO][Rank 0] - train Epoch 10/24: 81.1% (1570/1936)
[2025-11-17 18:36:45][INFO][Rank 0] - train Epoch 10/24: 81.6% (1580/1936)
[2025-11-17 18:36:52][INFO][Rank 0] - train Epoch 10/24: 82.1% (1590/1936)
[2025-11-17 18:36:59][INFO][Rank 0] - train Epoch 10/24: 82.6% (1600/1936)
[2025-11-17 18:37:06][INFO][Rank 0] - train Epoch 10/24: 83.2% (1610/1936)
[2025-11-17 18:37:13][INFO][Rank 0] - train Epoch 10/24: 83.7% (1620/1936)
[2025-11-17 18:37:14][INFO][Rank 0] - CUDA Memory [train][Step 1620]: Device 0: Allocated: 3309.6 MB, Reserved: 117540.0 MB (Δ: +1687.0 MB)
[2025-11-17 18:37:20][INFO][Rank 0] - train Epoch 10/24: 84.2% (1630/1936)
[2025-11-17 18:37:27][INFO][Rank 0] - train Epoch 10/24: 84.7% (1640/1936)
[2025-11-17 18:37:34][INFO][Rank 0] - train Epoch 10/24: 85.2% (1650/1936)
[2025-11-17 18:37:41][INFO][Rank 0] - train Epoch 10/24: 85.7% (1660/1936)
[2025-11-17 18:37:49][INFO][Rank 0] - train Epoch 10/24: 86.3% (1670/1936)
[2025-11-17 18:37:56][INFO][Rank 0] - train Epoch 10/24: 86.8% (1680/1936)
[2025-11-17 18:38:03][INFO][Rank 0] - train Epoch 10/24: 87.3% (1690/1936)
[2025-11-17 18:38:10][INFO][Rank 0] - train Epoch 10/24: 87.8% (1700/1936)
[2025-11-17 18:38:17][INFO][Rank 0] - train Epoch 10/24: 88.3% (1710/1936)
[2025-11-17 18:38:17][INFO][Rank 0] - CUDA Memory [train][Step 1710]: Device 0: Allocated: 3309.6 MB, Reserved: 117540.0 MB (Δ: +1687.0 MB)
[2025-11-17 18:38:24][INFO][Rank 0] - train Epoch 10/24: 88.8% (1720/1936)
[2025-11-17 18:38:31][INFO][Rank 0] - train Epoch 10/24: 89.4% (1730/1936)
[2025-11-17 18:38:38][INFO][Rank 0] - train Epoch 10/24: 89.9% (1740/1936)
[2025-11-17 18:38:45][INFO][Rank 0] - train Epoch 10/24: 90.4% (1750/1936)
[2025-11-17 18:38:52][INFO][Rank 0] - train Epoch 10/24: 90.9% (1760/1936)
[2025-11-17 18:38:59][INFO][Rank 0] - train Epoch 10/24: 91.4% (1770/1936)
[2025-11-17 18:39:06][INFO][Rank 0] - train Epoch 10/24: 91.9% (1780/1936)
[2025-11-17 18:39:13][INFO][Rank 0] - train Epoch 10/24: 92.5% (1790/1936)
[2025-11-17 18:39:20][INFO][Rank 0] - train Epoch 10/24: 93.0% (1800/1936)
[2025-11-17 18:39:21][INFO][Rank 0] - CUDA Memory [train][Step 1800]: Device 0: Allocated: 3309.6 MB, Reserved: 117540.0 MB (Δ: +1687.0 MB)
[2025-11-17 18:39:27][INFO][Rank 0] - train Epoch 10/24: 93.5% (1810/1936)
[2025-11-17 18:39:34][INFO][Rank 0] - train Epoch 10/24: 94.0% (1820/1936)
[2025-11-17 18:39:41][INFO][Rank 0] - train Epoch 10/24: 94.5% (1830/1936)
[2025-11-17 18:39:48][INFO][Rank 0] - train Epoch 10/24: 95.0% (1840/1936)
[2025-11-17 18:39:55][INFO][Rank 0] - train Epoch 10/24: 95.6% (1850/1936)
[2025-11-17 18:40:02][INFO][Rank 0] - train Epoch 10/24: 96.1% (1860/1936)
[2025-11-17 18:40:09][INFO][Rank 0] - train Epoch 10/24: 96.6% (1870/1936)
[2025-11-17 18:40:17][INFO][Rank 0] - train Epoch 10/24: 97.1% (1880/1936)
[2025-11-17 18:40:24][INFO][Rank 0] - train Epoch 10/24: 97.6% (1890/1936)
[2025-11-17 18:40:24][INFO][Rank 0] - CUDA Memory [train][Step 1890]: Device 0: Allocated: 3309.6 MB, Reserved: 117540.0 MB (Δ: +1687.0 MB)
[2025-11-17 18:40:31][INFO][Rank 0] - train Epoch 10/24: 98.1% (1900/1936)
[2025-11-17 18:40:38][INFO][Rank 0] - train Epoch 10/24: 98.7% (1910/1936)
[2025-11-17 18:40:45][INFO][Rank 0] - train Epoch 10/24: 99.2% (1920/1936)
[2025-11-17 18:40:52][INFO][Rank 0] - train Epoch 10/24: 99.7% (1930/1936)
[2025-11-17 18:40:55][INFO][Rank 0] - train Epoch 10/24: 99.9% (1935/1936)
[2025-11-17 18:40:56][INFO][Rank 0] - train Loss: 0.1530 Acc: 0.9736 F1: 0.9863
[2025-11-17 18:40:56][INFO][Rank 0] - train Balanced Acc: 0.8992 AUC-ROC: 0.9689
[2025-11-17 18:40:56][INFO][Rank 0] - train Sensitivity: 0.9776 Specificity: 0.8207
[2025-11-17 18:40:56][INFO][Rank 0] - train Confusion Matrix: TP=18436, FP=90, FN=422, TN=412
[2025-11-17 18:40:56][INFO][Rank 0] - train completed in 1365.42s
[2025-11-17 18:40:56][INFO][Rank 0] - Data loading time: 1.24s, Forward time: 278.01s, Backward time: 739.68s
[2025-11-17 18:40:56][INFO][Rank 0] - train cache: 0/1 items, hit rate: 0.00%
[2025-11-17 18:40:56][INFO][Rank 0] - CUDA Memory [val][Step 0]: Device 0: Allocated: 3309.6 MB, Reserved: 117540.0 MB (Δ: +1687.0 MB)
[2025-11-17 18:40:56][INFO][Rank 0] - val phase: total 418 batches
[2025-11-17 18:40:56][INFO][Rank 0] - val Epoch 10/24: 0.0% (0/418)
[2025-11-17 18:41:01][INFO][Rank 0] - val Epoch 10/24: 2.4% (10/418)
[2025-11-17 18:41:06][INFO][Rank 0] - val Epoch 10/24: 4.8% (20/418)
[2025-11-17 18:41:11][INFO][Rank 0] - val Epoch 10/24: 7.2% (30/418)
[2025-11-17 18:41:16][INFO][Rank 0] - val Epoch 10/24: 9.6% (40/418)
[2025-11-17 18:41:21][INFO][Rank 0] - val Epoch 10/24: 12.0% (50/418)
[2025-11-17 18:41:26][INFO][Rank 0] - val Epoch 10/24: 14.4% (60/418)
[2025-11-17 18:41:31][INFO][Rank 0] - val Epoch 10/24: 16.7% (70/418)
[2025-11-17 18:41:36][INFO][Rank 0] - val Epoch 10/24: 19.1% (80/418)
[2025-11-17 18:41:41][INFO][Rank 0] - val Epoch 10/24: 21.5% (90/418)
[2025-11-17 18:41:46][INFO][Rank 0] - val Epoch 10/24: 23.9% (100/418)
[2025-11-17 18:41:51][INFO][Rank 0] - val Epoch 10/24: 26.3% (110/418)
[2025-11-17 18:41:56][INFO][Rank 0] - val Epoch 10/24: 28.7% (120/418)
[2025-11-17 18:41:56][INFO][Rank 0] - CUDA Memory [val][Step 120]: Device 0: Allocated: 3309.6 MB, Reserved: 117540.0 MB (Δ: +1687.0 MB)
[2025-11-17 18:42:01][INFO][Rank 0] - val Epoch 10/24: 31.1% (130/418)
[2025-11-17 18:42:06][INFO][Rank 0] - val Epoch 10/24: 33.5% (140/418)
[2025-11-17 18:42:11][INFO][Rank 0] - val Epoch 10/24: 35.9% (150/418)
[2025-11-17 18:42:16][INFO][Rank 0] - val Epoch 10/24: 38.3% (160/418)
[2025-11-17 18:42:21][INFO][Rank 0] - val Epoch 10/24: 40.7% (170/418)
[2025-11-17 18:42:26][INFO][Rank 0] - val Epoch 10/24: 43.1% (180/418)
[2025-11-17 18:42:31][INFO][Rank 0] - val Epoch 10/24: 45.5% (190/418)
[2025-11-17 18:42:35][INFO][Rank 0] - val Epoch 10/24: 47.8% (200/418)
[2025-11-17 18:42:40][INFO][Rank 0] - val Epoch 10/24: 50.2% (210/418)
[2025-11-17 18:42:45][INFO][Rank 0] - val Epoch 10/24: 52.6% (220/418)
[2025-11-17 18:42:50][INFO][Rank 0] - val Epoch 10/24: 55.0% (230/418)
[2025-11-17 18:42:55][INFO][Rank 0] - val Epoch 10/24: 57.4% (240/418)
[2025-11-17 18:43:00][INFO][Rank 0] - val Epoch 10/24: 59.8% (250/418)
[2025-11-17 18:43:05][INFO][Rank 0] - val Epoch 10/24: 62.2% (260/418)
[2025-11-17 18:43:10][INFO][Rank 0] - val Epoch 10/24: 64.6% (270/418)
[2025-11-17 18:43:11][INFO][Rank 0] - CUDA Memory [val][Step 270]: Device 0: Allocated: 3309.6 MB, Reserved: 117540.0 MB (Δ: +1687.0 MB)
[2025-11-17 18:43:15][INFO][Rank 0] - val Epoch 10/24: 67.0% (280/418)
[2025-11-17 18:43:20][INFO][Rank 0] - val Epoch 10/24: 69.4% (290/418)
[2025-11-17 18:43:25][INFO][Rank 0] - val Epoch 10/24: 71.8% (300/418)
[2025-11-17 18:43:30][INFO][Rank 0] - val Epoch 10/24: 74.2% (310/418)
[2025-11-17 18:43:35][INFO][Rank 0] - val Epoch 10/24: 76.6% (320/418)
[2025-11-17 18:43:40][INFO][Rank 0] - val Epoch 10/24: 78.9% (330/418)
[2025-11-17 18:43:45][INFO][Rank 0] - val Epoch 10/24: 81.3% (340/418)
[2025-11-17 18:43:50][INFO][Rank 0] - val Epoch 10/24: 83.7% (350/418)
[2025-11-17 18:43:55][INFO][Rank 0] - val Epoch 10/24: 86.1% (360/418)
[2025-11-17 18:44:00][INFO][Rank 0] - val Epoch 10/24: 88.5% (370/418)
[2025-11-17 18:44:05][INFO][Rank 0] - val Epoch 10/24: 90.9% (380/418)
[2025-11-17 18:44:10][INFO][Rank 0] - val Epoch 10/24: 93.3% (390/418)
[2025-11-17 18:44:15][INFO][Rank 0] - val Epoch 10/24: 95.7% (400/418)
[2025-11-17 18:44:20][INFO][Rank 0] - val Epoch 10/24: 98.1% (410/418)
[2025-11-17 18:44:23][INFO][Rank 0] - val Epoch 10/24: 99.8% (417/418)
[2025-11-17 18:44:24][INFO][Rank 0] - val Loss: 0.1112 Acc: 0.9734 F1: 0.9863
[2025-11-17 18:44:24][INFO][Rank 0] - val Balanced Acc: 0.8788 AUC-ROC: 0.9806
[2025-11-17 18:44:24][INFO][Rank 0] - val Sensitivity: 0.9789 Specificity: 0.7788
[2025-11-17 18:44:24][INFO][Rank 0] - val Confusion Matrix: TP=3981, FP=25, FN=86, TN=88
[2025-11-17 18:44:24][INFO][Rank 0] - val completed in 207.69s
[2025-11-17 18:44:24][INFO][Rank 0] - val cache: 0/1 items, hit rate: 0.00%
[2025-11-17 18:44:28][INFO][Rank 0] - Saved new best balanced_acc model with balanced_acc: 0.8788 at /projects/retprogression/rgarridogarcia/checkpoints/cropped1024_cropped_centered_wt_allR_4/best_balanced_acc_model.pth
[2025-11-17 18:44:31][INFO][Rank 0] - Also saved as general best model at /projects/retprogression/rgarridogarcia/checkpoints/cropped1024_cropped_centered_wt_allR_4/best_model.pth
[2025-11-17 18:44:35][INFO][Rank 0] - Saved new best auc model with auc: 0.9806 at /projects/retprogression/rgarridogarcia/checkpoints/cropped1024_cropped_centered_wt_allR_4/best_auc_model.pth
[2025-11-17 18:44:39][INFO][Rank 0] - Saved epoch checkpoint at /projects/retprogression/rgarridogarcia/checkpoints/cropped1024_cropped_centered_wt_allR_4/epoch_10.pth
[2025-11-17 18:44:39][INFO][Rank 0] - Epoch 10 summary:
[2025-11-17 18:44:39][INFO][Rank 0] -  Train Loss: 0.1530, Train Acc: 0.9736, Train F1: 0.9863
[2025-11-17 18:44:39][INFO][Rank 0] -  Train Balanced Acc: 0.8992, Train AUC: 0.9689
[2025-11-17 18:44:39][INFO][Rank 0] -  Train Sensitivity: 0.9776, Train Specificity: 0.8207
[2025-11-17 18:44:39][INFO][Rank 0] -  Val Loss: 0.1112, Val Acc: 0.9734, Val F1: 0.9863
[2025-11-17 18:44:39][INFO][Rank 0] -  Val Balanced Acc: 0.8788, Val AUC: 0.9806
[2025-11-17 18:44:39][INFO][Rank 0] -  Val Sensitivity: 0.9789, Val Specificity: 0.7788
[2025-11-17 18:44:39][INFO][Rank 0] -  Total Epoch Time: 1588.45s
[2025-11-17 18:44:39][INFO][Rank 0] - Epoch 11/24
[2025-11-17 18:44:39][INFO][Rank 0] - ----------
[2025-11-17 18:44:39][INFO][Rank 0] - CUDA Memory [train][Step 0]: Device 0: Allocated: 3309.6 MB, Reserved: 117540.0 MB (Δ: +1687.0 MB)
[2025-11-17 18:44:39][INFO][Rank 0] - train phase: total 1936 batches
[2025-11-17 18:44:40][INFO][Rank 0] - train Epoch 11/24: 0.0% (0/1936)
[2025-11-17 18:44:47][INFO][Rank 0] - train Epoch 11/24: 0.5% (10/1936)
[2025-11-17 18:44:54][INFO][Rank 0] - train Epoch 11/24: 1.0% (20/1936)
[2025-11-17 18:45:01][INFO][Rank 0] - train Epoch 11/24: 1.5% (30/1936)
[2025-11-17 18:45:08][INFO][Rank 0] - train Epoch 11/24: 2.1% (40/1936)
[2025-11-17 18:45:15][INFO][Rank 0] - train Epoch 11/24: 2.6% (50/1936)
[2025-11-17 18:45:22][INFO][Rank 0] - train Epoch 11/24: 3.1% (60/1936)
[2025-11-17 18:45:29][INFO][Rank 0] - train Epoch 11/24: 3.6% (70/1936)
[2025-11-17 18:45:36][INFO][Rank 0] - train Epoch 11/24: 4.1% (80/1936)
[2025-11-17 18:45:43][INFO][Rank 0] - train Epoch 11/24: 4.6% (90/1936)
[2025-11-17 18:45:44][INFO][Rank 0] - CUDA Memory [train][Step 90]: Device 0: Allocated: 3309.6 MB, Reserved: 117540.0 MB (Δ: +1687.0 MB)
[2025-11-17 18:45:50][INFO][Rank 0] - train Epoch 11/24: 5.2% (100/1936)
[2025-11-17 18:45:57][INFO][Rank 0] - train Epoch 11/24: 5.7% (110/1936)
[2025-11-17 18:46:04][INFO][Rank 0] - train Epoch 11/24: 6.2% (120/1936)
[2025-11-17 18:46:11][INFO][Rank 0] - train Epoch 11/24: 6.7% (130/1936)
[2025-11-17 18:46:18][INFO][Rank 0] - train Epoch 11/24: 7.2% (140/1936)
[2025-11-17 18:46:25][INFO][Rank 0] - train Epoch 11/24: 7.7% (150/1936)
[2025-11-17 18:46:32][INFO][Rank 0] - train Epoch 11/24: 8.3% (160/1936)
[2025-11-17 18:46:40][INFO][Rank 0] - train Epoch 11/24: 8.8% (170/1936)
[2025-11-17 18:46:47][INFO][Rank 0] - train Epoch 11/24: 9.3% (180/1936)
[2025-11-17 18:46:47][INFO][Rank 0] - CUDA Memory [train][Step 180]: Device 0: Allocated: 3309.6 MB, Reserved: 117540.0 MB (Δ: +1687.0 MB)
[2025-11-17 18:46:54][INFO][Rank 0] - train Epoch 11/24: 9.8% (190/1936)
[2025-11-17 18:47:01][INFO][Rank 0] - train Epoch 11/24: 10.3% (200/1936)
[2025-11-17 18:47:08][INFO][Rank 0] - train Epoch 11/24: 10.8% (210/1936)
[2025-11-17 18:47:15][INFO][Rank 0] - train Epoch 11/24: 11.4% (220/1936)
[2025-11-17 18:47:22][INFO][Rank 0] - train Epoch 11/24: 11.9% (230/1936)
[2025-11-17 18:47:29][INFO][Rank 0] - train Epoch 11/24: 12.4% (240/1936)
[2025-11-17 18:47:36][INFO][Rank 0] - train Epoch 11/24: 12.9% (250/1936)
[2025-11-17 18:47:43][INFO][Rank 0] - train Epoch 11/24: 13.4% (260/1936)
[2025-11-17 18:47:50][INFO][Rank 0] - train Epoch 11/24: 13.9% (270/1936)
[2025-11-17 18:47:51][INFO][Rank 0] - CUDA Memory [train][Step 270]: Device 0: Allocated: 3309.6 MB, Reserved: 117540.0 MB (Δ: +1687.0 MB)
[2025-11-17 18:47:57][INFO][Rank 0] - train Epoch 11/24: 14.5% (280/1936)
[2025-11-17 18:48:04][INFO][Rank 0] - train Epoch 11/24: 15.0% (290/1936)
[2025-11-17 18:48:11][INFO][Rank 0] - train Epoch 11/24: 15.5% (300/1936)
[2025-11-17 18:48:18][INFO][Rank 0] - train Epoch 11/24: 16.0% (310/1936)
[2025-11-17 18:48:25][INFO][Rank 0] - train Epoch 11/24: 16.5% (320/1936)
[2025-11-17 18:48:32][INFO][Rank 0] - train Epoch 11/24: 17.0% (330/1936)
[2025-11-17 18:48:39][INFO][Rank 0] - train Epoch 11/24: 17.6% (340/1936)
[2025-11-17 18:48:46][INFO][Rank 0] - train Epoch 11/24: 18.1% (350/1936)
[2025-11-17 18:48:53][INFO][Rank 0] - train Epoch 11/24: 18.6% (360/1936)
[2025-11-17 18:48:54][INFO][Rank 0] - CUDA Memory [train][Step 360]: Device 0: Allocated: 3309.6 MB, Reserved: 117540.0 MB (Δ: +1687.0 MB)
[2025-11-17 18:49:01][INFO][Rank 0] - train Epoch 11/24: 19.1% (370/1936)
[2025-11-17 18:49:08][INFO][Rank 0] - train Epoch 11/24: 19.6% (380/1936)
[2025-11-17 18:49:15][INFO][Rank 0] - train Epoch 11/24: 20.1% (390/1936)
[2025-11-17 18:49:22][INFO][Rank 0] - train Epoch 11/24: 20.7% (400/1936)
[2025-11-17 18:49:29][INFO][Rank 0] - train Epoch 11/24: 21.2% (410/1936)
[2025-11-17 18:49:36][INFO][Rank 0] - train Epoch 11/24: 21.7% (420/1936)
[2025-11-17 18:49:43][INFO][Rank 0] - train Epoch 11/24: 22.2% (430/1936)
[2025-11-17 18:49:50][INFO][Rank 0] - train Epoch 11/24: 22.7% (440/1936)
[2025-11-17 18:49:57][INFO][Rank 0] - train Epoch 11/24: 23.2% (450/1936)
[2025-11-17 18:49:58][INFO][Rank 0] - CUDA Memory [train][Step 450]: Device 0: Allocated: 3309.6 MB, Reserved: 117540.0 MB (Δ: +1687.0 MB)
[2025-11-17 18:50:04][INFO][Rank 0] - train Epoch 11/24: 23.8% (460/1936)
[2025-11-17 18:50:11][INFO][Rank 0] - train Epoch 11/24: 24.3% (470/1936)
[2025-11-17 18:50:18][INFO][Rank 0] - train Epoch 11/24: 24.8% (480/1936)
[2025-11-17 18:50:25][INFO][Rank 0] - train Epoch 11/24: 25.3% (490/1936)
[2025-11-17 18:50:32][INFO][Rank 0] - train Epoch 11/24: 25.8% (500/1936)
[2025-11-17 18:50:39][INFO][Rank 0] - train Epoch 11/24: 26.3% (510/1936)
[2025-11-17 18:50:46][INFO][Rank 0] - train Epoch 11/24: 26.9% (520/1936)
[2025-11-17 18:50:53][INFO][Rank 0] - train Epoch 11/24: 27.4% (530/1936)
[2025-11-17 18:51:00][INFO][Rank 0] - train Epoch 11/24: 27.9% (540/1936)
[2025-11-17 18:51:01][INFO][Rank 0] - CUDA Memory [train][Step 540]: Device 0: Allocated: 3309.6 MB, Reserved: 117540.0 MB (Δ: +1687.0 MB)
[2025-11-17 18:51:07][INFO][Rank 0] - train Epoch 11/24: 28.4% (550/1936)
[2025-11-17 18:51:14][INFO][Rank 0] - train Epoch 11/24: 28.9% (560/1936)
[2025-11-17 18:51:22][INFO][Rank 0] - train Epoch 11/24: 29.4% (570/1936)
[2025-11-17 18:51:29][INFO][Rank 0] - train Epoch 11/24: 30.0% (580/1936)
[2025-11-17 18:51:36][INFO][Rank 0] - train Epoch 11/24: 30.5% (590/1936)
[2025-11-17 18:51:43][INFO][Rank 0] - train Epoch 11/24: 31.0% (600/1936)
[2025-11-17 18:51:50][INFO][Rank 0] - train Epoch 11/24: 31.5% (610/1936)
[2025-11-17 18:51:57][INFO][Rank 0] - train Epoch 11/24: 32.0% (620/1936)
[2025-11-17 18:52:04][INFO][Rank 0] - train Epoch 11/24: 32.5% (630/1936)
[2025-11-17 18:52:05][INFO][Rank 0] - CUDA Memory [train][Step 630]: Device 0: Allocated: 3309.6 MB, Reserved: 117540.0 MB (Δ: +1687.0 MB)
[2025-11-17 18:52:11][INFO][Rank 0] - train Epoch 11/24: 33.1% (640/1936)
[2025-11-17 18:52:18][INFO][Rank 0] - train Epoch 11/24: 33.6% (650/1936)
[2025-11-17 18:52:25][INFO][Rank 0] - train Epoch 11/24: 34.1% (660/1936)
[2025-11-17 18:52:32][INFO][Rank 0] - train Epoch 11/24: 34.6% (670/1936)
[2025-11-17 18:52:39][INFO][Rank 0] - train Epoch 11/24: 35.1% (680/1936)
[2025-11-17 18:52:46][INFO][Rank 0] - train Epoch 11/24: 35.6% (690/1936)
[2025-11-17 18:52:53][INFO][Rank 0] - train Epoch 11/24: 36.2% (700/1936)
[2025-11-17 18:53:00][INFO][Rank 0] - train Epoch 11/24: 36.7% (710/1936)
[2025-11-17 18:53:07][INFO][Rank 0] - train Epoch 11/24: 37.2% (720/1936)
[2025-11-17 18:53:08][INFO][Rank 0] - CUDA Memory [train][Step 720]: Device 0: Allocated: 3309.6 MB, Reserved: 117540.0 MB (Δ: +1687.0 MB)
[2025-11-17 18:53:14][INFO][Rank 0] - train Epoch 11/24: 37.7% (730/1936)
[2025-11-17 18:53:21][INFO][Rank 0] - train Epoch 11/24: 38.2% (740/1936)
[2025-11-17 18:53:28][INFO][Rank 0] - train Epoch 11/24: 38.7% (750/1936)
[2025-11-17 18:53:35][INFO][Rank 0] - train Epoch 11/24: 39.3% (760/1936)
[2025-11-17 18:53:42][INFO][Rank 0] - train Epoch 11/24: 39.8% (770/1936)
[2025-11-17 18:53:50][INFO][Rank 0] - train Epoch 11/24: 40.3% (780/1936)
[2025-11-17 18:53:57][INFO][Rank 0] - train Epoch 11/24: 40.8% (790/1936)
[2025-11-17 18:54:04][INFO][Rank 0] - train Epoch 11/24: 41.3% (800/1936)
[2025-11-17 18:54:11][INFO][Rank 0] - train Epoch 11/24: 41.8% (810/1936)
[2025-11-17 18:54:11][INFO][Rank 0] - CUDA Memory [train][Step 810]: Device 0: Allocated: 3309.6 MB, Reserved: 117540.0 MB (Δ: +1687.0 MB)
[2025-11-17 18:54:18][INFO][Rank 0] - train Epoch 11/24: 42.4% (820/1936)
[2025-11-17 18:54:25][INFO][Rank 0] - train Epoch 11/24: 42.9% (830/1936)
[2025-11-17 18:54:32][INFO][Rank 0] - train Epoch 11/24: 43.4% (840/1936)
[2025-11-17 18:54:39][INFO][Rank 0] - train Epoch 11/24: 43.9% (850/1936)
[2025-11-17 18:54:46][INFO][Rank 0] - train Epoch 11/24: 44.4% (860/1936)
[2025-11-17 18:54:53][INFO][Rank 0] - train Epoch 11/24: 44.9% (870/1936)
[2025-11-17 18:55:00][INFO][Rank 0] - train Epoch 11/24: 45.5% (880/1936)
[2025-11-17 18:55:07][INFO][Rank 0] - train Epoch 11/24: 46.0% (890/1936)
[2025-11-17 18:55:14][INFO][Rank 0] - train Epoch 11/24: 46.5% (900/1936)
[2025-11-17 18:55:15][INFO][Rank 0] - CUDA Memory [train][Step 900]: Device 0: Allocated: 3309.6 MB, Reserved: 117540.0 MB (Δ: +1687.0 MB)
[2025-11-17 18:55:21][INFO][Rank 0] - train Epoch 11/24: 47.0% (910/1936)
[2025-11-17 18:55:28][INFO][Rank 0] - train Epoch 11/24: 47.5% (920/1936)
[2025-11-17 18:55:35][INFO][Rank 0] - train Epoch 11/24: 48.0% (930/1936)
[2025-11-17 18:55:42][INFO][Rank 0] - train Epoch 11/24: 48.6% (940/1936)
[2025-11-17 18:55:49][INFO][Rank 0] - train Epoch 11/24: 49.1% (950/1936)
[2025-11-17 18:55:56][INFO][Rank 0] - train Epoch 11/24: 49.6% (960/1936)
[2025-11-17 18:56:03][INFO][Rank 0] - train Epoch 11/24: 50.1% (970/1936)
[2025-11-17 18:56:11][INFO][Rank 0] - train Epoch 11/24: 50.6% (980/1936)
[2025-11-17 18:56:18][INFO][Rank 0] - train Epoch 11/24: 51.1% (990/1936)
[2025-11-17 18:56:18][INFO][Rank 0] - CUDA Memory [train][Step 990]: Device 0: Allocated: 3309.6 MB, Reserved: 117540.0 MB (Δ: +1687.0 MB)
[2025-11-17 18:56:25][INFO][Rank 0] - train Epoch 11/24: 51.7% (1000/1936)
[2025-11-17 18:56:32][INFO][Rank 0] - train Epoch 11/24: 52.2% (1010/1936)
[2025-11-17 18:56:39][INFO][Rank 0] - train Epoch 11/24: 52.7% (1020/1936)
[2025-11-17 18:56:46][INFO][Rank 0] - train Epoch 11/24: 53.2% (1030/1936)
[2025-11-17 18:56:53][INFO][Rank 0] - train Epoch 11/24: 53.7% (1040/1936)
[2025-11-17 18:57:00][INFO][Rank 0] - train Epoch 11/24: 54.2% (1050/1936)
[2025-11-17 18:57:07][INFO][Rank 0] - train Epoch 11/24: 54.8% (1060/1936)
[2025-11-17 18:57:14][INFO][Rank 0] - train Epoch 11/24: 55.3% (1070/1936)
[2025-11-17 18:57:21][INFO][Rank 0] - train Epoch 11/24: 55.8% (1080/1936)
[2025-11-17 18:57:22][INFO][Rank 0] - CUDA Memory [train][Step 1080]: Device 0: Allocated: 3309.6 MB, Reserved: 117540.0 MB (Δ: +1687.0 MB)
[2025-11-17 18:57:28][INFO][Rank 0] - train Epoch 11/24: 56.3% (1090/1936)
[2025-11-17 18:57:35][INFO][Rank 0] - train Epoch 11/24: 56.8% (1100/1936)
[2025-11-17 18:57:42][INFO][Rank 0] - train Epoch 11/24: 57.3% (1110/1936)
[2025-11-17 18:57:49][INFO][Rank 0] - train Epoch 11/24: 57.9% (1120/1936)
[2025-11-17 18:57:56][INFO][Rank 0] - train Epoch 11/24: 58.4% (1130/1936)
[2025-11-17 18:58:03][INFO][Rank 0] - train Epoch 11/24: 58.9% (1140/1936)
[2025-11-17 18:58:10][INFO][Rank 0] - train Epoch 11/24: 59.4% (1150/1936)
[2025-11-17 18:58:17][INFO][Rank 0] - train Epoch 11/24: 59.9% (1160/1936)
[2025-11-17 18:58:24][INFO][Rank 0] - train Epoch 11/24: 60.4% (1170/1936)
[2025-11-17 18:58:25][INFO][Rank 0] - CUDA Memory [train][Step 1170]: Device 0: Allocated: 3309.6 MB, Reserved: 117540.0 MB (Δ: +1687.0 MB)
[2025-11-17 18:58:31][INFO][Rank 0] - train Epoch 11/24: 61.0% (1180/1936)
[2025-11-17 18:58:39][INFO][Rank 0] - train Epoch 11/24: 61.5% (1190/1936)
[2025-11-17 18:58:46][INFO][Rank 0] - train Epoch 11/24: 62.0% (1200/1936)
[2025-11-17 18:58:53][INFO][Rank 0] - train Epoch 11/24: 62.5% (1210/1936)
[2025-11-17 18:59:00][INFO][Rank 0] - train Epoch 11/24: 63.0% (1220/1936)
[2025-11-17 18:59:07][INFO][Rank 0] - train Epoch 11/24: 63.5% (1230/1936)
[2025-11-17 18:59:14][INFO][Rank 0] - train Epoch 11/24: 64.0% (1240/1936)
[2025-11-17 18:59:21][INFO][Rank 0] - train Epoch 11/24: 64.6% (1250/1936)
[2025-11-17 18:59:28][INFO][Rank 0] - train Epoch 11/24: 65.1% (1260/1936)
[2025-11-17 18:59:29][INFO][Rank 0] - CUDA Memory [train][Step 1260]: Device 0: Allocated: 3309.6 MB, Reserved: 117540.0 MB (Δ: +1687.0 MB)
[2025-11-17 18:59:35][INFO][Rank 0] - train Epoch 11/24: 65.6% (1270/1936)
[2025-11-17 18:59:42][INFO][Rank 0] - train Epoch 11/24: 66.1% (1280/1936)
[2025-11-17 18:59:49][INFO][Rank 0] - train Epoch 11/24: 66.6% (1290/1936)
[2025-11-17 18:59:56][INFO][Rank 0] - train Epoch 11/24: 67.1% (1300/1936)
[2025-11-17 19:00:03][INFO][Rank 0] - train Epoch 11/24: 67.7% (1310/1936)
[2025-11-17 19:00:10][INFO][Rank 0] - train Epoch 11/24: 68.2% (1320/1936)
[2025-11-17 19:00:17][INFO][Rank 0] - train Epoch 11/24: 68.7% (1330/1936)
[2025-11-17 19:00:24][INFO][Rank 0] - train Epoch 11/24: 69.2% (1340/1936)
[2025-11-17 19:00:31][INFO][Rank 0] - train Epoch 11/24: 69.7% (1350/1936)
[2025-11-17 19:00:32][INFO][Rank 0] - CUDA Memory [train][Step 1350]: Device 0: Allocated: 3309.6 MB, Reserved: 117540.0 MB (Δ: +1687.0 MB)
[2025-11-17 19:00:38][INFO][Rank 0] - train Epoch 11/24: 70.2% (1360/1936)
[2025-11-17 19:00:45][INFO][Rank 0] - train Epoch 11/24: 70.8% (1370/1936)
[2025-11-17 19:00:52][INFO][Rank 0] - train Epoch 11/24: 71.3% (1380/1936)
[2025-11-17 19:01:00][INFO][Rank 0] - train Epoch 11/24: 71.8% (1390/1936)
[2025-11-17 19:01:07][INFO][Rank 0] - train Epoch 11/24: 72.3% (1400/1936)
[2025-11-17 19:01:14][INFO][Rank 0] - train Epoch 11/24: 72.8% (1410/1936)
[2025-11-17 19:01:21][INFO][Rank 0] - train Epoch 11/24: 73.3% (1420/1936)
[2025-11-17 19:01:28][INFO][Rank 0] - train Epoch 11/24: 73.9% (1430/1936)
[2025-11-17 19:01:35][INFO][Rank 0] - train Epoch 11/24: 74.4% (1440/1936)
[2025-11-17 19:01:35][INFO][Rank 0] - CUDA Memory [train][Step 1440]: Device 0: Allocated: 3309.6 MB, Reserved: 117540.0 MB (Δ: +1687.0 MB)
[2025-11-17 19:01:42][INFO][Rank 0] - train Epoch 11/24: 74.9% (1450/1936)
[2025-11-17 19:01:49][INFO][Rank 0] - train Epoch 11/24: 75.4% (1460/1936)
[2025-11-17 19:01:56][INFO][Rank 0] - train Epoch 11/24: 75.9% (1470/1936)
[2025-11-17 19:02:03][INFO][Rank 0] - train Epoch 11/24: 76.4% (1480/1936)
[2025-11-17 19:02:10][INFO][Rank 0] - train Epoch 11/24: 77.0% (1490/1936)
[2025-11-17 19:02:17][INFO][Rank 0] - train Epoch 11/24: 77.5% (1500/1936)
[2025-11-17 19:02:24][INFO][Rank 0] - train Epoch 11/24: 78.0% (1510/1936)
[2025-11-17 19:02:31][INFO][Rank 0] - train Epoch 11/24: 78.5% (1520/1936)
[2025-11-17 19:02:38][INFO][Rank 0] - train Epoch 11/24: 79.0% (1530/1936)
[2025-11-17 19:02:39][INFO][Rank 0] - CUDA Memory [train][Step 1530]: Device 0: Allocated: 3309.6 MB, Reserved: 117540.0 MB (Δ: +1687.0 MB)
[2025-11-17 19:02:45][INFO][Rank 0] - train Epoch 11/24: 79.5% (1540/1936)
[2025-11-17 19:02:52][INFO][Rank 0] - train Epoch 11/24: 80.1% (1550/1936)
[2025-11-17 19:02:59][INFO][Rank 0] - train Epoch 11/24: 80.6% (1560/1936)
[2025-11-17 19:03:06][INFO][Rank 0] - train Epoch 11/24: 81.1% (1570/1936)
[2025-11-17 19:03:13][INFO][Rank 0] - train Epoch 11/24: 81.6% (1580/1936)
[2025-11-17 19:03:20][INFO][Rank 0] - train Epoch 11/24: 82.1% (1590/1936)
[2025-11-17 19:03:28][INFO][Rank 0] - train Epoch 11/24: 82.6% (1600/1936)
[2025-11-17 19:03:35][INFO][Rank 0] - train Epoch 11/24: 83.2% (1610/1936)
[2025-11-17 19:03:42][INFO][Rank 0] - train Epoch 11/24: 83.7% (1620/1936)
[2025-11-17 19:03:42][INFO][Rank 0] - CUDA Memory [train][Step 1620]: Device 0: Allocated: 3309.6 MB, Reserved: 117540.0 MB (Δ: +1687.0 MB)
[2025-11-17 19:03:49][INFO][Rank 0] - train Epoch 11/24: 84.2% (1630/1936)
[2025-11-17 19:03:56][INFO][Rank 0] - train Epoch 11/24: 84.7% (1640/1936)
[2025-11-17 19:04:03][INFO][Rank 0] - train Epoch 11/24: 85.2% (1650/1936)
[2025-11-17 19:04:10][INFO][Rank 0] - train Epoch 11/24: 85.7% (1660/1936)
[2025-11-17 19:04:17][INFO][Rank 0] - train Epoch 11/24: 86.3% (1670/1936)
[2025-11-17 19:04:24][INFO][Rank 0] - train Epoch 11/24: 86.8% (1680/1936)
[2025-11-17 19:04:31][INFO][Rank 0] - train Epoch 11/24: 87.3% (1690/1936)
[2025-11-17 19:04:38][INFO][Rank 0] - train Epoch 11/24: 87.8% (1700/1936)
[2025-11-17 19:04:45][INFO][Rank 0] - train Epoch 11/24: 88.3% (1710/1936)
[2025-11-17 19:04:46][INFO][Rank 0] - CUDA Memory [train][Step 1710]: Device 0: Allocated: 3309.6 MB, Reserved: 117540.0 MB (Δ: +1687.0 MB)
[2025-11-17 19:04:52][INFO][Rank 0] - train Epoch 11/24: 88.8% (1720/1936)
[2025-11-17 19:04:59][INFO][Rank 0] - train Epoch 11/24: 89.4% (1730/1936)
[2025-11-17 19:05:06][INFO][Rank 0] - train Epoch 11/24: 89.9% (1740/1936)
[2025-11-17 19:05:13][INFO][Rank 0] - train Epoch 11/24: 90.4% (1750/1936)
[2025-11-17 19:05:20][INFO][Rank 0] - train Epoch 11/24: 90.9% (1760/1936)
[2025-11-17 19:05:27][INFO][Rank 0] - train Epoch 11/24: 91.4% (1770/1936)
[2025-11-17 19:05:34][INFO][Rank 0] - train Epoch 11/24: 91.9% (1780/1936)
[2025-11-17 19:05:41][INFO][Rank 0] - train Epoch 11/24: 92.5% (1790/1936)
[2025-11-17 19:05:49][INFO][Rank 0] - train Epoch 11/24: 93.0% (1800/1936)
[2025-11-17 19:05:49][INFO][Rank 0] - CUDA Memory [train][Step 1800]: Device 0: Allocated: 3309.6 MB, Reserved: 117540.0 MB (Δ: +1687.0 MB)
[2025-11-17 19:05:56][INFO][Rank 0] - train Epoch 11/24: 93.5% (1810/1936)
[2025-11-17 19:06:03][INFO][Rank 0] - train Epoch 11/24: 94.0% (1820/1936)
[2025-11-17 19:06:10][INFO][Rank 0] - train Epoch 11/24: 94.5% (1830/1936)
[2025-11-17 19:06:17][INFO][Rank 0] - train Epoch 11/24: 95.0% (1840/1936)
[2025-11-17 19:06:24][INFO][Rank 0] - train Epoch 11/24: 95.6% (1850/1936)
[2025-11-17 19:06:31][INFO][Rank 0] - train Epoch 11/24: 96.1% (1860/1936)
[2025-11-17 19:06:38][INFO][Rank 0] - train Epoch 11/24: 96.6% (1870/1936)
[2025-11-17 19:06:45][INFO][Rank 0] - train Epoch 11/24: 97.1% (1880/1936)
[2025-11-17 19:06:52][INFO][Rank 0] - train Epoch 11/24: 97.6% (1890/1936)
[2025-11-17 19:06:53][INFO][Rank 0] - CUDA Memory [train][Step 1890]: Device 0: Allocated: 3309.6 MB, Reserved: 117540.0 MB (Δ: +1687.0 MB)
[2025-11-17 19:06:59][INFO][Rank 0] - train Epoch 11/24: 98.1% (1900/1936)
[2025-11-17 19:07:06][INFO][Rank 0] - train Epoch 11/24: 98.7% (1910/1936)
[2025-11-17 19:07:13][INFO][Rank 0] - train Epoch 11/24: 99.2% (1920/1936)
[2025-11-17 19:07:20][INFO][Rank 0] - train Epoch 11/24: 99.7% (1930/1936)
[2025-11-17 19:07:24][INFO][Rank 0] - train Epoch 11/24: 99.9% (1935/1936)
[2025-11-17 19:07:24][INFO][Rank 0] - train Loss: 0.1501 Acc: 0.9738 F1: 0.9864
[2025-11-17 19:07:24][INFO][Rank 0] - train Balanced Acc: 0.8993 AUC-ROC: 0.9702
[2025-11-17 19:07:24][INFO][Rank 0] - train Sensitivity: 0.9778 Specificity: 0.8207
[2025-11-17 19:07:24][INFO][Rank 0] - train Confusion Matrix: TP=18440, FP=90, FN=418, TN=412
[2025-11-17 19:07:24][INFO][Rank 0] - train completed in 1365.33s
[2025-11-17 19:07:24][INFO][Rank 0] - Data loading time: 1.24s, Forward time: 277.99s, Backward time: 739.49s
[2025-11-17 19:07:24][INFO][Rank 0] - train cache: 0/1 items, hit rate: 0.00%
[2025-11-17 19:07:24][INFO][Rank 0] - CUDA Memory [val][Step 0]: Device 0: Allocated: 3309.6 MB, Reserved: 117540.0 MB (Δ: +1687.0 MB)
[2025-11-17 19:07:24][INFO][Rank 0] - val phase: total 418 batches
[2025-11-17 19:07:25][INFO][Rank 0] - val Epoch 11/24: 0.0% (0/418)
[2025-11-17 19:07:30][INFO][Rank 0] - val Epoch 11/24: 2.4% (10/418)
[2025-11-17 19:07:35][INFO][Rank 0] - val Epoch 11/24: 4.8% (20/418)
[2025-11-17 19:07:40][INFO][Rank 0] - val Epoch 11/24: 7.2% (30/418)
[2025-11-17 19:07:45][INFO][Rank 0] - val Epoch 11/24: 9.6% (40/418)
[2025-11-17 19:07:50][INFO][Rank 0] - val Epoch 11/24: 12.0% (50/418)
[2025-11-17 19:07:55][INFO][Rank 0] - val Epoch 11/24: 14.4% (60/418)
[2025-11-17 19:08:00][INFO][Rank 0] - val Epoch 11/24: 16.7% (70/418)
[2025-11-17 19:08:05][INFO][Rank 0] - val Epoch 11/24: 19.1% (80/418)
[2025-11-17 19:08:10][INFO][Rank 0] - val Epoch 11/24: 21.5% (90/418)
[2025-11-17 19:08:15][INFO][Rank 0] - val Epoch 11/24: 23.9% (100/418)
[2025-11-17 19:08:20][INFO][Rank 0] - val Epoch 11/24: 26.3% (110/418)
[2025-11-17 19:08:25][INFO][Rank 0] - val Epoch 11/24: 28.7% (120/418)
[2025-11-17 19:08:25][INFO][Rank 0] - CUDA Memory [val][Step 120]: Device 0: Allocated: 3309.6 MB, Reserved: 117540.0 MB (Δ: +1687.0 MB)
[2025-11-17 19:08:30][INFO][Rank 0] - val Epoch 11/24: 31.1% (130/418)
[2025-11-17 19:08:35][INFO][Rank 0] - val Epoch 11/24: 33.5% (140/418)
[2025-11-17 19:08:40][INFO][Rank 0] - val Epoch 11/24: 35.9% (150/418)
[2025-11-17 19:08:45][INFO][Rank 0] - val Epoch 11/24: 38.3% (160/418)
[2025-11-17 19:08:50][INFO][Rank 0] - val Epoch 11/24: 40.7% (170/418)
[2025-11-17 19:08:55][INFO][Rank 0] - val Epoch 11/24: 43.1% (180/418)
[2025-11-17 19:09:00][INFO][Rank 0] - val Epoch 11/24: 45.5% (190/418)
[2025-11-17 19:09:04][INFO][Rank 0] - val Epoch 11/24: 47.8% (200/418)
[2025-11-17 19:09:09][INFO][Rank 0] - val Epoch 11/24: 50.2% (210/418)
[2025-11-17 19:09:14][INFO][Rank 0] - val Epoch 11/24: 52.6% (220/418)
[2025-11-17 19:09:19][INFO][Rank 0] - val Epoch 11/24: 55.0% (230/418)
[2025-11-17 19:09:24][INFO][Rank 0] - val Epoch 11/24: 57.4% (240/418)
[2025-11-17 19:09:29][INFO][Rank 0] - val Epoch 11/24: 59.8% (250/418)
[2025-11-17 19:09:34][INFO][Rank 0] - val Epoch 11/24: 62.2% (260/418)
[2025-11-17 19:09:39][INFO][Rank 0] - val Epoch 11/24: 64.6% (270/418)
[2025-11-17 19:09:40][INFO][Rank 0] - CUDA Memory [val][Step 270]: Device 0: Allocated: 3309.6 MB, Reserved: 117540.0 MB (Δ: +1687.0 MB)
[2025-11-17 19:09:44][INFO][Rank 0] - val Epoch 11/24: 67.0% (280/418)
[2025-11-17 19:09:49][INFO][Rank 0] - val Epoch 11/24: 69.4% (290/418)
[2025-11-17 19:09:54][INFO][Rank 0] - val Epoch 11/24: 71.8% (300/418)
[2025-11-17 19:09:59][INFO][Rank 0] - val Epoch 11/24: 74.2% (310/418)
[2025-11-17 19:10:04][INFO][Rank 0] - val Epoch 11/24: 76.6% (320/418)
[2025-11-17 19:10:09][INFO][Rank 0] - val Epoch 11/24: 78.9% (330/418)
[2025-11-17 19:10:14][INFO][Rank 0] - val Epoch 11/24: 81.3% (340/418)
[2025-11-17 19:10:19][INFO][Rank 0] - val Epoch 11/24: 83.7% (350/418)
[2025-11-17 19:10:24][INFO][Rank 0] - val Epoch 11/24: 86.1% (360/418)
[2025-11-17 19:10:29][INFO][Rank 0] - val Epoch 11/24: 88.5% (370/418)
[2025-11-17 19:10:34][INFO][Rank 0] - val Epoch 11/24: 90.9% (380/418)
[2025-11-17 19:10:39][INFO][Rank 0] - val Epoch 11/24: 93.3% (390/418)
[2025-11-17 19:10:44][INFO][Rank 0] - val Epoch 11/24: 95.7% (400/418)
[2025-11-17 19:10:49][INFO][Rank 0] - val Epoch 11/24: 98.1% (410/418)
[2025-11-17 19:10:53][INFO][Rank 0] - val Epoch 11/24: 99.8% (417/418)
[2025-11-17 19:10:53][INFO][Rank 0] - val Loss: 0.1105 Acc: 0.9715 F1: 0.9852
[2025-11-17 19:10:53][INFO][Rank 0] - val Balanced Acc: 0.8778 AUC-ROC: 0.9807
[2025-11-17 19:10:53][INFO][Rank 0] - val Sensitivity: 0.9769 Specificity: 0.7788
[2025-11-17 19:10:53][INFO][Rank 0] - val Confusion Matrix: TP=3973, FP=25, FN=94, TN=88
[2025-11-17 19:10:53][INFO][Rank 0] - val completed in 208.90s
[2025-11-17 19:10:53][INFO][Rank 0] - val cache: 0/1 items, hit rate: 0.00%
[2025-11-17 19:10:58][INFO][Rank 0] - Saved new best auc model with auc: 0.9807 at /projects/retprogression/rgarridogarcia/checkpoints/cropped1024_cropped_centered_wt_allR_4/best_auc_model.pth
[2025-11-17 19:11:02][INFO][Rank 0] - Saved epoch checkpoint at /projects/retprogression/rgarridogarcia/checkpoints/cropped1024_cropped_centered_wt_allR_4/epoch_11.pth
[2025-11-17 19:11:02][INFO][Rank 0] - Epoch 11 summary:
[2025-11-17 19:11:02][INFO][Rank 0] -  Train Loss: 0.1501, Train Acc: 0.9738, Train F1: 0.9864
[2025-11-17 19:11:02][INFO][Rank 0] -  Train Balanced Acc: 0.8993, Train AUC: 0.9702
[2025-11-17 19:11:02][INFO][Rank 0] -  Train Sensitivity: 0.9778, Train Specificity: 0.8207
[2025-11-17 19:11:02][INFO][Rank 0] -  Val Loss: 0.1105, Val Acc: 0.9715, Val F1: 0.9852
[2025-11-17 19:11:02][INFO][Rank 0] -  Val Balanced Acc: 0.8778, Val AUC: 0.9807
[2025-11-17 19:11:02][INFO][Rank 0] -  Val Sensitivity: 0.9769, Val Specificity: 0.7788
[2025-11-17 19:11:02][INFO][Rank 0] -  Total Epoch Time: 1583.27s
[2025-11-17 19:11:02][INFO][Rank 0] - Epoch 12/24
[2025-11-17 19:11:02][INFO][Rank 0] - ----------
[2025-11-17 19:11:02][INFO][Rank 0] - CUDA Memory [train][Step 0]: Device 0: Allocated: 3309.6 MB, Reserved: 117540.0 MB (Δ: +1687.0 MB)
[2025-11-17 19:11:02][INFO][Rank 0] - train phase: total 1936 batches
[2025-11-17 19:11:03][INFO][Rank 0] - train Epoch 12/24: 0.0% (0/1936)
[2025-11-17 19:11:10][INFO][Rank 0] - train Epoch 12/24: 0.5% (10/1936)
[2025-11-17 19:11:17][INFO][Rank 0] - train Epoch 12/24: 1.0% (20/1936)
[2025-11-17 19:11:24][INFO][Rank 0] - train Epoch 12/24: 1.5% (30/1936)
[2025-11-17 19:11:31][INFO][Rank 0] - train Epoch 12/24: 2.1% (40/1936)
[2025-11-17 19:11:38][INFO][Rank 0] - train Epoch 12/24: 2.6% (50/1936)
[2025-11-17 19:11:45][INFO][Rank 0] - train Epoch 12/24: 3.1% (60/1936)
[2025-11-17 19:11:52][INFO][Rank 0] - train Epoch 12/24: 3.6% (70/1936)
[2025-11-17 19:11:59][INFO][Rank 0] - train Epoch 12/24: 4.1% (80/1936)
[2025-11-17 19:12:06][INFO][Rank 0] - train Epoch 12/24: 4.6% (90/1936)
[2025-11-17 19:12:07][INFO][Rank 0] - CUDA Memory [train][Step 90]: Device 0: Allocated: 3309.6 MB, Reserved: 117540.0 MB (Δ: +1687.0 MB)
[2025-11-17 19:12:13][INFO][Rank 0] - train Epoch 12/24: 5.2% (100/1936)
[2025-11-17 19:12:20][INFO][Rank 0] - train Epoch 12/24: 5.7% (110/1936)
[2025-11-17 19:12:27][INFO][Rank 0] - train Epoch 12/24: 6.2% (120/1936)
[2025-11-17 19:12:35][INFO][Rank 0] - train Epoch 12/24: 6.7% (130/1936)
[2025-11-17 19:12:42][INFO][Rank 0] - train Epoch 12/24: 7.2% (140/1936)
[2025-11-17 19:12:49][INFO][Rank 0] - train Epoch 12/24: 7.7% (150/1936)
[2025-11-17 19:12:56][INFO][Rank 0] - train Epoch 12/24: 8.3% (160/1936)
[2025-11-17 19:13:03][INFO][Rank 0] - train Epoch 12/24: 8.8% (170/1936)
[2025-11-17 19:13:10][INFO][Rank 0] - train Epoch 12/24: 9.3% (180/1936)
[2025-11-17 19:13:10][INFO][Rank 0] - CUDA Memory [train][Step 180]: Device 0: Allocated: 3309.6 MB, Reserved: 117540.0 MB (Δ: +1687.0 MB)
[2025-11-17 19:13:17][INFO][Rank 0] - train Epoch 12/24: 9.8% (190/1936)
[2025-11-17 19:13:24][INFO][Rank 0] - train Epoch 12/24: 10.3% (200/1936)
[2025-11-17 19:13:31][INFO][Rank 0] - train Epoch 12/24: 10.8% (210/1936)
[2025-11-17 19:13:38][INFO][Rank 0] - train Epoch 12/24: 11.4% (220/1936)
[2025-11-17 19:13:45][INFO][Rank 0] - train Epoch 12/24: 11.9% (230/1936)
[2025-11-17 19:13:52][INFO][Rank 0] - train Epoch 12/24: 12.4% (240/1936)
[2025-11-17 19:13:59][INFO][Rank 0] - train Epoch 12/24: 12.9% (250/1936)
[2025-11-17 19:14:06][INFO][Rank 0] - train Epoch 12/24: 13.4% (260/1936)
[2025-11-17 19:14:13][INFO][Rank 0] - train Epoch 12/24: 13.9% (270/1936)
[2025-11-17 19:14:14][INFO][Rank 0] - CUDA Memory [train][Step 270]: Device 0: Allocated: 3309.6 MB, Reserved: 117540.0 MB (Δ: +1687.0 MB)
[2025-11-17 19:14:20][INFO][Rank 0] - train Epoch 12/24: 14.5% (280/1936)
[2025-11-17 19:14:27][INFO][Rank 0] - train Epoch 12/24: 15.0% (290/1936)
[2025-11-17 19:14:34][INFO][Rank 0] - train Epoch 12/24: 15.5% (300/1936)
[2025-11-17 19:14:41][INFO][Rank 0] - train Epoch 12/24: 16.0% (310/1936)
[2025-11-17 19:14:48][INFO][Rank 0] - train Epoch 12/24: 16.5% (320/1936)
[2025-11-17 19:14:55][INFO][Rank 0] - train Epoch 12/24: 17.0% (330/1936)
[2025-11-17 19:15:03][INFO][Rank 0] - train Epoch 12/24: 17.6% (340/1936)
[2025-11-17 19:15:10][INFO][Rank 0] - train Epoch 12/24: 18.1% (350/1936)
[2025-11-17 19:15:17][INFO][Rank 0] - train Epoch 12/24: 18.6% (360/1936)
[2025-11-17 19:15:17][INFO][Rank 0] - CUDA Memory [train][Step 360]: Device 0: Allocated: 3309.6 MB, Reserved: 117540.0 MB (Δ: +1687.0 MB)
[2025-11-17 19:15:24][INFO][Rank 0] - train Epoch 12/24: 19.1% (370/1936)
[2025-11-17 19:15:31][INFO][Rank 0] - train Epoch 12/24: 19.6% (380/1936)
[2025-11-17 19:15:38][INFO][Rank 0] - train Epoch 12/24: 20.1% (390/1936)
[2025-11-17 19:15:45][INFO][Rank 0] - train Epoch 12/24: 20.7% (400/1936)
[2025-11-17 19:15:52][INFO][Rank 0] - train Epoch 12/24: 21.2% (410/1936)
[2025-11-17 19:15:59][INFO][Rank 0] - train Epoch 12/24: 21.7% (420/1936)
[2025-11-17 19:16:06][INFO][Rank 0] - train Epoch 12/24: 22.2% (430/1936)
[2025-11-17 19:16:13][INFO][Rank 0] - train Epoch 12/24: 22.7% (440/1936)
[2025-11-17 19:16:20][INFO][Rank 0] - train Epoch 12/24: 23.2% (450/1936)
[2025-11-17 19:16:21][INFO][Rank 0] - CUDA Memory [train][Step 450]: Device 0: Allocated: 3309.6 MB, Reserved: 117540.0 MB (Δ: +1687.0 MB)
[2025-11-17 19:16:27][INFO][Rank 0] - train Epoch 12/24: 23.8% (460/1936)
[2025-11-17 19:16:34][INFO][Rank 0] - train Epoch 12/24: 24.3% (470/1936)
[2025-11-17 19:16:41][INFO][Rank 0] - train Epoch 12/24: 24.8% (480/1936)
[2025-11-17 19:16:48][INFO][Rank 0] - train Epoch 12/24: 25.3% (490/1936)
[2025-11-17 19:16:55][INFO][Rank 0] - train Epoch 12/24: 25.8% (500/1936)
[2025-11-17 19:17:02][INFO][Rank 0] - train Epoch 12/24: 26.3% (510/1936)
[2025-11-17 19:17:09][INFO][Rank 0] - train Epoch 12/24: 26.9% (520/1936)
[2025-11-17 19:17:16][INFO][Rank 0] - train Epoch 12/24: 27.4% (530/1936)
[2025-11-17 19:17:24][INFO][Rank 0] - train Epoch 12/24: 27.9% (540/1936)
[2025-11-17 19:17:24][INFO][Rank 0] - CUDA Memory [train][Step 540]: Device 0: Allocated: 3309.6 MB, Reserved: 117540.0 MB (Δ: +1687.0 MB)
[2025-11-17 19:17:31][INFO][Rank 0] - train Epoch 12/24: 28.4% (550/1936)
[2025-11-17 19:17:38][INFO][Rank 0] - train Epoch 12/24: 28.9% (560/1936)
[2025-11-17 19:17:45][INFO][Rank 0] - train Epoch 12/24: 29.4% (570/1936)
[2025-11-17 19:17:52][INFO][Rank 0] - train Epoch 12/24: 30.0% (580/1936)
[2025-11-17 19:17:59][INFO][Rank 0] - train Epoch 12/24: 30.5% (590/1936)
[2025-11-17 19:18:06][INFO][Rank 0] - train Epoch 12/24: 31.0% (600/1936)
[2025-11-17 19:18:13][INFO][Rank 0] - train Epoch 12/24: 31.5% (610/1936)
[2025-11-17 19:18:20][INFO][Rank 0] - train Epoch 12/24: 32.0% (620/1936)
[2025-11-17 19:18:27][INFO][Rank 0] - train Epoch 12/24: 32.5% (630/1936)
[2025-11-17 19:18:28][INFO][Rank 0] - CUDA Memory [train][Step 630]: Device 0: Allocated: 3309.6 MB, Reserved: 117540.0 MB (Δ: +1687.0 MB)
[2025-11-17 19:18:34][INFO][Rank 0] - train Epoch 12/24: 33.1% (640/1936)
[2025-11-17 19:18:41][INFO][Rank 0] - train Epoch 12/24: 33.6% (650/1936)
[2025-11-17 19:18:48][INFO][Rank 0] - train Epoch 12/24: 34.1% (660/1936)
[2025-11-17 19:18:55][INFO][Rank 0] - train Epoch 12/24: 34.6% (670/1936)
[2025-11-17 19:19:02][INFO][Rank 0] - train Epoch 12/24: 35.1% (680/1936)
[2025-11-17 19:19:09][INFO][Rank 0] - train Epoch 12/24: 35.6% (690/1936)
[2025-11-17 19:19:16][INFO][Rank 0] - train Epoch 12/24: 36.2% (700/1936)
[2025-11-17 19:19:23][INFO][Rank 0] - train Epoch 12/24: 36.7% (710/1936)
[2025-11-17 19:19:30][INFO][Rank 0] - train Epoch 12/24: 37.2% (720/1936)
[2025-11-17 19:19:31][INFO][Rank 0] - CUDA Memory [train][Step 720]: Device 0: Allocated: 3309.6 MB, Reserved: 117540.0 MB (Δ: +1687.0 MB)
[2025-11-17 19:19:37][INFO][Rank 0] - train Epoch 12/24: 37.7% (730/1936)
[2025-11-17 19:19:45][INFO][Rank 0] - train Epoch 12/24: 38.2% (740/1936)
[2025-11-17 19:19:52][INFO][Rank 0] - train Epoch 12/24: 38.7% (750/1936)
[2025-11-17 19:19:59][INFO][Rank 0] - train Epoch 12/24: 39.3% (760/1936)
[2025-11-17 19:20:06][INFO][Rank 0] - train Epoch 12/24: 39.8% (770/1936)
[2025-11-17 19:20:13][INFO][Rank 0] - train Epoch 12/24: 40.3% (780/1936)
[2025-11-17 19:20:20][INFO][Rank 0] - train Epoch 12/24: 40.8% (790/1936)
[2025-11-17 19:20:27][INFO][Rank 0] - train Epoch 12/24: 41.3% (800/1936)
[2025-11-17 19:20:34][INFO][Rank 0] - train Epoch 12/24: 41.8% (810/1936)
[2025-11-17 19:20:35][INFO][Rank 0] - CUDA Memory [train][Step 810]: Device 0: Allocated: 3309.6 MB, Reserved: 117540.0 MB (Δ: +1687.0 MB)
[2025-11-17 19:20:41][INFO][Rank 0] - train Epoch 12/24: 42.4% (820/1936)
[2025-11-17 19:20:48][INFO][Rank 0] - train Epoch 12/24: 42.9% (830/1936)
[2025-11-17 19:20:55][INFO][Rank 0] - train Epoch 12/24: 43.4% (840/1936)
[2025-11-17 19:21:02][INFO][Rank 0] - train Epoch 12/24: 43.9% (850/1936)
[2025-11-17 19:21:09][INFO][Rank 0] - train Epoch 12/24: 44.4% (860/1936)
[2025-11-17 19:21:16][INFO][Rank 0] - train Epoch 12/24: 44.9% (870/1936)
[2025-11-17 19:21:23][INFO][Rank 0] - train Epoch 12/24: 45.5% (880/1936)
[2025-11-17 19:21:30][INFO][Rank 0] - train Epoch 12/24: 46.0% (890/1936)
[2025-11-17 19:21:37][INFO][Rank 0] - train Epoch 12/24: 46.5% (900/1936)
[2025-11-17 19:21:38][INFO][Rank 0] - CUDA Memory [train][Step 900]: Device 0: Allocated: 3309.6 MB, Reserved: 117540.0 MB (Δ: +1687.0 MB)
[2025-11-17 19:21:44][INFO][Rank 0] - train Epoch 12/24: 47.0% (910/1936)
[2025-11-17 19:21:51][INFO][Rank 0] - train Epoch 12/24: 47.5% (920/1936)
[2025-11-17 19:21:58][INFO][Rank 0] - train Epoch 12/24: 48.0% (930/1936)
[2025-11-17 19:22:06][INFO][Rank 0] - train Epoch 12/24: 48.6% (940/1936)
[2025-11-17 19:22:13][INFO][Rank 0] - train Epoch 12/24: 49.1% (950/1936)
[2025-11-17 19:22:20][INFO][Rank 0] - train Epoch 12/24: 49.6% (960/1936)
[2025-11-17 19:22:27][INFO][Rank 0] - train Epoch 12/24: 50.1% (970/1936)
[2025-11-17 19:22:34][INFO][Rank 0] - train Epoch 12/24: 50.6% (980/1936)
[2025-11-17 19:22:41][INFO][Rank 0] - train Epoch 12/24: 51.1% (990/1936)
[2025-11-17 19:22:41][INFO][Rank 0] - CUDA Memory [train][Step 990]: Device 0: Allocated: 3309.6 MB, Reserved: 117540.0 MB (Δ: +1687.0 MB)
[2025-11-17 19:22:48][INFO][Rank 0] - train Epoch 12/24: 51.7% (1000/1936)
[2025-11-17 19:22:55][INFO][Rank 0] - train Epoch 12/24: 52.2% (1010/1936)
[2025-11-17 19:23:02][INFO][Rank 0] - train Epoch 12/24: 52.7% (1020/1936)
[2025-11-17 19:23:09][INFO][Rank 0] - train Epoch 12/24: 53.2% (1030/1936)
[2025-11-17 19:23:16][INFO][Rank 0] - train Epoch 12/24: 53.7% (1040/1936)
[2025-11-17 19:23:23][INFO][Rank 0] - train Epoch 12/24: 54.2% (1050/1936)
[2025-11-17 19:23:30][INFO][Rank 0] - train Epoch 12/24: 54.8% (1060/1936)
[2025-11-17 19:23:37][INFO][Rank 0] - train Epoch 12/24: 55.3% (1070/1936)
[2025-11-17 19:23:44][INFO][Rank 0] - train Epoch 12/24: 55.8% (1080/1936)
[2025-11-17 19:23:45][INFO][Rank 0] - CUDA Memory [train][Step 1080]: Device 0: Allocated: 3309.6 MB, Reserved: 117540.0 MB (Δ: +1687.0 MB)
[2025-11-17 19:23:51][INFO][Rank 0] - train Epoch 12/24: 56.3% (1090/1936)
[2025-11-17 19:23:58][INFO][Rank 0] - train Epoch 12/24: 56.8% (1100/1936)
[2025-11-17 19:24:05][INFO][Rank 0] - train Epoch 12/24: 57.3% (1110/1936)
[2025-11-17 19:24:12][INFO][Rank 0] - train Epoch 12/24: 57.9% (1120/1936)
[2025-11-17 19:24:19][INFO][Rank 0] - train Epoch 12/24: 58.4% (1130/1936)
[2025-11-17 19:24:26][INFO][Rank 0] - train Epoch 12/24: 58.9% (1140/1936)
[2025-11-17 19:24:34][INFO][Rank 0] - train Epoch 12/24: 59.4% (1150/1936)
[2025-11-17 19:24:41][INFO][Rank 0] - train Epoch 12/24: 59.9% (1160/1936)
[2025-11-17 19:24:48][INFO][Rank 0] - train Epoch 12/24: 60.4% (1170/1936)
[2025-11-17 19:24:48][INFO][Rank 0] - CUDA Memory [train][Step 1170]: Device 0: Allocated: 3309.6 MB, Reserved: 117540.0 MB (Δ: +1687.0 MB)
[2025-11-17 19:24:55][INFO][Rank 0] - train Epoch 12/24: 61.0% (1180/1936)
[2025-11-17 19:25:02][INFO][Rank 0] - train Epoch 12/24: 61.5% (1190/1936)
[2025-11-17 19:25:09][INFO][Rank 0] - train Epoch 12/24: 62.0% (1200/1936)
[2025-11-17 19:25:16][INFO][Rank 0] - train Epoch 12/24: 62.5% (1210/1936)
[2025-11-17 19:25:23][INFO][Rank 0] - train Epoch 12/24: 63.0% (1220/1936)
[2025-11-17 19:25:30][INFO][Rank 0] - train Epoch 12/24: 63.5% (1230/1936)
[2025-11-17 19:25:37][INFO][Rank 0] - train Epoch 12/24: 64.0% (1240/1936)
[2025-11-17 19:25:44][INFO][Rank 0] - train Epoch 12/24: 64.6% (1250/1936)
[2025-11-17 19:25:51][INFO][Rank 0] - train Epoch 12/24: 65.1% (1260/1936)
[2025-11-17 19:25:52][INFO][Rank 0] - CUDA Memory [train][Step 1260]: Device 0: Allocated: 3309.6 MB, Reserved: 117540.0 MB (Δ: +1687.0 MB)
[2025-11-17 19:25:58][INFO][Rank 0] - train Epoch 12/24: 65.6% (1270/1936)
[2025-11-17 19:26:05][INFO][Rank 0] - train Epoch 12/24: 66.1% (1280/1936)
[2025-11-17 19:26:12][INFO][Rank 0] - train Epoch 12/24: 66.6% (1290/1936)
[2025-11-17 19:26:19][INFO][Rank 0] - train Epoch 12/24: 67.1% (1300/1936)
[2025-11-17 19:26:26][INFO][Rank 0] - train Epoch 12/24: 67.7% (1310/1936)
[2025-11-17 19:26:33][INFO][Rank 0] - train Epoch 12/24: 68.2% (1320/1936)
[2025-11-17 19:26:40][INFO][Rank 0] - train Epoch 12/24: 68.7% (1330/1936)
[2025-11-17 19:26:47][INFO][Rank 0] - train Epoch 12/24: 69.2% (1340/1936)
[2025-11-17 19:26:54][INFO][Rank 0] - train Epoch 12/24: 69.7% (1350/1936)
[2025-11-17 19:26:55][INFO][Rank 0] - CUDA Memory [train][Step 1350]: Device 0: Allocated: 3309.6 MB, Reserved: 117540.0 MB (Δ: +1687.0 MB)
[2025-11-17 19:27:02][INFO][Rank 0] - train Epoch 12/24: 70.2% (1360/1936)
[2025-11-17 19:27:09][INFO][Rank 0] - train Epoch 12/24: 70.8% (1370/1936)
[2025-11-17 19:27:16][INFO][Rank 0] - train Epoch 12/24: 71.3% (1380/1936)
[2025-11-17 19:27:23][INFO][Rank 0] - train Epoch 12/24: 71.8% (1390/1936)
[2025-11-17 19:27:30][INFO][Rank 0] - train Epoch 12/24: 72.3% (1400/1936)
[2025-11-17 19:27:37][INFO][Rank 0] - train Epoch 12/24: 72.8% (1410/1936)
[2025-11-17 19:27:44][INFO][Rank 0] - train Epoch 12/24: 73.3% (1420/1936)
[2025-11-17 19:27:51][INFO][Rank 0] - train Epoch 12/24: 73.9% (1430/1936)
[2025-11-17 19:27:58][INFO][Rank 0] - train Epoch 12/24: 74.4% (1440/1936)
[2025-11-17 19:27:59][INFO][Rank 0] - CUDA Memory [train][Step 1440]: Device 0: Allocated: 3309.6 MB, Reserved: 117540.0 MB (Δ: +1687.0 MB)
[2025-11-17 19:28:05][INFO][Rank 0] - train Epoch 12/24: 74.9% (1450/1936)
[2025-11-17 19:28:12][INFO][Rank 0] - train Epoch 12/24: 75.4% (1460/1936)
[2025-11-17 19:28:19][INFO][Rank 0] - train Epoch 12/24: 75.9% (1470/1936)
[2025-11-17 19:28:26][INFO][Rank 0] - train Epoch 12/24: 76.4% (1480/1936)
[2025-11-17 19:28:33][INFO][Rank 0] - train Epoch 12/24: 77.0% (1490/1936)
[2025-11-17 19:28:40][INFO][Rank 0] - train Epoch 12/24: 77.5% (1500/1936)
[2025-11-17 19:28:47][INFO][Rank 0] - train Epoch 12/24: 78.0% (1510/1936)
[2025-11-17 19:28:54][INFO][Rank 0] - train Epoch 12/24: 78.5% (1520/1936)
[2025-11-17 19:29:01][INFO][Rank 0] - train Epoch 12/24: 79.0% (1530/1936)
[2025-11-17 19:29:02][INFO][Rank 0] - CUDA Memory [train][Step 1530]: Device 0: Allocated: 3309.6 MB, Reserved: 117540.0 MB (Δ: +1687.0 MB)
[2025-11-17 19:29:08][INFO][Rank 0] - train Epoch 12/24: 79.5% (1540/1936)
[2025-11-17 19:29:15][INFO][Rank 0] - train Epoch 12/24: 80.1% (1550/1936)
[2025-11-17 19:29:22][INFO][Rank 0] - train Epoch 12/24: 80.6% (1560/1936)
[2025-11-17 19:29:30][INFO][Rank 0] - train Epoch 12/24: 81.1% (1570/1936)
[2025-11-17 19:29:37][INFO][Rank 0] - train Epoch 12/24: 81.6% (1580/1936)
[2025-11-17 19:29:44][INFO][Rank 0] - train Epoch 12/24: 82.1% (1590/1936)
[2025-11-17 19:29:51][INFO][Rank 0] - train Epoch 12/24: 82.6% (1600/1936)
[2025-11-17 19:29:58][INFO][Rank 0] - train Epoch 12/24: 83.2% (1610/1936)
[2025-11-17 19:30:05][INFO][Rank 0] - train Epoch 12/24: 83.7% (1620/1936)
[2025-11-17 19:30:05][INFO][Rank 0] - CUDA Memory [train][Step 1620]: Device 0: Allocated: 3309.6 MB, Reserved: 117540.0 MB (Δ: +1687.0 MB)
[2025-11-17 19:30:12][INFO][Rank 0] - train Epoch 12/24: 84.2% (1630/1936)
[2025-11-17 19:30:19][INFO][Rank 0] - train Epoch 12/24: 84.7% (1640/1936)
[2025-11-17 19:30:26][INFO][Rank 0] - train Epoch 12/24: 85.2% (1650/1936)
[2025-11-17 19:30:33][INFO][Rank 0] - train Epoch 12/24: 85.7% (1660/1936)
[2025-11-17 19:30:40][INFO][Rank 0] - train Epoch 12/24: 86.3% (1670/1936)
[2025-11-17 19:30:47][INFO][Rank 0] - train Epoch 12/24: 86.8% (1680/1936)
[2025-11-17 19:30:54][INFO][Rank 0] - train Epoch 12/24: 87.3% (1690/1936)
[2025-11-17 19:31:01][INFO][Rank 0] - train Epoch 12/24: 87.8% (1700/1936)
[2025-11-17 19:31:08][INFO][Rank 0] - train Epoch 12/24: 88.3% (1710/1936)
[2025-11-17 19:31:09][INFO][Rank 0] - CUDA Memory [train][Step 1710]: Device 0: Allocated: 3309.6 MB, Reserved: 117540.0 MB (Δ: +1687.0 MB)
[2025-11-17 19:31:15][INFO][Rank 0] - train Epoch 12/24: 88.8% (1720/1936)
[2025-11-17 19:31:22][INFO][Rank 0] - train Epoch 12/24: 89.4% (1730/1936)
[2025-11-17 19:31:29][INFO][Rank 0] - train Epoch 12/24: 89.9% (1740/1936)
[2025-11-17 19:31:36][INFO][Rank 0] - train Epoch 12/24: 90.4% (1750/1936)
[2025-11-17 19:31:43][INFO][Rank 0] - train Epoch 12/24: 90.9% (1760/1936)
[2025-11-17 19:31:50][INFO][Rank 0] - train Epoch 12/24: 91.4% (1770/1936)
[2025-11-17 19:31:58][INFO][Rank 0] - train Epoch 12/24: 91.9% (1780/1936)
[2025-11-17 19:32:05][INFO][Rank 0] - train Epoch 12/24: 92.5% (1790/1936)
[2025-11-17 19:32:12][INFO][Rank 0] - train Epoch 12/24: 93.0% (1800/1936)
[2025-11-17 19:32:12][INFO][Rank 0] - CUDA Memory [train][Step 1800]: Device 0: Allocated: 3309.6 MB, Reserved: 117540.0 MB (Δ: +1687.0 MB)
[2025-11-17 19:32:19][INFO][Rank 0] - train Epoch 12/24: 93.5% (1810/1936)
[2025-11-17 19:32:26][INFO][Rank 0] - train Epoch 12/24: 94.0% (1820/1936)
[2025-11-17 19:32:33][INFO][Rank 0] - train Epoch 12/24: 94.5% (1830/1936)
[2025-11-17 19:32:40][INFO][Rank 0] - train Epoch 12/24: 95.0% (1840/1936)
[2025-11-17 19:32:47][INFO][Rank 0] - train Epoch 12/24: 95.6% (1850/1936)
[2025-11-17 19:32:54][INFO][Rank 0] - train Epoch 12/24: 96.1% (1860/1936)
[2025-11-17 19:33:01][INFO][Rank 0] - train Epoch 12/24: 96.6% (1870/1936)
[2025-11-17 19:33:08][INFO][Rank 0] - train Epoch 12/24: 97.1% (1880/1936)
[2025-11-17 19:33:15][INFO][Rank 0] - train Epoch 12/24: 97.6% (1890/1936)
[2025-11-17 19:33:16][INFO][Rank 0] - CUDA Memory [train][Step 1890]: Device 0: Allocated: 3309.6 MB, Reserved: 117540.0 MB (Δ: +1687.0 MB)
[2025-11-17 19:33:22][INFO][Rank 0] - train Epoch 12/24: 98.1% (1900/1936)
[2025-11-17 19:33:29][INFO][Rank 0] - train Epoch 12/24: 98.7% (1910/1936)
[2025-11-17 19:33:36][INFO][Rank 0] - train Epoch 12/24: 99.2% (1920/1936)
[2025-11-17 19:33:43][INFO][Rank 0] - train Epoch 12/24: 99.7% (1930/1936)
[2025-11-17 19:33:47][INFO][Rank 0] - train Epoch 12/24: 99.9% (1935/1936)
[2025-11-17 19:33:47][INFO][Rank 0] - train Loss: 0.1547 Acc: 0.9746 F1: 0.9868
[2025-11-17 19:33:47][INFO][Rank 0] - train Balanced Acc: 0.8997 AUC-ROC: 0.9700
[2025-11-17 19:33:47][INFO][Rank 0] - train Sensitivity: 0.9787 Specificity: 0.8207
[2025-11-17 19:33:47][INFO][Rank 0] - train Confusion Matrix: TP=18456, FP=90, FN=402, TN=412
[2025-11-17 19:33:47][INFO][Rank 0] - train completed in 1365.14s
[2025-11-17 19:33:47][INFO][Rank 0] - Data loading time: 1.16s, Forward time: 277.98s, Backward time: 739.43s
[2025-11-17 19:33:47][INFO][Rank 0] - train cache: 0/1 items, hit rate: 0.00%
[2025-11-17 19:33:47][INFO][Rank 0] - CUDA Memory [val][Step 0]: Device 0: Allocated: 3309.6 MB, Reserved: 117540.0 MB (Δ: +1687.0 MB)
[2025-11-17 19:33:47][INFO][Rank 0] - val phase: total 418 batches
[2025-11-17 19:33:48][INFO][Rank 0] - val Epoch 12/24: 0.0% (0/418)
[2025-11-17 19:33:53][INFO][Rank 0] - val Epoch 12/24: 2.4% (10/418)
[2025-11-17 19:33:58][INFO][Rank 0] - val Epoch 12/24: 4.8% (20/418)
[2025-11-17 19:34:03][INFO][Rank 0] - val Epoch 12/24: 7.2% (30/418)
[2025-11-17 19:34:08][INFO][Rank 0] - val Epoch 12/24: 9.6% (40/418)
[2025-11-17 19:34:13][INFO][Rank 0] - val Epoch 12/24: 12.0% (50/418)
[2025-11-17 19:34:18][INFO][Rank 0] - val Epoch 12/24: 14.4% (60/418)
[2025-11-17 19:34:23][INFO][Rank 0] - val Epoch 12/24: 16.7% (70/418)
[2025-11-17 19:34:28][INFO][Rank 0] - val Epoch 12/24: 19.1% (80/418)
[2025-11-17 19:34:33][INFO][Rank 0] - val Epoch 12/24: 21.5% (90/418)
[2025-11-17 19:34:38][INFO][Rank 0] - val Epoch 12/24: 23.9% (100/418)
[2025-11-17 19:34:43][INFO][Rank 0] - val Epoch 12/24: 26.3% (110/418)
[2025-11-17 19:34:48][INFO][Rank 0] - val Epoch 12/24: 28.7% (120/418)
[2025-11-17 19:34:48][INFO][Rank 0] - CUDA Memory [val][Step 120]: Device 0: Allocated: 3309.6 MB, Reserved: 117540.0 MB (Δ: +1687.0 MB)
[2025-11-17 19:34:53][INFO][Rank 0] - val Epoch 12/24: 31.1% (130/418)
[2025-11-17 19:34:58][INFO][Rank 0] - val Epoch 12/24: 33.5% (140/418)
[2025-11-17 19:35:03][INFO][Rank 0] - val Epoch 12/24: 35.9% (150/418)
[2025-11-17 19:35:08][INFO][Rank 0] - val Epoch 12/24: 38.3% (160/418)
[2025-11-17 19:35:13][INFO][Rank 0] - val Epoch 12/24: 40.7% (170/418)
[2025-11-17 19:35:18][INFO][Rank 0] - val Epoch 12/24: 43.1% (180/418)
[2025-11-17 19:35:23][INFO][Rank 0] - val Epoch 12/24: 45.5% (190/418)
[2025-11-17 19:35:28][INFO][Rank 0] - val Epoch 12/24: 47.8% (200/418)
[2025-11-17 19:35:32][INFO][Rank 0] - val Epoch 12/24: 50.2% (210/418)
[2025-11-17 19:35:37][INFO][Rank 0] - val Epoch 12/24: 52.6% (220/418)
[2025-11-17 19:35:42][INFO][Rank 0] - val Epoch 12/24: 55.0% (230/418)
[2025-11-17 19:35:47][INFO][Rank 0] - val Epoch 12/24: 57.4% (240/418)
[2025-11-17 19:35:52][INFO][Rank 0] - val Epoch 12/24: 59.8% (250/418)
[2025-11-17 19:35:57][INFO][Rank 0] - val Epoch 12/24: 62.2% (260/418)
[2025-11-17 19:36:02][INFO][Rank 0] - val Epoch 12/24: 64.6% (270/418)
[2025-11-17 19:36:03][INFO][Rank 0] - CUDA Memory [val][Step 270]: Device 0: Allocated: 3309.6 MB, Reserved: 117540.0 MB (Δ: +1687.0 MB)
[2025-11-17 19:36:07][INFO][Rank 0] - val Epoch 12/24: 67.0% (280/418)
[2025-11-17 19:36:12][INFO][Rank 0] - val Epoch 12/24: 69.4% (290/418)
[2025-11-17 19:36:17][INFO][Rank 0] - val Epoch 12/24: 71.8% (300/418)
[2025-11-17 19:36:22][INFO][Rank 0] - val Epoch 12/24: 74.2% (310/418)
[2025-11-17 19:36:27][INFO][Rank 0] - val Epoch 12/24: 76.6% (320/418)
[2025-11-17 19:36:32][INFO][Rank 0] - val Epoch 12/24: 78.9% (330/418)
[2025-11-17 19:36:37][INFO][Rank 0] - val Epoch 12/24: 81.3% (340/418)
[2025-11-17 19:36:42][INFO][Rank 0] - val Epoch 12/24: 83.7% (350/418)
[2025-11-17 19:36:47][INFO][Rank 0] - val Epoch 12/24: 86.1% (360/418)
[2025-11-17 19:36:52][INFO][Rank 0] - val Epoch 12/24: 88.5% (370/418)
[2025-11-17 19:36:57][INFO][Rank 0] - val Epoch 12/24: 90.9% (380/418)
[2025-11-17 19:37:02][INFO][Rank 0] - val Epoch 12/24: 93.3% (390/418)
[2025-11-17 19:37:07][INFO][Rank 0] - val Epoch 12/24: 95.7% (400/418)
[2025-11-17 19:37:12][INFO][Rank 0] - val Epoch 12/24: 98.1% (410/418)
[2025-11-17 19:37:16][INFO][Rank 0] - val Epoch 12/24: 99.8% (417/418)
[2025-11-17 19:37:16][INFO][Rank 0] - val Loss: 0.1100 Acc: 0.9708 F1: 0.9849
[2025-11-17 19:37:16][INFO][Rank 0] - val Balanced Acc: 0.8775 AUC-ROC: 0.9810
[2025-11-17 19:37:16][INFO][Rank 0] - val Sensitivity: 0.9761 Specificity: 0.7788
[2025-11-17 19:37:16][INFO][Rank 0] - val Confusion Matrix: TP=3970, FP=25, FN=97, TN=88
[2025-11-17 19:37:16][INFO][Rank 0] - val completed in 208.82s
[2025-11-17 19:37:16][INFO][Rank 0] - val cache: 0/1 items, hit rate: 0.00%
[2025-11-17 19:37:21][INFO][Rank 0] - Saved new best auc model with auc: 0.9810 at /projects/retprogression/rgarridogarcia/checkpoints/cropped1024_cropped_centered_wt_allR_4/best_auc_model.pth
[2025-11-17 19:37:24][INFO][Rank 0] - Saved epoch checkpoint at /projects/retprogression/rgarridogarcia/checkpoints/cropped1024_cropped_centered_wt_allR_4/epoch_12.pth
[2025-11-17 19:37:24][INFO][Rank 0] - Epoch 12 summary:
[2025-11-17 19:37:24][INFO][Rank 0] -  Train Loss: 0.1547, Train Acc: 0.9746, Train F1: 0.9868
[2025-11-17 19:37:24][INFO][Rank 0] -  Train Balanced Acc: 0.8997, Train AUC: 0.9700
[2025-11-17 19:37:24][INFO][Rank 0] -  Train Sensitivity: 0.9787, Train Specificity: 0.8207
[2025-11-17 19:37:24][INFO][Rank 0] -  Val Loss: 0.1100, Val Acc: 0.9708, Val F1: 0.9849
[2025-11-17 19:37:24][INFO][Rank 0] -  Val Balanced Acc: 0.8775, Val AUC: 0.9810
[2025-11-17 19:37:24][INFO][Rank 0] -  Val Sensitivity: 0.9761, Val Specificity: 0.7788
[2025-11-17 19:37:24][INFO][Rank 0] -  Total Epoch Time: 1581.99s
[2025-11-17 19:37:24][INFO][Rank 0] - Epoch 13/24
[2025-11-17 19:37:24][INFO][Rank 0] - ----------
[2025-11-17 19:37:24][INFO][Rank 0] - CUDA Memory [train][Step 0]: Device 0: Allocated: 3309.6 MB, Reserved: 117540.0 MB (Δ: +1687.0 MB)
[2025-11-17 19:37:24][INFO][Rank 0] - train phase: total 1936 batches
[2025-11-17 19:37:25][INFO][Rank 0] - train Epoch 13/24: 0.0% (0/1936)
[2025-11-17 19:37:32][INFO][Rank 0] - train Epoch 13/24: 0.5% (10/1936)
[2025-11-17 19:37:39][INFO][Rank 0] - train Epoch 13/24: 1.0% (20/1936)
[2025-11-17 19:37:46][INFO][Rank 0] - train Epoch 13/24: 1.5% (30/1936)
[2025-11-17 19:37:53][INFO][Rank 0] - train Epoch 13/24: 2.1% (40/1936)
[2025-11-17 19:38:00][INFO][Rank 0] - train Epoch 13/24: 2.6% (50/1936)
[2025-11-17 19:38:07][INFO][Rank 0] - train Epoch 13/24: 3.1% (60/1936)
[2025-11-17 19:38:14][INFO][Rank 0] - train Epoch 13/24: 3.6% (70/1936)
[2025-11-17 19:38:21][INFO][Rank 0] - train Epoch 13/24: 4.1% (80/1936)
[2025-11-17 19:38:28][INFO][Rank 0] - train Epoch 13/24: 4.6% (90/1936)
[2025-11-17 19:38:29][INFO][Rank 0] - CUDA Memory [train][Step 90]: Device 0: Allocated: 3309.6 MB, Reserved: 117540.0 MB (Δ: +1687.0 MB)
[2025-11-17 19:38:35][INFO][Rank 0] - train Epoch 13/24: 5.2% (100/1936)
[2025-11-17 19:38:42][INFO][Rank 0] - train Epoch 13/24: 5.7% (110/1936)
[2025-11-17 19:38:49][INFO][Rank 0] - train Epoch 13/24: 6.2% (120/1936)
[2025-11-17 19:38:56][INFO][Rank 0] - train Epoch 13/24: 6.7% (130/1936)
[2025-11-17 19:39:03][INFO][Rank 0] - train Epoch 13/24: 7.2% (140/1936)
[2025-11-17 19:39:10][INFO][Rank 0] - train Epoch 13/24: 7.7% (150/1936)
[2025-11-17 19:39:17][INFO][Rank 0] - train Epoch 13/24: 8.3% (160/1936)
[2025-11-17 19:39:24][INFO][Rank 0] - train Epoch 13/24: 8.8% (170/1936)
[2025-11-17 19:39:32][INFO][Rank 0] - train Epoch 13/24: 9.3% (180/1936)
[2025-11-17 19:39:32][INFO][Rank 0] - CUDA Memory [train][Step 180]: Device 0: Allocated: 3309.6 MB, Reserved: 117540.0 MB (Δ: +1687.0 MB)
[2025-11-17 19:39:39][INFO][Rank 0] - train Epoch 13/24: 9.8% (190/1936)
[2025-11-17 19:39:46][INFO][Rank 0] - train Epoch 13/24: 10.3% (200/1936)
[2025-11-17 19:39:53][INFO][Rank 0] - train Epoch 13/24: 10.8% (210/1936)
[2025-11-17 19:40:00][INFO][Rank 0] - train Epoch 13/24: 11.4% (220/1936)
[2025-11-17 19:40:07][INFO][Rank 0] - train Epoch 13/24: 11.9% (230/1936)
[2025-11-17 19:40:14][INFO][Rank 0] - train Epoch 13/24: 12.4% (240/1936)
[2025-11-17 19:40:21][INFO][Rank 0] - train Epoch 13/24: 12.9% (250/1936)
[2025-11-17 19:40:28][INFO][Rank 0] - train Epoch 13/24: 13.4% (260/1936)
[2025-11-17 19:40:35][INFO][Rank 0] - train Epoch 13/24: 13.9% (270/1936)
[2025-11-17 19:40:36][INFO][Rank 0] - CUDA Memory [train][Step 270]: Device 0: Allocated: 3309.6 MB, Reserved: 117540.0 MB (Δ: +1687.0 MB)
[2025-11-17 19:40:42][INFO][Rank 0] - train Epoch 13/24: 14.5% (280/1936)
[2025-11-17 19:40:49][INFO][Rank 0] - train Epoch 13/24: 15.0% (290/1936)
[2025-11-17 19:40:56][INFO][Rank 0] - train Epoch 13/24: 15.5% (300/1936)
[2025-11-17 19:41:03][INFO][Rank 0] - train Epoch 13/24: 16.0% (310/1936)
[2025-11-17 19:41:10][INFO][Rank 0] - train Epoch 13/24: 16.5% (320/1936)
[2025-11-17 19:41:17][INFO][Rank 0] - train Epoch 13/24: 17.0% (330/1936)
[2025-11-17 19:41:24][INFO][Rank 0] - train Epoch 13/24: 17.6% (340/1936)
[2025-11-17 19:41:31][INFO][Rank 0] - train Epoch 13/24: 18.1% (350/1936)
[2025-11-17 19:41:38][INFO][Rank 0] - train Epoch 13/24: 18.6% (360/1936)
[2025-11-17 19:41:39][INFO][Rank 0] - CUDA Memory [train][Step 360]: Device 0: Allocated: 3309.6 MB, Reserved: 117540.0 MB (Δ: +1687.0 MB)
[2025-11-17 19:41:45][INFO][Rank 0] - train Epoch 13/24: 19.1% (370/1936)
[2025-11-17 19:41:52][INFO][Rank 0] - train Epoch 13/24: 19.6% (380/1936)
[2025-11-17 19:42:00][INFO][Rank 0] - train Epoch 13/24: 20.1% (390/1936)
[2025-11-17 19:42:07][INFO][Rank 0] - train Epoch 13/24: 20.7% (400/1936)
[2025-11-17 19:42:14][INFO][Rank 0] - train Epoch 13/24: 21.2% (410/1936)
[2025-11-17 19:42:21][INFO][Rank 0] - train Epoch 13/24: 21.7% (420/1936)
[2025-11-17 19:42:28][INFO][Rank 0] - train Epoch 13/24: 22.2% (430/1936)
[2025-11-17 19:42:35][INFO][Rank 0] - train Epoch 13/24: 22.7% (440/1936)
[2025-11-17 19:42:42][INFO][Rank 0] - train Epoch 13/24: 23.2% (450/1936)
[2025-11-17 19:42:42][INFO][Rank 0] - CUDA Memory [train][Step 450]: Device 0: Allocated: 3309.6 MB, Reserved: 117540.0 MB (Δ: +1687.0 MB)
[2025-11-17 19:42:49][INFO][Rank 0] - train Epoch 13/24: 23.8% (460/1936)
[2025-11-17 19:42:56][INFO][Rank 0] - train Epoch 13/24: 24.3% (470/1936)
[2025-11-17 19:43:03][INFO][Rank 0] - train Epoch 13/24: 24.8% (480/1936)
[2025-11-17 19:43:10][INFO][Rank 0] - train Epoch 13/24: 25.3% (490/1936)
[2025-11-17 19:43:17][INFO][Rank 0] - train Epoch 13/24: 25.8% (500/1936)
[2025-11-17 19:43:24][INFO][Rank 0] - train Epoch 13/24: 26.3% (510/1936)
[2025-11-17 19:43:31][INFO][Rank 0] - train Epoch 13/24: 26.9% (520/1936)
[2025-11-17 19:43:38][INFO][Rank 0] - train Epoch 13/24: 27.4% (530/1936)
[2025-11-17 19:43:45][INFO][Rank 0] - train Epoch 13/24: 27.9% (540/1936)
[2025-11-17 19:43:46][INFO][Rank 0] - CUDA Memory [train][Step 540]: Device 0: Allocated: 3309.6 MB, Reserved: 117540.0 MB (Δ: +1687.0 MB)
[2025-11-17 19:43:52][INFO][Rank 0] - train Epoch 13/24: 28.4% (550/1936)
[2025-11-17 19:43:59][INFO][Rank 0] - train Epoch 13/24: 28.9% (560/1936)
[2025-11-17 19:44:06][INFO][Rank 0] - train Epoch 13/24: 29.4% (570/1936)
[2025-11-17 19:44:13][INFO][Rank 0] - train Epoch 13/24: 30.0% (580/1936)
[2025-11-17 19:44:20][INFO][Rank 0] - train Epoch 13/24: 30.5% (590/1936)
[2025-11-17 19:44:27][INFO][Rank 0] - train Epoch 13/24: 31.0% (600/1936)
[2025-11-17 19:44:35][INFO][Rank 0] - train Epoch 13/24: 31.5% (610/1936)
[2025-11-17 19:44:42][INFO][Rank 0] - train Epoch 13/24: 32.0% (620/1936)
[2025-11-17 19:44:49][INFO][Rank 0] - train Epoch 13/24: 32.5% (630/1936)
[2025-11-17 19:44:49][INFO][Rank 0] - CUDA Memory [train][Step 630]: Device 0: Allocated: 3309.6 MB, Reserved: 117540.0 MB (Δ: +1687.0 MB)
[2025-11-17 19:44:56][INFO][Rank 0] - train Epoch 13/24: 33.1% (640/1936)
[2025-11-17 19:45:03][INFO][Rank 0] - train Epoch 13/24: 33.6% (650/1936)
[2025-11-17 19:45:10][INFO][Rank 0] - train Epoch 13/24: 34.1% (660/1936)
[2025-11-17 19:45:17][INFO][Rank 0] - train Epoch 13/24: 34.6% (670/1936)
[2025-11-17 19:45:24][INFO][Rank 0] - train Epoch 13/24: 35.1% (680/1936)
[2025-11-17 19:45:31][INFO][Rank 0] - train Epoch 13/24: 35.6% (690/1936)
[2025-11-17 19:45:38][INFO][Rank 0] - train Epoch 13/24: 36.2% (700/1936)
[2025-11-17 19:45:45][INFO][Rank 0] - train Epoch 13/24: 36.7% (710/1936)
[2025-11-17 19:45:52][INFO][Rank 0] - train Epoch 13/24: 37.2% (720/1936)
[2025-11-17 19:45:53][INFO][Rank 0] - CUDA Memory [train][Step 720]: Device 0: Allocated: 3309.6 MB, Reserved: 117540.0 MB (Δ: +1687.0 MB)
[2025-11-17 19:45:59][INFO][Rank 0] - train Epoch 13/24: 37.7% (730/1936)
[2025-11-17 19:46:06][INFO][Rank 0] - train Epoch 13/24: 38.2% (740/1936)
[2025-11-17 19:46:13][INFO][Rank 0] - train Epoch 13/24: 38.7% (750/1936)
[2025-11-17 19:46:20][INFO][Rank 0] - train Epoch 13/24: 39.3% (760/1936)
[2025-11-17 19:46:27][INFO][Rank 0] - train Epoch 13/24: 39.8% (770/1936)
[2025-11-17 19:46:34][INFO][Rank 0] - train Epoch 13/24: 40.3% (780/1936)
[2025-11-17 19:46:41][INFO][Rank 0] - train Epoch 13/24: 40.8% (790/1936)
[2025-11-17 19:46:48][INFO][Rank 0] - train Epoch 13/24: 41.3% (800/1936)
[2025-11-17 19:46:55][INFO][Rank 0] - train Epoch 13/24: 41.8% (810/1936)
[2025-11-17 19:46:56][INFO][Rank 0] - CUDA Memory [train][Step 810]: Device 0: Allocated: 3309.6 MB, Reserved: 117540.0 MB (Δ: +1687.0 MB)
[2025-11-17 19:47:03][INFO][Rank 0] - train Epoch 13/24: 42.4% (820/1936)
[2025-11-17 19:47:10][INFO][Rank 0] - train Epoch 13/24: 42.9% (830/1936)
[2025-11-17 19:47:17][INFO][Rank 0] - train Epoch 13/24: 43.4% (840/1936)
[2025-11-17 19:47:24][INFO][Rank 0] - train Epoch 13/24: 43.9% (850/1936)
[2025-11-17 19:47:31][INFO][Rank 0] - train Epoch 13/24: 44.4% (860/1936)
[2025-11-17 19:47:38][INFO][Rank 0] - train Epoch 13/24: 44.9% (870/1936)
[2025-11-17 19:47:45][INFO][Rank 0] - train Epoch 13/24: 45.5% (880/1936)
[2025-11-17 19:47:52][INFO][Rank 0] - train Epoch 13/24: 46.0% (890/1936)
[2025-11-17 19:47:59][INFO][Rank 0] - train Epoch 13/24: 46.5% (900/1936)
[2025-11-17 19:48:00][INFO][Rank 0] - CUDA Memory [train][Step 900]: Device 0: Allocated: 3309.6 MB, Reserved: 117540.0 MB (Δ: +1687.0 MB)
[2025-11-17 19:48:06][INFO][Rank 0] - train Epoch 13/24: 47.0% (910/1936)
[2025-11-17 19:48:13][INFO][Rank 0] - train Epoch 13/24: 47.5% (920/1936)
[2025-11-17 19:48:20][INFO][Rank 0] - train Epoch 13/24: 48.0% (930/1936)
[2025-11-17 19:48:27][INFO][Rank 0] - train Epoch 13/24: 48.6% (940/1936)
[2025-11-17 19:48:34][INFO][Rank 0] - train Epoch 13/24: 49.1% (950/1936)
[2025-11-17 19:48:41][INFO][Rank 0] - train Epoch 13/24: 49.6% (960/1936)
[2025-11-17 19:48:48][INFO][Rank 0] - train Epoch 13/24: 50.1% (970/1936)
[2025-11-17 19:48:55][INFO][Rank 0] - train Epoch 13/24: 50.6% (980/1936)
[2025-11-17 19:49:02][INFO][Rank 0] - train Epoch 13/24: 51.1% (990/1936)
[2025-11-17 19:49:03][INFO][Rank 0] - CUDA Memory [train][Step 990]: Device 0: Allocated: 3309.6 MB, Reserved: 117540.0 MB (Δ: +1687.0 MB)
[2025-11-17 19:49:09][INFO][Rank 0] - train Epoch 13/24: 51.7% (1000/1936)
[2025-11-17 19:49:16][INFO][Rank 0] - train Epoch 13/24: 52.2% (1010/1936)
[2025-11-17 19:49:23][INFO][Rank 0] - train Epoch 13/24: 52.7% (1020/1936)
[2025-11-17 19:49:31][INFO][Rank 0] - train Epoch 13/24: 53.2% (1030/1936)
[2025-11-17 19:49:38][INFO][Rank 0] - train Epoch 13/24: 53.7% (1040/1936)
[2025-11-17 19:49:45][INFO][Rank 0] - train Epoch 13/24: 54.2% (1050/1936)
[2025-11-17 19:49:52][INFO][Rank 0] - train Epoch 13/24: 54.8% (1060/1936)
[2025-11-17 19:49:59][INFO][Rank 0] - train Epoch 13/24: 55.3% (1070/1936)
[2025-11-17 19:50:06][INFO][Rank 0] - train Epoch 13/24: 55.8% (1080/1936)
[2025-11-17 19:50:06][INFO][Rank 0] - CUDA Memory [train][Step 1080]: Device 0: Allocated: 3309.6 MB, Reserved: 117540.0 MB (Δ: +1687.0 MB)
[2025-11-17 19:50:13][INFO][Rank 0] - train Epoch 13/24: 56.3% (1090/1936)
[2025-11-17 19:50:20][INFO][Rank 0] - train Epoch 13/24: 56.8% (1100/1936)
[2025-11-17 19:50:27][INFO][Rank 0] - train Epoch 13/24: 57.3% (1110/1936)
[2025-11-17 19:50:34][INFO][Rank 0] - train Epoch 13/24: 57.9% (1120/1936)
[2025-11-17 19:50:41][INFO][Rank 0] - train Epoch 13/24: 58.4% (1130/1936)
[2025-11-17 19:50:48][INFO][Rank 0] - train Epoch 13/24: 58.9% (1140/1936)
[2025-11-17 19:50:55][INFO][Rank 0] - train Epoch 13/24: 59.4% (1150/1936)
[2025-11-17 19:51:02][INFO][Rank 0] - train Epoch 13/24: 59.9% (1160/1936)
[2025-11-17 19:51:09][INFO][Rank 0] - train Epoch 13/24: 60.4% (1170/1936)
[2025-11-17 19:51:10][INFO][Rank 0] - CUDA Memory [train][Step 1170]: Device 0: Allocated: 3309.6 MB, Reserved: 117540.0 MB (Δ: +1687.0 MB)
[2025-11-17 19:51:16][INFO][Rank 0] - train Epoch 13/24: 61.0% (1180/1936)
[2025-11-17 19:51:23][INFO][Rank 0] - train Epoch 13/24: 61.5% (1190/1936)
[2025-11-17 19:51:30][INFO][Rank 0] - train Epoch 13/24: 62.0% (1200/1936)
[2025-11-17 19:51:37][INFO][Rank 0] - train Epoch 13/24: 62.5% (1210/1936)
[2025-11-17 19:51:44][INFO][Rank 0] - train Epoch 13/24: 63.0% (1220/1936)
[2025-11-17 19:51:52][INFO][Rank 0] - train Epoch 13/24: 63.5% (1230/1936)
[2025-11-17 19:51:59][INFO][Rank 0] - train Epoch 13/24: 64.0% (1240/1936)
[2025-11-17 19:52:06][INFO][Rank 0] - train Epoch 13/24: 64.6% (1250/1936)
[2025-11-17 19:52:13][INFO][Rank 0] - train Epoch 13/24: 65.1% (1260/1936)
[2025-11-17 19:52:13][INFO][Rank 0] - CUDA Memory [train][Step 1260]: Device 0: Allocated: 3309.6 MB, Reserved: 117540.0 MB (Δ: +1687.0 MB)
[2025-11-17 19:52:20][INFO][Rank 0] - train Epoch 13/24: 65.6% (1270/1936)
[2025-11-17 19:52:27][INFO][Rank 0] - train Epoch 13/24: 66.1% (1280/1936)
[2025-11-17 19:52:34][INFO][Rank 0] - train Epoch 13/24: 66.6% (1290/1936)
[2025-11-17 19:52:41][INFO][Rank 0] - train Epoch 13/24: 67.1% (1300/1936)
[2025-11-17 19:52:48][INFO][Rank 0] - train Epoch 13/24: 67.7% (1310/1936)
[2025-11-17 19:52:55][INFO][Rank 0] - train Epoch 13/24: 68.2% (1320/1936)
[2025-11-17 19:53:02][INFO][Rank 0] - train Epoch 13/24: 68.7% (1330/1936)
[2025-11-17 19:53:09][INFO][Rank 0] - train Epoch 13/24: 69.2% (1340/1936)
[2025-11-17 19:53:16][INFO][Rank 0] - train Epoch 13/24: 69.7% (1350/1936)
[2025-11-17 19:53:17][INFO][Rank 0] - CUDA Memory [train][Step 1350]: Device 0: Allocated: 3309.6 MB, Reserved: 117540.0 MB (Δ: +1687.0 MB)
[2025-11-17 19:53:23][INFO][Rank 0] - train Epoch 13/24: 70.2% (1360/1936)
[2025-11-17 19:53:30][INFO][Rank 0] - train Epoch 13/24: 70.8% (1370/1936)
[2025-11-17 19:53:37][INFO][Rank 0] - train Epoch 13/24: 71.3% (1380/1936)
[2025-11-17 19:53:44][INFO][Rank 0] - train Epoch 13/24: 71.8% (1390/1936)
[2025-11-17 19:53:51][INFO][Rank 0] - train Epoch 13/24: 72.3% (1400/1936)
[2025-11-17 19:53:58][INFO][Rank 0] - train Epoch 13/24: 72.8% (1410/1936)
[2025-11-17 19:54:05][INFO][Rank 0] - train Epoch 13/24: 73.3% (1420/1936)
[2025-11-17 19:54:12][INFO][Rank 0] - train Epoch 13/24: 73.9% (1430/1936)
[2025-11-17 19:54:20][INFO][Rank 0] - train Epoch 13/24: 74.4% (1440/1936)
[2025-11-17 19:54:20][INFO][Rank 0] - CUDA Memory [train][Step 1440]: Device 0: Allocated: 3309.6 MB, Reserved: 117540.0 MB (Δ: +1687.0 MB)
[2025-11-17 19:54:27][INFO][Rank 0] - train Epoch 13/24: 74.9% (1450/1936)
[2025-11-17 19:54:34][INFO][Rank 0] - train Epoch 13/24: 75.4% (1460/1936)
[2025-11-17 19:54:41][INFO][Rank 0] - train Epoch 13/24: 75.9% (1470/1936)
[2025-11-17 19:54:48][INFO][Rank 0] - train Epoch 13/24: 76.4% (1480/1936)
[2025-11-17 19:54:55][INFO][Rank 0] - train Epoch 13/24: 77.0% (1490/1936)
[2025-11-17 19:55:02][INFO][Rank 0] - train Epoch 13/24: 77.5% (1500/1936)
[2025-11-17 19:55:09][INFO][Rank 0] - train Epoch 13/24: 78.0% (1510/1936)
[2025-11-17 19:55:16][INFO][Rank 0] - train Epoch 13/24: 78.5% (1520/1936)
[2025-11-17 19:55:23][INFO][Rank 0] - train Epoch 13/24: 79.0% (1530/1936)
[2025-11-17 19:55:24][INFO][Rank 0] - CUDA Memory [train][Step 1530]: Device 0: Allocated: 3309.6 MB, Reserved: 117540.0 MB (Δ: +1687.0 MB)
[2025-11-17 19:55:30][INFO][Rank 0] - train Epoch 13/24: 79.5% (1540/1936)
[2025-11-17 19:55:37][INFO][Rank 0] - train Epoch 13/24: 80.1% (1550/1936)
[2025-11-17 19:55:44][INFO][Rank 0] - train Epoch 13/24: 80.6% (1560/1936)
[2025-11-17 19:55:51][INFO][Rank 0] - train Epoch 13/24: 81.1% (1570/1936)
[2025-11-17 19:55:58][INFO][Rank 0] - train Epoch 13/24: 81.6% (1580/1936)
[2025-11-17 19:56:05][INFO][Rank 0] - train Epoch 13/24: 82.1% (1590/1936)
[2025-11-17 19:56:12][INFO][Rank 0] - train Epoch 13/24: 82.6% (1600/1936)
[2025-11-17 19:56:19][INFO][Rank 0] - train Epoch 13/24: 83.2% (1610/1936)
[2025-11-17 19:56:26][INFO][Rank 0] - train Epoch 13/24: 83.7% (1620/1936)
[2025-11-17 19:56:27][INFO][Rank 0] - CUDA Memory [train][Step 1620]: Device 0: Allocated: 3309.6 MB, Reserved: 117540.0 MB (Δ: +1687.0 MB)
[2025-11-17 19:56:33][INFO][Rank 0] - train Epoch 13/24: 84.2% (1630/1936)
[2025-11-17 19:56:40][INFO][Rank 0] - train Epoch 13/24: 84.7% (1640/1936)
[2025-11-17 19:56:48][INFO][Rank 0] - train Epoch 13/24: 85.2% (1650/1936)
[2025-11-17 19:56:55][INFO][Rank 0] - train Epoch 13/24: 85.7% (1660/1936)
[2025-11-17 19:57:02][INFO][Rank 0] - train Epoch 13/24: 86.3% (1670/1936)
[2025-11-17 19:57:09][INFO][Rank 0] - train Epoch 13/24: 86.8% (1680/1936)
[2025-11-17 19:57:16][INFO][Rank 0] - train Epoch 13/24: 87.3% (1690/1936)
[2025-11-17 19:57:23][INFO][Rank 0] - train Epoch 13/24: 87.8% (1700/1936)
[2025-11-17 19:57:30][INFO][Rank 0] - train Epoch 13/24: 88.3% (1710/1936)
[2025-11-17 19:57:30][INFO][Rank 0] - CUDA Memory [train][Step 1710]: Device 0: Allocated: 3309.6 MB, Reserved: 117540.0 MB (Δ: +1687.0 MB)
[2025-11-17 19:57:37][INFO][Rank 0] - train Epoch 13/24: 88.8% (1720/1936)
[2025-11-17 19:57:44][INFO][Rank 0] - train Epoch 13/24: 89.4% (1730/1936)
[2025-11-17 19:57:51][INFO][Rank 0] - train Epoch 13/24: 89.9% (1740/1936)
[2025-11-17 19:57:58][INFO][Rank 0] - train Epoch 13/24: 90.4% (1750/1936)
[2025-11-17 19:58:05][INFO][Rank 0] - train Epoch 13/24: 90.9% (1760/1936)
[2025-11-17 19:58:12][INFO][Rank 0] - train Epoch 13/24: 91.4% (1770/1936)
[2025-11-17 19:58:19][INFO][Rank 0] - train Epoch 13/24: 91.9% (1780/1936)
[2025-11-17 19:58:26][INFO][Rank 0] - train Epoch 13/24: 92.5% (1790/1936)
[2025-11-17 19:58:33][INFO][Rank 0] - train Epoch 13/24: 93.0% (1800/1936)
[2025-11-17 19:58:34][INFO][Rank 0] - CUDA Memory [train][Step 1800]: Device 0: Allocated: 3309.6 MB, Reserved: 117540.0 MB (Δ: +1687.0 MB)
[2025-11-17 19:58:40][INFO][Rank 0] - train Epoch 13/24: 93.5% (1810/1936)
[2025-11-17 19:58:47][INFO][Rank 0] - train Epoch 13/24: 94.0% (1820/1936)
[2025-11-17 19:58:54][INFO][Rank 0] - train Epoch 13/24: 94.5% (1830/1936)
[2025-11-17 19:59:01][INFO][Rank 0] - train Epoch 13/24: 95.0% (1840/1936)
[2025-11-17 19:59:08][INFO][Rank 0] - train Epoch 13/24: 95.6% (1850/1936)
[2025-11-17 19:59:16][INFO][Rank 0] - train Epoch 13/24: 96.1% (1860/1936)
[2025-11-17 19:59:23][INFO][Rank 0] - train Epoch 13/24: 96.6% (1870/1936)
[2025-11-17 19:59:30][INFO][Rank 0] - train Epoch 13/24: 97.1% (1880/1936)
[2025-11-17 19:59:37][INFO][Rank 0] - train Epoch 13/24: 97.6% (1890/1936)
[2025-11-17 19:59:37][INFO][Rank 0] - CUDA Memory [train][Step 1890]: Device 0: Allocated: 3309.6 MB, Reserved: 117540.0 MB (Δ: +1687.0 MB)
[2025-11-17 19:59:44][INFO][Rank 0] - train Epoch 13/24: 98.1% (1900/1936)
[2025-11-17 19:59:51][INFO][Rank 0] - train Epoch 13/24: 98.7% (1910/1936)
[2025-11-17 19:59:58][INFO][Rank 0] - train Epoch 13/24: 99.2% (1920/1936)
[2025-11-17 20:00:05][INFO][Rank 0] - train Epoch 13/24: 99.7% (1930/1936)
[2025-11-17 20:00:08][INFO][Rank 0] - train Epoch 13/24: 99.9% (1935/1936)
[2025-11-17 20:00:09][INFO][Rank 0] - train Loss: 0.1473 Acc: 0.9738 F1: 0.9864
[2025-11-17 20:00:09][INFO][Rank 0] - train Balanced Acc: 0.9070 AUC-ROC: 0.9696
[2025-11-17 20:00:09][INFO][Rank 0] - train Sensitivity: 0.9774 Specificity: 0.8367
[2025-11-17 20:00:09][INFO][Rank 0] - train Confusion Matrix: TP=18432, FP=82, FN=426, TN=420
[2025-11-17 20:00:09][INFO][Rank 0] - train completed in 1364.78s
[2025-11-17 20:00:09][INFO][Rank 0] - Data loading time: 0.99s, Forward time: 277.89s, Backward time: 739.36s
[2025-11-17 20:00:09][INFO][Rank 0] - train cache: 0/1 items, hit rate: 0.00%
[2025-11-17 20:00:09][INFO][Rank 0] - CUDA Memory [val][Step 0]: Device 0: Allocated: 3309.6 MB, Reserved: 117540.0 MB (Δ: +1687.0 MB)
[2025-11-17 20:00:09][INFO][Rank 0] - val phase: total 418 batches
[2025-11-17 20:00:09][INFO][Rank 0] - val Epoch 13/24: 0.0% (0/418)
[2025-11-17 20:00:14][INFO][Rank 0] - val Epoch 13/24: 2.4% (10/418)
[2025-11-17 20:00:19][INFO][Rank 0] - val Epoch 13/24: 4.8% (20/418)
[2025-11-17 20:00:24][INFO][Rank 0] - val Epoch 13/24: 7.2% (30/418)
[2025-11-17 20:00:29][INFO][Rank 0] - val Epoch 13/24: 9.6% (40/418)
[2025-11-17 20:00:34][INFO][Rank 0] - val Epoch 13/24: 12.0% (50/418)
[2025-11-17 20:00:39][INFO][Rank 0] - val Epoch 13/24: 14.4% (60/418)
[2025-11-17 20:00:44][INFO][Rank 0] - val Epoch 13/24: 16.7% (70/418)
[2025-11-17 20:00:49][INFO][Rank 0] - val Epoch 13/24: 19.1% (80/418)
[2025-11-17 20:00:54][INFO][Rank 0] - val Epoch 13/24: 21.5% (90/418)
[2025-11-17 20:00:59][INFO][Rank 0] - val Epoch 13/24: 23.9% (100/418)
[2025-11-17 20:01:04][INFO][Rank 0] - val Epoch 13/24: 26.3% (110/418)
[2025-11-17 20:01:09][INFO][Rank 0] - val Epoch 13/24: 28.7% (120/418)
[2025-11-17 20:01:10][INFO][Rank 0] - CUDA Memory [val][Step 120]: Device 0: Allocated: 3309.6 MB, Reserved: 117540.0 MB (Δ: +1687.0 MB)
[2025-11-17 20:01:14][INFO][Rank 0] - val Epoch 13/24: 31.1% (130/418)
[2025-11-17 20:01:19][INFO][Rank 0] - val Epoch 13/24: 33.5% (140/418)
[2025-11-17 20:01:24][INFO][Rank 0] - val Epoch 13/24: 35.9% (150/418)
[2025-11-17 20:01:29][INFO][Rank 0] - val Epoch 13/24: 38.3% (160/418)
[2025-11-17 20:01:34][INFO][Rank 0] - val Epoch 13/24: 40.7% (170/418)
[2025-11-17 20:01:39][INFO][Rank 0] - val Epoch 13/24: 43.1% (180/418)
[2025-11-17 20:01:45][INFO][Rank 0] - val Epoch 13/24: 45.5% (190/418)
[2025-11-17 20:01:50][INFO][Rank 0] - val Epoch 13/24: 47.8% (200/418)
[2025-11-17 20:01:55][INFO][Rank 0] - val Epoch 13/24: 50.2% (210/418)
[2025-11-17 20:02:00][INFO][Rank 0] - val Epoch 13/24: 52.6% (220/418)
[2025-11-17 20:02:05][INFO][Rank 0] - val Epoch 13/24: 55.0% (230/418)
[2025-11-17 20:02:10][INFO][Rank 0] - val Epoch 13/24: 57.4% (240/418)
[2025-11-17 20:02:10][INFO][Rank 0] - CUDA Memory [val][Step 240]: Device 0: Allocated: 3309.6 MB, Reserved: 117540.0 MB (Δ: +1687.0 MB)
[2025-11-17 20:02:15][INFO][Rank 0] - val Epoch 13/24: 59.8% (250/418)
[2025-11-17 20:02:20][INFO][Rank 0] - val Epoch 13/24: 62.2% (260/418)
[2025-11-17 20:02:25][INFO][Rank 0] - val Epoch 13/24: 64.6% (270/418)
[2025-11-17 20:02:30][INFO][Rank 0] - val Epoch 13/24: 67.0% (280/418)
[2025-11-17 20:02:35][INFO][Rank 0] - val Epoch 13/24: 69.4% (290/418)
[2025-11-17 20:02:40][INFO][Rank 0] - val Epoch 13/24: 71.8% (300/418)
[2025-11-17 20:02:45][INFO][Rank 0] - val Epoch 13/24: 74.2% (310/418)
[2025-11-17 20:02:50][INFO][Rank 0] - val Epoch 13/24: 76.6% (320/418)
[2025-11-17 20:02:55][INFO][Rank 0] - val Epoch 13/24: 78.9% (330/418)
[2025-11-17 20:03:00][INFO][Rank 0] - val Epoch 13/24: 81.3% (340/418)
[2025-11-17 20:03:05][INFO][Rank 0] - val Epoch 13/24: 83.7% (350/418)
[2025-11-17 20:03:10][INFO][Rank 0] - val Epoch 13/24: 86.1% (360/418)
[2025-11-17 20:03:10][INFO][Rank 0] - CUDA Memory [val][Step 360]: Device 0: Allocated: 3309.6 MB, Reserved: 117540.0 MB (Δ: +1687.0 MB)
[2025-11-17 20:03:15][INFO][Rank 0] - val Epoch 13/24: 88.5% (370/418)
[2025-11-17 20:03:20][INFO][Rank 0] - val Epoch 13/24: 90.9% (380/418)
[2025-11-17 20:03:25][INFO][Rank 0] - val Epoch 13/24: 93.3% (390/418)
[2025-11-17 20:03:30][INFO][Rank 0] - val Epoch 13/24: 95.7% (400/418)
[2025-11-17 20:03:35][INFO][Rank 0] - val Epoch 13/24: 98.1% (410/418)
[2025-11-17 20:03:38][INFO][Rank 0] - val Epoch 13/24: 99.8% (417/418)
[2025-11-17 20:03:39][INFO][Rank 0] - val Loss: 0.1085 Acc: 0.9713 F1: 0.9851
[2025-11-17 20:03:39][INFO][Rank 0] - val Balanced Acc: 0.8820 AUC-ROC: 0.9816
[2025-11-17 20:03:39][INFO][Rank 0] - val Sensitivity: 0.9764 Specificity: 0.7876
[2025-11-17 20:03:39][INFO][Rank 0] - val Confusion Matrix: TP=3971, FP=24, FN=96, TN=89
[2025-11-17 20:03:39][INFO][Rank 0] - val completed in 209.72s
[2025-11-17 20:03:39][INFO][Rank 0] - val cache: 0/1 items, hit rate: 0.00%
[2025-11-17 20:03:43][INFO][Rank 0] - Saved new best balanced_acc model with balanced_acc: 0.8820 at /projects/retprogression/rgarridogarcia/checkpoints/cropped1024_cropped_centered_wt_allR_4/best_balanced_acc_model.pth
[2025-11-17 20:03:47][INFO][Rank 0] - Also saved as general best model at /projects/retprogression/rgarridogarcia/checkpoints/cropped1024_cropped_centered_wt_allR_4/best_model.pth
[2025-11-17 20:03:51][INFO][Rank 0] - Saved new best auc model with auc: 0.9816 at /projects/retprogression/rgarridogarcia/checkpoints/cropped1024_cropped_centered_wt_allR_4/best_auc_model.pth
[2025-11-17 20:03:54][INFO][Rank 0] - Saved epoch checkpoint at /projects/retprogression/rgarridogarcia/checkpoints/cropped1024_cropped_centered_wt_allR_4/epoch_13.pth
[2025-11-17 20:03:54][INFO][Rank 0] - Epoch 13 summary:
[2025-11-17 20:03:54][INFO][Rank 0] -  Train Loss: 0.1473, Train Acc: 0.9738, Train F1: 0.9864
[2025-11-17 20:03:54][INFO][Rank 0] -  Train Balanced Acc: 0.9070, Train AUC: 0.9696
[2025-11-17 20:03:54][INFO][Rank 0] -  Train Sensitivity: 0.9774, Train Specificity: 0.8367
[2025-11-17 20:03:54][INFO][Rank 0] -  Val Loss: 0.1085, Val Acc: 0.9713, Val F1: 0.9851
[2025-11-17 20:03:54][INFO][Rank 0] -  Val Balanced Acc: 0.8820, Val AUC: 0.9816
[2025-11-17 20:03:54][INFO][Rank 0] -  Val Sensitivity: 0.9764, Val Specificity: 0.7876
[2025-11-17 20:03:54][INFO][Rank 0] -  Total Epoch Time: 1590.12s
[2025-11-17 20:03:54][INFO][Rank 0] - Epoch 14/24
[2025-11-17 20:03:54][INFO][Rank 0] - ----------
[2025-11-17 20:03:54][INFO][Rank 0] - CUDA Memory [train][Step 0]: Device 0: Allocated: 3309.6 MB, Reserved: 117540.0 MB (Δ: +1687.0 MB)
[2025-11-17 20:03:54][INFO][Rank 0] - train phase: total 1936 batches
[2025-11-17 20:03:55][INFO][Rank 0] - train Epoch 14/24: 0.0% (0/1936)
[2025-11-17 20:04:02][INFO][Rank 0] - train Epoch 14/24: 0.5% (10/1936)
[2025-11-17 20:04:09][INFO][Rank 0] - train Epoch 14/24: 1.0% (20/1936)
[2025-11-17 20:04:16][INFO][Rank 0] - train Epoch 14/24: 1.5% (30/1936)
[2025-11-17 20:04:23][INFO][Rank 0] - train Epoch 14/24: 2.1% (40/1936)
[2025-11-17 20:04:30][INFO][Rank 0] - train Epoch 14/24: 2.6% (50/1936)
[2025-11-17 20:04:37][INFO][Rank 0] - train Epoch 14/24: 3.1% (60/1936)
[2025-11-17 20:04:44][INFO][Rank 0] - train Epoch 14/24: 3.6% (70/1936)
[2025-11-17 20:04:51][INFO][Rank 0] - train Epoch 14/24: 4.1% (80/1936)
[2025-11-17 20:04:59][INFO][Rank 0] - train Epoch 14/24: 4.6% (90/1936)
[2025-11-17 20:04:59][INFO][Rank 0] - CUDA Memory [train][Step 90]: Device 0: Allocated: 3309.6 MB, Reserved: 117540.0 MB (Δ: +1687.0 MB)
[2025-11-17 20:05:06][INFO][Rank 0] - train Epoch 14/24: 5.2% (100/1936)
[2025-11-17 20:05:13][INFO][Rank 0] - train Epoch 14/24: 5.7% (110/1936)
[2025-11-17 20:05:20][INFO][Rank 0] - train Epoch 14/24: 6.2% (120/1936)
[2025-11-17 20:05:27][INFO][Rank 0] - train Epoch 14/24: 6.7% (130/1936)
[2025-11-17 20:05:34][INFO][Rank 0] - train Epoch 14/24: 7.2% (140/1936)
[2025-11-17 20:05:41][INFO][Rank 0] - train Epoch 14/24: 7.7% (150/1936)
[2025-11-17 20:05:48][INFO][Rank 0] - train Epoch 14/24: 8.3% (160/1936)
[2025-11-17 20:05:55][INFO][Rank 0] - train Epoch 14/24: 8.8% (170/1936)
[2025-11-17 20:06:02][INFO][Rank 0] - train Epoch 14/24: 9.3% (180/1936)
[2025-11-17 20:06:03][INFO][Rank 0] - CUDA Memory [train][Step 180]: Device 0: Allocated: 3309.6 MB, Reserved: 117540.0 MB (Δ: +1687.0 MB)
[2025-11-17 20:06:09][INFO][Rank 0] - train Epoch 14/24: 9.8% (190/1936)
[2025-11-17 20:06:16][INFO][Rank 0] - train Epoch 14/24: 10.3% (200/1936)
[2025-11-17 20:06:23][INFO][Rank 0] - train Epoch 14/24: 10.8% (210/1936)
[2025-11-17 20:06:30][INFO][Rank 0] - train Epoch 14/24: 11.4% (220/1936)
[2025-11-17 20:06:37][INFO][Rank 0] - train Epoch 14/24: 11.9% (230/1936)
[2025-11-17 20:06:44][INFO][Rank 0] - train Epoch 14/24: 12.4% (240/1936)
[2025-11-17 20:06:51][INFO][Rank 0] - train Epoch 14/24: 12.9% (250/1936)
[2025-11-17 20:06:58][INFO][Rank 0] - train Epoch 14/24: 13.4% (260/1936)
[2025-11-17 20:07:06][INFO][Rank 0] - train Epoch 14/24: 13.9% (270/1936)
[2025-11-17 20:07:06][INFO][Rank 0] - CUDA Memory [train][Step 270]: Device 0: Allocated: 3309.6 MB, Reserved: 117540.0 MB (Δ: +1687.0 MB)
[2025-11-17 20:07:13][INFO][Rank 0] - train Epoch 14/24: 14.5% (280/1936)
[2025-11-17 20:07:20][INFO][Rank 0] - train Epoch 14/24: 15.0% (290/1936)
[2025-11-17 20:07:27][INFO][Rank 0] - train Epoch 14/24: 15.5% (300/1936)
[2025-11-17 20:07:34][INFO][Rank 0] - train Epoch 14/24: 16.0% (310/1936)
[2025-11-17 20:07:41][INFO][Rank 0] - train Epoch 14/24: 16.5% (320/1936)
[2025-11-17 20:07:48][INFO][Rank 0] - train Epoch 14/24: 17.0% (330/1936)
[2025-11-17 20:07:55][INFO][Rank 0] - train Epoch 14/24: 17.6% (340/1936)
[2025-11-17 20:08:02][INFO][Rank 0] - train Epoch 14/24: 18.1% (350/1936)
[2025-11-17 20:08:09][INFO][Rank 0] - train Epoch 14/24: 18.6% (360/1936)
[2025-11-17 20:08:10][INFO][Rank 0] - CUDA Memory [train][Step 360]: Device 0: Allocated: 3309.6 MB, Reserved: 117540.0 MB (Δ: +1687.0 MB)
[2025-11-17 20:08:16][INFO][Rank 0] - train Epoch 14/24: 19.1% (370/1936)
[2025-11-17 20:08:23][INFO][Rank 0] - train Epoch 14/24: 19.6% (380/1936)
[2025-11-17 20:08:30][INFO][Rank 0] - train Epoch 14/24: 20.1% (390/1936)
[2025-11-17 20:08:37][INFO][Rank 0] - train Epoch 14/24: 20.7% (400/1936)
[2025-11-17 20:08:44][INFO][Rank 0] - train Epoch 14/24: 21.2% (410/1936)
[2025-11-17 20:08:51][INFO][Rank 0] - train Epoch 14/24: 21.7% (420/1936)
[2025-11-17 20:08:58][INFO][Rank 0] - train Epoch 14/24: 22.2% (430/1936)
[2025-11-17 20:09:05][INFO][Rank 0] - train Epoch 14/24: 22.7% (440/1936)
[2025-11-17 20:09:13][INFO][Rank 0] - train Epoch 14/24: 23.2% (450/1936)
[2025-11-17 20:09:13][INFO][Rank 0] - CUDA Memory [train][Step 450]: Device 0: Allocated: 3309.6 MB, Reserved: 117540.0 MB (Δ: +1687.0 MB)
[2025-11-17 20:09:20][INFO][Rank 0] - train Epoch 14/24: 23.8% (460/1936)
[2025-11-17 20:09:27][INFO][Rank 0] - train Epoch 14/24: 24.3% (470/1936)
[2025-11-17 20:09:34][INFO][Rank 0] - train Epoch 14/24: 24.8% (480/1936)
[2025-11-17 20:09:41][INFO][Rank 0] - train Epoch 14/24: 25.3% (490/1936)
[2025-11-17 20:09:48][INFO][Rank 0] - train Epoch 14/24: 25.8% (500/1936)
[2025-11-17 20:09:55][INFO][Rank 0] - train Epoch 14/24: 26.3% (510/1936)
[2025-11-17 20:10:02][INFO][Rank 0] - train Epoch 14/24: 26.9% (520/1936)
[2025-11-17 20:10:09][INFO][Rank 0] - train Epoch 14/24: 27.4% (530/1936)
[2025-11-17 20:10:16][INFO][Rank 0] - train Epoch 14/24: 27.9% (540/1936)
[2025-11-17 20:10:17][INFO][Rank 0] - CUDA Memory [train][Step 540]: Device 0: Allocated: 3309.6 MB, Reserved: 117540.0 MB (Δ: +1687.0 MB)
[2025-11-17 20:10:23][INFO][Rank 0] - train Epoch 14/24: 28.4% (550/1936)
[2025-11-17 20:10:30][INFO][Rank 0] - train Epoch 14/24: 28.9% (560/1936)
[2025-11-17 20:10:37][INFO][Rank 0] - train Epoch 14/24: 29.4% (570/1936)
[2025-11-17 20:10:44][INFO][Rank 0] - train Epoch 14/24: 30.0% (580/1936)
[2025-11-17 20:10:51][INFO][Rank 0] - train Epoch 14/24: 30.5% (590/1936)
[2025-11-17 20:10:58][INFO][Rank 0] - train Epoch 14/24: 31.0% (600/1936)
[2025-11-17 20:11:05][INFO][Rank 0] - train Epoch 14/24: 31.5% (610/1936)
[2025-11-17 20:11:12][INFO][Rank 0] - train Epoch 14/24: 32.0% (620/1936)
[2025-11-17 20:11:19][INFO][Rank 0] - train Epoch 14/24: 32.5% (630/1936)
[2025-11-17 20:11:20][INFO][Rank 0] - CUDA Memory [train][Step 630]: Device 0: Allocated: 3309.6 MB, Reserved: 117540.0 MB (Δ: +1687.0 MB)
[2025-11-17 20:11:27][INFO][Rank 0] - train Epoch 14/24: 33.1% (640/1936)
[2025-11-17 20:11:34][INFO][Rank 0] - train Epoch 14/24: 33.6% (650/1936)
[2025-11-17 20:11:41][INFO][Rank 0] - train Epoch 14/24: 34.1% (660/1936)
[2025-11-17 20:11:48][INFO][Rank 0] - train Epoch 14/24: 34.6% (670/1936)
[2025-11-17 20:11:55][INFO][Rank 0] - train Epoch 14/24: 35.1% (680/1936)
[2025-11-17 20:12:02][INFO][Rank 0] - train Epoch 14/24: 35.6% (690/1936)
[2025-11-17 20:12:09][INFO][Rank 0] - train Epoch 14/24: 36.2% (700/1936)
[2025-11-17 20:12:16][INFO][Rank 0] - train Epoch 14/24: 36.7% (710/1936)
[2025-11-17 20:12:23][INFO][Rank 0] - train Epoch 14/24: 37.2% (720/1936)
[2025-11-17 20:12:24][INFO][Rank 0] - CUDA Memory [train][Step 720]: Device 0: Allocated: 3309.6 MB, Reserved: 117540.0 MB (Δ: +1687.0 MB)
[2025-11-17 20:12:30][INFO][Rank 0] - train Epoch 14/24: 37.7% (730/1936)
[2025-11-17 20:12:37][INFO][Rank 0] - train Epoch 14/24: 38.2% (740/1936)
[2025-11-17 20:12:44][INFO][Rank 0] - train Epoch 14/24: 38.7% (750/1936)
[2025-11-17 20:12:51][INFO][Rank 0] - train Epoch 14/24: 39.3% (760/1936)
[2025-11-17 20:12:58][INFO][Rank 0] - train Epoch 14/24: 39.8% (770/1936)
[2025-11-17 20:13:05][INFO][Rank 0] - train Epoch 14/24: 40.3% (780/1936)
[2025-11-17 20:13:12][INFO][Rank 0] - train Epoch 14/24: 40.8% (790/1936)
[2025-11-17 20:13:19][INFO][Rank 0] - train Epoch 14/24: 41.3% (800/1936)
[2025-11-17 20:13:26][INFO][Rank 0] - train Epoch 14/24: 41.8% (810/1936)
[2025-11-17 20:13:27][INFO][Rank 0] - CUDA Memory [train][Step 810]: Device 0: Allocated: 3309.6 MB, Reserved: 117540.0 MB (Δ: +1687.0 MB)
[2025-11-17 20:13:34][INFO][Rank 0] - train Epoch 14/24: 42.4% (820/1936)
[2025-11-17 20:13:41][INFO][Rank 0] - train Epoch 14/24: 42.9% (830/1936)
[2025-11-17 20:13:48][INFO][Rank 0] - train Epoch 14/24: 43.4% (840/1936)
[2025-11-17 20:13:55][INFO][Rank 0] - train Epoch 14/24: 43.9% (850/1936)
[2025-11-17 20:14:02][INFO][Rank 0] - train Epoch 14/24: 44.4% (860/1936)
[2025-11-17 20:14:09][INFO][Rank 0] - train Epoch 14/24: 44.9% (870/1936)
[2025-11-17 20:14:16][INFO][Rank 0] - train Epoch 14/24: 45.5% (880/1936)
[2025-11-17 20:14:23][INFO][Rank 0] - train Epoch 14/24: 46.0% (890/1936)
[2025-11-17 20:14:30][INFO][Rank 0] - train Epoch 14/24: 46.5% (900/1936)
[2025-11-17 20:14:31][INFO][Rank 0] - CUDA Memory [train][Step 900]: Device 0: Allocated: 3309.6 MB, Reserved: 117540.0 MB (Δ: +1687.0 MB)
[2025-11-17 20:14:37][INFO][Rank 0] - train Epoch 14/24: 47.0% (910/1936)
[2025-11-17 20:14:44][INFO][Rank 0] - train Epoch 14/24: 47.5% (920/1936)
[2025-11-17 20:14:51][INFO][Rank 0] - train Epoch 14/24: 48.0% (930/1936)
[2025-11-17 20:14:58][INFO][Rank 0] - train Epoch 14/24: 48.6% (940/1936)
[2025-11-17 20:15:05][INFO][Rank 0] - train Epoch 14/24: 49.1% (950/1936)
[2025-11-17 20:15:12][INFO][Rank 0] - train Epoch 14/24: 49.6% (960/1936)
[2025-11-17 20:15:19][INFO][Rank 0] - train Epoch 14/24: 50.1% (970/1936)
[2025-11-17 20:15:26][INFO][Rank 0] - train Epoch 14/24: 50.6% (980/1936)
[2025-11-17 20:15:33][INFO][Rank 0] - train Epoch 14/24: 51.1% (990/1936)
[2025-11-17 20:15:34][INFO][Rank 0] - CUDA Memory [train][Step 990]: Device 0: Allocated: 3309.6 MB, Reserved: 117540.0 MB (Δ: +1687.0 MB)
[2025-11-17 20:15:41][INFO][Rank 0] - train Epoch 14/24: 51.7% (1000/1936)
[2025-11-17 20:15:48][INFO][Rank 0] - train Epoch 14/24: 52.2% (1010/1936)
[2025-11-17 20:15:55][INFO][Rank 0] - train Epoch 14/24: 52.7% (1020/1936)
[2025-11-17 20:16:02][INFO][Rank 0] - train Epoch 14/24: 53.2% (1030/1936)
[2025-11-17 20:16:09][INFO][Rank 0] - train Epoch 14/24: 53.7% (1040/1936)
[2025-11-17 20:16:16][INFO][Rank 0] - train Epoch 14/24: 54.2% (1050/1936)
[2025-11-17 20:16:23][INFO][Rank 0] - train Epoch 14/24: 54.8% (1060/1936)
[2025-11-17 20:16:30][INFO][Rank 0] - train Epoch 14/24: 55.3% (1070/1936)
[2025-11-17 20:16:37][INFO][Rank 0] - train Epoch 14/24: 55.8% (1080/1936)
[2025-11-17 20:16:38][INFO][Rank 0] - CUDA Memory [train][Step 1080]: Device 0: Allocated: 3309.6 MB, Reserved: 117540.0 MB (Δ: +1687.0 MB)
[2025-11-17 20:16:44][INFO][Rank 0] - train Epoch 14/24: 56.3% (1090/1936)
[2025-11-17 20:16:51][INFO][Rank 0] - train Epoch 14/24: 56.8% (1100/1936)
[2025-11-17 20:16:58][INFO][Rank 0] - train Epoch 14/24: 57.3% (1110/1936)
[2025-11-17 20:17:05][INFO][Rank 0] - train Epoch 14/24: 57.9% (1120/1936)
[2025-11-17 20:17:12][INFO][Rank 0] - train Epoch 14/24: 58.4% (1130/1936)
[2025-11-17 20:17:19][INFO][Rank 0] - train Epoch 14/24: 58.9% (1140/1936)
[2025-11-17 20:17:26][INFO][Rank 0] - train Epoch 14/24: 59.4% (1150/1936)
[2025-11-17 20:17:33][INFO][Rank 0] - train Epoch 14/24: 59.9% (1160/1936)
[2025-11-17 20:17:40][INFO][Rank 0] - train Epoch 14/24: 60.4% (1170/1936)
[2025-11-17 20:17:41][INFO][Rank 0] - CUDA Memory [train][Step 1170]: Device 0: Allocated: 3309.6 MB, Reserved: 117540.0 MB (Δ: +1687.0 MB)
[2025-11-17 20:17:48][INFO][Rank 0] - train Epoch 14/24: 61.0% (1180/1936)
[2025-11-17 20:17:55][INFO][Rank 0] - train Epoch 14/24: 61.5% (1190/1936)
[2025-11-17 20:18:02][INFO][Rank 0] - train Epoch 14/24: 62.0% (1200/1936)
[2025-11-17 20:18:09][INFO][Rank 0] - train Epoch 14/24: 62.5% (1210/1936)
[2025-11-17 20:18:16][INFO][Rank 0] - train Epoch 14/24: 63.0% (1220/1936)
[2025-11-17 20:18:23][INFO][Rank 0] - train Epoch 14/24: 63.5% (1230/1936)
[2025-11-17 20:18:30][INFO][Rank 0] - train Epoch 14/24: 64.0% (1240/1936)
[2025-11-17 20:18:37][INFO][Rank 0] - train Epoch 14/24: 64.6% (1250/1936)
[2025-11-17 20:18:44][INFO][Rank 0] - train Epoch 14/24: 65.1% (1260/1936)
[2025-11-17 20:18:45][INFO][Rank 0] - CUDA Memory [train][Step 1260]: Device 0: Allocated: 3309.6 MB, Reserved: 117540.0 MB (Δ: +1687.0 MB)
[2025-11-17 20:18:51][INFO][Rank 0] - train Epoch 14/24: 65.6% (1270/1936)
[2025-11-17 20:18:58][INFO][Rank 0] - train Epoch 14/24: 66.1% (1280/1936)
[2025-11-17 20:19:05][INFO][Rank 0] - train Epoch 14/24: 66.6% (1290/1936)
[2025-11-17 20:19:12][INFO][Rank 0] - train Epoch 14/24: 67.1% (1300/1936)
[2025-11-17 20:19:19][INFO][Rank 0] - train Epoch 14/24: 67.7% (1310/1936)
[2025-11-17 20:19:26][INFO][Rank 0] - train Epoch 14/24: 68.2% (1320/1936)
[2025-11-17 20:19:33][INFO][Rank 0] - train Epoch 14/24: 68.7% (1330/1936)
[2025-11-17 20:19:40][INFO][Rank 0] - train Epoch 14/24: 69.2% (1340/1936)
[2025-11-17 20:19:47][INFO][Rank 0] - train Epoch 14/24: 69.7% (1350/1936)
[2025-11-17 20:19:48][INFO][Rank 0] - CUDA Memory [train][Step 1350]: Device 0: Allocated: 3309.6 MB, Reserved: 117540.0 MB (Δ: +1687.0 MB)
[2025-11-17 20:19:55][INFO][Rank 0] - train Epoch 14/24: 70.2% (1360/1936)
[2025-11-17 20:20:02][INFO][Rank 0] - train Epoch 14/24: 70.8% (1370/1936)
[2025-11-17 20:20:09][INFO][Rank 0] - train Epoch 14/24: 71.3% (1380/1936)
[2025-11-17 20:20:16][INFO][Rank 0] - train Epoch 14/24: 71.8% (1390/1936)
[2025-11-17 20:20:23][INFO][Rank 0] - train Epoch 14/24: 72.3% (1400/1936)
[2025-11-17 20:20:30][INFO][Rank 0] - train Epoch 14/24: 72.8% (1410/1936)
[2025-11-17 20:20:37][INFO][Rank 0] - train Epoch 14/24: 73.3% (1420/1936)
[2025-11-17 20:20:44][INFO][Rank 0] - train Epoch 14/24: 73.9% (1430/1936)
[2025-11-17 20:20:51][INFO][Rank 0] - train Epoch 14/24: 74.4% (1440/1936)
[2025-11-17 20:20:52][INFO][Rank 0] - CUDA Memory [train][Step 1440]: Device 0: Allocated: 3309.6 MB, Reserved: 117540.0 MB (Δ: +1687.0 MB)
[2025-11-17 20:20:58][INFO][Rank 0] - train Epoch 14/24: 74.9% (1450/1936)
[2025-11-17 20:21:05][INFO][Rank 0] - train Epoch 14/24: 75.4% (1460/1936)
[2025-11-17 20:21:12][INFO][Rank 0] - train Epoch 14/24: 75.9% (1470/1936)
[2025-11-17 20:21:19][INFO][Rank 0] - train Epoch 14/24: 76.4% (1480/1936)
[2025-11-17 20:21:26][INFO][Rank 0] - train Epoch 14/24: 77.0% (1490/1936)
[2025-11-17 20:21:33][INFO][Rank 0] - train Epoch 14/24: 77.5% (1500/1936)
[2025-11-17 20:21:40][INFO][Rank 0] - train Epoch 14/24: 78.0% (1510/1936)
[2025-11-17 20:21:47][INFO][Rank 0] - train Epoch 14/24: 78.5% (1520/1936)
[2025-11-17 20:21:54][INFO][Rank 0] - train Epoch 14/24: 79.0% (1530/1936)
[2025-11-17 20:21:55][INFO][Rank 0] - CUDA Memory [train][Step 1530]: Device 0: Allocated: 3309.6 MB, Reserved: 117540.0 MB (Δ: +1687.0 MB)
[2025-11-17 20:22:02][INFO][Rank 0] - train Epoch 14/24: 79.5% (1540/1936)
[2025-11-17 20:22:09][INFO][Rank 0] - train Epoch 14/24: 80.1% (1550/1936)
[2025-11-17 20:22:16][INFO][Rank 0] - train Epoch 14/24: 80.6% (1560/1936)
[2025-11-17 20:22:23][INFO][Rank 0] - train Epoch 14/24: 81.1% (1570/1936)
[2025-11-17 20:22:30][INFO][Rank 0] - train Epoch 14/24: 81.6% (1580/1936)
[2025-11-17 20:22:37][INFO][Rank 0] - train Epoch 14/24: 82.1% (1590/1936)
[2025-11-17 20:22:44][INFO][Rank 0] - train Epoch 14/24: 82.6% (1600/1936)
[2025-11-17 20:22:51][INFO][Rank 0] - train Epoch 14/24: 83.2% (1610/1936)
[2025-11-17 20:22:58][INFO][Rank 0] - train Epoch 14/24: 83.7% (1620/1936)
[2025-11-17 20:22:59][INFO][Rank 0] - CUDA Memory [train][Step 1620]: Device 0: Allocated: 3309.6 MB, Reserved: 117540.0 MB (Δ: +1687.0 MB)
[2025-11-17 20:23:05][INFO][Rank 0] - train Epoch 14/24: 84.2% (1630/1936)
[2025-11-17 20:23:12][INFO][Rank 0] - train Epoch 14/24: 84.7% (1640/1936)
[2025-11-17 20:23:19][INFO][Rank 0] - train Epoch 14/24: 85.2% (1650/1936)
[2025-11-17 20:23:26][INFO][Rank 0] - train Epoch 14/24: 85.7% (1660/1936)
[2025-11-17 20:23:33][INFO][Rank 0] - train Epoch 14/24: 86.3% (1670/1936)
[2025-11-17 20:23:40][INFO][Rank 0] - train Epoch 14/24: 86.8% (1680/1936)
[2025-11-17 20:23:47][INFO][Rank 0] - train Epoch 14/24: 87.3% (1690/1936)
[2025-11-17 20:23:54][INFO][Rank 0] - train Epoch 14/24: 87.8% (1700/1936)
[2025-11-17 20:24:01][INFO][Rank 0] - train Epoch 14/24: 88.3% (1710/1936)
[2025-11-17 20:24:02][INFO][Rank 0] - CUDA Memory [train][Step 1710]: Device 0: Allocated: 3309.6 MB, Reserved: 117540.0 MB (Δ: +1687.0 MB)
[2025-11-17 20:24:08][INFO][Rank 0] - train Epoch 14/24: 88.8% (1720/1936)
[2025-11-17 20:24:16][INFO][Rank 0] - train Epoch 14/24: 89.4% (1730/1936)
[2025-11-17 20:24:23][INFO][Rank 0] - train Epoch 14/24: 89.9% (1740/1936)
[2025-11-17 20:24:30][INFO][Rank 0] - train Epoch 14/24: 90.4% (1750/1936)
[2025-11-17 20:24:37][INFO][Rank 0] - train Epoch 14/24: 90.9% (1760/1936)
[2025-11-17 20:24:44][INFO][Rank 0] - train Epoch 14/24: 91.4% (1770/1936)
[2025-11-17 20:24:51][INFO][Rank 0] - train Epoch 14/24: 91.9% (1780/1936)
[2025-11-17 20:24:58][INFO][Rank 0] - train Epoch 14/24: 92.5% (1790/1936)
[2025-11-17 20:25:05][INFO][Rank 0] - train Epoch 14/24: 93.0% (1800/1936)
[2025-11-17 20:25:06][INFO][Rank 0] - CUDA Memory [train][Step 1800]: Device 0: Allocated: 3309.6 MB, Reserved: 117540.0 MB (Δ: +1687.0 MB)
[2025-11-17 20:25:12][INFO][Rank 0] - train Epoch 14/24: 93.5% (1810/1936)
[2025-11-17 20:25:19][INFO][Rank 0] - train Epoch 14/24: 94.0% (1820/1936)
[2025-11-17 20:25:26][INFO][Rank 0] - train Epoch 14/24: 94.5% (1830/1936)
[2025-11-17 20:25:33][INFO][Rank 0] - train Epoch 14/24: 95.0% (1840/1936)
[2025-11-17 20:25:40][INFO][Rank 0] - train Epoch 14/24: 95.6% (1850/1936)
[2025-11-17 20:25:47][INFO][Rank 0] - train Epoch 14/24: 96.1% (1860/1936)
[2025-11-17 20:25:54][INFO][Rank 0] - train Epoch 14/24: 96.6% (1870/1936)
[2025-11-17 20:26:01][INFO][Rank 0] - train Epoch 14/24: 97.1% (1880/1936)
[2025-11-17 20:26:08][INFO][Rank 0] - train Epoch 14/24: 97.6% (1890/1936)
[2025-11-17 20:26:09][INFO][Rank 0] - CUDA Memory [train][Step 1890]: Device 0: Allocated: 3309.6 MB, Reserved: 117540.0 MB (Δ: +1687.0 MB)
[2025-11-17 20:26:15][INFO][Rank 0] - train Epoch 14/24: 98.1% (1900/1936)
[2025-11-17 20:26:23][INFO][Rank 0] - train Epoch 14/24: 98.7% (1910/1936)
[2025-11-17 20:26:30][INFO][Rank 0] - train Epoch 14/24: 99.2% (1920/1936)
[2025-11-17 20:26:37][INFO][Rank 0] - train Epoch 14/24: 99.7% (1930/1936)
[2025-11-17 20:26:40][INFO][Rank 0] - train Epoch 14/24: 99.9% (1935/1936)
[2025-11-17 20:26:41][INFO][Rank 0] - train Loss: 0.1470 Acc: 0.9748 F1: 0.9870
[2025-11-17 20:26:41][INFO][Rank 0] - train Balanced Acc: 0.9037 AUC-ROC: 0.9701
[2025-11-17 20:26:41][INFO][Rank 0] - train Sensitivity: 0.9787 Specificity: 0.8287
[2025-11-17 20:26:41][INFO][Rank 0] - train Confusion Matrix: TP=18456, FP=86, FN=402, TN=416
[2025-11-17 20:26:41][INFO][Rank 0] - train completed in 1366.47s
[2025-11-17 20:26:41][INFO][Rank 0] - Data loading time: 1.28s, Forward time: 278.19s, Backward time: 740.16s
[2025-11-17 20:26:41][INFO][Rank 0] - train cache: 0/1 items, hit rate: 0.00%
[2025-11-17 20:26:41][INFO][Rank 0] - CUDA Memory [val][Step 0]: Device 0: Allocated: 3309.6 MB, Reserved: 117540.0 MB (Δ: +1687.0 MB)
[2025-11-17 20:26:41][INFO][Rank 0] - val phase: total 418 batches
[2025-11-17 20:26:41][INFO][Rank 0] - val Epoch 14/24: 0.0% (0/418)
[2025-11-17 20:26:46][INFO][Rank 0] - val Epoch 14/24: 2.4% (10/418)
[2025-11-17 20:26:51][INFO][Rank 0] - val Epoch 14/24: 4.8% (20/418)
[2025-11-17 20:26:56][INFO][Rank 0] - val Epoch 14/24: 7.2% (30/418)
[2025-11-17 20:27:01][INFO][Rank 0] - val Epoch 14/24: 9.6% (40/418)
[2025-11-17 20:27:06][INFO][Rank 0] - val Epoch 14/24: 12.0% (50/418)
[2025-11-17 20:27:11][INFO][Rank 0] - val Epoch 14/24: 14.4% (60/418)
[2025-11-17 20:27:16][INFO][Rank 0] - val Epoch 14/24: 16.7% (70/418)
[2025-11-17 20:27:21][INFO][Rank 0] - val Epoch 14/24: 19.1% (80/418)
[2025-11-17 20:27:26][INFO][Rank 0] - val Epoch 14/24: 21.5% (90/418)
[2025-11-17 20:27:31][INFO][Rank 0] - val Epoch 14/24: 23.9% (100/418)
[2025-11-17 20:27:36][INFO][Rank 0] - val Epoch 14/24: 26.3% (110/418)
[2025-11-17 20:27:41][INFO][Rank 0] - val Epoch 14/24: 28.7% (120/418)
[2025-11-17 20:27:42][INFO][Rank 0] - CUDA Memory [val][Step 120]: Device 0: Allocated: 3309.6 MB, Reserved: 117540.0 MB (Δ: +1687.0 MB)
[2025-11-17 20:27:46][INFO][Rank 0] - val Epoch 14/24: 31.1% (130/418)
[2025-11-17 20:27:51][INFO][Rank 0] - val Epoch 14/24: 33.5% (140/418)
[2025-11-17 20:27:56][INFO][Rank 0] - val Epoch 14/24: 35.9% (150/418)
[2025-11-17 20:28:01][INFO][Rank 0] - val Epoch 14/24: 38.3% (160/418)
[2025-11-17 20:28:06][INFO][Rank 0] - val Epoch 14/24: 40.7% (170/418)
[2025-11-17 20:28:11][INFO][Rank 0] - val Epoch 14/24: 43.1% (180/418)
[2025-11-17 20:28:16][INFO][Rank 0] - val Epoch 14/24: 45.5% (190/418)
[2025-11-17 20:28:21][INFO][Rank 0] - val Epoch 14/24: 47.8% (200/418)
[2025-11-17 20:28:26][INFO][Rank 0] - val Epoch 14/24: 50.2% (210/418)
[2025-11-17 20:28:31][INFO][Rank 0] - val Epoch 14/24: 52.6% (220/418)
[2025-11-17 20:28:36][INFO][Rank 0] - val Epoch 14/24: 55.0% (230/418)
[2025-11-17 20:28:41][INFO][Rank 0] - val Epoch 14/24: 57.4% (240/418)
[2025-11-17 20:28:42][INFO][Rank 0] - CUDA Memory [val][Step 240]: Device 0: Allocated: 3309.6 MB, Reserved: 117540.0 MB (Δ: +1687.0 MB)
[2025-11-17 20:28:46][INFO][Rank 0] - val Epoch 14/24: 59.8% (250/418)
[2025-11-17 20:28:51][INFO][Rank 0] - val Epoch 14/24: 62.2% (260/418)
[2025-11-17 20:28:56][INFO][Rank 0] - val Epoch 14/24: 64.6% (270/418)
[2025-11-17 20:29:01][INFO][Rank 0] - val Epoch 14/24: 67.0% (280/418)
[2025-11-17 20:29:06][INFO][Rank 0] - val Epoch 14/24: 69.4% (290/418)
[2025-11-17 20:29:11][INFO][Rank 0] - val Epoch 14/24: 71.8% (300/418)
[2025-11-17 20:29:17][INFO][Rank 0] - val Epoch 14/24: 74.2% (310/418)
[2025-11-17 20:29:22][INFO][Rank 0] - val Epoch 14/24: 76.6% (320/418)
[2025-11-17 20:29:27][INFO][Rank 0] - val Epoch 14/24: 78.9% (330/418)
[2025-11-17 20:29:32][INFO][Rank 0] - val Epoch 14/24: 81.3% (340/418)
[2025-11-17 20:29:37][INFO][Rank 0] - val Epoch 14/24: 83.7% (350/418)
[2025-11-17 20:29:42][INFO][Rank 0] - val Epoch 14/24: 86.1% (360/418)
[2025-11-17 20:29:42][INFO][Rank 0] - CUDA Memory [val][Step 360]: Device 0: Allocated: 3309.6 MB, Reserved: 117540.0 MB (Δ: +1687.0 MB)
[2025-11-17 20:29:47][INFO][Rank 0] - val Epoch 14/24: 88.5% (370/418)
[2025-11-17 20:29:52][INFO][Rank 0] - val Epoch 14/24: 90.9% (380/418)
[2025-11-17 20:29:57][INFO][Rank 0] - val Epoch 14/24: 93.3% (390/418)
[2025-11-17 20:30:02][INFO][Rank 0] - val Epoch 14/24: 95.7% (400/418)
[2025-11-17 20:30:07][INFO][Rank 0] - val Epoch 14/24: 98.1% (410/418)
[2025-11-17 20:30:10][INFO][Rank 0] - val Epoch 14/24: 99.8% (417/418)
[2025-11-17 20:30:11][INFO][Rank 0] - val Loss: 0.1086 Acc: 0.9718 F1: 0.9854
[2025-11-17 20:30:11][INFO][Rank 0] - val Balanced Acc: 0.8909 AUC-ROC: 0.9817
[2025-11-17 20:30:11][INFO][Rank 0] - val Sensitivity: 0.9764 Specificity: 0.8053
[2025-11-17 20:30:11][INFO][Rank 0] - val Confusion Matrix: TP=3971, FP=22, FN=96, TN=91
[2025-11-17 20:30:11][INFO][Rank 0] - val completed in 209.69s
[2025-11-17 20:30:11][INFO][Rank 0] - val cache: 0/1 items, hit rate: 0.00%
[2025-11-17 20:30:15][INFO][Rank 0] - Saved new best balanced_acc model with balanced_acc: 0.8909 at /projects/retprogression/rgarridogarcia/checkpoints/cropped1024_cropped_centered_wt_allR_4/best_balanced_acc_model.pth
[2025-11-17 20:30:19][INFO][Rank 0] - Also saved as general best model at /projects/retprogression/rgarridogarcia/checkpoints/cropped1024_cropped_centered_wt_allR_4/best_model.pth
[2025-11-17 20:30:23][INFO][Rank 0] - Saved new best auc model with auc: 0.9817 at /projects/retprogression/rgarridogarcia/checkpoints/cropped1024_cropped_centered_wt_allR_4/best_auc_model.pth
[2025-11-17 20:30:26][INFO][Rank 0] - Saved epoch checkpoint at /projects/retprogression/rgarridogarcia/checkpoints/cropped1024_cropped_centered_wt_allR_4/epoch_14.pth
[2025-11-17 20:30:26][INFO][Rank 0] - Epoch 14 summary:
[2025-11-17 20:30:26][INFO][Rank 0] -  Train Loss: 0.1470, Train Acc: 0.9748, Train F1: 0.9870
[2025-11-17 20:30:26][INFO][Rank 0] -  Train Balanced Acc: 0.9037, Train AUC: 0.9701
[2025-11-17 20:30:26][INFO][Rank 0] -  Train Sensitivity: 0.9787, Train Specificity: 0.8287
[2025-11-17 20:30:26][INFO][Rank 0] -  Val Loss: 0.1086, Val Acc: 0.9718, Val F1: 0.9854
[2025-11-17 20:30:26][INFO][Rank 0] -  Val Balanced Acc: 0.8909, Val AUC: 0.9817
[2025-11-17 20:30:26][INFO][Rank 0] -  Val Sensitivity: 0.9764, Val Specificity: 0.8053
[2025-11-17 20:30:26][INFO][Rank 0] -  Total Epoch Time: 1591.97s
[2025-11-17 20:30:26][INFO][Rank 0] - Epoch 15/24
[2025-11-17 20:30:26][INFO][Rank 0] - ----------
[2025-11-17 20:30:26][INFO][Rank 0] - CUDA Memory [train][Step 0]: Device 0: Allocated: 3309.6 MB, Reserved: 117540.0 MB (Δ: +1687.0 MB)
[2025-11-17 20:30:26][INFO][Rank 0] - train phase: total 1936 batches
[2025-11-17 20:30:27][INFO][Rank 0] - train Epoch 15/24: 0.0% (0/1936)
[2025-11-17 20:30:34][INFO][Rank 0] - train Epoch 15/24: 0.5% (10/1936)
[2025-11-17 20:30:41][INFO][Rank 0] - train Epoch 15/24: 1.0% (20/1936)
[2025-11-17 20:30:48][INFO][Rank 0] - train Epoch 15/24: 1.5% (30/1936)
[2025-11-17 20:30:55][INFO][Rank 0] - train Epoch 15/24: 2.1% (40/1936)
[2025-11-17 20:31:02][INFO][Rank 0] - train Epoch 15/24: 2.6% (50/1936)
[2025-11-17 20:31:09][INFO][Rank 0] - train Epoch 15/24: 3.1% (60/1936)
[2025-11-17 20:31:16][INFO][Rank 0] - train Epoch 15/24: 3.6% (70/1936)
[2025-11-17 20:31:23][INFO][Rank 0] - train Epoch 15/24: 4.1% (80/1936)
[2025-11-17 20:31:30][INFO][Rank 0] - train Epoch 15/24: 4.6% (90/1936)
[2025-11-17 20:31:31][INFO][Rank 0] - CUDA Memory [train][Step 90]: Device 0: Allocated: 3309.6 MB, Reserved: 117540.0 MB (Δ: +1687.0 MB)
[2025-11-17 20:31:37][INFO][Rank 0] - train Epoch 15/24: 5.2% (100/1936)
[2025-11-17 20:31:45][INFO][Rank 0] - train Epoch 15/24: 5.7% (110/1936)
[2025-11-17 20:31:52][INFO][Rank 0] - train Epoch 15/24: 6.2% (120/1936)
[2025-11-17 20:31:59][INFO][Rank 0] - train Epoch 15/24: 6.7% (130/1936)
[2025-11-17 20:32:06][INFO][Rank 0] - train Epoch 15/24: 7.2% (140/1936)
[2025-11-17 20:32:13][INFO][Rank 0] - train Epoch 15/24: 7.7% (150/1936)
[2025-11-17 20:32:20][INFO][Rank 0] - train Epoch 15/24: 8.3% (160/1936)
[2025-11-17 20:32:27][INFO][Rank 0] - train Epoch 15/24: 8.8% (170/1936)
[2025-11-17 20:32:34][INFO][Rank 0] - train Epoch 15/24: 9.3% (180/1936)
[2025-11-17 20:32:35][INFO][Rank 0] - CUDA Memory [train][Step 180]: Device 0: Allocated: 3309.6 MB, Reserved: 117540.0 MB (Δ: +1687.0 MB)
[2025-11-17 20:32:41][INFO][Rank 0] - train Epoch 15/24: 9.8% (190/1936)
[2025-11-17 20:32:48][INFO][Rank 0] - train Epoch 15/24: 10.3% (200/1936)
[2025-11-17 20:32:55][INFO][Rank 0] - train Epoch 15/24: 10.8% (210/1936)
[2025-11-17 20:33:02][INFO][Rank 0] - train Epoch 15/24: 11.4% (220/1936)
[2025-11-17 20:33:09][INFO][Rank 0] - train Epoch 15/24: 11.9% (230/1936)
[2025-11-17 20:33:16][INFO][Rank 0] - train Epoch 15/24: 12.4% (240/1936)
[2025-11-17 20:33:23][INFO][Rank 0] - train Epoch 15/24: 12.9% (250/1936)
[2025-11-17 20:33:30][INFO][Rank 0] - train Epoch 15/24: 13.4% (260/1936)
[2025-11-17 20:33:37][INFO][Rank 0] - train Epoch 15/24: 13.9% (270/1936)
[2025-11-17 20:33:38][INFO][Rank 0] - CUDA Memory [train][Step 270]: Device 0: Allocated: 3309.6 MB, Reserved: 117540.0 MB (Δ: +1687.0 MB)
[2025-11-17 20:33:44][INFO][Rank 0] - train Epoch 15/24: 14.5% (280/1936)
[2025-11-17 20:33:51][INFO][Rank 0] - train Epoch 15/24: 15.0% (290/1936)
[2025-11-17 20:33:58][INFO][Rank 0] - train Epoch 15/24: 15.5% (300/1936)
[2025-11-17 20:34:05][INFO][Rank 0] - train Epoch 15/24: 16.0% (310/1936)
[2025-11-17 20:34:13][INFO][Rank 0] - train Epoch 15/24: 16.5% (320/1936)
[2025-11-17 20:34:20][INFO][Rank 0] - train Epoch 15/24: 17.0% (330/1936)
[2025-11-17 20:34:27][INFO][Rank 0] - train Epoch 15/24: 17.6% (340/1936)
[2025-11-17 20:34:34][INFO][Rank 0] - train Epoch 15/24: 18.1% (350/1936)
[2025-11-17 20:34:41][INFO][Rank 0] - train Epoch 15/24: 18.6% (360/1936)
[2025-11-17 20:34:41][INFO][Rank 0] - CUDA Memory [train][Step 360]: Device 0: Allocated: 3309.6 MB, Reserved: 117540.0 MB (Δ: +1687.0 MB)
[2025-11-17 20:34:48][INFO][Rank 0] - train Epoch 15/24: 19.1% (370/1936)
[2025-11-17 20:34:55][INFO][Rank 0] - train Epoch 15/24: 19.6% (380/1936)
[2025-11-17 20:35:02][INFO][Rank 0] - train Epoch 15/24: 20.1% (390/1936)
[2025-11-17 20:35:09][INFO][Rank 0] - train Epoch 15/24: 20.7% (400/1936)
[2025-11-17 20:35:16][INFO][Rank 0] - train Epoch 15/24: 21.2% (410/1936)
[2025-11-17 20:35:23][INFO][Rank 0] - train Epoch 15/24: 21.7% (420/1936)
[2025-11-17 20:35:30][INFO][Rank 0] - train Epoch 15/24: 22.2% (430/1936)
[2025-11-17 20:35:37][INFO][Rank 0] - train Epoch 15/24: 22.7% (440/1936)
[2025-11-17 20:35:44][INFO][Rank 0] - train Epoch 15/24: 23.2% (450/1936)
[2025-11-17 20:35:45][INFO][Rank 0] - CUDA Memory [train][Step 450]: Device 0: Allocated: 3309.6 MB, Reserved: 117540.0 MB (Δ: +1687.0 MB)
[2025-11-17 20:35:51][INFO][Rank 0] - train Epoch 15/24: 23.8% (460/1936)
[2025-11-17 20:35:58][INFO][Rank 0] - train Epoch 15/24: 24.3% (470/1936)
[2025-11-17 20:36:05][INFO][Rank 0] - train Epoch 15/24: 24.8% (480/1936)
[2025-11-17 20:36:12][INFO][Rank 0] - train Epoch 15/24: 25.3% (490/1936)
[2025-11-17 20:36:19][INFO][Rank 0] - train Epoch 15/24: 25.8% (500/1936)
[2025-11-17 20:36:26][INFO][Rank 0] - train Epoch 15/24: 26.3% (510/1936)
[2025-11-17 20:36:33][INFO][Rank 0] - train Epoch 15/24: 26.9% (520/1936)
[2025-11-17 20:36:41][INFO][Rank 0] - train Epoch 15/24: 27.4% (530/1936)
[2025-11-17 20:36:48][INFO][Rank 0] - train Epoch 15/24: 27.9% (540/1936)
[2025-11-17 20:36:48][INFO][Rank 0] - CUDA Memory [train][Step 540]: Device 0: Allocated: 3309.6 MB, Reserved: 117540.0 MB (Δ: +1687.0 MB)
[2025-11-17 20:36:55][INFO][Rank 0] - train Epoch 15/24: 28.4% (550/1936)
[2025-11-17 20:37:02][INFO][Rank 0] - train Epoch 15/24: 28.9% (560/1936)
[2025-11-17 20:37:09][INFO][Rank 0] - train Epoch 15/24: 29.4% (570/1936)
[2025-11-17 20:37:16][INFO][Rank 0] - train Epoch 15/24: 30.0% (580/1936)
[2025-11-17 20:37:23][INFO][Rank 0] - train Epoch 15/24: 30.5% (590/1936)
[2025-11-17 20:37:30][INFO][Rank 0] - train Epoch 15/24: 31.0% (600/1936)
[2025-11-17 20:37:37][INFO][Rank 0] - train Epoch 15/24: 31.5% (610/1936)
[2025-11-17 20:37:44][INFO][Rank 0] - train Epoch 15/24: 32.0% (620/1936)
[2025-11-17 20:37:51][INFO][Rank 0] - train Epoch 15/24: 32.5% (630/1936)
[2025-11-17 20:37:52][INFO][Rank 0] - CUDA Memory [train][Step 630]: Device 0: Allocated: 3309.6 MB, Reserved: 117540.0 MB (Δ: +1687.0 MB)
[2025-11-17 20:37:58][INFO][Rank 0] - train Epoch 15/24: 33.1% (640/1936)
[2025-11-17 20:38:05][INFO][Rank 0] - train Epoch 15/24: 33.6% (650/1936)
[2025-11-17 20:38:12][INFO][Rank 0] - train Epoch 15/24: 34.1% (660/1936)
[2025-11-17 20:38:19][INFO][Rank 0] - train Epoch 15/24: 34.6% (670/1936)
[2025-11-17 20:38:26][INFO][Rank 0] - train Epoch 15/24: 35.1% (680/1936)
[2025-11-17 20:38:33][INFO][Rank 0] - train Epoch 15/24: 35.6% (690/1936)
[2025-11-17 20:38:40][INFO][Rank 0] - train Epoch 15/24: 36.2% (700/1936)
[2025-11-17 20:38:47][INFO][Rank 0] - train Epoch 15/24: 36.7% (710/1936)
[2025-11-17 20:38:54][INFO][Rank 0] - train Epoch 15/24: 37.2% (720/1936)
[2025-11-17 20:38:55][INFO][Rank 0] - CUDA Memory [train][Step 720]: Device 0: Allocated: 3309.6 MB, Reserved: 117540.0 MB (Δ: +1687.0 MB)
[2025-11-17 20:39:02][INFO][Rank 0] - train Epoch 15/24: 37.7% (730/1936)
[2025-11-17 20:39:09][INFO][Rank 0] - train Epoch 15/24: 38.2% (740/1936)
[2025-11-17 20:39:16][INFO][Rank 0] - train Epoch 15/24: 38.7% (750/1936)
[2025-11-17 20:39:23][INFO][Rank 0] - train Epoch 15/24: 39.3% (760/1936)
[2025-11-17 20:39:30][INFO][Rank 0] - train Epoch 15/24: 39.8% (770/1936)
[2025-11-17 20:39:37][INFO][Rank 0] - train Epoch 15/24: 40.3% (780/1936)
[2025-11-17 20:39:44][INFO][Rank 0] - train Epoch 15/24: 40.8% (790/1936)
[2025-11-17 20:39:51][INFO][Rank 0] - train Epoch 15/24: 41.3% (800/1936)
[2025-11-17 20:39:58][INFO][Rank 0] - train Epoch 15/24: 41.8% (810/1936)
[2025-11-17 20:39:59][INFO][Rank 0] - CUDA Memory [train][Step 810]: Device 0: Allocated: 3309.6 MB, Reserved: 117540.0 MB (Δ: +1687.0 MB)
[2025-11-17 20:40:05][INFO][Rank 0] - train Epoch 15/24: 42.4% (820/1936)
[2025-11-17 20:40:12][INFO][Rank 0] - train Epoch 15/24: 42.9% (830/1936)
[2025-11-17 20:40:19][INFO][Rank 0] - train Epoch 15/24: 43.4% (840/1936)
[2025-11-17 20:40:26][INFO][Rank 0] - train Epoch 15/24: 43.9% (850/1936)
[2025-11-17 20:40:33][INFO][Rank 0] - train Epoch 15/24: 44.4% (860/1936)
[2025-11-17 20:40:40][INFO][Rank 0] - train Epoch 15/24: 44.9% (870/1936)
[2025-11-17 20:40:47][INFO][Rank 0] - train Epoch 15/24: 45.5% (880/1936)
[2025-11-17 20:40:54][INFO][Rank 0] - train Epoch 15/24: 46.0% (890/1936)
[2025-11-17 20:41:01][INFO][Rank 0] - train Epoch 15/24: 46.5% (900/1936)
[2025-11-17 20:41:02][INFO][Rank 0] - CUDA Memory [train][Step 900]: Device 0: Allocated: 3309.6 MB, Reserved: 117540.0 MB (Δ: +1687.0 MB)
[2025-11-17 20:41:08][INFO][Rank 0] - train Epoch 15/24: 47.0% (910/1936)
[2025-11-17 20:41:15][INFO][Rank 0] - train Epoch 15/24: 47.5% (920/1936)
[2025-11-17 20:41:22][INFO][Rank 0] - train Epoch 15/24: 48.0% (930/1936)
[2025-11-17 20:41:30][INFO][Rank 0] - train Epoch 15/24: 48.6% (940/1936)
[2025-11-17 20:41:37][INFO][Rank 0] - train Epoch 15/24: 49.1% (950/1936)
[2025-11-17 20:41:44][INFO][Rank 0] - train Epoch 15/24: 49.6% (960/1936)
[2025-11-17 20:41:51][INFO][Rank 0] - train Epoch 15/24: 50.1% (970/1936)
[2025-11-17 20:41:58][INFO][Rank 0] - train Epoch 15/24: 50.6% (980/1936)
[2025-11-17 20:42:05][INFO][Rank 0] - train Epoch 15/24: 51.1% (990/1936)
[2025-11-17 20:42:05][INFO][Rank 0] - CUDA Memory [train][Step 990]: Device 0: Allocated: 3309.6 MB, Reserved: 117540.0 MB (Δ: +1687.0 MB)
[2025-11-17 20:42:12][INFO][Rank 0] - train Epoch 15/24: 51.7% (1000/1936)
[2025-11-17 20:42:19][INFO][Rank 0] - train Epoch 15/24: 52.2% (1010/1936)
[2025-11-17 20:42:26][INFO][Rank 0] - train Epoch 15/24: 52.7% (1020/1936)
[2025-11-17 20:42:33][INFO][Rank 0] - train Epoch 15/24: 53.2% (1030/1936)
[2025-11-17 20:42:40][INFO][Rank 0] - train Epoch 15/24: 53.7% (1040/1936)
[2025-11-17 20:42:47][INFO][Rank 0] - train Epoch 15/24: 54.2% (1050/1936)
[2025-11-17 20:42:54][INFO][Rank 0] - train Epoch 15/24: 54.8% (1060/1936)
[2025-11-17 20:43:01][INFO][Rank 0] - train Epoch 15/24: 55.3% (1070/1936)
[2025-11-17 20:43:08][INFO][Rank 0] - train Epoch 15/24: 55.8% (1080/1936)
[2025-11-17 20:43:09][INFO][Rank 0] - CUDA Memory [train][Step 1080]: Device 0: Allocated: 3309.6 MB, Reserved: 117540.0 MB (Δ: +1687.0 MB)
[2025-11-17 20:43:15][INFO][Rank 0] - train Epoch 15/24: 56.3% (1090/1936)
[2025-11-17 20:43:22][INFO][Rank 0] - train Epoch 15/24: 56.8% (1100/1936)
[2025-11-17 20:43:29][INFO][Rank 0] - train Epoch 15/24: 57.3% (1110/1936)
[2025-11-17 20:43:36][INFO][Rank 0] - train Epoch 15/24: 57.9% (1120/1936)
[2025-11-17 20:43:43][INFO][Rank 0] - train Epoch 15/24: 58.4% (1130/1936)
[2025-11-17 20:43:50][INFO][Rank 0] - train Epoch 15/24: 58.9% (1140/1936)
[2025-11-17 20:43:58][INFO][Rank 0] - train Epoch 15/24: 59.4% (1150/1936)
[2025-11-17 20:44:05][INFO][Rank 0] - train Epoch 15/24: 59.9% (1160/1936)
[2025-11-17 20:44:12][INFO][Rank 0] - train Epoch 15/24: 60.4% (1170/1936)
[2025-11-17 20:44:12][INFO][Rank 0] - CUDA Memory [train][Step 1170]: Device 0: Allocated: 3309.6 MB, Reserved: 117540.0 MB (Δ: +1687.0 MB)
[2025-11-17 20:44:19][INFO][Rank 0] - train Epoch 15/24: 61.0% (1180/1936)
[2025-11-17 20:44:26][INFO][Rank 0] - train Epoch 15/24: 61.5% (1190/1936)
[2025-11-17 20:44:33][INFO][Rank 0] - train Epoch 15/24: 62.0% (1200/1936)
[2025-11-17 20:44:40][INFO][Rank 0] - train Epoch 15/24: 62.5% (1210/1936)
[2025-11-17 20:44:47][INFO][Rank 0] - train Epoch 15/24: 63.0% (1220/1936)
[2025-11-17 20:44:54][INFO][Rank 0] - train Epoch 15/24: 63.5% (1230/1936)
[2025-11-17 20:45:01][INFO][Rank 0] - train Epoch 15/24: 64.0% (1240/1936)
[2025-11-17 20:45:08][INFO][Rank 0] - train Epoch 15/24: 64.6% (1250/1936)
[2025-11-17 20:45:15][INFO][Rank 0] - train Epoch 15/24: 65.1% (1260/1936)
[2025-11-17 20:45:16][INFO][Rank 0] - CUDA Memory [train][Step 1260]: Device 0: Allocated: 3309.6 MB, Reserved: 117540.0 MB (Δ: +1687.0 MB)
[2025-11-17 20:45:22][INFO][Rank 0] - train Epoch 15/24: 65.6% (1270/1936)
[2025-11-17 20:45:29][INFO][Rank 0] - train Epoch 15/24: 66.1% (1280/1936)
[2025-11-17 20:45:36][INFO][Rank 0] - train Epoch 15/24: 66.6% (1290/1936)
[2025-11-17 20:45:43][INFO][Rank 0] - train Epoch 15/24: 67.1% (1300/1936)
[2025-11-17 20:45:50][INFO][Rank 0] - train Epoch 15/24: 67.7% (1310/1936)
[2025-11-17 20:45:57][INFO][Rank 0] - train Epoch 15/24: 68.2% (1320/1936)
[2025-11-17 20:46:04][INFO][Rank 0] - train Epoch 15/24: 68.7% (1330/1936)
[2025-11-17 20:46:11][INFO][Rank 0] - train Epoch 15/24: 69.2% (1340/1936)
[2025-11-17 20:46:18][INFO][Rank 0] - train Epoch 15/24: 69.7% (1350/1936)
[2025-11-17 20:46:19][INFO][Rank 0] - CUDA Memory [train][Step 1350]: Device 0: Allocated: 3309.6 MB, Reserved: 117540.0 MB (Δ: +1687.0 MB)
[2025-11-17 20:46:26][INFO][Rank 0] - train Epoch 15/24: 70.2% (1360/1936)
[2025-11-17 20:46:33][INFO][Rank 0] - train Epoch 15/24: 70.8% (1370/1936)
[2025-11-17 20:46:40][INFO][Rank 0] - train Epoch 15/24: 71.3% (1380/1936)
[2025-11-17 20:46:47][INFO][Rank 0] - train Epoch 15/24: 71.8% (1390/1936)
[2025-11-17 20:46:54][INFO][Rank 0] - train Epoch 15/24: 72.3% (1400/1936)
[2025-11-17 20:47:01][INFO][Rank 0] - train Epoch 15/24: 72.8% (1410/1936)
[2025-11-17 20:47:08][INFO][Rank 0] - train Epoch 15/24: 73.3% (1420/1936)
[2025-11-17 20:47:15][INFO][Rank 0] - train Epoch 15/24: 73.9% (1430/1936)
[2025-11-17 20:47:22][INFO][Rank 0] - train Epoch 15/24: 74.4% (1440/1936)
[2025-11-17 20:47:23][INFO][Rank 0] - CUDA Memory [train][Step 1440]: Device 0: Allocated: 3309.6 MB, Reserved: 117540.0 MB (Δ: +1687.0 MB)
[2025-11-17 20:47:29][INFO][Rank 0] - train Epoch 15/24: 74.9% (1450/1936)
[2025-11-17 20:47:36][INFO][Rank 0] - train Epoch 15/24: 75.4% (1460/1936)
[2025-11-17 20:47:43][INFO][Rank 0] - train Epoch 15/24: 75.9% (1470/1936)
[2025-11-17 20:47:50][INFO][Rank 0] - train Epoch 15/24: 76.4% (1480/1936)
[2025-11-17 20:47:57][INFO][Rank 0] - train Epoch 15/24: 77.0% (1490/1936)
[2025-11-17 20:48:04][INFO][Rank 0] - train Epoch 15/24: 77.5% (1500/1936)
[2025-11-17 20:48:11][INFO][Rank 0] - train Epoch 15/24: 78.0% (1510/1936)
[2025-11-17 20:48:18][INFO][Rank 0] - train Epoch 15/24: 78.5% (1520/1936)
[2025-11-17 20:48:25][INFO][Rank 0] - train Epoch 15/24: 79.0% (1530/1936)
[2025-11-17 20:48:26][INFO][Rank 0] - CUDA Memory [train][Step 1530]: Device 0: Allocated: 3309.6 MB, Reserved: 117540.0 MB (Δ: +1687.0 MB)
[2025-11-17 20:48:32][INFO][Rank 0] - train Epoch 15/24: 79.5% (1540/1936)
[2025-11-17 20:48:39][INFO][Rank 0] - train Epoch 15/24: 80.1% (1550/1936)
[2025-11-17 20:48:47][INFO][Rank 0] - train Epoch 15/24: 80.6% (1560/1936)
[2025-11-17 20:48:54][INFO][Rank 0] - train Epoch 15/24: 81.1% (1570/1936)
[2025-11-17 20:49:01][INFO][Rank 0] - train Epoch 15/24: 81.6% (1580/1936)
[2025-11-17 20:49:08][INFO][Rank 0] - train Epoch 15/24: 82.1% (1590/1936)
[2025-11-17 20:49:15][INFO][Rank 0] - train Epoch 15/24: 82.6% (1600/1936)
[2025-11-17 20:49:22][INFO][Rank 0] - train Epoch 15/24: 83.2% (1610/1936)
[2025-11-17 20:49:29][INFO][Rank 0] - train Epoch 15/24: 83.7% (1620/1936)
[2025-11-17 20:49:30][INFO][Rank 0] - CUDA Memory [train][Step 1620]: Device 0: Allocated: 3309.6 MB, Reserved: 117540.0 MB (Δ: +1687.0 MB)
[2025-11-17 20:49:36][INFO][Rank 0] - train Epoch 15/24: 84.2% (1630/1936)
[2025-11-17 20:49:43][INFO][Rank 0] - train Epoch 15/24: 84.7% (1640/1936)
[2025-11-17 20:49:50][INFO][Rank 0] - train Epoch 15/24: 85.2% (1650/1936)
[2025-11-17 20:49:57][INFO][Rank 0] - train Epoch 15/24: 85.7% (1660/1936)
[2025-11-17 20:50:04][INFO][Rank 0] - train Epoch 15/24: 86.3% (1670/1936)
[2025-11-17 20:50:11][INFO][Rank 0] - train Epoch 15/24: 86.8% (1680/1936)
[2025-11-17 20:50:18][INFO][Rank 0] - train Epoch 15/24: 87.3% (1690/1936)
[2025-11-17 20:50:25][INFO][Rank 0] - train Epoch 15/24: 87.8% (1700/1936)
[2025-11-17 20:50:32][INFO][Rank 0] - train Epoch 15/24: 88.3% (1710/1936)
[2025-11-17 20:50:33][INFO][Rank 0] - CUDA Memory [train][Step 1710]: Device 0: Allocated: 3309.6 MB, Reserved: 117540.0 MB (Δ: +1687.0 MB)
[2025-11-17 20:50:39][INFO][Rank 0] - train Epoch 15/24: 88.8% (1720/1936)
[2025-11-17 20:50:46][INFO][Rank 0] - train Epoch 15/24: 89.4% (1730/1936)
[2025-11-17 20:50:53][INFO][Rank 0] - train Epoch 15/24: 89.9% (1740/1936)
[2025-11-17 20:51:00][INFO][Rank 0] - train Epoch 15/24: 90.4% (1750/1936)
[2025-11-17 20:51:07][INFO][Rank 0] - train Epoch 15/24: 90.9% (1760/1936)
[2025-11-17 20:51:15][INFO][Rank 0] - train Epoch 15/24: 91.4% (1770/1936)
[2025-11-17 20:51:22][INFO][Rank 0] - train Epoch 15/24: 91.9% (1780/1936)
[2025-11-17 20:51:29][INFO][Rank 0] - train Epoch 15/24: 92.5% (1790/1936)
[2025-11-17 20:51:36][INFO][Rank 0] - train Epoch 15/24: 93.0% (1800/1936)
[2025-11-17 20:51:36][INFO][Rank 0] - CUDA Memory [train][Step 1800]: Device 0: Allocated: 3309.6 MB, Reserved: 117540.0 MB (Δ: +1687.0 MB)
[2025-11-17 20:51:43][INFO][Rank 0] - train Epoch 15/24: 93.5% (1810/1936)
[2025-11-17 20:51:50][INFO][Rank 0] - train Epoch 15/24: 94.0% (1820/1936)
[2025-11-17 20:51:57][INFO][Rank 0] - train Epoch 15/24: 94.5% (1830/1936)
[2025-11-17 20:52:04][INFO][Rank 0] - train Epoch 15/24: 95.0% (1840/1936)
[2025-11-17 20:52:11][INFO][Rank 0] - train Epoch 15/24: 95.6% (1850/1936)
[2025-11-17 20:52:18][INFO][Rank 0] - train Epoch 15/24: 96.1% (1860/1936)
[2025-11-17 20:52:25][INFO][Rank 0] - train Epoch 15/24: 96.6% (1870/1936)
[2025-11-17 20:52:32][INFO][Rank 0] - train Epoch 15/24: 97.1% (1880/1936)
[2025-11-17 20:52:39][INFO][Rank 0] - train Epoch 15/24: 97.6% (1890/1936)
[2025-11-17 20:52:40][INFO][Rank 0] - CUDA Memory [train][Step 1890]: Device 0: Allocated: 3309.6 MB, Reserved: 117540.0 MB (Δ: +1687.0 MB)
[2025-11-17 20:52:46][INFO][Rank 0] - train Epoch 15/24: 98.1% (1900/1936)
[2025-11-17 20:52:53][INFO][Rank 0] - train Epoch 15/24: 98.7% (1910/1936)
[2025-11-17 20:53:00][INFO][Rank 0] - train Epoch 15/24: 99.2% (1920/1936)
[2025-11-17 20:53:07][INFO][Rank 0] - train Epoch 15/24: 99.7% (1930/1936)
[2025-11-17 20:53:11][INFO][Rank 0] - train Epoch 15/24: 99.9% (1935/1936)
[2025-11-17 20:53:12][INFO][Rank 0] - train Loss: 0.1457 Acc: 0.9751 F1: 0.9871
[2025-11-17 20:53:12][INFO][Rank 0] - train Balanced Acc: 0.9038 AUC-ROC: 0.9702
[2025-11-17 20:53:12][INFO][Rank 0] - train Sensitivity: 0.9789 Specificity: 0.8287
[2025-11-17 20:53:12][INFO][Rank 0] - train Confusion Matrix: TP=18461, FP=86, FN=397, TN=416
[2025-11-17 20:53:12][INFO][Rank 0] - train completed in 1365.13s
[2025-11-17 20:53:12][INFO][Rank 0] - Data loading time: 1.20s, Forward time: 278.00s, Backward time: 739.25s
[2025-11-17 20:53:12][INFO][Rank 0] - train cache: 0/1 items, hit rate: 0.00%
[2025-11-17 20:53:12][INFO][Rank 0] - CUDA Memory [val][Step 0]: Device 0: Allocated: 3309.6 MB, Reserved: 117540.0 MB (Δ: +1687.0 MB)
[2025-11-17 20:53:12][INFO][Rank 0] - val phase: total 418 batches
[2025-11-17 20:53:12][INFO][Rank 0] - val Epoch 15/24: 0.0% (0/418)
[2025-11-17 20:53:17][INFO][Rank 0] - val Epoch 15/24: 2.4% (10/418)
[2025-11-17 20:53:22][INFO][Rank 0] - val Epoch 15/24: 4.8% (20/418)
[2025-11-17 20:53:27][INFO][Rank 0] - val Epoch 15/24: 7.2% (30/418)
[2025-11-17 20:53:32][INFO][Rank 0] - val Epoch 15/24: 9.6% (40/418)
[2025-11-17 20:53:37][INFO][Rank 0] - val Epoch 15/24: 12.0% (50/418)
[2025-11-17 20:53:42][INFO][Rank 0] - val Epoch 15/24: 14.4% (60/418)
[2025-11-17 20:53:47][INFO][Rank 0] - val Epoch 15/24: 16.7% (70/418)
[2025-11-17 20:53:52][INFO][Rank 0] - val Epoch 15/24: 19.1% (80/418)
[2025-11-17 20:53:57][INFO][Rank 0] - val Epoch 15/24: 21.5% (90/418)
[2025-11-17 20:54:02][INFO][Rank 0] - val Epoch 15/24: 23.9% (100/418)
[2025-11-17 20:54:07][INFO][Rank 0] - val Epoch 15/24: 26.3% (110/418)
[2025-11-17 20:54:12][INFO][Rank 0] - val Epoch 15/24: 28.7% (120/418)
[2025-11-17 20:54:12][INFO][Rank 0] - CUDA Memory [val][Step 120]: Device 0: Allocated: 3309.6 MB, Reserved: 117540.0 MB (Δ: +1687.0 MB)
[2025-11-17 20:54:17][INFO][Rank 0] - val Epoch 15/24: 31.1% (130/418)
[2025-11-17 20:54:22][INFO][Rank 0] - val Epoch 15/24: 33.5% (140/418)
[2025-11-17 20:54:27][INFO][Rank 0] - val Epoch 15/24: 35.9% (150/418)
[2025-11-17 20:54:32][INFO][Rank 0] - val Epoch 15/24: 38.3% (160/418)
[2025-11-17 20:54:37][INFO][Rank 0] - val Epoch 15/24: 40.7% (170/418)
[2025-11-17 20:54:42][INFO][Rank 0] - val Epoch 15/24: 43.1% (180/418)
[2025-11-17 20:54:47][INFO][Rank 0] - val Epoch 15/24: 45.5% (190/418)
[2025-11-17 20:54:52][INFO][Rank 0] - val Epoch 15/24: 47.8% (200/418)
[2025-11-17 20:54:57][INFO][Rank 0] - val Epoch 15/24: 50.2% (210/418)
[2025-11-17 20:55:02][INFO][Rank 0] - val Epoch 15/24: 52.6% (220/418)
[2025-11-17 20:55:07][INFO][Rank 0] - val Epoch 15/24: 55.0% (230/418)
[2025-11-17 20:55:12][INFO][Rank 0] - val Epoch 15/24: 57.4% (240/418)
[2025-11-17 20:55:12][INFO][Rank 0] - CUDA Memory [val][Step 240]: Device 0: Allocated: 3309.6 MB, Reserved: 117540.0 MB (Δ: +1687.0 MB)
[2025-11-17 20:55:17][INFO][Rank 0] - val Epoch 15/24: 59.8% (250/418)
[2025-11-17 20:55:22][INFO][Rank 0] - val Epoch 15/24: 62.2% (260/418)
[2025-11-17 20:55:27][INFO][Rank 0] - val Epoch 15/24: 64.6% (270/418)
[2025-11-17 20:55:32][INFO][Rank 0] - val Epoch 15/24: 67.0% (280/418)
[2025-11-17 20:55:37][INFO][Rank 0] - val Epoch 15/24: 69.4% (290/418)
[2025-11-17 20:55:42][INFO][Rank 0] - val Epoch 15/24: 71.8% (300/418)
[2025-11-17 20:55:47][INFO][Rank 0] - val Epoch 15/24: 74.2% (310/418)
[2025-11-17 20:55:52][INFO][Rank 0] - val Epoch 15/24: 76.6% (320/418)
[2025-11-17 20:55:57][INFO][Rank 0] - val Epoch 15/24: 78.9% (330/418)
[2025-11-17 20:56:02][INFO][Rank 0] - val Epoch 15/24: 81.3% (340/418)
[2025-11-17 20:56:07][INFO][Rank 0] - val Epoch 15/24: 83.7% (350/418)
[2025-11-17 20:56:12][INFO][Rank 0] - val Epoch 15/24: 86.1% (360/418)
[2025-11-17 20:56:12][INFO][Rank 0] - CUDA Memory [val][Step 360]: Device 0: Allocated: 3309.6 MB, Reserved: 117540.0 MB (Δ: +1687.0 MB)
[2025-11-17 20:56:17][INFO][Rank 0] - val Epoch 15/24: 88.5% (370/418)
[2025-11-17 20:56:22][INFO][Rank 0] - val Epoch 15/24: 90.9% (380/418)
[2025-11-17 20:56:27][INFO][Rank 0] - val Epoch 15/24: 93.3% (390/418)
[2025-11-17 20:56:32][INFO][Rank 0] - val Epoch 15/24: 95.7% (400/418)
[2025-11-17 20:56:37][INFO][Rank 0] - val Epoch 15/24: 98.1% (410/418)
[2025-11-17 20:56:40][INFO][Rank 0] - val Epoch 15/24: 99.8% (417/418)
[2025-11-17 20:56:41][INFO][Rank 0] - val Loss: 0.1083 Acc: 0.9751 F1: 0.9871
[2025-11-17 20:56:41][INFO][Rank 0] - val Balanced Acc: 0.8754 AUC-ROC: 0.9823
[2025-11-17 20:56:41][INFO][Rank 0] - val Sensitivity: 0.9808 Specificity: 0.7699
[2025-11-17 20:56:41][INFO][Rank 0] - val Confusion Matrix: TP=3989, FP=26, FN=78, TN=87
[2025-11-17 20:56:41][INFO][Rank 0] - val completed in 209.29s
[2025-11-17 20:56:41][INFO][Rank 0] - val cache: 0/1 items, hit rate: 0.00%
[2025-11-17 20:56:45][INFO][Rank 0] - Saved new best auc model with auc: 0.9823 at /projects/retprogression/rgarridogarcia/checkpoints/cropped1024_cropped_centered_wt_allR_4/best_auc_model.pth
[2025-11-17 20:56:48][INFO][Rank 0] - Saved epoch checkpoint at /projects/retprogression/rgarridogarcia/checkpoints/cropped1024_cropped_centered_wt_allR_4/epoch_15.pth
[2025-11-17 20:56:48][INFO][Rank 0] - Epoch 15 summary:
[2025-11-17 20:56:48][INFO][Rank 0] -  Train Loss: 0.1457, Train Acc: 0.9751, Train F1: 0.9871
[2025-11-17 20:56:48][INFO][Rank 0] -  Train Balanced Acc: 0.9038, Train AUC: 0.9702
[2025-11-17 20:56:48][INFO][Rank 0] -  Train Sensitivity: 0.9789, Train Specificity: 0.8287
[2025-11-17 20:56:48][INFO][Rank 0] -  Val Loss: 0.1083, Val Acc: 0.9751, Val F1: 0.9871
[2025-11-17 20:56:48][INFO][Rank 0] -  Val Balanced Acc: 0.8754, Val AUC: 0.9823
[2025-11-17 20:56:48][INFO][Rank 0] -  Val Sensitivity: 0.9808, Val Specificity: 0.7699
[2025-11-17 20:56:48][INFO][Rank 0] -  Total Epoch Time: 1581.92s
[2025-11-17 20:56:48][INFO][Rank 0] - Epoch 16/24
[2025-11-17 20:56:48][INFO][Rank 0] - ----------
[2025-11-17 20:56:48][INFO][Rank 0] - CUDA Memory [train][Step 0]: Device 0: Allocated: 3309.6 MB, Reserved: 117540.0 MB (Δ: +1687.0 MB)
[2025-11-17 20:56:48][INFO][Rank 0] - train phase: total 1936 batches
[2025-11-17 20:56:49][INFO][Rank 0] - train Epoch 16/24: 0.0% (0/1936)
[2025-11-17 20:56:56][INFO][Rank 0] - train Epoch 16/24: 0.5% (10/1936)
[2025-11-17 20:57:03][INFO][Rank 0] - train Epoch 16/24: 1.0% (20/1936)
[2025-11-17 20:57:10][INFO][Rank 0] - train Epoch 16/24: 1.5% (30/1936)
[2025-11-17 20:57:17][INFO][Rank 0] - train Epoch 16/24: 2.1% (40/1936)
[2025-11-17 20:57:24][INFO][Rank 0] - train Epoch 16/24: 2.6% (50/1936)
[2025-11-17 20:57:31][INFO][Rank 0] - train Epoch 16/24: 3.1% (60/1936)
[2025-11-17 20:57:38][INFO][Rank 0] - train Epoch 16/24: 3.6% (70/1936)
[2025-11-17 20:57:45][INFO][Rank 0] - train Epoch 16/24: 4.1% (80/1936)
[2025-11-17 20:57:52][INFO][Rank 0] - train Epoch 16/24: 4.6% (90/1936)
[2025-11-17 20:57:53][INFO][Rank 0] - CUDA Memory [train][Step 90]: Device 0: Allocated: 3309.6 MB, Reserved: 117540.0 MB (Δ: +1687.0 MB)
[2025-11-17 20:57:59][INFO][Rank 0] - train Epoch 16/24: 5.2% (100/1936)
[2025-11-17 20:58:06][INFO][Rank 0] - train Epoch 16/24: 5.7% (110/1936)
[2025-11-17 20:58:13][INFO][Rank 0] - train Epoch 16/24: 6.2% (120/1936)
[2025-11-17 20:58:20][INFO][Rank 0] - train Epoch 16/24: 6.7% (130/1936)
[2025-11-17 20:58:28][INFO][Rank 0] - train Epoch 16/24: 7.2% (140/1936)
[2025-11-17 20:58:35][INFO][Rank 0] - train Epoch 16/24: 7.7% (150/1936)
[2025-11-17 20:58:42][INFO][Rank 0] - train Epoch 16/24: 8.3% (160/1936)
[2025-11-17 20:58:49][INFO][Rank 0] - train Epoch 16/24: 8.8% (170/1936)
[2025-11-17 20:58:56][INFO][Rank 0] - train Epoch 16/24: 9.3% (180/1936)
[2025-11-17 20:58:56][INFO][Rank 0] - CUDA Memory [train][Step 180]: Device 0: Allocated: 3309.6 MB, Reserved: 117540.0 MB (Δ: +1687.0 MB)
[2025-11-17 20:59:03][INFO][Rank 0] - train Epoch 16/24: 9.8% (190/1936)
[2025-11-17 20:59:10][INFO][Rank 0] - train Epoch 16/24: 10.3% (200/1936)
[2025-11-17 20:59:17][INFO][Rank 0] - train Epoch 16/24: 10.8% (210/1936)
[2025-11-17 20:59:24][INFO][Rank 0] - train Epoch 16/24: 11.4% (220/1936)
[2025-11-17 20:59:31][INFO][Rank 0] - train Epoch 16/24: 11.9% (230/1936)
[2025-11-17 20:59:38][INFO][Rank 0] - train Epoch 16/24: 12.4% (240/1936)
[2025-11-17 20:59:45][INFO][Rank 0] - train Epoch 16/24: 12.9% (250/1936)
[2025-11-17 20:59:52][INFO][Rank 0] - train Epoch 16/24: 13.4% (260/1936)
[2025-11-17 20:59:59][INFO][Rank 0] - train Epoch 16/24: 13.9% (270/1936)
[2025-11-17 21:00:00][INFO][Rank 0] - CUDA Memory [train][Step 270]: Device 0: Allocated: 3309.6 MB, Reserved: 117540.0 MB (Δ: +1687.0 MB)
[2025-11-17 21:00:06][INFO][Rank 0] - train Epoch 16/24: 14.5% (280/1936)
[2025-11-17 21:00:13][INFO][Rank 0] - train Epoch 16/24: 15.0% (290/1936)
[2025-11-17 21:00:20][INFO][Rank 0] - train Epoch 16/24: 15.5% (300/1936)
[2025-11-17 21:00:27][INFO][Rank 0] - train Epoch 16/24: 16.0% (310/1936)
[2025-11-17 21:00:34][INFO][Rank 0] - train Epoch 16/24: 16.5% (320/1936)
[2025-11-17 21:00:41][INFO][Rank 0] - train Epoch 16/24: 17.0% (330/1936)
[2025-11-17 21:00:48][INFO][Rank 0] - train Epoch 16/24: 17.6% (340/1936)
[2025-11-17 21:00:55][INFO][Rank 0] - train Epoch 16/24: 18.1% (350/1936)
[2025-11-17 21:01:03][INFO][Rank 0] - train Epoch 16/24: 18.6% (360/1936)
[2025-11-17 21:01:03][INFO][Rank 0] - CUDA Memory [train][Step 360]: Device 0: Allocated: 3309.6 MB, Reserved: 117540.0 MB (Δ: +1687.0 MB)
[2025-11-17 21:01:10][INFO][Rank 0] - train Epoch 16/24: 19.1% (370/1936)
[2025-11-17 21:01:17][INFO][Rank 0] - train Epoch 16/24: 19.6% (380/1936)
[2025-11-17 21:01:24][INFO][Rank 0] - train Epoch 16/24: 20.1% (390/1936)
[2025-11-17 21:01:31][INFO][Rank 0] - train Epoch 16/24: 20.7% (400/1936)
[2025-11-17 21:01:38][INFO][Rank 0] - train Epoch 16/24: 21.2% (410/1936)
[2025-11-17 21:01:45][INFO][Rank 0] - train Epoch 16/24: 21.7% (420/1936)
[2025-11-17 21:01:52][INFO][Rank 0] - train Epoch 16/24: 22.2% (430/1936)
[2025-11-17 21:01:59][INFO][Rank 0] - train Epoch 16/24: 22.7% (440/1936)
[2025-11-17 21:02:06][INFO][Rank 0] - train Epoch 16/24: 23.2% (450/1936)
[2025-11-17 21:02:07][INFO][Rank 0] - CUDA Memory [train][Step 450]: Device 0: Allocated: 3309.6 MB, Reserved: 117540.0 MB (Δ: +1687.0 MB)
[2025-11-17 21:02:13][INFO][Rank 0] - train Epoch 16/24: 23.8% (460/1936)
[2025-11-17 21:02:20][INFO][Rank 0] - train Epoch 16/24: 24.3% (470/1936)
[2025-11-17 21:02:27][INFO][Rank 0] - train Epoch 16/24: 24.8% (480/1936)
[2025-11-17 21:02:34][INFO][Rank 0] - train Epoch 16/24: 25.3% (490/1936)
[2025-11-17 21:02:41][INFO][Rank 0] - train Epoch 16/24: 25.8% (500/1936)
[2025-11-17 21:02:48][INFO][Rank 0] - train Epoch 16/24: 26.3% (510/1936)
[2025-11-17 21:02:55][INFO][Rank 0] - train Epoch 16/24: 26.9% (520/1936)
[2025-11-17 21:03:02][INFO][Rank 0] - train Epoch 16/24: 27.4% (530/1936)
[2025-11-17 21:03:09][INFO][Rank 0] - train Epoch 16/24: 27.9% (540/1936)
[2025-11-17 21:03:10][INFO][Rank 0] - CUDA Memory [train][Step 540]: Device 0: Allocated: 3309.6 MB, Reserved: 117540.0 MB (Δ: +1687.0 MB)
[2025-11-17 21:03:16][INFO][Rank 0] - train Epoch 16/24: 28.4% (550/1936)
[2025-11-17 21:03:24][INFO][Rank 0] - train Epoch 16/24: 28.9% (560/1936)
[2025-11-17 21:03:31][INFO][Rank 0] - train Epoch 16/24: 29.4% (570/1936)
[2025-11-17 21:03:38][INFO][Rank 0] - train Epoch 16/24: 30.0% (580/1936)
[2025-11-17 21:03:45][INFO][Rank 0] - train Epoch 16/24: 30.5% (590/1936)
[2025-11-17 21:03:52][INFO][Rank 0] - train Epoch 16/24: 31.0% (600/1936)
[2025-11-17 21:03:59][INFO][Rank 0] - train Epoch 16/24: 31.5% (610/1936)
[2025-11-17 21:04:06][INFO][Rank 0] - train Epoch 16/24: 32.0% (620/1936)
[2025-11-17 21:04:13][INFO][Rank 0] - train Epoch 16/24: 32.5% (630/1936)
[2025-11-17 21:04:14][INFO][Rank 0] - CUDA Memory [train][Step 630]: Device 0: Allocated: 3309.6 MB, Reserved: 117540.0 MB (Δ: +1687.0 MB)
[2025-11-17 21:04:20][INFO][Rank 0] - train Epoch 16/24: 33.1% (640/1936)
[2025-11-17 21:04:27][INFO][Rank 0] - train Epoch 16/24: 33.6% (650/1936)
[2025-11-17 21:04:34][INFO][Rank 0] - train Epoch 16/24: 34.1% (660/1936)
[2025-11-17 21:04:41][INFO][Rank 0] - train Epoch 16/24: 34.6% (670/1936)
[2025-11-17 21:04:48][INFO][Rank 0] - train Epoch 16/24: 35.1% (680/1936)
[2025-11-17 21:04:55][INFO][Rank 0] - train Epoch 16/24: 35.6% (690/1936)
[2025-11-17 21:05:02][INFO][Rank 0] - train Epoch 16/24: 36.2% (700/1936)
[2025-11-17 21:05:09][INFO][Rank 0] - train Epoch 16/24: 36.7% (710/1936)
[2025-11-17 21:05:16][INFO][Rank 0] - train Epoch 16/24: 37.2% (720/1936)
[2025-11-17 21:05:17][INFO][Rank 0] - CUDA Memory [train][Step 720]: Device 0: Allocated: 3309.6 MB, Reserved: 117540.0 MB (Δ: +1687.0 MB)
[2025-11-17 21:05:23][INFO][Rank 0] - train Epoch 16/24: 37.7% (730/1936)
[2025-11-17 21:05:30][INFO][Rank 0] - train Epoch 16/24: 38.2% (740/1936)
[2025-11-17 21:05:37][INFO][Rank 0] - train Epoch 16/24: 38.7% (750/1936)
[2025-11-17 21:05:44][INFO][Rank 0] - train Epoch 16/24: 39.3% (760/1936)
[2025-11-17 21:05:51][INFO][Rank 0] - train Epoch 16/24: 39.8% (770/1936)
[2025-11-17 21:05:59][INFO][Rank 0] - train Epoch 16/24: 40.3% (780/1936)
[2025-11-17 21:06:06][INFO][Rank 0] - train Epoch 16/24: 40.8% (790/1936)
[2025-11-17 21:06:13][INFO][Rank 0] - train Epoch 16/24: 41.3% (800/1936)
[2025-11-17 21:06:20][INFO][Rank 0] - train Epoch 16/24: 41.8% (810/1936)
[2025-11-17 21:06:20][INFO][Rank 0] - CUDA Memory [train][Step 810]: Device 0: Allocated: 3309.6 MB, Reserved: 117540.0 MB (Δ: +1687.0 MB)
[2025-11-17 21:06:27][INFO][Rank 0] - train Epoch 16/24: 42.4% (820/1936)
[2025-11-17 21:06:34][INFO][Rank 0] - train Epoch 16/24: 42.9% (830/1936)
[2025-11-17 21:06:41][INFO][Rank 0] - train Epoch 16/24: 43.4% (840/1936)
[2025-11-17 21:06:48][INFO][Rank 0] - train Epoch 16/24: 43.9% (850/1936)
[2025-11-17 21:06:55][INFO][Rank 0] - train Epoch 16/24: 44.4% (860/1936)
[2025-11-17 21:07:02][INFO][Rank 0] - train Epoch 16/24: 44.9% (870/1936)
[2025-11-17 21:07:09][INFO][Rank 0] - train Epoch 16/24: 45.5% (880/1936)
[2025-11-17 21:07:16][INFO][Rank 0] - train Epoch 16/24: 46.0% (890/1936)
[2025-11-17 21:07:23][INFO][Rank 0] - train Epoch 16/24: 46.5% (900/1936)
[2025-11-17 21:07:24][INFO][Rank 0] - CUDA Memory [train][Step 900]: Device 0: Allocated: 3309.6 MB, Reserved: 117540.0 MB (Δ: +1687.0 MB)
[2025-11-17 21:07:30][INFO][Rank 0] - train Epoch 16/24: 47.0% (910/1936)
[2025-11-17 21:07:37][INFO][Rank 0] - train Epoch 16/24: 47.5% (920/1936)
[2025-11-17 21:07:44][INFO][Rank 0] - train Epoch 16/24: 48.0% (930/1936)
[2025-11-17 21:07:51][INFO][Rank 0] - train Epoch 16/24: 48.6% (940/1936)
[2025-11-17 21:07:58][INFO][Rank 0] - train Epoch 16/24: 49.1% (950/1936)
[2025-11-17 21:08:05][INFO][Rank 0] - train Epoch 16/24: 49.6% (960/1936)
[2025-11-17 21:08:12][INFO][Rank 0] - train Epoch 16/24: 50.1% (970/1936)
[2025-11-17 21:08:19][INFO][Rank 0] - train Epoch 16/24: 50.6% (980/1936)
[2025-11-17 21:08:27][INFO][Rank 0] - train Epoch 16/24: 51.1% (990/1936)
[2025-11-17 21:08:27][INFO][Rank 0] - CUDA Memory [train][Step 990]: Device 0: Allocated: 3309.6 MB, Reserved: 117540.0 MB (Δ: +1687.0 MB)
[2025-11-17 21:08:34][INFO][Rank 0] - train Epoch 16/24: 51.7% (1000/1936)
[2025-11-17 21:08:41][INFO][Rank 0] - train Epoch 16/24: 52.2% (1010/1936)
[2025-11-17 21:08:48][INFO][Rank 0] - train Epoch 16/24: 52.7% (1020/1936)
[2025-11-17 21:08:55][INFO][Rank 0] - train Epoch 16/24: 53.2% (1030/1936)
[2025-11-17 21:09:02][INFO][Rank 0] - train Epoch 16/24: 53.7% (1040/1936)
[2025-11-17 21:09:09][INFO][Rank 0] - train Epoch 16/24: 54.2% (1050/1936)
[2025-11-17 21:09:16][INFO][Rank 0] - train Epoch 16/24: 54.8% (1060/1936)
[2025-11-17 21:09:23][INFO][Rank 0] - train Epoch 16/24: 55.3% (1070/1936)
[2025-11-17 21:09:30][INFO][Rank 0] - train Epoch 16/24: 55.8% (1080/1936)
[2025-11-17 21:09:31][INFO][Rank 0] - CUDA Memory [train][Step 1080]: Device 0: Allocated: 3309.6 MB, Reserved: 117540.0 MB (Δ: +1687.0 MB)
[2025-11-17 21:09:37][INFO][Rank 0] - train Epoch 16/24: 56.3% (1090/1936)
[2025-11-17 21:09:44][INFO][Rank 0] - train Epoch 16/24: 56.8% (1100/1936)
[2025-11-17 21:09:51][INFO][Rank 0] - train Epoch 16/24: 57.3% (1110/1936)
[2025-11-17 21:09:58][INFO][Rank 0] - train Epoch 16/24: 57.9% (1120/1936)
[2025-11-17 21:10:05][INFO][Rank 0] - train Epoch 16/24: 58.4% (1130/1936)
[2025-11-17 21:10:12][INFO][Rank 0] - train Epoch 16/24: 58.9% (1140/1936)
[2025-11-17 21:10:19][INFO][Rank 0] - train Epoch 16/24: 59.4% (1150/1936)
[2025-11-17 21:10:26][INFO][Rank 0] - train Epoch 16/24: 59.9% (1160/1936)
[2025-11-17 21:10:33][INFO][Rank 0] - train Epoch 16/24: 60.4% (1170/1936)
[2025-11-17 21:10:34][INFO][Rank 0] - CUDA Memory [train][Step 1170]: Device 0: Allocated: 3309.6 MB, Reserved: 117540.0 MB (Δ: +1687.0 MB)
[2025-11-17 21:10:40][INFO][Rank 0] - train Epoch 16/24: 61.0% (1180/1936)
[2025-11-17 21:10:47][INFO][Rank 0] - train Epoch 16/24: 61.5% (1190/1936)
[2025-11-17 21:10:55][INFO][Rank 0] - train Epoch 16/24: 62.0% (1200/1936)
[2025-11-17 21:11:02][INFO][Rank 0] - train Epoch 16/24: 62.5% (1210/1936)
[2025-11-17 21:11:09][INFO][Rank 0] - train Epoch 16/24: 63.0% (1220/1936)
[2025-11-17 21:11:16][INFO][Rank 0] - train Epoch 16/24: 63.5% (1230/1936)
[2025-11-17 21:11:23][INFO][Rank 0] - train Epoch 16/24: 64.0% (1240/1936)
[2025-11-17 21:11:30][INFO][Rank 0] - train Epoch 16/24: 64.6% (1250/1936)
[2025-11-17 21:11:37][INFO][Rank 0] - train Epoch 16/24: 65.1% (1260/1936)
[2025-11-17 21:11:38][INFO][Rank 0] - CUDA Memory [train][Step 1260]: Device 0: Allocated: 3309.6 MB, Reserved: 117540.0 MB (Δ: +1687.0 MB)
[2025-11-17 21:11:44][INFO][Rank 0] - train Epoch 16/24: 65.6% (1270/1936)
[2025-11-17 21:11:51][INFO][Rank 0] - train Epoch 16/24: 66.1% (1280/1936)
[2025-11-17 21:11:58][INFO][Rank 0] - train Epoch 16/24: 66.6% (1290/1936)
[2025-11-17 21:12:05][INFO][Rank 0] - train Epoch 16/24: 67.1% (1300/1936)
[2025-11-17 21:12:12][INFO][Rank 0] - train Epoch 16/24: 67.7% (1310/1936)
[2025-11-17 21:12:19][INFO][Rank 0] - train Epoch 16/24: 68.2% (1320/1936)
[2025-11-17 21:12:26][INFO][Rank 0] - train Epoch 16/24: 68.7% (1330/1936)
[2025-11-17 21:12:33][INFO][Rank 0] - train Epoch 16/24: 69.2% (1340/1936)
[2025-11-17 21:12:40][INFO][Rank 0] - train Epoch 16/24: 69.7% (1350/1936)
[2025-11-17 21:12:41][INFO][Rank 0] - CUDA Memory [train][Step 1350]: Device 0: Allocated: 3309.6 MB, Reserved: 117540.0 MB (Δ: +1687.0 MB)
[2025-11-17 21:12:47][INFO][Rank 0] - train Epoch 16/24: 70.2% (1360/1936)
[2025-11-17 21:12:54][INFO][Rank 0] - train Epoch 16/24: 70.8% (1370/1936)
[2025-11-17 21:13:01][INFO][Rank 0] - train Epoch 16/24: 71.3% (1380/1936)
[2025-11-17 21:13:08][INFO][Rank 0] - train Epoch 16/24: 71.8% (1390/1936)
[2025-11-17 21:13:15][INFO][Rank 0] - train Epoch 16/24: 72.3% (1400/1936)
[2025-11-17 21:13:23][INFO][Rank 0] - train Epoch 16/24: 72.8% (1410/1936)
[2025-11-17 21:13:30][INFO][Rank 0] - train Epoch 16/24: 73.3% (1420/1936)
[2025-11-17 21:13:37][INFO][Rank 0] - train Epoch 16/24: 73.9% (1430/1936)
[2025-11-17 21:13:44][INFO][Rank 0] - train Epoch 16/24: 74.4% (1440/1936)
[2025-11-17 21:13:44][INFO][Rank 0] - CUDA Memory [train][Step 1440]: Device 0: Allocated: 3309.6 MB, Reserved: 117540.0 MB (Δ: +1687.0 MB)
[2025-11-17 21:13:51][INFO][Rank 0] - train Epoch 16/24: 74.9% (1450/1936)
[2025-11-17 21:13:58][INFO][Rank 0] - train Epoch 16/24: 75.4% (1460/1936)
[2025-11-17 21:14:05][INFO][Rank 0] - train Epoch 16/24: 75.9% (1470/1936)
[2025-11-17 21:14:12][INFO][Rank 0] - train Epoch 16/24: 76.4% (1480/1936)
[2025-11-17 21:14:19][INFO][Rank 0] - train Epoch 16/24: 77.0% (1490/1936)
[2025-11-17 21:14:26][INFO][Rank 0] - train Epoch 16/24: 77.5% (1500/1936)
[2025-11-17 21:14:33][INFO][Rank 0] - train Epoch 16/24: 78.0% (1510/1936)
[2025-11-17 21:14:40][INFO][Rank 0] - train Epoch 16/24: 78.5% (1520/1936)
[2025-11-17 21:14:47][INFO][Rank 0] - train Epoch 16/24: 79.0% (1530/1936)
[2025-11-17 21:14:48][INFO][Rank 0] - CUDA Memory [train][Step 1530]: Device 0: Allocated: 3309.6 MB, Reserved: 117540.0 MB (Δ: +1687.0 MB)
[2025-11-17 21:14:54][INFO][Rank 0] - train Epoch 16/24: 79.5% (1540/1936)
[2025-11-17 21:15:01][INFO][Rank 0] - train Epoch 16/24: 80.1% (1550/1936)
[2025-11-17 21:15:08][INFO][Rank 0] - train Epoch 16/24: 80.6% (1560/1936)
[2025-11-17 21:15:15][INFO][Rank 0] - train Epoch 16/24: 81.1% (1570/1936)
[2025-11-17 21:15:22][INFO][Rank 0] - train Epoch 16/24: 81.6% (1580/1936)
[2025-11-17 21:15:29][INFO][Rank 0] - train Epoch 16/24: 82.1% (1590/1936)
[2025-11-17 21:15:36][INFO][Rank 0] - train Epoch 16/24: 82.6% (1600/1936)
[2025-11-17 21:15:43][INFO][Rank 0] - train Epoch 16/24: 83.2% (1610/1936)
[2025-11-17 21:15:51][INFO][Rank 0] - train Epoch 16/24: 83.7% (1620/1936)
[2025-11-17 21:15:51][INFO][Rank 0] - CUDA Memory [train][Step 1620]: Device 0: Allocated: 3309.6 MB, Reserved: 117540.0 MB (Δ: +1687.0 MB)
[2025-11-17 21:15:58][INFO][Rank 0] - train Epoch 16/24: 84.2% (1630/1936)
[2025-11-17 21:16:05][INFO][Rank 0] - train Epoch 16/24: 84.7% (1640/1936)
[2025-11-17 21:16:12][INFO][Rank 0] - train Epoch 16/24: 85.2% (1650/1936)
[2025-11-17 21:16:19][INFO][Rank 0] - train Epoch 16/24: 85.7% (1660/1936)
[2025-11-17 21:16:26][INFO][Rank 0] - train Epoch 16/24: 86.3% (1670/1936)
[2025-11-17 21:16:33][INFO][Rank 0] - train Epoch 16/24: 86.8% (1680/1936)
[2025-11-17 21:16:40][INFO][Rank 0] - train Epoch 16/24: 87.3% (1690/1936)
[2025-11-17 21:16:47][INFO][Rank 0] - train Epoch 16/24: 87.8% (1700/1936)
[2025-11-17 21:16:54][INFO][Rank 0] - train Epoch 16/24: 88.3% (1710/1936)
[2025-11-17 21:16:55][INFO][Rank 0] - CUDA Memory [train][Step 1710]: Device 0: Allocated: 3309.6 MB, Reserved: 117540.0 MB (Δ: +1687.0 MB)
[2025-11-17 21:17:01][INFO][Rank 0] - train Epoch 16/24: 88.8% (1720/1936)
[2025-11-17 21:17:08][INFO][Rank 0] - train Epoch 16/24: 89.4% (1730/1936)
[2025-11-17 21:17:15][INFO][Rank 0] - train Epoch 16/24: 89.9% (1740/1936)
[2025-11-17 21:17:22][INFO][Rank 0] - train Epoch 16/24: 90.4% (1750/1936)
[2025-11-17 21:17:29][INFO][Rank 0] - train Epoch 16/24: 90.9% (1760/1936)
[2025-11-17 21:17:36][INFO][Rank 0] - train Epoch 16/24: 91.4% (1770/1936)
[2025-11-17 21:17:43][INFO][Rank 0] - train Epoch 16/24: 91.9% (1780/1936)
[2025-11-17 21:17:50][INFO][Rank 0] - train Epoch 16/24: 92.5% (1790/1936)
[2025-11-17 21:17:57][INFO][Rank 0] - train Epoch 16/24: 93.0% (1800/1936)
[2025-11-17 21:17:58][INFO][Rank 0] - CUDA Memory [train][Step 1800]: Device 0: Allocated: 3309.6 MB, Reserved: 117540.0 MB (Δ: +1687.0 MB)
[2025-11-17 21:18:04][INFO][Rank 0] - train Epoch 16/24: 93.5% (1810/1936)
[2025-11-17 21:18:11][INFO][Rank 0] - train Epoch 16/24: 94.0% (1820/1936)
[2025-11-17 21:18:19][INFO][Rank 0] - train Epoch 16/24: 94.5% (1830/1936)
[2025-11-17 21:18:26][INFO][Rank 0] - train Epoch 16/24: 95.0% (1840/1936)
[2025-11-17 21:18:33][INFO][Rank 0] - train Epoch 16/24: 95.6% (1850/1936)
[2025-11-17 21:18:40][INFO][Rank 0] - train Epoch 16/24: 96.1% (1860/1936)
[2025-11-17 21:18:47][INFO][Rank 0] - train Epoch 16/24: 96.6% (1870/1936)
[2025-11-17 21:18:54][INFO][Rank 0] - train Epoch 16/24: 97.1% (1880/1936)
[2025-11-17 21:19:01][INFO][Rank 0] - train Epoch 16/24: 97.6% (1890/1936)
[2025-11-17 21:19:02][INFO][Rank 0] - CUDA Memory [train][Step 1890]: Device 0: Allocated: 3309.6 MB, Reserved: 117540.0 MB (Δ: +1687.0 MB)
[2025-11-17 21:19:08][INFO][Rank 0] - train Epoch 16/24: 98.1% (1900/1936)
[2025-11-17 21:19:15][INFO][Rank 0] - train Epoch 16/24: 98.7% (1910/1936)
[2025-11-17 21:19:22][INFO][Rank 0] - train Epoch 16/24: 99.2% (1920/1936)
[2025-11-17 21:19:29][INFO][Rank 0] - train Epoch 16/24: 99.7% (1930/1936)
[2025-11-17 21:19:33][INFO][Rank 0] - train Epoch 16/24: 99.9% (1935/1936)
[2025-11-17 21:19:33][INFO][Rank 0] - train Loss: 0.1439 Acc: 0.9764 F1: 0.9878
[2025-11-17 21:19:33][INFO][Rank 0] - train Balanced Acc: 0.9026 AUC-ROC: 0.9715
[2025-11-17 21:19:33][INFO][Rank 0] - train Sensitivity: 0.9805 Specificity: 0.8247
[2025-11-17 21:19:33][INFO][Rank 0] - train Confusion Matrix: TP=18490, FP=88, FN=368, TN=414
[2025-11-17 21:19:33][INFO][Rank 0] - train completed in 1364.94s
[2025-11-17 21:19:33][INFO][Rank 0] - Data loading time: 1.13s, Forward time: 277.92s, Backward time: 739.31s
[2025-11-17 21:19:33][INFO][Rank 0] - train cache: 0/1 items, hit rate: 0.00%
[2025-11-17 21:19:33][INFO][Rank 0] - CUDA Memory [val][Step 0]: Device 0: Allocated: 3309.6 MB, Reserved: 117540.0 MB (Δ: +1687.0 MB)
[2025-11-17 21:19:33][INFO][Rank 0] - val phase: total 418 batches
[2025-11-17 21:19:34][INFO][Rank 0] - val Epoch 16/24: 0.0% (0/418)
[2025-11-17 21:19:39][INFO][Rank 0] - val Epoch 16/24: 2.4% (10/418)
[2025-11-17 21:19:44][INFO][Rank 0] - val Epoch 16/24: 4.8% (20/418)
[2025-11-17 21:19:49][INFO][Rank 0] - val Epoch 16/24: 7.2% (30/418)
[2025-11-17 21:19:54][INFO][Rank 0] - val Epoch 16/24: 9.6% (40/418)
[2025-11-17 21:19:59][INFO][Rank 0] - val Epoch 16/24: 12.0% (50/418)
[2025-11-17 21:20:04][INFO][Rank 0] - val Epoch 16/24: 14.4% (60/418)
[2025-11-17 21:20:09][INFO][Rank 0] - val Epoch 16/24: 16.7% (70/418)
[2025-11-17 21:20:14][INFO][Rank 0] - val Epoch 16/24: 19.1% (80/418)
[2025-11-17 21:20:19][INFO][Rank 0] - val Epoch 16/24: 21.5% (90/418)
[2025-11-17 21:20:24][INFO][Rank 0] - val Epoch 16/24: 23.9% (100/418)
[2025-11-17 21:20:29][INFO][Rank 0] - val Epoch 16/24: 26.3% (110/418)
[2025-11-17 21:20:34][INFO][Rank 0] - val Epoch 16/24: 28.7% (120/418)
[2025-11-17 21:20:34][INFO][Rank 0] - CUDA Memory [val][Step 120]: Device 0: Allocated: 3309.6 MB, Reserved: 117540.0 MB (Δ: +1687.0 MB)
[2025-11-17 21:20:39][INFO][Rank 0] - val Epoch 16/24: 31.1% (130/418)
[2025-11-17 21:20:44][INFO][Rank 0] - val Epoch 16/24: 33.5% (140/418)
[2025-11-17 21:20:49][INFO][Rank 0] - val Epoch 16/24: 35.9% (150/418)
[2025-11-17 21:20:54][INFO][Rank 0] - val Epoch 16/24: 38.3% (160/418)
[2025-11-17 21:20:59][INFO][Rank 0] - val Epoch 16/24: 40.7% (170/418)
[2025-11-17 21:21:04][INFO][Rank 0] - val Epoch 16/24: 43.1% (180/418)
[2025-11-17 21:21:09][INFO][Rank 0] - val Epoch 16/24: 45.5% (190/418)
[2025-11-17 21:21:14][INFO][Rank 0] - val Epoch 16/24: 47.8% (200/418)
[2025-11-17 21:21:19][INFO][Rank 0] - val Epoch 16/24: 50.2% (210/418)
[2025-11-17 21:21:24][INFO][Rank 0] - val Epoch 16/24: 52.6% (220/418)
[2025-11-17 21:21:29][INFO][Rank 0] - val Epoch 16/24: 55.0% (230/418)
[2025-11-17 21:21:34][INFO][Rank 0] - val Epoch 16/24: 57.4% (240/418)
[2025-11-17 21:21:34][INFO][Rank 0] - CUDA Memory [val][Step 240]: Device 0: Allocated: 3309.6 MB, Reserved: 117540.0 MB (Δ: +1687.0 MB)
[2025-11-17 21:21:39][INFO][Rank 0] - val Epoch 16/24: 59.8% (250/418)
[2025-11-17 21:21:44][INFO][Rank 0] - val Epoch 16/24: 62.2% (260/418)
[2025-11-17 21:21:49][INFO][Rank 0] - val Epoch 16/24: 64.6% (270/418)
[2025-11-17 21:21:54][INFO][Rank 0] - val Epoch 16/24: 67.0% (280/418)
[2025-11-17 21:21:59][INFO][Rank 0] - val Epoch 16/24: 69.4% (290/418)
[2025-11-17 21:22:04][INFO][Rank 0] - val Epoch 16/24: 71.8% (300/418)
[2025-11-17 21:22:09][INFO][Rank 0] - val Epoch 16/24: 74.2% (310/418)
[2025-11-17 21:22:14][INFO][Rank 0] - val Epoch 16/24: 76.6% (320/418)
[2025-11-17 21:22:19][INFO][Rank 0] - val Epoch 16/24: 78.9% (330/418)
[2025-11-17 21:22:24][INFO][Rank 0] - val Epoch 16/24: 81.3% (340/418)
[2025-11-17 21:22:29][INFO][Rank 0] - val Epoch 16/24: 83.7% (350/418)
[2025-11-17 21:22:34][INFO][Rank 0] - val Epoch 16/24: 86.1% (360/418)
[2025-11-17 21:22:34][INFO][Rank 0] - CUDA Memory [val][Step 360]: Device 0: Allocated: 3309.6 MB, Reserved: 117540.0 MB (Δ: +1687.0 MB)
[2025-11-17 21:22:39][INFO][Rank 0] - val Epoch 16/24: 88.5% (370/418)
[2025-11-17 21:22:44][INFO][Rank 0] - val Epoch 16/24: 90.9% (380/418)
[2025-11-17 21:22:49][INFO][Rank 0] - val Epoch 16/24: 93.3% (390/418)
[2025-11-17 21:22:54][INFO][Rank 0] - val Epoch 16/24: 95.7% (400/418)
[2025-11-17 21:22:59][INFO][Rank 0] - val Epoch 16/24: 98.1% (410/418)
[2025-11-17 21:23:02][INFO][Rank 0] - val Epoch 16/24: 99.8% (417/418)
[2025-11-17 21:23:03][INFO][Rank 0] - val Loss: 0.1080 Acc: 0.9744 F1: 0.9868
[2025-11-17 21:23:03][INFO][Rank 0] - val Balanced Acc: 0.8664 AUC-ROC: 0.9827
[2025-11-17 21:23:03][INFO][Rank 0] - val Sensitivity: 0.9806 Specificity: 0.7522
[2025-11-17 21:23:03][INFO][Rank 0] - val Confusion Matrix: TP=3988, FP=28, FN=79, TN=85
[2025-11-17 21:23:03][INFO][Rank 0] - val completed in 209.39s
[2025-11-17 21:23:03][INFO][Rank 0] - val cache: 0/1 items, hit rate: 0.00%
[2025-11-17 21:23:07][INFO][Rank 0] - Saved new best auc model with auc: 0.9827 at /projects/retprogression/rgarridogarcia/checkpoints/cropped1024_cropped_centered_wt_allR_4/best_auc_model.pth
[2025-11-17 21:23:10][INFO][Rank 0] - Saved epoch checkpoint at /projects/retprogression/rgarridogarcia/checkpoints/cropped1024_cropped_centered_wt_allR_4/epoch_16.pth
[2025-11-17 21:23:10][INFO][Rank 0] - Epoch 16 summary:
[2025-11-17 21:23:10][INFO][Rank 0] -  Train Loss: 0.1439, Train Acc: 0.9764, Train F1: 0.9878
[2025-11-17 21:23:10][INFO][Rank 0] -  Train Balanced Acc: 0.9026, Train AUC: 0.9715
[2025-11-17 21:23:10][INFO][Rank 0] -  Train Sensitivity: 0.9805, Train Specificity: 0.8247
[2025-11-17 21:23:10][INFO][Rank 0] -  Val Loss: 0.1080, Val Acc: 0.9744, Val F1: 0.9868
[2025-11-17 21:23:10][INFO][Rank 0] -  Val Balanced Acc: 0.8664, Val AUC: 0.9827
[2025-11-17 21:23:10][INFO][Rank 0] -  Val Sensitivity: 0.9806, Val Specificity: 0.7522
[2025-11-17 21:23:10][INFO][Rank 0] -  Total Epoch Time: 1582.07s
[2025-11-17 21:23:10][INFO][Rank 0] - Epoch 17/24
[2025-11-17 21:23:10][INFO][Rank 0] - ----------
[2025-11-17 21:23:10][INFO][Rank 0] - CUDA Memory [train][Step 0]: Device 0: Allocated: 3309.6 MB, Reserved: 117540.0 MB (Δ: +1687.0 MB)
[2025-11-17 21:23:10][INFO][Rank 0] - train phase: total 1936 batches
[2025-11-17 21:23:11][INFO][Rank 0] - train Epoch 17/24: 0.0% (0/1936)
[2025-11-17 21:23:18][INFO][Rank 0] - train Epoch 17/24: 0.5% (10/1936)
[2025-11-17 21:23:25][INFO][Rank 0] - train Epoch 17/24: 1.0% (20/1936)
[2025-11-17 21:23:32][INFO][Rank 0] - train Epoch 17/24: 1.5% (30/1936)
[2025-11-17 21:23:39][INFO][Rank 0] - train Epoch 17/24: 2.1% (40/1936)
[2025-11-17 21:23:46][INFO][Rank 0] - train Epoch 17/24: 2.6% (50/1936)
[2025-11-17 21:23:53][INFO][Rank 0] - train Epoch 17/24: 3.1% (60/1936)
[2025-11-17 21:24:00][INFO][Rank 0] - train Epoch 17/24: 3.6% (70/1936)
[2025-11-17 21:24:07][INFO][Rank 0] - train Epoch 17/24: 4.1% (80/1936)
[2025-11-17 21:24:15][INFO][Rank 0] - train Epoch 17/24: 4.6% (90/1936)
[2025-11-17 21:24:15][INFO][Rank 0] - CUDA Memory [train][Step 90]: Device 0: Allocated: 3309.6 MB, Reserved: 117540.0 MB (Δ: +1687.0 MB)
[2025-11-17 21:24:22][INFO][Rank 0] - train Epoch 17/24: 5.2% (100/1936)
[2025-11-17 21:24:29][INFO][Rank 0] - train Epoch 17/24: 5.7% (110/1936)
[2025-11-17 21:24:36][INFO][Rank 0] - train Epoch 17/24: 6.2% (120/1936)
[2025-11-17 21:24:43][INFO][Rank 0] - train Epoch 17/24: 6.7% (130/1936)
[2025-11-17 21:24:50][INFO][Rank 0] - train Epoch 17/24: 7.2% (140/1936)
[2025-11-17 21:24:57][INFO][Rank 0] - train Epoch 17/24: 7.7% (150/1936)
[2025-11-17 21:25:04][INFO][Rank 0] - train Epoch 17/24: 8.3% (160/1936)
[2025-11-17 21:25:11][INFO][Rank 0] - train Epoch 17/24: 8.8% (170/1936)
[2025-11-17 21:25:18][INFO][Rank 0] - train Epoch 17/24: 9.3% (180/1936)
[2025-11-17 21:25:19][INFO][Rank 0] - CUDA Memory [train][Step 180]: Device 0: Allocated: 3309.6 MB, Reserved: 117540.0 MB (Δ: +1687.0 MB)
[2025-11-17 21:25:25][INFO][Rank 0] - train Epoch 17/24: 9.8% (190/1936)
[2025-11-17 21:25:32][INFO][Rank 0] - train Epoch 17/24: 10.3% (200/1936)
[2025-11-17 21:25:39][INFO][Rank 0] - train Epoch 17/24: 10.8% (210/1936)
[2025-11-17 21:25:46][INFO][Rank 0] - train Epoch 17/24: 11.4% (220/1936)
[2025-11-17 21:25:53][INFO][Rank 0] - train Epoch 17/24: 11.9% (230/1936)
[2025-11-17 21:26:00][INFO][Rank 0] - train Epoch 17/24: 12.4% (240/1936)
[2025-11-17 21:26:07][INFO][Rank 0] - train Epoch 17/24: 12.9% (250/1936)
[2025-11-17 21:26:14][INFO][Rank 0] - train Epoch 17/24: 13.4% (260/1936)
[2025-11-17 21:26:21][INFO][Rank 0] - train Epoch 17/24: 13.9% (270/1936)
[2025-11-17 21:26:22][INFO][Rank 0] - CUDA Memory [train][Step 270]: Device 0: Allocated: 3309.6 MB, Reserved: 117540.0 MB (Δ: +1687.0 MB)
[2025-11-17 21:26:28][INFO][Rank 0] - train Epoch 17/24: 14.5% (280/1936)
[2025-11-17 21:26:35][INFO][Rank 0] - train Epoch 17/24: 15.0% (290/1936)
[2025-11-17 21:26:43][INFO][Rank 0] - train Epoch 17/24: 15.5% (300/1936)
[2025-11-17 21:26:50][INFO][Rank 0] - train Epoch 17/24: 16.0% (310/1936)
[2025-11-17 21:26:57][INFO][Rank 0] - train Epoch 17/24: 16.5% (320/1936)
[2025-11-17 21:27:04][INFO][Rank 0] - train Epoch 17/24: 17.0% (330/1936)
[2025-11-17 21:27:11][INFO][Rank 0] - train Epoch 17/24: 17.6% (340/1936)
[2025-11-17 21:27:18][INFO][Rank 0] - train Epoch 17/24: 18.1% (350/1936)
[2025-11-17 21:27:25][INFO][Rank 0] - train Epoch 17/24: 18.6% (360/1936)
[2025-11-17 21:27:25][INFO][Rank 0] - CUDA Memory [train][Step 360]: Device 0: Allocated: 3309.6 MB, Reserved: 117540.0 MB (Δ: +1687.0 MB)
[2025-11-17 21:27:32][INFO][Rank 0] - train Epoch 17/24: 19.1% (370/1936)
[2025-11-17 21:27:39][INFO][Rank 0] - train Epoch 17/24: 19.6% (380/1936)
[2025-11-17 21:27:46][INFO][Rank 0] - train Epoch 17/24: 20.1% (390/1936)
[2025-11-17 21:27:53][INFO][Rank 0] - train Epoch 17/24: 20.7% (400/1936)
[2025-11-17 21:28:00][INFO][Rank 0] - train Epoch 17/24: 21.2% (410/1936)
[2025-11-17 21:28:07][INFO][Rank 0] - train Epoch 17/24: 21.7% (420/1936)
[2025-11-17 21:28:14][INFO][Rank 0] - train Epoch 17/24: 22.2% (430/1936)
[2025-11-17 21:28:21][INFO][Rank 0] - train Epoch 17/24: 22.7% (440/1936)
[2025-11-17 21:28:28][INFO][Rank 0] - train Epoch 17/24: 23.2% (450/1936)
[2025-11-17 21:28:29][INFO][Rank 0] - CUDA Memory [train][Step 450]: Device 0: Allocated: 3309.6 MB, Reserved: 117540.0 MB (Δ: +1687.0 MB)
[2025-11-17 21:28:35][INFO][Rank 0] - train Epoch 17/24: 23.8% (460/1936)
[2025-11-17 21:28:42][INFO][Rank 0] - train Epoch 17/24: 24.3% (470/1936)
[2025-11-17 21:28:49][INFO][Rank 0] - train Epoch 17/24: 24.8% (480/1936)
[2025-11-17 21:28:56][INFO][Rank 0] - train Epoch 17/24: 25.3% (490/1936)
[2025-11-17 21:29:03][INFO][Rank 0] - train Epoch 17/24: 25.8% (500/1936)
[2025-11-17 21:29:10][INFO][Rank 0] - train Epoch 17/24: 26.3% (510/1936)
[2025-11-17 21:29:18][INFO][Rank 0] - train Epoch 17/24: 26.9% (520/1936)
[2025-11-17 21:29:25][INFO][Rank 0] - train Epoch 17/24: 27.4% (530/1936)
[2025-11-17 21:29:32][INFO][Rank 0] - train Epoch 17/24: 27.9% (540/1936)
[2025-11-17 21:29:32][INFO][Rank 0] - CUDA Memory [train][Step 540]: Device 0: Allocated: 3309.6 MB, Reserved: 117540.0 MB (Δ: +1687.0 MB)
[2025-11-17 21:29:39][INFO][Rank 0] - train Epoch 17/24: 28.4% (550/1936)
[2025-11-17 21:29:46][INFO][Rank 0] - train Epoch 17/24: 28.9% (560/1936)
[2025-11-17 21:29:53][INFO][Rank 0] - train Epoch 17/24: 29.4% (570/1936)
[2025-11-17 21:30:00][INFO][Rank 0] - train Epoch 17/24: 30.0% (580/1936)
[2025-11-17 21:30:07][INFO][Rank 0] - train Epoch 17/24: 30.5% (590/1936)
[2025-11-17 21:30:14][INFO][Rank 0] - train Epoch 17/24: 31.0% (600/1936)
[2025-11-17 21:30:21][INFO][Rank 0] - train Epoch 17/24: 31.5% (610/1936)
[2025-11-17 21:30:28][INFO][Rank 0] - train Epoch 17/24: 32.0% (620/1936)
[2025-11-17 21:30:35][INFO][Rank 0] - train Epoch 17/24: 32.5% (630/1936)
[2025-11-17 21:30:36][INFO][Rank 0] - CUDA Memory [train][Step 630]: Device 0: Allocated: 3309.6 MB, Reserved: 117540.0 MB (Δ: +1687.0 MB)
[2025-11-17 21:30:42][INFO][Rank 0] - train Epoch 17/24: 33.1% (640/1936)
[2025-11-17 21:30:49][INFO][Rank 0] - train Epoch 17/24: 33.6% (650/1936)
[2025-11-17 21:30:56][INFO][Rank 0] - train Epoch 17/24: 34.1% (660/1936)
[2025-11-17 21:31:03][INFO][Rank 0] - train Epoch 17/24: 34.6% (670/1936)
[2025-11-17 21:31:10][INFO][Rank 0] - train Epoch 17/24: 35.1% (680/1936)
[2025-11-17 21:31:17][INFO][Rank 0] - train Epoch 17/24: 35.6% (690/1936)
[2025-11-17 21:31:24][INFO][Rank 0] - train Epoch 17/24: 36.2% (700/1936)
[2025-11-17 21:31:31][INFO][Rank 0] - train Epoch 17/24: 36.7% (710/1936)
[2025-11-17 21:31:39][INFO][Rank 0] - train Epoch 17/24: 37.2% (720/1936)
[2025-11-17 21:31:39][INFO][Rank 0] - CUDA Memory [train][Step 720]: Device 0: Allocated: 3309.6 MB, Reserved: 117540.0 MB (Δ: +1687.0 MB)
[2025-11-17 21:31:46][INFO][Rank 0] - train Epoch 17/24: 37.7% (730/1936)
[2025-11-17 21:31:53][INFO][Rank 0] - train Epoch 17/24: 38.2% (740/1936)
[2025-11-17 21:32:00][INFO][Rank 0] - train Epoch 17/24: 38.7% (750/1936)
[2025-11-17 21:32:07][INFO][Rank 0] - train Epoch 17/24: 39.3% (760/1936)
[2025-11-17 21:32:14][INFO][Rank 0] - train Epoch 17/24: 39.8% (770/1936)
[2025-11-17 21:32:21][INFO][Rank 0] - train Epoch 17/24: 40.3% (780/1936)
[2025-11-17 21:32:28][INFO][Rank 0] - train Epoch 17/24: 40.8% (790/1936)
[2025-11-17 21:32:35][INFO][Rank 0] - train Epoch 17/24: 41.3% (800/1936)
[2025-11-17 21:32:42][INFO][Rank 0] - train Epoch 17/24: 41.8% (810/1936)
[2025-11-17 21:32:43][INFO][Rank 0] - CUDA Memory [train][Step 810]: Device 0: Allocated: 3309.6 MB, Reserved: 117540.0 MB (Δ: +1687.0 MB)
[2025-11-17 21:32:49][INFO][Rank 0] - train Epoch 17/24: 42.4% (820/1936)
[2025-11-17 21:32:56][INFO][Rank 0] - train Epoch 17/24: 42.9% (830/1936)
[2025-11-17 21:33:03][INFO][Rank 0] - train Epoch 17/24: 43.4% (840/1936)
[2025-11-17 21:33:10][INFO][Rank 0] - train Epoch 17/24: 43.9% (850/1936)
[2025-11-17 21:33:17][INFO][Rank 0] - train Epoch 17/24: 44.4% (860/1936)
[2025-11-17 21:33:24][INFO][Rank 0] - train Epoch 17/24: 44.9% (870/1936)
[2025-11-17 21:33:31][INFO][Rank 0] - train Epoch 17/24: 45.5% (880/1936)
[2025-11-17 21:33:38][INFO][Rank 0] - train Epoch 17/24: 46.0% (890/1936)
[2025-11-17 21:33:45][INFO][Rank 0] - train Epoch 17/24: 46.5% (900/1936)
[2025-11-17 21:33:46][INFO][Rank 0] - CUDA Memory [train][Step 900]: Device 0: Allocated: 3309.6 MB, Reserved: 117540.0 MB (Δ: +1687.0 MB)
[2025-11-17 21:33:52][INFO][Rank 0] - train Epoch 17/24: 47.0% (910/1936)
[2025-11-17 21:33:59][INFO][Rank 0] - train Epoch 17/24: 47.5% (920/1936)
[2025-11-17 21:34:07][INFO][Rank 0] - train Epoch 17/24: 48.0% (930/1936)
[2025-11-17 21:34:14][INFO][Rank 0] - train Epoch 17/24: 48.6% (940/1936)
[2025-11-17 21:34:21][INFO][Rank 0] - train Epoch 17/24: 49.1% (950/1936)
[2025-11-17 21:34:28][INFO][Rank 0] - train Epoch 17/24: 49.6% (960/1936)
[2025-11-17 21:34:35][INFO][Rank 0] - train Epoch 17/24: 50.1% (970/1936)
[2025-11-17 21:34:42][INFO][Rank 0] - train Epoch 17/24: 50.6% (980/1936)
[2025-11-17 21:34:49][INFO][Rank 0] - train Epoch 17/24: 51.1% (990/1936)
[2025-11-17 21:34:49][INFO][Rank 0] - CUDA Memory [train][Step 990]: Device 0: Allocated: 3309.6 MB, Reserved: 117540.0 MB (Δ: +1687.0 MB)
[2025-11-17 21:34:56][INFO][Rank 0] - train Epoch 17/24: 51.7% (1000/1936)
[2025-11-17 21:35:03][INFO][Rank 0] - train Epoch 17/24: 52.2% (1010/1936)
[2025-11-17 21:35:10][INFO][Rank 0] - train Epoch 17/24: 52.7% (1020/1936)
[2025-11-17 21:35:17][INFO][Rank 0] - train Epoch 17/24: 53.2% (1030/1936)
[2025-11-17 21:35:24][INFO][Rank 0] - train Epoch 17/24: 53.7% (1040/1936)
[2025-11-17 21:35:31][INFO][Rank 0] - train Epoch 17/24: 54.2% (1050/1936)
[2025-11-17 21:35:38][INFO][Rank 0] - train Epoch 17/24: 54.8% (1060/1936)
[2025-11-17 21:35:45][INFO][Rank 0] - train Epoch 17/24: 55.3% (1070/1936)
[2025-11-17 21:35:52][INFO][Rank 0] - train Epoch 17/24: 55.8% (1080/1936)
[2025-11-17 21:35:53][INFO][Rank 0] - CUDA Memory [train][Step 1080]: Device 0: Allocated: 3309.6 MB, Reserved: 117540.0 MB (Δ: +1687.0 MB)
[2025-11-17 21:35:59][INFO][Rank 0] - train Epoch 17/24: 56.3% (1090/1936)
[2025-11-17 21:36:06][INFO][Rank 0] - train Epoch 17/24: 56.8% (1100/1936)
[2025-11-17 21:36:13][INFO][Rank 0] - train Epoch 17/24: 57.3% (1110/1936)
[2025-11-17 21:36:20][INFO][Rank 0] - train Epoch 17/24: 57.9% (1120/1936)
[2025-11-17 21:36:27][INFO][Rank 0] - train Epoch 17/24: 58.4% (1130/1936)
[2025-11-17 21:36:35][INFO][Rank 0] - train Epoch 17/24: 58.9% (1140/1936)
[2025-11-17 21:36:42][INFO][Rank 0] - train Epoch 17/24: 59.4% (1150/1936)
[2025-11-17 21:36:49][INFO][Rank 0] - train Epoch 17/24: 59.9% (1160/1936)
[2025-11-17 21:36:56][INFO][Rank 0] - train Epoch 17/24: 60.4% (1170/1936)
[2025-11-17 21:36:56][INFO][Rank 0] - CUDA Memory [train][Step 1170]: Device 0: Allocated: 3309.6 MB, Reserved: 117540.0 MB (Δ: +1687.0 MB)
[2025-11-17 21:37:03][INFO][Rank 0] - train Epoch 17/24: 61.0% (1180/1936)
[2025-11-17 21:37:10][INFO][Rank 0] - train Epoch 17/24: 61.5% (1190/1936)
[2025-11-17 21:37:17][INFO][Rank 0] - train Epoch 17/24: 62.0% (1200/1936)
[2025-11-17 21:37:24][INFO][Rank 0] - train Epoch 17/24: 62.5% (1210/1936)
[2025-11-17 21:37:31][INFO][Rank 0] - train Epoch 17/24: 63.0% (1220/1936)
[2025-11-17 21:37:38][INFO][Rank 0] - train Epoch 17/24: 63.5% (1230/1936)
[2025-11-17 21:37:45][INFO][Rank 0] - train Epoch 17/24: 64.0% (1240/1936)
[2025-11-17 21:37:52][INFO][Rank 0] - train Epoch 17/24: 64.6% (1250/1936)
[2025-11-17 21:37:59][INFO][Rank 0] - train Epoch 17/24: 65.1% (1260/1936)
[2025-11-17 21:38:00][INFO][Rank 0] - CUDA Memory [train][Step 1260]: Device 0: Allocated: 3309.6 MB, Reserved: 117540.0 MB (Δ: +1687.0 MB)
[2025-11-17 21:38:06][INFO][Rank 0] - train Epoch 17/24: 65.6% (1270/1936)
[2025-11-17 21:38:13][INFO][Rank 0] - train Epoch 17/24: 66.1% (1280/1936)
[2025-11-17 21:38:20][INFO][Rank 0] - train Epoch 17/24: 66.6% (1290/1936)
[2025-11-17 21:38:27][INFO][Rank 0] - train Epoch 17/24: 67.1% (1300/1936)
[2025-11-17 21:38:34][INFO][Rank 0] - train Epoch 17/24: 67.7% (1310/1936)
[2025-11-17 21:38:41][INFO][Rank 0] - train Epoch 17/24: 68.2% (1320/1936)
[2025-11-17 21:38:48][INFO][Rank 0] - train Epoch 17/24: 68.7% (1330/1936)
[2025-11-17 21:38:55][INFO][Rank 0] - train Epoch 17/24: 69.2% (1340/1936)
[2025-11-17 21:39:03][INFO][Rank 0] - train Epoch 17/24: 69.7% (1350/1936)
[2025-11-17 21:39:03][INFO][Rank 0] - CUDA Memory [train][Step 1350]: Device 0: Allocated: 3309.6 MB, Reserved: 117540.0 MB (Δ: +1687.0 MB)
[2025-11-17 21:39:10][INFO][Rank 0] - train Epoch 17/24: 70.2% (1360/1936)
[2025-11-17 21:39:17][INFO][Rank 0] - train Epoch 17/24: 70.8% (1370/1936)
[2025-11-17 21:39:24][INFO][Rank 0] - train Epoch 17/24: 71.3% (1380/1936)
[2025-11-17 21:39:31][INFO][Rank 0] - train Epoch 17/24: 71.8% (1390/1936)
[2025-11-17 21:39:38][INFO][Rank 0] - train Epoch 17/24: 72.3% (1400/1936)
[2025-11-17 21:39:45][INFO][Rank 0] - train Epoch 17/24: 72.8% (1410/1936)
[2025-11-17 21:39:52][INFO][Rank 0] - train Epoch 17/24: 73.3% (1420/1936)
[2025-11-17 21:39:59][INFO][Rank 0] - train Epoch 17/24: 73.9% (1430/1936)
[2025-11-17 21:40:06][INFO][Rank 0] - train Epoch 17/24: 74.4% (1440/1936)
[2025-11-17 21:40:07][INFO][Rank 0] - CUDA Memory [train][Step 1440]: Device 0: Allocated: 3309.6 MB, Reserved: 117540.0 MB (Δ: +1687.0 MB)
[2025-11-17 21:40:13][INFO][Rank 0] - train Epoch 17/24: 74.9% (1450/1936)
[2025-11-17 21:40:20][INFO][Rank 0] - train Epoch 17/24: 75.4% (1460/1936)
[2025-11-17 21:40:27][INFO][Rank 0] - train Epoch 17/24: 75.9% (1470/1936)
[2025-11-17 21:40:34][INFO][Rank 0] - train Epoch 17/24: 76.4% (1480/1936)
[2025-11-17 21:40:41][INFO][Rank 0] - train Epoch 17/24: 77.0% (1490/1936)
[2025-11-17 21:40:48][INFO][Rank 0] - train Epoch 17/24: 77.5% (1500/1936)
[2025-11-17 21:40:55][INFO][Rank 0] - train Epoch 17/24: 78.0% (1510/1936)
[2025-11-17 21:41:02][INFO][Rank 0] - train Epoch 17/24: 78.5% (1520/1936)
[2025-11-17 21:41:09][INFO][Rank 0] - train Epoch 17/24: 79.0% (1530/1936)
[2025-11-17 21:41:10][INFO][Rank 0] - CUDA Memory [train][Step 1530]: Device 0: Allocated: 3309.6 MB, Reserved: 117540.0 MB (Δ: +1687.0 MB)
[2025-11-17 21:41:16][INFO][Rank 0] - train Epoch 17/24: 79.5% (1540/1936)
[2025-11-17 21:41:24][INFO][Rank 0] - train Epoch 17/24: 80.1% (1550/1936)
[2025-11-17 21:41:31][INFO][Rank 0] - train Epoch 17/24: 80.6% (1560/1936)
[2025-11-17 21:41:38][INFO][Rank 0] - train Epoch 17/24: 81.1% (1570/1936)
[2025-11-17 21:41:45][INFO][Rank 0] - train Epoch 17/24: 81.6% (1580/1936)
[2025-11-17 21:41:52][INFO][Rank 0] - train Epoch 17/24: 82.1% (1590/1936)
[2025-11-17 21:41:59][INFO][Rank 0] - train Epoch 17/24: 82.6% (1600/1936)
[2025-11-17 21:42:06][INFO][Rank 0] - train Epoch 17/24: 83.2% (1610/1936)
[2025-11-17 21:42:13][INFO][Rank 0] - train Epoch 17/24: 83.7% (1620/1936)
[2025-11-17 21:42:14][INFO][Rank 0] - CUDA Memory [train][Step 1620]: Device 0: Allocated: 3309.6 MB, Reserved: 117540.0 MB (Δ: +1687.0 MB)
[2025-11-17 21:42:20][INFO][Rank 0] - train Epoch 17/24: 84.2% (1630/1936)
[2025-11-17 21:42:27][INFO][Rank 0] - train Epoch 17/24: 84.7% (1640/1936)
[2025-11-17 21:42:34][INFO][Rank 0] - train Epoch 17/24: 85.2% (1650/1936)
[2025-11-17 21:42:41][INFO][Rank 0] - train Epoch 17/24: 85.7% (1660/1936)
[2025-11-17 21:42:48][INFO][Rank 0] - train Epoch 17/24: 86.3% (1670/1936)
[2025-11-17 21:42:55][INFO][Rank 0] - train Epoch 17/24: 86.8% (1680/1936)
[2025-11-17 21:43:02][INFO][Rank 0] - train Epoch 17/24: 87.3% (1690/1936)
[2025-11-17 21:43:09][INFO][Rank 0] - train Epoch 17/24: 87.8% (1700/1936)
[2025-11-17 21:43:16][INFO][Rank 0] - train Epoch 17/24: 88.3% (1710/1936)
[2025-11-17 21:43:17][INFO][Rank 0] - CUDA Memory [train][Step 1710]: Device 0: Allocated: 3309.6 MB, Reserved: 117540.0 MB (Δ: +1687.0 MB)
[2025-11-17 21:43:23][INFO][Rank 0] - train Epoch 17/24: 88.8% (1720/1936)
[2025-11-17 21:43:30][INFO][Rank 0] - train Epoch 17/24: 89.4% (1730/1936)
[2025-11-17 21:43:37][INFO][Rank 0] - train Epoch 17/24: 89.9% (1740/1936)
[2025-11-17 21:43:44][INFO][Rank 0] - train Epoch 17/24: 90.4% (1750/1936)
[2025-11-17 21:43:52][INFO][Rank 0] - train Epoch 17/24: 90.9% (1760/1936)
[2025-11-17 21:43:59][INFO][Rank 0] - train Epoch 17/24: 91.4% (1770/1936)
[2025-11-17 21:44:06][INFO][Rank 0] - train Epoch 17/24: 91.9% (1780/1936)
[2025-11-17 21:44:13][INFO][Rank 0] - train Epoch 17/24: 92.5% (1790/1936)
[2025-11-17 21:44:20][INFO][Rank 0] - train Epoch 17/24: 93.0% (1800/1936)
[2025-11-17 21:44:20][INFO][Rank 0] - CUDA Memory [train][Step 1800]: Device 0: Allocated: 3309.6 MB, Reserved: 117540.0 MB (Δ: +1687.0 MB)
[2025-11-17 21:44:27][INFO][Rank 0] - train Epoch 17/24: 93.5% (1810/1936)
[2025-11-17 21:44:34][INFO][Rank 0] - train Epoch 17/24: 94.0% (1820/1936)
[2025-11-17 21:44:41][INFO][Rank 0] - train Epoch 17/24: 94.5% (1830/1936)
[2025-11-17 21:44:48][INFO][Rank 0] - train Epoch 17/24: 95.0% (1840/1936)
[2025-11-17 21:44:55][INFO][Rank 0] - train Epoch 17/24: 95.6% (1850/1936)
[2025-11-17 21:45:02][INFO][Rank 0] - train Epoch 17/24: 96.1% (1860/1936)
[2025-11-17 21:45:09][INFO][Rank 0] - train Epoch 17/24: 96.6% (1870/1936)
[2025-11-17 21:45:16][INFO][Rank 0] - train Epoch 17/24: 97.1% (1880/1936)
[2025-11-17 21:45:23][INFO][Rank 0] - train Epoch 17/24: 97.6% (1890/1936)
[2025-11-17 21:45:24][INFO][Rank 0] - CUDA Memory [train][Step 1890]: Device 0: Allocated: 3309.6 MB, Reserved: 117540.0 MB (Δ: +1687.0 MB)
[2025-11-17 21:45:30][INFO][Rank 0] - train Epoch 17/24: 98.1% (1900/1936)
[2025-11-17 21:45:37][INFO][Rank 0] - train Epoch 17/24: 98.7% (1910/1936)
[2025-11-17 21:45:44][INFO][Rank 0] - train Epoch 17/24: 99.2% (1920/1936)
[2025-11-17 21:45:51][INFO][Rank 0] - train Epoch 17/24: 99.7% (1930/1936)
[2025-11-17 21:45:55][INFO][Rank 0] - train Epoch 17/24: 99.9% (1935/1936)
[2025-11-17 21:45:56][INFO][Rank 0] - train Loss: 0.1448 Acc: 0.9765 F1: 0.9879
[2025-11-17 21:45:56][INFO][Rank 0] - train Balanced Acc: 0.9026 AUC-ROC: 0.9705
[2025-11-17 21:45:56][INFO][Rank 0] - train Sensitivity: 0.9806 Specificity: 0.8247
[2025-11-17 21:45:56][INFO][Rank 0] - train Confusion Matrix: TP=18492, FP=88, FN=366, TN=414
[2025-11-17 21:45:56][INFO][Rank 0] - train completed in 1365.27s
[2025-11-17 21:45:56][INFO][Rank 0] - Data loading time: 1.32s, Forward time: 277.99s, Backward time: 739.33s
[2025-11-17 21:45:56][INFO][Rank 0] - train cache: 0/1 items, hit rate: 0.00%
[2025-11-17 21:45:56][INFO][Rank 0] - CUDA Memory [val][Step 0]: Device 0: Allocated: 3309.6 MB, Reserved: 117540.0 MB (Δ: +1687.0 MB)
[2025-11-17 21:45:56][INFO][Rank 0] - val phase: total 418 batches
[2025-11-17 21:45:56][INFO][Rank 0] - val Epoch 17/24: 0.0% (0/418)
[2025-11-17 21:46:01][INFO][Rank 0] - val Epoch 17/24: 2.4% (10/418)
[2025-11-17 21:46:06][INFO][Rank 0] - val Epoch 17/24: 4.8% (20/418)
[2025-11-17 21:46:11][INFO][Rank 0] - val Epoch 17/24: 7.2% (30/418)
[2025-11-17 21:46:16][INFO][Rank 0] - val Epoch 17/24: 9.6% (40/418)
[2025-11-17 21:46:21][INFO][Rank 0] - val Epoch 17/24: 12.0% (50/418)
[2025-11-17 21:46:26][INFO][Rank 0] - val Epoch 17/24: 14.4% (60/418)
[2025-11-17 21:46:31][INFO][Rank 0] - val Epoch 17/24: 16.7% (70/418)
[2025-11-17 21:46:36][INFO][Rank 0] - val Epoch 17/24: 19.1% (80/418)
[2025-11-17 21:46:41][INFO][Rank 0] - val Epoch 17/24: 21.5% (90/418)
[2025-11-17 21:46:46][INFO][Rank 0] - val Epoch 17/24: 23.9% (100/418)
[2025-11-17 21:46:51][INFO][Rank 0] - val Epoch 17/24: 26.3% (110/418)
[2025-11-17 21:46:56][INFO][Rank 0] - val Epoch 17/24: 28.7% (120/418)
[2025-11-17 21:46:56][INFO][Rank 0] - CUDA Memory [val][Step 120]: Device 0: Allocated: 3309.6 MB, Reserved: 117540.0 MB (Δ: +1687.0 MB)
[2025-11-17 21:47:00][INFO][Rank 0] - val Epoch 17/24: 31.1% (130/418)
[2025-11-17 21:47:05][INFO][Rank 0] - val Epoch 17/24: 33.5% (140/418)
[2025-11-17 21:47:10][INFO][Rank 0] - val Epoch 17/24: 35.9% (150/418)
[2025-11-17 21:47:15][INFO][Rank 0] - val Epoch 17/24: 38.3% (160/418)
[2025-11-17 21:47:20][INFO][Rank 0] - val Epoch 17/24: 40.7% (170/418)
[2025-11-17 21:47:25][INFO][Rank 0] - val Epoch 17/24: 43.1% (180/418)
[2025-11-17 21:47:30][INFO][Rank 0] - val Epoch 17/24: 45.5% (190/418)
[2025-11-17 21:47:35][INFO][Rank 0] - val Epoch 17/24: 47.8% (200/418)
[2025-11-17 21:47:40][INFO][Rank 0] - val Epoch 17/24: 50.2% (210/418)
[2025-11-17 21:47:45][INFO][Rank 0] - val Epoch 17/24: 52.6% (220/418)
[2025-11-17 21:47:50][INFO][Rank 0] - val Epoch 17/24: 55.0% (230/418)
[2025-11-17 21:47:55][INFO][Rank 0] - val Epoch 17/24: 57.4% (240/418)
[2025-11-17 21:48:00][INFO][Rank 0] - val Epoch 17/24: 59.8% (250/418)
[2025-11-17 21:48:05][INFO][Rank 0] - val Epoch 17/24: 62.2% (260/418)
[2025-11-17 21:48:10][INFO][Rank 0] - val Epoch 17/24: 64.6% (270/418)
[2025-11-17 21:48:10][INFO][Rank 0] - CUDA Memory [val][Step 270]: Device 0: Allocated: 3309.6 MB, Reserved: 117540.0 MB (Δ: +1687.0 MB)
[2025-11-17 21:48:15][INFO][Rank 0] - val Epoch 17/24: 67.0% (280/418)
[2025-11-17 21:48:20][INFO][Rank 0] - val Epoch 17/24: 69.4% (290/418)
[2025-11-17 21:48:25][INFO][Rank 0] - val Epoch 17/24: 71.8% (300/418)
[2025-11-17 21:48:30][INFO][Rank 0] - val Epoch 17/24: 74.2% (310/418)
[2025-11-17 21:48:35][INFO][Rank 0] - val Epoch 17/24: 76.6% (320/418)
[2025-11-17 21:48:40][INFO][Rank 0] - val Epoch 17/24: 78.9% (330/418)
[2025-11-17 21:48:45][INFO][Rank 0] - val Epoch 17/24: 81.3% (340/418)
[2025-11-17 21:48:50][INFO][Rank 0] - val Epoch 17/24: 83.7% (350/418)
[2025-11-17 21:48:55][INFO][Rank 0] - val Epoch 17/24: 86.1% (360/418)
[2025-11-17 21:49:00][INFO][Rank 0] - val Epoch 17/24: 88.5% (370/418)
[2025-11-17 21:49:05][INFO][Rank 0] - val Epoch 17/24: 90.9% (380/418)
[2025-11-17 21:49:10][INFO][Rank 0] - val Epoch 17/24: 93.3% (390/418)
[2025-11-17 21:49:14][INFO][Rank 0] - val Epoch 17/24: 95.7% (400/418)
[2025-11-17 21:49:19][INFO][Rank 0] - val Epoch 17/24: 98.1% (410/418)
[2025-11-17 21:49:23][INFO][Rank 0] - val Epoch 17/24: 99.8% (417/418)
[2025-11-17 21:49:23][INFO][Rank 0] - val Loss: 0.1101 Acc: 0.9682 F1: 0.9835
[2025-11-17 21:49:23][INFO][Rank 0] - val Balanced Acc: 0.9062 AUC-ROC: 0.9821
[2025-11-17 21:49:23][INFO][Rank 0] - val Sensitivity: 0.9717 Specificity: 0.8407
[2025-11-17 21:49:23][INFO][Rank 0] - val Confusion Matrix: TP=3952, FP=18, FN=115, TN=95
[2025-11-17 21:49:23][INFO][Rank 0] - val completed in 207.75s
[2025-11-17 21:49:23][INFO][Rank 0] - val cache: 0/1 items, hit rate: 0.00%
[2025-11-17 21:49:27][INFO][Rank 0] - Saved new best balanced_acc model with balanced_acc: 0.9062 at /projects/retprogression/rgarridogarcia/checkpoints/cropped1024_cropped_centered_wt_allR_4/best_balanced_acc_model.pth
[2025-11-17 21:49:31][INFO][Rank 0] - Also saved as general best model at /projects/retprogression/rgarridogarcia/checkpoints/cropped1024_cropped_centered_wt_allR_4/best_model.pth
[2025-11-17 21:49:35][INFO][Rank 0] - Saved epoch checkpoint at /projects/retprogression/rgarridogarcia/checkpoints/cropped1024_cropped_centered_wt_allR_4/epoch_17.pth
[2025-11-17 21:49:35][INFO][Rank 0] - Epoch 17 summary:
[2025-11-17 21:49:35][INFO][Rank 0] -  Train Loss: 0.1448, Train Acc: 0.9765, Train F1: 0.9879
[2025-11-17 21:49:35][INFO][Rank 0] -  Train Balanced Acc: 0.9026, Train AUC: 0.9705
[2025-11-17 21:49:35][INFO][Rank 0] -  Train Sensitivity: 0.9806, Train Specificity: 0.8247
[2025-11-17 21:49:35][INFO][Rank 0] -  Val Loss: 0.1101, Val Acc: 0.9682, Val F1: 0.9835
[2025-11-17 21:49:35][INFO][Rank 0] -  Val Balanced Acc: 0.9062, Val AUC: 0.9821
[2025-11-17 21:49:35][INFO][Rank 0] -  Val Sensitivity: 0.9717, Val Specificity: 0.8407
[2025-11-17 21:49:35][INFO][Rank 0] -  Total Epoch Time: 1584.36s
[2025-11-17 21:49:35][INFO][Rank 0] - Epoch 18/24
[2025-11-17 21:49:35][INFO][Rank 0] - ----------
[2025-11-17 21:49:35][INFO][Rank 0] - CUDA Memory [train][Step 0]: Device 0: Allocated: 3309.6 MB, Reserved: 117540.0 MB (Δ: +1687.0 MB)
[2025-11-17 21:49:35][INFO][Rank 0] - train phase: total 1936 batches
[2025-11-17 21:49:35][INFO][Rank 0] - train Epoch 18/24: 0.0% (0/1936)
[2025-11-17 21:49:42][INFO][Rank 0] - train Epoch 18/24: 0.5% (10/1936)
[2025-11-17 21:49:49][INFO][Rank 0] - train Epoch 18/24: 1.0% (20/1936)
[2025-11-17 21:49:57][INFO][Rank 0] - train Epoch 18/24: 1.5% (30/1936)
[2025-11-17 21:50:04][INFO][Rank 0] - train Epoch 18/24: 2.1% (40/1936)
[2025-11-17 21:50:11][INFO][Rank 0] - train Epoch 18/24: 2.6% (50/1936)
[2025-11-17 21:50:18][INFO][Rank 0] - train Epoch 18/24: 3.1% (60/1936)
[2025-11-17 21:50:25][INFO][Rank 0] - train Epoch 18/24: 3.6% (70/1936)
[2025-11-17 21:50:32][INFO][Rank 0] - train Epoch 18/24: 4.1% (80/1936)
[2025-11-17 21:50:39][INFO][Rank 0] - train Epoch 18/24: 4.6% (90/1936)
[2025-11-17 21:50:40][INFO][Rank 0] - CUDA Memory [train][Step 90]: Device 0: Allocated: 3309.6 MB, Reserved: 117540.0 MB (Δ: +1687.0 MB)
[2025-11-17 21:50:46][INFO][Rank 0] - train Epoch 18/24: 5.2% (100/1936)
[2025-11-17 21:50:53][INFO][Rank 0] - train Epoch 18/24: 5.7% (110/1936)
[2025-11-17 21:51:00][INFO][Rank 0] - train Epoch 18/24: 6.2% (120/1936)
[2025-11-17 21:51:07][INFO][Rank 0] - train Epoch 18/24: 6.7% (130/1936)
[2025-11-17 21:51:14][INFO][Rank 0] - train Epoch 18/24: 7.2% (140/1936)
[2025-11-17 21:51:21][INFO][Rank 0] - train Epoch 18/24: 7.7% (150/1936)
[2025-11-17 21:51:28][INFO][Rank 0] - train Epoch 18/24: 8.3% (160/1936)
[2025-11-17 21:51:35][INFO][Rank 0] - train Epoch 18/24: 8.8% (170/1936)
[2025-11-17 21:51:42][INFO][Rank 0] - train Epoch 18/24: 9.3% (180/1936)
[2025-11-17 21:51:43][INFO][Rank 0] - CUDA Memory [train][Step 180]: Device 0: Allocated: 3309.6 MB, Reserved: 117540.0 MB (Δ: +1687.0 MB)
[2025-11-17 21:51:49][INFO][Rank 0] - train Epoch 18/24: 9.8% (190/1936)
[2025-11-17 21:51:56][INFO][Rank 0] - train Epoch 18/24: 10.3% (200/1936)
[2025-11-17 21:52:03][INFO][Rank 0] - train Epoch 18/24: 10.8% (210/1936)
[2025-11-17 21:52:10][INFO][Rank 0] - train Epoch 18/24: 11.4% (220/1936)
[2025-11-17 21:52:18][INFO][Rank 0] - train Epoch 18/24: 11.9% (230/1936)
[2025-11-17 21:52:25][INFO][Rank 0] - train Epoch 18/24: 12.4% (240/1936)
[2025-11-17 21:52:32][INFO][Rank 0] - train Epoch 18/24: 12.9% (250/1936)
slurmstepd: error: *** JOB 2811571 ON d4055 CANCELLED AT 2025-11-17T21:52:34 DUE TO TIME LIMIT ***
