Python location: /projects/retprogression/pytorch_cu121_env/bin/python
CUDA available: True
GPU count: 1
Run ID: 5
Using port: 58139
Running experiment: experiment_res_1024
Using image resolution: 1024x1024
[2025-11-17 19:39:09,332][root][INFO] - Checkpoint directory prepared at /projects/retprogression/rgarridogarcia/checkpoints/cropped1024_cropped_centered_wt_allR_5
[2025-11-17 19:39:09][INFO] - Starting training with configuration summary:
[2025-11-17 19:39:09][INFO] -  exp:
[2025-11-17 19:39:09][INFO] -  _metadata: ContainerMetadata(ref_type=typing.Any, object_type=<class 'dict'>, optional=True, key='exp', flags={}, flags_root=False, resolver_cache=defaultdict(<class 'dict'>, {}), key_type=typing.Any, element_type=typing.Any)
[2025-11-17 19:39:09][INFO] -  _parent: {'run_id': 5, 'caching': {'enabled': True, 'prefetch_factor': 2, 'train_cache_size': 1000, 'val_cache_size': 1000}, 'criterion': {'alpha': 0.25, 'weight_method': 'inverse_frequency', 'gamma': 2.0, 'type': 'cross_entropy', 'use_class_weights': True}, 'data': {'annotations_file_name': '/projects/retprogression/gradable_dr/clean_gradable_dr_5_', 'augmentation': {'enabled': False, 'type': 'none'}, 'batch_size': 10, 'class_labels': 'gradable_binary_DR', 'data_dir': '/projects/retprogression/', 'img_dir': 'complete_cropped_1024_centered_wt_10272025_allRight', 'num_workers': 7, 'resolution': 1024, 'shuffle': True, 'weighted_sampler': {'enabled': False, 'generator_seed': 42, 'target_minority_ratio': 0.2}}, 'distributed': {'backend': 'nccl', 'world_size': 1}, 'early_stopping': {'enabled': False, 'metric': 'f1_score', 'min_delta': 0.001, 'mode': 'max', 'patience': 8}, 'exp': {'checkpoint_dir': '/projects/retprogression/rgarridogarcia/checkpoints/cropped1024_cropped_centered_wt_allR_5', 'checkpoint_freq': 1, 'checkpoint_name': '', 'experiment_name': 'swinv2_res1024', 'master_port': 58139, 'num_epochs': 25}, 'experiment_res_1024': {'data': {'augmentation': {'enabled': False, 'type': 'none'}, 'batch_size': 10, 'resolution': 1024, 'img_dir': 'complete_cropped_1024_centered_wt_10272025_allRight'}, 'exp': {'checkpoint_dir': '/projects/retprogression/rgarridogarcia/checkpoints/cropped1024_cropped_centered_wt_allR_5', 'checkpoint_name': '', 'experiment_name': 'swinv2_res1024', 'num_epochs': 25}, 'lr_scheduler': {'type': 'cosine', 'warmup': {'enabled': True, 'min_lr': 1e-07, 'warmup_proportion': 0.15}}, 'model': {'img_size': 1024, 'name': 'swinv2_large_window12to16_192to256.ms_in22k_ft_in1k', 'pretrained': True, 'num_classes': 2}, 'optimization': {'amp_enabled': True, 'gradient_accumulation_steps': 16, 'gradient_clipping': 0.5}, 'optimizer': {'optimizer': None, 'name': 'adam', 'lr': 5e-06, 'weight_decay': 0.001, 'momentum': 0.9}}, 'experiment_res_1024_oversample_50': {'criterion': {'class_weights': [1.0, 1.0], 'type': 'cross_entropy', 'use_class_weights': True}, 'data': {'augmentation': {'strength': 'strong'}, 'batch_size': 4, 'resolution': 1024, 'weighted_sampler': {'enabled': True, 'generator_seed': 42, 'target_minority_ratio': 0.5}}, 'exp': {'checkpoint_dir': '/projects/retprogression/rgarridogarcia/checkpoints/relabled_clean_gradable_swinv2_resolution1024_oversample50_5', 'checkpoint_name': 'epoch_23.pth', 'experiment_name': 'swinv2_res1024', 'master_port': 23450, 'num_epochs': 25}, 'lr_scheduler': {'type': 'cosine', 'warmup': {'enabled': True, 'min_lr': 1e-07, 'warmup_proportion': 0.15}}, 'model': {'img_size': 1024, 'name': 'swinv2_large_window12to16_192to256.ms_in22k_ft_in1k'}, 'optimization': {'amp_enabled': True, 'gradient_accumulation_steps': 16, 'gradient_clipping': 0.5}, 'optimizer': {'lr': 5e-06}}, 'lr_scheduler': {'type': 'cosine', 'warmup': {'enabled': True, 'min_lr': 1e-07, 'warmup_proportion': 0.15}}, 'model': {'img_size': 1024, 'name': 'swinv2_large_window12to16_192to256.ms_in22k_ft_in1k', 'pretrained': True, 'num_classes': 2}, 'optimization': {'amp_enabled': True, 'gradient_accumulation_steps': 16, 'gradient_clipping': 0.5}, 'optimizer': {'optimizer': None, 'name': 'adam', 'lr': 5e-06, 'weight_decay': 0.001, 'momentum': 0.9}}
[2025-11-17 19:39:09][INFO] -  _flags_cache: {'struct': None, 'readonly': None, 'convert': None, 'allow_objects': None}
[2025-11-17 19:39:09][INFO] -  _content: {'checkpoint_dir': '/projects/retprogression/rgarridogarcia/checkpoints/cropped1024_cropped_centered_wt_allR_5', 'checkpoint_freq': 1, 'checkpoint_name': '', 'experiment_name': 'swinv2_res1024', 'master_port': 58139, 'num_epochs': 25}
[2025-11-17 19:39:09][INFO] -  data:
[2025-11-17 19:39:09][INFO] -  _metadata: ContainerMetadata(ref_type=typing.Any, object_type=<class 'dict'>, optional=True, key='data', flags={}, flags_root=False, resolver_cache=defaultdict(<class 'dict'>, {}), key_type=typing.Any, element_type=typing.Any)
[2025-11-17 19:39:09][INFO] -  _parent: {'run_id': 5, 'caching': {'enabled': True, 'prefetch_factor': 2, 'train_cache_size': 1000, 'val_cache_size': 1000}, 'criterion': {'alpha': 0.25, 'weight_method': 'inverse_frequency', 'gamma': 2.0, 'type': 'cross_entropy', 'use_class_weights': True}, 'data': {'annotations_file_name': '/projects/retprogression/gradable_dr/clean_gradable_dr_5_', 'augmentation': {'enabled': False, 'type': 'none'}, 'batch_size': 10, 'class_labels': 'gradable_binary_DR', 'data_dir': '/projects/retprogression/', 'img_dir': 'complete_cropped_1024_centered_wt_10272025_allRight', 'num_workers': 7, 'resolution': 1024, 'shuffle': True, 'weighted_sampler': {'enabled': False, 'generator_seed': 42, 'target_minority_ratio': 0.2}}, 'distributed': {'backend': 'nccl', 'world_size': 1}, 'early_stopping': {'enabled': False, 'metric': 'f1_score', 'min_delta': 0.001, 'mode': 'max', 'patience': 8}, 'exp': {'checkpoint_dir': '/projects/retprogression/rgarridogarcia/checkpoints/cropped1024_cropped_centered_wt_allR_5', 'checkpoint_freq': 1, 'checkpoint_name': '', 'experiment_name': 'swinv2_res1024', 'master_port': 58139, 'num_epochs': 25}, 'experiment_res_1024': {'data': {'augmentation': {'enabled': False, 'type': 'none'}, 'batch_size': 10, 'resolution': 1024, 'img_dir': 'complete_cropped_1024_centered_wt_10272025_allRight'}, 'exp': {'checkpoint_dir': '/projects/retprogression/rgarridogarcia/checkpoints/cropped1024_cropped_centered_wt_allR_5', 'checkpoint_name': '', 'experiment_name': 'swinv2_res1024', 'num_epochs': 25}, 'lr_scheduler': {'type': 'cosine', 'warmup': {'enabled': True, 'min_lr': 1e-07, 'warmup_proportion': 0.15}}, 'model': {'img_size': 1024, 'name': 'swinv2_large_window12to16_192to256.ms_in22k_ft_in1k', 'pretrained': True, 'num_classes': 2}, 'optimization': {'amp_enabled': True, 'gradient_accumulation_steps': 16, 'gradient_clipping': 0.5}, 'optimizer': {'optimizer': None, 'name': 'adam', 'lr': 5e-06, 'weight_decay': 0.001, 'momentum': 0.9}}, 'experiment_res_1024_oversample_50': {'criterion': {'class_weights': [1.0, 1.0], 'type': 'cross_entropy', 'use_class_weights': True}, 'data': {'augmentation': {'strength': 'strong'}, 'batch_size': 4, 'resolution': 1024, 'weighted_sampler': {'enabled': True, 'generator_seed': 42, 'target_minority_ratio': 0.5}}, 'exp': {'checkpoint_dir': '/projects/retprogression/rgarridogarcia/checkpoints/relabled_clean_gradable_swinv2_resolution1024_oversample50_5', 'checkpoint_name': 'epoch_23.pth', 'experiment_name': 'swinv2_res1024', 'master_port': 23450, 'num_epochs': 25}, 'lr_scheduler': {'type': 'cosine', 'warmup': {'enabled': True, 'min_lr': 1e-07, 'warmup_proportion': 0.15}}, 'model': {'img_size': 1024, 'name': 'swinv2_large_window12to16_192to256.ms_in22k_ft_in1k'}, 'optimization': {'amp_enabled': True, 'gradient_accumulation_steps': 16, 'gradient_clipping': 0.5}, 'optimizer': {'lr': 5e-06}}, 'lr_scheduler': {'type': 'cosine', 'warmup': {'enabled': True, 'min_lr': 1e-07, 'warmup_proportion': 0.15}}, 'model': {'img_size': 1024, 'name': 'swinv2_large_window12to16_192to256.ms_in22k_ft_in1k', 'pretrained': True, 'num_classes': 2}, 'optimization': {'amp_enabled': True, 'gradient_accumulation_steps': 16, 'gradient_clipping': 0.5}, 'optimizer': {'optimizer': None, 'name': 'adam', 'lr': 5e-06, 'weight_decay': 0.001, 'momentum': 0.9}}
[2025-11-17 19:39:09][INFO] -  _flags_cache: {'struct': None, 'readonly': None, 'convert': None, 'allow_objects': None}
[2025-11-17 19:39:09][INFO] -  _content: {'annotations_file_name': '/projects/retprogression/gradable_dr/clean_gradable_dr_5_', 'augmentation': {'enabled': False, 'type': 'none'}, 'batch_size': 10, 'class_labels': 'gradable_binary_DR', 'data_dir': '/projects/retprogression/', 'img_dir': 'complete_cropped_1024_centered_wt_10272025_allRight', 'num_workers': 7, 'resolution': 1024, 'shuffle': True, 'weighted_sampler': {'enabled': False, 'generator_seed': 42, 'target_minority_ratio': 0.2}}
[2025-11-17 19:39:09][INFO] -  model:
[2025-11-17 19:39:09][INFO] -  _metadata: ContainerMetadata(ref_type=typing.Any, object_type=<class 'dict'>, optional=True, key='model', flags={}, flags_root=False, resolver_cache=defaultdict(<class 'dict'>, {}), key_type=typing.Any, element_type=typing.Any)
[2025-11-17 19:39:09][INFO] -  _parent: {'run_id': 5, 'caching': {'enabled': True, 'prefetch_factor': 2, 'train_cache_size': 1000, 'val_cache_size': 1000}, 'criterion': {'alpha': 0.25, 'weight_method': 'inverse_frequency', 'gamma': 2.0, 'type': 'cross_entropy', 'use_class_weights': True}, 'data': {'annotations_file_name': '/projects/retprogression/gradable_dr/clean_gradable_dr_5_', 'augmentation': {'enabled': False, 'type': 'none'}, 'batch_size': 10, 'class_labels': 'gradable_binary_DR', 'data_dir': '/projects/retprogression/', 'img_dir': 'complete_cropped_1024_centered_wt_10272025_allRight', 'num_workers': 7, 'resolution': 1024, 'shuffle': True, 'weighted_sampler': {'enabled': False, 'generator_seed': 42, 'target_minority_ratio': 0.2}}, 'distributed': {'backend': 'nccl', 'world_size': 1}, 'early_stopping': {'enabled': False, 'metric': 'f1_score', 'min_delta': 0.001, 'mode': 'max', 'patience': 8}, 'exp': {'checkpoint_dir': '/projects/retprogression/rgarridogarcia/checkpoints/cropped1024_cropped_centered_wt_allR_5', 'checkpoint_freq': 1, 'checkpoint_name': '', 'experiment_name': 'swinv2_res1024', 'master_port': 58139, 'num_epochs': 25}, 'experiment_res_1024': {'data': {'augmentation': {'enabled': False, 'type': 'none'}, 'batch_size': 10, 'resolution': 1024, 'img_dir': 'complete_cropped_1024_centered_wt_10272025_allRight'}, 'exp': {'checkpoint_dir': '/projects/retprogression/rgarridogarcia/checkpoints/cropped1024_cropped_centered_wt_allR_5', 'checkpoint_name': '', 'experiment_name': 'swinv2_res1024', 'num_epochs': 25}, 'lr_scheduler': {'type': 'cosine', 'warmup': {'enabled': True, 'min_lr': 1e-07, 'warmup_proportion': 0.15}}, 'model': {'img_size': 1024, 'name': 'swinv2_large_window12to16_192to256.ms_in22k_ft_in1k', 'pretrained': True, 'num_classes': 2}, 'optimization': {'amp_enabled': True, 'gradient_accumulation_steps': 16, 'gradient_clipping': 0.5}, 'optimizer': {'optimizer': None, 'name': 'adam', 'lr': 5e-06, 'weight_decay': 0.001, 'momentum': 0.9}}, 'experiment_res_1024_oversample_50': {'criterion': {'class_weights': [1.0, 1.0], 'type': 'cross_entropy', 'use_class_weights': True}, 'data': {'augmentation': {'strength': 'strong'}, 'batch_size': 4, 'resolution': 1024, 'weighted_sampler': {'enabled': True, 'generator_seed': 42, 'target_minority_ratio': 0.5}}, 'exp': {'checkpoint_dir': '/projects/retprogression/rgarridogarcia/checkpoints/relabled_clean_gradable_swinv2_resolution1024_oversample50_5', 'checkpoint_name': 'epoch_23.pth', 'experiment_name': 'swinv2_res1024', 'master_port': 23450, 'num_epochs': 25}, 'lr_scheduler': {'type': 'cosine', 'warmup': {'enabled': True, 'min_lr': 1e-07, 'warmup_proportion': 0.15}}, 'model': {'img_size': 1024, 'name': 'swinv2_large_window12to16_192to256.ms_in22k_ft_in1k'}, 'optimization': {'amp_enabled': True, 'gradient_accumulation_steps': 16, 'gradient_clipping': 0.5}, 'optimizer': {'lr': 5e-06}}, 'lr_scheduler': {'type': 'cosine', 'warmup': {'enabled': True, 'min_lr': 1e-07, 'warmup_proportion': 0.15}}, 'model': {'img_size': 1024, 'name': 'swinv2_large_window12to16_192to256.ms_in22k_ft_in1k', 'pretrained': True, 'num_classes': 2}, 'optimization': {'amp_enabled': True, 'gradient_accumulation_steps': 16, 'gradient_clipping': 0.5}, 'optimizer': {'optimizer': None, 'name': 'adam', 'lr': 5e-06, 'weight_decay': 0.001, 'momentum': 0.9}}
[2025-11-17 19:39:09][INFO] -  _flags_cache: {'struct': None, 'readonly': None, 'convert': None, 'allow_objects': None}
[2025-11-17 19:39:09][INFO] -  _content: {'img_size': 1024, 'name': 'swinv2_large_window12to16_192to256.ms_in22k_ft_in1k', 'pretrained': True, 'num_classes': 2}
[2025-11-17 19:39:09][INFO] -  optimizer:
[2025-11-17 19:39:09][INFO] -  _metadata: ContainerMetadata(ref_type=typing.Any, object_type=<class 'dict'>, optional=True, key='optimizer', flags={}, flags_root=False, resolver_cache=defaultdict(<class 'dict'>, {}), key_type=typing.Any, element_type=typing.Any)
[2025-11-17 19:39:09][INFO] -  _parent: {'run_id': 5, 'caching': {'enabled': True, 'prefetch_factor': 2, 'train_cache_size': 1000, 'val_cache_size': 1000}, 'criterion': {'alpha': 0.25, 'weight_method': 'inverse_frequency', 'gamma': 2.0, 'type': 'cross_entropy', 'use_class_weights': True}, 'data': {'annotations_file_name': '/projects/retprogression/gradable_dr/clean_gradable_dr_5_', 'augmentation': {'enabled': False, 'type': 'none'}, 'batch_size': 10, 'class_labels': 'gradable_binary_DR', 'data_dir': '/projects/retprogression/', 'img_dir': 'complete_cropped_1024_centered_wt_10272025_allRight', 'num_workers': 7, 'resolution': 1024, 'shuffle': True, 'weighted_sampler': {'enabled': False, 'generator_seed': 42, 'target_minority_ratio': 0.2}}, 'distributed': {'backend': 'nccl', 'world_size': 1}, 'early_stopping': {'enabled': False, 'metric': 'f1_score', 'min_delta': 0.001, 'mode': 'max', 'patience': 8}, 'exp': {'checkpoint_dir': '/projects/retprogression/rgarridogarcia/checkpoints/cropped1024_cropped_centered_wt_allR_5', 'checkpoint_freq': 1, 'checkpoint_name': '', 'experiment_name': 'swinv2_res1024', 'master_port': 58139, 'num_epochs': 25}, 'experiment_res_1024': {'data': {'augmentation': {'enabled': False, 'type': 'none'}, 'batch_size': 10, 'resolution': 1024, 'img_dir': 'complete_cropped_1024_centered_wt_10272025_allRight'}, 'exp': {'checkpoint_dir': '/projects/retprogression/rgarridogarcia/checkpoints/cropped1024_cropped_centered_wt_allR_5', 'checkpoint_name': '', 'experiment_name': 'swinv2_res1024', 'num_epochs': 25}, 'lr_scheduler': {'type': 'cosine', 'warmup': {'enabled': True, 'min_lr': 1e-07, 'warmup_proportion': 0.15}}, 'model': {'img_size': 1024, 'name': 'swinv2_large_window12to16_192to256.ms_in22k_ft_in1k', 'pretrained': True, 'num_classes': 2}, 'optimization': {'amp_enabled': True, 'gradient_accumulation_steps': 16, 'gradient_clipping': 0.5}, 'optimizer': {'optimizer': None, 'name': 'adam', 'lr': 5e-06, 'weight_decay': 0.001, 'momentum': 0.9}}, 'experiment_res_1024_oversample_50': {'criterion': {'class_weights': [1.0, 1.0], 'type': 'cross_entropy', 'use_class_weights': True}, 'data': {'augmentation': {'strength': 'strong'}, 'batch_size': 4, 'resolution': 1024, 'weighted_sampler': {'enabled': True, 'generator_seed': 42, 'target_minority_ratio': 0.5}}, 'exp': {'checkpoint_dir': '/projects/retprogression/rgarridogarcia/checkpoints/relabled_clean_gradable_swinv2_resolution1024_oversample50_5', 'checkpoint_name': 'epoch_23.pth', 'experiment_name': 'swinv2_res1024', 'master_port': 23450, 'num_epochs': 25}, 'lr_scheduler': {'type': 'cosine', 'warmup': {'enabled': True, 'min_lr': 1e-07, 'warmup_proportion': 0.15}}, 'model': {'img_size': 1024, 'name': 'swinv2_large_window12to16_192to256.ms_in22k_ft_in1k'}, 'optimization': {'amp_enabled': True, 'gradient_accumulation_steps': 16, 'gradient_clipping': 0.5}, 'optimizer': {'lr': 5e-06}}, 'lr_scheduler': {'type': 'cosine', 'warmup': {'enabled': True, 'min_lr': 1e-07, 'warmup_proportion': 0.15}}, 'model': {'img_size': 1024, 'name': 'swinv2_large_window12to16_192to256.ms_in22k_ft_in1k', 'pretrained': True, 'num_classes': 2}, 'optimization': {'amp_enabled': True, 'gradient_accumulation_steps': 16, 'gradient_clipping': 0.5}, 'optimizer': {'optimizer': None, 'name': 'adam', 'lr': 5e-06, 'weight_decay': 0.001, 'momentum': 0.9}}
[2025-11-17 19:39:09][INFO] -  _flags_cache: {'struct': None, 'readonly': None, 'convert': None, 'allow_objects': None}
[2025-11-17 19:39:09][INFO] -  _content: {'optimizer': None, 'name': 'adam', 'lr': 5e-06, 'weight_decay': 0.001, 'momentum': 0.9}
[2025-11-17 19:39:09][INFO] -  lr_scheduler:
[2025-11-17 19:39:09][INFO] -  _metadata: ContainerMetadata(ref_type=typing.Any, object_type=<class 'dict'>, optional=True, key='lr_scheduler', flags={}, flags_root=False, resolver_cache=defaultdict(<class 'dict'>, {}), key_type=typing.Any, element_type=typing.Any)
[2025-11-17 19:39:09][INFO] -  _parent: {'run_id': 5, 'caching': {'enabled': True, 'prefetch_factor': 2, 'train_cache_size': 1000, 'val_cache_size': 1000}, 'criterion': {'alpha': 0.25, 'weight_method': 'inverse_frequency', 'gamma': 2.0, 'type': 'cross_entropy', 'use_class_weights': True}, 'data': {'annotations_file_name': '/projects/retprogression/gradable_dr/clean_gradable_dr_5_', 'augmentation': {'enabled': False, 'type': 'none'}, 'batch_size': 10, 'class_labels': 'gradable_binary_DR', 'data_dir': '/projects/retprogression/', 'img_dir': 'complete_cropped_1024_centered_wt_10272025_allRight', 'num_workers': 7, 'resolution': 1024, 'shuffle': True, 'weighted_sampler': {'enabled': False, 'generator_seed': 42, 'target_minority_ratio': 0.2}}, 'distributed': {'backend': 'nccl', 'world_size': 1}, 'early_stopping': {'enabled': False, 'metric': 'f1_score', 'min_delta': 0.001, 'mode': 'max', 'patience': 8}, 'exp': {'checkpoint_dir': '/projects/retprogression/rgarridogarcia/checkpoints/cropped1024_cropped_centered_wt_allR_5', 'checkpoint_freq': 1, 'checkpoint_name': '', 'experiment_name': 'swinv2_res1024', 'master_port': 58139, 'num_epochs': 25}, 'experiment_res_1024': {'data': {'augmentation': {'enabled': False, 'type': 'none'}, 'batch_size': 10, 'resolution': 1024, 'img_dir': 'complete_cropped_1024_centered_wt_10272025_allRight'}, 'exp': {'checkpoint_dir': '/projects/retprogression/rgarridogarcia/checkpoints/cropped1024_cropped_centered_wt_allR_5', 'checkpoint_name': '', 'experiment_name': 'swinv2_res1024', 'num_epochs': 25}, 'lr_scheduler': {'type': 'cosine', 'warmup': {'enabled': True, 'min_lr': 1e-07, 'warmup_proportion': 0.15}}, 'model': {'img_size': 1024, 'name': 'swinv2_large_window12to16_192to256.ms_in22k_ft_in1k', 'pretrained': True, 'num_classes': 2}, 'optimization': {'amp_enabled': True, 'gradient_accumulation_steps': 16, 'gradient_clipping': 0.5}, 'optimizer': {'optimizer': None, 'name': 'adam', 'lr': 5e-06, 'weight_decay': 0.001, 'momentum': 0.9}}, 'experiment_res_1024_oversample_50': {'criterion': {'class_weights': [1.0, 1.0], 'type': 'cross_entropy', 'use_class_weights': True}, 'data': {'augmentation': {'strength': 'strong'}, 'batch_size': 4, 'resolution': 1024, 'weighted_sampler': {'enabled': True, 'generator_seed': 42, 'target_minority_ratio': 0.5}}, 'exp': {'checkpoint_dir': '/projects/retprogression/rgarridogarcia/checkpoints/relabled_clean_gradable_swinv2_resolution1024_oversample50_5', 'checkpoint_name': 'epoch_23.pth', 'experiment_name': 'swinv2_res1024', 'master_port': 23450, 'num_epochs': 25}, 'lr_scheduler': {'type': 'cosine', 'warmup': {'enabled': True, 'min_lr': 1e-07, 'warmup_proportion': 0.15}}, 'model': {'img_size': 1024, 'name': 'swinv2_large_window12to16_192to256.ms_in22k_ft_in1k'}, 'optimization': {'amp_enabled': True, 'gradient_accumulation_steps': 16, 'gradient_clipping': 0.5}, 'optimizer': {'lr': 5e-06}}, 'lr_scheduler': {'type': 'cosine', 'warmup': {'enabled': True, 'min_lr': 1e-07, 'warmup_proportion': 0.15}}, 'model': {'img_size': 1024, 'name': 'swinv2_large_window12to16_192to256.ms_in22k_ft_in1k', 'pretrained': True, 'num_classes': 2}, 'optimization': {'amp_enabled': True, 'gradient_accumulation_steps': 16, 'gradient_clipping': 0.5}, 'optimizer': {'optimizer': None, 'name': 'adam', 'lr': 5e-06, 'weight_decay': 0.001, 'momentum': 0.9}}
[2025-11-17 19:39:09][INFO] -  _flags_cache: {'struct': None, 'readonly': None, 'convert': None, 'allow_objects': None}
[2025-11-17 19:39:09][INFO] -  _content: {'type': 'cosine', 'warmup': {'enabled': True, 'min_lr': 1e-07, 'warmup_proportion': 0.15}}
[2025-11-17 19:39:09][INFO] -  distributed:
[2025-11-17 19:39:09][INFO] -  _metadata: ContainerMetadata(ref_type=typing.Any, object_type=<class 'dict'>, optional=True, key='distributed', flags={}, flags_root=False, resolver_cache=defaultdict(<class 'dict'>, {}), key_type=typing.Any, element_type=typing.Any)
[2025-11-17 19:39:09][INFO] -  _parent: {'run_id': 5, 'caching': {'enabled': True, 'prefetch_factor': 2, 'train_cache_size': 1000, 'val_cache_size': 1000}, 'criterion': {'alpha': 0.25, 'weight_method': 'inverse_frequency', 'gamma': 2.0, 'type': 'cross_entropy', 'use_class_weights': True}, 'data': {'annotations_file_name': '/projects/retprogression/gradable_dr/clean_gradable_dr_5_', 'augmentation': {'enabled': False, 'type': 'none'}, 'batch_size': 10, 'class_labels': 'gradable_binary_DR', 'data_dir': '/projects/retprogression/', 'img_dir': 'complete_cropped_1024_centered_wt_10272025_allRight', 'num_workers': 7, 'resolution': 1024, 'shuffle': True, 'weighted_sampler': {'enabled': False, 'generator_seed': 42, 'target_minority_ratio': 0.2}}, 'distributed': {'backend': 'nccl', 'world_size': 1}, 'early_stopping': {'enabled': False, 'metric': 'f1_score', 'min_delta': 0.001, 'mode': 'max', 'patience': 8}, 'exp': {'checkpoint_dir': '/projects/retprogression/rgarridogarcia/checkpoints/cropped1024_cropped_centered_wt_allR_5', 'checkpoint_freq': 1, 'checkpoint_name': '', 'experiment_name': 'swinv2_res1024', 'master_port': 58139, 'num_epochs': 25}, 'experiment_res_1024': {'data': {'augmentation': {'enabled': False, 'type': 'none'}, 'batch_size': 10, 'resolution': 1024, 'img_dir': 'complete_cropped_1024_centered_wt_10272025_allRight'}, 'exp': {'checkpoint_dir': '/projects/retprogression/rgarridogarcia/checkpoints/cropped1024_cropped_centered_wt_allR_5', 'checkpoint_name': '', 'experiment_name': 'swinv2_res1024', 'num_epochs': 25}, 'lr_scheduler': {'type': 'cosine', 'warmup': {'enabled': True, 'min_lr': 1e-07, 'warmup_proportion': 0.15}}, 'model': {'img_size': 1024, 'name': 'swinv2_large_window12to16_192to256.ms_in22k_ft_in1k', 'pretrained': True, 'num_classes': 2}, 'optimization': {'amp_enabled': True, 'gradient_accumulation_steps': 16, 'gradient_clipping': 0.5}, 'optimizer': {'optimizer': None, 'name': 'adam', 'lr': 5e-06, 'weight_decay': 0.001, 'momentum': 0.9}}, 'experiment_res_1024_oversample_50': {'criterion': {'class_weights': [1.0, 1.0], 'type': 'cross_entropy', 'use_class_weights': True}, 'data': {'augmentation': {'strength': 'strong'}, 'batch_size': 4, 'resolution': 1024, 'weighted_sampler': {'enabled': True, 'generator_seed': 42, 'target_minority_ratio': 0.5}}, 'exp': {'checkpoint_dir': '/projects/retprogression/rgarridogarcia/checkpoints/relabled_clean_gradable_swinv2_resolution1024_oversample50_5', 'checkpoint_name': 'epoch_23.pth', 'experiment_name': 'swinv2_res1024', 'master_port': 23450, 'num_epochs': 25}, 'lr_scheduler': {'type': 'cosine', 'warmup': {'enabled': True, 'min_lr': 1e-07, 'warmup_proportion': 0.15}}, 'model': {'img_size': 1024, 'name': 'swinv2_large_window12to16_192to256.ms_in22k_ft_in1k'}, 'optimization': {'amp_enabled': True, 'gradient_accumulation_steps': 16, 'gradient_clipping': 0.5}, 'optimizer': {'lr': 5e-06}}, 'lr_scheduler': {'type': 'cosine', 'warmup': {'enabled': True, 'min_lr': 1e-07, 'warmup_proportion': 0.15}}, 'model': {'img_size': 1024, 'name': 'swinv2_large_window12to16_192to256.ms_in22k_ft_in1k', 'pretrained': True, 'num_classes': 2}, 'optimization': {'amp_enabled': True, 'gradient_accumulation_steps': 16, 'gradient_clipping': 0.5}, 'optimizer': {'optimizer': None, 'name': 'adam', 'lr': 5e-06, 'weight_decay': 0.001, 'momentum': 0.9}}
[2025-11-17 19:39:09][INFO] -  _flags_cache: None
[2025-11-17 19:39:09][INFO] -  _content: {'backend': 'nccl', 'world_size': 1}
[2025-11-17 19:39:09][INFO] -  early_stopping:
[2025-11-17 19:39:09][INFO] -  _metadata: ContainerMetadata(ref_type=typing.Any, object_type=<class 'dict'>, optional=True, key='early_stopping', flags={}, flags_root=False, resolver_cache=defaultdict(<class 'dict'>, {}), key_type=typing.Any, element_type=typing.Any)
[2025-11-17 19:39:09][INFO] -  _parent: {'run_id': 5, 'caching': {'enabled': True, 'prefetch_factor': 2, 'train_cache_size': 1000, 'val_cache_size': 1000}, 'criterion': {'alpha': 0.25, 'weight_method': 'inverse_frequency', 'gamma': 2.0, 'type': 'cross_entropy', 'use_class_weights': True}, 'data': {'annotations_file_name': '/projects/retprogression/gradable_dr/clean_gradable_dr_5_', 'augmentation': {'enabled': False, 'type': 'none'}, 'batch_size': 10, 'class_labels': 'gradable_binary_DR', 'data_dir': '/projects/retprogression/', 'img_dir': 'complete_cropped_1024_centered_wt_10272025_allRight', 'num_workers': 7, 'resolution': 1024, 'shuffle': True, 'weighted_sampler': {'enabled': False, 'generator_seed': 42, 'target_minority_ratio': 0.2}}, 'distributed': {'backend': 'nccl', 'world_size': 1}, 'early_stopping': {'enabled': False, 'metric': 'f1_score', 'min_delta': 0.001, 'mode': 'max', 'patience': 8}, 'exp': {'checkpoint_dir': '/projects/retprogression/rgarridogarcia/checkpoints/cropped1024_cropped_centered_wt_allR_5', 'checkpoint_freq': 1, 'checkpoint_name': '', 'experiment_name': 'swinv2_res1024', 'master_port': 58139, 'num_epochs': 25}, 'experiment_res_1024': {'data': {'augmentation': {'enabled': False, 'type': 'none'}, 'batch_size': 10, 'resolution': 1024, 'img_dir': 'complete_cropped_1024_centered_wt_10272025_allRight'}, 'exp': {'checkpoint_dir': '/projects/retprogression/rgarridogarcia/checkpoints/cropped1024_cropped_centered_wt_allR_5', 'checkpoint_name': '', 'experiment_name': 'swinv2_res1024', 'num_epochs': 25}, 'lr_scheduler': {'type': 'cosine', 'warmup': {'enabled': True, 'min_lr': 1e-07, 'warmup_proportion': 0.15}}, 'model': {'img_size': 1024, 'name': 'swinv2_large_window12to16_192to256.ms_in22k_ft_in1k', 'pretrained': True, 'num_classes': 2}, 'optimization': {'amp_enabled': True, 'gradient_accumulation_steps': 16, 'gradient_clipping': 0.5}, 'optimizer': {'optimizer': None, 'name': 'adam', 'lr': 5e-06, 'weight_decay': 0.001, 'momentum': 0.9}}, 'experiment_res_1024_oversample_50': {'criterion': {'class_weights': [1.0, 1.0], 'type': 'cross_entropy', 'use_class_weights': True}, 'data': {'augmentation': {'strength': 'strong'}, 'batch_size': 4, 'resolution': 1024, 'weighted_sampler': {'enabled': True, 'generator_seed': 42, 'target_minority_ratio': 0.5}}, 'exp': {'checkpoint_dir': '/projects/retprogression/rgarridogarcia/checkpoints/relabled_clean_gradable_swinv2_resolution1024_oversample50_5', 'checkpoint_name': 'epoch_23.pth', 'experiment_name': 'swinv2_res1024', 'master_port': 23450, 'num_epochs': 25}, 'lr_scheduler': {'type': 'cosine', 'warmup': {'enabled': True, 'min_lr': 1e-07, 'warmup_proportion': 0.15}}, 'model': {'img_size': 1024, 'name': 'swinv2_large_window12to16_192to256.ms_in22k_ft_in1k'}, 'optimization': {'amp_enabled': True, 'gradient_accumulation_steps': 16, 'gradient_clipping': 0.5}, 'optimizer': {'lr': 5e-06}}, 'lr_scheduler': {'type': 'cosine', 'warmup': {'enabled': True, 'min_lr': 1e-07, 'warmup_proportion': 0.15}}, 'model': {'img_size': 1024, 'name': 'swinv2_large_window12to16_192to256.ms_in22k_ft_in1k', 'pretrained': True, 'num_classes': 2}, 'optimization': {'amp_enabled': True, 'gradient_accumulation_steps': 16, 'gradient_clipping': 0.5}, 'optimizer': {'optimizer': None, 'name': 'adam', 'lr': 5e-06, 'weight_decay': 0.001, 'momentum': 0.9}}
[2025-11-17 19:39:09][INFO] -  _flags_cache: None
[2025-11-17 19:39:09][INFO] -  _content: {'enabled': False, 'metric': 'f1_score', 'min_delta': 0.001, 'mode': 'max', 'patience': 8}
[2025-11-17 19:39:09][INFO] -  criterion:
[2025-11-17 19:39:09][INFO] -  _metadata: ContainerMetadata(ref_type=typing.Any, object_type=<class 'dict'>, optional=True, key='criterion', flags={}, flags_root=False, resolver_cache=defaultdict(<class 'dict'>, {}), key_type=typing.Any, element_type=typing.Any)
[2025-11-17 19:39:09][INFO] -  _parent: {'run_id': 5, 'caching': {'enabled': True, 'prefetch_factor': 2, 'train_cache_size': 1000, 'val_cache_size': 1000}, 'criterion': {'alpha': 0.25, 'weight_method': 'inverse_frequency', 'gamma': 2.0, 'type': 'cross_entropy', 'use_class_weights': True}, 'data': {'annotations_file_name': '/projects/retprogression/gradable_dr/clean_gradable_dr_5_', 'augmentation': {'enabled': False, 'type': 'none'}, 'batch_size': 10, 'class_labels': 'gradable_binary_DR', 'data_dir': '/projects/retprogression/', 'img_dir': 'complete_cropped_1024_centered_wt_10272025_allRight', 'num_workers': 7, 'resolution': 1024, 'shuffle': True, 'weighted_sampler': {'enabled': False, 'generator_seed': 42, 'target_minority_ratio': 0.2}}, 'distributed': {'backend': 'nccl', 'world_size': 1}, 'early_stopping': {'enabled': False, 'metric': 'f1_score', 'min_delta': 0.001, 'mode': 'max', 'patience': 8}, 'exp': {'checkpoint_dir': '/projects/retprogression/rgarridogarcia/checkpoints/cropped1024_cropped_centered_wt_allR_5', 'checkpoint_freq': 1, 'checkpoint_name': '', 'experiment_name': 'swinv2_res1024', 'master_port': 58139, 'num_epochs': 25}, 'experiment_res_1024': {'data': {'augmentation': {'enabled': False, 'type': 'none'}, 'batch_size': 10, 'resolution': 1024, 'img_dir': 'complete_cropped_1024_centered_wt_10272025_allRight'}, 'exp': {'checkpoint_dir': '/projects/retprogression/rgarridogarcia/checkpoints/cropped1024_cropped_centered_wt_allR_5', 'checkpoint_name': '', 'experiment_name': 'swinv2_res1024', 'num_epochs': 25}, 'lr_scheduler': {'type': 'cosine', 'warmup': {'enabled': True, 'min_lr': 1e-07, 'warmup_proportion': 0.15}}, 'model': {'img_size': 1024, 'name': 'swinv2_large_window12to16_192to256.ms_in22k_ft_in1k', 'pretrained': True, 'num_classes': 2}, 'optimization': {'amp_enabled': True, 'gradient_accumulation_steps': 16, 'gradient_clipping': 0.5}, 'optimizer': {'optimizer': None, 'name': 'adam', 'lr': 5e-06, 'weight_decay': 0.001, 'momentum': 0.9}}, 'experiment_res_1024_oversample_50': {'criterion': {'class_weights': [1.0, 1.0], 'type': 'cross_entropy', 'use_class_weights': True}, 'data': {'augmentation': {'strength': 'strong'}, 'batch_size': 4, 'resolution': 1024, 'weighted_sampler': {'enabled': True, 'generator_seed': 42, 'target_minority_ratio': 0.5}}, 'exp': {'checkpoint_dir': '/projects/retprogression/rgarridogarcia/checkpoints/relabled_clean_gradable_swinv2_resolution1024_oversample50_5', 'checkpoint_name': 'epoch_23.pth', 'experiment_name': 'swinv2_res1024', 'master_port': 23450, 'num_epochs': 25}, 'lr_scheduler': {'type': 'cosine', 'warmup': {'enabled': True, 'min_lr': 1e-07, 'warmup_proportion': 0.15}}, 'model': {'img_size': 1024, 'name': 'swinv2_large_window12to16_192to256.ms_in22k_ft_in1k'}, 'optimization': {'amp_enabled': True, 'gradient_accumulation_steps': 16, 'gradient_clipping': 0.5}, 'optimizer': {'lr': 5e-06}}, 'lr_scheduler': {'type': 'cosine', 'warmup': {'enabled': True, 'min_lr': 1e-07, 'warmup_proportion': 0.15}}, 'model': {'img_size': 1024, 'name': 'swinv2_large_window12to16_192to256.ms_in22k_ft_in1k', 'pretrained': True, 'num_classes': 2}, 'optimization': {'amp_enabled': True, 'gradient_accumulation_steps': 16, 'gradient_clipping': 0.5}, 'optimizer': {'optimizer': None, 'name': 'adam', 'lr': 5e-06, 'weight_decay': 0.001, 'momentum': 0.9}}
[2025-11-17 19:39:09][INFO] -  _flags_cache: None
[2025-11-17 19:39:09][INFO] -  _content: {'alpha': 0.25, 'weight_method': 'inverse_frequency', 'gamma': 2.0, 'type': 'cross_entropy', 'use_class_weights': True}
[2025-11-17 19:39:09][INFO] - Number of available GPUs: 1
[2025-11-17 19:39:09][INFO] - Available GPUs:
[2025-11-17 19:39:10][INFO] -  GPU 0: NVIDIA H200
[2025-11-17 19:39:10][INFO] - Training with single GPU or CPU
[2025-11-17 19:39:10][INFO] - Initialized process group with world_size=1
[2025-11-17 19:39:10][INFO][Rank 0] - Running training on rank 0 with world size 1
[2025-11-17 19:39:10][INFO][Rank 0] - Training for 25 epochs
[2025-11-17 19:39:10][INFO][Rank 0] - Batch size: 10 (per GPU)
[2025-11-17 19:39:10][INFO][Rank 0] - Total effective batch size: 10
[2025-11-17 19:39:10][INFO][Rank 0] - Learning rate: 5e-06
[2025-11-17 19:39:10][INFO][Rank 0] - Experiment name: swinv2_res1024
[2025-11-17 19:39:10][INFO][Rank 0] - Data augmentation type: none
[2025-11-17 19:39:10][INFO][Rank 0] - Image resolution: 1024x1024
[2025-11-17 19:39:10][INFO][Rank 0] - Creating datasets...
[2025-11-17 19:39:10][INFO][Rank 0] - Using image directory: complete_cropped_1024_centered_wt_10272025_allRight
[2025-11-17 19:39:19][INFO][Rank 0] - JoslinData: Loaded 19460 samples from /projects/retprogression/complete_cropped_1024_centered_wt_10272025_allRight
[2025-11-17 19:39:19][INFO][Rank 0] - Class distribution: {1: '18954 (97.4%)', 0: '506 (2.6%)'}
[2025-11-17 19:39:21][INFO][Rank 0] - JoslinData: Loaded 4015 samples from /projects/retprogression/complete_cropped_1024_centered_wt_10272025_allRight
[2025-11-17 19:39:21][INFO][Rank 0] - Class distribution: {1: '3914 (97.5%)', 0: '101 (2.5%)'}
[2025-11-17 19:39:21][INFO][Rank 0] - CachedDataset initialized for rank 0 with cache_size=1000
[2025-11-17 19:39:21][INFO][Rank 0] - CachedDataset initialized for rank 0 with cache_size=1000
[2025-11-17 19:39:21][INFO][Rank 0] - Datasets created in 10.84s
[2025-11-17 19:39:21][INFO][Rank 0] - Train dataset size: 19460
[2025-11-17 19:39:21][INFO][Rank 0] - Validation dataset size: 4015
[2025-11-17 19:39:21][INFO][Rank 0] - Caching enabled - Train cache size: 1000, Val cache size: 1000
[2025-11-17 19:39:21][INFO][Rank 0] - Creating dataloaders...
[2025-11-17 19:39:21][INFO][Rank 0] - Dataloaders created in 0.00s
[2025-11-17 19:39:21][INFO][Rank 0] - Workers per GPU: 7
[2025-11-17 19:39:21][INFO][Rank 0] - Prefetch factor: 2
[2025-11-17 19:39:21][INFO][Rank 0] - Drop last batch: True
[2025-11-17 19:39:21][INFO][Rank 0] - Creating model: swinv2_large_window12to16_192to256.ms_in22k_ft_in1k...
[2025-11-17 19:39:22][INFO][Rank 0] - Loading pretrained weights from Hugging Face hub (timm/swinv2_large_window12to16_192to256.ms_in22k_ft_in1k)
[2025-11-17 19:39:23][INFO][Rank 0] - [timm/swinv2_large_window12to16_192to256.ms_in22k_ft_in1k] Safe alternative available for 'pytorch_model.bin' (as 'model.safetensors'). Loading weights using safetensors.
[2025-11-17 19:39:24][INFO][Rank 0] - Missing keys (head.fc.weight, head.fc.bias) discovered while loading pretrained weights. This is expected if model is being adapted.
[2025-11-17 19:39:24][INFO][Rank 0] - Created ViT model with image size: 1024x1024
[2025-11-17 19:39:24][INFO][Rank 0] - Model parameters: 195,206,006 total, 195,206,006 trainable
[2025-11-17 19:39:24][INFO][Rank 0] - Model created and initialized in 3.67s
[2025-11-17 19:39:24][INFO][Rank 0] - Class weights explicitly set to: True
[2025-11-17 19:39:24][INFO][Rank 0] - Auto-computing class weights using method: inverse_frequency
[2025-11-17 19:39:24][INFO][Rank 0] - Class distribution:
[2025-11-17 19:39:24][INFO][Rank 0] -   Class 0: 506 samples (2.6%)
[2025-11-17 19:39:24][INFO][Rank 0] -   Class 1: 18954 samples (97.4%)
[2025-11-17 19:39:24][INFO][Rank 0] - Computed class weights (method=inverse_frequency):
[2025-11-17 19:39:24][INFO][Rank 0] -   Class 0: weight = 1.00
[2025-11-17 19:39:24][INFO][Rank 0] -   Class 1: weight = 0.03
[2025-11-17 19:39:24][INFO][Rank 0] - Imbalance ratio: 37.5:1
[2025-11-17 19:39:25][INFO][Rank 0] - Using weighted Cross Entropy loss with class weights: tensor([1.0000, 0.0267], device='cuda:0')
[2025-11-17 19:39:25][INFO][Rank 0] - Learning rate warmup enabled: 291 steps from 1e-07 to 5e-06
/projects/retprogression/pytorch_cu121_env/lib/python3.12/site-packages/torch/optim/lr_scheduler.py:60: UserWarning: The verbose parameter is deprecated. Please use get_last_lr() to access the learning rate.
  warnings.warn(
[2025-11-17 19:39:25][INFO][Rank 0] - Checkpoint path: /projects/retprogression/rgarridogarcia/checkpoints/cropped1024_cropped_centered_wt_allR_5/
[2025-11-17 19:39:25][INFO][Rank 0] - ======= Starting Training =======
[2025-11-17 19:39:25][INFO][Rank 0] - Using gradient accumulation with 16 steps
[2025-11-17 19:39:25][INFO][Rank 0] - Automatic mixed precision (AMP) enabled
[2025-11-17 19:39:25][INFO][Rank 0] - Gradient clipping enabled with max norm 0.5
/home/r.garridogarcia/MIGHTE/retprogression/swinV2/RETProgression/src/utils.py:287: FutureWarning: `torch.cuda.amp.GradScaler(args...)` is deprecated. Please use `torch.amp.GradScaler('cuda', args...)` instead.
  scaler = torch.cuda.amp.GradScaler() if amp_enabled else None
[2025-11-17 19:39:25][INFO][Rank 0] - CUDA memory monitor initialized: {0: {'allocated': 1622.57568359375, 'reserved': 2196.0, 'active': 1622.57568359375}}
[2025-11-17 19:39:25][INFO][Rank 0] - ========== Starting Training ==========
[2025-11-17 19:39:25][INFO][Rank 0] - GPU 0: NVIDIA H200
[2025-11-17 19:39:25][INFO][Rank 0] - Epoch 0/24
[2025-11-17 19:39:25][INFO][Rank 0] - ----------
[2025-11-17 19:39:25][INFO][Rank 0] - CUDA Memory [train][Step 0]: Device 0: Allocated: 1622.6 MB, Reserved: 2196.0 MB (Δ: +0.0 MB)
[2025-11-17 19:39:25][INFO][Rank 0] - train phase: total 1946 batches
[2025-11-17 19:39:26][INFO][Rank 0] - train Epoch 0/24: 0.0% (0/1946)
[2025-11-17 19:39:26][INFO][Rank 0] - Input batch size: torch.Size([10, 3, 1024, 1024])
[2025-11-17 19:39:35][INFO][Rank 0] - train Epoch 0/24: 0.5% (10/1946)
[2025-11-17 19:39:42][INFO][Rank 0] - train Epoch 0/24: 1.0% (20/1946)
[2025-11-17 19:39:49][INFO][Rank 0] - train Epoch 0/24: 1.5% (30/1946)
[2025-11-17 19:39:56][INFO][Rank 0] - train Epoch 0/24: 2.1% (40/1946)
[2025-11-17 19:40:03][INFO][Rank 0] - train Epoch 0/24: 2.6% (50/1946)
[2025-11-17 19:40:10][INFO][Rank 0] - train Epoch 0/24: 3.1% (60/1946)
[2025-11-17 19:40:17][INFO][Rank 0] - train Epoch 0/24: 3.6% (70/1946)
[2025-11-17 19:40:24][INFO][Rank 0] - train Epoch 0/24: 4.1% (80/1946)
[2025-11-17 19:40:31][INFO][Rank 0] - train Epoch 0/24: 4.6% (90/1946)
[2025-11-17 19:40:32][INFO][Rank 0] - CUDA Memory [train][Step 90]: Device 0: Allocated: 3309.6 MB, Reserved: 117540.0 MB (Δ: +1687.0 MB)
[2025-11-17 19:40:38][INFO][Rank 0] - train Epoch 0/24: 5.1% (100/1946)
[2025-11-17 19:40:45][INFO][Rank 0] - train Epoch 0/24: 5.7% (110/1946)
[2025-11-17 19:40:52][INFO][Rank 0] - train Epoch 0/24: 6.2% (120/1946)
[2025-11-17 19:41:00][INFO][Rank 0] - train Epoch 0/24: 6.7% (130/1946)
[2025-11-17 19:41:07][INFO][Rank 0] - train Epoch 0/24: 7.2% (140/1946)
[2025-11-17 19:41:14][INFO][Rank 0] - train Epoch 0/24: 7.7% (150/1946)
[2025-11-17 19:41:21][INFO][Rank 0] - train Epoch 0/24: 8.2% (160/1946)
[2025-11-17 19:41:28][INFO][Rank 0] - train Epoch 0/24: 8.7% (170/1946)
[2025-11-17 19:41:35][INFO][Rank 0] - train Epoch 0/24: 9.2% (180/1946)
[2025-11-17 19:41:36][INFO][Rank 0] - CUDA Memory [train][Step 180]: Device 0: Allocated: 3309.6 MB, Reserved: 117540.0 MB (Δ: +1687.0 MB)
[2025-11-17 19:41:42][INFO][Rank 0] - train Epoch 0/24: 9.8% (190/1946)
[2025-11-17 19:41:49][INFO][Rank 0] - train Epoch 0/24: 10.3% (200/1946)
[2025-11-17 19:41:56][INFO][Rank 0] - train Epoch 0/24: 10.8% (210/1946)
[2025-11-17 19:42:03][INFO][Rank 0] - train Epoch 0/24: 11.3% (220/1946)
[2025-11-17 19:42:10][INFO][Rank 0] - train Epoch 0/24: 11.8% (230/1946)
[2025-11-17 19:42:17][INFO][Rank 0] - train Epoch 0/24: 12.3% (240/1946)
[2025-11-17 19:42:24][INFO][Rank 0] - train Epoch 0/24: 12.8% (250/1946)
[2025-11-17 19:42:31][INFO][Rank 0] - train Epoch 0/24: 13.4% (260/1946)
[2025-11-17 19:42:38][INFO][Rank 0] - train Epoch 0/24: 13.9% (270/1946)
[2025-11-17 19:42:39][INFO][Rank 0] - CUDA Memory [train][Step 270]: Device 0: Allocated: 3309.6 MB, Reserved: 117540.0 MB (Δ: +1687.0 MB)
[2025-11-17 19:42:46][INFO][Rank 0] - train Epoch 0/24: 14.4% (280/1946)
[2025-11-17 19:42:53][INFO][Rank 0] - train Epoch 0/24: 14.9% (290/1946)
[2025-11-17 19:43:00][INFO][Rank 0] - train Epoch 0/24: 15.4% (300/1946)
[2025-11-17 19:43:07][INFO][Rank 0] - train Epoch 0/24: 15.9% (310/1946)
[2025-11-17 19:43:14][INFO][Rank 0] - train Epoch 0/24: 16.4% (320/1946)
[2025-11-17 19:43:21][INFO][Rank 0] - train Epoch 0/24: 17.0% (330/1946)
[2025-11-17 19:43:28][INFO][Rank 0] - train Epoch 0/24: 17.5% (340/1946)
[2025-11-17 19:43:35][INFO][Rank 0] - train Epoch 0/24: 18.0% (350/1946)
[2025-11-17 19:43:42][INFO][Rank 0] - train Epoch 0/24: 18.5% (360/1946)
[2025-11-17 19:43:43][INFO][Rank 0] - CUDA Memory [train][Step 360]: Device 0: Allocated: 3309.6 MB, Reserved: 117540.0 MB (Δ: +1687.0 MB)
[2025-11-17 19:43:49][INFO][Rank 0] - train Epoch 0/24: 19.0% (370/1946)
[2025-11-17 19:43:56][INFO][Rank 0] - train Epoch 0/24: 19.5% (380/1946)
[2025-11-17 19:44:03][INFO][Rank 0] - train Epoch 0/24: 20.0% (390/1946)
[2025-11-17 19:44:10][INFO][Rank 0] - train Epoch 0/24: 20.6% (400/1946)
[2025-11-17 19:44:18][INFO][Rank 0] - train Epoch 0/24: 21.1% (410/1946)
[2025-11-17 19:44:25][INFO][Rank 0] - train Epoch 0/24: 21.6% (420/1946)
[2025-11-17 19:44:32][INFO][Rank 0] - train Epoch 0/24: 22.1% (430/1946)
[2025-11-17 19:44:39][INFO][Rank 0] - train Epoch 0/24: 22.6% (440/1946)
[2025-11-17 19:44:46][INFO][Rank 0] - train Epoch 0/24: 23.1% (450/1946)
[2025-11-17 19:44:47][INFO][Rank 0] - CUDA Memory [train][Step 450]: Device 0: Allocated: 3309.6 MB, Reserved: 117540.0 MB (Δ: +1687.0 MB)
[2025-11-17 19:44:53][INFO][Rank 0] - train Epoch 0/24: 23.6% (460/1946)
[2025-11-17 19:45:00][INFO][Rank 0] - train Epoch 0/24: 24.2% (470/1946)
[2025-11-17 19:45:07][INFO][Rank 0] - train Epoch 0/24: 24.7% (480/1946)
[2025-11-17 19:45:14][INFO][Rank 0] - train Epoch 0/24: 25.2% (490/1946)
[2025-11-17 19:45:21][INFO][Rank 0] - train Epoch 0/24: 25.7% (500/1946)
[2025-11-17 19:45:28][INFO][Rank 0] - train Epoch 0/24: 26.2% (510/1946)
[2025-11-17 19:45:35][INFO][Rank 0] - train Epoch 0/24: 26.7% (520/1946)
[2025-11-17 19:45:42][INFO][Rank 0] - train Epoch 0/24: 27.2% (530/1946)
[2025-11-17 19:45:49][INFO][Rank 0] - train Epoch 0/24: 27.7% (540/1946)
[2025-11-17 19:45:50][INFO][Rank 0] - CUDA Memory [train][Step 540]: Device 0: Allocated: 3309.6 MB, Reserved: 117540.0 MB (Δ: +1687.0 MB)
[2025-11-17 19:45:57][INFO][Rank 0] - train Epoch 0/24: 28.3% (550/1946)
[2025-11-17 19:46:04][INFO][Rank 0] - train Epoch 0/24: 28.8% (560/1946)
[2025-11-17 19:46:11][INFO][Rank 0] - train Epoch 0/24: 29.3% (570/1946)
[2025-11-17 19:46:18][INFO][Rank 0] - train Epoch 0/24: 29.8% (580/1946)
[2025-11-17 19:46:25][INFO][Rank 0] - train Epoch 0/24: 30.3% (590/1946)
[2025-11-17 19:46:32][INFO][Rank 0] - train Epoch 0/24: 30.8% (600/1946)
[2025-11-17 19:46:39][INFO][Rank 0] - train Epoch 0/24: 31.3% (610/1946)
[2025-11-17 19:46:46][INFO][Rank 0] - train Epoch 0/24: 31.9% (620/1946)
[2025-11-17 19:46:53][INFO][Rank 0] - train Epoch 0/24: 32.4% (630/1946)
[2025-11-17 19:46:54][INFO][Rank 0] - CUDA Memory [train][Step 630]: Device 0: Allocated: 3309.6 MB, Reserved: 117540.0 MB (Δ: +1687.0 MB)
[2025-11-17 19:47:00][INFO][Rank 0] - train Epoch 0/24: 32.9% (640/1946)
[2025-11-17 19:47:07][INFO][Rank 0] - train Epoch 0/24: 33.4% (650/1946)
[2025-11-17 19:47:14][INFO][Rank 0] - train Epoch 0/24: 33.9% (660/1946)
[2025-11-17 19:47:21][INFO][Rank 0] - train Epoch 0/24: 34.4% (670/1946)
[2025-11-17 19:47:29][INFO][Rank 0] - train Epoch 0/24: 34.9% (680/1946)
[2025-11-17 19:47:36][INFO][Rank 0] - train Epoch 0/24: 35.5% (690/1946)
[2025-11-17 19:47:43][INFO][Rank 0] - train Epoch 0/24: 36.0% (700/1946)
[2025-11-17 19:47:50][INFO][Rank 0] - train Epoch 0/24: 36.5% (710/1946)
[2025-11-17 19:47:57][INFO][Rank 0] - train Epoch 0/24: 37.0% (720/1946)
[2025-11-17 19:47:58][INFO][Rank 0] - CUDA Memory [train][Step 720]: Device 0: Allocated: 3309.6 MB, Reserved: 117540.0 MB (Δ: +1687.0 MB)
[2025-11-17 19:48:04][INFO][Rank 0] - train Epoch 0/24: 37.5% (730/1946)
[2025-11-17 19:48:11][INFO][Rank 0] - train Epoch 0/24: 38.0% (740/1946)
[2025-11-17 19:48:18][INFO][Rank 0] - train Epoch 0/24: 38.5% (750/1946)
[2025-11-17 19:48:25][INFO][Rank 0] - train Epoch 0/24: 39.1% (760/1946)
[2025-11-17 19:48:32][INFO][Rank 0] - train Epoch 0/24: 39.6% (770/1946)
[2025-11-17 19:48:39][INFO][Rank 0] - train Epoch 0/24: 40.1% (780/1946)
[2025-11-17 19:48:46][INFO][Rank 0] - train Epoch 0/24: 40.6% (790/1946)
[2025-11-17 19:48:54][INFO][Rank 0] - train Epoch 0/24: 41.1% (800/1946)
[2025-11-17 19:49:01][INFO][Rank 0] - train Epoch 0/24: 41.6% (810/1946)
[2025-11-17 19:49:01][INFO][Rank 0] - CUDA Memory [train][Step 810]: Device 0: Allocated: 3309.6 MB, Reserved: 117540.0 MB (Δ: +1687.0 MB)
[2025-11-17 19:49:08][INFO][Rank 0] - train Epoch 0/24: 42.1% (820/1946)
[2025-11-17 19:49:15][INFO][Rank 0] - train Epoch 0/24: 42.7% (830/1946)
[2025-11-17 19:49:22][INFO][Rank 0] - train Epoch 0/24: 43.2% (840/1946)
[2025-11-17 19:49:29][INFO][Rank 0] - train Epoch 0/24: 43.7% (850/1946)
[2025-11-17 19:49:36][INFO][Rank 0] - train Epoch 0/24: 44.2% (860/1946)
[2025-11-17 19:49:43][INFO][Rank 0] - train Epoch 0/24: 44.7% (870/1946)
[2025-11-17 19:49:50][INFO][Rank 0] - train Epoch 0/24: 45.2% (880/1946)
[2025-11-17 19:49:57][INFO][Rank 0] - train Epoch 0/24: 45.7% (890/1946)
[2025-11-17 19:50:04][INFO][Rank 0] - train Epoch 0/24: 46.2% (900/1946)
[2025-11-17 19:50:05][INFO][Rank 0] - CUDA Memory [train][Step 900]: Device 0: Allocated: 3309.6 MB, Reserved: 117540.0 MB (Δ: +1687.0 MB)
[2025-11-17 19:50:11][INFO][Rank 0] - train Epoch 0/24: 46.8% (910/1946)
[2025-11-17 19:50:18][INFO][Rank 0] - train Epoch 0/24: 47.3% (920/1946)
[2025-11-17 19:50:25][INFO][Rank 0] - train Epoch 0/24: 47.8% (930/1946)
[2025-11-17 19:50:33][INFO][Rank 0] - train Epoch 0/24: 48.3% (940/1946)
[2025-11-17 19:50:40][INFO][Rank 0] - train Epoch 0/24: 48.8% (950/1946)
[2025-11-17 19:50:47][INFO][Rank 0] - train Epoch 0/24: 49.3% (960/1946)
[2025-11-17 19:50:54][INFO][Rank 0] - train Epoch 0/24: 49.8% (970/1946)
[2025-11-17 19:51:01][INFO][Rank 0] - train Epoch 0/24: 50.4% (980/1946)
[2025-11-17 19:51:08][INFO][Rank 0] - train Epoch 0/24: 50.9% (990/1946)
[2025-11-17 19:51:09][INFO][Rank 0] - CUDA Memory [train][Step 990]: Device 0: Allocated: 3309.6 MB, Reserved: 117540.0 MB (Δ: +1687.0 MB)
[2025-11-17 19:51:15][INFO][Rank 0] - train Epoch 0/24: 51.4% (1000/1946)
[2025-11-17 19:51:22][INFO][Rank 0] - train Epoch 0/24: 51.9% (1010/1946)
[2025-11-17 19:51:29][INFO][Rank 0] - train Epoch 0/24: 52.4% (1020/1946)
[2025-11-17 19:51:36][INFO][Rank 0] - train Epoch 0/24: 52.9% (1030/1946)
[2025-11-17 19:51:43][INFO][Rank 0] - train Epoch 0/24: 53.4% (1040/1946)
[2025-11-17 19:51:50][INFO][Rank 0] - train Epoch 0/24: 54.0% (1050/1946)
[2025-11-17 19:51:57][INFO][Rank 0] - train Epoch 0/24: 54.5% (1060/1946)
[2025-11-17 19:52:05][INFO][Rank 0] - train Epoch 0/24: 55.0% (1070/1946)
[2025-11-17 19:52:12][INFO][Rank 0] - train Epoch 0/24: 55.5% (1080/1946)
[2025-11-17 19:52:12][INFO][Rank 0] - CUDA Memory [train][Step 1080]: Device 0: Allocated: 3309.6 MB, Reserved: 117540.0 MB (Δ: +1687.0 MB)
[2025-11-17 19:52:19][INFO][Rank 0] - train Epoch 0/24: 56.0% (1090/1946)
[2025-11-17 19:52:26][INFO][Rank 0] - train Epoch 0/24: 56.5% (1100/1946)
[2025-11-17 19:52:33][INFO][Rank 0] - train Epoch 0/24: 57.0% (1110/1946)
[2025-11-17 19:52:40][INFO][Rank 0] - train Epoch 0/24: 57.6% (1120/1946)
[2025-11-17 19:52:47][INFO][Rank 0] - train Epoch 0/24: 58.1% (1130/1946)
[2025-11-17 19:52:54][INFO][Rank 0] - train Epoch 0/24: 58.6% (1140/1946)
[2025-11-17 19:53:01][INFO][Rank 0] - train Epoch 0/24: 59.1% (1150/1946)
[2025-11-17 19:53:08][INFO][Rank 0] - train Epoch 0/24: 59.6% (1160/1946)
[2025-11-17 19:53:15][INFO][Rank 0] - train Epoch 0/24: 60.1% (1170/1946)
[2025-11-17 19:53:16][INFO][Rank 0] - CUDA Memory [train][Step 1170]: Device 0: Allocated: 3309.6 MB, Reserved: 117540.0 MB (Δ: +1687.0 MB)
[2025-11-17 19:53:22][INFO][Rank 0] - train Epoch 0/24: 60.6% (1180/1946)
[2025-11-17 19:53:29][INFO][Rank 0] - train Epoch 0/24: 61.2% (1190/1946)
[2025-11-17 19:53:37][INFO][Rank 0] - train Epoch 0/24: 61.7% (1200/1946)
[2025-11-17 19:53:44][INFO][Rank 0] - train Epoch 0/24: 62.2% (1210/1946)
[2025-11-17 19:53:51][INFO][Rank 0] - train Epoch 0/24: 62.7% (1220/1946)
[2025-11-17 19:53:58][INFO][Rank 0] - train Epoch 0/24: 63.2% (1230/1946)
[2025-11-17 19:54:05][INFO][Rank 0] - train Epoch 0/24: 63.7% (1240/1946)
[2025-11-17 19:54:12][INFO][Rank 0] - train Epoch 0/24: 64.2% (1250/1946)
[2025-11-17 19:54:19][INFO][Rank 0] - train Epoch 0/24: 64.7% (1260/1946)
[2025-11-17 19:54:20][INFO][Rank 0] - CUDA Memory [train][Step 1260]: Device 0: Allocated: 3309.6 MB, Reserved: 117540.0 MB (Δ: +1687.0 MB)
[2025-11-17 19:54:26][INFO][Rank 0] - train Epoch 0/24: 65.3% (1270/1946)
[2025-11-17 19:54:33][INFO][Rank 0] - train Epoch 0/24: 65.8% (1280/1946)
[2025-11-17 19:54:40][INFO][Rank 0] - train Epoch 0/24: 66.3% (1290/1946)
[2025-11-17 19:54:47][INFO][Rank 0] - train Epoch 0/24: 66.8% (1300/1946)
[2025-11-17 19:54:54][INFO][Rank 0] - train Epoch 0/24: 67.3% (1310/1946)
[2025-11-17 19:55:01][INFO][Rank 0] - train Epoch 0/24: 67.8% (1320/1946)
[2025-11-17 19:55:09][INFO][Rank 0] - train Epoch 0/24: 68.3% (1330/1946)
[2025-11-17 19:55:16][INFO][Rank 0] - train Epoch 0/24: 68.9% (1340/1946)
[2025-11-17 19:55:23][INFO][Rank 0] - train Epoch 0/24: 69.4% (1350/1946)
[2025-11-17 19:55:23][INFO][Rank 0] - CUDA Memory [train][Step 1350]: Device 0: Allocated: 3309.6 MB, Reserved: 117540.0 MB (Δ: +1687.0 MB)
[2025-11-17 19:55:30][INFO][Rank 0] - train Epoch 0/24: 69.9% (1360/1946)
[2025-11-17 19:55:37][INFO][Rank 0] - train Epoch 0/24: 70.4% (1370/1946)
[2025-11-17 19:55:44][INFO][Rank 0] - train Epoch 0/24: 70.9% (1380/1946)
[2025-11-17 19:55:51][INFO][Rank 0] - train Epoch 0/24: 71.4% (1390/1946)
[2025-11-17 19:55:58][INFO][Rank 0] - train Epoch 0/24: 71.9% (1400/1946)
[2025-11-17 19:56:05][INFO][Rank 0] - train Epoch 0/24: 72.5% (1410/1946)
[2025-11-17 19:56:12][INFO][Rank 0] - train Epoch 0/24: 73.0% (1420/1946)
[2025-11-17 19:56:19][INFO][Rank 0] - train Epoch 0/24: 73.5% (1430/1946)
[2025-11-17 19:56:26][INFO][Rank 0] - train Epoch 0/24: 74.0% (1440/1946)
[2025-11-17 19:56:27][INFO][Rank 0] - CUDA Memory [train][Step 1440]: Device 0: Allocated: 3309.6 MB, Reserved: 117540.0 MB (Δ: +1687.0 MB)
[2025-11-17 19:56:33][INFO][Rank 0] - train Epoch 0/24: 74.5% (1450/1946)
[2025-11-17 19:56:40][INFO][Rank 0] - train Epoch 0/24: 75.0% (1460/1946)
[2025-11-17 19:56:48][INFO][Rank 0] - train Epoch 0/24: 75.5% (1470/1946)
[2025-11-17 19:56:55][INFO][Rank 0] - train Epoch 0/24: 76.1% (1480/1946)
[2025-11-17 19:57:02][INFO][Rank 0] - train Epoch 0/24: 76.6% (1490/1946)
[2025-11-17 19:57:09][INFO][Rank 0] - train Epoch 0/24: 77.1% (1500/1946)
[2025-11-17 19:57:16][INFO][Rank 0] - train Epoch 0/24: 77.6% (1510/1946)
[2025-11-17 19:57:23][INFO][Rank 0] - train Epoch 0/24: 78.1% (1520/1946)
[2025-11-17 19:57:30][INFO][Rank 0] - train Epoch 0/24: 78.6% (1530/1946)
[2025-11-17 19:57:31][INFO][Rank 0] - CUDA Memory [train][Step 1530]: Device 0: Allocated: 3309.6 MB, Reserved: 117540.0 MB (Δ: +1687.0 MB)
[2025-11-17 19:57:37][INFO][Rank 0] - train Epoch 0/24: 79.1% (1540/1946)
[2025-11-17 19:57:44][INFO][Rank 0] - train Epoch 0/24: 79.7% (1550/1946)
[2025-11-17 19:57:51][INFO][Rank 0] - train Epoch 0/24: 80.2% (1560/1946)
[2025-11-17 19:57:58][INFO][Rank 0] - train Epoch 0/24: 80.7% (1570/1946)
[2025-11-17 19:58:05][INFO][Rank 0] - train Epoch 0/24: 81.2% (1580/1946)
[2025-11-17 19:58:12][INFO][Rank 0] - train Epoch 0/24: 81.7% (1590/1946)
[2025-11-17 19:58:19][INFO][Rank 0] - train Epoch 0/24: 82.2% (1600/1946)
[2025-11-17 19:58:27][INFO][Rank 0] - train Epoch 0/24: 82.7% (1610/1946)
[2025-11-17 19:58:34][INFO][Rank 0] - train Epoch 0/24: 83.2% (1620/1946)
[2025-11-17 19:58:34][INFO][Rank 0] - CUDA Memory [train][Step 1620]: Device 0: Allocated: 3309.6 MB, Reserved: 117540.0 MB (Δ: +1687.0 MB)
[2025-11-17 19:58:41][INFO][Rank 0] - train Epoch 0/24: 83.8% (1630/1946)
[2025-11-17 19:58:48][INFO][Rank 0] - train Epoch 0/24: 84.3% (1640/1946)
[2025-11-17 19:58:55][INFO][Rank 0] - train Epoch 0/24: 84.8% (1650/1946)
[2025-11-17 19:59:02][INFO][Rank 0] - train Epoch 0/24: 85.3% (1660/1946)
[2025-11-17 19:59:09][INFO][Rank 0] - train Epoch 0/24: 85.8% (1670/1946)
[2025-11-17 19:59:16][INFO][Rank 0] - train Epoch 0/24: 86.3% (1680/1946)
[2025-11-17 19:59:23][INFO][Rank 0] - train Epoch 0/24: 86.8% (1690/1946)
[2025-11-17 19:59:30][INFO][Rank 0] - train Epoch 0/24: 87.4% (1700/1946)
[2025-11-17 19:59:37][INFO][Rank 0] - train Epoch 0/24: 87.9% (1710/1946)
[2025-11-17 19:59:38][INFO][Rank 0] - CUDA Memory [train][Step 1710]: Device 0: Allocated: 3309.6 MB, Reserved: 117540.0 MB (Δ: +1687.0 MB)
[2025-11-17 19:59:44][INFO][Rank 0] - train Epoch 0/24: 88.4% (1720/1946)
[2025-11-17 19:59:51][INFO][Rank 0] - train Epoch 0/24: 88.9% (1730/1946)
[2025-11-17 19:59:58][INFO][Rank 0] - train Epoch 0/24: 89.4% (1740/1946)
[2025-11-17 20:00:06][INFO][Rank 0] - train Epoch 0/24: 89.9% (1750/1946)
[2025-11-17 20:00:13][INFO][Rank 0] - train Epoch 0/24: 90.4% (1760/1946)
[2025-11-17 20:00:20][INFO][Rank 0] - train Epoch 0/24: 91.0% (1770/1946)
[2025-11-17 20:00:27][INFO][Rank 0] - train Epoch 0/24: 91.5% (1780/1946)
[2025-11-17 20:00:34][INFO][Rank 0] - train Epoch 0/24: 92.0% (1790/1946)
[2025-11-17 20:00:41][INFO][Rank 0] - train Epoch 0/24: 92.5% (1800/1946)
[2025-11-17 20:00:42][INFO][Rank 0] - CUDA Memory [train][Step 1800]: Device 0: Allocated: 3309.6 MB, Reserved: 117540.0 MB (Δ: +1687.0 MB)
[2025-11-17 20:00:48][INFO][Rank 0] - train Epoch 0/24: 93.0% (1810/1946)
[2025-11-17 20:00:55][INFO][Rank 0] - train Epoch 0/24: 93.5% (1820/1946)
[2025-11-17 20:01:02][INFO][Rank 0] - train Epoch 0/24: 94.0% (1830/1946)
[2025-11-17 20:01:09][INFO][Rank 0] - train Epoch 0/24: 94.6% (1840/1946)
[2025-11-17 20:01:16][INFO][Rank 0] - train Epoch 0/24: 95.1% (1850/1946)
[2025-11-17 20:01:23][INFO][Rank 0] - train Epoch 0/24: 95.6% (1860/1946)
[2025-11-17 20:01:30][INFO][Rank 0] - train Epoch 0/24: 96.1% (1870/1946)
[2025-11-17 20:01:38][INFO][Rank 0] - train Epoch 0/24: 96.6% (1880/1946)
[2025-11-17 20:01:45][INFO][Rank 0] - train Epoch 0/24: 97.1% (1890/1946)
[2025-11-17 20:01:45][INFO][Rank 0] - CUDA Memory [train][Step 1890]: Device 0: Allocated: 3309.6 MB, Reserved: 117540.0 MB (Δ: +1687.0 MB)
[2025-11-17 20:01:52][INFO][Rank 0] - train Epoch 0/24: 97.6% (1900/1946)
[2025-11-17 20:01:59][INFO][Rank 0] - train Epoch 0/24: 98.2% (1910/1946)
[2025-11-17 20:02:06][INFO][Rank 0] - train Epoch 0/24: 98.7% (1920/1946)
[2025-11-17 20:02:13][INFO][Rank 0] - train Epoch 0/24: 99.2% (1930/1946)
[2025-11-17 20:02:20][INFO][Rank 0] - train Epoch 0/24: 99.7% (1940/1946)
[2025-11-17 20:02:23][INFO][Rank 0] - train Epoch 0/24: 99.9% (1945/1946)
[2025-11-17 20:02:24][INFO][Rank 0] - train Loss: 0.4857 Acc: 0.9225 F1: 0.9596
[2025-11-17 20:02:24][INFO][Rank 0] - train Balanced Acc: 0.5207 AUC-ROC: 0.6997
[2025-11-17 20:02:24][INFO][Rank 0] - train Sensitivity: 0.9445 Specificity: 0.0968
[2025-11-17 20:02:24][INFO][Rank 0] - train Confusion Matrix: TP=17902, FP=457, FN=1052, TN=49
[2025-11-17 20:02:24][INFO][Rank 0] - train completed in 1379.41s
[2025-11-17 20:02:24][INFO][Rank 0] - Data loading time: 2.15s, Forward time: 281.21s, Backward time: 747.50s
[2025-11-17 20:02:24][INFO][Rank 0] - train cache: 0/1 items, hit rate: 0.00%
[2025-11-17 20:02:24][INFO][Rank 0] - CUDA Memory [val][Step 0]: Device 0: Allocated: 3309.6 MB, Reserved: 117540.0 MB (Δ: +1687.0 MB)
[2025-11-17 20:02:24][INFO][Rank 0] - val phase: total 401 batches
[2025-11-17 20:02:25][INFO][Rank 0] - val Epoch 0/24: 0.0% (0/401)
[2025-11-17 20:02:30][INFO][Rank 0] - val Epoch 0/24: 2.5% (10/401)
[2025-11-17 20:02:35][INFO][Rank 0] - val Epoch 0/24: 5.0% (20/401)
[2025-11-17 20:02:40][INFO][Rank 0] - val Epoch 0/24: 7.5% (30/401)
[2025-11-17 20:02:45][INFO][Rank 0] - val Epoch 0/24: 10.0% (40/401)
[2025-11-17 20:02:50][INFO][Rank 0] - val Epoch 0/24: 12.5% (50/401)
[2025-11-17 20:02:55][INFO][Rank 0] - val Epoch 0/24: 15.0% (60/401)
[2025-11-17 20:03:00][INFO][Rank 0] - val Epoch 0/24: 17.5% (70/401)
[2025-11-17 20:03:05][INFO][Rank 0] - val Epoch 0/24: 20.0% (80/401)
[2025-11-17 20:03:10][INFO][Rank 0] - val Epoch 0/24: 22.4% (90/401)
[2025-11-17 20:03:15][INFO][Rank 0] - val Epoch 0/24: 24.9% (100/401)
[2025-11-17 20:03:20][INFO][Rank 0] - val Epoch 0/24: 27.4% (110/401)
[2025-11-17 20:03:25][INFO][Rank 0] - val Epoch 0/24: 29.9% (120/401)
[2025-11-17 20:03:26][INFO][Rank 0] - CUDA Memory [val][Step 120]: Device 0: Allocated: 3309.6 MB, Reserved: 117540.0 MB (Δ: +1687.0 MB)
[2025-11-17 20:03:30][INFO][Rank 0] - val Epoch 0/24: 32.4% (130/401)
[2025-11-17 20:03:35][INFO][Rank 0] - val Epoch 0/24: 34.9% (140/401)
[2025-11-17 20:03:40][INFO][Rank 0] - val Epoch 0/24: 37.4% (150/401)
[2025-11-17 20:03:45][INFO][Rank 0] - val Epoch 0/24: 39.9% (160/401)
[2025-11-17 20:03:50][INFO][Rank 0] - val Epoch 0/24: 42.4% (170/401)
[2025-11-17 20:03:55][INFO][Rank 0] - val Epoch 0/24: 44.9% (180/401)
[2025-11-17 20:04:00][INFO][Rank 0] - val Epoch 0/24: 47.4% (190/401)
[2025-11-17 20:04:05][INFO][Rank 0] - val Epoch 0/24: 49.9% (200/401)
[2025-11-17 20:04:10][INFO][Rank 0] - val Epoch 0/24: 52.4% (210/401)
[2025-11-17 20:04:15][INFO][Rank 0] - val Epoch 0/24: 54.9% (220/401)
[2025-11-17 20:04:20][INFO][Rank 0] - val Epoch 0/24: 57.4% (230/401)
[2025-11-17 20:04:25][INFO][Rank 0] - val Epoch 0/24: 59.9% (240/401)
[2025-11-17 20:04:30][INFO][Rank 0] - val Epoch 0/24: 62.3% (250/401)
[2025-11-17 20:04:35][INFO][Rank 0] - val Epoch 0/24: 64.8% (260/401)
[2025-11-17 20:04:40][INFO][Rank 0] - val Epoch 0/24: 67.3% (270/401)
[2025-11-17 20:04:40][INFO][Rank 0] - CUDA Memory [val][Step 270]: Device 0: Allocated: 3309.6 MB, Reserved: 117540.0 MB (Δ: +1687.0 MB)
[2025-11-17 20:04:45][INFO][Rank 0] - val Epoch 0/24: 69.8% (280/401)
[2025-11-17 20:04:50][INFO][Rank 0] - val Epoch 0/24: 72.3% (290/401)
[2025-11-17 20:04:55][INFO][Rank 0] - val Epoch 0/24: 74.8% (300/401)
[2025-11-17 20:05:00][INFO][Rank 0] - val Epoch 0/24: 77.3% (310/401)
[2025-11-17 20:05:05][INFO][Rank 0] - val Epoch 0/24: 79.8% (320/401)
[2025-11-17 20:05:10][INFO][Rank 0] - val Epoch 0/24: 82.3% (330/401)
[2025-11-17 20:05:15][INFO][Rank 0] - val Epoch 0/24: 84.8% (340/401)
[2025-11-17 20:05:20][INFO][Rank 0] - val Epoch 0/24: 87.3% (350/401)
[2025-11-17 20:05:25][INFO][Rank 0] - val Epoch 0/24: 89.8% (360/401)
[2025-11-17 20:05:30][INFO][Rank 0] - val Epoch 0/24: 92.3% (370/401)
[2025-11-17 20:05:35][INFO][Rank 0] - val Epoch 0/24: 94.8% (380/401)
[2025-11-17 20:05:40][INFO][Rank 0] - val Epoch 0/24: 97.3% (390/401)
[2025-11-17 20:05:45][INFO][Rank 0] - val Epoch 0/24: 99.8% (400/401)
[2025-11-17 20:05:45][INFO][Rank 0] - val Loss: 0.2851 Acc: 0.9751 F1: 0.9874
[2025-11-17 20:05:45][INFO][Rank 0] - val Balanced Acc: 0.5242 AUC-ROC: 0.8907
[2025-11-17 20:05:45][INFO][Rank 0] - val Sensitivity: 0.9990 Specificity: 0.0495
[2025-11-17 20:05:45][INFO][Rank 0] - val Confusion Matrix: TP=3905, FP=96, FN=4, TN=5
[2025-11-17 20:05:45][INFO][Rank 0] - val completed in 201.28s
[2025-11-17 20:05:45][INFO][Rank 0] - val cache: 0/1 items, hit rate: 0.00%
[2025-11-17 20:05:50][INFO][Rank 0] - Saved new best accuracy model with accuracy: 0.9751 at /projects/retprogression/rgarridogarcia/checkpoints/cropped1024_cropped_centered_wt_allR_5/best_acc_model.pth
[2025-11-17 20:05:55][INFO][Rank 0] - Saved new best f1 model with f1: 0.9874 at /projects/retprogression/rgarridogarcia/checkpoints/cropped1024_cropped_centered_wt_allR_5/best_f1_model.pth
[2025-11-17 20:06:00][INFO][Rank 0] - Saved new best balanced_acc model with balanced_acc: 0.5242 at /projects/retprogression/rgarridogarcia/checkpoints/cropped1024_cropped_centered_wt_allR_5/best_balanced_acc_model.pth
[2025-11-17 20:06:04][INFO][Rank 0] - Also saved as general best model at /projects/retprogression/rgarridogarcia/checkpoints/cropped1024_cropped_centered_wt_allR_5/best_model.pth
[2025-11-17 20:06:09][INFO][Rank 0] - Saved new best auc model with auc: 0.8907 at /projects/retprogression/rgarridogarcia/checkpoints/cropped1024_cropped_centered_wt_allR_5/best_auc_model.pth
[2025-11-17 20:06:15][INFO][Rank 0] - Saved epoch checkpoint at /projects/retprogression/rgarridogarcia/checkpoints/cropped1024_cropped_centered_wt_allR_5/epoch_0.pth
[2025-11-17 20:06:15][INFO][Rank 0] - Epoch 0 summary:
[2025-11-17 20:06:15][INFO][Rank 0] -  Train Loss: 0.4857, Train Acc: 0.9225, Train F1: 0.9596
[2025-11-17 20:06:15][INFO][Rank 0] -  Train Balanced Acc: 0.5207, Train AUC: 0.6997
[2025-11-17 20:06:15][INFO][Rank 0] -  Train Sensitivity: 0.9445, Train Specificity: 0.0968
[2025-11-17 20:06:15][INFO][Rank 0] -  Val Loss: 0.2851, Val Acc: 0.9751, Val F1: 0.9874
[2025-11-17 20:06:15][INFO][Rank 0] -  Val Balanced Acc: 0.5242, Val AUC: 0.8907
[2025-11-17 20:06:15][INFO][Rank 0] -  Val Sensitivity: 0.9990, Val Specificity: 0.0495
[2025-11-17 20:06:15][INFO][Rank 0] -  Total Epoch Time: 1609.91s
[2025-11-17 20:06:15][INFO][Rank 0] - Epoch 1/24
[2025-11-17 20:06:15][INFO][Rank 0] - ----------
[2025-11-17 20:06:15][INFO][Rank 0] - CUDA Memory [train][Step 0]: Device 0: Allocated: 3309.6 MB, Reserved: 117540.0 MB (Δ: +1687.0 MB)
[2025-11-17 20:06:15][INFO][Rank 0] - train phase: total 1946 batches
[2025-11-17 20:06:15][INFO][Rank 0] - train Epoch 1/24: 0.0% (0/1946)
[2025-11-17 20:06:22][INFO][Rank 0] - train Epoch 1/24: 0.5% (10/1946)
[2025-11-17 20:06:30][INFO][Rank 0] - train Epoch 1/24: 1.0% (20/1946)
[2025-11-17 20:06:37][INFO][Rank 0] - train Epoch 1/24: 1.5% (30/1946)
[2025-11-17 20:06:44][INFO][Rank 0] - train Epoch 1/24: 2.1% (40/1946)
[2025-11-17 20:06:51][INFO][Rank 0] - train Epoch 1/24: 2.6% (50/1946)
[2025-11-17 20:06:58][INFO][Rank 0] - train Epoch 1/24: 3.1% (60/1946)
[2025-11-17 20:07:05][INFO][Rank 0] - train Epoch 1/24: 3.6% (70/1946)
[2025-11-17 20:07:12][INFO][Rank 0] - train Epoch 1/24: 4.1% (80/1946)
[2025-11-17 20:07:19][INFO][Rank 0] - train Epoch 1/24: 4.6% (90/1946)
[2025-11-17 20:07:20][INFO][Rank 0] - CUDA Memory [train][Step 90]: Device 0: Allocated: 3309.6 MB, Reserved: 117540.0 MB (Δ: +1687.0 MB)
[2025-11-17 20:07:26][INFO][Rank 0] - train Epoch 1/24: 5.1% (100/1946)
[2025-11-17 20:07:33][INFO][Rank 0] - train Epoch 1/24: 5.7% (110/1946)
[2025-11-17 20:07:40][INFO][Rank 0] - train Epoch 1/24: 6.2% (120/1946)
[2025-11-17 20:07:47][INFO][Rank 0] - train Epoch 1/24: 6.7% (130/1946)
[2025-11-17 20:07:54][INFO][Rank 0] - train Epoch 1/24: 7.2% (140/1946)
[2025-11-17 20:08:01][INFO][Rank 0] - train Epoch 1/24: 7.7% (150/1946)
[2025-11-17 20:08:09][INFO][Rank 0] - train Epoch 1/24: 8.2% (160/1946)
[2025-11-17 20:08:16][INFO][Rank 0] - train Epoch 1/24: 8.7% (170/1946)
[2025-11-17 20:08:23][INFO][Rank 0] - train Epoch 1/24: 9.2% (180/1946)
[2025-11-17 20:08:23][INFO][Rank 0] - CUDA Memory [train][Step 180]: Device 0: Allocated: 3309.6 MB, Reserved: 117540.0 MB (Δ: +1687.0 MB)
[2025-11-17 20:08:30][INFO][Rank 0] - train Epoch 1/24: 9.8% (190/1946)
[2025-11-17 20:08:37][INFO][Rank 0] - train Epoch 1/24: 10.3% (200/1946)
[2025-11-17 20:08:44][INFO][Rank 0] - train Epoch 1/24: 10.8% (210/1946)
[2025-11-17 20:08:51][INFO][Rank 0] - train Epoch 1/24: 11.3% (220/1946)
[2025-11-17 20:08:58][INFO][Rank 0] - train Epoch 1/24: 11.8% (230/1946)
[2025-11-17 20:09:05][INFO][Rank 0] - train Epoch 1/24: 12.3% (240/1946)
[2025-11-17 20:09:12][INFO][Rank 0] - train Epoch 1/24: 12.8% (250/1946)
[2025-11-17 20:09:19][INFO][Rank 0] - train Epoch 1/24: 13.4% (260/1946)
[2025-11-17 20:09:26][INFO][Rank 0] - train Epoch 1/24: 13.9% (270/1946)
[2025-11-17 20:09:27][INFO][Rank 0] - CUDA Memory [train][Step 270]: Device 0: Allocated: 3309.6 MB, Reserved: 117540.0 MB (Δ: +1687.0 MB)
[2025-11-17 20:09:33][INFO][Rank 0] - train Epoch 1/24: 14.4% (280/1946)
[2025-11-17 20:09:41][INFO][Rank 0] - train Epoch 1/24: 14.9% (290/1946)
[2025-11-17 20:09:48][INFO][Rank 0] - train Epoch 1/24: 15.4% (300/1946)
[2025-11-17 20:09:55][INFO][Rank 0] - train Epoch 1/24: 15.9% (310/1946)
[2025-11-17 20:10:02][INFO][Rank 0] - train Epoch 1/24: 16.4% (320/1946)
[2025-11-17 20:10:09][INFO][Rank 0] - train Epoch 1/24: 17.0% (330/1946)
[2025-11-17 20:10:16][INFO][Rank 0] - train Epoch 1/24: 17.5% (340/1946)
[2025-11-17 20:10:23][INFO][Rank 0] - train Epoch 1/24: 18.0% (350/1946)
[2025-11-17 20:10:30][INFO][Rank 0] - train Epoch 1/24: 18.5% (360/1946)
[2025-11-17 20:10:31][INFO][Rank 0] - CUDA Memory [train][Step 360]: Device 0: Allocated: 3309.6 MB, Reserved: 117540.0 MB (Δ: +1687.0 MB)
[2025-11-17 20:10:37][INFO][Rank 0] - train Epoch 1/24: 19.0% (370/1946)
[2025-11-17 20:10:44][INFO][Rank 0] - train Epoch 1/24: 19.5% (380/1946)
[2025-11-17 20:10:51][INFO][Rank 0] - train Epoch 1/24: 20.0% (390/1946)
[2025-11-17 20:10:58][INFO][Rank 0] - train Epoch 1/24: 20.6% (400/1946)
[2025-11-17 20:11:05][INFO][Rank 0] - train Epoch 1/24: 21.1% (410/1946)
[2025-11-17 20:11:12][INFO][Rank 0] - train Epoch 1/24: 21.6% (420/1946)
[2025-11-17 20:11:20][INFO][Rank 0] - train Epoch 1/24: 22.1% (430/1946)
[2025-11-17 20:11:27][INFO][Rank 0] - train Epoch 1/24: 22.6% (440/1946)
[2025-11-17 20:11:34][INFO][Rank 0] - train Epoch 1/24: 23.1% (450/1946)
[2025-11-17 20:11:34][INFO][Rank 0] - CUDA Memory [train][Step 450]: Device 0: Allocated: 3309.6 MB, Reserved: 117540.0 MB (Δ: +1687.0 MB)
[2025-11-17 20:11:41][INFO][Rank 0] - train Epoch 1/24: 23.6% (460/1946)
[2025-11-17 20:11:48][INFO][Rank 0] - train Epoch 1/24: 24.2% (470/1946)
[2025-11-17 20:11:55][INFO][Rank 0] - train Epoch 1/24: 24.7% (480/1946)
[2025-11-17 20:12:02][INFO][Rank 0] - train Epoch 1/24: 25.2% (490/1946)
[2025-11-17 20:12:09][INFO][Rank 0] - train Epoch 1/24: 25.7% (500/1946)
[2025-11-17 20:12:16][INFO][Rank 0] - train Epoch 1/24: 26.2% (510/1946)
[2025-11-17 20:12:23][INFO][Rank 0] - train Epoch 1/24: 26.7% (520/1946)
[2025-11-17 20:12:30][INFO][Rank 0] - train Epoch 1/24: 27.2% (530/1946)
[2025-11-17 20:12:37][INFO][Rank 0] - train Epoch 1/24: 27.7% (540/1946)
[2025-11-17 20:12:38][INFO][Rank 0] - CUDA Memory [train][Step 540]: Device 0: Allocated: 3309.6 MB, Reserved: 117540.0 MB (Δ: +1687.0 MB)
[2025-11-17 20:12:44][INFO][Rank 0] - train Epoch 1/24: 28.3% (550/1946)
[2025-11-17 20:12:52][INFO][Rank 0] - train Epoch 1/24: 28.8% (560/1946)
[2025-11-17 20:12:59][INFO][Rank 0] - train Epoch 1/24: 29.3% (570/1946)
[2025-11-17 20:13:06][INFO][Rank 0] - train Epoch 1/24: 29.8% (580/1946)
[2025-11-17 20:13:13][INFO][Rank 0] - train Epoch 1/24: 30.3% (590/1946)
[2025-11-17 20:13:20][INFO][Rank 0] - train Epoch 1/24: 30.8% (600/1946)
[2025-11-17 20:13:27][INFO][Rank 0] - train Epoch 1/24: 31.3% (610/1946)
[2025-11-17 20:13:34][INFO][Rank 0] - train Epoch 1/24: 31.9% (620/1946)
[2025-11-17 20:13:41][INFO][Rank 0] - train Epoch 1/24: 32.4% (630/1946)
[2025-11-17 20:13:42][INFO][Rank 0] - CUDA Memory [train][Step 630]: Device 0: Allocated: 3309.6 MB, Reserved: 117540.0 MB (Δ: +1687.0 MB)
[2025-11-17 20:13:48][INFO][Rank 0] - train Epoch 1/24: 32.9% (640/1946)
[2025-11-17 20:13:55][INFO][Rank 0] - train Epoch 1/24: 33.4% (650/1946)
[2025-11-17 20:14:02][INFO][Rank 0] - train Epoch 1/24: 33.9% (660/1946)
[2025-11-17 20:14:09][INFO][Rank 0] - train Epoch 1/24: 34.4% (670/1946)
[2025-11-17 20:14:16][INFO][Rank 0] - train Epoch 1/24: 34.9% (680/1946)
[2025-11-17 20:14:23][INFO][Rank 0] - train Epoch 1/24: 35.5% (690/1946)
[2025-11-17 20:14:31][INFO][Rank 0] - train Epoch 1/24: 36.0% (700/1946)
[2025-11-17 20:14:38][INFO][Rank 0] - train Epoch 1/24: 36.5% (710/1946)
[2025-11-17 20:14:45][INFO][Rank 0] - train Epoch 1/24: 37.0% (720/1946)
[2025-11-17 20:14:45][INFO][Rank 0] - CUDA Memory [train][Step 720]: Device 0: Allocated: 3309.6 MB, Reserved: 117540.0 MB (Δ: +1687.0 MB)
[2025-11-17 20:14:52][INFO][Rank 0] - train Epoch 1/24: 37.5% (730/1946)
[2025-11-17 20:14:59][INFO][Rank 0] - train Epoch 1/24: 38.0% (740/1946)
[2025-11-17 20:15:06][INFO][Rank 0] - train Epoch 1/24: 38.5% (750/1946)
[2025-11-17 20:15:13][INFO][Rank 0] - train Epoch 1/24: 39.1% (760/1946)
[2025-11-17 20:15:20][INFO][Rank 0] - train Epoch 1/24: 39.6% (770/1946)
[2025-11-17 20:15:27][INFO][Rank 0] - train Epoch 1/24: 40.1% (780/1946)
[2025-11-17 20:15:34][INFO][Rank 0] - train Epoch 1/24: 40.6% (790/1946)
[2025-11-17 20:15:41][INFO][Rank 0] - train Epoch 1/24: 41.1% (800/1946)
[2025-11-17 20:15:48][INFO][Rank 0] - train Epoch 1/24: 41.6% (810/1946)
[2025-11-17 20:15:49][INFO][Rank 0] - CUDA Memory [train][Step 810]: Device 0: Allocated: 3309.6 MB, Reserved: 117540.0 MB (Δ: +1687.0 MB)
[2025-11-17 20:15:55][INFO][Rank 0] - train Epoch 1/24: 42.1% (820/1946)
[2025-11-17 20:16:03][INFO][Rank 0] - train Epoch 1/24: 42.7% (830/1946)
[2025-11-17 20:16:10][INFO][Rank 0] - train Epoch 1/24: 43.2% (840/1946)
[2025-11-17 20:16:17][INFO][Rank 0] - train Epoch 1/24: 43.7% (850/1946)
[2025-11-17 20:16:24][INFO][Rank 0] - train Epoch 1/24: 44.2% (860/1946)
[2025-11-17 20:16:31][INFO][Rank 0] - train Epoch 1/24: 44.7% (870/1946)
[2025-11-17 20:16:38][INFO][Rank 0] - train Epoch 1/24: 45.2% (880/1946)
[2025-11-17 20:16:45][INFO][Rank 0] - train Epoch 1/24: 45.7% (890/1946)
[2025-11-17 20:16:52][INFO][Rank 0] - train Epoch 1/24: 46.2% (900/1946)
[2025-11-17 20:16:53][INFO][Rank 0] - CUDA Memory [train][Step 900]: Device 0: Allocated: 3309.6 MB, Reserved: 117540.0 MB (Δ: +1687.0 MB)
[2025-11-17 20:16:59][INFO][Rank 0] - train Epoch 1/24: 46.8% (910/1946)
[2025-11-17 20:17:06][INFO][Rank 0] - train Epoch 1/24: 47.3% (920/1946)
[2025-11-17 20:17:13][INFO][Rank 0] - train Epoch 1/24: 47.8% (930/1946)
[2025-11-17 20:17:20][INFO][Rank 0] - train Epoch 1/24: 48.3% (940/1946)
[2025-11-17 20:17:27][INFO][Rank 0] - train Epoch 1/24: 48.8% (950/1946)
[2025-11-17 20:17:35][INFO][Rank 0] - train Epoch 1/24: 49.3% (960/1946)
[2025-11-17 20:17:42][INFO][Rank 0] - train Epoch 1/24: 49.8% (970/1946)
[2025-11-17 20:17:49][INFO][Rank 0] - train Epoch 1/24: 50.4% (980/1946)
[2025-11-17 20:17:56][INFO][Rank 0] - train Epoch 1/24: 50.9% (990/1946)
[2025-11-17 20:17:56][INFO][Rank 0] - CUDA Memory [train][Step 990]: Device 0: Allocated: 3309.6 MB, Reserved: 117540.0 MB (Δ: +1687.0 MB)
[2025-11-17 20:18:03][INFO][Rank 0] - train Epoch 1/24: 51.4% (1000/1946)
[2025-11-17 20:18:10][INFO][Rank 0] - train Epoch 1/24: 51.9% (1010/1946)
[2025-11-17 20:18:17][INFO][Rank 0] - train Epoch 1/24: 52.4% (1020/1946)
[2025-11-17 20:18:24][INFO][Rank 0] - train Epoch 1/24: 52.9% (1030/1946)
[2025-11-17 20:18:31][INFO][Rank 0] - train Epoch 1/24: 53.4% (1040/1946)
[2025-11-17 20:18:38][INFO][Rank 0] - train Epoch 1/24: 54.0% (1050/1946)
[2025-11-17 20:18:45][INFO][Rank 0] - train Epoch 1/24: 54.5% (1060/1946)
[2025-11-17 20:18:52][INFO][Rank 0] - train Epoch 1/24: 55.0% (1070/1946)
[2025-11-17 20:18:59][INFO][Rank 0] - train Epoch 1/24: 55.5% (1080/1946)
[2025-11-17 20:19:00][INFO][Rank 0] - CUDA Memory [train][Step 1080]: Device 0: Allocated: 3309.6 MB, Reserved: 117540.0 MB (Δ: +1687.0 MB)
[2025-11-17 20:19:06][INFO][Rank 0] - train Epoch 1/24: 56.0% (1090/1946)
[2025-11-17 20:19:14][INFO][Rank 0] - train Epoch 1/24: 56.5% (1100/1946)
[2025-11-17 20:19:21][INFO][Rank 0] - train Epoch 1/24: 57.0% (1110/1946)
[2025-11-17 20:19:28][INFO][Rank 0] - train Epoch 1/24: 57.6% (1120/1946)
[2025-11-17 20:19:35][INFO][Rank 0] - train Epoch 1/24: 58.1% (1130/1946)
[2025-11-17 20:19:42][INFO][Rank 0] - train Epoch 1/24: 58.6% (1140/1946)
[2025-11-17 20:19:49][INFO][Rank 0] - train Epoch 1/24: 59.1% (1150/1946)
[2025-11-17 20:19:56][INFO][Rank 0] - train Epoch 1/24: 59.6% (1160/1946)
[2025-11-17 20:20:03][INFO][Rank 0] - train Epoch 1/24: 60.1% (1170/1946)
[2025-11-17 20:20:04][INFO][Rank 0] - CUDA Memory [train][Step 1170]: Device 0: Allocated: 3309.6 MB, Reserved: 117540.0 MB (Δ: +1687.0 MB)
[2025-11-17 20:20:10][INFO][Rank 0] - train Epoch 1/24: 60.6% (1180/1946)
[2025-11-17 20:20:17][INFO][Rank 0] - train Epoch 1/24: 61.2% (1190/1946)
[2025-11-17 20:20:24][INFO][Rank 0] - train Epoch 1/24: 61.7% (1200/1946)
[2025-11-17 20:20:31][INFO][Rank 0] - train Epoch 1/24: 62.2% (1210/1946)
[2025-11-17 20:20:38][INFO][Rank 0] - train Epoch 1/24: 62.7% (1220/1946)
[2025-11-17 20:20:45][INFO][Rank 0] - train Epoch 1/24: 63.2% (1230/1946)
[2025-11-17 20:20:53][INFO][Rank 0] - train Epoch 1/24: 63.7% (1240/1946)
[2025-11-17 20:21:00][INFO][Rank 0] - train Epoch 1/24: 64.2% (1250/1946)
[2025-11-17 20:21:07][INFO][Rank 0] - train Epoch 1/24: 64.7% (1260/1946)
[2025-11-17 20:21:07][INFO][Rank 0] - CUDA Memory [train][Step 1260]: Device 0: Allocated: 3309.6 MB, Reserved: 117540.0 MB (Δ: +1687.0 MB)
[2025-11-17 20:21:14][INFO][Rank 0] - train Epoch 1/24: 65.3% (1270/1946)
[2025-11-17 20:21:21][INFO][Rank 0] - train Epoch 1/24: 65.8% (1280/1946)
[2025-11-17 20:21:28][INFO][Rank 0] - train Epoch 1/24: 66.3% (1290/1946)
[2025-11-17 20:21:35][INFO][Rank 0] - train Epoch 1/24: 66.8% (1300/1946)
[2025-11-17 20:21:42][INFO][Rank 0] - train Epoch 1/24: 67.3% (1310/1946)
[2025-11-17 20:21:49][INFO][Rank 0] - train Epoch 1/24: 67.8% (1320/1946)
[2025-11-17 20:21:56][INFO][Rank 0] - train Epoch 1/24: 68.3% (1330/1946)
[2025-11-17 20:22:03][INFO][Rank 0] - train Epoch 1/24: 68.9% (1340/1946)
[2025-11-17 20:22:10][INFO][Rank 0] - train Epoch 1/24: 69.4% (1350/1946)
[2025-11-17 20:22:11][INFO][Rank 0] - CUDA Memory [train][Step 1350]: Device 0: Allocated: 3309.6 MB, Reserved: 117540.0 MB (Δ: +1687.0 MB)
[2025-11-17 20:22:17][INFO][Rank 0] - train Epoch 1/24: 69.9% (1360/1946)
[2025-11-17 20:22:25][INFO][Rank 0] - train Epoch 1/24: 70.4% (1370/1946)
[2025-11-17 20:22:32][INFO][Rank 0] - train Epoch 1/24: 70.9% (1380/1946)
[2025-11-17 20:22:39][INFO][Rank 0] - train Epoch 1/24: 71.4% (1390/1946)
[2025-11-17 20:22:46][INFO][Rank 0] - train Epoch 1/24: 71.9% (1400/1946)
[2025-11-17 20:22:53][INFO][Rank 0] - train Epoch 1/24: 72.5% (1410/1946)
[2025-11-17 20:23:00][INFO][Rank 0] - train Epoch 1/24: 73.0% (1420/1946)
[2025-11-17 20:23:07][INFO][Rank 0] - train Epoch 1/24: 73.5% (1430/1946)
[2025-11-17 20:23:14][INFO][Rank 0] - train Epoch 1/24: 74.0% (1440/1946)
[2025-11-17 20:23:15][INFO][Rank 0] - CUDA Memory [train][Step 1440]: Device 0: Allocated: 3309.6 MB, Reserved: 117540.0 MB (Δ: +1687.0 MB)
[2025-11-17 20:23:21][INFO][Rank 0] - train Epoch 1/24: 74.5% (1450/1946)
[2025-11-17 20:23:28][INFO][Rank 0] - train Epoch 1/24: 75.0% (1460/1946)
[2025-11-17 20:23:35][INFO][Rank 0] - train Epoch 1/24: 75.5% (1470/1946)
[2025-11-17 20:23:42][INFO][Rank 0] - train Epoch 1/24: 76.1% (1480/1946)
[2025-11-17 20:23:49][INFO][Rank 0] - train Epoch 1/24: 76.6% (1490/1946)
[2025-11-17 20:23:56][INFO][Rank 0] - train Epoch 1/24: 77.1% (1500/1946)
[2025-11-17 20:24:04][INFO][Rank 0] - train Epoch 1/24: 77.6% (1510/1946)
[2025-11-17 20:24:11][INFO][Rank 0] - train Epoch 1/24: 78.1% (1520/1946)
[2025-11-17 20:24:18][INFO][Rank 0] - train Epoch 1/24: 78.6% (1530/1946)
[2025-11-17 20:24:18][INFO][Rank 0] - CUDA Memory [train][Step 1530]: Device 0: Allocated: 3309.6 MB, Reserved: 117540.0 MB (Δ: +1687.0 MB)
[2025-11-17 20:24:25][INFO][Rank 0] - train Epoch 1/24: 79.1% (1540/1946)
[2025-11-17 20:24:32][INFO][Rank 0] - train Epoch 1/24: 79.7% (1550/1946)
[2025-11-17 20:24:39][INFO][Rank 0] - train Epoch 1/24: 80.2% (1560/1946)
[2025-11-17 20:24:46][INFO][Rank 0] - train Epoch 1/24: 80.7% (1570/1946)
[2025-11-17 20:24:53][INFO][Rank 0] - train Epoch 1/24: 81.2% (1580/1946)
[2025-11-17 20:25:00][INFO][Rank 0] - train Epoch 1/24: 81.7% (1590/1946)
[2025-11-17 20:25:07][INFO][Rank 0] - train Epoch 1/24: 82.2% (1600/1946)
[2025-11-17 20:25:14][INFO][Rank 0] - train Epoch 1/24: 82.7% (1610/1946)
[2025-11-17 20:25:21][INFO][Rank 0] - train Epoch 1/24: 83.2% (1620/1946)
[2025-11-17 20:25:22][INFO][Rank 0] - CUDA Memory [train][Step 1620]: Device 0: Allocated: 3309.6 MB, Reserved: 117540.0 MB (Δ: +1687.0 MB)
[2025-11-17 20:25:28][INFO][Rank 0] - train Epoch 1/24: 83.8% (1630/1946)
[2025-11-17 20:25:36][INFO][Rank 0] - train Epoch 1/24: 84.3% (1640/1946)
[2025-11-17 20:25:43][INFO][Rank 0] - train Epoch 1/24: 84.8% (1650/1946)
[2025-11-17 20:25:50][INFO][Rank 0] - train Epoch 1/24: 85.3% (1660/1946)
[2025-11-17 20:25:57][INFO][Rank 0] - train Epoch 1/24: 85.8% (1670/1946)
[2025-11-17 20:26:04][INFO][Rank 0] - train Epoch 1/24: 86.3% (1680/1946)
[2025-11-17 20:26:11][INFO][Rank 0] - train Epoch 1/24: 86.8% (1690/1946)
[2025-11-17 20:26:18][INFO][Rank 0] - train Epoch 1/24: 87.4% (1700/1946)
[2025-11-17 20:26:25][INFO][Rank 0] - train Epoch 1/24: 87.9% (1710/1946)
[2025-11-17 20:26:26][INFO][Rank 0] - CUDA Memory [train][Step 1710]: Device 0: Allocated: 3309.6 MB, Reserved: 117540.0 MB (Δ: +1687.0 MB)
[2025-11-17 20:26:32][INFO][Rank 0] - train Epoch 1/24: 88.4% (1720/1946)
[2025-11-17 20:26:39][INFO][Rank 0] - train Epoch 1/24: 88.9% (1730/1946)
[2025-11-17 20:26:46][INFO][Rank 0] - train Epoch 1/24: 89.4% (1740/1946)
[2025-11-17 20:26:53][INFO][Rank 0] - train Epoch 1/24: 89.9% (1750/1946)
[2025-11-17 20:27:00][INFO][Rank 0] - train Epoch 1/24: 90.4% (1760/1946)
[2025-11-17 20:27:08][INFO][Rank 0] - train Epoch 1/24: 91.0% (1770/1946)
[2025-11-17 20:27:15][INFO][Rank 0] - train Epoch 1/24: 91.5% (1780/1946)
[2025-11-17 20:27:22][INFO][Rank 0] - train Epoch 1/24: 92.0% (1790/1946)
[2025-11-17 20:27:29][INFO][Rank 0] - train Epoch 1/24: 92.5% (1800/1946)
[2025-11-17 20:27:29][INFO][Rank 0] - CUDA Memory [train][Step 1800]: Device 0: Allocated: 3309.6 MB, Reserved: 117540.0 MB (Δ: +1687.0 MB)
[2025-11-17 20:27:36][INFO][Rank 0] - train Epoch 1/24: 93.0% (1810/1946)
[2025-11-17 20:27:43][INFO][Rank 0] - train Epoch 1/24: 93.5% (1820/1946)
[2025-11-17 20:27:50][INFO][Rank 0] - train Epoch 1/24: 94.0% (1830/1946)
[2025-11-17 20:27:57][INFO][Rank 0] - train Epoch 1/24: 94.6% (1840/1946)
[2025-11-17 20:28:04][INFO][Rank 0] - train Epoch 1/24: 95.1% (1850/1946)
[2025-11-17 20:28:11][INFO][Rank 0] - train Epoch 1/24: 95.6% (1860/1946)
[2025-11-17 20:28:18][INFO][Rank 0] - train Epoch 1/24: 96.1% (1870/1946)
[2025-11-17 20:28:25][INFO][Rank 0] - train Epoch 1/24: 96.6% (1880/1946)
[2025-11-17 20:28:32][INFO][Rank 0] - train Epoch 1/24: 97.1% (1890/1946)
[2025-11-17 20:28:33][INFO][Rank 0] - CUDA Memory [train][Step 1890]: Device 0: Allocated: 3309.6 MB, Reserved: 117540.0 MB (Δ: +1687.0 MB)
[2025-11-17 20:28:40][INFO][Rank 0] - train Epoch 1/24: 97.6% (1900/1946)
[2025-11-17 20:28:47][INFO][Rank 0] - train Epoch 1/24: 98.2% (1910/1946)
[2025-11-17 20:28:54][INFO][Rank 0] - train Epoch 1/24: 98.7% (1920/1946)
[2025-11-17 20:29:01][INFO][Rank 0] - train Epoch 1/24: 99.2% (1930/1946)
[2025-11-17 20:29:08][INFO][Rank 0] - train Epoch 1/24: 99.7% (1940/1946)
[2025-11-17 20:29:11][INFO][Rank 0] - train Epoch 1/24: 99.9% (1945/1946)
[2025-11-17 20:29:12][INFO][Rank 0] - train Loss: 0.3443 Acc: 0.9749 F1: 0.9873
[2025-11-17 20:29:12][INFO][Rank 0] - train Balanced Acc: 0.5505 AUC-ROC: 0.8971
[2025-11-17 20:29:12][INFO][Rank 0] - train Sensitivity: 0.9982 Specificity: 0.1028
[2025-11-17 20:29:12][INFO][Rank 0] - train Confusion Matrix: TP=18920, FP=454, FN=34, TN=52
[2025-11-17 20:29:12][INFO][Rank 0] - train completed in 1377.36s
[2025-11-17 20:29:12][INFO][Rank 0] - Data loading time: 1.55s, Forward time: 280.35s, Backward time: 746.84s
[2025-11-17 20:29:12][INFO][Rank 0] - train cache: 0/1 items, hit rate: 0.00%
[2025-11-17 20:29:12][INFO][Rank 0] - CUDA Memory [val][Step 0]: Device 0: Allocated: 3309.6 MB, Reserved: 117540.0 MB (Δ: +1687.0 MB)
[2025-11-17 20:29:12][INFO][Rank 0] - val phase: total 401 batches
[2025-11-17 20:29:12][INFO][Rank 0] - val Epoch 1/24: 0.0% (0/401)
[2025-11-17 20:29:17][INFO][Rank 0] - val Epoch 1/24: 2.5% (10/401)
[2025-11-17 20:29:22][INFO][Rank 0] - val Epoch 1/24: 5.0% (20/401)
[2025-11-17 20:29:27][INFO][Rank 0] - val Epoch 1/24: 7.5% (30/401)
[2025-11-17 20:29:32][INFO][Rank 0] - val Epoch 1/24: 10.0% (40/401)
[2025-11-17 20:29:37][INFO][Rank 0] - val Epoch 1/24: 12.5% (50/401)
[2025-11-17 20:29:42][INFO][Rank 0] - val Epoch 1/24: 15.0% (60/401)
[2025-11-17 20:29:47][INFO][Rank 0] - val Epoch 1/24: 17.5% (70/401)
[2025-11-17 20:29:52][INFO][Rank 0] - val Epoch 1/24: 20.0% (80/401)
[2025-11-17 20:29:57][INFO][Rank 0] - val Epoch 1/24: 22.4% (90/401)
[2025-11-17 20:30:02][INFO][Rank 0] - val Epoch 1/24: 24.9% (100/401)
[2025-11-17 20:30:07][INFO][Rank 0] - val Epoch 1/24: 27.4% (110/401)
[2025-11-17 20:30:12][INFO][Rank 0] - val Epoch 1/24: 29.9% (120/401)
[2025-11-17 20:30:13][INFO][Rank 0] - CUDA Memory [val][Step 120]: Device 0: Allocated: 3309.6 MB, Reserved: 117540.0 MB (Δ: +1687.0 MB)
[2025-11-17 20:30:17][INFO][Rank 0] - val Epoch 1/24: 32.4% (130/401)
[2025-11-17 20:30:22][INFO][Rank 0] - val Epoch 1/24: 34.9% (140/401)
[2025-11-17 20:30:27][INFO][Rank 0] - val Epoch 1/24: 37.4% (150/401)
[2025-11-17 20:30:32][INFO][Rank 0] - val Epoch 1/24: 39.9% (160/401)
[2025-11-17 20:30:37][INFO][Rank 0] - val Epoch 1/24: 42.4% (170/401)
[2025-11-17 20:30:42][INFO][Rank 0] - val Epoch 1/24: 44.9% (180/401)
[2025-11-17 20:30:47][INFO][Rank 0] - val Epoch 1/24: 47.4% (190/401)
[2025-11-17 20:30:52][INFO][Rank 0] - val Epoch 1/24: 49.9% (200/401)
[2025-11-17 20:30:57][INFO][Rank 0] - val Epoch 1/24: 52.4% (210/401)
[2025-11-17 20:31:02][INFO][Rank 0] - val Epoch 1/24: 54.9% (220/401)
[2025-11-17 20:31:07][INFO][Rank 0] - val Epoch 1/24: 57.4% (230/401)
[2025-11-17 20:31:12][INFO][Rank 0] - val Epoch 1/24: 59.9% (240/401)
[2025-11-17 20:31:17][INFO][Rank 0] - val Epoch 1/24: 62.3% (250/401)
[2025-11-17 20:31:22][INFO][Rank 0] - val Epoch 1/24: 64.8% (260/401)
[2025-11-17 20:31:27][INFO][Rank 0] - val Epoch 1/24: 67.3% (270/401)
[2025-11-17 20:31:28][INFO][Rank 0] - CUDA Memory [val][Step 270]: Device 0: Allocated: 3309.6 MB, Reserved: 117540.0 MB (Δ: +1687.0 MB)
[2025-11-17 20:31:32][INFO][Rank 0] - val Epoch 1/24: 69.8% (280/401)
[2025-11-17 20:31:37][INFO][Rank 0] - val Epoch 1/24: 72.3% (290/401)
[2025-11-17 20:31:42][INFO][Rank 0] - val Epoch 1/24: 74.8% (300/401)
[2025-11-17 20:31:47][INFO][Rank 0] - val Epoch 1/24: 77.3% (310/401)
[2025-11-17 20:31:52][INFO][Rank 0] - val Epoch 1/24: 79.8% (320/401)
[2025-11-17 20:31:57][INFO][Rank 0] - val Epoch 1/24: 82.3% (330/401)
[2025-11-17 20:32:02][INFO][Rank 0] - val Epoch 1/24: 84.8% (340/401)
[2025-11-17 20:32:07][INFO][Rank 0] - val Epoch 1/24: 87.3% (350/401)
[2025-11-17 20:32:12][INFO][Rank 0] - val Epoch 1/24: 89.8% (360/401)
[2025-11-17 20:32:17][INFO][Rank 0] - val Epoch 1/24: 92.3% (370/401)
[2025-11-17 20:32:22][INFO][Rank 0] - val Epoch 1/24: 94.8% (380/401)
[2025-11-17 20:32:27][INFO][Rank 0] - val Epoch 1/24: 97.3% (390/401)
[2025-11-17 20:32:32][INFO][Rank 0] - val Epoch 1/24: 99.8% (400/401)
[2025-11-17 20:32:33][INFO][Rank 0] - val Loss: 0.2190 Acc: 0.9768 F1: 0.9882
[2025-11-17 20:32:33][INFO][Rank 0] - val Balanced Acc: 0.5782 AUC-ROC: 0.9616
[2025-11-17 20:32:33][INFO][Rank 0] - val Sensitivity: 0.9980 Specificity: 0.1584
[2025-11-17 20:32:33][INFO][Rank 0] - val Confusion Matrix: TP=3901, FP=85, FN=8, TN=16
[2025-11-17 20:32:33][INFO][Rank 0] - val completed in 200.47s
[2025-11-17 20:32:33][INFO][Rank 0] - val cache: 0/1 items, hit rate: 0.00%
[2025-11-17 20:32:37][INFO][Rank 0] - Saved new best accuracy model with accuracy: 0.9768 at /projects/retprogression/rgarridogarcia/checkpoints/cropped1024_cropped_centered_wt_allR_5/best_acc_model.pth
[2025-11-17 20:32:41][INFO][Rank 0] - Saved new best f1 model with f1: 0.9882 at /projects/retprogression/rgarridogarcia/checkpoints/cropped1024_cropped_centered_wt_allR_5/best_f1_model.pth
[2025-11-17 20:32:46][INFO][Rank 0] - Saved new best balanced_acc model with balanced_acc: 0.5782 at /projects/retprogression/rgarridogarcia/checkpoints/cropped1024_cropped_centered_wt_allR_5/best_balanced_acc_model.pth
[2025-11-17 20:32:50][INFO][Rank 0] - Also saved as general best model at /projects/retprogression/rgarridogarcia/checkpoints/cropped1024_cropped_centered_wt_allR_5/best_model.pth
[2025-11-17 20:32:55][INFO][Rank 0] - Saved new best auc model with auc: 0.9616 at /projects/retprogression/rgarridogarcia/checkpoints/cropped1024_cropped_centered_wt_allR_5/best_auc_model.pth
[2025-11-17 20:32:59][INFO][Rank 0] - Saved epoch checkpoint at /projects/retprogression/rgarridogarcia/checkpoints/cropped1024_cropped_centered_wt_allR_5/epoch_1.pth
[2025-11-17 20:32:59][INFO][Rank 0] - Epoch 1 summary:
[2025-11-17 20:32:59][INFO][Rank 0] -  Train Loss: 0.3443, Train Acc: 0.9749, Train F1: 0.9873
[2025-11-17 20:32:59][INFO][Rank 0] -  Train Balanced Acc: 0.5505, Train AUC: 0.8971
[2025-11-17 20:32:59][INFO][Rank 0] -  Train Sensitivity: 0.9982, Train Specificity: 0.1028
[2025-11-17 20:32:59][INFO][Rank 0] -  Val Loss: 0.2190, Val Acc: 0.9768, Val F1: 0.9882
[2025-11-17 20:32:59][INFO][Rank 0] -  Val Balanced Acc: 0.5782, Val AUC: 0.9616
[2025-11-17 20:32:59][INFO][Rank 0] -  Val Sensitivity: 0.9980, Val Specificity: 0.1584
[2025-11-17 20:32:59][INFO][Rank 0] -  Total Epoch Time: 1604.23s
[2025-11-17 20:32:59][INFO][Rank 0] - Epoch 2/24
[2025-11-17 20:32:59][INFO][Rank 0] - ----------
[2025-11-17 20:32:59][INFO][Rank 0] - CUDA Memory [train][Step 0]: Device 0: Allocated: 3309.6 MB, Reserved: 117540.0 MB (Δ: +1687.0 MB)
[2025-11-17 20:32:59][INFO][Rank 0] - train phase: total 1946 batches
[2025-11-17 20:33:00][INFO][Rank 0] - train Epoch 2/24: 0.0% (0/1946)
[2025-11-17 20:33:07][INFO][Rank 0] - train Epoch 2/24: 0.5% (10/1946)
[2025-11-17 20:33:14][INFO][Rank 0] - train Epoch 2/24: 1.0% (20/1946)
[2025-11-17 20:33:21][INFO][Rank 0] - train Epoch 2/24: 1.5% (30/1946)
[2025-11-17 20:33:28][INFO][Rank 0] - train Epoch 2/24: 2.1% (40/1946)
[2025-11-17 20:33:35][INFO][Rank 0] - train Epoch 2/24: 2.6% (50/1946)
[2025-11-17 20:33:42][INFO][Rank 0] - train Epoch 2/24: 3.1% (60/1946)
[2025-11-17 20:33:49][INFO][Rank 0] - train Epoch 2/24: 3.6% (70/1946)
[2025-11-17 20:33:56][INFO][Rank 0] - train Epoch 2/24: 4.1% (80/1946)
[2025-11-17 20:34:03][INFO][Rank 0] - train Epoch 2/24: 4.6% (90/1946)
[2025-11-17 20:34:04][INFO][Rank 0] - CUDA Memory [train][Step 90]: Device 0: Allocated: 3309.6 MB, Reserved: 117540.0 MB (Δ: +1687.0 MB)
[2025-11-17 20:34:10][INFO][Rank 0] - train Epoch 2/24: 5.1% (100/1946)
[2025-11-17 20:34:17][INFO][Rank 0] - train Epoch 2/24: 5.7% (110/1946)
[2025-11-17 20:34:24][INFO][Rank 0] - train Epoch 2/24: 6.2% (120/1946)
[2025-11-17 20:34:32][INFO][Rank 0] - train Epoch 2/24: 6.7% (130/1946)
[2025-11-17 20:34:39][INFO][Rank 0] - train Epoch 2/24: 7.2% (140/1946)
[2025-11-17 20:34:46][INFO][Rank 0] - train Epoch 2/24: 7.7% (150/1946)
[2025-11-17 20:34:53][INFO][Rank 0] - train Epoch 2/24: 8.2% (160/1946)
[2025-11-17 20:35:00][INFO][Rank 0] - train Epoch 2/24: 8.7% (170/1946)
[2025-11-17 20:35:07][INFO][Rank 0] - train Epoch 2/24: 9.2% (180/1946)
[2025-11-17 20:35:08][INFO][Rank 0] - CUDA Memory [train][Step 180]: Device 0: Allocated: 3309.6 MB, Reserved: 117540.0 MB (Δ: +1687.0 MB)
[2025-11-17 20:35:14][INFO][Rank 0] - train Epoch 2/24: 9.8% (190/1946)
[2025-11-17 20:35:21][INFO][Rank 0] - train Epoch 2/24: 10.3% (200/1946)
[2025-11-17 20:35:28][INFO][Rank 0] - train Epoch 2/24: 10.8% (210/1946)
[2025-11-17 20:35:35][INFO][Rank 0] - train Epoch 2/24: 11.3% (220/1946)
[2025-11-17 20:35:42][INFO][Rank 0] - train Epoch 2/24: 11.8% (230/1946)
[2025-11-17 20:35:49][INFO][Rank 0] - train Epoch 2/24: 12.3% (240/1946)
[2025-11-17 20:35:56][INFO][Rank 0] - train Epoch 2/24: 12.8% (250/1946)
[2025-11-17 20:36:03][INFO][Rank 0] - train Epoch 2/24: 13.4% (260/1946)
[2025-11-17 20:36:10][INFO][Rank 0] - train Epoch 2/24: 13.9% (270/1946)
[2025-11-17 20:36:11][INFO][Rank 0] - CUDA Memory [train][Step 270]: Device 0: Allocated: 3309.6 MB, Reserved: 117540.0 MB (Δ: +1687.0 MB)
[2025-11-17 20:36:18][INFO][Rank 0] - train Epoch 2/24: 14.4% (280/1946)
[2025-11-17 20:36:25][INFO][Rank 0] - train Epoch 2/24: 14.9% (290/1946)
[2025-11-17 20:36:32][INFO][Rank 0] - train Epoch 2/24: 15.4% (300/1946)
[2025-11-17 20:36:39][INFO][Rank 0] - train Epoch 2/24: 15.9% (310/1946)
[2025-11-17 20:36:46][INFO][Rank 0] - train Epoch 2/24: 16.4% (320/1946)
[2025-11-17 20:36:53][INFO][Rank 0] - train Epoch 2/24: 17.0% (330/1946)
[2025-11-17 20:37:00][INFO][Rank 0] - train Epoch 2/24: 17.5% (340/1946)
[2025-11-17 20:37:07][INFO][Rank 0] - train Epoch 2/24: 18.0% (350/1946)
[2025-11-17 20:37:14][INFO][Rank 0] - train Epoch 2/24: 18.5% (360/1946)
[2025-11-17 20:37:15][INFO][Rank 0] - CUDA Memory [train][Step 360]: Device 0: Allocated: 3309.6 MB, Reserved: 117540.0 MB (Δ: +1687.0 MB)
[2025-11-17 20:37:21][INFO][Rank 0] - train Epoch 2/24: 19.0% (370/1946)
[2025-11-17 20:37:28][INFO][Rank 0] - train Epoch 2/24: 19.5% (380/1946)
[2025-11-17 20:37:35][INFO][Rank 0] - train Epoch 2/24: 20.0% (390/1946)
[2025-11-17 20:37:42][INFO][Rank 0] - train Epoch 2/24: 20.6% (400/1946)
[2025-11-17 20:37:49][INFO][Rank 0] - train Epoch 2/24: 21.1% (410/1946)
[2025-11-17 20:37:57][INFO][Rank 0] - train Epoch 2/24: 21.6% (420/1946)
[2025-11-17 20:38:04][INFO][Rank 0] - train Epoch 2/24: 22.1% (430/1946)
[2025-11-17 20:38:11][INFO][Rank 0] - train Epoch 2/24: 22.6% (440/1946)
[2025-11-17 20:38:18][INFO][Rank 0] - train Epoch 2/24: 23.1% (450/1946)
[2025-11-17 20:38:18][INFO][Rank 0] - CUDA Memory [train][Step 450]: Device 0: Allocated: 3309.6 MB, Reserved: 117540.0 MB (Δ: +1687.0 MB)
[2025-11-17 20:38:25][INFO][Rank 0] - train Epoch 2/24: 23.6% (460/1946)
[2025-11-17 20:38:32][INFO][Rank 0] - train Epoch 2/24: 24.2% (470/1946)
[2025-11-17 20:38:39][INFO][Rank 0] - train Epoch 2/24: 24.7% (480/1946)
[2025-11-17 20:38:46][INFO][Rank 0] - train Epoch 2/24: 25.2% (490/1946)
[2025-11-17 20:38:53][INFO][Rank 0] - train Epoch 2/24: 25.7% (500/1946)
[2025-11-17 20:39:00][INFO][Rank 0] - train Epoch 2/24: 26.2% (510/1946)
[2025-11-17 20:39:07][INFO][Rank 0] - train Epoch 2/24: 26.7% (520/1946)
[2025-11-17 20:39:14][INFO][Rank 0] - train Epoch 2/24: 27.2% (530/1946)
[2025-11-17 20:39:21][INFO][Rank 0] - train Epoch 2/24: 27.7% (540/1946)
[2025-11-17 20:39:22][INFO][Rank 0] - CUDA Memory [train][Step 540]: Device 0: Allocated: 3309.6 MB, Reserved: 117540.0 MB (Δ: +1687.0 MB)
[2025-11-17 20:39:28][INFO][Rank 0] - train Epoch 2/24: 28.3% (550/1946)
[2025-11-17 20:39:36][INFO][Rank 0] - train Epoch 2/24: 28.8% (560/1946)
[2025-11-17 20:39:43][INFO][Rank 0] - train Epoch 2/24: 29.3% (570/1946)
[2025-11-17 20:39:50][INFO][Rank 0] - train Epoch 2/24: 29.8% (580/1946)
[2025-11-17 20:39:57][INFO][Rank 0] - train Epoch 2/24: 30.3% (590/1946)
[2025-11-17 20:40:04][INFO][Rank 0] - train Epoch 2/24: 30.8% (600/1946)
[2025-11-17 20:40:11][INFO][Rank 0] - train Epoch 2/24: 31.3% (610/1946)
[2025-11-17 20:40:18][INFO][Rank 0] - train Epoch 2/24: 31.9% (620/1946)
[2025-11-17 20:40:25][INFO][Rank 0] - train Epoch 2/24: 32.4% (630/1946)
[2025-11-17 20:40:26][INFO][Rank 0] - CUDA Memory [train][Step 630]: Device 0: Allocated: 3309.6 MB, Reserved: 117540.0 MB (Δ: +1687.0 MB)
[2025-11-17 20:40:32][INFO][Rank 0] - train Epoch 2/24: 32.9% (640/1946)
[2025-11-17 20:40:39][INFO][Rank 0] - train Epoch 2/24: 33.4% (650/1946)
[2025-11-17 20:40:46][INFO][Rank 0] - train Epoch 2/24: 33.9% (660/1946)
[2025-11-17 20:40:53][INFO][Rank 0] - train Epoch 2/24: 34.4% (670/1946)
[2025-11-17 20:41:00][INFO][Rank 0] - train Epoch 2/24: 34.9% (680/1946)
[2025-11-17 20:41:07][INFO][Rank 0] - train Epoch 2/24: 35.5% (690/1946)
[2025-11-17 20:41:15][INFO][Rank 0] - train Epoch 2/24: 36.0% (700/1946)
[2025-11-17 20:41:22][INFO][Rank 0] - train Epoch 2/24: 36.5% (710/1946)
[2025-11-17 20:41:29][INFO][Rank 0] - train Epoch 2/24: 37.0% (720/1946)
[2025-11-17 20:41:29][INFO][Rank 0] - CUDA Memory [train][Step 720]: Device 0: Allocated: 3309.6 MB, Reserved: 117540.0 MB (Δ: +1687.0 MB)
[2025-11-17 20:41:36][INFO][Rank 0] - train Epoch 2/24: 37.5% (730/1946)
[2025-11-17 20:41:43][INFO][Rank 0] - train Epoch 2/24: 38.0% (740/1946)
[2025-11-17 20:41:50][INFO][Rank 0] - train Epoch 2/24: 38.5% (750/1946)
[2025-11-17 20:41:57][INFO][Rank 0] - train Epoch 2/24: 39.1% (760/1946)
[2025-11-17 20:42:04][INFO][Rank 0] - train Epoch 2/24: 39.6% (770/1946)
[2025-11-17 20:42:11][INFO][Rank 0] - train Epoch 2/24: 40.1% (780/1946)
[2025-11-17 20:42:18][INFO][Rank 0] - train Epoch 2/24: 40.6% (790/1946)
[2025-11-17 20:42:25][INFO][Rank 0] - train Epoch 2/24: 41.1% (800/1946)
[2025-11-17 20:42:32][INFO][Rank 0] - train Epoch 2/24: 41.6% (810/1946)
[2025-11-17 20:42:33][INFO][Rank 0] - CUDA Memory [train][Step 810]: Device 0: Allocated: 3309.6 MB, Reserved: 117540.0 MB (Δ: +1687.0 MB)
[2025-11-17 20:42:39][INFO][Rank 0] - train Epoch 2/24: 42.1% (820/1946)
[2025-11-17 20:42:46][INFO][Rank 0] - train Epoch 2/24: 42.7% (830/1946)
[2025-11-17 20:42:53][INFO][Rank 0] - train Epoch 2/24: 43.2% (840/1946)
[2025-11-17 20:43:01][INFO][Rank 0] - train Epoch 2/24: 43.7% (850/1946)
[2025-11-17 20:43:08][INFO][Rank 0] - train Epoch 2/24: 44.2% (860/1946)
[2025-11-17 20:43:15][INFO][Rank 0] - train Epoch 2/24: 44.7% (870/1946)
[2025-11-17 20:43:22][INFO][Rank 0] - train Epoch 2/24: 45.2% (880/1946)
[2025-11-17 20:43:29][INFO][Rank 0] - train Epoch 2/24: 45.7% (890/1946)
[2025-11-17 20:43:36][INFO][Rank 0] - train Epoch 2/24: 46.2% (900/1946)
[2025-11-17 20:43:37][INFO][Rank 0] - CUDA Memory [train][Step 900]: Device 0: Allocated: 3309.6 MB, Reserved: 117540.0 MB (Δ: +1687.0 MB)
[2025-11-17 20:43:43][INFO][Rank 0] - train Epoch 2/24: 46.8% (910/1946)
[2025-11-17 20:43:50][INFO][Rank 0] - train Epoch 2/24: 47.3% (920/1946)
[2025-11-17 20:43:57][INFO][Rank 0] - train Epoch 2/24: 47.8% (930/1946)
[2025-11-17 20:44:04][INFO][Rank 0] - train Epoch 2/24: 48.3% (940/1946)
[2025-11-17 20:44:11][INFO][Rank 0] - train Epoch 2/24: 48.8% (950/1946)
[2025-11-17 20:44:18][INFO][Rank 0] - train Epoch 2/24: 49.3% (960/1946)
[2025-11-17 20:44:25][INFO][Rank 0] - train Epoch 2/24: 49.8% (970/1946)
[2025-11-17 20:44:32][INFO][Rank 0] - train Epoch 2/24: 50.4% (980/1946)
[2025-11-17 20:44:39][INFO][Rank 0] - train Epoch 2/24: 50.9% (990/1946)
[2025-11-17 20:44:40][INFO][Rank 0] - CUDA Memory [train][Step 990]: Device 0: Allocated: 3309.6 MB, Reserved: 117540.0 MB (Δ: +1687.0 MB)
[2025-11-17 20:44:47][INFO][Rank 0] - train Epoch 2/24: 51.4% (1000/1946)
[2025-11-17 20:44:54][INFO][Rank 0] - train Epoch 2/24: 51.9% (1010/1946)
[2025-11-17 20:45:01][INFO][Rank 0] - train Epoch 2/24: 52.4% (1020/1946)
[2025-11-17 20:45:08][INFO][Rank 0] - train Epoch 2/24: 52.9% (1030/1946)
[2025-11-17 20:45:15][INFO][Rank 0] - train Epoch 2/24: 53.4% (1040/1946)
[2025-11-17 20:45:22][INFO][Rank 0] - train Epoch 2/24: 54.0% (1050/1946)
[2025-11-17 20:45:29][INFO][Rank 0] - train Epoch 2/24: 54.5% (1060/1946)
[2025-11-17 20:45:36][INFO][Rank 0] - train Epoch 2/24: 55.0% (1070/1946)
[2025-11-17 20:45:43][INFO][Rank 0] - train Epoch 2/24: 55.5% (1080/1946)
[2025-11-17 20:45:44][INFO][Rank 0] - CUDA Memory [train][Step 1080]: Device 0: Allocated: 3309.6 MB, Reserved: 117540.0 MB (Δ: +1687.0 MB)
[2025-11-17 20:45:50][INFO][Rank 0] - train Epoch 2/24: 56.0% (1090/1946)
[2025-11-17 20:45:57][INFO][Rank 0] - train Epoch 2/24: 56.5% (1100/1946)
[2025-11-17 20:46:04][INFO][Rank 0] - train Epoch 2/24: 57.0% (1110/1946)
[2025-11-17 20:46:11][INFO][Rank 0] - train Epoch 2/24: 57.6% (1120/1946)
[2025-11-17 20:46:18][INFO][Rank 0] - train Epoch 2/24: 58.1% (1130/1946)
[2025-11-17 20:46:26][INFO][Rank 0] - train Epoch 2/24: 58.6% (1140/1946)
[2025-11-17 20:46:33][INFO][Rank 0] - train Epoch 2/24: 59.1% (1150/1946)
[2025-11-17 20:46:40][INFO][Rank 0] - train Epoch 2/24: 59.6% (1160/1946)
[2025-11-17 20:46:47][INFO][Rank 0] - train Epoch 2/24: 60.1% (1170/1946)
[2025-11-17 20:46:47][INFO][Rank 0] - CUDA Memory [train][Step 1170]: Device 0: Allocated: 3309.6 MB, Reserved: 117540.0 MB (Δ: +1687.0 MB)
[2025-11-17 20:46:54][INFO][Rank 0] - train Epoch 2/24: 60.6% (1180/1946)
[2025-11-17 20:47:01][INFO][Rank 0] - train Epoch 2/24: 61.2% (1190/1946)
[2025-11-17 20:47:08][INFO][Rank 0] - train Epoch 2/24: 61.7% (1200/1946)
[2025-11-17 20:47:15][INFO][Rank 0] - train Epoch 2/24: 62.2% (1210/1946)
[2025-11-17 20:47:22][INFO][Rank 0] - train Epoch 2/24: 62.7% (1220/1946)
[2025-11-17 20:47:29][INFO][Rank 0] - train Epoch 2/24: 63.2% (1230/1946)
[2025-11-17 20:47:36][INFO][Rank 0] - train Epoch 2/24: 63.7% (1240/1946)
[2025-11-17 20:47:43][INFO][Rank 0] - train Epoch 2/24: 64.2% (1250/1946)
[2025-11-17 20:47:50][INFO][Rank 0] - train Epoch 2/24: 64.7% (1260/1946)
[2025-11-17 20:47:51][INFO][Rank 0] - CUDA Memory [train][Step 1260]: Device 0: Allocated: 3309.6 MB, Reserved: 117540.0 MB (Δ: +1687.0 MB)
[2025-11-17 20:47:57][INFO][Rank 0] - train Epoch 2/24: 65.3% (1270/1946)
[2025-11-17 20:48:05][INFO][Rank 0] - train Epoch 2/24: 65.8% (1280/1946)
[2025-11-17 20:48:12][INFO][Rank 0] - train Epoch 2/24: 66.3% (1290/1946)
[2025-11-17 20:48:19][INFO][Rank 0] - train Epoch 2/24: 66.8% (1300/1946)
[2025-11-17 20:48:26][INFO][Rank 0] - train Epoch 2/24: 67.3% (1310/1946)
[2025-11-17 20:48:33][INFO][Rank 0] - train Epoch 2/24: 67.8% (1320/1946)
[2025-11-17 20:48:40][INFO][Rank 0] - train Epoch 2/24: 68.3% (1330/1946)
[2025-11-17 20:48:47][INFO][Rank 0] - train Epoch 2/24: 68.9% (1340/1946)
[2025-11-17 20:48:54][INFO][Rank 0] - train Epoch 2/24: 69.4% (1350/1946)
[2025-11-17 20:48:55][INFO][Rank 0] - CUDA Memory [train][Step 1350]: Device 0: Allocated: 3309.6 MB, Reserved: 117540.0 MB (Δ: +1687.0 MB)
[2025-11-17 20:49:01][INFO][Rank 0] - train Epoch 2/24: 69.9% (1360/1946)
[2025-11-17 20:49:08][INFO][Rank 0] - train Epoch 2/24: 70.4% (1370/1946)
[2025-11-17 20:49:15][INFO][Rank 0] - train Epoch 2/24: 70.9% (1380/1946)
[2025-11-17 20:49:22][INFO][Rank 0] - train Epoch 2/24: 71.4% (1390/1946)
[2025-11-17 20:49:29][INFO][Rank 0] - train Epoch 2/24: 71.9% (1400/1946)
[2025-11-17 20:49:36][INFO][Rank 0] - train Epoch 2/24: 72.5% (1410/1946)
[2025-11-17 20:49:43][INFO][Rank 0] - train Epoch 2/24: 73.0% (1420/1946)
[2025-11-17 20:49:51][INFO][Rank 0] - train Epoch 2/24: 73.5% (1430/1946)
[2025-11-17 20:49:58][INFO][Rank 0] - train Epoch 2/24: 74.0% (1440/1946)
[2025-11-17 20:49:58][INFO][Rank 0] - CUDA Memory [train][Step 1440]: Device 0: Allocated: 3309.6 MB, Reserved: 117540.0 MB (Δ: +1687.0 MB)
[2025-11-17 20:50:05][INFO][Rank 0] - train Epoch 2/24: 74.5% (1450/1946)
[2025-11-17 20:50:12][INFO][Rank 0] - train Epoch 2/24: 75.0% (1460/1946)
[2025-11-17 20:50:19][INFO][Rank 0] - train Epoch 2/24: 75.5% (1470/1946)
[2025-11-17 20:50:26][INFO][Rank 0] - train Epoch 2/24: 76.1% (1480/1946)
[2025-11-17 20:50:33][INFO][Rank 0] - train Epoch 2/24: 76.6% (1490/1946)
[2025-11-17 20:50:40][INFO][Rank 0] - train Epoch 2/24: 77.1% (1500/1946)
[2025-11-17 20:50:47][INFO][Rank 0] - train Epoch 2/24: 77.6% (1510/1946)
[2025-11-17 20:50:54][INFO][Rank 0] - train Epoch 2/24: 78.1% (1520/1946)
[2025-11-17 20:51:01][INFO][Rank 0] - train Epoch 2/24: 78.6% (1530/1946)
[2025-11-17 20:51:02][INFO][Rank 0] - CUDA Memory [train][Step 1530]: Device 0: Allocated: 3309.6 MB, Reserved: 117540.0 MB (Δ: +1687.0 MB)
[2025-11-17 20:51:08][INFO][Rank 0] - train Epoch 2/24: 79.1% (1540/1946)
[2025-11-17 20:51:15][INFO][Rank 0] - train Epoch 2/24: 79.7% (1550/1946)
[2025-11-17 20:51:22][INFO][Rank 0] - train Epoch 2/24: 80.2% (1560/1946)
[2025-11-17 20:51:30][INFO][Rank 0] - train Epoch 2/24: 80.7% (1570/1946)
[2025-11-17 20:51:37][INFO][Rank 0] - train Epoch 2/24: 81.2% (1580/1946)
[2025-11-17 20:51:44][INFO][Rank 0] - train Epoch 2/24: 81.7% (1590/1946)
[2025-11-17 20:51:51][INFO][Rank 0] - train Epoch 2/24: 82.2% (1600/1946)
[2025-11-17 20:51:58][INFO][Rank 0] - train Epoch 2/24: 82.7% (1610/1946)
[2025-11-17 20:52:05][INFO][Rank 0] - train Epoch 2/24: 83.2% (1620/1946)
[2025-11-17 20:52:06][INFO][Rank 0] - CUDA Memory [train][Step 1620]: Device 0: Allocated: 3309.6 MB, Reserved: 117540.0 MB (Δ: +1687.0 MB)
[2025-11-17 20:52:12][INFO][Rank 0] - train Epoch 2/24: 83.8% (1630/1946)
[2025-11-17 20:52:19][INFO][Rank 0] - train Epoch 2/24: 84.3% (1640/1946)
[2025-11-17 20:52:26][INFO][Rank 0] - train Epoch 2/24: 84.8% (1650/1946)
[2025-11-17 20:52:33][INFO][Rank 0] - train Epoch 2/24: 85.3% (1660/1946)
[2025-11-17 20:52:40][INFO][Rank 0] - train Epoch 2/24: 85.8% (1670/1946)
[2025-11-17 20:52:47][INFO][Rank 0] - train Epoch 2/24: 86.3% (1680/1946)
[2025-11-17 20:52:54][INFO][Rank 0] - train Epoch 2/24: 86.8% (1690/1946)
[2025-11-17 20:53:01][INFO][Rank 0] - train Epoch 2/24: 87.4% (1700/1946)
[2025-11-17 20:53:08][INFO][Rank 0] - train Epoch 2/24: 87.9% (1710/1946)
[2025-11-17 20:53:09][INFO][Rank 0] - CUDA Memory [train][Step 1710]: Device 0: Allocated: 3309.6 MB, Reserved: 117540.0 MB (Δ: +1687.0 MB)
[2025-11-17 20:53:16][INFO][Rank 0] - train Epoch 2/24: 88.4% (1720/1946)
[2025-11-17 20:53:23][INFO][Rank 0] - train Epoch 2/24: 88.9% (1730/1946)
[2025-11-17 20:53:30][INFO][Rank 0] - train Epoch 2/24: 89.4% (1740/1946)
[2025-11-17 20:53:37][INFO][Rank 0] - train Epoch 2/24: 89.9% (1750/1946)
[2025-11-17 20:53:44][INFO][Rank 0] - train Epoch 2/24: 90.4% (1760/1946)
[2025-11-17 20:53:51][INFO][Rank 0] - train Epoch 2/24: 91.0% (1770/1946)
[2025-11-17 20:53:58][INFO][Rank 0] - train Epoch 2/24: 91.5% (1780/1946)
[2025-11-17 20:54:05][INFO][Rank 0] - train Epoch 2/24: 92.0% (1790/1946)
[2025-11-17 20:54:12][INFO][Rank 0] - train Epoch 2/24: 92.5% (1800/1946)
[2025-11-17 20:54:13][INFO][Rank 0] - CUDA Memory [train][Step 1800]: Device 0: Allocated: 3309.6 MB, Reserved: 117540.0 MB (Δ: +1687.0 MB)
[2025-11-17 20:54:19][INFO][Rank 0] - train Epoch 2/24: 93.0% (1810/1946)
[2025-11-17 20:54:26][INFO][Rank 0] - train Epoch 2/24: 93.5% (1820/1946)
[2025-11-17 20:54:33][INFO][Rank 0] - train Epoch 2/24: 94.0% (1830/1946)
[2025-11-17 20:54:40][INFO][Rank 0] - train Epoch 2/24: 94.6% (1840/1946)
[2025-11-17 20:54:47][INFO][Rank 0] - train Epoch 2/24: 95.1% (1850/1946)
[2025-11-17 20:54:55][INFO][Rank 0] - train Epoch 2/24: 95.6% (1860/1946)
[2025-11-17 20:55:02][INFO][Rank 0] - train Epoch 2/24: 96.1% (1870/1946)
[2025-11-17 20:55:09][INFO][Rank 0] - train Epoch 2/24: 96.6% (1880/1946)
[2025-11-17 20:55:16][INFO][Rank 0] - train Epoch 2/24: 97.1% (1890/1946)
[2025-11-17 20:55:16][INFO][Rank 0] - CUDA Memory [train][Step 1890]: Device 0: Allocated: 3309.6 MB, Reserved: 117540.0 MB (Δ: +1687.0 MB)
[2025-11-17 20:55:23][INFO][Rank 0] - train Epoch 2/24: 97.6% (1900/1946)
[2025-11-17 20:55:30][INFO][Rank 0] - train Epoch 2/24: 98.2% (1910/1946)
[2025-11-17 20:55:37][INFO][Rank 0] - train Epoch 2/24: 98.7% (1920/1946)
[2025-11-17 20:55:44][INFO][Rank 0] - train Epoch 2/24: 99.2% (1930/1946)
[2025-11-17 20:55:51][INFO][Rank 0] - train Epoch 2/24: 99.7% (1940/1946)
[2025-11-17 20:55:55][INFO][Rank 0] - train Epoch 2/24: 99.9% (1945/1946)
[2025-11-17 20:55:55][INFO][Rank 0] - train Loss: 0.2899 Acc: 0.9791 F1: 0.9893
[2025-11-17 20:55:55][INFO][Rank 0] - train Balanced Acc: 0.6825 AUC-ROC: 0.9385
[2025-11-17 20:55:55][INFO][Rank 0] - train Sensitivity: 0.9954 Specificity: 0.3696
[2025-11-17 20:55:55][INFO][Rank 0] - train Confusion Matrix: TP=18866, FP=319, FN=88, TN=187
[2025-11-17 20:55:55][INFO][Rank 0] - train completed in 1376.43s
[2025-11-17 20:55:55][INFO][Rank 0] - Data loading time: 1.52s, Forward time: 280.10s, Backward time: 746.26s
[2025-11-17 20:55:55][INFO][Rank 0] - train cache: 0/1 items, hit rate: 0.00%
[2025-11-17 20:55:55][INFO][Rank 0] - CUDA Memory [val][Step 0]: Device 0: Allocated: 3309.6 MB, Reserved: 117540.0 MB (Δ: +1687.0 MB)
[2025-11-17 20:55:55][INFO][Rank 0] - val phase: total 401 batches
[2025-11-17 20:55:56][INFO][Rank 0] - val Epoch 2/24: 0.0% (0/401)
[2025-11-17 20:56:01][INFO][Rank 0] - val Epoch 2/24: 2.5% (10/401)
[2025-11-17 20:56:06][INFO][Rank 0] - val Epoch 2/24: 5.0% (20/401)
[2025-11-17 20:56:11][INFO][Rank 0] - val Epoch 2/24: 7.5% (30/401)
[2025-11-17 20:56:16][INFO][Rank 0] - val Epoch 2/24: 10.0% (40/401)
[2025-11-17 20:56:21][INFO][Rank 0] - val Epoch 2/24: 12.5% (50/401)
[2025-11-17 20:56:26][INFO][Rank 0] - val Epoch 2/24: 15.0% (60/401)
[2025-11-17 20:56:31][INFO][Rank 0] - val Epoch 2/24: 17.5% (70/401)
[2025-11-17 20:56:36][INFO][Rank 0] - val Epoch 2/24: 20.0% (80/401)
[2025-11-17 20:56:41][INFO][Rank 0] - val Epoch 2/24: 22.4% (90/401)
[2025-11-17 20:56:46][INFO][Rank 0] - val Epoch 2/24: 24.9% (100/401)
[2025-11-17 20:56:51][INFO][Rank 0] - val Epoch 2/24: 27.4% (110/401)
[2025-11-17 20:56:56][INFO][Rank 0] - val Epoch 2/24: 29.9% (120/401)
[2025-11-17 20:56:56][INFO][Rank 0] - CUDA Memory [val][Step 120]: Device 0: Allocated: 3309.6 MB, Reserved: 117540.0 MB (Δ: +1687.0 MB)
[2025-11-17 20:57:01][INFO][Rank 0] - val Epoch 2/24: 32.4% (130/401)
[2025-11-17 20:57:06][INFO][Rank 0] - val Epoch 2/24: 34.9% (140/401)
[2025-11-17 20:57:11][INFO][Rank 0] - val Epoch 2/24: 37.4% (150/401)
[2025-11-17 20:57:16][INFO][Rank 0] - val Epoch 2/24: 39.9% (160/401)
[2025-11-17 20:57:21][INFO][Rank 0] - val Epoch 2/24: 42.4% (170/401)
[2025-11-17 20:57:26][INFO][Rank 0] - val Epoch 2/24: 44.9% (180/401)
[2025-11-17 20:57:31][INFO][Rank 0] - val Epoch 2/24: 47.4% (190/401)
[2025-11-17 20:57:36][INFO][Rank 0] - val Epoch 2/24: 49.9% (200/401)
[2025-11-17 20:57:41][INFO][Rank 0] - val Epoch 2/24: 52.4% (210/401)
[2025-11-17 20:57:46][INFO][Rank 0] - val Epoch 2/24: 54.9% (220/401)
[2025-11-17 20:57:51][INFO][Rank 0] - val Epoch 2/24: 57.4% (230/401)
[2025-11-17 20:57:56][INFO][Rank 0] - val Epoch 2/24: 59.9% (240/401)
[2025-11-17 20:58:01][INFO][Rank 0] - val Epoch 2/24: 62.3% (250/401)
[2025-11-17 20:58:06][INFO][Rank 0] - val Epoch 2/24: 64.8% (260/401)
[2025-11-17 20:58:11][INFO][Rank 0] - val Epoch 2/24: 67.3% (270/401)
[2025-11-17 20:58:11][INFO][Rank 0] - CUDA Memory [val][Step 270]: Device 0: Allocated: 3309.6 MB, Reserved: 117540.0 MB (Δ: +1687.0 MB)
[2025-11-17 20:58:16][INFO][Rank 0] - val Epoch 2/24: 69.8% (280/401)
[2025-11-17 20:58:21][INFO][Rank 0] - val Epoch 2/24: 72.3% (290/401)
[2025-11-17 20:58:26][INFO][Rank 0] - val Epoch 2/24: 74.8% (300/401)
[2025-11-17 20:58:31][INFO][Rank 0] - val Epoch 2/24: 77.3% (310/401)
[2025-11-17 20:58:36][INFO][Rank 0] - val Epoch 2/24: 79.8% (320/401)
[2025-11-17 20:58:41][INFO][Rank 0] - val Epoch 2/24: 82.3% (330/401)
[2025-11-17 20:58:46][INFO][Rank 0] - val Epoch 2/24: 84.8% (340/401)
[2025-11-17 20:58:51][INFO][Rank 0] - val Epoch 2/24: 87.3% (350/401)
[2025-11-17 20:58:56][INFO][Rank 0] - val Epoch 2/24: 89.8% (360/401)
[2025-11-17 20:59:01][INFO][Rank 0] - val Epoch 2/24: 92.3% (370/401)
[2025-11-17 20:59:06][INFO][Rank 0] - val Epoch 2/24: 94.8% (380/401)
[2025-11-17 20:59:11][INFO][Rank 0] - val Epoch 2/24: 97.3% (390/401)
[2025-11-17 20:59:16][INFO][Rank 0] - val Epoch 2/24: 99.8% (400/401)
[2025-11-17 20:59:16][INFO][Rank 0] - val Loss: 0.1808 Acc: 0.9768 F1: 0.9882
[2025-11-17 20:59:16][INFO][Rank 0] - val Balanced Acc: 0.6795 AUC-ROC: 0.9733
[2025-11-17 20:59:16][INFO][Rank 0] - val Sensitivity: 0.9926 Specificity: 0.3663
[2025-11-17 20:59:16][INFO][Rank 0] - val Confusion Matrix: TP=3880, FP=64, FN=29, TN=37
[2025-11-17 20:59:16][INFO][Rank 0] - val completed in 200.65s
[2025-11-17 20:59:16][INFO][Rank 0] - val cache: 0/1 items, hit rate: 0.00%
[2025-11-17 20:59:21][INFO][Rank 0] - Saved new best balanced_acc model with balanced_acc: 0.6795 at /projects/retprogression/rgarridogarcia/checkpoints/cropped1024_cropped_centered_wt_allR_5/best_balanced_acc_model.pth
[2025-11-17 20:59:26][INFO][Rank 0] - Also saved as general best model at /projects/retprogression/rgarridogarcia/checkpoints/cropped1024_cropped_centered_wt_allR_5/best_model.pth
[2025-11-17 20:59:30][INFO][Rank 0] - Saved new best auc model with auc: 0.9733 at /projects/retprogression/rgarridogarcia/checkpoints/cropped1024_cropped_centered_wt_allR_5/best_auc_model.pth
[2025-11-17 20:59:34][INFO][Rank 0] - Saved epoch checkpoint at /projects/retprogression/rgarridogarcia/checkpoints/cropped1024_cropped_centered_wt_allR_5/epoch_2.pth
[2025-11-17 20:59:34][INFO][Rank 0] - Epoch 2 summary:
[2025-11-17 20:59:34][INFO][Rank 0] -  Train Loss: 0.2899, Train Acc: 0.9791, Train F1: 0.9893
[2025-11-17 20:59:34][INFO][Rank 0] -  Train Balanced Acc: 0.6825, Train AUC: 0.9385
[2025-11-17 20:59:34][INFO][Rank 0] -  Train Sensitivity: 0.9954, Train Specificity: 0.3696
[2025-11-17 20:59:34][INFO][Rank 0] -  Val Loss: 0.1808, Val Acc: 0.9768, Val F1: 0.9882
[2025-11-17 20:59:34][INFO][Rank 0] -  Val Balanced Acc: 0.6795, Val AUC: 0.9733
[2025-11-17 20:59:34][INFO][Rank 0] -  Val Sensitivity: 0.9926, Val Specificity: 0.3663
[2025-11-17 20:59:34][INFO][Rank 0] -  Total Epoch Time: 1595.53s
[2025-11-17 20:59:34][INFO][Rank 0] - Epoch 3/24
[2025-11-17 20:59:34][INFO][Rank 0] - ----------
[2025-11-17 20:59:34][INFO][Rank 0] - CUDA Memory [train][Step 0]: Device 0: Allocated: 3309.6 MB, Reserved: 117540.0 MB (Δ: +1687.0 MB)
[2025-11-17 20:59:34][INFO][Rank 0] - train phase: total 1946 batches
[2025-11-17 20:59:35][INFO][Rank 0] - train Epoch 3/24: 0.0% (0/1946)
[2025-11-17 20:59:42][INFO][Rank 0] - train Epoch 3/24: 0.5% (10/1946)
[2025-11-17 20:59:49][INFO][Rank 0] - train Epoch 3/24: 1.0% (20/1946)
[2025-11-17 20:59:56][INFO][Rank 0] - train Epoch 3/24: 1.5% (30/1946)
[2025-11-17 21:00:03][INFO][Rank 0] - train Epoch 3/24: 2.1% (40/1946)
[2025-11-17 21:00:10][INFO][Rank 0] - train Epoch 3/24: 2.6% (50/1946)
[2025-11-17 21:00:17][INFO][Rank 0] - train Epoch 3/24: 3.1% (60/1946)
[2025-11-17 21:00:24][INFO][Rank 0] - train Epoch 3/24: 3.6% (70/1946)
[2025-11-17 21:00:32][INFO][Rank 0] - train Epoch 3/24: 4.1% (80/1946)
[2025-11-17 21:00:39][INFO][Rank 0] - train Epoch 3/24: 4.6% (90/1946)
[2025-11-17 21:00:39][INFO][Rank 0] - CUDA Memory [train][Step 90]: Device 0: Allocated: 3309.6 MB, Reserved: 117540.0 MB (Δ: +1687.0 MB)
[2025-11-17 21:00:46][INFO][Rank 0] - train Epoch 3/24: 5.1% (100/1946)
[2025-11-17 21:00:53][INFO][Rank 0] - train Epoch 3/24: 5.7% (110/1946)
[2025-11-17 21:01:00][INFO][Rank 0] - train Epoch 3/24: 6.2% (120/1946)
[2025-11-17 21:01:07][INFO][Rank 0] - train Epoch 3/24: 6.7% (130/1946)
[2025-11-17 21:01:14][INFO][Rank 0] - train Epoch 3/24: 7.2% (140/1946)
[2025-11-17 21:01:21][INFO][Rank 0] - train Epoch 3/24: 7.7% (150/1946)
[2025-11-17 21:01:28][INFO][Rank 0] - train Epoch 3/24: 8.2% (160/1946)
[2025-11-17 21:01:35][INFO][Rank 0] - train Epoch 3/24: 8.7% (170/1946)
[2025-11-17 21:01:42][INFO][Rank 0] - train Epoch 3/24: 9.2% (180/1946)
[2025-11-17 21:01:43][INFO][Rank 0] - CUDA Memory [train][Step 180]: Device 0: Allocated: 3309.6 MB, Reserved: 117540.0 MB (Δ: +1687.0 MB)
[2025-11-17 21:01:49][INFO][Rank 0] - train Epoch 3/24: 9.8% (190/1946)
[2025-11-17 21:01:56][INFO][Rank 0] - train Epoch 3/24: 10.3% (200/1946)
[2025-11-17 21:02:03][INFO][Rank 0] - train Epoch 3/24: 10.8% (210/1946)
[2025-11-17 21:02:11][INFO][Rank 0] - train Epoch 3/24: 11.3% (220/1946)
[2025-11-17 21:02:18][INFO][Rank 0] - train Epoch 3/24: 11.8% (230/1946)
[2025-11-17 21:02:25][INFO][Rank 0] - train Epoch 3/24: 12.3% (240/1946)
[2025-11-17 21:02:32][INFO][Rank 0] - train Epoch 3/24: 12.8% (250/1946)
[2025-11-17 21:02:39][INFO][Rank 0] - train Epoch 3/24: 13.4% (260/1946)
[2025-11-17 21:02:46][INFO][Rank 0] - train Epoch 3/24: 13.9% (270/1946)
[2025-11-17 21:02:47][INFO][Rank 0] - CUDA Memory [train][Step 270]: Device 0: Allocated: 3309.6 MB, Reserved: 117540.0 MB (Δ: +1687.0 MB)
[2025-11-17 21:02:53][INFO][Rank 0] - train Epoch 3/24: 14.4% (280/1946)
[2025-11-17 21:03:00][INFO][Rank 0] - train Epoch 3/24: 14.9% (290/1946)
[2025-11-17 21:03:07][INFO][Rank 0] - train Epoch 3/24: 15.4% (300/1946)
[2025-11-17 21:03:14][INFO][Rank 0] - train Epoch 3/24: 15.9% (310/1946)
[2025-11-17 21:03:21][INFO][Rank 0] - train Epoch 3/24: 16.4% (320/1946)
[2025-11-17 21:03:28][INFO][Rank 0] - train Epoch 3/24: 17.0% (330/1946)
[2025-11-17 21:03:35][INFO][Rank 0] - train Epoch 3/24: 17.5% (340/1946)
[2025-11-17 21:03:42][INFO][Rank 0] - train Epoch 3/24: 18.0% (350/1946)
[2025-11-17 21:03:49][INFO][Rank 0] - train Epoch 3/24: 18.5% (360/1946)
[2025-11-17 21:03:50][INFO][Rank 0] - CUDA Memory [train][Step 360]: Device 0: Allocated: 3309.6 MB, Reserved: 117540.0 MB (Δ: +1687.0 MB)
[2025-11-17 21:03:57][INFO][Rank 0] - train Epoch 3/24: 19.0% (370/1946)
[2025-11-17 21:04:04][INFO][Rank 0] - train Epoch 3/24: 19.5% (380/1946)
[2025-11-17 21:04:11][INFO][Rank 0] - train Epoch 3/24: 20.0% (390/1946)
[2025-11-17 21:04:18][INFO][Rank 0] - train Epoch 3/24: 20.6% (400/1946)
[2025-11-17 21:04:25][INFO][Rank 0] - train Epoch 3/24: 21.1% (410/1946)
[2025-11-17 21:04:32][INFO][Rank 0] - train Epoch 3/24: 21.6% (420/1946)
[2025-11-17 21:04:39][INFO][Rank 0] - train Epoch 3/24: 22.1% (430/1946)
[2025-11-17 21:04:46][INFO][Rank 0] - train Epoch 3/24: 22.6% (440/1946)
[2025-11-17 21:04:53][INFO][Rank 0] - train Epoch 3/24: 23.1% (450/1946)
[2025-11-17 21:04:54][INFO][Rank 0] - CUDA Memory [train][Step 450]: Device 0: Allocated: 3309.6 MB, Reserved: 117540.0 MB (Δ: +1687.0 MB)
[2025-11-17 21:05:00][INFO][Rank 0] - train Epoch 3/24: 23.6% (460/1946)
[2025-11-17 21:05:07][INFO][Rank 0] - train Epoch 3/24: 24.2% (470/1946)
[2025-11-17 21:05:14][INFO][Rank 0] - train Epoch 3/24: 24.7% (480/1946)
[2025-11-17 21:05:21][INFO][Rank 0] - train Epoch 3/24: 25.2% (490/1946)
[2025-11-17 21:05:28][INFO][Rank 0] - train Epoch 3/24: 25.7% (500/1946)
[2025-11-17 21:05:36][INFO][Rank 0] - train Epoch 3/24: 26.2% (510/1946)
[2025-11-17 21:05:43][INFO][Rank 0] - train Epoch 3/24: 26.7% (520/1946)
[2025-11-17 21:05:50][INFO][Rank 0] - train Epoch 3/24: 27.2% (530/1946)
[2025-11-17 21:05:57][INFO][Rank 0] - train Epoch 3/24: 27.7% (540/1946)
[2025-11-17 21:05:57][INFO][Rank 0] - CUDA Memory [train][Step 540]: Device 0: Allocated: 3309.6 MB, Reserved: 117540.0 MB (Δ: +1687.0 MB)
[2025-11-17 21:06:04][INFO][Rank 0] - train Epoch 3/24: 28.3% (550/1946)
[2025-11-17 21:06:11][INFO][Rank 0] - train Epoch 3/24: 28.8% (560/1946)
[2025-11-17 21:06:18][INFO][Rank 0] - train Epoch 3/24: 29.3% (570/1946)
[2025-11-17 21:06:25][INFO][Rank 0] - train Epoch 3/24: 29.8% (580/1946)
[2025-11-17 21:06:32][INFO][Rank 0] - train Epoch 3/24: 30.3% (590/1946)
[2025-11-17 21:06:39][INFO][Rank 0] - train Epoch 3/24: 30.8% (600/1946)
[2025-11-17 21:06:46][INFO][Rank 0] - train Epoch 3/24: 31.3% (610/1946)
[2025-11-17 21:06:53][INFO][Rank 0] - train Epoch 3/24: 31.9% (620/1946)
[2025-11-17 21:07:00][INFO][Rank 0] - train Epoch 3/24: 32.4% (630/1946)
[2025-11-17 21:07:01][INFO][Rank 0] - CUDA Memory [train][Step 630]: Device 0: Allocated: 3309.6 MB, Reserved: 117540.0 MB (Δ: +1687.0 MB)
[2025-11-17 21:07:07][INFO][Rank 0] - train Epoch 3/24: 32.9% (640/1946)
[2025-11-17 21:07:15][INFO][Rank 0] - train Epoch 3/24: 33.4% (650/1946)
[2025-11-17 21:07:22][INFO][Rank 0] - train Epoch 3/24: 33.9% (660/1946)
[2025-11-17 21:07:29][INFO][Rank 0] - train Epoch 3/24: 34.4% (670/1946)
[2025-11-17 21:07:36][INFO][Rank 0] - train Epoch 3/24: 34.9% (680/1946)
[2025-11-17 21:07:43][INFO][Rank 0] - train Epoch 3/24: 35.5% (690/1946)
[2025-11-17 21:07:50][INFO][Rank 0] - train Epoch 3/24: 36.0% (700/1946)
[2025-11-17 21:07:57][INFO][Rank 0] - train Epoch 3/24: 36.5% (710/1946)
[2025-11-17 21:08:04][INFO][Rank 0] - train Epoch 3/24: 37.0% (720/1946)
[2025-11-17 21:08:05][INFO][Rank 0] - CUDA Memory [train][Step 720]: Device 0: Allocated: 3309.6 MB, Reserved: 117540.0 MB (Δ: +1687.0 MB)
[2025-11-17 21:08:11][INFO][Rank 0] - train Epoch 3/24: 37.5% (730/1946)
[2025-11-17 21:08:18][INFO][Rank 0] - train Epoch 3/24: 38.0% (740/1946)
[2025-11-17 21:08:25][INFO][Rank 0] - train Epoch 3/24: 38.5% (750/1946)
[2025-11-17 21:08:32][INFO][Rank 0] - train Epoch 3/24: 39.1% (760/1946)
[2025-11-17 21:08:39][INFO][Rank 0] - train Epoch 3/24: 39.6% (770/1946)
[2025-11-17 21:08:46][INFO][Rank 0] - train Epoch 3/24: 40.1% (780/1946)
[2025-11-17 21:08:54][INFO][Rank 0] - train Epoch 3/24: 40.6% (790/1946)
[2025-11-17 21:09:01][INFO][Rank 0] - train Epoch 3/24: 41.1% (800/1946)
[2025-11-17 21:09:08][INFO][Rank 0] - train Epoch 3/24: 41.6% (810/1946)
[2025-11-17 21:09:08][INFO][Rank 0] - CUDA Memory [train][Step 810]: Device 0: Allocated: 3309.6 MB, Reserved: 117540.0 MB (Δ: +1687.0 MB)
[2025-11-17 21:09:15][INFO][Rank 0] - train Epoch 3/24: 42.1% (820/1946)
[2025-11-17 21:09:22][INFO][Rank 0] - train Epoch 3/24: 42.7% (830/1946)
[2025-11-17 21:09:29][INFO][Rank 0] - train Epoch 3/24: 43.2% (840/1946)
[2025-11-17 21:09:36][INFO][Rank 0] - train Epoch 3/24: 43.7% (850/1946)
[2025-11-17 21:09:43][INFO][Rank 0] - train Epoch 3/24: 44.2% (860/1946)
[2025-11-17 21:09:50][INFO][Rank 0] - train Epoch 3/24: 44.7% (870/1946)
[2025-11-17 21:09:57][INFO][Rank 0] - train Epoch 3/24: 45.2% (880/1946)
[2025-11-17 21:10:04][INFO][Rank 0] - train Epoch 3/24: 45.7% (890/1946)
[2025-11-17 21:10:11][INFO][Rank 0] - train Epoch 3/24: 46.2% (900/1946)
[2025-11-17 21:10:12][INFO][Rank 0] - CUDA Memory [train][Step 900]: Device 0: Allocated: 3309.6 MB, Reserved: 117540.0 MB (Δ: +1687.0 MB)
[2025-11-17 21:10:18][INFO][Rank 0] - train Epoch 3/24: 46.8% (910/1946)
[2025-11-17 21:10:25][INFO][Rank 0] - train Epoch 3/24: 47.3% (920/1946)
[2025-11-17 21:10:33][INFO][Rank 0] - train Epoch 3/24: 47.8% (930/1946)
[2025-11-17 21:10:40][INFO][Rank 0] - train Epoch 3/24: 48.3% (940/1946)
[2025-11-17 21:10:47][INFO][Rank 0] - train Epoch 3/24: 48.8% (950/1946)
[2025-11-17 21:10:54][INFO][Rank 0] - train Epoch 3/24: 49.3% (960/1946)
[2025-11-17 21:11:01][INFO][Rank 0] - train Epoch 3/24: 49.8% (970/1946)
[2025-11-17 21:11:08][INFO][Rank 0] - train Epoch 3/24: 50.4% (980/1946)
[2025-11-17 21:11:15][INFO][Rank 0] - train Epoch 3/24: 50.9% (990/1946)
[2025-11-17 21:11:16][INFO][Rank 0] - CUDA Memory [train][Step 990]: Device 0: Allocated: 3309.6 MB, Reserved: 117540.0 MB (Δ: +1687.0 MB)
[2025-11-17 21:11:22][INFO][Rank 0] - train Epoch 3/24: 51.4% (1000/1946)
[2025-11-17 21:11:29][INFO][Rank 0] - train Epoch 3/24: 51.9% (1010/1946)
[2025-11-17 21:11:36][INFO][Rank 0] - train Epoch 3/24: 52.4% (1020/1946)
[2025-11-17 21:11:43][INFO][Rank 0] - train Epoch 3/24: 52.9% (1030/1946)
[2025-11-17 21:11:50][INFO][Rank 0] - train Epoch 3/24: 53.4% (1040/1946)
[2025-11-17 21:11:57][INFO][Rank 0] - train Epoch 3/24: 54.0% (1050/1946)
[2025-11-17 21:12:04][INFO][Rank 0] - train Epoch 3/24: 54.5% (1060/1946)
[2025-11-17 21:12:11][INFO][Rank 0] - train Epoch 3/24: 55.0% (1070/1946)
[2025-11-17 21:12:19][INFO][Rank 0] - train Epoch 3/24: 55.5% (1080/1946)
[2025-11-17 21:12:19][INFO][Rank 0] - CUDA Memory [train][Step 1080]: Device 0: Allocated: 3309.6 MB, Reserved: 117540.0 MB (Δ: +1687.0 MB)
[2025-11-17 21:12:26][INFO][Rank 0] - train Epoch 3/24: 56.0% (1090/1946)
[2025-11-17 21:12:33][INFO][Rank 0] - train Epoch 3/24: 56.5% (1100/1946)
[2025-11-17 21:12:40][INFO][Rank 0] - train Epoch 3/24: 57.0% (1110/1946)
[2025-11-17 21:12:47][INFO][Rank 0] - train Epoch 3/24: 57.6% (1120/1946)
[2025-11-17 21:12:54][INFO][Rank 0] - train Epoch 3/24: 58.1% (1130/1946)
[2025-11-17 21:13:01][INFO][Rank 0] - train Epoch 3/24: 58.6% (1140/1946)
[2025-11-17 21:13:08][INFO][Rank 0] - train Epoch 3/24: 59.1% (1150/1946)
[2025-11-17 21:13:15][INFO][Rank 0] - train Epoch 3/24: 59.6% (1160/1946)
[2025-11-17 21:13:22][INFO][Rank 0] - train Epoch 3/24: 60.1% (1170/1946)
[2025-11-17 21:13:23][INFO][Rank 0] - CUDA Memory [train][Step 1170]: Device 0: Allocated: 3309.6 MB, Reserved: 117540.0 MB (Δ: +1687.0 MB)
[2025-11-17 21:13:29][INFO][Rank 0] - train Epoch 3/24: 60.6% (1180/1946)
[2025-11-17 21:13:36][INFO][Rank 0] - train Epoch 3/24: 61.2% (1190/1946)
[2025-11-17 21:13:43][INFO][Rank 0] - train Epoch 3/24: 61.7% (1200/1946)
[2025-11-17 21:13:50][INFO][Rank 0] - train Epoch 3/24: 62.2% (1210/1946)
[2025-11-17 21:13:58][INFO][Rank 0] - train Epoch 3/24: 62.7% (1220/1946)
[2025-11-17 21:14:05][INFO][Rank 0] - train Epoch 3/24: 63.2% (1230/1946)
[2025-11-17 21:14:12][INFO][Rank 0] - train Epoch 3/24: 63.7% (1240/1946)
[2025-11-17 21:14:19][INFO][Rank 0] - train Epoch 3/24: 64.2% (1250/1946)
[2025-11-17 21:14:26][INFO][Rank 0] - train Epoch 3/24: 64.7% (1260/1946)
[2025-11-17 21:14:27][INFO][Rank 0] - CUDA Memory [train][Step 1260]: Device 0: Allocated: 3309.6 MB, Reserved: 117540.0 MB (Δ: +1687.0 MB)
[2025-11-17 21:14:33][INFO][Rank 0] - train Epoch 3/24: 65.3% (1270/1946)
[2025-11-17 21:14:40][INFO][Rank 0] - train Epoch 3/24: 65.8% (1280/1946)
[2025-11-17 21:14:47][INFO][Rank 0] - train Epoch 3/24: 66.3% (1290/1946)
[2025-11-17 21:14:54][INFO][Rank 0] - train Epoch 3/24: 66.8% (1300/1946)
[2025-11-17 21:15:01][INFO][Rank 0] - train Epoch 3/24: 67.3% (1310/1946)
[2025-11-17 21:15:08][INFO][Rank 0] - train Epoch 3/24: 67.8% (1320/1946)
[2025-11-17 21:15:15][INFO][Rank 0] - train Epoch 3/24: 68.3% (1330/1946)
[2025-11-17 21:15:22][INFO][Rank 0] - train Epoch 3/24: 68.9% (1340/1946)
[2025-11-17 21:15:29][INFO][Rank 0] - train Epoch 3/24: 69.4% (1350/1946)
[2025-11-17 21:15:30][INFO][Rank 0] - CUDA Memory [train][Step 1350]: Device 0: Allocated: 3309.6 MB, Reserved: 117540.0 MB (Δ: +1687.0 MB)
[2025-11-17 21:15:37][INFO][Rank 0] - train Epoch 3/24: 69.9% (1360/1946)
[2025-11-17 21:15:44][INFO][Rank 0] - train Epoch 3/24: 70.4% (1370/1946)
[2025-11-17 21:15:51][INFO][Rank 0] - train Epoch 3/24: 70.9% (1380/1946)
[2025-11-17 21:15:58][INFO][Rank 0] - train Epoch 3/24: 71.4% (1390/1946)
[2025-11-17 21:16:05][INFO][Rank 0] - train Epoch 3/24: 71.9% (1400/1946)
[2025-11-17 21:16:12][INFO][Rank 0] - train Epoch 3/24: 72.5% (1410/1946)
[2025-11-17 21:16:19][INFO][Rank 0] - train Epoch 3/24: 73.0% (1420/1946)
[2025-11-17 21:16:26][INFO][Rank 0] - train Epoch 3/24: 73.5% (1430/1946)
[2025-11-17 21:16:33][INFO][Rank 0] - train Epoch 3/24: 74.0% (1440/1946)
[2025-11-17 21:16:34][INFO][Rank 0] - CUDA Memory [train][Step 1440]: Device 0: Allocated: 3309.6 MB, Reserved: 117540.0 MB (Δ: +1687.0 MB)
[2025-11-17 21:16:40][INFO][Rank 0] - train Epoch 3/24: 74.5% (1450/1946)
[2025-11-17 21:16:47][INFO][Rank 0] - train Epoch 3/24: 75.0% (1460/1946)
[2025-11-17 21:16:54][INFO][Rank 0] - train Epoch 3/24: 75.5% (1470/1946)
[2025-11-17 21:17:01][INFO][Rank 0] - train Epoch 3/24: 76.1% (1480/1946)
[2025-11-17 21:17:08][INFO][Rank 0] - train Epoch 3/24: 76.6% (1490/1946)
[2025-11-17 21:17:16][INFO][Rank 0] - train Epoch 3/24: 77.1% (1500/1946)
[2025-11-17 21:17:23][INFO][Rank 0] - train Epoch 3/24: 77.6% (1510/1946)
[2025-11-17 21:17:30][INFO][Rank 0] - train Epoch 3/24: 78.1% (1520/1946)
[2025-11-17 21:17:37][INFO][Rank 0] - train Epoch 3/24: 78.6% (1530/1946)
[2025-11-17 21:17:37][INFO][Rank 0] - CUDA Memory [train][Step 1530]: Device 0: Allocated: 3309.6 MB, Reserved: 117540.0 MB (Δ: +1687.0 MB)
[2025-11-17 21:17:44][INFO][Rank 0] - train Epoch 3/24: 79.1% (1540/1946)
[2025-11-17 21:17:51][INFO][Rank 0] - train Epoch 3/24: 79.7% (1550/1946)
[2025-11-17 21:17:58][INFO][Rank 0] - train Epoch 3/24: 80.2% (1560/1946)
[2025-11-17 21:18:05][INFO][Rank 0] - train Epoch 3/24: 80.7% (1570/1946)
[2025-11-17 21:18:12][INFO][Rank 0] - train Epoch 3/24: 81.2% (1580/1946)
[2025-11-17 21:18:19][INFO][Rank 0] - train Epoch 3/24: 81.7% (1590/1946)
[2025-11-17 21:18:26][INFO][Rank 0] - train Epoch 3/24: 82.2% (1600/1946)
[2025-11-17 21:18:33][INFO][Rank 0] - train Epoch 3/24: 82.7% (1610/1946)
[2025-11-17 21:18:40][INFO][Rank 0] - train Epoch 3/24: 83.2% (1620/1946)
[2025-11-17 21:18:41][INFO][Rank 0] - CUDA Memory [train][Step 1620]: Device 0: Allocated: 3309.6 MB, Reserved: 117540.0 MB (Δ: +1687.0 MB)
[2025-11-17 21:18:47][INFO][Rank 0] - train Epoch 3/24: 83.8% (1630/1946)
[2025-11-17 21:18:54][INFO][Rank 0] - train Epoch 3/24: 84.3% (1640/1946)
[2025-11-17 21:19:02][INFO][Rank 0] - train Epoch 3/24: 84.8% (1650/1946)
[2025-11-17 21:19:09][INFO][Rank 0] - train Epoch 3/24: 85.3% (1660/1946)
[2025-11-17 21:19:16][INFO][Rank 0] - train Epoch 3/24: 85.8% (1670/1946)
[2025-11-17 21:19:23][INFO][Rank 0] - train Epoch 3/24: 86.3% (1680/1946)
[2025-11-17 21:19:30][INFO][Rank 0] - train Epoch 3/24: 86.8% (1690/1946)
[2025-11-17 21:19:37][INFO][Rank 0] - train Epoch 3/24: 87.4% (1700/1946)
[2025-11-17 21:19:44][INFO][Rank 0] - train Epoch 3/24: 87.9% (1710/1946)
[2025-11-17 21:19:45][INFO][Rank 0] - CUDA Memory [train][Step 1710]: Device 0: Allocated: 3309.6 MB, Reserved: 117540.0 MB (Δ: +1687.0 MB)
[2025-11-17 21:19:51][INFO][Rank 0] - train Epoch 3/24: 88.4% (1720/1946)
[2025-11-17 21:19:58][INFO][Rank 0] - train Epoch 3/24: 88.9% (1730/1946)
[2025-11-17 21:20:05][INFO][Rank 0] - train Epoch 3/24: 89.4% (1740/1946)
[2025-11-17 21:20:12][INFO][Rank 0] - train Epoch 3/24: 89.9% (1750/1946)
[2025-11-17 21:20:19][INFO][Rank 0] - train Epoch 3/24: 90.4% (1760/1946)
[2025-11-17 21:20:26][INFO][Rank 0] - train Epoch 3/24: 91.0% (1770/1946)
[2025-11-17 21:20:33][INFO][Rank 0] - train Epoch 3/24: 91.5% (1780/1946)
[2025-11-17 21:20:41][INFO][Rank 0] - train Epoch 3/24: 92.0% (1790/1946)
[2025-11-17 21:20:48][INFO][Rank 0] - train Epoch 3/24: 92.5% (1800/1946)
[2025-11-17 21:20:48][INFO][Rank 0] - CUDA Memory [train][Step 1800]: Device 0: Allocated: 3309.6 MB, Reserved: 117540.0 MB (Δ: +1687.0 MB)
[2025-11-17 21:20:55][INFO][Rank 0] - train Epoch 3/24: 93.0% (1810/1946)
[2025-11-17 21:21:02][INFO][Rank 0] - train Epoch 3/24: 93.5% (1820/1946)
[2025-11-17 21:21:09][INFO][Rank 0] - train Epoch 3/24: 94.0% (1830/1946)
[2025-11-17 21:21:16][INFO][Rank 0] - train Epoch 3/24: 94.6% (1840/1946)
[2025-11-17 21:21:23][INFO][Rank 0] - train Epoch 3/24: 95.1% (1850/1946)
[2025-11-17 21:21:30][INFO][Rank 0] - train Epoch 3/24: 95.6% (1860/1946)
[2025-11-17 21:21:37][INFO][Rank 0] - train Epoch 3/24: 96.1% (1870/1946)
[2025-11-17 21:21:44][INFO][Rank 0] - train Epoch 3/24: 96.6% (1880/1946)
[2025-11-17 21:21:51][INFO][Rank 0] - train Epoch 3/24: 97.1% (1890/1946)
[2025-11-17 21:21:52][INFO][Rank 0] - CUDA Memory [train][Step 1890]: Device 0: Allocated: 3309.6 MB, Reserved: 117540.0 MB (Δ: +1687.0 MB)
[2025-11-17 21:21:58][INFO][Rank 0] - train Epoch 3/24: 97.6% (1900/1946)
[2025-11-17 21:22:05][INFO][Rank 0] - train Epoch 3/24: 98.2% (1910/1946)
[2025-11-17 21:22:12][INFO][Rank 0] - train Epoch 3/24: 98.7% (1920/1946)
[2025-11-17 21:22:20][INFO][Rank 0] - train Epoch 3/24: 99.2% (1930/1946)
[2025-11-17 21:22:27][INFO][Rank 0] - train Epoch 3/24: 99.7% (1940/1946)
[2025-11-17 21:22:30][INFO][Rank 0] - train Epoch 3/24: 99.9% (1945/1946)
[2025-11-17 21:22:31][INFO][Rank 0] - train Loss: 0.2409 Acc: 0.9780 F1: 0.9887
[2025-11-17 21:22:31][INFO][Rank 0] - train Balanced Acc: 0.7839 AUC-ROC: 0.9507
[2025-11-17 21:22:31][INFO][Rank 0] - train Sensitivity: 0.9887 Specificity: 0.5791
[2025-11-17 21:22:31][INFO][Rank 0] - train Confusion Matrix: TP=18739, FP=213, FN=215, TN=293
[2025-11-17 21:22:31][INFO][Rank 0] - train completed in 1376.37s
[2025-11-17 21:22:31][INFO][Rank 0] - Data loading time: 1.37s, Forward time: 280.09s, Backward time: 746.12s
[2025-11-17 21:22:31][INFO][Rank 0] - train cache: 0/1 items, hit rate: 0.00%
[2025-11-17 21:22:31][INFO][Rank 0] - CUDA Memory [val][Step 0]: Device 0: Allocated: 3309.6 MB, Reserved: 117540.0 MB (Δ: +1687.0 MB)
[2025-11-17 21:22:31][INFO][Rank 0] - val phase: total 401 batches
[2025-11-17 21:22:31][INFO][Rank 0] - val Epoch 3/24: 0.0% (0/401)
[2025-11-17 21:22:36][INFO][Rank 0] - val Epoch 3/24: 2.5% (10/401)
[2025-11-17 21:22:41][INFO][Rank 0] - val Epoch 3/24: 5.0% (20/401)
[2025-11-17 21:22:46][INFO][Rank 0] - val Epoch 3/24: 7.5% (30/401)
[2025-11-17 21:22:51][INFO][Rank 0] - val Epoch 3/24: 10.0% (40/401)
[2025-11-17 21:22:56][INFO][Rank 0] - val Epoch 3/24: 12.5% (50/401)
[2025-11-17 21:23:01][INFO][Rank 0] - val Epoch 3/24: 15.0% (60/401)
[2025-11-17 21:23:06][INFO][Rank 0] - val Epoch 3/24: 17.5% (70/401)
[2025-11-17 21:23:11][INFO][Rank 0] - val Epoch 3/24: 20.0% (80/401)
[2025-11-17 21:23:16][INFO][Rank 0] - val Epoch 3/24: 22.4% (90/401)
[2025-11-17 21:23:21][INFO][Rank 0] - val Epoch 3/24: 24.9% (100/401)
[2025-11-17 21:23:26][INFO][Rank 0] - val Epoch 3/24: 27.4% (110/401)
[2025-11-17 21:23:31][INFO][Rank 0] - val Epoch 3/24: 29.9% (120/401)
[2025-11-17 21:23:31][INFO][Rank 0] - CUDA Memory [val][Step 120]: Device 0: Allocated: 3309.6 MB, Reserved: 117540.0 MB (Δ: +1687.0 MB)
[2025-11-17 21:23:36][INFO][Rank 0] - val Epoch 3/24: 32.4% (130/401)
[2025-11-17 21:23:41][INFO][Rank 0] - val Epoch 3/24: 34.9% (140/401)
[2025-11-17 21:23:46][INFO][Rank 0] - val Epoch 3/24: 37.4% (150/401)
[2025-11-17 21:23:51][INFO][Rank 0] - val Epoch 3/24: 39.9% (160/401)
[2025-11-17 21:23:56][INFO][Rank 0] - val Epoch 3/24: 42.4% (170/401)
[2025-11-17 21:24:01][INFO][Rank 0] - val Epoch 3/24: 44.9% (180/401)
[2025-11-17 21:24:06][INFO][Rank 0] - val Epoch 3/24: 47.4% (190/401)
[2025-11-17 21:24:11][INFO][Rank 0] - val Epoch 3/24: 49.9% (200/401)
[2025-11-17 21:24:16][INFO][Rank 0] - val Epoch 3/24: 52.4% (210/401)
[2025-11-17 21:24:21][INFO][Rank 0] - val Epoch 3/24: 54.9% (220/401)
[2025-11-17 21:24:26][INFO][Rank 0] - val Epoch 3/24: 57.4% (230/401)
[2025-11-17 21:24:31][INFO][Rank 0] - val Epoch 3/24: 59.9% (240/401)
[2025-11-17 21:24:31][INFO][Rank 0] - CUDA Memory [val][Step 240]: Device 0: Allocated: 3309.6 MB, Reserved: 117540.0 MB (Δ: +1687.0 MB)
[2025-11-17 21:24:36][INFO][Rank 0] - val Epoch 3/24: 62.3% (250/401)
[2025-11-17 21:24:41][INFO][Rank 0] - val Epoch 3/24: 64.8% (260/401)
[2025-11-17 21:24:46][INFO][Rank 0] - val Epoch 3/24: 67.3% (270/401)
[2025-11-17 21:24:51][INFO][Rank 0] - val Epoch 3/24: 69.8% (280/401)
[2025-11-17 21:24:56][INFO][Rank 0] - val Epoch 3/24: 72.3% (290/401)
[2025-11-17 21:25:01][INFO][Rank 0] - val Epoch 3/24: 74.8% (300/401)
[2025-11-17 21:25:06][INFO][Rank 0] - val Epoch 3/24: 77.3% (310/401)
[2025-11-17 21:25:11][INFO][Rank 0] - val Epoch 3/24: 79.8% (320/401)
[2025-11-17 21:25:16][INFO][Rank 0] - val Epoch 3/24: 82.3% (330/401)
[2025-11-17 21:25:21][INFO][Rank 0] - val Epoch 3/24: 84.8% (340/401)
[2025-11-17 21:25:26][INFO][Rank 0] - val Epoch 3/24: 87.3% (350/401)
[2025-11-17 21:25:31][INFO][Rank 0] - val Epoch 3/24: 89.8% (360/401)
[2025-11-17 21:25:36][INFO][Rank 0] - val Epoch 3/24: 92.3% (370/401)
[2025-11-17 21:25:41][INFO][Rank 0] - val Epoch 3/24: 94.8% (380/401)
[2025-11-17 21:25:46][INFO][Rank 0] - val Epoch 3/24: 97.3% (390/401)
[2025-11-17 21:25:46][INFO][Rank 0] - CUDA Memory [val][Step 390]: Device 0: Allocated: 3309.6 MB, Reserved: 117540.0 MB (Δ: +1687.0 MB)
[2025-11-17 21:25:51][INFO][Rank 0] - val Epoch 3/24: 99.8% (400/401)
[2025-11-17 21:25:51][INFO][Rank 0] - val Loss: 0.1497 Acc: 0.9761 F1: 0.9877
[2025-11-17 21:25:51][INFO][Rank 0] - val Balanced Acc: 0.7562 AUC-ROC: 0.9765
[2025-11-17 21:25:51][INFO][Rank 0] - val Sensitivity: 0.9877 Specificity: 0.5248
[2025-11-17 21:25:51][INFO][Rank 0] - val Confusion Matrix: TP=3861, FP=48, FN=48, TN=53
[2025-11-17 21:25:51][INFO][Rank 0] - val completed in 200.52s
[2025-11-17 21:25:51][INFO][Rank 0] - val cache: 0/1 items, hit rate: 0.00%
[2025-11-17 21:25:56][INFO][Rank 0] - Saved new best balanced_acc model with balanced_acc: 0.7562 at /projects/retprogression/rgarridogarcia/checkpoints/cropped1024_cropped_centered_wt_allR_5/best_balanced_acc_model.pth
[2025-11-17 21:26:00][INFO][Rank 0] - Also saved as general best model at /projects/retprogression/rgarridogarcia/checkpoints/cropped1024_cropped_centered_wt_allR_5/best_model.pth
[2025-11-17 21:26:04][INFO][Rank 0] - Saved new best auc model with auc: 0.9765 at /projects/retprogression/rgarridogarcia/checkpoints/cropped1024_cropped_centered_wt_allR_5/best_auc_model.pth
[2025-11-17 21:26:09][INFO][Rank 0] - Saved epoch checkpoint at /projects/retprogression/rgarridogarcia/checkpoints/cropped1024_cropped_centered_wt_allR_5/epoch_3.pth
[2025-11-17 21:26:09][INFO][Rank 0] - Epoch 3 summary:
[2025-11-17 21:26:09][INFO][Rank 0] -  Train Loss: 0.2409, Train Acc: 0.9780, Train F1: 0.9887
[2025-11-17 21:26:09][INFO][Rank 0] -  Train Balanced Acc: 0.7839, Train AUC: 0.9507
[2025-11-17 21:26:09][INFO][Rank 0] -  Train Sensitivity: 0.9887, Train Specificity: 0.5791
[2025-11-17 21:26:09][INFO][Rank 0] -  Val Loss: 0.1497, Val Acc: 0.9761, Val F1: 0.9877
[2025-11-17 21:26:09][INFO][Rank 0] -  Val Balanced Acc: 0.7562, Val AUC: 0.9765
[2025-11-17 21:26:09][INFO][Rank 0] -  Val Sensitivity: 0.9877, Val Specificity: 0.5248
[2025-11-17 21:26:09][INFO][Rank 0] -  Total Epoch Time: 1594.16s
[2025-11-17 21:26:09][INFO][Rank 0] - Epoch 4/24
[2025-11-17 21:26:09][INFO][Rank 0] - ----------
[2025-11-17 21:26:09][INFO][Rank 0] - CUDA Memory [train][Step 0]: Device 0: Allocated: 3309.6 MB, Reserved: 117540.0 MB (Δ: +1687.0 MB)
[2025-11-17 21:26:09][INFO][Rank 0] - train phase: total 1946 batches
[2025-11-17 21:26:09][INFO][Rank 0] - train Epoch 4/24: 0.0% (0/1946)
[2025-11-17 21:26:16][INFO][Rank 0] - train Epoch 4/24: 0.5% (10/1946)
[2025-11-17 21:26:23][INFO][Rank 0] - train Epoch 4/24: 1.0% (20/1946)
[2025-11-17 21:26:30][INFO][Rank 0] - train Epoch 4/24: 1.5% (30/1946)
[2025-11-17 21:26:37][INFO][Rank 0] - train Epoch 4/24: 2.1% (40/1946)
[2025-11-17 21:26:45][INFO][Rank 0] - train Epoch 4/24: 2.6% (50/1946)
[2025-11-17 21:26:52][INFO][Rank 0] - train Epoch 4/24: 3.1% (60/1946)
[2025-11-17 21:26:59][INFO][Rank 0] - train Epoch 4/24: 3.6% (70/1946)
[2025-11-17 21:27:06][INFO][Rank 0] - train Epoch 4/24: 4.1% (80/1946)
[2025-11-17 21:27:13][INFO][Rank 0] - train Epoch 4/24: 4.6% (90/1946)
[2025-11-17 21:27:13][INFO][Rank 0] - CUDA Memory [train][Step 90]: Device 0: Allocated: 3309.6 MB, Reserved: 117540.0 MB (Δ: +1687.0 MB)
[2025-11-17 21:27:20][INFO][Rank 0] - train Epoch 4/24: 5.1% (100/1946)
[2025-11-17 21:27:27][INFO][Rank 0] - train Epoch 4/24: 5.7% (110/1946)
[2025-11-17 21:27:34][INFO][Rank 0] - train Epoch 4/24: 6.2% (120/1946)
[2025-11-17 21:27:41][INFO][Rank 0] - train Epoch 4/24: 6.7% (130/1946)
[2025-11-17 21:27:48][INFO][Rank 0] - train Epoch 4/24: 7.2% (140/1946)
[2025-11-17 21:27:55][INFO][Rank 0] - train Epoch 4/24: 7.7% (150/1946)
[2025-11-17 21:28:02][INFO][Rank 0] - train Epoch 4/24: 8.2% (160/1946)
[2025-11-17 21:28:09][INFO][Rank 0] - train Epoch 4/24: 8.7% (170/1946)
[2025-11-17 21:28:16][INFO][Rank 0] - train Epoch 4/24: 9.2% (180/1946)
[2025-11-17 21:28:17][INFO][Rank 0] - CUDA Memory [train][Step 180]: Device 0: Allocated: 3309.6 MB, Reserved: 117540.0 MB (Δ: +1687.0 MB)
[2025-11-17 21:28:23][INFO][Rank 0] - train Epoch 4/24: 9.8% (190/1946)
[2025-11-17 21:28:31][INFO][Rank 0] - train Epoch 4/24: 10.3% (200/1946)
[2025-11-17 21:28:38][INFO][Rank 0] - train Epoch 4/24: 10.8% (210/1946)
[2025-11-17 21:28:45][INFO][Rank 0] - train Epoch 4/24: 11.3% (220/1946)
[2025-11-17 21:28:52][INFO][Rank 0] - train Epoch 4/24: 11.8% (230/1946)
[2025-11-17 21:28:59][INFO][Rank 0] - train Epoch 4/24: 12.3% (240/1946)
[2025-11-17 21:29:06][INFO][Rank 0] - train Epoch 4/24: 12.8% (250/1946)
[2025-11-17 21:29:13][INFO][Rank 0] - train Epoch 4/24: 13.4% (260/1946)
[2025-11-17 21:29:20][INFO][Rank 0] - train Epoch 4/24: 13.9% (270/1946)
[2025-11-17 21:29:21][INFO][Rank 0] - CUDA Memory [train][Step 270]: Device 0: Allocated: 3309.6 MB, Reserved: 117540.0 MB (Δ: +1687.0 MB)
[2025-11-17 21:29:27][INFO][Rank 0] - train Epoch 4/24: 14.4% (280/1946)
[2025-11-17 21:29:34][INFO][Rank 0] - train Epoch 4/24: 14.9% (290/1946)
[2025-11-17 21:29:41][INFO][Rank 0] - train Epoch 4/24: 15.4% (300/1946)
[2025-11-17 21:29:48][INFO][Rank 0] - train Epoch 4/24: 15.9% (310/1946)
[2025-11-17 21:29:55][INFO][Rank 0] - train Epoch 4/24: 16.4% (320/1946)
[2025-11-17 21:30:02][INFO][Rank 0] - train Epoch 4/24: 17.0% (330/1946)
[2025-11-17 21:30:09][INFO][Rank 0] - train Epoch 4/24: 17.5% (340/1946)
[2025-11-17 21:30:17][INFO][Rank 0] - train Epoch 4/24: 18.0% (350/1946)
[2025-11-17 21:30:24][INFO][Rank 0] - train Epoch 4/24: 18.5% (360/1946)
[2025-11-17 21:30:24][INFO][Rank 0] - CUDA Memory [train][Step 360]: Device 0: Allocated: 3309.6 MB, Reserved: 117540.0 MB (Δ: +1687.0 MB)
[2025-11-17 21:30:31][INFO][Rank 0] - train Epoch 4/24: 19.0% (370/1946)
[2025-11-17 21:30:38][INFO][Rank 0] - train Epoch 4/24: 19.5% (380/1946)
[2025-11-17 21:30:45][INFO][Rank 0] - train Epoch 4/24: 20.0% (390/1946)
[2025-11-17 21:30:52][INFO][Rank 0] - train Epoch 4/24: 20.6% (400/1946)
[2025-11-17 21:30:59][INFO][Rank 0] - train Epoch 4/24: 21.1% (410/1946)
[2025-11-17 21:31:06][INFO][Rank 0] - train Epoch 4/24: 21.6% (420/1946)
[2025-11-17 21:31:13][INFO][Rank 0] - train Epoch 4/24: 22.1% (430/1946)
[2025-11-17 21:31:20][INFO][Rank 0] - train Epoch 4/24: 22.6% (440/1946)
[2025-11-17 21:31:27][INFO][Rank 0] - train Epoch 4/24: 23.1% (450/1946)
[2025-11-17 21:31:28][INFO][Rank 0] - CUDA Memory [train][Step 450]: Device 0: Allocated: 3309.6 MB, Reserved: 117540.0 MB (Δ: +1687.0 MB)
[2025-11-17 21:31:34][INFO][Rank 0] - train Epoch 4/24: 23.6% (460/1946)
[2025-11-17 21:31:41][INFO][Rank 0] - train Epoch 4/24: 24.2% (470/1946)
[2025-11-17 21:31:48][INFO][Rank 0] - train Epoch 4/24: 24.7% (480/1946)
[2025-11-17 21:31:56][INFO][Rank 0] - train Epoch 4/24: 25.2% (490/1946)
[2025-11-17 21:32:03][INFO][Rank 0] - train Epoch 4/24: 25.7% (500/1946)
[2025-11-17 21:32:10][INFO][Rank 0] - train Epoch 4/24: 26.2% (510/1946)
[2025-11-17 21:32:17][INFO][Rank 0] - train Epoch 4/24: 26.7% (520/1946)
[2025-11-17 21:32:24][INFO][Rank 0] - train Epoch 4/24: 27.2% (530/1946)
[2025-11-17 21:32:31][INFO][Rank 0] - train Epoch 4/24: 27.7% (540/1946)
[2025-11-17 21:32:32][INFO][Rank 0] - CUDA Memory [train][Step 540]: Device 0: Allocated: 3309.6 MB, Reserved: 117540.0 MB (Δ: +1687.0 MB)
[2025-11-17 21:32:38][INFO][Rank 0] - train Epoch 4/24: 28.3% (550/1946)
[2025-11-17 21:32:45][INFO][Rank 0] - train Epoch 4/24: 28.8% (560/1946)
[2025-11-17 21:32:52][INFO][Rank 0] - train Epoch 4/24: 29.3% (570/1946)
[2025-11-17 21:32:59][INFO][Rank 0] - train Epoch 4/24: 29.8% (580/1946)
[2025-11-17 21:33:06][INFO][Rank 0] - train Epoch 4/24: 30.3% (590/1946)
[2025-11-17 21:33:13][INFO][Rank 0] - train Epoch 4/24: 30.8% (600/1946)
[2025-11-17 21:33:20][INFO][Rank 0] - train Epoch 4/24: 31.3% (610/1946)
[2025-11-17 21:33:27][INFO][Rank 0] - train Epoch 4/24: 31.9% (620/1946)
[2025-11-17 21:33:35][INFO][Rank 0] - train Epoch 4/24: 32.4% (630/1946)
[2025-11-17 21:33:35][INFO][Rank 0] - CUDA Memory [train][Step 630]: Device 0: Allocated: 3309.6 MB, Reserved: 117540.0 MB (Δ: +1687.0 MB)
[2025-11-17 21:33:42][INFO][Rank 0] - train Epoch 4/24: 32.9% (640/1946)
[2025-11-17 21:33:49][INFO][Rank 0] - train Epoch 4/24: 33.4% (650/1946)
[2025-11-17 21:33:56][INFO][Rank 0] - train Epoch 4/24: 33.9% (660/1946)
[2025-11-17 21:34:03][INFO][Rank 0] - train Epoch 4/24: 34.4% (670/1946)
[2025-11-17 21:34:10][INFO][Rank 0] - train Epoch 4/24: 34.9% (680/1946)
[2025-11-17 21:34:17][INFO][Rank 0] - train Epoch 4/24: 35.5% (690/1946)
[2025-11-17 21:34:24][INFO][Rank 0] - train Epoch 4/24: 36.0% (700/1946)
[2025-11-17 21:34:31][INFO][Rank 0] - train Epoch 4/24: 36.5% (710/1946)
[2025-11-17 21:34:38][INFO][Rank 0] - train Epoch 4/24: 37.0% (720/1946)
[2025-11-17 21:34:39][INFO][Rank 0] - CUDA Memory [train][Step 720]: Device 0: Allocated: 3309.6 MB, Reserved: 117540.0 MB (Δ: +1687.0 MB)
[2025-11-17 21:34:45][INFO][Rank 0] - train Epoch 4/24: 37.5% (730/1946)
[2025-11-17 21:34:52][INFO][Rank 0] - train Epoch 4/24: 38.0% (740/1946)
[2025-11-17 21:34:59][INFO][Rank 0] - train Epoch 4/24: 38.5% (750/1946)
[2025-11-17 21:35:06][INFO][Rank 0] - train Epoch 4/24: 39.1% (760/1946)
[2025-11-17 21:35:14][INFO][Rank 0] - train Epoch 4/24: 39.6% (770/1946)
[2025-11-17 21:35:21][INFO][Rank 0] - train Epoch 4/24: 40.1% (780/1946)
[2025-11-17 21:35:28][INFO][Rank 0] - train Epoch 4/24: 40.6% (790/1946)
[2025-11-17 21:35:35][INFO][Rank 0] - train Epoch 4/24: 41.1% (800/1946)
[2025-11-17 21:35:42][INFO][Rank 0] - train Epoch 4/24: 41.6% (810/1946)
[2025-11-17 21:35:43][INFO][Rank 0] - CUDA Memory [train][Step 810]: Device 0: Allocated: 3309.6 MB, Reserved: 117540.0 MB (Δ: +1687.0 MB)
[2025-11-17 21:35:49][INFO][Rank 0] - train Epoch 4/24: 42.1% (820/1946)
[2025-11-17 21:35:56][INFO][Rank 0] - train Epoch 4/24: 42.7% (830/1946)
[2025-11-17 21:36:03][INFO][Rank 0] - train Epoch 4/24: 43.2% (840/1946)
[2025-11-17 21:36:10][INFO][Rank 0] - train Epoch 4/24: 43.7% (850/1946)
[2025-11-17 21:36:17][INFO][Rank 0] - train Epoch 4/24: 44.2% (860/1946)
[2025-11-17 21:36:24][INFO][Rank 0] - train Epoch 4/24: 44.7% (870/1946)
[2025-11-17 21:36:31][INFO][Rank 0] - train Epoch 4/24: 45.2% (880/1946)
[2025-11-17 21:36:38][INFO][Rank 0] - train Epoch 4/24: 45.7% (890/1946)
[2025-11-17 21:36:45][INFO][Rank 0] - train Epoch 4/24: 46.2% (900/1946)
[2025-11-17 21:36:46][INFO][Rank 0] - CUDA Memory [train][Step 900]: Device 0: Allocated: 3309.6 MB, Reserved: 117540.0 MB (Δ: +1687.0 MB)
[2025-11-17 21:36:53][INFO][Rank 0] - train Epoch 4/24: 46.8% (910/1946)
[2025-11-17 21:37:00][INFO][Rank 0] - train Epoch 4/24: 47.3% (920/1946)
[2025-11-17 21:37:07][INFO][Rank 0] - train Epoch 4/24: 47.8% (930/1946)
[2025-11-17 21:37:14][INFO][Rank 0] - train Epoch 4/24: 48.3% (940/1946)
[2025-11-17 21:37:21][INFO][Rank 0] - train Epoch 4/24: 48.8% (950/1946)
[2025-11-17 21:37:28][INFO][Rank 0] - train Epoch 4/24: 49.3% (960/1946)
[2025-11-17 21:37:35][INFO][Rank 0] - train Epoch 4/24: 49.8% (970/1946)
[2025-11-17 21:37:42][INFO][Rank 0] - train Epoch 4/24: 50.4% (980/1946)
[2025-11-17 21:37:49][INFO][Rank 0] - train Epoch 4/24: 50.9% (990/1946)
[2025-11-17 21:37:50][INFO][Rank 0] - CUDA Memory [train][Step 990]: Device 0: Allocated: 3309.6 MB, Reserved: 117540.0 MB (Δ: +1687.0 MB)
[2025-11-17 21:37:56][INFO][Rank 0] - train Epoch 4/24: 51.4% (1000/1946)
[2025-11-17 21:38:03][INFO][Rank 0] - train Epoch 4/24: 51.9% (1010/1946)
[2025-11-17 21:38:10][INFO][Rank 0] - train Epoch 4/24: 52.4% (1020/1946)
[2025-11-17 21:38:17][INFO][Rank 0] - train Epoch 4/24: 52.9% (1030/1946)
[2025-11-17 21:38:24][INFO][Rank 0] - train Epoch 4/24: 53.4% (1040/1946)
[2025-11-17 21:38:32][INFO][Rank 0] - train Epoch 4/24: 54.0% (1050/1946)
[2025-11-17 21:38:39][INFO][Rank 0] - train Epoch 4/24: 54.5% (1060/1946)
[2025-11-17 21:38:46][INFO][Rank 0] - train Epoch 4/24: 55.0% (1070/1946)
[2025-11-17 21:38:53][INFO][Rank 0] - train Epoch 4/24: 55.5% (1080/1946)
[2025-11-17 21:38:53][INFO][Rank 0] - CUDA Memory [train][Step 1080]: Device 0: Allocated: 3309.6 MB, Reserved: 117540.0 MB (Δ: +1687.0 MB)
[2025-11-17 21:39:00][INFO][Rank 0] - train Epoch 4/24: 56.0% (1090/1946)
[2025-11-17 21:39:07][INFO][Rank 0] - train Epoch 4/24: 56.5% (1100/1946)
[2025-11-17 21:39:14][INFO][Rank 0] - train Epoch 4/24: 57.0% (1110/1946)
[2025-11-17 21:39:21][INFO][Rank 0] - train Epoch 4/24: 57.6% (1120/1946)
[2025-11-17 21:39:28][INFO][Rank 0] - train Epoch 4/24: 58.1% (1130/1946)
[2025-11-17 21:39:35][INFO][Rank 0] - train Epoch 4/24: 58.6% (1140/1946)
[2025-11-17 21:39:42][INFO][Rank 0] - train Epoch 4/24: 59.1% (1150/1946)
[2025-11-17 21:39:49][INFO][Rank 0] - train Epoch 4/24: 59.6% (1160/1946)
[2025-11-17 21:39:56][INFO][Rank 0] - train Epoch 4/24: 60.1% (1170/1946)
[2025-11-17 21:39:57][INFO][Rank 0] - CUDA Memory [train][Step 1170]: Device 0: Allocated: 3309.6 MB, Reserved: 117540.0 MB (Δ: +1687.0 MB)
[2025-11-17 21:40:03][INFO][Rank 0] - train Epoch 4/24: 60.6% (1180/1946)
[2025-11-17 21:40:11][INFO][Rank 0] - train Epoch 4/24: 61.2% (1190/1946)
[2025-11-17 21:40:18][INFO][Rank 0] - train Epoch 4/24: 61.7% (1200/1946)
[2025-11-17 21:40:25][INFO][Rank 0] - train Epoch 4/24: 62.2% (1210/1946)
[2025-11-17 21:40:32][INFO][Rank 0] - train Epoch 4/24: 62.7% (1220/1946)
[2025-11-17 21:40:39][INFO][Rank 0] - train Epoch 4/24: 63.2% (1230/1946)
[2025-11-17 21:40:46][INFO][Rank 0] - train Epoch 4/24: 63.7% (1240/1946)
[2025-11-17 21:40:53][INFO][Rank 0] - train Epoch 4/24: 64.2% (1250/1946)
[2025-11-17 21:41:00][INFO][Rank 0] - train Epoch 4/24: 64.7% (1260/1946)
[2025-11-17 21:41:01][INFO][Rank 0] - CUDA Memory [train][Step 1260]: Device 0: Allocated: 3309.6 MB, Reserved: 117540.0 MB (Δ: +1687.0 MB)
[2025-11-17 21:41:07][INFO][Rank 0] - train Epoch 4/24: 65.3% (1270/1946)
[2025-11-17 21:41:14][INFO][Rank 0] - train Epoch 4/24: 65.8% (1280/1946)
[2025-11-17 21:41:21][INFO][Rank 0] - train Epoch 4/24: 66.3% (1290/1946)
[2025-11-17 21:41:28][INFO][Rank 0] - train Epoch 4/24: 66.8% (1300/1946)
[2025-11-17 21:41:35][INFO][Rank 0] - train Epoch 4/24: 67.3% (1310/1946)
[2025-11-17 21:41:42][INFO][Rank 0] - train Epoch 4/24: 67.8% (1320/1946)
[2025-11-17 21:41:50][INFO][Rank 0] - train Epoch 4/24: 68.3% (1330/1946)
[2025-11-17 21:41:57][INFO][Rank 0] - train Epoch 4/24: 68.9% (1340/1946)
[2025-11-17 21:42:04][INFO][Rank 0] - train Epoch 4/24: 69.4% (1350/1946)
[2025-11-17 21:42:04][INFO][Rank 0] - CUDA Memory [train][Step 1350]: Device 0: Allocated: 3309.6 MB, Reserved: 117540.0 MB (Δ: +1687.0 MB)
[2025-11-17 21:42:11][INFO][Rank 0] - train Epoch 4/24: 69.9% (1360/1946)
[2025-11-17 21:42:18][INFO][Rank 0] - train Epoch 4/24: 70.4% (1370/1946)
[2025-11-17 21:42:25][INFO][Rank 0] - train Epoch 4/24: 70.9% (1380/1946)
[2025-11-17 21:42:32][INFO][Rank 0] - train Epoch 4/24: 71.4% (1390/1946)
[2025-11-17 21:42:39][INFO][Rank 0] - train Epoch 4/24: 71.9% (1400/1946)
[2025-11-17 21:42:46][INFO][Rank 0] - train Epoch 4/24: 72.5% (1410/1946)
[2025-11-17 21:42:53][INFO][Rank 0] - train Epoch 4/24: 73.0% (1420/1946)
[2025-11-17 21:43:00][INFO][Rank 0] - train Epoch 4/24: 73.5% (1430/1946)
[2025-11-17 21:43:07][INFO][Rank 0] - train Epoch 4/24: 74.0% (1440/1946)
[2025-11-17 21:43:08][INFO][Rank 0] - CUDA Memory [train][Step 1440]: Device 0: Allocated: 3309.6 MB, Reserved: 117540.0 MB (Δ: +1687.0 MB)
[2025-11-17 21:43:14][INFO][Rank 0] - train Epoch 4/24: 74.5% (1450/1946)
[2025-11-17 21:43:21][INFO][Rank 0] - train Epoch 4/24: 75.0% (1460/1946)
[2025-11-17 21:43:28][INFO][Rank 0] - train Epoch 4/24: 75.5% (1470/1946)
[2025-11-17 21:43:36][INFO][Rank 0] - train Epoch 4/24: 76.1% (1480/1946)
[2025-11-17 21:43:43][INFO][Rank 0] - train Epoch 4/24: 76.6% (1490/1946)
[2025-11-17 21:43:50][INFO][Rank 0] - train Epoch 4/24: 77.1% (1500/1946)
[2025-11-17 21:43:57][INFO][Rank 0] - train Epoch 4/24: 77.6% (1510/1946)
[2025-11-17 21:44:04][INFO][Rank 0] - train Epoch 4/24: 78.1% (1520/1946)
[2025-11-17 21:44:11][INFO][Rank 0] - train Epoch 4/24: 78.6% (1530/1946)
[2025-11-17 21:44:12][INFO][Rank 0] - CUDA Memory [train][Step 1530]: Device 0: Allocated: 3309.6 MB, Reserved: 117540.0 MB (Δ: +1687.0 MB)
[2025-11-17 21:44:18][INFO][Rank 0] - train Epoch 4/24: 79.1% (1540/1946)
[2025-11-17 21:44:25][INFO][Rank 0] - train Epoch 4/24: 79.7% (1550/1946)
[2025-11-17 21:44:32][INFO][Rank 0] - train Epoch 4/24: 80.2% (1560/1946)
[2025-11-17 21:44:39][INFO][Rank 0] - train Epoch 4/24: 80.7% (1570/1946)
[2025-11-17 21:44:46][INFO][Rank 0] - train Epoch 4/24: 81.2% (1580/1946)
[2025-11-17 21:44:53][INFO][Rank 0] - train Epoch 4/24: 81.7% (1590/1946)
[2025-11-17 21:45:00][INFO][Rank 0] - train Epoch 4/24: 82.2% (1600/1946)
[2025-11-17 21:45:07][INFO][Rank 0] - train Epoch 4/24: 82.7% (1610/1946)
[2025-11-17 21:45:15][INFO][Rank 0] - train Epoch 4/24: 83.2% (1620/1946)
[2025-11-17 21:45:15][INFO][Rank 0] - CUDA Memory [train][Step 1620]: Device 0: Allocated: 3309.6 MB, Reserved: 117540.0 MB (Δ: +1687.0 MB)
[2025-11-17 21:45:22][INFO][Rank 0] - train Epoch 4/24: 83.8% (1630/1946)
[2025-11-17 21:45:29][INFO][Rank 0] - train Epoch 4/24: 84.3% (1640/1946)
[2025-11-17 21:45:36][INFO][Rank 0] - train Epoch 4/24: 84.8% (1650/1946)
[2025-11-17 21:45:43][INFO][Rank 0] - train Epoch 4/24: 85.3% (1660/1946)
[2025-11-17 21:45:50][INFO][Rank 0] - train Epoch 4/24: 85.8% (1670/1946)
[2025-11-17 21:45:57][INFO][Rank 0] - train Epoch 4/24: 86.3% (1680/1946)
[2025-11-17 21:46:04][INFO][Rank 0] - train Epoch 4/24: 86.8% (1690/1946)
[2025-11-17 21:46:11][INFO][Rank 0] - train Epoch 4/24: 87.4% (1700/1946)
[2025-11-17 21:46:18][INFO][Rank 0] - train Epoch 4/24: 87.9% (1710/1946)
[2025-11-17 21:46:19][INFO][Rank 0] - CUDA Memory [train][Step 1710]: Device 0: Allocated: 3309.6 MB, Reserved: 117540.0 MB (Δ: +1687.0 MB)
[2025-11-17 21:46:25][INFO][Rank 0] - train Epoch 4/24: 88.4% (1720/1946)
[2025-11-17 21:46:32][INFO][Rank 0] - train Epoch 4/24: 88.9% (1730/1946)
[2025-11-17 21:46:39][INFO][Rank 0] - train Epoch 4/24: 89.4% (1740/1946)
[2025-11-17 21:46:46][INFO][Rank 0] - train Epoch 4/24: 89.9% (1750/1946)
[2025-11-17 21:46:54][INFO][Rank 0] - train Epoch 4/24: 90.4% (1760/1946)
[2025-11-17 21:47:01][INFO][Rank 0] - train Epoch 4/24: 91.0% (1770/1946)
[2025-11-17 21:47:08][INFO][Rank 0] - train Epoch 4/24: 91.5% (1780/1946)
[2025-11-17 21:47:15][INFO][Rank 0] - train Epoch 4/24: 92.0% (1790/1946)
[2025-11-17 21:47:22][INFO][Rank 0] - train Epoch 4/24: 92.5% (1800/1946)
[2025-11-17 21:47:22][INFO][Rank 0] - CUDA Memory [train][Step 1800]: Device 0: Allocated: 3309.6 MB, Reserved: 117540.0 MB (Δ: +1687.0 MB)
[2025-11-17 21:47:29][INFO][Rank 0] - train Epoch 4/24: 93.0% (1810/1946)
[2025-11-17 21:47:36][INFO][Rank 0] - train Epoch 4/24: 93.5% (1820/1946)
[2025-11-17 21:47:43][INFO][Rank 0] - train Epoch 4/24: 94.0% (1830/1946)
[2025-11-17 21:47:50][INFO][Rank 0] - train Epoch 4/24: 94.6% (1840/1946)
[2025-11-17 21:47:57][INFO][Rank 0] - train Epoch 4/24: 95.1% (1850/1946)
[2025-11-17 21:48:04][INFO][Rank 0] - train Epoch 4/24: 95.6% (1860/1946)
[2025-11-17 21:48:11][INFO][Rank 0] - train Epoch 4/24: 96.1% (1870/1946)
[2025-11-17 21:48:18][INFO][Rank 0] - train Epoch 4/24: 96.6% (1880/1946)
[2025-11-17 21:48:25][INFO][Rank 0] - train Epoch 4/24: 97.1% (1890/1946)
[2025-11-17 21:48:26][INFO][Rank 0] - CUDA Memory [train][Step 1890]: Device 0: Allocated: 3309.6 MB, Reserved: 117540.0 MB (Δ: +1687.0 MB)
[2025-11-17 21:48:32][INFO][Rank 0] - train Epoch 4/24: 97.6% (1900/1946)
[2025-11-17 21:48:40][INFO][Rank 0] - train Epoch 4/24: 98.2% (1910/1946)
[2025-11-17 21:48:47][INFO][Rank 0] - train Epoch 4/24: 98.7% (1920/1946)
[2025-11-17 21:48:54][INFO][Rank 0] - train Epoch 4/24: 99.2% (1930/1946)
[2025-11-17 21:49:01][INFO][Rank 0] - train Epoch 4/24: 99.7% (1940/1946)
[2025-11-17 21:49:04][INFO][Rank 0] - train Epoch 4/24: 99.9% (1945/1946)
[2025-11-17 21:49:05][INFO][Rank 0] - train Loss: 0.2114 Acc: 0.9758 F1: 0.9876
[2025-11-17 21:49:05][INFO][Rank 0] - train Balanced Acc: 0.8279 AUC-ROC: 0.9524
[2025-11-17 21:49:05][INFO][Rank 0] - train Sensitivity: 0.9840 Specificity: 0.6719
[2025-11-17 21:49:05][INFO][Rank 0] - train Confusion Matrix: TP=18650, FP=166, FN=304, TN=340
[2025-11-17 21:49:05][INFO][Rank 0] - train completed in 1376.36s
[2025-11-17 21:49:05][INFO][Rank 0] - Data loading time: 1.39s, Forward time: 280.10s, Backward time: 746.01s
[2025-11-17 21:49:05][INFO][Rank 0] - train cache: 0/1 items, hit rate: 0.00%
[2025-11-17 21:49:05][INFO][Rank 0] - CUDA Memory [val][Step 0]: Device 0: Allocated: 3309.6 MB, Reserved: 117540.0 MB (Δ: +1687.0 MB)
[2025-11-17 21:49:05][INFO][Rank 0] - val phase: total 401 batches
[2025-11-17 21:49:05][INFO][Rank 0] - val Epoch 4/24: 0.0% (0/401)
[2025-11-17 21:49:10][INFO][Rank 0] - val Epoch 4/24: 2.5% (10/401)
[2025-11-17 21:49:15][INFO][Rank 0] - val Epoch 4/24: 5.0% (20/401)
[2025-11-17 21:49:20][INFO][Rank 0] - val Epoch 4/24: 7.5% (30/401)
[2025-11-17 21:49:25][INFO][Rank 0] - val Epoch 4/24: 10.0% (40/401)
[2025-11-17 21:49:30][INFO][Rank 0] - val Epoch 4/24: 12.5% (50/401)
[2025-11-17 21:49:35][INFO][Rank 0] - val Epoch 4/24: 15.0% (60/401)
[2025-11-17 21:49:40][INFO][Rank 0] - val Epoch 4/24: 17.5% (70/401)
[2025-11-17 21:49:45][INFO][Rank 0] - val Epoch 4/24: 20.0% (80/401)
[2025-11-17 21:49:50][INFO][Rank 0] - val Epoch 4/24: 22.4% (90/401)
[2025-11-17 21:49:55][INFO][Rank 0] - val Epoch 4/24: 24.9% (100/401)
[2025-11-17 21:50:00][INFO][Rank 0] - val Epoch 4/24: 27.4% (110/401)
[2025-11-17 21:50:05][INFO][Rank 0] - val Epoch 4/24: 29.9% (120/401)
[2025-11-17 21:50:06][INFO][Rank 0] - CUDA Memory [val][Step 120]: Device 0: Allocated: 3309.6 MB, Reserved: 117540.0 MB (Δ: +1687.0 MB)
[2025-11-17 21:50:10][INFO][Rank 0] - val Epoch 4/24: 32.4% (130/401)
[2025-11-17 21:50:15][INFO][Rank 0] - val Epoch 4/24: 34.9% (140/401)
[2025-11-17 21:50:20][INFO][Rank 0] - val Epoch 4/24: 37.4% (150/401)
[2025-11-17 21:50:25][INFO][Rank 0] - val Epoch 4/24: 39.9% (160/401)
[2025-11-17 21:50:30][INFO][Rank 0] - val Epoch 4/24: 42.4% (170/401)
[2025-11-17 21:50:35][INFO][Rank 0] - val Epoch 4/24: 44.9% (180/401)
[2025-11-17 21:50:40][INFO][Rank 0] - val Epoch 4/24: 47.4% (190/401)
[2025-11-17 21:50:45][INFO][Rank 0] - val Epoch 4/24: 49.9% (200/401)
[2025-11-17 21:50:50][INFO][Rank 0] - val Epoch 4/24: 52.4% (210/401)
[2025-11-17 21:50:55][INFO][Rank 0] - val Epoch 4/24: 54.9% (220/401)
[2025-11-17 21:51:00][INFO][Rank 0] - val Epoch 4/24: 57.4% (230/401)
[2025-11-17 21:51:05][INFO][Rank 0] - val Epoch 4/24: 59.9% (240/401)
[2025-11-17 21:51:10][INFO][Rank 0] - val Epoch 4/24: 62.3% (250/401)
[2025-11-17 21:51:15][INFO][Rank 0] - val Epoch 4/24: 64.8% (260/401)
[2025-11-17 21:51:20][INFO][Rank 0] - val Epoch 4/24: 67.3% (270/401)
[2025-11-17 21:51:21][INFO][Rank 0] - CUDA Memory [val][Step 270]: Device 0: Allocated: 3309.6 MB, Reserved: 117540.0 MB (Δ: +1687.0 MB)
[2025-11-17 21:51:25][INFO][Rank 0] - val Epoch 4/24: 69.8% (280/401)
[2025-11-17 21:51:30][INFO][Rank 0] - val Epoch 4/24: 72.3% (290/401)
[2025-11-17 21:51:35][INFO][Rank 0] - val Epoch 4/24: 74.8% (300/401)
[2025-11-17 21:51:40][INFO][Rank 0] - val Epoch 4/24: 77.3% (310/401)
[2025-11-17 21:51:45][INFO][Rank 0] - val Epoch 4/24: 79.8% (320/401)
[2025-11-17 21:51:50][INFO][Rank 0] - val Epoch 4/24: 82.3% (330/401)
[2025-11-17 21:51:55][INFO][Rank 0] - val Epoch 4/24: 84.8% (340/401)
[2025-11-17 21:52:00][INFO][Rank 0] - val Epoch 4/24: 87.3% (350/401)
[2025-11-17 21:52:05][INFO][Rank 0] - val Epoch 4/24: 89.8% (360/401)
[2025-11-17 21:52:10][INFO][Rank 0] - val Epoch 4/24: 92.3% (370/401)
[2025-11-17 21:52:15][INFO][Rank 0] - val Epoch 4/24: 94.8% (380/401)
[2025-11-17 21:52:20][INFO][Rank 0] - val Epoch 4/24: 97.3% (390/401)
[2025-11-17 21:52:25][INFO][Rank 0] - val Epoch 4/24: 99.8% (400/401)
[2025-11-17 21:52:26][INFO][Rank 0] - val Loss: 0.1337 Acc: 0.9741 F1: 0.9866
[2025-11-17 21:52:26][INFO][Rank 0] - val Balanced Acc: 0.8227 AUC-ROC: 0.9780
[2025-11-17 21:52:26][INFO][Rank 0] - val Sensitivity: 0.9821 Specificity: 0.6634
[2025-11-17 21:52:26][INFO][Rank 0] - val Confusion Matrix: TP=3839, FP=34, FN=70, TN=67
[2025-11-17 21:52:26][INFO][Rank 0] - val completed in 200.67s
[2025-11-17 21:52:26][INFO][Rank 0] - val cache: 0/1 items, hit rate: 0.00%
[2025-11-17 21:52:30][INFO][Rank 0] - Saved new best balanced_acc model with balanced_acc: 0.8227 at /projects/retprogression/rgarridogarcia/checkpoints/cropped1024_cropped_centered_wt_allR_5/best_balanced_acc_model.pth
[2025-11-17 21:52:35][INFO][Rank 0] - Also saved as general best model at /projects/retprogression/rgarridogarcia/checkpoints/cropped1024_cropped_centered_wt_allR_5/best_model.pth
[2025-11-17 21:52:39][INFO][Rank 0] - Saved new best auc model with auc: 0.9780 at /projects/retprogression/rgarridogarcia/checkpoints/cropped1024_cropped_centered_wt_allR_5/best_auc_model.pth
[2025-11-17 21:52:45][INFO][Rank 0] - Saved epoch checkpoint at /projects/retprogression/rgarridogarcia/checkpoints/cropped1024_cropped_centered_wt_allR_5/epoch_4.pth
[2025-11-17 21:52:45][INFO][Rank 0] - Epoch 4 summary:
[2025-11-17 21:52:45][INFO][Rank 0] -  Train Loss: 0.2114, Train Acc: 0.9758, Train F1: 0.9876
[2025-11-17 21:52:45][INFO][Rank 0] -  Train Balanced Acc: 0.8279, Train AUC: 0.9524
[2025-11-17 21:52:45][INFO][Rank 0] -  Train Sensitivity: 0.9840, Train Specificity: 0.6719
[2025-11-17 21:52:45][INFO][Rank 0] -  Val Loss: 0.1337, Val Acc: 0.9741, Val F1: 0.9866
[2025-11-17 21:52:45][INFO][Rank 0] -  Val Balanced Acc: 0.8227, Val AUC: 0.9780
[2025-11-17 21:52:45][INFO][Rank 0] -  Val Sensitivity: 0.9821, Val Specificity: 0.6634
[2025-11-17 21:52:45][INFO][Rank 0] -  Total Epoch Time: 1596.22s
[2025-11-17 21:52:45][INFO][Rank 0] - Epoch 5/24
[2025-11-17 21:52:45][INFO][Rank 0] - ----------
[2025-11-17 21:52:45][INFO][Rank 0] - CUDA Memory [train][Step 0]: Device 0: Allocated: 3309.6 MB, Reserved: 117540.0 MB (Δ: +1687.0 MB)
[2025-11-17 21:52:45][INFO][Rank 0] - train phase: total 1946 batches
[2025-11-17 21:52:45][INFO][Rank 0] - train Epoch 5/24: 0.0% (0/1946)
[2025-11-17 21:52:52][INFO][Rank 0] - train Epoch 5/24: 0.5% (10/1946)
[2025-11-17 21:52:59][INFO][Rank 0] - train Epoch 5/24: 1.0% (20/1946)
[2025-11-17 21:53:07][INFO][Rank 0] - train Epoch 5/24: 1.5% (30/1946)
[2025-11-17 21:53:14][INFO][Rank 0] - train Epoch 5/24: 2.1% (40/1946)
[2025-11-17 21:53:21][INFO][Rank 0] - train Epoch 5/24: 2.6% (50/1946)
[2025-11-17 21:53:28][INFO][Rank 0] - train Epoch 5/24: 3.1% (60/1946)
[2025-11-17 21:53:35][INFO][Rank 0] - train Epoch 5/24: 3.6% (70/1946)
[2025-11-17 21:53:42][INFO][Rank 0] - train Epoch 5/24: 4.1% (80/1946)
[2025-11-17 21:53:49][INFO][Rank 0] - train Epoch 5/24: 4.6% (90/1946)
[2025-11-17 21:53:50][INFO][Rank 0] - CUDA Memory [train][Step 90]: Device 0: Allocated: 3309.6 MB, Reserved: 117540.0 MB (Δ: +1687.0 MB)
[2025-11-17 21:53:56][INFO][Rank 0] - train Epoch 5/24: 5.1% (100/1946)
[2025-11-17 21:54:03][INFO][Rank 0] - train Epoch 5/24: 5.7% (110/1946)
[2025-11-17 21:54:10][INFO][Rank 0] - train Epoch 5/24: 6.2% (120/1946)
[2025-11-17 21:54:17][INFO][Rank 0] - train Epoch 5/24: 6.7% (130/1946)
[2025-11-17 21:54:24][INFO][Rank 0] - train Epoch 5/24: 7.2% (140/1946)
[2025-11-17 21:54:31][INFO][Rank 0] - train Epoch 5/24: 7.7% (150/1946)
[2025-11-17 21:54:38][INFO][Rank 0] - train Epoch 5/24: 8.2% (160/1946)
[2025-11-17 21:54:45][INFO][Rank 0] - train Epoch 5/24: 8.7% (170/1946)
[2025-11-17 21:54:53][INFO][Rank 0] - train Epoch 5/24: 9.2% (180/1946)
[2025-11-17 21:54:53][INFO][Rank 0] - CUDA Memory [train][Step 180]: Device 0: Allocated: 3309.6 MB, Reserved: 117540.0 MB (Δ: +1687.0 MB)
[2025-11-17 21:55:00][INFO][Rank 0] - train Epoch 5/24: 9.8% (190/1946)
[2025-11-17 21:55:07][INFO][Rank 0] - train Epoch 5/24: 10.3% (200/1946)
[2025-11-17 21:55:14][INFO][Rank 0] - train Epoch 5/24: 10.8% (210/1946)
[2025-11-17 21:55:21][INFO][Rank 0] - train Epoch 5/24: 11.3% (220/1946)
[2025-11-17 21:55:28][INFO][Rank 0] - train Epoch 5/24: 11.8% (230/1946)
[2025-11-17 21:55:35][INFO][Rank 0] - train Epoch 5/24: 12.3% (240/1946)
[2025-11-17 21:55:42][INFO][Rank 0] - train Epoch 5/24: 12.8% (250/1946)
[2025-11-17 21:55:49][INFO][Rank 0] - train Epoch 5/24: 13.4% (260/1946)
[2025-11-17 21:55:56][INFO][Rank 0] - train Epoch 5/24: 13.9% (270/1946)
[2025-11-17 21:55:57][INFO][Rank 0] - CUDA Memory [train][Step 270]: Device 0: Allocated: 3309.6 MB, Reserved: 117540.0 MB (Δ: +1687.0 MB)
[2025-11-17 21:56:03][INFO][Rank 0] - train Epoch 5/24: 14.4% (280/1946)
[2025-11-17 21:56:10][INFO][Rank 0] - train Epoch 5/24: 14.9% (290/1946)
[2025-11-17 21:56:17][INFO][Rank 0] - train Epoch 5/24: 15.4% (300/1946)
[2025-11-17 21:56:25][INFO][Rank 0] - train Epoch 5/24: 15.9% (310/1946)
[2025-11-17 21:56:32][INFO][Rank 0] - train Epoch 5/24: 16.4% (320/1946)
[2025-11-17 21:56:39][INFO][Rank 0] - train Epoch 5/24: 17.0% (330/1946)
[2025-11-17 21:56:46][INFO][Rank 0] - train Epoch 5/24: 17.5% (340/1946)
[2025-11-17 21:56:53][INFO][Rank 0] - train Epoch 5/24: 18.0% (350/1946)
[2025-11-17 21:57:00][INFO][Rank 0] - train Epoch 5/24: 18.5% (360/1946)
[2025-11-17 21:57:01][INFO][Rank 0] - CUDA Memory [train][Step 360]: Device 0: Allocated: 3309.6 MB, Reserved: 117540.0 MB (Δ: +1687.0 MB)
[2025-11-17 21:57:07][INFO][Rank 0] - train Epoch 5/24: 19.0% (370/1946)
[2025-11-17 21:57:14][INFO][Rank 0] - train Epoch 5/24: 19.5% (380/1946)
[2025-11-17 21:57:21][INFO][Rank 0] - train Epoch 5/24: 20.0% (390/1946)
[2025-11-17 21:57:28][INFO][Rank 0] - train Epoch 5/24: 20.6% (400/1946)
[2025-11-17 21:57:35][INFO][Rank 0] - train Epoch 5/24: 21.1% (410/1946)
[2025-11-17 21:57:42][INFO][Rank 0] - train Epoch 5/24: 21.6% (420/1946)
[2025-11-17 21:57:49][INFO][Rank 0] - train Epoch 5/24: 22.1% (430/1946)
[2025-11-17 21:57:56][INFO][Rank 0] - train Epoch 5/24: 22.6% (440/1946)
[2025-11-17 21:58:04][INFO][Rank 0] - train Epoch 5/24: 23.1% (450/1946)
[2025-11-17 21:58:04][INFO][Rank 0] - CUDA Memory [train][Step 450]: Device 0: Allocated: 3309.6 MB, Reserved: 117540.0 MB (Δ: +1687.0 MB)
[2025-11-17 21:58:11][INFO][Rank 0] - train Epoch 5/24: 23.6% (460/1946)
[2025-11-17 21:58:18][INFO][Rank 0] - train Epoch 5/24: 24.2% (470/1946)
[2025-11-17 21:58:25][INFO][Rank 0] - train Epoch 5/24: 24.7% (480/1946)
[2025-11-17 21:58:32][INFO][Rank 0] - train Epoch 5/24: 25.2% (490/1946)
[2025-11-17 21:58:39][INFO][Rank 0] - train Epoch 5/24: 25.7% (500/1946)
[2025-11-17 21:58:46][INFO][Rank 0] - train Epoch 5/24: 26.2% (510/1946)
[2025-11-17 21:58:53][INFO][Rank 0] - train Epoch 5/24: 26.7% (520/1946)
[2025-11-17 21:59:00][INFO][Rank 0] - train Epoch 5/24: 27.2% (530/1946)
[2025-11-17 21:59:07][INFO][Rank 0] - train Epoch 5/24: 27.7% (540/1946)
[2025-11-17 21:59:08][INFO][Rank 0] - CUDA Memory [train][Step 540]: Device 0: Allocated: 3309.6 MB, Reserved: 117540.0 MB (Δ: +1687.0 MB)
[2025-11-17 21:59:14][INFO][Rank 0] - train Epoch 5/24: 28.3% (550/1946)
[2025-11-17 21:59:21][INFO][Rank 0] - train Epoch 5/24: 28.8% (560/1946)
[2025-11-17 21:59:28][INFO][Rank 0] - train Epoch 5/24: 29.3% (570/1946)
[2025-11-17 21:59:35][INFO][Rank 0] - train Epoch 5/24: 29.8% (580/1946)
[2025-11-17 21:59:42][INFO][Rank 0] - train Epoch 5/24: 30.3% (590/1946)
[2025-11-17 21:59:50][INFO][Rank 0] - train Epoch 5/24: 30.8% (600/1946)
[2025-11-17 21:59:57][INFO][Rank 0] - train Epoch 5/24: 31.3% (610/1946)
[2025-11-17 22:00:04][INFO][Rank 0] - train Epoch 5/24: 31.9% (620/1946)
[2025-11-17 22:00:11][INFO][Rank 0] - train Epoch 5/24: 32.4% (630/1946)
[2025-11-17 22:00:11][INFO][Rank 0] - CUDA Memory [train][Step 630]: Device 0: Allocated: 3309.6 MB, Reserved: 117540.0 MB (Δ: +1687.0 MB)
[2025-11-17 22:00:18][INFO][Rank 0] - train Epoch 5/24: 32.9% (640/1946)
[2025-11-17 22:00:25][INFO][Rank 0] - train Epoch 5/24: 33.4% (650/1946)
[2025-11-17 22:00:32][INFO][Rank 0] - train Epoch 5/24: 33.9% (660/1946)
[2025-11-17 22:00:39][INFO][Rank 0] - train Epoch 5/24: 34.4% (670/1946)
[2025-11-17 22:00:46][INFO][Rank 0] - train Epoch 5/24: 34.9% (680/1946)
[2025-11-17 22:00:53][INFO][Rank 0] - train Epoch 5/24: 35.5% (690/1946)
[2025-11-17 22:01:00][INFO][Rank 0] - train Epoch 5/24: 36.0% (700/1946)
[2025-11-17 22:01:07][INFO][Rank 0] - train Epoch 5/24: 36.5% (710/1946)
[2025-11-17 22:01:14][INFO][Rank 0] - train Epoch 5/24: 37.0% (720/1946)
[2025-11-17 22:01:15][INFO][Rank 0] - CUDA Memory [train][Step 720]: Device 0: Allocated: 3309.6 MB, Reserved: 117540.0 MB (Δ: +1687.0 MB)
[2025-11-17 22:01:21][INFO][Rank 0] - train Epoch 5/24: 37.5% (730/1946)
[2025-11-17 22:01:29][INFO][Rank 0] - train Epoch 5/24: 38.0% (740/1946)
[2025-11-17 22:01:36][INFO][Rank 0] - train Epoch 5/24: 38.5% (750/1946)
[2025-11-17 22:01:43][INFO][Rank 0] - train Epoch 5/24: 39.1% (760/1946)
[2025-11-17 22:01:50][INFO][Rank 0] - train Epoch 5/24: 39.6% (770/1946)
[2025-11-17 22:01:57][INFO][Rank 0] - train Epoch 5/24: 40.1% (780/1946)
[2025-11-17 22:02:04][INFO][Rank 0] - train Epoch 5/24: 40.6% (790/1946)
[2025-11-17 22:02:11][INFO][Rank 0] - train Epoch 5/24: 41.1% (800/1946)
[2025-11-17 22:02:18][INFO][Rank 0] - train Epoch 5/24: 41.6% (810/1946)
[2025-11-17 22:02:19][INFO][Rank 0] - CUDA Memory [train][Step 810]: Device 0: Allocated: 3309.6 MB, Reserved: 117540.0 MB (Δ: +1687.0 MB)
[2025-11-17 22:02:25][INFO][Rank 0] - train Epoch 5/24: 42.1% (820/1946)
[2025-11-17 22:02:32][INFO][Rank 0] - train Epoch 5/24: 42.7% (830/1946)
[2025-11-17 22:02:39][INFO][Rank 0] - train Epoch 5/24: 43.2% (840/1946)
[2025-11-17 22:02:46][INFO][Rank 0] - train Epoch 5/24: 43.7% (850/1946)
[2025-11-17 22:02:53][INFO][Rank 0] - train Epoch 5/24: 44.2% (860/1946)
[2025-11-17 22:03:00][INFO][Rank 0] - train Epoch 5/24: 44.7% (870/1946)
[2025-11-17 22:03:07][INFO][Rank 0] - train Epoch 5/24: 45.2% (880/1946)
[2025-11-17 22:03:15][INFO][Rank 0] - train Epoch 5/24: 45.7% (890/1946)
[2025-11-17 22:03:22][INFO][Rank 0] - train Epoch 5/24: 46.2% (900/1946)
[2025-11-17 22:03:22][INFO][Rank 0] - CUDA Memory [train][Step 900]: Device 0: Allocated: 3309.6 MB, Reserved: 117540.0 MB (Δ: +1687.0 MB)
[2025-11-17 22:03:29][INFO][Rank 0] - train Epoch 5/24: 46.8% (910/1946)
[2025-11-17 22:03:36][INFO][Rank 0] - train Epoch 5/24: 47.3% (920/1946)
[2025-11-17 22:03:43][INFO][Rank 0] - train Epoch 5/24: 47.8% (930/1946)
[2025-11-17 22:03:50][INFO][Rank 0] - train Epoch 5/24: 48.3% (940/1946)
[2025-11-17 22:03:57][INFO][Rank 0] - train Epoch 5/24: 48.8% (950/1946)
[2025-11-17 22:04:04][INFO][Rank 0] - train Epoch 5/24: 49.3% (960/1946)
[2025-11-17 22:04:11][INFO][Rank 0] - train Epoch 5/24: 49.8% (970/1946)
[2025-11-17 22:04:18][INFO][Rank 0] - train Epoch 5/24: 50.4% (980/1946)
[2025-11-17 22:04:25][INFO][Rank 0] - train Epoch 5/24: 50.9% (990/1946)
[2025-11-17 22:04:26][INFO][Rank 0] - CUDA Memory [train][Step 990]: Device 0: Allocated: 3309.6 MB, Reserved: 117540.0 MB (Δ: +1687.0 MB)
[2025-11-17 22:04:32][INFO][Rank 0] - train Epoch 5/24: 51.4% (1000/1946)
[2025-11-17 22:04:39][INFO][Rank 0] - train Epoch 5/24: 51.9% (1010/1946)
[2025-11-17 22:04:46][INFO][Rank 0] - train Epoch 5/24: 52.4% (1020/1946)
[2025-11-17 22:04:53][INFO][Rank 0] - train Epoch 5/24: 52.9% (1030/1946)
[2025-11-17 22:05:01][INFO][Rank 0] - train Epoch 5/24: 53.4% (1040/1946)
[2025-11-17 22:05:08][INFO][Rank 0] - train Epoch 5/24: 54.0% (1050/1946)
[2025-11-17 22:05:15][INFO][Rank 0] - train Epoch 5/24: 54.5% (1060/1946)
[2025-11-17 22:05:22][INFO][Rank 0] - train Epoch 5/24: 55.0% (1070/1946)
[2025-11-17 22:05:29][INFO][Rank 0] - train Epoch 5/24: 55.5% (1080/1946)
[2025-11-17 22:05:29][INFO][Rank 0] - CUDA Memory [train][Step 1080]: Device 0: Allocated: 3309.6 MB, Reserved: 117540.0 MB (Δ: +1687.0 MB)
[2025-11-17 22:05:36][INFO][Rank 0] - train Epoch 5/24: 56.0% (1090/1946)
[2025-11-17 22:05:43][INFO][Rank 0] - train Epoch 5/24: 56.5% (1100/1946)
[2025-11-17 22:05:50][INFO][Rank 0] - train Epoch 5/24: 57.0% (1110/1946)
[2025-11-17 22:05:57][INFO][Rank 0] - train Epoch 5/24: 57.6% (1120/1946)
[2025-11-17 22:06:04][INFO][Rank 0] - train Epoch 5/24: 58.1% (1130/1946)
[2025-11-17 22:06:11][INFO][Rank 0] - train Epoch 5/24: 58.6% (1140/1946)
[2025-11-17 22:06:18][INFO][Rank 0] - train Epoch 5/24: 59.1% (1150/1946)
[2025-11-17 22:06:25][INFO][Rank 0] - train Epoch 5/24: 59.6% (1160/1946)
[2025-11-17 22:06:32][INFO][Rank 0] - train Epoch 5/24: 60.1% (1170/1946)
[2025-11-17 22:06:33][INFO][Rank 0] - CUDA Memory [train][Step 1170]: Device 0: Allocated: 3309.6 MB, Reserved: 117540.0 MB (Δ: +1687.0 MB)
[2025-11-17 22:06:39][INFO][Rank 0] - train Epoch 5/24: 60.6% (1180/1946)
[2025-11-17 22:06:47][INFO][Rank 0] - train Epoch 5/24: 61.2% (1190/1946)
[2025-11-17 22:06:54][INFO][Rank 0] - train Epoch 5/24: 61.7% (1200/1946)
[2025-11-17 22:07:01][INFO][Rank 0] - train Epoch 5/24: 62.2% (1210/1946)
[2025-11-17 22:07:08][INFO][Rank 0] - train Epoch 5/24: 62.7% (1220/1946)
[2025-11-17 22:07:15][INFO][Rank 0] - train Epoch 5/24: 63.2% (1230/1946)
[2025-11-17 22:07:22][INFO][Rank 0] - train Epoch 5/24: 63.7% (1240/1946)
[2025-11-17 22:07:29][INFO][Rank 0] - train Epoch 5/24: 64.2% (1250/1946)
[2025-11-17 22:07:36][INFO][Rank 0] - train Epoch 5/24: 64.7% (1260/1946)
[2025-11-17 22:07:37][INFO][Rank 0] - CUDA Memory [train][Step 1260]: Device 0: Allocated: 3309.6 MB, Reserved: 117540.0 MB (Δ: +1687.0 MB)
[2025-11-17 22:07:43][INFO][Rank 0] - train Epoch 5/24: 65.3% (1270/1946)
[2025-11-17 22:07:50][INFO][Rank 0] - train Epoch 5/24: 65.8% (1280/1946)
[2025-11-17 22:07:57][INFO][Rank 0] - train Epoch 5/24: 66.3% (1290/1946)
[2025-11-17 22:08:04][INFO][Rank 0] - train Epoch 5/24: 66.8% (1300/1946)
[2025-11-17 22:08:11][INFO][Rank 0] - train Epoch 5/24: 67.3% (1310/1946)
[2025-11-17 22:08:18][INFO][Rank 0] - train Epoch 5/24: 67.8% (1320/1946)
[2025-11-17 22:08:25][INFO][Rank 0] - train Epoch 5/24: 68.3% (1330/1946)
[2025-11-17 22:08:33][INFO][Rank 0] - train Epoch 5/24: 68.9% (1340/1946)
[2025-11-17 22:08:40][INFO][Rank 0] - train Epoch 5/24: 69.4% (1350/1946)
[2025-11-17 22:08:40][INFO][Rank 0] - CUDA Memory [train][Step 1350]: Device 0: Allocated: 3309.6 MB, Reserved: 117540.0 MB (Δ: +1687.0 MB)
[2025-11-17 22:08:47][INFO][Rank 0] - train Epoch 5/24: 69.9% (1360/1946)
[2025-11-17 22:08:54][INFO][Rank 0] - train Epoch 5/24: 70.4% (1370/1946)
[2025-11-17 22:09:01][INFO][Rank 0] - train Epoch 5/24: 70.9% (1380/1946)
[2025-11-17 22:09:08][INFO][Rank 0] - train Epoch 5/24: 71.4% (1390/1946)
[2025-11-17 22:09:15][INFO][Rank 0] - train Epoch 5/24: 71.9% (1400/1946)
[2025-11-17 22:09:22][INFO][Rank 0] - train Epoch 5/24: 72.5% (1410/1946)
[2025-11-17 22:09:29][INFO][Rank 0] - train Epoch 5/24: 73.0% (1420/1946)
[2025-11-17 22:09:36][INFO][Rank 0] - train Epoch 5/24: 73.5% (1430/1946)
[2025-11-17 22:09:43][INFO][Rank 0] - train Epoch 5/24: 74.0% (1440/1946)
[2025-11-17 22:09:44][INFO][Rank 0] - CUDA Memory [train][Step 1440]: Device 0: Allocated: 3309.6 MB, Reserved: 117540.0 MB (Δ: +1687.0 MB)
[2025-11-17 22:09:50][INFO][Rank 0] - train Epoch 5/24: 74.5% (1450/1946)
[2025-11-17 22:09:57][INFO][Rank 0] - train Epoch 5/24: 75.0% (1460/1946)
[2025-11-17 22:10:04][INFO][Rank 0] - train Epoch 5/24: 75.5% (1470/1946)
[2025-11-17 22:10:11][INFO][Rank 0] - train Epoch 5/24: 76.1% (1480/1946)
[2025-11-17 22:10:19][INFO][Rank 0] - train Epoch 5/24: 76.6% (1490/1946)
[2025-11-17 22:10:26][INFO][Rank 0] - train Epoch 5/24: 77.1% (1500/1946)
[2025-11-17 22:10:33][INFO][Rank 0] - train Epoch 5/24: 77.6% (1510/1946)
[2025-11-17 22:10:40][INFO][Rank 0] - train Epoch 5/24: 78.1% (1520/1946)
[2025-11-17 22:10:47][INFO][Rank 0] - train Epoch 5/24: 78.6% (1530/1946)
[2025-11-17 22:10:48][INFO][Rank 0] - CUDA Memory [train][Step 1530]: Device 0: Allocated: 3309.6 MB, Reserved: 117540.0 MB (Δ: +1687.0 MB)
[2025-11-17 22:10:54][INFO][Rank 0] - train Epoch 5/24: 79.1% (1540/1946)
[2025-11-17 22:11:01][INFO][Rank 0] - train Epoch 5/24: 79.7% (1550/1946)
[2025-11-17 22:11:08][INFO][Rank 0] - train Epoch 5/24: 80.2% (1560/1946)
[2025-11-17 22:11:15][INFO][Rank 0] - train Epoch 5/24: 80.7% (1570/1946)
[2025-11-17 22:11:22][INFO][Rank 0] - train Epoch 5/24: 81.2% (1580/1946)
[2025-11-17 22:11:29][INFO][Rank 0] - train Epoch 5/24: 81.7% (1590/1946)
[2025-11-17 22:11:36][INFO][Rank 0] - train Epoch 5/24: 82.2% (1600/1946)
[2025-11-17 22:11:43][INFO][Rank 0] - train Epoch 5/24: 82.7% (1610/1946)
[2025-11-17 22:11:50][INFO][Rank 0] - train Epoch 5/24: 83.2% (1620/1946)
[2025-11-17 22:11:51][INFO][Rank 0] - CUDA Memory [train][Step 1620]: Device 0: Allocated: 3309.6 MB, Reserved: 117540.0 MB (Δ: +1687.0 MB)
[2025-11-17 22:11:57][INFO][Rank 0] - train Epoch 5/24: 83.8% (1630/1946)
[2025-11-17 22:12:05][INFO][Rank 0] - train Epoch 5/24: 84.3% (1640/1946)
[2025-11-17 22:12:12][INFO][Rank 0] - train Epoch 5/24: 84.8% (1650/1946)
[2025-11-17 22:12:19][INFO][Rank 0] - train Epoch 5/24: 85.3% (1660/1946)
[2025-11-17 22:12:26][INFO][Rank 0] - train Epoch 5/24: 85.8% (1670/1946)
[2025-11-17 22:12:33][INFO][Rank 0] - train Epoch 5/24: 86.3% (1680/1946)
[2025-11-17 22:12:40][INFO][Rank 0] - train Epoch 5/24: 86.8% (1690/1946)
[2025-11-17 22:12:47][INFO][Rank 0] - train Epoch 5/24: 87.4% (1700/1946)
[2025-11-17 22:12:54][INFO][Rank 0] - train Epoch 5/24: 87.9% (1710/1946)
[2025-11-17 22:12:55][INFO][Rank 0] - CUDA Memory [train][Step 1710]: Device 0: Allocated: 3309.6 MB, Reserved: 117540.0 MB (Δ: +1687.0 MB)
[2025-11-17 22:13:01][INFO][Rank 0] - train Epoch 5/24: 88.4% (1720/1946)
[2025-11-17 22:13:08][INFO][Rank 0] - train Epoch 5/24: 88.9% (1730/1946)
[2025-11-17 22:13:15][INFO][Rank 0] - train Epoch 5/24: 89.4% (1740/1946)
[2025-11-17 22:13:22][INFO][Rank 0] - train Epoch 5/24: 89.9% (1750/1946)
[2025-11-17 22:13:29][INFO][Rank 0] - train Epoch 5/24: 90.4% (1760/1946)
[2025-11-17 22:13:36][INFO][Rank 0] - train Epoch 5/24: 91.0% (1770/1946)
[2025-11-17 22:13:43][INFO][Rank 0] - train Epoch 5/24: 91.5% (1780/1946)
[2025-11-17 22:13:51][INFO][Rank 0] - train Epoch 5/24: 92.0% (1790/1946)
[2025-11-17 22:13:58][INFO][Rank 0] - train Epoch 5/24: 92.5% (1800/1946)
[2025-11-17 22:13:58][INFO][Rank 0] - CUDA Memory [train][Step 1800]: Device 0: Allocated: 3309.6 MB, Reserved: 117540.0 MB (Δ: +1687.0 MB)
[2025-11-17 22:14:05][INFO][Rank 0] - train Epoch 5/24: 93.0% (1810/1946)
[2025-11-17 22:14:12][INFO][Rank 0] - train Epoch 5/24: 93.5% (1820/1946)
[2025-11-17 22:14:19][INFO][Rank 0] - train Epoch 5/24: 94.0% (1830/1946)
[2025-11-17 22:14:26][INFO][Rank 0] - train Epoch 5/24: 94.6% (1840/1946)
[2025-11-17 22:14:33][INFO][Rank 0] - train Epoch 5/24: 95.1% (1850/1946)
[2025-11-17 22:14:40][INFO][Rank 0] - train Epoch 5/24: 95.6% (1860/1946)
[2025-11-17 22:14:47][INFO][Rank 0] - train Epoch 5/24: 96.1% (1870/1946)
[2025-11-17 22:14:54][INFO][Rank 0] - train Epoch 5/24: 96.6% (1880/1946)
[2025-11-17 22:15:01][INFO][Rank 0] - train Epoch 5/24: 97.1% (1890/1946)
[2025-11-17 22:15:02][INFO][Rank 0] - CUDA Memory [train][Step 1890]: Device 0: Allocated: 3309.6 MB, Reserved: 117540.0 MB (Δ: +1687.0 MB)
[2025-11-17 22:15:08][INFO][Rank 0] - train Epoch 5/24: 97.6% (1900/1946)
[2025-11-17 22:15:15][INFO][Rank 0] - train Epoch 5/24: 98.2% (1910/1946)
[2025-11-17 22:15:22][INFO][Rank 0] - train Epoch 5/24: 98.7% (1920/1946)
[2025-11-17 22:15:29][INFO][Rank 0] - train Epoch 5/24: 99.2% (1930/1946)
[2025-11-17 22:15:37][INFO][Rank 0] - train Epoch 5/24: 99.7% (1940/1946)
[2025-11-17 22:15:40][INFO][Rank 0] - train Epoch 5/24: 99.9% (1945/1946)
[2025-11-17 22:15:41][INFO][Rank 0] - train Loss: 0.1906 Acc: 0.9740 F1: 0.9866
[2025-11-17 22:15:41][INFO][Rank 0] - train Balanced Acc: 0.8597 AUC-ROC: 0.9580
[2025-11-17 22:15:41][INFO][Rank 0] - train Sensitivity: 0.9803 Specificity: 0.7391
[2025-11-17 22:15:41][INFO][Rank 0] - train Confusion Matrix: TP=18581, FP=132, FN=373, TN=374
[2025-11-17 22:15:41][INFO][Rank 0] - train completed in 1375.93s
[2025-11-17 22:15:41][INFO][Rank 0] - Data loading time: 1.31s, Forward time: 280.13s, Backward time: 745.95s
[2025-11-17 22:15:41][INFO][Rank 0] - train cache: 0/1 items, hit rate: 0.00%
[2025-11-17 22:15:41][INFO][Rank 0] - CUDA Memory [val][Step 0]: Device 0: Allocated: 3309.6 MB, Reserved: 117540.0 MB (Δ: +1687.0 MB)
[2025-11-17 22:15:41][INFO][Rank 0] - val phase: total 401 batches
[2025-11-17 22:15:41][INFO][Rank 0] - val Epoch 5/24: 0.0% (0/401)
[2025-11-17 22:15:46][INFO][Rank 0] - val Epoch 5/24: 2.5% (10/401)
[2025-11-17 22:15:51][INFO][Rank 0] - val Epoch 5/24: 5.0% (20/401)
[2025-11-17 22:15:56][INFO][Rank 0] - val Epoch 5/24: 7.5% (30/401)
[2025-11-17 22:16:01][INFO][Rank 0] - val Epoch 5/24: 10.0% (40/401)
[2025-11-17 22:16:06][INFO][Rank 0] - val Epoch 5/24: 12.5% (50/401)
[2025-11-17 22:16:11][INFO][Rank 0] - val Epoch 5/24: 15.0% (60/401)
[2025-11-17 22:16:16][INFO][Rank 0] - val Epoch 5/24: 17.5% (70/401)
[2025-11-17 22:16:21][INFO][Rank 0] - val Epoch 5/24: 20.0% (80/401)
[2025-11-17 22:16:26][INFO][Rank 0] - val Epoch 5/24: 22.4% (90/401)
[2025-11-17 22:16:31][INFO][Rank 0] - val Epoch 5/24: 24.9% (100/401)
[2025-11-17 22:16:36][INFO][Rank 0] - val Epoch 5/24: 27.4% (110/401)
[2025-11-17 22:16:41][INFO][Rank 0] - val Epoch 5/24: 29.9% (120/401)
[2025-11-17 22:16:42][INFO][Rank 0] - CUDA Memory [val][Step 120]: Device 0: Allocated: 3309.6 MB, Reserved: 117540.0 MB (Δ: +1687.0 MB)
[2025-11-17 22:16:46][INFO][Rank 0] - val Epoch 5/24: 32.4% (130/401)
[2025-11-17 22:16:51][INFO][Rank 0] - val Epoch 5/24: 34.9% (140/401)
[2025-11-17 22:16:56][INFO][Rank 0] - val Epoch 5/24: 37.4% (150/401)
[2025-11-17 22:17:01][INFO][Rank 0] - val Epoch 5/24: 39.9% (160/401)
[2025-11-17 22:17:06][INFO][Rank 0] - val Epoch 5/24: 42.4% (170/401)
[2025-11-17 22:17:11][INFO][Rank 0] - val Epoch 5/24: 44.9% (180/401)
[2025-11-17 22:17:16][INFO][Rank 0] - val Epoch 5/24: 47.4% (190/401)
[2025-11-17 22:17:21][INFO][Rank 0] - val Epoch 5/24: 49.9% (200/401)
[2025-11-17 22:17:26][INFO][Rank 0] - val Epoch 5/24: 52.4% (210/401)
[2025-11-17 22:17:31][INFO][Rank 0] - val Epoch 5/24: 54.9% (220/401)
[2025-11-17 22:17:36][INFO][Rank 0] - val Epoch 5/24: 57.4% (230/401)
[2025-11-17 22:17:41][INFO][Rank 0] - val Epoch 5/24: 59.9% (240/401)
[2025-11-17 22:17:42][INFO][Rank 0] - CUDA Memory [val][Step 240]: Device 0: Allocated: 3309.6 MB, Reserved: 117540.0 MB (Δ: +1687.0 MB)
[2025-11-17 22:17:46][INFO][Rank 0] - val Epoch 5/24: 62.3% (250/401)
[2025-11-17 22:17:51][INFO][Rank 0] - val Epoch 5/24: 64.8% (260/401)
[2025-11-17 22:17:56][INFO][Rank 0] - val Epoch 5/24: 67.3% (270/401)
[2025-11-17 22:18:01][INFO][Rank 0] - val Epoch 5/24: 69.8% (280/401)
[2025-11-17 22:18:06][INFO][Rank 0] - val Epoch 5/24: 72.3% (290/401)
[2025-11-17 22:18:11][INFO][Rank 0] - val Epoch 5/24: 74.8% (300/401)
[2025-11-17 22:18:16][INFO][Rank 0] - val Epoch 5/24: 77.3% (310/401)
[2025-11-17 22:18:21][INFO][Rank 0] - val Epoch 5/24: 79.8% (320/401)
[2025-11-17 22:18:26][INFO][Rank 0] - val Epoch 5/24: 82.3% (330/401)
[2025-11-17 22:18:31][INFO][Rank 0] - val Epoch 5/24: 84.8% (340/401)
[2025-11-17 22:18:36][INFO][Rank 0] - val Epoch 5/24: 87.3% (350/401)
[2025-11-17 22:18:41][INFO][Rank 0] - val Epoch 5/24: 89.8% (360/401)
[2025-11-17 22:18:46][INFO][Rank 0] - val Epoch 5/24: 92.3% (370/401)
[2025-11-17 22:18:51][INFO][Rank 0] - val Epoch 5/24: 94.8% (380/401)
[2025-11-17 22:18:56][INFO][Rank 0] - val Epoch 5/24: 97.3% (390/401)
[2025-11-17 22:18:57][INFO][Rank 0] - CUDA Memory [val][Step 390]: Device 0: Allocated: 3309.6 MB, Reserved: 117540.0 MB (Δ: +1687.0 MB)
[2025-11-17 22:19:01][INFO][Rank 0] - val Epoch 5/24: 99.8% (400/401)
[2025-11-17 22:19:01][INFO][Rank 0] - val Loss: 0.1245 Acc: 0.9713 F1: 0.9852
[2025-11-17 22:19:01][INFO][Rank 0] - val Balanced Acc: 0.8599 AUC-ROC: 0.9788
[2025-11-17 22:19:01][INFO][Rank 0] - val Sensitivity: 0.9772 Specificity: 0.7426
[2025-11-17 22:19:01][INFO][Rank 0] - val Confusion Matrix: TP=3820, FP=26, FN=89, TN=75
[2025-11-17 22:19:01][INFO][Rank 0] - val completed in 200.70s
[2025-11-17 22:19:01][INFO][Rank 0] - val cache: 0/1 items, hit rate: 0.00%
[2025-11-17 22:19:06][INFO][Rank 0] - Saved new best balanced_acc model with balanced_acc: 0.8599 at /projects/retprogression/rgarridogarcia/checkpoints/cropped1024_cropped_centered_wt_allR_5/best_balanced_acc_model.pth
[2025-11-17 22:19:11][INFO][Rank 0] - Also saved as general best model at /projects/retprogression/rgarridogarcia/checkpoints/cropped1024_cropped_centered_wt_allR_5/best_model.pth
[2025-11-17 22:19:15][INFO][Rank 0] - Saved new best auc model with auc: 0.9788 at /projects/retprogression/rgarridogarcia/checkpoints/cropped1024_cropped_centered_wt_allR_5/best_auc_model.pth
[2025-11-17 22:19:19][INFO][Rank 0] - Saved epoch checkpoint at /projects/retprogression/rgarridogarcia/checkpoints/cropped1024_cropped_centered_wt_allR_5/epoch_5.pth
[2025-11-17 22:19:19][INFO][Rank 0] - Epoch 5 summary:
[2025-11-17 22:19:19][INFO][Rank 0] -  Train Loss: 0.1906, Train Acc: 0.9740, Train F1: 0.9866
[2025-11-17 22:19:19][INFO][Rank 0] -  Train Balanced Acc: 0.8597, Train AUC: 0.9580
[2025-11-17 22:19:19][INFO][Rank 0] -  Train Sensitivity: 0.9803, Train Specificity: 0.7391
[2025-11-17 22:19:19][INFO][Rank 0] -  Val Loss: 0.1245, Val Acc: 0.9713, Val F1: 0.9852
[2025-11-17 22:19:19][INFO][Rank 0] -  Val Balanced Acc: 0.8599, Val AUC: 0.9788
[2025-11-17 22:19:19][INFO][Rank 0] -  Val Sensitivity: 0.9772, Val Specificity: 0.7426
[2025-11-17 22:19:19][INFO][Rank 0] -  Total Epoch Time: 1594.46s
[2025-11-17 22:19:19][INFO][Rank 0] - Epoch 6/24
[2025-11-17 22:19:19][INFO][Rank 0] - ----------
[2025-11-17 22:19:19][INFO][Rank 0] - CUDA Memory [train][Step 0]: Device 0: Allocated: 3309.6 MB, Reserved: 117540.0 MB (Δ: +1687.0 MB)
[2025-11-17 22:19:19][INFO][Rank 0] - train phase: total 1946 batches
[2025-11-17 22:19:20][INFO][Rank 0] - train Epoch 6/24: 0.0% (0/1946)
[2025-11-17 22:19:27][INFO][Rank 0] - train Epoch 6/24: 0.5% (10/1946)
[2025-11-17 22:19:34][INFO][Rank 0] - train Epoch 6/24: 1.0% (20/1946)
[2025-11-17 22:19:41][INFO][Rank 0] - train Epoch 6/24: 1.5% (30/1946)
[2025-11-17 22:19:48][INFO][Rank 0] - train Epoch 6/24: 2.1% (40/1946)
[2025-11-17 22:19:55][INFO][Rank 0] - train Epoch 6/24: 2.6% (50/1946)
[2025-11-17 22:20:02][INFO][Rank 0] - train Epoch 6/24: 3.1% (60/1946)
[2025-11-17 22:20:09][INFO][Rank 0] - train Epoch 6/24: 3.6% (70/1946)
[2025-11-17 22:20:16][INFO][Rank 0] - train Epoch 6/24: 4.1% (80/1946)
[2025-11-17 22:20:23][INFO][Rank 0] - train Epoch 6/24: 4.6% (90/1946)
[2025-11-17 22:20:24][INFO][Rank 0] - CUDA Memory [train][Step 90]: Device 0: Allocated: 3309.6 MB, Reserved: 117540.0 MB (Δ: +1687.0 MB)
[2025-11-17 22:20:30][INFO][Rank 0] - train Epoch 6/24: 5.1% (100/1946)
[2025-11-17 22:20:38][INFO][Rank 0] - train Epoch 6/24: 5.7% (110/1946)
[2025-11-17 22:20:45][INFO][Rank 0] - train Epoch 6/24: 6.2% (120/1946)
[2025-11-17 22:20:52][INFO][Rank 0] - train Epoch 6/24: 6.7% (130/1946)
[2025-11-17 22:20:59][INFO][Rank 0] - train Epoch 6/24: 7.2% (140/1946)
[2025-11-17 22:21:06][INFO][Rank 0] - train Epoch 6/24: 7.7% (150/1946)
[2025-11-17 22:21:13][INFO][Rank 0] - train Epoch 6/24: 8.2% (160/1946)
[2025-11-17 22:21:20][INFO][Rank 0] - train Epoch 6/24: 8.7% (170/1946)
[2025-11-17 22:21:27][INFO][Rank 0] - train Epoch 6/24: 9.2% (180/1946)
[2025-11-17 22:21:28][INFO][Rank 0] - CUDA Memory [train][Step 180]: Device 0: Allocated: 3309.6 MB, Reserved: 117540.0 MB (Δ: +1687.0 MB)
[2025-11-17 22:21:34][INFO][Rank 0] - train Epoch 6/24: 9.8% (190/1946)
[2025-11-17 22:21:41][INFO][Rank 0] - train Epoch 6/24: 10.3% (200/1946)
[2025-11-17 22:21:48][INFO][Rank 0] - train Epoch 6/24: 10.8% (210/1946)
[2025-11-17 22:21:55][INFO][Rank 0] - train Epoch 6/24: 11.3% (220/1946)
[2025-11-17 22:22:02][INFO][Rank 0] - train Epoch 6/24: 11.8% (230/1946)
[2025-11-17 22:22:09][INFO][Rank 0] - train Epoch 6/24: 12.3% (240/1946)
[2025-11-17 22:22:16][INFO][Rank 0] - train Epoch 6/24: 12.8% (250/1946)
[2025-11-17 22:22:24][INFO][Rank 0] - train Epoch 6/24: 13.4% (260/1946)
[2025-11-17 22:22:31][INFO][Rank 0] - train Epoch 6/24: 13.9% (270/1946)
[2025-11-17 22:22:31][INFO][Rank 0] - CUDA Memory [train][Step 270]: Device 0: Allocated: 3309.6 MB, Reserved: 117540.0 MB (Δ: +1687.0 MB)
[2025-11-17 22:22:38][INFO][Rank 0] - train Epoch 6/24: 14.4% (280/1946)
[2025-11-17 22:22:45][INFO][Rank 0] - train Epoch 6/24: 14.9% (290/1946)
[2025-11-17 22:22:52][INFO][Rank 0] - train Epoch 6/24: 15.4% (300/1946)
[2025-11-17 22:22:59][INFO][Rank 0] - train Epoch 6/24: 15.9% (310/1946)
[2025-11-17 22:23:06][INFO][Rank 0] - train Epoch 6/24: 16.4% (320/1946)
[2025-11-17 22:23:13][INFO][Rank 0] - train Epoch 6/24: 17.0% (330/1946)
[2025-11-17 22:23:20][INFO][Rank 0] - train Epoch 6/24: 17.5% (340/1946)
[2025-11-17 22:23:27][INFO][Rank 0] - train Epoch 6/24: 18.0% (350/1946)
[2025-11-17 22:23:34][INFO][Rank 0] - train Epoch 6/24: 18.5% (360/1946)
[2025-11-17 22:23:35][INFO][Rank 0] - CUDA Memory [train][Step 360]: Device 0: Allocated: 3309.6 MB, Reserved: 117540.0 MB (Δ: +1687.0 MB)
[2025-11-17 22:23:41][INFO][Rank 0] - train Epoch 6/24: 19.0% (370/1946)
[2025-11-17 22:23:48][INFO][Rank 0] - train Epoch 6/24: 19.5% (380/1946)
[2025-11-17 22:23:55][INFO][Rank 0] - train Epoch 6/24: 20.0% (390/1946)
[2025-11-17 22:24:02][INFO][Rank 0] - train Epoch 6/24: 20.6% (400/1946)
[2025-11-17 22:24:10][INFO][Rank 0] - train Epoch 6/24: 21.1% (410/1946)
[2025-11-17 22:24:17][INFO][Rank 0] - train Epoch 6/24: 21.6% (420/1946)
[2025-11-17 22:24:24][INFO][Rank 0] - train Epoch 6/24: 22.1% (430/1946)
[2025-11-17 22:24:31][INFO][Rank 0] - train Epoch 6/24: 22.6% (440/1946)
[2025-11-17 22:24:38][INFO][Rank 0] - train Epoch 6/24: 23.1% (450/1946)
[2025-11-17 22:24:39][INFO][Rank 0] - CUDA Memory [train][Step 450]: Device 0: Allocated: 3309.6 MB, Reserved: 117540.0 MB (Δ: +1687.0 MB)
[2025-11-17 22:24:45][INFO][Rank 0] - train Epoch 6/24: 23.6% (460/1946)
[2025-11-17 22:24:52][INFO][Rank 0] - train Epoch 6/24: 24.2% (470/1946)
[2025-11-17 22:24:59][INFO][Rank 0] - train Epoch 6/24: 24.7% (480/1946)
[2025-11-17 22:25:06][INFO][Rank 0] - train Epoch 6/24: 25.2% (490/1946)
[2025-11-17 22:25:13][INFO][Rank 0] - train Epoch 6/24: 25.7% (500/1946)
[2025-11-17 22:25:20][INFO][Rank 0] - train Epoch 6/24: 26.2% (510/1946)
[2025-11-17 22:25:27][INFO][Rank 0] - train Epoch 6/24: 26.7% (520/1946)
[2025-11-17 22:25:34][INFO][Rank 0] - train Epoch 6/24: 27.2% (530/1946)
[2025-11-17 22:25:41][INFO][Rank 0] - train Epoch 6/24: 27.7% (540/1946)
[2025-11-17 22:25:42][INFO][Rank 0] - CUDA Memory [train][Step 540]: Device 0: Allocated: 3309.6 MB, Reserved: 117540.0 MB (Δ: +1687.0 MB)
[2025-11-17 22:25:48][INFO][Rank 0] - train Epoch 6/24: 28.3% (550/1946)
[2025-11-17 22:25:56][INFO][Rank 0] - train Epoch 6/24: 28.8% (560/1946)
[2025-11-17 22:26:03][INFO][Rank 0] - train Epoch 6/24: 29.3% (570/1946)
[2025-11-17 22:26:10][INFO][Rank 0] - train Epoch 6/24: 29.8% (580/1946)
[2025-11-17 22:26:17][INFO][Rank 0] - train Epoch 6/24: 30.3% (590/1946)
[2025-11-17 22:26:24][INFO][Rank 0] - train Epoch 6/24: 30.8% (600/1946)
[2025-11-17 22:26:31][INFO][Rank 0] - train Epoch 6/24: 31.3% (610/1946)
[2025-11-17 22:26:38][INFO][Rank 0] - train Epoch 6/24: 31.9% (620/1946)
[2025-11-17 22:26:45][INFO][Rank 0] - train Epoch 6/24: 32.4% (630/1946)
[2025-11-17 22:26:46][INFO][Rank 0] - CUDA Memory [train][Step 630]: Device 0: Allocated: 3309.6 MB, Reserved: 117540.0 MB (Δ: +1687.0 MB)
[2025-11-17 22:26:52][INFO][Rank 0] - train Epoch 6/24: 32.9% (640/1946)
[2025-11-17 22:26:59][INFO][Rank 0] - train Epoch 6/24: 33.4% (650/1946)
[2025-11-17 22:27:06][INFO][Rank 0] - train Epoch 6/24: 33.9% (660/1946)
[2025-11-17 22:27:13][INFO][Rank 0] - train Epoch 6/24: 34.4% (670/1946)
[2025-11-17 22:27:20][INFO][Rank 0] - train Epoch 6/24: 34.9% (680/1946)
[2025-11-17 22:27:27][INFO][Rank 0] - train Epoch 6/24: 35.5% (690/1946)
[2025-11-17 22:27:34][INFO][Rank 0] - train Epoch 6/24: 36.0% (700/1946)
[2025-11-17 22:27:42][INFO][Rank 0] - train Epoch 6/24: 36.5% (710/1946)
[2025-11-17 22:27:49][INFO][Rank 0] - train Epoch 6/24: 37.0% (720/1946)
[2025-11-17 22:27:49][INFO][Rank 0] - CUDA Memory [train][Step 720]: Device 0: Allocated: 3309.6 MB, Reserved: 117540.0 MB (Δ: +1687.0 MB)
[2025-11-17 22:27:56][INFO][Rank 0] - train Epoch 6/24: 37.5% (730/1946)
[2025-11-17 22:28:03][INFO][Rank 0] - train Epoch 6/24: 38.0% (740/1946)
[2025-11-17 22:28:10][INFO][Rank 0] - train Epoch 6/24: 38.5% (750/1946)
[2025-11-17 22:28:17][INFO][Rank 0] - train Epoch 6/24: 39.1% (760/1946)
[2025-11-17 22:28:24][INFO][Rank 0] - train Epoch 6/24: 39.6% (770/1946)
[2025-11-17 22:28:31][INFO][Rank 0] - train Epoch 6/24: 40.1% (780/1946)
[2025-11-17 22:28:38][INFO][Rank 0] - train Epoch 6/24: 40.6% (790/1946)
[2025-11-17 22:28:45][INFO][Rank 0] - train Epoch 6/24: 41.1% (800/1946)
[2025-11-17 22:28:52][INFO][Rank 0] - train Epoch 6/24: 41.6% (810/1946)
[2025-11-17 22:28:53][INFO][Rank 0] - CUDA Memory [train][Step 810]: Device 0: Allocated: 3309.6 MB, Reserved: 117540.0 MB (Δ: +1687.0 MB)
[2025-11-17 22:28:59][INFO][Rank 0] - train Epoch 6/24: 42.1% (820/1946)
[2025-11-17 22:29:06][INFO][Rank 0] - train Epoch 6/24: 42.7% (830/1946)
[2025-11-17 22:29:13][INFO][Rank 0] - train Epoch 6/24: 43.2% (840/1946)
[2025-11-17 22:29:21][INFO][Rank 0] - train Epoch 6/24: 43.7% (850/1946)
[2025-11-17 22:29:28][INFO][Rank 0] - train Epoch 6/24: 44.2% (860/1946)
[2025-11-17 22:29:35][INFO][Rank 0] - train Epoch 6/24: 44.7% (870/1946)
[2025-11-17 22:29:42][INFO][Rank 0] - train Epoch 6/24: 45.2% (880/1946)
[2025-11-17 22:29:49][INFO][Rank 0] - train Epoch 6/24: 45.7% (890/1946)
[2025-11-17 22:29:56][INFO][Rank 0] - train Epoch 6/24: 46.2% (900/1946)
[2025-11-17 22:29:57][INFO][Rank 0] - CUDA Memory [train][Step 900]: Device 0: Allocated: 3309.6 MB, Reserved: 117540.0 MB (Δ: +1687.0 MB)
[2025-11-17 22:30:03][INFO][Rank 0] - train Epoch 6/24: 46.8% (910/1946)
[2025-11-17 22:30:10][INFO][Rank 0] - train Epoch 6/24: 47.3% (920/1946)
[2025-11-17 22:30:17][INFO][Rank 0] - train Epoch 6/24: 47.8% (930/1946)
[2025-11-17 22:30:24][INFO][Rank 0] - train Epoch 6/24: 48.3% (940/1946)
[2025-11-17 22:30:31][INFO][Rank 0] - train Epoch 6/24: 48.8% (950/1946)
[2025-11-17 22:30:38][INFO][Rank 0] - train Epoch 6/24: 49.3% (960/1946)
[2025-11-17 22:30:45][INFO][Rank 0] - train Epoch 6/24: 49.8% (970/1946)
[2025-11-17 22:30:52][INFO][Rank 0] - train Epoch 6/24: 50.4% (980/1946)
[2025-11-17 22:30:59][INFO][Rank 0] - train Epoch 6/24: 50.9% (990/1946)
[2025-11-17 22:31:00][INFO][Rank 0] - CUDA Memory [train][Step 990]: Device 0: Allocated: 3309.6 MB, Reserved: 117540.0 MB (Δ: +1687.0 MB)
[2025-11-17 22:31:07][INFO][Rank 0] - train Epoch 6/24: 51.4% (1000/1946)
[2025-11-17 22:31:14][INFO][Rank 0] - train Epoch 6/24: 51.9% (1010/1946)
[2025-11-17 22:31:21][INFO][Rank 0] - train Epoch 6/24: 52.4% (1020/1946)
[2025-11-17 22:31:28][INFO][Rank 0] - train Epoch 6/24: 52.9% (1030/1946)
[2025-11-17 22:31:35][INFO][Rank 0] - train Epoch 6/24: 53.4% (1040/1946)
[2025-11-17 22:31:42][INFO][Rank 0] - train Epoch 6/24: 54.0% (1050/1946)
[2025-11-17 22:31:49][INFO][Rank 0] - train Epoch 6/24: 54.5% (1060/1946)
[2025-11-17 22:31:56][INFO][Rank 0] - train Epoch 6/24: 55.0% (1070/1946)
[2025-11-17 22:32:03][INFO][Rank 0] - train Epoch 6/24: 55.5% (1080/1946)
[2025-11-17 22:32:04][INFO][Rank 0] - CUDA Memory [train][Step 1080]: Device 0: Allocated: 3309.6 MB, Reserved: 117540.0 MB (Δ: +1687.0 MB)
[2025-11-17 22:32:10][INFO][Rank 0] - train Epoch 6/24: 56.0% (1090/1946)
[2025-11-17 22:32:17][INFO][Rank 0] - train Epoch 6/24: 56.5% (1100/1946)
[2025-11-17 22:32:24][INFO][Rank 0] - train Epoch 6/24: 57.0% (1110/1946)
[2025-11-17 22:32:31][INFO][Rank 0] - train Epoch 6/24: 57.6% (1120/1946)
[2025-11-17 22:32:38][INFO][Rank 0] - train Epoch 6/24: 58.1% (1130/1946)
[2025-11-17 22:32:45][INFO][Rank 0] - train Epoch 6/24: 58.6% (1140/1946)
[2025-11-17 22:32:53][INFO][Rank 0] - train Epoch 6/24: 59.1% (1150/1946)
[2025-11-17 22:33:00][INFO][Rank 0] - train Epoch 6/24: 59.6% (1160/1946)
[2025-11-17 22:33:07][INFO][Rank 0] - train Epoch 6/24: 60.1% (1170/1946)
[2025-11-17 22:33:07][INFO][Rank 0] - CUDA Memory [train][Step 1170]: Device 0: Allocated: 3309.6 MB, Reserved: 117540.0 MB (Δ: +1687.0 MB)
[2025-11-17 22:33:14][INFO][Rank 0] - train Epoch 6/24: 60.6% (1180/1946)
[2025-11-17 22:33:21][INFO][Rank 0] - train Epoch 6/24: 61.2% (1190/1946)
[2025-11-17 22:33:28][INFO][Rank 0] - train Epoch 6/24: 61.7% (1200/1946)
[2025-11-17 22:33:35][INFO][Rank 0] - train Epoch 6/24: 62.2% (1210/1946)
[2025-11-17 22:33:42][INFO][Rank 0] - train Epoch 6/24: 62.7% (1220/1946)
[2025-11-17 22:33:49][INFO][Rank 0] - train Epoch 6/24: 63.2% (1230/1946)
[2025-11-17 22:33:56][INFO][Rank 0] - train Epoch 6/24: 63.7% (1240/1946)
[2025-11-17 22:34:03][INFO][Rank 0] - train Epoch 6/24: 64.2% (1250/1946)
[2025-11-17 22:34:10][INFO][Rank 0] - train Epoch 6/24: 64.7% (1260/1946)
[2025-11-17 22:34:11][INFO][Rank 0] - CUDA Memory [train][Step 1260]: Device 0: Allocated: 3309.6 MB, Reserved: 117540.0 MB (Δ: +1687.0 MB)
[2025-11-17 22:34:17][INFO][Rank 0] - train Epoch 6/24: 65.3% (1270/1946)
[2025-11-17 22:34:24][INFO][Rank 0] - train Epoch 6/24: 65.8% (1280/1946)
[2025-11-17 22:34:31][INFO][Rank 0] - train Epoch 6/24: 66.3% (1290/1946)
[2025-11-17 22:34:39][INFO][Rank 0] - train Epoch 6/24: 66.8% (1300/1946)
[2025-11-17 22:34:46][INFO][Rank 0] - train Epoch 6/24: 67.3% (1310/1946)
[2025-11-17 22:34:53][INFO][Rank 0] - train Epoch 6/24: 67.8% (1320/1946)
[2025-11-17 22:35:00][INFO][Rank 0] - train Epoch 6/24: 68.3% (1330/1946)
[2025-11-17 22:35:07][INFO][Rank 0] - train Epoch 6/24: 68.9% (1340/1946)
[2025-11-17 22:35:14][INFO][Rank 0] - train Epoch 6/24: 69.4% (1350/1946)
[2025-11-17 22:35:15][INFO][Rank 0] - CUDA Memory [train][Step 1350]: Device 0: Allocated: 3309.6 MB, Reserved: 117540.0 MB (Δ: +1687.0 MB)
[2025-11-17 22:35:21][INFO][Rank 0] - train Epoch 6/24: 69.9% (1360/1946)
[2025-11-17 22:35:28][INFO][Rank 0] - train Epoch 6/24: 70.4% (1370/1946)
[2025-11-17 22:35:35][INFO][Rank 0] - train Epoch 6/24: 70.9% (1380/1946)
[2025-11-17 22:35:42][INFO][Rank 0] - train Epoch 6/24: 71.4% (1390/1946)
[2025-11-17 22:35:49][INFO][Rank 0] - train Epoch 6/24: 71.9% (1400/1946)
[2025-11-17 22:35:56][INFO][Rank 0] - train Epoch 6/24: 72.5% (1410/1946)
[2025-11-17 22:36:03][INFO][Rank 0] - train Epoch 6/24: 73.0% (1420/1946)
[2025-11-17 22:36:10][INFO][Rank 0] - train Epoch 6/24: 73.5% (1430/1946)
[2025-11-17 22:36:17][INFO][Rank 0] - train Epoch 6/24: 74.0% (1440/1946)
[2025-11-17 22:36:18][INFO][Rank 0] - CUDA Memory [train][Step 1440]: Device 0: Allocated: 3309.6 MB, Reserved: 117540.0 MB (Δ: +1687.0 MB)
[2025-11-17 22:36:25][INFO][Rank 0] - train Epoch 6/24: 74.5% (1450/1946)
[2025-11-17 22:36:32][INFO][Rank 0] - train Epoch 6/24: 75.0% (1460/1946)
[2025-11-17 22:36:39][INFO][Rank 0] - train Epoch 6/24: 75.5% (1470/1946)
[2025-11-17 22:36:46][INFO][Rank 0] - train Epoch 6/24: 76.1% (1480/1946)
[2025-11-17 22:36:53][INFO][Rank 0] - train Epoch 6/24: 76.6% (1490/1946)
[2025-11-17 22:37:00][INFO][Rank 0] - train Epoch 6/24: 77.1% (1500/1946)
[2025-11-17 22:37:07][INFO][Rank 0] - train Epoch 6/24: 77.6% (1510/1946)
[2025-11-17 22:37:14][INFO][Rank 0] - train Epoch 6/24: 78.1% (1520/1946)
[2025-11-17 22:37:21][INFO][Rank 0] - train Epoch 6/24: 78.6% (1530/1946)
[2025-11-17 22:37:22][INFO][Rank 0] - CUDA Memory [train][Step 1530]: Device 0: Allocated: 3309.6 MB, Reserved: 117540.0 MB (Δ: +1687.0 MB)
[2025-11-17 22:37:28][INFO][Rank 0] - train Epoch 6/24: 79.1% (1540/1946)
[2025-11-17 22:37:35][INFO][Rank 0] - train Epoch 6/24: 79.7% (1550/1946)
[2025-11-17 22:37:42][INFO][Rank 0] - train Epoch 6/24: 80.2% (1560/1946)
[2025-11-17 22:37:49][INFO][Rank 0] - train Epoch 6/24: 80.7% (1570/1946)
[2025-11-17 22:37:56][INFO][Rank 0] - train Epoch 6/24: 81.2% (1580/1946)
[2025-11-17 22:38:04][INFO][Rank 0] - train Epoch 6/24: 81.7% (1590/1946)
[2025-11-17 22:38:11][INFO][Rank 0] - train Epoch 6/24: 82.2% (1600/1946)
[2025-11-17 22:38:18][INFO][Rank 0] - train Epoch 6/24: 82.7% (1610/1946)
[2025-11-17 22:38:25][INFO][Rank 0] - train Epoch 6/24: 83.2% (1620/1946)
[2025-11-17 22:38:25][INFO][Rank 0] - CUDA Memory [train][Step 1620]: Device 0: Allocated: 3309.6 MB, Reserved: 117540.0 MB (Δ: +1687.0 MB)
[2025-11-17 22:38:32][INFO][Rank 0] - train Epoch 6/24: 83.8% (1630/1946)
[2025-11-17 22:38:39][INFO][Rank 0] - train Epoch 6/24: 84.3% (1640/1946)
[2025-11-17 22:38:46][INFO][Rank 0] - train Epoch 6/24: 84.8% (1650/1946)
[2025-11-17 22:38:53][INFO][Rank 0] - train Epoch 6/24: 85.3% (1660/1946)
[2025-11-17 22:39:00][INFO][Rank 0] - train Epoch 6/24: 85.8% (1670/1946)
[2025-11-17 22:39:07][INFO][Rank 0] - train Epoch 6/24: 86.3% (1680/1946)
[2025-11-17 22:39:14][INFO][Rank 0] - train Epoch 6/24: 86.8% (1690/1946)
[2025-11-17 22:39:21][INFO][Rank 0] - train Epoch 6/24: 87.4% (1700/1946)
[2025-11-17 22:39:28][INFO][Rank 0] - train Epoch 6/24: 87.9% (1710/1946)
[2025-11-17 22:39:29][INFO][Rank 0] - CUDA Memory [train][Step 1710]: Device 0: Allocated: 3309.6 MB, Reserved: 117540.0 MB (Δ: +1687.0 MB)
[2025-11-17 22:39:35][INFO][Rank 0] - train Epoch 6/24: 88.4% (1720/1946)
[2025-11-17 22:39:42][INFO][Rank 0] - train Epoch 6/24: 88.9% (1730/1946)
[2025-11-17 22:39:50][INFO][Rank 0] - train Epoch 6/24: 89.4% (1740/1946)
[2025-11-17 22:39:57][INFO][Rank 0] - train Epoch 6/24: 89.9% (1750/1946)
[2025-11-17 22:40:04][INFO][Rank 0] - train Epoch 6/24: 90.4% (1760/1946)
[2025-11-17 22:40:11][INFO][Rank 0] - train Epoch 6/24: 91.0% (1770/1946)
[2025-11-17 22:40:18][INFO][Rank 0] - train Epoch 6/24: 91.5% (1780/1946)
[2025-11-17 22:40:25][INFO][Rank 0] - train Epoch 6/24: 92.0% (1790/1946)
[2025-11-17 22:40:32][INFO][Rank 0] - train Epoch 6/24: 92.5% (1800/1946)
[2025-11-17 22:40:33][INFO][Rank 0] - CUDA Memory [train][Step 1800]: Device 0: Allocated: 3309.6 MB, Reserved: 117540.0 MB (Δ: +1687.0 MB)
[2025-11-17 22:40:39][INFO][Rank 0] - train Epoch 6/24: 93.0% (1810/1946)
[2025-11-17 22:40:46][INFO][Rank 0] - train Epoch 6/24: 93.5% (1820/1946)
[2025-11-17 22:40:53][INFO][Rank 0] - train Epoch 6/24: 94.0% (1830/1946)
[2025-11-17 22:41:00][INFO][Rank 0] - train Epoch 6/24: 94.6% (1840/1946)
[2025-11-17 22:41:07][INFO][Rank 0] - train Epoch 6/24: 95.1% (1850/1946)
[2025-11-17 22:41:14][INFO][Rank 0] - train Epoch 6/24: 95.6% (1860/1946)
[2025-11-17 22:41:21][INFO][Rank 0] - train Epoch 6/24: 96.1% (1870/1946)
[2025-11-17 22:41:28][INFO][Rank 0] - train Epoch 6/24: 96.6% (1880/1946)
[2025-11-17 22:41:36][INFO][Rank 0] - train Epoch 6/24: 97.1% (1890/1946)
[2025-11-17 22:41:36][INFO][Rank 0] - CUDA Memory [train][Step 1890]: Device 0: Allocated: 3309.6 MB, Reserved: 117540.0 MB (Δ: +1687.0 MB)
[2025-11-17 22:41:43][INFO][Rank 0] - train Epoch 6/24: 97.6% (1900/1946)
[2025-11-17 22:41:50][INFO][Rank 0] - train Epoch 6/24: 98.2% (1910/1946)
[2025-11-17 22:41:57][INFO][Rank 0] - train Epoch 6/24: 98.7% (1920/1946)
[2025-11-17 22:42:04][INFO][Rank 0] - train Epoch 6/24: 99.2% (1930/1946)
[2025-11-17 22:42:11][INFO][Rank 0] - train Epoch 6/24: 99.7% (1940/1946)
[2025-11-17 22:42:14][INFO][Rank 0] - train Epoch 6/24: 99.9% (1945/1946)
[2025-11-17 22:42:15][INFO][Rank 0] - train Loss: 0.1868 Acc: 0.9723 F1: 0.9856
[2025-11-17 22:42:15][INFO][Rank 0] - train Balanced Acc: 0.8607 AUC-ROC: 0.9577
[2025-11-17 22:42:15][INFO][Rank 0] - train Sensitivity: 0.9784 Specificity: 0.7431
[2025-11-17 22:42:15][INFO][Rank 0] - train Confusion Matrix: TP=18544, FP=130, FN=410, TN=376
[2025-11-17 22:42:15][INFO][Rank 0] - train completed in 1375.81s
[2025-11-17 22:42:15][INFO][Rank 0] - Data loading time: 1.39s, Forward time: 280.12s, Backward time: 745.55s
[2025-11-17 22:42:15][INFO][Rank 0] - train cache: 0/1 items, hit rate: 0.00%
[2025-11-17 22:42:15][INFO][Rank 0] - CUDA Memory [val][Step 0]: Device 0: Allocated: 3309.6 MB, Reserved: 117540.0 MB (Δ: +1687.0 MB)
[2025-11-17 22:42:15][INFO][Rank 0] - val phase: total 401 batches
[2025-11-17 22:42:15][INFO][Rank 0] - val Epoch 6/24: 0.0% (0/401)
[2025-11-17 22:42:20][INFO][Rank 0] - val Epoch 6/24: 2.5% (10/401)
[2025-11-17 22:42:25][INFO][Rank 0] - val Epoch 6/24: 5.0% (20/401)
[2025-11-17 22:42:30][INFO][Rank 0] - val Epoch 6/24: 7.5% (30/401)
[2025-11-17 22:42:35][INFO][Rank 0] - val Epoch 6/24: 10.0% (40/401)
[2025-11-17 22:42:40][INFO][Rank 0] - val Epoch 6/24: 12.5% (50/401)
[2025-11-17 22:42:45][INFO][Rank 0] - val Epoch 6/24: 15.0% (60/401)
[2025-11-17 22:42:50][INFO][Rank 0] - val Epoch 6/24: 17.5% (70/401)
[2025-11-17 22:42:55][INFO][Rank 0] - val Epoch 6/24: 20.0% (80/401)
[2025-11-17 22:43:00][INFO][Rank 0] - val Epoch 6/24: 22.4% (90/401)
[2025-11-17 22:43:05][INFO][Rank 0] - val Epoch 6/24: 24.9% (100/401)
[2025-11-17 22:43:10][INFO][Rank 0] - val Epoch 6/24: 27.4% (110/401)
[2025-11-17 22:43:15][INFO][Rank 0] - val Epoch 6/24: 29.9% (120/401)
[2025-11-17 22:43:16][INFO][Rank 0] - CUDA Memory [val][Step 120]: Device 0: Allocated: 3309.6 MB, Reserved: 117540.0 MB (Δ: +1687.0 MB)
[2025-11-17 22:43:20][INFO][Rank 0] - val Epoch 6/24: 32.4% (130/401)
[2025-11-17 22:43:25][INFO][Rank 0] - val Epoch 6/24: 34.9% (140/401)
[2025-11-17 22:43:30][INFO][Rank 0] - val Epoch 6/24: 37.4% (150/401)
[2025-11-17 22:43:35][INFO][Rank 0] - val Epoch 6/24: 39.9% (160/401)
[2025-11-17 22:43:40][INFO][Rank 0] - val Epoch 6/24: 42.4% (170/401)
[2025-11-17 22:43:45][INFO][Rank 0] - val Epoch 6/24: 44.9% (180/401)
[2025-11-17 22:43:50][INFO][Rank 0] - val Epoch 6/24: 47.4% (190/401)
[2025-11-17 22:43:55][INFO][Rank 0] - val Epoch 6/24: 49.9% (200/401)
[2025-11-17 22:44:00][INFO][Rank 0] - val Epoch 6/24: 52.4% (210/401)
[2025-11-17 22:44:05][INFO][Rank 0] - val Epoch 6/24: 54.9% (220/401)
[2025-11-17 22:44:10][INFO][Rank 0] - val Epoch 6/24: 57.4% (230/401)
[2025-11-17 22:44:15][INFO][Rank 0] - val Epoch 6/24: 59.9% (240/401)
[2025-11-17 22:44:16][INFO][Rank 0] - CUDA Memory [val][Step 240]: Device 0: Allocated: 3309.6 MB, Reserved: 117540.0 MB (Δ: +1687.0 MB)
[2025-11-17 22:44:20][INFO][Rank 0] - val Epoch 6/24: 62.3% (250/401)
[2025-11-17 22:44:25][INFO][Rank 0] - val Epoch 6/24: 64.8% (260/401)
[2025-11-17 22:44:30][INFO][Rank 0] - val Epoch 6/24: 67.3% (270/401)
[2025-11-17 22:44:35][INFO][Rank 0] - val Epoch 6/24: 69.8% (280/401)
[2025-11-17 22:44:40][INFO][Rank 0] - val Epoch 6/24: 72.3% (290/401)
[2025-11-17 22:44:45][INFO][Rank 0] - val Epoch 6/24: 74.8% (300/401)
[2025-11-17 22:44:50][INFO][Rank 0] - val Epoch 6/24: 77.3% (310/401)
[2025-11-17 22:44:55][INFO][Rank 0] - val Epoch 6/24: 79.8% (320/401)
[2025-11-17 22:45:00][INFO][Rank 0] - val Epoch 6/24: 82.3% (330/401)
[2025-11-17 22:45:05][INFO][Rank 0] - val Epoch 6/24: 84.8% (340/401)
[2025-11-17 22:45:10][INFO][Rank 0] - val Epoch 6/24: 87.3% (350/401)
[2025-11-17 22:45:15][INFO][Rank 0] - val Epoch 6/24: 89.8% (360/401)
[2025-11-17 22:45:20][INFO][Rank 0] - val Epoch 6/24: 92.3% (370/401)
[2025-11-17 22:45:25][INFO][Rank 0] - val Epoch 6/24: 94.8% (380/401)
[2025-11-17 22:45:30][INFO][Rank 0] - val Epoch 6/24: 97.3% (390/401)
[2025-11-17 22:45:31][INFO][Rank 0] - CUDA Memory [val][Step 390]: Device 0: Allocated: 3309.6 MB, Reserved: 117540.0 MB (Δ: +1687.0 MB)
[2025-11-17 22:45:35][INFO][Rank 0] - val Epoch 6/24: 99.8% (400/401)
[2025-11-17 22:45:36][INFO][Rank 0] - val Loss: 0.1171 Acc: 0.9726 F1: 0.9858
[2025-11-17 22:45:36][INFO][Rank 0] - val Balanced Acc: 0.8750 AUC-ROC: 0.9802
[2025-11-17 22:45:36][INFO][Rank 0] - val Sensitivity: 0.9777 Specificity: 0.7723
[2025-11-17 22:45:36][INFO][Rank 0] - val Confusion Matrix: TP=3822, FP=23, FN=87, TN=78
[2025-11-17 22:45:36][INFO][Rank 0] - val completed in 200.76s
[2025-11-17 22:45:36][INFO][Rank 0] - val cache: 0/1 items, hit rate: 0.00%
[2025-11-17 22:45:40][INFO][Rank 0] - Saved new best balanced_acc model with balanced_acc: 0.8750 at /projects/retprogression/rgarridogarcia/checkpoints/cropped1024_cropped_centered_wt_allR_5/best_balanced_acc_model.pth
[2025-11-17 22:45:45][INFO][Rank 0] - Also saved as general best model at /projects/retprogression/rgarridogarcia/checkpoints/cropped1024_cropped_centered_wt_allR_5/best_model.pth
[2025-11-17 22:45:49][INFO][Rank 0] - Saved new best auc model with auc: 0.9802 at /projects/retprogression/rgarridogarcia/checkpoints/cropped1024_cropped_centered_wt_allR_5/best_auc_model.pth
[2025-11-17 22:45:53][INFO][Rank 0] - Saved epoch checkpoint at /projects/retprogression/rgarridogarcia/checkpoints/cropped1024_cropped_centered_wt_allR_5/epoch_6.pth
[2025-11-17 22:45:53][INFO][Rank 0] - Epoch 6 summary:
[2025-11-17 22:45:53][INFO][Rank 0] -  Train Loss: 0.1868, Train Acc: 0.9723, Train F1: 0.9856
[2025-11-17 22:45:53][INFO][Rank 0] -  Train Balanced Acc: 0.8607, Train AUC: 0.9577
[2025-11-17 22:45:53][INFO][Rank 0] -  Train Sensitivity: 0.9784, Train Specificity: 0.7431
[2025-11-17 22:45:53][INFO][Rank 0] -  Val Loss: 0.1171, Val Acc: 0.9726, Val F1: 0.9858
[2025-11-17 22:45:53][INFO][Rank 0] -  Val Balanced Acc: 0.8750, Val AUC: 0.9802
[2025-11-17 22:45:53][INFO][Rank 0] -  Val Sensitivity: 0.9777, Val Specificity: 0.7723
[2025-11-17 22:45:53][INFO][Rank 0] -  Total Epoch Time: 1593.76s
[2025-11-17 22:45:53][INFO][Rank 0] - Epoch 7/24
[2025-11-17 22:45:53][INFO][Rank 0] - ----------
[2025-11-17 22:45:53][INFO][Rank 0] - CUDA Memory [train][Step 0]: Device 0: Allocated: 3309.6 MB, Reserved: 117540.0 MB (Δ: +1687.0 MB)
[2025-11-17 22:45:53][INFO][Rank 0] - train phase: total 1946 batches
[2025-11-17 22:45:54][INFO][Rank 0] - train Epoch 7/24: 0.0% (0/1946)
[2025-11-17 22:46:01][INFO][Rank 0] - train Epoch 7/24: 0.5% (10/1946)
[2025-11-17 22:46:08][INFO][Rank 0] - train Epoch 7/24: 1.0% (20/1946)
[2025-11-17 22:46:15][INFO][Rank 0] - train Epoch 7/24: 1.5% (30/1946)
[2025-11-17 22:46:22][INFO][Rank 0] - train Epoch 7/24: 2.1% (40/1946)
[2025-11-17 22:46:29][INFO][Rank 0] - train Epoch 7/24: 2.6% (50/1946)
[2025-11-17 22:46:36][INFO][Rank 0] - train Epoch 7/24: 3.1% (60/1946)
[2025-11-17 22:46:43][INFO][Rank 0] - train Epoch 7/24: 3.6% (70/1946)
[2025-11-17 22:46:50][INFO][Rank 0] - train Epoch 7/24: 4.1% (80/1946)
[2025-11-17 22:46:57][INFO][Rank 0] - train Epoch 7/24: 4.6% (90/1946)
[2025-11-17 22:46:58][INFO][Rank 0] - CUDA Memory [train][Step 90]: Device 0: Allocated: 3309.6 MB, Reserved: 117540.0 MB (Δ: +1687.0 MB)
[2025-11-17 22:47:04][INFO][Rank 0] - train Epoch 7/24: 5.1% (100/1946)
[2025-11-17 22:47:12][INFO][Rank 0] - train Epoch 7/24: 5.7% (110/1946)
[2025-11-17 22:47:19][INFO][Rank 0] - train Epoch 7/24: 6.2% (120/1946)
[2025-11-17 22:47:26][INFO][Rank 0] - train Epoch 7/24: 6.7% (130/1946)
[2025-11-17 22:47:33][INFO][Rank 0] - train Epoch 7/24: 7.2% (140/1946)
[2025-11-17 22:47:40][INFO][Rank 0] - train Epoch 7/24: 7.7% (150/1946)
[2025-11-17 22:47:47][INFO][Rank 0] - train Epoch 7/24: 8.2% (160/1946)
[2025-11-17 22:47:54][INFO][Rank 0] - train Epoch 7/24: 8.7% (170/1946)
[2025-11-17 22:48:01][INFO][Rank 0] - train Epoch 7/24: 9.2% (180/1946)
[2025-11-17 22:48:02][INFO][Rank 0] - CUDA Memory [train][Step 180]: Device 0: Allocated: 3309.6 MB, Reserved: 117540.0 MB (Δ: +1687.0 MB)
[2025-11-17 22:48:08][INFO][Rank 0] - train Epoch 7/24: 9.8% (190/1946)
[2025-11-17 22:48:15][INFO][Rank 0] - train Epoch 7/24: 10.3% (200/1946)
[2025-11-17 22:48:22][INFO][Rank 0] - train Epoch 7/24: 10.8% (210/1946)
[2025-11-17 22:48:29][INFO][Rank 0] - train Epoch 7/24: 11.3% (220/1946)
[2025-11-17 22:48:36][INFO][Rank 0] - train Epoch 7/24: 11.8% (230/1946)
[2025-11-17 22:48:43][INFO][Rank 0] - train Epoch 7/24: 12.3% (240/1946)
[2025-11-17 22:48:51][INFO][Rank 0] - train Epoch 7/24: 12.8% (250/1946)
[2025-11-17 22:48:58][INFO][Rank 0] - train Epoch 7/24: 13.4% (260/1946)
[2025-11-17 22:49:05][INFO][Rank 0] - train Epoch 7/24: 13.9% (270/1946)
[2025-11-17 22:49:05][INFO][Rank 0] - CUDA Memory [train][Step 270]: Device 0: Allocated: 3309.6 MB, Reserved: 117540.0 MB (Δ: +1687.0 MB)
[2025-11-17 22:49:12][INFO][Rank 0] - train Epoch 7/24: 14.4% (280/1946)
[2025-11-17 22:49:19][INFO][Rank 0] - train Epoch 7/24: 14.9% (290/1946)
[2025-11-17 22:49:26][INFO][Rank 0] - train Epoch 7/24: 15.4% (300/1946)
[2025-11-17 22:49:33][INFO][Rank 0] - train Epoch 7/24: 15.9% (310/1946)
[2025-11-17 22:49:40][INFO][Rank 0] - train Epoch 7/24: 16.4% (320/1946)
[2025-11-17 22:49:47][INFO][Rank 0] - train Epoch 7/24: 17.0% (330/1946)
[2025-11-17 22:49:54][INFO][Rank 0] - train Epoch 7/24: 17.5% (340/1946)
[2025-11-17 22:50:01][INFO][Rank 0] - train Epoch 7/24: 18.0% (350/1946)
[2025-11-17 22:50:08][INFO][Rank 0] - train Epoch 7/24: 18.5% (360/1946)
[2025-11-17 22:50:09][INFO][Rank 0] - CUDA Memory [train][Step 360]: Device 0: Allocated: 3309.6 MB, Reserved: 117540.0 MB (Δ: +1687.0 MB)
[2025-11-17 22:50:15][INFO][Rank 0] - train Epoch 7/24: 19.0% (370/1946)
[2025-11-17 22:50:22][INFO][Rank 0] - train Epoch 7/24: 19.5% (380/1946)
[2025-11-17 22:50:29][INFO][Rank 0] - train Epoch 7/24: 20.0% (390/1946)
[2025-11-17 22:50:37][INFO][Rank 0] - train Epoch 7/24: 20.6% (400/1946)
[2025-11-17 22:50:44][INFO][Rank 0] - train Epoch 7/24: 21.1% (410/1946)
[2025-11-17 22:50:51][INFO][Rank 0] - train Epoch 7/24: 21.6% (420/1946)
[2025-11-17 22:50:58][INFO][Rank 0] - train Epoch 7/24: 22.1% (430/1946)
[2025-11-17 22:51:05][INFO][Rank 0] - train Epoch 7/24: 22.6% (440/1946)
[2025-11-17 22:51:12][INFO][Rank 0] - train Epoch 7/24: 23.1% (450/1946)
[2025-11-17 22:51:13][INFO][Rank 0] - CUDA Memory [train][Step 450]: Device 0: Allocated: 3309.6 MB, Reserved: 117540.0 MB (Δ: +1687.0 MB)
[2025-11-17 22:51:19][INFO][Rank 0] - train Epoch 7/24: 23.6% (460/1946)
[2025-11-17 22:51:26][INFO][Rank 0] - train Epoch 7/24: 24.2% (470/1946)
[2025-11-17 22:51:33][INFO][Rank 0] - train Epoch 7/24: 24.7% (480/1946)
[2025-11-17 22:51:40][INFO][Rank 0] - train Epoch 7/24: 25.2% (490/1946)
[2025-11-17 22:51:47][INFO][Rank 0] - train Epoch 7/24: 25.7% (500/1946)
[2025-11-17 22:51:54][INFO][Rank 0] - train Epoch 7/24: 26.2% (510/1946)
[2025-11-17 22:52:01][INFO][Rank 0] - train Epoch 7/24: 26.7% (520/1946)
[2025-11-17 22:52:08][INFO][Rank 0] - train Epoch 7/24: 27.2% (530/1946)
[2025-11-17 22:52:16][INFO][Rank 0] - train Epoch 7/24: 27.7% (540/1946)
[2025-11-17 22:52:16][INFO][Rank 0] - CUDA Memory [train][Step 540]: Device 0: Allocated: 3309.6 MB, Reserved: 117540.0 MB (Δ: +1687.0 MB)
[2025-11-17 22:52:23][INFO][Rank 0] - train Epoch 7/24: 28.3% (550/1946)
[2025-11-17 22:52:30][INFO][Rank 0] - train Epoch 7/24: 28.8% (560/1946)
[2025-11-17 22:52:37][INFO][Rank 0] - train Epoch 7/24: 29.3% (570/1946)
[2025-11-17 22:52:44][INFO][Rank 0] - train Epoch 7/24: 29.8% (580/1946)
[2025-11-17 22:52:51][INFO][Rank 0] - train Epoch 7/24: 30.3% (590/1946)
[2025-11-17 22:52:58][INFO][Rank 0] - train Epoch 7/24: 30.8% (600/1946)
[2025-11-17 22:53:05][INFO][Rank 0] - train Epoch 7/24: 31.3% (610/1946)
[2025-11-17 22:53:12][INFO][Rank 0] - train Epoch 7/24: 31.9% (620/1946)
[2025-11-17 22:53:19][INFO][Rank 0] - train Epoch 7/24: 32.4% (630/1946)
[2025-11-17 22:53:20][INFO][Rank 0] - CUDA Memory [train][Step 630]: Device 0: Allocated: 3309.6 MB, Reserved: 117540.0 MB (Δ: +1687.0 MB)
[2025-11-17 22:53:26][INFO][Rank 0] - train Epoch 7/24: 32.9% (640/1946)
[2025-11-17 22:53:33][INFO][Rank 0] - train Epoch 7/24: 33.4% (650/1946)
[2025-11-17 22:53:40][INFO][Rank 0] - train Epoch 7/24: 33.9% (660/1946)
[2025-11-17 22:53:47][INFO][Rank 0] - train Epoch 7/24: 34.4% (670/1946)
[2025-11-17 22:53:55][INFO][Rank 0] - train Epoch 7/24: 34.9% (680/1946)
[2025-11-17 22:54:02][INFO][Rank 0] - train Epoch 7/24: 35.5% (690/1946)
[2025-11-17 22:54:09][INFO][Rank 0] - train Epoch 7/24: 36.0% (700/1946)
[2025-11-17 22:54:16][INFO][Rank 0] - train Epoch 7/24: 36.5% (710/1946)
[2025-11-17 22:54:23][INFO][Rank 0] - train Epoch 7/24: 37.0% (720/1946)
[2025-11-17 22:54:23][INFO][Rank 0] - CUDA Memory [train][Step 720]: Device 0: Allocated: 3309.6 MB, Reserved: 117540.0 MB (Δ: +1687.0 MB)
[2025-11-17 22:54:30][INFO][Rank 0] - train Epoch 7/24: 37.5% (730/1946)
[2025-11-17 22:54:37][INFO][Rank 0] - train Epoch 7/24: 38.0% (740/1946)
[2025-11-17 22:54:44][INFO][Rank 0] - train Epoch 7/24: 38.5% (750/1946)
[2025-11-17 22:54:51][INFO][Rank 0] - train Epoch 7/24: 39.1% (760/1946)
[2025-11-17 22:54:58][INFO][Rank 0] - train Epoch 7/24: 39.6% (770/1946)
[2025-11-17 22:55:05][INFO][Rank 0] - train Epoch 7/24: 40.1% (780/1946)
[2025-11-17 22:55:12][INFO][Rank 0] - train Epoch 7/24: 40.6% (790/1946)
[2025-11-17 22:55:19][INFO][Rank 0] - train Epoch 7/24: 41.1% (800/1946)
[2025-11-17 22:55:26][INFO][Rank 0] - train Epoch 7/24: 41.6% (810/1946)
[2025-11-17 22:55:27][INFO][Rank 0] - CUDA Memory [train][Step 810]: Device 0: Allocated: 3309.6 MB, Reserved: 117540.0 MB (Δ: +1687.0 MB)
[2025-11-17 22:55:33][INFO][Rank 0] - train Epoch 7/24: 42.1% (820/1946)
[2025-11-17 22:55:41][INFO][Rank 0] - train Epoch 7/24: 42.7% (830/1946)
[2025-11-17 22:55:48][INFO][Rank 0] - train Epoch 7/24: 43.2% (840/1946)
[2025-11-17 22:55:55][INFO][Rank 0] - train Epoch 7/24: 43.7% (850/1946)
[2025-11-17 22:56:02][INFO][Rank 0] - train Epoch 7/24: 44.2% (860/1946)
[2025-11-17 22:56:09][INFO][Rank 0] - train Epoch 7/24: 44.7% (870/1946)
[2025-11-17 22:56:16][INFO][Rank 0] - train Epoch 7/24: 45.2% (880/1946)
[2025-11-17 22:56:23][INFO][Rank 0] - train Epoch 7/24: 45.7% (890/1946)
[2025-11-17 22:56:30][INFO][Rank 0] - train Epoch 7/24: 46.2% (900/1946)
[2025-11-17 22:56:31][INFO][Rank 0] - CUDA Memory [train][Step 900]: Device 0: Allocated: 3309.6 MB, Reserved: 117540.0 MB (Δ: +1687.0 MB)
[2025-11-17 22:56:37][INFO][Rank 0] - train Epoch 7/24: 46.8% (910/1946)
[2025-11-17 22:56:44][INFO][Rank 0] - train Epoch 7/24: 47.3% (920/1946)
[2025-11-17 22:56:51][INFO][Rank 0] - train Epoch 7/24: 47.8% (930/1946)
[2025-11-17 22:56:58][INFO][Rank 0] - train Epoch 7/24: 48.3% (940/1946)
[2025-11-17 22:57:05][INFO][Rank 0] - train Epoch 7/24: 48.8% (950/1946)
[2025-11-17 22:57:12][INFO][Rank 0] - train Epoch 7/24: 49.3% (960/1946)
[2025-11-17 22:57:20][INFO][Rank 0] - train Epoch 7/24: 49.8% (970/1946)
[2025-11-17 22:57:27][INFO][Rank 0] - train Epoch 7/24: 50.4% (980/1946)
[2025-11-17 22:57:34][INFO][Rank 0] - train Epoch 7/24: 50.9% (990/1946)
[2025-11-17 22:57:34][INFO][Rank 0] - CUDA Memory [train][Step 990]: Device 0: Allocated: 3309.6 MB, Reserved: 117540.0 MB (Δ: +1687.0 MB)
[2025-11-17 22:57:41][INFO][Rank 0] - train Epoch 7/24: 51.4% (1000/1946)
[2025-11-17 22:57:48][INFO][Rank 0] - train Epoch 7/24: 51.9% (1010/1946)
[2025-11-17 22:57:55][INFO][Rank 0] - train Epoch 7/24: 52.4% (1020/1946)
[2025-11-17 22:58:02][INFO][Rank 0] - train Epoch 7/24: 52.9% (1030/1946)
[2025-11-17 22:58:09][INFO][Rank 0] - train Epoch 7/24: 53.4% (1040/1946)
[2025-11-17 22:58:16][INFO][Rank 0] - train Epoch 7/24: 54.0% (1050/1946)
[2025-11-17 22:58:23][INFO][Rank 0] - train Epoch 7/24: 54.5% (1060/1946)
[2025-11-17 22:58:30][INFO][Rank 0] - train Epoch 7/24: 55.0% (1070/1946)
[2025-11-17 22:58:37][INFO][Rank 0] - train Epoch 7/24: 55.5% (1080/1946)
[2025-11-17 22:58:38][INFO][Rank 0] - CUDA Memory [train][Step 1080]: Device 0: Allocated: 3309.6 MB, Reserved: 117540.0 MB (Δ: +1687.0 MB)
[2025-11-17 22:58:44][INFO][Rank 0] - train Epoch 7/24: 56.0% (1090/1946)
[2025-11-17 22:58:51][INFO][Rank 0] - train Epoch 7/24: 56.5% (1100/1946)
[2025-11-17 22:58:58][INFO][Rank 0] - train Epoch 7/24: 57.0% (1110/1946)
[2025-11-17 22:59:06][INFO][Rank 0] - train Epoch 7/24: 57.6% (1120/1946)
[2025-11-17 22:59:13][INFO][Rank 0] - train Epoch 7/24: 58.1% (1130/1946)
[2025-11-17 22:59:20][INFO][Rank 0] - train Epoch 7/24: 58.6% (1140/1946)
[2025-11-17 22:59:27][INFO][Rank 0] - train Epoch 7/24: 59.1% (1150/1946)
[2025-11-17 22:59:34][INFO][Rank 0] - train Epoch 7/24: 59.6% (1160/1946)
[2025-11-17 22:59:41][INFO][Rank 0] - train Epoch 7/24: 60.1% (1170/1946)
[2025-11-17 22:59:42][INFO][Rank 0] - CUDA Memory [train][Step 1170]: Device 0: Allocated: 3309.6 MB, Reserved: 117540.0 MB (Δ: +1687.0 MB)
[2025-11-17 22:59:48][INFO][Rank 0] - train Epoch 7/24: 60.6% (1180/1946)
[2025-11-17 22:59:55][INFO][Rank 0] - train Epoch 7/24: 61.2% (1190/1946)
[2025-11-17 23:00:02][INFO][Rank 0] - train Epoch 7/24: 61.7% (1200/1946)
[2025-11-17 23:00:09][INFO][Rank 0] - train Epoch 7/24: 62.2% (1210/1946)
[2025-11-17 23:00:16][INFO][Rank 0] - train Epoch 7/24: 62.7% (1220/1946)
[2025-11-17 23:00:23][INFO][Rank 0] - train Epoch 7/24: 63.2% (1230/1946)
[2025-11-17 23:00:30][INFO][Rank 0] - train Epoch 7/24: 63.7% (1240/1946)
[2025-11-17 23:00:37][INFO][Rank 0] - train Epoch 7/24: 64.2% (1250/1946)
[2025-11-17 23:00:45][INFO][Rank 0] - train Epoch 7/24: 64.7% (1260/1946)
[2025-11-17 23:00:45][INFO][Rank 0] - CUDA Memory [train][Step 1260]: Device 0: Allocated: 3309.6 MB, Reserved: 117540.0 MB (Δ: +1687.0 MB)
[2025-11-17 23:00:52][INFO][Rank 0] - train Epoch 7/24: 65.3% (1270/1946)
[2025-11-17 23:00:59][INFO][Rank 0] - train Epoch 7/24: 65.8% (1280/1946)
[2025-11-17 23:01:06][INFO][Rank 0] - train Epoch 7/24: 66.3% (1290/1946)
[2025-11-17 23:01:13][INFO][Rank 0] - train Epoch 7/24: 66.8% (1300/1946)
[2025-11-17 23:01:20][INFO][Rank 0] - train Epoch 7/24: 67.3% (1310/1946)
[2025-11-17 23:01:27][INFO][Rank 0] - train Epoch 7/24: 67.8% (1320/1946)
[2025-11-17 23:01:34][INFO][Rank 0] - train Epoch 7/24: 68.3% (1330/1946)
[2025-11-17 23:01:41][INFO][Rank 0] - train Epoch 7/24: 68.9% (1340/1946)
[2025-11-17 23:01:48][INFO][Rank 0] - train Epoch 7/24: 69.4% (1350/1946)
[2025-11-17 23:01:49][INFO][Rank 0] - CUDA Memory [train][Step 1350]: Device 0: Allocated: 3309.6 MB, Reserved: 117540.0 MB (Δ: +1687.0 MB)
[2025-11-17 23:01:55][INFO][Rank 0] - train Epoch 7/24: 69.9% (1360/1946)
[2025-11-17 23:02:02][INFO][Rank 0] - train Epoch 7/24: 70.4% (1370/1946)
[2025-11-17 23:02:09][INFO][Rank 0] - train Epoch 7/24: 70.9% (1380/1946)
[2025-11-17 23:02:16][INFO][Rank 0] - train Epoch 7/24: 71.4% (1390/1946)
[2025-11-17 23:02:24][INFO][Rank 0] - train Epoch 7/24: 71.9% (1400/1946)
[2025-11-17 23:02:31][INFO][Rank 0] - train Epoch 7/24: 72.5% (1410/1946)
[2025-11-17 23:02:38][INFO][Rank 0] - train Epoch 7/24: 73.0% (1420/1946)
[2025-11-17 23:02:45][INFO][Rank 0] - train Epoch 7/24: 73.5% (1430/1946)
[2025-11-17 23:02:52][INFO][Rank 0] - train Epoch 7/24: 74.0% (1440/1946)
[2025-11-17 23:02:53][INFO][Rank 0] - CUDA Memory [train][Step 1440]: Device 0: Allocated: 3309.6 MB, Reserved: 117540.0 MB (Δ: +1687.0 MB)
[2025-11-17 23:02:59][INFO][Rank 0] - train Epoch 7/24: 74.5% (1450/1946)
[2025-11-17 23:03:06][INFO][Rank 0] - train Epoch 7/24: 75.0% (1460/1946)
[2025-11-17 23:03:13][INFO][Rank 0] - train Epoch 7/24: 75.5% (1470/1946)
[2025-11-17 23:03:20][INFO][Rank 0] - train Epoch 7/24: 76.1% (1480/1946)
[2025-11-17 23:03:27][INFO][Rank 0] - train Epoch 7/24: 76.6% (1490/1946)
[2025-11-17 23:03:34][INFO][Rank 0] - train Epoch 7/24: 77.1% (1500/1946)
[2025-11-17 23:03:41][INFO][Rank 0] - train Epoch 7/24: 77.6% (1510/1946)
[2025-11-17 23:03:48][INFO][Rank 0] - train Epoch 7/24: 78.1% (1520/1946)
[2025-11-17 23:03:55][INFO][Rank 0] - train Epoch 7/24: 78.6% (1530/1946)
[2025-11-17 23:03:56][INFO][Rank 0] - CUDA Memory [train][Step 1530]: Device 0: Allocated: 3309.6 MB, Reserved: 117540.0 MB (Δ: +1687.0 MB)
[2025-11-17 23:04:03][INFO][Rank 0] - train Epoch 7/24: 79.1% (1540/1946)
[2025-11-17 23:04:10][INFO][Rank 0] - train Epoch 7/24: 79.7% (1550/1946)
[2025-11-17 23:04:17][INFO][Rank 0] - train Epoch 7/24: 80.2% (1560/1946)
[2025-11-17 23:04:24][INFO][Rank 0] - train Epoch 7/24: 80.7% (1570/1946)
[2025-11-17 23:04:31][INFO][Rank 0] - train Epoch 7/24: 81.2% (1580/1946)
[2025-11-17 23:04:38][INFO][Rank 0] - train Epoch 7/24: 81.7% (1590/1946)
[2025-11-17 23:04:45][INFO][Rank 0] - train Epoch 7/24: 82.2% (1600/1946)
[2025-11-17 23:04:52][INFO][Rank 0] - train Epoch 7/24: 82.7% (1610/1946)
[2025-11-17 23:04:59][INFO][Rank 0] - train Epoch 7/24: 83.2% (1620/1946)
[2025-11-17 23:05:00][INFO][Rank 0] - CUDA Memory [train][Step 1620]: Device 0: Allocated: 3309.6 MB, Reserved: 117540.0 MB (Δ: +1687.0 MB)
[2025-11-17 23:05:06][INFO][Rank 0] - train Epoch 7/24: 83.8% (1630/1946)
[2025-11-17 23:05:13][INFO][Rank 0] - train Epoch 7/24: 84.3% (1640/1946)
[2025-11-17 23:05:20][INFO][Rank 0] - train Epoch 7/24: 84.8% (1650/1946)
[2025-11-17 23:05:27][INFO][Rank 0] - train Epoch 7/24: 85.3% (1660/1946)
[2025-11-17 23:05:35][INFO][Rank 0] - train Epoch 7/24: 85.8% (1670/1946)
[2025-11-17 23:05:42][INFO][Rank 0] - train Epoch 7/24: 86.3% (1680/1946)
[2025-11-17 23:05:49][INFO][Rank 0] - train Epoch 7/24: 86.8% (1690/1946)
[2025-11-17 23:05:56][INFO][Rank 0] - train Epoch 7/24: 87.4% (1700/1946)
[2025-11-17 23:06:03][INFO][Rank 0] - train Epoch 7/24: 87.9% (1710/1946)
[2025-11-17 23:06:04][INFO][Rank 0] - CUDA Memory [train][Step 1710]: Device 0: Allocated: 3309.6 MB, Reserved: 117540.0 MB (Δ: +1687.0 MB)
[2025-11-17 23:06:10][INFO][Rank 0] - train Epoch 7/24: 88.4% (1720/1946)
[2025-11-17 23:06:17][INFO][Rank 0] - train Epoch 7/24: 88.9% (1730/1946)
[2025-11-17 23:06:24][INFO][Rank 0] - train Epoch 7/24: 89.4% (1740/1946)
[2025-11-17 23:06:31][INFO][Rank 0] - train Epoch 7/24: 89.9% (1750/1946)
[2025-11-17 23:06:38][INFO][Rank 0] - train Epoch 7/24: 90.4% (1760/1946)
[2025-11-17 23:06:45][INFO][Rank 0] - train Epoch 7/24: 91.0% (1770/1946)
[2025-11-17 23:06:52][INFO][Rank 0] - train Epoch 7/24: 91.5% (1780/1946)
[2025-11-17 23:06:59][INFO][Rank 0] - train Epoch 7/24: 92.0% (1790/1946)
[2025-11-17 23:07:06][INFO][Rank 0] - train Epoch 7/24: 92.5% (1800/1946)
[2025-11-17 23:07:07][INFO][Rank 0] - CUDA Memory [train][Step 1800]: Device 0: Allocated: 3309.6 MB, Reserved: 117540.0 MB (Δ: +1687.0 MB)
[2025-11-17 23:07:14][INFO][Rank 0] - train Epoch 7/24: 93.0% (1810/1946)
[2025-11-17 23:07:21][INFO][Rank 0] - train Epoch 7/24: 93.5% (1820/1946)
[2025-11-17 23:07:28][INFO][Rank 0] - train Epoch 7/24: 94.0% (1830/1946)
[2025-11-17 23:07:35][INFO][Rank 0] - train Epoch 7/24: 94.6% (1840/1946)
[2025-11-17 23:07:42][INFO][Rank 0] - train Epoch 7/24: 95.1% (1850/1946)
[2025-11-17 23:07:49][INFO][Rank 0] - train Epoch 7/24: 95.6% (1860/1946)
[2025-11-17 23:07:56][INFO][Rank 0] - train Epoch 7/24: 96.1% (1870/1946)
[2025-11-17 23:08:03][INFO][Rank 0] - train Epoch 7/24: 96.6% (1880/1946)
[2025-11-17 23:08:10][INFO][Rank 0] - train Epoch 7/24: 97.1% (1890/1946)
[2025-11-17 23:08:11][INFO][Rank 0] - CUDA Memory [train][Step 1890]: Device 0: Allocated: 3309.6 MB, Reserved: 117540.0 MB (Δ: +1687.0 MB)
[2025-11-17 23:08:17][INFO][Rank 0] - train Epoch 7/24: 97.6% (1900/1946)
[2025-11-17 23:08:24][INFO][Rank 0] - train Epoch 7/24: 98.2% (1910/1946)
[2025-11-17 23:08:31][INFO][Rank 0] - train Epoch 7/24: 98.7% (1920/1946)
[2025-11-17 23:08:38][INFO][Rank 0] - train Epoch 7/24: 99.2% (1930/1946)
[2025-11-17 23:08:45][INFO][Rank 0] - train Epoch 7/24: 99.7% (1940/1946)
[2025-11-17 23:08:49][INFO][Rank 0] - train Epoch 7/24: 99.9% (1945/1946)
[2025-11-17 23:08:50][INFO][Rank 0] - train Loss: 0.1826 Acc: 0.9714 F1: 0.9852
[2025-11-17 23:08:50][INFO][Rank 0] - train Balanced Acc: 0.8709 AUC-ROC: 0.9574
[2025-11-17 23:08:50][INFO][Rank 0] - train Sensitivity: 0.9769 Specificity: 0.7648
[2025-11-17 23:08:50][INFO][Rank 0] - train Confusion Matrix: TP=18517, FP=119, FN=437, TN=387
[2025-11-17 23:08:50][INFO][Rank 0] - train completed in 1376.60s
[2025-11-17 23:08:50][INFO][Rank 0] - Data loading time: 1.66s, Forward time: 280.30s, Backward time: 745.92s
[2025-11-17 23:08:50][INFO][Rank 0] - train cache: 0/1 items, hit rate: 0.00%
[2025-11-17 23:08:50][INFO][Rank 0] - CUDA Memory [val][Step 0]: Device 0: Allocated: 3309.6 MB, Reserved: 117540.0 MB (Δ: +1687.0 MB)
[2025-11-17 23:08:50][INFO][Rank 0] - val phase: total 401 batches
[2025-11-17 23:08:50][INFO][Rank 0] - val Epoch 7/24: 0.0% (0/401)
[2025-11-17 23:08:55][INFO][Rank 0] - val Epoch 7/24: 2.5% (10/401)
[2025-11-17 23:09:00][INFO][Rank 0] - val Epoch 7/24: 5.0% (20/401)
[2025-11-17 23:09:05][INFO][Rank 0] - val Epoch 7/24: 7.5% (30/401)
[2025-11-17 23:09:10][INFO][Rank 0] - val Epoch 7/24: 10.0% (40/401)
[2025-11-17 23:09:15][INFO][Rank 0] - val Epoch 7/24: 12.5% (50/401)
[2025-11-17 23:09:20][INFO][Rank 0] - val Epoch 7/24: 15.0% (60/401)
[2025-11-17 23:09:25][INFO][Rank 0] - val Epoch 7/24: 17.5% (70/401)
[2025-11-17 23:09:30][INFO][Rank 0] - val Epoch 7/24: 20.0% (80/401)
[2025-11-17 23:09:35][INFO][Rank 0] - val Epoch 7/24: 22.4% (90/401)
[2025-11-17 23:09:40][INFO][Rank 0] - val Epoch 7/24: 24.9% (100/401)
[2025-11-17 23:09:45][INFO][Rank 0] - val Epoch 7/24: 27.4% (110/401)
[2025-11-17 23:09:50][INFO][Rank 0] - val Epoch 7/24: 29.9% (120/401)
[2025-11-17 23:09:50][INFO][Rank 0] - CUDA Memory [val][Step 120]: Device 0: Allocated: 3309.6 MB, Reserved: 117540.0 MB (Δ: +1687.0 MB)
[2025-11-17 23:09:55][INFO][Rank 0] - val Epoch 7/24: 32.4% (130/401)
[2025-11-17 23:10:00][INFO][Rank 0] - val Epoch 7/24: 34.9% (140/401)
[2025-11-17 23:10:05][INFO][Rank 0] - val Epoch 7/24: 37.4% (150/401)
[2025-11-17 23:10:10][INFO][Rank 0] - val Epoch 7/24: 39.9% (160/401)
[2025-11-17 23:10:15][INFO][Rank 0] - val Epoch 7/24: 42.4% (170/401)
[2025-11-17 23:10:20][INFO][Rank 0] - val Epoch 7/24: 44.9% (180/401)
[2025-11-17 23:10:25][INFO][Rank 0] - val Epoch 7/24: 47.4% (190/401)
[2025-11-17 23:10:30][INFO][Rank 0] - val Epoch 7/24: 49.9% (200/401)
[2025-11-17 23:10:35][INFO][Rank 0] - val Epoch 7/24: 52.4% (210/401)
[2025-11-17 23:10:40][INFO][Rank 0] - val Epoch 7/24: 54.9% (220/401)
[2025-11-17 23:10:45][INFO][Rank 0] - val Epoch 7/24: 57.4% (230/401)
[2025-11-17 23:10:50][INFO][Rank 0] - val Epoch 7/24: 59.9% (240/401)
[2025-11-17 23:10:55][INFO][Rank 0] - val Epoch 7/24: 62.3% (250/401)
[2025-11-17 23:11:00][INFO][Rank 0] - val Epoch 7/24: 64.8% (260/401)
[2025-11-17 23:11:05][INFO][Rank 0] - val Epoch 7/24: 67.3% (270/401)
[2025-11-17 23:11:05][INFO][Rank 0] - CUDA Memory [val][Step 270]: Device 0: Allocated: 3309.6 MB, Reserved: 117540.0 MB (Δ: +1687.0 MB)
[2025-11-17 23:11:10][INFO][Rank 0] - val Epoch 7/24: 69.8% (280/401)
[2025-11-17 23:11:15][INFO][Rank 0] - val Epoch 7/24: 72.3% (290/401)
[2025-11-17 23:11:20][INFO][Rank 0] - val Epoch 7/24: 74.8% (300/401)
[2025-11-17 23:11:25][INFO][Rank 0] - val Epoch 7/24: 77.3% (310/401)
[2025-11-17 23:11:30][INFO][Rank 0] - val Epoch 7/24: 79.8% (320/401)
[2025-11-17 23:11:35][INFO][Rank 0] - val Epoch 7/24: 82.3% (330/401)
[2025-11-17 23:11:40][INFO][Rank 0] - val Epoch 7/24: 84.8% (340/401)
[2025-11-17 23:11:45][INFO][Rank 0] - val Epoch 7/24: 87.3% (350/401)
[2025-11-17 23:11:50][INFO][Rank 0] - val Epoch 7/24: 89.8% (360/401)
[2025-11-17 23:11:55][INFO][Rank 0] - val Epoch 7/24: 92.3% (370/401)
[2025-11-17 23:12:00][INFO][Rank 0] - val Epoch 7/24: 94.8% (380/401)
[2025-11-17 23:12:05][INFO][Rank 0] - val Epoch 7/24: 97.3% (390/401)
[2025-11-17 23:12:10][INFO][Rank 0] - val Epoch 7/24: 99.8% (400/401)
[2025-11-17 23:12:10][INFO][Rank 0] - val Loss: 0.1126 Acc: 0.9733 F1: 0.9862
[2025-11-17 23:12:10][INFO][Rank 0] - val Balanced Acc: 0.8947 AUC-ROC: 0.9812
[2025-11-17 23:12:10][INFO][Rank 0] - val Sensitivity: 0.9775 Specificity: 0.8119
[2025-11-17 23:12:10][INFO][Rank 0] - val Confusion Matrix: TP=3821, FP=19, FN=88, TN=82
[2025-11-17 23:12:10][INFO][Rank 0] - val completed in 200.61s
[2025-11-17 23:12:10][INFO][Rank 0] - val cache: 0/1 items, hit rate: 0.00%
[2025-11-17 23:12:15][INFO][Rank 0] - Saved new best balanced_acc model with balanced_acc: 0.8947 at /projects/retprogression/rgarridogarcia/checkpoints/cropped1024_cropped_centered_wt_allR_5/best_balanced_acc_model.pth
[2025-11-17 23:12:19][INFO][Rank 0] - Also saved as general best model at /projects/retprogression/rgarridogarcia/checkpoints/cropped1024_cropped_centered_wt_allR_5/best_model.pth
[2025-11-17 23:12:23][INFO][Rank 0] - Saved new best auc model with auc: 0.9812 at /projects/retprogression/rgarridogarcia/checkpoints/cropped1024_cropped_centered_wt_allR_5/best_auc_model.pth
[2025-11-17 23:12:27][INFO][Rank 0] - Saved epoch checkpoint at /projects/retprogression/rgarridogarcia/checkpoints/cropped1024_cropped_centered_wt_allR_5/epoch_7.pth
[2025-11-17 23:12:27][INFO][Rank 0] - Epoch 7 summary:
[2025-11-17 23:12:27][INFO][Rank 0] -  Train Loss: 0.1826, Train Acc: 0.9714, Train F1: 0.9852
[2025-11-17 23:12:27][INFO][Rank 0] -  Train Balanced Acc: 0.8709, Train AUC: 0.9574
[2025-11-17 23:12:27][INFO][Rank 0] -  Train Sensitivity: 0.9769, Train Specificity: 0.7648
[2025-11-17 23:12:27][INFO][Rank 0] -  Val Loss: 0.1126, Val Acc: 0.9733, Val F1: 0.9862
[2025-11-17 23:12:28][INFO][Rank 0] -  Val Balanced Acc: 0.8947, Val AUC: 0.9812
[2025-11-17 23:12:28][INFO][Rank 0] -  Val Sensitivity: 0.9775, Val Specificity: 0.8119
[2025-11-17 23:12:28][INFO][Rank 0] -  Total Epoch Time: 1594.43s
[2025-11-17 23:12:28][INFO][Rank 0] - Epoch 8/24
[2025-11-17 23:12:28][INFO][Rank 0] - ----------
[2025-11-17 23:12:28][INFO][Rank 0] - CUDA Memory [train][Step 0]: Device 0: Allocated: 3309.6 MB, Reserved: 117540.0 MB (Δ: +1687.0 MB)
[2025-11-17 23:12:28][INFO][Rank 0] - train phase: total 1946 batches
[2025-11-17 23:12:28][INFO][Rank 0] - train Epoch 8/24: 0.0% (0/1946)
[2025-11-17 23:12:35][INFO][Rank 0] - train Epoch 8/24: 0.5% (10/1946)
[2025-11-17 23:12:42][INFO][Rank 0] - train Epoch 8/24: 1.0% (20/1946)
[2025-11-17 23:12:49][INFO][Rank 0] - train Epoch 8/24: 1.5% (30/1946)
[2025-11-17 23:12:56][INFO][Rank 0] - train Epoch 8/24: 2.1% (40/1946)
[2025-11-17 23:13:04][INFO][Rank 0] - train Epoch 8/24: 2.6% (50/1946)
[2025-11-17 23:13:11][INFO][Rank 0] - train Epoch 8/24: 3.1% (60/1946)
[2025-11-17 23:13:18][INFO][Rank 0] - train Epoch 8/24: 3.6% (70/1946)
[2025-11-17 23:13:25][INFO][Rank 0] - train Epoch 8/24: 4.1% (80/1946)
[2025-11-17 23:13:32][INFO][Rank 0] - train Epoch 8/24: 4.6% (90/1946)
[2025-11-17 23:13:32][INFO][Rank 0] - CUDA Memory [train][Step 90]: Device 0: Allocated: 3309.6 MB, Reserved: 117540.0 MB (Δ: +1687.0 MB)
[2025-11-17 23:13:39][INFO][Rank 0] - train Epoch 8/24: 5.1% (100/1946)
[2025-11-17 23:13:46][INFO][Rank 0] - train Epoch 8/24: 5.7% (110/1946)
[2025-11-17 23:13:53][INFO][Rank 0] - train Epoch 8/24: 6.2% (120/1946)
[2025-11-17 23:14:00][INFO][Rank 0] - train Epoch 8/24: 6.7% (130/1946)
[2025-11-17 23:14:07][INFO][Rank 0] - train Epoch 8/24: 7.2% (140/1946)
[2025-11-17 23:14:14][INFO][Rank 0] - train Epoch 8/24: 7.7% (150/1946)
[2025-11-17 23:14:21][INFO][Rank 0] - train Epoch 8/24: 8.2% (160/1946)
[2025-11-17 23:14:28][INFO][Rank 0] - train Epoch 8/24: 8.7% (170/1946)
[2025-11-17 23:14:35][INFO][Rank 0] - train Epoch 8/24: 9.2% (180/1946)
[2025-11-17 23:14:36][INFO][Rank 0] - CUDA Memory [train][Step 180]: Device 0: Allocated: 3309.6 MB, Reserved: 117540.0 MB (Δ: +1687.0 MB)
[2025-11-17 23:14:42][INFO][Rank 0] - train Epoch 8/24: 9.8% (190/1946)
[2025-11-17 23:14:50][INFO][Rank 0] - train Epoch 8/24: 10.3% (200/1946)
[2025-11-17 23:14:57][INFO][Rank 0] - train Epoch 8/24: 10.8% (210/1946)
[2025-11-17 23:15:04][INFO][Rank 0] - train Epoch 8/24: 11.3% (220/1946)
[2025-11-17 23:15:11][INFO][Rank 0] - train Epoch 8/24: 11.8% (230/1946)
[2025-11-17 23:15:18][INFO][Rank 0] - train Epoch 8/24: 12.3% (240/1946)
[2025-11-17 23:15:25][INFO][Rank 0] - train Epoch 8/24: 12.8% (250/1946)
[2025-11-17 23:15:32][INFO][Rank 0] - train Epoch 8/24: 13.4% (260/1946)
[2025-11-17 23:15:39][INFO][Rank 0] - train Epoch 8/24: 13.9% (270/1946)
[2025-11-17 23:15:40][INFO][Rank 0] - CUDA Memory [train][Step 270]: Device 0: Allocated: 3309.6 MB, Reserved: 117540.0 MB (Δ: +1687.0 MB)
[2025-11-17 23:15:46][INFO][Rank 0] - train Epoch 8/24: 14.4% (280/1946)
[2025-11-17 23:15:53][INFO][Rank 0] - train Epoch 8/24: 14.9% (290/1946)
[2025-11-17 23:16:00][INFO][Rank 0] - train Epoch 8/24: 15.4% (300/1946)
[2025-11-17 23:16:07][INFO][Rank 0] - train Epoch 8/24: 15.9% (310/1946)
[2025-11-17 23:16:14][INFO][Rank 0] - train Epoch 8/24: 16.4% (320/1946)
[2025-11-17 23:16:21][INFO][Rank 0] - train Epoch 8/24: 17.0% (330/1946)
[2025-11-17 23:16:28][INFO][Rank 0] - train Epoch 8/24: 17.5% (340/1946)
[2025-11-17 23:16:36][INFO][Rank 0] - train Epoch 8/24: 18.0% (350/1946)
[2025-11-17 23:16:43][INFO][Rank 0] - train Epoch 8/24: 18.5% (360/1946)
[2025-11-17 23:16:43][INFO][Rank 0] - CUDA Memory [train][Step 360]: Device 0: Allocated: 3309.6 MB, Reserved: 117540.0 MB (Δ: +1687.0 MB)
[2025-11-17 23:16:50][INFO][Rank 0] - train Epoch 8/24: 19.0% (370/1946)
[2025-11-17 23:16:57][INFO][Rank 0] - train Epoch 8/24: 19.5% (380/1946)
[2025-11-17 23:17:04][INFO][Rank 0] - train Epoch 8/24: 20.0% (390/1946)
[2025-11-17 23:17:11][INFO][Rank 0] - train Epoch 8/24: 20.6% (400/1946)
[2025-11-17 23:17:18][INFO][Rank 0] - train Epoch 8/24: 21.1% (410/1946)
[2025-11-17 23:17:25][INFO][Rank 0] - train Epoch 8/24: 21.6% (420/1946)
[2025-11-17 23:17:32][INFO][Rank 0] - train Epoch 8/24: 22.1% (430/1946)
[2025-11-17 23:17:39][INFO][Rank 0] - train Epoch 8/24: 22.6% (440/1946)
[2025-11-17 23:17:46][INFO][Rank 0] - train Epoch 8/24: 23.1% (450/1946)
[2025-11-17 23:17:47][INFO][Rank 0] - CUDA Memory [train][Step 450]: Device 0: Allocated: 3309.6 MB, Reserved: 117540.0 MB (Δ: +1687.0 MB)
[2025-11-17 23:17:53][INFO][Rank 0] - train Epoch 8/24: 23.6% (460/1946)
[2025-11-17 23:18:00][INFO][Rank 0] - train Epoch 8/24: 24.2% (470/1946)
[2025-11-17 23:18:07][INFO][Rank 0] - train Epoch 8/24: 24.7% (480/1946)
[2025-11-17 23:18:14][INFO][Rank 0] - train Epoch 8/24: 25.2% (490/1946)
[2025-11-17 23:18:22][INFO][Rank 0] - train Epoch 8/24: 25.7% (500/1946)
[2025-11-17 23:18:29][INFO][Rank 0] - train Epoch 8/24: 26.2% (510/1946)
[2025-11-17 23:18:36][INFO][Rank 0] - train Epoch 8/24: 26.7% (520/1946)
[2025-11-17 23:18:43][INFO][Rank 0] - train Epoch 8/24: 27.2% (530/1946)
[2025-11-17 23:18:50][INFO][Rank 0] - train Epoch 8/24: 27.7% (540/1946)
[2025-11-17 23:18:51][INFO][Rank 0] - CUDA Memory [train][Step 540]: Device 0: Allocated: 3309.6 MB, Reserved: 117540.0 MB (Δ: +1687.0 MB)
[2025-11-17 23:18:57][INFO][Rank 0] - train Epoch 8/24: 28.3% (550/1946)
[2025-11-17 23:19:04][INFO][Rank 0] - train Epoch 8/24: 28.8% (560/1946)
[2025-11-17 23:19:11][INFO][Rank 0] - train Epoch 8/24: 29.3% (570/1946)
[2025-11-17 23:19:18][INFO][Rank 0] - train Epoch 8/24: 29.8% (580/1946)
[2025-11-17 23:19:25][INFO][Rank 0] - train Epoch 8/24: 30.3% (590/1946)
[2025-11-17 23:19:32][INFO][Rank 0] - train Epoch 8/24: 30.8% (600/1946)
[2025-11-17 23:19:39][INFO][Rank 0] - train Epoch 8/24: 31.3% (610/1946)
[2025-11-17 23:19:46][INFO][Rank 0] - train Epoch 8/24: 31.9% (620/1946)
[2025-11-17 23:19:53][INFO][Rank 0] - train Epoch 8/24: 32.4% (630/1946)
[2025-11-17 23:19:54][INFO][Rank 0] - CUDA Memory [train][Step 630]: Device 0: Allocated: 3309.6 MB, Reserved: 117540.0 MB (Δ: +1687.0 MB)
[2025-11-17 23:20:00][INFO][Rank 0] - train Epoch 8/24: 32.9% (640/1946)
[2025-11-17 23:20:08][INFO][Rank 0] - train Epoch 8/24: 33.4% (650/1946)
[2025-11-17 23:20:15][INFO][Rank 0] - train Epoch 8/24: 33.9% (660/1946)
[2025-11-17 23:20:22][INFO][Rank 0] - train Epoch 8/24: 34.4% (670/1946)
[2025-11-17 23:20:29][INFO][Rank 0] - train Epoch 8/24: 34.9% (680/1946)
[2025-11-17 23:20:36][INFO][Rank 0] - train Epoch 8/24: 35.5% (690/1946)
[2025-11-17 23:20:43][INFO][Rank 0] - train Epoch 8/24: 36.0% (700/1946)
[2025-11-17 23:20:50][INFO][Rank 0] - train Epoch 8/24: 36.5% (710/1946)
[2025-11-17 23:20:57][INFO][Rank 0] - train Epoch 8/24: 37.0% (720/1946)
[2025-11-17 23:20:58][INFO][Rank 0] - CUDA Memory [train][Step 720]: Device 0: Allocated: 3309.6 MB, Reserved: 117540.0 MB (Δ: +1687.0 MB)
[2025-11-17 23:21:04][INFO][Rank 0] - train Epoch 8/24: 37.5% (730/1946)
[2025-11-17 23:21:11][INFO][Rank 0] - train Epoch 8/24: 38.0% (740/1946)
[2025-11-17 23:21:18][INFO][Rank 0] - train Epoch 8/24: 38.5% (750/1946)
[2025-11-17 23:21:25][INFO][Rank 0] - train Epoch 8/24: 39.1% (760/1946)
[2025-11-17 23:21:32][INFO][Rank 0] - train Epoch 8/24: 39.6% (770/1946)
[2025-11-17 23:21:39][INFO][Rank 0] - train Epoch 8/24: 40.1% (780/1946)
[2025-11-17 23:21:46][INFO][Rank 0] - train Epoch 8/24: 40.6% (790/1946)
[2025-11-17 23:21:54][INFO][Rank 0] - train Epoch 8/24: 41.1% (800/1946)
[2025-11-17 23:22:01][INFO][Rank 0] - train Epoch 8/24: 41.6% (810/1946)
[2025-11-17 23:22:01][INFO][Rank 0] - CUDA Memory [train][Step 810]: Device 0: Allocated: 3309.6 MB, Reserved: 117540.0 MB (Δ: +1687.0 MB)
[2025-11-17 23:22:08][INFO][Rank 0] - train Epoch 8/24: 42.1% (820/1946)
[2025-11-17 23:22:15][INFO][Rank 0] - train Epoch 8/24: 42.7% (830/1946)
[2025-11-17 23:22:22][INFO][Rank 0] - train Epoch 8/24: 43.2% (840/1946)
[2025-11-17 23:22:29][INFO][Rank 0] - train Epoch 8/24: 43.7% (850/1946)
[2025-11-17 23:22:36][INFO][Rank 0] - train Epoch 8/24: 44.2% (860/1946)
[2025-11-17 23:22:43][INFO][Rank 0] - train Epoch 8/24: 44.7% (870/1946)
[2025-11-17 23:22:50][INFO][Rank 0] - train Epoch 8/24: 45.2% (880/1946)
[2025-11-17 23:22:57][INFO][Rank 0] - train Epoch 8/24: 45.7% (890/1946)
[2025-11-17 23:23:04][INFO][Rank 0] - train Epoch 8/24: 46.2% (900/1946)
[2025-11-17 23:23:05][INFO][Rank 0] - CUDA Memory [train][Step 900]: Device 0: Allocated: 3309.6 MB, Reserved: 117540.0 MB (Δ: +1687.0 MB)
[2025-11-17 23:23:11][INFO][Rank 0] - train Epoch 8/24: 46.8% (910/1946)
[2025-11-17 23:23:18][INFO][Rank 0] - train Epoch 8/24: 47.3% (920/1946)
[2025-11-17 23:23:25][INFO][Rank 0] - train Epoch 8/24: 47.8% (930/1946)
[2025-11-17 23:23:32][INFO][Rank 0] - train Epoch 8/24: 48.3% (940/1946)
[2025-11-17 23:23:39][INFO][Rank 0] - train Epoch 8/24: 48.8% (950/1946)
[2025-11-17 23:23:47][INFO][Rank 0] - train Epoch 8/24: 49.3% (960/1946)
[2025-11-17 23:23:54][INFO][Rank 0] - train Epoch 8/24: 49.8% (970/1946)
[2025-11-17 23:24:01][INFO][Rank 0] - train Epoch 8/24: 50.4% (980/1946)
[2025-11-17 23:24:08][INFO][Rank 0] - train Epoch 8/24: 50.9% (990/1946)
[2025-11-17 23:24:08][INFO][Rank 0] - CUDA Memory [train][Step 990]: Device 0: Allocated: 3309.6 MB, Reserved: 117540.0 MB (Δ: +1687.0 MB)
[2025-11-17 23:24:15][INFO][Rank 0] - train Epoch 8/24: 51.4% (1000/1946)
[2025-11-17 23:24:22][INFO][Rank 0] - train Epoch 8/24: 51.9% (1010/1946)
[2025-11-17 23:24:29][INFO][Rank 0] - train Epoch 8/24: 52.4% (1020/1946)
[2025-11-17 23:24:36][INFO][Rank 0] - train Epoch 8/24: 52.9% (1030/1946)
[2025-11-17 23:24:43][INFO][Rank 0] - train Epoch 8/24: 53.4% (1040/1946)
[2025-11-17 23:24:50][INFO][Rank 0] - train Epoch 8/24: 54.0% (1050/1946)
[2025-11-17 23:24:57][INFO][Rank 0] - train Epoch 8/24: 54.5% (1060/1946)
[2025-11-17 23:25:04][INFO][Rank 0] - train Epoch 8/24: 55.0% (1070/1946)
[2025-11-17 23:25:11][INFO][Rank 0] - train Epoch 8/24: 55.5% (1080/1946)
[2025-11-17 23:25:12][INFO][Rank 0] - CUDA Memory [train][Step 1080]: Device 0: Allocated: 3309.6 MB, Reserved: 117540.0 MB (Δ: +1687.0 MB)
[2025-11-17 23:25:18][INFO][Rank 0] - train Epoch 8/24: 56.0% (1090/1946)
[2025-11-17 23:25:25][INFO][Rank 0] - train Epoch 8/24: 56.5% (1100/1946)
[2025-11-17 23:25:33][INFO][Rank 0] - train Epoch 8/24: 57.0% (1110/1946)
[2025-11-17 23:25:40][INFO][Rank 0] - train Epoch 8/24: 57.6% (1120/1946)
[2025-11-17 23:25:47][INFO][Rank 0] - train Epoch 8/24: 58.1% (1130/1946)
[2025-11-17 23:25:54][INFO][Rank 0] - train Epoch 8/24: 58.6% (1140/1946)
[2025-11-17 23:26:01][INFO][Rank 0] - train Epoch 8/24: 59.1% (1150/1946)
[2025-11-17 23:26:08][INFO][Rank 0] - train Epoch 8/24: 59.6% (1160/1946)
[2025-11-17 23:26:15][INFO][Rank 0] - train Epoch 8/24: 60.1% (1170/1946)
[2025-11-17 23:26:16][INFO][Rank 0] - CUDA Memory [train][Step 1170]: Device 0: Allocated: 3309.6 MB, Reserved: 117540.0 MB (Δ: +1687.0 MB)
[2025-11-17 23:26:22][INFO][Rank 0] - train Epoch 8/24: 60.6% (1180/1946)
[2025-11-17 23:26:29][INFO][Rank 0] - train Epoch 8/24: 61.2% (1190/1946)
[2025-11-17 23:26:36][INFO][Rank 0] - train Epoch 8/24: 61.7% (1200/1946)
[2025-11-17 23:26:43][INFO][Rank 0] - train Epoch 8/24: 62.2% (1210/1946)
[2025-11-17 23:26:50][INFO][Rank 0] - train Epoch 8/24: 62.7% (1220/1946)
[2025-11-17 23:26:57][INFO][Rank 0] - train Epoch 8/24: 63.2% (1230/1946)
[2025-11-17 23:27:04][INFO][Rank 0] - train Epoch 8/24: 63.7% (1240/1946)
[2025-11-17 23:27:11][INFO][Rank 0] - train Epoch 8/24: 64.2% (1250/1946)
[2025-11-17 23:27:18][INFO][Rank 0] - train Epoch 8/24: 64.7% (1260/1946)
[2025-11-17 23:27:19][INFO][Rank 0] - CUDA Memory [train][Step 1260]: Device 0: Allocated: 3309.6 MB, Reserved: 117540.0 MB (Δ: +1687.0 MB)
[2025-11-17 23:27:26][INFO][Rank 0] - train Epoch 8/24: 65.3% (1270/1946)
[2025-11-17 23:27:33][INFO][Rank 0] - train Epoch 8/24: 65.8% (1280/1946)
[2025-11-17 23:27:40][INFO][Rank 0] - train Epoch 8/24: 66.3% (1290/1946)
[2025-11-17 23:27:47][INFO][Rank 0] - train Epoch 8/24: 66.8% (1300/1946)
[2025-11-17 23:27:54][INFO][Rank 0] - train Epoch 8/24: 67.3% (1310/1946)
[2025-11-17 23:28:01][INFO][Rank 0] - train Epoch 8/24: 67.8% (1320/1946)
[2025-11-17 23:28:08][INFO][Rank 0] - train Epoch 8/24: 68.3% (1330/1946)
[2025-11-17 23:28:15][INFO][Rank 0] - train Epoch 8/24: 68.9% (1340/1946)
[2025-11-17 23:28:22][INFO][Rank 0] - train Epoch 8/24: 69.4% (1350/1946)
[2025-11-17 23:28:23][INFO][Rank 0] - CUDA Memory [train][Step 1350]: Device 0: Allocated: 3309.6 MB, Reserved: 117540.0 MB (Δ: +1687.0 MB)
[2025-11-17 23:28:29][INFO][Rank 0] - train Epoch 8/24: 69.9% (1360/1946)
[2025-11-17 23:28:36][INFO][Rank 0] - train Epoch 8/24: 70.4% (1370/1946)
[2025-11-17 23:28:43][INFO][Rank 0] - train Epoch 8/24: 70.9% (1380/1946)
[2025-11-17 23:28:50][INFO][Rank 0] - train Epoch 8/24: 71.4% (1390/1946)
[2025-11-17 23:28:57][INFO][Rank 0] - train Epoch 8/24: 71.9% (1400/1946)
[2025-11-17 23:29:04][INFO][Rank 0] - train Epoch 8/24: 72.5% (1410/1946)
[2025-11-17 23:29:12][INFO][Rank 0] - train Epoch 8/24: 73.0% (1420/1946)
[2025-11-17 23:29:19][INFO][Rank 0] - train Epoch 8/24: 73.5% (1430/1946)
[2025-11-17 23:29:26][INFO][Rank 0] - train Epoch 8/24: 74.0% (1440/1946)
[2025-11-17 23:29:26][INFO][Rank 0] - CUDA Memory [train][Step 1440]: Device 0: Allocated: 3309.6 MB, Reserved: 117540.0 MB (Δ: +1687.0 MB)
[2025-11-17 23:29:33][INFO][Rank 0] - train Epoch 8/24: 74.5% (1450/1946)
[2025-11-17 23:29:40][INFO][Rank 0] - train Epoch 8/24: 75.0% (1460/1946)
[2025-11-17 23:29:47][INFO][Rank 0] - train Epoch 8/24: 75.5% (1470/1946)
[2025-11-17 23:29:54][INFO][Rank 0] - train Epoch 8/24: 76.1% (1480/1946)
[2025-11-17 23:30:01][INFO][Rank 0] - train Epoch 8/24: 76.6% (1490/1946)
[2025-11-17 23:30:08][INFO][Rank 0] - train Epoch 8/24: 77.1% (1500/1946)
[2025-11-17 23:30:15][INFO][Rank 0] - train Epoch 8/24: 77.6% (1510/1946)
[2025-11-17 23:30:22][INFO][Rank 0] - train Epoch 8/24: 78.1% (1520/1946)
[2025-11-17 23:30:29][INFO][Rank 0] - train Epoch 8/24: 78.6% (1530/1946)
[2025-11-17 23:30:30][INFO][Rank 0] - CUDA Memory [train][Step 1530]: Device 0: Allocated: 3309.6 MB, Reserved: 117540.0 MB (Δ: +1687.0 MB)
[2025-11-17 23:30:36][INFO][Rank 0] - train Epoch 8/24: 79.1% (1540/1946)
[2025-11-17 23:30:43][INFO][Rank 0] - train Epoch 8/24: 79.7% (1550/1946)
[2025-11-17 23:30:50][INFO][Rank 0] - train Epoch 8/24: 80.2% (1560/1946)
[2025-11-17 23:30:58][INFO][Rank 0] - train Epoch 8/24: 80.7% (1570/1946)
[2025-11-17 23:31:05][INFO][Rank 0] - train Epoch 8/24: 81.2% (1580/1946)
[2025-11-17 23:31:12][INFO][Rank 0] - train Epoch 8/24: 81.7% (1590/1946)
[2025-11-17 23:31:19][INFO][Rank 0] - train Epoch 8/24: 82.2% (1600/1946)
[2025-11-17 23:31:26][INFO][Rank 0] - train Epoch 8/24: 82.7% (1610/1946)
[2025-11-17 23:31:33][INFO][Rank 0] - train Epoch 8/24: 83.2% (1620/1946)
[2025-11-17 23:31:34][INFO][Rank 0] - CUDA Memory [train][Step 1620]: Device 0: Allocated: 3309.6 MB, Reserved: 117540.0 MB (Δ: +1687.0 MB)
[2025-11-17 23:31:40][INFO][Rank 0] - train Epoch 8/24: 83.8% (1630/1946)
[2025-11-17 23:31:47][INFO][Rank 0] - train Epoch 8/24: 84.3% (1640/1946)
[2025-11-17 23:31:54][INFO][Rank 0] - train Epoch 8/24: 84.8% (1650/1946)
[2025-11-17 23:32:01][INFO][Rank 0] - train Epoch 8/24: 85.3% (1660/1946)
[2025-11-17 23:32:08][INFO][Rank 0] - train Epoch 8/24: 85.8% (1670/1946)
[2025-11-17 23:32:15][INFO][Rank 0] - train Epoch 8/24: 86.3% (1680/1946)
[2025-11-17 23:32:22][INFO][Rank 0] - train Epoch 8/24: 86.8% (1690/1946)
[2025-11-17 23:32:29][INFO][Rank 0] - train Epoch 8/24: 87.4% (1700/1946)
[2025-11-17 23:32:36][INFO][Rank 0] - train Epoch 8/24: 87.9% (1710/1946)
[2025-11-17 23:32:37][INFO][Rank 0] - CUDA Memory [train][Step 1710]: Device 0: Allocated: 3309.6 MB, Reserved: 117540.0 MB (Δ: +1687.0 MB)
[2025-11-17 23:32:43][INFO][Rank 0] - train Epoch 8/24: 88.4% (1720/1946)
[2025-11-17 23:32:51][INFO][Rank 0] - train Epoch 8/24: 88.9% (1730/1946)
[2025-11-17 23:32:58][INFO][Rank 0] - train Epoch 8/24: 89.4% (1740/1946)
[2025-11-17 23:33:05][INFO][Rank 0] - train Epoch 8/24: 89.9% (1750/1946)
[2025-11-17 23:33:12][INFO][Rank 0] - train Epoch 8/24: 90.4% (1760/1946)
[2025-11-17 23:33:19][INFO][Rank 0] - train Epoch 8/24: 91.0% (1770/1946)
[2025-11-17 23:33:26][INFO][Rank 0] - train Epoch 8/24: 91.5% (1780/1946)
[2025-11-17 23:33:33][INFO][Rank 0] - train Epoch 8/24: 92.0% (1790/1946)
[2025-11-17 23:33:40][INFO][Rank 0] - train Epoch 8/24: 92.5% (1800/1946)
[2025-11-17 23:33:41][INFO][Rank 0] - CUDA Memory [train][Step 1800]: Device 0: Allocated: 3309.6 MB, Reserved: 117540.0 MB (Δ: +1687.0 MB)
[2025-11-17 23:33:47][INFO][Rank 0] - train Epoch 8/24: 93.0% (1810/1946)
[2025-11-17 23:33:54][INFO][Rank 0] - train Epoch 8/24: 93.5% (1820/1946)
[2025-11-17 23:34:01][INFO][Rank 0] - train Epoch 8/24: 94.0% (1830/1946)
[2025-11-17 23:34:08][INFO][Rank 0] - train Epoch 8/24: 94.6% (1840/1946)
[2025-11-17 23:34:15][INFO][Rank 0] - train Epoch 8/24: 95.1% (1850/1946)
[2025-11-17 23:34:22][INFO][Rank 0] - train Epoch 8/24: 95.6% (1860/1946)
[2025-11-17 23:34:29][INFO][Rank 0] - train Epoch 8/24: 96.1% (1870/1946)
[2025-11-17 23:34:37][INFO][Rank 0] - train Epoch 8/24: 96.6% (1880/1946)
[2025-11-17 23:34:44][INFO][Rank 0] - train Epoch 8/24: 97.1% (1890/1946)
[2025-11-17 23:34:44][INFO][Rank 0] - CUDA Memory [train][Step 1890]: Device 0: Allocated: 3309.6 MB, Reserved: 117540.0 MB (Δ: +1687.0 MB)
[2025-11-17 23:34:51][INFO][Rank 0] - train Epoch 8/24: 97.6% (1900/1946)
[2025-11-17 23:34:58][INFO][Rank 0] - train Epoch 8/24: 98.2% (1910/1946)
[2025-11-17 23:35:05][INFO][Rank 0] - train Epoch 8/24: 98.7% (1920/1946)
[2025-11-17 23:35:12][INFO][Rank 0] - train Epoch 8/24: 99.2% (1930/1946)
[2025-11-17 23:35:19][INFO][Rank 0] - train Epoch 8/24: 99.7% (1940/1946)
[2025-11-17 23:35:22][INFO][Rank 0] - train Epoch 8/24: 99.9% (1945/1946)
[2025-11-17 23:35:23][INFO][Rank 0] - train Loss: 0.1739 Acc: 0.9730 F1: 0.9860
[2025-11-17 23:35:23][INFO][Rank 0] - train Balanced Acc: 0.8707 AUC-ROC: 0.9593
[2025-11-17 23:35:23][INFO][Rank 0] - train Sensitivity: 0.9786 Specificity: 0.7628
[2025-11-17 23:35:23][INFO][Rank 0] - train Confusion Matrix: TP=18548, FP=120, FN=406, TN=386
[2025-11-17 23:35:23][INFO][Rank 0] - train completed in 1375.66s
[2025-11-17 23:35:23][INFO][Rank 0] - Data loading time: 1.55s, Forward time: 280.07s, Backward time: 745.53s
[2025-11-17 23:35:23][INFO][Rank 0] - train cache: 0/1 items, hit rate: 0.00%
[2025-11-17 23:35:23][INFO][Rank 0] - CUDA Memory [val][Step 0]: Device 0: Allocated: 3309.6 MB, Reserved: 117540.0 MB (Δ: +1687.0 MB)
[2025-11-17 23:35:23][INFO][Rank 0] - val phase: total 401 batches
[2025-11-17 23:35:23][INFO][Rank 0] - val Epoch 8/24: 0.0% (0/401)
[2025-11-17 23:35:28][INFO][Rank 0] - val Epoch 8/24: 2.5% (10/401)
[2025-11-17 23:35:33][INFO][Rank 0] - val Epoch 8/24: 5.0% (20/401)
[2025-11-17 23:35:38][INFO][Rank 0] - val Epoch 8/24: 7.5% (30/401)
[2025-11-17 23:35:43][INFO][Rank 0] - val Epoch 8/24: 10.0% (40/401)
[2025-11-17 23:35:48][INFO][Rank 0] - val Epoch 8/24: 12.5% (50/401)
[2025-11-17 23:35:53][INFO][Rank 0] - val Epoch 8/24: 15.0% (60/401)
[2025-11-17 23:35:58][INFO][Rank 0] - val Epoch 8/24: 17.5% (70/401)
[2025-11-17 23:36:03][INFO][Rank 0] - val Epoch 8/24: 20.0% (80/401)
[2025-11-17 23:36:08][INFO][Rank 0] - val Epoch 8/24: 22.4% (90/401)
[2025-11-17 23:36:13][INFO][Rank 0] - val Epoch 8/24: 24.9% (100/401)
[2025-11-17 23:36:18][INFO][Rank 0] - val Epoch 8/24: 27.4% (110/401)
[2025-11-17 23:36:23][INFO][Rank 0] - val Epoch 8/24: 29.9% (120/401)
[2025-11-17 23:36:24][INFO][Rank 0] - CUDA Memory [val][Step 120]: Device 0: Allocated: 3309.6 MB, Reserved: 117540.0 MB (Δ: +1687.0 MB)
[2025-11-17 23:36:28][INFO][Rank 0] - val Epoch 8/24: 32.4% (130/401)
[2025-11-17 23:36:33][INFO][Rank 0] - val Epoch 8/24: 34.9% (140/401)
[2025-11-17 23:36:38][INFO][Rank 0] - val Epoch 8/24: 37.4% (150/401)
[2025-11-17 23:36:43][INFO][Rank 0] - val Epoch 8/24: 39.9% (160/401)
[2025-11-17 23:36:48][INFO][Rank 0] - val Epoch 8/24: 42.4% (170/401)
[2025-11-17 23:36:53][INFO][Rank 0] - val Epoch 8/24: 44.9% (180/401)
[2025-11-17 23:36:58][INFO][Rank 0] - val Epoch 8/24: 47.4% (190/401)
[2025-11-17 23:37:03][INFO][Rank 0] - val Epoch 8/24: 49.9% (200/401)
[2025-11-17 23:37:08][INFO][Rank 0] - val Epoch 8/24: 52.4% (210/401)
[2025-11-17 23:37:13][INFO][Rank 0] - val Epoch 8/24: 54.9% (220/401)
[2025-11-17 23:37:18][INFO][Rank 0] - val Epoch 8/24: 57.4% (230/401)
[2025-11-17 23:37:23][INFO][Rank 0] - val Epoch 8/24: 59.9% (240/401)
[2025-11-17 23:37:28][INFO][Rank 0] - val Epoch 8/24: 62.3% (250/401)
[2025-11-17 23:37:33][INFO][Rank 0] - val Epoch 8/24: 64.8% (260/401)
[2025-11-17 23:37:38][INFO][Rank 0] - val Epoch 8/24: 67.3% (270/401)
[2025-11-17 23:37:39][INFO][Rank 0] - CUDA Memory [val][Step 270]: Device 0: Allocated: 3309.6 MB, Reserved: 117540.0 MB (Δ: +1687.0 MB)
[2025-11-17 23:37:43][INFO][Rank 0] - val Epoch 8/24: 69.8% (280/401)
[2025-11-17 23:37:48][INFO][Rank 0] - val Epoch 8/24: 72.3% (290/401)
[2025-11-17 23:37:53][INFO][Rank 0] - val Epoch 8/24: 74.8% (300/401)
[2025-11-17 23:37:58][INFO][Rank 0] - val Epoch 8/24: 77.3% (310/401)
[2025-11-17 23:38:03][INFO][Rank 0] - val Epoch 8/24: 79.8% (320/401)
[2025-11-17 23:38:08][INFO][Rank 0] - val Epoch 8/24: 82.3% (330/401)
[2025-11-17 23:38:13][INFO][Rank 0] - val Epoch 8/24: 84.8% (340/401)
[2025-11-17 23:38:18][INFO][Rank 0] - val Epoch 8/24: 87.3% (350/401)
[2025-11-17 23:38:23][INFO][Rank 0] - val Epoch 8/24: 89.8% (360/401)
[2025-11-17 23:38:28][INFO][Rank 0] - val Epoch 8/24: 92.3% (370/401)
[2025-11-17 23:38:33][INFO][Rank 0] - val Epoch 8/24: 94.8% (380/401)
[2025-11-17 23:38:38][INFO][Rank 0] - val Epoch 8/24: 97.3% (390/401)
[2025-11-17 23:38:39][INFO][Rank 0] - CUDA Memory [val][Step 390]: Device 0: Allocated: 3309.6 MB, Reserved: 117540.0 MB (Δ: +1687.0 MB)
[2025-11-17 23:38:43][INFO][Rank 0] - val Epoch 8/24: 99.8% (400/401)
[2025-11-17 23:38:44][INFO][Rank 0] - val Loss: 0.1094 Acc: 0.9736 F1: 0.9863
[2025-11-17 23:38:44][INFO][Rank 0] - val Balanced Acc: 0.8948 AUC-ROC: 0.9817
[2025-11-17 23:38:44][INFO][Rank 0] - val Sensitivity: 0.9777 Specificity: 0.8119
[2025-11-17 23:38:44][INFO][Rank 0] - val Confusion Matrix: TP=3822, FP=19, FN=87, TN=82
[2025-11-17 23:38:44][INFO][Rank 0] - val completed in 200.41s
[2025-11-17 23:38:44][INFO][Rank 0] - val cache: 0/1 items, hit rate: 0.00%
[2025-11-17 23:38:48][INFO][Rank 0] - Saved new best balanced_acc model with balanced_acc: 0.8948 at /projects/retprogression/rgarridogarcia/checkpoints/cropped1024_cropped_centered_wt_allR_5/best_balanced_acc_model.pth
[2025-11-17 23:38:52][INFO][Rank 0] - Also saved as general best model at /projects/retprogression/rgarridogarcia/checkpoints/cropped1024_cropped_centered_wt_allR_5/best_model.pth
[2025-11-17 23:38:57][INFO][Rank 0] - Saved new best auc model with auc: 0.9817 at /projects/retprogression/rgarridogarcia/checkpoints/cropped1024_cropped_centered_wt_allR_5/best_auc_model.pth
[2025-11-17 23:39:01][INFO][Rank 0] - Saved epoch checkpoint at /projects/retprogression/rgarridogarcia/checkpoints/cropped1024_cropped_centered_wt_allR_5/epoch_8.pth
[2025-11-17 23:39:01][INFO][Rank 0] - Epoch 8 summary:
[2025-11-17 23:39:01][INFO][Rank 0] -  Train Loss: 0.1739, Train Acc: 0.9730, Train F1: 0.9860
[2025-11-17 23:39:01][INFO][Rank 0] -  Train Balanced Acc: 0.8707, Train AUC: 0.9593
[2025-11-17 23:39:01][INFO][Rank 0] -  Train Sensitivity: 0.9786, Train Specificity: 0.7628
[2025-11-17 23:39:01][INFO][Rank 0] -  Val Loss: 0.1094, Val Acc: 0.9736, Val F1: 0.9863
[2025-11-17 23:39:01][INFO][Rank 0] -  Val Balanced Acc: 0.8948, Val AUC: 0.9817
[2025-11-17 23:39:01][INFO][Rank 0] -  Val Sensitivity: 0.9777, Val Specificity: 0.8119
[2025-11-17 23:39:01][INFO][Rank 0] -  Total Epoch Time: 1593.33s
[2025-11-17 23:39:01][INFO][Rank 0] - Epoch 9/24
[2025-11-17 23:39:01][INFO][Rank 0] - ----------
[2025-11-17 23:39:01][INFO][Rank 0] - CUDA Memory [train][Step 0]: Device 0: Allocated: 3309.6 MB, Reserved: 117540.0 MB (Δ: +1687.0 MB)
[2025-11-17 23:39:01][INFO][Rank 0] - train phase: total 1946 batches
[2025-11-17 23:39:01][INFO][Rank 0] - train Epoch 9/24: 0.0% (0/1946)
[2025-11-17 23:39:08][INFO][Rank 0] - train Epoch 9/24: 0.5% (10/1946)
[2025-11-17 23:39:15][INFO][Rank 0] - train Epoch 9/24: 1.0% (20/1946)
[2025-11-17 23:39:22][INFO][Rank 0] - train Epoch 9/24: 1.5% (30/1946)
[2025-11-17 23:39:30][INFO][Rank 0] - train Epoch 9/24: 2.1% (40/1946)
[2025-11-17 23:39:37][INFO][Rank 0] - train Epoch 9/24: 2.6% (50/1946)
[2025-11-17 23:39:44][INFO][Rank 0] - train Epoch 9/24: 3.1% (60/1946)
[2025-11-17 23:39:51][INFO][Rank 0] - train Epoch 9/24: 3.6% (70/1946)
[2025-11-17 23:39:58][INFO][Rank 0] - train Epoch 9/24: 4.1% (80/1946)
[2025-11-17 23:40:05][INFO][Rank 0] - train Epoch 9/24: 4.6% (90/1946)
[2025-11-17 23:40:06][INFO][Rank 0] - CUDA Memory [train][Step 90]: Device 0: Allocated: 3309.6 MB, Reserved: 117540.0 MB (Δ: +1687.0 MB)
[2025-11-17 23:40:12][INFO][Rank 0] - train Epoch 9/24: 5.1% (100/1946)
[2025-11-17 23:40:19][INFO][Rank 0] - train Epoch 9/24: 5.7% (110/1946)
[2025-11-17 23:40:26][INFO][Rank 0] - train Epoch 9/24: 6.2% (120/1946)
[2025-11-17 23:40:33][INFO][Rank 0] - train Epoch 9/24: 6.7% (130/1946)
[2025-11-17 23:40:40][INFO][Rank 0] - train Epoch 9/24: 7.2% (140/1946)
[2025-11-17 23:40:47][INFO][Rank 0] - train Epoch 9/24: 7.7% (150/1946)
[2025-11-17 23:40:54][INFO][Rank 0] - train Epoch 9/24: 8.2% (160/1946)
[2025-11-17 23:41:01][INFO][Rank 0] - train Epoch 9/24: 8.7% (170/1946)
[2025-11-17 23:41:08][INFO][Rank 0] - train Epoch 9/24: 9.2% (180/1946)
[2025-11-17 23:41:09][INFO][Rank 0] - CUDA Memory [train][Step 180]: Device 0: Allocated: 3309.6 MB, Reserved: 117540.0 MB (Δ: +1687.0 MB)
[2025-11-17 23:41:16][INFO][Rank 0] - train Epoch 9/24: 9.8% (190/1946)
[2025-11-17 23:41:23][INFO][Rank 0] - train Epoch 9/24: 10.3% (200/1946)
[2025-11-17 23:41:30][INFO][Rank 0] - train Epoch 9/24: 10.8% (210/1946)
[2025-11-17 23:41:37][INFO][Rank 0] - train Epoch 9/24: 11.3% (220/1946)
[2025-11-17 23:41:44][INFO][Rank 0] - train Epoch 9/24: 11.8% (230/1946)
[2025-11-17 23:41:51][INFO][Rank 0] - train Epoch 9/24: 12.3% (240/1946)
[2025-11-17 23:41:58][INFO][Rank 0] - train Epoch 9/24: 12.8% (250/1946)
[2025-11-17 23:42:05][INFO][Rank 0] - train Epoch 9/24: 13.4% (260/1946)
[2025-11-17 23:42:12][INFO][Rank 0] - train Epoch 9/24: 13.9% (270/1946)
[2025-11-17 23:42:13][INFO][Rank 0] - CUDA Memory [train][Step 270]: Device 0: Allocated: 3309.6 MB, Reserved: 117540.0 MB (Δ: +1687.0 MB)
[2025-11-17 23:42:19][INFO][Rank 0] - train Epoch 9/24: 14.4% (280/1946)
[2025-11-17 23:42:26][INFO][Rank 0] - train Epoch 9/24: 14.9% (290/1946)
[2025-11-17 23:42:33][INFO][Rank 0] - train Epoch 9/24: 15.4% (300/1946)
[2025-11-17 23:42:40][INFO][Rank 0] - train Epoch 9/24: 15.9% (310/1946)
[2025-11-17 23:42:47][INFO][Rank 0] - train Epoch 9/24: 16.4% (320/1946)
[2025-11-17 23:42:55][INFO][Rank 0] - train Epoch 9/24: 17.0% (330/1946)
[2025-11-17 23:43:02][INFO][Rank 0] - train Epoch 9/24: 17.5% (340/1946)
[2025-11-17 23:43:09][INFO][Rank 0] - train Epoch 9/24: 18.0% (350/1946)
[2025-11-17 23:43:16][INFO][Rank 0] - train Epoch 9/24: 18.5% (360/1946)
[2025-11-17 23:43:16][INFO][Rank 0] - CUDA Memory [train][Step 360]: Device 0: Allocated: 3309.6 MB, Reserved: 117540.0 MB (Δ: +1687.0 MB)
[2025-11-17 23:43:23][INFO][Rank 0] - train Epoch 9/24: 19.0% (370/1946)
[2025-11-17 23:43:30][INFO][Rank 0] - train Epoch 9/24: 19.5% (380/1946)
[2025-11-17 23:43:37][INFO][Rank 0] - train Epoch 9/24: 20.0% (390/1946)
[2025-11-17 23:43:44][INFO][Rank 0] - train Epoch 9/24: 20.6% (400/1946)
[2025-11-17 23:43:51][INFO][Rank 0] - train Epoch 9/24: 21.1% (410/1946)
[2025-11-17 23:43:58][INFO][Rank 0] - train Epoch 9/24: 21.6% (420/1946)
[2025-11-17 23:44:05][INFO][Rank 0] - train Epoch 9/24: 22.1% (430/1946)
[2025-11-17 23:44:12][INFO][Rank 0] - train Epoch 9/24: 22.6% (440/1946)
[2025-11-17 23:44:19][INFO][Rank 0] - train Epoch 9/24: 23.1% (450/1946)
[2025-11-17 23:44:20][INFO][Rank 0] - CUDA Memory [train][Step 450]: Device 0: Allocated: 3309.6 MB, Reserved: 117540.0 MB (Δ: +1687.0 MB)
[2025-11-17 23:44:26][INFO][Rank 0] - train Epoch 9/24: 23.6% (460/1946)
[2025-11-17 23:44:33][INFO][Rank 0] - train Epoch 9/24: 24.2% (470/1946)
[2025-11-17 23:44:41][INFO][Rank 0] - train Epoch 9/24: 24.7% (480/1946)
[2025-11-17 23:44:48][INFO][Rank 0] - train Epoch 9/24: 25.2% (490/1946)
[2025-11-17 23:44:55][INFO][Rank 0] - train Epoch 9/24: 25.7% (500/1946)
[2025-11-17 23:45:02][INFO][Rank 0] - train Epoch 9/24: 26.2% (510/1946)
[2025-11-17 23:45:09][INFO][Rank 0] - train Epoch 9/24: 26.7% (520/1946)
[2025-11-17 23:45:16][INFO][Rank 0] - train Epoch 9/24: 27.2% (530/1946)
[2025-11-17 23:45:23][INFO][Rank 0] - train Epoch 9/24: 27.7% (540/1946)
[2025-11-17 23:45:24][INFO][Rank 0] - CUDA Memory [train][Step 540]: Device 0: Allocated: 3309.6 MB, Reserved: 117540.0 MB (Δ: +1687.0 MB)
[2025-11-17 23:45:30][INFO][Rank 0] - train Epoch 9/24: 28.3% (550/1946)
[2025-11-17 23:45:37][INFO][Rank 0] - train Epoch 9/24: 28.8% (560/1946)
[2025-11-17 23:45:44][INFO][Rank 0] - train Epoch 9/24: 29.3% (570/1946)
[2025-11-17 23:45:51][INFO][Rank 0] - train Epoch 9/24: 29.8% (580/1946)
[2025-11-17 23:45:58][INFO][Rank 0] - train Epoch 9/24: 30.3% (590/1946)
[2025-11-17 23:46:05][INFO][Rank 0] - train Epoch 9/24: 30.8% (600/1946)
[2025-11-17 23:46:12][INFO][Rank 0] - train Epoch 9/24: 31.3% (610/1946)
[2025-11-17 23:46:20][INFO][Rank 0] - train Epoch 9/24: 31.9% (620/1946)
[2025-11-17 23:46:27][INFO][Rank 0] - train Epoch 9/24: 32.4% (630/1946)
[2025-11-17 23:46:27][INFO][Rank 0] - CUDA Memory [train][Step 630]: Device 0: Allocated: 3309.6 MB, Reserved: 117540.0 MB (Δ: +1687.0 MB)
[2025-11-17 23:46:34][INFO][Rank 0] - train Epoch 9/24: 32.9% (640/1946)
[2025-11-17 23:46:41][INFO][Rank 0] - train Epoch 9/24: 33.4% (650/1946)
[2025-11-17 23:46:48][INFO][Rank 0] - train Epoch 9/24: 33.9% (660/1946)
[2025-11-17 23:46:55][INFO][Rank 0] - train Epoch 9/24: 34.4% (670/1946)
[2025-11-17 23:47:02][INFO][Rank 0] - train Epoch 9/24: 34.9% (680/1946)
[2025-11-17 23:47:09][INFO][Rank 0] - train Epoch 9/24: 35.5% (690/1946)
[2025-11-17 23:47:16][INFO][Rank 0] - train Epoch 9/24: 36.0% (700/1946)
[2025-11-17 23:47:23][INFO][Rank 0] - train Epoch 9/24: 36.5% (710/1946)
[2025-11-17 23:47:30][INFO][Rank 0] - train Epoch 9/24: 37.0% (720/1946)
[2025-11-17 23:47:31][INFO][Rank 0] - CUDA Memory [train][Step 720]: Device 0: Allocated: 3309.6 MB, Reserved: 117540.0 MB (Δ: +1687.0 MB)
[2025-11-17 23:47:37][INFO][Rank 0] - train Epoch 9/24: 37.5% (730/1946)
[2025-11-17 23:47:44][INFO][Rank 0] - train Epoch 9/24: 38.0% (740/1946)
[2025-11-17 23:47:51][INFO][Rank 0] - train Epoch 9/24: 38.5% (750/1946)
[2025-11-17 23:47:58][INFO][Rank 0] - train Epoch 9/24: 39.1% (760/1946)
[2025-11-17 23:48:06][INFO][Rank 0] - train Epoch 9/24: 39.6% (770/1946)
[2025-11-17 23:48:13][INFO][Rank 0] - train Epoch 9/24: 40.1% (780/1946)
[2025-11-17 23:48:20][INFO][Rank 0] - train Epoch 9/24: 40.6% (790/1946)
[2025-11-17 23:48:27][INFO][Rank 0] - train Epoch 9/24: 41.1% (800/1946)
[2025-11-17 23:48:34][INFO][Rank 0] - train Epoch 9/24: 41.6% (810/1946)
[2025-11-17 23:48:35][INFO][Rank 0] - CUDA Memory [train][Step 810]: Device 0: Allocated: 3309.6 MB, Reserved: 117540.0 MB (Δ: +1687.0 MB)
[2025-11-17 23:48:41][INFO][Rank 0] - train Epoch 9/24: 42.1% (820/1946)
[2025-11-17 23:48:48][INFO][Rank 0] - train Epoch 9/24: 42.7% (830/1946)
[2025-11-17 23:48:55][INFO][Rank 0] - train Epoch 9/24: 43.2% (840/1946)
[2025-11-17 23:49:02][INFO][Rank 0] - train Epoch 9/24: 43.7% (850/1946)
[2025-11-17 23:49:09][INFO][Rank 0] - train Epoch 9/24: 44.2% (860/1946)
[2025-11-17 23:49:16][INFO][Rank 0] - train Epoch 9/24: 44.7% (870/1946)
[2025-11-17 23:49:23][INFO][Rank 0] - train Epoch 9/24: 45.2% (880/1946)
[2025-11-17 23:49:30][INFO][Rank 0] - train Epoch 9/24: 45.7% (890/1946)
[2025-11-17 23:49:37][INFO][Rank 0] - train Epoch 9/24: 46.2% (900/1946)
[2025-11-17 23:49:38][INFO][Rank 0] - CUDA Memory [train][Step 900]: Device 0: Allocated: 3309.6 MB, Reserved: 117540.0 MB (Δ: +1687.0 MB)
[2025-11-17 23:49:45][INFO][Rank 0] - train Epoch 9/24: 46.8% (910/1946)
[2025-11-17 23:49:52][INFO][Rank 0] - train Epoch 9/24: 47.3% (920/1946)
[2025-11-17 23:49:59][INFO][Rank 0] - train Epoch 9/24: 47.8% (930/1946)
[2025-11-17 23:50:06][INFO][Rank 0] - train Epoch 9/24: 48.3% (940/1946)
[2025-11-17 23:50:13][INFO][Rank 0] - train Epoch 9/24: 48.8% (950/1946)
[2025-11-17 23:50:20][INFO][Rank 0] - train Epoch 9/24: 49.3% (960/1946)
[2025-11-17 23:50:27][INFO][Rank 0] - train Epoch 9/24: 49.8% (970/1946)
[2025-11-17 23:50:34][INFO][Rank 0] - train Epoch 9/24: 50.4% (980/1946)
[2025-11-17 23:50:41][INFO][Rank 0] - train Epoch 9/24: 50.9% (990/1946)
[2025-11-17 23:50:42][INFO][Rank 0] - CUDA Memory [train][Step 990]: Device 0: Allocated: 3309.6 MB, Reserved: 117540.0 MB (Δ: +1687.0 MB)
[2025-11-17 23:50:48][INFO][Rank 0] - train Epoch 9/24: 51.4% (1000/1946)
[2025-11-17 23:50:55][INFO][Rank 0] - train Epoch 9/24: 51.9% (1010/1946)
[2025-11-17 23:51:02][INFO][Rank 0] - train Epoch 9/24: 52.4% (1020/1946)
[2025-11-17 23:51:09][INFO][Rank 0] - train Epoch 9/24: 52.9% (1030/1946)
[2025-11-17 23:51:16][INFO][Rank 0] - train Epoch 9/24: 53.4% (1040/1946)
[2025-11-17 23:51:24][INFO][Rank 0] - train Epoch 9/24: 54.0% (1050/1946)
[2025-11-17 23:51:31][INFO][Rank 0] - train Epoch 9/24: 54.5% (1060/1946)
[2025-11-17 23:51:38][INFO][Rank 0] - train Epoch 9/24: 55.0% (1070/1946)
[2025-11-17 23:51:45][INFO][Rank 0] - train Epoch 9/24: 55.5% (1080/1946)
[2025-11-17 23:51:45][INFO][Rank 0] - CUDA Memory [train][Step 1080]: Device 0: Allocated: 3309.6 MB, Reserved: 117540.0 MB (Δ: +1687.0 MB)
[2025-11-17 23:51:52][INFO][Rank 0] - train Epoch 9/24: 56.0% (1090/1946)
[2025-11-17 23:51:59][INFO][Rank 0] - train Epoch 9/24: 56.5% (1100/1946)
[2025-11-17 23:52:06][INFO][Rank 0] - train Epoch 9/24: 57.0% (1110/1946)
[2025-11-17 23:52:13][INFO][Rank 0] - train Epoch 9/24: 57.6% (1120/1946)
[2025-11-17 23:52:20][INFO][Rank 0] - train Epoch 9/24: 58.1% (1130/1946)
[2025-11-17 23:52:27][INFO][Rank 0] - train Epoch 9/24: 58.6% (1140/1946)
[2025-11-17 23:52:34][INFO][Rank 0] - train Epoch 9/24: 59.1% (1150/1946)
[2025-11-17 23:52:41][INFO][Rank 0] - train Epoch 9/24: 59.6% (1160/1946)
[2025-11-17 23:52:48][INFO][Rank 0] - train Epoch 9/24: 60.1% (1170/1946)
[2025-11-17 23:52:49][INFO][Rank 0] - CUDA Memory [train][Step 1170]: Device 0: Allocated: 3309.6 MB, Reserved: 117540.0 MB (Δ: +1687.0 MB)
[2025-11-17 23:52:55][INFO][Rank 0] - train Epoch 9/24: 60.6% (1180/1946)
[2025-11-17 23:53:02][INFO][Rank 0] - train Epoch 9/24: 61.2% (1190/1946)
[2025-11-17 23:53:10][INFO][Rank 0] - train Epoch 9/24: 61.7% (1200/1946)
[2025-11-17 23:53:17][INFO][Rank 0] - train Epoch 9/24: 62.2% (1210/1946)
[2025-11-17 23:53:24][INFO][Rank 0] - train Epoch 9/24: 62.7% (1220/1946)
[2025-11-17 23:53:31][INFO][Rank 0] - train Epoch 9/24: 63.2% (1230/1946)
[2025-11-17 23:53:38][INFO][Rank 0] - train Epoch 9/24: 63.7% (1240/1946)
[2025-11-17 23:53:45][INFO][Rank 0] - train Epoch 9/24: 64.2% (1250/1946)
[2025-11-17 23:53:52][INFO][Rank 0] - train Epoch 9/24: 64.7% (1260/1946)
[2025-11-17 23:53:53][INFO][Rank 0] - CUDA Memory [train][Step 1260]: Device 0: Allocated: 3309.6 MB, Reserved: 117540.0 MB (Δ: +1687.0 MB)
[2025-11-17 23:53:59][INFO][Rank 0] - train Epoch 9/24: 65.3% (1270/1946)
[2025-11-17 23:54:06][INFO][Rank 0] - train Epoch 9/24: 65.8% (1280/1946)
[2025-11-17 23:54:13][INFO][Rank 0] - train Epoch 9/24: 66.3% (1290/1946)
[2025-11-17 23:54:20][INFO][Rank 0] - train Epoch 9/24: 66.8% (1300/1946)
[2025-11-17 23:54:27][INFO][Rank 0] - train Epoch 9/24: 67.3% (1310/1946)
[2025-11-17 23:54:34][INFO][Rank 0] - train Epoch 9/24: 67.8% (1320/1946)
[2025-11-17 23:54:41][INFO][Rank 0] - train Epoch 9/24: 68.3% (1330/1946)
[2025-11-17 23:54:49][INFO][Rank 0] - train Epoch 9/24: 68.9% (1340/1946)
[2025-11-17 23:54:56][INFO][Rank 0] - train Epoch 9/24: 69.4% (1350/1946)
[2025-11-17 23:54:56][INFO][Rank 0] - CUDA Memory [train][Step 1350]: Device 0: Allocated: 3309.6 MB, Reserved: 117540.0 MB (Δ: +1687.0 MB)
[2025-11-17 23:55:03][INFO][Rank 0] - train Epoch 9/24: 69.9% (1360/1946)
[2025-11-17 23:55:10][INFO][Rank 0] - train Epoch 9/24: 70.4% (1370/1946)
[2025-11-17 23:55:17][INFO][Rank 0] - train Epoch 9/24: 70.9% (1380/1946)
[2025-11-17 23:55:24][INFO][Rank 0] - train Epoch 9/24: 71.4% (1390/1946)
[2025-11-17 23:55:31][INFO][Rank 0] - train Epoch 9/24: 71.9% (1400/1946)
[2025-11-17 23:55:38][INFO][Rank 0] - train Epoch 9/24: 72.5% (1410/1946)
[2025-11-17 23:55:45][INFO][Rank 0] - train Epoch 9/24: 73.0% (1420/1946)
[2025-11-17 23:55:52][INFO][Rank 0] - train Epoch 9/24: 73.5% (1430/1946)
[2025-11-17 23:55:59][INFO][Rank 0] - train Epoch 9/24: 74.0% (1440/1946)
[2025-11-17 23:56:00][INFO][Rank 0] - CUDA Memory [train][Step 1440]: Device 0: Allocated: 3309.6 MB, Reserved: 117540.0 MB (Δ: +1687.0 MB)
[2025-11-17 23:56:06][INFO][Rank 0] - train Epoch 9/24: 74.5% (1450/1946)
[2025-11-17 23:56:13][INFO][Rank 0] - train Epoch 9/24: 75.0% (1460/1946)
[2025-11-17 23:56:20][INFO][Rank 0] - train Epoch 9/24: 75.5% (1470/1946)
[2025-11-17 23:56:27][INFO][Rank 0] - train Epoch 9/24: 76.1% (1480/1946)
[2025-11-17 23:56:35][INFO][Rank 0] - train Epoch 9/24: 76.6% (1490/1946)
[2025-11-17 23:56:42][INFO][Rank 0] - train Epoch 9/24: 77.1% (1500/1946)
[2025-11-17 23:56:49][INFO][Rank 0] - train Epoch 9/24: 77.6% (1510/1946)
[2025-11-17 23:56:56][INFO][Rank 0] - train Epoch 9/24: 78.1% (1520/1946)
[2025-11-17 23:57:03][INFO][Rank 0] - train Epoch 9/24: 78.6% (1530/1946)
[2025-11-17 23:57:04][INFO][Rank 0] - CUDA Memory [train][Step 1530]: Device 0: Allocated: 3309.6 MB, Reserved: 117540.0 MB (Δ: +1687.0 MB)
[2025-11-17 23:57:10][INFO][Rank 0] - train Epoch 9/24: 79.1% (1540/1946)
[2025-11-17 23:57:17][INFO][Rank 0] - train Epoch 9/24: 79.7% (1550/1946)
[2025-11-17 23:57:24][INFO][Rank 0] - train Epoch 9/24: 80.2% (1560/1946)
[2025-11-17 23:57:31][INFO][Rank 0] - train Epoch 9/24: 80.7% (1570/1946)
[2025-11-17 23:57:38][INFO][Rank 0] - train Epoch 9/24: 81.2% (1580/1946)
[2025-11-17 23:57:45][INFO][Rank 0] - train Epoch 9/24: 81.7% (1590/1946)
[2025-11-17 23:57:52][INFO][Rank 0] - train Epoch 9/24: 82.2% (1600/1946)
[2025-11-17 23:57:59][INFO][Rank 0] - train Epoch 9/24: 82.7% (1610/1946)
[2025-11-17 23:58:06][INFO][Rank 0] - train Epoch 9/24: 83.2% (1620/1946)
[2025-11-17 23:58:07][INFO][Rank 0] - CUDA Memory [train][Step 1620]: Device 0: Allocated: 3309.6 MB, Reserved: 117540.0 MB (Δ: +1687.0 MB)
[2025-11-17 23:58:14][INFO][Rank 0] - train Epoch 9/24: 83.8% (1630/1946)
[2025-11-17 23:58:21][INFO][Rank 0] - train Epoch 9/24: 84.3% (1640/1946)
[2025-11-17 23:58:28][INFO][Rank 0] - train Epoch 9/24: 84.8% (1650/1946)
[2025-11-17 23:58:35][INFO][Rank 0] - train Epoch 9/24: 85.3% (1660/1946)
[2025-11-17 23:58:42][INFO][Rank 0] - train Epoch 9/24: 85.8% (1670/1946)
[2025-11-17 23:58:49][INFO][Rank 0] - train Epoch 9/24: 86.3% (1680/1946)
[2025-11-17 23:58:56][INFO][Rank 0] - train Epoch 9/24: 86.8% (1690/1946)
[2025-11-17 23:59:03][INFO][Rank 0] - train Epoch 9/24: 87.4% (1700/1946)
[2025-11-17 23:59:10][INFO][Rank 0] - train Epoch 9/24: 87.9% (1710/1946)
[2025-11-17 23:59:11][INFO][Rank 0] - CUDA Memory [train][Step 1710]: Device 0: Allocated: 3309.6 MB, Reserved: 117540.0 MB (Δ: +1687.0 MB)
[2025-11-17 23:59:17][INFO][Rank 0] - train Epoch 9/24: 88.4% (1720/1946)
[2025-11-17 23:59:24][INFO][Rank 0] - train Epoch 9/24: 88.9% (1730/1946)
[2025-11-17 23:59:31][INFO][Rank 0] - train Epoch 9/24: 89.4% (1740/1946)
[2025-11-17 23:59:38][INFO][Rank 0] - train Epoch 9/24: 89.9% (1750/1946)
[2025-11-17 23:59:45][INFO][Rank 0] - train Epoch 9/24: 90.4% (1760/1946)
[2025-11-17 23:59:52][INFO][Rank 0] - train Epoch 9/24: 91.0% (1770/1946)
[2025-11-18 00:00:00][INFO][Rank 0] - train Epoch 9/24: 91.5% (1780/1946)
[2025-11-18 00:00:07][INFO][Rank 0] - train Epoch 9/24: 92.0% (1790/1946)
[2025-11-18 00:00:14][INFO][Rank 0] - train Epoch 9/24: 92.5% (1800/1946)
[2025-11-18 00:00:14][INFO][Rank 0] - CUDA Memory [train][Step 1800]: Device 0: Allocated: 3309.6 MB, Reserved: 117540.0 MB (Δ: +1687.0 MB)
[2025-11-18 00:00:21][INFO][Rank 0] - train Epoch 9/24: 93.0% (1810/1946)
[2025-11-18 00:00:28][INFO][Rank 0] - train Epoch 9/24: 93.5% (1820/1946)
[2025-11-18 00:00:35][INFO][Rank 0] - train Epoch 9/24: 94.0% (1830/1946)
[2025-11-18 00:00:42][INFO][Rank 0] - train Epoch 9/24: 94.6% (1840/1946)
[2025-11-18 00:00:49][INFO][Rank 0] - train Epoch 9/24: 95.1% (1850/1946)
[2025-11-18 00:00:56][INFO][Rank 0] - train Epoch 9/24: 95.6% (1860/1946)
[2025-11-18 00:01:03][INFO][Rank 0] - train Epoch 9/24: 96.1% (1870/1946)
[2025-11-18 00:01:10][INFO][Rank 0] - train Epoch 9/24: 96.6% (1880/1946)
[2025-11-18 00:01:17][INFO][Rank 0] - train Epoch 9/24: 97.1% (1890/1946)
[2025-11-18 00:01:18][INFO][Rank 0] - CUDA Memory [train][Step 1890]: Device 0: Allocated: 3309.6 MB, Reserved: 117540.0 MB (Δ: +1687.0 MB)
[2025-11-18 00:01:24][INFO][Rank 0] - train Epoch 9/24: 97.6% (1900/1946)
[2025-11-18 00:01:31][INFO][Rank 0] - train Epoch 9/24: 98.2% (1910/1946)
[2025-11-18 00:01:39][INFO][Rank 0] - train Epoch 9/24: 98.7% (1920/1946)
[2025-11-18 00:01:46][INFO][Rank 0] - train Epoch 9/24: 99.2% (1930/1946)
[2025-11-18 00:01:53][INFO][Rank 0] - train Epoch 9/24: 99.7% (1940/1946)
[2025-11-18 00:01:56][INFO][Rank 0] - train Epoch 9/24: 99.9% (1945/1946)
[2025-11-18 00:01:57][INFO][Rank 0] - train Loss: 0.1692 Acc: 0.9716 F1: 0.9853
[2025-11-18 00:01:57][INFO][Rank 0] - train Balanced Acc: 0.8864 AUC-ROC: 0.9640
[2025-11-18 00:01:57][INFO][Rank 0] - train Sensitivity: 0.9763 Specificity: 0.7964
[2025-11-18 00:01:57][INFO][Rank 0] - train Confusion Matrix: TP=18505, FP=103, FN=449, TN=403
[2025-11-18 00:01:57][INFO][Rank 0] - train completed in 1376.07s
[2025-11-18 00:01:57][INFO][Rank 0] - Data loading time: 1.31s, Forward time: 280.25s, Backward time: 745.88s
[2025-11-18 00:01:57][INFO][Rank 0] - train cache: 0/1 items, hit rate: 0.00%
[2025-11-18 00:01:57][INFO][Rank 0] - CUDA Memory [val][Step 0]: Device 0: Allocated: 3309.6 MB, Reserved: 117540.0 MB (Δ: +1687.0 MB)
[2025-11-18 00:01:57][INFO][Rank 0] - val phase: total 401 batches
[2025-11-18 00:01:57][INFO][Rank 0] - val Epoch 9/24: 0.0% (0/401)
[2025-11-18 00:02:02][INFO][Rank 0] - val Epoch 9/24: 2.5% (10/401)
[2025-11-18 00:02:07][INFO][Rank 0] - val Epoch 9/24: 5.0% (20/401)
[2025-11-18 00:02:12][INFO][Rank 0] - val Epoch 9/24: 7.5% (30/401)
[2025-11-18 00:02:17][INFO][Rank 0] - val Epoch 9/24: 10.0% (40/401)
[2025-11-18 00:02:22][INFO][Rank 0] - val Epoch 9/24: 12.5% (50/401)
[2025-11-18 00:02:27][INFO][Rank 0] - val Epoch 9/24: 15.0% (60/401)
[2025-11-18 00:02:32][INFO][Rank 0] - val Epoch 9/24: 17.5% (70/401)
[2025-11-18 00:02:37][INFO][Rank 0] - val Epoch 9/24: 20.0% (80/401)
[2025-11-18 00:02:42][INFO][Rank 0] - val Epoch 9/24: 22.4% (90/401)
[2025-11-18 00:02:47][INFO][Rank 0] - val Epoch 9/24: 24.9% (100/401)
[2025-11-18 00:02:52][INFO][Rank 0] - val Epoch 9/24: 27.4% (110/401)
[2025-11-18 00:02:57][INFO][Rank 0] - val Epoch 9/24: 29.9% (120/401)
[2025-11-18 00:02:58][INFO][Rank 0] - CUDA Memory [val][Step 120]: Device 0: Allocated: 3309.6 MB, Reserved: 117540.0 MB (Δ: +1687.0 MB)
[2025-11-18 00:03:02][INFO][Rank 0] - val Epoch 9/24: 32.4% (130/401)
[2025-11-18 00:03:07][INFO][Rank 0] - val Epoch 9/24: 34.9% (140/401)
[2025-11-18 00:03:12][INFO][Rank 0] - val Epoch 9/24: 37.4% (150/401)
[2025-11-18 00:03:17][INFO][Rank 0] - val Epoch 9/24: 39.9% (160/401)
[2025-11-18 00:03:22][INFO][Rank 0] - val Epoch 9/24: 42.4% (170/401)
[2025-11-18 00:03:27][INFO][Rank 0] - val Epoch 9/24: 44.9% (180/401)
[2025-11-18 00:03:32][INFO][Rank 0] - val Epoch 9/24: 47.4% (190/401)
[2025-11-18 00:03:37][INFO][Rank 0] - val Epoch 9/24: 49.9% (200/401)
[2025-11-18 00:03:42][INFO][Rank 0] - val Epoch 9/24: 52.4% (210/401)
[2025-11-18 00:03:47][INFO][Rank 0] - val Epoch 9/24: 54.9% (220/401)
[2025-11-18 00:03:52][INFO][Rank 0] - val Epoch 9/24: 57.4% (230/401)
[2025-11-18 00:03:57][INFO][Rank 0] - val Epoch 9/24: 59.9% (240/401)
[2025-11-18 00:04:02][INFO][Rank 0] - val Epoch 9/24: 62.3% (250/401)
[2025-11-18 00:04:07][INFO][Rank 0] - val Epoch 9/24: 64.8% (260/401)
[2025-11-18 00:04:12][INFO][Rank 0] - val Epoch 9/24: 67.3% (270/401)
[2025-11-18 00:04:13][INFO][Rank 0] - CUDA Memory [val][Step 270]: Device 0: Allocated: 3309.6 MB, Reserved: 117540.0 MB (Δ: +1687.0 MB)
[2025-11-18 00:04:17][INFO][Rank 0] - val Epoch 9/24: 69.8% (280/401)
[2025-11-18 00:04:22][INFO][Rank 0] - val Epoch 9/24: 72.3% (290/401)
[2025-11-18 00:04:27][INFO][Rank 0] - val Epoch 9/24: 74.8% (300/401)
[2025-11-18 00:04:32][INFO][Rank 0] - val Epoch 9/24: 77.3% (310/401)
[2025-11-18 00:04:37][INFO][Rank 0] - val Epoch 9/24: 79.8% (320/401)
[2025-11-18 00:04:42][INFO][Rank 0] - val Epoch 9/24: 82.3% (330/401)
[2025-11-18 00:04:47][INFO][Rank 0] - val Epoch 9/24: 84.8% (340/401)
[2025-11-18 00:04:52][INFO][Rank 0] - val Epoch 9/24: 87.3% (350/401)
[2025-11-18 00:04:57][INFO][Rank 0] - val Epoch 9/24: 89.8% (360/401)
[2025-11-18 00:05:02][INFO][Rank 0] - val Epoch 9/24: 92.3% (370/401)
[2025-11-18 00:05:07][INFO][Rank 0] - val Epoch 9/24: 94.8% (380/401)
[2025-11-18 00:05:12][INFO][Rank 0] - val Epoch 9/24: 97.3% (390/401)
[2025-11-18 00:05:17][INFO][Rank 0] - val Epoch 9/24: 99.8% (400/401)
[2025-11-18 00:05:18][INFO][Rank 0] - val Loss: 0.1084 Acc: 0.9701 F1: 0.9845
[2025-11-18 00:05:18][INFO][Rank 0] - val Balanced Acc: 0.9075 AUC-ROC: 0.9824
[2025-11-18 00:05:18][INFO][Rank 0] - val Sensitivity: 0.9734 Specificity: 0.8416
[2025-11-18 00:05:18][INFO][Rank 0] - val Confusion Matrix: TP=3805, FP=16, FN=104, TN=85
[2025-11-18 00:05:18][INFO][Rank 0] - val completed in 200.59s
[2025-11-18 00:05:18][INFO][Rank 0] - val cache: 0/1 items, hit rate: 0.00%
[2025-11-18 00:05:22][INFO][Rank 0] - Saved new best balanced_acc model with balanced_acc: 0.9075 at /projects/retprogression/rgarridogarcia/checkpoints/cropped1024_cropped_centered_wt_allR_5/best_balanced_acc_model.pth
[2025-11-18 00:05:26][INFO][Rank 0] - Also saved as general best model at /projects/retprogression/rgarridogarcia/checkpoints/cropped1024_cropped_centered_wt_allR_5/best_model.pth
[2025-11-18 00:05:31][INFO][Rank 0] - Saved new best auc model with auc: 0.9824 at /projects/retprogression/rgarridogarcia/checkpoints/cropped1024_cropped_centered_wt_allR_5/best_auc_model.pth
[2025-11-18 00:05:35][INFO][Rank 0] - Saved epoch checkpoint at /projects/retprogression/rgarridogarcia/checkpoints/cropped1024_cropped_centered_wt_allR_5/epoch_9.pth
[2025-11-18 00:05:35][INFO][Rank 0] - Epoch 9 summary:
[2025-11-18 00:05:35][INFO][Rank 0] -  Train Loss: 0.1692, Train Acc: 0.9716, Train F1: 0.9853
[2025-11-18 00:05:35][INFO][Rank 0] -  Train Balanced Acc: 0.8864, Train AUC: 0.9640
[2025-11-18 00:05:35][INFO][Rank 0] -  Train Sensitivity: 0.9763, Train Specificity: 0.7964
[2025-11-18 00:05:35][INFO][Rank 0] -  Val Loss: 0.1084, Val Acc: 0.9701, Val F1: 0.9845
[2025-11-18 00:05:35][INFO][Rank 0] -  Val Balanced Acc: 0.9075, Val AUC: 0.9824
[2025-11-18 00:05:35][INFO][Rank 0] -  Val Sensitivity: 0.9734, Val Specificity: 0.8416
[2025-11-18 00:05:35][INFO][Rank 0] -  Total Epoch Time: 1593.70s
[2025-11-18 00:05:35][INFO][Rank 0] - Epoch 10/24
[2025-11-18 00:05:35][INFO][Rank 0] - ----------
[2025-11-18 00:05:35][INFO][Rank 0] - CUDA Memory [train][Step 0]: Device 0: Allocated: 3309.6 MB, Reserved: 117540.0 MB (Δ: +1687.0 MB)
[2025-11-18 00:05:35][INFO][Rank 0] - train phase: total 1946 batches
[2025-11-18 00:05:35][INFO][Rank 0] - train Epoch 10/24: 0.0% (0/1946)
[2025-11-18 00:05:42][INFO][Rank 0] - train Epoch 10/24: 0.5% (10/1946)
[2025-11-18 00:05:49][INFO][Rank 0] - train Epoch 10/24: 1.0% (20/1946)
[2025-11-18 00:05:56][INFO][Rank 0] - train Epoch 10/24: 1.5% (30/1946)
[2025-11-18 00:06:03][INFO][Rank 0] - train Epoch 10/24: 2.1% (40/1946)
[2025-11-18 00:06:10][INFO][Rank 0] - train Epoch 10/24: 2.6% (50/1946)
[2025-11-18 00:06:17][INFO][Rank 0] - train Epoch 10/24: 3.1% (60/1946)
[2025-11-18 00:06:24][INFO][Rank 0] - train Epoch 10/24: 3.6% (70/1946)
[2025-11-18 00:06:31][INFO][Rank 0] - train Epoch 10/24: 4.1% (80/1946)
[2025-11-18 00:06:38][INFO][Rank 0] - train Epoch 10/24: 4.6% (90/1946)
[2025-11-18 00:06:39][INFO][Rank 0] - CUDA Memory [train][Step 90]: Device 0: Allocated: 3309.6 MB, Reserved: 117540.0 MB (Δ: +1687.0 MB)
[2025-11-18 00:06:46][INFO][Rank 0] - train Epoch 10/24: 5.1% (100/1946)
[2025-11-18 00:06:53][INFO][Rank 0] - train Epoch 10/24: 5.7% (110/1946)
[2025-11-18 00:07:00][INFO][Rank 0] - train Epoch 10/24: 6.2% (120/1946)
[2025-11-18 00:07:07][INFO][Rank 0] - train Epoch 10/24: 6.7% (130/1946)
[2025-11-18 00:07:14][INFO][Rank 0] - train Epoch 10/24: 7.2% (140/1946)
[2025-11-18 00:07:21][INFO][Rank 0] - train Epoch 10/24: 7.7% (150/1946)
[2025-11-18 00:07:28][INFO][Rank 0] - train Epoch 10/24: 8.2% (160/1946)
[2025-11-18 00:07:35][INFO][Rank 0] - train Epoch 10/24: 8.7% (170/1946)
[2025-11-18 00:07:42][INFO][Rank 0] - train Epoch 10/24: 9.2% (180/1946)
[2025-11-18 00:07:43][INFO][Rank 0] - CUDA Memory [train][Step 180]: Device 0: Allocated: 3309.6 MB, Reserved: 117540.0 MB (Δ: +1687.0 MB)
[2025-11-18 00:07:49][INFO][Rank 0] - train Epoch 10/24: 9.8% (190/1946)
[2025-11-18 00:07:56][INFO][Rank 0] - train Epoch 10/24: 10.3% (200/1946)
[2025-11-18 00:08:03][INFO][Rank 0] - train Epoch 10/24: 10.8% (210/1946)
[2025-11-18 00:08:10][INFO][Rank 0] - train Epoch 10/24: 11.3% (220/1946)
[2025-11-18 00:08:17][INFO][Rank 0] - train Epoch 10/24: 11.8% (230/1946)
[2025-11-18 00:08:25][INFO][Rank 0] - train Epoch 10/24: 12.3% (240/1946)
[2025-11-18 00:08:32][INFO][Rank 0] - train Epoch 10/24: 12.8% (250/1946)
[2025-11-18 00:08:39][INFO][Rank 0] - train Epoch 10/24: 13.4% (260/1946)
[2025-11-18 00:08:46][INFO][Rank 0] - train Epoch 10/24: 13.9% (270/1946)
[2025-11-18 00:08:46][INFO][Rank 0] - CUDA Memory [train][Step 270]: Device 0: Allocated: 3309.6 MB, Reserved: 117540.0 MB (Δ: +1687.0 MB)
[2025-11-18 00:08:53][INFO][Rank 0] - train Epoch 10/24: 14.4% (280/1946)
[2025-11-18 00:09:00][INFO][Rank 0] - train Epoch 10/24: 14.9% (290/1946)
[2025-11-18 00:09:07][INFO][Rank 0] - train Epoch 10/24: 15.4% (300/1946)
[2025-11-18 00:09:14][INFO][Rank 0] - train Epoch 10/24: 15.9% (310/1946)
[2025-11-18 00:09:21][INFO][Rank 0] - train Epoch 10/24: 16.4% (320/1946)
[2025-11-18 00:09:28][INFO][Rank 0] - train Epoch 10/24: 17.0% (330/1946)
[2025-11-18 00:09:35][INFO][Rank 0] - train Epoch 10/24: 17.5% (340/1946)
[2025-11-18 00:09:42][INFO][Rank 0] - train Epoch 10/24: 18.0% (350/1946)
[2025-11-18 00:09:49][INFO][Rank 0] - train Epoch 10/24: 18.5% (360/1946)
[2025-11-18 00:09:50][INFO][Rank 0] - CUDA Memory [train][Step 360]: Device 0: Allocated: 3309.6 MB, Reserved: 117540.0 MB (Δ: +1687.0 MB)
[2025-11-18 00:09:56][INFO][Rank 0] - train Epoch 10/24: 19.0% (370/1946)
[2025-11-18 00:10:04][INFO][Rank 0] - train Epoch 10/24: 19.5% (380/1946)
[2025-11-18 00:10:11][INFO][Rank 0] - train Epoch 10/24: 20.0% (390/1946)
[2025-11-18 00:10:18][INFO][Rank 0] - train Epoch 10/24: 20.6% (400/1946)
[2025-11-18 00:10:25][INFO][Rank 0] - train Epoch 10/24: 21.1% (410/1946)
[2025-11-18 00:10:32][INFO][Rank 0] - train Epoch 10/24: 21.6% (420/1946)
[2025-11-18 00:10:39][INFO][Rank 0] - train Epoch 10/24: 22.1% (430/1946)
[2025-11-18 00:10:46][INFO][Rank 0] - train Epoch 10/24: 22.6% (440/1946)
[2025-11-18 00:10:53][INFO][Rank 0] - train Epoch 10/24: 23.1% (450/1946)
[2025-11-18 00:10:54][INFO][Rank 0] - CUDA Memory [train][Step 450]: Device 0: Allocated: 3309.6 MB, Reserved: 117540.0 MB (Δ: +1687.0 MB)
[2025-11-18 00:11:00][INFO][Rank 0] - train Epoch 10/24: 23.6% (460/1946)
[2025-11-18 00:11:07][INFO][Rank 0] - train Epoch 10/24: 24.2% (470/1946)
[2025-11-18 00:11:14][INFO][Rank 0] - train Epoch 10/24: 24.7% (480/1946)
[2025-11-18 00:11:21][INFO][Rank 0] - train Epoch 10/24: 25.2% (490/1946)
[2025-11-18 00:11:28][INFO][Rank 0] - train Epoch 10/24: 25.7% (500/1946)
[2025-11-18 00:11:35][INFO][Rank 0] - train Epoch 10/24: 26.2% (510/1946)
[2025-11-18 00:11:43][INFO][Rank 0] - train Epoch 10/24: 26.7% (520/1946)
[2025-11-18 00:11:50][INFO][Rank 0] - train Epoch 10/24: 27.2% (530/1946)
[2025-11-18 00:11:57][INFO][Rank 0] - train Epoch 10/24: 27.7% (540/1946)
[2025-11-18 00:11:57][INFO][Rank 0] - CUDA Memory [train][Step 540]: Device 0: Allocated: 3309.6 MB, Reserved: 117540.0 MB (Δ: +1687.0 MB)
[2025-11-18 00:12:04][INFO][Rank 0] - train Epoch 10/24: 28.3% (550/1946)
[2025-11-18 00:12:11][INFO][Rank 0] - train Epoch 10/24: 28.8% (560/1946)
[2025-11-18 00:12:18][INFO][Rank 0] - train Epoch 10/24: 29.3% (570/1946)
[2025-11-18 00:12:25][INFO][Rank 0] - train Epoch 10/24: 29.8% (580/1946)
[2025-11-18 00:12:32][INFO][Rank 0] - train Epoch 10/24: 30.3% (590/1946)
[2025-11-18 00:12:39][INFO][Rank 0] - train Epoch 10/24: 30.8% (600/1946)
[2025-11-18 00:12:46][INFO][Rank 0] - train Epoch 10/24: 31.3% (610/1946)
[2025-11-18 00:12:53][INFO][Rank 0] - train Epoch 10/24: 31.9% (620/1946)
[2025-11-18 00:13:00][INFO][Rank 0] - train Epoch 10/24: 32.4% (630/1946)
[2025-11-18 00:13:01][INFO][Rank 0] - CUDA Memory [train][Step 630]: Device 0: Allocated: 3309.6 MB, Reserved: 117540.0 MB (Δ: +1687.0 MB)
[2025-11-18 00:13:07][INFO][Rank 0] - train Epoch 10/24: 32.9% (640/1946)
[2025-11-18 00:13:14][INFO][Rank 0] - train Epoch 10/24: 33.4% (650/1946)
[2025-11-18 00:13:21][INFO][Rank 0] - train Epoch 10/24: 33.9% (660/1946)
[2025-11-18 00:13:29][INFO][Rank 0] - train Epoch 10/24: 34.4% (670/1946)
[2025-11-18 00:13:36][INFO][Rank 0] - train Epoch 10/24: 34.9% (680/1946)
[2025-11-18 00:13:43][INFO][Rank 0] - train Epoch 10/24: 35.5% (690/1946)
[2025-11-18 00:13:50][INFO][Rank 0] - train Epoch 10/24: 36.0% (700/1946)
[2025-11-18 00:13:57][INFO][Rank 0] - train Epoch 10/24: 36.5% (710/1946)
[2025-11-18 00:14:04][INFO][Rank 0] - train Epoch 10/24: 37.0% (720/1946)
[2025-11-18 00:14:05][INFO][Rank 0] - CUDA Memory [train][Step 720]: Device 0: Allocated: 3309.6 MB, Reserved: 117540.0 MB (Δ: +1687.0 MB)
[2025-11-18 00:14:11][INFO][Rank 0] - train Epoch 10/24: 37.5% (730/1946)
[2025-11-18 00:14:18][INFO][Rank 0] - train Epoch 10/24: 38.0% (740/1946)
[2025-11-18 00:14:25][INFO][Rank 0] - train Epoch 10/24: 38.5% (750/1946)
[2025-11-18 00:14:32][INFO][Rank 0] - train Epoch 10/24: 39.1% (760/1946)
[2025-11-18 00:14:39][INFO][Rank 0] - train Epoch 10/24: 39.6% (770/1946)
[2025-11-18 00:14:46][INFO][Rank 0] - train Epoch 10/24: 40.1% (780/1946)
[2025-11-18 00:14:53][INFO][Rank 0] - train Epoch 10/24: 40.6% (790/1946)
[2025-11-18 00:15:00][INFO][Rank 0] - train Epoch 10/24: 41.1% (800/1946)
[2025-11-18 00:15:08][INFO][Rank 0] - train Epoch 10/24: 41.6% (810/1946)
[2025-11-18 00:15:08][INFO][Rank 0] - CUDA Memory [train][Step 810]: Device 0: Allocated: 3309.6 MB, Reserved: 117540.0 MB (Δ: +1687.0 MB)
[2025-11-18 00:15:15][INFO][Rank 0] - train Epoch 10/24: 42.1% (820/1946)
[2025-11-18 00:15:22][INFO][Rank 0] - train Epoch 10/24: 42.7% (830/1946)
[2025-11-18 00:15:29][INFO][Rank 0] - train Epoch 10/24: 43.2% (840/1946)
[2025-11-18 00:15:36][INFO][Rank 0] - train Epoch 10/24: 43.7% (850/1946)
[2025-11-18 00:15:43][INFO][Rank 0] - train Epoch 10/24: 44.2% (860/1946)
[2025-11-18 00:15:50][INFO][Rank 0] - train Epoch 10/24: 44.7% (870/1946)
[2025-11-18 00:15:57][INFO][Rank 0] - train Epoch 10/24: 45.2% (880/1946)
[2025-11-18 00:16:04][INFO][Rank 0] - train Epoch 10/24: 45.7% (890/1946)
[2025-11-18 00:16:11][INFO][Rank 0] - train Epoch 10/24: 46.2% (900/1946)
[2025-11-18 00:16:12][INFO][Rank 0] - CUDA Memory [train][Step 900]: Device 0: Allocated: 3309.6 MB, Reserved: 117540.0 MB (Δ: +1687.0 MB)
[2025-11-18 00:16:18][INFO][Rank 0] - train Epoch 10/24: 46.8% (910/1946)
[2025-11-18 00:16:25][INFO][Rank 0] - train Epoch 10/24: 47.3% (920/1946)
[2025-11-18 00:16:32][INFO][Rank 0] - train Epoch 10/24: 47.8% (930/1946)
[2025-11-18 00:16:39][INFO][Rank 0] - train Epoch 10/24: 48.3% (940/1946)
[2025-11-18 00:16:47][INFO][Rank 0] - train Epoch 10/24: 48.8% (950/1946)
[2025-11-18 00:16:54][INFO][Rank 0] - train Epoch 10/24: 49.3% (960/1946)
[2025-11-18 00:17:01][INFO][Rank 0] - train Epoch 10/24: 49.8% (970/1946)
[2025-11-18 00:17:08][INFO][Rank 0] - train Epoch 10/24: 50.4% (980/1946)
[2025-11-18 00:17:15][INFO][Rank 0] - train Epoch 10/24: 50.9% (990/1946)
[2025-11-18 00:17:15][INFO][Rank 0] - CUDA Memory [train][Step 990]: Device 0: Allocated: 3309.6 MB, Reserved: 117540.0 MB (Δ: +1687.0 MB)
[2025-11-18 00:17:22][INFO][Rank 0] - train Epoch 10/24: 51.4% (1000/1946)
[2025-11-18 00:17:29][INFO][Rank 0] - train Epoch 10/24: 51.9% (1010/1946)
[2025-11-18 00:17:36][INFO][Rank 0] - train Epoch 10/24: 52.4% (1020/1946)
[2025-11-18 00:17:43][INFO][Rank 0] - train Epoch 10/24: 52.9% (1030/1946)
[2025-11-18 00:17:50][INFO][Rank 0] - train Epoch 10/24: 53.4% (1040/1946)
[2025-11-18 00:17:57][INFO][Rank 0] - train Epoch 10/24: 54.0% (1050/1946)
[2025-11-18 00:18:04][INFO][Rank 0] - train Epoch 10/24: 54.5% (1060/1946)
[2025-11-18 00:18:11][INFO][Rank 0] - train Epoch 10/24: 55.0% (1070/1946)
[2025-11-18 00:18:18][INFO][Rank 0] - train Epoch 10/24: 55.5% (1080/1946)
[2025-11-18 00:18:19][INFO][Rank 0] - CUDA Memory [train][Step 1080]: Device 0: Allocated: 3309.6 MB, Reserved: 117540.0 MB (Δ: +1687.0 MB)
[2025-11-18 00:18:25][INFO][Rank 0] - train Epoch 10/24: 56.0% (1090/1946)
[2025-11-18 00:18:33][INFO][Rank 0] - train Epoch 10/24: 56.5% (1100/1946)
[2025-11-18 00:18:40][INFO][Rank 0] - train Epoch 10/24: 57.0% (1110/1946)
[2025-11-18 00:18:47][INFO][Rank 0] - train Epoch 10/24: 57.6% (1120/1946)
[2025-11-18 00:18:54][INFO][Rank 0] - train Epoch 10/24: 58.1% (1130/1946)
[2025-11-18 00:19:01][INFO][Rank 0] - train Epoch 10/24: 58.6% (1140/1946)
[2025-11-18 00:19:08][INFO][Rank 0] - train Epoch 10/24: 59.1% (1150/1946)
[2025-11-18 00:19:15][INFO][Rank 0] - train Epoch 10/24: 59.6% (1160/1946)
[2025-11-18 00:19:22][INFO][Rank 0] - train Epoch 10/24: 60.1% (1170/1946)
[2025-11-18 00:19:23][INFO][Rank 0] - CUDA Memory [train][Step 1170]: Device 0: Allocated: 3309.6 MB, Reserved: 117540.0 MB (Δ: +1687.0 MB)
[2025-11-18 00:19:29][INFO][Rank 0] - train Epoch 10/24: 60.6% (1180/1946)
[2025-11-18 00:19:36][INFO][Rank 0] - train Epoch 10/24: 61.2% (1190/1946)
[2025-11-18 00:19:43][INFO][Rank 0] - train Epoch 10/24: 61.7% (1200/1946)
[2025-11-18 00:19:50][INFO][Rank 0] - train Epoch 10/24: 62.2% (1210/1946)
[2025-11-18 00:19:57][INFO][Rank 0] - train Epoch 10/24: 62.7% (1220/1946)
[2025-11-18 00:20:04][INFO][Rank 0] - train Epoch 10/24: 63.2% (1230/1946)
[2025-11-18 00:20:12][INFO][Rank 0] - train Epoch 10/24: 63.7% (1240/1946)
[2025-11-18 00:20:19][INFO][Rank 0] - train Epoch 10/24: 64.2% (1250/1946)
[2025-11-18 00:20:26][INFO][Rank 0] - train Epoch 10/24: 64.7% (1260/1946)
[2025-11-18 00:20:26][INFO][Rank 0] - CUDA Memory [train][Step 1260]: Device 0: Allocated: 3309.6 MB, Reserved: 117540.0 MB (Δ: +1687.0 MB)
[2025-11-18 00:20:33][INFO][Rank 0] - train Epoch 10/24: 65.3% (1270/1946)
[2025-11-18 00:20:40][INFO][Rank 0] - train Epoch 10/24: 65.8% (1280/1946)
[2025-11-18 00:20:47][INFO][Rank 0] - train Epoch 10/24: 66.3% (1290/1946)
[2025-11-18 00:20:54][INFO][Rank 0] - train Epoch 10/24: 66.8% (1300/1946)
[2025-11-18 00:21:01][INFO][Rank 0] - train Epoch 10/24: 67.3% (1310/1946)
[2025-11-18 00:21:08][INFO][Rank 0] - train Epoch 10/24: 67.8% (1320/1946)
[2025-11-18 00:21:15][INFO][Rank 0] - train Epoch 10/24: 68.3% (1330/1946)
[2025-11-18 00:21:22][INFO][Rank 0] - train Epoch 10/24: 68.9% (1340/1946)
[2025-11-18 00:21:29][INFO][Rank 0] - train Epoch 10/24: 69.4% (1350/1946)
[2025-11-18 00:21:30][INFO][Rank 0] - CUDA Memory [train][Step 1350]: Device 0: Allocated: 3309.6 MB, Reserved: 117540.0 MB (Δ: +1687.0 MB)
[2025-11-18 00:21:36][INFO][Rank 0] - train Epoch 10/24: 69.9% (1360/1946)
[2025-11-18 00:21:43][INFO][Rank 0] - train Epoch 10/24: 70.4% (1370/1946)
[2025-11-18 00:21:51][INFO][Rank 0] - train Epoch 10/24: 70.9% (1380/1946)
[2025-11-18 00:21:58][INFO][Rank 0] - train Epoch 10/24: 71.4% (1390/1946)
[2025-11-18 00:22:05][INFO][Rank 0] - train Epoch 10/24: 71.9% (1400/1946)
[2025-11-18 00:22:12][INFO][Rank 0] - train Epoch 10/24: 72.5% (1410/1946)
[2025-11-18 00:22:19][INFO][Rank 0] - train Epoch 10/24: 73.0% (1420/1946)
[2025-11-18 00:22:26][INFO][Rank 0] - train Epoch 10/24: 73.5% (1430/1946)
[2025-11-18 00:22:33][INFO][Rank 0] - train Epoch 10/24: 74.0% (1440/1946)
[2025-11-18 00:22:34][INFO][Rank 0] - CUDA Memory [train][Step 1440]: Device 0: Allocated: 3309.6 MB, Reserved: 117540.0 MB (Δ: +1687.0 MB)
[2025-11-18 00:22:40][INFO][Rank 0] - train Epoch 10/24: 74.5% (1450/1946)
[2025-11-18 00:22:47][INFO][Rank 0] - train Epoch 10/24: 75.0% (1460/1946)
[2025-11-18 00:22:54][INFO][Rank 0] - train Epoch 10/24: 75.5% (1470/1946)
[2025-11-18 00:23:01][INFO][Rank 0] - train Epoch 10/24: 76.1% (1480/1946)
[2025-11-18 00:23:08][INFO][Rank 0] - train Epoch 10/24: 76.6% (1490/1946)
[2025-11-18 00:23:15][INFO][Rank 0] - train Epoch 10/24: 77.1% (1500/1946)
[2025-11-18 00:23:22][INFO][Rank 0] - train Epoch 10/24: 77.6% (1510/1946)
[2025-11-18 00:23:30][INFO][Rank 0] - train Epoch 10/24: 78.1% (1520/1946)
[2025-11-18 00:23:37][INFO][Rank 0] - train Epoch 10/24: 78.6% (1530/1946)
[2025-11-18 00:23:37][INFO][Rank 0] - CUDA Memory [train][Step 1530]: Device 0: Allocated: 3309.6 MB, Reserved: 117540.0 MB (Δ: +1687.0 MB)
[2025-11-18 00:23:44][INFO][Rank 0] - train Epoch 10/24: 79.1% (1540/1946)
[2025-11-18 00:23:51][INFO][Rank 0] - train Epoch 10/24: 79.7% (1550/1946)
[2025-11-18 00:23:58][INFO][Rank 0] - train Epoch 10/24: 80.2% (1560/1946)
[2025-11-18 00:24:05][INFO][Rank 0] - train Epoch 10/24: 80.7% (1570/1946)
[2025-11-18 00:24:12][INFO][Rank 0] - train Epoch 10/24: 81.2% (1580/1946)
[2025-11-18 00:24:19][INFO][Rank 0] - train Epoch 10/24: 81.7% (1590/1946)
[2025-11-18 00:24:26][INFO][Rank 0] - train Epoch 10/24: 82.2% (1600/1946)
[2025-11-18 00:24:33][INFO][Rank 0] - train Epoch 10/24: 82.7% (1610/1946)
[2025-11-18 00:24:40][INFO][Rank 0] - train Epoch 10/24: 83.2% (1620/1946)
[2025-11-18 00:24:41][INFO][Rank 0] - CUDA Memory [train][Step 1620]: Device 0: Allocated: 3309.6 MB, Reserved: 117540.0 MB (Δ: +1687.0 MB)
[2025-11-18 00:24:47][INFO][Rank 0] - train Epoch 10/24: 83.8% (1630/1946)
[2025-11-18 00:24:54][INFO][Rank 0] - train Epoch 10/24: 84.3% (1640/1946)
[2025-11-18 00:25:01][INFO][Rank 0] - train Epoch 10/24: 84.8% (1650/1946)
[2025-11-18 00:25:08][INFO][Rank 0] - train Epoch 10/24: 85.3% (1660/1946)
[2025-11-18 00:25:16][INFO][Rank 0] - train Epoch 10/24: 85.8% (1670/1946)
[2025-11-18 00:25:23][INFO][Rank 0] - train Epoch 10/24: 86.3% (1680/1946)
[2025-11-18 00:25:30][INFO][Rank 0] - train Epoch 10/24: 86.8% (1690/1946)
[2025-11-18 00:25:37][INFO][Rank 0] - train Epoch 10/24: 87.4% (1700/1946)
[2025-11-18 00:25:44][INFO][Rank 0] - train Epoch 10/24: 87.9% (1710/1946)
[2025-11-18 00:25:45][INFO][Rank 0] - CUDA Memory [train][Step 1710]: Device 0: Allocated: 3309.6 MB, Reserved: 117540.0 MB (Δ: +1687.0 MB)
[2025-11-18 00:25:51][INFO][Rank 0] - train Epoch 10/24: 88.4% (1720/1946)
[2025-11-18 00:25:58][INFO][Rank 0] - train Epoch 10/24: 88.9% (1730/1946)
[2025-11-18 00:26:05][INFO][Rank 0] - train Epoch 10/24: 89.4% (1740/1946)
[2025-11-18 00:26:12][INFO][Rank 0] - train Epoch 10/24: 89.9% (1750/1946)
[2025-11-18 00:26:19][INFO][Rank 0] - train Epoch 10/24: 90.4% (1760/1946)
[2025-11-18 00:26:26][INFO][Rank 0] - train Epoch 10/24: 91.0% (1770/1946)
[2025-11-18 00:26:33][INFO][Rank 0] - train Epoch 10/24: 91.5% (1780/1946)
[2025-11-18 00:26:40][INFO][Rank 0] - train Epoch 10/24: 92.0% (1790/1946)
[2025-11-18 00:26:47][INFO][Rank 0] - train Epoch 10/24: 92.5% (1800/1946)
[2025-11-18 00:26:48][INFO][Rank 0] - CUDA Memory [train][Step 1800]: Device 0: Allocated: 3309.6 MB, Reserved: 117540.0 MB (Δ: +1687.0 MB)
[2025-11-18 00:26:55][INFO][Rank 0] - train Epoch 10/24: 93.0% (1810/1946)
[2025-11-18 00:27:02][INFO][Rank 0] - train Epoch 10/24: 93.5% (1820/1946)
[2025-11-18 00:27:09][INFO][Rank 0] - train Epoch 10/24: 94.0% (1830/1946)
[2025-11-18 00:27:16][INFO][Rank 0] - train Epoch 10/24: 94.6% (1840/1946)
[2025-11-18 00:27:23][INFO][Rank 0] - train Epoch 10/24: 95.1% (1850/1946)
[2025-11-18 00:27:30][INFO][Rank 0] - train Epoch 10/24: 95.6% (1860/1946)
[2025-11-18 00:27:37][INFO][Rank 0] - train Epoch 10/24: 96.1% (1870/1946)
[2025-11-18 00:27:44][INFO][Rank 0] - train Epoch 10/24: 96.6% (1880/1946)
[2025-11-18 00:27:51][INFO][Rank 0] - train Epoch 10/24: 97.1% (1890/1946)
[2025-11-18 00:27:52][INFO][Rank 0] - CUDA Memory [train][Step 1890]: Device 0: Allocated: 3309.6 MB, Reserved: 117540.0 MB (Δ: +1687.0 MB)
[2025-11-18 00:27:58][INFO][Rank 0] - train Epoch 10/24: 97.6% (1900/1946)
[2025-11-18 00:28:05][INFO][Rank 0] - train Epoch 10/24: 98.2% (1910/1946)
[2025-11-18 00:28:12][INFO][Rank 0] - train Epoch 10/24: 98.7% (1920/1946)
[2025-11-18 00:28:19][INFO][Rank 0] - train Epoch 10/24: 99.2% (1930/1946)
[2025-11-18 00:28:26][INFO][Rank 0] - train Epoch 10/24: 99.7% (1940/1946)
[2025-11-18 00:28:30][INFO][Rank 0] - train Epoch 10/24: 99.9% (1945/1946)
[2025-11-18 00:28:31][INFO][Rank 0] - train Loss: 0.1689 Acc: 0.9712 F1: 0.9851
[2025-11-18 00:28:31][INFO][Rank 0] - train Balanced Acc: 0.8842 AUC-ROC: 0.9615
[2025-11-18 00:28:31][INFO][Rank 0] - train Sensitivity: 0.9760 Specificity: 0.7925
[2025-11-18 00:28:31][INFO][Rank 0] - train Confusion Matrix: TP=18499, FP=105, FN=455, TN=401
[2025-11-18 00:28:31][INFO][Rank 0] - train completed in 1376.11s
[2025-11-18 00:28:31][INFO][Rank 0] - Data loading time: 1.22s, Forward time: 280.30s, Backward time: 745.91s
[2025-11-18 00:28:31][INFO][Rank 0] - train cache: 0/1 items, hit rate: 0.00%
[2025-11-18 00:28:31][INFO][Rank 0] - CUDA Memory [val][Step 0]: Device 0: Allocated: 3309.6 MB, Reserved: 117540.0 MB (Δ: +1687.0 MB)
[2025-11-18 00:28:31][INFO][Rank 0] - val phase: total 401 batches
[2025-11-18 00:28:31][INFO][Rank 0] - val Epoch 10/24: 0.0% (0/401)
[2025-11-18 00:28:36][INFO][Rank 0] - val Epoch 10/24: 2.5% (10/401)
[2025-11-18 00:28:41][INFO][Rank 0] - val Epoch 10/24: 5.0% (20/401)
[2025-11-18 00:28:46][INFO][Rank 0] - val Epoch 10/24: 7.5% (30/401)
[2025-11-18 00:28:51][INFO][Rank 0] - val Epoch 10/24: 10.0% (40/401)
[2025-11-18 00:28:56][INFO][Rank 0] - val Epoch 10/24: 12.5% (50/401)
[2025-11-18 00:29:01][INFO][Rank 0] - val Epoch 10/24: 15.0% (60/401)
[2025-11-18 00:29:06][INFO][Rank 0] - val Epoch 10/24: 17.5% (70/401)
[2025-11-18 00:29:11][INFO][Rank 0] - val Epoch 10/24: 20.0% (80/401)
[2025-11-18 00:29:16][INFO][Rank 0] - val Epoch 10/24: 22.4% (90/401)
[2025-11-18 00:29:21][INFO][Rank 0] - val Epoch 10/24: 24.9% (100/401)
[2025-11-18 00:29:26][INFO][Rank 0] - val Epoch 10/24: 27.4% (110/401)
[2025-11-18 00:29:31][INFO][Rank 0] - val Epoch 10/24: 29.9% (120/401)
[2025-11-18 00:29:31][INFO][Rank 0] - CUDA Memory [val][Step 120]: Device 0: Allocated: 3309.6 MB, Reserved: 117540.0 MB (Δ: +1687.0 MB)
[2025-11-18 00:29:36][INFO][Rank 0] - val Epoch 10/24: 32.4% (130/401)
[2025-11-18 00:29:41][INFO][Rank 0] - val Epoch 10/24: 34.9% (140/401)
[2025-11-18 00:29:46][INFO][Rank 0] - val Epoch 10/24: 37.4% (150/401)
[2025-11-18 00:29:51][INFO][Rank 0] - val Epoch 10/24: 39.9% (160/401)
[2025-11-18 00:29:56][INFO][Rank 0] - val Epoch 10/24: 42.4% (170/401)
[2025-11-18 00:30:01][INFO][Rank 0] - val Epoch 10/24: 44.9% (180/401)
[2025-11-18 00:30:06][INFO][Rank 0] - val Epoch 10/24: 47.4% (190/401)
[2025-11-18 00:30:11][INFO][Rank 0] - val Epoch 10/24: 49.9% (200/401)
[2025-11-18 00:30:16][INFO][Rank 0] - val Epoch 10/24: 52.4% (210/401)
[2025-11-18 00:30:21][INFO][Rank 0] - val Epoch 10/24: 54.9% (220/401)
[2025-11-18 00:30:26][INFO][Rank 0] - val Epoch 10/24: 57.4% (230/401)
[2025-11-18 00:30:31][INFO][Rank 0] - val Epoch 10/24: 59.9% (240/401)
[2025-11-18 00:30:36][INFO][Rank 0] - val Epoch 10/24: 62.3% (250/401)
[2025-11-18 00:30:41][INFO][Rank 0] - val Epoch 10/24: 64.8% (260/401)
[2025-11-18 00:30:46][INFO][Rank 0] - val Epoch 10/24: 67.3% (270/401)
[2025-11-18 00:30:46][INFO][Rank 0] - CUDA Memory [val][Step 270]: Device 0: Allocated: 3309.6 MB, Reserved: 117540.0 MB (Δ: +1687.0 MB)
[2025-11-18 00:30:51][INFO][Rank 0] - val Epoch 10/24: 69.8% (280/401)
[2025-11-18 00:30:56][INFO][Rank 0] - val Epoch 10/24: 72.3% (290/401)
[2025-11-18 00:31:01][INFO][Rank 0] - val Epoch 10/24: 74.8% (300/401)
[2025-11-18 00:31:06][INFO][Rank 0] - val Epoch 10/24: 77.3% (310/401)
[2025-11-18 00:31:11][INFO][Rank 0] - val Epoch 10/24: 79.8% (320/401)
[2025-11-18 00:31:16][INFO][Rank 0] - val Epoch 10/24: 82.3% (330/401)
[2025-11-18 00:31:21][INFO][Rank 0] - val Epoch 10/24: 84.8% (340/401)
[2025-11-18 00:31:26][INFO][Rank 0] - val Epoch 10/24: 87.3% (350/401)
[2025-11-18 00:31:31][INFO][Rank 0] - val Epoch 10/24: 89.8% (360/401)
[2025-11-18 00:31:36][INFO][Rank 0] - val Epoch 10/24: 92.3% (370/401)
[2025-11-18 00:31:41][INFO][Rank 0] - val Epoch 10/24: 94.8% (380/401)
[2025-11-18 00:31:46][INFO][Rank 0] - val Epoch 10/24: 97.3% (390/401)
[2025-11-18 00:31:51][INFO][Rank 0] - val Epoch 10/24: 99.8% (400/401)
[2025-11-18 00:31:51][INFO][Rank 0] - val Loss: 0.1043 Acc: 0.9723 F1: 0.9857
[2025-11-18 00:31:51][INFO][Rank 0] - val Balanced Acc: 0.9038 AUC-ROC: 0.9831
[2025-11-18 00:31:51][INFO][Rank 0] - val Sensitivity: 0.9760 Specificity: 0.8317
[2025-11-18 00:31:51][INFO][Rank 0] - val Confusion Matrix: TP=3815, FP=17, FN=94, TN=84
[2025-11-18 00:31:51][INFO][Rank 0] - val completed in 200.73s
[2025-11-18 00:31:51][INFO][Rank 0] - val cache: 0/1 items, hit rate: 0.00%
[2025-11-18 00:31:56][INFO][Rank 0] - Saved new best auc model with auc: 0.9831 at /projects/retprogression/rgarridogarcia/checkpoints/cropped1024_cropped_centered_wt_allR_5/best_auc_model.pth
[2025-11-18 00:32:00][INFO][Rank 0] - Saved epoch checkpoint at /projects/retprogression/rgarridogarcia/checkpoints/cropped1024_cropped_centered_wt_allR_5/epoch_10.pth
[2025-11-18 00:32:00][INFO][Rank 0] - Epoch 10 summary:
[2025-11-18 00:32:00][INFO][Rank 0] -  Train Loss: 0.1689, Train Acc: 0.9712, Train F1: 0.9851
[2025-11-18 00:32:00][INFO][Rank 0] -  Train Balanced Acc: 0.8842, Train AUC: 0.9615
[2025-11-18 00:32:00][INFO][Rank 0] -  Train Sensitivity: 0.9760, Train Specificity: 0.7925
[2025-11-18 00:32:00][INFO][Rank 0] -  Val Loss: 0.1043, Val Acc: 0.9723, Val F1: 0.9857
[2025-11-18 00:32:00][INFO][Rank 0] -  Val Balanced Acc: 0.9038, Val AUC: 0.9831
[2025-11-18 00:32:00][INFO][Rank 0] -  Val Sensitivity: 0.9760, Val Specificity: 0.8317
[2025-11-18 00:32:00][INFO][Rank 0] -  Total Epoch Time: 1585.53s
[2025-11-18 00:32:00][INFO][Rank 0] - Epoch 11/24
[2025-11-18 00:32:00][INFO][Rank 0] - ----------
[2025-11-18 00:32:00][INFO][Rank 0] - CUDA Memory [train][Step 0]: Device 0: Allocated: 3309.6 MB, Reserved: 117540.0 MB (Δ: +1687.0 MB)
[2025-11-18 00:32:00][INFO][Rank 0] - train phase: total 1946 batches
[2025-11-18 00:32:01][INFO][Rank 0] - train Epoch 11/24: 0.0% (0/1946)
[2025-11-18 00:32:08][INFO][Rank 0] - train Epoch 11/24: 0.5% (10/1946)
[2025-11-18 00:32:15][INFO][Rank 0] - train Epoch 11/24: 1.0% (20/1946)
[2025-11-18 00:32:22][INFO][Rank 0] - train Epoch 11/24: 1.5% (30/1946)
[2025-11-18 00:32:29][INFO][Rank 0] - train Epoch 11/24: 2.1% (40/1946)
[2025-11-18 00:32:36][INFO][Rank 0] - train Epoch 11/24: 2.6% (50/1946)
[2025-11-18 00:32:43][INFO][Rank 0] - train Epoch 11/24: 3.1% (60/1946)
[2025-11-18 00:32:50][INFO][Rank 0] - train Epoch 11/24: 3.6% (70/1946)
[2025-11-18 00:32:57][INFO][Rank 0] - train Epoch 11/24: 4.1% (80/1946)
[2025-11-18 00:33:04][INFO][Rank 0] - train Epoch 11/24: 4.6% (90/1946)
[2025-11-18 00:33:05][INFO][Rank 0] - CUDA Memory [train][Step 90]: Device 0: Allocated: 3309.6 MB, Reserved: 117540.0 MB (Δ: +1687.0 MB)
[2025-11-18 00:33:11][INFO][Rank 0] - train Epoch 11/24: 5.1% (100/1946)
[2025-11-18 00:33:19][INFO][Rank 0] - train Epoch 11/24: 5.7% (110/1946)
[2025-11-18 00:33:26][INFO][Rank 0] - train Epoch 11/24: 6.2% (120/1946)
[2025-11-18 00:33:33][INFO][Rank 0] - train Epoch 11/24: 6.7% (130/1946)
[2025-11-18 00:33:40][INFO][Rank 0] - train Epoch 11/24: 7.2% (140/1946)
[2025-11-18 00:33:47][INFO][Rank 0] - train Epoch 11/24: 7.7% (150/1946)
[2025-11-18 00:33:54][INFO][Rank 0] - train Epoch 11/24: 8.2% (160/1946)
[2025-11-18 00:34:01][INFO][Rank 0] - train Epoch 11/24: 8.7% (170/1946)
[2025-11-18 00:34:08][INFO][Rank 0] - train Epoch 11/24: 9.2% (180/1946)
[2025-11-18 00:34:09][INFO][Rank 0] - CUDA Memory [train][Step 180]: Device 0: Allocated: 3309.6 MB, Reserved: 117540.0 MB (Δ: +1687.0 MB)
[2025-11-18 00:34:15][INFO][Rank 0] - train Epoch 11/24: 9.8% (190/1946)
[2025-11-18 00:34:22][INFO][Rank 0] - train Epoch 11/24: 10.3% (200/1946)
[2025-11-18 00:34:29][INFO][Rank 0] - train Epoch 11/24: 10.8% (210/1946)
[2025-11-18 00:34:36][INFO][Rank 0] - train Epoch 11/24: 11.3% (220/1946)
[2025-11-18 00:34:43][INFO][Rank 0] - train Epoch 11/24: 11.8% (230/1946)
[2025-11-18 00:34:50][INFO][Rank 0] - train Epoch 11/24: 12.3% (240/1946)
[2025-11-18 00:34:57][INFO][Rank 0] - train Epoch 11/24: 12.8% (250/1946)
[2025-11-18 00:35:05][INFO][Rank 0] - train Epoch 11/24: 13.4% (260/1946)
[2025-11-18 00:35:12][INFO][Rank 0] - train Epoch 11/24: 13.9% (270/1946)
[2025-11-18 00:35:12][INFO][Rank 0] - CUDA Memory [train][Step 270]: Device 0: Allocated: 3309.6 MB, Reserved: 117540.0 MB (Δ: +1687.0 MB)
[2025-11-18 00:35:19][INFO][Rank 0] - train Epoch 11/24: 14.4% (280/1946)
[2025-11-18 00:35:26][INFO][Rank 0] - train Epoch 11/24: 14.9% (290/1946)
[2025-11-18 00:35:33][INFO][Rank 0] - train Epoch 11/24: 15.4% (300/1946)
[2025-11-18 00:35:40][INFO][Rank 0] - train Epoch 11/24: 15.9% (310/1946)
[2025-11-18 00:35:47][INFO][Rank 0] - train Epoch 11/24: 16.4% (320/1946)
[2025-11-18 00:35:54][INFO][Rank 0] - train Epoch 11/24: 17.0% (330/1946)
[2025-11-18 00:36:01][INFO][Rank 0] - train Epoch 11/24: 17.5% (340/1946)
[2025-11-18 00:36:08][INFO][Rank 0] - train Epoch 11/24: 18.0% (350/1946)
[2025-11-18 00:36:15][INFO][Rank 0] - train Epoch 11/24: 18.5% (360/1946)
[2025-11-18 00:36:16][INFO][Rank 0] - CUDA Memory [train][Step 360]: Device 0: Allocated: 3309.6 MB, Reserved: 117540.0 MB (Δ: +1687.0 MB)
[2025-11-18 00:36:22][INFO][Rank 0] - train Epoch 11/24: 19.0% (370/1946)
[2025-11-18 00:36:29][INFO][Rank 0] - train Epoch 11/24: 19.5% (380/1946)
[2025-11-18 00:36:36][INFO][Rank 0] - train Epoch 11/24: 20.0% (390/1946)
[2025-11-18 00:36:43][INFO][Rank 0] - train Epoch 11/24: 20.6% (400/1946)
[2025-11-18 00:36:51][INFO][Rank 0] - train Epoch 11/24: 21.1% (410/1946)
[2025-11-18 00:36:58][INFO][Rank 0] - train Epoch 11/24: 21.6% (420/1946)
[2025-11-18 00:37:05][INFO][Rank 0] - train Epoch 11/24: 22.1% (430/1946)
[2025-11-18 00:37:12][INFO][Rank 0] - train Epoch 11/24: 22.6% (440/1946)
[2025-11-18 00:37:19][INFO][Rank 0] - train Epoch 11/24: 23.1% (450/1946)
[2025-11-18 00:37:20][INFO][Rank 0] - CUDA Memory [train][Step 450]: Device 0: Allocated: 3309.6 MB, Reserved: 117540.0 MB (Δ: +1687.0 MB)
[2025-11-18 00:37:26][INFO][Rank 0] - train Epoch 11/24: 23.6% (460/1946)
[2025-11-18 00:37:33][INFO][Rank 0] - train Epoch 11/24: 24.2% (470/1946)
[2025-11-18 00:37:40][INFO][Rank 0] - train Epoch 11/24: 24.7% (480/1946)
[2025-11-18 00:37:47][INFO][Rank 0] - train Epoch 11/24: 25.2% (490/1946)
[2025-11-18 00:37:54][INFO][Rank 0] - train Epoch 11/24: 25.7% (500/1946)
[2025-11-18 00:38:01][INFO][Rank 0] - train Epoch 11/24: 26.2% (510/1946)
[2025-11-18 00:38:08][INFO][Rank 0] - train Epoch 11/24: 26.7% (520/1946)
[2025-11-18 00:38:15][INFO][Rank 0] - train Epoch 11/24: 27.2% (530/1946)
[2025-11-18 00:38:22][INFO][Rank 0] - train Epoch 11/24: 27.7% (540/1946)
[2025-11-18 00:38:23][INFO][Rank 0] - CUDA Memory [train][Step 540]: Device 0: Allocated: 3309.6 MB, Reserved: 117540.0 MB (Δ: +1687.0 MB)
[2025-11-18 00:38:30][INFO][Rank 0] - train Epoch 11/24: 28.3% (550/1946)
[2025-11-18 00:38:37][INFO][Rank 0] - train Epoch 11/24: 28.8% (560/1946)
[2025-11-18 00:38:44][INFO][Rank 0] - train Epoch 11/24: 29.3% (570/1946)
[2025-11-18 00:38:51][INFO][Rank 0] - train Epoch 11/24: 29.8% (580/1946)
[2025-11-18 00:38:58][INFO][Rank 0] - train Epoch 11/24: 30.3% (590/1946)
[2025-11-18 00:39:05][INFO][Rank 0] - train Epoch 11/24: 30.8% (600/1946)
[2025-11-18 00:39:12][INFO][Rank 0] - train Epoch 11/24: 31.3% (610/1946)
[2025-11-18 00:39:19][INFO][Rank 0] - train Epoch 11/24: 31.9% (620/1946)
[2025-11-18 00:39:26][INFO][Rank 0] - train Epoch 11/24: 32.4% (630/1946)
[2025-11-18 00:39:27][INFO][Rank 0] - CUDA Memory [train][Step 630]: Device 0: Allocated: 3309.6 MB, Reserved: 117540.0 MB (Δ: +1687.0 MB)
[2025-11-18 00:39:33][INFO][Rank 0] - train Epoch 11/24: 32.9% (640/1946)
[2025-11-18 00:39:40][INFO][Rank 0] - train Epoch 11/24: 33.4% (650/1946)
[2025-11-18 00:39:47][INFO][Rank 0] - train Epoch 11/24: 33.9% (660/1946)
[2025-11-18 00:39:54][INFO][Rank 0] - train Epoch 11/24: 34.4% (670/1946)
[2025-11-18 00:40:01][INFO][Rank 0] - train Epoch 11/24: 34.9% (680/1946)
[2025-11-18 00:40:08][INFO][Rank 0] - train Epoch 11/24: 35.5% (690/1946)
[2025-11-18 00:40:16][INFO][Rank 0] - train Epoch 11/24: 36.0% (700/1946)
[2025-11-18 00:40:23][INFO][Rank 0] - train Epoch 11/24: 36.5% (710/1946)
[2025-11-18 00:40:30][INFO][Rank 0] - train Epoch 11/24: 37.0% (720/1946)
[2025-11-18 00:40:30][INFO][Rank 0] - CUDA Memory [train][Step 720]: Device 0: Allocated: 3309.6 MB, Reserved: 117540.0 MB (Δ: +1687.0 MB)
[2025-11-18 00:40:37][INFO][Rank 0] - train Epoch 11/24: 37.5% (730/1946)
[2025-11-18 00:40:44][INFO][Rank 0] - train Epoch 11/24: 38.0% (740/1946)
[2025-11-18 00:40:51][INFO][Rank 0] - train Epoch 11/24: 38.5% (750/1946)
[2025-11-18 00:40:58][INFO][Rank 0] - train Epoch 11/24: 39.1% (760/1946)
[2025-11-18 00:41:05][INFO][Rank 0] - train Epoch 11/24: 39.6% (770/1946)
[2025-11-18 00:41:12][INFO][Rank 0] - train Epoch 11/24: 40.1% (780/1946)
[2025-11-18 00:41:19][INFO][Rank 0] - train Epoch 11/24: 40.6% (790/1946)
[2025-11-18 00:41:26][INFO][Rank 0] - train Epoch 11/24: 41.1% (800/1946)
[2025-11-18 00:41:33][INFO][Rank 0] - train Epoch 11/24: 41.6% (810/1946)
[2025-11-18 00:41:34][INFO][Rank 0] - CUDA Memory [train][Step 810]: Device 0: Allocated: 3309.6 MB, Reserved: 117540.0 MB (Δ: +1687.0 MB)
[2025-11-18 00:41:40][INFO][Rank 0] - train Epoch 11/24: 42.1% (820/1946)
[2025-11-18 00:41:47][INFO][Rank 0] - train Epoch 11/24: 42.7% (830/1946)
[2025-11-18 00:41:55][INFO][Rank 0] - train Epoch 11/24: 43.2% (840/1946)
[2025-11-18 00:42:02][INFO][Rank 0] - train Epoch 11/24: 43.7% (850/1946)
[2025-11-18 00:42:09][INFO][Rank 0] - train Epoch 11/24: 44.2% (860/1946)
[2025-11-18 00:42:16][INFO][Rank 0] - train Epoch 11/24: 44.7% (870/1946)
[2025-11-18 00:42:23][INFO][Rank 0] - train Epoch 11/24: 45.2% (880/1946)
[2025-11-18 00:42:30][INFO][Rank 0] - train Epoch 11/24: 45.7% (890/1946)
[2025-11-18 00:42:37][INFO][Rank 0] - train Epoch 11/24: 46.2% (900/1946)
[2025-11-18 00:42:38][INFO][Rank 0] - CUDA Memory [train][Step 900]: Device 0: Allocated: 3309.6 MB, Reserved: 117540.0 MB (Δ: +1687.0 MB)
[2025-11-18 00:42:44][INFO][Rank 0] - train Epoch 11/24: 46.8% (910/1946)
[2025-11-18 00:42:51][INFO][Rank 0] - train Epoch 11/24: 47.3% (920/1946)
[2025-11-18 00:42:58][INFO][Rank 0] - train Epoch 11/24: 47.8% (930/1946)
[2025-11-18 00:43:05][INFO][Rank 0] - train Epoch 11/24: 48.3% (940/1946)
[2025-11-18 00:43:12][INFO][Rank 0] - train Epoch 11/24: 48.8% (950/1946)
[2025-11-18 00:43:19][INFO][Rank 0] - train Epoch 11/24: 49.3% (960/1946)
[2025-11-18 00:43:26][INFO][Rank 0] - train Epoch 11/24: 49.8% (970/1946)
[2025-11-18 00:43:33][INFO][Rank 0] - train Epoch 11/24: 50.4% (980/1946)
[2025-11-18 00:43:41][INFO][Rank 0] - train Epoch 11/24: 50.9% (990/1946)
[2025-11-18 00:43:41][INFO][Rank 0] - CUDA Memory [train][Step 990]: Device 0: Allocated: 3309.6 MB, Reserved: 117540.0 MB (Δ: +1687.0 MB)
[2025-11-18 00:43:48][INFO][Rank 0] - train Epoch 11/24: 51.4% (1000/1946)
[2025-11-18 00:43:55][INFO][Rank 0] - train Epoch 11/24: 51.9% (1010/1946)
[2025-11-18 00:44:02][INFO][Rank 0] - train Epoch 11/24: 52.4% (1020/1946)
[2025-11-18 00:44:09][INFO][Rank 0] - train Epoch 11/24: 52.9% (1030/1946)
[2025-11-18 00:44:16][INFO][Rank 0] - train Epoch 11/24: 53.4% (1040/1946)
[2025-11-18 00:44:23][INFO][Rank 0] - train Epoch 11/24: 54.0% (1050/1946)
[2025-11-18 00:44:30][INFO][Rank 0] - train Epoch 11/24: 54.5% (1060/1946)
[2025-11-18 00:44:37][INFO][Rank 0] - train Epoch 11/24: 55.0% (1070/1946)
[2025-11-18 00:44:44][INFO][Rank 0] - train Epoch 11/24: 55.5% (1080/1946)
[2025-11-18 00:44:45][INFO][Rank 0] - CUDA Memory [train][Step 1080]: Device 0: Allocated: 3309.6 MB, Reserved: 117540.0 MB (Δ: +1687.0 MB)
[2025-11-18 00:44:51][INFO][Rank 0] - train Epoch 11/24: 56.0% (1090/1946)
[2025-11-18 00:44:58][INFO][Rank 0] - train Epoch 11/24: 56.5% (1100/1946)
[2025-11-18 00:45:05][INFO][Rank 0] - train Epoch 11/24: 57.0% (1110/1946)
[2025-11-18 00:45:12][INFO][Rank 0] - train Epoch 11/24: 57.6% (1120/1946)
[2025-11-18 00:45:20][INFO][Rank 0] - train Epoch 11/24: 58.1% (1130/1946)
[2025-11-18 00:45:27][INFO][Rank 0] - train Epoch 11/24: 58.6% (1140/1946)
[2025-11-18 00:45:34][INFO][Rank 0] - train Epoch 11/24: 59.1% (1150/1946)
[2025-11-18 00:45:41][INFO][Rank 0] - train Epoch 11/24: 59.6% (1160/1946)
[2025-11-18 00:45:48][INFO][Rank 0] - train Epoch 11/24: 60.1% (1170/1946)
[2025-11-18 00:45:49][INFO][Rank 0] - CUDA Memory [train][Step 1170]: Device 0: Allocated: 3309.6 MB, Reserved: 117540.0 MB (Δ: +1687.0 MB)
[2025-11-18 00:45:55][INFO][Rank 0] - train Epoch 11/24: 60.6% (1180/1946)
[2025-11-18 00:46:02][INFO][Rank 0] - train Epoch 11/24: 61.2% (1190/1946)
[2025-11-18 00:46:09][INFO][Rank 0] - train Epoch 11/24: 61.7% (1200/1946)
[2025-11-18 00:46:16][INFO][Rank 0] - train Epoch 11/24: 62.2% (1210/1946)
[2025-11-18 00:46:23][INFO][Rank 0] - train Epoch 11/24: 62.7% (1220/1946)
[2025-11-18 00:46:30][INFO][Rank 0] - train Epoch 11/24: 63.2% (1230/1946)
[2025-11-18 00:46:37][INFO][Rank 0] - train Epoch 11/24: 63.7% (1240/1946)
[2025-11-18 00:46:44][INFO][Rank 0] - train Epoch 11/24: 64.2% (1250/1946)
[2025-11-18 00:46:51][INFO][Rank 0] - train Epoch 11/24: 64.7% (1260/1946)
[2025-11-18 00:46:52][INFO][Rank 0] - CUDA Memory [train][Step 1260]: Device 0: Allocated: 3309.6 MB, Reserved: 117540.0 MB (Δ: +1687.0 MB)
[2025-11-18 00:46:58][INFO][Rank 0] - train Epoch 11/24: 65.3% (1270/1946)
[2025-11-18 00:47:06][INFO][Rank 0] - train Epoch 11/24: 65.8% (1280/1946)
[2025-11-18 00:47:13][INFO][Rank 0] - train Epoch 11/24: 66.3% (1290/1946)
[2025-11-18 00:47:20][INFO][Rank 0] - train Epoch 11/24: 66.8% (1300/1946)
[2025-11-18 00:47:27][INFO][Rank 0] - train Epoch 11/24: 67.3% (1310/1946)
[2025-11-18 00:47:34][INFO][Rank 0] - train Epoch 11/24: 67.8% (1320/1946)
[2025-11-18 00:47:41][INFO][Rank 0] - train Epoch 11/24: 68.3% (1330/1946)
[2025-11-18 00:47:48][INFO][Rank 0] - train Epoch 11/24: 68.9% (1340/1946)
[2025-11-18 00:47:55][INFO][Rank 0] - train Epoch 11/24: 69.4% (1350/1946)
[2025-11-18 00:47:56][INFO][Rank 0] - CUDA Memory [train][Step 1350]: Device 0: Allocated: 3309.6 MB, Reserved: 117540.0 MB (Δ: +1687.0 MB)
[2025-11-18 00:48:02][INFO][Rank 0] - train Epoch 11/24: 69.9% (1360/1946)
[2025-11-18 00:48:09][INFO][Rank 0] - train Epoch 11/24: 70.4% (1370/1946)
[2025-11-18 00:48:16][INFO][Rank 0] - train Epoch 11/24: 70.9% (1380/1946)
[2025-11-18 00:48:23][INFO][Rank 0] - train Epoch 11/24: 71.4% (1390/1946)
[2025-11-18 00:48:30][INFO][Rank 0] - train Epoch 11/24: 71.9% (1400/1946)
[2025-11-18 00:48:37][INFO][Rank 0] - train Epoch 11/24: 72.5% (1410/1946)
[2025-11-18 00:48:44][INFO][Rank 0] - train Epoch 11/24: 73.0% (1420/1946)
[2025-11-18 00:48:51][INFO][Rank 0] - train Epoch 11/24: 73.5% (1430/1946)
[2025-11-18 00:48:59][INFO][Rank 0] - train Epoch 11/24: 74.0% (1440/1946)
[2025-11-18 00:48:59][INFO][Rank 0] - CUDA Memory [train][Step 1440]: Device 0: Allocated: 3309.6 MB, Reserved: 117540.0 MB (Δ: +1687.0 MB)
[2025-11-18 00:49:06][INFO][Rank 0] - train Epoch 11/24: 74.5% (1450/1946)
[2025-11-18 00:49:13][INFO][Rank 0] - train Epoch 11/24: 75.0% (1460/1946)
[2025-11-18 00:49:20][INFO][Rank 0] - train Epoch 11/24: 75.5% (1470/1946)
[2025-11-18 00:49:27][INFO][Rank 0] - train Epoch 11/24: 76.1% (1480/1946)
[2025-11-18 00:49:34][INFO][Rank 0] - train Epoch 11/24: 76.6% (1490/1946)
[2025-11-18 00:49:41][INFO][Rank 0] - train Epoch 11/24: 77.1% (1500/1946)
[2025-11-18 00:49:48][INFO][Rank 0] - train Epoch 11/24: 77.6% (1510/1946)
[2025-11-18 00:49:55][INFO][Rank 0] - train Epoch 11/24: 78.1% (1520/1946)
[2025-11-18 00:50:02][INFO][Rank 0] - train Epoch 11/24: 78.6% (1530/1946)
[2025-11-18 00:50:03][INFO][Rank 0] - CUDA Memory [train][Step 1530]: Device 0: Allocated: 3309.6 MB, Reserved: 117540.0 MB (Δ: +1687.0 MB)
[2025-11-18 00:50:09][INFO][Rank 0] - train Epoch 11/24: 79.1% (1540/1946)
[2025-11-18 00:50:16][INFO][Rank 0] - train Epoch 11/24: 79.7% (1550/1946)
[2025-11-18 00:50:23][INFO][Rank 0] - train Epoch 11/24: 80.2% (1560/1946)
[2025-11-18 00:50:30][INFO][Rank 0] - train Epoch 11/24: 80.7% (1570/1946)
[2025-11-18 00:50:37][INFO][Rank 0] - train Epoch 11/24: 81.2% (1580/1946)
[2025-11-18 00:50:45][INFO][Rank 0] - train Epoch 11/24: 81.7% (1590/1946)
[2025-11-18 00:50:52][INFO][Rank 0] - train Epoch 11/24: 82.2% (1600/1946)
[2025-11-18 00:50:59][INFO][Rank 0] - train Epoch 11/24: 82.7% (1610/1946)
[2025-11-18 00:51:06][INFO][Rank 0] - train Epoch 11/24: 83.2% (1620/1946)
[2025-11-18 00:51:06][INFO][Rank 0] - CUDA Memory [train][Step 1620]: Device 0: Allocated: 3309.6 MB, Reserved: 117540.0 MB (Δ: +1687.0 MB)
[2025-11-18 00:51:13][INFO][Rank 0] - train Epoch 11/24: 83.8% (1630/1946)
[2025-11-18 00:51:20][INFO][Rank 0] - train Epoch 11/24: 84.3% (1640/1946)
[2025-11-18 00:51:27][INFO][Rank 0] - train Epoch 11/24: 84.8% (1650/1946)
[2025-11-18 00:51:34][INFO][Rank 0] - train Epoch 11/24: 85.3% (1660/1946)
[2025-11-18 00:51:41][INFO][Rank 0] - train Epoch 11/24: 85.8% (1670/1946)
[2025-11-18 00:51:48][INFO][Rank 0] - train Epoch 11/24: 86.3% (1680/1946)
[2025-11-18 00:51:55][INFO][Rank 0] - train Epoch 11/24: 86.8% (1690/1946)
[2025-11-18 00:52:02][INFO][Rank 0] - train Epoch 11/24: 87.4% (1700/1946)
[2025-11-18 00:52:09][INFO][Rank 0] - train Epoch 11/24: 87.9% (1710/1946)
[2025-11-18 00:52:10][INFO][Rank 0] - CUDA Memory [train][Step 1710]: Device 0: Allocated: 3309.6 MB, Reserved: 117540.0 MB (Δ: +1687.0 MB)
[2025-11-18 00:52:16][INFO][Rank 0] - train Epoch 11/24: 88.4% (1720/1946)
[2025-11-18 00:52:23][INFO][Rank 0] - train Epoch 11/24: 88.9% (1730/1946)
[2025-11-18 00:52:30][INFO][Rank 0] - train Epoch 11/24: 89.4% (1740/1946)
[2025-11-18 00:52:38][INFO][Rank 0] - train Epoch 11/24: 89.9% (1750/1946)
[2025-11-18 00:52:45][INFO][Rank 0] - train Epoch 11/24: 90.4% (1760/1946)
[2025-11-18 00:52:52][INFO][Rank 0] - train Epoch 11/24: 91.0% (1770/1946)
[2025-11-18 00:52:59][INFO][Rank 0] - train Epoch 11/24: 91.5% (1780/1946)
[2025-11-18 00:53:06][INFO][Rank 0] - train Epoch 11/24: 92.0% (1790/1946)
[2025-11-18 00:53:13][INFO][Rank 0] - train Epoch 11/24: 92.5% (1800/1946)
[2025-11-18 00:53:14][INFO][Rank 0] - CUDA Memory [train][Step 1800]: Device 0: Allocated: 3309.6 MB, Reserved: 117540.0 MB (Δ: +1687.0 MB)
[2025-11-18 00:53:20][INFO][Rank 0] - train Epoch 11/24: 93.0% (1810/1946)
[2025-11-18 00:53:27][INFO][Rank 0] - train Epoch 11/24: 93.5% (1820/1946)
[2025-11-18 00:53:34][INFO][Rank 0] - train Epoch 11/24: 94.0% (1830/1946)
[2025-11-18 00:53:41][INFO][Rank 0] - train Epoch 11/24: 94.6% (1840/1946)
[2025-11-18 00:53:48][INFO][Rank 0] - train Epoch 11/24: 95.1% (1850/1946)
[2025-11-18 00:53:55][INFO][Rank 0] - train Epoch 11/24: 95.6% (1860/1946)
[2025-11-18 00:54:02][INFO][Rank 0] - train Epoch 11/24: 96.1% (1870/1946)
[2025-11-18 00:54:09][INFO][Rank 0] - train Epoch 11/24: 96.6% (1880/1946)
[2025-11-18 00:54:16][INFO][Rank 0] - train Epoch 11/24: 97.1% (1890/1946)
[2025-11-18 00:54:17][INFO][Rank 0] - CUDA Memory [train][Step 1890]: Device 0: Allocated: 3309.6 MB, Reserved: 117540.0 MB (Δ: +1687.0 MB)
[2025-11-18 00:54:23][INFO][Rank 0] - train Epoch 11/24: 97.6% (1900/1946)
[2025-11-18 00:54:31][INFO][Rank 0] - train Epoch 11/24: 98.2% (1910/1946)
[2025-11-18 00:54:38][INFO][Rank 0] - train Epoch 11/24: 98.7% (1920/1946)
[2025-11-18 00:54:45][INFO][Rank 0] - train Epoch 11/24: 99.2% (1930/1946)
[2025-11-18 00:54:52][INFO][Rank 0] - train Epoch 11/24: 99.7% (1940/1946)
[2025-11-18 00:54:55][INFO][Rank 0] - train Epoch 11/24: 99.9% (1945/1946)
[2025-11-18 00:54:56][INFO][Rank 0] - train Loss: 0.1682 Acc: 0.9723 F1: 0.9857
[2025-11-18 00:54:56][INFO][Rank 0] - train Balanced Acc: 0.8867 AUC-ROC: 0.9627
[2025-11-18 00:54:56][INFO][Rank 0] - train Sensitivity: 0.9770 Specificity: 0.7964
[2025-11-18 00:54:56][INFO][Rank 0] - train Confusion Matrix: TP=18518, FP=103, FN=436, TN=403
[2025-11-18 00:54:56][INFO][Rank 0] - train completed in 1375.90s
[2025-11-18 00:54:56][INFO][Rank 0] - Data loading time: 1.51s, Forward time: 280.10s, Backward time: 745.59s
[2025-11-18 00:54:56][INFO][Rank 0] - train cache: 0/1 items, hit rate: 0.00%
[2025-11-18 00:54:56][INFO][Rank 0] - CUDA Memory [val][Step 0]: Device 0: Allocated: 3309.6 MB, Reserved: 117540.0 MB (Δ: +1687.0 MB)
[2025-11-18 00:54:56][INFO][Rank 0] - val phase: total 401 batches
[2025-11-18 00:54:56][INFO][Rank 0] - val Epoch 11/24: 0.0% (0/401)
[2025-11-18 00:55:01][INFO][Rank 0] - val Epoch 11/24: 2.5% (10/401)
[2025-11-18 00:55:06][INFO][Rank 0] - val Epoch 11/24: 5.0% (20/401)
[2025-11-18 00:55:11][INFO][Rank 0] - val Epoch 11/24: 7.5% (30/401)
[2025-11-18 00:55:16][INFO][Rank 0] - val Epoch 11/24: 10.0% (40/401)
[2025-11-18 00:55:21][INFO][Rank 0] - val Epoch 11/24: 12.5% (50/401)
[2025-11-18 00:55:26][INFO][Rank 0] - val Epoch 11/24: 15.0% (60/401)
[2025-11-18 00:55:31][INFO][Rank 0] - val Epoch 11/24: 17.5% (70/401)
[2025-11-18 00:55:36][INFO][Rank 0] - val Epoch 11/24: 20.0% (80/401)
[2025-11-18 00:55:41][INFO][Rank 0] - val Epoch 11/24: 22.4% (90/401)
[2025-11-18 00:55:46][INFO][Rank 0] - val Epoch 11/24: 24.9% (100/401)
[2025-11-18 00:55:51][INFO][Rank 0] - val Epoch 11/24: 27.4% (110/401)
[2025-11-18 00:55:56][INFO][Rank 0] - val Epoch 11/24: 29.9% (120/401)
[2025-11-18 00:55:56][INFO][Rank 0] - CUDA Memory [val][Step 120]: Device 0: Allocated: 3309.6 MB, Reserved: 117540.0 MB (Δ: +1687.0 MB)
[2025-11-18 00:56:01][INFO][Rank 0] - val Epoch 11/24: 32.4% (130/401)
[2025-11-18 00:56:06][INFO][Rank 0] - val Epoch 11/24: 34.9% (140/401)
[2025-11-18 00:56:11][INFO][Rank 0] - val Epoch 11/24: 37.4% (150/401)
[2025-11-18 00:56:16][INFO][Rank 0] - val Epoch 11/24: 39.9% (160/401)
[2025-11-18 00:56:21][INFO][Rank 0] - val Epoch 11/24: 42.4% (170/401)
[2025-11-18 00:56:26][INFO][Rank 0] - val Epoch 11/24: 44.9% (180/401)
[2025-11-18 00:56:31][INFO][Rank 0] - val Epoch 11/24: 47.4% (190/401)
[2025-11-18 00:56:36][INFO][Rank 0] - val Epoch 11/24: 49.9% (200/401)
[2025-11-18 00:56:41][INFO][Rank 0] - val Epoch 11/24: 52.4% (210/401)
[2025-11-18 00:56:46][INFO][Rank 0] - val Epoch 11/24: 54.9% (220/401)
[2025-11-18 00:56:50][INFO][Rank 0] - val Epoch 11/24: 57.4% (230/401)
[2025-11-18 00:56:55][INFO][Rank 0] - val Epoch 11/24: 59.9% (240/401)
[2025-11-18 00:57:00][INFO][Rank 0] - val Epoch 11/24: 62.3% (250/401)
[2025-11-18 00:57:05][INFO][Rank 0] - val Epoch 11/24: 64.8% (260/401)
[2025-11-18 00:57:10][INFO][Rank 0] - val Epoch 11/24: 67.3% (270/401)
[2025-11-18 00:57:11][INFO][Rank 0] - CUDA Memory [val][Step 270]: Device 0: Allocated: 3309.6 MB, Reserved: 117540.0 MB (Δ: +1687.0 MB)
[2025-11-18 00:57:15][INFO][Rank 0] - val Epoch 11/24: 69.8% (280/401)
[2025-11-18 00:57:20][INFO][Rank 0] - val Epoch 11/24: 72.3% (290/401)
[2025-11-18 00:57:25][INFO][Rank 0] - val Epoch 11/24: 74.8% (300/401)
[2025-11-18 00:57:30][INFO][Rank 0] - val Epoch 11/24: 77.3% (310/401)
[2025-11-18 00:57:35][INFO][Rank 0] - val Epoch 11/24: 79.8% (320/401)
[2025-11-18 00:57:40][INFO][Rank 0] - val Epoch 11/24: 82.3% (330/401)
[2025-11-18 00:57:45][INFO][Rank 0] - val Epoch 11/24: 84.8% (340/401)
[2025-11-18 00:57:50][INFO][Rank 0] - val Epoch 11/24: 87.3% (350/401)
[2025-11-18 00:57:55][INFO][Rank 0] - val Epoch 11/24: 89.8% (360/401)
[2025-11-18 00:58:00][INFO][Rank 0] - val Epoch 11/24: 92.3% (370/401)
[2025-11-18 00:58:05][INFO][Rank 0] - val Epoch 11/24: 94.8% (380/401)
[2025-11-18 00:58:10][INFO][Rank 0] - val Epoch 11/24: 97.3% (390/401)
[2025-11-18 00:58:15][INFO][Rank 0] - val Epoch 11/24: 99.8% (400/401)
[2025-11-18 00:58:15][INFO][Rank 0] - val Loss: 0.1015 Acc: 0.9748 F1: 0.9870
[2025-11-18 00:58:15][INFO][Rank 0] - val Balanced Acc: 0.9003 AUC-ROC: 0.9835
[2025-11-18 00:58:15][INFO][Rank 0] - val Sensitivity: 0.9788 Specificity: 0.8218
[2025-11-18 00:58:15][INFO][Rank 0] - val Confusion Matrix: TP=3826, FP=18, FN=83, TN=83
[2025-11-18 00:58:15][INFO][Rank 0] - val completed in 199.53s
[2025-11-18 00:58:15][INFO][Rank 0] - val cache: 0/1 items, hit rate: 0.00%
[2025-11-18 00:58:19][INFO][Rank 0] - Saved new best auc model with auc: 0.9835 at /projects/retprogression/rgarridogarcia/checkpoints/cropped1024_cropped_centered_wt_allR_5/best_auc_model.pth
[2025-11-18 00:58:23][INFO][Rank 0] - Saved epoch checkpoint at /projects/retprogression/rgarridogarcia/checkpoints/cropped1024_cropped_centered_wt_allR_5/epoch_11.pth
[2025-11-18 00:58:23][INFO][Rank 0] - Epoch 11 summary:
[2025-11-18 00:58:23][INFO][Rank 0] -  Train Loss: 0.1682, Train Acc: 0.9723, Train F1: 0.9857
[2025-11-18 00:58:23][INFO][Rank 0] -  Train Balanced Acc: 0.8867, Train AUC: 0.9627
[2025-11-18 00:58:23][INFO][Rank 0] -  Train Sensitivity: 0.9770, Train Specificity: 0.7964
[2025-11-18 00:58:23][INFO][Rank 0] -  Val Loss: 0.1015, Val Acc: 0.9748, Val F1: 0.9870
[2025-11-18 00:58:23][INFO][Rank 0] -  Val Balanced Acc: 0.9003, Val AUC: 0.9835
[2025-11-18 00:58:23][INFO][Rank 0] -  Val Sensitivity: 0.9788, Val Specificity: 0.8218
[2025-11-18 00:58:23][INFO][Rank 0] -  Total Epoch Time: 1583.24s
[2025-11-18 00:58:23][INFO][Rank 0] - Epoch 12/24
[2025-11-18 00:58:23][INFO][Rank 0] - ----------
[2025-11-18 00:58:23][INFO][Rank 0] - CUDA Memory [train][Step 0]: Device 0: Allocated: 3309.6 MB, Reserved: 117540.0 MB (Δ: +1687.0 MB)
[2025-11-18 00:58:23][INFO][Rank 0] - train phase: total 1946 batches
[2025-11-18 00:58:24][INFO][Rank 0] - train Epoch 12/24: 0.0% (0/1946)
[2025-11-18 00:58:31][INFO][Rank 0] - train Epoch 12/24: 0.5% (10/1946)
[2025-11-18 00:58:38][INFO][Rank 0] - train Epoch 12/24: 1.0% (20/1946)
[2025-11-18 00:58:45][INFO][Rank 0] - train Epoch 12/24: 1.5% (30/1946)
[2025-11-18 00:58:52][INFO][Rank 0] - train Epoch 12/24: 2.1% (40/1946)
[2025-11-18 00:58:59][INFO][Rank 0] - train Epoch 12/24: 2.6% (50/1946)
[2025-11-18 00:59:06][INFO][Rank 0] - train Epoch 12/24: 3.1% (60/1946)
[2025-11-18 00:59:13][INFO][Rank 0] - train Epoch 12/24: 3.6% (70/1946)
[2025-11-18 00:59:20][INFO][Rank 0] - train Epoch 12/24: 4.1% (80/1946)
[2025-11-18 00:59:27][INFO][Rank 0] - train Epoch 12/24: 4.6% (90/1946)
[2025-11-18 00:59:28][INFO][Rank 0] - CUDA Memory [train][Step 90]: Device 0: Allocated: 3309.6 MB, Reserved: 117540.0 MB (Δ: +1687.0 MB)
[2025-11-18 00:59:34][INFO][Rank 0] - train Epoch 12/24: 5.1% (100/1946)
[2025-11-18 00:59:41][INFO][Rank 0] - train Epoch 12/24: 5.7% (110/1946)
[2025-11-18 00:59:48][INFO][Rank 0] - train Epoch 12/24: 6.2% (120/1946)
[2025-11-18 00:59:55][INFO][Rank 0] - train Epoch 12/24: 6.7% (130/1946)
[2025-11-18 01:00:02][INFO][Rank 0] - train Epoch 12/24: 7.2% (140/1946)
[2025-11-18 01:00:09][INFO][Rank 0] - train Epoch 12/24: 7.7% (150/1946)
[2025-11-18 01:00:17][INFO][Rank 0] - train Epoch 12/24: 8.2% (160/1946)
[2025-11-18 01:00:24][INFO][Rank 0] - train Epoch 12/24: 8.7% (170/1946)
[2025-11-18 01:00:31][INFO][Rank 0] - train Epoch 12/24: 9.2% (180/1946)
[2025-11-18 01:00:31][INFO][Rank 0] - CUDA Memory [train][Step 180]: Device 0: Allocated: 3309.6 MB, Reserved: 117540.0 MB (Δ: +1687.0 MB)
[2025-11-18 01:00:38][INFO][Rank 0] - train Epoch 12/24: 9.8% (190/1946)
[2025-11-18 01:00:45][INFO][Rank 0] - train Epoch 12/24: 10.3% (200/1946)
[2025-11-18 01:00:52][INFO][Rank 0] - train Epoch 12/24: 10.8% (210/1946)
[2025-11-18 01:00:59][INFO][Rank 0] - train Epoch 12/24: 11.3% (220/1946)
[2025-11-18 01:01:06][INFO][Rank 0] - train Epoch 12/24: 11.8% (230/1946)
[2025-11-18 01:01:13][INFO][Rank 0] - train Epoch 12/24: 12.3% (240/1946)
[2025-11-18 01:01:20][INFO][Rank 0] - train Epoch 12/24: 12.8% (250/1946)
[2025-11-18 01:01:27][INFO][Rank 0] - train Epoch 12/24: 13.4% (260/1946)
[2025-11-18 01:01:34][INFO][Rank 0] - train Epoch 12/24: 13.9% (270/1946)
[2025-11-18 01:01:35][INFO][Rank 0] - CUDA Memory [train][Step 270]: Device 0: Allocated: 3309.6 MB, Reserved: 117540.0 MB (Δ: +1687.0 MB)
[2025-11-18 01:01:41][INFO][Rank 0] - train Epoch 12/24: 14.4% (280/1946)
[2025-11-18 01:01:48][INFO][Rank 0] - train Epoch 12/24: 14.9% (290/1946)
[2025-11-18 01:01:55][INFO][Rank 0] - train Epoch 12/24: 15.4% (300/1946)
[2025-11-18 01:02:02][INFO][Rank 0] - train Epoch 12/24: 15.9% (310/1946)
[2025-11-18 01:02:09][INFO][Rank 0] - train Epoch 12/24: 16.4% (320/1946)
[2025-11-18 01:02:16][INFO][Rank 0] - train Epoch 12/24: 17.0% (330/1946)
[2025-11-18 01:02:24][INFO][Rank 0] - train Epoch 12/24: 17.5% (340/1946)
[2025-11-18 01:02:31][INFO][Rank 0] - train Epoch 12/24: 18.0% (350/1946)
[2025-11-18 01:02:38][INFO][Rank 0] - train Epoch 12/24: 18.5% (360/1946)
[2025-11-18 01:02:38][INFO][Rank 0] - CUDA Memory [train][Step 360]: Device 0: Allocated: 3309.6 MB, Reserved: 117540.0 MB (Δ: +1687.0 MB)
[2025-11-18 01:02:45][INFO][Rank 0] - train Epoch 12/24: 19.0% (370/1946)
[2025-11-18 01:02:52][INFO][Rank 0] - train Epoch 12/24: 19.5% (380/1946)
[2025-11-18 01:02:59][INFO][Rank 0] - train Epoch 12/24: 20.0% (390/1946)
[2025-11-18 01:03:06][INFO][Rank 0] - train Epoch 12/24: 20.6% (400/1946)
[2025-11-18 01:03:13][INFO][Rank 0] - train Epoch 12/24: 21.1% (410/1946)
[2025-11-18 01:03:20][INFO][Rank 0] - train Epoch 12/24: 21.6% (420/1946)
[2025-11-18 01:03:27][INFO][Rank 0] - train Epoch 12/24: 22.1% (430/1946)
[2025-11-18 01:03:34][INFO][Rank 0] - train Epoch 12/24: 22.6% (440/1946)
[2025-11-18 01:03:41][INFO][Rank 0] - train Epoch 12/24: 23.1% (450/1946)
[2025-11-18 01:03:42][INFO][Rank 0] - CUDA Memory [train][Step 450]: Device 0: Allocated: 3309.6 MB, Reserved: 117540.0 MB (Δ: +1687.0 MB)
[2025-11-18 01:03:48][INFO][Rank 0] - train Epoch 12/24: 23.6% (460/1946)
[2025-11-18 01:03:55][INFO][Rank 0] - train Epoch 12/24: 24.2% (470/1946)
[2025-11-18 01:04:02][INFO][Rank 0] - train Epoch 12/24: 24.7% (480/1946)
[2025-11-18 01:04:09][INFO][Rank 0] - train Epoch 12/24: 25.2% (490/1946)
[2025-11-18 01:04:16][INFO][Rank 0] - train Epoch 12/24: 25.7% (500/1946)
[2025-11-18 01:04:24][INFO][Rank 0] - train Epoch 12/24: 26.2% (510/1946)
[2025-11-18 01:04:31][INFO][Rank 0] - train Epoch 12/24: 26.7% (520/1946)
[2025-11-18 01:04:38][INFO][Rank 0] - train Epoch 12/24: 27.2% (530/1946)
[2025-11-18 01:04:45][INFO][Rank 0] - train Epoch 12/24: 27.7% (540/1946)
[2025-11-18 01:04:45][INFO][Rank 0] - CUDA Memory [train][Step 540]: Device 0: Allocated: 3309.6 MB, Reserved: 117540.0 MB (Δ: +1687.0 MB)
[2025-11-18 01:04:52][INFO][Rank 0] - train Epoch 12/24: 28.3% (550/1946)
[2025-11-18 01:04:59][INFO][Rank 0] - train Epoch 12/24: 28.8% (560/1946)
[2025-11-18 01:05:06][INFO][Rank 0] - train Epoch 12/24: 29.3% (570/1946)
[2025-11-18 01:05:13][INFO][Rank 0] - train Epoch 12/24: 29.8% (580/1946)
[2025-11-18 01:05:20][INFO][Rank 0] - train Epoch 12/24: 30.3% (590/1946)
[2025-11-18 01:05:27][INFO][Rank 0] - train Epoch 12/24: 30.8% (600/1946)
[2025-11-18 01:05:34][INFO][Rank 0] - train Epoch 12/24: 31.3% (610/1946)
[2025-11-18 01:05:41][INFO][Rank 0] - train Epoch 12/24: 31.9% (620/1946)
[2025-11-18 01:05:48][INFO][Rank 0] - train Epoch 12/24: 32.4% (630/1946)
[2025-11-18 01:05:49][INFO][Rank 0] - CUDA Memory [train][Step 630]: Device 0: Allocated: 3309.6 MB, Reserved: 117540.0 MB (Δ: +1687.0 MB)
[2025-11-18 01:05:55][INFO][Rank 0] - train Epoch 12/24: 32.9% (640/1946)
[2025-11-18 01:06:02][INFO][Rank 0] - train Epoch 12/24: 33.4% (650/1946)
[2025-11-18 01:06:09][INFO][Rank 0] - train Epoch 12/24: 33.9% (660/1946)
[2025-11-18 01:06:16][INFO][Rank 0] - train Epoch 12/24: 34.4% (670/1946)
[2025-11-18 01:06:24][INFO][Rank 0] - train Epoch 12/24: 34.9% (680/1946)
[2025-11-18 01:06:31][INFO][Rank 0] - train Epoch 12/24: 35.5% (690/1946)
[2025-11-18 01:06:38][INFO][Rank 0] - train Epoch 12/24: 36.0% (700/1946)
[2025-11-18 01:06:45][INFO][Rank 0] - train Epoch 12/24: 36.5% (710/1946)
[2025-11-18 01:06:52][INFO][Rank 0] - train Epoch 12/24: 37.0% (720/1946)
[2025-11-18 01:06:52][INFO][Rank 0] - CUDA Memory [train][Step 720]: Device 0: Allocated: 3309.6 MB, Reserved: 117540.0 MB (Δ: +1687.0 MB)
[2025-11-18 01:06:59][INFO][Rank 0] - train Epoch 12/24: 37.5% (730/1946)
[2025-11-18 01:07:06][INFO][Rank 0] - train Epoch 12/24: 38.0% (740/1946)
[2025-11-18 01:07:13][INFO][Rank 0] - train Epoch 12/24: 38.5% (750/1946)
[2025-11-18 01:07:20][INFO][Rank 0] - train Epoch 12/24: 39.1% (760/1946)
[2025-11-18 01:07:27][INFO][Rank 0] - train Epoch 12/24: 39.6% (770/1946)
[2025-11-18 01:07:34][INFO][Rank 0] - train Epoch 12/24: 40.1% (780/1946)
[2025-11-18 01:07:41][INFO][Rank 0] - train Epoch 12/24: 40.6% (790/1946)
[2025-11-18 01:07:48][INFO][Rank 0] - train Epoch 12/24: 41.1% (800/1946)
[2025-11-18 01:07:55][INFO][Rank 0] - train Epoch 12/24: 41.6% (810/1946)
[2025-11-18 01:07:56][INFO][Rank 0] - CUDA Memory [train][Step 810]: Device 0: Allocated: 3309.6 MB, Reserved: 117540.0 MB (Δ: +1687.0 MB)
[2025-11-18 01:08:02][INFO][Rank 0] - train Epoch 12/24: 42.1% (820/1946)
[2025-11-18 01:08:09][INFO][Rank 0] - train Epoch 12/24: 42.7% (830/1946)
[2025-11-18 01:08:16][INFO][Rank 0] - train Epoch 12/24: 43.2% (840/1946)
[2025-11-18 01:08:23][INFO][Rank 0] - train Epoch 12/24: 43.7% (850/1946)
[2025-11-18 01:08:31][INFO][Rank 0] - train Epoch 12/24: 44.2% (860/1946)
[2025-11-18 01:08:38][INFO][Rank 0] - train Epoch 12/24: 44.7% (870/1946)
[2025-11-18 01:08:45][INFO][Rank 0] - train Epoch 12/24: 45.2% (880/1946)
[2025-11-18 01:08:52][INFO][Rank 0] - train Epoch 12/24: 45.7% (890/1946)
[2025-11-18 01:08:59][INFO][Rank 0] - train Epoch 12/24: 46.2% (900/1946)
[2025-11-18 01:08:59][INFO][Rank 0] - CUDA Memory [train][Step 900]: Device 0: Allocated: 3309.6 MB, Reserved: 117540.0 MB (Δ: +1687.0 MB)
[2025-11-18 01:09:06][INFO][Rank 0] - train Epoch 12/24: 46.8% (910/1946)
[2025-11-18 01:09:13][INFO][Rank 0] - train Epoch 12/24: 47.3% (920/1946)
[2025-11-18 01:09:20][INFO][Rank 0] - train Epoch 12/24: 47.8% (930/1946)
[2025-11-18 01:09:27][INFO][Rank 0] - train Epoch 12/24: 48.3% (940/1946)
[2025-11-18 01:09:34][INFO][Rank 0] - train Epoch 12/24: 48.8% (950/1946)
[2025-11-18 01:09:41][INFO][Rank 0] - train Epoch 12/24: 49.3% (960/1946)
[2025-11-18 01:09:48][INFO][Rank 0] - train Epoch 12/24: 49.8% (970/1946)
[2025-11-18 01:09:55][INFO][Rank 0] - train Epoch 12/24: 50.4% (980/1946)
[2025-11-18 01:10:02][INFO][Rank 0] - train Epoch 12/24: 50.9% (990/1946)
[2025-11-18 01:10:03][INFO][Rank 0] - CUDA Memory [train][Step 990]: Device 0: Allocated: 3309.6 MB, Reserved: 117540.0 MB (Δ: +1687.0 MB)
[2025-11-18 01:10:09][INFO][Rank 0] - train Epoch 12/24: 51.4% (1000/1946)
[2025-11-18 01:10:16][INFO][Rank 0] - train Epoch 12/24: 51.9% (1010/1946)
[2025-11-18 01:10:23][INFO][Rank 0] - train Epoch 12/24: 52.4% (1020/1946)
[2025-11-18 01:10:31][INFO][Rank 0] - train Epoch 12/24: 52.9% (1030/1946)
[2025-11-18 01:10:38][INFO][Rank 0] - train Epoch 12/24: 53.4% (1040/1946)
[2025-11-18 01:10:45][INFO][Rank 0] - train Epoch 12/24: 54.0% (1050/1946)
[2025-11-18 01:10:52][INFO][Rank 0] - train Epoch 12/24: 54.5% (1060/1946)
[2025-11-18 01:10:59][INFO][Rank 0] - train Epoch 12/24: 55.0% (1070/1946)
[2025-11-18 01:11:06][INFO][Rank 0] - train Epoch 12/24: 55.5% (1080/1946)
[2025-11-18 01:11:07][INFO][Rank 0] - CUDA Memory [train][Step 1080]: Device 0: Allocated: 3309.6 MB, Reserved: 117540.0 MB (Δ: +1687.0 MB)
[2025-11-18 01:11:13][INFO][Rank 0] - train Epoch 12/24: 56.0% (1090/1946)
[2025-11-18 01:11:20][INFO][Rank 0] - train Epoch 12/24: 56.5% (1100/1946)
[2025-11-18 01:11:27][INFO][Rank 0] - train Epoch 12/24: 57.0% (1110/1946)
[2025-11-18 01:11:34][INFO][Rank 0] - train Epoch 12/24: 57.6% (1120/1946)
[2025-11-18 01:11:41][INFO][Rank 0] - train Epoch 12/24: 58.1% (1130/1946)
[2025-11-18 01:11:48][INFO][Rank 0] - train Epoch 12/24: 58.6% (1140/1946)
[2025-11-18 01:11:55][INFO][Rank 0] - train Epoch 12/24: 59.1% (1150/1946)
[2025-11-18 01:12:02][INFO][Rank 0] - train Epoch 12/24: 59.6% (1160/1946)
[2025-11-18 01:12:09][INFO][Rank 0] - train Epoch 12/24: 60.1% (1170/1946)
[2025-11-18 01:12:10][INFO][Rank 0] - CUDA Memory [train][Step 1170]: Device 0: Allocated: 3309.6 MB, Reserved: 117540.0 MB (Δ: +1687.0 MB)
[2025-11-18 01:12:16][INFO][Rank 0] - train Epoch 12/24: 60.6% (1180/1946)
[2025-11-18 01:12:23][INFO][Rank 0] - train Epoch 12/24: 61.2% (1190/1946)
[2025-11-18 01:12:31][INFO][Rank 0] - train Epoch 12/24: 61.7% (1200/1946)
[2025-11-18 01:12:38][INFO][Rank 0] - train Epoch 12/24: 62.2% (1210/1946)
[2025-11-18 01:12:45][INFO][Rank 0] - train Epoch 12/24: 62.7% (1220/1946)
[2025-11-18 01:12:52][INFO][Rank 0] - train Epoch 12/24: 63.2% (1230/1946)
[2025-11-18 01:12:59][INFO][Rank 0] - train Epoch 12/24: 63.7% (1240/1946)
[2025-11-18 01:13:06][INFO][Rank 0] - train Epoch 12/24: 64.2% (1250/1946)
[2025-11-18 01:13:13][INFO][Rank 0] - train Epoch 12/24: 64.7% (1260/1946)
[2025-11-18 01:13:14][INFO][Rank 0] - CUDA Memory [train][Step 1260]: Device 0: Allocated: 3309.6 MB, Reserved: 117540.0 MB (Δ: +1687.0 MB)
[2025-11-18 01:13:20][INFO][Rank 0] - train Epoch 12/24: 65.3% (1270/1946)
[2025-11-18 01:13:27][INFO][Rank 0] - train Epoch 12/24: 65.8% (1280/1946)
[2025-11-18 01:13:34][INFO][Rank 0] - train Epoch 12/24: 66.3% (1290/1946)
[2025-11-18 01:13:41][INFO][Rank 0] - train Epoch 12/24: 66.8% (1300/1946)
[2025-11-18 01:13:48][INFO][Rank 0] - train Epoch 12/24: 67.3% (1310/1946)
[2025-11-18 01:13:55][INFO][Rank 0] - train Epoch 12/24: 67.8% (1320/1946)
[2025-11-18 01:14:02][INFO][Rank 0] - train Epoch 12/24: 68.3% (1330/1946)
[2025-11-18 01:14:09][INFO][Rank 0] - train Epoch 12/24: 68.9% (1340/1946)
[2025-11-18 01:14:16][INFO][Rank 0] - train Epoch 12/24: 69.4% (1350/1946)
[2025-11-18 01:14:17][INFO][Rank 0] - CUDA Memory [train][Step 1350]: Device 0: Allocated: 3309.6 MB, Reserved: 117540.0 MB (Δ: +1687.0 MB)
[2025-11-18 01:14:23][INFO][Rank 0] - train Epoch 12/24: 69.9% (1360/1946)
[2025-11-18 01:14:30][INFO][Rank 0] - train Epoch 12/24: 70.4% (1370/1946)
[2025-11-18 01:14:38][INFO][Rank 0] - train Epoch 12/24: 70.9% (1380/1946)
[2025-11-18 01:14:45][INFO][Rank 0] - train Epoch 12/24: 71.4% (1390/1946)
[2025-11-18 01:14:52][INFO][Rank 0] - train Epoch 12/24: 71.9% (1400/1946)
[2025-11-18 01:14:59][INFO][Rank 0] - train Epoch 12/24: 72.5% (1410/1946)
[2025-11-18 01:15:06][INFO][Rank 0] - train Epoch 12/24: 73.0% (1420/1946)
[2025-11-18 01:15:13][INFO][Rank 0] - train Epoch 12/24: 73.5% (1430/1946)
[2025-11-18 01:15:20][INFO][Rank 0] - train Epoch 12/24: 74.0% (1440/1946)
[2025-11-18 01:15:21][INFO][Rank 0] - CUDA Memory [train][Step 1440]: Device 0: Allocated: 3309.6 MB, Reserved: 117540.0 MB (Δ: +1687.0 MB)
[2025-11-18 01:15:27][INFO][Rank 0] - train Epoch 12/24: 74.5% (1450/1946)
[2025-11-18 01:15:34][INFO][Rank 0] - train Epoch 12/24: 75.0% (1460/1946)
[2025-11-18 01:15:41][INFO][Rank 0] - train Epoch 12/24: 75.5% (1470/1946)
[2025-11-18 01:15:48][INFO][Rank 0] - train Epoch 12/24: 76.1% (1480/1946)
[2025-11-18 01:15:55][INFO][Rank 0] - train Epoch 12/24: 76.6% (1490/1946)
[2025-11-18 01:16:02][INFO][Rank 0] - train Epoch 12/24: 77.1% (1500/1946)
[2025-11-18 01:16:09][INFO][Rank 0] - train Epoch 12/24: 77.6% (1510/1946)
[2025-11-18 01:16:16][INFO][Rank 0] - train Epoch 12/24: 78.1% (1520/1946)
[2025-11-18 01:16:23][INFO][Rank 0] - train Epoch 12/24: 78.6% (1530/1946)
[2025-11-18 01:16:24][INFO][Rank 0] - CUDA Memory [train][Step 1530]: Device 0: Allocated: 3309.6 MB, Reserved: 117540.0 MB (Δ: +1687.0 MB)
[2025-11-18 01:16:30][INFO][Rank 0] - train Epoch 12/24: 79.1% (1540/1946)
[2025-11-18 01:16:38][INFO][Rank 0] - train Epoch 12/24: 79.7% (1550/1946)
[2025-11-18 01:16:45][INFO][Rank 0] - train Epoch 12/24: 80.2% (1560/1946)
[2025-11-18 01:16:52][INFO][Rank 0] - train Epoch 12/24: 80.7% (1570/1946)
[2025-11-18 01:16:59][INFO][Rank 0] - train Epoch 12/24: 81.2% (1580/1946)
[2025-11-18 01:17:06][INFO][Rank 0] - train Epoch 12/24: 81.7% (1590/1946)
[2025-11-18 01:17:13][INFO][Rank 0] - train Epoch 12/24: 82.2% (1600/1946)
[2025-11-18 01:17:20][INFO][Rank 0] - train Epoch 12/24: 82.7% (1610/1946)
[2025-11-18 01:17:27][INFO][Rank 0] - train Epoch 12/24: 83.2% (1620/1946)
[2025-11-18 01:17:28][INFO][Rank 0] - CUDA Memory [train][Step 1620]: Device 0: Allocated: 3309.6 MB, Reserved: 117540.0 MB (Δ: +1687.0 MB)
[2025-11-18 01:17:34][INFO][Rank 0] - train Epoch 12/24: 83.8% (1630/1946)
[2025-11-18 01:17:41][INFO][Rank 0] - train Epoch 12/24: 84.3% (1640/1946)
[2025-11-18 01:17:48][INFO][Rank 0] - train Epoch 12/24: 84.8% (1650/1946)
[2025-11-18 01:17:55][INFO][Rank 0] - train Epoch 12/24: 85.3% (1660/1946)
[2025-11-18 01:18:02][INFO][Rank 0] - train Epoch 12/24: 85.8% (1670/1946)
[2025-11-18 01:18:09][INFO][Rank 0] - train Epoch 12/24: 86.3% (1680/1946)
[2025-11-18 01:18:16][INFO][Rank 0] - train Epoch 12/24: 86.8% (1690/1946)
[2025-11-18 01:18:23][INFO][Rank 0] - train Epoch 12/24: 87.4% (1700/1946)
[2025-11-18 01:18:30][INFO][Rank 0] - train Epoch 12/24: 87.9% (1710/1946)
[2025-11-18 01:18:31][INFO][Rank 0] - CUDA Memory [train][Step 1710]: Device 0: Allocated: 3309.6 MB, Reserved: 117540.0 MB (Δ: +1687.0 MB)
[2025-11-18 01:18:37][INFO][Rank 0] - train Epoch 12/24: 88.4% (1720/1946)
[2025-11-18 01:18:45][INFO][Rank 0] - train Epoch 12/24: 88.9% (1730/1946)
[2025-11-18 01:18:52][INFO][Rank 0] - train Epoch 12/24: 89.4% (1740/1946)
[2025-11-18 01:18:59][INFO][Rank 0] - train Epoch 12/24: 89.9% (1750/1946)
[2025-11-18 01:19:06][INFO][Rank 0] - train Epoch 12/24: 90.4% (1760/1946)
[2025-11-18 01:19:13][INFO][Rank 0] - train Epoch 12/24: 91.0% (1770/1946)
[2025-11-18 01:19:20][INFO][Rank 0] - train Epoch 12/24: 91.5% (1780/1946)
[2025-11-18 01:19:27][INFO][Rank 0] - train Epoch 12/24: 92.0% (1790/1946)
[2025-11-18 01:19:34][INFO][Rank 0] - train Epoch 12/24: 92.5% (1800/1946)
[2025-11-18 01:19:35][INFO][Rank 0] - CUDA Memory [train][Step 1800]: Device 0: Allocated: 3309.6 MB, Reserved: 117540.0 MB (Δ: +1687.0 MB)
[2025-11-18 01:19:41][INFO][Rank 0] - train Epoch 12/24: 93.0% (1810/1946)
[2025-11-18 01:19:48][INFO][Rank 0] - train Epoch 12/24: 93.5% (1820/1946)
[2025-11-18 01:19:55][INFO][Rank 0] - train Epoch 12/24: 94.0% (1830/1946)
[2025-11-18 01:20:02][INFO][Rank 0] - train Epoch 12/24: 94.6% (1840/1946)
[2025-11-18 01:20:09][INFO][Rank 0] - train Epoch 12/24: 95.1% (1850/1946)
[2025-11-18 01:20:16][INFO][Rank 0] - train Epoch 12/24: 95.6% (1860/1946)
[2025-11-18 01:20:23][INFO][Rank 0] - train Epoch 12/24: 96.1% (1870/1946)
[2025-11-18 01:20:30][INFO][Rank 0] - train Epoch 12/24: 96.6% (1880/1946)
[2025-11-18 01:20:37][INFO][Rank 0] - train Epoch 12/24: 97.1% (1890/1946)
[2025-11-18 01:20:38][INFO][Rank 0] - CUDA Memory [train][Step 1890]: Device 0: Allocated: 3309.6 MB, Reserved: 117540.0 MB (Δ: +1687.0 MB)
[2025-11-18 01:20:45][INFO][Rank 0] - train Epoch 12/24: 97.6% (1900/1946)
[2025-11-18 01:20:52][INFO][Rank 0] - train Epoch 12/24: 98.2% (1910/1946)
[2025-11-18 01:20:59][INFO][Rank 0] - train Epoch 12/24: 98.7% (1920/1946)
[2025-11-18 01:21:06][INFO][Rank 0] - train Epoch 12/24: 99.2% (1930/1946)
[2025-11-18 01:21:13][INFO][Rank 0] - train Epoch 12/24: 99.7% (1940/1946)
[2025-11-18 01:21:16][INFO][Rank 0] - train Epoch 12/24: 99.9% (1945/1946)
[2025-11-18 01:21:17][INFO][Rank 0] - train Loss: 0.1657 Acc: 0.9731 F1: 0.9861
[2025-11-18 01:21:17][INFO][Rank 0] - train Balanced Acc: 0.8871 AUC-ROC: 0.9652
[2025-11-18 01:21:17][INFO][Rank 0] - train Sensitivity: 0.9778 Specificity: 0.7964
[2025-11-18 01:21:17][INFO][Rank 0] - train Confusion Matrix: TP=18533, FP=103, FN=421, TN=403
[2025-11-18 01:21:17][INFO][Rank 0] - train completed in 1373.67s
[2025-11-18 01:21:17][INFO][Rank 0] - Data loading time: 0.86s, Forward time: 279.46s, Backward time: 744.40s
[2025-11-18 01:21:17][INFO][Rank 0] - train cache: 0/1 items, hit rate: 0.00%
[2025-11-18 01:21:17][INFO][Rank 0] - CUDA Memory [val][Step 0]: Device 0: Allocated: 3309.6 MB, Reserved: 117540.0 MB (Δ: +1687.0 MB)
[2025-11-18 01:21:17][INFO][Rank 0] - val phase: total 401 batches
[2025-11-18 01:21:17][INFO][Rank 0] - val Epoch 12/24: 0.0% (0/401)
[2025-11-18 01:21:22][INFO][Rank 0] - val Epoch 12/24: 2.5% (10/401)
[2025-11-18 01:21:27][INFO][Rank 0] - val Epoch 12/24: 5.0% (20/401)
[2025-11-18 01:21:32][INFO][Rank 0] - val Epoch 12/24: 7.5% (30/401)
[2025-11-18 01:21:37][INFO][Rank 0] - val Epoch 12/24: 10.0% (40/401)
[2025-11-18 01:21:42][INFO][Rank 0] - val Epoch 12/24: 12.5% (50/401)
[2025-11-18 01:21:47][INFO][Rank 0] - val Epoch 12/24: 15.0% (60/401)
[2025-11-18 01:21:52][INFO][Rank 0] - val Epoch 12/24: 17.5% (70/401)
[2025-11-18 01:21:57][INFO][Rank 0] - val Epoch 12/24: 20.0% (80/401)
[2025-11-18 01:22:02][INFO][Rank 0] - val Epoch 12/24: 22.4% (90/401)
[2025-11-18 01:22:07][INFO][Rank 0] - val Epoch 12/24: 24.9% (100/401)
[2025-11-18 01:22:12][INFO][Rank 0] - val Epoch 12/24: 27.4% (110/401)
[2025-11-18 01:22:17][INFO][Rank 0] - val Epoch 12/24: 29.9% (120/401)
[2025-11-18 01:22:18][INFO][Rank 0] - CUDA Memory [val][Step 120]: Device 0: Allocated: 3309.6 MB, Reserved: 117540.0 MB (Δ: +1687.0 MB)
[2025-11-18 01:22:22][INFO][Rank 0] - val Epoch 12/24: 32.4% (130/401)
[2025-11-18 01:22:27][INFO][Rank 0] - val Epoch 12/24: 34.9% (140/401)
[2025-11-18 01:22:32][INFO][Rank 0] - val Epoch 12/24: 37.4% (150/401)
[2025-11-18 01:22:37][INFO][Rank 0] - val Epoch 12/24: 39.9% (160/401)
[2025-11-18 01:22:42][INFO][Rank 0] - val Epoch 12/24: 42.4% (170/401)
[2025-11-18 01:22:47][INFO][Rank 0] - val Epoch 12/24: 44.9% (180/401)
[2025-11-18 01:22:52][INFO][Rank 0] - val Epoch 12/24: 47.4% (190/401)
[2025-11-18 01:22:57][INFO][Rank 0] - val Epoch 12/24: 49.9% (200/401)
[2025-11-18 01:23:02][INFO][Rank 0] - val Epoch 12/24: 52.4% (210/401)
[2025-11-18 01:23:07][INFO][Rank 0] - val Epoch 12/24: 54.9% (220/401)
[2025-11-18 01:23:12][INFO][Rank 0] - val Epoch 12/24: 57.4% (230/401)
[2025-11-18 01:23:17][INFO][Rank 0] - val Epoch 12/24: 59.9% (240/401)
[2025-11-18 01:23:22][INFO][Rank 0] - val Epoch 12/24: 62.3% (250/401)
[2025-11-18 01:23:27][INFO][Rank 0] - val Epoch 12/24: 64.8% (260/401)
[2025-11-18 01:23:32][INFO][Rank 0] - val Epoch 12/24: 67.3% (270/401)
[2025-11-18 01:23:33][INFO][Rank 0] - CUDA Memory [val][Step 270]: Device 0: Allocated: 3309.6 MB, Reserved: 117540.0 MB (Δ: +1687.0 MB)
[2025-11-18 01:23:37][INFO][Rank 0] - val Epoch 12/24: 69.8% (280/401)
[2025-11-18 01:23:42][INFO][Rank 0] - val Epoch 12/24: 72.3% (290/401)
[2025-11-18 01:23:47][INFO][Rank 0] - val Epoch 12/24: 74.8% (300/401)
[2025-11-18 01:23:52][INFO][Rank 0] - val Epoch 12/24: 77.3% (310/401)
[2025-11-18 01:23:57][INFO][Rank 0] - val Epoch 12/24: 79.8% (320/401)
[2025-11-18 01:24:02][INFO][Rank 0] - val Epoch 12/24: 82.3% (330/401)
[2025-11-18 01:24:07][INFO][Rank 0] - val Epoch 12/24: 84.8% (340/401)
[2025-11-18 01:24:12][INFO][Rank 0] - val Epoch 12/24: 87.3% (350/401)
[2025-11-18 01:24:17][INFO][Rank 0] - val Epoch 12/24: 89.8% (360/401)
[2025-11-18 01:24:22][INFO][Rank 0] - val Epoch 12/24: 92.3% (370/401)
[2025-11-18 01:24:27][INFO][Rank 0] - val Epoch 12/24: 94.8% (380/401)
[2025-11-18 01:24:32][INFO][Rank 0] - val Epoch 12/24: 97.3% (390/401)
[2025-11-18 01:24:37][INFO][Rank 0] - val Epoch 12/24: 99.8% (400/401)
[2025-11-18 01:24:37][INFO][Rank 0] - val Loss: 0.1000 Acc: 0.9751 F1: 0.9871
[2025-11-18 01:24:37][INFO][Rank 0] - val Balanced Acc: 0.9004 AUC-ROC: 0.9840
[2025-11-18 01:24:37][INFO][Rank 0] - val Sensitivity: 0.9790 Specificity: 0.8218
[2025-11-18 01:24:37][INFO][Rank 0] - val Confusion Matrix: TP=3827, FP=18, FN=82, TN=83
[2025-11-18 01:24:37][INFO][Rank 0] - val completed in 200.39s
[2025-11-18 01:24:37][INFO][Rank 0] - val cache: 0/1 items, hit rate: 0.00%
[2025-11-18 01:24:41][INFO][Rank 0] - Saved new best auc model with auc: 0.9840 at /projects/retprogression/rgarridogarcia/checkpoints/cropped1024_cropped_centered_wt_allR_5/best_auc_model.pth
[2025-11-18 01:24:45][INFO][Rank 0] - Saved epoch checkpoint at /projects/retprogression/rgarridogarcia/checkpoints/cropped1024_cropped_centered_wt_allR_5/epoch_12.pth
[2025-11-18 01:24:45][INFO][Rank 0] - Epoch 12 summary:
[2025-11-18 01:24:45][INFO][Rank 0] -  Train Loss: 0.1657, Train Acc: 0.9731, Train F1: 0.9861
[2025-11-18 01:24:45][INFO][Rank 0] -  Train Balanced Acc: 0.8871, Train AUC: 0.9652
[2025-11-18 01:24:45][INFO][Rank 0] -  Train Sensitivity: 0.9778, Train Specificity: 0.7964
[2025-11-18 01:24:45][INFO][Rank 0] -  Val Loss: 0.1000, Val Acc: 0.9751, Val F1: 0.9871
[2025-11-18 01:24:45][INFO][Rank 0] -  Val Balanced Acc: 0.9004, Val AUC: 0.9840
[2025-11-18 01:24:45][INFO][Rank 0] -  Val Sensitivity: 0.9790, Val Specificity: 0.8218
[2025-11-18 01:24:45][INFO][Rank 0] -  Total Epoch Time: 1581.80s
[2025-11-18 01:24:45][INFO][Rank 0] - Epoch 13/24
[2025-11-18 01:24:45][INFO][Rank 0] - ----------
[2025-11-18 01:24:45][INFO][Rank 0] - CUDA Memory [train][Step 0]: Device 0: Allocated: 3309.6 MB, Reserved: 117540.0 MB (Δ: +1687.0 MB)
[2025-11-18 01:24:45][INFO][Rank 0] - train phase: total 1946 batches
[2025-11-18 01:24:46][INFO][Rank 0] - train Epoch 13/24: 0.0% (0/1946)
[2025-11-18 01:24:53][INFO][Rank 0] - train Epoch 13/24: 0.5% (10/1946)
[2025-11-18 01:25:00][INFO][Rank 0] - train Epoch 13/24: 1.0% (20/1946)
[2025-11-18 01:25:07][INFO][Rank 0] - train Epoch 13/24: 1.5% (30/1946)
[2025-11-18 01:25:14][INFO][Rank 0] - train Epoch 13/24: 2.1% (40/1946)
[2025-11-18 01:25:21][INFO][Rank 0] - train Epoch 13/24: 2.6% (50/1946)
[2025-11-18 01:25:28][INFO][Rank 0] - train Epoch 13/24: 3.1% (60/1946)
[2025-11-18 01:25:35][INFO][Rank 0] - train Epoch 13/24: 3.6% (70/1946)
[2025-11-18 01:25:42][INFO][Rank 0] - train Epoch 13/24: 4.1% (80/1946)
[2025-11-18 01:25:49][INFO][Rank 0] - train Epoch 13/24: 4.6% (90/1946)
[2025-11-18 01:25:50][INFO][Rank 0] - CUDA Memory [train][Step 90]: Device 0: Allocated: 3309.6 MB, Reserved: 117540.0 MB (Δ: +1687.0 MB)
[2025-11-18 01:25:56][INFO][Rank 0] - train Epoch 13/24: 5.1% (100/1946)
[2025-11-18 01:26:03][INFO][Rank 0] - train Epoch 13/24: 5.7% (110/1946)
[2025-11-18 01:26:10][INFO][Rank 0] - train Epoch 13/24: 6.2% (120/1946)
[2025-11-18 01:26:17][INFO][Rank 0] - train Epoch 13/24: 6.7% (130/1946)
[2025-11-18 01:26:24][INFO][Rank 0] - train Epoch 13/24: 7.2% (140/1946)
[2025-11-18 01:26:31][INFO][Rank 0] - train Epoch 13/24: 7.7% (150/1946)
[2025-11-18 01:26:39][INFO][Rank 0] - train Epoch 13/24: 8.2% (160/1946)
[2025-11-18 01:26:46][INFO][Rank 0] - train Epoch 13/24: 8.7% (170/1946)
[2025-11-18 01:26:53][INFO][Rank 0] - train Epoch 13/24: 9.2% (180/1946)
[2025-11-18 01:26:53][INFO][Rank 0] - CUDA Memory [train][Step 180]: Device 0: Allocated: 3309.6 MB, Reserved: 117540.0 MB (Δ: +1687.0 MB)
[2025-11-18 01:27:00][INFO][Rank 0] - train Epoch 13/24: 9.8% (190/1946)
[2025-11-18 01:27:07][INFO][Rank 0] - train Epoch 13/24: 10.3% (200/1946)
[2025-11-18 01:27:14][INFO][Rank 0] - train Epoch 13/24: 10.8% (210/1946)
[2025-11-18 01:27:21][INFO][Rank 0] - train Epoch 13/24: 11.3% (220/1946)
[2025-11-18 01:27:28][INFO][Rank 0] - train Epoch 13/24: 11.8% (230/1946)
[2025-11-18 01:27:35][INFO][Rank 0] - train Epoch 13/24: 12.3% (240/1946)
[2025-11-18 01:27:42][INFO][Rank 0] - train Epoch 13/24: 12.8% (250/1946)
[2025-11-18 01:27:49][INFO][Rank 0] - train Epoch 13/24: 13.4% (260/1946)
[2025-11-18 01:27:56][INFO][Rank 0] - train Epoch 13/24: 13.9% (270/1946)
[2025-11-18 01:27:57][INFO][Rank 0] - CUDA Memory [train][Step 270]: Device 0: Allocated: 3309.6 MB, Reserved: 117540.0 MB (Δ: +1687.0 MB)
[2025-11-18 01:28:03][INFO][Rank 0] - train Epoch 13/24: 14.4% (280/1946)
[2025-11-18 01:28:10][INFO][Rank 0] - train Epoch 13/24: 14.9% (290/1946)
[2025-11-18 01:28:17][INFO][Rank 0] - train Epoch 13/24: 15.4% (300/1946)
[2025-11-18 01:28:24][INFO][Rank 0] - train Epoch 13/24: 15.9% (310/1946)
[2025-11-18 01:28:31][INFO][Rank 0] - train Epoch 13/24: 16.4% (320/1946)
[2025-11-18 01:28:39][INFO][Rank 0] - train Epoch 13/24: 17.0% (330/1946)
[2025-11-18 01:28:46][INFO][Rank 0] - train Epoch 13/24: 17.5% (340/1946)
[2025-11-18 01:28:53][INFO][Rank 0] - train Epoch 13/24: 18.0% (350/1946)
[2025-11-18 01:29:00][INFO][Rank 0] - train Epoch 13/24: 18.5% (360/1946)
[2025-11-18 01:29:00][INFO][Rank 0] - CUDA Memory [train][Step 360]: Device 0: Allocated: 3309.6 MB, Reserved: 117540.0 MB (Δ: +1687.0 MB)
[2025-11-18 01:29:07][INFO][Rank 0] - train Epoch 13/24: 19.0% (370/1946)
[2025-11-18 01:29:14][INFO][Rank 0] - train Epoch 13/24: 19.5% (380/1946)
[2025-11-18 01:29:21][INFO][Rank 0] - train Epoch 13/24: 20.0% (390/1946)
[2025-11-18 01:29:28][INFO][Rank 0] - train Epoch 13/24: 20.6% (400/1946)
[2025-11-18 01:29:35][INFO][Rank 0] - train Epoch 13/24: 21.1% (410/1946)
[2025-11-18 01:29:42][INFO][Rank 0] - train Epoch 13/24: 21.6% (420/1946)
[2025-11-18 01:29:49][INFO][Rank 0] - train Epoch 13/24: 22.1% (430/1946)
[2025-11-18 01:29:56][INFO][Rank 0] - train Epoch 13/24: 22.6% (440/1946)
[2025-11-18 01:30:03][INFO][Rank 0] - train Epoch 13/24: 23.1% (450/1946)
[2025-11-18 01:30:04][INFO][Rank 0] - CUDA Memory [train][Step 450]: Device 0: Allocated: 3309.6 MB, Reserved: 117540.0 MB (Δ: +1687.0 MB)
[2025-11-18 01:30:10][INFO][Rank 0] - train Epoch 13/24: 23.6% (460/1946)
[2025-11-18 01:30:17][INFO][Rank 0] - train Epoch 13/24: 24.2% (470/1946)
[2025-11-18 01:30:24][INFO][Rank 0] - train Epoch 13/24: 24.7% (480/1946)
[2025-11-18 01:30:31][INFO][Rank 0] - train Epoch 13/24: 25.2% (490/1946)
[2025-11-18 01:30:38][INFO][Rank 0] - train Epoch 13/24: 25.7% (500/1946)
[2025-11-18 01:30:46][INFO][Rank 0] - train Epoch 13/24: 26.2% (510/1946)
[2025-11-18 01:30:53][INFO][Rank 0] - train Epoch 13/24: 26.7% (520/1946)
[2025-11-18 01:31:00][INFO][Rank 0] - train Epoch 13/24: 27.2% (530/1946)
[2025-11-18 01:31:07][INFO][Rank 0] - train Epoch 13/24: 27.7% (540/1946)
[2025-11-18 01:31:07][INFO][Rank 0] - CUDA Memory [train][Step 540]: Device 0: Allocated: 3309.6 MB, Reserved: 117540.0 MB (Δ: +1687.0 MB)
[2025-11-18 01:31:14][INFO][Rank 0] - train Epoch 13/24: 28.3% (550/1946)
[2025-11-18 01:31:21][INFO][Rank 0] - train Epoch 13/24: 28.8% (560/1946)
[2025-11-18 01:31:28][INFO][Rank 0] - train Epoch 13/24: 29.3% (570/1946)
[2025-11-18 01:31:35][INFO][Rank 0] - train Epoch 13/24: 29.8% (580/1946)
[2025-11-18 01:31:42][INFO][Rank 0] - train Epoch 13/24: 30.3% (590/1946)
[2025-11-18 01:31:49][INFO][Rank 0] - train Epoch 13/24: 30.8% (600/1946)
[2025-11-18 01:31:56][INFO][Rank 0] - train Epoch 13/24: 31.3% (610/1946)
[2025-11-18 01:32:03][INFO][Rank 0] - train Epoch 13/24: 31.9% (620/1946)
[2025-11-18 01:32:10][INFO][Rank 0] - train Epoch 13/24: 32.4% (630/1946)
[2025-11-18 01:32:11][INFO][Rank 0] - CUDA Memory [train][Step 630]: Device 0: Allocated: 3309.6 MB, Reserved: 117540.0 MB (Δ: +1687.0 MB)
[2025-11-18 01:32:17][INFO][Rank 0] - train Epoch 13/24: 32.9% (640/1946)
[2025-11-18 01:32:24][INFO][Rank 0] - train Epoch 13/24: 33.4% (650/1946)
[2025-11-18 01:32:31][INFO][Rank 0] - train Epoch 13/24: 33.9% (660/1946)
[2025-11-18 01:32:38][INFO][Rank 0] - train Epoch 13/24: 34.4% (670/1946)
[2025-11-18 01:32:46][INFO][Rank 0] - train Epoch 13/24: 34.9% (680/1946)
[2025-11-18 01:32:53][INFO][Rank 0] - train Epoch 13/24: 35.5% (690/1946)
[2025-11-18 01:33:00][INFO][Rank 0] - train Epoch 13/24: 36.0% (700/1946)
[2025-11-18 01:33:07][INFO][Rank 0] - train Epoch 13/24: 36.5% (710/1946)
[2025-11-18 01:33:14][INFO][Rank 0] - train Epoch 13/24: 37.0% (720/1946)
[2025-11-18 01:33:14][INFO][Rank 0] - CUDA Memory [train][Step 720]: Device 0: Allocated: 3309.6 MB, Reserved: 117540.0 MB (Δ: +1687.0 MB)
[2025-11-18 01:33:21][INFO][Rank 0] - train Epoch 13/24: 37.5% (730/1946)
[2025-11-18 01:33:28][INFO][Rank 0] - train Epoch 13/24: 38.0% (740/1946)
[2025-11-18 01:33:35][INFO][Rank 0] - train Epoch 13/24: 38.5% (750/1946)
[2025-11-18 01:33:42][INFO][Rank 0] - train Epoch 13/24: 39.1% (760/1946)
[2025-11-18 01:33:49][INFO][Rank 0] - train Epoch 13/24: 39.6% (770/1946)
[2025-11-18 01:33:56][INFO][Rank 0] - train Epoch 13/24: 40.1% (780/1946)
[2025-11-18 01:34:03][INFO][Rank 0] - train Epoch 13/24: 40.6% (790/1946)
[2025-11-18 01:34:10][INFO][Rank 0] - train Epoch 13/24: 41.1% (800/1946)
[2025-11-18 01:34:17][INFO][Rank 0] - train Epoch 13/24: 41.6% (810/1946)
[2025-11-18 01:34:18][INFO][Rank 0] - CUDA Memory [train][Step 810]: Device 0: Allocated: 3309.6 MB, Reserved: 117540.0 MB (Δ: +1687.0 MB)
[2025-11-18 01:34:24][INFO][Rank 0] - train Epoch 13/24: 42.1% (820/1946)
[2025-11-18 01:34:31][INFO][Rank 0] - train Epoch 13/24: 42.7% (830/1946)
[2025-11-18 01:34:38][INFO][Rank 0] - train Epoch 13/24: 43.2% (840/1946)
[2025-11-18 01:34:46][INFO][Rank 0] - train Epoch 13/24: 43.7% (850/1946)
[2025-11-18 01:34:53][INFO][Rank 0] - train Epoch 13/24: 44.2% (860/1946)
[2025-11-18 01:35:00][INFO][Rank 0] - train Epoch 13/24: 44.7% (870/1946)
[2025-11-18 01:35:07][INFO][Rank 0] - train Epoch 13/24: 45.2% (880/1946)
[2025-11-18 01:35:14][INFO][Rank 0] - train Epoch 13/24: 45.7% (890/1946)
[2025-11-18 01:35:21][INFO][Rank 0] - train Epoch 13/24: 46.2% (900/1946)
[2025-11-18 01:35:22][INFO][Rank 0] - CUDA Memory [train][Step 900]: Device 0: Allocated: 3309.6 MB, Reserved: 117540.0 MB (Δ: +1687.0 MB)
[2025-11-18 01:35:28][INFO][Rank 0] - train Epoch 13/24: 46.8% (910/1946)
[2025-11-18 01:35:35][INFO][Rank 0] - train Epoch 13/24: 47.3% (920/1946)
[2025-11-18 01:35:42][INFO][Rank 0] - train Epoch 13/24: 47.8% (930/1946)
[2025-11-18 01:35:49][INFO][Rank 0] - train Epoch 13/24: 48.3% (940/1946)
[2025-11-18 01:35:56][INFO][Rank 0] - train Epoch 13/24: 48.8% (950/1946)
[2025-11-18 01:36:03][INFO][Rank 0] - train Epoch 13/24: 49.3% (960/1946)
[2025-11-18 01:36:10][INFO][Rank 0] - train Epoch 13/24: 49.8% (970/1946)
[2025-11-18 01:36:17][INFO][Rank 0] - train Epoch 13/24: 50.4% (980/1946)
[2025-11-18 01:36:24][INFO][Rank 0] - train Epoch 13/24: 50.9% (990/1946)
[2025-11-18 01:36:25][INFO][Rank 0] - CUDA Memory [train][Step 990]: Device 0: Allocated: 3309.6 MB, Reserved: 117540.0 MB (Δ: +1687.0 MB)
[2025-11-18 01:36:31][INFO][Rank 0] - train Epoch 13/24: 51.4% (1000/1946)
[2025-11-18 01:36:38][INFO][Rank 0] - train Epoch 13/24: 51.9% (1010/1946)
[2025-11-18 01:36:45][INFO][Rank 0] - train Epoch 13/24: 52.4% (1020/1946)
[2025-11-18 01:36:53][INFO][Rank 0] - train Epoch 13/24: 52.9% (1030/1946)
[2025-11-18 01:37:00][INFO][Rank 0] - train Epoch 13/24: 53.4% (1040/1946)
[2025-11-18 01:37:07][INFO][Rank 0] - train Epoch 13/24: 54.0% (1050/1946)
[2025-11-18 01:37:14][INFO][Rank 0] - train Epoch 13/24: 54.5% (1060/1946)
[2025-11-18 01:37:21][INFO][Rank 0] - train Epoch 13/24: 55.0% (1070/1946)
[2025-11-18 01:37:28][INFO][Rank 0] - train Epoch 13/24: 55.5% (1080/1946)
[2025-11-18 01:37:29][INFO][Rank 0] - CUDA Memory [train][Step 1080]: Device 0: Allocated: 3309.6 MB, Reserved: 117540.0 MB (Δ: +1687.0 MB)
[2025-11-18 01:37:35][INFO][Rank 0] - train Epoch 13/24: 56.0% (1090/1946)
[2025-11-18 01:37:42][INFO][Rank 0] - train Epoch 13/24: 56.5% (1100/1946)
[2025-11-18 01:37:49][INFO][Rank 0] - train Epoch 13/24: 57.0% (1110/1946)
[2025-11-18 01:37:56][INFO][Rank 0] - train Epoch 13/24: 57.6% (1120/1946)
[2025-11-18 01:38:03][INFO][Rank 0] - train Epoch 13/24: 58.1% (1130/1946)
[2025-11-18 01:38:10][INFO][Rank 0] - train Epoch 13/24: 58.6% (1140/1946)
[2025-11-18 01:38:17][INFO][Rank 0] - train Epoch 13/24: 59.1% (1150/1946)
[2025-11-18 01:38:24][INFO][Rank 0] - train Epoch 13/24: 59.6% (1160/1946)
[2025-11-18 01:38:31][INFO][Rank 0] - train Epoch 13/24: 60.1% (1170/1946)
[2025-11-18 01:38:32][INFO][Rank 0] - CUDA Memory [train][Step 1170]: Device 0: Allocated: 3309.6 MB, Reserved: 117540.0 MB (Δ: +1687.0 MB)
[2025-11-18 01:38:38][INFO][Rank 0] - train Epoch 13/24: 60.6% (1180/1946)
[2025-11-18 01:38:45][INFO][Rank 0] - train Epoch 13/24: 61.2% (1190/1946)
[2025-11-18 01:38:53][INFO][Rank 0] - train Epoch 13/24: 61.7% (1200/1946)
[2025-11-18 01:39:00][INFO][Rank 0] - train Epoch 13/24: 62.2% (1210/1946)
[2025-11-18 01:39:07][INFO][Rank 0] - train Epoch 13/24: 62.7% (1220/1946)
[2025-11-18 01:39:14][INFO][Rank 0] - train Epoch 13/24: 63.2% (1230/1946)
[2025-11-18 01:39:21][INFO][Rank 0] - train Epoch 13/24: 63.7% (1240/1946)
[2025-11-18 01:39:28][INFO][Rank 0] - train Epoch 13/24: 64.2% (1250/1946)
[2025-11-18 01:39:35][INFO][Rank 0] - train Epoch 13/24: 64.7% (1260/1946)
[2025-11-18 01:39:36][INFO][Rank 0] - CUDA Memory [train][Step 1260]: Device 0: Allocated: 3309.6 MB, Reserved: 117540.0 MB (Δ: +1687.0 MB)
[2025-11-18 01:39:42][INFO][Rank 0] - train Epoch 13/24: 65.3% (1270/1946)
[2025-11-18 01:39:49][INFO][Rank 0] - train Epoch 13/24: 65.8% (1280/1946)
[2025-11-18 01:39:56][INFO][Rank 0] - train Epoch 13/24: 66.3% (1290/1946)
[2025-11-18 01:40:03][INFO][Rank 0] - train Epoch 13/24: 66.8% (1300/1946)
[2025-11-18 01:40:10][INFO][Rank 0] - train Epoch 13/24: 67.3% (1310/1946)
[2025-11-18 01:40:17][INFO][Rank 0] - train Epoch 13/24: 67.8% (1320/1946)
[2025-11-18 01:40:24][INFO][Rank 0] - train Epoch 13/24: 68.3% (1330/1946)
[2025-11-18 01:40:31][INFO][Rank 0] - train Epoch 13/24: 68.9% (1340/1946)
[2025-11-18 01:40:38][INFO][Rank 0] - train Epoch 13/24: 69.4% (1350/1946)
[2025-11-18 01:40:39][INFO][Rank 0] - CUDA Memory [train][Step 1350]: Device 0: Allocated: 3309.6 MB, Reserved: 117540.0 MB (Δ: +1687.0 MB)
[2025-11-18 01:40:45][INFO][Rank 0] - train Epoch 13/24: 69.9% (1360/1946)
[2025-11-18 01:40:53][INFO][Rank 0] - train Epoch 13/24: 70.4% (1370/1946)
[2025-11-18 01:41:00][INFO][Rank 0] - train Epoch 13/24: 70.9% (1380/1946)
[2025-11-18 01:41:07][INFO][Rank 0] - train Epoch 13/24: 71.4% (1390/1946)
[2025-11-18 01:41:14][INFO][Rank 0] - train Epoch 13/24: 71.9% (1400/1946)
[2025-11-18 01:41:21][INFO][Rank 0] - train Epoch 13/24: 72.5% (1410/1946)
[2025-11-18 01:41:28][INFO][Rank 0] - train Epoch 13/24: 73.0% (1420/1946)
[2025-11-18 01:41:35][INFO][Rank 0] - train Epoch 13/24: 73.5% (1430/1946)
[2025-11-18 01:41:42][INFO][Rank 0] - train Epoch 13/24: 74.0% (1440/1946)
[2025-11-18 01:41:43][INFO][Rank 0] - CUDA Memory [train][Step 1440]: Device 0: Allocated: 3309.6 MB, Reserved: 117540.0 MB (Δ: +1687.0 MB)
[2025-11-18 01:41:49][INFO][Rank 0] - train Epoch 13/24: 74.5% (1450/1946)
[2025-11-18 01:41:56][INFO][Rank 0] - train Epoch 13/24: 75.0% (1460/1946)
[2025-11-18 01:42:03][INFO][Rank 0] - train Epoch 13/24: 75.5% (1470/1946)
[2025-11-18 01:42:10][INFO][Rank 0] - train Epoch 13/24: 76.1% (1480/1946)
[2025-11-18 01:42:17][INFO][Rank 0] - train Epoch 13/24: 76.6% (1490/1946)
[2025-11-18 01:42:24][INFO][Rank 0] - train Epoch 13/24: 77.1% (1500/1946)
[2025-11-18 01:42:31][INFO][Rank 0] - train Epoch 13/24: 77.6% (1510/1946)
[2025-11-18 01:42:38][INFO][Rank 0] - train Epoch 13/24: 78.1% (1520/1946)
[2025-11-18 01:42:45][INFO][Rank 0] - train Epoch 13/24: 78.6% (1530/1946)
[2025-11-18 01:42:46][INFO][Rank 0] - CUDA Memory [train][Step 1530]: Device 0: Allocated: 3309.6 MB, Reserved: 117540.0 MB (Δ: +1687.0 MB)
[2025-11-18 01:42:52][INFO][Rank 0] - train Epoch 13/24: 79.1% (1540/1946)
[2025-11-18 01:43:00][INFO][Rank 0] - train Epoch 13/24: 79.7% (1550/1946)
[2025-11-18 01:43:07][INFO][Rank 0] - train Epoch 13/24: 80.2% (1560/1946)
[2025-11-18 01:43:14][INFO][Rank 0] - train Epoch 13/24: 80.7% (1570/1946)
[2025-11-18 01:43:21][INFO][Rank 0] - train Epoch 13/24: 81.2% (1580/1946)
[2025-11-18 01:43:28][INFO][Rank 0] - train Epoch 13/24: 81.7% (1590/1946)
[2025-11-18 01:43:35][INFO][Rank 0] - train Epoch 13/24: 82.2% (1600/1946)
[2025-11-18 01:43:42][INFO][Rank 0] - train Epoch 13/24: 82.7% (1610/1946)
[2025-11-18 01:43:49][INFO][Rank 0] - train Epoch 13/24: 83.2% (1620/1946)
[2025-11-18 01:43:50][INFO][Rank 0] - CUDA Memory [train][Step 1620]: Device 0: Allocated: 3309.6 MB, Reserved: 117540.0 MB (Δ: +1687.0 MB)
[2025-11-18 01:43:56][INFO][Rank 0] - train Epoch 13/24: 83.8% (1630/1946)
[2025-11-18 01:44:03][INFO][Rank 0] - train Epoch 13/24: 84.3% (1640/1946)
[2025-11-18 01:44:10][INFO][Rank 0] - train Epoch 13/24: 84.8% (1650/1946)
[2025-11-18 01:44:17][INFO][Rank 0] - train Epoch 13/24: 85.3% (1660/1946)
[2025-11-18 01:44:24][INFO][Rank 0] - train Epoch 13/24: 85.8% (1670/1946)
[2025-11-18 01:44:31][INFO][Rank 0] - train Epoch 13/24: 86.3% (1680/1946)
[2025-11-18 01:44:38][INFO][Rank 0] - train Epoch 13/24: 86.8% (1690/1946)
[2025-11-18 01:44:45][INFO][Rank 0] - train Epoch 13/24: 87.4% (1700/1946)
[2025-11-18 01:44:52][INFO][Rank 0] - train Epoch 13/24: 87.9% (1710/1946)
[2025-11-18 01:44:53][INFO][Rank 0] - CUDA Memory [train][Step 1710]: Device 0: Allocated: 3309.6 MB, Reserved: 117540.0 MB (Δ: +1687.0 MB)
[2025-11-18 01:45:00][INFO][Rank 0] - train Epoch 13/24: 88.4% (1720/1946)
[2025-11-18 01:45:07][INFO][Rank 0] - train Epoch 13/24: 88.9% (1730/1946)
[2025-11-18 01:45:14][INFO][Rank 0] - train Epoch 13/24: 89.4% (1740/1946)
[2025-11-18 01:45:21][INFO][Rank 0] - train Epoch 13/24: 89.9% (1750/1946)
[2025-11-18 01:45:28][INFO][Rank 0] - train Epoch 13/24: 90.4% (1760/1946)
[2025-11-18 01:45:35][INFO][Rank 0] - train Epoch 13/24: 91.0% (1770/1946)
[2025-11-18 01:45:42][INFO][Rank 0] - train Epoch 13/24: 91.5% (1780/1946)
[2025-11-18 01:45:49][INFO][Rank 0] - train Epoch 13/24: 92.0% (1790/1946)
[2025-11-18 01:45:56][INFO][Rank 0] - train Epoch 13/24: 92.5% (1800/1946)
[2025-11-18 01:45:57][INFO][Rank 0] - CUDA Memory [train][Step 1800]: Device 0: Allocated: 3309.6 MB, Reserved: 117540.0 MB (Δ: +1687.0 MB)
[2025-11-18 01:46:03][INFO][Rank 0] - train Epoch 13/24: 93.0% (1810/1946)
[2025-11-18 01:46:10][INFO][Rank 0] - train Epoch 13/24: 93.5% (1820/1946)
[2025-11-18 01:46:17][INFO][Rank 0] - train Epoch 13/24: 94.0% (1830/1946)
[2025-11-18 01:46:24][INFO][Rank 0] - train Epoch 13/24: 94.6% (1840/1946)
[2025-11-18 01:46:31][INFO][Rank 0] - train Epoch 13/24: 95.1% (1850/1946)
[2025-11-18 01:46:38][INFO][Rank 0] - train Epoch 13/24: 95.6% (1860/1946)
[2025-11-18 01:46:45][INFO][Rank 0] - train Epoch 13/24: 96.1% (1870/1946)
[2025-11-18 01:46:52][INFO][Rank 0] - train Epoch 13/24: 96.6% (1880/1946)
[2025-11-18 01:47:00][INFO][Rank 0] - train Epoch 13/24: 97.1% (1890/1946)
[2025-11-18 01:47:00][INFO][Rank 0] - CUDA Memory [train][Step 1890]: Device 0: Allocated: 3309.6 MB, Reserved: 117540.0 MB (Δ: +1687.0 MB)
[2025-11-18 01:47:07][INFO][Rank 0] - train Epoch 13/24: 97.6% (1900/1946)
[2025-11-18 01:47:14][INFO][Rank 0] - train Epoch 13/24: 98.2% (1910/1946)
[2025-11-18 01:47:21][INFO][Rank 0] - train Epoch 13/24: 98.7% (1920/1946)
[2025-11-18 01:47:28][INFO][Rank 0] - train Epoch 13/24: 99.2% (1930/1946)
[2025-11-18 01:47:35][INFO][Rank 0] - train Epoch 13/24: 99.7% (1940/1946)
[2025-11-18 01:47:38][INFO][Rank 0] - train Epoch 13/24: 99.9% (1945/1946)
[2025-11-18 01:47:39][INFO][Rank 0] - train Loss: 0.1671 Acc: 0.9696 F1: 0.9842
[2025-11-18 01:47:39][INFO][Rank 0] - train Balanced Acc: 0.8978 AUC-ROC: 0.9620
[2025-11-18 01:47:39][INFO][Rank 0] - train Sensitivity: 0.9735 Specificity: 0.8221
[2025-11-18 01:47:39][INFO][Rank 0] - train Confusion Matrix: TP=18452, FP=90, FN=502, TN=416
[2025-11-18 01:47:39][INFO][Rank 0] - train completed in 1373.93s
[2025-11-18 01:47:39][INFO][Rank 0] - Data loading time: 1.07s, Forward time: 279.44s, Backward time: 744.45s
[2025-11-18 01:47:39][INFO][Rank 0] - train cache: 0/1 items, hit rate: 0.00%
[2025-11-18 01:47:39][INFO][Rank 0] - CUDA Memory [val][Step 0]: Device 0: Allocated: 3309.6 MB, Reserved: 117540.0 MB (Δ: +1687.0 MB)
[2025-11-18 01:47:39][INFO][Rank 0] - val phase: total 401 batches
[2025-11-18 01:47:39][INFO][Rank 0] - val Epoch 13/24: 0.0% (0/401)
[2025-11-18 01:47:44][INFO][Rank 0] - val Epoch 13/24: 2.5% (10/401)
[2025-11-18 01:47:49][INFO][Rank 0] - val Epoch 13/24: 5.0% (20/401)
[2025-11-18 01:47:54][INFO][Rank 0] - val Epoch 13/24: 7.5% (30/401)
[2025-11-18 01:47:59][INFO][Rank 0] - val Epoch 13/24: 10.0% (40/401)
[2025-11-18 01:48:04][INFO][Rank 0] - val Epoch 13/24: 12.5% (50/401)
[2025-11-18 01:48:09][INFO][Rank 0] - val Epoch 13/24: 15.0% (60/401)
[2025-11-18 01:48:14][INFO][Rank 0] - val Epoch 13/24: 17.5% (70/401)
[2025-11-18 01:48:19][INFO][Rank 0] - val Epoch 13/24: 20.0% (80/401)
[2025-11-18 01:48:24][INFO][Rank 0] - val Epoch 13/24: 22.4% (90/401)
[2025-11-18 01:48:29][INFO][Rank 0] - val Epoch 13/24: 24.9% (100/401)
[2025-11-18 01:48:34][INFO][Rank 0] - val Epoch 13/24: 27.4% (110/401)
[2025-11-18 01:48:39][INFO][Rank 0] - val Epoch 13/24: 29.9% (120/401)
[2025-11-18 01:48:39][INFO][Rank 0] - CUDA Memory [val][Step 120]: Device 0: Allocated: 3309.6 MB, Reserved: 117540.0 MB (Δ: +1687.0 MB)
[2025-11-18 01:48:44][INFO][Rank 0] - val Epoch 13/24: 32.4% (130/401)
[2025-11-18 01:48:49][INFO][Rank 0] - val Epoch 13/24: 34.9% (140/401)
[2025-11-18 01:48:54][INFO][Rank 0] - val Epoch 13/24: 37.4% (150/401)
[2025-11-18 01:48:59][INFO][Rank 0] - val Epoch 13/24: 39.9% (160/401)
[2025-11-18 01:49:04][INFO][Rank 0] - val Epoch 13/24: 42.4% (170/401)
[2025-11-18 01:49:09][INFO][Rank 0] - val Epoch 13/24: 44.9% (180/401)
[2025-11-18 01:49:14][INFO][Rank 0] - val Epoch 13/24: 47.4% (190/401)
[2025-11-18 01:49:19][INFO][Rank 0] - val Epoch 13/24: 49.9% (200/401)
[2025-11-18 01:49:24][INFO][Rank 0] - val Epoch 13/24: 52.4% (210/401)
[2025-11-18 01:49:29][INFO][Rank 0] - val Epoch 13/24: 54.9% (220/401)
[2025-11-18 01:49:34][INFO][Rank 0] - val Epoch 13/24: 57.4% (230/401)
[2025-11-18 01:49:39][INFO][Rank 0] - val Epoch 13/24: 59.9% (240/401)
[2025-11-18 01:49:44][INFO][Rank 0] - val Epoch 13/24: 62.3% (250/401)
[2025-11-18 01:49:49][INFO][Rank 0] - val Epoch 13/24: 64.8% (260/401)
[2025-11-18 01:49:54][INFO][Rank 0] - val Epoch 13/24: 67.3% (270/401)
[2025-11-18 01:49:54][INFO][Rank 0] - CUDA Memory [val][Step 270]: Device 0: Allocated: 3309.6 MB, Reserved: 117540.0 MB (Δ: +1687.0 MB)
[2025-11-18 01:49:59][INFO][Rank 0] - val Epoch 13/24: 69.8% (280/401)
[2025-11-18 01:50:04][INFO][Rank 0] - val Epoch 13/24: 72.3% (290/401)
[2025-11-18 01:50:08][INFO][Rank 0] - val Epoch 13/24: 74.8% (300/401)
[2025-11-18 01:50:13][INFO][Rank 0] - val Epoch 13/24: 77.3% (310/401)
[2025-11-18 01:50:18][INFO][Rank 0] - val Epoch 13/24: 79.8% (320/401)
[2025-11-18 01:50:23][INFO][Rank 0] - val Epoch 13/24: 82.3% (330/401)
[2025-11-18 01:50:28][INFO][Rank 0] - val Epoch 13/24: 84.8% (340/401)
[2025-11-18 01:50:33][INFO][Rank 0] - val Epoch 13/24: 87.3% (350/401)
[2025-11-18 01:50:38][INFO][Rank 0] - val Epoch 13/24: 89.8% (360/401)
[2025-11-18 01:50:43][INFO][Rank 0] - val Epoch 13/24: 92.3% (370/401)
[2025-11-18 01:50:48][INFO][Rank 0] - val Epoch 13/24: 94.8% (380/401)
[2025-11-18 01:50:53][INFO][Rank 0] - val Epoch 13/24: 97.3% (390/401)
[2025-11-18 01:50:58][INFO][Rank 0] - val Epoch 13/24: 99.8% (400/401)
[2025-11-18 01:50:59][INFO][Rank 0] - val Loss: 0.0994 Acc: 0.9733 F1: 0.9862
[2025-11-18 01:50:59][INFO][Rank 0] - val Balanced Acc: 0.9043 AUC-ROC: 0.9844
[2025-11-18 01:50:59][INFO][Rank 0] - val Sensitivity: 0.9770 Specificity: 0.8317
[2025-11-18 01:50:59][INFO][Rank 0] - val Confusion Matrix: TP=3819, FP=17, FN=90, TN=84
[2025-11-18 01:50:59][INFO][Rank 0] - val completed in 199.68s
[2025-11-18 01:50:59][INFO][Rank 0] - val cache: 0/1 items, hit rate: 0.00%
[2025-11-18 01:51:03][INFO][Rank 0] - Saved new best auc model with auc: 0.9844 at /projects/retprogression/rgarridogarcia/checkpoints/cropped1024_cropped_centered_wt_allR_5/best_auc_model.pth
[2025-11-18 01:51:06][INFO][Rank 0] - Saved epoch checkpoint at /projects/retprogression/rgarridogarcia/checkpoints/cropped1024_cropped_centered_wt_allR_5/epoch_13.pth
[2025-11-18 01:51:06][INFO][Rank 0] - Epoch 13 summary:
[2025-11-18 01:51:06][INFO][Rank 0] -  Train Loss: 0.1671, Train Acc: 0.9696, Train F1: 0.9842
[2025-11-18 01:51:06][INFO][Rank 0] -  Train Balanced Acc: 0.8978, Train AUC: 0.9620
[2025-11-18 01:51:06][INFO][Rank 0] -  Train Sensitivity: 0.9735, Train Specificity: 0.8221
[2025-11-18 01:51:06][INFO][Rank 0] -  Val Loss: 0.0994, Val Acc: 0.9733, Val F1: 0.9862
[2025-11-18 01:51:06][INFO][Rank 0] -  Val Balanced Acc: 0.9043, Val AUC: 0.9844
[2025-11-18 01:51:06][INFO][Rank 0] -  Val Sensitivity: 0.9770, Val Specificity: 0.8317
[2025-11-18 01:51:06][INFO][Rank 0] -  Total Epoch Time: 1581.11s
[2025-11-18 01:51:06][INFO][Rank 0] - Epoch 14/24
[2025-11-18 01:51:06][INFO][Rank 0] - ----------
[2025-11-18 01:51:06][INFO][Rank 0] - CUDA Memory [train][Step 0]: Device 0: Allocated: 3309.6 MB, Reserved: 117540.0 MB (Δ: +1687.0 MB)
[2025-11-18 01:51:06][INFO][Rank 0] - train phase: total 1946 batches
[2025-11-18 01:51:07][INFO][Rank 0] - train Epoch 14/24: 0.0% (0/1946)
[2025-11-18 01:51:14][INFO][Rank 0] - train Epoch 14/24: 0.5% (10/1946)
[2025-11-18 01:51:21][INFO][Rank 0] - train Epoch 14/24: 1.0% (20/1946)
[2025-11-18 01:51:28][INFO][Rank 0] - train Epoch 14/24: 1.5% (30/1946)
[2025-11-18 01:51:35][INFO][Rank 0] - train Epoch 14/24: 2.1% (40/1946)
[2025-11-18 01:51:42][INFO][Rank 0] - train Epoch 14/24: 2.6% (50/1946)
[2025-11-18 01:51:49][INFO][Rank 0] - train Epoch 14/24: 3.1% (60/1946)
[2025-11-18 01:51:56][INFO][Rank 0] - train Epoch 14/24: 3.6% (70/1946)
[2025-11-18 01:52:03][INFO][Rank 0] - train Epoch 14/24: 4.1% (80/1946)
[2025-11-18 01:52:10][INFO][Rank 0] - train Epoch 14/24: 4.6% (90/1946)
[2025-11-18 01:52:11][INFO][Rank 0] - CUDA Memory [train][Step 90]: Device 0: Allocated: 3309.6 MB, Reserved: 117540.0 MB (Δ: +1687.0 MB)
[2025-11-18 01:52:17][INFO][Rank 0] - train Epoch 14/24: 5.1% (100/1946)
[2025-11-18 01:52:24][INFO][Rank 0] - train Epoch 14/24: 5.7% (110/1946)
[2025-11-18 01:52:32][INFO][Rank 0] - train Epoch 14/24: 6.2% (120/1946)
[2025-11-18 01:52:39][INFO][Rank 0] - train Epoch 14/24: 6.7% (130/1946)
[2025-11-18 01:52:46][INFO][Rank 0] - train Epoch 14/24: 7.2% (140/1946)
[2025-11-18 01:52:53][INFO][Rank 0] - train Epoch 14/24: 7.7% (150/1946)
[2025-11-18 01:53:00][INFO][Rank 0] - train Epoch 14/24: 8.2% (160/1946)
[2025-11-18 01:53:07][INFO][Rank 0] - train Epoch 14/24: 8.7% (170/1946)
[2025-11-18 01:53:14][INFO][Rank 0] - train Epoch 14/24: 9.2% (180/1946)
[2025-11-18 01:53:15][INFO][Rank 0] - CUDA Memory [train][Step 180]: Device 0: Allocated: 3309.6 MB, Reserved: 117540.0 MB (Δ: +1687.0 MB)
[2025-11-18 01:53:21][INFO][Rank 0] - train Epoch 14/24: 9.8% (190/1946)
[2025-11-18 01:53:28][INFO][Rank 0] - train Epoch 14/24: 10.3% (200/1946)
[2025-11-18 01:53:35][INFO][Rank 0] - train Epoch 14/24: 10.8% (210/1946)
[2025-11-18 01:53:42][INFO][Rank 0] - train Epoch 14/24: 11.3% (220/1946)
[2025-11-18 01:53:49][INFO][Rank 0] - train Epoch 14/24: 11.8% (230/1946)
[2025-11-18 01:53:56][INFO][Rank 0] - train Epoch 14/24: 12.3% (240/1946)
[2025-11-18 01:54:03][INFO][Rank 0] - train Epoch 14/24: 12.8% (250/1946)
[2025-11-18 01:54:10][INFO][Rank 0] - train Epoch 14/24: 13.4% (260/1946)
[2025-11-18 01:54:17][INFO][Rank 0] - train Epoch 14/24: 13.9% (270/1946)
[2025-11-18 01:54:18][INFO][Rank 0] - CUDA Memory [train][Step 270]: Device 0: Allocated: 3309.6 MB, Reserved: 117540.0 MB (Δ: +1687.0 MB)
[2025-11-18 01:54:24][INFO][Rank 0] - train Epoch 14/24: 14.4% (280/1946)
[2025-11-18 01:54:31][INFO][Rank 0] - train Epoch 14/24: 14.9% (290/1946)
[2025-11-18 01:54:38][INFO][Rank 0] - train Epoch 14/24: 15.4% (300/1946)
[2025-11-18 01:54:46][INFO][Rank 0] - train Epoch 14/24: 15.9% (310/1946)
[2025-11-18 01:54:53][INFO][Rank 0] - train Epoch 14/24: 16.4% (320/1946)
[2025-11-18 01:55:00][INFO][Rank 0] - train Epoch 14/24: 17.0% (330/1946)
[2025-11-18 01:55:07][INFO][Rank 0] - train Epoch 14/24: 17.5% (340/1946)
[2025-11-18 01:55:14][INFO][Rank 0] - train Epoch 14/24: 18.0% (350/1946)
[2025-11-18 01:55:21][INFO][Rank 0] - train Epoch 14/24: 18.5% (360/1946)
[2025-11-18 01:55:22][INFO][Rank 0] - CUDA Memory [train][Step 360]: Device 0: Allocated: 3309.6 MB, Reserved: 117540.0 MB (Δ: +1687.0 MB)
[2025-11-18 01:55:28][INFO][Rank 0] - train Epoch 14/24: 19.0% (370/1946)
[2025-11-18 01:55:35][INFO][Rank 0] - train Epoch 14/24: 19.5% (380/1946)
[2025-11-18 01:55:42][INFO][Rank 0] - train Epoch 14/24: 20.0% (390/1946)
[2025-11-18 01:55:49][INFO][Rank 0] - train Epoch 14/24: 20.6% (400/1946)
[2025-11-18 01:55:56][INFO][Rank 0] - train Epoch 14/24: 21.1% (410/1946)
[2025-11-18 01:56:03][INFO][Rank 0] - train Epoch 14/24: 21.6% (420/1946)
[2025-11-18 01:56:10][INFO][Rank 0] - train Epoch 14/24: 22.1% (430/1946)
[2025-11-18 01:56:17][INFO][Rank 0] - train Epoch 14/24: 22.6% (440/1946)
[2025-11-18 01:56:24][INFO][Rank 0] - train Epoch 14/24: 23.1% (450/1946)
[2025-11-18 01:56:25][INFO][Rank 0] - CUDA Memory [train][Step 450]: Device 0: Allocated: 3309.6 MB, Reserved: 117540.0 MB (Δ: +1687.0 MB)
[2025-11-18 01:56:31][INFO][Rank 0] - train Epoch 14/24: 23.6% (460/1946)
[2025-11-18 01:56:38][INFO][Rank 0] - train Epoch 14/24: 24.2% (470/1946)
[2025-11-18 01:56:45][INFO][Rank 0] - train Epoch 14/24: 24.7% (480/1946)
[2025-11-18 01:56:53][INFO][Rank 0] - train Epoch 14/24: 25.2% (490/1946)
[2025-11-18 01:57:00][INFO][Rank 0] - train Epoch 14/24: 25.7% (500/1946)
[2025-11-18 01:57:07][INFO][Rank 0] - train Epoch 14/24: 26.2% (510/1946)
[2025-11-18 01:57:14][INFO][Rank 0] - train Epoch 14/24: 26.7% (520/1946)
[2025-11-18 01:57:21][INFO][Rank 0] - train Epoch 14/24: 27.2% (530/1946)
[2025-11-18 01:57:28][INFO][Rank 0] - train Epoch 14/24: 27.7% (540/1946)
[2025-11-18 01:57:29][INFO][Rank 0] - CUDA Memory [train][Step 540]: Device 0: Allocated: 3309.6 MB, Reserved: 117540.0 MB (Δ: +1687.0 MB)
[2025-11-18 01:57:35][INFO][Rank 0] - train Epoch 14/24: 28.3% (550/1946)
[2025-11-18 01:57:42][INFO][Rank 0] - train Epoch 14/24: 28.8% (560/1946)
[2025-11-18 01:57:49][INFO][Rank 0] - train Epoch 14/24: 29.3% (570/1946)
[2025-11-18 01:57:56][INFO][Rank 0] - train Epoch 14/24: 29.8% (580/1946)
[2025-11-18 01:58:03][INFO][Rank 0] - train Epoch 14/24: 30.3% (590/1946)
[2025-11-18 01:58:10][INFO][Rank 0] - train Epoch 14/24: 30.8% (600/1946)
[2025-11-18 01:58:17][INFO][Rank 0] - train Epoch 14/24: 31.3% (610/1946)
[2025-11-18 01:58:24][INFO][Rank 0] - train Epoch 14/24: 31.9% (620/1946)
[2025-11-18 01:58:31][INFO][Rank 0] - train Epoch 14/24: 32.4% (630/1946)
[2025-11-18 01:58:32][INFO][Rank 0] - CUDA Memory [train][Step 630]: Device 0: Allocated: 3309.6 MB, Reserved: 117540.0 MB (Δ: +1687.0 MB)
[2025-11-18 01:58:38][INFO][Rank 0] - train Epoch 14/24: 32.9% (640/1946)
[2025-11-18 01:58:45][INFO][Rank 0] - train Epoch 14/24: 33.4% (650/1946)
[2025-11-18 01:58:52][INFO][Rank 0] - train Epoch 14/24: 33.9% (660/1946)
[2025-11-18 01:59:00][INFO][Rank 0] - train Epoch 14/24: 34.4% (670/1946)
[2025-11-18 01:59:07][INFO][Rank 0] - train Epoch 14/24: 34.9% (680/1946)
[2025-11-18 01:59:14][INFO][Rank 0] - train Epoch 14/24: 35.5% (690/1946)
[2025-11-18 01:59:21][INFO][Rank 0] - train Epoch 14/24: 36.0% (700/1946)
[2025-11-18 01:59:28][INFO][Rank 0] - train Epoch 14/24: 36.5% (710/1946)
[2025-11-18 01:59:35][INFO][Rank 0] - train Epoch 14/24: 37.0% (720/1946)
[2025-11-18 01:59:36][INFO][Rank 0] - CUDA Memory [train][Step 720]: Device 0: Allocated: 3309.6 MB, Reserved: 117540.0 MB (Δ: +1687.0 MB)
[2025-11-18 01:59:42][INFO][Rank 0] - train Epoch 14/24: 37.5% (730/1946)
[2025-11-18 01:59:49][INFO][Rank 0] - train Epoch 14/24: 38.0% (740/1946)
[2025-11-18 01:59:56][INFO][Rank 0] - train Epoch 14/24: 38.5% (750/1946)
[2025-11-18 02:00:03][INFO][Rank 0] - train Epoch 14/24: 39.1% (760/1946)
[2025-11-18 02:00:10][INFO][Rank 0] - train Epoch 14/24: 39.6% (770/1946)
[2025-11-18 02:00:17][INFO][Rank 0] - train Epoch 14/24: 40.1% (780/1946)
[2025-11-18 02:00:24][INFO][Rank 0] - train Epoch 14/24: 40.6% (790/1946)
[2025-11-18 02:00:31][INFO][Rank 0] - train Epoch 14/24: 41.1% (800/1946)
[2025-11-18 02:00:38][INFO][Rank 0] - train Epoch 14/24: 41.6% (810/1946)
[2025-11-18 02:00:39][INFO][Rank 0] - CUDA Memory [train][Step 810]: Device 0: Allocated: 3309.6 MB, Reserved: 117540.0 MB (Δ: +1687.0 MB)
[2025-11-18 02:00:45][INFO][Rank 0] - train Epoch 14/24: 42.1% (820/1946)
[2025-11-18 02:00:52][INFO][Rank 0] - train Epoch 14/24: 42.7% (830/1946)
[2025-11-18 02:00:59][INFO][Rank 0] - train Epoch 14/24: 43.2% (840/1946)
[2025-11-18 02:01:07][INFO][Rank 0] - train Epoch 14/24: 43.7% (850/1946)
[2025-11-18 02:01:14][INFO][Rank 0] - train Epoch 14/24: 44.2% (860/1946)
[2025-11-18 02:01:21][INFO][Rank 0] - train Epoch 14/24: 44.7% (870/1946)
[2025-11-18 02:01:28][INFO][Rank 0] - train Epoch 14/24: 45.2% (880/1946)
[2025-11-18 02:01:35][INFO][Rank 0] - train Epoch 14/24: 45.7% (890/1946)
[2025-11-18 02:01:42][INFO][Rank 0] - train Epoch 14/24: 46.2% (900/1946)
[2025-11-18 02:01:42][INFO][Rank 0] - CUDA Memory [train][Step 900]: Device 0: Allocated: 3309.6 MB, Reserved: 117540.0 MB (Δ: +1687.0 MB)
[2025-11-18 02:01:49][INFO][Rank 0] - train Epoch 14/24: 46.8% (910/1946)
[2025-11-18 02:01:56][INFO][Rank 0] - train Epoch 14/24: 47.3% (920/1946)
[2025-11-18 02:02:03][INFO][Rank 0] - train Epoch 14/24: 47.8% (930/1946)
[2025-11-18 02:02:10][INFO][Rank 0] - train Epoch 14/24: 48.3% (940/1946)
[2025-11-18 02:02:17][INFO][Rank 0] - train Epoch 14/24: 48.8% (950/1946)
[2025-11-18 02:02:24][INFO][Rank 0] - train Epoch 14/24: 49.3% (960/1946)
[2025-11-18 02:02:31][INFO][Rank 0] - train Epoch 14/24: 49.8% (970/1946)
[2025-11-18 02:02:38][INFO][Rank 0] - train Epoch 14/24: 50.4% (980/1946)
[2025-11-18 02:02:45][INFO][Rank 0] - train Epoch 14/24: 50.9% (990/1946)
[2025-11-18 02:02:46][INFO][Rank 0] - CUDA Memory [train][Step 990]: Device 0: Allocated: 3309.6 MB, Reserved: 117540.0 MB (Δ: +1687.0 MB)
[2025-11-18 02:02:52][INFO][Rank 0] - train Epoch 14/24: 51.4% (1000/1946)
[2025-11-18 02:02:59][INFO][Rank 0] - train Epoch 14/24: 51.9% (1010/1946)
[2025-11-18 02:03:06][INFO][Rank 0] - train Epoch 14/24: 52.4% (1020/1946)
[2025-11-18 02:03:13][INFO][Rank 0] - train Epoch 14/24: 52.9% (1030/1946)
[2025-11-18 02:03:21][INFO][Rank 0] - train Epoch 14/24: 53.4% (1040/1946)
[2025-11-18 02:03:28][INFO][Rank 0] - train Epoch 14/24: 54.0% (1050/1946)
[2025-11-18 02:03:35][INFO][Rank 0] - train Epoch 14/24: 54.5% (1060/1946)
[2025-11-18 02:03:42][INFO][Rank 0] - train Epoch 14/24: 55.0% (1070/1946)
[2025-11-18 02:03:49][INFO][Rank 0] - train Epoch 14/24: 55.5% (1080/1946)
[2025-11-18 02:03:49][INFO][Rank 0] - CUDA Memory [train][Step 1080]: Device 0: Allocated: 3309.6 MB, Reserved: 117540.0 MB (Δ: +1687.0 MB)
[2025-11-18 02:03:56][INFO][Rank 0] - train Epoch 14/24: 56.0% (1090/1946)
[2025-11-18 02:04:03][INFO][Rank 0] - train Epoch 14/24: 56.5% (1100/1946)
[2025-11-18 02:04:10][INFO][Rank 0] - train Epoch 14/24: 57.0% (1110/1946)
[2025-11-18 02:04:17][INFO][Rank 0] - train Epoch 14/24: 57.6% (1120/1946)
[2025-11-18 02:04:24][INFO][Rank 0] - train Epoch 14/24: 58.1% (1130/1946)
[2025-11-18 02:04:31][INFO][Rank 0] - train Epoch 14/24: 58.6% (1140/1946)
[2025-11-18 02:04:38][INFO][Rank 0] - train Epoch 14/24: 59.1% (1150/1946)
[2025-11-18 02:04:45][INFO][Rank 0] - train Epoch 14/24: 59.6% (1160/1946)
[2025-11-18 02:04:52][INFO][Rank 0] - train Epoch 14/24: 60.1% (1170/1946)
[2025-11-18 02:04:53][INFO][Rank 0] - CUDA Memory [train][Step 1170]: Device 0: Allocated: 3309.6 MB, Reserved: 117540.0 MB (Δ: +1687.0 MB)
[2025-11-18 02:04:59][INFO][Rank 0] - train Epoch 14/24: 60.6% (1180/1946)
[2025-11-18 02:05:06][INFO][Rank 0] - train Epoch 14/24: 61.2% (1190/1946)
[2025-11-18 02:05:13][INFO][Rank 0] - train Epoch 14/24: 61.7% (1200/1946)
[2025-11-18 02:05:20][INFO][Rank 0] - train Epoch 14/24: 62.2% (1210/1946)
[2025-11-18 02:05:28][INFO][Rank 0] - train Epoch 14/24: 62.7% (1220/1946)
[2025-11-18 02:05:35][INFO][Rank 0] - train Epoch 14/24: 63.2% (1230/1946)
[2025-11-18 02:05:42][INFO][Rank 0] - train Epoch 14/24: 63.7% (1240/1946)
[2025-11-18 02:05:49][INFO][Rank 0] - train Epoch 14/24: 64.2% (1250/1946)
[2025-11-18 02:05:56][INFO][Rank 0] - train Epoch 14/24: 64.7% (1260/1946)
[2025-11-18 02:05:56][INFO][Rank 0] - CUDA Memory [train][Step 1260]: Device 0: Allocated: 3309.6 MB, Reserved: 117540.0 MB (Δ: +1687.0 MB)
[2025-11-18 02:06:03][INFO][Rank 0] - train Epoch 14/24: 65.3% (1270/1946)
[2025-11-18 02:06:10][INFO][Rank 0] - train Epoch 14/24: 65.8% (1280/1946)
[2025-11-18 02:06:17][INFO][Rank 0] - train Epoch 14/24: 66.3% (1290/1946)
[2025-11-18 02:06:24][INFO][Rank 0] - train Epoch 14/24: 66.8% (1300/1946)
[2025-11-18 02:06:31][INFO][Rank 0] - train Epoch 14/24: 67.3% (1310/1946)
[2025-11-18 02:06:38][INFO][Rank 0] - train Epoch 14/24: 67.8% (1320/1946)
[2025-11-18 02:06:45][INFO][Rank 0] - train Epoch 14/24: 68.3% (1330/1946)
[2025-11-18 02:06:52][INFO][Rank 0] - train Epoch 14/24: 68.9% (1340/1946)
[2025-11-18 02:06:59][INFO][Rank 0] - train Epoch 14/24: 69.4% (1350/1946)
[2025-11-18 02:07:00][INFO][Rank 0] - CUDA Memory [train][Step 1350]: Device 0: Allocated: 3309.6 MB, Reserved: 117540.0 MB (Δ: +1687.0 MB)
[2025-11-18 02:07:06][INFO][Rank 0] - train Epoch 14/24: 69.9% (1360/1946)
[2025-11-18 02:07:13][INFO][Rank 0] - train Epoch 14/24: 70.4% (1370/1946)
[2025-11-18 02:07:20][INFO][Rank 0] - train Epoch 14/24: 70.9% (1380/1946)
[2025-11-18 02:07:27][INFO][Rank 0] - train Epoch 14/24: 71.4% (1390/1946)
[2025-11-18 02:07:35][INFO][Rank 0] - train Epoch 14/24: 71.9% (1400/1946)
[2025-11-18 02:07:42][INFO][Rank 0] - train Epoch 14/24: 72.5% (1410/1946)
[2025-11-18 02:07:49][INFO][Rank 0] - train Epoch 14/24: 73.0% (1420/1946)
[2025-11-18 02:07:56][INFO][Rank 0] - train Epoch 14/24: 73.5% (1430/1946)
[2025-11-18 02:08:03][INFO][Rank 0] - train Epoch 14/24: 74.0% (1440/1946)
[2025-11-18 02:08:03][INFO][Rank 0] - CUDA Memory [train][Step 1440]: Device 0: Allocated: 3309.6 MB, Reserved: 117540.0 MB (Δ: +1687.0 MB)
[2025-11-18 02:08:10][INFO][Rank 0] - train Epoch 14/24: 74.5% (1450/1946)
[2025-11-18 02:08:17][INFO][Rank 0] - train Epoch 14/24: 75.0% (1460/1946)
[2025-11-18 02:08:24][INFO][Rank 0] - train Epoch 14/24: 75.5% (1470/1946)
[2025-11-18 02:08:31][INFO][Rank 0] - train Epoch 14/24: 76.1% (1480/1946)
[2025-11-18 02:08:38][INFO][Rank 0] - train Epoch 14/24: 76.6% (1490/1946)
[2025-11-18 02:08:45][INFO][Rank 0] - train Epoch 14/24: 77.1% (1500/1946)
[2025-11-18 02:08:52][INFO][Rank 0] - train Epoch 14/24: 77.6% (1510/1946)
[2025-11-18 02:08:59][INFO][Rank 0] - train Epoch 14/24: 78.1% (1520/1946)
[2025-11-18 02:09:06][INFO][Rank 0] - train Epoch 14/24: 78.6% (1530/1946)
[2025-11-18 02:09:07][INFO][Rank 0] - CUDA Memory [train][Step 1530]: Device 0: Allocated: 3309.6 MB, Reserved: 117540.0 MB (Δ: +1687.0 MB)
[2025-11-18 02:09:13][INFO][Rank 0] - train Epoch 14/24: 79.1% (1540/1946)
[2025-11-18 02:09:20][INFO][Rank 0] - train Epoch 14/24: 79.7% (1550/1946)
[2025-11-18 02:09:27][INFO][Rank 0] - train Epoch 14/24: 80.2% (1560/1946)
[2025-11-18 02:09:34][INFO][Rank 0] - train Epoch 14/24: 80.7% (1570/1946)
[2025-11-18 02:09:42][INFO][Rank 0] - train Epoch 14/24: 81.2% (1580/1946)
[2025-11-18 02:09:49][INFO][Rank 0] - train Epoch 14/24: 81.7% (1590/1946)
[2025-11-18 02:09:56][INFO][Rank 0] - train Epoch 14/24: 82.2% (1600/1946)
[2025-11-18 02:10:03][INFO][Rank 0] - train Epoch 14/24: 82.7% (1610/1946)
[2025-11-18 02:10:10][INFO][Rank 0] - train Epoch 14/24: 83.2% (1620/1946)
[2025-11-18 02:10:10][INFO][Rank 0] - CUDA Memory [train][Step 1620]: Device 0: Allocated: 3309.6 MB, Reserved: 117540.0 MB (Δ: +1687.0 MB)
[2025-11-18 02:10:17][INFO][Rank 0] - train Epoch 14/24: 83.8% (1630/1946)
[2025-11-18 02:10:24][INFO][Rank 0] - train Epoch 14/24: 84.3% (1640/1946)
[2025-11-18 02:10:31][INFO][Rank 0] - train Epoch 14/24: 84.8% (1650/1946)
[2025-11-18 02:10:38][INFO][Rank 0] - train Epoch 14/24: 85.3% (1660/1946)
[2025-11-18 02:10:45][INFO][Rank 0] - train Epoch 14/24: 85.8% (1670/1946)
[2025-11-18 02:10:52][INFO][Rank 0] - train Epoch 14/24: 86.3% (1680/1946)
[2025-11-18 02:10:59][INFO][Rank 0] - train Epoch 14/24: 86.8% (1690/1946)
[2025-11-18 02:11:06][INFO][Rank 0] - train Epoch 14/24: 87.4% (1700/1946)
[2025-11-18 02:11:13][INFO][Rank 0] - train Epoch 14/24: 87.9% (1710/1946)
[2025-11-18 02:11:14][INFO][Rank 0] - CUDA Memory [train][Step 1710]: Device 0: Allocated: 3309.6 MB, Reserved: 117540.0 MB (Δ: +1687.0 MB)
[2025-11-18 02:11:20][INFO][Rank 0] - train Epoch 14/24: 88.4% (1720/1946)
[2025-11-18 02:11:27][INFO][Rank 0] - train Epoch 14/24: 88.9% (1730/1946)
[2025-11-18 02:11:34][INFO][Rank 0] - train Epoch 14/24: 89.4% (1740/1946)
[2025-11-18 02:11:41][INFO][Rank 0] - train Epoch 14/24: 89.9% (1750/1946)
[2025-11-18 02:11:49][INFO][Rank 0] - train Epoch 14/24: 90.4% (1760/1946)
[2025-11-18 02:11:56][INFO][Rank 0] - train Epoch 14/24: 91.0% (1770/1946)
[2025-11-18 02:12:03][INFO][Rank 0] - train Epoch 14/24: 91.5% (1780/1946)
[2025-11-18 02:12:10][INFO][Rank 0] - train Epoch 14/24: 92.0% (1790/1946)
[2025-11-18 02:12:17][INFO][Rank 0] - train Epoch 14/24: 92.5% (1800/1946)
[2025-11-18 02:12:17][INFO][Rank 0] - CUDA Memory [train][Step 1800]: Device 0: Allocated: 3309.6 MB, Reserved: 117540.0 MB (Δ: +1687.0 MB)
[2025-11-18 02:12:24][INFO][Rank 0] - train Epoch 14/24: 93.0% (1810/1946)
[2025-11-18 02:12:31][INFO][Rank 0] - train Epoch 14/24: 93.5% (1820/1946)
[2025-11-18 02:12:38][INFO][Rank 0] - train Epoch 14/24: 94.0% (1830/1946)
[2025-11-18 02:12:45][INFO][Rank 0] - train Epoch 14/24: 94.6% (1840/1946)
[2025-11-18 02:12:52][INFO][Rank 0] - train Epoch 14/24: 95.1% (1850/1946)
[2025-11-18 02:12:59][INFO][Rank 0] - train Epoch 14/24: 95.6% (1860/1946)
[2025-11-18 02:13:06][INFO][Rank 0] - train Epoch 14/24: 96.1% (1870/1946)
[2025-11-18 02:13:13][INFO][Rank 0] - train Epoch 14/24: 96.6% (1880/1946)
[2025-11-18 02:13:20][INFO][Rank 0] - train Epoch 14/24: 97.1% (1890/1946)
[2025-11-18 02:13:21][INFO][Rank 0] - CUDA Memory [train][Step 1890]: Device 0: Allocated: 3309.6 MB, Reserved: 117540.0 MB (Δ: +1687.0 MB)
[2025-11-18 02:13:27][INFO][Rank 0] - train Epoch 14/24: 97.6% (1900/1946)
[2025-11-18 02:13:34][INFO][Rank 0] - train Epoch 14/24: 98.2% (1910/1946)
[2025-11-18 02:13:41][INFO][Rank 0] - train Epoch 14/24: 98.7% (1920/1946)
[2025-11-18 02:13:48][INFO][Rank 0] - train Epoch 14/24: 99.2% (1930/1946)
[2025-11-18 02:13:56][INFO][Rank 0] - train Epoch 14/24: 99.7% (1940/1946)
[2025-11-18 02:13:59][INFO][Rank 0] - train Epoch 14/24: 99.9% (1945/1946)
[2025-11-18 02:14:00][INFO][Rank 0] - train Loss: 0.1643 Acc: 0.9745 F1: 0.9868
[2025-11-18 02:14:00][INFO][Rank 0] - train Balanced Acc: 0.8917 AUC-ROC: 0.9623
[2025-11-18 02:14:00][INFO][Rank 0] - train Sensitivity: 0.9790 Specificity: 0.8043
[2025-11-18 02:14:00][INFO][Rank 0] - train Confusion Matrix: TP=18556, FP=99, FN=398, TN=407
[2025-11-18 02:14:00][INFO][Rank 0] - train completed in 1373.52s
[2025-11-18 02:14:00][INFO][Rank 0] - Data loading time: 1.19s, Forward time: 279.35s, Backward time: 743.94s
[2025-11-18 02:14:00][INFO][Rank 0] - train cache: 0/1 items, hit rate: 0.00%
[2025-11-18 02:14:00][INFO][Rank 0] - CUDA Memory [val][Step 0]: Device 0: Allocated: 3309.6 MB, Reserved: 117540.0 MB (Δ: +1687.0 MB)
[2025-11-18 02:14:00][INFO][Rank 0] - val phase: total 401 batches
[2025-11-18 02:14:00][INFO][Rank 0] - val Epoch 14/24: 0.0% (0/401)
[2025-11-18 02:14:05][INFO][Rank 0] - val Epoch 14/24: 2.5% (10/401)
[2025-11-18 02:14:10][INFO][Rank 0] - val Epoch 14/24: 5.0% (20/401)
[2025-11-18 02:14:15][INFO][Rank 0] - val Epoch 14/24: 7.5% (30/401)
[2025-11-18 02:14:20][INFO][Rank 0] - val Epoch 14/24: 10.0% (40/401)
[2025-11-18 02:14:25][INFO][Rank 0] - val Epoch 14/24: 12.5% (50/401)
[2025-11-18 02:14:30][INFO][Rank 0] - val Epoch 14/24: 15.0% (60/401)
[2025-11-18 02:14:35][INFO][Rank 0] - val Epoch 14/24: 17.5% (70/401)
[2025-11-18 02:14:40][INFO][Rank 0] - val Epoch 14/24: 20.0% (80/401)
[2025-11-18 02:14:45][INFO][Rank 0] - val Epoch 14/24: 22.4% (90/401)
[2025-11-18 02:14:50][INFO][Rank 0] - val Epoch 14/24: 24.9% (100/401)
[2025-11-18 02:14:54][INFO][Rank 0] - val Epoch 14/24: 27.4% (110/401)
[2025-11-18 02:14:59][INFO][Rank 0] - val Epoch 14/24: 29.9% (120/401)
[2025-11-18 02:15:00][INFO][Rank 0] - CUDA Memory [val][Step 120]: Device 0: Allocated: 3309.6 MB, Reserved: 117540.0 MB (Δ: +1687.0 MB)
[2025-11-18 02:15:04][INFO][Rank 0] - val Epoch 14/24: 32.4% (130/401)
[2025-11-18 02:15:09][INFO][Rank 0] - val Epoch 14/24: 34.9% (140/401)
[2025-11-18 02:15:14][INFO][Rank 0] - val Epoch 14/24: 37.4% (150/401)
[2025-11-18 02:15:19][INFO][Rank 0] - val Epoch 14/24: 39.9% (160/401)
[2025-11-18 02:15:24][INFO][Rank 0] - val Epoch 14/24: 42.4% (170/401)
[2025-11-18 02:15:29][INFO][Rank 0] - val Epoch 14/24: 44.9% (180/401)
[2025-11-18 02:15:34][INFO][Rank 0] - val Epoch 14/24: 47.4% (190/401)
[2025-11-18 02:15:39][INFO][Rank 0] - val Epoch 14/24: 49.9% (200/401)
[2025-11-18 02:15:44][INFO][Rank 0] - val Epoch 14/24: 52.4% (210/401)
[2025-11-18 02:15:49][INFO][Rank 0] - val Epoch 14/24: 54.9% (220/401)
[2025-11-18 02:15:54][INFO][Rank 0] - val Epoch 14/24: 57.4% (230/401)
[2025-11-18 02:15:59][INFO][Rank 0] - val Epoch 14/24: 59.9% (240/401)
[2025-11-18 02:16:04][INFO][Rank 0] - val Epoch 14/24: 62.3% (250/401)
[2025-11-18 02:16:09][INFO][Rank 0] - val Epoch 14/24: 64.8% (260/401)
[2025-11-18 02:16:14][INFO][Rank 0] - val Epoch 14/24: 67.3% (270/401)
[2025-11-18 02:16:14][INFO][Rank 0] - CUDA Memory [val][Step 270]: Device 0: Allocated: 3309.6 MB, Reserved: 117540.0 MB (Δ: +1687.0 MB)
[2025-11-18 02:16:19][INFO][Rank 0] - val Epoch 14/24: 69.8% (280/401)
[2025-11-18 02:16:24][INFO][Rank 0] - val Epoch 14/24: 72.3% (290/401)
[2025-11-18 02:16:29][INFO][Rank 0] - val Epoch 14/24: 74.8% (300/401)
[2025-11-18 02:16:34][INFO][Rank 0] - val Epoch 14/24: 77.3% (310/401)
[2025-11-18 02:16:39][INFO][Rank 0] - val Epoch 14/24: 79.8% (320/401)
[2025-11-18 02:16:44][INFO][Rank 0] - val Epoch 14/24: 82.3% (330/401)
[2025-11-18 02:16:49][INFO][Rank 0] - val Epoch 14/24: 84.8% (340/401)
[2025-11-18 02:16:54][INFO][Rank 0] - val Epoch 14/24: 87.3% (350/401)
[2025-11-18 02:16:59][INFO][Rank 0] - val Epoch 14/24: 89.8% (360/401)
[2025-11-18 02:17:04][INFO][Rank 0] - val Epoch 14/24: 92.3% (370/401)
[2025-11-18 02:17:09][INFO][Rank 0] - val Epoch 14/24: 94.8% (380/401)
[2025-11-18 02:17:14][INFO][Rank 0] - val Epoch 14/24: 97.3% (390/401)
[2025-11-18 02:17:19][INFO][Rank 0] - val Epoch 14/24: 99.8% (400/401)
[2025-11-18 02:17:19][INFO][Rank 0] - val Loss: 0.1008 Acc: 0.9721 F1: 0.9855
[2025-11-18 02:17:19][INFO][Rank 0] - val Balanced Acc: 0.9230 AUC-ROC: 0.9847
[2025-11-18 02:17:19][INFO][Rank 0] - val Sensitivity: 0.9747 Specificity: 0.8713
[2025-11-18 02:17:19][INFO][Rank 0] - val Confusion Matrix: TP=3810, FP=13, FN=99, TN=88
[2025-11-18 02:17:19][INFO][Rank 0] - val completed in 199.31s
[2025-11-18 02:17:19][INFO][Rank 0] - val cache: 0/1 items, hit rate: 0.00%
[2025-11-18 02:17:23][INFO][Rank 0] - Saved new best balanced_acc model with balanced_acc: 0.9230 at /projects/retprogression/rgarridogarcia/checkpoints/cropped1024_cropped_centered_wt_allR_5/best_balanced_acc_model.pth
[2025-11-18 02:17:27][INFO][Rank 0] - Also saved as general best model at /projects/retprogression/rgarridogarcia/checkpoints/cropped1024_cropped_centered_wt_allR_5/best_model.pth
[2025-11-18 02:17:31][INFO][Rank 0] - Saved new best auc model with auc: 0.9847 at /projects/retprogression/rgarridogarcia/checkpoints/cropped1024_cropped_centered_wt_allR_5/best_auc_model.pth
[2025-11-18 02:17:35][INFO][Rank 0] - Saved epoch checkpoint at /projects/retprogression/rgarridogarcia/checkpoints/cropped1024_cropped_centered_wt_allR_5/epoch_14.pth
[2025-11-18 02:17:35][INFO][Rank 0] - Epoch 14 summary:
[2025-11-18 02:17:35][INFO][Rank 0] -  Train Loss: 0.1643, Train Acc: 0.9745, Train F1: 0.9868
[2025-11-18 02:17:35][INFO][Rank 0] -  Train Balanced Acc: 0.8917, Train AUC: 0.9623
[2025-11-18 02:17:35][INFO][Rank 0] -  Train Sensitivity: 0.9790, Train Specificity: 0.8043
[2025-11-18 02:17:35][INFO][Rank 0] -  Val Loss: 0.1008, Val Acc: 0.9721, Val F1: 0.9855
[2025-11-18 02:17:35][INFO][Rank 0] -  Val Balanced Acc: 0.9230, Val AUC: 0.9847
[2025-11-18 02:17:35][INFO][Rank 0] -  Val Sensitivity: 0.9747, Val Specificity: 0.8713
[2025-11-18 02:17:35][INFO][Rank 0] -  Total Epoch Time: 1588.28s
[2025-11-18 02:17:35][INFO][Rank 0] - Epoch 15/24
[2025-11-18 02:17:35][INFO][Rank 0] - ----------
[2025-11-18 02:17:35][INFO][Rank 0] - CUDA Memory [train][Step 0]: Device 0: Allocated: 3309.6 MB, Reserved: 117540.0 MB (Δ: +1687.0 MB)
[2025-11-18 02:17:35][INFO][Rank 0] - train phase: total 1946 batches
[2025-11-18 02:17:35][INFO][Rank 0] - train Epoch 15/24: 0.0% (0/1946)
[2025-11-18 02:17:42][INFO][Rank 0] - train Epoch 15/24: 0.5% (10/1946)
[2025-11-18 02:17:49][INFO][Rank 0] - train Epoch 15/24: 1.0% (20/1946)
[2025-11-18 02:17:56][INFO][Rank 0] - train Epoch 15/24: 1.5% (30/1946)
[2025-11-18 02:18:03][INFO][Rank 0] - train Epoch 15/24: 2.1% (40/1946)
[2025-11-18 02:18:10][INFO][Rank 0] - train Epoch 15/24: 2.6% (50/1946)
[2025-11-18 02:18:17][INFO][Rank 0] - train Epoch 15/24: 3.1% (60/1946)
[2025-11-18 02:18:24][INFO][Rank 0] - train Epoch 15/24: 3.6% (70/1946)
[2025-11-18 02:18:31][INFO][Rank 0] - train Epoch 15/24: 4.1% (80/1946)
[2025-11-18 02:18:39][INFO][Rank 0] - train Epoch 15/24: 4.6% (90/1946)
[2025-11-18 02:18:39][INFO][Rank 0] - CUDA Memory [train][Step 90]: Device 0: Allocated: 3309.6 MB, Reserved: 117540.0 MB (Δ: +1687.0 MB)
[2025-11-18 02:18:46][INFO][Rank 0] - train Epoch 15/24: 5.1% (100/1946)
[2025-11-18 02:18:53][INFO][Rank 0] - train Epoch 15/24: 5.7% (110/1946)
[2025-11-18 02:19:00][INFO][Rank 0] - train Epoch 15/24: 6.2% (120/1946)
[2025-11-18 02:19:07][INFO][Rank 0] - train Epoch 15/24: 6.7% (130/1946)
[2025-11-18 02:19:14][INFO][Rank 0] - train Epoch 15/24: 7.2% (140/1946)
[2025-11-18 02:19:21][INFO][Rank 0] - train Epoch 15/24: 7.7% (150/1946)
[2025-11-18 02:19:28][INFO][Rank 0] - train Epoch 15/24: 8.2% (160/1946)
[2025-11-18 02:19:35][INFO][Rank 0] - train Epoch 15/24: 8.7% (170/1946)
[2025-11-18 02:19:42][INFO][Rank 0] - train Epoch 15/24: 9.2% (180/1946)
[2025-11-18 02:19:43][INFO][Rank 0] - CUDA Memory [train][Step 180]: Device 0: Allocated: 3309.6 MB, Reserved: 117540.0 MB (Δ: +1687.0 MB)
[2025-11-18 02:19:49][INFO][Rank 0] - train Epoch 15/24: 9.8% (190/1946)
[2025-11-18 02:19:56][INFO][Rank 0] - train Epoch 15/24: 10.3% (200/1946)
[2025-11-18 02:20:03][INFO][Rank 0] - train Epoch 15/24: 10.8% (210/1946)
[2025-11-18 02:20:10][INFO][Rank 0] - train Epoch 15/24: 11.3% (220/1946)
[2025-11-18 02:20:17][INFO][Rank 0] - train Epoch 15/24: 11.8% (230/1946)
[2025-11-18 02:20:24][INFO][Rank 0] - train Epoch 15/24: 12.3% (240/1946)
[2025-11-18 02:20:31][INFO][Rank 0] - train Epoch 15/24: 12.8% (250/1946)
[2025-11-18 02:20:38][INFO][Rank 0] - train Epoch 15/24: 13.4% (260/1946)
[2025-11-18 02:20:46][INFO][Rank 0] - train Epoch 15/24: 13.9% (270/1946)
[2025-11-18 02:20:46][INFO][Rank 0] - CUDA Memory [train][Step 270]: Device 0: Allocated: 3309.6 MB, Reserved: 117540.0 MB (Δ: +1687.0 MB)
[2025-11-18 02:20:53][INFO][Rank 0] - train Epoch 15/24: 14.4% (280/1946)
[2025-11-18 02:21:00][INFO][Rank 0] - train Epoch 15/24: 14.9% (290/1946)
[2025-11-18 02:21:07][INFO][Rank 0] - train Epoch 15/24: 15.4% (300/1946)
[2025-11-18 02:21:14][INFO][Rank 0] - train Epoch 15/24: 15.9% (310/1946)
[2025-11-18 02:21:21][INFO][Rank 0] - train Epoch 15/24: 16.4% (320/1946)
[2025-11-18 02:21:28][INFO][Rank 0] - train Epoch 15/24: 17.0% (330/1946)
[2025-11-18 02:21:35][INFO][Rank 0] - train Epoch 15/24: 17.5% (340/1946)
[2025-11-18 02:21:42][INFO][Rank 0] - train Epoch 15/24: 18.0% (350/1946)
[2025-11-18 02:21:49][INFO][Rank 0] - train Epoch 15/24: 18.5% (360/1946)
[2025-11-18 02:21:50][INFO][Rank 0] - CUDA Memory [train][Step 360]: Device 0: Allocated: 3309.6 MB, Reserved: 117540.0 MB (Δ: +1687.0 MB)
[2025-11-18 02:21:56][INFO][Rank 0] - train Epoch 15/24: 19.0% (370/1946)
[2025-11-18 02:22:03][INFO][Rank 0] - train Epoch 15/24: 19.5% (380/1946)
[2025-11-18 02:22:10][INFO][Rank 0] - train Epoch 15/24: 20.0% (390/1946)
[2025-11-18 02:22:17][INFO][Rank 0] - train Epoch 15/24: 20.6% (400/1946)
[2025-11-18 02:22:24][INFO][Rank 0] - train Epoch 15/24: 21.1% (410/1946)
[2025-11-18 02:22:31][INFO][Rank 0] - train Epoch 15/24: 21.6% (420/1946)
[2025-11-18 02:22:38][INFO][Rank 0] - train Epoch 15/24: 22.1% (430/1946)
[2025-11-18 02:22:46][INFO][Rank 0] - train Epoch 15/24: 22.6% (440/1946)
[2025-11-18 02:22:53][INFO][Rank 0] - train Epoch 15/24: 23.1% (450/1946)
[2025-11-18 02:22:53][INFO][Rank 0] - CUDA Memory [train][Step 450]: Device 0: Allocated: 3309.6 MB, Reserved: 117540.0 MB (Δ: +1687.0 MB)
[2025-11-18 02:23:00][INFO][Rank 0] - train Epoch 15/24: 23.6% (460/1946)
[2025-11-18 02:23:07][INFO][Rank 0] - train Epoch 15/24: 24.2% (470/1946)
[2025-11-18 02:23:14][INFO][Rank 0] - train Epoch 15/24: 24.7% (480/1946)
[2025-11-18 02:23:21][INFO][Rank 0] - train Epoch 15/24: 25.2% (490/1946)
[2025-11-18 02:23:28][INFO][Rank 0] - train Epoch 15/24: 25.7% (500/1946)
[2025-11-18 02:23:35][INFO][Rank 0] - train Epoch 15/24: 26.2% (510/1946)
[2025-11-18 02:23:42][INFO][Rank 0] - train Epoch 15/24: 26.7% (520/1946)
[2025-11-18 02:23:49][INFO][Rank 0] - train Epoch 15/24: 27.2% (530/1946)
[2025-11-18 02:23:56][INFO][Rank 0] - train Epoch 15/24: 27.7% (540/1946)
[2025-11-18 02:23:57][INFO][Rank 0] - CUDA Memory [train][Step 540]: Device 0: Allocated: 3309.6 MB, Reserved: 117540.0 MB (Δ: +1687.0 MB)
[2025-11-18 02:24:03][INFO][Rank 0] - train Epoch 15/24: 28.3% (550/1946)
[2025-11-18 02:24:10][INFO][Rank 0] - train Epoch 15/24: 28.8% (560/1946)
[2025-11-18 02:24:17][INFO][Rank 0] - train Epoch 15/24: 29.3% (570/1946)
[2025-11-18 02:24:24][INFO][Rank 0] - train Epoch 15/24: 29.8% (580/1946)
[2025-11-18 02:24:31][INFO][Rank 0] - train Epoch 15/24: 30.3% (590/1946)
[2025-11-18 02:24:38][INFO][Rank 0] - train Epoch 15/24: 30.8% (600/1946)
[2025-11-18 02:24:45][INFO][Rank 0] - train Epoch 15/24: 31.3% (610/1946)
[2025-11-18 02:24:53][INFO][Rank 0] - train Epoch 15/24: 31.9% (620/1946)
[2025-11-18 02:25:00][INFO][Rank 0] - train Epoch 15/24: 32.4% (630/1946)
[2025-11-18 02:25:00][INFO][Rank 0] - CUDA Memory [train][Step 630]: Device 0: Allocated: 3309.6 MB, Reserved: 117540.0 MB (Δ: +1687.0 MB)
[2025-11-18 02:25:07][INFO][Rank 0] - train Epoch 15/24: 32.9% (640/1946)
[2025-11-18 02:25:14][INFO][Rank 0] - train Epoch 15/24: 33.4% (650/1946)
[2025-11-18 02:25:21][INFO][Rank 0] - train Epoch 15/24: 33.9% (660/1946)
[2025-11-18 02:25:28][INFO][Rank 0] - train Epoch 15/24: 34.4% (670/1946)
[2025-11-18 02:25:35][INFO][Rank 0] - train Epoch 15/24: 34.9% (680/1946)
[2025-11-18 02:25:42][INFO][Rank 0] - train Epoch 15/24: 35.5% (690/1946)
[2025-11-18 02:25:49][INFO][Rank 0] - train Epoch 15/24: 36.0% (700/1946)
[2025-11-18 02:25:56][INFO][Rank 0] - train Epoch 15/24: 36.5% (710/1946)
[2025-11-18 02:26:03][INFO][Rank 0] - train Epoch 15/24: 37.0% (720/1946)
[2025-11-18 02:26:04][INFO][Rank 0] - CUDA Memory [train][Step 720]: Device 0: Allocated: 3309.6 MB, Reserved: 117540.0 MB (Δ: +1687.0 MB)
[2025-11-18 02:26:10][INFO][Rank 0] - train Epoch 15/24: 37.5% (730/1946)
[2025-11-18 02:26:17][INFO][Rank 0] - train Epoch 15/24: 38.0% (740/1946)
[2025-11-18 02:26:24][INFO][Rank 0] - train Epoch 15/24: 38.5% (750/1946)
[2025-11-18 02:26:31][INFO][Rank 0] - train Epoch 15/24: 39.1% (760/1946)
[2025-11-18 02:26:38][INFO][Rank 0] - train Epoch 15/24: 39.6% (770/1946)
[2025-11-18 02:26:45][INFO][Rank 0] - train Epoch 15/24: 40.1% (780/1946)
[2025-11-18 02:26:53][INFO][Rank 0] - train Epoch 15/24: 40.6% (790/1946)
[2025-11-18 02:27:00][INFO][Rank 0] - train Epoch 15/24: 41.1% (800/1946)
[2025-11-18 02:27:07][INFO][Rank 0] - train Epoch 15/24: 41.6% (810/1946)
[2025-11-18 02:27:07][INFO][Rank 0] - CUDA Memory [train][Step 810]: Device 0: Allocated: 3309.6 MB, Reserved: 117540.0 MB (Δ: +1687.0 MB)
[2025-11-18 02:27:14][INFO][Rank 0] - train Epoch 15/24: 42.1% (820/1946)
[2025-11-18 02:27:21][INFO][Rank 0] - train Epoch 15/24: 42.7% (830/1946)
[2025-11-18 02:27:28][INFO][Rank 0] - train Epoch 15/24: 43.2% (840/1946)
[2025-11-18 02:27:35][INFO][Rank 0] - train Epoch 15/24: 43.7% (850/1946)
[2025-11-18 02:27:42][INFO][Rank 0] - train Epoch 15/24: 44.2% (860/1946)
[2025-11-18 02:27:49][INFO][Rank 0] - train Epoch 15/24: 44.7% (870/1946)
[2025-11-18 02:27:56][INFO][Rank 0] - train Epoch 15/24: 45.2% (880/1946)
[2025-11-18 02:28:03][INFO][Rank 0] - train Epoch 15/24: 45.7% (890/1946)
[2025-11-18 02:28:10][INFO][Rank 0] - train Epoch 15/24: 46.2% (900/1946)
[2025-11-18 02:28:11][INFO][Rank 0] - CUDA Memory [train][Step 900]: Device 0: Allocated: 3309.6 MB, Reserved: 117540.0 MB (Δ: +1687.0 MB)
[2025-11-18 02:28:17][INFO][Rank 0] - train Epoch 15/24: 46.8% (910/1946)
[2025-11-18 02:28:24][INFO][Rank 0] - train Epoch 15/24: 47.3% (920/1946)
[2025-11-18 02:28:31][INFO][Rank 0] - train Epoch 15/24: 47.8% (930/1946)
[2025-11-18 02:28:38][INFO][Rank 0] - train Epoch 15/24: 48.3% (940/1946)
[2025-11-18 02:28:45][INFO][Rank 0] - train Epoch 15/24: 48.8% (950/1946)
[2025-11-18 02:28:53][INFO][Rank 0] - train Epoch 15/24: 49.3% (960/1946)
[2025-11-18 02:29:00][INFO][Rank 0] - train Epoch 15/24: 49.8% (970/1946)
[2025-11-18 02:29:07][INFO][Rank 0] - train Epoch 15/24: 50.4% (980/1946)
[2025-11-18 02:29:14][INFO][Rank 0] - train Epoch 15/24: 50.9% (990/1946)
[2025-11-18 02:29:14][INFO][Rank 0] - CUDA Memory [train][Step 990]: Device 0: Allocated: 3309.6 MB, Reserved: 117540.0 MB (Δ: +1687.0 MB)
[2025-11-18 02:29:21][INFO][Rank 0] - train Epoch 15/24: 51.4% (1000/1946)
[2025-11-18 02:29:28][INFO][Rank 0] - train Epoch 15/24: 51.9% (1010/1946)
[2025-11-18 02:29:35][INFO][Rank 0] - train Epoch 15/24: 52.4% (1020/1946)
[2025-11-18 02:29:42][INFO][Rank 0] - train Epoch 15/24: 52.9% (1030/1946)
[2025-11-18 02:29:49][INFO][Rank 0] - train Epoch 15/24: 53.4% (1040/1946)
[2025-11-18 02:29:56][INFO][Rank 0] - train Epoch 15/24: 54.0% (1050/1946)
[2025-11-18 02:30:03][INFO][Rank 0] - train Epoch 15/24: 54.5% (1060/1946)
[2025-11-18 02:30:10][INFO][Rank 0] - train Epoch 15/24: 55.0% (1070/1946)
[2025-11-18 02:30:17][INFO][Rank 0] - train Epoch 15/24: 55.5% (1080/1946)
[2025-11-18 02:30:18][INFO][Rank 0] - CUDA Memory [train][Step 1080]: Device 0: Allocated: 3309.6 MB, Reserved: 117540.0 MB (Δ: +1687.0 MB)
[2025-11-18 02:30:24][INFO][Rank 0] - train Epoch 15/24: 56.0% (1090/1946)
[2025-11-18 02:30:31][INFO][Rank 0] - train Epoch 15/24: 56.5% (1100/1946)
[2025-11-18 02:30:38][INFO][Rank 0] - train Epoch 15/24: 57.0% (1110/1946)
[2025-11-18 02:30:45][INFO][Rank 0] - train Epoch 15/24: 57.6% (1120/1946)
[2025-11-18 02:30:52][INFO][Rank 0] - train Epoch 15/24: 58.1% (1130/1946)
[2025-11-18 02:31:00][INFO][Rank 0] - train Epoch 15/24: 58.6% (1140/1946)
[2025-11-18 02:31:07][INFO][Rank 0] - train Epoch 15/24: 59.1% (1150/1946)
[2025-11-18 02:31:14][INFO][Rank 0] - train Epoch 15/24: 59.6% (1160/1946)
[2025-11-18 02:31:21][INFO][Rank 0] - train Epoch 15/24: 60.1% (1170/1946)
[2025-11-18 02:31:21][INFO][Rank 0] - CUDA Memory [train][Step 1170]: Device 0: Allocated: 3309.6 MB, Reserved: 117540.0 MB (Δ: +1687.0 MB)
[2025-11-18 02:31:28][INFO][Rank 0] - train Epoch 15/24: 60.6% (1180/1946)
[2025-11-18 02:31:35][INFO][Rank 0] - train Epoch 15/24: 61.2% (1190/1946)
[2025-11-18 02:31:42][INFO][Rank 0] - train Epoch 15/24: 61.7% (1200/1946)
[2025-11-18 02:31:49][INFO][Rank 0] - train Epoch 15/24: 62.2% (1210/1946)
[2025-11-18 02:31:56][INFO][Rank 0] - train Epoch 15/24: 62.7% (1220/1946)
[2025-11-18 02:32:03][INFO][Rank 0] - train Epoch 15/24: 63.2% (1230/1946)
[2025-11-18 02:32:10][INFO][Rank 0] - train Epoch 15/24: 63.7% (1240/1946)
[2025-11-18 02:32:17][INFO][Rank 0] - train Epoch 15/24: 64.2% (1250/1946)
[2025-11-18 02:32:24][INFO][Rank 0] - train Epoch 15/24: 64.7% (1260/1946)
[2025-11-18 02:32:25][INFO][Rank 0] - CUDA Memory [train][Step 1260]: Device 0: Allocated: 3309.6 MB, Reserved: 117540.0 MB (Δ: +1687.0 MB)
[2025-11-18 02:32:31][INFO][Rank 0] - train Epoch 15/24: 65.3% (1270/1946)
[2025-11-18 02:32:38][INFO][Rank 0] - train Epoch 15/24: 65.8% (1280/1946)
[2025-11-18 02:32:45][INFO][Rank 0] - train Epoch 15/24: 66.3% (1290/1946)
[2025-11-18 02:32:52][INFO][Rank 0] - train Epoch 15/24: 66.8% (1300/1946)
[2025-11-18 02:32:59][INFO][Rank 0] - train Epoch 15/24: 67.3% (1310/1946)
[2025-11-18 02:33:07][INFO][Rank 0] - train Epoch 15/24: 67.8% (1320/1946)
[2025-11-18 02:33:14][INFO][Rank 0] - train Epoch 15/24: 68.3% (1330/1946)
[2025-11-18 02:33:21][INFO][Rank 0] - train Epoch 15/24: 68.9% (1340/1946)
[2025-11-18 02:33:28][INFO][Rank 0] - train Epoch 15/24: 69.4% (1350/1946)
[2025-11-18 02:33:28][INFO][Rank 0] - CUDA Memory [train][Step 1350]: Device 0: Allocated: 3309.6 MB, Reserved: 117540.0 MB (Δ: +1687.0 MB)
[2025-11-18 02:33:35][INFO][Rank 0] - train Epoch 15/24: 69.9% (1360/1946)
[2025-11-18 02:33:42][INFO][Rank 0] - train Epoch 15/24: 70.4% (1370/1946)
[2025-11-18 02:33:49][INFO][Rank 0] - train Epoch 15/24: 70.9% (1380/1946)
[2025-11-18 02:33:56][INFO][Rank 0] - train Epoch 15/24: 71.4% (1390/1946)
[2025-11-18 02:34:03][INFO][Rank 0] - train Epoch 15/24: 71.9% (1400/1946)
[2025-11-18 02:34:10][INFO][Rank 0] - train Epoch 15/24: 72.5% (1410/1946)
[2025-11-18 02:34:17][INFO][Rank 0] - train Epoch 15/24: 73.0% (1420/1946)
[2025-11-18 02:34:24][INFO][Rank 0] - train Epoch 15/24: 73.5% (1430/1946)
[2025-11-18 02:34:31][INFO][Rank 0] - train Epoch 15/24: 74.0% (1440/1946)
[2025-11-18 02:34:32][INFO][Rank 0] - CUDA Memory [train][Step 1440]: Device 0: Allocated: 3309.6 MB, Reserved: 117540.0 MB (Δ: +1687.0 MB)
[2025-11-18 02:34:38][INFO][Rank 0] - train Epoch 15/24: 74.5% (1450/1946)
[2025-11-18 02:34:45][INFO][Rank 0] - train Epoch 15/24: 75.0% (1460/1946)
[2025-11-18 02:34:52][INFO][Rank 0] - train Epoch 15/24: 75.5% (1470/1946)
[2025-11-18 02:34:59][INFO][Rank 0] - train Epoch 15/24: 76.1% (1480/1946)
[2025-11-18 02:35:06][INFO][Rank 0] - train Epoch 15/24: 76.6% (1490/1946)
[2025-11-18 02:35:13][INFO][Rank 0] - train Epoch 15/24: 77.1% (1500/1946)
[2025-11-18 02:35:21][INFO][Rank 0] - train Epoch 15/24: 77.6% (1510/1946)
[2025-11-18 02:35:28][INFO][Rank 0] - train Epoch 15/24: 78.1% (1520/1946)
[2025-11-18 02:35:35][INFO][Rank 0] - train Epoch 15/24: 78.6% (1530/1946)
[2025-11-18 02:35:35][INFO][Rank 0] - CUDA Memory [train][Step 1530]: Device 0: Allocated: 3309.6 MB, Reserved: 117540.0 MB (Δ: +1687.0 MB)
[2025-11-18 02:35:42][INFO][Rank 0] - train Epoch 15/24: 79.1% (1540/1946)
[2025-11-18 02:35:49][INFO][Rank 0] - train Epoch 15/24: 79.7% (1550/1946)
[2025-11-18 02:35:56][INFO][Rank 0] - train Epoch 15/24: 80.2% (1560/1946)
[2025-11-18 02:36:03][INFO][Rank 0] - train Epoch 15/24: 80.7% (1570/1946)
[2025-11-18 02:36:10][INFO][Rank 0] - train Epoch 15/24: 81.2% (1580/1946)
[2025-11-18 02:36:17][INFO][Rank 0] - train Epoch 15/24: 81.7% (1590/1946)
[2025-11-18 02:36:24][INFO][Rank 0] - train Epoch 15/24: 82.2% (1600/1946)
[2025-11-18 02:36:31][INFO][Rank 0] - train Epoch 15/24: 82.7% (1610/1946)
[2025-11-18 02:36:38][INFO][Rank 0] - train Epoch 15/24: 83.2% (1620/1946)
[2025-11-18 02:36:39][INFO][Rank 0] - CUDA Memory [train][Step 1620]: Device 0: Allocated: 3309.6 MB, Reserved: 117540.0 MB (Δ: +1687.0 MB)
[2025-11-18 02:36:45][INFO][Rank 0] - train Epoch 15/24: 83.8% (1630/1946)
[2025-11-18 02:36:52][INFO][Rank 0] - train Epoch 15/24: 84.3% (1640/1946)
[2025-11-18 02:36:59][INFO][Rank 0] - train Epoch 15/24: 84.8% (1650/1946)
[2025-11-18 02:37:06][INFO][Rank 0] - train Epoch 15/24: 85.3% (1660/1946)
[2025-11-18 02:37:13][INFO][Rank 0] - train Epoch 15/24: 85.8% (1670/1946)
[2025-11-18 02:37:20][INFO][Rank 0] - train Epoch 15/24: 86.3% (1680/1946)
[2025-11-18 02:37:28][INFO][Rank 0] - train Epoch 15/24: 86.8% (1690/1946)
[2025-11-18 02:37:35][INFO][Rank 0] - train Epoch 15/24: 87.4% (1700/1946)
[2025-11-18 02:37:42][INFO][Rank 0] - train Epoch 15/24: 87.9% (1710/1946)
[2025-11-18 02:37:42][INFO][Rank 0] - CUDA Memory [train][Step 1710]: Device 0: Allocated: 3309.6 MB, Reserved: 117540.0 MB (Δ: +1687.0 MB)
[2025-11-18 02:37:49][INFO][Rank 0] - train Epoch 15/24: 88.4% (1720/1946)
[2025-11-18 02:37:56][INFO][Rank 0] - train Epoch 15/24: 88.9% (1730/1946)
[2025-11-18 02:38:03][INFO][Rank 0] - train Epoch 15/24: 89.4% (1740/1946)
[2025-11-18 02:38:10][INFO][Rank 0] - train Epoch 15/24: 89.9% (1750/1946)
[2025-11-18 02:38:17][INFO][Rank 0] - train Epoch 15/24: 90.4% (1760/1946)
[2025-11-18 02:38:24][INFO][Rank 0] - train Epoch 15/24: 91.0% (1770/1946)
[2025-11-18 02:38:31][INFO][Rank 0] - train Epoch 15/24: 91.5% (1780/1946)
[2025-11-18 02:38:38][INFO][Rank 0] - train Epoch 15/24: 92.0% (1790/1946)
[2025-11-18 02:38:45][INFO][Rank 0] - train Epoch 15/24: 92.5% (1800/1946)
[2025-11-18 02:38:46][INFO][Rank 0] - CUDA Memory [train][Step 1800]: Device 0: Allocated: 3309.6 MB, Reserved: 117540.0 MB (Δ: +1687.0 MB)
[2025-11-18 02:38:52][INFO][Rank 0] - train Epoch 15/24: 93.0% (1810/1946)
[2025-11-18 02:38:59][INFO][Rank 0] - train Epoch 15/24: 93.5% (1820/1946)
[2025-11-18 02:39:06][INFO][Rank 0] - train Epoch 15/24: 94.0% (1830/1946)
[2025-11-18 02:39:13][INFO][Rank 0] - train Epoch 15/24: 94.6% (1840/1946)
[2025-11-18 02:39:20][INFO][Rank 0] - train Epoch 15/24: 95.1% (1850/1946)
[2025-11-18 02:39:27][INFO][Rank 0] - train Epoch 15/24: 95.6% (1860/1946)
[2025-11-18 02:39:35][INFO][Rank 0] - train Epoch 15/24: 96.1% (1870/1946)
[2025-11-18 02:39:42][INFO][Rank 0] - train Epoch 15/24: 96.6% (1880/1946)
[2025-11-18 02:39:49][INFO][Rank 0] - train Epoch 15/24: 97.1% (1890/1946)
[2025-11-18 02:39:49][INFO][Rank 0] - CUDA Memory [train][Step 1890]: Device 0: Allocated: 3309.6 MB, Reserved: 117540.0 MB (Δ: +1687.0 MB)
[2025-11-18 02:39:56][INFO][Rank 0] - train Epoch 15/24: 97.6% (1900/1946)
[2025-11-18 02:40:03][INFO][Rank 0] - train Epoch 15/24: 98.2% (1910/1946)
[2025-11-18 02:40:10][INFO][Rank 0] - train Epoch 15/24: 98.7% (1920/1946)
[2025-11-18 02:40:17][INFO][Rank 0] - train Epoch 15/24: 99.2% (1930/1946)
[2025-11-18 02:40:24][INFO][Rank 0] - train Epoch 15/24: 99.7% (1940/1946)
[2025-11-18 02:40:27][INFO][Rank 0] - train Epoch 15/24: 99.9% (1945/1946)
[2025-11-18 02:40:28][INFO][Rank 0] - train Loss: 0.1600 Acc: 0.9723 F1: 0.9856
[2025-11-18 02:40:28][INFO][Rank 0] - train Balanced Acc: 0.9031 AUC-ROC: 0.9639
[2025-11-18 02:40:28][INFO][Rank 0] - train Sensitivity: 0.9761 Specificity: 0.8300
[2025-11-18 02:40:28][INFO][Rank 0] - train Confusion Matrix: TP=18501, FP=86, FN=453, TN=420
[2025-11-18 02:40:28][INFO][Rank 0] - train completed in 1373.66s
[2025-11-18 02:40:28][INFO][Rank 0] - Data loading time: 1.07s, Forward time: 279.39s, Backward time: 744.21s
[2025-11-18 02:40:28][INFO][Rank 0] - train cache: 0/1 items, hit rate: 0.00%
[2025-11-18 02:40:28][INFO][Rank 0] - CUDA Memory [val][Step 0]: Device 0: Allocated: 3309.6 MB, Reserved: 117540.0 MB (Δ: +1687.0 MB)
[2025-11-18 02:40:28][INFO][Rank 0] - val phase: total 401 batches
[2025-11-18 02:40:28][INFO][Rank 0] - val Epoch 15/24: 0.0% (0/401)
[2025-11-18 02:40:33][INFO][Rank 0] - val Epoch 15/24: 2.5% (10/401)
[2025-11-18 02:40:38][INFO][Rank 0] - val Epoch 15/24: 5.0% (20/401)
[2025-11-18 02:40:43][INFO][Rank 0] - val Epoch 15/24: 7.5% (30/401)
[2025-11-18 02:40:48][INFO][Rank 0] - val Epoch 15/24: 10.0% (40/401)
[2025-11-18 02:40:53][INFO][Rank 0] - val Epoch 15/24: 12.5% (50/401)
[2025-11-18 02:40:58][INFO][Rank 0] - val Epoch 15/24: 15.0% (60/401)
[2025-11-18 02:41:03][INFO][Rank 0] - val Epoch 15/24: 17.5% (70/401)
[2025-11-18 02:41:08][INFO][Rank 0] - val Epoch 15/24: 20.0% (80/401)
[2025-11-18 02:41:13][INFO][Rank 0] - val Epoch 15/24: 22.4% (90/401)
[2025-11-18 02:41:18][INFO][Rank 0] - val Epoch 15/24: 24.9% (100/401)
[2025-11-18 02:41:23][INFO][Rank 0] - val Epoch 15/24: 27.4% (110/401)
[2025-11-18 02:41:28][INFO][Rank 0] - val Epoch 15/24: 29.9% (120/401)
[2025-11-18 02:41:28][INFO][Rank 0] - CUDA Memory [val][Step 120]: Device 0: Allocated: 3309.6 MB, Reserved: 117540.0 MB (Δ: +1687.0 MB)
[2025-11-18 02:41:33][INFO][Rank 0] - val Epoch 15/24: 32.4% (130/401)
[2025-11-18 02:41:38][INFO][Rank 0] - val Epoch 15/24: 34.9% (140/401)
[2025-11-18 02:41:43][INFO][Rank 0] - val Epoch 15/24: 37.4% (150/401)
[2025-11-18 02:41:48][INFO][Rank 0] - val Epoch 15/24: 39.9% (160/401)
[2025-11-18 02:41:53][INFO][Rank 0] - val Epoch 15/24: 42.4% (170/401)
[2025-11-18 02:41:58][INFO][Rank 0] - val Epoch 15/24: 44.9% (180/401)
[2025-11-18 02:42:03][INFO][Rank 0] - val Epoch 15/24: 47.4% (190/401)
[2025-11-18 02:42:08][INFO][Rank 0] - val Epoch 15/24: 49.9% (200/401)
[2025-11-18 02:42:13][INFO][Rank 0] - val Epoch 15/24: 52.4% (210/401)
[2025-11-18 02:42:18][INFO][Rank 0] - val Epoch 15/24: 54.9% (220/401)
[2025-11-18 02:42:23][INFO][Rank 0] - val Epoch 15/24: 57.4% (230/401)
[2025-11-18 02:42:28][INFO][Rank 0] - val Epoch 15/24: 59.9% (240/401)
[2025-11-18 02:42:32][INFO][Rank 0] - val Epoch 15/24: 62.3% (250/401)
[2025-11-18 02:42:37][INFO][Rank 0] - val Epoch 15/24: 64.8% (260/401)
[2025-11-18 02:42:42][INFO][Rank 0] - val Epoch 15/24: 67.3% (270/401)
[2025-11-18 02:42:43][INFO][Rank 0] - CUDA Memory [val][Step 270]: Device 0: Allocated: 3309.6 MB, Reserved: 117540.0 MB (Δ: +1687.0 MB)
[2025-11-18 02:42:47][INFO][Rank 0] - val Epoch 15/24: 69.8% (280/401)
[2025-11-18 02:42:52][INFO][Rank 0] - val Epoch 15/24: 72.3% (290/401)
[2025-11-18 02:42:57][INFO][Rank 0] - val Epoch 15/24: 74.8% (300/401)
[2025-11-18 02:43:02][INFO][Rank 0] - val Epoch 15/24: 77.3% (310/401)
[2025-11-18 02:43:07][INFO][Rank 0] - val Epoch 15/24: 79.8% (320/401)
[2025-11-18 02:43:12][INFO][Rank 0] - val Epoch 15/24: 82.3% (330/401)
[2025-11-18 02:43:17][INFO][Rank 0] - val Epoch 15/24: 84.8% (340/401)
[2025-11-18 02:43:22][INFO][Rank 0] - val Epoch 15/24: 87.3% (350/401)
[2025-11-18 02:43:27][INFO][Rank 0] - val Epoch 15/24: 89.8% (360/401)
[2025-11-18 02:43:32][INFO][Rank 0] - val Epoch 15/24: 92.3% (370/401)
[2025-11-18 02:43:37][INFO][Rank 0] - val Epoch 15/24: 94.8% (380/401)
[2025-11-18 02:43:42][INFO][Rank 0] - val Epoch 15/24: 97.3% (390/401)
[2025-11-18 02:43:47][INFO][Rank 0] - val Epoch 15/24: 99.8% (400/401)
[2025-11-18 02:43:48][INFO][Rank 0] - val Loss: 0.0971 Acc: 0.9751 F1: 0.9871
[2025-11-18 02:43:48][INFO][Rank 0] - val Balanced Acc: 0.9100 AUC-ROC: 0.9850
[2025-11-18 02:43:48][INFO][Rank 0] - val Sensitivity: 0.9785 Specificity: 0.8416
[2025-11-18 02:43:48][INFO][Rank 0] - val Confusion Matrix: TP=3825, FP=16, FN=84, TN=85
[2025-11-18 02:43:48][INFO][Rank 0] - val completed in 199.36s
[2025-11-18 02:43:48][INFO][Rank 0] - val cache: 0/1 items, hit rate: 0.00%
[2025-11-18 02:43:51][INFO][Rank 0] - Saved new best auc model with auc: 0.9850 at /projects/retprogression/rgarridogarcia/checkpoints/cropped1024_cropped_centered_wt_allR_5/best_auc_model.pth
[2025-11-18 02:43:55][INFO][Rank 0] - Saved epoch checkpoint at /projects/retprogression/rgarridogarcia/checkpoints/cropped1024_cropped_centered_wt_allR_5/epoch_15.pth
[2025-11-18 02:43:55][INFO][Rank 0] - Epoch 15 summary:
[2025-11-18 02:43:55][INFO][Rank 0] -  Train Loss: 0.1600, Train Acc: 0.9723, Train F1: 0.9856
[2025-11-18 02:43:55][INFO][Rank 0] -  Train Balanced Acc: 0.9031, Train AUC: 0.9639
[2025-11-18 02:43:55][INFO][Rank 0] -  Train Sensitivity: 0.9761, Train Specificity: 0.8300
[2025-11-18 02:43:55][INFO][Rank 0] -  Val Loss: 0.0971, Val Acc: 0.9751, Val F1: 0.9871
[2025-11-18 02:43:55][INFO][Rank 0] -  Val Balanced Acc: 0.9100, Val AUC: 0.9850
[2025-11-18 02:43:55][INFO][Rank 0] -  Val Sensitivity: 0.9785, Val Specificity: 0.8416
[2025-11-18 02:43:55][INFO][Rank 0] -  Total Epoch Time: 1580.62s
[2025-11-18 02:43:55][INFO][Rank 0] - Epoch 16/24
[2025-11-18 02:43:55][INFO][Rank 0] - ----------
[2025-11-18 02:43:55][INFO][Rank 0] - CUDA Memory [train][Step 0]: Device 0: Allocated: 3309.6 MB, Reserved: 117540.0 MB (Δ: +1687.0 MB)
[2025-11-18 02:43:55][INFO][Rank 0] - train phase: total 1946 batches
[2025-11-18 02:43:56][INFO][Rank 0] - train Epoch 16/24: 0.0% (0/1946)
[2025-11-18 02:44:03][INFO][Rank 0] - train Epoch 16/24: 0.5% (10/1946)
[2025-11-18 02:44:10][INFO][Rank 0] - train Epoch 16/24: 1.0% (20/1946)
[2025-11-18 02:44:17][INFO][Rank 0] - train Epoch 16/24: 1.5% (30/1946)
[2025-11-18 02:44:24][INFO][Rank 0] - train Epoch 16/24: 2.1% (40/1946)
[2025-11-18 02:44:31][INFO][Rank 0] - train Epoch 16/24: 2.6% (50/1946)
[2025-11-18 02:44:38][INFO][Rank 0] - train Epoch 16/24: 3.1% (60/1946)
[2025-11-18 02:44:45][INFO][Rank 0] - train Epoch 16/24: 3.6% (70/1946)
[2025-11-18 02:44:52][INFO][Rank 0] - train Epoch 16/24: 4.1% (80/1946)
[2025-11-18 02:44:59][INFO][Rank 0] - train Epoch 16/24: 4.6% (90/1946)
[2025-11-18 02:45:00][INFO][Rank 0] - CUDA Memory [train][Step 90]: Device 0: Allocated: 3309.6 MB, Reserved: 117540.0 MB (Δ: +1687.0 MB)
[2025-11-18 02:45:06][INFO][Rank 0] - train Epoch 16/24: 5.1% (100/1946)
[2025-11-18 02:45:13][INFO][Rank 0] - train Epoch 16/24: 5.7% (110/1946)
[2025-11-18 02:45:20][INFO][Rank 0] - train Epoch 16/24: 6.2% (120/1946)
[2025-11-18 02:45:27][INFO][Rank 0] - train Epoch 16/24: 6.7% (130/1946)
[2025-11-18 02:45:34][INFO][Rank 0] - train Epoch 16/24: 7.2% (140/1946)
[2025-11-18 02:45:41][INFO][Rank 0] - train Epoch 16/24: 7.7% (150/1946)
[2025-11-18 02:45:48][INFO][Rank 0] - train Epoch 16/24: 8.2% (160/1946)
[2025-11-18 02:45:56][INFO][Rank 0] - train Epoch 16/24: 8.7% (170/1946)
[2025-11-18 02:46:03][INFO][Rank 0] - train Epoch 16/24: 9.2% (180/1946)
[2025-11-18 02:46:03][INFO][Rank 0] - CUDA Memory [train][Step 180]: Device 0: Allocated: 3309.6 MB, Reserved: 117540.0 MB (Δ: +1687.0 MB)
[2025-11-18 02:46:10][INFO][Rank 0] - train Epoch 16/24: 9.8% (190/1946)
[2025-11-18 02:46:17][INFO][Rank 0] - train Epoch 16/24: 10.3% (200/1946)
[2025-11-18 02:46:24][INFO][Rank 0] - train Epoch 16/24: 10.8% (210/1946)
[2025-11-18 02:46:31][INFO][Rank 0] - train Epoch 16/24: 11.3% (220/1946)
[2025-11-18 02:46:38][INFO][Rank 0] - train Epoch 16/24: 11.8% (230/1946)
[2025-11-18 02:46:45][INFO][Rank 0] - train Epoch 16/24: 12.3% (240/1946)
[2025-11-18 02:46:52][INFO][Rank 0] - train Epoch 16/24: 12.8% (250/1946)
[2025-11-18 02:46:59][INFO][Rank 0] - train Epoch 16/24: 13.4% (260/1946)
[2025-11-18 02:47:06][INFO][Rank 0] - train Epoch 16/24: 13.9% (270/1946)
[2025-11-18 02:47:07][INFO][Rank 0] - CUDA Memory [train][Step 270]: Device 0: Allocated: 3309.6 MB, Reserved: 117540.0 MB (Δ: +1687.0 MB)
[2025-11-18 02:47:13][INFO][Rank 0] - train Epoch 16/24: 14.4% (280/1946)
[2025-11-18 02:47:20][INFO][Rank 0] - train Epoch 16/24: 14.9% (290/1946)
[2025-11-18 02:47:27][INFO][Rank 0] - train Epoch 16/24: 15.4% (300/1946)
[2025-11-18 02:47:34][INFO][Rank 0] - train Epoch 16/24: 15.9% (310/1946)
[2025-11-18 02:47:41][INFO][Rank 0] - train Epoch 16/24: 16.4% (320/1946)
[2025-11-18 02:47:48][INFO][Rank 0] - train Epoch 16/24: 17.0% (330/1946)
[2025-11-18 02:47:56][INFO][Rank 0] - train Epoch 16/24: 17.5% (340/1946)
[2025-11-18 02:48:03][INFO][Rank 0] - train Epoch 16/24: 18.0% (350/1946)
[2025-11-18 02:48:10][INFO][Rank 0] - train Epoch 16/24: 18.5% (360/1946)
[2025-11-18 02:48:10][INFO][Rank 0] - CUDA Memory [train][Step 360]: Device 0: Allocated: 3309.6 MB, Reserved: 117540.0 MB (Δ: +1687.0 MB)
[2025-11-18 02:48:17][INFO][Rank 0] - train Epoch 16/24: 19.0% (370/1946)
[2025-11-18 02:48:24][INFO][Rank 0] - train Epoch 16/24: 19.5% (380/1946)
[2025-11-18 02:48:31][INFO][Rank 0] - train Epoch 16/24: 20.0% (390/1946)
[2025-11-18 02:48:38][INFO][Rank 0] - train Epoch 16/24: 20.6% (400/1946)
[2025-11-18 02:48:45][INFO][Rank 0] - train Epoch 16/24: 21.1% (410/1946)
[2025-11-18 02:48:52][INFO][Rank 0] - train Epoch 16/24: 21.6% (420/1946)
[2025-11-18 02:48:59][INFO][Rank 0] - train Epoch 16/24: 22.1% (430/1946)
[2025-11-18 02:49:06][INFO][Rank 0] - train Epoch 16/24: 22.6% (440/1946)
[2025-11-18 02:49:13][INFO][Rank 0] - train Epoch 16/24: 23.1% (450/1946)
[2025-11-18 02:49:14][INFO][Rank 0] - CUDA Memory [train][Step 450]: Device 0: Allocated: 3309.6 MB, Reserved: 117540.0 MB (Δ: +1687.0 MB)
[2025-11-18 02:49:20][INFO][Rank 0] - train Epoch 16/24: 23.6% (460/1946)
[2025-11-18 02:49:27][INFO][Rank 0] - train Epoch 16/24: 24.2% (470/1946)
[2025-11-18 02:49:34][INFO][Rank 0] - train Epoch 16/24: 24.7% (480/1946)
[2025-11-18 02:49:41][INFO][Rank 0] - train Epoch 16/24: 25.2% (490/1946)
[2025-11-18 02:49:48][INFO][Rank 0] - train Epoch 16/24: 25.7% (500/1946)
[2025-11-18 02:49:55][INFO][Rank 0] - train Epoch 16/24: 26.2% (510/1946)
[2025-11-18 02:50:03][INFO][Rank 0] - train Epoch 16/24: 26.7% (520/1946)
[2025-11-18 02:50:10][INFO][Rank 0] - train Epoch 16/24: 27.2% (530/1946)
[2025-11-18 02:50:17][INFO][Rank 0] - train Epoch 16/24: 27.7% (540/1946)
[2025-11-18 02:50:17][INFO][Rank 0] - CUDA Memory [train][Step 540]: Device 0: Allocated: 3309.6 MB, Reserved: 117540.0 MB (Δ: +1687.0 MB)
[2025-11-18 02:50:24][INFO][Rank 0] - train Epoch 16/24: 28.3% (550/1946)
[2025-11-18 02:50:31][INFO][Rank 0] - train Epoch 16/24: 28.8% (560/1946)
[2025-11-18 02:50:38][INFO][Rank 0] - train Epoch 16/24: 29.3% (570/1946)
[2025-11-18 02:50:45][INFO][Rank 0] - train Epoch 16/24: 29.8% (580/1946)
[2025-11-18 02:50:52][INFO][Rank 0] - train Epoch 16/24: 30.3% (590/1946)
[2025-11-18 02:50:59][INFO][Rank 0] - train Epoch 16/24: 30.8% (600/1946)
[2025-11-18 02:51:06][INFO][Rank 0] - train Epoch 16/24: 31.3% (610/1946)
[2025-11-18 02:51:13][INFO][Rank 0] - train Epoch 16/24: 31.9% (620/1946)
[2025-11-18 02:51:20][INFO][Rank 0] - train Epoch 16/24: 32.4% (630/1946)
[2025-11-18 02:51:21][INFO][Rank 0] - CUDA Memory [train][Step 630]: Device 0: Allocated: 3309.6 MB, Reserved: 117540.0 MB (Δ: +1687.0 MB)
[2025-11-18 02:51:27][INFO][Rank 0] - train Epoch 16/24: 32.9% (640/1946)
[2025-11-18 02:51:34][INFO][Rank 0] - train Epoch 16/24: 33.4% (650/1946)
[2025-11-18 02:51:41][INFO][Rank 0] - train Epoch 16/24: 33.9% (660/1946)
[2025-11-18 02:51:48][INFO][Rank 0] - train Epoch 16/24: 34.4% (670/1946)
[2025-11-18 02:51:55][INFO][Rank 0] - train Epoch 16/24: 34.9% (680/1946)
[2025-11-18 02:52:03][INFO][Rank 0] - train Epoch 16/24: 35.5% (690/1946)
[2025-11-18 02:52:10][INFO][Rank 0] - train Epoch 16/24: 36.0% (700/1946)
[2025-11-18 02:52:17][INFO][Rank 0] - train Epoch 16/24: 36.5% (710/1946)
[2025-11-18 02:52:24][INFO][Rank 0] - train Epoch 16/24: 37.0% (720/1946)
[2025-11-18 02:52:24][INFO][Rank 0] - CUDA Memory [train][Step 720]: Device 0: Allocated: 3309.6 MB, Reserved: 117540.0 MB (Δ: +1687.0 MB)
[2025-11-18 02:52:31][INFO][Rank 0] - train Epoch 16/24: 37.5% (730/1946)
[2025-11-18 02:52:38][INFO][Rank 0] - train Epoch 16/24: 38.0% (740/1946)
[2025-11-18 02:52:45][INFO][Rank 0] - train Epoch 16/24: 38.5% (750/1946)
[2025-11-18 02:52:52][INFO][Rank 0] - train Epoch 16/24: 39.1% (760/1946)
[2025-11-18 02:52:59][INFO][Rank 0] - train Epoch 16/24: 39.6% (770/1946)
[2025-11-18 02:53:06][INFO][Rank 0] - train Epoch 16/24: 40.1% (780/1946)
[2025-11-18 02:53:13][INFO][Rank 0] - train Epoch 16/24: 40.6% (790/1946)
[2025-11-18 02:53:20][INFO][Rank 0] - train Epoch 16/24: 41.1% (800/1946)
[2025-11-18 02:53:27][INFO][Rank 0] - train Epoch 16/24: 41.6% (810/1946)
[2025-11-18 02:53:28][INFO][Rank 0] - CUDA Memory [train][Step 810]: Device 0: Allocated: 3309.6 MB, Reserved: 117540.0 MB (Δ: +1687.0 MB)
[2025-11-18 02:53:34][INFO][Rank 0] - train Epoch 16/24: 42.1% (820/1946)
[2025-11-18 02:53:41][INFO][Rank 0] - train Epoch 16/24: 42.7% (830/1946)
[2025-11-18 02:53:48][INFO][Rank 0] - train Epoch 16/24: 43.2% (840/1946)
[2025-11-18 02:53:55][INFO][Rank 0] - train Epoch 16/24: 43.7% (850/1946)
[2025-11-18 02:54:03][INFO][Rank 0] - train Epoch 16/24: 44.2% (860/1946)
[2025-11-18 02:54:10][INFO][Rank 0] - train Epoch 16/24: 44.7% (870/1946)
[2025-11-18 02:54:17][INFO][Rank 0] - train Epoch 16/24: 45.2% (880/1946)
[2025-11-18 02:54:24][INFO][Rank 0] - train Epoch 16/24: 45.7% (890/1946)
[2025-11-18 02:54:31][INFO][Rank 0] - train Epoch 16/24: 46.2% (900/1946)
[2025-11-18 02:54:31][INFO][Rank 0] - CUDA Memory [train][Step 900]: Device 0: Allocated: 3309.6 MB, Reserved: 117540.0 MB (Δ: +1687.0 MB)
[2025-11-18 02:54:38][INFO][Rank 0] - train Epoch 16/24: 46.8% (910/1946)
[2025-11-18 02:54:45][INFO][Rank 0] - train Epoch 16/24: 47.3% (920/1946)
[2025-11-18 02:54:52][INFO][Rank 0] - train Epoch 16/24: 47.8% (930/1946)
[2025-11-18 02:54:59][INFO][Rank 0] - train Epoch 16/24: 48.3% (940/1946)
[2025-11-18 02:55:06][INFO][Rank 0] - train Epoch 16/24: 48.8% (950/1946)
[2025-11-18 02:55:13][INFO][Rank 0] - train Epoch 16/24: 49.3% (960/1946)
[2025-11-18 02:55:20][INFO][Rank 0] - train Epoch 16/24: 49.8% (970/1946)
[2025-11-18 02:55:27][INFO][Rank 0] - train Epoch 16/24: 50.4% (980/1946)
[2025-11-18 02:55:34][INFO][Rank 0] - train Epoch 16/24: 50.9% (990/1946)
[2025-11-18 02:55:35][INFO][Rank 0] - CUDA Memory [train][Step 990]: Device 0: Allocated: 3309.6 MB, Reserved: 117540.0 MB (Δ: +1687.0 MB)
[2025-11-18 02:55:41][INFO][Rank 0] - train Epoch 16/24: 51.4% (1000/1946)
[2025-11-18 02:55:48][INFO][Rank 0] - train Epoch 16/24: 51.9% (1010/1946)
[2025-11-18 02:55:55][INFO][Rank 0] - train Epoch 16/24: 52.4% (1020/1946)
[2025-11-18 02:56:02][INFO][Rank 0] - train Epoch 16/24: 52.9% (1030/1946)
[2025-11-18 02:56:10][INFO][Rank 0] - train Epoch 16/24: 53.4% (1040/1946)
[2025-11-18 02:56:17][INFO][Rank 0] - train Epoch 16/24: 54.0% (1050/1946)
[2025-11-18 02:56:24][INFO][Rank 0] - train Epoch 16/24: 54.5% (1060/1946)
[2025-11-18 02:56:31][INFO][Rank 0] - train Epoch 16/24: 55.0% (1070/1946)
[2025-11-18 02:56:38][INFO][Rank 0] - train Epoch 16/24: 55.5% (1080/1946)
[2025-11-18 02:56:38][INFO][Rank 0] - CUDA Memory [train][Step 1080]: Device 0: Allocated: 3309.6 MB, Reserved: 117540.0 MB (Δ: +1687.0 MB)
[2025-11-18 02:56:45][INFO][Rank 0] - train Epoch 16/24: 56.0% (1090/1946)
[2025-11-18 02:56:52][INFO][Rank 0] - train Epoch 16/24: 56.5% (1100/1946)
[2025-11-18 02:56:59][INFO][Rank 0] - train Epoch 16/24: 57.0% (1110/1946)
[2025-11-18 02:57:06][INFO][Rank 0] - train Epoch 16/24: 57.6% (1120/1946)
[2025-11-18 02:57:13][INFO][Rank 0] - train Epoch 16/24: 58.1% (1130/1946)
[2025-11-18 02:57:20][INFO][Rank 0] - train Epoch 16/24: 58.6% (1140/1946)
[2025-11-18 02:57:27][INFO][Rank 0] - train Epoch 16/24: 59.1% (1150/1946)
[2025-11-18 02:57:34][INFO][Rank 0] - train Epoch 16/24: 59.6% (1160/1946)
[2025-11-18 02:57:41][INFO][Rank 0] - train Epoch 16/24: 60.1% (1170/1946)
[2025-11-18 02:57:42][INFO][Rank 0] - CUDA Memory [train][Step 1170]: Device 0: Allocated: 3309.6 MB, Reserved: 117540.0 MB (Δ: +1687.0 MB)
[2025-11-18 02:57:48][INFO][Rank 0] - train Epoch 16/24: 60.6% (1180/1946)
[2025-11-18 02:57:55][INFO][Rank 0] - train Epoch 16/24: 61.2% (1190/1946)
[2025-11-18 02:58:02][INFO][Rank 0] - train Epoch 16/24: 61.7% (1200/1946)
[2025-11-18 02:58:10][INFO][Rank 0] - train Epoch 16/24: 62.2% (1210/1946)
[2025-11-18 02:58:17][INFO][Rank 0] - train Epoch 16/24: 62.7% (1220/1946)
[2025-11-18 02:58:24][INFO][Rank 0] - train Epoch 16/24: 63.2% (1230/1946)
[2025-11-18 02:58:31][INFO][Rank 0] - train Epoch 16/24: 63.7% (1240/1946)
[2025-11-18 02:58:38][INFO][Rank 0] - train Epoch 16/24: 64.2% (1250/1946)
[2025-11-18 02:58:45][INFO][Rank 0] - train Epoch 16/24: 64.7% (1260/1946)
[2025-11-18 02:58:46][INFO][Rank 0] - CUDA Memory [train][Step 1260]: Device 0: Allocated: 3309.6 MB, Reserved: 117540.0 MB (Δ: +1687.0 MB)
[2025-11-18 02:58:52][INFO][Rank 0] - train Epoch 16/24: 65.3% (1270/1946)
[2025-11-18 02:58:59][INFO][Rank 0] - train Epoch 16/24: 65.8% (1280/1946)
[2025-11-18 02:59:06][INFO][Rank 0] - train Epoch 16/24: 66.3% (1290/1946)
[2025-11-18 02:59:13][INFO][Rank 0] - train Epoch 16/24: 66.8% (1300/1946)
[2025-11-18 02:59:20][INFO][Rank 0] - train Epoch 16/24: 67.3% (1310/1946)
[2025-11-18 02:59:27][INFO][Rank 0] - train Epoch 16/24: 67.8% (1320/1946)
[2025-11-18 02:59:34][INFO][Rank 0] - train Epoch 16/24: 68.3% (1330/1946)
[2025-11-18 02:59:41][INFO][Rank 0] - train Epoch 16/24: 68.9% (1340/1946)
[2025-11-18 02:59:48][INFO][Rank 0] - train Epoch 16/24: 69.4% (1350/1946)
[2025-11-18 02:59:49][INFO][Rank 0] - CUDA Memory [train][Step 1350]: Device 0: Allocated: 3309.6 MB, Reserved: 117540.0 MB (Δ: +1687.0 MB)
[2025-11-18 02:59:55][INFO][Rank 0] - train Epoch 16/24: 69.9% (1360/1946)
[2025-11-18 03:00:02][INFO][Rank 0] - train Epoch 16/24: 70.4% (1370/1946)
[2025-11-18 03:00:09][INFO][Rank 0] - train Epoch 16/24: 70.9% (1380/1946)
[2025-11-18 03:00:17][INFO][Rank 0] - train Epoch 16/24: 71.4% (1390/1946)
[2025-11-18 03:00:24][INFO][Rank 0] - train Epoch 16/24: 71.9% (1400/1946)
[2025-11-18 03:00:31][INFO][Rank 0] - train Epoch 16/24: 72.5% (1410/1946)
[2025-11-18 03:00:38][INFO][Rank 0] - train Epoch 16/24: 73.0% (1420/1946)
[2025-11-18 03:00:45][INFO][Rank 0] - train Epoch 16/24: 73.5% (1430/1946)
[2025-11-18 03:00:52][INFO][Rank 0] - train Epoch 16/24: 74.0% (1440/1946)
[2025-11-18 03:00:53][INFO][Rank 0] - CUDA Memory [train][Step 1440]: Device 0: Allocated: 3309.6 MB, Reserved: 117540.0 MB (Δ: +1687.0 MB)
[2025-11-18 03:00:59][INFO][Rank 0] - train Epoch 16/24: 74.5% (1450/1946)
[2025-11-18 03:01:06][INFO][Rank 0] - train Epoch 16/24: 75.0% (1460/1946)
[2025-11-18 03:01:13][INFO][Rank 0] - train Epoch 16/24: 75.5% (1470/1946)
[2025-11-18 03:01:20][INFO][Rank 0] - train Epoch 16/24: 76.1% (1480/1946)
[2025-11-18 03:01:27][INFO][Rank 0] - train Epoch 16/24: 76.6% (1490/1946)
[2025-11-18 03:01:34][INFO][Rank 0] - train Epoch 16/24: 77.1% (1500/1946)
[2025-11-18 03:01:41][INFO][Rank 0] - train Epoch 16/24: 77.6% (1510/1946)
[2025-11-18 03:01:48][INFO][Rank 0] - train Epoch 16/24: 78.1% (1520/1946)
[2025-11-18 03:01:55][INFO][Rank 0] - train Epoch 16/24: 78.6% (1530/1946)
[2025-11-18 03:01:56][INFO][Rank 0] - CUDA Memory [train][Step 1530]: Device 0: Allocated: 3309.6 MB, Reserved: 117540.0 MB (Δ: +1687.0 MB)
[2025-11-18 03:02:02][INFO][Rank 0] - train Epoch 16/24: 79.1% (1540/1946)
[2025-11-18 03:02:09][INFO][Rank 0] - train Epoch 16/24: 79.7% (1550/1946)
[2025-11-18 03:02:17][INFO][Rank 0] - train Epoch 16/24: 80.2% (1560/1946)
[2025-11-18 03:02:24][INFO][Rank 0] - train Epoch 16/24: 80.7% (1570/1946)
[2025-11-18 03:02:31][INFO][Rank 0] - train Epoch 16/24: 81.2% (1580/1946)
[2025-11-18 03:02:38][INFO][Rank 0] - train Epoch 16/24: 81.7% (1590/1946)
[2025-11-18 03:02:45][INFO][Rank 0] - train Epoch 16/24: 82.2% (1600/1946)
[2025-11-18 03:02:52][INFO][Rank 0] - train Epoch 16/24: 82.7% (1610/1946)
[2025-11-18 03:02:59][INFO][Rank 0] - train Epoch 16/24: 83.2% (1620/1946)
[2025-11-18 03:03:00][INFO][Rank 0] - CUDA Memory [train][Step 1620]: Device 0: Allocated: 3309.6 MB, Reserved: 117540.0 MB (Δ: +1687.0 MB)
[2025-11-18 03:03:06][INFO][Rank 0] - train Epoch 16/24: 83.8% (1630/1946)
[2025-11-18 03:03:13][INFO][Rank 0] - train Epoch 16/24: 84.3% (1640/1946)
[2025-11-18 03:03:20][INFO][Rank 0] - train Epoch 16/24: 84.8% (1650/1946)
[2025-11-18 03:03:27][INFO][Rank 0] - train Epoch 16/24: 85.3% (1660/1946)
[2025-11-18 03:03:34][INFO][Rank 0] - train Epoch 16/24: 85.8% (1670/1946)
[2025-11-18 03:03:41][INFO][Rank 0] - train Epoch 16/24: 86.3% (1680/1946)
[2025-11-18 03:03:48][INFO][Rank 0] - train Epoch 16/24: 86.8% (1690/1946)
[2025-11-18 03:03:55][INFO][Rank 0] - train Epoch 16/24: 87.4% (1700/1946)
[2025-11-18 03:04:02][INFO][Rank 0] - train Epoch 16/24: 87.9% (1710/1946)
[2025-11-18 03:04:03][INFO][Rank 0] - CUDA Memory [train][Step 1710]: Device 0: Allocated: 3309.6 MB, Reserved: 117540.0 MB (Δ: +1687.0 MB)
[2025-11-18 03:04:09][INFO][Rank 0] - train Epoch 16/24: 88.4% (1720/1946)
[2025-11-18 03:04:17][INFO][Rank 0] - train Epoch 16/24: 88.9% (1730/1946)
[2025-11-18 03:04:24][INFO][Rank 0] - train Epoch 16/24: 89.4% (1740/1946)
[2025-11-18 03:04:31][INFO][Rank 0] - train Epoch 16/24: 89.9% (1750/1946)
[2025-11-18 03:04:38][INFO][Rank 0] - train Epoch 16/24: 90.4% (1760/1946)
[2025-11-18 03:04:45][INFO][Rank 0] - train Epoch 16/24: 91.0% (1770/1946)
[2025-11-18 03:04:52][INFO][Rank 0] - train Epoch 16/24: 91.5% (1780/1946)
[2025-11-18 03:04:59][INFO][Rank 0] - train Epoch 16/24: 92.0% (1790/1946)
[2025-11-18 03:05:06][INFO][Rank 0] - train Epoch 16/24: 92.5% (1800/1946)
[2025-11-18 03:05:07][INFO][Rank 0] - CUDA Memory [train][Step 1800]: Device 0: Allocated: 3309.6 MB, Reserved: 117540.0 MB (Δ: +1687.0 MB)
[2025-11-18 03:05:13][INFO][Rank 0] - train Epoch 16/24: 93.0% (1810/1946)
[2025-11-18 03:05:20][INFO][Rank 0] - train Epoch 16/24: 93.5% (1820/1946)
[2025-11-18 03:05:27][INFO][Rank 0] - train Epoch 16/24: 94.0% (1830/1946)
[2025-11-18 03:05:34][INFO][Rank 0] - train Epoch 16/24: 94.6% (1840/1946)
[2025-11-18 03:05:41][INFO][Rank 0] - train Epoch 16/24: 95.1% (1850/1946)
[2025-11-18 03:05:48][INFO][Rank 0] - train Epoch 16/24: 95.6% (1860/1946)
[2025-11-18 03:05:55][INFO][Rank 0] - train Epoch 16/24: 96.1% (1870/1946)
[2025-11-18 03:06:02][INFO][Rank 0] - train Epoch 16/24: 96.6% (1880/1946)
[2025-11-18 03:06:09][INFO][Rank 0] - train Epoch 16/24: 97.1% (1890/1946)
[2025-11-18 03:06:10][INFO][Rank 0] - CUDA Memory [train][Step 1890]: Device 0: Allocated: 3309.6 MB, Reserved: 117540.0 MB (Δ: +1687.0 MB)
[2025-11-18 03:06:16][INFO][Rank 0] - train Epoch 16/24: 97.6% (1900/1946)
[2025-11-18 03:06:24][INFO][Rank 0] - train Epoch 16/24: 98.2% (1910/1946)
[2025-11-18 03:06:31][INFO][Rank 0] - train Epoch 16/24: 98.7% (1920/1946)
[2025-11-18 03:06:38][INFO][Rank 0] - train Epoch 16/24: 99.2% (1930/1946)
[2025-11-18 03:06:45][INFO][Rank 0] - train Epoch 16/24: 99.7% (1940/1946)
[2025-11-18 03:06:48][INFO][Rank 0] - train Epoch 16/24: 99.9% (1945/1946)
[2025-11-18 03:06:49][INFO][Rank 0] - train Loss: 0.1642 Acc: 0.9730 F1: 0.9860
[2025-11-18 03:06:49][INFO][Rank 0] - train Balanced Acc: 0.8977 AUC-ROC: 0.9638
[2025-11-18 03:06:49][INFO][Rank 0] - train Sensitivity: 0.9772 Specificity: 0.8182
[2025-11-18 03:06:49][INFO][Rank 0] - train Confusion Matrix: TP=18521, FP=92, FN=433, TN=414
[2025-11-18 03:06:49][INFO][Rank 0] - train completed in 1373.84s
[2025-11-18 03:06:49][INFO][Rank 0] - Data loading time: 1.00s, Forward time: 279.44s, Backward time: 744.43s
[2025-11-18 03:06:49][INFO][Rank 0] - train cache: 0/1 items, hit rate: 0.00%
[2025-11-18 03:06:49][INFO][Rank 0] - CUDA Memory [val][Step 0]: Device 0: Allocated: 3309.6 MB, Reserved: 117540.0 MB (Δ: +1687.0 MB)
[2025-11-18 03:06:49][INFO][Rank 0] - val phase: total 401 batches
[2025-11-18 03:06:49][INFO][Rank 0] - val Epoch 16/24: 0.0% (0/401)
[2025-11-18 03:06:54][INFO][Rank 0] - val Epoch 16/24: 2.5% (10/401)
[2025-11-18 03:06:59][INFO][Rank 0] - val Epoch 16/24: 5.0% (20/401)
[2025-11-18 03:07:04][INFO][Rank 0] - val Epoch 16/24: 7.5% (30/401)
[2025-11-18 03:07:09][INFO][Rank 0] - val Epoch 16/24: 10.0% (40/401)
[2025-11-18 03:07:14][INFO][Rank 0] - val Epoch 16/24: 12.5% (50/401)
[2025-11-18 03:07:19][INFO][Rank 0] - val Epoch 16/24: 15.0% (60/401)
[2025-11-18 03:07:24][INFO][Rank 0] - val Epoch 16/24: 17.5% (70/401)
[2025-11-18 03:07:29][INFO][Rank 0] - val Epoch 16/24: 20.0% (80/401)
[2025-11-18 03:07:34][INFO][Rank 0] - val Epoch 16/24: 22.4% (90/401)
[2025-11-18 03:07:39][INFO][Rank 0] - val Epoch 16/24: 24.9% (100/401)
[2025-11-18 03:07:44][INFO][Rank 0] - val Epoch 16/24: 27.4% (110/401)
[2025-11-18 03:07:49][INFO][Rank 0] - val Epoch 16/24: 29.9% (120/401)
[2025-11-18 03:07:50][INFO][Rank 0] - CUDA Memory [val][Step 120]: Device 0: Allocated: 3309.6 MB, Reserved: 117540.0 MB (Δ: +1687.0 MB)
[2025-11-18 03:07:54][INFO][Rank 0] - val Epoch 16/24: 32.4% (130/401)
[2025-11-18 03:07:59][INFO][Rank 0] - val Epoch 16/24: 34.9% (140/401)
[2025-11-18 03:08:04][INFO][Rank 0] - val Epoch 16/24: 37.4% (150/401)
[2025-11-18 03:08:09][INFO][Rank 0] - val Epoch 16/24: 39.9% (160/401)
[2025-11-18 03:08:14][INFO][Rank 0] - val Epoch 16/24: 42.4% (170/401)
[2025-11-18 03:08:19][INFO][Rank 0] - val Epoch 16/24: 44.9% (180/401)
[2025-11-18 03:08:24][INFO][Rank 0] - val Epoch 16/24: 47.4% (190/401)
[2025-11-18 03:08:29][INFO][Rank 0] - val Epoch 16/24: 49.9% (200/401)
[2025-11-18 03:08:34][INFO][Rank 0] - val Epoch 16/24: 52.4% (210/401)
[2025-11-18 03:08:39][INFO][Rank 0] - val Epoch 16/24: 54.9% (220/401)
[2025-11-18 03:08:44][INFO][Rank 0] - val Epoch 16/24: 57.4% (230/401)
[2025-11-18 03:08:49][INFO][Rank 0] - val Epoch 16/24: 59.9% (240/401)
[2025-11-18 03:08:54][INFO][Rank 0] - val Epoch 16/24: 62.3% (250/401)
[2025-11-18 03:08:59][INFO][Rank 0] - val Epoch 16/24: 64.8% (260/401)
[2025-11-18 03:09:04][INFO][Rank 0] - val Epoch 16/24: 67.3% (270/401)
[2025-11-18 03:09:04][INFO][Rank 0] - CUDA Memory [val][Step 270]: Device 0: Allocated: 3309.6 MB, Reserved: 117540.0 MB (Δ: +1687.0 MB)
[2025-11-18 03:09:09][INFO][Rank 0] - val Epoch 16/24: 69.8% (280/401)
[2025-11-18 03:09:14][INFO][Rank 0] - val Epoch 16/24: 72.3% (290/401)
[2025-11-18 03:09:19][INFO][Rank 0] - val Epoch 16/24: 74.8% (300/401)
[2025-11-18 03:09:24][INFO][Rank 0] - val Epoch 16/24: 77.3% (310/401)
[2025-11-18 03:09:29][INFO][Rank 0] - val Epoch 16/24: 79.8% (320/401)
[2025-11-18 03:09:34][INFO][Rank 0] - val Epoch 16/24: 82.3% (330/401)
[2025-11-18 03:09:39][INFO][Rank 0] - val Epoch 16/24: 84.8% (340/401)
[2025-11-18 03:09:44][INFO][Rank 0] - val Epoch 16/24: 87.3% (350/401)
[2025-11-18 03:09:49][INFO][Rank 0] - val Epoch 16/24: 89.8% (360/401)
[2025-11-18 03:09:54][INFO][Rank 0] - val Epoch 16/24: 92.3% (370/401)
[2025-11-18 03:09:59][INFO][Rank 0] - val Epoch 16/24: 94.8% (380/401)
[2025-11-18 03:10:04][INFO][Rank 0] - val Epoch 16/24: 97.3% (390/401)
[2025-11-18 03:10:09][INFO][Rank 0] - val Epoch 16/24: 99.8% (400/401)
[2025-11-18 03:10:09][INFO][Rank 0] - val Loss: 0.1013 Acc: 0.9688 F1: 0.9838
[2025-11-18 03:10:09][INFO][Rank 0] - val Balanced Acc: 0.9261 AUC-ROC: 0.9853
[2025-11-18 03:10:09][INFO][Rank 0] - val Sensitivity: 0.9711 Specificity: 0.8812
[2025-11-18 03:10:09][INFO][Rank 0] - val Confusion Matrix: TP=3796, FP=12, FN=113, TN=89
[2025-11-18 03:10:09][INFO][Rank 0] - val completed in 200.05s
[2025-11-18 03:10:09][INFO][Rank 0] - val cache: 0/1 items, hit rate: 0.00%
[2025-11-18 03:10:13][INFO][Rank 0] - Saved new best balanced_acc model with balanced_acc: 0.9261 at /projects/retprogression/rgarridogarcia/checkpoints/cropped1024_cropped_centered_wt_allR_5/best_balanced_acc_model.pth
[2025-11-18 03:10:19][INFO][Rank 0] - Also saved as general best model at /projects/retprogression/rgarridogarcia/checkpoints/cropped1024_cropped_centered_wt_allR_5/best_model.pth
[2025-11-18 03:10:23][INFO][Rank 0] - Saved new best auc model with auc: 0.9853 at /projects/retprogression/rgarridogarcia/checkpoints/cropped1024_cropped_centered_wt_allR_5/best_auc_model.pth
[2025-11-18 03:10:26][INFO][Rank 0] - Saved epoch checkpoint at /projects/retprogression/rgarridogarcia/checkpoints/cropped1024_cropped_centered_wt_allR_5/epoch_16.pth
[2025-11-18 03:10:26][INFO][Rank 0] - Epoch 16 summary:
[2025-11-18 03:10:26][INFO][Rank 0] -  Train Loss: 0.1642, Train Acc: 0.9730, Train F1: 0.9860
[2025-11-18 03:10:26][INFO][Rank 0] -  Train Balanced Acc: 0.8977, Train AUC: 0.9638
[2025-11-18 03:10:26][INFO][Rank 0] -  Train Sensitivity: 0.9772, Train Specificity: 0.8182
[2025-11-18 03:10:26][INFO][Rank 0] -  Val Loss: 0.1013, Val Acc: 0.9688, Val F1: 0.9838
[2025-11-18 03:10:26][INFO][Rank 0] -  Val Balanced Acc: 0.9261, Val AUC: 0.9853
[2025-11-18 03:10:26][INFO][Rank 0] -  Val Sensitivity: 0.9711, Val Specificity: 0.8812
[2025-11-18 03:10:26][INFO][Rank 0] -  Total Epoch Time: 1591.33s
[2025-11-18 03:10:26][INFO][Rank 0] - Epoch 17/24
[2025-11-18 03:10:26][INFO][Rank 0] - ----------
[2025-11-18 03:10:26][INFO][Rank 0] - CUDA Memory [train][Step 0]: Device 0: Allocated: 3309.6 MB, Reserved: 117540.0 MB (Δ: +1687.0 MB)
[2025-11-18 03:10:26][INFO][Rank 0] - train phase: total 1946 batches
[2025-11-18 03:10:27][INFO][Rank 0] - train Epoch 17/24: 0.0% (0/1946)
[2025-11-18 03:10:34][INFO][Rank 0] - train Epoch 17/24: 0.5% (10/1946)
[2025-11-18 03:10:41][INFO][Rank 0] - train Epoch 17/24: 1.0% (20/1946)
[2025-11-18 03:10:48][INFO][Rank 0] - train Epoch 17/24: 1.5% (30/1946)
[2025-11-18 03:10:55][INFO][Rank 0] - train Epoch 17/24: 2.1% (40/1946)
[2025-11-18 03:11:02][INFO][Rank 0] - train Epoch 17/24: 2.6% (50/1946)
[2025-11-18 03:11:09][INFO][Rank 0] - train Epoch 17/24: 3.1% (60/1946)
[2025-11-18 03:11:16][INFO][Rank 0] - train Epoch 17/24: 3.6% (70/1946)
[2025-11-18 03:11:23][INFO][Rank 0] - train Epoch 17/24: 4.1% (80/1946)
[2025-11-18 03:11:30][INFO][Rank 0] - train Epoch 17/24: 4.6% (90/1946)
[2025-11-18 03:11:31][INFO][Rank 0] - CUDA Memory [train][Step 90]: Device 0: Allocated: 3309.6 MB, Reserved: 117540.0 MB (Δ: +1687.0 MB)
[2025-11-18 03:11:37][INFO][Rank 0] - train Epoch 17/24: 5.1% (100/1946)
[2025-11-18 03:11:44][INFO][Rank 0] - train Epoch 17/24: 5.7% (110/1946)
[2025-11-18 03:11:52][INFO][Rank 0] - train Epoch 17/24: 6.2% (120/1946)
[2025-11-18 03:11:59][INFO][Rank 0] - train Epoch 17/24: 6.7% (130/1946)
[2025-11-18 03:12:06][INFO][Rank 0] - train Epoch 17/24: 7.2% (140/1946)
[2025-11-18 03:12:13][INFO][Rank 0] - train Epoch 17/24: 7.7% (150/1946)
[2025-11-18 03:12:20][INFO][Rank 0] - train Epoch 17/24: 8.2% (160/1946)
[2025-11-18 03:12:27][INFO][Rank 0] - train Epoch 17/24: 8.7% (170/1946)
[2025-11-18 03:12:34][INFO][Rank 0] - train Epoch 17/24: 9.2% (180/1946)
[2025-11-18 03:12:35][INFO][Rank 0] - CUDA Memory [train][Step 180]: Device 0: Allocated: 3309.6 MB, Reserved: 117540.0 MB (Δ: +1687.0 MB)
[2025-11-18 03:12:41][INFO][Rank 0] - train Epoch 17/24: 9.8% (190/1946)
[2025-11-18 03:12:48][INFO][Rank 0] - train Epoch 17/24: 10.3% (200/1946)
[2025-11-18 03:12:55][INFO][Rank 0] - train Epoch 17/24: 10.8% (210/1946)
[2025-11-18 03:13:02][INFO][Rank 0] - train Epoch 17/24: 11.3% (220/1946)
[2025-11-18 03:13:09][INFO][Rank 0] - train Epoch 17/24: 11.8% (230/1946)
[2025-11-18 03:13:16][INFO][Rank 0] - train Epoch 17/24: 12.3% (240/1946)
[2025-11-18 03:13:23][INFO][Rank 0] - train Epoch 17/24: 12.8% (250/1946)
[2025-11-18 03:13:30][INFO][Rank 0] - train Epoch 17/24: 13.4% (260/1946)
[2025-11-18 03:13:37][INFO][Rank 0] - train Epoch 17/24: 13.9% (270/1946)
[2025-11-18 03:13:38][INFO][Rank 0] - CUDA Memory [train][Step 270]: Device 0: Allocated: 3309.6 MB, Reserved: 117540.0 MB (Δ: +1687.0 MB)
[2025-11-18 03:13:44][INFO][Rank 0] - train Epoch 17/24: 14.4% (280/1946)
[2025-11-18 03:13:51][INFO][Rank 0] - train Epoch 17/24: 14.9% (290/1946)
[2025-11-18 03:13:59][INFO][Rank 0] - train Epoch 17/24: 15.4% (300/1946)
[2025-11-18 03:14:06][INFO][Rank 0] - train Epoch 17/24: 15.9% (310/1946)
[2025-11-18 03:14:13][INFO][Rank 0] - train Epoch 17/24: 16.4% (320/1946)
[2025-11-18 03:14:20][INFO][Rank 0] - train Epoch 17/24: 17.0% (330/1946)
[2025-11-18 03:14:27][INFO][Rank 0] - train Epoch 17/24: 17.5% (340/1946)
[2025-11-18 03:14:34][INFO][Rank 0] - train Epoch 17/24: 18.0% (350/1946)
[2025-11-18 03:14:41][INFO][Rank 0] - train Epoch 17/24: 18.5% (360/1946)
[2025-11-18 03:14:42][INFO][Rank 0] - CUDA Memory [train][Step 360]: Device 0: Allocated: 3309.6 MB, Reserved: 117540.0 MB (Δ: +1687.0 MB)
[2025-11-18 03:14:48][INFO][Rank 0] - train Epoch 17/24: 19.0% (370/1946)
[2025-11-18 03:14:55][INFO][Rank 0] - train Epoch 17/24: 19.5% (380/1946)
[2025-11-18 03:15:02][INFO][Rank 0] - train Epoch 17/24: 20.0% (390/1946)
[2025-11-18 03:15:09][INFO][Rank 0] - train Epoch 17/24: 20.6% (400/1946)
[2025-11-18 03:15:16][INFO][Rank 0] - train Epoch 17/24: 21.1% (410/1946)
[2025-11-18 03:15:23][INFO][Rank 0] - train Epoch 17/24: 21.6% (420/1946)
[2025-11-18 03:15:30][INFO][Rank 0] - train Epoch 17/24: 22.1% (430/1946)
[2025-11-18 03:15:37][INFO][Rank 0] - train Epoch 17/24: 22.6% (440/1946)
[2025-11-18 03:15:44][INFO][Rank 0] - train Epoch 17/24: 23.1% (450/1946)
[2025-11-18 03:15:45][INFO][Rank 0] - CUDA Memory [train][Step 450]: Device 0: Allocated: 3309.6 MB, Reserved: 117540.0 MB (Δ: +1687.0 MB)
[2025-11-18 03:15:51][INFO][Rank 0] - train Epoch 17/24: 23.6% (460/1946)
[2025-11-18 03:15:59][INFO][Rank 0] - train Epoch 17/24: 24.2% (470/1946)
[2025-11-18 03:16:06][INFO][Rank 0] - train Epoch 17/24: 24.7% (480/1946)
[2025-11-18 03:16:13][INFO][Rank 0] - train Epoch 17/24: 25.2% (490/1946)
[2025-11-18 03:16:20][INFO][Rank 0] - train Epoch 17/24: 25.7% (500/1946)
[2025-11-18 03:16:27][INFO][Rank 0] - train Epoch 17/24: 26.2% (510/1946)
[2025-11-18 03:16:34][INFO][Rank 0] - train Epoch 17/24: 26.7% (520/1946)
[2025-11-18 03:16:41][INFO][Rank 0] - train Epoch 17/24: 27.2% (530/1946)
[2025-11-18 03:16:48][INFO][Rank 0] - train Epoch 17/24: 27.7% (540/1946)
[2025-11-18 03:16:49][INFO][Rank 0] - CUDA Memory [train][Step 540]: Device 0: Allocated: 3309.6 MB, Reserved: 117540.0 MB (Δ: +1687.0 MB)
[2025-11-18 03:16:55][INFO][Rank 0] - train Epoch 17/24: 28.3% (550/1946)
[2025-11-18 03:17:02][INFO][Rank 0] - train Epoch 17/24: 28.8% (560/1946)
[2025-11-18 03:17:09][INFO][Rank 0] - train Epoch 17/24: 29.3% (570/1946)
[2025-11-18 03:17:16][INFO][Rank 0] - train Epoch 17/24: 29.8% (580/1946)
[2025-11-18 03:17:23][INFO][Rank 0] - train Epoch 17/24: 30.3% (590/1946)
[2025-11-18 03:17:30][INFO][Rank 0] - train Epoch 17/24: 30.8% (600/1946)
[2025-11-18 03:17:37][INFO][Rank 0] - train Epoch 17/24: 31.3% (610/1946)
[2025-11-18 03:17:44][INFO][Rank 0] - train Epoch 17/24: 31.9% (620/1946)
[2025-11-18 03:17:51][INFO][Rank 0] - train Epoch 17/24: 32.4% (630/1946)
[2025-11-18 03:17:52][INFO][Rank 0] - CUDA Memory [train][Step 630]: Device 0: Allocated: 3309.6 MB, Reserved: 117540.0 MB (Δ: +1687.0 MB)
[2025-11-18 03:17:58][INFO][Rank 0] - train Epoch 17/24: 32.9% (640/1946)
[2025-11-18 03:18:06][INFO][Rank 0] - train Epoch 17/24: 33.4% (650/1946)
[2025-11-18 03:18:13][INFO][Rank 0] - train Epoch 17/24: 33.9% (660/1946)
[2025-11-18 03:18:20][INFO][Rank 0] - train Epoch 17/24: 34.4% (670/1946)
[2025-11-18 03:18:27][INFO][Rank 0] - train Epoch 17/24: 34.9% (680/1946)
[2025-11-18 03:18:34][INFO][Rank 0] - train Epoch 17/24: 35.5% (690/1946)
[2025-11-18 03:18:41][INFO][Rank 0] - train Epoch 17/24: 36.0% (700/1946)
[2025-11-18 03:18:48][INFO][Rank 0] - train Epoch 17/24: 36.5% (710/1946)
[2025-11-18 03:18:55][INFO][Rank 0] - train Epoch 17/24: 37.0% (720/1946)
[2025-11-18 03:18:56][INFO][Rank 0] - CUDA Memory [train][Step 720]: Device 0: Allocated: 3309.6 MB, Reserved: 117540.0 MB (Δ: +1687.0 MB)
[2025-11-18 03:19:02][INFO][Rank 0] - train Epoch 17/24: 37.5% (730/1946)
[2025-11-18 03:19:09][INFO][Rank 0] - train Epoch 17/24: 38.0% (740/1946)
[2025-11-18 03:19:16][INFO][Rank 0] - train Epoch 17/24: 38.5% (750/1946)
[2025-11-18 03:19:23][INFO][Rank 0] - train Epoch 17/24: 39.1% (760/1946)
[2025-11-18 03:19:30][INFO][Rank 0] - train Epoch 17/24: 39.6% (770/1946)
[2025-11-18 03:19:37][INFO][Rank 0] - train Epoch 17/24: 40.1% (780/1946)
[2025-11-18 03:19:44][INFO][Rank 0] - train Epoch 17/24: 40.6% (790/1946)
[2025-11-18 03:19:51][INFO][Rank 0] - train Epoch 17/24: 41.1% (800/1946)
[2025-11-18 03:19:58][INFO][Rank 0] - train Epoch 17/24: 41.6% (810/1946)
[2025-11-18 03:19:59][INFO][Rank 0] - CUDA Memory [train][Step 810]: Device 0: Allocated: 3309.6 MB, Reserved: 117540.0 MB (Δ: +1687.0 MB)
[2025-11-18 03:20:06][INFO][Rank 0] - train Epoch 17/24: 42.1% (820/1946)
[2025-11-18 03:20:13][INFO][Rank 0] - train Epoch 17/24: 42.7% (830/1946)
[2025-11-18 03:20:20][INFO][Rank 0] - train Epoch 17/24: 43.2% (840/1946)
[2025-11-18 03:20:27][INFO][Rank 0] - train Epoch 17/24: 43.7% (850/1946)
[2025-11-18 03:20:34][INFO][Rank 0] - train Epoch 17/24: 44.2% (860/1946)
[2025-11-18 03:20:41][INFO][Rank 0] - train Epoch 17/24: 44.7% (870/1946)
[2025-11-18 03:20:48][INFO][Rank 0] - train Epoch 17/24: 45.2% (880/1946)
[2025-11-18 03:20:55][INFO][Rank 0] - train Epoch 17/24: 45.7% (890/1946)
[2025-11-18 03:21:02][INFO][Rank 0] - train Epoch 17/24: 46.2% (900/1946)
[2025-11-18 03:21:03][INFO][Rank 0] - CUDA Memory [train][Step 900]: Device 0: Allocated: 3309.6 MB, Reserved: 117540.0 MB (Δ: +1687.0 MB)
[2025-11-18 03:21:09][INFO][Rank 0] - train Epoch 17/24: 46.8% (910/1946)
[2025-11-18 03:21:16][INFO][Rank 0] - train Epoch 17/24: 47.3% (920/1946)
[2025-11-18 03:21:23][INFO][Rank 0] - train Epoch 17/24: 47.8% (930/1946)
[2025-11-18 03:21:30][INFO][Rank 0] - train Epoch 17/24: 48.3% (940/1946)
[2025-11-18 03:21:37][INFO][Rank 0] - train Epoch 17/24: 48.8% (950/1946)
[2025-11-18 03:21:44][INFO][Rank 0] - train Epoch 17/24: 49.3% (960/1946)
[2025-11-18 03:21:51][INFO][Rank 0] - train Epoch 17/24: 49.8% (970/1946)
[2025-11-18 03:21:58][INFO][Rank 0] - train Epoch 17/24: 50.4% (980/1946)
[2025-11-18 03:22:05][INFO][Rank 0] - train Epoch 17/24: 50.9% (990/1946)
[2025-11-18 03:22:06][INFO][Rank 0] - CUDA Memory [train][Step 990]: Device 0: Allocated: 3309.6 MB, Reserved: 117540.0 MB (Δ: +1687.0 MB)
[2025-11-18 03:22:13][INFO][Rank 0] - train Epoch 17/24: 51.4% (1000/1946)
[2025-11-18 03:22:20][INFO][Rank 0] - train Epoch 17/24: 51.9% (1010/1946)
[2025-11-18 03:22:27][INFO][Rank 0] - train Epoch 17/24: 52.4% (1020/1946)
[2025-11-18 03:22:34][INFO][Rank 0] - train Epoch 17/24: 52.9% (1030/1946)
[2025-11-18 03:22:41][INFO][Rank 0] - train Epoch 17/24: 53.4% (1040/1946)
[2025-11-18 03:22:48][INFO][Rank 0] - train Epoch 17/24: 54.0% (1050/1946)
[2025-11-18 03:22:55][INFO][Rank 0] - train Epoch 17/24: 54.5% (1060/1946)
[2025-11-18 03:23:02][INFO][Rank 0] - train Epoch 17/24: 55.0% (1070/1946)
[2025-11-18 03:23:09][INFO][Rank 0] - train Epoch 17/24: 55.5% (1080/1946)
[2025-11-18 03:23:10][INFO][Rank 0] - CUDA Memory [train][Step 1080]: Device 0: Allocated: 3309.6 MB, Reserved: 117540.0 MB (Δ: +1687.0 MB)
[2025-11-18 03:23:16][INFO][Rank 0] - train Epoch 17/24: 56.0% (1090/1946)
[2025-11-18 03:23:23][INFO][Rank 0] - train Epoch 17/24: 56.5% (1100/1946)
[2025-11-18 03:23:30][INFO][Rank 0] - train Epoch 17/24: 57.0% (1110/1946)
[2025-11-18 03:23:37][INFO][Rank 0] - train Epoch 17/24: 57.6% (1120/1946)
[2025-11-18 03:23:44][INFO][Rank 0] - train Epoch 17/24: 58.1% (1130/1946)
[2025-11-18 03:23:51][INFO][Rank 0] - train Epoch 17/24: 58.6% (1140/1946)
[2025-11-18 03:23:58][INFO][Rank 0] - train Epoch 17/24: 59.1% (1150/1946)
[2025-11-18 03:24:05][INFO][Rank 0] - train Epoch 17/24: 59.6% (1160/1946)
[2025-11-18 03:24:12][INFO][Rank 0] - train Epoch 17/24: 60.1% (1170/1946)
[2025-11-18 03:24:13][INFO][Rank 0] - CUDA Memory [train][Step 1170]: Device 0: Allocated: 3309.6 MB, Reserved: 117540.0 MB (Δ: +1687.0 MB)
[2025-11-18 03:24:20][INFO][Rank 0] - train Epoch 17/24: 60.6% (1180/1946)
[2025-11-18 03:24:27][INFO][Rank 0] - train Epoch 17/24: 61.2% (1190/1946)
[2025-11-18 03:24:34][INFO][Rank 0] - train Epoch 17/24: 61.7% (1200/1946)
[2025-11-18 03:24:41][INFO][Rank 0] - train Epoch 17/24: 62.2% (1210/1946)
[2025-11-18 03:24:48][INFO][Rank 0] - train Epoch 17/24: 62.7% (1220/1946)
[2025-11-18 03:24:55][INFO][Rank 0] - train Epoch 17/24: 63.2% (1230/1946)
[2025-11-18 03:25:02][INFO][Rank 0] - train Epoch 17/24: 63.7% (1240/1946)
[2025-11-18 03:25:09][INFO][Rank 0] - train Epoch 17/24: 64.2% (1250/1946)
[2025-11-18 03:25:16][INFO][Rank 0] - train Epoch 17/24: 64.7% (1260/1946)
[2025-11-18 03:25:17][INFO][Rank 0] - CUDA Memory [train][Step 1260]: Device 0: Allocated: 3309.6 MB, Reserved: 117540.0 MB (Δ: +1687.0 MB)
[2025-11-18 03:25:23][INFO][Rank 0] - train Epoch 17/24: 65.3% (1270/1946)
[2025-11-18 03:25:30][INFO][Rank 0] - train Epoch 17/24: 65.8% (1280/1946)
[2025-11-18 03:25:37][INFO][Rank 0] - train Epoch 17/24: 66.3% (1290/1946)
[2025-11-18 03:25:44][INFO][Rank 0] - train Epoch 17/24: 66.8% (1300/1946)
[2025-11-18 03:25:51][INFO][Rank 0] - train Epoch 17/24: 67.3% (1310/1946)
[2025-11-18 03:25:58][INFO][Rank 0] - train Epoch 17/24: 67.8% (1320/1946)
[2025-11-18 03:26:05][INFO][Rank 0] - train Epoch 17/24: 68.3% (1330/1946)
[2025-11-18 03:26:12][INFO][Rank 0] - train Epoch 17/24: 68.9% (1340/1946)
[2025-11-18 03:26:19][INFO][Rank 0] - train Epoch 17/24: 69.4% (1350/1946)
[2025-11-18 03:26:20][INFO][Rank 0] - CUDA Memory [train][Step 1350]: Device 0: Allocated: 3309.6 MB, Reserved: 117540.0 MB (Δ: +1687.0 MB)
[2025-11-18 03:26:27][INFO][Rank 0] - train Epoch 17/24: 69.9% (1360/1946)
[2025-11-18 03:26:34][INFO][Rank 0] - train Epoch 17/24: 70.4% (1370/1946)
[2025-11-18 03:26:41][INFO][Rank 0] - train Epoch 17/24: 70.9% (1380/1946)
[2025-11-18 03:26:48][INFO][Rank 0] - train Epoch 17/24: 71.4% (1390/1946)
[2025-11-18 03:26:55][INFO][Rank 0] - train Epoch 17/24: 71.9% (1400/1946)
[2025-11-18 03:27:02][INFO][Rank 0] - train Epoch 17/24: 72.5% (1410/1946)
[2025-11-18 03:27:09][INFO][Rank 0] - train Epoch 17/24: 73.0% (1420/1946)
[2025-11-18 03:27:16][INFO][Rank 0] - train Epoch 17/24: 73.5% (1430/1946)
[2025-11-18 03:27:23][INFO][Rank 0] - train Epoch 17/24: 74.0% (1440/1946)
[2025-11-18 03:27:24][INFO][Rank 0] - CUDA Memory [train][Step 1440]: Device 0: Allocated: 3309.6 MB, Reserved: 117540.0 MB (Δ: +1687.0 MB)
[2025-11-18 03:27:30][INFO][Rank 0] - train Epoch 17/24: 74.5% (1450/1946)
[2025-11-18 03:27:37][INFO][Rank 0] - train Epoch 17/24: 75.0% (1460/1946)
[2025-11-18 03:27:44][INFO][Rank 0] - train Epoch 17/24: 75.5% (1470/1946)
[2025-11-18 03:27:51][INFO][Rank 0] - train Epoch 17/24: 76.1% (1480/1946)
[2025-11-18 03:27:58][INFO][Rank 0] - train Epoch 17/24: 76.6% (1490/1946)
[2025-11-18 03:28:05][INFO][Rank 0] - train Epoch 17/24: 77.1% (1500/1946)
[2025-11-18 03:28:12][INFO][Rank 0] - train Epoch 17/24: 77.6% (1510/1946)
[2025-11-18 03:28:19][INFO][Rank 0] - train Epoch 17/24: 78.1% (1520/1946)
[2025-11-18 03:28:26][INFO][Rank 0] - train Epoch 17/24: 78.6% (1530/1946)
[2025-11-18 03:28:27][INFO][Rank 0] - CUDA Memory [train][Step 1530]: Device 0: Allocated: 3309.6 MB, Reserved: 117540.0 MB (Δ: +1687.0 MB)
[2025-11-18 03:28:34][INFO][Rank 0] - train Epoch 17/24: 79.1% (1540/1946)
[2025-11-18 03:28:41][INFO][Rank 0] - train Epoch 17/24: 79.7% (1550/1946)
[2025-11-18 03:28:48][INFO][Rank 0] - train Epoch 17/24: 80.2% (1560/1946)
[2025-11-18 03:28:55][INFO][Rank 0] - train Epoch 17/24: 80.7% (1570/1946)
[2025-11-18 03:29:02][INFO][Rank 0] - train Epoch 17/24: 81.2% (1580/1946)
[2025-11-18 03:29:09][INFO][Rank 0] - train Epoch 17/24: 81.7% (1590/1946)
[2025-11-18 03:29:16][INFO][Rank 0] - train Epoch 17/24: 82.2% (1600/1946)
[2025-11-18 03:29:23][INFO][Rank 0] - train Epoch 17/24: 82.7% (1610/1946)
[2025-11-18 03:29:30][INFO][Rank 0] - train Epoch 17/24: 83.2% (1620/1946)
[2025-11-18 03:29:31][INFO][Rank 0] - CUDA Memory [train][Step 1620]: Device 0: Allocated: 3309.6 MB, Reserved: 117540.0 MB (Δ: +1687.0 MB)
[2025-11-18 03:29:37][INFO][Rank 0] - train Epoch 17/24: 83.8% (1630/1946)
[2025-11-18 03:29:44][INFO][Rank 0] - train Epoch 17/24: 84.3% (1640/1946)
[2025-11-18 03:29:51][INFO][Rank 0] - train Epoch 17/24: 84.8% (1650/1946)
[2025-11-18 03:29:58][INFO][Rank 0] - train Epoch 17/24: 85.3% (1660/1946)
[2025-11-18 03:30:05][INFO][Rank 0] - train Epoch 17/24: 85.8% (1670/1946)
[2025-11-18 03:30:12][INFO][Rank 0] - train Epoch 17/24: 86.3% (1680/1946)
[2025-11-18 03:30:19][INFO][Rank 0] - train Epoch 17/24: 86.8% (1690/1946)
[2025-11-18 03:30:26][INFO][Rank 0] - train Epoch 17/24: 87.4% (1700/1946)
[2025-11-18 03:30:33][INFO][Rank 0] - train Epoch 17/24: 87.9% (1710/1946)
[2025-11-18 03:30:34][INFO][Rank 0] - CUDA Memory [train][Step 1710]: Device 0: Allocated: 3309.6 MB, Reserved: 117540.0 MB (Δ: +1687.0 MB)
[2025-11-18 03:30:41][INFO][Rank 0] - train Epoch 17/24: 88.4% (1720/1946)
[2025-11-18 03:30:48][INFO][Rank 0] - train Epoch 17/24: 88.9% (1730/1946)
[2025-11-18 03:30:55][INFO][Rank 0] - train Epoch 17/24: 89.4% (1740/1946)
[2025-11-18 03:31:02][INFO][Rank 0] - train Epoch 17/24: 89.9% (1750/1946)
[2025-11-18 03:31:09][INFO][Rank 0] - train Epoch 17/24: 90.4% (1760/1946)
[2025-11-18 03:31:16][INFO][Rank 0] - train Epoch 17/24: 91.0% (1770/1946)
[2025-11-18 03:31:23][INFO][Rank 0] - train Epoch 17/24: 91.5% (1780/1946)
[2025-11-18 03:31:30][INFO][Rank 0] - train Epoch 17/24: 92.0% (1790/1946)
[2025-11-18 03:31:37][INFO][Rank 0] - train Epoch 17/24: 92.5% (1800/1946)
[2025-11-18 03:31:38][INFO][Rank 0] - CUDA Memory [train][Step 1800]: Device 0: Allocated: 3309.6 MB, Reserved: 117540.0 MB (Δ: +1687.0 MB)
[2025-11-18 03:31:44][INFO][Rank 0] - train Epoch 17/24: 93.0% (1810/1946)
[2025-11-18 03:31:51][INFO][Rank 0] - train Epoch 17/24: 93.5% (1820/1946)
[2025-11-18 03:31:58][INFO][Rank 0] - train Epoch 17/24: 94.0% (1830/1946)
[2025-11-18 03:32:05][INFO][Rank 0] - train Epoch 17/24: 94.6% (1840/1946)
[2025-11-18 03:32:12][INFO][Rank 0] - train Epoch 17/24: 95.1% (1850/1946)
[2025-11-18 03:32:19][INFO][Rank 0] - train Epoch 17/24: 95.6% (1860/1946)
[2025-11-18 03:32:26][INFO][Rank 0] - train Epoch 17/24: 96.1% (1870/1946)
[2025-11-18 03:32:33][INFO][Rank 0] - train Epoch 17/24: 96.6% (1880/1946)
[2025-11-18 03:32:41][INFO][Rank 0] - train Epoch 17/24: 97.1% (1890/1946)
[2025-11-18 03:32:41][INFO][Rank 0] - CUDA Memory [train][Step 1890]: Device 0: Allocated: 3309.6 MB, Reserved: 117540.0 MB (Δ: +1687.0 MB)
[2025-11-18 03:32:48][INFO][Rank 0] - train Epoch 17/24: 97.6% (1900/1946)
[2025-11-18 03:32:55][INFO][Rank 0] - train Epoch 17/24: 98.2% (1910/1946)
[2025-11-18 03:33:02][INFO][Rank 0] - train Epoch 17/24: 98.7% (1920/1946)
[2025-11-18 03:33:09][INFO][Rank 0] - train Epoch 17/24: 99.2% (1930/1946)
[2025-11-18 03:33:16][INFO][Rank 0] - train Epoch 17/24: 99.7% (1940/1946)
[2025-11-18 03:33:19][INFO][Rank 0] - train Epoch 17/24: 99.9% (1945/1946)
[2025-11-18 03:33:20][INFO][Rank 0] - train Loss: 0.1600 Acc: 0.9735 F1: 0.9863
[2025-11-18 03:33:20][INFO][Rank 0] - train Balanced Acc: 0.8979 AUC-ROC: 0.9639
[2025-11-18 03:33:20][INFO][Rank 0] - train Sensitivity: 0.9776 Specificity: 0.8182
[2025-11-18 03:33:20][INFO][Rank 0] - train Confusion Matrix: TP=18530, FP=92, FN=424, TN=414
[2025-11-18 03:33:20][INFO][Rank 0] - train completed in 1373.60s
[2025-11-18 03:33:20][INFO][Rank 0] - Data loading time: 0.97s, Forward time: 279.41s, Backward time: 744.23s
[2025-11-18 03:33:20][INFO][Rank 0] - train cache: 0/1 items, hit rate: 0.00%
[2025-11-18 03:33:20][INFO][Rank 0] - CUDA Memory [val][Step 0]: Device 0: Allocated: 3309.6 MB, Reserved: 117540.0 MB (Δ: +1687.0 MB)
[2025-11-18 03:33:20][INFO][Rank 0] - val phase: total 401 batches
[2025-11-18 03:33:20][INFO][Rank 0] - val Epoch 17/24: 0.0% (0/401)
[2025-11-18 03:33:25][INFO][Rank 0] - val Epoch 17/24: 2.5% (10/401)
[2025-11-18 03:33:30][INFO][Rank 0] - val Epoch 17/24: 5.0% (20/401)
[2025-11-18 03:33:35][INFO][Rank 0] - val Epoch 17/24: 7.5% (30/401)
[2025-11-18 03:33:40][INFO][Rank 0] - val Epoch 17/24: 10.0% (40/401)
[2025-11-18 03:33:45][INFO][Rank 0] - val Epoch 17/24: 12.5% (50/401)
[2025-11-18 03:33:50][INFO][Rank 0] - val Epoch 17/24: 15.0% (60/401)
[2025-11-18 03:33:55][INFO][Rank 0] - val Epoch 17/24: 17.5% (70/401)
[2025-11-18 03:34:00][INFO][Rank 0] - val Epoch 17/24: 20.0% (80/401)
[2025-11-18 03:34:05][INFO][Rank 0] - val Epoch 17/24: 22.4% (90/401)
[2025-11-18 03:34:10][INFO][Rank 0] - val Epoch 17/24: 24.9% (100/401)
[2025-11-18 03:34:15][INFO][Rank 0] - val Epoch 17/24: 27.4% (110/401)
[2025-11-18 03:34:20][INFO][Rank 0] - val Epoch 17/24: 29.9% (120/401)
[2025-11-18 03:34:21][INFO][Rank 0] - CUDA Memory [val][Step 120]: Device 0: Allocated: 3309.6 MB, Reserved: 117540.0 MB (Δ: +1687.0 MB)
[2025-11-18 03:34:25][INFO][Rank 0] - val Epoch 17/24: 32.4% (130/401)
[2025-11-18 03:34:30][INFO][Rank 0] - val Epoch 17/24: 34.9% (140/401)
[2025-11-18 03:34:35][INFO][Rank 0] - val Epoch 17/24: 37.4% (150/401)
[2025-11-18 03:34:40][INFO][Rank 0] - val Epoch 17/24: 39.9% (160/401)
[2025-11-18 03:34:45][INFO][Rank 0] - val Epoch 17/24: 42.4% (170/401)
[2025-11-18 03:34:50][INFO][Rank 0] - val Epoch 17/24: 44.9% (180/401)
[2025-11-18 03:34:55][INFO][Rank 0] - val Epoch 17/24: 47.4% (190/401)
[2025-11-18 03:35:00][INFO][Rank 0] - val Epoch 17/24: 49.9% (200/401)
[2025-11-18 03:35:05][INFO][Rank 0] - val Epoch 17/24: 52.4% (210/401)
[2025-11-18 03:35:10][INFO][Rank 0] - val Epoch 17/24: 54.9% (220/401)
[2025-11-18 03:35:15][INFO][Rank 0] - val Epoch 17/24: 57.4% (230/401)
[2025-11-18 03:35:20][INFO][Rank 0] - val Epoch 17/24: 59.9% (240/401)
[2025-11-18 03:35:21][INFO][Rank 0] - CUDA Memory [val][Step 240]: Device 0: Allocated: 3309.6 MB, Reserved: 117540.0 MB (Δ: +1687.0 MB)
[2025-11-18 03:35:25][INFO][Rank 0] - val Epoch 17/24: 62.3% (250/401)
[2025-11-18 03:35:30][INFO][Rank 0] - val Epoch 17/24: 64.8% (260/401)
[2025-11-18 03:35:35][INFO][Rank 0] - val Epoch 17/24: 67.3% (270/401)
[2025-11-18 03:35:40][INFO][Rank 0] - val Epoch 17/24: 69.8% (280/401)
[2025-11-18 03:35:45][INFO][Rank 0] - val Epoch 17/24: 72.3% (290/401)
[2025-11-18 03:35:50][INFO][Rank 0] - val Epoch 17/24: 74.8% (300/401)
[2025-11-18 03:35:55][INFO][Rank 0] - val Epoch 17/24: 77.3% (310/401)
[2025-11-18 03:36:00][INFO][Rank 0] - val Epoch 17/24: 79.8% (320/401)
[2025-11-18 03:36:05][INFO][Rank 0] - val Epoch 17/24: 82.3% (330/401)
[2025-11-18 03:36:10][INFO][Rank 0] - val Epoch 17/24: 84.8% (340/401)
[2025-11-18 03:36:15][INFO][Rank 0] - val Epoch 17/24: 87.3% (350/401)
[2025-11-18 03:36:20][INFO][Rank 0] - val Epoch 17/24: 89.8% (360/401)
[2025-11-18 03:36:21][INFO][Rank 0] - CUDA Memory [val][Step 360]: Device 0: Allocated: 3309.6 MB, Reserved: 117540.0 MB (Δ: +1687.0 MB)
[2025-11-18 03:36:25][INFO][Rank 0] - val Epoch 17/24: 92.3% (370/401)
[2025-11-18 03:36:30][INFO][Rank 0] - val Epoch 17/24: 94.8% (380/401)
[2025-11-18 03:36:35][INFO][Rank 0] - val Epoch 17/24: 97.3% (390/401)
[2025-11-18 03:36:40][INFO][Rank 0] - val Epoch 17/24: 99.8% (400/401)
[2025-11-18 03:36:41][INFO][Rank 0] - val Loss: 0.0948 Acc: 0.9761 F1: 0.9876
[2025-11-18 03:36:41][INFO][Rank 0] - val Balanced Acc: 0.9250 AUC-ROC: 0.9858
[2025-11-18 03:36:41][INFO][Rank 0] - val Sensitivity: 0.9788 Specificity: 0.8713
[2025-11-18 03:36:41][INFO][Rank 0] - val Confusion Matrix: TP=3826, FP=13, FN=83, TN=88
[2025-11-18 03:36:41][INFO][Rank 0] - val completed in 200.86s
[2025-11-18 03:36:41][INFO][Rank 0] - val cache: 0/1 items, hit rate: 0.00%
[2025-11-18 03:36:45][INFO][Rank 0] - Saved new best auc model with auc: 0.9858 at /projects/retprogression/rgarridogarcia/checkpoints/cropped1024_cropped_centered_wt_allR_5/best_auc_model.pth
[2025-11-18 03:36:48][INFO][Rank 0] - Saved epoch checkpoint at /projects/retprogression/rgarridogarcia/checkpoints/cropped1024_cropped_centered_wt_allR_5/epoch_17.pth
[2025-11-18 03:36:48][INFO][Rank 0] - Epoch 17 summary:
[2025-11-18 03:36:48][INFO][Rank 0] -  Train Loss: 0.1600, Train Acc: 0.9735, Train F1: 0.9863
[2025-11-18 03:36:48][INFO][Rank 0] -  Train Balanced Acc: 0.8979, Train AUC: 0.9639
[2025-11-18 03:36:48][INFO][Rank 0] -  Train Sensitivity: 0.9776, Train Specificity: 0.8182
[2025-11-18 03:36:48][INFO][Rank 0] -  Val Loss: 0.0948, Val Acc: 0.9761, Val F1: 0.9876
[2025-11-18 03:36:48][INFO][Rank 0] -  Val Balanced Acc: 0.9250, Val AUC: 0.9858
[2025-11-18 03:36:48][INFO][Rank 0] -  Val Sensitivity: 0.9788, Val Specificity: 0.8713
[2025-11-18 03:36:48][INFO][Rank 0] -  Total Epoch Time: 1582.02s
[2025-11-18 03:36:48][INFO][Rank 0] - Epoch 18/24
[2025-11-18 03:36:48][INFO][Rank 0] - ----------
[2025-11-18 03:36:48][INFO][Rank 0] - CUDA Memory [train][Step 0]: Device 0: Allocated: 3309.6 MB, Reserved: 117540.0 MB (Δ: +1687.0 MB)
[2025-11-18 03:36:48][INFO][Rank 0] - train phase: total 1946 batches
[2025-11-18 03:36:49][INFO][Rank 0] - train Epoch 18/24: 0.0% (0/1946)
[2025-11-18 03:36:56][INFO][Rank 0] - train Epoch 18/24: 0.5% (10/1946)
[2025-11-18 03:37:03][INFO][Rank 0] - train Epoch 18/24: 1.0% (20/1946)
[2025-11-18 03:37:10][INFO][Rank 0] - train Epoch 18/24: 1.5% (30/1946)
[2025-11-18 03:37:17][INFO][Rank 0] - train Epoch 18/24: 2.1% (40/1946)
[2025-11-18 03:37:24][INFO][Rank 0] - train Epoch 18/24: 2.6% (50/1946)
[2025-11-18 03:37:31][INFO][Rank 0] - train Epoch 18/24: 3.1% (60/1946)
[2025-11-18 03:37:38][INFO][Rank 0] - train Epoch 18/24: 3.6% (70/1946)
[2025-11-18 03:37:45][INFO][Rank 0] - train Epoch 18/24: 4.1% (80/1946)
[2025-11-18 03:37:53][INFO][Rank 0] - train Epoch 18/24: 4.6% (90/1946)
[2025-11-18 03:37:53][INFO][Rank 0] - CUDA Memory [train][Step 90]: Device 0: Allocated: 3309.6 MB, Reserved: 117540.0 MB (Δ: +1687.0 MB)
[2025-11-18 03:38:00][INFO][Rank 0] - train Epoch 18/24: 5.1% (100/1946)
[2025-11-18 03:38:07][INFO][Rank 0] - train Epoch 18/24: 5.7% (110/1946)
[2025-11-18 03:38:14][INFO][Rank 0] - train Epoch 18/24: 6.2% (120/1946)
[2025-11-18 03:38:21][INFO][Rank 0] - train Epoch 18/24: 6.7% (130/1946)
[2025-11-18 03:38:28][INFO][Rank 0] - train Epoch 18/24: 7.2% (140/1946)
[2025-11-18 03:38:35][INFO][Rank 0] - train Epoch 18/24: 7.7% (150/1946)
[2025-11-18 03:38:42][INFO][Rank 0] - train Epoch 18/24: 8.2% (160/1946)
[2025-11-18 03:38:49][INFO][Rank 0] - train Epoch 18/24: 8.7% (170/1946)
[2025-11-18 03:38:56][INFO][Rank 0] - train Epoch 18/24: 9.2% (180/1946)
[2025-11-18 03:38:57][INFO][Rank 0] - CUDA Memory [train][Step 180]: Device 0: Allocated: 3309.6 MB, Reserved: 117540.0 MB (Δ: +1687.0 MB)
[2025-11-18 03:39:03][INFO][Rank 0] - train Epoch 18/24: 9.8% (190/1946)
[2025-11-18 03:39:10][INFO][Rank 0] - train Epoch 18/24: 10.3% (200/1946)
slurmstepd: error: *** JOB 2812343 ON d4054 CANCELLED AT 2025-11-18T03:39:16 DUE TO TIME LIMIT ***
