Python location: /projects/retprogression/pytorch_cu121_env/bin/python
CUDA available: True
GPU count: 1
Run ID: 3
Using port: 48665
Running experiment: experiment_res_1024
Using image resolution: 1024x1024
[2025-11-18 11:29:47,658][root][INFO] - Checkpoint directory prepared at /projects/retprogression/rgarridogarcia/checkpoints/cropped1024_cropped_centered_allR_3
[2025-11-18 11:29:47][INFO] - Starting training with configuration summary:
[2025-11-18 11:29:47][INFO] -  exp:
[2025-11-18 11:29:47][INFO] -  _metadata: ContainerMetadata(ref_type=typing.Any, object_type=<class 'dict'>, optional=True, key='exp', flags={}, flags_root=False, resolver_cache=defaultdict(<class 'dict'>, {}), key_type=typing.Any, element_type=typing.Any)
[2025-11-18 11:29:47][INFO] -  _parent: {'run_id': 3, 'caching': {'enabled': True, 'prefetch_factor': 2, 'train_cache_size': 1000, 'val_cache_size': 1000}, 'criterion': {'alpha': 0.25, 'weight_method': 'inverse_frequency', 'gamma': 2.0, 'type': 'cross_entropy', 'use_class_weights': True}, 'data': {'annotations_file_name': '/projects/retprogression/gradable_dr/clean_gradable_dr_3_', 'augmentation': {'enabled': False, 'type': 'none'}, 'batch_size': 10, 'class_labels': 'gradable_binary_DR', 'data_dir': '/projects/retprogression/', 'img_dir': 'complete_cropped_1024_centered_10272025_allRight', 'num_workers': 7, 'resolution': 1024, 'shuffle': True, 'weighted_sampler': {'enabled': False, 'generator_seed': 42, 'target_minority_ratio': 0.2}}, 'distributed': {'backend': 'nccl', 'world_size': 1}, 'early_stopping': {'enabled': False, 'metric': 'f1_score', 'min_delta': 0.001, 'mode': 'max', 'patience': 8}, 'exp': {'checkpoint_dir': '/projects/retprogression/rgarridogarcia/checkpoints/cropped1024_cropped_centered_allR_3', 'checkpoint_freq': 1, 'checkpoint_name': '', 'experiment_name': 'swinv2_res1024', 'master_port': 48665, 'num_epochs': 25}, 'experiment_res_1024': {'data': {'augmentation': {'enabled': False, 'type': 'none'}, 'batch_size': 10, 'resolution': 1024, 'img_dir': 'complete_cropped_1024_centered_10272025_allRight'}, 'exp': {'checkpoint_dir': '/projects/retprogression/rgarridogarcia/checkpoints/cropped1024_cropped_centered_allR_3', 'checkpoint_name': '', 'experiment_name': 'swinv2_res1024', 'num_epochs': 25}, 'lr_scheduler': {'type': 'cosine', 'warmup': {'enabled': True, 'min_lr': 1e-07, 'warmup_proportion': 0.15}}, 'model': {'img_size': 1024, 'name': 'swinv2_large_window12to16_192to256.ms_in22k_ft_in1k', 'pretrained': True, 'num_classes': 2}, 'optimization': {'amp_enabled': True, 'gradient_accumulation_steps': 16, 'gradient_clipping': 0.5}, 'optimizer': {'optimizer': None, 'name': 'adam', 'lr': 5e-06, 'weight_decay': 0.001, 'momentum': 0.9}}, 'experiment_res_1024_oversample_50': {'criterion': {'class_weights': [1.0, 1.0], 'type': 'cross_entropy', 'use_class_weights': True}, 'data': {'augmentation': {'strength': 'strong'}, 'batch_size': 4, 'resolution': 1024, 'weighted_sampler': {'enabled': True, 'generator_seed': 42, 'target_minority_ratio': 0.5}}, 'exp': {'checkpoint_dir': '/projects/retprogression/rgarridogarcia/checkpoints/relabled_clean_gradable_swinv2_resolution1024_oversample50_3', 'checkpoint_name': 'epoch_23.pth', 'experiment_name': 'swinv2_res1024', 'master_port': 23450, 'num_epochs': 25}, 'lr_scheduler': {'type': 'cosine', 'warmup': {'enabled': True, 'min_lr': 1e-07, 'warmup_proportion': 0.15}}, 'model': {'img_size': 1024, 'name': 'swinv2_large_window12to16_192to256.ms_in22k_ft_in1k'}, 'optimization': {'amp_enabled': True, 'gradient_accumulation_steps': 16, 'gradient_clipping': 0.5}, 'optimizer': {'lr': 5e-06}}, 'lr_scheduler': {'type': 'cosine', 'warmup': {'enabled': True, 'min_lr': 1e-07, 'warmup_proportion': 0.15}}, 'model': {'img_size': 1024, 'name': 'swinv2_large_window12to16_192to256.ms_in22k_ft_in1k', 'pretrained': True, 'num_classes': 2}, 'optimization': {'amp_enabled': True, 'gradient_accumulation_steps': 16, 'gradient_clipping': 0.5}, 'optimizer': {'optimizer': None, 'name': 'adam', 'lr': 5e-06, 'weight_decay': 0.001, 'momentum': 0.9}}
[2025-11-18 11:29:47][INFO] -  _flags_cache: {'struct': None, 'readonly': None, 'convert': None, 'allow_objects': None}
[2025-11-18 11:29:47][INFO] -  _content: {'checkpoint_dir': '/projects/retprogression/rgarridogarcia/checkpoints/cropped1024_cropped_centered_allR_3', 'checkpoint_freq': 1, 'checkpoint_name': '', 'experiment_name': 'swinv2_res1024', 'master_port': 48665, 'num_epochs': 25}
[2025-11-18 11:29:47][INFO] -  data:
[2025-11-18 11:29:47][INFO] -  _metadata: ContainerMetadata(ref_type=typing.Any, object_type=<class 'dict'>, optional=True, key='data', flags={}, flags_root=False, resolver_cache=defaultdict(<class 'dict'>, {}), key_type=typing.Any, element_type=typing.Any)
[2025-11-18 11:29:47][INFO] -  _parent: {'run_id': 3, 'caching': {'enabled': True, 'prefetch_factor': 2, 'train_cache_size': 1000, 'val_cache_size': 1000}, 'criterion': {'alpha': 0.25, 'weight_method': 'inverse_frequency', 'gamma': 2.0, 'type': 'cross_entropy', 'use_class_weights': True}, 'data': {'annotations_file_name': '/projects/retprogression/gradable_dr/clean_gradable_dr_3_', 'augmentation': {'enabled': False, 'type': 'none'}, 'batch_size': 10, 'class_labels': 'gradable_binary_DR', 'data_dir': '/projects/retprogression/', 'img_dir': 'complete_cropped_1024_centered_10272025_allRight', 'num_workers': 7, 'resolution': 1024, 'shuffle': True, 'weighted_sampler': {'enabled': False, 'generator_seed': 42, 'target_minority_ratio': 0.2}}, 'distributed': {'backend': 'nccl', 'world_size': 1}, 'early_stopping': {'enabled': False, 'metric': 'f1_score', 'min_delta': 0.001, 'mode': 'max', 'patience': 8}, 'exp': {'checkpoint_dir': '/projects/retprogression/rgarridogarcia/checkpoints/cropped1024_cropped_centered_allR_3', 'checkpoint_freq': 1, 'checkpoint_name': '', 'experiment_name': 'swinv2_res1024', 'master_port': 48665, 'num_epochs': 25}, 'experiment_res_1024': {'data': {'augmentation': {'enabled': False, 'type': 'none'}, 'batch_size': 10, 'resolution': 1024, 'img_dir': 'complete_cropped_1024_centered_10272025_allRight'}, 'exp': {'checkpoint_dir': '/projects/retprogression/rgarridogarcia/checkpoints/cropped1024_cropped_centered_allR_3', 'checkpoint_name': '', 'experiment_name': 'swinv2_res1024', 'num_epochs': 25}, 'lr_scheduler': {'type': 'cosine', 'warmup': {'enabled': True, 'min_lr': 1e-07, 'warmup_proportion': 0.15}}, 'model': {'img_size': 1024, 'name': 'swinv2_large_window12to16_192to256.ms_in22k_ft_in1k', 'pretrained': True, 'num_classes': 2}, 'optimization': {'amp_enabled': True, 'gradient_accumulation_steps': 16, 'gradient_clipping': 0.5}, 'optimizer': {'optimizer': None, 'name': 'adam', 'lr': 5e-06, 'weight_decay': 0.001, 'momentum': 0.9}}, 'experiment_res_1024_oversample_50': {'criterion': {'class_weights': [1.0, 1.0], 'type': 'cross_entropy', 'use_class_weights': True}, 'data': {'augmentation': {'strength': 'strong'}, 'batch_size': 4, 'resolution': 1024, 'weighted_sampler': {'enabled': True, 'generator_seed': 42, 'target_minority_ratio': 0.5}}, 'exp': {'checkpoint_dir': '/projects/retprogression/rgarridogarcia/checkpoints/relabled_clean_gradable_swinv2_resolution1024_oversample50_3', 'checkpoint_name': 'epoch_23.pth', 'experiment_name': 'swinv2_res1024', 'master_port': 23450, 'num_epochs': 25}, 'lr_scheduler': {'type': 'cosine', 'warmup': {'enabled': True, 'min_lr': 1e-07, 'warmup_proportion': 0.15}}, 'model': {'img_size': 1024, 'name': 'swinv2_large_window12to16_192to256.ms_in22k_ft_in1k'}, 'optimization': {'amp_enabled': True, 'gradient_accumulation_steps': 16, 'gradient_clipping': 0.5}, 'optimizer': {'lr': 5e-06}}, 'lr_scheduler': {'type': 'cosine', 'warmup': {'enabled': True, 'min_lr': 1e-07, 'warmup_proportion': 0.15}}, 'model': {'img_size': 1024, 'name': 'swinv2_large_window12to16_192to256.ms_in22k_ft_in1k', 'pretrained': True, 'num_classes': 2}, 'optimization': {'amp_enabled': True, 'gradient_accumulation_steps': 16, 'gradient_clipping': 0.5}, 'optimizer': {'optimizer': None, 'name': 'adam', 'lr': 5e-06, 'weight_decay': 0.001, 'momentum': 0.9}}
[2025-11-18 11:29:47][INFO] -  _flags_cache: {'struct': None, 'readonly': None, 'convert': None, 'allow_objects': None}
[2025-11-18 11:29:47][INFO] -  _content: {'annotations_file_name': '/projects/retprogression/gradable_dr/clean_gradable_dr_3_', 'augmentation': {'enabled': False, 'type': 'none'}, 'batch_size': 10, 'class_labels': 'gradable_binary_DR', 'data_dir': '/projects/retprogression/', 'img_dir': 'complete_cropped_1024_centered_10272025_allRight', 'num_workers': 7, 'resolution': 1024, 'shuffle': True, 'weighted_sampler': {'enabled': False, 'generator_seed': 42, 'target_minority_ratio': 0.2}}
[2025-11-18 11:29:47][INFO] -  model:
[2025-11-18 11:29:47][INFO] -  _metadata: ContainerMetadata(ref_type=typing.Any, object_type=<class 'dict'>, optional=True, key='model', flags={}, flags_root=False, resolver_cache=defaultdict(<class 'dict'>, {}), key_type=typing.Any, element_type=typing.Any)
[2025-11-18 11:29:47][INFO] -  _parent: {'run_id': 3, 'caching': {'enabled': True, 'prefetch_factor': 2, 'train_cache_size': 1000, 'val_cache_size': 1000}, 'criterion': {'alpha': 0.25, 'weight_method': 'inverse_frequency', 'gamma': 2.0, 'type': 'cross_entropy', 'use_class_weights': True}, 'data': {'annotations_file_name': '/projects/retprogression/gradable_dr/clean_gradable_dr_3_', 'augmentation': {'enabled': False, 'type': 'none'}, 'batch_size': 10, 'class_labels': 'gradable_binary_DR', 'data_dir': '/projects/retprogression/', 'img_dir': 'complete_cropped_1024_centered_10272025_allRight', 'num_workers': 7, 'resolution': 1024, 'shuffle': True, 'weighted_sampler': {'enabled': False, 'generator_seed': 42, 'target_minority_ratio': 0.2}}, 'distributed': {'backend': 'nccl', 'world_size': 1}, 'early_stopping': {'enabled': False, 'metric': 'f1_score', 'min_delta': 0.001, 'mode': 'max', 'patience': 8}, 'exp': {'checkpoint_dir': '/projects/retprogression/rgarridogarcia/checkpoints/cropped1024_cropped_centered_allR_3', 'checkpoint_freq': 1, 'checkpoint_name': '', 'experiment_name': 'swinv2_res1024', 'master_port': 48665, 'num_epochs': 25}, 'experiment_res_1024': {'data': {'augmentation': {'enabled': False, 'type': 'none'}, 'batch_size': 10, 'resolution': 1024, 'img_dir': 'complete_cropped_1024_centered_10272025_allRight'}, 'exp': {'checkpoint_dir': '/projects/retprogression/rgarridogarcia/checkpoints/cropped1024_cropped_centered_allR_3', 'checkpoint_name': '', 'experiment_name': 'swinv2_res1024', 'num_epochs': 25}, 'lr_scheduler': {'type': 'cosine', 'warmup': {'enabled': True, 'min_lr': 1e-07, 'warmup_proportion': 0.15}}, 'model': {'img_size': 1024, 'name': 'swinv2_large_window12to16_192to256.ms_in22k_ft_in1k', 'pretrained': True, 'num_classes': 2}, 'optimization': {'amp_enabled': True, 'gradient_accumulation_steps': 16, 'gradient_clipping': 0.5}, 'optimizer': {'optimizer': None, 'name': 'adam', 'lr': 5e-06, 'weight_decay': 0.001, 'momentum': 0.9}}, 'experiment_res_1024_oversample_50': {'criterion': {'class_weights': [1.0, 1.0], 'type': 'cross_entropy', 'use_class_weights': True}, 'data': {'augmentation': {'strength': 'strong'}, 'batch_size': 4, 'resolution': 1024, 'weighted_sampler': {'enabled': True, 'generator_seed': 42, 'target_minority_ratio': 0.5}}, 'exp': {'checkpoint_dir': '/projects/retprogression/rgarridogarcia/checkpoints/relabled_clean_gradable_swinv2_resolution1024_oversample50_3', 'checkpoint_name': 'epoch_23.pth', 'experiment_name': 'swinv2_res1024', 'master_port': 23450, 'num_epochs': 25}, 'lr_scheduler': {'type': 'cosine', 'warmup': {'enabled': True, 'min_lr': 1e-07, 'warmup_proportion': 0.15}}, 'model': {'img_size': 1024, 'name': 'swinv2_large_window12to16_192to256.ms_in22k_ft_in1k'}, 'optimization': {'amp_enabled': True, 'gradient_accumulation_steps': 16, 'gradient_clipping': 0.5}, 'optimizer': {'lr': 5e-06}}, 'lr_scheduler': {'type': 'cosine', 'warmup': {'enabled': True, 'min_lr': 1e-07, 'warmup_proportion': 0.15}}, 'model': {'img_size': 1024, 'name': 'swinv2_large_window12to16_192to256.ms_in22k_ft_in1k', 'pretrained': True, 'num_classes': 2}, 'optimization': {'amp_enabled': True, 'gradient_accumulation_steps': 16, 'gradient_clipping': 0.5}, 'optimizer': {'optimizer': None, 'name': 'adam', 'lr': 5e-06, 'weight_decay': 0.001, 'momentum': 0.9}}
[2025-11-18 11:29:47][INFO] -  _flags_cache: {'struct': None, 'readonly': None, 'convert': None, 'allow_objects': None}
[2025-11-18 11:29:47][INFO] -  _content: {'img_size': 1024, 'name': 'swinv2_large_window12to16_192to256.ms_in22k_ft_in1k', 'pretrained': True, 'num_classes': 2}
[2025-11-18 11:29:47][INFO] -  optimizer:
[2025-11-18 11:29:47][INFO] -  _metadata: ContainerMetadata(ref_type=typing.Any, object_type=<class 'dict'>, optional=True, key='optimizer', flags={}, flags_root=False, resolver_cache=defaultdict(<class 'dict'>, {}), key_type=typing.Any, element_type=typing.Any)
[2025-11-18 11:29:47][INFO] -  _parent: {'run_id': 3, 'caching': {'enabled': True, 'prefetch_factor': 2, 'train_cache_size': 1000, 'val_cache_size': 1000}, 'criterion': {'alpha': 0.25, 'weight_method': 'inverse_frequency', 'gamma': 2.0, 'type': 'cross_entropy', 'use_class_weights': True}, 'data': {'annotations_file_name': '/projects/retprogression/gradable_dr/clean_gradable_dr_3_', 'augmentation': {'enabled': False, 'type': 'none'}, 'batch_size': 10, 'class_labels': 'gradable_binary_DR', 'data_dir': '/projects/retprogression/', 'img_dir': 'complete_cropped_1024_centered_10272025_allRight', 'num_workers': 7, 'resolution': 1024, 'shuffle': True, 'weighted_sampler': {'enabled': False, 'generator_seed': 42, 'target_minority_ratio': 0.2}}, 'distributed': {'backend': 'nccl', 'world_size': 1}, 'early_stopping': {'enabled': False, 'metric': 'f1_score', 'min_delta': 0.001, 'mode': 'max', 'patience': 8}, 'exp': {'checkpoint_dir': '/projects/retprogression/rgarridogarcia/checkpoints/cropped1024_cropped_centered_allR_3', 'checkpoint_freq': 1, 'checkpoint_name': '', 'experiment_name': 'swinv2_res1024', 'master_port': 48665, 'num_epochs': 25}, 'experiment_res_1024': {'data': {'augmentation': {'enabled': False, 'type': 'none'}, 'batch_size': 10, 'resolution': 1024, 'img_dir': 'complete_cropped_1024_centered_10272025_allRight'}, 'exp': {'checkpoint_dir': '/projects/retprogression/rgarridogarcia/checkpoints/cropped1024_cropped_centered_allR_3', 'checkpoint_name': '', 'experiment_name': 'swinv2_res1024', 'num_epochs': 25}, 'lr_scheduler': {'type': 'cosine', 'warmup': {'enabled': True, 'min_lr': 1e-07, 'warmup_proportion': 0.15}}, 'model': {'img_size': 1024, 'name': 'swinv2_large_window12to16_192to256.ms_in22k_ft_in1k', 'pretrained': True, 'num_classes': 2}, 'optimization': {'amp_enabled': True, 'gradient_accumulation_steps': 16, 'gradient_clipping': 0.5}, 'optimizer': {'optimizer': None, 'name': 'adam', 'lr': 5e-06, 'weight_decay': 0.001, 'momentum': 0.9}}, 'experiment_res_1024_oversample_50': {'criterion': {'class_weights': [1.0, 1.0], 'type': 'cross_entropy', 'use_class_weights': True}, 'data': {'augmentation': {'strength': 'strong'}, 'batch_size': 4, 'resolution': 1024, 'weighted_sampler': {'enabled': True, 'generator_seed': 42, 'target_minority_ratio': 0.5}}, 'exp': {'checkpoint_dir': '/projects/retprogression/rgarridogarcia/checkpoints/relabled_clean_gradable_swinv2_resolution1024_oversample50_3', 'checkpoint_name': 'epoch_23.pth', 'experiment_name': 'swinv2_res1024', 'master_port': 23450, 'num_epochs': 25}, 'lr_scheduler': {'type': 'cosine', 'warmup': {'enabled': True, 'min_lr': 1e-07, 'warmup_proportion': 0.15}}, 'model': {'img_size': 1024, 'name': 'swinv2_large_window12to16_192to256.ms_in22k_ft_in1k'}, 'optimization': {'amp_enabled': True, 'gradient_accumulation_steps': 16, 'gradient_clipping': 0.5}, 'optimizer': {'lr': 5e-06}}, 'lr_scheduler': {'type': 'cosine', 'warmup': {'enabled': True, 'min_lr': 1e-07, 'warmup_proportion': 0.15}}, 'model': {'img_size': 1024, 'name': 'swinv2_large_window12to16_192to256.ms_in22k_ft_in1k', 'pretrained': True, 'num_classes': 2}, 'optimization': {'amp_enabled': True, 'gradient_accumulation_steps': 16, 'gradient_clipping': 0.5}, 'optimizer': {'optimizer': None, 'name': 'adam', 'lr': 5e-06, 'weight_decay': 0.001, 'momentum': 0.9}}
[2025-11-18 11:29:47][INFO] -  _flags_cache: {'struct': None, 'readonly': None, 'convert': None, 'allow_objects': None}
[2025-11-18 11:29:47][INFO] -  _content: {'optimizer': None, 'name': 'adam', 'lr': 5e-06, 'weight_decay': 0.001, 'momentum': 0.9}
[2025-11-18 11:29:47][INFO] -  lr_scheduler:
[2025-11-18 11:29:47][INFO] -  _metadata: ContainerMetadata(ref_type=typing.Any, object_type=<class 'dict'>, optional=True, key='lr_scheduler', flags={}, flags_root=False, resolver_cache=defaultdict(<class 'dict'>, {}), key_type=typing.Any, element_type=typing.Any)
[2025-11-18 11:29:47][INFO] -  _parent: {'run_id': 3, 'caching': {'enabled': True, 'prefetch_factor': 2, 'train_cache_size': 1000, 'val_cache_size': 1000}, 'criterion': {'alpha': 0.25, 'weight_method': 'inverse_frequency', 'gamma': 2.0, 'type': 'cross_entropy', 'use_class_weights': True}, 'data': {'annotations_file_name': '/projects/retprogression/gradable_dr/clean_gradable_dr_3_', 'augmentation': {'enabled': False, 'type': 'none'}, 'batch_size': 10, 'class_labels': 'gradable_binary_DR', 'data_dir': '/projects/retprogression/', 'img_dir': 'complete_cropped_1024_centered_10272025_allRight', 'num_workers': 7, 'resolution': 1024, 'shuffle': True, 'weighted_sampler': {'enabled': False, 'generator_seed': 42, 'target_minority_ratio': 0.2}}, 'distributed': {'backend': 'nccl', 'world_size': 1}, 'early_stopping': {'enabled': False, 'metric': 'f1_score', 'min_delta': 0.001, 'mode': 'max', 'patience': 8}, 'exp': {'checkpoint_dir': '/projects/retprogression/rgarridogarcia/checkpoints/cropped1024_cropped_centered_allR_3', 'checkpoint_freq': 1, 'checkpoint_name': '', 'experiment_name': 'swinv2_res1024', 'master_port': 48665, 'num_epochs': 25}, 'experiment_res_1024': {'data': {'augmentation': {'enabled': False, 'type': 'none'}, 'batch_size': 10, 'resolution': 1024, 'img_dir': 'complete_cropped_1024_centered_10272025_allRight'}, 'exp': {'checkpoint_dir': '/projects/retprogression/rgarridogarcia/checkpoints/cropped1024_cropped_centered_allR_3', 'checkpoint_name': '', 'experiment_name': 'swinv2_res1024', 'num_epochs': 25}, 'lr_scheduler': {'type': 'cosine', 'warmup': {'enabled': True, 'min_lr': 1e-07, 'warmup_proportion': 0.15}}, 'model': {'img_size': 1024, 'name': 'swinv2_large_window12to16_192to256.ms_in22k_ft_in1k', 'pretrained': True, 'num_classes': 2}, 'optimization': {'amp_enabled': True, 'gradient_accumulation_steps': 16, 'gradient_clipping': 0.5}, 'optimizer': {'optimizer': None, 'name': 'adam', 'lr': 5e-06, 'weight_decay': 0.001, 'momentum': 0.9}}, 'experiment_res_1024_oversample_50': {'criterion': {'class_weights': [1.0, 1.0], 'type': 'cross_entropy', 'use_class_weights': True}, 'data': {'augmentation': {'strength': 'strong'}, 'batch_size': 4, 'resolution': 1024, 'weighted_sampler': {'enabled': True, 'generator_seed': 42, 'target_minority_ratio': 0.5}}, 'exp': {'checkpoint_dir': '/projects/retprogression/rgarridogarcia/checkpoints/relabled_clean_gradable_swinv2_resolution1024_oversample50_3', 'checkpoint_name': 'epoch_23.pth', 'experiment_name': 'swinv2_res1024', 'master_port': 23450, 'num_epochs': 25}, 'lr_scheduler': {'type': 'cosine', 'warmup': {'enabled': True, 'min_lr': 1e-07, 'warmup_proportion': 0.15}}, 'model': {'img_size': 1024, 'name': 'swinv2_large_window12to16_192to256.ms_in22k_ft_in1k'}, 'optimization': {'amp_enabled': True, 'gradient_accumulation_steps': 16, 'gradient_clipping': 0.5}, 'optimizer': {'lr': 5e-06}}, 'lr_scheduler': {'type': 'cosine', 'warmup': {'enabled': True, 'min_lr': 1e-07, 'warmup_proportion': 0.15}}, 'model': {'img_size': 1024, 'name': 'swinv2_large_window12to16_192to256.ms_in22k_ft_in1k', 'pretrained': True, 'num_classes': 2}, 'optimization': {'amp_enabled': True, 'gradient_accumulation_steps': 16, 'gradient_clipping': 0.5}, 'optimizer': {'optimizer': None, 'name': 'adam', 'lr': 5e-06, 'weight_decay': 0.001, 'momentum': 0.9}}
[2025-11-18 11:29:47][INFO] -  _flags_cache: {'struct': None, 'readonly': None, 'convert': None, 'allow_objects': None}
[2025-11-18 11:29:47][INFO] -  _content: {'type': 'cosine', 'warmup': {'enabled': True, 'min_lr': 1e-07, 'warmup_proportion': 0.15}}
[2025-11-18 11:29:47][INFO] -  distributed:
[2025-11-18 11:29:47][INFO] -  _metadata: ContainerMetadata(ref_type=typing.Any, object_type=<class 'dict'>, optional=True, key='distributed', flags={}, flags_root=False, resolver_cache=defaultdict(<class 'dict'>, {}), key_type=typing.Any, element_type=typing.Any)
[2025-11-18 11:29:47][INFO] -  _parent: {'run_id': 3, 'caching': {'enabled': True, 'prefetch_factor': 2, 'train_cache_size': 1000, 'val_cache_size': 1000}, 'criterion': {'alpha': 0.25, 'weight_method': 'inverse_frequency', 'gamma': 2.0, 'type': 'cross_entropy', 'use_class_weights': True}, 'data': {'annotations_file_name': '/projects/retprogression/gradable_dr/clean_gradable_dr_3_', 'augmentation': {'enabled': False, 'type': 'none'}, 'batch_size': 10, 'class_labels': 'gradable_binary_DR', 'data_dir': '/projects/retprogression/', 'img_dir': 'complete_cropped_1024_centered_10272025_allRight', 'num_workers': 7, 'resolution': 1024, 'shuffle': True, 'weighted_sampler': {'enabled': False, 'generator_seed': 42, 'target_minority_ratio': 0.2}}, 'distributed': {'backend': 'nccl', 'world_size': 1}, 'early_stopping': {'enabled': False, 'metric': 'f1_score', 'min_delta': 0.001, 'mode': 'max', 'patience': 8}, 'exp': {'checkpoint_dir': '/projects/retprogression/rgarridogarcia/checkpoints/cropped1024_cropped_centered_allR_3', 'checkpoint_freq': 1, 'checkpoint_name': '', 'experiment_name': 'swinv2_res1024', 'master_port': 48665, 'num_epochs': 25}, 'experiment_res_1024': {'data': {'augmentation': {'enabled': False, 'type': 'none'}, 'batch_size': 10, 'resolution': 1024, 'img_dir': 'complete_cropped_1024_centered_10272025_allRight'}, 'exp': {'checkpoint_dir': '/projects/retprogression/rgarridogarcia/checkpoints/cropped1024_cropped_centered_allR_3', 'checkpoint_name': '', 'experiment_name': 'swinv2_res1024', 'num_epochs': 25}, 'lr_scheduler': {'type': 'cosine', 'warmup': {'enabled': True, 'min_lr': 1e-07, 'warmup_proportion': 0.15}}, 'model': {'img_size': 1024, 'name': 'swinv2_large_window12to16_192to256.ms_in22k_ft_in1k', 'pretrained': True, 'num_classes': 2}, 'optimization': {'amp_enabled': True, 'gradient_accumulation_steps': 16, 'gradient_clipping': 0.5}, 'optimizer': {'optimizer': None, 'name': 'adam', 'lr': 5e-06, 'weight_decay': 0.001, 'momentum': 0.9}}, 'experiment_res_1024_oversample_50': {'criterion': {'class_weights': [1.0, 1.0], 'type': 'cross_entropy', 'use_class_weights': True}, 'data': {'augmentation': {'strength': 'strong'}, 'batch_size': 4, 'resolution': 1024, 'weighted_sampler': {'enabled': True, 'generator_seed': 42, 'target_minority_ratio': 0.5}}, 'exp': {'checkpoint_dir': '/projects/retprogression/rgarridogarcia/checkpoints/relabled_clean_gradable_swinv2_resolution1024_oversample50_3', 'checkpoint_name': 'epoch_23.pth', 'experiment_name': 'swinv2_res1024', 'master_port': 23450, 'num_epochs': 25}, 'lr_scheduler': {'type': 'cosine', 'warmup': {'enabled': True, 'min_lr': 1e-07, 'warmup_proportion': 0.15}}, 'model': {'img_size': 1024, 'name': 'swinv2_large_window12to16_192to256.ms_in22k_ft_in1k'}, 'optimization': {'amp_enabled': True, 'gradient_accumulation_steps': 16, 'gradient_clipping': 0.5}, 'optimizer': {'lr': 5e-06}}, 'lr_scheduler': {'type': 'cosine', 'warmup': {'enabled': True, 'min_lr': 1e-07, 'warmup_proportion': 0.15}}, 'model': {'img_size': 1024, 'name': 'swinv2_large_window12to16_192to256.ms_in22k_ft_in1k', 'pretrained': True, 'num_classes': 2}, 'optimization': {'amp_enabled': True, 'gradient_accumulation_steps': 16, 'gradient_clipping': 0.5}, 'optimizer': {'optimizer': None, 'name': 'adam', 'lr': 5e-06, 'weight_decay': 0.001, 'momentum': 0.9}}
[2025-11-18 11:29:47][INFO] -  _flags_cache: None
[2025-11-18 11:29:47][INFO] -  _content: {'backend': 'nccl', 'world_size': 1}
[2025-11-18 11:29:47][INFO] -  early_stopping:
[2025-11-18 11:29:47][INFO] -  _metadata: ContainerMetadata(ref_type=typing.Any, object_type=<class 'dict'>, optional=True, key='early_stopping', flags={}, flags_root=False, resolver_cache=defaultdict(<class 'dict'>, {}), key_type=typing.Any, element_type=typing.Any)
[2025-11-18 11:29:47][INFO] -  _parent: {'run_id': 3, 'caching': {'enabled': True, 'prefetch_factor': 2, 'train_cache_size': 1000, 'val_cache_size': 1000}, 'criterion': {'alpha': 0.25, 'weight_method': 'inverse_frequency', 'gamma': 2.0, 'type': 'cross_entropy', 'use_class_weights': True}, 'data': {'annotations_file_name': '/projects/retprogression/gradable_dr/clean_gradable_dr_3_', 'augmentation': {'enabled': False, 'type': 'none'}, 'batch_size': 10, 'class_labels': 'gradable_binary_DR', 'data_dir': '/projects/retprogression/', 'img_dir': 'complete_cropped_1024_centered_10272025_allRight', 'num_workers': 7, 'resolution': 1024, 'shuffle': True, 'weighted_sampler': {'enabled': False, 'generator_seed': 42, 'target_minority_ratio': 0.2}}, 'distributed': {'backend': 'nccl', 'world_size': 1}, 'early_stopping': {'enabled': False, 'metric': 'f1_score', 'min_delta': 0.001, 'mode': 'max', 'patience': 8}, 'exp': {'checkpoint_dir': '/projects/retprogression/rgarridogarcia/checkpoints/cropped1024_cropped_centered_allR_3', 'checkpoint_freq': 1, 'checkpoint_name': '', 'experiment_name': 'swinv2_res1024', 'master_port': 48665, 'num_epochs': 25}, 'experiment_res_1024': {'data': {'augmentation': {'enabled': False, 'type': 'none'}, 'batch_size': 10, 'resolution': 1024, 'img_dir': 'complete_cropped_1024_centered_10272025_allRight'}, 'exp': {'checkpoint_dir': '/projects/retprogression/rgarridogarcia/checkpoints/cropped1024_cropped_centered_allR_3', 'checkpoint_name': '', 'experiment_name': 'swinv2_res1024', 'num_epochs': 25}, 'lr_scheduler': {'type': 'cosine', 'warmup': {'enabled': True, 'min_lr': 1e-07, 'warmup_proportion': 0.15}}, 'model': {'img_size': 1024, 'name': 'swinv2_large_window12to16_192to256.ms_in22k_ft_in1k', 'pretrained': True, 'num_classes': 2}, 'optimization': {'amp_enabled': True, 'gradient_accumulation_steps': 16, 'gradient_clipping': 0.5}, 'optimizer': {'optimizer': None, 'name': 'adam', 'lr': 5e-06, 'weight_decay': 0.001, 'momentum': 0.9}}, 'experiment_res_1024_oversample_50': {'criterion': {'class_weights': [1.0, 1.0], 'type': 'cross_entropy', 'use_class_weights': True}, 'data': {'augmentation': {'strength': 'strong'}, 'batch_size': 4, 'resolution': 1024, 'weighted_sampler': {'enabled': True, 'generator_seed': 42, 'target_minority_ratio': 0.5}}, 'exp': {'checkpoint_dir': '/projects/retprogression/rgarridogarcia/checkpoints/relabled_clean_gradable_swinv2_resolution1024_oversample50_3', 'checkpoint_name': 'epoch_23.pth', 'experiment_name': 'swinv2_res1024', 'master_port': 23450, 'num_epochs': 25}, 'lr_scheduler': {'type': 'cosine', 'warmup': {'enabled': True, 'min_lr': 1e-07, 'warmup_proportion': 0.15}}, 'model': {'img_size': 1024, 'name': 'swinv2_large_window12to16_192to256.ms_in22k_ft_in1k'}, 'optimization': {'amp_enabled': True, 'gradient_accumulation_steps': 16, 'gradient_clipping': 0.5}, 'optimizer': {'lr': 5e-06}}, 'lr_scheduler': {'type': 'cosine', 'warmup': {'enabled': True, 'min_lr': 1e-07, 'warmup_proportion': 0.15}}, 'model': {'img_size': 1024, 'name': 'swinv2_large_window12to16_192to256.ms_in22k_ft_in1k', 'pretrained': True, 'num_classes': 2}, 'optimization': {'amp_enabled': True, 'gradient_accumulation_steps': 16, 'gradient_clipping': 0.5}, 'optimizer': {'optimizer': None, 'name': 'adam', 'lr': 5e-06, 'weight_decay': 0.001, 'momentum': 0.9}}
[2025-11-18 11:29:47][INFO] -  _flags_cache: None
[2025-11-18 11:29:47][INFO] -  _content: {'enabled': False, 'metric': 'f1_score', 'min_delta': 0.001, 'mode': 'max', 'patience': 8}
[2025-11-18 11:29:47][INFO] -  criterion:
[2025-11-18 11:29:47][INFO] -  _metadata: ContainerMetadata(ref_type=typing.Any, object_type=<class 'dict'>, optional=True, key='criterion', flags={}, flags_root=False, resolver_cache=defaultdict(<class 'dict'>, {}), key_type=typing.Any, element_type=typing.Any)
[2025-11-18 11:29:47][INFO] -  _parent: {'run_id': 3, 'caching': {'enabled': True, 'prefetch_factor': 2, 'train_cache_size': 1000, 'val_cache_size': 1000}, 'criterion': {'alpha': 0.25, 'weight_method': 'inverse_frequency', 'gamma': 2.0, 'type': 'cross_entropy', 'use_class_weights': True}, 'data': {'annotations_file_name': '/projects/retprogression/gradable_dr/clean_gradable_dr_3_', 'augmentation': {'enabled': False, 'type': 'none'}, 'batch_size': 10, 'class_labels': 'gradable_binary_DR', 'data_dir': '/projects/retprogression/', 'img_dir': 'complete_cropped_1024_centered_10272025_allRight', 'num_workers': 7, 'resolution': 1024, 'shuffle': True, 'weighted_sampler': {'enabled': False, 'generator_seed': 42, 'target_minority_ratio': 0.2}}, 'distributed': {'backend': 'nccl', 'world_size': 1}, 'early_stopping': {'enabled': False, 'metric': 'f1_score', 'min_delta': 0.001, 'mode': 'max', 'patience': 8}, 'exp': {'checkpoint_dir': '/projects/retprogression/rgarridogarcia/checkpoints/cropped1024_cropped_centered_allR_3', 'checkpoint_freq': 1, 'checkpoint_name': '', 'experiment_name': 'swinv2_res1024', 'master_port': 48665, 'num_epochs': 25}, 'experiment_res_1024': {'data': {'augmentation': {'enabled': False, 'type': 'none'}, 'batch_size': 10, 'resolution': 1024, 'img_dir': 'complete_cropped_1024_centered_10272025_allRight'}, 'exp': {'checkpoint_dir': '/projects/retprogression/rgarridogarcia/checkpoints/cropped1024_cropped_centered_allR_3', 'checkpoint_name': '', 'experiment_name': 'swinv2_res1024', 'num_epochs': 25}, 'lr_scheduler': {'type': 'cosine', 'warmup': {'enabled': True, 'min_lr': 1e-07, 'warmup_proportion': 0.15}}, 'model': {'img_size': 1024, 'name': 'swinv2_large_window12to16_192to256.ms_in22k_ft_in1k', 'pretrained': True, 'num_classes': 2}, 'optimization': {'amp_enabled': True, 'gradient_accumulation_steps': 16, 'gradient_clipping': 0.5}, 'optimizer': {'optimizer': None, 'name': 'adam', 'lr': 5e-06, 'weight_decay': 0.001, 'momentum': 0.9}}, 'experiment_res_1024_oversample_50': {'criterion': {'class_weights': [1.0, 1.0], 'type': 'cross_entropy', 'use_class_weights': True}, 'data': {'augmentation': {'strength': 'strong'}, 'batch_size': 4, 'resolution': 1024, 'weighted_sampler': {'enabled': True, 'generator_seed': 42, 'target_minority_ratio': 0.5}}, 'exp': {'checkpoint_dir': '/projects/retprogression/rgarridogarcia/checkpoints/relabled_clean_gradable_swinv2_resolution1024_oversample50_3', 'checkpoint_name': 'epoch_23.pth', 'experiment_name': 'swinv2_res1024', 'master_port': 23450, 'num_epochs': 25}, 'lr_scheduler': {'type': 'cosine', 'warmup': {'enabled': True, 'min_lr': 1e-07, 'warmup_proportion': 0.15}}, 'model': {'img_size': 1024, 'name': 'swinv2_large_window12to16_192to256.ms_in22k_ft_in1k'}, 'optimization': {'amp_enabled': True, 'gradient_accumulation_steps': 16, 'gradient_clipping': 0.5}, 'optimizer': {'lr': 5e-06}}, 'lr_scheduler': {'type': 'cosine', 'warmup': {'enabled': True, 'min_lr': 1e-07, 'warmup_proportion': 0.15}}, 'model': {'img_size': 1024, 'name': 'swinv2_large_window12to16_192to256.ms_in22k_ft_in1k', 'pretrained': True, 'num_classes': 2}, 'optimization': {'amp_enabled': True, 'gradient_accumulation_steps': 16, 'gradient_clipping': 0.5}, 'optimizer': {'optimizer': None, 'name': 'adam', 'lr': 5e-06, 'weight_decay': 0.001, 'momentum': 0.9}}
[2025-11-18 11:29:47][INFO] -  _flags_cache: None
[2025-11-18 11:29:47][INFO] -  _content: {'alpha': 0.25, 'weight_method': 'inverse_frequency', 'gamma': 2.0, 'type': 'cross_entropy', 'use_class_weights': True}
[2025-11-18 11:29:47][INFO] - Number of available GPUs: 1
[2025-11-18 11:29:47][INFO] - Available GPUs:
[2025-11-18 11:29:48][INFO] -  GPU 0: NVIDIA H200
[2025-11-18 11:29:48][INFO] - Training with single GPU or CPU
[2025-11-18 11:29:48][INFO] - Initialized process group with world_size=1
[2025-11-18 11:29:48][INFO][Rank 0] - Running training on rank 0 with world size 1
[2025-11-18 11:29:48][INFO][Rank 0] - Training for 25 epochs
[2025-11-18 11:29:48][INFO][Rank 0] - Batch size: 10 (per GPU)
[2025-11-18 11:29:48][INFO][Rank 0] - Total effective batch size: 10
[2025-11-18 11:29:48][INFO][Rank 0] - Learning rate: 5e-06
[2025-11-18 11:29:48][INFO][Rank 0] - Experiment name: swinv2_res1024
[2025-11-18 11:29:48][INFO][Rank 0] - Data augmentation type: none
[2025-11-18 11:29:48][INFO][Rank 0] - Image resolution: 1024x1024
[2025-11-18 11:29:48][INFO][Rank 0] - Creating datasets...
[2025-11-18 11:29:48][INFO][Rank 0] - Using image directory: complete_cropped_1024_centered_10272025_allRight
[2025-11-18 11:29:54][INFO][Rank 0] - JoslinData: Loaded 19480 samples from /projects/retprogression/complete_cropped_1024_centered_10272025_allRight
[2025-11-18 11:29:54][INFO][Rank 0] - Class distribution: {1: '18992 (97.5%)', 0: '488 (2.5%)'}
[2025-11-18 11:29:55][INFO][Rank 0] - JoslinData: Loaded 4068 samples from /projects/retprogression/complete_cropped_1024_centered_10272025_allRight
[2025-11-18 11:29:55][INFO][Rank 0] - Class distribution: {1: '3960 (97.3%)', 0: '108 (2.7%)'}
[2025-11-18 11:29:55][INFO][Rank 0] - CachedDataset initialized for rank 0 with cache_size=1000
[2025-11-18 11:29:55][INFO][Rank 0] - CachedDataset initialized for rank 0 with cache_size=1000
[2025-11-18 11:29:55][INFO][Rank 0] - Datasets created in 7.01s
[2025-11-18 11:29:55][INFO][Rank 0] - Train dataset size: 19480
[2025-11-18 11:29:55][INFO][Rank 0] - Validation dataset size: 4068
[2025-11-18 11:29:55][INFO][Rank 0] - Caching enabled - Train cache size: 1000, Val cache size: 1000
[2025-11-18 11:29:55][INFO][Rank 0] - Creating dataloaders...
[2025-11-18 11:29:55][INFO][Rank 0] - Dataloaders created in 0.00s
[2025-11-18 11:29:55][INFO][Rank 0] - Workers per GPU: 7
[2025-11-18 11:29:55][INFO][Rank 0] - Prefetch factor: 2
[2025-11-18 11:29:55][INFO][Rank 0] - Drop last batch: True
[2025-11-18 11:29:55][INFO][Rank 0] - Creating model: swinv2_large_window12to16_192to256.ms_in22k_ft_in1k...
[2025-11-18 11:29:57][INFO][Rank 0] - Loading pretrained weights from Hugging Face hub (timm/swinv2_large_window12to16_192to256.ms_in22k_ft_in1k)
[2025-11-18 11:29:57][INFO][Rank 0] - [timm/swinv2_large_window12to16_192to256.ms_in22k_ft_in1k] Safe alternative available for 'pytorch_model.bin' (as 'model.safetensors'). Loading weights using safetensors.
[2025-11-18 11:29:58][INFO][Rank 0] - Missing keys (head.fc.weight, head.fc.bias) discovered while loading pretrained weights. This is expected if model is being adapted.
[2025-11-18 11:29:58][INFO][Rank 0] - Created ViT model with image size: 1024x1024
[2025-11-18 11:29:58][INFO][Rank 0] - Model parameters: 195,206,006 total, 195,206,006 trainable
[2025-11-18 11:29:58][INFO][Rank 0] - Model created and initialized in 3.46s
[2025-11-18 11:29:58][INFO][Rank 0] - Class weights explicitly set to: True
[2025-11-18 11:29:58][INFO][Rank 0] - Auto-computing class weights using method: inverse_frequency
[2025-11-18 11:29:58][INFO][Rank 0] - Class distribution:
[2025-11-18 11:29:58][INFO][Rank 0] -   Class 0: 488 samples (2.5%)
[2025-11-18 11:29:58][INFO][Rank 0] -   Class 1: 18992 samples (97.5%)
[2025-11-18 11:29:58][INFO][Rank 0] - Computed class weights (method=inverse_frequency):
[2025-11-18 11:29:58][INFO][Rank 0] -   Class 0: weight = 1.00
[2025-11-18 11:29:58][INFO][Rank 0] -   Class 1: weight = 0.03
[2025-11-18 11:29:58][INFO][Rank 0] - Imbalance ratio: 38.9:1
[2025-11-18 11:29:58][INFO][Rank 0] - Using weighted Cross Entropy loss with class weights: tensor([1.0000, 0.0257], device='cuda:0')
[2025-11-18 11:29:58][INFO][Rank 0] - Learning rate warmup enabled: 292 steps from 1e-07 to 5e-06
/projects/retprogression/pytorch_cu121_env/lib/python3.12/site-packages/torch/optim/lr_scheduler.py:60: UserWarning: The verbose parameter is deprecated. Please use get_last_lr() to access the learning rate.
  warnings.warn(
[2025-11-18 11:29:58][INFO][Rank 0] - Checkpoint path: /projects/retprogression/rgarridogarcia/checkpoints/cropped1024_cropped_centered_allR_3/
[2025-11-18 11:29:58][INFO][Rank 0] - ======= Starting Training =======
[2025-11-18 11:29:58][INFO][Rank 0] - Using gradient accumulation with 16 steps
[2025-11-18 11:29:58][INFO][Rank 0] - Automatic mixed precision (AMP) enabled
[2025-11-18 11:29:58][INFO][Rank 0] - Gradient clipping enabled with max norm 0.5
/home/r.garridogarcia/MIGHTE/retprogression/swinV2/RETProgression/src/utils.py:287: FutureWarning: `torch.cuda.amp.GradScaler(args...)` is deprecated. Please use `torch.amp.GradScaler('cuda', args...)` instead.
  scaler = torch.cuda.amp.GradScaler() if amp_enabled else None
[2025-11-18 11:29:58][INFO][Rank 0] - CUDA memory monitor initialized: {0: {'allocated': 1622.57568359375, 'reserved': 2196.0, 'active': 1622.57568359375}}
[2025-11-18 11:29:58][INFO][Rank 0] - ========== Starting Training ==========
[2025-11-18 11:29:58][INFO][Rank 0] - GPU 0: NVIDIA H200
[2025-11-18 11:29:58][INFO][Rank 0] - Epoch 0/24
[2025-11-18 11:29:58][INFO][Rank 0] - ----------
[2025-11-18 11:29:58][INFO][Rank 0] - CUDA Memory [train][Step 0]: Device 0: Allocated: 1622.6 MB, Reserved: 2196.0 MB (Δ: +0.0 MB)
[2025-11-18 11:29:58][INFO][Rank 0] - train phase: total 1948 batches
[2025-11-18 11:30:00][INFO][Rank 0] - train Epoch 0/24: 0.0% (0/1948)
[2025-11-18 11:30:00][INFO][Rank 0] - Input batch size: torch.Size([10, 3, 1024, 1024])
[2025-11-18 11:30:08][INFO][Rank 0] - train Epoch 0/24: 0.5% (10/1948)
[2025-11-18 11:30:15][INFO][Rank 0] - train Epoch 0/24: 1.0% (20/1948)
[2025-11-18 11:30:22][INFO][Rank 0] - train Epoch 0/24: 1.5% (30/1948)
[2025-11-18 11:30:29][INFO][Rank 0] - train Epoch 0/24: 2.1% (40/1948)
[2025-11-18 11:30:36][INFO][Rank 0] - train Epoch 0/24: 2.6% (50/1948)
[2025-11-18 11:30:43][INFO][Rank 0] - train Epoch 0/24: 3.1% (60/1948)
[2025-11-18 11:30:50][INFO][Rank 0] - train Epoch 0/24: 3.6% (70/1948)
[2025-11-18 11:30:57][INFO][Rank 0] - train Epoch 0/24: 4.1% (80/1948)
[2025-11-18 11:31:04][INFO][Rank 0] - train Epoch 0/24: 4.6% (90/1948)
[2025-11-18 11:31:05][INFO][Rank 0] - CUDA Memory [train][Step 90]: Device 0: Allocated: 3309.6 MB, Reserved: 117540.0 MB (Δ: +1687.0 MB)
[2025-11-18 11:31:11][INFO][Rank 0] - train Epoch 0/24: 5.1% (100/1948)
[2025-11-18 11:31:19][INFO][Rank 0] - train Epoch 0/24: 5.6% (110/1948)
[2025-11-18 11:31:26][INFO][Rank 0] - train Epoch 0/24: 6.2% (120/1948)
[2025-11-18 11:31:33][INFO][Rank 0] - train Epoch 0/24: 6.7% (130/1948)
[2025-11-18 11:31:40][INFO][Rank 0] - train Epoch 0/24: 7.2% (140/1948)
[2025-11-18 11:31:47][INFO][Rank 0] - train Epoch 0/24: 7.7% (150/1948)
[2025-11-18 11:31:54][INFO][Rank 0] - train Epoch 0/24: 8.2% (160/1948)
[2025-11-18 11:32:01][INFO][Rank 0] - train Epoch 0/24: 8.7% (170/1948)
[2025-11-18 11:32:08][INFO][Rank 0] - train Epoch 0/24: 9.2% (180/1948)
[2025-11-18 11:32:09][INFO][Rank 0] - CUDA Memory [train][Step 180]: Device 0: Allocated: 3309.6 MB, Reserved: 117540.0 MB (Δ: +1687.0 MB)
[2025-11-18 11:32:15][INFO][Rank 0] - train Epoch 0/24: 9.8% (190/1948)
[2025-11-18 11:32:22][INFO][Rank 0] - train Epoch 0/24: 10.3% (200/1948)
[2025-11-18 11:32:29][INFO][Rank 0] - train Epoch 0/24: 10.8% (210/1948)
[2025-11-18 11:32:36][INFO][Rank 0] - train Epoch 0/24: 11.3% (220/1948)
[2025-11-18 11:32:43][INFO][Rank 0] - train Epoch 0/24: 11.8% (230/1948)
[2025-11-18 11:32:50][INFO][Rank 0] - train Epoch 0/24: 12.3% (240/1948)
[2025-11-18 11:32:57][INFO][Rank 0] - train Epoch 0/24: 12.8% (250/1948)
[2025-11-18 11:33:05][INFO][Rank 0] - train Epoch 0/24: 13.3% (260/1948)
[2025-11-18 11:33:12][INFO][Rank 0] - train Epoch 0/24: 13.9% (270/1948)
[2025-11-18 11:33:12][INFO][Rank 0] - CUDA Memory [train][Step 270]: Device 0: Allocated: 3309.6 MB, Reserved: 117540.0 MB (Δ: +1687.0 MB)
[2025-11-18 11:33:19][INFO][Rank 0] - train Epoch 0/24: 14.4% (280/1948)
[2025-11-18 11:33:26][INFO][Rank 0] - train Epoch 0/24: 14.9% (290/1948)
[2025-11-18 11:33:33][INFO][Rank 0] - train Epoch 0/24: 15.4% (300/1948)
[2025-11-18 11:33:40][INFO][Rank 0] - train Epoch 0/24: 15.9% (310/1948)
[2025-11-18 11:33:47][INFO][Rank 0] - train Epoch 0/24: 16.4% (320/1948)
[2025-11-18 11:33:54][INFO][Rank 0] - train Epoch 0/24: 16.9% (330/1948)
[2025-11-18 11:34:01][INFO][Rank 0] - train Epoch 0/24: 17.5% (340/1948)
[2025-11-18 11:34:08][INFO][Rank 0] - train Epoch 0/24: 18.0% (350/1948)
[2025-11-18 11:34:15][INFO][Rank 0] - train Epoch 0/24: 18.5% (360/1948)
[2025-11-18 11:34:16][INFO][Rank 0] - CUDA Memory [train][Step 360]: Device 0: Allocated: 3309.6 MB, Reserved: 117540.0 MB (Δ: +1687.0 MB)
[2025-11-18 11:34:22][INFO][Rank 0] - train Epoch 0/24: 19.0% (370/1948)
[2025-11-18 11:34:29][INFO][Rank 0] - train Epoch 0/24: 19.5% (380/1948)
[2025-11-18 11:34:36][INFO][Rank 0] - train Epoch 0/24: 20.0% (390/1948)
[2025-11-18 11:34:43][INFO][Rank 0] - train Epoch 0/24: 20.5% (400/1948)
[2025-11-18 11:34:50][INFO][Rank 0] - train Epoch 0/24: 21.0% (410/1948)
[2025-11-18 11:34:58][INFO][Rank 0] - train Epoch 0/24: 21.6% (420/1948)
[2025-11-18 11:35:05][INFO][Rank 0] - train Epoch 0/24: 22.1% (430/1948)
[2025-11-18 11:35:12][INFO][Rank 0] - train Epoch 0/24: 22.6% (440/1948)
[2025-11-18 11:35:19][INFO][Rank 0] - train Epoch 0/24: 23.1% (450/1948)
[2025-11-18 11:35:19][INFO][Rank 0] - CUDA Memory [train][Step 450]: Device 0: Allocated: 3309.6 MB, Reserved: 117540.0 MB (Δ: +1687.0 MB)
[2025-11-18 11:35:26][INFO][Rank 0] - train Epoch 0/24: 23.6% (460/1948)
[2025-11-18 11:35:33][INFO][Rank 0] - train Epoch 0/24: 24.1% (470/1948)
[2025-11-18 11:35:40][INFO][Rank 0] - train Epoch 0/24: 24.6% (480/1948)
[2025-11-18 11:35:47][INFO][Rank 0] - train Epoch 0/24: 25.2% (490/1948)
[2025-11-18 11:35:54][INFO][Rank 0] - train Epoch 0/24: 25.7% (500/1948)
[2025-11-18 11:36:01][INFO][Rank 0] - train Epoch 0/24: 26.2% (510/1948)
[2025-11-18 11:36:08][INFO][Rank 0] - train Epoch 0/24: 26.7% (520/1948)
[2025-11-18 11:36:15][INFO][Rank 0] - train Epoch 0/24: 27.2% (530/1948)
[2025-11-18 11:36:22][INFO][Rank 0] - train Epoch 0/24: 27.7% (540/1948)
[2025-11-18 11:36:23][INFO][Rank 0] - CUDA Memory [train][Step 540]: Device 0: Allocated: 3309.6 MB, Reserved: 117540.0 MB (Δ: +1687.0 MB)
[2025-11-18 11:36:29][INFO][Rank 0] - train Epoch 0/24: 28.2% (550/1948)
[2025-11-18 11:36:36][INFO][Rank 0] - train Epoch 0/24: 28.7% (560/1948)
[2025-11-18 11:36:44][INFO][Rank 0] - train Epoch 0/24: 29.3% (570/1948)
[2025-11-18 11:36:51][INFO][Rank 0] - train Epoch 0/24: 29.8% (580/1948)
[2025-11-18 11:36:58][INFO][Rank 0] - train Epoch 0/24: 30.3% (590/1948)
[2025-11-18 11:37:05][INFO][Rank 0] - train Epoch 0/24: 30.8% (600/1948)
[2025-11-18 11:37:12][INFO][Rank 0] - train Epoch 0/24: 31.3% (610/1948)
[2025-11-18 11:37:19][INFO][Rank 0] - train Epoch 0/24: 31.8% (620/1948)
[2025-11-18 11:37:26][INFO][Rank 0] - train Epoch 0/24: 32.3% (630/1948)
[2025-11-18 11:37:27][INFO][Rank 0] - CUDA Memory [train][Step 630]: Device 0: Allocated: 3309.6 MB, Reserved: 117540.0 MB (Δ: +1687.0 MB)
[2025-11-18 11:37:33][INFO][Rank 0] - train Epoch 0/24: 32.9% (640/1948)
[2025-11-18 11:37:40][INFO][Rank 0] - train Epoch 0/24: 33.4% (650/1948)
[2025-11-18 11:37:47][INFO][Rank 0] - train Epoch 0/24: 33.9% (660/1948)
[2025-11-18 11:37:54][INFO][Rank 0] - train Epoch 0/24: 34.4% (670/1948)
[2025-11-18 11:38:01][INFO][Rank 0] - train Epoch 0/24: 34.9% (680/1948)
[2025-11-18 11:38:08][INFO][Rank 0] - train Epoch 0/24: 35.4% (690/1948)
[2025-11-18 11:38:15][INFO][Rank 0] - train Epoch 0/24: 35.9% (700/1948)
[2025-11-18 11:38:22][INFO][Rank 0] - train Epoch 0/24: 36.4% (710/1948)
[2025-11-18 11:38:29][INFO][Rank 0] - train Epoch 0/24: 37.0% (720/1948)
[2025-11-18 11:38:30][INFO][Rank 0] - CUDA Memory [train][Step 720]: Device 0: Allocated: 3309.6 MB, Reserved: 117540.0 MB (Δ: +1687.0 MB)
[2025-11-18 11:38:37][INFO][Rank 0] - train Epoch 0/24: 37.5% (730/1948)
[2025-11-18 11:38:44][INFO][Rank 0] - train Epoch 0/24: 38.0% (740/1948)
[2025-11-18 11:38:51][INFO][Rank 0] - train Epoch 0/24: 38.5% (750/1948)
[2025-11-18 11:38:58][INFO][Rank 0] - train Epoch 0/24: 39.0% (760/1948)
[2025-11-18 11:39:05][INFO][Rank 0] - train Epoch 0/24: 39.5% (770/1948)
[2025-11-18 11:39:12][INFO][Rank 0] - train Epoch 0/24: 40.0% (780/1948)
[2025-11-18 11:39:19][INFO][Rank 0] - train Epoch 0/24: 40.6% (790/1948)
[2025-11-18 11:39:26][INFO][Rank 0] - train Epoch 0/24: 41.1% (800/1948)
[2025-11-18 11:39:33][INFO][Rank 0] - train Epoch 0/24: 41.6% (810/1948)
[2025-11-18 11:39:34][INFO][Rank 0] - CUDA Memory [train][Step 810]: Device 0: Allocated: 3309.6 MB, Reserved: 117540.0 MB (Δ: +1687.0 MB)
[2025-11-18 11:39:40][INFO][Rank 0] - train Epoch 0/24: 42.1% (820/1948)
[2025-11-18 11:39:47][INFO][Rank 0] - train Epoch 0/24: 42.6% (830/1948)
[2025-11-18 11:39:54][INFO][Rank 0] - train Epoch 0/24: 43.1% (840/1948)
[2025-11-18 11:40:01][INFO][Rank 0] - train Epoch 0/24: 43.6% (850/1948)
[2025-11-18 11:40:08][INFO][Rank 0] - train Epoch 0/24: 44.1% (860/1948)
[2025-11-18 11:40:15][INFO][Rank 0] - train Epoch 0/24: 44.7% (870/1948)
[2025-11-18 11:40:22][INFO][Rank 0] - train Epoch 0/24: 45.2% (880/1948)
[2025-11-18 11:40:30][INFO][Rank 0] - train Epoch 0/24: 45.7% (890/1948)
[2025-11-18 11:40:37][INFO][Rank 0] - train Epoch 0/24: 46.2% (900/1948)
[2025-11-18 11:40:37][INFO][Rank 0] - CUDA Memory [train][Step 900]: Device 0: Allocated: 3309.6 MB, Reserved: 117540.0 MB (Δ: +1687.0 MB)
[2025-11-18 11:40:44][INFO][Rank 0] - train Epoch 0/24: 46.7% (910/1948)
[2025-11-18 11:40:51][INFO][Rank 0] - train Epoch 0/24: 47.2% (920/1948)
[2025-11-18 11:40:58][INFO][Rank 0] - train Epoch 0/24: 47.7% (930/1948)
[2025-11-18 11:41:05][INFO][Rank 0] - train Epoch 0/24: 48.3% (940/1948)
[2025-11-18 11:41:12][INFO][Rank 0] - train Epoch 0/24: 48.8% (950/1948)
[2025-11-18 11:41:19][INFO][Rank 0] - train Epoch 0/24: 49.3% (960/1948)
[2025-11-18 11:41:26][INFO][Rank 0] - train Epoch 0/24: 49.8% (970/1948)
[2025-11-18 11:41:33][INFO][Rank 0] - train Epoch 0/24: 50.3% (980/1948)
[2025-11-18 11:41:40][INFO][Rank 0] - train Epoch 0/24: 50.8% (990/1948)
[2025-11-18 11:41:41][INFO][Rank 0] - CUDA Memory [train][Step 990]: Device 0: Allocated: 3309.6 MB, Reserved: 117540.0 MB (Δ: +1687.0 MB)
[2025-11-18 11:41:47][INFO][Rank 0] - train Epoch 0/24: 51.3% (1000/1948)
[2025-11-18 11:41:54][INFO][Rank 0] - train Epoch 0/24: 51.8% (1010/1948)
[2025-11-18 11:42:01][INFO][Rank 0] - train Epoch 0/24: 52.4% (1020/1948)
[2025-11-18 11:42:08][INFO][Rank 0] - train Epoch 0/24: 52.9% (1030/1948)
[2025-11-18 11:42:16][INFO][Rank 0] - train Epoch 0/24: 53.4% (1040/1948)
[2025-11-18 11:42:23][INFO][Rank 0] - train Epoch 0/24: 53.9% (1050/1948)
[2025-11-18 11:42:30][INFO][Rank 0] - train Epoch 0/24: 54.4% (1060/1948)
[2025-11-18 11:42:37][INFO][Rank 0] - train Epoch 0/24: 54.9% (1070/1948)
[2025-11-18 11:42:44][INFO][Rank 0] - train Epoch 0/24: 55.4% (1080/1948)
[2025-11-18 11:42:44][INFO][Rank 0] - CUDA Memory [train][Step 1080]: Device 0: Allocated: 3309.6 MB, Reserved: 117540.0 MB (Δ: +1687.0 MB)
[2025-11-18 11:42:51][INFO][Rank 0] - train Epoch 0/24: 56.0% (1090/1948)
[2025-11-18 11:42:58][INFO][Rank 0] - train Epoch 0/24: 56.5% (1100/1948)
[2025-11-18 11:43:05][INFO][Rank 0] - train Epoch 0/24: 57.0% (1110/1948)
[2025-11-18 11:43:12][INFO][Rank 0] - train Epoch 0/24: 57.5% (1120/1948)
[2025-11-18 11:43:19][INFO][Rank 0] - train Epoch 0/24: 58.0% (1130/1948)
[2025-11-18 11:43:26][INFO][Rank 0] - train Epoch 0/24: 58.5% (1140/1948)
[2025-11-18 11:43:33][INFO][Rank 0] - train Epoch 0/24: 59.0% (1150/1948)
[2025-11-18 11:43:40][INFO][Rank 0] - train Epoch 0/24: 59.5% (1160/1948)
[2025-11-18 11:43:47][INFO][Rank 0] - train Epoch 0/24: 60.1% (1170/1948)
[2025-11-18 11:43:48][INFO][Rank 0] - CUDA Memory [train][Step 1170]: Device 0: Allocated: 3309.6 MB, Reserved: 117540.0 MB (Δ: +1687.0 MB)
[2025-11-18 11:43:54][INFO][Rank 0] - train Epoch 0/24: 60.6% (1180/1948)
[2025-11-18 11:44:01][INFO][Rank 0] - train Epoch 0/24: 61.1% (1190/1948)
[2025-11-18 11:44:09][INFO][Rank 0] - train Epoch 0/24: 61.6% (1200/1948)
[2025-11-18 11:44:16][INFO][Rank 0] - train Epoch 0/24: 62.1% (1210/1948)
[2025-11-18 11:44:23][INFO][Rank 0] - train Epoch 0/24: 62.6% (1220/1948)
[2025-11-18 11:44:30][INFO][Rank 0] - train Epoch 0/24: 63.1% (1230/1948)
[2025-11-18 11:44:37][INFO][Rank 0] - train Epoch 0/24: 63.7% (1240/1948)
[2025-11-18 11:44:44][INFO][Rank 0] - train Epoch 0/24: 64.2% (1250/1948)
[2025-11-18 11:44:51][INFO][Rank 0] - train Epoch 0/24: 64.7% (1260/1948)
[2025-11-18 11:44:52][INFO][Rank 0] - CUDA Memory [train][Step 1260]: Device 0: Allocated: 3309.6 MB, Reserved: 117540.0 MB (Δ: +1687.0 MB)
[2025-11-18 11:44:58][INFO][Rank 0] - train Epoch 0/24: 65.2% (1270/1948)
[2025-11-18 11:45:05][INFO][Rank 0] - train Epoch 0/24: 65.7% (1280/1948)
[2025-11-18 11:45:12][INFO][Rank 0] - train Epoch 0/24: 66.2% (1290/1948)
[2025-11-18 11:45:19][INFO][Rank 0] - train Epoch 0/24: 66.7% (1300/1948)
[2025-11-18 11:45:26][INFO][Rank 0] - train Epoch 0/24: 67.2% (1310/1948)
[2025-11-18 11:45:33][INFO][Rank 0] - train Epoch 0/24: 67.8% (1320/1948)
[2025-11-18 11:45:40][INFO][Rank 0] - train Epoch 0/24: 68.3% (1330/1948)
[2025-11-18 11:45:47][INFO][Rank 0] - train Epoch 0/24: 68.8% (1340/1948)
[2025-11-18 11:45:54][INFO][Rank 0] - train Epoch 0/24: 69.3% (1350/1948)
[2025-11-18 11:45:55][INFO][Rank 0] - CUDA Memory [train][Step 1350]: Device 0: Allocated: 3309.6 MB, Reserved: 117540.0 MB (Δ: +1687.0 MB)
[2025-11-18 11:46:02][INFO][Rank 0] - train Epoch 0/24: 69.8% (1360/1948)
[2025-11-18 11:46:09][INFO][Rank 0] - train Epoch 0/24: 70.3% (1370/1948)
[2025-11-18 11:46:16][INFO][Rank 0] - train Epoch 0/24: 70.8% (1380/1948)
[2025-11-18 11:46:23][INFO][Rank 0] - train Epoch 0/24: 71.4% (1390/1948)
[2025-11-18 11:46:30][INFO][Rank 0] - train Epoch 0/24: 71.9% (1400/1948)
[2025-11-18 11:46:37][INFO][Rank 0] - train Epoch 0/24: 72.4% (1410/1948)
[2025-11-18 11:46:44][INFO][Rank 0] - train Epoch 0/24: 72.9% (1420/1948)
[2025-11-18 11:46:51][INFO][Rank 0] - train Epoch 0/24: 73.4% (1430/1948)
[2025-11-18 11:46:58][INFO][Rank 0] - train Epoch 0/24: 73.9% (1440/1948)
[2025-11-18 11:46:59][INFO][Rank 0] - CUDA Memory [train][Step 1440]: Device 0: Allocated: 3309.6 MB, Reserved: 117540.0 MB (Δ: +1687.0 MB)
[2025-11-18 11:47:05][INFO][Rank 0] - train Epoch 0/24: 74.4% (1450/1948)
[2025-11-18 11:47:12][INFO][Rank 0] - train Epoch 0/24: 74.9% (1460/1948)
[2025-11-18 11:47:19][INFO][Rank 0] - train Epoch 0/24: 75.5% (1470/1948)
[2025-11-18 11:47:26][INFO][Rank 0] - train Epoch 0/24: 76.0% (1480/1948)
[2025-11-18 11:47:33][INFO][Rank 0] - train Epoch 0/24: 76.5% (1490/1948)
[2025-11-18 11:47:40][INFO][Rank 0] - train Epoch 0/24: 77.0% (1500/1948)
[2025-11-18 11:47:48][INFO][Rank 0] - train Epoch 0/24: 77.5% (1510/1948)
[2025-11-18 11:47:55][INFO][Rank 0] - train Epoch 0/24: 78.0% (1520/1948)
[2025-11-18 11:48:02][INFO][Rank 0] - train Epoch 0/24: 78.5% (1530/1948)
[2025-11-18 11:48:02][INFO][Rank 0] - CUDA Memory [train][Step 1530]: Device 0: Allocated: 3309.6 MB, Reserved: 117540.0 MB (Δ: +1687.0 MB)
[2025-11-18 11:48:09][INFO][Rank 0] - train Epoch 0/24: 79.1% (1540/1948)
[2025-11-18 11:48:16][INFO][Rank 0] - train Epoch 0/24: 79.6% (1550/1948)
[2025-11-18 11:48:23][INFO][Rank 0] - train Epoch 0/24: 80.1% (1560/1948)
[2025-11-18 11:48:30][INFO][Rank 0] - train Epoch 0/24: 80.6% (1570/1948)
[2025-11-18 11:48:37][INFO][Rank 0] - train Epoch 0/24: 81.1% (1580/1948)
[2025-11-18 11:48:44][INFO][Rank 0] - train Epoch 0/24: 81.6% (1590/1948)
[2025-11-18 11:48:51][INFO][Rank 0] - train Epoch 0/24: 82.1% (1600/1948)
[2025-11-18 11:48:58][INFO][Rank 0] - train Epoch 0/24: 82.6% (1610/1948)
[2025-11-18 11:49:05][INFO][Rank 0] - train Epoch 0/24: 83.2% (1620/1948)
[2025-11-18 11:49:06][INFO][Rank 0] - CUDA Memory [train][Step 1620]: Device 0: Allocated: 3309.6 MB, Reserved: 117540.0 MB (Δ: +1687.0 MB)
[2025-11-18 11:49:12][INFO][Rank 0] - train Epoch 0/24: 83.7% (1630/1948)
[2025-11-18 11:49:19][INFO][Rank 0] - train Epoch 0/24: 84.2% (1640/1948)
[2025-11-18 11:49:26][INFO][Rank 0] - train Epoch 0/24: 84.7% (1650/1948)
[2025-11-18 11:49:33][INFO][Rank 0] - train Epoch 0/24: 85.2% (1660/1948)
[2025-11-18 11:49:41][INFO][Rank 0] - train Epoch 0/24: 85.7% (1670/1948)
[2025-11-18 11:49:48][INFO][Rank 0] - train Epoch 0/24: 86.2% (1680/1948)
[2025-11-18 11:49:55][INFO][Rank 0] - train Epoch 0/24: 86.8% (1690/1948)
[2025-11-18 11:50:02][INFO][Rank 0] - train Epoch 0/24: 87.3% (1700/1948)
[2025-11-18 11:50:09][INFO][Rank 0] - train Epoch 0/24: 87.8% (1710/1948)
[2025-11-18 11:50:09][INFO][Rank 0] - CUDA Memory [train][Step 1710]: Device 0: Allocated: 3309.6 MB, Reserved: 117540.0 MB (Δ: +1687.0 MB)
[2025-11-18 11:50:16][INFO][Rank 0] - train Epoch 0/24: 88.3% (1720/1948)
[2025-11-18 11:50:23][INFO][Rank 0] - train Epoch 0/24: 88.8% (1730/1948)
[2025-11-18 11:50:30][INFO][Rank 0] - train Epoch 0/24: 89.3% (1740/1948)
[2025-11-18 11:50:37][INFO][Rank 0] - train Epoch 0/24: 89.8% (1750/1948)
[2025-11-18 11:50:44][INFO][Rank 0] - train Epoch 0/24: 90.3% (1760/1948)
[2025-11-18 11:50:51][INFO][Rank 0] - train Epoch 0/24: 90.9% (1770/1948)
[2025-11-18 11:50:58][INFO][Rank 0] - train Epoch 0/24: 91.4% (1780/1948)
[2025-11-18 11:51:05][INFO][Rank 0] - train Epoch 0/24: 91.9% (1790/1948)
[2025-11-18 11:51:12][INFO][Rank 0] - train Epoch 0/24: 92.4% (1800/1948)
[2025-11-18 11:51:13][INFO][Rank 0] - CUDA Memory [train][Step 1800]: Device 0: Allocated: 3309.6 MB, Reserved: 117540.0 MB (Δ: +1687.0 MB)
[2025-11-18 11:51:19][INFO][Rank 0] - train Epoch 0/24: 92.9% (1810/1948)
[2025-11-18 11:51:26][INFO][Rank 0] - train Epoch 0/24: 93.4% (1820/1948)
[2025-11-18 11:51:34][INFO][Rank 0] - train Epoch 0/24: 93.9% (1830/1948)
[2025-11-18 11:51:41][INFO][Rank 0] - train Epoch 0/24: 94.5% (1840/1948)
[2025-11-18 11:51:48][INFO][Rank 0] - train Epoch 0/24: 95.0% (1850/1948)
[2025-11-18 11:51:55][INFO][Rank 0] - train Epoch 0/24: 95.5% (1860/1948)
[2025-11-18 11:52:02][INFO][Rank 0] - train Epoch 0/24: 96.0% (1870/1948)
[2025-11-18 11:52:09][INFO][Rank 0] - train Epoch 0/24: 96.5% (1880/1948)
[2025-11-18 11:52:16][INFO][Rank 0] - train Epoch 0/24: 97.0% (1890/1948)
[2025-11-18 11:52:17][INFO][Rank 0] - CUDA Memory [train][Step 1890]: Device 0: Allocated: 3309.6 MB, Reserved: 117540.0 MB (Δ: +1687.0 MB)
[2025-11-18 11:52:23][INFO][Rank 0] - train Epoch 0/24: 97.5% (1900/1948)
[2025-11-18 11:52:30][INFO][Rank 0] - train Epoch 0/24: 98.0% (1910/1948)
[2025-11-18 11:52:37][INFO][Rank 0] - train Epoch 0/24: 98.6% (1920/1948)
[2025-11-18 11:52:44][INFO][Rank 0] - train Epoch 0/24: 99.1% (1930/1948)
[2025-11-18 11:52:51][INFO][Rank 0] - train Epoch 0/24: 99.6% (1940/1948)
[2025-11-18 11:52:56][INFO][Rank 0] - train Epoch 0/24: 99.9% (1947/1948)
[2025-11-18 11:52:57][INFO][Rank 0] - train Loss: 1.2189 Acc: 0.0319 F1: 0.0154
[2025-11-18 11:52:57][INFO][Rank 0] - train Balanced Acc: 0.4895 AUC-ROC: 0.3453
[2025-11-18 11:52:57][INFO][Rank 0] - train Sensitivity: 0.0077 Specificity: 0.9713
[2025-11-18 11:52:57][INFO][Rank 0] - train Confusion Matrix: TP=147, FP=14, FN=18845, TN=474
[2025-11-18 11:52:57][INFO][Rank 0] - train completed in 1378.51s
[2025-11-18 11:52:57][INFO][Rank 0] - Data loading time: 2.17s, Forward time: 280.59s, Backward time: 746.68s
[2025-11-18 11:52:57][INFO][Rank 0] - train cache: 0/1 items, hit rate: 0.00%
[2025-11-18 11:52:57][INFO][Rank 0] - CUDA Memory [val][Step 0]: Device 0: Allocated: 3309.6 MB, Reserved: 117540.0 MB (Δ: +1687.0 MB)
[2025-11-18 11:52:57][INFO][Rank 0] - val phase: total 406 batches
[2025-11-18 11:52:58][INFO][Rank 0] - val Epoch 0/24: 0.0% (0/406)
[2025-11-18 11:53:03][INFO][Rank 0] - val Epoch 0/24: 2.5% (10/406)
[2025-11-18 11:53:08][INFO][Rank 0] - val Epoch 0/24: 4.9% (20/406)
[2025-11-18 11:53:13][INFO][Rank 0] - val Epoch 0/24: 7.4% (30/406)
[2025-11-18 11:53:18][INFO][Rank 0] - val Epoch 0/24: 9.9% (40/406)
[2025-11-18 11:53:23][INFO][Rank 0] - val Epoch 0/24: 12.3% (50/406)
[2025-11-18 11:53:28][INFO][Rank 0] - val Epoch 0/24: 14.8% (60/406)
[2025-11-18 11:53:33][INFO][Rank 0] - val Epoch 0/24: 17.2% (70/406)
[2025-11-18 11:53:38][INFO][Rank 0] - val Epoch 0/24: 19.7% (80/406)
[2025-11-18 11:53:43][INFO][Rank 0] - val Epoch 0/24: 22.2% (90/406)
[2025-11-18 11:53:48][INFO][Rank 0] - val Epoch 0/24: 24.6% (100/406)
[2025-11-18 11:53:52][INFO][Rank 0] - val Epoch 0/24: 27.1% (110/406)
[2025-11-18 11:53:57][INFO][Rank 0] - val Epoch 0/24: 29.6% (120/406)
[2025-11-18 11:53:58][INFO][Rank 0] - CUDA Memory [val][Step 120]: Device 0: Allocated: 3309.6 MB, Reserved: 117540.0 MB (Δ: +1687.0 MB)
[2025-11-18 11:54:02][INFO][Rank 0] - val Epoch 0/24: 32.0% (130/406)
[2025-11-18 11:54:07][INFO][Rank 0] - val Epoch 0/24: 34.5% (140/406)
[2025-11-18 11:54:12][INFO][Rank 0] - val Epoch 0/24: 36.9% (150/406)
[2025-11-18 11:54:17][INFO][Rank 0] - val Epoch 0/24: 39.4% (160/406)
[2025-11-18 11:54:22][INFO][Rank 0] - val Epoch 0/24: 41.9% (170/406)
[2025-11-18 11:54:27][INFO][Rank 0] - val Epoch 0/24: 44.3% (180/406)
[2025-11-18 11:54:32][INFO][Rank 0] - val Epoch 0/24: 46.8% (190/406)
[2025-11-18 11:54:37][INFO][Rank 0] - val Epoch 0/24: 49.3% (200/406)
[2025-11-18 11:54:42][INFO][Rank 0] - val Epoch 0/24: 51.7% (210/406)
[2025-11-18 11:54:47][INFO][Rank 0] - val Epoch 0/24: 54.2% (220/406)
[2025-11-18 11:54:52][INFO][Rank 0] - val Epoch 0/24: 56.7% (230/406)
[2025-11-18 11:54:57][INFO][Rank 0] - val Epoch 0/24: 59.1% (240/406)
[2025-11-18 11:55:02][INFO][Rank 0] - val Epoch 0/24: 61.6% (250/406)
[2025-11-18 11:55:07][INFO][Rank 0] - val Epoch 0/24: 64.0% (260/406)
[2025-11-18 11:55:12][INFO][Rank 0] - val Epoch 0/24: 66.5% (270/406)
[2025-11-18 11:55:12][INFO][Rank 0] - CUDA Memory [val][Step 270]: Device 0: Allocated: 3309.6 MB, Reserved: 117540.0 MB (Δ: +1687.0 MB)
[2025-11-18 11:55:17][INFO][Rank 0] - val Epoch 0/24: 69.0% (280/406)
[2025-11-18 11:55:22][INFO][Rank 0] - val Epoch 0/24: 71.4% (290/406)
[2025-11-18 11:55:27][INFO][Rank 0] - val Epoch 0/24: 73.9% (300/406)
[2025-11-18 11:55:32][INFO][Rank 0] - val Epoch 0/24: 76.4% (310/406)
[2025-11-18 11:55:37][INFO][Rank 0] - val Epoch 0/24: 78.8% (320/406)
[2025-11-18 11:55:42][INFO][Rank 0] - val Epoch 0/24: 81.3% (330/406)
[2025-11-18 11:55:47][INFO][Rank 0] - val Epoch 0/24: 83.7% (340/406)
[2025-11-18 11:55:52][INFO][Rank 0] - val Epoch 0/24: 86.2% (350/406)
[2025-11-18 11:55:57][INFO][Rank 0] - val Epoch 0/24: 88.7% (360/406)
[2025-11-18 11:56:01][INFO][Rank 0] - val Epoch 0/24: 91.1% (370/406)
[2025-11-18 11:56:06][INFO][Rank 0] - val Epoch 0/24: 93.6% (380/406)
[2025-11-18 11:56:11][INFO][Rank 0] - val Epoch 0/24: 96.1% (390/406)
[2025-11-18 11:56:16][INFO][Rank 0] - val Epoch 0/24: 98.5% (400/406)
[2025-11-18 11:56:19][INFO][Rank 0] - val Epoch 0/24: 99.8% (405/406)
[2025-11-18 11:56:19][INFO][Rank 0] - val Loss: 0.8182 Acc: 0.1091 F1: 0.1645
[2025-11-18 11:56:19][INFO][Rank 0] - val Balanced Acc: 0.4478 AUC-ROC: 0.4614
[2025-11-18 11:56:19][INFO][Rank 0] - val Sensitivity: 0.0901 Specificity: 0.8056
[2025-11-18 11:56:19][INFO][Rank 0] - val Confusion Matrix: TP=356, FP=21, FN=3596, TN=87
[2025-11-18 11:56:19][INFO][Rank 0] - val completed in 202.41s
[2025-11-18 11:56:19][INFO][Rank 0] - val cache: 0/1 items, hit rate: 0.00%
[2025-11-18 11:56:25][INFO][Rank 0] - Saved new best accuracy model with accuracy: 0.1091 at /projects/retprogression/rgarridogarcia/checkpoints/cropped1024_cropped_centered_allR_3/best_acc_model.pth
[2025-11-18 11:56:31][INFO][Rank 0] - Saved new best f1 model with f1: 0.1645 at /projects/retprogression/rgarridogarcia/checkpoints/cropped1024_cropped_centered_allR_3/best_f1_model.pth
[2025-11-18 11:56:37][INFO][Rank 0] - Saved new best balanced_acc model with balanced_acc: 0.4478 at /projects/retprogression/rgarridogarcia/checkpoints/cropped1024_cropped_centered_allR_3/best_balanced_acc_model.pth
[2025-11-18 11:56:42][INFO][Rank 0] - Also saved as general best model at /projects/retprogression/rgarridogarcia/checkpoints/cropped1024_cropped_centered_allR_3/best_model.pth
[2025-11-18 11:56:48][INFO][Rank 0] - Saved new best auc model with auc: 0.4614 at /projects/retprogression/rgarridogarcia/checkpoints/cropped1024_cropped_centered_allR_3/best_auc_model.pth
[2025-11-18 11:56:52][INFO][Rank 0] - Saved epoch checkpoint at /projects/retprogression/rgarridogarcia/checkpoints/cropped1024_cropped_centered_allR_3/epoch_0.pth
[2025-11-18 11:56:52][INFO][Rank 0] - Epoch 0 summary:
[2025-11-18 11:56:52][INFO][Rank 0] -  Train Loss: 1.2189, Train Acc: 0.0319, Train F1: 0.0154
[2025-11-18 11:56:52][INFO][Rank 0] -  Train Balanced Acc: 0.4895, Train AUC: 0.3453
[2025-11-18 11:56:52][INFO][Rank 0] -  Train Sensitivity: 0.0077, Train Specificity: 0.9713
[2025-11-18 11:56:52][INFO][Rank 0] -  Val Loss: 0.8182, Val Acc: 0.1091, Val F1: 0.1645
[2025-11-18 11:56:52][INFO][Rank 0] -  Val Balanced Acc: 0.4478, Val AUC: 0.4614
[2025-11-18 11:56:52][INFO][Rank 0] -  Val Sensitivity: 0.0901, Val Specificity: 0.8056
[2025-11-18 11:56:52][INFO][Rank 0] -  Total Epoch Time: 1613.23s
[2025-11-18 11:56:52][INFO][Rank 0] - Epoch 1/24
[2025-11-18 11:56:52][INFO][Rank 0] - ----------
[2025-11-18 11:56:52][INFO][Rank 0] - CUDA Memory [train][Step 0]: Device 0: Allocated: 3309.6 MB, Reserved: 117540.0 MB (Δ: +1687.0 MB)
[2025-11-18 11:56:52][INFO][Rank 0] - train phase: total 1948 batches
[2025-11-18 11:56:52][INFO][Rank 0] - train Epoch 1/24: 0.0% (0/1948)
[2025-11-18 11:56:59][INFO][Rank 0] - train Epoch 1/24: 0.5% (10/1948)
[2025-11-18 11:57:06][INFO][Rank 0] - train Epoch 1/24: 1.0% (20/1948)
[2025-11-18 11:57:13][INFO][Rank 0] - train Epoch 1/24: 1.5% (30/1948)
[2025-11-18 11:57:20][INFO][Rank 0] - train Epoch 1/24: 2.1% (40/1948)
[2025-11-18 11:57:27][INFO][Rank 0] - train Epoch 1/24: 2.6% (50/1948)
[2025-11-18 11:57:34][INFO][Rank 0] - train Epoch 1/24: 3.1% (60/1948)
[2025-11-18 11:57:41][INFO][Rank 0] - train Epoch 1/24: 3.6% (70/1948)
[2025-11-18 11:57:48][INFO][Rank 0] - train Epoch 1/24: 4.1% (80/1948)
[2025-11-18 11:57:56][INFO][Rank 0] - train Epoch 1/24: 4.6% (90/1948)
[2025-11-18 11:57:56][INFO][Rank 0] - CUDA Memory [train][Step 90]: Device 0: Allocated: 3309.6 MB, Reserved: 117540.0 MB (Δ: +1687.0 MB)
[2025-11-18 11:58:03][INFO][Rank 0] - train Epoch 1/24: 5.1% (100/1948)
[2025-11-18 11:58:10][INFO][Rank 0] - train Epoch 1/24: 5.6% (110/1948)
[2025-11-18 11:58:17][INFO][Rank 0] - train Epoch 1/24: 6.2% (120/1948)
[2025-11-18 11:58:24][INFO][Rank 0] - train Epoch 1/24: 6.7% (130/1948)
[2025-11-18 11:58:31][INFO][Rank 0] - train Epoch 1/24: 7.2% (140/1948)
[2025-11-18 11:58:38][INFO][Rank 0] - train Epoch 1/24: 7.7% (150/1948)
[2025-11-18 11:58:45][INFO][Rank 0] - train Epoch 1/24: 8.2% (160/1948)
[2025-11-18 11:58:52][INFO][Rank 0] - train Epoch 1/24: 8.7% (170/1948)
[2025-11-18 11:58:59][INFO][Rank 0] - train Epoch 1/24: 9.2% (180/1948)
[2025-11-18 11:59:00][INFO][Rank 0] - CUDA Memory [train][Step 180]: Device 0: Allocated: 3309.6 MB, Reserved: 117540.0 MB (Δ: +1687.0 MB)
[2025-11-18 11:59:06][INFO][Rank 0] - train Epoch 1/24: 9.8% (190/1948)
[2025-11-18 11:59:13][INFO][Rank 0] - train Epoch 1/24: 10.3% (200/1948)
[2025-11-18 11:59:20][INFO][Rank 0] - train Epoch 1/24: 10.8% (210/1948)
[2025-11-18 11:59:27][INFO][Rank 0] - train Epoch 1/24: 11.3% (220/1948)
[2025-11-18 11:59:34][INFO][Rank 0] - train Epoch 1/24: 11.8% (230/1948)
[2025-11-18 11:59:42][INFO][Rank 0] - train Epoch 1/24: 12.3% (240/1948)
[2025-11-18 11:59:49][INFO][Rank 0] - train Epoch 1/24: 12.8% (250/1948)
[2025-11-18 11:59:56][INFO][Rank 0] - train Epoch 1/24: 13.3% (260/1948)
[2025-11-18 12:00:03][INFO][Rank 0] - train Epoch 1/24: 13.9% (270/1948)
[2025-11-18 12:00:03][INFO][Rank 0] - CUDA Memory [train][Step 270]: Device 0: Allocated: 3309.6 MB, Reserved: 117540.0 MB (Δ: +1687.0 MB)
[2025-11-18 12:00:10][INFO][Rank 0] - train Epoch 1/24: 14.4% (280/1948)
[2025-11-18 12:00:17][INFO][Rank 0] - train Epoch 1/24: 14.9% (290/1948)
[2025-11-18 12:00:24][INFO][Rank 0] - train Epoch 1/24: 15.4% (300/1948)
[2025-11-18 12:00:31][INFO][Rank 0] - train Epoch 1/24: 15.9% (310/1948)
[2025-11-18 12:00:38][INFO][Rank 0] - train Epoch 1/24: 16.4% (320/1948)
[2025-11-18 12:00:45][INFO][Rank 0] - train Epoch 1/24: 16.9% (330/1948)
[2025-11-18 12:00:52][INFO][Rank 0] - train Epoch 1/24: 17.5% (340/1948)
[2025-11-18 12:00:59][INFO][Rank 0] - train Epoch 1/24: 18.0% (350/1948)
[2025-11-18 12:01:06][INFO][Rank 0] - train Epoch 1/24: 18.5% (360/1948)
[2025-11-18 12:01:07][INFO][Rank 0] - CUDA Memory [train][Step 360]: Device 0: Allocated: 3309.6 MB, Reserved: 117540.0 MB (Δ: +1687.0 MB)
[2025-11-18 12:01:13][INFO][Rank 0] - train Epoch 1/24: 19.0% (370/1948)
[2025-11-18 12:01:20][INFO][Rank 0] - train Epoch 1/24: 19.5% (380/1948)
[2025-11-18 12:01:28][INFO][Rank 0] - train Epoch 1/24: 20.0% (390/1948)
[2025-11-18 12:01:35][INFO][Rank 0] - train Epoch 1/24: 20.5% (400/1948)
[2025-11-18 12:01:42][INFO][Rank 0] - train Epoch 1/24: 21.0% (410/1948)
[2025-11-18 12:01:49][INFO][Rank 0] - train Epoch 1/24: 21.6% (420/1948)
[2025-11-18 12:01:56][INFO][Rank 0] - train Epoch 1/24: 22.1% (430/1948)
[2025-11-18 12:02:03][INFO][Rank 0] - train Epoch 1/24: 22.6% (440/1948)
[2025-11-18 12:02:10][INFO][Rank 0] - train Epoch 1/24: 23.1% (450/1948)
[2025-11-18 12:02:11][INFO][Rank 0] - CUDA Memory [train][Step 450]: Device 0: Allocated: 3309.6 MB, Reserved: 117540.0 MB (Δ: +1687.0 MB)
[2025-11-18 12:02:17][INFO][Rank 0] - train Epoch 1/24: 23.6% (460/1948)
[2025-11-18 12:02:24][INFO][Rank 0] - train Epoch 1/24: 24.1% (470/1948)
[2025-11-18 12:02:31][INFO][Rank 0] - train Epoch 1/24: 24.6% (480/1948)
[2025-11-18 12:02:38][INFO][Rank 0] - train Epoch 1/24: 25.2% (490/1948)
[2025-11-18 12:02:45][INFO][Rank 0] - train Epoch 1/24: 25.7% (500/1948)
[2025-11-18 12:02:52][INFO][Rank 0] - train Epoch 1/24: 26.2% (510/1948)
[2025-11-18 12:02:59][INFO][Rank 0] - train Epoch 1/24: 26.7% (520/1948)
[2025-11-18 12:03:06][INFO][Rank 0] - train Epoch 1/24: 27.2% (530/1948)
[2025-11-18 12:03:14][INFO][Rank 0] - train Epoch 1/24: 27.7% (540/1948)
[2025-11-18 12:03:14][INFO][Rank 0] - CUDA Memory [train][Step 540]: Device 0: Allocated: 3309.6 MB, Reserved: 117540.0 MB (Δ: +1687.0 MB)
[2025-11-18 12:03:21][INFO][Rank 0] - train Epoch 1/24: 28.2% (550/1948)
[2025-11-18 12:03:28][INFO][Rank 0] - train Epoch 1/24: 28.7% (560/1948)
[2025-11-18 12:03:35][INFO][Rank 0] - train Epoch 1/24: 29.3% (570/1948)
[2025-11-18 12:03:42][INFO][Rank 0] - train Epoch 1/24: 29.8% (580/1948)
[2025-11-18 12:03:49][INFO][Rank 0] - train Epoch 1/24: 30.3% (590/1948)
[2025-11-18 12:03:56][INFO][Rank 0] - train Epoch 1/24: 30.8% (600/1948)
[2025-11-18 12:04:03][INFO][Rank 0] - train Epoch 1/24: 31.3% (610/1948)
[2025-11-18 12:04:10][INFO][Rank 0] - train Epoch 1/24: 31.8% (620/1948)
[2025-11-18 12:04:17][INFO][Rank 0] - train Epoch 1/24: 32.3% (630/1948)
[2025-11-18 12:04:18][INFO][Rank 0] - CUDA Memory [train][Step 630]: Device 0: Allocated: 3309.6 MB, Reserved: 117540.0 MB (Δ: +1687.0 MB)
[2025-11-18 12:04:24][INFO][Rank 0] - train Epoch 1/24: 32.9% (640/1948)
[2025-11-18 12:04:31][INFO][Rank 0] - train Epoch 1/24: 33.4% (650/1948)
[2025-11-18 12:04:38][INFO][Rank 0] - train Epoch 1/24: 33.9% (660/1948)
[2025-11-18 12:04:45][INFO][Rank 0] - train Epoch 1/24: 34.4% (670/1948)
[2025-11-18 12:04:52][INFO][Rank 0] - train Epoch 1/24: 34.9% (680/1948)
[2025-11-18 12:05:00][INFO][Rank 0] - train Epoch 1/24: 35.4% (690/1948)
[2025-11-18 12:05:07][INFO][Rank 0] - train Epoch 1/24: 35.9% (700/1948)
[2025-11-18 12:05:14][INFO][Rank 0] - train Epoch 1/24: 36.4% (710/1948)
[2025-11-18 12:05:21][INFO][Rank 0] - train Epoch 1/24: 37.0% (720/1948)
[2025-11-18 12:05:21][INFO][Rank 0] - CUDA Memory [train][Step 720]: Device 0: Allocated: 3309.6 MB, Reserved: 117540.0 MB (Δ: +1687.0 MB)
[2025-11-18 12:05:28][INFO][Rank 0] - train Epoch 1/24: 37.5% (730/1948)
[2025-11-18 12:05:35][INFO][Rank 0] - train Epoch 1/24: 38.0% (740/1948)
[2025-11-18 12:05:42][INFO][Rank 0] - train Epoch 1/24: 38.5% (750/1948)
[2025-11-18 12:05:49][INFO][Rank 0] - train Epoch 1/24: 39.0% (760/1948)
[2025-11-18 12:05:56][INFO][Rank 0] - train Epoch 1/24: 39.5% (770/1948)
[2025-11-18 12:06:03][INFO][Rank 0] - train Epoch 1/24: 40.0% (780/1948)
[2025-11-18 12:06:10][INFO][Rank 0] - train Epoch 1/24: 40.6% (790/1948)
[2025-11-18 12:06:17][INFO][Rank 0] - train Epoch 1/24: 41.1% (800/1948)
[2025-11-18 12:06:24][INFO][Rank 0] - train Epoch 1/24: 41.6% (810/1948)
[2025-11-18 12:06:25][INFO][Rank 0] - CUDA Memory [train][Step 810]: Device 0: Allocated: 3309.6 MB, Reserved: 117540.0 MB (Δ: +1687.0 MB)
[2025-11-18 12:06:31][INFO][Rank 0] - train Epoch 1/24: 42.1% (820/1948)
[2025-11-18 12:06:38][INFO][Rank 0] - train Epoch 1/24: 42.6% (830/1948)
[2025-11-18 12:06:45][INFO][Rank 0] - train Epoch 1/24: 43.1% (840/1948)
[2025-11-18 12:06:53][INFO][Rank 0] - train Epoch 1/24: 43.6% (850/1948)
[2025-11-18 12:07:00][INFO][Rank 0] - train Epoch 1/24: 44.1% (860/1948)
[2025-11-18 12:07:07][INFO][Rank 0] - train Epoch 1/24: 44.7% (870/1948)
[2025-11-18 12:07:14][INFO][Rank 0] - train Epoch 1/24: 45.2% (880/1948)
[2025-11-18 12:07:21][INFO][Rank 0] - train Epoch 1/24: 45.7% (890/1948)
[2025-11-18 12:07:28][INFO][Rank 0] - train Epoch 1/24: 46.2% (900/1948)
[2025-11-18 12:07:29][INFO][Rank 0] - CUDA Memory [train][Step 900]: Device 0: Allocated: 3309.6 MB, Reserved: 117540.0 MB (Δ: +1687.0 MB)
[2025-11-18 12:07:35][INFO][Rank 0] - train Epoch 1/24: 46.7% (910/1948)
[2025-11-18 12:07:42][INFO][Rank 0] - train Epoch 1/24: 47.2% (920/1948)
[2025-11-18 12:07:49][INFO][Rank 0] - train Epoch 1/24: 47.7% (930/1948)
[2025-11-18 12:07:56][INFO][Rank 0] - train Epoch 1/24: 48.3% (940/1948)
[2025-11-18 12:08:03][INFO][Rank 0] - train Epoch 1/24: 48.8% (950/1948)
[2025-11-18 12:08:10][INFO][Rank 0] - train Epoch 1/24: 49.3% (960/1948)
[2025-11-18 12:08:17][INFO][Rank 0] - train Epoch 1/24: 49.8% (970/1948)
[2025-11-18 12:08:24][INFO][Rank 0] - train Epoch 1/24: 50.3% (980/1948)
[2025-11-18 12:08:31][INFO][Rank 0] - train Epoch 1/24: 50.8% (990/1948)
[2025-11-18 12:08:32][INFO][Rank 0] - CUDA Memory [train][Step 990]: Device 0: Allocated: 3309.6 MB, Reserved: 117540.0 MB (Δ: +1687.0 MB)
[2025-11-18 12:08:38][INFO][Rank 0] - train Epoch 1/24: 51.3% (1000/1948)
[2025-11-18 12:08:46][INFO][Rank 0] - train Epoch 1/24: 51.8% (1010/1948)
[2025-11-18 12:08:53][INFO][Rank 0] - train Epoch 1/24: 52.4% (1020/1948)
[2025-11-18 12:09:00][INFO][Rank 0] - train Epoch 1/24: 52.9% (1030/1948)
[2025-11-18 12:09:07][INFO][Rank 0] - train Epoch 1/24: 53.4% (1040/1948)
[2025-11-18 12:09:14][INFO][Rank 0] - train Epoch 1/24: 53.9% (1050/1948)
[2025-11-18 12:09:21][INFO][Rank 0] - train Epoch 1/24: 54.4% (1060/1948)
[2025-11-18 12:09:28][INFO][Rank 0] - train Epoch 1/24: 54.9% (1070/1948)
[2025-11-18 12:09:35][INFO][Rank 0] - train Epoch 1/24: 55.4% (1080/1948)
[2025-11-18 12:09:36][INFO][Rank 0] - CUDA Memory [train][Step 1080]: Device 0: Allocated: 3309.6 MB, Reserved: 117540.0 MB (Δ: +1687.0 MB)
[2025-11-18 12:09:42][INFO][Rank 0] - train Epoch 1/24: 56.0% (1090/1948)
[2025-11-18 12:09:49][INFO][Rank 0] - train Epoch 1/24: 56.5% (1100/1948)
[2025-11-18 12:09:56][INFO][Rank 0] - train Epoch 1/24: 57.0% (1110/1948)
[2025-11-18 12:10:03][INFO][Rank 0] - train Epoch 1/24: 57.5% (1120/1948)
[2025-11-18 12:10:10][INFO][Rank 0] - train Epoch 1/24: 58.0% (1130/1948)
[2025-11-18 12:10:17][INFO][Rank 0] - train Epoch 1/24: 58.5% (1140/1948)
[2025-11-18 12:10:24][INFO][Rank 0] - train Epoch 1/24: 59.0% (1150/1948)
[2025-11-18 12:10:32][INFO][Rank 0] - train Epoch 1/24: 59.5% (1160/1948)
[2025-11-18 12:10:39][INFO][Rank 0] - train Epoch 1/24: 60.1% (1170/1948)
[2025-11-18 12:10:39][INFO][Rank 0] - CUDA Memory [train][Step 1170]: Device 0: Allocated: 3309.6 MB, Reserved: 117540.0 MB (Δ: +1687.0 MB)
[2025-11-18 12:10:46][INFO][Rank 0] - train Epoch 1/24: 60.6% (1180/1948)
[2025-11-18 12:10:53][INFO][Rank 0] - train Epoch 1/24: 61.1% (1190/1948)
[2025-11-18 12:11:00][INFO][Rank 0] - train Epoch 1/24: 61.6% (1200/1948)
[2025-11-18 12:11:07][INFO][Rank 0] - train Epoch 1/24: 62.1% (1210/1948)
[2025-11-18 12:11:14][INFO][Rank 0] - train Epoch 1/24: 62.6% (1220/1948)
[2025-11-18 12:11:21][INFO][Rank 0] - train Epoch 1/24: 63.1% (1230/1948)
[2025-11-18 12:11:28][INFO][Rank 0] - train Epoch 1/24: 63.7% (1240/1948)
[2025-11-18 12:11:35][INFO][Rank 0] - train Epoch 1/24: 64.2% (1250/1948)
[2025-11-18 12:11:42][INFO][Rank 0] - train Epoch 1/24: 64.7% (1260/1948)
[2025-11-18 12:11:43][INFO][Rank 0] - CUDA Memory [train][Step 1260]: Device 0: Allocated: 3309.6 MB, Reserved: 117540.0 MB (Δ: +1687.0 MB)
[2025-11-18 12:11:49][INFO][Rank 0] - train Epoch 1/24: 65.2% (1270/1948)
[2025-11-18 12:11:56][INFO][Rank 0] - train Epoch 1/24: 65.7% (1280/1948)
[2025-11-18 12:12:03][INFO][Rank 0] - train Epoch 1/24: 66.2% (1290/1948)
[2025-11-18 12:12:11][INFO][Rank 0] - train Epoch 1/24: 66.7% (1300/1948)
[2025-11-18 12:12:18][INFO][Rank 0] - train Epoch 1/24: 67.2% (1310/1948)
[2025-11-18 12:12:25][INFO][Rank 0] - train Epoch 1/24: 67.8% (1320/1948)
[2025-11-18 12:12:32][INFO][Rank 0] - train Epoch 1/24: 68.3% (1330/1948)
[2025-11-18 12:12:39][INFO][Rank 0] - train Epoch 1/24: 68.8% (1340/1948)
[2025-11-18 12:12:46][INFO][Rank 0] - train Epoch 1/24: 69.3% (1350/1948)
[2025-11-18 12:12:47][INFO][Rank 0] - CUDA Memory [train][Step 1350]: Device 0: Allocated: 3309.6 MB, Reserved: 117540.0 MB (Δ: +1687.0 MB)
[2025-11-18 12:12:53][INFO][Rank 0] - train Epoch 1/24: 69.8% (1360/1948)
[2025-11-18 12:13:00][INFO][Rank 0] - train Epoch 1/24: 70.3% (1370/1948)
[2025-11-18 12:13:07][INFO][Rank 0] - train Epoch 1/24: 70.8% (1380/1948)
[2025-11-18 12:13:14][INFO][Rank 0] - train Epoch 1/24: 71.4% (1390/1948)
[2025-11-18 12:13:21][INFO][Rank 0] - train Epoch 1/24: 71.9% (1400/1948)
[2025-11-18 12:13:28][INFO][Rank 0] - train Epoch 1/24: 72.4% (1410/1948)
[2025-11-18 12:13:35][INFO][Rank 0] - train Epoch 1/24: 72.9% (1420/1948)
[2025-11-18 12:13:42][INFO][Rank 0] - train Epoch 1/24: 73.4% (1430/1948)
[2025-11-18 12:13:49][INFO][Rank 0] - train Epoch 1/24: 73.9% (1440/1948)
[2025-11-18 12:13:50][INFO][Rank 0] - CUDA Memory [train][Step 1440]: Device 0: Allocated: 3309.6 MB, Reserved: 117540.0 MB (Δ: +1687.0 MB)
[2025-11-18 12:13:57][INFO][Rank 0] - train Epoch 1/24: 74.4% (1450/1948)
[2025-11-18 12:14:04][INFO][Rank 0] - train Epoch 1/24: 74.9% (1460/1948)
[2025-11-18 12:14:11][INFO][Rank 0] - train Epoch 1/24: 75.5% (1470/1948)
[2025-11-18 12:14:18][INFO][Rank 0] - train Epoch 1/24: 76.0% (1480/1948)
[2025-11-18 12:14:25][INFO][Rank 0] - train Epoch 1/24: 76.5% (1490/1948)
[2025-11-18 12:14:32][INFO][Rank 0] - train Epoch 1/24: 77.0% (1500/1948)
[2025-11-18 12:14:39][INFO][Rank 0] - train Epoch 1/24: 77.5% (1510/1948)
[2025-11-18 12:14:46][INFO][Rank 0] - train Epoch 1/24: 78.0% (1520/1948)
[2025-11-18 12:14:53][INFO][Rank 0] - train Epoch 1/24: 78.5% (1530/1948)
[2025-11-18 12:14:54][INFO][Rank 0] - CUDA Memory [train][Step 1530]: Device 0: Allocated: 3309.6 MB, Reserved: 117540.0 MB (Δ: +1687.0 MB)
[2025-11-18 12:15:00][INFO][Rank 0] - train Epoch 1/24: 79.1% (1540/1948)
[2025-11-18 12:15:07][INFO][Rank 0] - train Epoch 1/24: 79.6% (1550/1948)
[2025-11-18 12:15:14][INFO][Rank 0] - train Epoch 1/24: 80.1% (1560/1948)
[2025-11-18 12:15:21][INFO][Rank 0] - train Epoch 1/24: 80.6% (1570/1948)
[2025-11-18 12:15:28][INFO][Rank 0] - train Epoch 1/24: 81.1% (1580/1948)
[2025-11-18 12:15:35][INFO][Rank 0] - train Epoch 1/24: 81.6% (1590/1948)
[2025-11-18 12:15:42][INFO][Rank 0] - train Epoch 1/24: 82.1% (1600/1948)
[2025-11-18 12:15:50][INFO][Rank 0] - train Epoch 1/24: 82.6% (1610/1948)
[2025-11-18 12:15:57][INFO][Rank 0] - train Epoch 1/24: 83.2% (1620/1948)
[2025-11-18 12:15:57][INFO][Rank 0] - CUDA Memory [train][Step 1620]: Device 0: Allocated: 3309.6 MB, Reserved: 117540.0 MB (Δ: +1687.0 MB)
[2025-11-18 12:16:04][INFO][Rank 0] - train Epoch 1/24: 83.7% (1630/1948)
[2025-11-18 12:16:11][INFO][Rank 0] - train Epoch 1/24: 84.2% (1640/1948)
[2025-11-18 12:16:18][INFO][Rank 0] - train Epoch 1/24: 84.7% (1650/1948)
[2025-11-18 12:16:25][INFO][Rank 0] - train Epoch 1/24: 85.2% (1660/1948)
[2025-11-18 12:16:32][INFO][Rank 0] - train Epoch 1/24: 85.7% (1670/1948)
[2025-11-18 12:16:39][INFO][Rank 0] - train Epoch 1/24: 86.2% (1680/1948)
[2025-11-18 12:16:46][INFO][Rank 0] - train Epoch 1/24: 86.8% (1690/1948)
[2025-11-18 12:16:53][INFO][Rank 0] - train Epoch 1/24: 87.3% (1700/1948)
[2025-11-18 12:17:00][INFO][Rank 0] - train Epoch 1/24: 87.8% (1710/1948)
[2025-11-18 12:17:01][INFO][Rank 0] - CUDA Memory [train][Step 1710]: Device 0: Allocated: 3309.6 MB, Reserved: 117540.0 MB (Δ: +1687.0 MB)
[2025-11-18 12:17:07][INFO][Rank 0] - train Epoch 1/24: 88.3% (1720/1948)
[2025-11-18 12:17:14][INFO][Rank 0] - train Epoch 1/24: 88.8% (1730/1948)
[2025-11-18 12:17:21][INFO][Rank 0] - train Epoch 1/24: 89.3% (1740/1948)
[2025-11-18 12:17:28][INFO][Rank 0] - train Epoch 1/24: 89.8% (1750/1948)
[2025-11-18 12:17:35][INFO][Rank 0] - train Epoch 1/24: 90.3% (1760/1948)
[2025-11-18 12:17:43][INFO][Rank 0] - train Epoch 1/24: 90.9% (1770/1948)
[2025-11-18 12:17:50][INFO][Rank 0] - train Epoch 1/24: 91.4% (1780/1948)
[2025-11-18 12:17:57][INFO][Rank 0] - train Epoch 1/24: 91.9% (1790/1948)
[2025-11-18 12:18:04][INFO][Rank 0] - train Epoch 1/24: 92.4% (1800/1948)
[2025-11-18 12:18:04][INFO][Rank 0] - CUDA Memory [train][Step 1800]: Device 0: Allocated: 3309.6 MB, Reserved: 117540.0 MB (Δ: +1687.0 MB)
[2025-11-18 12:18:11][INFO][Rank 0] - train Epoch 1/24: 92.9% (1810/1948)
[2025-11-18 12:18:18][INFO][Rank 0] - train Epoch 1/24: 93.4% (1820/1948)
[2025-11-18 12:18:25][INFO][Rank 0] - train Epoch 1/24: 93.9% (1830/1948)
[2025-11-18 12:18:32][INFO][Rank 0] - train Epoch 1/24: 94.5% (1840/1948)
[2025-11-18 12:18:39][INFO][Rank 0] - train Epoch 1/24: 95.0% (1850/1948)
[2025-11-18 12:18:46][INFO][Rank 0] - train Epoch 1/24: 95.5% (1860/1948)
[2025-11-18 12:18:53][INFO][Rank 0] - train Epoch 1/24: 96.0% (1870/1948)
[2025-11-18 12:19:00][INFO][Rank 0] - train Epoch 1/24: 96.5% (1880/1948)
[2025-11-18 12:19:07][INFO][Rank 0] - train Epoch 1/24: 97.0% (1890/1948)
[2025-11-18 12:19:08][INFO][Rank 0] - CUDA Memory [train][Step 1890]: Device 0: Allocated: 3309.6 MB, Reserved: 117540.0 MB (Δ: +1687.0 MB)
[2025-11-18 12:19:14][INFO][Rank 0] - train Epoch 1/24: 97.5% (1900/1948)
[2025-11-18 12:19:22][INFO][Rank 0] - train Epoch 1/24: 98.0% (1910/1948)
[2025-11-18 12:19:29][INFO][Rank 0] - train Epoch 1/24: 98.6% (1920/1948)
[2025-11-18 12:19:36][INFO][Rank 0] - train Epoch 1/24: 99.1% (1930/1948)
[2025-11-18 12:19:43][INFO][Rank 0] - train Epoch 1/24: 99.6% (1940/1948)
[2025-11-18 12:19:48][INFO][Rank 0] - train Epoch 1/24: 99.9% (1947/1948)
[2025-11-18 12:19:48][INFO][Rank 0] - train Loss: 0.5318 Acc: 0.8108 F1: 0.8946
[2025-11-18 12:19:48][INFO][Rank 0] - train Balanced Acc: 0.5716 AUC-ROC: 0.7019
[2025-11-18 12:19:48][INFO][Rank 0] - train Sensitivity: 0.8235 Specificity: 0.3197
[2025-11-18 12:19:48][INFO][Rank 0] - train Confusion Matrix: TP=15639, FP=332, FN=3353, TN=156
[2025-11-18 12:19:48][INFO][Rank 0] - train completed in 1376.72s
[2025-11-18 12:19:48][INFO][Rank 0] - Data loading time: 0.91s, Forward time: 280.13s, Backward time: 746.77s
[2025-11-18 12:19:48][INFO][Rank 0] - train cache: 0/1 items, hit rate: 0.00%
[2025-11-18 12:19:48][INFO][Rank 0] - CUDA Memory [val][Step 0]: Device 0: Allocated: 3309.6 MB, Reserved: 117540.0 MB (Δ: +1687.0 MB)
[2025-11-18 12:19:48][INFO][Rank 0] - val phase: total 406 batches
[2025-11-18 12:19:49][INFO][Rank 0] - val Epoch 1/24: 0.0% (0/406)
[2025-11-18 12:19:54][INFO][Rank 0] - val Epoch 1/24: 2.5% (10/406)
[2025-11-18 12:19:59][INFO][Rank 0] - val Epoch 1/24: 4.9% (20/406)
[2025-11-18 12:20:04][INFO][Rank 0] - val Epoch 1/24: 7.4% (30/406)
[2025-11-18 12:20:09][INFO][Rank 0] - val Epoch 1/24: 9.9% (40/406)
[2025-11-18 12:20:14][INFO][Rank 0] - val Epoch 1/24: 12.3% (50/406)
[2025-11-18 12:20:19][INFO][Rank 0] - val Epoch 1/24: 14.8% (60/406)
[2025-11-18 12:20:24][INFO][Rank 0] - val Epoch 1/24: 17.2% (70/406)
[2025-11-18 12:20:29][INFO][Rank 0] - val Epoch 1/24: 19.7% (80/406)
[2025-11-18 12:20:34][INFO][Rank 0] - val Epoch 1/24: 22.2% (90/406)
[2025-11-18 12:20:38][INFO][Rank 0] - val Epoch 1/24: 24.6% (100/406)
[2025-11-18 12:20:43][INFO][Rank 0] - val Epoch 1/24: 27.1% (110/406)
[2025-11-18 12:20:48][INFO][Rank 0] - val Epoch 1/24: 29.6% (120/406)
[2025-11-18 12:20:49][INFO][Rank 0] - CUDA Memory [val][Step 120]: Device 0: Allocated: 3309.6 MB, Reserved: 117540.0 MB (Δ: +1687.0 MB)
[2025-11-18 12:20:53][INFO][Rank 0] - val Epoch 1/24: 32.0% (130/406)
[2025-11-18 12:20:58][INFO][Rank 0] - val Epoch 1/24: 34.5% (140/406)
[2025-11-18 12:21:03][INFO][Rank 0] - val Epoch 1/24: 36.9% (150/406)
[2025-11-18 12:21:08][INFO][Rank 0] - val Epoch 1/24: 39.4% (160/406)
[2025-11-18 12:21:13][INFO][Rank 0] - val Epoch 1/24: 41.9% (170/406)
[2025-11-18 12:21:18][INFO][Rank 0] - val Epoch 1/24: 44.3% (180/406)
[2025-11-18 12:21:23][INFO][Rank 0] - val Epoch 1/24: 46.8% (190/406)
[2025-11-18 12:21:28][INFO][Rank 0] - val Epoch 1/24: 49.3% (200/406)
[2025-11-18 12:21:33][INFO][Rank 0] - val Epoch 1/24: 51.7% (210/406)
[2025-11-18 12:21:38][INFO][Rank 0] - val Epoch 1/24: 54.2% (220/406)
[2025-11-18 12:21:43][INFO][Rank 0] - val Epoch 1/24: 56.7% (230/406)
[2025-11-18 12:21:48][INFO][Rank 0] - val Epoch 1/24: 59.1% (240/406)
[2025-11-18 12:21:53][INFO][Rank 0] - val Epoch 1/24: 61.6% (250/406)
[2025-11-18 12:21:58][INFO][Rank 0] - val Epoch 1/24: 64.0% (260/406)
[2025-11-18 12:22:03][INFO][Rank 0] - val Epoch 1/24: 66.5% (270/406)
[2025-11-18 12:22:03][INFO][Rank 0] - CUDA Memory [val][Step 270]: Device 0: Allocated: 3309.6 MB, Reserved: 117540.0 MB (Δ: +1687.0 MB)
[2025-11-18 12:22:08][INFO][Rank 0] - val Epoch 1/24: 69.0% (280/406)
[2025-11-18 12:22:13][INFO][Rank 0] - val Epoch 1/24: 71.4% (290/406)
[2025-11-18 12:22:18][INFO][Rank 0] - val Epoch 1/24: 73.9% (300/406)
[2025-11-18 12:22:23][INFO][Rank 0] - val Epoch 1/24: 76.4% (310/406)
[2025-11-18 12:22:28][INFO][Rank 0] - val Epoch 1/24: 78.8% (320/406)
[2025-11-18 12:22:33][INFO][Rank 0] - val Epoch 1/24: 81.3% (330/406)
[2025-11-18 12:22:38][INFO][Rank 0] - val Epoch 1/24: 83.7% (340/406)
[2025-11-18 12:22:43][INFO][Rank 0] - val Epoch 1/24: 86.2% (350/406)
[2025-11-18 12:22:48][INFO][Rank 0] - val Epoch 1/24: 88.7% (360/406)
[2025-11-18 12:22:53][INFO][Rank 0] - val Epoch 1/24: 91.1% (370/406)
[2025-11-18 12:22:57][INFO][Rank 0] - val Epoch 1/24: 93.6% (380/406)
[2025-11-18 12:23:02][INFO][Rank 0] - val Epoch 1/24: 96.1% (390/406)
[2025-11-18 12:23:07][INFO][Rank 0] - val Epoch 1/24: 98.5% (400/406)
[2025-11-18 12:23:10][INFO][Rank 0] - val Epoch 1/24: 99.8% (405/406)
[2025-11-18 12:23:10][INFO][Rank 0] - val Loss: 0.2814 Acc: 0.9761 F1: 0.9879
[2025-11-18 12:23:10][INFO][Rank 0] - val Balanced Acc: 0.5689 AUC-ROC: 0.9514
[2025-11-18 12:23:10][INFO][Rank 0] - val Sensitivity: 0.9990 Specificity: 0.1389
[2025-11-18 12:23:10][INFO][Rank 0] - val Confusion Matrix: TP=3948, FP=93, FN=4, TN=15
[2025-11-18 12:23:10][INFO][Rank 0] - val completed in 202.00s
[2025-11-18 12:23:10][INFO][Rank 0] - val cache: 0/1 items, hit rate: 0.00%
[2025-11-18 12:23:15][INFO][Rank 0] - Saved new best accuracy model with accuracy: 0.9761 at /projects/retprogression/rgarridogarcia/checkpoints/cropped1024_cropped_centered_allR_3/best_acc_model.pth
[2025-11-18 12:23:20][INFO][Rank 0] - Saved new best f1 model with f1: 0.9879 at /projects/retprogression/rgarridogarcia/checkpoints/cropped1024_cropped_centered_allR_3/best_f1_model.pth
[2025-11-18 12:23:24][INFO][Rank 0] - Saved new best balanced_acc model with balanced_acc: 0.5689 at /projects/retprogression/rgarridogarcia/checkpoints/cropped1024_cropped_centered_allR_3/best_balanced_acc_model.pth
[2025-11-18 12:23:29][INFO][Rank 0] - Also saved as general best model at /projects/retprogression/rgarridogarcia/checkpoints/cropped1024_cropped_centered_allR_3/best_model.pth
[2025-11-18 12:23:33][INFO][Rank 0] - Saved new best auc model with auc: 0.9514 at /projects/retprogression/rgarridogarcia/checkpoints/cropped1024_cropped_centered_allR_3/best_auc_model.pth
[2025-11-18 12:23:37][INFO][Rank 0] - Saved epoch checkpoint at /projects/retprogression/rgarridogarcia/checkpoints/cropped1024_cropped_centered_allR_3/epoch_1.pth
[2025-11-18 12:23:37][INFO][Rank 0] - Epoch 1 summary:
[2025-11-18 12:23:37][INFO][Rank 0] -  Train Loss: 0.5318, Train Acc: 0.8108, Train F1: 0.8946
[2025-11-18 12:23:37][INFO][Rank 0] -  Train Balanced Acc: 0.5716, Train AUC: 0.7019
[2025-11-18 12:23:37][INFO][Rank 0] -  Train Sensitivity: 0.8235, Train Specificity: 0.3197
[2025-11-18 12:23:37][INFO][Rank 0] -  Val Loss: 0.2814, Val Acc: 0.9761, Val F1: 0.9879
[2025-11-18 12:23:37][INFO][Rank 0] -  Val Balanced Acc: 0.5689, Val AUC: 0.9514
[2025-11-18 12:23:37][INFO][Rank 0] -  Val Sensitivity: 0.9990, Val Specificity: 0.1389
[2025-11-18 12:23:37][INFO][Rank 0] -  Total Epoch Time: 1605.35s
[2025-11-18 12:23:37][INFO][Rank 0] - Epoch 2/24
[2025-11-18 12:23:37][INFO][Rank 0] - ----------
[2025-11-18 12:23:37][INFO][Rank 0] - CUDA Memory [train][Step 0]: Device 0: Allocated: 3309.6 MB, Reserved: 117540.0 MB (Δ: +1687.0 MB)
[2025-11-18 12:23:37][INFO][Rank 0] - train phase: total 1948 batches
[2025-11-18 12:23:37][INFO][Rank 0] - train Epoch 2/24: 0.0% (0/1948)
[2025-11-18 12:23:44][INFO][Rank 0] - train Epoch 2/24: 0.5% (10/1948)
[2025-11-18 12:23:51][INFO][Rank 0] - train Epoch 2/24: 1.0% (20/1948)
[2025-11-18 12:23:58][INFO][Rank 0] - train Epoch 2/24: 1.5% (30/1948)
[2025-11-18 12:24:06][INFO][Rank 0] - train Epoch 2/24: 2.1% (40/1948)
[2025-11-18 12:24:13][INFO][Rank 0] - train Epoch 2/24: 2.6% (50/1948)
[2025-11-18 12:24:20][INFO][Rank 0] - train Epoch 2/24: 3.1% (60/1948)
[2025-11-18 12:24:27][INFO][Rank 0] - train Epoch 2/24: 3.6% (70/1948)
[2025-11-18 12:24:34][INFO][Rank 0] - train Epoch 2/24: 4.1% (80/1948)
[2025-11-18 12:24:41][INFO][Rank 0] - train Epoch 2/24: 4.6% (90/1948)
[2025-11-18 12:24:42][INFO][Rank 0] - CUDA Memory [train][Step 90]: Device 0: Allocated: 3309.6 MB, Reserved: 117540.0 MB (Δ: +1687.0 MB)
[2025-11-18 12:24:48][INFO][Rank 0] - train Epoch 2/24: 5.1% (100/1948)
[2025-11-18 12:24:55][INFO][Rank 0] - train Epoch 2/24: 5.6% (110/1948)
[2025-11-18 12:25:02][INFO][Rank 0] - train Epoch 2/24: 6.2% (120/1948)
[2025-11-18 12:25:09][INFO][Rank 0] - train Epoch 2/24: 6.7% (130/1948)
[2025-11-18 12:25:16][INFO][Rank 0] - train Epoch 2/24: 7.2% (140/1948)
[2025-11-18 12:25:23][INFO][Rank 0] - train Epoch 2/24: 7.7% (150/1948)
[2025-11-18 12:25:30][INFO][Rank 0] - train Epoch 2/24: 8.2% (160/1948)
[2025-11-18 12:25:37][INFO][Rank 0] - train Epoch 2/24: 8.7% (170/1948)
[2025-11-18 12:25:45][INFO][Rank 0] - train Epoch 2/24: 9.2% (180/1948)
[2025-11-18 12:25:45][INFO][Rank 0] - CUDA Memory [train][Step 180]: Device 0: Allocated: 3309.6 MB, Reserved: 117540.0 MB (Δ: +1687.0 MB)
[2025-11-18 12:25:52][INFO][Rank 0] - train Epoch 2/24: 9.8% (190/1948)
[2025-11-18 12:25:59][INFO][Rank 0] - train Epoch 2/24: 10.3% (200/1948)
[2025-11-18 12:26:06][INFO][Rank 0] - train Epoch 2/24: 10.8% (210/1948)
[2025-11-18 12:26:13][INFO][Rank 0] - train Epoch 2/24: 11.3% (220/1948)
[2025-11-18 12:26:20][INFO][Rank 0] - train Epoch 2/24: 11.8% (230/1948)
[2025-11-18 12:26:27][INFO][Rank 0] - train Epoch 2/24: 12.3% (240/1948)
[2025-11-18 12:26:34][INFO][Rank 0] - train Epoch 2/24: 12.8% (250/1948)
[2025-11-18 12:26:41][INFO][Rank 0] - train Epoch 2/24: 13.3% (260/1948)
[2025-11-18 12:26:48][INFO][Rank 0] - train Epoch 2/24: 13.9% (270/1948)
[2025-11-18 12:26:49][INFO][Rank 0] - CUDA Memory [train][Step 270]: Device 0: Allocated: 3309.6 MB, Reserved: 117540.0 MB (Δ: +1687.0 MB)
[2025-11-18 12:26:55][INFO][Rank 0] - train Epoch 2/24: 14.4% (280/1948)
[2025-11-18 12:27:02][INFO][Rank 0] - train Epoch 2/24: 14.9% (290/1948)
[2025-11-18 12:27:09][INFO][Rank 0] - train Epoch 2/24: 15.4% (300/1948)
[2025-11-18 12:27:16][INFO][Rank 0] - train Epoch 2/24: 15.9% (310/1948)
[2025-11-18 12:27:24][INFO][Rank 0] - train Epoch 2/24: 16.4% (320/1948)
[2025-11-18 12:27:31][INFO][Rank 0] - train Epoch 2/24: 16.9% (330/1948)
[2025-11-18 12:27:38][INFO][Rank 0] - train Epoch 2/24: 17.5% (340/1948)
[2025-11-18 12:27:45][INFO][Rank 0] - train Epoch 2/24: 18.0% (350/1948)
[2025-11-18 12:27:52][INFO][Rank 0] - train Epoch 2/24: 18.5% (360/1948)
[2025-11-18 12:27:53][INFO][Rank 0] - CUDA Memory [train][Step 360]: Device 0: Allocated: 3309.6 MB, Reserved: 117540.0 MB (Δ: +1687.0 MB)
[2025-11-18 12:27:59][INFO][Rank 0] - train Epoch 2/24: 19.0% (370/1948)
[2025-11-18 12:28:06][INFO][Rank 0] - train Epoch 2/24: 19.5% (380/1948)
[2025-11-18 12:28:13][INFO][Rank 0] - train Epoch 2/24: 20.0% (390/1948)
[2025-11-18 12:28:20][INFO][Rank 0] - train Epoch 2/24: 20.5% (400/1948)
[2025-11-18 12:28:27][INFO][Rank 0] - train Epoch 2/24: 21.0% (410/1948)
[2025-11-18 12:28:34][INFO][Rank 0] - train Epoch 2/24: 21.6% (420/1948)
[2025-11-18 12:28:41][INFO][Rank 0] - train Epoch 2/24: 22.1% (430/1948)
[2025-11-18 12:28:48][INFO][Rank 0] - train Epoch 2/24: 22.6% (440/1948)
[2025-11-18 12:28:55][INFO][Rank 0] - train Epoch 2/24: 23.1% (450/1948)
[2025-11-18 12:28:56][INFO][Rank 0] - CUDA Memory [train][Step 450]: Device 0: Allocated: 3309.6 MB, Reserved: 117540.0 MB (Δ: +1687.0 MB)
[2025-11-18 12:29:03][INFO][Rank 0] - train Epoch 2/24: 23.6% (460/1948)
[2025-11-18 12:29:10][INFO][Rank 0] - train Epoch 2/24: 24.1% (470/1948)
[2025-11-18 12:29:17][INFO][Rank 0] - train Epoch 2/24: 24.6% (480/1948)
[2025-11-18 12:29:24][INFO][Rank 0] - train Epoch 2/24: 25.2% (490/1948)
[2025-11-18 12:29:31][INFO][Rank 0] - train Epoch 2/24: 25.7% (500/1948)
[2025-11-18 12:29:38][INFO][Rank 0] - train Epoch 2/24: 26.2% (510/1948)
[2025-11-18 12:29:45][INFO][Rank 0] - train Epoch 2/24: 26.7% (520/1948)
[2025-11-18 12:29:52][INFO][Rank 0] - train Epoch 2/24: 27.2% (530/1948)
[2025-11-18 12:29:59][INFO][Rank 0] - train Epoch 2/24: 27.7% (540/1948)
[2025-11-18 12:30:00][INFO][Rank 0] - CUDA Memory [train][Step 540]: Device 0: Allocated: 3309.6 MB, Reserved: 117540.0 MB (Δ: +1687.0 MB)
[2025-11-18 12:30:06][INFO][Rank 0] - train Epoch 2/24: 28.2% (550/1948)
[2025-11-18 12:30:13][INFO][Rank 0] - train Epoch 2/24: 28.7% (560/1948)
[2025-11-18 12:30:20][INFO][Rank 0] - train Epoch 2/24: 29.3% (570/1948)
[2025-11-18 12:30:27][INFO][Rank 0] - train Epoch 2/24: 29.8% (580/1948)
[2025-11-18 12:30:34][INFO][Rank 0] - train Epoch 2/24: 30.3% (590/1948)
[2025-11-18 12:30:42][INFO][Rank 0] - train Epoch 2/24: 30.8% (600/1948)
[2025-11-18 12:30:49][INFO][Rank 0] - train Epoch 2/24: 31.3% (610/1948)
[2025-11-18 12:30:56][INFO][Rank 0] - train Epoch 2/24: 31.8% (620/1948)
[2025-11-18 12:31:03][INFO][Rank 0] - train Epoch 2/24: 32.3% (630/1948)
[2025-11-18 12:31:03][INFO][Rank 0] - CUDA Memory [train][Step 630]: Device 0: Allocated: 3309.6 MB, Reserved: 117540.0 MB (Δ: +1687.0 MB)
[2025-11-18 12:31:10][INFO][Rank 0] - train Epoch 2/24: 32.9% (640/1948)
[2025-11-18 12:31:17][INFO][Rank 0] - train Epoch 2/24: 33.4% (650/1948)
[2025-11-18 12:31:24][INFO][Rank 0] - train Epoch 2/24: 33.9% (660/1948)
[2025-11-18 12:31:31][INFO][Rank 0] - train Epoch 2/24: 34.4% (670/1948)
[2025-11-18 12:31:38][INFO][Rank 0] - train Epoch 2/24: 34.9% (680/1948)
[2025-11-18 12:31:45][INFO][Rank 0] - train Epoch 2/24: 35.4% (690/1948)
[2025-11-18 12:31:52][INFO][Rank 0] - train Epoch 2/24: 35.9% (700/1948)
[2025-11-18 12:31:59][INFO][Rank 0] - train Epoch 2/24: 36.4% (710/1948)
[2025-11-18 12:32:06][INFO][Rank 0] - train Epoch 2/24: 37.0% (720/1948)
[2025-11-18 12:32:07][INFO][Rank 0] - CUDA Memory [train][Step 720]: Device 0: Allocated: 3309.6 MB, Reserved: 117540.0 MB (Δ: +1687.0 MB)
[2025-11-18 12:32:13][INFO][Rank 0] - train Epoch 2/24: 37.5% (730/1948)
[2025-11-18 12:32:21][INFO][Rank 0] - train Epoch 2/24: 38.0% (740/1948)
[2025-11-18 12:32:28][INFO][Rank 0] - train Epoch 2/24: 38.5% (750/1948)
[2025-11-18 12:32:35][INFO][Rank 0] - train Epoch 2/24: 39.0% (760/1948)
[2025-11-18 12:32:42][INFO][Rank 0] - train Epoch 2/24: 39.5% (770/1948)
[2025-11-18 12:32:49][INFO][Rank 0] - train Epoch 2/24: 40.0% (780/1948)
[2025-11-18 12:32:56][INFO][Rank 0] - train Epoch 2/24: 40.6% (790/1948)
[2025-11-18 12:33:03][INFO][Rank 0] - train Epoch 2/24: 41.1% (800/1948)
[2025-11-18 12:33:10][INFO][Rank 0] - train Epoch 2/24: 41.6% (810/1948)
[2025-11-18 12:33:11][INFO][Rank 0] - CUDA Memory [train][Step 810]: Device 0: Allocated: 3309.6 MB, Reserved: 117540.0 MB (Δ: +1687.0 MB)
[2025-11-18 12:33:17][INFO][Rank 0] - train Epoch 2/24: 42.1% (820/1948)
[2025-11-18 12:33:24][INFO][Rank 0] - train Epoch 2/24: 42.6% (830/1948)
[2025-11-18 12:33:31][INFO][Rank 0] - train Epoch 2/24: 43.1% (840/1948)
[2025-11-18 12:33:38][INFO][Rank 0] - train Epoch 2/24: 43.6% (850/1948)
[2025-11-18 12:33:45][INFO][Rank 0] - train Epoch 2/24: 44.1% (860/1948)
[2025-11-18 12:33:52][INFO][Rank 0] - train Epoch 2/24: 44.7% (870/1948)
[2025-11-18 12:34:00][INFO][Rank 0] - train Epoch 2/24: 45.2% (880/1948)
[2025-11-18 12:34:07][INFO][Rank 0] - train Epoch 2/24: 45.7% (890/1948)
[2025-11-18 12:34:14][INFO][Rank 0] - train Epoch 2/24: 46.2% (900/1948)
[2025-11-18 12:34:14][INFO][Rank 0] - CUDA Memory [train][Step 900]: Device 0: Allocated: 3309.6 MB, Reserved: 117540.0 MB (Δ: +1687.0 MB)
[2025-11-18 12:34:21][INFO][Rank 0] - train Epoch 2/24: 46.7% (910/1948)
[2025-11-18 12:34:28][INFO][Rank 0] - train Epoch 2/24: 47.2% (920/1948)
[2025-11-18 12:34:35][INFO][Rank 0] - train Epoch 2/24: 47.7% (930/1948)
[2025-11-18 12:34:42][INFO][Rank 0] - train Epoch 2/24: 48.3% (940/1948)
[2025-11-18 12:34:49][INFO][Rank 0] - train Epoch 2/24: 48.8% (950/1948)
[2025-11-18 12:34:56][INFO][Rank 0] - train Epoch 2/24: 49.3% (960/1948)
[2025-11-18 12:35:03][INFO][Rank 0] - train Epoch 2/24: 49.8% (970/1948)
[2025-11-18 12:35:10][INFO][Rank 0] - train Epoch 2/24: 50.3% (980/1948)
[2025-11-18 12:35:17][INFO][Rank 0] - train Epoch 2/24: 50.8% (990/1948)
[2025-11-18 12:35:18][INFO][Rank 0] - CUDA Memory [train][Step 990]: Device 0: Allocated: 3309.6 MB, Reserved: 117540.0 MB (Δ: +1687.0 MB)
[2025-11-18 12:35:24][INFO][Rank 0] - train Epoch 2/24: 51.3% (1000/1948)
[2025-11-18 12:35:31][INFO][Rank 0] - train Epoch 2/24: 51.8% (1010/1948)
[2025-11-18 12:35:39][INFO][Rank 0] - train Epoch 2/24: 52.4% (1020/1948)
[2025-11-18 12:35:46][INFO][Rank 0] - train Epoch 2/24: 52.9% (1030/1948)
[2025-11-18 12:35:53][INFO][Rank 0] - train Epoch 2/24: 53.4% (1040/1948)
[2025-11-18 12:36:00][INFO][Rank 0] - train Epoch 2/24: 53.9% (1050/1948)
[2025-11-18 12:36:07][INFO][Rank 0] - train Epoch 2/24: 54.4% (1060/1948)
[2025-11-18 12:36:14][INFO][Rank 0] - train Epoch 2/24: 54.9% (1070/1948)
[2025-11-18 12:36:21][INFO][Rank 0] - train Epoch 2/24: 55.4% (1080/1948)
[2025-11-18 12:36:22][INFO][Rank 0] - CUDA Memory [train][Step 1080]: Device 0: Allocated: 3309.6 MB, Reserved: 117540.0 MB (Δ: +1687.0 MB)
[2025-11-18 12:36:28][INFO][Rank 0] - train Epoch 2/24: 56.0% (1090/1948)
[2025-11-18 12:36:35][INFO][Rank 0] - train Epoch 2/24: 56.5% (1100/1948)
[2025-11-18 12:36:42][INFO][Rank 0] - train Epoch 2/24: 57.0% (1110/1948)
[2025-11-18 12:36:49][INFO][Rank 0] - train Epoch 2/24: 57.5% (1120/1948)
[2025-11-18 12:36:56][INFO][Rank 0] - train Epoch 2/24: 58.0% (1130/1948)
[2025-11-18 12:37:03][INFO][Rank 0] - train Epoch 2/24: 58.5% (1140/1948)
[2025-11-18 12:37:10][INFO][Rank 0] - train Epoch 2/24: 59.0% (1150/1948)
[2025-11-18 12:37:18][INFO][Rank 0] - train Epoch 2/24: 59.5% (1160/1948)
[2025-11-18 12:37:25][INFO][Rank 0] - train Epoch 2/24: 60.1% (1170/1948)
[2025-11-18 12:37:25][INFO][Rank 0] - CUDA Memory [train][Step 1170]: Device 0: Allocated: 3309.6 MB, Reserved: 117540.0 MB (Δ: +1687.0 MB)
[2025-11-18 12:37:32][INFO][Rank 0] - train Epoch 2/24: 60.6% (1180/1948)
[2025-11-18 12:37:39][INFO][Rank 0] - train Epoch 2/24: 61.1% (1190/1948)
[2025-11-18 12:37:46][INFO][Rank 0] - train Epoch 2/24: 61.6% (1200/1948)
[2025-11-18 12:37:53][INFO][Rank 0] - train Epoch 2/24: 62.1% (1210/1948)
[2025-11-18 12:38:00][INFO][Rank 0] - train Epoch 2/24: 62.6% (1220/1948)
[2025-11-18 12:38:07][INFO][Rank 0] - train Epoch 2/24: 63.1% (1230/1948)
[2025-11-18 12:38:14][INFO][Rank 0] - train Epoch 2/24: 63.7% (1240/1948)
[2025-11-18 12:38:21][INFO][Rank 0] - train Epoch 2/24: 64.2% (1250/1948)
[2025-11-18 12:38:28][INFO][Rank 0] - train Epoch 2/24: 64.7% (1260/1948)
[2025-11-18 12:38:29][INFO][Rank 0] - CUDA Memory [train][Step 1260]: Device 0: Allocated: 3309.6 MB, Reserved: 117540.0 MB (Δ: +1687.0 MB)
[2025-11-18 12:38:35][INFO][Rank 0] - train Epoch 2/24: 65.2% (1270/1948)
[2025-11-18 12:38:42][INFO][Rank 0] - train Epoch 2/24: 65.7% (1280/1948)
[2025-11-18 12:38:49][INFO][Rank 0] - train Epoch 2/24: 66.2% (1290/1948)
[2025-11-18 12:38:57][INFO][Rank 0] - train Epoch 2/24: 66.7% (1300/1948)
[2025-11-18 12:39:04][INFO][Rank 0] - train Epoch 2/24: 67.2% (1310/1948)
[2025-11-18 12:39:11][INFO][Rank 0] - train Epoch 2/24: 67.8% (1320/1948)
[2025-11-18 12:39:18][INFO][Rank 0] - train Epoch 2/24: 68.3% (1330/1948)
[2025-11-18 12:39:25][INFO][Rank 0] - train Epoch 2/24: 68.8% (1340/1948)
[2025-11-18 12:39:32][INFO][Rank 0] - train Epoch 2/24: 69.3% (1350/1948)
[2025-11-18 12:39:33][INFO][Rank 0] - CUDA Memory [train][Step 1350]: Device 0: Allocated: 3309.6 MB, Reserved: 117540.0 MB (Δ: +1687.0 MB)
[2025-11-18 12:39:39][INFO][Rank 0] - train Epoch 2/24: 69.8% (1360/1948)
[2025-11-18 12:39:46][INFO][Rank 0] - train Epoch 2/24: 70.3% (1370/1948)
[2025-11-18 12:39:53][INFO][Rank 0] - train Epoch 2/24: 70.8% (1380/1948)
[2025-11-18 12:40:00][INFO][Rank 0] - train Epoch 2/24: 71.4% (1390/1948)
[2025-11-18 12:40:07][INFO][Rank 0] - train Epoch 2/24: 71.9% (1400/1948)
[2025-11-18 12:40:14][INFO][Rank 0] - train Epoch 2/24: 72.4% (1410/1948)
[2025-11-18 12:40:21][INFO][Rank 0] - train Epoch 2/24: 72.9% (1420/1948)
[2025-11-18 12:40:28][INFO][Rank 0] - train Epoch 2/24: 73.4% (1430/1948)
[2025-11-18 12:40:36][INFO][Rank 0] - train Epoch 2/24: 73.9% (1440/1948)
[2025-11-18 12:40:36][INFO][Rank 0] - CUDA Memory [train][Step 1440]: Device 0: Allocated: 3309.6 MB, Reserved: 117540.0 MB (Δ: +1687.0 MB)
[2025-11-18 12:40:43][INFO][Rank 0] - train Epoch 2/24: 74.4% (1450/1948)
[2025-11-18 12:40:50][INFO][Rank 0] - train Epoch 2/24: 74.9% (1460/1948)
[2025-11-18 12:40:57][INFO][Rank 0] - train Epoch 2/24: 75.5% (1470/1948)
[2025-11-18 12:41:04][INFO][Rank 0] - train Epoch 2/24: 76.0% (1480/1948)
[2025-11-18 12:41:11][INFO][Rank 0] - train Epoch 2/24: 76.5% (1490/1948)
[2025-11-18 12:41:18][INFO][Rank 0] - train Epoch 2/24: 77.0% (1500/1948)
[2025-11-18 12:41:25][INFO][Rank 0] - train Epoch 2/24: 77.5% (1510/1948)
[2025-11-18 12:41:32][INFO][Rank 0] - train Epoch 2/24: 78.0% (1520/1948)
[2025-11-18 12:41:39][INFO][Rank 0] - train Epoch 2/24: 78.5% (1530/1948)
[2025-11-18 12:41:40][INFO][Rank 0] - CUDA Memory [train][Step 1530]: Device 0: Allocated: 3309.6 MB, Reserved: 117540.0 MB (Δ: +1687.0 MB)
[2025-11-18 12:41:46][INFO][Rank 0] - train Epoch 2/24: 79.1% (1540/1948)
[2025-11-18 12:41:53][INFO][Rank 0] - train Epoch 2/24: 79.6% (1550/1948)
[2025-11-18 12:42:00][INFO][Rank 0] - train Epoch 2/24: 80.1% (1560/1948)
[2025-11-18 12:42:07][INFO][Rank 0] - train Epoch 2/24: 80.6% (1570/1948)
[2025-11-18 12:42:15][INFO][Rank 0] - train Epoch 2/24: 81.1% (1580/1948)
[2025-11-18 12:42:22][INFO][Rank 0] - train Epoch 2/24: 81.6% (1590/1948)
[2025-11-18 12:42:29][INFO][Rank 0] - train Epoch 2/24: 82.1% (1600/1948)
[2025-11-18 12:42:36][INFO][Rank 0] - train Epoch 2/24: 82.6% (1610/1948)
[2025-11-18 12:42:43][INFO][Rank 0] - train Epoch 2/24: 83.2% (1620/1948)
[2025-11-18 12:42:44][INFO][Rank 0] - CUDA Memory [train][Step 1620]: Device 0: Allocated: 3309.6 MB, Reserved: 117540.0 MB (Δ: +1687.0 MB)
[2025-11-18 12:42:50][INFO][Rank 0] - train Epoch 2/24: 83.7% (1630/1948)
[2025-11-18 12:42:57][INFO][Rank 0] - train Epoch 2/24: 84.2% (1640/1948)
[2025-11-18 12:43:04][INFO][Rank 0] - train Epoch 2/24: 84.7% (1650/1948)
[2025-11-18 12:43:11][INFO][Rank 0] - train Epoch 2/24: 85.2% (1660/1948)
[2025-11-18 12:43:18][INFO][Rank 0] - train Epoch 2/24: 85.7% (1670/1948)
[2025-11-18 12:43:25][INFO][Rank 0] - train Epoch 2/24: 86.2% (1680/1948)
[2025-11-18 12:43:32][INFO][Rank 0] - train Epoch 2/24: 86.8% (1690/1948)
[2025-11-18 12:43:39][INFO][Rank 0] - train Epoch 2/24: 87.3% (1700/1948)
[2025-11-18 12:43:46][INFO][Rank 0] - train Epoch 2/24: 87.8% (1710/1948)
[2025-11-18 12:43:47][INFO][Rank 0] - CUDA Memory [train][Step 1710]: Device 0: Allocated: 3309.6 MB, Reserved: 117540.0 MB (Δ: +1687.0 MB)
[2025-11-18 12:43:54][INFO][Rank 0] - train Epoch 2/24: 88.3% (1720/1948)
[2025-11-18 12:44:01][INFO][Rank 0] - train Epoch 2/24: 88.8% (1730/1948)
[2025-11-18 12:44:08][INFO][Rank 0] - train Epoch 2/24: 89.3% (1740/1948)
[2025-11-18 12:44:15][INFO][Rank 0] - train Epoch 2/24: 89.8% (1750/1948)
[2025-11-18 12:44:22][INFO][Rank 0] - train Epoch 2/24: 90.3% (1760/1948)
[2025-11-18 12:44:29][INFO][Rank 0] - train Epoch 2/24: 90.9% (1770/1948)
[2025-11-18 12:44:36][INFO][Rank 0] - train Epoch 2/24: 91.4% (1780/1948)
[2025-11-18 12:44:43][INFO][Rank 0] - train Epoch 2/24: 91.9% (1790/1948)
[2025-11-18 12:44:50][INFO][Rank 0] - train Epoch 2/24: 92.4% (1800/1948)
[2025-11-18 12:44:51][INFO][Rank 0] - CUDA Memory [train][Step 1800]: Device 0: Allocated: 3309.6 MB, Reserved: 117540.0 MB (Δ: +1687.0 MB)
[2025-11-18 12:44:57][INFO][Rank 0] - train Epoch 2/24: 92.9% (1810/1948)
[2025-11-18 12:45:04][INFO][Rank 0] - train Epoch 2/24: 93.4% (1820/1948)
[2025-11-18 12:45:11][INFO][Rank 0] - train Epoch 2/24: 93.9% (1830/1948)
[2025-11-18 12:45:19][INFO][Rank 0] - train Epoch 2/24: 94.5% (1840/1948)
[2025-11-18 12:45:26][INFO][Rank 0] - train Epoch 2/24: 95.0% (1850/1948)
[2025-11-18 12:45:33][INFO][Rank 0] - train Epoch 2/24: 95.5% (1860/1948)
[2025-11-18 12:45:40][INFO][Rank 0] - train Epoch 2/24: 96.0% (1870/1948)
[2025-11-18 12:45:47][INFO][Rank 0] - train Epoch 2/24: 96.5% (1880/1948)
[2025-11-18 12:45:54][INFO][Rank 0] - train Epoch 2/24: 97.0% (1890/1948)
[2025-11-18 12:45:55][INFO][Rank 0] - CUDA Memory [train][Step 1890]: Device 0: Allocated: 3309.6 MB, Reserved: 117540.0 MB (Δ: +1687.0 MB)
[2025-11-18 12:46:01][INFO][Rank 0] - train Epoch 2/24: 97.5% (1900/1948)
[2025-11-18 12:46:08][INFO][Rank 0] - train Epoch 2/24: 98.0% (1910/1948)
[2025-11-18 12:46:15][INFO][Rank 0] - train Epoch 2/24: 98.6% (1920/1948)
[2025-11-18 12:46:22][INFO][Rank 0] - train Epoch 2/24: 99.1% (1930/1948)
[2025-11-18 12:46:29][INFO][Rank 0] - train Epoch 2/24: 99.6% (1940/1948)
[2025-11-18 12:46:34][INFO][Rank 0] - train Epoch 2/24: 99.9% (1947/1948)
[2025-11-18 12:46:35][INFO][Rank 0] - train Loss: 0.3095 Acc: 0.9770 F1: 0.9883
[2025-11-18 12:46:35][INFO][Rank 0] - train Balanced Acc: 0.6248 AUC-ROC: 0.9406
[2025-11-18 12:46:35][INFO][Rank 0] - train Sensitivity: 0.9956 Specificity: 0.2541
[2025-11-18 12:46:35][INFO][Rank 0] - train Confusion Matrix: TP=18908, FP=364, FN=84, TN=124
[2025-11-18 12:46:35][INFO][Rank 0] - train completed in 1377.91s
[2025-11-18 12:46:35][INFO][Rank 0] - Data loading time: 0.95s, Forward time: 280.41s, Backward time: 747.05s
[2025-11-18 12:46:35][INFO][Rank 0] - train cache: 0/1 items, hit rate: 0.00%
[2025-11-18 12:46:35][INFO][Rank 0] - CUDA Memory [val][Step 0]: Device 0: Allocated: 3309.6 MB, Reserved: 117540.0 MB (Δ: +1687.0 MB)
[2025-11-18 12:46:35][INFO][Rank 0] - val phase: total 406 batches
[2025-11-18 12:46:35][INFO][Rank 0] - val Epoch 2/24: 0.0% (0/406)
[2025-11-18 12:46:40][INFO][Rank 0] - val Epoch 2/24: 2.5% (10/406)
[2025-11-18 12:46:45][INFO][Rank 0] - val Epoch 2/24: 4.9% (20/406)
[2025-11-18 12:46:50][INFO][Rank 0] - val Epoch 2/24: 7.4% (30/406)
[2025-11-18 12:46:55][INFO][Rank 0] - val Epoch 2/24: 9.9% (40/406)
[2025-11-18 12:47:00][INFO][Rank 0] - val Epoch 2/24: 12.3% (50/406)
[2025-11-18 12:47:05][INFO][Rank 0] - val Epoch 2/24: 14.8% (60/406)
[2025-11-18 12:47:10][INFO][Rank 0] - val Epoch 2/24: 17.2% (70/406)
[2025-11-18 12:47:15][INFO][Rank 0] - val Epoch 2/24: 19.7% (80/406)
[2025-11-18 12:47:20][INFO][Rank 0] - val Epoch 2/24: 22.2% (90/406)
[2025-11-18 12:47:25][INFO][Rank 0] - val Epoch 2/24: 24.6% (100/406)
[2025-11-18 12:47:30][INFO][Rank 0] - val Epoch 2/24: 27.1% (110/406)
[2025-11-18 12:47:35][INFO][Rank 0] - val Epoch 2/24: 29.6% (120/406)
[2025-11-18 12:47:35][INFO][Rank 0] - CUDA Memory [val][Step 120]: Device 0: Allocated: 3309.6 MB, Reserved: 117540.0 MB (Δ: +1687.0 MB)
[2025-11-18 12:47:40][INFO][Rank 0] - val Epoch 2/24: 32.0% (130/406)
[2025-11-18 12:47:45][INFO][Rank 0] - val Epoch 2/24: 34.5% (140/406)
[2025-11-18 12:47:50][INFO][Rank 0] - val Epoch 2/24: 36.9% (150/406)
[2025-11-18 12:47:55][INFO][Rank 0] - val Epoch 2/24: 39.4% (160/406)
[2025-11-18 12:48:00][INFO][Rank 0] - val Epoch 2/24: 41.9% (170/406)
[2025-11-18 12:48:05][INFO][Rank 0] - val Epoch 2/24: 44.3% (180/406)
[2025-11-18 12:48:09][INFO][Rank 0] - val Epoch 2/24: 46.8% (190/406)
[2025-11-18 12:48:14][INFO][Rank 0] - val Epoch 2/24: 49.3% (200/406)
[2025-11-18 12:48:19][INFO][Rank 0] - val Epoch 2/24: 51.7% (210/406)
[2025-11-18 12:48:24][INFO][Rank 0] - val Epoch 2/24: 54.2% (220/406)
[2025-11-18 12:48:29][INFO][Rank 0] - val Epoch 2/24: 56.7% (230/406)
[2025-11-18 12:48:34][INFO][Rank 0] - val Epoch 2/24: 59.1% (240/406)
[2025-11-18 12:48:39][INFO][Rank 0] - val Epoch 2/24: 61.6% (250/406)
[2025-11-18 12:48:44][INFO][Rank 0] - val Epoch 2/24: 64.0% (260/406)
[2025-11-18 12:48:49][INFO][Rank 0] - val Epoch 2/24: 66.5% (270/406)
[2025-11-18 12:48:50][INFO][Rank 0] - CUDA Memory [val][Step 270]: Device 0: Allocated: 3309.6 MB, Reserved: 117540.0 MB (Δ: +1687.0 MB)
[2025-11-18 12:48:54][INFO][Rank 0] - val Epoch 2/24: 69.0% (280/406)
[2025-11-18 12:48:59][INFO][Rank 0] - val Epoch 2/24: 71.4% (290/406)
[2025-11-18 12:49:04][INFO][Rank 0] - val Epoch 2/24: 73.9% (300/406)
[2025-11-18 12:49:09][INFO][Rank 0] - val Epoch 2/24: 76.4% (310/406)
[2025-11-18 12:49:14][INFO][Rank 0] - val Epoch 2/24: 78.8% (320/406)
[2025-11-18 12:49:19][INFO][Rank 0] - val Epoch 2/24: 81.3% (330/406)
[2025-11-18 12:49:24][INFO][Rank 0] - val Epoch 2/24: 83.7% (340/406)
[2025-11-18 12:49:29][INFO][Rank 0] - val Epoch 2/24: 86.2% (350/406)
[2025-11-18 12:49:34][INFO][Rank 0] - val Epoch 2/24: 88.7% (360/406)
[2025-11-18 12:49:39][INFO][Rank 0] - val Epoch 2/24: 91.1% (370/406)
[2025-11-18 12:49:44][INFO][Rank 0] - val Epoch 2/24: 93.6% (380/406)
[2025-11-18 12:49:49][INFO][Rank 0] - val Epoch 2/24: 96.1% (390/406)
[2025-11-18 12:49:54][INFO][Rank 0] - val Epoch 2/24: 98.5% (400/406)
[2025-11-18 12:49:56][INFO][Rank 0] - val Epoch 2/24: 99.8% (405/406)
[2025-11-18 12:49:57][INFO][Rank 0] - val Loss: 0.1924 Acc: 0.9791 F1: 0.9893
[2025-11-18 12:49:57][INFO][Rank 0] - val Balanced Acc: 0.6875 AUC-ROC: 0.9702
[2025-11-18 12:49:57][INFO][Rank 0] - val Sensitivity: 0.9954 Specificity: 0.3796
[2025-11-18 12:49:57][INFO][Rank 0] - val Confusion Matrix: TP=3934, FP=67, FN=18, TN=41
[2025-11-18 12:49:57][INFO][Rank 0] - val completed in 201.77s
[2025-11-18 12:49:57][INFO][Rank 0] - val cache: 0/1 items, hit rate: 0.00%
[2025-11-18 12:50:01][INFO][Rank 0] - Saved new best accuracy model with accuracy: 0.9791 at /projects/retprogression/rgarridogarcia/checkpoints/cropped1024_cropped_centered_allR_3/best_acc_model.pth
[2025-11-18 12:50:05][INFO][Rank 0] - Saved new best f1 model with f1: 0.9893 at /projects/retprogression/rgarridogarcia/checkpoints/cropped1024_cropped_centered_allR_3/best_f1_model.pth
[2025-11-18 12:50:09][INFO][Rank 0] - Saved new best balanced_acc model with balanced_acc: 0.6875 at /projects/retprogression/rgarridogarcia/checkpoints/cropped1024_cropped_centered_allR_3/best_balanced_acc_model.pth
[2025-11-18 12:50:13][INFO][Rank 0] - Also saved as general best model at /projects/retprogression/rgarridogarcia/checkpoints/cropped1024_cropped_centered_allR_3/best_model.pth
[2025-11-18 12:50:17][INFO][Rank 0] - Saved new best auc model with auc: 0.9702 at /projects/retprogression/rgarridogarcia/checkpoints/cropped1024_cropped_centered_allR_3/best_auc_model.pth
[2025-11-18 12:50:21][INFO][Rank 0] - Saved epoch checkpoint at /projects/retprogression/rgarridogarcia/checkpoints/cropped1024_cropped_centered_allR_3/epoch_2.pth
[2025-11-18 12:50:21][INFO][Rank 0] - Epoch 2 summary:
[2025-11-18 12:50:21][INFO][Rank 0] -  Train Loss: 0.3095, Train Acc: 0.9770, Train F1: 0.9883
[2025-11-18 12:50:21][INFO][Rank 0] -  Train Balanced Acc: 0.6248, Train AUC: 0.9406
[2025-11-18 12:50:21][INFO][Rank 0] -  Train Sensitivity: 0.9956, Train Specificity: 0.2541
[2025-11-18 12:50:21][INFO][Rank 0] -  Val Loss: 0.1924, Val Acc: 0.9791, Val F1: 0.9893
[2025-11-18 12:50:21][INFO][Rank 0] -  Val Balanced Acc: 0.6875, Val AUC: 0.9702
[2025-11-18 12:50:21][INFO][Rank 0] -  Val Sensitivity: 0.9954, Val Specificity: 0.3796
[2025-11-18 12:50:21][INFO][Rank 0] -  Total Epoch Time: 1603.69s
[2025-11-18 12:50:21][INFO][Rank 0] - Epoch 3/24
[2025-11-18 12:50:21][INFO][Rank 0] - ----------
[2025-11-18 12:50:21][INFO][Rank 0] - CUDA Memory [train][Step 0]: Device 0: Allocated: 3309.6 MB, Reserved: 117540.0 MB (Δ: +1687.0 MB)
[2025-11-18 12:50:21][INFO][Rank 0] - train phase: total 1948 batches
[2025-11-18 12:50:21][INFO][Rank 0] - train Epoch 3/24: 0.0% (0/1948)
[2025-11-18 12:50:28][INFO][Rank 0] - train Epoch 3/24: 0.5% (10/1948)
[2025-11-18 12:50:36][INFO][Rank 0] - train Epoch 3/24: 1.0% (20/1948)
[2025-11-18 12:50:43][INFO][Rank 0] - train Epoch 3/24: 1.5% (30/1948)
[2025-11-18 12:50:50][INFO][Rank 0] - train Epoch 3/24: 2.1% (40/1948)
[2025-11-18 12:50:57][INFO][Rank 0] - train Epoch 3/24: 2.6% (50/1948)
[2025-11-18 12:51:04][INFO][Rank 0] - train Epoch 3/24: 3.1% (60/1948)
[2025-11-18 12:51:11][INFO][Rank 0] - train Epoch 3/24: 3.6% (70/1948)
[2025-11-18 12:51:18][INFO][Rank 0] - train Epoch 3/24: 4.1% (80/1948)
[2025-11-18 12:51:25][INFO][Rank 0] - train Epoch 3/24: 4.6% (90/1948)
[2025-11-18 12:51:26][INFO][Rank 0] - CUDA Memory [train][Step 90]: Device 0: Allocated: 3309.6 MB, Reserved: 117540.0 MB (Δ: +1687.0 MB)
[2025-11-18 12:51:32][INFO][Rank 0] - train Epoch 3/24: 5.1% (100/1948)
[2025-11-18 12:51:39][INFO][Rank 0] - train Epoch 3/24: 5.6% (110/1948)
[2025-11-18 12:51:46][INFO][Rank 0] - train Epoch 3/24: 6.2% (120/1948)
[2025-11-18 12:51:53][INFO][Rank 0] - train Epoch 3/24: 6.7% (130/1948)
[2025-11-18 12:52:00][INFO][Rank 0] - train Epoch 3/24: 7.2% (140/1948)
[2025-11-18 12:52:07][INFO][Rank 0] - train Epoch 3/24: 7.7% (150/1948)
[2025-11-18 12:52:15][INFO][Rank 0] - train Epoch 3/24: 8.2% (160/1948)
[2025-11-18 12:52:22][INFO][Rank 0] - train Epoch 3/24: 8.7% (170/1948)
[2025-11-18 12:52:29][INFO][Rank 0] - train Epoch 3/24: 9.2% (180/1948)
[2025-11-18 12:52:29][INFO][Rank 0] - CUDA Memory [train][Step 180]: Device 0: Allocated: 3309.6 MB, Reserved: 117540.0 MB (Δ: +1687.0 MB)
[2025-11-18 12:52:36][INFO][Rank 0] - train Epoch 3/24: 9.8% (190/1948)
[2025-11-18 12:52:43][INFO][Rank 0] - train Epoch 3/24: 10.3% (200/1948)
[2025-11-18 12:52:50][INFO][Rank 0] - train Epoch 3/24: 10.8% (210/1948)
[2025-11-18 12:52:57][INFO][Rank 0] - train Epoch 3/24: 11.3% (220/1948)
[2025-11-18 12:53:04][INFO][Rank 0] - train Epoch 3/24: 11.8% (230/1948)
[2025-11-18 12:53:11][INFO][Rank 0] - train Epoch 3/24: 12.3% (240/1948)
[2025-11-18 12:53:18][INFO][Rank 0] - train Epoch 3/24: 12.8% (250/1948)
[2025-11-18 12:53:25][INFO][Rank 0] - train Epoch 3/24: 13.3% (260/1948)
[2025-11-18 12:53:32][INFO][Rank 0] - train Epoch 3/24: 13.9% (270/1948)
[2025-11-18 12:53:33][INFO][Rank 0] - CUDA Memory [train][Step 270]: Device 0: Allocated: 3309.6 MB, Reserved: 117540.0 MB (Δ: +1687.0 MB)
[2025-11-18 12:53:39][INFO][Rank 0] - train Epoch 3/24: 14.4% (280/1948)
[2025-11-18 12:53:46][INFO][Rank 0] - train Epoch 3/24: 14.9% (290/1948)
[2025-11-18 12:53:54][INFO][Rank 0] - train Epoch 3/24: 15.4% (300/1948)
[2025-11-18 12:54:01][INFO][Rank 0] - train Epoch 3/24: 15.9% (310/1948)
[2025-11-18 12:54:08][INFO][Rank 0] - train Epoch 3/24: 16.4% (320/1948)
[2025-11-18 12:54:15][INFO][Rank 0] - train Epoch 3/24: 16.9% (330/1948)
[2025-11-18 12:54:22][INFO][Rank 0] - train Epoch 3/24: 17.5% (340/1948)
[2025-11-18 12:54:29][INFO][Rank 0] - train Epoch 3/24: 18.0% (350/1948)
[2025-11-18 12:54:36][INFO][Rank 0] - train Epoch 3/24: 18.5% (360/1948)
[2025-11-18 12:54:37][INFO][Rank 0] - CUDA Memory [train][Step 360]: Device 0: Allocated: 3309.6 MB, Reserved: 117540.0 MB (Δ: +1687.0 MB)
[2025-11-18 12:54:43][INFO][Rank 0] - train Epoch 3/24: 19.0% (370/1948)
[2025-11-18 12:54:50][INFO][Rank 0] - train Epoch 3/24: 19.5% (380/1948)
[2025-11-18 12:54:57][INFO][Rank 0] - train Epoch 3/24: 20.0% (390/1948)
[2025-11-18 12:55:04][INFO][Rank 0] - train Epoch 3/24: 20.5% (400/1948)
[2025-11-18 12:55:11][INFO][Rank 0] - train Epoch 3/24: 21.0% (410/1948)
[2025-11-18 12:55:18][INFO][Rank 0] - train Epoch 3/24: 21.6% (420/1948)
[2025-11-18 12:55:25][INFO][Rank 0] - train Epoch 3/24: 22.1% (430/1948)
[2025-11-18 12:55:32][INFO][Rank 0] - train Epoch 3/24: 22.6% (440/1948)
[2025-11-18 12:55:40][INFO][Rank 0] - train Epoch 3/24: 23.1% (450/1948)
[2025-11-18 12:55:40][INFO][Rank 0] - CUDA Memory [train][Step 450]: Device 0: Allocated: 3309.6 MB, Reserved: 117540.0 MB (Δ: +1687.0 MB)
[2025-11-18 12:55:47][INFO][Rank 0] - train Epoch 3/24: 23.6% (460/1948)
[2025-11-18 12:55:54][INFO][Rank 0] - train Epoch 3/24: 24.1% (470/1948)
[2025-11-18 12:56:01][INFO][Rank 0] - train Epoch 3/24: 24.6% (480/1948)
[2025-11-18 12:56:08][INFO][Rank 0] - train Epoch 3/24: 25.2% (490/1948)
[2025-11-18 12:56:15][INFO][Rank 0] - train Epoch 3/24: 25.7% (500/1948)
[2025-11-18 12:56:22][INFO][Rank 0] - train Epoch 3/24: 26.2% (510/1948)
[2025-11-18 12:56:29][INFO][Rank 0] - train Epoch 3/24: 26.7% (520/1948)
[2025-11-18 12:56:36][INFO][Rank 0] - train Epoch 3/24: 27.2% (530/1948)
[2025-11-18 12:56:43][INFO][Rank 0] - train Epoch 3/24: 27.7% (540/1948)
[2025-11-18 12:56:44][INFO][Rank 0] - CUDA Memory [train][Step 540]: Device 0: Allocated: 3309.6 MB, Reserved: 117540.0 MB (Δ: +1687.0 MB)
[2025-11-18 12:56:50][INFO][Rank 0] - train Epoch 3/24: 28.2% (550/1948)
[2025-11-18 12:56:57][INFO][Rank 0] - train Epoch 3/24: 28.7% (560/1948)
[2025-11-18 12:57:04][INFO][Rank 0] - train Epoch 3/24: 29.3% (570/1948)
[2025-11-18 12:57:11][INFO][Rank 0] - train Epoch 3/24: 29.8% (580/1948)
[2025-11-18 12:57:18][INFO][Rank 0] - train Epoch 3/24: 30.3% (590/1948)
[2025-11-18 12:57:26][INFO][Rank 0] - train Epoch 3/24: 30.8% (600/1948)
[2025-11-18 12:57:33][INFO][Rank 0] - train Epoch 3/24: 31.3% (610/1948)
[2025-11-18 12:57:40][INFO][Rank 0] - train Epoch 3/24: 31.8% (620/1948)
[2025-11-18 12:57:47][INFO][Rank 0] - train Epoch 3/24: 32.3% (630/1948)
[2025-11-18 12:57:47][INFO][Rank 0] - CUDA Memory [train][Step 630]: Device 0: Allocated: 3309.6 MB, Reserved: 117540.0 MB (Δ: +1687.0 MB)
[2025-11-18 12:57:54][INFO][Rank 0] - train Epoch 3/24: 32.9% (640/1948)
[2025-11-18 12:58:01][INFO][Rank 0] - train Epoch 3/24: 33.4% (650/1948)
[2025-11-18 12:58:08][INFO][Rank 0] - train Epoch 3/24: 33.9% (660/1948)
[2025-11-18 12:58:15][INFO][Rank 0] - train Epoch 3/24: 34.4% (670/1948)
[2025-11-18 12:58:22][INFO][Rank 0] - train Epoch 3/24: 34.9% (680/1948)
[2025-11-18 12:58:29][INFO][Rank 0] - train Epoch 3/24: 35.4% (690/1948)
[2025-11-18 12:58:36][INFO][Rank 0] - train Epoch 3/24: 35.9% (700/1948)
[2025-11-18 12:58:43][INFO][Rank 0] - train Epoch 3/24: 36.4% (710/1948)
[2025-11-18 12:58:50][INFO][Rank 0] - train Epoch 3/24: 37.0% (720/1948)
[2025-11-18 12:58:51][INFO][Rank 0] - CUDA Memory [train][Step 720]: Device 0: Allocated: 3309.6 MB, Reserved: 117540.0 MB (Δ: +1687.0 MB)
[2025-11-18 12:58:57][INFO][Rank 0] - train Epoch 3/24: 37.5% (730/1948)
[2025-11-18 12:59:05][INFO][Rank 0] - train Epoch 3/24: 38.0% (740/1948)
[2025-11-18 12:59:12][INFO][Rank 0] - train Epoch 3/24: 38.5% (750/1948)
[2025-11-18 12:59:19][INFO][Rank 0] - train Epoch 3/24: 39.0% (760/1948)
[2025-11-18 12:59:26][INFO][Rank 0] - train Epoch 3/24: 39.5% (770/1948)
[2025-11-18 12:59:33][INFO][Rank 0] - train Epoch 3/24: 40.0% (780/1948)
[2025-11-18 12:59:40][INFO][Rank 0] - train Epoch 3/24: 40.6% (790/1948)
[2025-11-18 12:59:47][INFO][Rank 0] - train Epoch 3/24: 41.1% (800/1948)
[2025-11-18 12:59:54][INFO][Rank 0] - train Epoch 3/24: 41.6% (810/1948)
[2025-11-18 12:59:55][INFO][Rank 0] - CUDA Memory [train][Step 810]: Device 0: Allocated: 3309.6 MB, Reserved: 117540.0 MB (Δ: +1687.0 MB)
[2025-11-18 13:00:01][INFO][Rank 0] - train Epoch 3/24: 42.1% (820/1948)
[2025-11-18 13:00:08][INFO][Rank 0] - train Epoch 3/24: 42.6% (830/1948)
[2025-11-18 13:00:15][INFO][Rank 0] - train Epoch 3/24: 43.1% (840/1948)
[2025-11-18 13:00:22][INFO][Rank 0] - train Epoch 3/24: 43.6% (850/1948)
[2025-11-18 13:00:29][INFO][Rank 0] - train Epoch 3/24: 44.1% (860/1948)
[2025-11-18 13:00:36][INFO][Rank 0] - train Epoch 3/24: 44.7% (870/1948)
[2025-11-18 13:00:44][INFO][Rank 0] - train Epoch 3/24: 45.2% (880/1948)
[2025-11-18 13:00:51][INFO][Rank 0] - train Epoch 3/24: 45.7% (890/1948)
[2025-11-18 13:00:58][INFO][Rank 0] - train Epoch 3/24: 46.2% (900/1948)
[2025-11-18 13:00:58][INFO][Rank 0] - CUDA Memory [train][Step 900]: Device 0: Allocated: 3309.6 MB, Reserved: 117540.0 MB (Δ: +1687.0 MB)
[2025-11-18 13:01:05][INFO][Rank 0] - train Epoch 3/24: 46.7% (910/1948)
[2025-11-18 13:01:12][INFO][Rank 0] - train Epoch 3/24: 47.2% (920/1948)
[2025-11-18 13:01:19][INFO][Rank 0] - train Epoch 3/24: 47.7% (930/1948)
[2025-11-18 13:01:26][INFO][Rank 0] - train Epoch 3/24: 48.3% (940/1948)
[2025-11-18 13:01:33][INFO][Rank 0] - train Epoch 3/24: 48.8% (950/1948)
[2025-11-18 13:01:40][INFO][Rank 0] - train Epoch 3/24: 49.3% (960/1948)
[2025-11-18 13:01:47][INFO][Rank 0] - train Epoch 3/24: 49.8% (970/1948)
[2025-11-18 13:01:54][INFO][Rank 0] - train Epoch 3/24: 50.3% (980/1948)
[2025-11-18 13:02:01][INFO][Rank 0] - train Epoch 3/24: 50.8% (990/1948)
[2025-11-18 13:02:02][INFO][Rank 0] - CUDA Memory [train][Step 990]: Device 0: Allocated: 3309.6 MB, Reserved: 117540.0 MB (Δ: +1687.0 MB)
[2025-11-18 13:02:08][INFO][Rank 0] - train Epoch 3/24: 51.3% (1000/1948)
[2025-11-18 13:02:15][INFO][Rank 0] - train Epoch 3/24: 51.8% (1010/1948)
[2025-11-18 13:02:22][INFO][Rank 0] - train Epoch 3/24: 52.4% (1020/1948)
[2025-11-18 13:02:30][INFO][Rank 0] - train Epoch 3/24: 52.9% (1030/1948)
[2025-11-18 13:02:37][INFO][Rank 0] - train Epoch 3/24: 53.4% (1040/1948)
[2025-11-18 13:02:44][INFO][Rank 0] - train Epoch 3/24: 53.9% (1050/1948)
[2025-11-18 13:02:51][INFO][Rank 0] - train Epoch 3/24: 54.4% (1060/1948)
[2025-11-18 13:02:58][INFO][Rank 0] - train Epoch 3/24: 54.9% (1070/1948)
[2025-11-18 13:03:05][INFO][Rank 0] - train Epoch 3/24: 55.4% (1080/1948)
[2025-11-18 13:03:06][INFO][Rank 0] - CUDA Memory [train][Step 1080]: Device 0: Allocated: 3309.6 MB, Reserved: 117540.0 MB (Δ: +1687.0 MB)
[2025-11-18 13:03:12][INFO][Rank 0] - train Epoch 3/24: 56.0% (1090/1948)
[2025-11-18 13:03:19][INFO][Rank 0] - train Epoch 3/24: 56.5% (1100/1948)
[2025-11-18 13:03:26][INFO][Rank 0] - train Epoch 3/24: 57.0% (1110/1948)
[2025-11-18 13:03:33][INFO][Rank 0] - train Epoch 3/24: 57.5% (1120/1948)
[2025-11-18 13:03:40][INFO][Rank 0] - train Epoch 3/24: 58.0% (1130/1948)
[2025-11-18 13:03:47][INFO][Rank 0] - train Epoch 3/24: 58.5% (1140/1948)
[2025-11-18 13:03:54][INFO][Rank 0] - train Epoch 3/24: 59.0% (1150/1948)
[2025-11-18 13:04:01][INFO][Rank 0] - train Epoch 3/24: 59.5% (1160/1948)
[2025-11-18 13:04:09][INFO][Rank 0] - train Epoch 3/24: 60.1% (1170/1948)
[2025-11-18 13:04:09][INFO][Rank 0] - CUDA Memory [train][Step 1170]: Device 0: Allocated: 3309.6 MB, Reserved: 117540.0 MB (Δ: +1687.0 MB)
[2025-11-18 13:04:16][INFO][Rank 0] - train Epoch 3/24: 60.6% (1180/1948)
[2025-11-18 13:04:23][INFO][Rank 0] - train Epoch 3/24: 61.1% (1190/1948)
[2025-11-18 13:04:30][INFO][Rank 0] - train Epoch 3/24: 61.6% (1200/1948)
[2025-11-18 13:04:37][INFO][Rank 0] - train Epoch 3/24: 62.1% (1210/1948)
[2025-11-18 13:04:44][INFO][Rank 0] - train Epoch 3/24: 62.6% (1220/1948)
[2025-11-18 13:04:51][INFO][Rank 0] - train Epoch 3/24: 63.1% (1230/1948)
[2025-11-18 13:04:58][INFO][Rank 0] - train Epoch 3/24: 63.7% (1240/1948)
[2025-11-18 13:05:05][INFO][Rank 0] - train Epoch 3/24: 64.2% (1250/1948)
[2025-11-18 13:05:12][INFO][Rank 0] - train Epoch 3/24: 64.7% (1260/1948)
[2025-11-18 13:05:13][INFO][Rank 0] - CUDA Memory [train][Step 1260]: Device 0: Allocated: 3309.6 MB, Reserved: 117540.0 MB (Δ: +1687.0 MB)
[2025-11-18 13:05:19][INFO][Rank 0] - train Epoch 3/24: 65.2% (1270/1948)
[2025-11-18 13:05:26][INFO][Rank 0] - train Epoch 3/24: 65.7% (1280/1948)
[2025-11-18 13:05:33][INFO][Rank 0] - train Epoch 3/24: 66.2% (1290/1948)
[2025-11-18 13:05:40][INFO][Rank 0] - train Epoch 3/24: 66.7% (1300/1948)
[2025-11-18 13:05:48][INFO][Rank 0] - train Epoch 3/24: 67.2% (1310/1948)
[2025-11-18 13:05:55][INFO][Rank 0] - train Epoch 3/24: 67.8% (1320/1948)
[2025-11-18 13:06:02][INFO][Rank 0] - train Epoch 3/24: 68.3% (1330/1948)
[2025-11-18 13:06:09][INFO][Rank 0] - train Epoch 3/24: 68.8% (1340/1948)
[2025-11-18 13:06:16][INFO][Rank 0] - train Epoch 3/24: 69.3% (1350/1948)
[2025-11-18 13:06:17][INFO][Rank 0] - CUDA Memory [train][Step 1350]: Device 0: Allocated: 3309.6 MB, Reserved: 117540.0 MB (Δ: +1687.0 MB)
[2025-11-18 13:06:23][INFO][Rank 0] - train Epoch 3/24: 69.8% (1360/1948)
[2025-11-18 13:06:30][INFO][Rank 0] - train Epoch 3/24: 70.3% (1370/1948)
[2025-11-18 13:06:37][INFO][Rank 0] - train Epoch 3/24: 70.8% (1380/1948)
[2025-11-18 13:06:44][INFO][Rank 0] - train Epoch 3/24: 71.4% (1390/1948)
[2025-11-18 13:06:51][INFO][Rank 0] - train Epoch 3/24: 71.9% (1400/1948)
[2025-11-18 13:06:58][INFO][Rank 0] - train Epoch 3/24: 72.4% (1410/1948)
[2025-11-18 13:07:05][INFO][Rank 0] - train Epoch 3/24: 72.9% (1420/1948)
[2025-11-18 13:07:12][INFO][Rank 0] - train Epoch 3/24: 73.4% (1430/1948)
[2025-11-18 13:07:20][INFO][Rank 0] - train Epoch 3/24: 73.9% (1440/1948)
[2025-11-18 13:07:20][INFO][Rank 0] - CUDA Memory [train][Step 1440]: Device 0: Allocated: 3309.6 MB, Reserved: 117540.0 MB (Δ: +1687.0 MB)
[2025-11-18 13:07:27][INFO][Rank 0] - train Epoch 3/24: 74.4% (1450/1948)
[2025-11-18 13:07:34][INFO][Rank 0] - train Epoch 3/24: 74.9% (1460/1948)
[2025-11-18 13:07:41][INFO][Rank 0] - train Epoch 3/24: 75.5% (1470/1948)
[2025-11-18 13:07:48][INFO][Rank 0] - train Epoch 3/24: 76.0% (1480/1948)
[2025-11-18 13:07:55][INFO][Rank 0] - train Epoch 3/24: 76.5% (1490/1948)
[2025-11-18 13:08:02][INFO][Rank 0] - train Epoch 3/24: 77.0% (1500/1948)
[2025-11-18 13:08:09][INFO][Rank 0] - train Epoch 3/24: 77.5% (1510/1948)
[2025-11-18 13:08:16][INFO][Rank 0] - train Epoch 3/24: 78.0% (1520/1948)
[2025-11-18 13:08:23][INFO][Rank 0] - train Epoch 3/24: 78.5% (1530/1948)
[2025-11-18 13:08:24][INFO][Rank 0] - CUDA Memory [train][Step 1530]: Device 0: Allocated: 3309.6 MB, Reserved: 117540.0 MB (Δ: +1687.0 MB)
[2025-11-18 13:08:30][INFO][Rank 0] - train Epoch 3/24: 79.1% (1540/1948)
[2025-11-18 13:08:37][INFO][Rank 0] - train Epoch 3/24: 79.6% (1550/1948)
[2025-11-18 13:08:44][INFO][Rank 0] - train Epoch 3/24: 80.1% (1560/1948)
[2025-11-18 13:08:51][INFO][Rank 0] - train Epoch 3/24: 80.6% (1570/1948)
[2025-11-18 13:08:58][INFO][Rank 0] - train Epoch 3/24: 81.1% (1580/1948)
[2025-11-18 13:09:06][INFO][Rank 0] - train Epoch 3/24: 81.6% (1590/1948)
[2025-11-18 13:09:13][INFO][Rank 0] - train Epoch 3/24: 82.1% (1600/1948)
[2025-11-18 13:09:20][INFO][Rank 0] - train Epoch 3/24: 82.6% (1610/1948)
[2025-11-18 13:09:27][INFO][Rank 0] - train Epoch 3/24: 83.2% (1620/1948)
[2025-11-18 13:09:27][INFO][Rank 0] - CUDA Memory [train][Step 1620]: Device 0: Allocated: 3309.6 MB, Reserved: 117540.0 MB (Δ: +1687.0 MB)
[2025-11-18 13:09:34][INFO][Rank 0] - train Epoch 3/24: 83.7% (1630/1948)
[2025-11-18 13:09:41][INFO][Rank 0] - train Epoch 3/24: 84.2% (1640/1948)
[2025-11-18 13:09:48][INFO][Rank 0] - train Epoch 3/24: 84.7% (1650/1948)
[2025-11-18 13:09:55][INFO][Rank 0] - train Epoch 3/24: 85.2% (1660/1948)
[2025-11-18 13:10:02][INFO][Rank 0] - train Epoch 3/24: 85.7% (1670/1948)
[2025-11-18 13:10:09][INFO][Rank 0] - train Epoch 3/24: 86.2% (1680/1948)
[2025-11-18 13:10:16][INFO][Rank 0] - train Epoch 3/24: 86.8% (1690/1948)
[2025-11-18 13:10:23][INFO][Rank 0] - train Epoch 3/24: 87.3% (1700/1948)
[2025-11-18 13:10:30][INFO][Rank 0] - train Epoch 3/24: 87.8% (1710/1948)
[2025-11-18 13:10:31][INFO][Rank 0] - CUDA Memory [train][Step 1710]: Device 0: Allocated: 3309.6 MB, Reserved: 117540.0 MB (Δ: +1687.0 MB)
[2025-11-18 13:10:37][INFO][Rank 0] - train Epoch 3/24: 88.3% (1720/1948)
[2025-11-18 13:10:45][INFO][Rank 0] - train Epoch 3/24: 88.8% (1730/1948)
[2025-11-18 13:10:52][INFO][Rank 0] - train Epoch 3/24: 89.3% (1740/1948)
[2025-11-18 13:10:59][INFO][Rank 0] - train Epoch 3/24: 89.8% (1750/1948)
[2025-11-18 13:11:06][INFO][Rank 0] - train Epoch 3/24: 90.3% (1760/1948)
[2025-11-18 13:11:13][INFO][Rank 0] - train Epoch 3/24: 90.9% (1770/1948)
[2025-11-18 13:11:20][INFO][Rank 0] - train Epoch 3/24: 91.4% (1780/1948)
[2025-11-18 13:11:27][INFO][Rank 0] - train Epoch 3/24: 91.9% (1790/1948)
[2025-11-18 13:11:34][INFO][Rank 0] - train Epoch 3/24: 92.4% (1800/1948)
[2025-11-18 13:11:35][INFO][Rank 0] - CUDA Memory [train][Step 1800]: Device 0: Allocated: 3309.6 MB, Reserved: 117540.0 MB (Δ: +1687.0 MB)
[2025-11-18 13:11:41][INFO][Rank 0] - train Epoch 3/24: 92.9% (1810/1948)
[2025-11-18 13:11:48][INFO][Rank 0] - train Epoch 3/24: 93.4% (1820/1948)
[2025-11-18 13:11:55][INFO][Rank 0] - train Epoch 3/24: 93.9% (1830/1948)
[2025-11-18 13:12:02][INFO][Rank 0] - train Epoch 3/24: 94.5% (1840/1948)
[2025-11-18 13:12:09][INFO][Rank 0] - train Epoch 3/24: 95.0% (1850/1948)
[2025-11-18 13:12:17][INFO][Rank 0] - train Epoch 3/24: 95.5% (1860/1948)
[2025-11-18 13:12:24][INFO][Rank 0] - train Epoch 3/24: 96.0% (1870/1948)
[2025-11-18 13:12:31][INFO][Rank 0] - train Epoch 3/24: 96.5% (1880/1948)
[2025-11-18 13:12:38][INFO][Rank 0] - train Epoch 3/24: 97.0% (1890/1948)
[2025-11-18 13:12:38][INFO][Rank 0] - CUDA Memory [train][Step 1890]: Device 0: Allocated: 3309.6 MB, Reserved: 117540.0 MB (Δ: +1687.0 MB)
[2025-11-18 13:12:45][INFO][Rank 0] - train Epoch 3/24: 97.5% (1900/1948)
[2025-11-18 13:12:52][INFO][Rank 0] - train Epoch 3/24: 98.0% (1910/1948)
[2025-11-18 13:12:59][INFO][Rank 0] - train Epoch 3/24: 98.6% (1920/1948)
[2025-11-18 13:13:06][INFO][Rank 0] - train Epoch 3/24: 99.1% (1930/1948)
[2025-11-18 13:13:13][INFO][Rank 0] - train Epoch 3/24: 99.6% (1940/1948)
[2025-11-18 13:13:18][INFO][Rank 0] - train Epoch 3/24: 99.9% (1947/1948)
[2025-11-18 13:13:19][INFO][Rank 0] - train Loss: 0.2464 Acc: 0.9796 F1: 0.9896
[2025-11-18 13:13:19][INFO][Rank 0] - train Balanced Acc: 0.7440 AUC-ROC: 0.9572
[2025-11-18 13:13:19][INFO][Rank 0] - train Sensitivity: 0.9920 Specificity: 0.4959
[2025-11-18 13:13:19][INFO][Rank 0] - train Confusion Matrix: TP=18841, FP=246, FN=151, TN=242
[2025-11-18 13:13:19][INFO][Rank 0] - train completed in 1378.06s
[2025-11-18 13:13:19][INFO][Rank 0] - Data loading time: 1.40s, Forward time: 280.28s, Backward time: 746.89s
[2025-11-18 13:13:19][INFO][Rank 0] - train cache: 0/1 items, hit rate: 0.00%
[2025-11-18 13:13:19][INFO][Rank 0] - CUDA Memory [val][Step 0]: Device 0: Allocated: 3309.6 MB, Reserved: 117540.0 MB (Δ: +1687.0 MB)
[2025-11-18 13:13:19][INFO][Rank 0] - val phase: total 406 batches
[2025-11-18 13:13:19][INFO][Rank 0] - val Epoch 3/24: 0.0% (0/406)
[2025-11-18 13:13:24][INFO][Rank 0] - val Epoch 3/24: 2.5% (10/406)
[2025-11-18 13:13:29][INFO][Rank 0] - val Epoch 3/24: 4.9% (20/406)
[2025-11-18 13:13:34][INFO][Rank 0] - val Epoch 3/24: 7.4% (30/406)
[2025-11-18 13:13:39][INFO][Rank 0] - val Epoch 3/24: 9.9% (40/406)
[2025-11-18 13:13:44][INFO][Rank 0] - val Epoch 3/24: 12.3% (50/406)
[2025-11-18 13:13:49][INFO][Rank 0] - val Epoch 3/24: 14.8% (60/406)
[2025-11-18 13:13:54][INFO][Rank 0] - val Epoch 3/24: 17.2% (70/406)
[2025-11-18 13:13:59][INFO][Rank 0] - val Epoch 3/24: 19.7% (80/406)
[2025-11-18 13:14:04][INFO][Rank 0] - val Epoch 3/24: 22.2% (90/406)
[2025-11-18 13:14:09][INFO][Rank 0] - val Epoch 3/24: 24.6% (100/406)
[2025-11-18 13:14:14][INFO][Rank 0] - val Epoch 3/24: 27.1% (110/406)
[2025-11-18 13:14:19][INFO][Rank 0] - val Epoch 3/24: 29.6% (120/406)
[2025-11-18 13:14:19][INFO][Rank 0] - CUDA Memory [val][Step 120]: Device 0: Allocated: 3309.6 MB, Reserved: 117540.0 MB (Δ: +1687.0 MB)
[2025-11-18 13:14:24][INFO][Rank 0] - val Epoch 3/24: 32.0% (130/406)
[2025-11-18 13:14:29][INFO][Rank 0] - val Epoch 3/24: 34.5% (140/406)
[2025-11-18 13:14:34][INFO][Rank 0] - val Epoch 3/24: 36.9% (150/406)
[2025-11-18 13:14:39][INFO][Rank 0] - val Epoch 3/24: 39.4% (160/406)
[2025-11-18 13:14:44][INFO][Rank 0] - val Epoch 3/24: 41.9% (170/406)
[2025-11-18 13:14:49][INFO][Rank 0] - val Epoch 3/24: 44.3% (180/406)
[2025-11-18 13:14:54][INFO][Rank 0] - val Epoch 3/24: 46.8% (190/406)
[2025-11-18 13:14:58][INFO][Rank 0] - val Epoch 3/24: 49.3% (200/406)
[2025-11-18 13:15:03][INFO][Rank 0] - val Epoch 3/24: 51.7% (210/406)
[2025-11-18 13:15:08][INFO][Rank 0] - val Epoch 3/24: 54.2% (220/406)
[2025-11-18 13:15:13][INFO][Rank 0] - val Epoch 3/24: 56.7% (230/406)
[2025-11-18 13:15:18][INFO][Rank 0] - val Epoch 3/24: 59.1% (240/406)
[2025-11-18 13:15:23][INFO][Rank 0] - val Epoch 3/24: 61.6% (250/406)
[2025-11-18 13:15:28][INFO][Rank 0] - val Epoch 3/24: 64.0% (260/406)
[2025-11-18 13:15:33][INFO][Rank 0] - val Epoch 3/24: 66.5% (270/406)
[2025-11-18 13:15:34][INFO][Rank 0] - CUDA Memory [val][Step 270]: Device 0: Allocated: 3309.6 MB, Reserved: 117540.0 MB (Δ: +1687.0 MB)
[2025-11-18 13:15:38][INFO][Rank 0] - val Epoch 3/24: 69.0% (280/406)
[2025-11-18 13:15:43][INFO][Rank 0] - val Epoch 3/24: 71.4% (290/406)
[2025-11-18 13:15:48][INFO][Rank 0] - val Epoch 3/24: 73.9% (300/406)
[2025-11-18 13:15:53][INFO][Rank 0] - val Epoch 3/24: 76.4% (310/406)
[2025-11-18 13:15:58][INFO][Rank 0] - val Epoch 3/24: 78.8% (320/406)
[2025-11-18 13:16:03][INFO][Rank 0] - val Epoch 3/24: 81.3% (330/406)
[2025-11-18 13:16:08][INFO][Rank 0] - val Epoch 3/24: 83.7% (340/406)
[2025-11-18 13:16:13][INFO][Rank 0] - val Epoch 3/24: 86.2% (350/406)
[2025-11-18 13:16:18][INFO][Rank 0] - val Epoch 3/24: 88.7% (360/406)
[2025-11-18 13:16:23][INFO][Rank 0] - val Epoch 3/24: 91.1% (370/406)
[2025-11-18 13:16:28][INFO][Rank 0] - val Epoch 3/24: 93.6% (380/406)
[2025-11-18 13:16:33][INFO][Rank 0] - val Epoch 3/24: 96.1% (390/406)
[2025-11-18 13:16:38][INFO][Rank 0] - val Epoch 3/24: 98.5% (400/406)
[2025-11-18 13:16:40][INFO][Rank 0] - val Epoch 3/24: 99.8% (405/406)
[2025-11-18 13:16:41][INFO][Rank 0] - val Loss: 0.1613 Acc: 0.9768 F1: 0.9881
[2025-11-18 13:16:41][INFO][Rank 0] - val Balanced Acc: 0.8260 AUC-ROC: 0.9736
[2025-11-18 13:16:41][INFO][Rank 0] - val Sensitivity: 0.9853 Specificity: 0.6667
[2025-11-18 13:16:41][INFO][Rank 0] - val Confusion Matrix: TP=3894, FP=36, FN=58, TN=72
[2025-11-18 13:16:41][INFO][Rank 0] - val completed in 201.99s
[2025-11-18 13:16:41][INFO][Rank 0] - val cache: 0/1 items, hit rate: 0.00%
[2025-11-18 13:16:45][INFO][Rank 0] - Saved new best balanced_acc model with balanced_acc: 0.8260 at /projects/retprogression/rgarridogarcia/checkpoints/cropped1024_cropped_centered_allR_3/best_balanced_acc_model.pth
[2025-11-18 13:16:48][INFO][Rank 0] - Also saved as general best model at /projects/retprogression/rgarridogarcia/checkpoints/cropped1024_cropped_centered_allR_3/best_model.pth
[2025-11-18 13:16:52][INFO][Rank 0] - Saved new best auc model with auc: 0.9736 at /projects/retprogression/rgarridogarcia/checkpoints/cropped1024_cropped_centered_allR_3/best_auc_model.pth
[2025-11-18 13:16:56][INFO][Rank 0] - Saved epoch checkpoint at /projects/retprogression/rgarridogarcia/checkpoints/cropped1024_cropped_centered_allR_3/epoch_3.pth
[2025-11-18 13:16:56][INFO][Rank 0] - Epoch 3 summary:
[2025-11-18 13:16:56][INFO][Rank 0] -  Train Loss: 0.2464, Train Acc: 0.9796, Train F1: 0.9896
[2025-11-18 13:16:56][INFO][Rank 0] -  Train Balanced Acc: 0.7440, Train AUC: 0.9572
[2025-11-18 13:16:56][INFO][Rank 0] -  Train Sensitivity: 0.9920, Train Specificity: 0.4959
[2025-11-18 13:16:56][INFO][Rank 0] -  Val Loss: 0.1613, Val Acc: 0.9768, Val F1: 0.9881
[2025-11-18 13:16:56][INFO][Rank 0] -  Val Balanced Acc: 0.8260, Val AUC: 0.9736
[2025-11-18 13:16:56][INFO][Rank 0] -  Val Sensitivity: 0.9853, Val Specificity: 0.6667
[2025-11-18 13:16:56][INFO][Rank 0] -  Total Epoch Time: 1595.23s
[2025-11-18 13:16:56][INFO][Rank 0] - Epoch 4/24
[2025-11-18 13:16:56][INFO][Rank 0] - ----------
[2025-11-18 13:16:56][INFO][Rank 0] - CUDA Memory [train][Step 0]: Device 0: Allocated: 3309.6 MB, Reserved: 117540.0 MB (Δ: +1687.0 MB)
[2025-11-18 13:16:56][INFO][Rank 0] - train phase: total 1948 batches
[2025-11-18 13:16:56][INFO][Rank 0] - train Epoch 4/24: 0.0% (0/1948)
[2025-11-18 13:17:03][INFO][Rank 0] - train Epoch 4/24: 0.5% (10/1948)
[2025-11-18 13:17:11][INFO][Rank 0] - train Epoch 4/24: 1.0% (20/1948)
[2025-11-18 13:17:18][INFO][Rank 0] - train Epoch 4/24: 1.5% (30/1948)
[2025-11-18 13:17:25][INFO][Rank 0] - train Epoch 4/24: 2.1% (40/1948)
[2025-11-18 13:17:32][INFO][Rank 0] - train Epoch 4/24: 2.6% (50/1948)
[2025-11-18 13:17:39][INFO][Rank 0] - train Epoch 4/24: 3.1% (60/1948)
[2025-11-18 13:17:46][INFO][Rank 0] - train Epoch 4/24: 3.6% (70/1948)
[2025-11-18 13:17:53][INFO][Rank 0] - train Epoch 4/24: 4.1% (80/1948)
[2025-11-18 13:18:00][INFO][Rank 0] - train Epoch 4/24: 4.6% (90/1948)
[2025-11-18 13:18:01][INFO][Rank 0] - CUDA Memory [train][Step 90]: Device 0: Allocated: 3309.6 MB, Reserved: 117540.0 MB (Δ: +1687.0 MB)
[2025-11-18 13:18:07][INFO][Rank 0] - train Epoch 4/24: 5.1% (100/1948)
[2025-11-18 13:18:14][INFO][Rank 0] - train Epoch 4/24: 5.6% (110/1948)
[2025-11-18 13:18:21][INFO][Rank 0] - train Epoch 4/24: 6.2% (120/1948)
[2025-11-18 13:18:28][INFO][Rank 0] - train Epoch 4/24: 6.7% (130/1948)
[2025-11-18 13:18:35][INFO][Rank 0] - train Epoch 4/24: 7.2% (140/1948)
[2025-11-18 13:18:42][INFO][Rank 0] - train Epoch 4/24: 7.7% (150/1948)
[2025-11-18 13:18:50][INFO][Rank 0] - train Epoch 4/24: 8.2% (160/1948)
[2025-11-18 13:18:57][INFO][Rank 0] - train Epoch 4/24: 8.7% (170/1948)
[2025-11-18 13:19:04][INFO][Rank 0] - train Epoch 4/24: 9.2% (180/1948)
[2025-11-18 13:19:04][INFO][Rank 0] - CUDA Memory [train][Step 180]: Device 0: Allocated: 3309.6 MB, Reserved: 117540.0 MB (Δ: +1687.0 MB)
[2025-11-18 13:19:11][INFO][Rank 0] - train Epoch 4/24: 9.8% (190/1948)
[2025-11-18 13:19:18][INFO][Rank 0] - train Epoch 4/24: 10.3% (200/1948)
[2025-11-18 13:19:25][INFO][Rank 0] - train Epoch 4/24: 10.8% (210/1948)
[2025-11-18 13:19:32][INFO][Rank 0] - train Epoch 4/24: 11.3% (220/1948)
[2025-11-18 13:19:39][INFO][Rank 0] - train Epoch 4/24: 11.8% (230/1948)
[2025-11-18 13:19:46][INFO][Rank 0] - train Epoch 4/24: 12.3% (240/1948)
[2025-11-18 13:19:53][INFO][Rank 0] - train Epoch 4/24: 12.8% (250/1948)
[2025-11-18 13:20:00][INFO][Rank 0] - train Epoch 4/24: 13.3% (260/1948)
[2025-11-18 13:20:07][INFO][Rank 0] - train Epoch 4/24: 13.9% (270/1948)
[2025-11-18 13:20:08][INFO][Rank 0] - CUDA Memory [train][Step 270]: Device 0: Allocated: 3309.6 MB, Reserved: 117540.0 MB (Δ: +1687.0 MB)
[2025-11-18 13:20:14][INFO][Rank 0] - train Epoch 4/24: 14.4% (280/1948)
[2025-11-18 13:20:21][INFO][Rank 0] - train Epoch 4/24: 14.9% (290/1948)
[2025-11-18 13:20:28][INFO][Rank 0] - train Epoch 4/24: 15.4% (300/1948)
[2025-11-18 13:20:35][INFO][Rank 0] - train Epoch 4/24: 15.9% (310/1948)
[2025-11-18 13:20:43][INFO][Rank 0] - train Epoch 4/24: 16.4% (320/1948)
[2025-11-18 13:20:50][INFO][Rank 0] - train Epoch 4/24: 16.9% (330/1948)
[2025-11-18 13:20:57][INFO][Rank 0] - train Epoch 4/24: 17.5% (340/1948)
[2025-11-18 13:21:04][INFO][Rank 0] - train Epoch 4/24: 18.0% (350/1948)
[2025-11-18 13:21:11][INFO][Rank 0] - train Epoch 4/24: 18.5% (360/1948)
[2025-11-18 13:21:12][INFO][Rank 0] - CUDA Memory [train][Step 360]: Device 0: Allocated: 3309.6 MB, Reserved: 117540.0 MB (Δ: +1687.0 MB)
[2025-11-18 13:21:18][INFO][Rank 0] - train Epoch 4/24: 19.0% (370/1948)
[2025-11-18 13:21:25][INFO][Rank 0] - train Epoch 4/24: 19.5% (380/1948)
[2025-11-18 13:21:32][INFO][Rank 0] - train Epoch 4/24: 20.0% (390/1948)
[2025-11-18 13:21:39][INFO][Rank 0] - train Epoch 4/24: 20.5% (400/1948)
[2025-11-18 13:21:46][INFO][Rank 0] - train Epoch 4/24: 21.0% (410/1948)
[2025-11-18 13:21:53][INFO][Rank 0] - train Epoch 4/24: 21.6% (420/1948)
[2025-11-18 13:22:00][INFO][Rank 0] - train Epoch 4/24: 22.1% (430/1948)
[2025-11-18 13:22:07][INFO][Rank 0] - train Epoch 4/24: 22.6% (440/1948)
[2025-11-18 13:22:14][INFO][Rank 0] - train Epoch 4/24: 23.1% (450/1948)
[2025-11-18 13:22:15][INFO][Rank 0] - CUDA Memory [train][Step 450]: Device 0: Allocated: 3309.6 MB, Reserved: 117540.0 MB (Δ: +1687.0 MB)
[2025-11-18 13:22:21][INFO][Rank 0] - train Epoch 4/24: 23.6% (460/1948)
[2025-11-18 13:22:28][INFO][Rank 0] - train Epoch 4/24: 24.1% (470/1948)
[2025-11-18 13:22:36][INFO][Rank 0] - train Epoch 4/24: 24.6% (480/1948)
[2025-11-18 13:22:43][INFO][Rank 0] - train Epoch 4/24: 25.2% (490/1948)
[2025-11-18 13:22:50][INFO][Rank 0] - train Epoch 4/24: 25.7% (500/1948)
[2025-11-18 13:22:57][INFO][Rank 0] - train Epoch 4/24: 26.2% (510/1948)
[2025-11-18 13:23:04][INFO][Rank 0] - train Epoch 4/24: 26.7% (520/1948)
[2025-11-18 13:23:11][INFO][Rank 0] - train Epoch 4/24: 27.2% (530/1948)
[2025-11-18 13:23:18][INFO][Rank 0] - train Epoch 4/24: 27.7% (540/1948)
[2025-11-18 13:23:19][INFO][Rank 0] - CUDA Memory [train][Step 540]: Device 0: Allocated: 3309.6 MB, Reserved: 117540.0 MB (Δ: +1687.0 MB)
[2025-11-18 13:23:25][INFO][Rank 0] - train Epoch 4/24: 28.2% (550/1948)
[2025-11-18 13:23:32][INFO][Rank 0] - train Epoch 4/24: 28.7% (560/1948)
[2025-11-18 13:23:39][INFO][Rank 0] - train Epoch 4/24: 29.3% (570/1948)
[2025-11-18 13:23:46][INFO][Rank 0] - train Epoch 4/24: 29.8% (580/1948)
[2025-11-18 13:23:53][INFO][Rank 0] - train Epoch 4/24: 30.3% (590/1948)
[2025-11-18 13:24:00][INFO][Rank 0] - train Epoch 4/24: 30.8% (600/1948)
[2025-11-18 13:24:07][INFO][Rank 0] - train Epoch 4/24: 31.3% (610/1948)
[2025-11-18 13:24:14][INFO][Rank 0] - train Epoch 4/24: 31.8% (620/1948)
[2025-11-18 13:24:22][INFO][Rank 0] - train Epoch 4/24: 32.3% (630/1948)
[2025-11-18 13:24:22][INFO][Rank 0] - CUDA Memory [train][Step 630]: Device 0: Allocated: 3309.6 MB, Reserved: 117540.0 MB (Δ: +1687.0 MB)
[2025-11-18 13:24:29][INFO][Rank 0] - train Epoch 4/24: 32.9% (640/1948)
[2025-11-18 13:24:36][INFO][Rank 0] - train Epoch 4/24: 33.4% (650/1948)
[2025-11-18 13:24:43][INFO][Rank 0] - train Epoch 4/24: 33.9% (660/1948)
[2025-11-18 13:24:50][INFO][Rank 0] - train Epoch 4/24: 34.4% (670/1948)
[2025-11-18 13:24:57][INFO][Rank 0] - train Epoch 4/24: 34.9% (680/1948)
[2025-11-18 13:25:04][INFO][Rank 0] - train Epoch 4/24: 35.4% (690/1948)
[2025-11-18 13:25:11][INFO][Rank 0] - train Epoch 4/24: 35.9% (700/1948)
[2025-11-18 13:25:18][INFO][Rank 0] - train Epoch 4/24: 36.4% (710/1948)
[2025-11-18 13:25:25][INFO][Rank 0] - train Epoch 4/24: 37.0% (720/1948)
[2025-11-18 13:25:26][INFO][Rank 0] - CUDA Memory [train][Step 720]: Device 0: Allocated: 3309.6 MB, Reserved: 117540.0 MB (Δ: +1687.0 MB)
[2025-11-18 13:25:32][INFO][Rank 0] - train Epoch 4/24: 37.5% (730/1948)
[2025-11-18 13:25:39][INFO][Rank 0] - train Epoch 4/24: 38.0% (740/1948)
[2025-11-18 13:25:46][INFO][Rank 0] - train Epoch 4/24: 38.5% (750/1948)
[2025-11-18 13:25:53][INFO][Rank 0] - train Epoch 4/24: 39.0% (760/1948)
[2025-11-18 13:26:00][INFO][Rank 0] - train Epoch 4/24: 39.5% (770/1948)
[2025-11-18 13:26:07][INFO][Rank 0] - train Epoch 4/24: 40.0% (780/1948)
[2025-11-18 13:26:15][INFO][Rank 0] - train Epoch 4/24: 40.6% (790/1948)
[2025-11-18 13:26:22][INFO][Rank 0] - train Epoch 4/24: 41.1% (800/1948)
[2025-11-18 13:26:29][INFO][Rank 0] - train Epoch 4/24: 41.6% (810/1948)
[2025-11-18 13:26:29][INFO][Rank 0] - CUDA Memory [train][Step 810]: Device 0: Allocated: 3309.6 MB, Reserved: 117540.0 MB (Δ: +1687.0 MB)
[2025-11-18 13:26:36][INFO][Rank 0] - train Epoch 4/24: 42.1% (820/1948)
[2025-11-18 13:26:43][INFO][Rank 0] - train Epoch 4/24: 42.6% (830/1948)
[2025-11-18 13:26:50][INFO][Rank 0] - train Epoch 4/24: 43.1% (840/1948)
[2025-11-18 13:26:57][INFO][Rank 0] - train Epoch 4/24: 43.6% (850/1948)
[2025-11-18 13:27:04][INFO][Rank 0] - train Epoch 4/24: 44.1% (860/1948)
[2025-11-18 13:27:11][INFO][Rank 0] - train Epoch 4/24: 44.7% (870/1948)
[2025-11-18 13:27:18][INFO][Rank 0] - train Epoch 4/24: 45.2% (880/1948)
[2025-11-18 13:27:25][INFO][Rank 0] - train Epoch 4/24: 45.7% (890/1948)
[2025-11-18 13:27:32][INFO][Rank 0] - train Epoch 4/24: 46.2% (900/1948)
[2025-11-18 13:27:33][INFO][Rank 0] - CUDA Memory [train][Step 900]: Device 0: Allocated: 3309.6 MB, Reserved: 117540.0 MB (Δ: +1687.0 MB)
[2025-11-18 13:27:39][INFO][Rank 0] - train Epoch 4/24: 46.7% (910/1948)
[2025-11-18 13:27:46][INFO][Rank 0] - train Epoch 4/24: 47.2% (920/1948)
[2025-11-18 13:27:53][INFO][Rank 0] - train Epoch 4/24: 47.7% (930/1948)
[2025-11-18 13:28:00][INFO][Rank 0] - train Epoch 4/24: 48.3% (940/1948)
[2025-11-18 13:28:08][INFO][Rank 0] - train Epoch 4/24: 48.8% (950/1948)
[2025-11-18 13:28:15][INFO][Rank 0] - train Epoch 4/24: 49.3% (960/1948)
[2025-11-18 13:28:22][INFO][Rank 0] - train Epoch 4/24: 49.8% (970/1948)
[2025-11-18 13:28:29][INFO][Rank 0] - train Epoch 4/24: 50.3% (980/1948)
[2025-11-18 13:28:36][INFO][Rank 0] - train Epoch 4/24: 50.8% (990/1948)
[2025-11-18 13:28:37][INFO][Rank 0] - CUDA Memory [train][Step 990]: Device 0: Allocated: 3309.6 MB, Reserved: 117540.0 MB (Δ: +1687.0 MB)
[2025-11-18 13:28:43][INFO][Rank 0] - train Epoch 4/24: 51.3% (1000/1948)
[2025-11-18 13:28:50][INFO][Rank 0] - train Epoch 4/24: 51.8% (1010/1948)
[2025-11-18 13:28:57][INFO][Rank 0] - train Epoch 4/24: 52.4% (1020/1948)
[2025-11-18 13:29:04][INFO][Rank 0] - train Epoch 4/24: 52.9% (1030/1948)
[2025-11-18 13:29:11][INFO][Rank 0] - train Epoch 4/24: 53.4% (1040/1948)
[2025-11-18 13:29:18][INFO][Rank 0] - train Epoch 4/24: 53.9% (1050/1948)
[2025-11-18 13:29:25][INFO][Rank 0] - train Epoch 4/24: 54.4% (1060/1948)
[2025-11-18 13:29:32][INFO][Rank 0] - train Epoch 4/24: 54.9% (1070/1948)
[2025-11-18 13:29:39][INFO][Rank 0] - train Epoch 4/24: 55.4% (1080/1948)
[2025-11-18 13:29:40][INFO][Rank 0] - CUDA Memory [train][Step 1080]: Device 0: Allocated: 3309.6 MB, Reserved: 117540.0 MB (Δ: +1687.0 MB)
[2025-11-18 13:29:46][INFO][Rank 0] - train Epoch 4/24: 56.0% (1090/1948)
[2025-11-18 13:29:54][INFO][Rank 0] - train Epoch 4/24: 56.5% (1100/1948)
[2025-11-18 13:30:01][INFO][Rank 0] - train Epoch 4/24: 57.0% (1110/1948)
[2025-11-18 13:30:08][INFO][Rank 0] - train Epoch 4/24: 57.5% (1120/1948)
[2025-11-18 13:30:15][INFO][Rank 0] - train Epoch 4/24: 58.0% (1130/1948)
[2025-11-18 13:30:22][INFO][Rank 0] - train Epoch 4/24: 58.5% (1140/1948)
[2025-11-18 13:30:29][INFO][Rank 0] - train Epoch 4/24: 59.0% (1150/1948)
[2025-11-18 13:30:36][INFO][Rank 0] - train Epoch 4/24: 59.5% (1160/1948)
[2025-11-18 13:30:43][INFO][Rank 0] - train Epoch 4/24: 60.1% (1170/1948)
[2025-11-18 13:30:44][INFO][Rank 0] - CUDA Memory [train][Step 1170]: Device 0: Allocated: 3309.6 MB, Reserved: 117540.0 MB (Δ: +1687.0 MB)
[2025-11-18 13:30:50][INFO][Rank 0] - train Epoch 4/24: 60.6% (1180/1948)
[2025-11-18 13:30:57][INFO][Rank 0] - train Epoch 4/24: 61.1% (1190/1948)
[2025-11-18 13:31:04][INFO][Rank 0] - train Epoch 4/24: 61.6% (1200/1948)
[2025-11-18 13:31:11][INFO][Rank 0] - train Epoch 4/24: 62.1% (1210/1948)
[2025-11-18 13:31:18][INFO][Rank 0] - train Epoch 4/24: 62.6% (1220/1948)
[2025-11-18 13:31:26][INFO][Rank 0] - train Epoch 4/24: 63.1% (1230/1948)
[2025-11-18 13:31:33][INFO][Rank 0] - train Epoch 4/24: 63.7% (1240/1948)
[2025-11-18 13:31:40][INFO][Rank 0] - train Epoch 4/24: 64.2% (1250/1948)
[2025-11-18 13:31:47][INFO][Rank 0] - train Epoch 4/24: 64.7% (1260/1948)
[2025-11-18 13:31:47][INFO][Rank 0] - CUDA Memory [train][Step 1260]: Device 0: Allocated: 3309.6 MB, Reserved: 117540.0 MB (Δ: +1687.0 MB)
[2025-11-18 13:31:54][INFO][Rank 0] - train Epoch 4/24: 65.2% (1270/1948)
[2025-11-18 13:32:01][INFO][Rank 0] - train Epoch 4/24: 65.7% (1280/1948)
[2025-11-18 13:32:08][INFO][Rank 0] - train Epoch 4/24: 66.2% (1290/1948)
[2025-11-18 13:32:15][INFO][Rank 0] - train Epoch 4/24: 66.7% (1300/1948)
[2025-11-18 13:32:22][INFO][Rank 0] - train Epoch 4/24: 67.2% (1310/1948)
[2025-11-18 13:32:29][INFO][Rank 0] - train Epoch 4/24: 67.8% (1320/1948)
[2025-11-18 13:32:36][INFO][Rank 0] - train Epoch 4/24: 68.3% (1330/1948)
[2025-11-18 13:32:43][INFO][Rank 0] - train Epoch 4/24: 68.8% (1340/1948)
[2025-11-18 13:32:50][INFO][Rank 0] - train Epoch 4/24: 69.3% (1350/1948)
[2025-11-18 13:32:51][INFO][Rank 0] - CUDA Memory [train][Step 1350]: Device 0: Allocated: 3309.6 MB, Reserved: 117540.0 MB (Δ: +1687.0 MB)
[2025-11-18 13:32:57][INFO][Rank 0] - train Epoch 4/24: 69.8% (1360/1948)
[2025-11-18 13:33:04][INFO][Rank 0] - train Epoch 4/24: 70.3% (1370/1948)
[2025-11-18 13:33:11][INFO][Rank 0] - train Epoch 4/24: 70.8% (1380/1948)
[2025-11-18 13:33:19][INFO][Rank 0] - train Epoch 4/24: 71.4% (1390/1948)
[2025-11-18 13:33:26][INFO][Rank 0] - train Epoch 4/24: 71.9% (1400/1948)
[2025-11-18 13:33:33][INFO][Rank 0] - train Epoch 4/24: 72.4% (1410/1948)
[2025-11-18 13:33:40][INFO][Rank 0] - train Epoch 4/24: 72.9% (1420/1948)
[2025-11-18 13:33:47][INFO][Rank 0] - train Epoch 4/24: 73.4% (1430/1948)
[2025-11-18 13:33:54][INFO][Rank 0] - train Epoch 4/24: 73.9% (1440/1948)
[2025-11-18 13:33:55][INFO][Rank 0] - CUDA Memory [train][Step 1440]: Device 0: Allocated: 3309.6 MB, Reserved: 117540.0 MB (Δ: +1687.0 MB)
[2025-11-18 13:34:01][INFO][Rank 0] - train Epoch 4/24: 74.4% (1450/1948)
[2025-11-18 13:34:08][INFO][Rank 0] - train Epoch 4/24: 74.9% (1460/1948)
[2025-11-18 13:34:15][INFO][Rank 0] - train Epoch 4/24: 75.5% (1470/1948)
[2025-11-18 13:34:22][INFO][Rank 0] - train Epoch 4/24: 76.0% (1480/1948)
[2025-11-18 13:34:29][INFO][Rank 0] - train Epoch 4/24: 76.5% (1490/1948)
[2025-11-18 13:34:36][INFO][Rank 0] - train Epoch 4/24: 77.0% (1500/1948)
[2025-11-18 13:34:43][INFO][Rank 0] - train Epoch 4/24: 77.5% (1510/1948)
[2025-11-18 13:34:50][INFO][Rank 0] - train Epoch 4/24: 78.0% (1520/1948)
[2025-11-18 13:34:57][INFO][Rank 0] - train Epoch 4/24: 78.5% (1530/1948)
[2025-11-18 13:34:58][INFO][Rank 0] - CUDA Memory [train][Step 1530]: Device 0: Allocated: 3309.6 MB, Reserved: 117540.0 MB (Δ: +1687.0 MB)
[2025-11-18 13:35:05][INFO][Rank 0] - train Epoch 4/24: 79.1% (1540/1948)
[2025-11-18 13:35:12][INFO][Rank 0] - train Epoch 4/24: 79.6% (1550/1948)
[2025-11-18 13:35:19][INFO][Rank 0] - train Epoch 4/24: 80.1% (1560/1948)
[2025-11-18 13:35:26][INFO][Rank 0] - train Epoch 4/24: 80.6% (1570/1948)
[2025-11-18 13:35:33][INFO][Rank 0] - train Epoch 4/24: 81.1% (1580/1948)
[2025-11-18 13:35:40][INFO][Rank 0] - train Epoch 4/24: 81.6% (1590/1948)
[2025-11-18 13:35:47][INFO][Rank 0] - train Epoch 4/24: 82.1% (1600/1948)
[2025-11-18 13:35:54][INFO][Rank 0] - train Epoch 4/24: 82.6% (1610/1948)
[2025-11-18 13:36:01][INFO][Rank 0] - train Epoch 4/24: 83.2% (1620/1948)
[2025-11-18 13:36:02][INFO][Rank 0] - CUDA Memory [train][Step 1620]: Device 0: Allocated: 3309.6 MB, Reserved: 117540.0 MB (Δ: +1687.0 MB)
[2025-11-18 13:36:08][INFO][Rank 0] - train Epoch 4/24: 83.7% (1630/1948)
[2025-11-18 13:36:15][INFO][Rank 0] - train Epoch 4/24: 84.2% (1640/1948)
[2025-11-18 13:36:22][INFO][Rank 0] - train Epoch 4/24: 84.7% (1650/1948)
[2025-11-18 13:36:29][INFO][Rank 0] - train Epoch 4/24: 85.2% (1660/1948)
[2025-11-18 13:36:36][INFO][Rank 0] - train Epoch 4/24: 85.7% (1670/1948)
[2025-11-18 13:36:43][INFO][Rank 0] - train Epoch 4/24: 86.2% (1680/1948)
[2025-11-18 13:36:50][INFO][Rank 0] - train Epoch 4/24: 86.8% (1690/1948)
[2025-11-18 13:36:58][INFO][Rank 0] - train Epoch 4/24: 87.3% (1700/1948)
[2025-11-18 13:37:05][INFO][Rank 0] - train Epoch 4/24: 87.8% (1710/1948)
[2025-11-18 13:37:05][INFO][Rank 0] - CUDA Memory [train][Step 1710]: Device 0: Allocated: 3309.6 MB, Reserved: 117540.0 MB (Δ: +1687.0 MB)
[2025-11-18 13:37:12][INFO][Rank 0] - train Epoch 4/24: 88.3% (1720/1948)
[2025-11-18 13:37:19][INFO][Rank 0] - train Epoch 4/24: 88.8% (1730/1948)
[2025-11-18 13:37:26][INFO][Rank 0] - train Epoch 4/24: 89.3% (1740/1948)
[2025-11-18 13:37:33][INFO][Rank 0] - train Epoch 4/24: 89.8% (1750/1948)
[2025-11-18 13:37:40][INFO][Rank 0] - train Epoch 4/24: 90.3% (1760/1948)
[2025-11-18 13:37:47][INFO][Rank 0] - train Epoch 4/24: 90.9% (1770/1948)
[2025-11-18 13:37:54][INFO][Rank 0] - train Epoch 4/24: 91.4% (1780/1948)
[2025-11-18 13:38:01][INFO][Rank 0] - train Epoch 4/24: 91.9% (1790/1948)
[2025-11-18 13:38:08][INFO][Rank 0] - train Epoch 4/24: 92.4% (1800/1948)
[2025-11-18 13:38:09][INFO][Rank 0] - CUDA Memory [train][Step 1800]: Device 0: Allocated: 3309.6 MB, Reserved: 117540.0 MB (Δ: +1687.0 MB)
[2025-11-18 13:38:15][INFO][Rank 0] - train Epoch 4/24: 92.9% (1810/1948)
[2025-11-18 13:38:22][INFO][Rank 0] - train Epoch 4/24: 93.4% (1820/1948)
[2025-11-18 13:38:29][INFO][Rank 0] - train Epoch 4/24: 93.9% (1830/1948)
[2025-11-18 13:38:36][INFO][Rank 0] - train Epoch 4/24: 94.5% (1840/1948)
[2025-11-18 13:38:44][INFO][Rank 0] - train Epoch 4/24: 95.0% (1850/1948)
[2025-11-18 13:38:51][INFO][Rank 0] - train Epoch 4/24: 95.5% (1860/1948)
[2025-11-18 13:38:58][INFO][Rank 0] - train Epoch 4/24: 96.0% (1870/1948)
[2025-11-18 13:39:05][INFO][Rank 0] - train Epoch 4/24: 96.5% (1880/1948)
[2025-11-18 13:39:12][INFO][Rank 0] - train Epoch 4/24: 97.0% (1890/1948)
[2025-11-18 13:39:12][INFO][Rank 0] - CUDA Memory [train][Step 1890]: Device 0: Allocated: 3309.6 MB, Reserved: 117540.0 MB (Δ: +1687.0 MB)
[2025-11-18 13:39:19][INFO][Rank 0] - train Epoch 4/24: 97.5% (1900/1948)
[2025-11-18 13:39:26][INFO][Rank 0] - train Epoch 4/24: 98.0% (1910/1948)
[2025-11-18 13:39:33][INFO][Rank 0] - train Epoch 4/24: 98.6% (1920/1948)
[2025-11-18 13:39:40][INFO][Rank 0] - train Epoch 4/24: 99.1% (1930/1948)
[2025-11-18 13:39:47][INFO][Rank 0] - train Epoch 4/24: 99.6% (1940/1948)
[2025-11-18 13:39:52][INFO][Rank 0] - train Epoch 4/24: 99.9% (1947/1948)
[2025-11-18 13:39:53][INFO][Rank 0] - train Loss: 0.2109 Acc: 0.9770 F1: 0.9881
[2025-11-18 13:39:53][INFO][Rank 0] - train Balanced Acc: 0.8295 AUC-ROC: 0.9606
[2025-11-18 13:39:53][INFO][Rank 0] - train Sensitivity: 0.9847 Specificity: 0.6742
[2025-11-18 13:39:53][INFO][Rank 0] - train Confusion Matrix: TP=18702, FP=159, FN=290, TN=329
[2025-11-18 13:39:53][INFO][Rank 0] - train completed in 1376.85s
[2025-11-18 13:39:53][INFO][Rank 0] - Data loading time: 1.23s, Forward time: 280.12s, Backward time: 746.21s
[2025-11-18 13:39:53][INFO][Rank 0] - train cache: 0/1 items, hit rate: 0.00%
[2025-11-18 13:39:53][INFO][Rank 0] - CUDA Memory [val][Step 0]: Device 0: Allocated: 3309.6 MB, Reserved: 117540.0 MB (Δ: +1687.0 MB)
[2025-11-18 13:39:53][INFO][Rank 0] - val phase: total 406 batches
[2025-11-18 13:39:53][INFO][Rank 0] - val Epoch 4/24: 0.0% (0/406)
[2025-11-18 13:39:58][INFO][Rank 0] - val Epoch 4/24: 2.5% (10/406)
[2025-11-18 13:40:03][INFO][Rank 0] - val Epoch 4/24: 4.9% (20/406)
[2025-11-18 13:40:08][INFO][Rank 0] - val Epoch 4/24: 7.4% (30/406)
[2025-11-18 13:40:13][INFO][Rank 0] - val Epoch 4/24: 9.9% (40/406)
[2025-11-18 13:40:18][INFO][Rank 0] - val Epoch 4/24: 12.3% (50/406)
[2025-11-18 13:40:23][INFO][Rank 0] - val Epoch 4/24: 14.8% (60/406)
[2025-11-18 13:40:28][INFO][Rank 0] - val Epoch 4/24: 17.2% (70/406)
[2025-11-18 13:40:33][INFO][Rank 0] - val Epoch 4/24: 19.7% (80/406)
[2025-11-18 13:40:38][INFO][Rank 0] - val Epoch 4/24: 22.2% (90/406)
[2025-11-18 13:40:43][INFO][Rank 0] - val Epoch 4/24: 24.6% (100/406)
[2025-11-18 13:40:48][INFO][Rank 0] - val Epoch 4/24: 27.1% (110/406)
[2025-11-18 13:40:53][INFO][Rank 0] - val Epoch 4/24: 29.6% (120/406)
[2025-11-18 13:40:53][INFO][Rank 0] - CUDA Memory [val][Step 120]: Device 0: Allocated: 3309.6 MB, Reserved: 117540.0 MB (Δ: +1687.0 MB)
[2025-11-18 13:40:58][INFO][Rank 0] - val Epoch 4/24: 32.0% (130/406)
[2025-11-18 13:41:03][INFO][Rank 0] - val Epoch 4/24: 34.5% (140/406)
[2025-11-18 13:41:08][INFO][Rank 0] - val Epoch 4/24: 36.9% (150/406)
[2025-11-18 13:41:13][INFO][Rank 0] - val Epoch 4/24: 39.4% (160/406)
[2025-11-18 13:41:18][INFO][Rank 0] - val Epoch 4/24: 41.9% (170/406)
[2025-11-18 13:41:23][INFO][Rank 0] - val Epoch 4/24: 44.3% (180/406)
[2025-11-18 13:41:27][INFO][Rank 0] - val Epoch 4/24: 46.8% (190/406)
[2025-11-18 13:41:32][INFO][Rank 0] - val Epoch 4/24: 49.3% (200/406)
[2025-11-18 13:41:37][INFO][Rank 0] - val Epoch 4/24: 51.7% (210/406)
[2025-11-18 13:41:42][INFO][Rank 0] - val Epoch 4/24: 54.2% (220/406)
[2025-11-18 13:41:47][INFO][Rank 0] - val Epoch 4/24: 56.7% (230/406)
[2025-11-18 13:41:52][INFO][Rank 0] - val Epoch 4/24: 59.1% (240/406)
[2025-11-18 13:41:57][INFO][Rank 0] - val Epoch 4/24: 61.6% (250/406)
[2025-11-18 13:42:02][INFO][Rank 0] - val Epoch 4/24: 64.0% (260/406)
[2025-11-18 13:42:07][INFO][Rank 0] - val Epoch 4/24: 66.5% (270/406)
[2025-11-18 13:42:08][INFO][Rank 0] - CUDA Memory [val][Step 270]: Device 0: Allocated: 3309.6 MB, Reserved: 117540.0 MB (Δ: +1687.0 MB)
[2025-11-18 13:42:12][INFO][Rank 0] - val Epoch 4/24: 69.0% (280/406)
[2025-11-18 13:42:17][INFO][Rank 0] - val Epoch 4/24: 71.4% (290/406)
[2025-11-18 13:42:22][INFO][Rank 0] - val Epoch 4/24: 73.9% (300/406)
[2025-11-18 13:42:27][INFO][Rank 0] - val Epoch 4/24: 76.4% (310/406)
[2025-11-18 13:42:32][INFO][Rank 0] - val Epoch 4/24: 78.8% (320/406)
[2025-11-18 13:42:37][INFO][Rank 0] - val Epoch 4/24: 81.3% (330/406)
[2025-11-18 13:42:42][INFO][Rank 0] - val Epoch 4/24: 83.7% (340/406)
[2025-11-18 13:42:47][INFO][Rank 0] - val Epoch 4/24: 86.2% (350/406)
[2025-11-18 13:42:52][INFO][Rank 0] - val Epoch 4/24: 88.7% (360/406)
[2025-11-18 13:42:57][INFO][Rank 0] - val Epoch 4/24: 91.1% (370/406)
[2025-11-18 13:43:02][INFO][Rank 0] - val Epoch 4/24: 93.6% (380/406)
[2025-11-18 13:43:07][INFO][Rank 0] - val Epoch 4/24: 96.1% (390/406)
[2025-11-18 13:43:12][INFO][Rank 0] - val Epoch 4/24: 98.5% (400/406)
[2025-11-18 13:43:14][INFO][Rank 0] - val Epoch 4/24: 99.8% (405/406)
[2025-11-18 13:43:15][INFO][Rank 0] - val Loss: 0.1362 Acc: 0.9761 F1: 0.9877
[2025-11-18 13:43:15][INFO][Rank 0] - val Balanced Acc: 0.8391 AUC-ROC: 0.9755
[2025-11-18 13:43:15][INFO][Rank 0] - val Sensitivity: 0.9838 Specificity: 0.6944
[2025-11-18 13:43:15][INFO][Rank 0] - val Confusion Matrix: TP=3888, FP=33, FN=64, TN=75
[2025-11-18 13:43:15][INFO][Rank 0] - val completed in 201.94s
[2025-11-18 13:43:15][INFO][Rank 0] - val cache: 0/1 items, hit rate: 0.00%
[2025-11-18 13:43:20][INFO][Rank 0] - Saved new best balanced_acc model with balanced_acc: 0.8391 at /projects/retprogression/rgarridogarcia/checkpoints/cropped1024_cropped_centered_allR_3/best_balanced_acc_model.pth
[2025-11-18 13:43:24][INFO][Rank 0] - Also saved as general best model at /projects/retprogression/rgarridogarcia/checkpoints/cropped1024_cropped_centered_allR_3/best_model.pth
[2025-11-18 13:43:28][INFO][Rank 0] - Saved new best auc model with auc: 0.9755 at /projects/retprogression/rgarridogarcia/checkpoints/cropped1024_cropped_centered_allR_3/best_auc_model.pth
[2025-11-18 13:43:32][INFO][Rank 0] - Saved epoch checkpoint at /projects/retprogression/rgarridogarcia/checkpoints/cropped1024_cropped_centered_allR_3/epoch_4.pth
[2025-11-18 13:43:32][INFO][Rank 0] - Epoch 4 summary:
[2025-11-18 13:43:32][INFO][Rank 0] -  Train Loss: 0.2109, Train Acc: 0.9770, Train F1: 0.9881
[2025-11-18 13:43:32][INFO][Rank 0] -  Train Balanced Acc: 0.8295, Train AUC: 0.9606
[2025-11-18 13:43:32][INFO][Rank 0] -  Train Sensitivity: 0.9847, Train Specificity: 0.6742
[2025-11-18 13:43:32][INFO][Rank 0] -  Val Loss: 0.1362, Val Acc: 0.9761, Val F1: 0.9877
[2025-11-18 13:43:32][INFO][Rank 0] -  Val Balanced Acc: 0.8391, Val AUC: 0.9755
[2025-11-18 13:43:32][INFO][Rank 0] -  Val Sensitivity: 0.9838, Val Specificity: 0.6944
[2025-11-18 13:43:32][INFO][Rank 0] -  Total Epoch Time: 1596.02s
[2025-11-18 13:43:32][INFO][Rank 0] - Epoch 5/24
[2025-11-18 13:43:32][INFO][Rank 0] - ----------
[2025-11-18 13:43:32][INFO][Rank 0] - CUDA Memory [train][Step 0]: Device 0: Allocated: 3309.6 MB, Reserved: 117540.0 MB (Δ: +1687.0 MB)
[2025-11-18 13:43:32][INFO][Rank 0] - train phase: total 1948 batches
[2025-11-18 13:43:32][INFO][Rank 0] - train Epoch 5/24: 0.0% (0/1948)
[2025-11-18 13:43:39][INFO][Rank 0] - train Epoch 5/24: 0.5% (10/1948)
[2025-11-18 13:43:46][INFO][Rank 0] - train Epoch 5/24: 1.0% (20/1948)
[2025-11-18 13:43:53][INFO][Rank 0] - train Epoch 5/24: 1.5% (30/1948)
[2025-11-18 13:44:01][INFO][Rank 0] - train Epoch 5/24: 2.1% (40/1948)
[2025-11-18 13:44:08][INFO][Rank 0] - train Epoch 5/24: 2.6% (50/1948)
[2025-11-18 13:44:15][INFO][Rank 0] - train Epoch 5/24: 3.1% (60/1948)
[2025-11-18 13:44:22][INFO][Rank 0] - train Epoch 5/24: 3.6% (70/1948)
[2025-11-18 13:44:29][INFO][Rank 0] - train Epoch 5/24: 4.1% (80/1948)
[2025-11-18 13:44:36][INFO][Rank 0] - train Epoch 5/24: 4.6% (90/1948)
[2025-11-18 13:44:37][INFO][Rank 0] - CUDA Memory [train][Step 90]: Device 0: Allocated: 3309.6 MB, Reserved: 117540.0 MB (Δ: +1687.0 MB)
[2025-11-18 13:44:43][INFO][Rank 0] - train Epoch 5/24: 5.1% (100/1948)
[2025-11-18 13:44:50][INFO][Rank 0] - train Epoch 5/24: 5.6% (110/1948)
[2025-11-18 13:44:57][INFO][Rank 0] - train Epoch 5/24: 6.2% (120/1948)
[2025-11-18 13:45:04][INFO][Rank 0] - train Epoch 5/24: 6.7% (130/1948)
[2025-11-18 13:45:11][INFO][Rank 0] - train Epoch 5/24: 7.2% (140/1948)
[2025-11-18 13:45:18][INFO][Rank 0] - train Epoch 5/24: 7.7% (150/1948)
[2025-11-18 13:45:25][INFO][Rank 0] - train Epoch 5/24: 8.2% (160/1948)
[2025-11-18 13:45:32][INFO][Rank 0] - train Epoch 5/24: 8.7% (170/1948)
[2025-11-18 13:45:39][INFO][Rank 0] - train Epoch 5/24: 9.2% (180/1948)
[2025-11-18 13:45:40][INFO][Rank 0] - CUDA Memory [train][Step 180]: Device 0: Allocated: 3309.6 MB, Reserved: 117540.0 MB (Δ: +1687.0 MB)
[2025-11-18 13:45:47][INFO][Rank 0] - train Epoch 5/24: 9.8% (190/1948)
[2025-11-18 13:45:54][INFO][Rank 0] - train Epoch 5/24: 10.3% (200/1948)
[2025-11-18 13:46:01][INFO][Rank 0] - train Epoch 5/24: 10.8% (210/1948)
[2025-11-18 13:46:08][INFO][Rank 0] - train Epoch 5/24: 11.3% (220/1948)
[2025-11-18 13:46:15][INFO][Rank 0] - train Epoch 5/24: 11.8% (230/1948)
[2025-11-18 13:46:22][INFO][Rank 0] - train Epoch 5/24: 12.3% (240/1948)
[2025-11-18 13:46:29][INFO][Rank 0] - train Epoch 5/24: 12.8% (250/1948)
[2025-11-18 13:46:36][INFO][Rank 0] - train Epoch 5/24: 13.3% (260/1948)
[2025-11-18 13:46:43][INFO][Rank 0] - train Epoch 5/24: 13.9% (270/1948)
[2025-11-18 13:46:44][INFO][Rank 0] - CUDA Memory [train][Step 270]: Device 0: Allocated: 3309.6 MB, Reserved: 117540.0 MB (Δ: +1687.0 MB)
[2025-11-18 13:46:50][INFO][Rank 0] - train Epoch 5/24: 14.4% (280/1948)
[2025-11-18 13:46:57][INFO][Rank 0] - train Epoch 5/24: 14.9% (290/1948)
[2025-11-18 13:47:04][INFO][Rank 0] - train Epoch 5/24: 15.4% (300/1948)
[2025-11-18 13:47:11][INFO][Rank 0] - train Epoch 5/24: 15.9% (310/1948)
[2025-11-18 13:47:18][INFO][Rank 0] - train Epoch 5/24: 16.4% (320/1948)
[2025-11-18 13:47:25][INFO][Rank 0] - train Epoch 5/24: 16.9% (330/1948)
[2025-11-18 13:47:33][INFO][Rank 0] - train Epoch 5/24: 17.5% (340/1948)
[2025-11-18 13:47:40][INFO][Rank 0] - train Epoch 5/24: 18.0% (350/1948)
[2025-11-18 13:47:47][INFO][Rank 0] - train Epoch 5/24: 18.5% (360/1948)
[2025-11-18 13:47:47][INFO][Rank 0] - CUDA Memory [train][Step 360]: Device 0: Allocated: 3309.6 MB, Reserved: 117540.0 MB (Δ: +1687.0 MB)
[2025-11-18 13:47:54][INFO][Rank 0] - train Epoch 5/24: 19.0% (370/1948)
[2025-11-18 13:48:01][INFO][Rank 0] - train Epoch 5/24: 19.5% (380/1948)
[2025-11-18 13:48:08][INFO][Rank 0] - train Epoch 5/24: 20.0% (390/1948)
[2025-11-18 13:48:15][INFO][Rank 0] - train Epoch 5/24: 20.5% (400/1948)
[2025-11-18 13:48:22][INFO][Rank 0] - train Epoch 5/24: 21.0% (410/1948)
[2025-11-18 13:48:29][INFO][Rank 0] - train Epoch 5/24: 21.6% (420/1948)
[2025-11-18 13:48:36][INFO][Rank 0] - train Epoch 5/24: 22.1% (430/1948)
[2025-11-18 13:48:43][INFO][Rank 0] - train Epoch 5/24: 22.6% (440/1948)
[2025-11-18 13:48:50][INFO][Rank 0] - train Epoch 5/24: 23.1% (450/1948)
[2025-11-18 13:48:51][INFO][Rank 0] - CUDA Memory [train][Step 450]: Device 0: Allocated: 3309.6 MB, Reserved: 117540.0 MB (Δ: +1687.0 MB)
[2025-11-18 13:48:57][INFO][Rank 0] - train Epoch 5/24: 23.6% (460/1948)
[2025-11-18 13:49:04][INFO][Rank 0] - train Epoch 5/24: 24.1% (470/1948)
[2025-11-18 13:49:11][INFO][Rank 0] - train Epoch 5/24: 24.6% (480/1948)
[2025-11-18 13:49:19][INFO][Rank 0] - train Epoch 5/24: 25.2% (490/1948)
[2025-11-18 13:49:26][INFO][Rank 0] - train Epoch 5/24: 25.7% (500/1948)
[2025-11-18 13:49:33][INFO][Rank 0] - train Epoch 5/24: 26.2% (510/1948)
[2025-11-18 13:49:40][INFO][Rank 0] - train Epoch 5/24: 26.7% (520/1948)
[2025-11-18 13:49:47][INFO][Rank 0] - train Epoch 5/24: 27.2% (530/1948)
[2025-11-18 13:49:54][INFO][Rank 0] - train Epoch 5/24: 27.7% (540/1948)
[2025-11-18 13:49:55][INFO][Rank 0] - CUDA Memory [train][Step 540]: Device 0: Allocated: 3309.6 MB, Reserved: 117540.0 MB (Δ: +1687.0 MB)
[2025-11-18 13:50:01][INFO][Rank 0] - train Epoch 5/24: 28.2% (550/1948)
[2025-11-18 13:50:08][INFO][Rank 0] - train Epoch 5/24: 28.7% (560/1948)
[2025-11-18 13:50:15][INFO][Rank 0] - train Epoch 5/24: 29.3% (570/1948)
[2025-11-18 13:50:22][INFO][Rank 0] - train Epoch 5/24: 29.8% (580/1948)
[2025-11-18 13:50:29][INFO][Rank 0] - train Epoch 5/24: 30.3% (590/1948)
[2025-11-18 13:50:36][INFO][Rank 0] - train Epoch 5/24: 30.8% (600/1948)
[2025-11-18 13:50:43][INFO][Rank 0] - train Epoch 5/24: 31.3% (610/1948)
[2025-11-18 13:50:50][INFO][Rank 0] - train Epoch 5/24: 31.8% (620/1948)
[2025-11-18 13:50:57][INFO][Rank 0] - train Epoch 5/24: 32.3% (630/1948)
[2025-11-18 13:50:58][INFO][Rank 0] - CUDA Memory [train][Step 630]: Device 0: Allocated: 3309.6 MB, Reserved: 117540.0 MB (Δ: +1687.0 MB)
[2025-11-18 13:51:04][INFO][Rank 0] - train Epoch 5/24: 32.9% (640/1948)
[2025-11-18 13:51:12][INFO][Rank 0] - train Epoch 5/24: 33.4% (650/1948)
[2025-11-18 13:51:19][INFO][Rank 0] - train Epoch 5/24: 33.9% (660/1948)
[2025-11-18 13:51:26][INFO][Rank 0] - train Epoch 5/24: 34.4% (670/1948)
[2025-11-18 13:51:33][INFO][Rank 0] - train Epoch 5/24: 34.9% (680/1948)
[2025-11-18 13:51:40][INFO][Rank 0] - train Epoch 5/24: 35.4% (690/1948)
[2025-11-18 13:51:47][INFO][Rank 0] - train Epoch 5/24: 35.9% (700/1948)
[2025-11-18 13:51:54][INFO][Rank 0] - train Epoch 5/24: 36.4% (710/1948)
[2025-11-18 13:52:01][INFO][Rank 0] - train Epoch 5/24: 37.0% (720/1948)
[2025-11-18 13:52:02][INFO][Rank 0] - CUDA Memory [train][Step 720]: Device 0: Allocated: 3309.6 MB, Reserved: 117540.0 MB (Δ: +1687.0 MB)
[2025-11-18 13:52:08][INFO][Rank 0] - train Epoch 5/24: 37.5% (730/1948)
[2025-11-18 13:52:15][INFO][Rank 0] - train Epoch 5/24: 38.0% (740/1948)
[2025-11-18 13:52:22][INFO][Rank 0] - train Epoch 5/24: 38.5% (750/1948)
[2025-11-18 13:52:29][INFO][Rank 0] - train Epoch 5/24: 39.0% (760/1948)
[2025-11-18 13:52:36][INFO][Rank 0] - train Epoch 5/24: 39.5% (770/1948)
[2025-11-18 13:52:43][INFO][Rank 0] - train Epoch 5/24: 40.0% (780/1948)
[2025-11-18 13:52:50][INFO][Rank 0] - train Epoch 5/24: 40.6% (790/1948)
[2025-11-18 13:52:58][INFO][Rank 0] - train Epoch 5/24: 41.1% (800/1948)
[2025-11-18 13:53:05][INFO][Rank 0] - train Epoch 5/24: 41.6% (810/1948)
[2025-11-18 13:53:05][INFO][Rank 0] - CUDA Memory [train][Step 810]: Device 0: Allocated: 3309.6 MB, Reserved: 117540.0 MB (Δ: +1687.0 MB)
[2025-11-18 13:53:12][INFO][Rank 0] - train Epoch 5/24: 42.1% (820/1948)
[2025-11-18 13:53:19][INFO][Rank 0] - train Epoch 5/24: 42.6% (830/1948)
[2025-11-18 13:53:26][INFO][Rank 0] - train Epoch 5/24: 43.1% (840/1948)
[2025-11-18 13:53:33][INFO][Rank 0] - train Epoch 5/24: 43.6% (850/1948)
[2025-11-18 13:53:40][INFO][Rank 0] - train Epoch 5/24: 44.1% (860/1948)
[2025-11-18 13:53:47][INFO][Rank 0] - train Epoch 5/24: 44.7% (870/1948)
[2025-11-18 13:53:54][INFO][Rank 0] - train Epoch 5/24: 45.2% (880/1948)
[2025-11-18 13:54:01][INFO][Rank 0] - train Epoch 5/24: 45.7% (890/1948)
[2025-11-18 13:54:08][INFO][Rank 0] - train Epoch 5/24: 46.2% (900/1948)
[2025-11-18 13:54:09][INFO][Rank 0] - CUDA Memory [train][Step 900]: Device 0: Allocated: 3309.6 MB, Reserved: 117540.0 MB (Δ: +1687.0 MB)
[2025-11-18 13:54:15][INFO][Rank 0] - train Epoch 5/24: 46.7% (910/1948)
[2025-11-18 13:54:22][INFO][Rank 0] - train Epoch 5/24: 47.2% (920/1948)
[2025-11-18 13:54:29][INFO][Rank 0] - train Epoch 5/24: 47.7% (930/1948)
[2025-11-18 13:54:36][INFO][Rank 0] - train Epoch 5/24: 48.3% (940/1948)
[2025-11-18 13:54:44][INFO][Rank 0] - train Epoch 5/24: 48.8% (950/1948)
[2025-11-18 13:54:51][INFO][Rank 0] - train Epoch 5/24: 49.3% (960/1948)
[2025-11-18 13:54:58][INFO][Rank 0] - train Epoch 5/24: 49.8% (970/1948)
[2025-11-18 13:55:05][INFO][Rank 0] - train Epoch 5/24: 50.3% (980/1948)
[2025-11-18 13:55:12][INFO][Rank 0] - train Epoch 5/24: 50.8% (990/1948)
[2025-11-18 13:55:12][INFO][Rank 0] - CUDA Memory [train][Step 990]: Device 0: Allocated: 3309.6 MB, Reserved: 117540.0 MB (Δ: +1687.0 MB)
[2025-11-18 13:55:19][INFO][Rank 0] - train Epoch 5/24: 51.3% (1000/1948)
[2025-11-18 13:55:26][INFO][Rank 0] - train Epoch 5/24: 51.8% (1010/1948)
[2025-11-18 13:55:33][INFO][Rank 0] - train Epoch 5/24: 52.4% (1020/1948)
[2025-11-18 13:55:40][INFO][Rank 0] - train Epoch 5/24: 52.9% (1030/1948)
[2025-11-18 13:55:47][INFO][Rank 0] - train Epoch 5/24: 53.4% (1040/1948)
[2025-11-18 13:55:54][INFO][Rank 0] - train Epoch 5/24: 53.9% (1050/1948)
[2025-11-18 13:56:01][INFO][Rank 0] - train Epoch 5/24: 54.4% (1060/1948)
[2025-11-18 13:56:08][INFO][Rank 0] - train Epoch 5/24: 54.9% (1070/1948)
[2025-11-18 13:56:15][INFO][Rank 0] - train Epoch 5/24: 55.4% (1080/1948)
[2025-11-18 13:56:16][INFO][Rank 0] - CUDA Memory [train][Step 1080]: Device 0: Allocated: 3309.6 MB, Reserved: 117540.0 MB (Δ: +1687.0 MB)
[2025-11-18 13:56:22][INFO][Rank 0] - train Epoch 5/24: 56.0% (1090/1948)
[2025-11-18 13:56:29][INFO][Rank 0] - train Epoch 5/24: 56.5% (1100/1948)
[2025-11-18 13:56:37][INFO][Rank 0] - train Epoch 5/24: 57.0% (1110/1948)
[2025-11-18 13:56:44][INFO][Rank 0] - train Epoch 5/24: 57.5% (1120/1948)
[2025-11-18 13:56:51][INFO][Rank 0] - train Epoch 5/24: 58.0% (1130/1948)
[2025-11-18 13:56:58][INFO][Rank 0] - train Epoch 5/24: 58.5% (1140/1948)
[2025-11-18 13:57:05][INFO][Rank 0] - train Epoch 5/24: 59.0% (1150/1948)
[2025-11-18 13:57:12][INFO][Rank 0] - train Epoch 5/24: 59.5% (1160/1948)
[2025-11-18 13:57:19][INFO][Rank 0] - train Epoch 5/24: 60.1% (1170/1948)
[2025-11-18 13:57:20][INFO][Rank 0] - CUDA Memory [train][Step 1170]: Device 0: Allocated: 3309.6 MB, Reserved: 117540.0 MB (Δ: +1687.0 MB)
[2025-11-18 13:57:26][INFO][Rank 0] - train Epoch 5/24: 60.6% (1180/1948)
[2025-11-18 13:57:33][INFO][Rank 0] - train Epoch 5/24: 61.1% (1190/1948)
[2025-11-18 13:57:40][INFO][Rank 0] - train Epoch 5/24: 61.6% (1200/1948)
[2025-11-18 13:57:47][INFO][Rank 0] - train Epoch 5/24: 62.1% (1210/1948)
[2025-11-18 13:57:54][INFO][Rank 0] - train Epoch 5/24: 62.6% (1220/1948)
[2025-11-18 13:58:01][INFO][Rank 0] - train Epoch 5/24: 63.1% (1230/1948)
[2025-11-18 13:58:08][INFO][Rank 0] - train Epoch 5/24: 63.7% (1240/1948)
[2025-11-18 13:58:15][INFO][Rank 0] - train Epoch 5/24: 64.2% (1250/1948)
[2025-11-18 13:58:23][INFO][Rank 0] - train Epoch 5/24: 64.7% (1260/1948)
[2025-11-18 13:58:23][INFO][Rank 0] - CUDA Memory [train][Step 1260]: Device 0: Allocated: 3309.6 MB, Reserved: 117540.0 MB (Δ: +1687.0 MB)
[2025-11-18 13:58:30][INFO][Rank 0] - train Epoch 5/24: 65.2% (1270/1948)
[2025-11-18 13:58:37][INFO][Rank 0] - train Epoch 5/24: 65.7% (1280/1948)
[2025-11-18 13:58:44][INFO][Rank 0] - train Epoch 5/24: 66.2% (1290/1948)
[2025-11-18 13:58:51][INFO][Rank 0] - train Epoch 5/24: 66.7% (1300/1948)
[2025-11-18 13:58:58][INFO][Rank 0] - train Epoch 5/24: 67.2% (1310/1948)
[2025-11-18 13:59:05][INFO][Rank 0] - train Epoch 5/24: 67.8% (1320/1948)
[2025-11-18 13:59:12][INFO][Rank 0] - train Epoch 5/24: 68.3% (1330/1948)
[2025-11-18 13:59:19][INFO][Rank 0] - train Epoch 5/24: 68.8% (1340/1948)
[2025-11-18 13:59:26][INFO][Rank 0] - train Epoch 5/24: 69.3% (1350/1948)
[2025-11-18 13:59:27][INFO][Rank 0] - CUDA Memory [train][Step 1350]: Device 0: Allocated: 3309.6 MB, Reserved: 117540.0 MB (Δ: +1687.0 MB)
[2025-11-18 13:59:33][INFO][Rank 0] - train Epoch 5/24: 69.8% (1360/1948)
[2025-11-18 13:59:40][INFO][Rank 0] - train Epoch 5/24: 70.3% (1370/1948)
[2025-11-18 13:59:47][INFO][Rank 0] - train Epoch 5/24: 70.8% (1380/1948)
[2025-11-18 13:59:54][INFO][Rank 0] - train Epoch 5/24: 71.4% (1390/1948)
[2025-11-18 14:00:01][INFO][Rank 0] - train Epoch 5/24: 71.9% (1400/1948)
[2025-11-18 14:00:08][INFO][Rank 0] - train Epoch 5/24: 72.4% (1410/1948)
[2025-11-18 14:00:16][INFO][Rank 0] - train Epoch 5/24: 72.9% (1420/1948)
[2025-11-18 14:00:23][INFO][Rank 0] - train Epoch 5/24: 73.4% (1430/1948)
[2025-11-18 14:00:30][INFO][Rank 0] - train Epoch 5/24: 73.9% (1440/1948)
[2025-11-18 14:00:30][INFO][Rank 0] - CUDA Memory [train][Step 1440]: Device 0: Allocated: 3309.6 MB, Reserved: 117540.0 MB (Δ: +1687.0 MB)
[2025-11-18 14:00:37][INFO][Rank 0] - train Epoch 5/24: 74.4% (1450/1948)
[2025-11-18 14:00:44][INFO][Rank 0] - train Epoch 5/24: 74.9% (1460/1948)
[2025-11-18 14:00:51][INFO][Rank 0] - train Epoch 5/24: 75.5% (1470/1948)
[2025-11-18 14:00:58][INFO][Rank 0] - train Epoch 5/24: 76.0% (1480/1948)
[2025-11-18 14:01:05][INFO][Rank 0] - train Epoch 5/24: 76.5% (1490/1948)
[2025-11-18 14:01:12][INFO][Rank 0] - train Epoch 5/24: 77.0% (1500/1948)
[2025-11-18 14:01:19][INFO][Rank 0] - train Epoch 5/24: 77.5% (1510/1948)
[2025-11-18 14:01:26][INFO][Rank 0] - train Epoch 5/24: 78.0% (1520/1948)
[2025-11-18 14:01:33][INFO][Rank 0] - train Epoch 5/24: 78.5% (1530/1948)
[2025-11-18 14:01:34][INFO][Rank 0] - CUDA Memory [train][Step 1530]: Device 0: Allocated: 3309.6 MB, Reserved: 117540.0 MB (Δ: +1687.0 MB)
[2025-11-18 14:01:40][INFO][Rank 0] - train Epoch 5/24: 79.1% (1540/1948)
[2025-11-18 14:01:47][INFO][Rank 0] - train Epoch 5/24: 79.6% (1550/1948)
[2025-11-18 14:01:54][INFO][Rank 0] - train Epoch 5/24: 80.1% (1560/1948)
[2025-11-18 14:02:02][INFO][Rank 0] - train Epoch 5/24: 80.6% (1570/1948)
[2025-11-18 14:02:09][INFO][Rank 0] - train Epoch 5/24: 81.1% (1580/1948)
[2025-11-18 14:02:16][INFO][Rank 0] - train Epoch 5/24: 81.6% (1590/1948)
[2025-11-18 14:02:23][INFO][Rank 0] - train Epoch 5/24: 82.1% (1600/1948)
[2025-11-18 14:02:30][INFO][Rank 0] - train Epoch 5/24: 82.6% (1610/1948)
[2025-11-18 14:02:37][INFO][Rank 0] - train Epoch 5/24: 83.2% (1620/1948)
[2025-11-18 14:02:38][INFO][Rank 0] - CUDA Memory [train][Step 1620]: Device 0: Allocated: 3309.6 MB, Reserved: 117540.0 MB (Δ: +1687.0 MB)
[2025-11-18 14:02:44][INFO][Rank 0] - train Epoch 5/24: 83.7% (1630/1948)
[2025-11-18 14:02:51][INFO][Rank 0] - train Epoch 5/24: 84.2% (1640/1948)
[2025-11-18 14:02:58][INFO][Rank 0] - train Epoch 5/24: 84.7% (1650/1948)
[2025-11-18 14:03:05][INFO][Rank 0] - train Epoch 5/24: 85.2% (1660/1948)
[2025-11-18 14:03:12][INFO][Rank 0] - train Epoch 5/24: 85.7% (1670/1948)
[2025-11-18 14:03:19][INFO][Rank 0] - train Epoch 5/24: 86.2% (1680/1948)
[2025-11-18 14:03:26][INFO][Rank 0] - train Epoch 5/24: 86.8% (1690/1948)
[2025-11-18 14:03:33][INFO][Rank 0] - train Epoch 5/24: 87.3% (1700/1948)
[2025-11-18 14:03:40][INFO][Rank 0] - train Epoch 5/24: 87.8% (1710/1948)
[2025-11-18 14:03:41][INFO][Rank 0] - CUDA Memory [train][Step 1710]: Device 0: Allocated: 3309.6 MB, Reserved: 117540.0 MB (Δ: +1687.0 MB)
[2025-11-18 14:03:47][INFO][Rank 0] - train Epoch 5/24: 88.3% (1720/1948)
[2025-11-18 14:03:55][INFO][Rank 0] - train Epoch 5/24: 88.8% (1730/1948)
[2025-11-18 14:04:02][INFO][Rank 0] - train Epoch 5/24: 89.3% (1740/1948)
[2025-11-18 14:04:09][INFO][Rank 0] - train Epoch 5/24: 89.8% (1750/1948)
[2025-11-18 14:04:16][INFO][Rank 0] - train Epoch 5/24: 90.3% (1760/1948)
[2025-11-18 14:04:23][INFO][Rank 0] - train Epoch 5/24: 90.9% (1770/1948)
[2025-11-18 14:04:30][INFO][Rank 0] - train Epoch 5/24: 91.4% (1780/1948)
[2025-11-18 14:04:37][INFO][Rank 0] - train Epoch 5/24: 91.9% (1790/1948)
[2025-11-18 14:04:44][INFO][Rank 0] - train Epoch 5/24: 92.4% (1800/1948)
[2025-11-18 14:04:45][INFO][Rank 0] - CUDA Memory [train][Step 1800]: Device 0: Allocated: 3309.6 MB, Reserved: 117540.0 MB (Δ: +1687.0 MB)
[2025-11-18 14:04:51][INFO][Rank 0] - train Epoch 5/24: 92.9% (1810/1948)
[2025-11-18 14:04:58][INFO][Rank 0] - train Epoch 5/24: 93.4% (1820/1948)
[2025-11-18 14:05:05][INFO][Rank 0] - train Epoch 5/24: 93.9% (1830/1948)
[2025-11-18 14:05:12][INFO][Rank 0] - train Epoch 5/24: 94.5% (1840/1948)
[2025-11-18 14:05:19][INFO][Rank 0] - train Epoch 5/24: 95.0% (1850/1948)
[2025-11-18 14:05:26][INFO][Rank 0] - train Epoch 5/24: 95.5% (1860/1948)
[2025-11-18 14:05:33][INFO][Rank 0] - train Epoch 5/24: 96.0% (1870/1948)
[2025-11-18 14:05:41][INFO][Rank 0] - train Epoch 5/24: 96.5% (1880/1948)
[2025-11-18 14:05:48][INFO][Rank 0] - train Epoch 5/24: 97.0% (1890/1948)
[2025-11-18 14:05:48][INFO][Rank 0] - CUDA Memory [train][Step 1890]: Device 0: Allocated: 3309.6 MB, Reserved: 117540.0 MB (Δ: +1687.0 MB)
[2025-11-18 14:05:55][INFO][Rank 0] - train Epoch 5/24: 97.5% (1900/1948)
[2025-11-18 14:06:02][INFO][Rank 0] - train Epoch 5/24: 98.0% (1910/1948)
[2025-11-18 14:06:09][INFO][Rank 0] - train Epoch 5/24: 98.6% (1920/1948)
[2025-11-18 14:06:16][INFO][Rank 0] - train Epoch 5/24: 99.1% (1930/1948)
[2025-11-18 14:06:23][INFO][Rank 0] - train Epoch 5/24: 99.6% (1940/1948)
[2025-11-18 14:06:28][INFO][Rank 0] - train Epoch 5/24: 99.9% (1947/1948)
[2025-11-18 14:06:29][INFO][Rank 0] - train Loss: 0.1908 Acc: 0.9759 F1: 0.9876
[2025-11-18 14:06:29][INFO][Rank 0] - train Balanced Acc: 0.8489 AUC-ROC: 0.9622
[2025-11-18 14:06:29][INFO][Rank 0] - train Sensitivity: 0.9826 Specificity: 0.7152
[2025-11-18 14:06:29][INFO][Rank 0] - train Confusion Matrix: TP=18662, FP=139, FN=330, TN=349
[2025-11-18 14:06:29][INFO][Rank 0] - train completed in 1376.60s
[2025-11-18 14:06:29][INFO][Rank 0] - Data loading time: 1.04s, Forward time: 280.15s, Backward time: 746.19s
[2025-11-18 14:06:29][INFO][Rank 0] - train cache: 0/1 items, hit rate: 0.00%
[2025-11-18 14:06:29][INFO][Rank 0] - CUDA Memory [val][Step 0]: Device 0: Allocated: 3309.6 MB, Reserved: 117540.0 MB (Δ: +1687.0 MB)
[2025-11-18 14:06:29][INFO][Rank 0] - val phase: total 406 batches
[2025-11-18 14:06:29][INFO][Rank 0] - val Epoch 5/24: 0.0% (0/406)
[2025-11-18 14:06:34][INFO][Rank 0] - val Epoch 5/24: 2.5% (10/406)
[2025-11-18 14:06:39][INFO][Rank 0] - val Epoch 5/24: 4.9% (20/406)
[2025-11-18 14:06:44][INFO][Rank 0] - val Epoch 5/24: 7.4% (30/406)
[2025-11-18 14:06:49][INFO][Rank 0] - val Epoch 5/24: 9.9% (40/406)
[2025-11-18 14:06:53][INFO][Rank 0] - val Epoch 5/24: 12.3% (50/406)
[2025-11-18 14:06:58][INFO][Rank 0] - val Epoch 5/24: 14.8% (60/406)
[2025-11-18 14:07:03][INFO][Rank 0] - val Epoch 5/24: 17.2% (70/406)
[2025-11-18 14:07:08][INFO][Rank 0] - val Epoch 5/24: 19.7% (80/406)
[2025-11-18 14:07:13][INFO][Rank 0] - val Epoch 5/24: 22.2% (90/406)
[2025-11-18 14:07:18][INFO][Rank 0] - val Epoch 5/24: 24.6% (100/406)
[2025-11-18 14:07:23][INFO][Rank 0] - val Epoch 5/24: 27.1% (110/406)
[2025-11-18 14:07:28][INFO][Rank 0] - val Epoch 5/24: 29.6% (120/406)
[2025-11-18 14:07:29][INFO][Rank 0] - CUDA Memory [val][Step 120]: Device 0: Allocated: 3309.6 MB, Reserved: 117540.0 MB (Δ: +1687.0 MB)
[2025-11-18 14:07:33][INFO][Rank 0] - val Epoch 5/24: 32.0% (130/406)
[2025-11-18 14:07:38][INFO][Rank 0] - val Epoch 5/24: 34.5% (140/406)
[2025-11-18 14:07:43][INFO][Rank 0] - val Epoch 5/24: 36.9% (150/406)
[2025-11-18 14:07:48][INFO][Rank 0] - val Epoch 5/24: 39.4% (160/406)
[2025-11-18 14:07:53][INFO][Rank 0] - val Epoch 5/24: 41.9% (170/406)
[2025-11-18 14:07:58][INFO][Rank 0] - val Epoch 5/24: 44.3% (180/406)
[2025-11-18 14:08:03][INFO][Rank 0] - val Epoch 5/24: 46.8% (190/406)
[2025-11-18 14:08:08][INFO][Rank 0] - val Epoch 5/24: 49.3% (200/406)
[2025-11-18 14:08:13][INFO][Rank 0] - val Epoch 5/24: 51.7% (210/406)
[2025-11-18 14:08:18][INFO][Rank 0] - val Epoch 5/24: 54.2% (220/406)
[2025-11-18 14:08:23][INFO][Rank 0] - val Epoch 5/24: 56.7% (230/406)
[2025-11-18 14:08:28][INFO][Rank 0] - val Epoch 5/24: 59.1% (240/406)
[2025-11-18 14:08:33][INFO][Rank 0] - val Epoch 5/24: 61.6% (250/406)
[2025-11-18 14:08:38][INFO][Rank 0] - val Epoch 5/24: 64.0% (260/406)
[2025-11-18 14:08:43][INFO][Rank 0] - val Epoch 5/24: 66.5% (270/406)
[2025-11-18 14:08:43][INFO][Rank 0] - CUDA Memory [val][Step 270]: Device 0: Allocated: 3309.6 MB, Reserved: 117540.0 MB (Δ: +1687.0 MB)
[2025-11-18 14:08:48][INFO][Rank 0] - val Epoch 5/24: 69.0% (280/406)
[2025-11-18 14:08:53][INFO][Rank 0] - val Epoch 5/24: 71.4% (290/406)
[2025-11-18 14:08:58][INFO][Rank 0] - val Epoch 5/24: 73.9% (300/406)
[2025-11-18 14:09:02][INFO][Rank 0] - val Epoch 5/24: 76.4% (310/406)
[2025-11-18 14:09:07][INFO][Rank 0] - val Epoch 5/24: 78.8% (320/406)
[2025-11-18 14:09:12][INFO][Rank 0] - val Epoch 5/24: 81.3% (330/406)
[2025-11-18 14:09:17][INFO][Rank 0] - val Epoch 5/24: 83.7% (340/406)
[2025-11-18 14:09:22][INFO][Rank 0] - val Epoch 5/24: 86.2% (350/406)
[2025-11-18 14:09:27][INFO][Rank 0] - val Epoch 5/24: 88.7% (360/406)
[2025-11-18 14:09:32][INFO][Rank 0] - val Epoch 5/24: 91.1% (370/406)
[2025-11-18 14:09:37][INFO][Rank 0] - val Epoch 5/24: 93.6% (380/406)
[2025-11-18 14:09:42][INFO][Rank 0] - val Epoch 5/24: 96.1% (390/406)
[2025-11-18 14:09:47][INFO][Rank 0] - val Epoch 5/24: 98.5% (400/406)
[2025-11-18 14:09:50][INFO][Rank 0] - val Epoch 5/24: 99.8% (405/406)
[2025-11-18 14:09:50][INFO][Rank 0] - val Loss: 0.1281 Acc: 0.9736 F1: 0.9864
[2025-11-18 14:09:50][INFO][Rank 0] - val Balanced Acc: 0.8829 AUC-ROC: 0.9767
[2025-11-18 14:09:50][INFO][Rank 0] - val Sensitivity: 0.9787 Specificity: 0.7870
[2025-11-18 14:09:50][INFO][Rank 0] - val Confusion Matrix: TP=3868, FP=23, FN=84, TN=85
[2025-11-18 14:09:50][INFO][Rank 0] - val completed in 201.55s
[2025-11-18 14:09:50][INFO][Rank 0] - val cache: 0/1 items, hit rate: 0.00%
[2025-11-18 14:09:54][INFO][Rank 0] - Saved new best balanced_acc model with balanced_acc: 0.8829 at /projects/retprogression/rgarridogarcia/checkpoints/cropped1024_cropped_centered_allR_3/best_balanced_acc_model.pth
[2025-11-18 14:10:00][INFO][Rank 0] - Also saved as general best model at /projects/retprogression/rgarridogarcia/checkpoints/cropped1024_cropped_centered_allR_3/best_model.pth
[2025-11-18 14:10:04][INFO][Rank 0] - Saved new best auc model with auc: 0.9767 at /projects/retprogression/rgarridogarcia/checkpoints/cropped1024_cropped_centered_allR_3/best_auc_model.pth
[2025-11-18 14:10:08][INFO][Rank 0] - Saved epoch checkpoint at /projects/retprogression/rgarridogarcia/checkpoints/cropped1024_cropped_centered_allR_3/epoch_5.pth
[2025-11-18 14:10:08][INFO][Rank 0] - Epoch 5 summary:
[2025-11-18 14:10:08][INFO][Rank 0] -  Train Loss: 0.1908, Train Acc: 0.9759, Train F1: 0.9876
[2025-11-18 14:10:08][INFO][Rank 0] -  Train Balanced Acc: 0.8489, Train AUC: 0.9622
[2025-11-18 14:10:08][INFO][Rank 0] -  Train Sensitivity: 0.9826, Train Specificity: 0.7152
[2025-11-18 14:10:08][INFO][Rank 0] -  Val Loss: 0.1281, Val Acc: 0.9736, Val F1: 0.9864
[2025-11-18 14:10:08][INFO][Rank 0] -  Val Balanced Acc: 0.8829, Val AUC: 0.9767
[2025-11-18 14:10:08][INFO][Rank 0] -  Val Sensitivity: 0.9787, Val Specificity: 0.7870
[2025-11-18 14:10:08][INFO][Rank 0] -  Total Epoch Time: 1596.51s
[2025-11-18 14:10:08][INFO][Rank 0] - Epoch 6/24
[2025-11-18 14:10:08][INFO][Rank 0] - ----------
[2025-11-18 14:10:08][INFO][Rank 0] - CUDA Memory [train][Step 0]: Device 0: Allocated: 3309.6 MB, Reserved: 117540.0 MB (Δ: +1687.0 MB)
[2025-11-18 14:10:08][INFO][Rank 0] - train phase: total 1948 batches
[2025-11-18 14:10:09][INFO][Rank 0] - train Epoch 6/24: 0.0% (0/1948)
[2025-11-18 14:10:16][INFO][Rank 0] - train Epoch 6/24: 0.5% (10/1948)
[2025-11-18 14:10:23][INFO][Rank 0] - train Epoch 6/24: 1.0% (20/1948)
[2025-11-18 14:10:30][INFO][Rank 0] - train Epoch 6/24: 1.5% (30/1948)
[2025-11-18 14:10:37][INFO][Rank 0] - train Epoch 6/24: 2.1% (40/1948)
[2025-11-18 14:10:44][INFO][Rank 0] - train Epoch 6/24: 2.6% (50/1948)
[2025-11-18 14:10:51][INFO][Rank 0] - train Epoch 6/24: 3.1% (60/1948)
[2025-11-18 14:10:58][INFO][Rank 0] - train Epoch 6/24: 3.6% (70/1948)
[2025-11-18 14:11:05][INFO][Rank 0] - train Epoch 6/24: 4.1% (80/1948)
[2025-11-18 14:11:12][INFO][Rank 0] - train Epoch 6/24: 4.6% (90/1948)
[2025-11-18 14:11:13][INFO][Rank 0] - CUDA Memory [train][Step 90]: Device 0: Allocated: 3309.6 MB, Reserved: 117540.0 MB (Δ: +1687.0 MB)
[2025-11-18 14:11:19][INFO][Rank 0] - train Epoch 6/24: 5.1% (100/1948)
[2025-11-18 14:11:27][INFO][Rank 0] - train Epoch 6/24: 5.6% (110/1948)
[2025-11-18 14:11:34][INFO][Rank 0] - train Epoch 6/24: 6.2% (120/1948)
[2025-11-18 14:11:41][INFO][Rank 0] - train Epoch 6/24: 6.7% (130/1948)
[2025-11-18 14:11:48][INFO][Rank 0] - train Epoch 6/24: 7.2% (140/1948)
[2025-11-18 14:11:55][INFO][Rank 0] - train Epoch 6/24: 7.7% (150/1948)
[2025-11-18 14:12:02][INFO][Rank 0] - train Epoch 6/24: 8.2% (160/1948)
[2025-11-18 14:12:09][INFO][Rank 0] - train Epoch 6/24: 8.7% (170/1948)
[2025-11-18 14:12:16][INFO][Rank 0] - train Epoch 6/24: 9.2% (180/1948)
[2025-11-18 14:12:17][INFO][Rank 0] - CUDA Memory [train][Step 180]: Device 0: Allocated: 3309.6 MB, Reserved: 117540.0 MB (Δ: +1687.0 MB)
[2025-11-18 14:12:23][INFO][Rank 0] - train Epoch 6/24: 9.8% (190/1948)
[2025-11-18 14:12:30][INFO][Rank 0] - train Epoch 6/24: 10.3% (200/1948)
[2025-11-18 14:12:37][INFO][Rank 0] - train Epoch 6/24: 10.8% (210/1948)
[2025-11-18 14:12:44][INFO][Rank 0] - train Epoch 6/24: 11.3% (220/1948)
[2025-11-18 14:12:51][INFO][Rank 0] - train Epoch 6/24: 11.8% (230/1948)
[2025-11-18 14:12:58][INFO][Rank 0] - train Epoch 6/24: 12.3% (240/1948)
[2025-11-18 14:13:05][INFO][Rank 0] - train Epoch 6/24: 12.8% (250/1948)
[2025-11-18 14:13:12][INFO][Rank 0] - train Epoch 6/24: 13.3% (260/1948)
[2025-11-18 14:13:19][INFO][Rank 0] - train Epoch 6/24: 13.9% (270/1948)
[2025-11-18 14:13:20][INFO][Rank 0] - CUDA Memory [train][Step 270]: Device 0: Allocated: 3309.6 MB, Reserved: 117540.0 MB (Δ: +1687.0 MB)
[2025-11-18 14:13:27][INFO][Rank 0] - train Epoch 6/24: 14.4% (280/1948)
[2025-11-18 14:13:34][INFO][Rank 0] - train Epoch 6/24: 14.9% (290/1948)
[2025-11-18 14:13:41][INFO][Rank 0] - train Epoch 6/24: 15.4% (300/1948)
[2025-11-18 14:13:48][INFO][Rank 0] - train Epoch 6/24: 15.9% (310/1948)
[2025-11-18 14:13:55][INFO][Rank 0] - train Epoch 6/24: 16.4% (320/1948)
[2025-11-18 14:14:02][INFO][Rank 0] - train Epoch 6/24: 16.9% (330/1948)
[2025-11-18 14:14:09][INFO][Rank 0] - train Epoch 6/24: 17.5% (340/1948)
[2025-11-18 14:14:16][INFO][Rank 0] - train Epoch 6/24: 18.0% (350/1948)
[2025-11-18 14:14:23][INFO][Rank 0] - train Epoch 6/24: 18.5% (360/1948)
[2025-11-18 14:14:24][INFO][Rank 0] - CUDA Memory [train][Step 360]: Device 0: Allocated: 3309.6 MB, Reserved: 117540.0 MB (Δ: +1687.0 MB)
[2025-11-18 14:14:30][INFO][Rank 0] - train Epoch 6/24: 19.0% (370/1948)
[2025-11-18 14:14:37][INFO][Rank 0] - train Epoch 6/24: 19.5% (380/1948)
[2025-11-18 14:14:44][INFO][Rank 0] - train Epoch 6/24: 20.0% (390/1948)
[2025-11-18 14:14:51][INFO][Rank 0] - train Epoch 6/24: 20.5% (400/1948)
[2025-11-18 14:14:58][INFO][Rank 0] - train Epoch 6/24: 21.0% (410/1948)
[2025-11-18 14:15:05][INFO][Rank 0] - train Epoch 6/24: 21.6% (420/1948)
[2025-11-18 14:15:12][INFO][Rank 0] - train Epoch 6/24: 22.1% (430/1948)
[2025-11-18 14:15:20][INFO][Rank 0] - train Epoch 6/24: 22.6% (440/1948)
[2025-11-18 14:15:27][INFO][Rank 0] - train Epoch 6/24: 23.1% (450/1948)
[2025-11-18 14:15:27][INFO][Rank 0] - CUDA Memory [train][Step 450]: Device 0: Allocated: 3309.6 MB, Reserved: 117540.0 MB (Δ: +1687.0 MB)
[2025-11-18 14:15:34][INFO][Rank 0] - train Epoch 6/24: 23.6% (460/1948)
[2025-11-18 14:15:41][INFO][Rank 0] - train Epoch 6/24: 24.1% (470/1948)
[2025-11-18 14:15:48][INFO][Rank 0] - train Epoch 6/24: 24.6% (480/1948)
[2025-11-18 14:15:55][INFO][Rank 0] - train Epoch 6/24: 25.2% (490/1948)
[2025-11-18 14:16:02][INFO][Rank 0] - train Epoch 6/24: 25.7% (500/1948)
[2025-11-18 14:16:09][INFO][Rank 0] - train Epoch 6/24: 26.2% (510/1948)
[2025-11-18 14:16:16][INFO][Rank 0] - train Epoch 6/24: 26.7% (520/1948)
[2025-11-18 14:16:23][INFO][Rank 0] - train Epoch 6/24: 27.2% (530/1948)
[2025-11-18 14:16:30][INFO][Rank 0] - train Epoch 6/24: 27.7% (540/1948)
[2025-11-18 14:16:31][INFO][Rank 0] - CUDA Memory [train][Step 540]: Device 0: Allocated: 3309.6 MB, Reserved: 117540.0 MB (Δ: +1687.0 MB)
[2025-11-18 14:16:37][INFO][Rank 0] - train Epoch 6/24: 28.2% (550/1948)
[2025-11-18 14:16:44][INFO][Rank 0] - train Epoch 6/24: 28.7% (560/1948)
[2025-11-18 14:16:51][INFO][Rank 0] - train Epoch 6/24: 29.3% (570/1948)
[2025-11-18 14:16:58][INFO][Rank 0] - train Epoch 6/24: 29.8% (580/1948)
[2025-11-18 14:17:05][INFO][Rank 0] - train Epoch 6/24: 30.3% (590/1948)
[2025-11-18 14:17:12][INFO][Rank 0] - train Epoch 6/24: 30.8% (600/1948)
[2025-11-18 14:17:20][INFO][Rank 0] - train Epoch 6/24: 31.3% (610/1948)
[2025-11-18 14:17:27][INFO][Rank 0] - train Epoch 6/24: 31.8% (620/1948)
[2025-11-18 14:17:34][INFO][Rank 0] - train Epoch 6/24: 32.3% (630/1948)
[2025-11-18 14:17:34][INFO][Rank 0] - CUDA Memory [train][Step 630]: Device 0: Allocated: 3309.6 MB, Reserved: 117540.0 MB (Δ: +1687.0 MB)
[2025-11-18 14:17:41][INFO][Rank 0] - train Epoch 6/24: 32.9% (640/1948)
[2025-11-18 14:17:48][INFO][Rank 0] - train Epoch 6/24: 33.4% (650/1948)
[2025-11-18 14:17:55][INFO][Rank 0] - train Epoch 6/24: 33.9% (660/1948)
[2025-11-18 14:18:02][INFO][Rank 0] - train Epoch 6/24: 34.4% (670/1948)
[2025-11-18 14:18:09][INFO][Rank 0] - train Epoch 6/24: 34.9% (680/1948)
[2025-11-18 14:18:16][INFO][Rank 0] - train Epoch 6/24: 35.4% (690/1948)
[2025-11-18 14:18:23][INFO][Rank 0] - train Epoch 6/24: 35.9% (700/1948)
[2025-11-18 14:18:30][INFO][Rank 0] - train Epoch 6/24: 36.4% (710/1948)
[2025-11-18 14:18:37][INFO][Rank 0] - train Epoch 6/24: 37.0% (720/1948)
[2025-11-18 14:18:38][INFO][Rank 0] - CUDA Memory [train][Step 720]: Device 0: Allocated: 3309.6 MB, Reserved: 117540.0 MB (Δ: +1687.0 MB)
[2025-11-18 14:18:44][INFO][Rank 0] - train Epoch 6/24: 37.5% (730/1948)
[2025-11-18 14:18:51][INFO][Rank 0] - train Epoch 6/24: 38.0% (740/1948)
[2025-11-18 14:18:58][INFO][Rank 0] - train Epoch 6/24: 38.5% (750/1948)
[2025-11-18 14:19:05][INFO][Rank 0] - train Epoch 6/24: 39.0% (760/1948)
[2025-11-18 14:19:12][INFO][Rank 0] - train Epoch 6/24: 39.5% (770/1948)
[2025-11-18 14:19:20][INFO][Rank 0] - train Epoch 6/24: 40.0% (780/1948)
[2025-11-18 14:19:27][INFO][Rank 0] - train Epoch 6/24: 40.6% (790/1948)
[2025-11-18 14:19:34][INFO][Rank 0] - train Epoch 6/24: 41.1% (800/1948)
[2025-11-18 14:19:41][INFO][Rank 0] - train Epoch 6/24: 41.6% (810/1948)
[2025-11-18 14:19:41][INFO][Rank 0] - CUDA Memory [train][Step 810]: Device 0: Allocated: 3309.6 MB, Reserved: 117540.0 MB (Δ: +1687.0 MB)
[2025-11-18 14:19:48][INFO][Rank 0] - train Epoch 6/24: 42.1% (820/1948)
[2025-11-18 14:19:55][INFO][Rank 0] - train Epoch 6/24: 42.6% (830/1948)
[2025-11-18 14:20:02][INFO][Rank 0] - train Epoch 6/24: 43.1% (840/1948)
[2025-11-18 14:20:09][INFO][Rank 0] - train Epoch 6/24: 43.6% (850/1948)
[2025-11-18 14:20:16][INFO][Rank 0] - train Epoch 6/24: 44.1% (860/1948)
[2025-11-18 14:20:23][INFO][Rank 0] - train Epoch 6/24: 44.7% (870/1948)
[2025-11-18 14:20:30][INFO][Rank 0] - train Epoch 6/24: 45.2% (880/1948)
[2025-11-18 14:20:37][INFO][Rank 0] - train Epoch 6/24: 45.7% (890/1948)
[2025-11-18 14:20:44][INFO][Rank 0] - train Epoch 6/24: 46.2% (900/1948)
[2025-11-18 14:20:45][INFO][Rank 0] - CUDA Memory [train][Step 900]: Device 0: Allocated: 3309.6 MB, Reserved: 117540.0 MB (Δ: +1687.0 MB)
[2025-11-18 14:20:51][INFO][Rank 0] - train Epoch 6/24: 46.7% (910/1948)
[2025-11-18 14:20:58][INFO][Rank 0] - train Epoch 6/24: 47.2% (920/1948)
[2025-11-18 14:21:05][INFO][Rank 0] - train Epoch 6/24: 47.7% (930/1948)
[2025-11-18 14:21:13][INFO][Rank 0] - train Epoch 6/24: 48.3% (940/1948)
[2025-11-18 14:21:20][INFO][Rank 0] - train Epoch 6/24: 48.8% (950/1948)
[2025-11-18 14:21:27][INFO][Rank 0] - train Epoch 6/24: 49.3% (960/1948)
[2025-11-18 14:21:34][INFO][Rank 0] - train Epoch 6/24: 49.8% (970/1948)
[2025-11-18 14:21:41][INFO][Rank 0] - train Epoch 6/24: 50.3% (980/1948)
[2025-11-18 14:21:48][INFO][Rank 0] - train Epoch 6/24: 50.8% (990/1948)
[2025-11-18 14:21:49][INFO][Rank 0] - CUDA Memory [train][Step 990]: Device 0: Allocated: 3309.6 MB, Reserved: 117540.0 MB (Δ: +1687.0 MB)
[2025-11-18 14:21:55][INFO][Rank 0] - train Epoch 6/24: 51.3% (1000/1948)
[2025-11-18 14:22:02][INFO][Rank 0] - train Epoch 6/24: 51.8% (1010/1948)
[2025-11-18 14:22:09][INFO][Rank 0] - train Epoch 6/24: 52.4% (1020/1948)
[2025-11-18 14:22:16][INFO][Rank 0] - train Epoch 6/24: 52.9% (1030/1948)
[2025-11-18 14:22:23][INFO][Rank 0] - train Epoch 6/24: 53.4% (1040/1948)
[2025-11-18 14:22:30][INFO][Rank 0] - train Epoch 6/24: 53.9% (1050/1948)
[2025-11-18 14:22:37][INFO][Rank 0] - train Epoch 6/24: 54.4% (1060/1948)
[2025-11-18 14:22:44][INFO][Rank 0] - train Epoch 6/24: 54.9% (1070/1948)
[2025-11-18 14:22:51][INFO][Rank 0] - train Epoch 6/24: 55.4% (1080/1948)
[2025-11-18 14:22:52][INFO][Rank 0] - CUDA Memory [train][Step 1080]: Device 0: Allocated: 3309.6 MB, Reserved: 117540.0 MB (Δ: +1687.0 MB)
[2025-11-18 14:22:58][INFO][Rank 0] - train Epoch 6/24: 56.0% (1090/1948)
[2025-11-18 14:23:05][INFO][Rank 0] - train Epoch 6/24: 56.5% (1100/1948)
[2025-11-18 14:23:13][INFO][Rank 0] - train Epoch 6/24: 57.0% (1110/1948)
[2025-11-18 14:23:20][INFO][Rank 0] - train Epoch 6/24: 57.5% (1120/1948)
[2025-11-18 14:23:27][INFO][Rank 0] - train Epoch 6/24: 58.0% (1130/1948)
[2025-11-18 14:23:34][INFO][Rank 0] - train Epoch 6/24: 58.5% (1140/1948)
[2025-11-18 14:23:41][INFO][Rank 0] - train Epoch 6/24: 59.0% (1150/1948)
[2025-11-18 14:23:48][INFO][Rank 0] - train Epoch 6/24: 59.5% (1160/1948)
[2025-11-18 14:23:55][INFO][Rank 0] - train Epoch 6/24: 60.1% (1170/1948)
[2025-11-18 14:23:56][INFO][Rank 0] - CUDA Memory [train][Step 1170]: Device 0: Allocated: 3309.6 MB, Reserved: 117540.0 MB (Δ: +1687.0 MB)
[2025-11-18 14:24:02][INFO][Rank 0] - train Epoch 6/24: 60.6% (1180/1948)
[2025-11-18 14:24:09][INFO][Rank 0] - train Epoch 6/24: 61.1% (1190/1948)
[2025-11-18 14:24:16][INFO][Rank 0] - train Epoch 6/24: 61.6% (1200/1948)
[2025-11-18 14:24:23][INFO][Rank 0] - train Epoch 6/24: 62.1% (1210/1948)
[2025-11-18 14:24:30][INFO][Rank 0] - train Epoch 6/24: 62.6% (1220/1948)
[2025-11-18 14:24:37][INFO][Rank 0] - train Epoch 6/24: 63.1% (1230/1948)
[2025-11-18 14:24:44][INFO][Rank 0] - train Epoch 6/24: 63.7% (1240/1948)
[2025-11-18 14:24:51][INFO][Rank 0] - train Epoch 6/24: 64.2% (1250/1948)
[2025-11-18 14:24:58][INFO][Rank 0] - train Epoch 6/24: 64.7% (1260/1948)
[2025-11-18 14:24:59][INFO][Rank 0] - CUDA Memory [train][Step 1260]: Device 0: Allocated: 3309.6 MB, Reserved: 117540.0 MB (Δ: +1687.0 MB)
[2025-11-18 14:25:05][INFO][Rank 0] - train Epoch 6/24: 65.2% (1270/1948)
[2025-11-18 14:25:13][INFO][Rank 0] - train Epoch 6/24: 65.7% (1280/1948)
[2025-11-18 14:25:20][INFO][Rank 0] - train Epoch 6/24: 66.2% (1290/1948)
[2025-11-18 14:25:27][INFO][Rank 0] - train Epoch 6/24: 66.7% (1300/1948)
[2025-11-18 14:25:34][INFO][Rank 0] - train Epoch 6/24: 67.2% (1310/1948)
[2025-11-18 14:25:41][INFO][Rank 0] - train Epoch 6/24: 67.8% (1320/1948)
[2025-11-18 14:25:48][INFO][Rank 0] - train Epoch 6/24: 68.3% (1330/1948)
[2025-11-18 14:25:55][INFO][Rank 0] - train Epoch 6/24: 68.8% (1340/1948)
[2025-11-18 14:26:02][INFO][Rank 0] - train Epoch 6/24: 69.3% (1350/1948)
[2025-11-18 14:26:03][INFO][Rank 0] - CUDA Memory [train][Step 1350]: Device 0: Allocated: 3309.6 MB, Reserved: 117540.0 MB (Δ: +1687.0 MB)
[2025-11-18 14:26:09][INFO][Rank 0] - train Epoch 6/24: 69.8% (1360/1948)
[2025-11-18 14:26:16][INFO][Rank 0] - train Epoch 6/24: 70.3% (1370/1948)
[2025-11-18 14:26:23][INFO][Rank 0] - train Epoch 6/24: 70.8% (1380/1948)
[2025-11-18 14:26:30][INFO][Rank 0] - train Epoch 6/24: 71.4% (1390/1948)
[2025-11-18 14:26:37][INFO][Rank 0] - train Epoch 6/24: 71.9% (1400/1948)
[2025-11-18 14:26:44][INFO][Rank 0] - train Epoch 6/24: 72.4% (1410/1948)
[2025-11-18 14:26:51][INFO][Rank 0] - train Epoch 6/24: 72.9% (1420/1948)
[2025-11-18 14:26:58][INFO][Rank 0] - train Epoch 6/24: 73.4% (1430/1948)
[2025-11-18 14:27:05][INFO][Rank 0] - train Epoch 6/24: 73.9% (1440/1948)
[2025-11-18 14:27:06][INFO][Rank 0] - CUDA Memory [train][Step 1440]: Device 0: Allocated: 3309.6 MB, Reserved: 117540.0 MB (Δ: +1687.0 MB)
[2025-11-18 14:27:13][INFO][Rank 0] - train Epoch 6/24: 74.4% (1450/1948)
[2025-11-18 14:27:20][INFO][Rank 0] - train Epoch 6/24: 74.9% (1460/1948)
[2025-11-18 14:27:27][INFO][Rank 0] - train Epoch 6/24: 75.5% (1470/1948)
[2025-11-18 14:27:34][INFO][Rank 0] - train Epoch 6/24: 76.0% (1480/1948)
[2025-11-18 14:27:41][INFO][Rank 0] - train Epoch 6/24: 76.5% (1490/1948)
[2025-11-18 14:27:48][INFO][Rank 0] - train Epoch 6/24: 77.0% (1500/1948)
[2025-11-18 14:27:55][INFO][Rank 0] - train Epoch 6/24: 77.5% (1510/1948)
[2025-11-18 14:28:02][INFO][Rank 0] - train Epoch 6/24: 78.0% (1520/1948)
[2025-11-18 14:28:09][INFO][Rank 0] - train Epoch 6/24: 78.5% (1530/1948)
[2025-11-18 14:28:10][INFO][Rank 0] - CUDA Memory [train][Step 1530]: Device 0: Allocated: 3309.6 MB, Reserved: 117540.0 MB (Δ: +1687.0 MB)
[2025-11-18 14:28:16][INFO][Rank 0] - train Epoch 6/24: 79.1% (1540/1948)
[2025-11-18 14:28:23][INFO][Rank 0] - train Epoch 6/24: 79.6% (1550/1948)
[2025-11-18 14:28:30][INFO][Rank 0] - train Epoch 6/24: 80.1% (1560/1948)
[2025-11-18 14:28:37][INFO][Rank 0] - train Epoch 6/24: 80.6% (1570/1948)
[2025-11-18 14:28:44][INFO][Rank 0] - train Epoch 6/24: 81.1% (1580/1948)
[2025-11-18 14:28:51][INFO][Rank 0] - train Epoch 6/24: 81.6% (1590/1948)
[2025-11-18 14:28:58][INFO][Rank 0] - train Epoch 6/24: 82.1% (1600/1948)
[2025-11-18 14:29:05][INFO][Rank 0] - train Epoch 6/24: 82.6% (1610/1948)
[2025-11-18 14:29:13][INFO][Rank 0] - train Epoch 6/24: 83.2% (1620/1948)
[2025-11-18 14:29:13][INFO][Rank 0] - CUDA Memory [train][Step 1620]: Device 0: Allocated: 3309.6 MB, Reserved: 117540.0 MB (Δ: +1687.0 MB)
[2025-11-18 14:29:20][INFO][Rank 0] - train Epoch 6/24: 83.7% (1630/1948)
[2025-11-18 14:29:27][INFO][Rank 0] - train Epoch 6/24: 84.2% (1640/1948)
[2025-11-18 14:29:34][INFO][Rank 0] - train Epoch 6/24: 84.7% (1650/1948)
[2025-11-18 14:29:41][INFO][Rank 0] - train Epoch 6/24: 85.2% (1660/1948)
[2025-11-18 14:29:48][INFO][Rank 0] - train Epoch 6/24: 85.7% (1670/1948)
[2025-11-18 14:29:55][INFO][Rank 0] - train Epoch 6/24: 86.2% (1680/1948)
[2025-11-18 14:30:02][INFO][Rank 0] - train Epoch 6/24: 86.8% (1690/1948)
[2025-11-18 14:30:09][INFO][Rank 0] - train Epoch 6/24: 87.3% (1700/1948)
[2025-11-18 14:30:16][INFO][Rank 0] - train Epoch 6/24: 87.8% (1710/1948)
[2025-11-18 14:30:17][INFO][Rank 0] - CUDA Memory [train][Step 1710]: Device 0: Allocated: 3309.6 MB, Reserved: 117540.0 MB (Δ: +1687.0 MB)
[2025-11-18 14:30:23][INFO][Rank 0] - train Epoch 6/24: 88.3% (1720/1948)
[2025-11-18 14:30:30][INFO][Rank 0] - train Epoch 6/24: 88.8% (1730/1948)
[2025-11-18 14:30:37][INFO][Rank 0] - train Epoch 6/24: 89.3% (1740/1948)
[2025-11-18 14:30:44][INFO][Rank 0] - train Epoch 6/24: 89.8% (1750/1948)
[2025-11-18 14:30:51][INFO][Rank 0] - train Epoch 6/24: 90.3% (1760/1948)
[2025-11-18 14:30:58][INFO][Rank 0] - train Epoch 6/24: 90.9% (1770/1948)
[2025-11-18 14:31:06][INFO][Rank 0] - train Epoch 6/24: 91.4% (1780/1948)
[2025-11-18 14:31:13][INFO][Rank 0] - train Epoch 6/24: 91.9% (1790/1948)
[2025-11-18 14:31:20][INFO][Rank 0] - train Epoch 6/24: 92.4% (1800/1948)
[2025-11-18 14:31:20][INFO][Rank 0] - CUDA Memory [train][Step 1800]: Device 0: Allocated: 3309.6 MB, Reserved: 117540.0 MB (Δ: +1687.0 MB)
[2025-11-18 14:31:27][INFO][Rank 0] - train Epoch 6/24: 92.9% (1810/1948)
[2025-11-18 14:31:34][INFO][Rank 0] - train Epoch 6/24: 93.4% (1820/1948)
[2025-11-18 14:31:41][INFO][Rank 0] - train Epoch 6/24: 93.9% (1830/1948)
[2025-11-18 14:31:48][INFO][Rank 0] - train Epoch 6/24: 94.5% (1840/1948)
[2025-11-18 14:31:55][INFO][Rank 0] - train Epoch 6/24: 95.0% (1850/1948)
[2025-11-18 14:32:02][INFO][Rank 0] - train Epoch 6/24: 95.5% (1860/1948)
[2025-11-18 14:32:09][INFO][Rank 0] - train Epoch 6/24: 96.0% (1870/1948)
[2025-11-18 14:32:16][INFO][Rank 0] - train Epoch 6/24: 96.5% (1880/1948)
[2025-11-18 14:32:23][INFO][Rank 0] - train Epoch 6/24: 97.0% (1890/1948)
[2025-11-18 14:32:24][INFO][Rank 0] - CUDA Memory [train][Step 1890]: Device 0: Allocated: 3309.6 MB, Reserved: 117540.0 MB (Δ: +1687.0 MB)
[2025-11-18 14:32:30][INFO][Rank 0] - train Epoch 6/24: 97.5% (1900/1948)
[2025-11-18 14:32:37][INFO][Rank 0] - train Epoch 6/24: 98.0% (1910/1948)
[2025-11-18 14:32:44][INFO][Rank 0] - train Epoch 6/24: 98.6% (1920/1948)
[2025-11-18 14:32:51][INFO][Rank 0] - train Epoch 6/24: 99.1% (1930/1948)
[2025-11-18 14:32:58][INFO][Rank 0] - train Epoch 6/24: 99.6% (1940/1948)
[2025-11-18 14:33:03][INFO][Rank 0] - train Epoch 6/24: 99.9% (1947/1948)
[2025-11-18 14:33:04][INFO][Rank 0] - train Loss: 0.1742 Acc: 0.9735 F1: 0.9863
[2025-11-18 14:33:04][INFO][Rank 0] - train Balanced Acc: 0.8646 AUC-ROC: 0.9637
[2025-11-18 14:33:04][INFO][Rank 0] - train Sensitivity: 0.9793 Specificity: 0.7500
[2025-11-18 14:33:04][INFO][Rank 0] - train Confusion Matrix: TP=18598, FP=122, FN=394, TN=366
[2025-11-18 14:33:04][INFO][Rank 0] - train completed in 1375.65s
[2025-11-18 14:33:04][INFO][Rank 0] - Data loading time: 0.97s, Forward time: 279.82s, Backward time: 745.88s
[2025-11-18 14:33:04][INFO][Rank 0] - train cache: 0/1 items, hit rate: 0.00%
[2025-11-18 14:33:04][INFO][Rank 0] - CUDA Memory [val][Step 0]: Device 0: Allocated: 3309.6 MB, Reserved: 117540.0 MB (Δ: +1687.0 MB)
[2025-11-18 14:33:04][INFO][Rank 0] - val phase: total 406 batches
[2025-11-18 14:33:04][INFO][Rank 0] - val Epoch 6/24: 0.0% (0/406)
[2025-11-18 14:33:09][INFO][Rank 0] - val Epoch 6/24: 2.5% (10/406)
[2025-11-18 14:33:14][INFO][Rank 0] - val Epoch 6/24: 4.9% (20/406)
[2025-11-18 14:33:19][INFO][Rank 0] - val Epoch 6/24: 7.4% (30/406)
[2025-11-18 14:33:24][INFO][Rank 0] - val Epoch 6/24: 9.9% (40/406)
[2025-11-18 14:33:29][INFO][Rank 0] - val Epoch 6/24: 12.3% (50/406)
[2025-11-18 14:33:34][INFO][Rank 0] - val Epoch 6/24: 14.8% (60/406)
[2025-11-18 14:33:39][INFO][Rank 0] - val Epoch 6/24: 17.2% (70/406)
[2025-11-18 14:33:44][INFO][Rank 0] - val Epoch 6/24: 19.7% (80/406)
[2025-11-18 14:33:49][INFO][Rank 0] - val Epoch 6/24: 22.2% (90/406)
[2025-11-18 14:33:54][INFO][Rank 0] - val Epoch 6/24: 24.6% (100/406)
[2025-11-18 14:33:59][INFO][Rank 0] - val Epoch 6/24: 27.1% (110/406)
[2025-11-18 14:34:04][INFO][Rank 0] - val Epoch 6/24: 29.6% (120/406)
[2025-11-18 14:34:05][INFO][Rank 0] - CUDA Memory [val][Step 120]: Device 0: Allocated: 3309.6 MB, Reserved: 117540.0 MB (Δ: +1687.0 MB)
[2025-11-18 14:34:09][INFO][Rank 0] - val Epoch 6/24: 32.0% (130/406)
[2025-11-18 14:34:14][INFO][Rank 0] - val Epoch 6/24: 34.5% (140/406)
[2025-11-18 14:34:19][INFO][Rank 0] - val Epoch 6/24: 36.9% (150/406)
[2025-11-18 14:34:24][INFO][Rank 0] - val Epoch 6/24: 39.4% (160/406)
[2025-11-18 14:34:29][INFO][Rank 0] - val Epoch 6/24: 41.9% (170/406)
[2025-11-18 14:34:34][INFO][Rank 0] - val Epoch 6/24: 44.3% (180/406)
[2025-11-18 14:34:39][INFO][Rank 0] - val Epoch 6/24: 46.8% (190/406)
[2025-11-18 14:34:44][INFO][Rank 0] - val Epoch 6/24: 49.3% (200/406)
[2025-11-18 14:34:49][INFO][Rank 0] - val Epoch 6/24: 51.7% (210/406)
[2025-11-18 14:34:54][INFO][Rank 0] - val Epoch 6/24: 54.2% (220/406)
[2025-11-18 14:34:59][INFO][Rank 0] - val Epoch 6/24: 56.7% (230/406)
[2025-11-18 14:35:04][INFO][Rank 0] - val Epoch 6/24: 59.1% (240/406)
[2025-11-18 14:35:09][INFO][Rank 0] - val Epoch 6/24: 61.6% (250/406)
[2025-11-18 14:35:14][INFO][Rank 0] - val Epoch 6/24: 64.0% (260/406)
[2025-11-18 14:35:19][INFO][Rank 0] - val Epoch 6/24: 66.5% (270/406)
[2025-11-18 14:35:19][INFO][Rank 0] - CUDA Memory [val][Step 270]: Device 0: Allocated: 3309.6 MB, Reserved: 117540.0 MB (Δ: +1687.0 MB)
[2025-11-18 14:35:24][INFO][Rank 0] - val Epoch 6/24: 69.0% (280/406)
[2025-11-18 14:35:29][INFO][Rank 0] - val Epoch 6/24: 71.4% (290/406)
[2025-11-18 14:35:34][INFO][Rank 0] - val Epoch 6/24: 73.9% (300/406)
[2025-11-18 14:35:39][INFO][Rank 0] - val Epoch 6/24: 76.4% (310/406)
[2025-11-18 14:35:43][INFO][Rank 0] - val Epoch 6/24: 78.8% (320/406)
[2025-11-18 14:35:48][INFO][Rank 0] - val Epoch 6/24: 81.3% (330/406)
[2025-11-18 14:35:53][INFO][Rank 0] - val Epoch 6/24: 83.7% (340/406)
[2025-11-18 14:35:58][INFO][Rank 0] - val Epoch 6/24: 86.2% (350/406)
[2025-11-18 14:36:03][INFO][Rank 0] - val Epoch 6/24: 88.7% (360/406)
[2025-11-18 14:36:08][INFO][Rank 0] - val Epoch 6/24: 91.1% (370/406)
[2025-11-18 14:36:13][INFO][Rank 0] - val Epoch 6/24: 93.6% (380/406)
[2025-11-18 14:36:18][INFO][Rank 0] - val Epoch 6/24: 96.1% (390/406)
[2025-11-18 14:36:23][INFO][Rank 0] - val Epoch 6/24: 98.5% (400/406)
[2025-11-18 14:36:26][INFO][Rank 0] - val Epoch 6/24: 99.8% (405/406)
[2025-11-18 14:36:26][INFO][Rank 0] - val Loss: 0.1213 Acc: 0.9732 F1: 0.9861
[2025-11-18 14:36:26][INFO][Rank 0] - val Balanced Acc: 0.9097 AUC-ROC: 0.9776
[2025-11-18 14:36:26][INFO][Rank 0] - val Sensitivity: 0.9767 Specificity: 0.8426
[2025-11-18 14:36:26][INFO][Rank 0] - val Confusion Matrix: TP=3860, FP=17, FN=92, TN=91
[2025-11-18 14:36:26][INFO][Rank 0] - val completed in 202.10s
[2025-11-18 14:36:26][INFO][Rank 0] - val cache: 0/1 items, hit rate: 0.00%
[2025-11-18 14:36:30][INFO][Rank 0] - Saved new best balanced_acc model with balanced_acc: 0.9097 at /projects/retprogression/rgarridogarcia/checkpoints/cropped1024_cropped_centered_allR_3/best_balanced_acc_model.pth
[2025-11-18 14:36:35][INFO][Rank 0] - Also saved as general best model at /projects/retprogression/rgarridogarcia/checkpoints/cropped1024_cropped_centered_allR_3/best_model.pth
[2025-11-18 14:36:39][INFO][Rank 0] - Saved new best auc model with auc: 0.9776 at /projects/retprogression/rgarridogarcia/checkpoints/cropped1024_cropped_centered_allR_3/best_auc_model.pth
[2025-11-18 14:36:43][INFO][Rank 0] - Saved epoch checkpoint at /projects/retprogression/rgarridogarcia/checkpoints/cropped1024_cropped_centered_allR_3/epoch_6.pth
[2025-11-18 14:36:43][INFO][Rank 0] - Epoch 6 summary:
[2025-11-18 14:36:43][INFO][Rank 0] -  Train Loss: 0.1742, Train Acc: 0.9735, Train F1: 0.9863
[2025-11-18 14:36:43][INFO][Rank 0] -  Train Balanced Acc: 0.8646, Train AUC: 0.9637
[2025-11-18 14:36:43][INFO][Rank 0] -  Train Sensitivity: 0.9793, Train Specificity: 0.7500
[2025-11-18 14:36:43][INFO][Rank 0] -  Val Loss: 0.1213, Val Acc: 0.9732, Val F1: 0.9861
[2025-11-18 14:36:43][INFO][Rank 0] -  Val Balanced Acc: 0.9097, Val AUC: 0.9776
[2025-11-18 14:36:43][INFO][Rank 0] -  Val Sensitivity: 0.9767, Val Specificity: 0.8426
[2025-11-18 14:36:43][INFO][Rank 0] -  Total Epoch Time: 1594.62s
[2025-11-18 14:36:43][INFO][Rank 0] - Epoch 7/24
[2025-11-18 14:36:43][INFO][Rank 0] - ----------
[2025-11-18 14:36:43][INFO][Rank 0] - CUDA Memory [train][Step 0]: Device 0: Allocated: 3309.6 MB, Reserved: 117540.0 MB (Δ: +1687.0 MB)
[2025-11-18 14:36:43][INFO][Rank 0] - train phase: total 1948 batches
[2025-11-18 14:36:43][INFO][Rank 0] - train Epoch 7/24: 0.0% (0/1948)
[2025-11-18 14:36:50][INFO][Rank 0] - train Epoch 7/24: 0.5% (10/1948)
[2025-11-18 14:36:57][INFO][Rank 0] - train Epoch 7/24: 1.0% (20/1948)
[2025-11-18 14:37:05][INFO][Rank 0] - train Epoch 7/24: 1.5% (30/1948)
[2025-11-18 14:37:12][INFO][Rank 0] - train Epoch 7/24: 2.1% (40/1948)
[2025-11-18 14:37:19][INFO][Rank 0] - train Epoch 7/24: 2.6% (50/1948)
[2025-11-18 14:37:26][INFO][Rank 0] - train Epoch 7/24: 3.1% (60/1948)
[2025-11-18 14:37:33][INFO][Rank 0] - train Epoch 7/24: 3.6% (70/1948)
[2025-11-18 14:37:40][INFO][Rank 0] - train Epoch 7/24: 4.1% (80/1948)
[2025-11-18 14:37:47][INFO][Rank 0] - train Epoch 7/24: 4.6% (90/1948)
[2025-11-18 14:37:48][INFO][Rank 0] - CUDA Memory [train][Step 90]: Device 0: Allocated: 3309.6 MB, Reserved: 117540.0 MB (Δ: +1687.0 MB)
[2025-11-18 14:37:54][INFO][Rank 0] - train Epoch 7/24: 5.1% (100/1948)
[2025-11-18 14:38:01][INFO][Rank 0] - train Epoch 7/24: 5.6% (110/1948)
[2025-11-18 14:38:08][INFO][Rank 0] - train Epoch 7/24: 6.2% (120/1948)
[2025-11-18 14:38:15][INFO][Rank 0] - train Epoch 7/24: 6.7% (130/1948)
[2025-11-18 14:38:22][INFO][Rank 0] - train Epoch 7/24: 7.2% (140/1948)
[2025-11-18 14:38:29][INFO][Rank 0] - train Epoch 7/24: 7.7% (150/1948)
[2025-11-18 14:38:36][INFO][Rank 0] - train Epoch 7/24: 8.2% (160/1948)
[2025-11-18 14:38:44][INFO][Rank 0] - train Epoch 7/24: 8.7% (170/1948)
[2025-11-18 14:38:51][INFO][Rank 0] - train Epoch 7/24: 9.2% (180/1948)
[2025-11-18 14:38:51][INFO][Rank 0] - CUDA Memory [train][Step 180]: Device 0: Allocated: 3309.6 MB, Reserved: 117540.0 MB (Δ: +1687.0 MB)
[2025-11-18 14:38:58][INFO][Rank 0] - train Epoch 7/24: 9.8% (190/1948)
[2025-11-18 14:39:05][INFO][Rank 0] - train Epoch 7/24: 10.3% (200/1948)
[2025-11-18 14:39:12][INFO][Rank 0] - train Epoch 7/24: 10.8% (210/1948)
[2025-11-18 14:39:19][INFO][Rank 0] - train Epoch 7/24: 11.3% (220/1948)
[2025-11-18 14:39:26][INFO][Rank 0] - train Epoch 7/24: 11.8% (230/1948)
[2025-11-18 14:39:33][INFO][Rank 0] - train Epoch 7/24: 12.3% (240/1948)
[2025-11-18 14:39:40][INFO][Rank 0] - train Epoch 7/24: 12.8% (250/1948)
[2025-11-18 14:39:47][INFO][Rank 0] - train Epoch 7/24: 13.3% (260/1948)
[2025-11-18 14:39:54][INFO][Rank 0] - train Epoch 7/24: 13.9% (270/1948)
[2025-11-18 14:39:55][INFO][Rank 0] - CUDA Memory [train][Step 270]: Device 0: Allocated: 3309.6 MB, Reserved: 117540.0 MB (Δ: +1687.0 MB)
[2025-11-18 14:40:01][INFO][Rank 0] - train Epoch 7/24: 14.4% (280/1948)
[2025-11-18 14:40:08][INFO][Rank 0] - train Epoch 7/24: 14.9% (290/1948)
[2025-11-18 14:40:15][INFO][Rank 0] - train Epoch 7/24: 15.4% (300/1948)
[2025-11-18 14:40:22][INFO][Rank 0] - train Epoch 7/24: 15.9% (310/1948)
[2025-11-18 14:40:30][INFO][Rank 0] - train Epoch 7/24: 16.4% (320/1948)
[2025-11-18 14:40:37][INFO][Rank 0] - train Epoch 7/24: 16.9% (330/1948)
[2025-11-18 14:40:44][INFO][Rank 0] - train Epoch 7/24: 17.5% (340/1948)
[2025-11-18 14:40:51][INFO][Rank 0] - train Epoch 7/24: 18.0% (350/1948)
[2025-11-18 14:40:58][INFO][Rank 0] - train Epoch 7/24: 18.5% (360/1948)
[2025-11-18 14:40:59][INFO][Rank 0] - CUDA Memory [train][Step 360]: Device 0: Allocated: 3309.6 MB, Reserved: 117540.0 MB (Δ: +1687.0 MB)
[2025-11-18 14:41:05][INFO][Rank 0] - train Epoch 7/24: 19.0% (370/1948)
[2025-11-18 14:41:12][INFO][Rank 0] - train Epoch 7/24: 19.5% (380/1948)
[2025-11-18 14:41:19][INFO][Rank 0] - train Epoch 7/24: 20.0% (390/1948)
[2025-11-18 14:41:26][INFO][Rank 0] - train Epoch 7/24: 20.5% (400/1948)
[2025-11-18 14:41:33][INFO][Rank 0] - train Epoch 7/24: 21.0% (410/1948)
[2025-11-18 14:41:40][INFO][Rank 0] - train Epoch 7/24: 21.6% (420/1948)
[2025-11-18 14:41:47][INFO][Rank 0] - train Epoch 7/24: 22.1% (430/1948)
[2025-11-18 14:41:54][INFO][Rank 0] - train Epoch 7/24: 22.6% (440/1948)
[2025-11-18 14:42:01][INFO][Rank 0] - train Epoch 7/24: 23.1% (450/1948)
[2025-11-18 14:42:02][INFO][Rank 0] - CUDA Memory [train][Step 450]: Device 0: Allocated: 3309.6 MB, Reserved: 117540.0 MB (Δ: +1687.0 MB)
[2025-11-18 14:42:08][INFO][Rank 0] - train Epoch 7/24: 23.6% (460/1948)
[2025-11-18 14:42:16][INFO][Rank 0] - train Epoch 7/24: 24.1% (470/1948)
[2025-11-18 14:42:23][INFO][Rank 0] - train Epoch 7/24: 24.6% (480/1948)
[2025-11-18 14:42:30][INFO][Rank 0] - train Epoch 7/24: 25.2% (490/1948)
[2025-11-18 14:42:37][INFO][Rank 0] - train Epoch 7/24: 25.7% (500/1948)
[2025-11-18 14:42:44][INFO][Rank 0] - train Epoch 7/24: 26.2% (510/1948)
[2025-11-18 14:42:51][INFO][Rank 0] - train Epoch 7/24: 26.7% (520/1948)
[2025-11-18 14:42:58][INFO][Rank 0] - train Epoch 7/24: 27.2% (530/1948)
[2025-11-18 14:43:05][INFO][Rank 0] - train Epoch 7/24: 27.7% (540/1948)
[2025-11-18 14:43:06][INFO][Rank 0] - CUDA Memory [train][Step 540]: Device 0: Allocated: 3309.6 MB, Reserved: 117540.0 MB (Δ: +1687.0 MB)
[2025-11-18 14:43:12][INFO][Rank 0] - train Epoch 7/24: 28.2% (550/1948)
[2025-11-18 14:43:19][INFO][Rank 0] - train Epoch 7/24: 28.7% (560/1948)
[2025-11-18 14:43:26][INFO][Rank 0] - train Epoch 7/24: 29.3% (570/1948)
[2025-11-18 14:43:33][INFO][Rank 0] - train Epoch 7/24: 29.8% (580/1948)
[2025-11-18 14:43:40][INFO][Rank 0] - train Epoch 7/24: 30.3% (590/1948)
[2025-11-18 14:43:47][INFO][Rank 0] - train Epoch 7/24: 30.8% (600/1948)
[2025-11-18 14:43:54][INFO][Rank 0] - train Epoch 7/24: 31.3% (610/1948)
[2025-11-18 14:44:02][INFO][Rank 0] - train Epoch 7/24: 31.8% (620/1948)
[2025-11-18 14:44:09][INFO][Rank 0] - train Epoch 7/24: 32.3% (630/1948)
[2025-11-18 14:44:09][INFO][Rank 0] - CUDA Memory [train][Step 630]: Device 0: Allocated: 3309.6 MB, Reserved: 117540.0 MB (Δ: +1687.0 MB)
[2025-11-18 14:44:16][INFO][Rank 0] - train Epoch 7/24: 32.9% (640/1948)
[2025-11-18 14:44:23][INFO][Rank 0] - train Epoch 7/24: 33.4% (650/1948)
[2025-11-18 14:44:30][INFO][Rank 0] - train Epoch 7/24: 33.9% (660/1948)
[2025-11-18 14:44:37][INFO][Rank 0] - train Epoch 7/24: 34.4% (670/1948)
[2025-11-18 14:44:44][INFO][Rank 0] - train Epoch 7/24: 34.9% (680/1948)
[2025-11-18 14:44:51][INFO][Rank 0] - train Epoch 7/24: 35.4% (690/1948)
[2025-11-18 14:44:58][INFO][Rank 0] - train Epoch 7/24: 35.9% (700/1948)
[2025-11-18 14:45:05][INFO][Rank 0] - train Epoch 7/24: 36.4% (710/1948)
[2025-11-18 14:45:12][INFO][Rank 0] - train Epoch 7/24: 37.0% (720/1948)
[2025-11-18 14:45:13][INFO][Rank 0] - CUDA Memory [train][Step 720]: Device 0: Allocated: 3309.6 MB, Reserved: 117540.0 MB (Δ: +1687.0 MB)
[2025-11-18 14:45:19][INFO][Rank 0] - train Epoch 7/24: 37.5% (730/1948)
[2025-11-18 14:45:26][INFO][Rank 0] - train Epoch 7/24: 38.0% (740/1948)
[2025-11-18 14:45:33][INFO][Rank 0] - train Epoch 7/24: 38.5% (750/1948)
[2025-11-18 14:45:40][INFO][Rank 0] - train Epoch 7/24: 39.0% (760/1948)
[2025-11-18 14:45:48][INFO][Rank 0] - train Epoch 7/24: 39.5% (770/1948)
[2025-11-18 14:45:55][INFO][Rank 0] - train Epoch 7/24: 40.0% (780/1948)
[2025-11-18 14:46:02][INFO][Rank 0] - train Epoch 7/24: 40.6% (790/1948)
[2025-11-18 14:46:09][INFO][Rank 0] - train Epoch 7/24: 41.1% (800/1948)
[2025-11-18 14:46:16][INFO][Rank 0] - train Epoch 7/24: 41.6% (810/1948)
[2025-11-18 14:46:16][INFO][Rank 0] - CUDA Memory [train][Step 810]: Device 0: Allocated: 3309.6 MB, Reserved: 117540.0 MB (Δ: +1687.0 MB)
[2025-11-18 14:46:23][INFO][Rank 0] - train Epoch 7/24: 42.1% (820/1948)
[2025-11-18 14:46:30][INFO][Rank 0] - train Epoch 7/24: 42.6% (830/1948)
[2025-11-18 14:46:37][INFO][Rank 0] - train Epoch 7/24: 43.1% (840/1948)
[2025-11-18 14:46:44][INFO][Rank 0] - train Epoch 7/24: 43.6% (850/1948)
[2025-11-18 14:46:51][INFO][Rank 0] - train Epoch 7/24: 44.1% (860/1948)
[2025-11-18 14:46:58][INFO][Rank 0] - train Epoch 7/24: 44.7% (870/1948)
[2025-11-18 14:47:05][INFO][Rank 0] - train Epoch 7/24: 45.2% (880/1948)
[2025-11-18 14:47:12][INFO][Rank 0] - train Epoch 7/24: 45.7% (890/1948)
[2025-11-18 14:47:19][INFO][Rank 0] - train Epoch 7/24: 46.2% (900/1948)
[2025-11-18 14:47:20][INFO][Rank 0] - CUDA Memory [train][Step 900]: Device 0: Allocated: 3309.6 MB, Reserved: 117540.0 MB (Δ: +1687.0 MB)
[2025-11-18 14:47:26][INFO][Rank 0] - train Epoch 7/24: 46.7% (910/1948)
[2025-11-18 14:47:33][INFO][Rank 0] - train Epoch 7/24: 47.2% (920/1948)
[2025-11-18 14:47:41][INFO][Rank 0] - train Epoch 7/24: 47.7% (930/1948)
[2025-11-18 14:47:48][INFO][Rank 0] - train Epoch 7/24: 48.3% (940/1948)
[2025-11-18 14:47:55][INFO][Rank 0] - train Epoch 7/24: 48.8% (950/1948)
[2025-11-18 14:48:02][INFO][Rank 0] - train Epoch 7/24: 49.3% (960/1948)
[2025-11-18 14:48:09][INFO][Rank 0] - train Epoch 7/24: 49.8% (970/1948)
[2025-11-18 14:48:16][INFO][Rank 0] - train Epoch 7/24: 50.3% (980/1948)
[2025-11-18 14:48:23][INFO][Rank 0] - train Epoch 7/24: 50.8% (990/1948)
[2025-11-18 14:48:24][INFO][Rank 0] - CUDA Memory [train][Step 990]: Device 0: Allocated: 3309.6 MB, Reserved: 117540.0 MB (Δ: +1687.0 MB)
[2025-11-18 14:48:30][INFO][Rank 0] - train Epoch 7/24: 51.3% (1000/1948)
[2025-11-18 14:48:37][INFO][Rank 0] - train Epoch 7/24: 51.8% (1010/1948)
[2025-11-18 14:48:44][INFO][Rank 0] - train Epoch 7/24: 52.4% (1020/1948)
[2025-11-18 14:48:51][INFO][Rank 0] - train Epoch 7/24: 52.9% (1030/1948)
[2025-11-18 14:48:58][INFO][Rank 0] - train Epoch 7/24: 53.4% (1040/1948)
[2025-11-18 14:49:05][INFO][Rank 0] - train Epoch 7/24: 53.9% (1050/1948)
[2025-11-18 14:49:12][INFO][Rank 0] - train Epoch 7/24: 54.4% (1060/1948)
[2025-11-18 14:49:19][INFO][Rank 0] - train Epoch 7/24: 54.9% (1070/1948)
[2025-11-18 14:49:27][INFO][Rank 0] - train Epoch 7/24: 55.4% (1080/1948)
[2025-11-18 14:49:27][INFO][Rank 0] - CUDA Memory [train][Step 1080]: Device 0: Allocated: 3309.6 MB, Reserved: 117540.0 MB (Δ: +1687.0 MB)
[2025-11-18 14:49:34][INFO][Rank 0] - train Epoch 7/24: 56.0% (1090/1948)
[2025-11-18 14:49:41][INFO][Rank 0] - train Epoch 7/24: 56.5% (1100/1948)
[2025-11-18 14:49:48][INFO][Rank 0] - train Epoch 7/24: 57.0% (1110/1948)
[2025-11-18 14:49:55][INFO][Rank 0] - train Epoch 7/24: 57.5% (1120/1948)
[2025-11-18 14:50:02][INFO][Rank 0] - train Epoch 7/24: 58.0% (1130/1948)
[2025-11-18 14:50:09][INFO][Rank 0] - train Epoch 7/24: 58.5% (1140/1948)
[2025-11-18 14:50:16][INFO][Rank 0] - train Epoch 7/24: 59.0% (1150/1948)
[2025-11-18 14:50:23][INFO][Rank 0] - train Epoch 7/24: 59.5% (1160/1948)
[2025-11-18 14:50:30][INFO][Rank 0] - train Epoch 7/24: 60.1% (1170/1948)
[2025-11-18 14:50:31][INFO][Rank 0] - CUDA Memory [train][Step 1170]: Device 0: Allocated: 3309.6 MB, Reserved: 117540.0 MB (Δ: +1687.0 MB)
[2025-11-18 14:50:37][INFO][Rank 0] - train Epoch 7/24: 60.6% (1180/1948)
[2025-11-18 14:50:44][INFO][Rank 0] - train Epoch 7/24: 61.1% (1190/1948)
[2025-11-18 14:50:51][INFO][Rank 0] - train Epoch 7/24: 61.6% (1200/1948)
[2025-11-18 14:50:58][INFO][Rank 0] - train Epoch 7/24: 62.1% (1210/1948)
[2025-11-18 14:51:06][INFO][Rank 0] - train Epoch 7/24: 62.6% (1220/1948)
[2025-11-18 14:51:13][INFO][Rank 0] - train Epoch 7/24: 63.1% (1230/1948)
[2025-11-18 14:51:20][INFO][Rank 0] - train Epoch 7/24: 63.7% (1240/1948)
[2025-11-18 14:51:27][INFO][Rank 0] - train Epoch 7/24: 64.2% (1250/1948)
[2025-11-18 14:51:34][INFO][Rank 0] - train Epoch 7/24: 64.7% (1260/1948)
[2025-11-18 14:51:34][INFO][Rank 0] - CUDA Memory [train][Step 1260]: Device 0: Allocated: 3309.6 MB, Reserved: 117540.0 MB (Δ: +1687.0 MB)
[2025-11-18 14:51:41][INFO][Rank 0] - train Epoch 7/24: 65.2% (1270/1948)
[2025-11-18 14:51:48][INFO][Rank 0] - train Epoch 7/24: 65.7% (1280/1948)
[2025-11-18 14:51:55][INFO][Rank 0] - train Epoch 7/24: 66.2% (1290/1948)
[2025-11-18 14:52:02][INFO][Rank 0] - train Epoch 7/24: 66.7% (1300/1948)
[2025-11-18 14:52:09][INFO][Rank 0] - train Epoch 7/24: 67.2% (1310/1948)
[2025-11-18 14:52:16][INFO][Rank 0] - train Epoch 7/24: 67.8% (1320/1948)
[2025-11-18 14:52:23][INFO][Rank 0] - train Epoch 7/24: 68.3% (1330/1948)
[2025-11-18 14:52:30][INFO][Rank 0] - train Epoch 7/24: 68.8% (1340/1948)
[2025-11-18 14:52:37][INFO][Rank 0] - train Epoch 7/24: 69.3% (1350/1948)
[2025-11-18 14:52:38][INFO][Rank 0] - CUDA Memory [train][Step 1350]: Device 0: Allocated: 3309.6 MB, Reserved: 117540.0 MB (Δ: +1687.0 MB)
[2025-11-18 14:52:44][INFO][Rank 0] - train Epoch 7/24: 69.8% (1360/1948)
[2025-11-18 14:52:52][INFO][Rank 0] - train Epoch 7/24: 70.3% (1370/1948)
[2025-11-18 14:52:59][INFO][Rank 0] - train Epoch 7/24: 70.8% (1380/1948)
[2025-11-18 14:53:06][INFO][Rank 0] - train Epoch 7/24: 71.4% (1390/1948)
[2025-11-18 14:53:13][INFO][Rank 0] - train Epoch 7/24: 71.9% (1400/1948)
[2025-11-18 14:53:20][INFO][Rank 0] - train Epoch 7/24: 72.4% (1410/1948)
[2025-11-18 14:53:27][INFO][Rank 0] - train Epoch 7/24: 72.9% (1420/1948)
[2025-11-18 14:53:34][INFO][Rank 0] - train Epoch 7/24: 73.4% (1430/1948)
[2025-11-18 14:53:41][INFO][Rank 0] - train Epoch 7/24: 73.9% (1440/1948)
[2025-11-18 14:53:42][INFO][Rank 0] - CUDA Memory [train][Step 1440]: Device 0: Allocated: 3309.6 MB, Reserved: 117540.0 MB (Δ: +1687.0 MB)
[2025-11-18 14:53:48][INFO][Rank 0] - train Epoch 7/24: 74.4% (1450/1948)
[2025-11-18 14:53:55][INFO][Rank 0] - train Epoch 7/24: 74.9% (1460/1948)
[2025-11-18 14:54:02][INFO][Rank 0] - train Epoch 7/24: 75.5% (1470/1948)
[2025-11-18 14:54:09][INFO][Rank 0] - train Epoch 7/24: 76.0% (1480/1948)
[2025-11-18 14:54:16][INFO][Rank 0] - train Epoch 7/24: 76.5% (1490/1948)
[2025-11-18 14:54:23][INFO][Rank 0] - train Epoch 7/24: 77.0% (1500/1948)
[2025-11-18 14:54:30][INFO][Rank 0] - train Epoch 7/24: 77.5% (1510/1948)
[2025-11-18 14:54:37][INFO][Rank 0] - train Epoch 7/24: 78.0% (1520/1948)
[2025-11-18 14:54:45][INFO][Rank 0] - train Epoch 7/24: 78.5% (1530/1948)
[2025-11-18 14:54:45][INFO][Rank 0] - CUDA Memory [train][Step 1530]: Device 0: Allocated: 3309.6 MB, Reserved: 117540.0 MB (Δ: +1687.0 MB)
[2025-11-18 14:54:52][INFO][Rank 0] - train Epoch 7/24: 79.1% (1540/1948)
[2025-11-18 14:54:59][INFO][Rank 0] - train Epoch 7/24: 79.6% (1550/1948)
[2025-11-18 14:55:06][INFO][Rank 0] - train Epoch 7/24: 80.1% (1560/1948)
[2025-11-18 14:55:13][INFO][Rank 0] - train Epoch 7/24: 80.6% (1570/1948)
[2025-11-18 14:55:20][INFO][Rank 0] - train Epoch 7/24: 81.1% (1580/1948)
[2025-11-18 14:55:27][INFO][Rank 0] - train Epoch 7/24: 81.6% (1590/1948)
[2025-11-18 14:55:34][INFO][Rank 0] - train Epoch 7/24: 82.1% (1600/1948)
[2025-11-18 14:55:41][INFO][Rank 0] - train Epoch 7/24: 82.6% (1610/1948)
[2025-11-18 14:55:48][INFO][Rank 0] - train Epoch 7/24: 83.2% (1620/1948)
[2025-11-18 14:55:49][INFO][Rank 0] - CUDA Memory [train][Step 1620]: Device 0: Allocated: 3309.6 MB, Reserved: 117540.0 MB (Δ: +1687.0 MB)
[2025-11-18 14:55:55][INFO][Rank 0] - train Epoch 7/24: 83.7% (1630/1948)
[2025-11-18 14:56:02][INFO][Rank 0] - train Epoch 7/24: 84.2% (1640/1948)
[2025-11-18 14:56:09][INFO][Rank 0] - train Epoch 7/24: 84.7% (1650/1948)
[2025-11-18 14:56:16][INFO][Rank 0] - train Epoch 7/24: 85.2% (1660/1948)
[2025-11-18 14:56:23][INFO][Rank 0] - train Epoch 7/24: 85.7% (1670/1948)
[2025-11-18 14:56:31][INFO][Rank 0] - train Epoch 7/24: 86.2% (1680/1948)
[2025-11-18 14:56:38][INFO][Rank 0] - train Epoch 7/24: 86.8% (1690/1948)
[2025-11-18 14:56:45][INFO][Rank 0] - train Epoch 7/24: 87.3% (1700/1948)
[2025-11-18 14:56:52][INFO][Rank 0] - train Epoch 7/24: 87.8% (1710/1948)
[2025-11-18 14:56:52][INFO][Rank 0] - CUDA Memory [train][Step 1710]: Device 0: Allocated: 3309.6 MB, Reserved: 117540.0 MB (Δ: +1687.0 MB)
[2025-11-18 14:56:59][INFO][Rank 0] - train Epoch 7/24: 88.3% (1720/1948)
[2025-11-18 14:57:06][INFO][Rank 0] - train Epoch 7/24: 88.8% (1730/1948)
[2025-11-18 14:57:13][INFO][Rank 0] - train Epoch 7/24: 89.3% (1740/1948)
[2025-11-18 14:57:20][INFO][Rank 0] - train Epoch 7/24: 89.8% (1750/1948)
[2025-11-18 14:57:27][INFO][Rank 0] - train Epoch 7/24: 90.3% (1760/1948)
[2025-11-18 14:57:34][INFO][Rank 0] - train Epoch 7/24: 90.9% (1770/1948)
[2025-11-18 14:57:41][INFO][Rank 0] - train Epoch 7/24: 91.4% (1780/1948)
[2025-11-18 14:57:48][INFO][Rank 0] - train Epoch 7/24: 91.9% (1790/1948)
[2025-11-18 14:57:55][INFO][Rank 0] - train Epoch 7/24: 92.4% (1800/1948)
[2025-11-18 14:57:56][INFO][Rank 0] - CUDA Memory [train][Step 1800]: Device 0: Allocated: 3309.6 MB, Reserved: 117540.0 MB (Δ: +1687.0 MB)
[2025-11-18 14:58:02][INFO][Rank 0] - train Epoch 7/24: 92.9% (1810/1948)
[2025-11-18 14:58:09][INFO][Rank 0] - train Epoch 7/24: 93.4% (1820/1948)
[2025-11-18 14:58:17][INFO][Rank 0] - train Epoch 7/24: 93.9% (1830/1948)
[2025-11-18 14:58:24][INFO][Rank 0] - train Epoch 7/24: 94.5% (1840/1948)
[2025-11-18 14:58:31][INFO][Rank 0] - train Epoch 7/24: 95.0% (1850/1948)
[2025-11-18 14:58:38][INFO][Rank 0] - train Epoch 7/24: 95.5% (1860/1948)
[2025-11-18 14:58:45][INFO][Rank 0] - train Epoch 7/24: 96.0% (1870/1948)
[2025-11-18 14:58:52][INFO][Rank 0] - train Epoch 7/24: 96.5% (1880/1948)
[2025-11-18 14:58:59][INFO][Rank 0] - train Epoch 7/24: 97.0% (1890/1948)
[2025-11-18 14:59:00][INFO][Rank 0] - CUDA Memory [train][Step 1890]: Device 0: Allocated: 3309.6 MB, Reserved: 117540.0 MB (Δ: +1687.0 MB)
[2025-11-18 14:59:06][INFO][Rank 0] - train Epoch 7/24: 97.5% (1900/1948)
[2025-11-18 14:59:13][INFO][Rank 0] - train Epoch 7/24: 98.0% (1910/1948)
[2025-11-18 14:59:20][INFO][Rank 0] - train Epoch 7/24: 98.6% (1920/1948)
[2025-11-18 14:59:27][INFO][Rank 0] - train Epoch 7/24: 99.1% (1930/1948)
[2025-11-18 14:59:34][INFO][Rank 0] - train Epoch 7/24: 99.6% (1940/1948)
[2025-11-18 14:59:39][INFO][Rank 0] - train Epoch 7/24: 99.9% (1947/1948)
[2025-11-18 14:59:40][INFO][Rank 0] - train Loss: 0.1692 Acc: 0.9718 F1: 0.9854
[2025-11-18 14:59:40][INFO][Rank 0] - train Balanced Acc: 0.8787 AUC-ROC: 0.9644
[2025-11-18 14:59:40][INFO][Rank 0] - train Sensitivity: 0.9767 Specificity: 0.7807
[2025-11-18 14:59:40][INFO][Rank 0] - train Confusion Matrix: TP=18550, FP=107, FN=442, TN=381
[2025-11-18 14:59:40][INFO][Rank 0] - train completed in 1376.83s
[2025-11-18 14:59:40][INFO][Rank 0] - Data loading time: 0.92s, Forward time: 280.03s, Backward time: 746.25s
[2025-11-18 14:59:40][INFO][Rank 0] - train cache: 0/1 items, hit rate: 0.00%
[2025-11-18 14:59:40][INFO][Rank 0] - CUDA Memory [val][Step 0]: Device 0: Allocated: 3309.6 MB, Reserved: 117540.0 MB (Δ: +1687.0 MB)
[2025-11-18 14:59:40][INFO][Rank 0] - val phase: total 406 batches
[2025-11-18 14:59:40][INFO][Rank 0] - val Epoch 7/24: 0.0% (0/406)
[2025-11-18 14:59:45][INFO][Rank 0] - val Epoch 7/24: 2.5% (10/406)
[2025-11-18 14:59:50][INFO][Rank 0] - val Epoch 7/24: 4.9% (20/406)
[2025-11-18 14:59:55][INFO][Rank 0] - val Epoch 7/24: 7.4% (30/406)
[2025-11-18 15:00:00][INFO][Rank 0] - val Epoch 7/24: 9.9% (40/406)
[2025-11-18 15:00:05][INFO][Rank 0] - val Epoch 7/24: 12.3% (50/406)
[2025-11-18 15:00:10][INFO][Rank 0] - val Epoch 7/24: 14.8% (60/406)
[2025-11-18 15:00:15][INFO][Rank 0] - val Epoch 7/24: 17.2% (70/406)
[2025-11-18 15:00:20][INFO][Rank 0] - val Epoch 7/24: 19.7% (80/406)
[2025-11-18 15:00:25][INFO][Rank 0] - val Epoch 7/24: 22.2% (90/406)
[2025-11-18 15:00:30][INFO][Rank 0] - val Epoch 7/24: 24.6% (100/406)
[2025-11-18 15:00:35][INFO][Rank 0] - val Epoch 7/24: 27.1% (110/406)
[2025-11-18 15:00:40][INFO][Rank 0] - val Epoch 7/24: 29.6% (120/406)
[2025-11-18 15:00:40][INFO][Rank 0] - CUDA Memory [val][Step 120]: Device 0: Allocated: 3309.6 MB, Reserved: 117540.0 MB (Δ: +1687.0 MB)
[2025-11-18 15:00:45][INFO][Rank 0] - val Epoch 7/24: 32.0% (130/406)
[2025-11-18 15:00:50][INFO][Rank 0] - val Epoch 7/24: 34.5% (140/406)
[2025-11-18 15:00:55][INFO][Rank 0] - val Epoch 7/24: 36.9% (150/406)
[2025-11-18 15:01:00][INFO][Rank 0] - val Epoch 7/24: 39.4% (160/406)
[2025-11-18 15:01:05][INFO][Rank 0] - val Epoch 7/24: 41.9% (170/406)
[2025-11-18 15:01:10][INFO][Rank 0] - val Epoch 7/24: 44.3% (180/406)
[2025-11-18 15:01:15][INFO][Rank 0] - val Epoch 7/24: 46.8% (190/406)
[2025-11-18 15:01:20][INFO][Rank 0] - val Epoch 7/24: 49.3% (200/406)
[2025-11-18 15:01:25][INFO][Rank 0] - val Epoch 7/24: 51.7% (210/406)
[2025-11-18 15:01:30][INFO][Rank 0] - val Epoch 7/24: 54.2% (220/406)
[2025-11-18 15:01:34][INFO][Rank 0] - val Epoch 7/24: 56.7% (230/406)
[2025-11-18 15:01:39][INFO][Rank 0] - val Epoch 7/24: 59.1% (240/406)
[2025-11-18 15:01:44][INFO][Rank 0] - val Epoch 7/24: 61.6% (250/406)
[2025-11-18 15:01:49][INFO][Rank 0] - val Epoch 7/24: 64.0% (260/406)
[2025-11-18 15:01:54][INFO][Rank 0] - val Epoch 7/24: 66.5% (270/406)
[2025-11-18 15:01:55][INFO][Rank 0] - CUDA Memory [val][Step 270]: Device 0: Allocated: 3309.6 MB, Reserved: 117540.0 MB (Δ: +1687.0 MB)
[2025-11-18 15:01:59][INFO][Rank 0] - val Epoch 7/24: 69.0% (280/406)
[2025-11-18 15:02:04][INFO][Rank 0] - val Epoch 7/24: 71.4% (290/406)
[2025-11-18 15:02:09][INFO][Rank 0] - val Epoch 7/24: 73.9% (300/406)
[2025-11-18 15:02:14][INFO][Rank 0] - val Epoch 7/24: 76.4% (310/406)
[2025-11-18 15:02:19][INFO][Rank 0] - val Epoch 7/24: 78.8% (320/406)
[2025-11-18 15:02:24][INFO][Rank 0] - val Epoch 7/24: 81.3% (330/406)
[2025-11-18 15:02:29][INFO][Rank 0] - val Epoch 7/24: 83.7% (340/406)
[2025-11-18 15:02:34][INFO][Rank 0] - val Epoch 7/24: 86.2% (350/406)
[2025-11-18 15:02:39][INFO][Rank 0] - val Epoch 7/24: 88.7% (360/406)
[2025-11-18 15:02:44][INFO][Rank 0] - val Epoch 7/24: 91.1% (370/406)
[2025-11-18 15:02:49][INFO][Rank 0] - val Epoch 7/24: 93.6% (380/406)
[2025-11-18 15:02:54][INFO][Rank 0] - val Epoch 7/24: 96.1% (390/406)
[2025-11-18 15:02:59][INFO][Rank 0] - val Epoch 7/24: 98.5% (400/406)
[2025-11-18 15:03:01][INFO][Rank 0] - val Epoch 7/24: 99.8% (405/406)
[2025-11-18 15:03:02][INFO][Rank 0] - val Loss: 0.1147 Acc: 0.9739 F1: 0.9865
[2025-11-18 15:03:02][INFO][Rank 0] - val Balanced Acc: 0.9100 AUC-ROC: 0.9783
[2025-11-18 15:03:02][INFO][Rank 0] - val Sensitivity: 0.9775 Specificity: 0.8426
[2025-11-18 15:03:02][INFO][Rank 0] - val Confusion Matrix: TP=3863, FP=17, FN=89, TN=91
[2025-11-18 15:03:02][INFO][Rank 0] - val completed in 201.93s
[2025-11-18 15:03:02][INFO][Rank 0] - val cache: 0/1 items, hit rate: 0.00%
[2025-11-18 15:03:07][INFO][Rank 0] - Saved new best balanced_acc model with balanced_acc: 0.9100 at /projects/retprogression/rgarridogarcia/checkpoints/cropped1024_cropped_centered_allR_3/best_balanced_acc_model.pth
[2025-11-18 15:03:12][INFO][Rank 0] - Also saved as general best model at /projects/retprogression/rgarridogarcia/checkpoints/cropped1024_cropped_centered_allR_3/best_model.pth
[2025-11-18 15:03:17][INFO][Rank 0] - Saved new best auc model with auc: 0.9783 at /projects/retprogression/rgarridogarcia/checkpoints/cropped1024_cropped_centered_allR_3/best_auc_model.pth
[2025-11-18 15:03:22][INFO][Rank 0] - Saved epoch checkpoint at /projects/retprogression/rgarridogarcia/checkpoints/cropped1024_cropped_centered_allR_3/epoch_7.pth
[2025-11-18 15:03:22][INFO][Rank 0] - Epoch 7 summary:
[2025-11-18 15:03:22][INFO][Rank 0] -  Train Loss: 0.1692, Train Acc: 0.9718, Train F1: 0.9854
[2025-11-18 15:03:22][INFO][Rank 0] -  Train Balanced Acc: 0.8787, Train AUC: 0.9644
[2025-11-18 15:03:22][INFO][Rank 0] -  Train Sensitivity: 0.9767, Train Specificity: 0.7807
[2025-11-18 15:03:22][INFO][Rank 0] -  Val Loss: 0.1147, Val Acc: 0.9739, Val F1: 0.9865
[2025-11-18 15:03:22][INFO][Rank 0] -  Val Balanced Acc: 0.9100, Val AUC: 0.9783
[2025-11-18 15:03:22][INFO][Rank 0] -  Val Sensitivity: 0.9775, Val Specificity: 0.8426
[2025-11-18 15:03:22][INFO][Rank 0] -  Total Epoch Time: 1599.40s
[2025-11-18 15:03:22][INFO][Rank 0] - Epoch 8/24
[2025-11-18 15:03:22][INFO][Rank 0] - ----------
[2025-11-18 15:03:22][INFO][Rank 0] - CUDA Memory [train][Step 0]: Device 0: Allocated: 3309.6 MB, Reserved: 117540.0 MB (Δ: +1687.0 MB)
[2025-11-18 15:03:22][INFO][Rank 0] - train phase: total 1948 batches
[2025-11-18 15:03:23][INFO][Rank 0] - train Epoch 8/24: 0.0% (0/1948)
[2025-11-18 15:03:30][INFO][Rank 0] - train Epoch 8/24: 0.5% (10/1948)
[2025-11-18 15:03:37][INFO][Rank 0] - train Epoch 8/24: 1.0% (20/1948)
[2025-11-18 15:03:44][INFO][Rank 0] - train Epoch 8/24: 1.5% (30/1948)
[2025-11-18 15:03:51][INFO][Rank 0] - train Epoch 8/24: 2.1% (40/1948)
[2025-11-18 15:03:58][INFO][Rank 0] - train Epoch 8/24: 2.6% (50/1948)
[2025-11-18 15:04:05][INFO][Rank 0] - train Epoch 8/24: 3.1% (60/1948)
[2025-11-18 15:04:12][INFO][Rank 0] - train Epoch 8/24: 3.6% (70/1948)
[2025-11-18 15:04:19][INFO][Rank 0] - train Epoch 8/24: 4.1% (80/1948)
[2025-11-18 15:04:26][INFO][Rank 0] - train Epoch 8/24: 4.6% (90/1948)
[2025-11-18 15:04:27][INFO][Rank 0] - CUDA Memory [train][Step 90]: Device 0: Allocated: 3309.6 MB, Reserved: 117540.0 MB (Δ: +1687.0 MB)
[2025-11-18 15:04:33][INFO][Rank 0] - train Epoch 8/24: 5.1% (100/1948)
[2025-11-18 15:04:40][INFO][Rank 0] - train Epoch 8/24: 5.6% (110/1948)
[2025-11-18 15:04:48][INFO][Rank 0] - train Epoch 8/24: 6.2% (120/1948)
[2025-11-18 15:04:55][INFO][Rank 0] - train Epoch 8/24: 6.7% (130/1948)
[2025-11-18 15:05:02][INFO][Rank 0] - train Epoch 8/24: 7.2% (140/1948)
[2025-11-18 15:05:09][INFO][Rank 0] - train Epoch 8/24: 7.7% (150/1948)
[2025-11-18 15:05:16][INFO][Rank 0] - train Epoch 8/24: 8.2% (160/1948)
[2025-11-18 15:05:23][INFO][Rank 0] - train Epoch 8/24: 8.7% (170/1948)
[2025-11-18 15:05:30][INFO][Rank 0] - train Epoch 8/24: 9.2% (180/1948)
[2025-11-18 15:05:31][INFO][Rank 0] - CUDA Memory [train][Step 180]: Device 0: Allocated: 3309.6 MB, Reserved: 117540.0 MB (Δ: +1687.0 MB)
[2025-11-18 15:05:37][INFO][Rank 0] - train Epoch 8/24: 9.8% (190/1948)
[2025-11-18 15:05:44][INFO][Rank 0] - train Epoch 8/24: 10.3% (200/1948)
[2025-11-18 15:05:51][INFO][Rank 0] - train Epoch 8/24: 10.8% (210/1948)
[2025-11-18 15:05:58][INFO][Rank 0] - train Epoch 8/24: 11.3% (220/1948)
[2025-11-18 15:06:05][INFO][Rank 0] - train Epoch 8/24: 11.8% (230/1948)
[2025-11-18 15:06:12][INFO][Rank 0] - train Epoch 8/24: 12.3% (240/1948)
[2025-11-18 15:06:19][INFO][Rank 0] - train Epoch 8/24: 12.8% (250/1948)
[2025-11-18 15:06:26][INFO][Rank 0] - train Epoch 8/24: 13.3% (260/1948)
[2025-11-18 15:06:33][INFO][Rank 0] - train Epoch 8/24: 13.9% (270/1948)
[2025-11-18 15:06:34][INFO][Rank 0] - CUDA Memory [train][Step 270]: Device 0: Allocated: 3309.6 MB, Reserved: 117540.0 MB (Δ: +1687.0 MB)
[2025-11-18 15:06:41][INFO][Rank 0] - train Epoch 8/24: 14.4% (280/1948)
[2025-11-18 15:06:48][INFO][Rank 0] - train Epoch 8/24: 14.9% (290/1948)
[2025-11-18 15:06:55][INFO][Rank 0] - train Epoch 8/24: 15.4% (300/1948)
[2025-11-18 15:07:02][INFO][Rank 0] - train Epoch 8/24: 15.9% (310/1948)
[2025-11-18 15:07:09][INFO][Rank 0] - train Epoch 8/24: 16.4% (320/1948)
[2025-11-18 15:07:16][INFO][Rank 0] - train Epoch 8/24: 16.9% (330/1948)
[2025-11-18 15:07:23][INFO][Rank 0] - train Epoch 8/24: 17.5% (340/1948)
[2025-11-18 15:07:30][INFO][Rank 0] - train Epoch 8/24: 18.0% (350/1948)
[2025-11-18 15:07:37][INFO][Rank 0] - train Epoch 8/24: 18.5% (360/1948)
[2025-11-18 15:07:38][INFO][Rank 0] - CUDA Memory [train][Step 360]: Device 0: Allocated: 3309.6 MB, Reserved: 117540.0 MB (Δ: +1687.0 MB)
[2025-11-18 15:07:44][INFO][Rank 0] - train Epoch 8/24: 19.0% (370/1948)
[2025-11-18 15:07:51][INFO][Rank 0] - train Epoch 8/24: 19.5% (380/1948)
[2025-11-18 15:07:58][INFO][Rank 0] - train Epoch 8/24: 20.0% (390/1948)
[2025-11-18 15:08:05][INFO][Rank 0] - train Epoch 8/24: 20.5% (400/1948)
[2025-11-18 15:08:12][INFO][Rank 0] - train Epoch 8/24: 21.0% (410/1948)
[2025-11-18 15:08:19][INFO][Rank 0] - train Epoch 8/24: 21.6% (420/1948)
[2025-11-18 15:08:26][INFO][Rank 0] - train Epoch 8/24: 22.1% (430/1948)
[2025-11-18 15:08:33][INFO][Rank 0] - train Epoch 8/24: 22.6% (440/1948)
[2025-11-18 15:08:41][INFO][Rank 0] - train Epoch 8/24: 23.1% (450/1948)
[2025-11-18 15:08:41][INFO][Rank 0] - CUDA Memory [train][Step 450]: Device 0: Allocated: 3309.6 MB, Reserved: 117540.0 MB (Δ: +1687.0 MB)
[2025-11-18 15:08:48][INFO][Rank 0] - train Epoch 8/24: 23.6% (460/1948)
[2025-11-18 15:08:55][INFO][Rank 0] - train Epoch 8/24: 24.1% (470/1948)
[2025-11-18 15:09:02][INFO][Rank 0] - train Epoch 8/24: 24.6% (480/1948)
[2025-11-18 15:09:09][INFO][Rank 0] - train Epoch 8/24: 25.2% (490/1948)
[2025-11-18 15:09:16][INFO][Rank 0] - train Epoch 8/24: 25.7% (500/1948)
[2025-11-18 15:09:23][INFO][Rank 0] - train Epoch 8/24: 26.2% (510/1948)
[2025-11-18 15:09:30][INFO][Rank 0] - train Epoch 8/24: 26.7% (520/1948)
[2025-11-18 15:09:37][INFO][Rank 0] - train Epoch 8/24: 27.2% (530/1948)
[2025-11-18 15:09:44][INFO][Rank 0] - train Epoch 8/24: 27.7% (540/1948)
[2025-11-18 15:09:45][INFO][Rank 0] - CUDA Memory [train][Step 540]: Device 0: Allocated: 3309.6 MB, Reserved: 117540.0 MB (Δ: +1687.0 MB)
[2025-11-18 15:09:51][INFO][Rank 0] - train Epoch 8/24: 28.2% (550/1948)
[2025-11-18 15:09:58][INFO][Rank 0] - train Epoch 8/24: 28.7% (560/1948)
[2025-11-18 15:10:05][INFO][Rank 0] - train Epoch 8/24: 29.3% (570/1948)
[2025-11-18 15:10:12][INFO][Rank 0] - train Epoch 8/24: 29.8% (580/1948)
[2025-11-18 15:10:19][INFO][Rank 0] - train Epoch 8/24: 30.3% (590/1948)
[2025-11-18 15:10:26][INFO][Rank 0] - train Epoch 8/24: 30.8% (600/1948)
[2025-11-18 15:10:34][INFO][Rank 0] - train Epoch 8/24: 31.3% (610/1948)
[2025-11-18 15:10:41][INFO][Rank 0] - train Epoch 8/24: 31.8% (620/1948)
[2025-11-18 15:10:48][INFO][Rank 0] - train Epoch 8/24: 32.3% (630/1948)
[2025-11-18 15:10:48][INFO][Rank 0] - CUDA Memory [train][Step 630]: Device 0: Allocated: 3309.6 MB, Reserved: 117540.0 MB (Δ: +1687.0 MB)
[2025-11-18 15:10:55][INFO][Rank 0] - train Epoch 8/24: 32.9% (640/1948)
[2025-11-18 15:11:02][INFO][Rank 0] - train Epoch 8/24: 33.4% (650/1948)
[2025-11-18 15:11:09][INFO][Rank 0] - train Epoch 8/24: 33.9% (660/1948)
[2025-11-18 15:11:16][INFO][Rank 0] - train Epoch 8/24: 34.4% (670/1948)
[2025-11-18 15:11:23][INFO][Rank 0] - train Epoch 8/24: 34.9% (680/1948)
[2025-11-18 15:11:30][INFO][Rank 0] - train Epoch 8/24: 35.4% (690/1948)
[2025-11-18 15:11:37][INFO][Rank 0] - train Epoch 8/24: 35.9% (700/1948)
[2025-11-18 15:11:44][INFO][Rank 0] - train Epoch 8/24: 36.4% (710/1948)
[2025-11-18 15:11:51][INFO][Rank 0] - train Epoch 8/24: 37.0% (720/1948)
[2025-11-18 15:11:52][INFO][Rank 0] - CUDA Memory [train][Step 720]: Device 0: Allocated: 3309.6 MB, Reserved: 117540.0 MB (Δ: +1687.0 MB)
[2025-11-18 15:11:58][INFO][Rank 0] - train Epoch 8/24: 37.5% (730/1948)
[2025-11-18 15:12:05][INFO][Rank 0] - train Epoch 8/24: 38.0% (740/1948)
[2025-11-18 15:12:12][INFO][Rank 0] - train Epoch 8/24: 38.5% (750/1948)
[2025-11-18 15:12:19][INFO][Rank 0] - train Epoch 8/24: 39.0% (760/1948)
[2025-11-18 15:12:26][INFO][Rank 0] - train Epoch 8/24: 39.5% (770/1948)
[2025-11-18 15:12:34][INFO][Rank 0] - train Epoch 8/24: 40.0% (780/1948)
[2025-11-18 15:12:41][INFO][Rank 0] - train Epoch 8/24: 40.6% (790/1948)
[2025-11-18 15:12:48][INFO][Rank 0] - train Epoch 8/24: 41.1% (800/1948)
[2025-11-18 15:12:55][INFO][Rank 0] - train Epoch 8/24: 41.6% (810/1948)
[2025-11-18 15:12:55][INFO][Rank 0] - CUDA Memory [train][Step 810]: Device 0: Allocated: 3309.6 MB, Reserved: 117540.0 MB (Δ: +1687.0 MB)
[2025-11-18 15:13:02][INFO][Rank 0] - train Epoch 8/24: 42.1% (820/1948)
[2025-11-18 15:13:09][INFO][Rank 0] - train Epoch 8/24: 42.6% (830/1948)
[2025-11-18 15:13:16][INFO][Rank 0] - train Epoch 8/24: 43.1% (840/1948)
[2025-11-18 15:13:23][INFO][Rank 0] - train Epoch 8/24: 43.6% (850/1948)
[2025-11-18 15:13:30][INFO][Rank 0] - train Epoch 8/24: 44.1% (860/1948)
[2025-11-18 15:13:37][INFO][Rank 0] - train Epoch 8/24: 44.7% (870/1948)
[2025-11-18 15:13:44][INFO][Rank 0] - train Epoch 8/24: 45.2% (880/1948)
[2025-11-18 15:13:51][INFO][Rank 0] - train Epoch 8/24: 45.7% (890/1948)
[2025-11-18 15:13:58][INFO][Rank 0] - train Epoch 8/24: 46.2% (900/1948)
[2025-11-18 15:13:59][INFO][Rank 0] - CUDA Memory [train][Step 900]: Device 0: Allocated: 3309.6 MB, Reserved: 117540.0 MB (Δ: +1687.0 MB)
[2025-11-18 15:14:05][INFO][Rank 0] - train Epoch 8/24: 46.7% (910/1948)
[2025-11-18 15:14:12][INFO][Rank 0] - train Epoch 8/24: 47.2% (920/1948)
[2025-11-18 15:14:19][INFO][Rank 0] - train Epoch 8/24: 47.7% (930/1948)
[2025-11-18 15:14:27][INFO][Rank 0] - train Epoch 8/24: 48.3% (940/1948)
[2025-11-18 15:14:34][INFO][Rank 0] - train Epoch 8/24: 48.8% (950/1948)
[2025-11-18 15:14:41][INFO][Rank 0] - train Epoch 8/24: 49.3% (960/1948)
[2025-11-18 15:14:48][INFO][Rank 0] - train Epoch 8/24: 49.8% (970/1948)
[2025-11-18 15:14:55][INFO][Rank 0] - train Epoch 8/24: 50.3% (980/1948)
[2025-11-18 15:15:02][INFO][Rank 0] - train Epoch 8/24: 50.8% (990/1948)
[2025-11-18 15:15:03][INFO][Rank 0] - CUDA Memory [train][Step 990]: Device 0: Allocated: 3309.6 MB, Reserved: 117540.0 MB (Δ: +1687.0 MB)
[2025-11-18 15:15:09][INFO][Rank 0] - train Epoch 8/24: 51.3% (1000/1948)
[2025-11-18 15:15:16][INFO][Rank 0] - train Epoch 8/24: 51.8% (1010/1948)
[2025-11-18 15:15:23][INFO][Rank 0] - train Epoch 8/24: 52.4% (1020/1948)
[2025-11-18 15:15:30][INFO][Rank 0] - train Epoch 8/24: 52.9% (1030/1948)
[2025-11-18 15:15:37][INFO][Rank 0] - train Epoch 8/24: 53.4% (1040/1948)
[2025-11-18 15:15:44][INFO][Rank 0] - train Epoch 8/24: 53.9% (1050/1948)
[2025-11-18 15:15:51][INFO][Rank 0] - train Epoch 8/24: 54.4% (1060/1948)
[2025-11-18 15:15:58][INFO][Rank 0] - train Epoch 8/24: 54.9% (1070/1948)
[2025-11-18 15:16:05][INFO][Rank 0] - train Epoch 8/24: 55.4% (1080/1948)
[2025-11-18 15:16:06][INFO][Rank 0] - CUDA Memory [train][Step 1080]: Device 0: Allocated: 3309.6 MB, Reserved: 117540.0 MB (Δ: +1687.0 MB)
[2025-11-18 15:16:12][INFO][Rank 0] - train Epoch 8/24: 56.0% (1090/1948)
[2025-11-18 15:16:19][INFO][Rank 0] - train Epoch 8/24: 56.5% (1100/1948)
[2025-11-18 15:16:27][INFO][Rank 0] - train Epoch 8/24: 57.0% (1110/1948)
[2025-11-18 15:16:34][INFO][Rank 0] - train Epoch 8/24: 57.5% (1120/1948)
[2025-11-18 15:16:41][INFO][Rank 0] - train Epoch 8/24: 58.0% (1130/1948)
[2025-11-18 15:16:48][INFO][Rank 0] - train Epoch 8/24: 58.5% (1140/1948)
[2025-11-18 15:16:55][INFO][Rank 0] - train Epoch 8/24: 59.0% (1150/1948)
[2025-11-18 15:17:02][INFO][Rank 0] - train Epoch 8/24: 59.5% (1160/1948)
[2025-11-18 15:17:09][INFO][Rank 0] - train Epoch 8/24: 60.1% (1170/1948)
[2025-11-18 15:17:10][INFO][Rank 0] - CUDA Memory [train][Step 1170]: Device 0: Allocated: 3309.6 MB, Reserved: 117540.0 MB (Δ: +1687.0 MB)
[2025-11-18 15:17:16][INFO][Rank 0] - train Epoch 8/24: 60.6% (1180/1948)
[2025-11-18 15:17:23][INFO][Rank 0] - train Epoch 8/24: 61.1% (1190/1948)
[2025-11-18 15:17:30][INFO][Rank 0] - train Epoch 8/24: 61.6% (1200/1948)
[2025-11-18 15:17:37][INFO][Rank 0] - train Epoch 8/24: 62.1% (1210/1948)
[2025-11-18 15:17:44][INFO][Rank 0] - train Epoch 8/24: 62.6% (1220/1948)
[2025-11-18 15:17:51][INFO][Rank 0] - train Epoch 8/24: 63.1% (1230/1948)
[2025-11-18 15:17:58][INFO][Rank 0] - train Epoch 8/24: 63.7% (1240/1948)
[2025-11-18 15:18:05][INFO][Rank 0] - train Epoch 8/24: 64.2% (1250/1948)
[2025-11-18 15:18:12][INFO][Rank 0] - train Epoch 8/24: 64.7% (1260/1948)
[2025-11-18 15:18:13][INFO][Rank 0] - CUDA Memory [train][Step 1260]: Device 0: Allocated: 3309.6 MB, Reserved: 117540.0 MB (Δ: +1687.0 MB)
[2025-11-18 15:18:19][INFO][Rank 0] - train Epoch 8/24: 65.2% (1270/1948)
[2025-11-18 15:18:27][INFO][Rank 0] - train Epoch 8/24: 65.7% (1280/1948)
[2025-11-18 15:18:34][INFO][Rank 0] - train Epoch 8/24: 66.2% (1290/1948)
[2025-11-18 15:18:41][INFO][Rank 0] - train Epoch 8/24: 66.7% (1300/1948)
[2025-11-18 15:18:48][INFO][Rank 0] - train Epoch 8/24: 67.2% (1310/1948)
[2025-11-18 15:18:55][INFO][Rank 0] - train Epoch 8/24: 67.8% (1320/1948)
[2025-11-18 15:19:02][INFO][Rank 0] - train Epoch 8/24: 68.3% (1330/1948)
[2025-11-18 15:19:09][INFO][Rank 0] - train Epoch 8/24: 68.8% (1340/1948)
[2025-11-18 15:19:16][INFO][Rank 0] - train Epoch 8/24: 69.3% (1350/1948)
[2025-11-18 15:19:17][INFO][Rank 0] - CUDA Memory [train][Step 1350]: Device 0: Allocated: 3309.6 MB, Reserved: 117540.0 MB (Δ: +1687.0 MB)
[2025-11-18 15:19:23][INFO][Rank 0] - train Epoch 8/24: 69.8% (1360/1948)
[2025-11-18 15:19:30][INFO][Rank 0] - train Epoch 8/24: 70.3% (1370/1948)
[2025-11-18 15:19:37][INFO][Rank 0] - train Epoch 8/24: 70.8% (1380/1948)
[2025-11-18 15:19:44][INFO][Rank 0] - train Epoch 8/24: 71.4% (1390/1948)
[2025-11-18 15:19:51][INFO][Rank 0] - train Epoch 8/24: 71.9% (1400/1948)
[2025-11-18 15:19:58][INFO][Rank 0] - train Epoch 8/24: 72.4% (1410/1948)
[2025-11-18 15:20:05][INFO][Rank 0] - train Epoch 8/24: 72.9% (1420/1948)
[2025-11-18 15:20:12][INFO][Rank 0] - train Epoch 8/24: 73.4% (1430/1948)
[2025-11-18 15:20:19][INFO][Rank 0] - train Epoch 8/24: 73.9% (1440/1948)
[2025-11-18 15:20:20][INFO][Rank 0] - CUDA Memory [train][Step 1440]: Device 0: Allocated: 3309.6 MB, Reserved: 117540.0 MB (Δ: +1687.0 MB)
[2025-11-18 15:20:27][INFO][Rank 0] - train Epoch 8/24: 74.4% (1450/1948)
[2025-11-18 15:20:34][INFO][Rank 0] - train Epoch 8/24: 74.9% (1460/1948)
[2025-11-18 15:20:41][INFO][Rank 0] - train Epoch 8/24: 75.5% (1470/1948)
[2025-11-18 15:20:48][INFO][Rank 0] - train Epoch 8/24: 76.0% (1480/1948)
[2025-11-18 15:20:55][INFO][Rank 0] - train Epoch 8/24: 76.5% (1490/1948)
[2025-11-18 15:21:02][INFO][Rank 0] - train Epoch 8/24: 77.0% (1500/1948)
[2025-11-18 15:21:09][INFO][Rank 0] - train Epoch 8/24: 77.5% (1510/1948)
[2025-11-18 15:21:16][INFO][Rank 0] - train Epoch 8/24: 78.0% (1520/1948)
[2025-11-18 15:21:23][INFO][Rank 0] - train Epoch 8/24: 78.5% (1530/1948)
[2025-11-18 15:21:24][INFO][Rank 0] - CUDA Memory [train][Step 1530]: Device 0: Allocated: 3309.6 MB, Reserved: 117540.0 MB (Δ: +1687.0 MB)
[2025-11-18 15:21:30][INFO][Rank 0] - train Epoch 8/24: 79.1% (1540/1948)
[2025-11-18 15:21:37][INFO][Rank 0] - train Epoch 8/24: 79.6% (1550/1948)
[2025-11-18 15:21:44][INFO][Rank 0] - train Epoch 8/24: 80.1% (1560/1948)
[2025-11-18 15:21:51][INFO][Rank 0] - train Epoch 8/24: 80.6% (1570/1948)
[2025-11-18 15:21:58][INFO][Rank 0] - train Epoch 8/24: 81.1% (1580/1948)
[2025-11-18 15:22:05][INFO][Rank 0] - train Epoch 8/24: 81.6% (1590/1948)
[2025-11-18 15:22:12][INFO][Rank 0] - train Epoch 8/24: 82.1% (1600/1948)
[2025-11-18 15:22:19][INFO][Rank 0] - train Epoch 8/24: 82.6% (1610/1948)
[2025-11-18 15:22:27][INFO][Rank 0] - train Epoch 8/24: 83.2% (1620/1948)
[2025-11-18 15:22:27][INFO][Rank 0] - CUDA Memory [train][Step 1620]: Device 0: Allocated: 3309.6 MB, Reserved: 117540.0 MB (Δ: +1687.0 MB)
[2025-11-18 15:22:34][INFO][Rank 0] - train Epoch 8/24: 83.7% (1630/1948)
[2025-11-18 15:22:41][INFO][Rank 0] - train Epoch 8/24: 84.2% (1640/1948)
[2025-11-18 15:22:48][INFO][Rank 0] - train Epoch 8/24: 84.7% (1650/1948)
[2025-11-18 15:22:55][INFO][Rank 0] - train Epoch 8/24: 85.2% (1660/1948)
[2025-11-18 15:23:02][INFO][Rank 0] - train Epoch 8/24: 85.7% (1670/1948)
[2025-11-18 15:23:09][INFO][Rank 0] - train Epoch 8/24: 86.2% (1680/1948)
[2025-11-18 15:23:16][INFO][Rank 0] - train Epoch 8/24: 86.8% (1690/1948)
[2025-11-18 15:23:23][INFO][Rank 0] - train Epoch 8/24: 87.3% (1700/1948)
[2025-11-18 15:23:30][INFO][Rank 0] - train Epoch 8/24: 87.8% (1710/1948)
[2025-11-18 15:23:31][INFO][Rank 0] - CUDA Memory [train][Step 1710]: Device 0: Allocated: 3309.6 MB, Reserved: 117540.0 MB (Δ: +1687.0 MB)
[2025-11-18 15:23:37][INFO][Rank 0] - train Epoch 8/24: 88.3% (1720/1948)
[2025-11-18 15:23:44][INFO][Rank 0] - train Epoch 8/24: 88.8% (1730/1948)
[2025-11-18 15:23:51][INFO][Rank 0] - train Epoch 8/24: 89.3% (1740/1948)
[2025-11-18 15:23:58][INFO][Rank 0] - train Epoch 8/24: 89.8% (1750/1948)
[2025-11-18 15:24:05][INFO][Rank 0] - train Epoch 8/24: 90.3% (1760/1948)
[2025-11-18 15:24:12][INFO][Rank 0] - train Epoch 8/24: 90.9% (1770/1948)
[2025-11-18 15:24:19][INFO][Rank 0] - train Epoch 8/24: 91.4% (1780/1948)
[2025-11-18 15:24:27][INFO][Rank 0] - train Epoch 8/24: 91.9% (1790/1948)
[2025-11-18 15:24:34][INFO][Rank 0] - train Epoch 8/24: 92.4% (1800/1948)
[2025-11-18 15:24:34][INFO][Rank 0] - CUDA Memory [train][Step 1800]: Device 0: Allocated: 3309.6 MB, Reserved: 117540.0 MB (Δ: +1687.0 MB)
[2025-11-18 15:24:41][INFO][Rank 0] - train Epoch 8/24: 92.9% (1810/1948)
[2025-11-18 15:24:48][INFO][Rank 0] - train Epoch 8/24: 93.4% (1820/1948)
[2025-11-18 15:24:55][INFO][Rank 0] - train Epoch 8/24: 93.9% (1830/1948)
[2025-11-18 15:25:02][INFO][Rank 0] - train Epoch 8/24: 94.5% (1840/1948)
[2025-11-18 15:25:09][INFO][Rank 0] - train Epoch 8/24: 95.0% (1850/1948)
[2025-11-18 15:25:16][INFO][Rank 0] - train Epoch 8/24: 95.5% (1860/1948)
[2025-11-18 15:25:23][INFO][Rank 0] - train Epoch 8/24: 96.0% (1870/1948)
[2025-11-18 15:25:30][INFO][Rank 0] - train Epoch 8/24: 96.5% (1880/1948)
[2025-11-18 15:25:37][INFO][Rank 0] - train Epoch 8/24: 97.0% (1890/1948)
[2025-11-18 15:25:38][INFO][Rank 0] - CUDA Memory [train][Step 1890]: Device 0: Allocated: 3309.6 MB, Reserved: 117540.0 MB (Δ: +1687.0 MB)
[2025-11-18 15:25:44][INFO][Rank 0] - train Epoch 8/24: 97.5% (1900/1948)
[2025-11-18 15:25:51][INFO][Rank 0] - train Epoch 8/24: 98.0% (1910/1948)
[2025-11-18 15:25:58][INFO][Rank 0] - train Epoch 8/24: 98.6% (1920/1948)
[2025-11-18 15:26:05][INFO][Rank 0] - train Epoch 8/24: 99.1% (1930/1948)
[2025-11-18 15:26:12][INFO][Rank 0] - train Epoch 8/24: 99.6% (1940/1948)
[2025-11-18 15:26:17][INFO][Rank 0] - train Epoch 8/24: 99.9% (1947/1948)
[2025-11-18 15:26:18][INFO][Rank 0] - train Loss: 0.1679 Acc: 0.9718 F1: 0.9854
[2025-11-18 15:26:18][INFO][Rank 0] - train Balanced Acc: 0.8807 AUC-ROC: 0.9673
[2025-11-18 15:26:18][INFO][Rank 0] - train Sensitivity: 0.9766 Specificity: 0.7848
[2025-11-18 15:26:18][INFO][Rank 0] - train Confusion Matrix: TP=18547, FP=105, FN=445, TN=383
[2025-11-18 15:26:18][INFO][Rank 0] - train completed in 1375.60s
[2025-11-18 15:26:18][INFO][Rank 0] - Data loading time: 0.93s, Forward time: 279.80s, Backward time: 745.84s
[2025-11-18 15:26:18][INFO][Rank 0] - train cache: 0/1 items, hit rate: 0.00%
[2025-11-18 15:26:18][INFO][Rank 0] - CUDA Memory [val][Step 0]: Device 0: Allocated: 3309.6 MB, Reserved: 117540.0 MB (Δ: +1687.0 MB)
[2025-11-18 15:26:18][INFO][Rank 0] - val phase: total 406 batches
[2025-11-18 15:26:18][INFO][Rank 0] - val Epoch 8/24: 0.0% (0/406)
[2025-11-18 15:26:23][INFO][Rank 0] - val Epoch 8/24: 2.5% (10/406)
[2025-11-18 15:26:28][INFO][Rank 0] - val Epoch 8/24: 4.9% (20/406)
[2025-11-18 15:26:33][INFO][Rank 0] - val Epoch 8/24: 7.4% (30/406)
[2025-11-18 15:26:38][INFO][Rank 0] - val Epoch 8/24: 9.9% (40/406)
[2025-11-18 15:26:43][INFO][Rank 0] - val Epoch 8/24: 12.3% (50/406)
[2025-11-18 15:26:48][INFO][Rank 0] - val Epoch 8/24: 14.8% (60/406)
[2025-11-18 15:26:53][INFO][Rank 0] - val Epoch 8/24: 17.2% (70/406)
[2025-11-18 15:26:58][INFO][Rank 0] - val Epoch 8/24: 19.7% (80/406)
[2025-11-18 15:27:03][INFO][Rank 0] - val Epoch 8/24: 22.2% (90/406)
[2025-11-18 15:27:08][INFO][Rank 0] - val Epoch 8/24: 24.6% (100/406)
[2025-11-18 15:27:13][INFO][Rank 0] - val Epoch 8/24: 27.1% (110/406)
[2025-11-18 15:27:18][INFO][Rank 0] - val Epoch 8/24: 29.6% (120/406)
[2025-11-18 15:27:18][INFO][Rank 0] - CUDA Memory [val][Step 120]: Device 0: Allocated: 3309.6 MB, Reserved: 117540.0 MB (Δ: +1687.0 MB)
[2025-11-18 15:27:23][INFO][Rank 0] - val Epoch 8/24: 32.0% (130/406)
[2025-11-18 15:27:28][INFO][Rank 0] - val Epoch 8/24: 34.5% (140/406)
[2025-11-18 15:27:33][INFO][Rank 0] - val Epoch 8/24: 36.9% (150/406)
[2025-11-18 15:27:38][INFO][Rank 0] - val Epoch 8/24: 39.4% (160/406)
[2025-11-18 15:27:43][INFO][Rank 0] - val Epoch 8/24: 41.9% (170/406)
[2025-11-18 15:27:48][INFO][Rank 0] - val Epoch 8/24: 44.3% (180/406)
[2025-11-18 15:27:53][INFO][Rank 0] - val Epoch 8/24: 46.8% (190/406)
[2025-11-18 15:27:58][INFO][Rank 0] - val Epoch 8/24: 49.3% (200/406)
[2025-11-18 15:28:03][INFO][Rank 0] - val Epoch 8/24: 51.7% (210/406)
[2025-11-18 15:28:08][INFO][Rank 0] - val Epoch 8/24: 54.2% (220/406)
[2025-11-18 15:28:13][INFO][Rank 0] - val Epoch 8/24: 56.7% (230/406)
[2025-11-18 15:28:17][INFO][Rank 0] - val Epoch 8/24: 59.1% (240/406)
[2025-11-18 15:28:22][INFO][Rank 0] - val Epoch 8/24: 61.6% (250/406)
[2025-11-18 15:28:27][INFO][Rank 0] - val Epoch 8/24: 64.0% (260/406)
[2025-11-18 15:28:32][INFO][Rank 0] - val Epoch 8/24: 66.5% (270/406)
[2025-11-18 15:28:33][INFO][Rank 0] - CUDA Memory [val][Step 270]: Device 0: Allocated: 3309.6 MB, Reserved: 117540.0 MB (Δ: +1687.0 MB)
[2025-11-18 15:28:37][INFO][Rank 0] - val Epoch 8/24: 69.0% (280/406)
[2025-11-18 15:28:42][INFO][Rank 0] - val Epoch 8/24: 71.4% (290/406)
[2025-11-18 15:28:47][INFO][Rank 0] - val Epoch 8/24: 73.9% (300/406)
[2025-11-18 15:28:52][INFO][Rank 0] - val Epoch 8/24: 76.4% (310/406)
[2025-11-18 15:28:57][INFO][Rank 0] - val Epoch 8/24: 78.8% (320/406)
[2025-11-18 15:29:02][INFO][Rank 0] - val Epoch 8/24: 81.3% (330/406)
[2025-11-18 15:29:07][INFO][Rank 0] - val Epoch 8/24: 83.7% (340/406)
[2025-11-18 15:29:12][INFO][Rank 0] - val Epoch 8/24: 86.2% (350/406)
[2025-11-18 15:29:17][INFO][Rank 0] - val Epoch 8/24: 88.7% (360/406)
[2025-11-18 15:29:22][INFO][Rank 0] - val Epoch 8/24: 91.1% (370/406)
[2025-11-18 15:29:27][INFO][Rank 0] - val Epoch 8/24: 93.6% (380/406)
[2025-11-18 15:29:32][INFO][Rank 0] - val Epoch 8/24: 96.1% (390/406)
[2025-11-18 15:29:37][INFO][Rank 0] - val Epoch 8/24: 98.5% (400/406)
[2025-11-18 15:29:39][INFO][Rank 0] - val Epoch 8/24: 99.8% (405/406)
[2025-11-18 15:29:40][INFO][Rank 0] - val Loss: 0.1119 Acc: 0.9749 F1: 0.9870
[2025-11-18 15:29:40][INFO][Rank 0] - val Balanced Acc: 0.9105 AUC-ROC: 0.9785
[2025-11-18 15:29:40][INFO][Rank 0] - val Sensitivity: 0.9785 Specificity: 0.8426
[2025-11-18 15:29:40][INFO][Rank 0] - val Confusion Matrix: TP=3867, FP=17, FN=85, TN=91
[2025-11-18 15:29:40][INFO][Rank 0] - val completed in 201.77s
[2025-11-18 15:29:40][INFO][Rank 0] - val cache: 0/1 items, hit rate: 0.00%
[2025-11-18 15:29:44][INFO][Rank 0] - Saved new best balanced_acc model with balanced_acc: 0.9105 at /projects/retprogression/rgarridogarcia/checkpoints/cropped1024_cropped_centered_allR_3/best_balanced_acc_model.pth
[2025-11-18 15:29:48][INFO][Rank 0] - Also saved as general best model at /projects/retprogression/rgarridogarcia/checkpoints/cropped1024_cropped_centered_allR_3/best_model.pth
[2025-11-18 15:29:52][INFO][Rank 0] - Saved new best auc model with auc: 0.9785 at /projects/retprogression/rgarridogarcia/checkpoints/cropped1024_cropped_centered_allR_3/best_auc_model.pth
[2025-11-18 15:29:56][INFO][Rank 0] - Saved epoch checkpoint at /projects/retprogression/rgarridogarcia/checkpoints/cropped1024_cropped_centered_allR_3/epoch_8.pth
[2025-11-18 15:29:56][INFO][Rank 0] - Epoch 8 summary:
[2025-11-18 15:29:56][INFO][Rank 0] -  Train Loss: 0.1679, Train Acc: 0.9718, Train F1: 0.9854
[2025-11-18 15:29:56][INFO][Rank 0] -  Train Balanced Acc: 0.8807, Train AUC: 0.9673
[2025-11-18 15:29:56][INFO][Rank 0] -  Train Sensitivity: 0.9766, Train Specificity: 0.7848
[2025-11-18 15:29:56][INFO][Rank 0] -  Val Loss: 0.1119, Val Acc: 0.9749, Val F1: 0.9870
[2025-11-18 15:29:56][INFO][Rank 0] -  Val Balanced Acc: 0.9105, Val AUC: 0.9785
[2025-11-18 15:29:56][INFO][Rank 0] -  Val Sensitivity: 0.9785, Val Specificity: 0.8426
[2025-11-18 15:29:56][INFO][Rank 0] -  Total Epoch Time: 1593.51s
[2025-11-18 15:29:56][INFO][Rank 0] - Epoch 9/24
[2025-11-18 15:29:56][INFO][Rank 0] - ----------
[2025-11-18 15:29:56][INFO][Rank 0] - CUDA Memory [train][Step 0]: Device 0: Allocated: 3309.6 MB, Reserved: 117540.0 MB (Δ: +1687.0 MB)
[2025-11-18 15:29:56][INFO][Rank 0] - train phase: total 1948 batches
[2025-11-18 15:29:56][INFO][Rank 0] - train Epoch 9/24: 0.0% (0/1948)
[2025-11-18 15:30:03][INFO][Rank 0] - train Epoch 9/24: 0.5% (10/1948)
[2025-11-18 15:30:10][INFO][Rank 0] - train Epoch 9/24: 1.0% (20/1948)
[2025-11-18 15:30:18][INFO][Rank 0] - train Epoch 9/24: 1.5% (30/1948)
[2025-11-18 15:30:25][INFO][Rank 0] - train Epoch 9/24: 2.1% (40/1948)
[2025-11-18 15:30:32][INFO][Rank 0] - train Epoch 9/24: 2.6% (50/1948)
[2025-11-18 15:30:39][INFO][Rank 0] - train Epoch 9/24: 3.1% (60/1948)
[2025-11-18 15:30:46][INFO][Rank 0] - train Epoch 9/24: 3.6% (70/1948)
[2025-11-18 15:30:53][INFO][Rank 0] - train Epoch 9/24: 4.1% (80/1948)
[2025-11-18 15:31:00][INFO][Rank 0] - train Epoch 9/24: 4.6% (90/1948)
[2025-11-18 15:31:01][INFO][Rank 0] - CUDA Memory [train][Step 90]: Device 0: Allocated: 3309.6 MB, Reserved: 117540.0 MB (Δ: +1687.0 MB)
[2025-11-18 15:31:07][INFO][Rank 0] - train Epoch 9/24: 5.1% (100/1948)
[2025-11-18 15:31:14][INFO][Rank 0] - train Epoch 9/24: 5.6% (110/1948)
[2025-11-18 15:31:21][INFO][Rank 0] - train Epoch 9/24: 6.2% (120/1948)
[2025-11-18 15:31:28][INFO][Rank 0] - train Epoch 9/24: 6.7% (130/1948)
[2025-11-18 15:31:35][INFO][Rank 0] - train Epoch 9/24: 7.2% (140/1948)
[2025-11-18 15:31:42][INFO][Rank 0] - train Epoch 9/24: 7.7% (150/1948)
[2025-11-18 15:31:49][INFO][Rank 0] - train Epoch 9/24: 8.2% (160/1948)
[2025-11-18 15:31:56][INFO][Rank 0] - train Epoch 9/24: 8.7% (170/1948)
[2025-11-18 15:32:03][INFO][Rank 0] - train Epoch 9/24: 9.2% (180/1948)
[2025-11-18 15:32:04][INFO][Rank 0] - CUDA Memory [train][Step 180]: Device 0: Allocated: 3309.6 MB, Reserved: 117540.0 MB (Δ: +1687.0 MB)
[2025-11-18 15:32:11][INFO][Rank 0] - train Epoch 9/24: 9.8% (190/1948)
[2025-11-18 15:32:18][INFO][Rank 0] - train Epoch 9/24: 10.3% (200/1948)
[2025-11-18 15:32:25][INFO][Rank 0] - train Epoch 9/24: 10.8% (210/1948)
[2025-11-18 15:32:32][INFO][Rank 0] - train Epoch 9/24: 11.3% (220/1948)
[2025-11-18 15:32:39][INFO][Rank 0] - train Epoch 9/24: 11.8% (230/1948)
[2025-11-18 15:32:46][INFO][Rank 0] - train Epoch 9/24: 12.3% (240/1948)
[2025-11-18 15:32:53][INFO][Rank 0] - train Epoch 9/24: 12.8% (250/1948)
[2025-11-18 15:33:00][INFO][Rank 0] - train Epoch 9/24: 13.3% (260/1948)
[2025-11-18 15:33:07][INFO][Rank 0] - train Epoch 9/24: 13.9% (270/1948)
[2025-11-18 15:33:08][INFO][Rank 0] - CUDA Memory [train][Step 270]: Device 0: Allocated: 3309.6 MB, Reserved: 117540.0 MB (Δ: +1687.0 MB)
[2025-11-18 15:33:14][INFO][Rank 0] - train Epoch 9/24: 14.4% (280/1948)
[2025-11-18 15:33:21][INFO][Rank 0] - train Epoch 9/24: 14.9% (290/1948)
[2025-11-18 15:33:28][INFO][Rank 0] - train Epoch 9/24: 15.4% (300/1948)
[2025-11-18 15:33:35][INFO][Rank 0] - train Epoch 9/24: 15.9% (310/1948)
[2025-11-18 15:33:42][INFO][Rank 0] - train Epoch 9/24: 16.4% (320/1948)
[2025-11-18 15:33:49][INFO][Rank 0] - train Epoch 9/24: 16.9% (330/1948)
[2025-11-18 15:33:56][INFO][Rank 0] - train Epoch 9/24: 17.5% (340/1948)
[2025-11-18 15:34:04][INFO][Rank 0] - train Epoch 9/24: 18.0% (350/1948)
[2025-11-18 15:34:11][INFO][Rank 0] - train Epoch 9/24: 18.5% (360/1948)
[2025-11-18 15:34:11][INFO][Rank 0] - CUDA Memory [train][Step 360]: Device 0: Allocated: 3309.6 MB, Reserved: 117540.0 MB (Δ: +1687.0 MB)
[2025-11-18 15:34:18][INFO][Rank 0] - train Epoch 9/24: 19.0% (370/1948)
[2025-11-18 15:34:25][INFO][Rank 0] - train Epoch 9/24: 19.5% (380/1948)
[2025-11-18 15:34:32][INFO][Rank 0] - train Epoch 9/24: 20.0% (390/1948)
[2025-11-18 15:34:39][INFO][Rank 0] - train Epoch 9/24: 20.5% (400/1948)
[2025-11-18 15:34:46][INFO][Rank 0] - train Epoch 9/24: 21.0% (410/1948)
[2025-11-18 15:34:53][INFO][Rank 0] - train Epoch 9/24: 21.6% (420/1948)
[2025-11-18 15:35:00][INFO][Rank 0] - train Epoch 9/24: 22.1% (430/1948)
[2025-11-18 15:35:07][INFO][Rank 0] - train Epoch 9/24: 22.6% (440/1948)
[2025-11-18 15:35:14][INFO][Rank 0] - train Epoch 9/24: 23.1% (450/1948)
[2025-11-18 15:35:15][INFO][Rank 0] - CUDA Memory [train][Step 450]: Device 0: Allocated: 3309.6 MB, Reserved: 117540.0 MB (Δ: +1687.0 MB)
[2025-11-18 15:35:21][INFO][Rank 0] - train Epoch 9/24: 23.6% (460/1948)
[2025-11-18 15:35:28][INFO][Rank 0] - train Epoch 9/24: 24.1% (470/1948)
[2025-11-18 15:35:35][INFO][Rank 0] - train Epoch 9/24: 24.6% (480/1948)
[2025-11-18 15:35:42][INFO][Rank 0] - train Epoch 9/24: 25.2% (490/1948)
[2025-11-18 15:35:49][INFO][Rank 0] - train Epoch 9/24: 25.7% (500/1948)
[2025-11-18 15:35:56][INFO][Rank 0] - train Epoch 9/24: 26.2% (510/1948)
[2025-11-18 15:36:04][INFO][Rank 0] - train Epoch 9/24: 26.7% (520/1948)
[2025-11-18 15:36:11][INFO][Rank 0] - train Epoch 9/24: 27.2% (530/1948)
[2025-11-18 15:36:18][INFO][Rank 0] - train Epoch 9/24: 27.7% (540/1948)
[2025-11-18 15:36:18][INFO][Rank 0] - CUDA Memory [train][Step 540]: Device 0: Allocated: 3309.6 MB, Reserved: 117540.0 MB (Δ: +1687.0 MB)
[2025-11-18 15:36:25][INFO][Rank 0] - train Epoch 9/24: 28.2% (550/1948)
[2025-11-18 15:36:32][INFO][Rank 0] - train Epoch 9/24: 28.7% (560/1948)
[2025-11-18 15:36:39][INFO][Rank 0] - train Epoch 9/24: 29.3% (570/1948)
[2025-11-18 15:36:46][INFO][Rank 0] - train Epoch 9/24: 29.8% (580/1948)
[2025-11-18 15:36:53][INFO][Rank 0] - train Epoch 9/24: 30.3% (590/1948)
[2025-11-18 15:37:00][INFO][Rank 0] - train Epoch 9/24: 30.8% (600/1948)
[2025-11-18 15:37:07][INFO][Rank 0] - train Epoch 9/24: 31.3% (610/1948)
[2025-11-18 15:37:14][INFO][Rank 0] - train Epoch 9/24: 31.8% (620/1948)
[2025-11-18 15:37:21][INFO][Rank 0] - train Epoch 9/24: 32.3% (630/1948)
[2025-11-18 15:37:22][INFO][Rank 0] - CUDA Memory [train][Step 630]: Device 0: Allocated: 3309.6 MB, Reserved: 117540.0 MB (Δ: +1687.0 MB)
[2025-11-18 15:37:28][INFO][Rank 0] - train Epoch 9/24: 32.9% (640/1948)
[2025-11-18 15:37:35][INFO][Rank 0] - train Epoch 9/24: 33.4% (650/1948)
[2025-11-18 15:37:42][INFO][Rank 0] - train Epoch 9/24: 33.9% (660/1948)
[2025-11-18 15:37:49][INFO][Rank 0] - train Epoch 9/24: 34.4% (670/1948)
[2025-11-18 15:37:56][INFO][Rank 0] - train Epoch 9/24: 34.9% (680/1948)
[2025-11-18 15:38:04][INFO][Rank 0] - train Epoch 9/24: 35.4% (690/1948)
[2025-11-18 15:38:11][INFO][Rank 0] - train Epoch 9/24: 35.9% (700/1948)
[2025-11-18 15:38:18][INFO][Rank 0] - train Epoch 9/24: 36.4% (710/1948)
[2025-11-18 15:38:25][INFO][Rank 0] - train Epoch 9/24: 37.0% (720/1948)
[2025-11-18 15:38:25][INFO][Rank 0] - CUDA Memory [train][Step 720]: Device 0: Allocated: 3309.6 MB, Reserved: 117540.0 MB (Δ: +1687.0 MB)
[2025-11-18 15:38:32][INFO][Rank 0] - train Epoch 9/24: 37.5% (730/1948)
[2025-11-18 15:38:39][INFO][Rank 0] - train Epoch 9/24: 38.0% (740/1948)
[2025-11-18 15:38:46][INFO][Rank 0] - train Epoch 9/24: 38.5% (750/1948)
[2025-11-18 15:38:53][INFO][Rank 0] - train Epoch 9/24: 39.0% (760/1948)
[2025-11-18 15:39:00][INFO][Rank 0] - train Epoch 9/24: 39.5% (770/1948)
[2025-11-18 15:39:07][INFO][Rank 0] - train Epoch 9/24: 40.0% (780/1948)
[2025-11-18 15:39:14][INFO][Rank 0] - train Epoch 9/24: 40.6% (790/1948)
[2025-11-18 15:39:21][INFO][Rank 0] - train Epoch 9/24: 41.1% (800/1948)
[2025-11-18 15:39:28][INFO][Rank 0] - train Epoch 9/24: 41.6% (810/1948)
[2025-11-18 15:39:29][INFO][Rank 0] - CUDA Memory [train][Step 810]: Device 0: Allocated: 3309.6 MB, Reserved: 117540.0 MB (Δ: +1687.0 MB)
[2025-11-18 15:39:35][INFO][Rank 0] - train Epoch 9/24: 42.1% (820/1948)
[2025-11-18 15:39:42][INFO][Rank 0] - train Epoch 9/24: 42.6% (830/1948)
[2025-11-18 15:39:49][INFO][Rank 0] - train Epoch 9/24: 43.1% (840/1948)
[2025-11-18 15:39:56][INFO][Rank 0] - train Epoch 9/24: 43.6% (850/1948)
[2025-11-18 15:40:04][INFO][Rank 0] - train Epoch 9/24: 44.1% (860/1948)
[2025-11-18 15:40:11][INFO][Rank 0] - train Epoch 9/24: 44.7% (870/1948)
[2025-11-18 15:40:18][INFO][Rank 0] - train Epoch 9/24: 45.2% (880/1948)
[2025-11-18 15:40:25][INFO][Rank 0] - train Epoch 9/24: 45.7% (890/1948)
[2025-11-18 15:40:32][INFO][Rank 0] - train Epoch 9/24: 46.2% (900/1948)
[2025-11-18 15:40:32][INFO][Rank 0] - CUDA Memory [train][Step 900]: Device 0: Allocated: 3309.6 MB, Reserved: 117540.0 MB (Δ: +1687.0 MB)
[2025-11-18 15:40:39][INFO][Rank 0] - train Epoch 9/24: 46.7% (910/1948)
[2025-11-18 15:40:46][INFO][Rank 0] - train Epoch 9/24: 47.2% (920/1948)
[2025-11-18 15:40:53][INFO][Rank 0] - train Epoch 9/24: 47.7% (930/1948)
[2025-11-18 15:41:00][INFO][Rank 0] - train Epoch 9/24: 48.3% (940/1948)
[2025-11-18 15:41:07][INFO][Rank 0] - train Epoch 9/24: 48.8% (950/1948)
[2025-11-18 15:41:14][INFO][Rank 0] - train Epoch 9/24: 49.3% (960/1948)
[2025-11-18 15:41:21][INFO][Rank 0] - train Epoch 9/24: 49.8% (970/1948)
[2025-11-18 15:41:28][INFO][Rank 0] - train Epoch 9/24: 50.3% (980/1948)
[2025-11-18 15:41:35][INFO][Rank 0] - train Epoch 9/24: 50.8% (990/1948)
[2025-11-18 15:41:36][INFO][Rank 0] - CUDA Memory [train][Step 990]: Device 0: Allocated: 3309.6 MB, Reserved: 117540.0 MB (Δ: +1687.0 MB)
[2025-11-18 15:41:42][INFO][Rank 0] - train Epoch 9/24: 51.3% (1000/1948)
[2025-11-18 15:41:49][INFO][Rank 0] - train Epoch 9/24: 51.8% (1010/1948)
[2025-11-18 15:41:56][INFO][Rank 0] - train Epoch 9/24: 52.4% (1020/1948)
[2025-11-18 15:42:04][INFO][Rank 0] - train Epoch 9/24: 52.9% (1030/1948)
[2025-11-18 15:42:11][INFO][Rank 0] - train Epoch 9/24: 53.4% (1040/1948)
[2025-11-18 15:42:18][INFO][Rank 0] - train Epoch 9/24: 53.9% (1050/1948)
[2025-11-18 15:42:25][INFO][Rank 0] - train Epoch 9/24: 54.4% (1060/1948)
[2025-11-18 15:42:32][INFO][Rank 0] - train Epoch 9/24: 54.9% (1070/1948)
[2025-11-18 15:42:39][INFO][Rank 0] - train Epoch 9/24: 55.4% (1080/1948)
[2025-11-18 15:42:40][INFO][Rank 0] - CUDA Memory [train][Step 1080]: Device 0: Allocated: 3309.6 MB, Reserved: 117540.0 MB (Δ: +1687.0 MB)
[2025-11-18 15:42:46][INFO][Rank 0] - train Epoch 9/24: 56.0% (1090/1948)
[2025-11-18 15:42:53][INFO][Rank 0] - train Epoch 9/24: 56.5% (1100/1948)
[2025-11-18 15:43:00][INFO][Rank 0] - train Epoch 9/24: 57.0% (1110/1948)
[2025-11-18 15:43:07][INFO][Rank 0] - train Epoch 9/24: 57.5% (1120/1948)
[2025-11-18 15:43:14][INFO][Rank 0] - train Epoch 9/24: 58.0% (1130/1948)
[2025-11-18 15:43:21][INFO][Rank 0] - train Epoch 9/24: 58.5% (1140/1948)
[2025-11-18 15:43:28][INFO][Rank 0] - train Epoch 9/24: 59.0% (1150/1948)
[2025-11-18 15:43:35][INFO][Rank 0] - train Epoch 9/24: 59.5% (1160/1948)
[2025-11-18 15:43:42][INFO][Rank 0] - train Epoch 9/24: 60.1% (1170/1948)
[2025-11-18 15:43:43][INFO][Rank 0] - CUDA Memory [train][Step 1170]: Device 0: Allocated: 3309.6 MB, Reserved: 117540.0 MB (Δ: +1687.0 MB)
[2025-11-18 15:43:49][INFO][Rank 0] - train Epoch 9/24: 60.6% (1180/1948)
[2025-11-18 15:43:56][INFO][Rank 0] - train Epoch 9/24: 61.1% (1190/1948)
[2025-11-18 15:44:04][INFO][Rank 0] - train Epoch 9/24: 61.6% (1200/1948)
[2025-11-18 15:44:11][INFO][Rank 0] - train Epoch 9/24: 62.1% (1210/1948)
[2025-11-18 15:44:18][INFO][Rank 0] - train Epoch 9/24: 62.6% (1220/1948)
[2025-11-18 15:44:25][INFO][Rank 0] - train Epoch 9/24: 63.1% (1230/1948)
[2025-11-18 15:44:32][INFO][Rank 0] - train Epoch 9/24: 63.7% (1240/1948)
[2025-11-18 15:44:39][INFO][Rank 0] - train Epoch 9/24: 64.2% (1250/1948)
[2025-11-18 15:44:46][INFO][Rank 0] - train Epoch 9/24: 64.7% (1260/1948)
[2025-11-18 15:44:47][INFO][Rank 0] - CUDA Memory [train][Step 1260]: Device 0: Allocated: 3309.6 MB, Reserved: 117540.0 MB (Δ: +1687.0 MB)
[2025-11-18 15:44:53][INFO][Rank 0] - train Epoch 9/24: 65.2% (1270/1948)
[2025-11-18 15:45:00][INFO][Rank 0] - train Epoch 9/24: 65.7% (1280/1948)
[2025-11-18 15:45:07][INFO][Rank 0] - train Epoch 9/24: 66.2% (1290/1948)
[2025-11-18 15:45:14][INFO][Rank 0] - train Epoch 9/24: 66.7% (1300/1948)
[2025-11-18 15:45:21][INFO][Rank 0] - train Epoch 9/24: 67.2% (1310/1948)
[2025-11-18 15:45:28][INFO][Rank 0] - train Epoch 9/24: 67.8% (1320/1948)
[2025-11-18 15:45:35][INFO][Rank 0] - train Epoch 9/24: 68.3% (1330/1948)
[2025-11-18 15:45:42][INFO][Rank 0] - train Epoch 9/24: 68.8% (1340/1948)
[2025-11-18 15:45:49][INFO][Rank 0] - train Epoch 9/24: 69.3% (1350/1948)
[2025-11-18 15:45:50][INFO][Rank 0] - CUDA Memory [train][Step 1350]: Device 0: Allocated: 3309.6 MB, Reserved: 117540.0 MB (Δ: +1687.0 MB)
[2025-11-18 15:45:57][INFO][Rank 0] - train Epoch 9/24: 69.8% (1360/1948)
[2025-11-18 15:46:04][INFO][Rank 0] - train Epoch 9/24: 70.3% (1370/1948)
[2025-11-18 15:46:11][INFO][Rank 0] - train Epoch 9/24: 70.8% (1380/1948)
[2025-11-18 15:46:18][INFO][Rank 0] - train Epoch 9/24: 71.4% (1390/1948)
[2025-11-18 15:46:25][INFO][Rank 0] - train Epoch 9/24: 71.9% (1400/1948)
[2025-11-18 15:46:32][INFO][Rank 0] - train Epoch 9/24: 72.4% (1410/1948)
[2025-11-18 15:46:39][INFO][Rank 0] - train Epoch 9/24: 72.9% (1420/1948)
[2025-11-18 15:46:46][INFO][Rank 0] - train Epoch 9/24: 73.4% (1430/1948)
[2025-11-18 15:46:53][INFO][Rank 0] - train Epoch 9/24: 73.9% (1440/1948)
[2025-11-18 15:46:54][INFO][Rank 0] - CUDA Memory [train][Step 1440]: Device 0: Allocated: 3309.6 MB, Reserved: 117540.0 MB (Δ: +1687.0 MB)
[2025-11-18 15:47:00][INFO][Rank 0] - train Epoch 9/24: 74.4% (1450/1948)
[2025-11-18 15:47:07][INFO][Rank 0] - train Epoch 9/24: 74.9% (1460/1948)
[2025-11-18 15:47:14][INFO][Rank 0] - train Epoch 9/24: 75.5% (1470/1948)
[2025-11-18 15:47:21][INFO][Rank 0] - train Epoch 9/24: 76.0% (1480/1948)
[2025-11-18 15:47:28][INFO][Rank 0] - train Epoch 9/24: 76.5% (1490/1948)
[2025-11-18 15:47:35][INFO][Rank 0] - train Epoch 9/24: 77.0% (1500/1948)
[2025-11-18 15:47:42][INFO][Rank 0] - train Epoch 9/24: 77.5% (1510/1948)
[2025-11-18 15:47:49][INFO][Rank 0] - train Epoch 9/24: 78.0% (1520/1948)
[2025-11-18 15:47:57][INFO][Rank 0] - train Epoch 9/24: 78.5% (1530/1948)
[2025-11-18 15:47:57][INFO][Rank 0] - CUDA Memory [train][Step 1530]: Device 0: Allocated: 3309.6 MB, Reserved: 117540.0 MB (Δ: +1687.0 MB)
[2025-11-18 15:48:04][INFO][Rank 0] - train Epoch 9/24: 79.1% (1540/1948)
[2025-11-18 15:48:11][INFO][Rank 0] - train Epoch 9/24: 79.6% (1550/1948)
[2025-11-18 15:48:18][INFO][Rank 0] - train Epoch 9/24: 80.1% (1560/1948)
[2025-11-18 15:48:25][INFO][Rank 0] - train Epoch 9/24: 80.6% (1570/1948)
[2025-11-18 15:48:32][INFO][Rank 0] - train Epoch 9/24: 81.1% (1580/1948)
[2025-11-18 15:48:39][INFO][Rank 0] - train Epoch 9/24: 81.6% (1590/1948)
[2025-11-18 15:48:46][INFO][Rank 0] - train Epoch 9/24: 82.1% (1600/1948)
[2025-11-18 15:48:53][INFO][Rank 0] - train Epoch 9/24: 82.6% (1610/1948)
[2025-11-18 15:49:00][INFO][Rank 0] - train Epoch 9/24: 83.2% (1620/1948)
[2025-11-18 15:49:01][INFO][Rank 0] - CUDA Memory [train][Step 1620]: Device 0: Allocated: 3309.6 MB, Reserved: 117540.0 MB (Δ: +1687.0 MB)
[2025-11-18 15:49:07][INFO][Rank 0] - train Epoch 9/24: 83.7% (1630/1948)
[2025-11-18 15:49:14][INFO][Rank 0] - train Epoch 9/24: 84.2% (1640/1948)
[2025-11-18 15:49:21][INFO][Rank 0] - train Epoch 9/24: 84.7% (1650/1948)
[2025-11-18 15:49:28][INFO][Rank 0] - train Epoch 9/24: 85.2% (1660/1948)
[2025-11-18 15:49:35][INFO][Rank 0] - train Epoch 9/24: 85.7% (1670/1948)
[2025-11-18 15:49:42][INFO][Rank 0] - train Epoch 9/24: 86.2% (1680/1948)
[2025-11-18 15:49:49][INFO][Rank 0] - train Epoch 9/24: 86.8% (1690/1948)
[2025-11-18 15:49:57][INFO][Rank 0] - train Epoch 9/24: 87.3% (1700/1948)
[2025-11-18 15:50:04][INFO][Rank 0] - train Epoch 9/24: 87.8% (1710/1948)
[2025-11-18 15:50:04][INFO][Rank 0] - CUDA Memory [train][Step 1710]: Device 0: Allocated: 3309.6 MB, Reserved: 117540.0 MB (Δ: +1687.0 MB)
[2025-11-18 15:50:11][INFO][Rank 0] - train Epoch 9/24: 88.3% (1720/1948)
[2025-11-18 15:50:18][INFO][Rank 0] - train Epoch 9/24: 88.8% (1730/1948)
[2025-11-18 15:50:25][INFO][Rank 0] - train Epoch 9/24: 89.3% (1740/1948)
[2025-11-18 15:50:32][INFO][Rank 0] - train Epoch 9/24: 89.8% (1750/1948)
[2025-11-18 15:50:39][INFO][Rank 0] - train Epoch 9/24: 90.3% (1760/1948)
[2025-11-18 15:50:46][INFO][Rank 0] - train Epoch 9/24: 90.9% (1770/1948)
[2025-11-18 15:50:53][INFO][Rank 0] - train Epoch 9/24: 91.4% (1780/1948)
[2025-11-18 15:51:00][INFO][Rank 0] - train Epoch 9/24: 91.9% (1790/1948)
[2025-11-18 15:51:07][INFO][Rank 0] - train Epoch 9/24: 92.4% (1800/1948)
[2025-11-18 15:51:08][INFO][Rank 0] - CUDA Memory [train][Step 1800]: Device 0: Allocated: 3309.6 MB, Reserved: 117540.0 MB (Δ: +1687.0 MB)
[2025-11-18 15:51:14][INFO][Rank 0] - train Epoch 9/24: 92.9% (1810/1948)
[2025-11-18 15:51:21][INFO][Rank 0] - train Epoch 9/24: 93.4% (1820/1948)
[2025-11-18 15:51:28][INFO][Rank 0] - train Epoch 9/24: 93.9% (1830/1948)
[2025-11-18 15:51:35][INFO][Rank 0] - train Epoch 9/24: 94.5% (1840/1948)
[2025-11-18 15:51:42][INFO][Rank 0] - train Epoch 9/24: 95.0% (1850/1948)
[2025-11-18 15:51:49][INFO][Rank 0] - train Epoch 9/24: 95.5% (1860/1948)
[2025-11-18 15:51:57][INFO][Rank 0] - train Epoch 9/24: 96.0% (1870/1948)
[2025-11-18 15:52:04][INFO][Rank 0] - train Epoch 9/24: 96.5% (1880/1948)
[2025-11-18 15:52:11][INFO][Rank 0] - train Epoch 9/24: 97.0% (1890/1948)
[2025-11-18 15:52:11][INFO][Rank 0] - CUDA Memory [train][Step 1890]: Device 0: Allocated: 3309.6 MB, Reserved: 117540.0 MB (Δ: +1687.0 MB)
[2025-11-18 15:52:18][INFO][Rank 0] - train Epoch 9/24: 97.5% (1900/1948)
[2025-11-18 15:52:25][INFO][Rank 0] - train Epoch 9/24: 98.0% (1910/1948)
[2025-11-18 15:52:32][INFO][Rank 0] - train Epoch 9/24: 98.6% (1920/1948)
[2025-11-18 15:52:39][INFO][Rank 0] - train Epoch 9/24: 99.1% (1930/1948)
[2025-11-18 15:52:46][INFO][Rank 0] - train Epoch 9/24: 99.6% (1940/1948)
[2025-11-18 15:52:51][INFO][Rank 0] - train Epoch 9/24: 99.9% (1947/1948)
[2025-11-18 15:52:52][INFO][Rank 0] - train Loss: 0.1661 Acc: 0.9709 F1: 0.9850
[2025-11-18 15:52:52][INFO][Rank 0] - train Balanced Acc: 0.8873 AUC-ROC: 0.9666
[2025-11-18 15:52:52][INFO][Rank 0] - train Sensitivity: 0.9754 Specificity: 0.7992
[2025-11-18 15:52:52][INFO][Rank 0] - train Confusion Matrix: TP=18524, FP=98, FN=468, TN=390
[2025-11-18 15:52:52][INFO][Rank 0] - train completed in 1375.60s
[2025-11-18 15:52:52][INFO][Rank 0] - Data loading time: 0.99s, Forward time: 279.82s, Backward time: 745.83s
[2025-11-18 15:52:52][INFO][Rank 0] - train cache: 0/1 items, hit rate: 0.00%
[2025-11-18 15:52:52][INFO][Rank 0] - CUDA Memory [val][Step 0]: Device 0: Allocated: 3309.6 MB, Reserved: 117540.0 MB (Δ: +1687.0 MB)
[2025-11-18 15:52:52][INFO][Rank 0] - val phase: total 406 batches
[2025-11-18 15:52:52][INFO][Rank 0] - val Epoch 9/24: 0.0% (0/406)
[2025-11-18 15:52:57][INFO][Rank 0] - val Epoch 9/24: 2.5% (10/406)
[2025-11-18 15:53:02][INFO][Rank 0] - val Epoch 9/24: 4.9% (20/406)
[2025-11-18 15:53:07][INFO][Rank 0] - val Epoch 9/24: 7.4% (30/406)
[2025-11-18 15:53:12][INFO][Rank 0] - val Epoch 9/24: 9.9% (40/406)
[2025-11-18 15:53:17][INFO][Rank 0] - val Epoch 9/24: 12.3% (50/406)
[2025-11-18 15:53:21][INFO][Rank 0] - val Epoch 9/24: 14.8% (60/406)
[2025-11-18 15:53:26][INFO][Rank 0] - val Epoch 9/24: 17.2% (70/406)
[2025-11-18 15:53:31][INFO][Rank 0] - val Epoch 9/24: 19.7% (80/406)
[2025-11-18 15:53:36][INFO][Rank 0] - val Epoch 9/24: 22.2% (90/406)
[2025-11-18 15:53:41][INFO][Rank 0] - val Epoch 9/24: 24.6% (100/406)
[2025-11-18 15:53:46][INFO][Rank 0] - val Epoch 9/24: 27.1% (110/406)
[2025-11-18 15:53:51][INFO][Rank 0] - val Epoch 9/24: 29.6% (120/406)
[2025-11-18 15:53:52][INFO][Rank 0] - CUDA Memory [val][Step 120]: Device 0: Allocated: 3309.6 MB, Reserved: 117540.0 MB (Δ: +1687.0 MB)
[2025-11-18 15:53:56][INFO][Rank 0] - val Epoch 9/24: 32.0% (130/406)
[2025-11-18 15:54:01][INFO][Rank 0] - val Epoch 9/24: 34.5% (140/406)
[2025-11-18 15:54:06][INFO][Rank 0] - val Epoch 9/24: 36.9% (150/406)
[2025-11-18 15:54:11][INFO][Rank 0] - val Epoch 9/24: 39.4% (160/406)
[2025-11-18 15:54:16][INFO][Rank 0] - val Epoch 9/24: 41.9% (170/406)
[2025-11-18 15:54:21][INFO][Rank 0] - val Epoch 9/24: 44.3% (180/406)
[2025-11-18 15:54:26][INFO][Rank 0] - val Epoch 9/24: 46.8% (190/406)
[2025-11-18 15:54:31][INFO][Rank 0] - val Epoch 9/24: 49.3% (200/406)
[2025-11-18 15:54:36][INFO][Rank 0] - val Epoch 9/24: 51.7% (210/406)
[2025-11-18 15:54:41][INFO][Rank 0] - val Epoch 9/24: 54.2% (220/406)
[2025-11-18 15:54:46][INFO][Rank 0] - val Epoch 9/24: 56.7% (230/406)
[2025-11-18 15:54:51][INFO][Rank 0] - val Epoch 9/24: 59.1% (240/406)
[2025-11-18 15:54:56][INFO][Rank 0] - val Epoch 9/24: 61.6% (250/406)
[2025-11-18 15:55:01][INFO][Rank 0] - val Epoch 9/24: 64.0% (260/406)
[2025-11-18 15:55:06][INFO][Rank 0] - val Epoch 9/24: 66.5% (270/406)
[2025-11-18 15:55:06][INFO][Rank 0] - CUDA Memory [val][Step 270]: Device 0: Allocated: 3309.6 MB, Reserved: 117540.0 MB (Δ: +1687.0 MB)
[2025-11-18 15:55:11][INFO][Rank 0] - val Epoch 9/24: 69.0% (280/406)
[2025-11-18 15:55:16][INFO][Rank 0] - val Epoch 9/24: 71.4% (290/406)
[2025-11-18 15:55:21][INFO][Rank 0] - val Epoch 9/24: 73.9% (300/406)
[2025-11-18 15:55:25][INFO][Rank 0] - val Epoch 9/24: 76.4% (310/406)
[2025-11-18 15:55:30][INFO][Rank 0] - val Epoch 9/24: 78.8% (320/406)
[2025-11-18 15:55:35][INFO][Rank 0] - val Epoch 9/24: 81.3% (330/406)
[2025-11-18 15:55:40][INFO][Rank 0] - val Epoch 9/24: 83.7% (340/406)
[2025-11-18 15:55:45][INFO][Rank 0] - val Epoch 9/24: 86.2% (350/406)
[2025-11-18 15:55:50][INFO][Rank 0] - val Epoch 9/24: 88.7% (360/406)
[2025-11-18 15:55:55][INFO][Rank 0] - val Epoch 9/24: 91.1% (370/406)
[2025-11-18 15:56:00][INFO][Rank 0] - val Epoch 9/24: 93.6% (380/406)
[2025-11-18 15:56:05][INFO][Rank 0] - val Epoch 9/24: 96.1% (390/406)
[2025-11-18 15:56:10][INFO][Rank 0] - val Epoch 9/24: 98.5% (400/406)
[2025-11-18 15:56:13][INFO][Rank 0] - val Epoch 9/24: 99.8% (405/406)
[2025-11-18 15:56:13][INFO][Rank 0] - val Loss: 0.1096 Acc: 0.9744 F1: 0.9867
[2025-11-18 15:56:13][INFO][Rank 0] - val Balanced Acc: 0.9103 AUC-ROC: 0.9793
[2025-11-18 15:56:13][INFO][Rank 0] - val Sensitivity: 0.9780 Specificity: 0.8426
[2025-11-18 15:56:13][INFO][Rank 0] - val Confusion Matrix: TP=3865, FP=17, FN=87, TN=91
[2025-11-18 15:56:13][INFO][Rank 0] - val completed in 201.54s
[2025-11-18 15:56:13][INFO][Rank 0] - val cache: 0/1 items, hit rate: 0.00%
[2025-11-18 15:56:17][INFO][Rank 0] - Saved new best auc model with auc: 0.9793 at /projects/retprogression/rgarridogarcia/checkpoints/cropped1024_cropped_centered_allR_3/best_auc_model.pth
[2025-11-18 15:56:21][INFO][Rank 0] - Saved epoch checkpoint at /projects/retprogression/rgarridogarcia/checkpoints/cropped1024_cropped_centered_allR_3/epoch_9.pth
[2025-11-18 15:56:21][INFO][Rank 0] - Epoch 9 summary:
[2025-11-18 15:56:21][INFO][Rank 0] -  Train Loss: 0.1661, Train Acc: 0.9709, Train F1: 0.9850
[2025-11-18 15:56:21][INFO][Rank 0] -  Train Balanced Acc: 0.8873, Train AUC: 0.9666
[2025-11-18 15:56:21][INFO][Rank 0] -  Train Sensitivity: 0.9754, Train Specificity: 0.7992
[2025-11-18 15:56:21][INFO][Rank 0] -  Val Loss: 0.1096, Val Acc: 0.9744, Val F1: 0.9867
[2025-11-18 15:56:21][INFO][Rank 0] -  Val Balanced Acc: 0.9103, Val AUC: 0.9793
[2025-11-18 15:56:21][INFO][Rank 0] -  Val Sensitivity: 0.9780, Val Specificity: 0.8426
[2025-11-18 15:56:21][INFO][Rank 0] -  Total Epoch Time: 1585.13s
[2025-11-18 15:56:21][INFO][Rank 0] - Epoch 10/24
[2025-11-18 15:56:21][INFO][Rank 0] - ----------
[2025-11-18 15:56:21][INFO][Rank 0] - CUDA Memory [train][Step 0]: Device 0: Allocated: 3309.6 MB, Reserved: 117540.0 MB (Δ: +1687.0 MB)
[2025-11-18 15:56:21][INFO][Rank 0] - train phase: total 1948 batches
[2025-11-18 15:56:21][INFO][Rank 0] - train Epoch 10/24: 0.0% (0/1948)
[2025-11-18 15:56:28][INFO][Rank 0] - train Epoch 10/24: 0.5% (10/1948)
[2025-11-18 15:56:36][INFO][Rank 0] - train Epoch 10/24: 1.0% (20/1948)
[2025-11-18 15:56:43][INFO][Rank 0] - train Epoch 10/24: 1.5% (30/1948)
[2025-11-18 15:56:50][INFO][Rank 0] - train Epoch 10/24: 2.1% (40/1948)
[2025-11-18 15:56:57][INFO][Rank 0] - train Epoch 10/24: 2.6% (50/1948)
[2025-11-18 15:57:04][INFO][Rank 0] - train Epoch 10/24: 3.1% (60/1948)
[2025-11-18 15:57:11][INFO][Rank 0] - train Epoch 10/24: 3.6% (70/1948)
[2025-11-18 15:57:18][INFO][Rank 0] - train Epoch 10/24: 4.1% (80/1948)
[2025-11-18 15:57:25][INFO][Rank 0] - train Epoch 10/24: 4.6% (90/1948)
[2025-11-18 15:57:26][INFO][Rank 0] - CUDA Memory [train][Step 90]: Device 0: Allocated: 3309.6 MB, Reserved: 117540.0 MB (Δ: +1687.0 MB)
[2025-11-18 15:57:32][INFO][Rank 0] - train Epoch 10/24: 5.1% (100/1948)
[2025-11-18 15:57:39][INFO][Rank 0] - train Epoch 10/24: 5.6% (110/1948)
[2025-11-18 15:57:46][INFO][Rank 0] - train Epoch 10/24: 6.2% (120/1948)
[2025-11-18 15:57:53][INFO][Rank 0] - train Epoch 10/24: 6.7% (130/1948)
[2025-11-18 15:58:00][INFO][Rank 0] - train Epoch 10/24: 7.2% (140/1948)
[2025-11-18 15:58:07][INFO][Rank 0] - train Epoch 10/24: 7.7% (150/1948)
[2025-11-18 15:58:14][INFO][Rank 0] - train Epoch 10/24: 8.2% (160/1948)
[2025-11-18 15:58:21][INFO][Rank 0] - train Epoch 10/24: 8.7% (170/1948)
[2025-11-18 15:58:29][INFO][Rank 0] - train Epoch 10/24: 9.2% (180/1948)
[2025-11-18 15:58:29][INFO][Rank 0] - CUDA Memory [train][Step 180]: Device 0: Allocated: 3309.6 MB, Reserved: 117540.0 MB (Δ: +1687.0 MB)
[2025-11-18 15:58:36][INFO][Rank 0] - train Epoch 10/24: 9.8% (190/1948)
[2025-11-18 15:58:43][INFO][Rank 0] - train Epoch 10/24: 10.3% (200/1948)
[2025-11-18 15:58:50][INFO][Rank 0] - train Epoch 10/24: 10.8% (210/1948)
[2025-11-18 15:58:57][INFO][Rank 0] - train Epoch 10/24: 11.3% (220/1948)
[2025-11-18 15:59:04][INFO][Rank 0] - train Epoch 10/24: 11.8% (230/1948)
[2025-11-18 15:59:11][INFO][Rank 0] - train Epoch 10/24: 12.3% (240/1948)
[2025-11-18 15:59:18][INFO][Rank 0] - train Epoch 10/24: 12.8% (250/1948)
[2025-11-18 15:59:25][INFO][Rank 0] - train Epoch 10/24: 13.3% (260/1948)
[2025-11-18 15:59:32][INFO][Rank 0] - train Epoch 10/24: 13.9% (270/1948)
[2025-11-18 15:59:33][INFO][Rank 0] - CUDA Memory [train][Step 270]: Device 0: Allocated: 3309.6 MB, Reserved: 117540.0 MB (Δ: +1687.0 MB)
[2025-11-18 15:59:39][INFO][Rank 0] - train Epoch 10/24: 14.4% (280/1948)
[2025-11-18 15:59:46][INFO][Rank 0] - train Epoch 10/24: 14.9% (290/1948)
[2025-11-18 15:59:53][INFO][Rank 0] - train Epoch 10/24: 15.4% (300/1948)
[2025-11-18 16:00:00][INFO][Rank 0] - train Epoch 10/24: 15.9% (310/1948)
[2025-11-18 16:00:07][INFO][Rank 0] - train Epoch 10/24: 16.4% (320/1948)
[2025-11-18 16:00:15][INFO][Rank 0] - train Epoch 10/24: 16.9% (330/1948)
[2025-11-18 16:00:22][INFO][Rank 0] - train Epoch 10/24: 17.5% (340/1948)
[2025-11-18 16:00:29][INFO][Rank 0] - train Epoch 10/24: 18.0% (350/1948)
[2025-11-18 16:00:36][INFO][Rank 0] - train Epoch 10/24: 18.5% (360/1948)
[2025-11-18 16:00:36][INFO][Rank 0] - CUDA Memory [train][Step 360]: Device 0: Allocated: 3309.6 MB, Reserved: 117540.0 MB (Δ: +1687.0 MB)
[2025-11-18 16:00:43][INFO][Rank 0] - train Epoch 10/24: 19.0% (370/1948)
[2025-11-18 16:00:50][INFO][Rank 0] - train Epoch 10/24: 19.5% (380/1948)
[2025-11-18 16:00:57][INFO][Rank 0] - train Epoch 10/24: 20.0% (390/1948)
[2025-11-18 16:01:04][INFO][Rank 0] - train Epoch 10/24: 20.5% (400/1948)
[2025-11-18 16:01:11][INFO][Rank 0] - train Epoch 10/24: 21.0% (410/1948)
[2025-11-18 16:01:18][INFO][Rank 0] - train Epoch 10/24: 21.6% (420/1948)
[2025-11-18 16:01:25][INFO][Rank 0] - train Epoch 10/24: 22.1% (430/1948)
[2025-11-18 16:01:32][INFO][Rank 0] - train Epoch 10/24: 22.6% (440/1948)
[2025-11-18 16:01:39][INFO][Rank 0] - train Epoch 10/24: 23.1% (450/1948)
[2025-11-18 16:01:40][INFO][Rank 0] - CUDA Memory [train][Step 450]: Device 0: Allocated: 3309.6 MB, Reserved: 117540.0 MB (Δ: +1687.0 MB)
[2025-11-18 16:01:46][INFO][Rank 0] - train Epoch 10/24: 23.6% (460/1948)
[2025-11-18 16:01:53][INFO][Rank 0] - train Epoch 10/24: 24.1% (470/1948)
[2025-11-18 16:02:00][INFO][Rank 0] - train Epoch 10/24: 24.6% (480/1948)
[2025-11-18 16:02:08][INFO][Rank 0] - train Epoch 10/24: 25.2% (490/1948)
[2025-11-18 16:02:15][INFO][Rank 0] - train Epoch 10/24: 25.7% (500/1948)
[2025-11-18 16:02:22][INFO][Rank 0] - train Epoch 10/24: 26.2% (510/1948)
[2025-11-18 16:02:29][INFO][Rank 0] - train Epoch 10/24: 26.7% (520/1948)
[2025-11-18 16:02:36][INFO][Rank 0] - train Epoch 10/24: 27.2% (530/1948)
[2025-11-18 16:02:43][INFO][Rank 0] - train Epoch 10/24: 27.7% (540/1948)
[2025-11-18 16:02:44][INFO][Rank 0] - CUDA Memory [train][Step 540]: Device 0: Allocated: 3309.6 MB, Reserved: 117540.0 MB (Δ: +1687.0 MB)
[2025-11-18 16:02:50][INFO][Rank 0] - train Epoch 10/24: 28.2% (550/1948)
[2025-11-18 16:02:57][INFO][Rank 0] - train Epoch 10/24: 28.7% (560/1948)
[2025-11-18 16:03:04][INFO][Rank 0] - train Epoch 10/24: 29.3% (570/1948)
[2025-11-18 16:03:11][INFO][Rank 0] - train Epoch 10/24: 29.8% (580/1948)
[2025-11-18 16:03:18][INFO][Rank 0] - train Epoch 10/24: 30.3% (590/1948)
[2025-11-18 16:03:25][INFO][Rank 0] - train Epoch 10/24: 30.8% (600/1948)
[2025-11-18 16:03:32][INFO][Rank 0] - train Epoch 10/24: 31.3% (610/1948)
[2025-11-18 16:03:39][INFO][Rank 0] - train Epoch 10/24: 31.8% (620/1948)
[2025-11-18 16:03:46][INFO][Rank 0] - train Epoch 10/24: 32.3% (630/1948)
[2025-11-18 16:03:47][INFO][Rank 0] - CUDA Memory [train][Step 630]: Device 0: Allocated: 3309.6 MB, Reserved: 117540.0 MB (Δ: +1687.0 MB)
[2025-11-18 16:03:53][INFO][Rank 0] - train Epoch 10/24: 32.9% (640/1948)
[2025-11-18 16:04:00][INFO][Rank 0] - train Epoch 10/24: 33.4% (650/1948)
[2025-11-18 16:04:08][INFO][Rank 0] - train Epoch 10/24: 33.9% (660/1948)
[2025-11-18 16:04:15][INFO][Rank 0] - train Epoch 10/24: 34.4% (670/1948)
[2025-11-18 16:04:22][INFO][Rank 0] - train Epoch 10/24: 34.9% (680/1948)
[2025-11-18 16:04:29][INFO][Rank 0] - train Epoch 10/24: 35.4% (690/1948)
[2025-11-18 16:04:36][INFO][Rank 0] - train Epoch 10/24: 35.9% (700/1948)
[2025-11-18 16:04:43][INFO][Rank 0] - train Epoch 10/24: 36.4% (710/1948)
[2025-11-18 16:04:50][INFO][Rank 0] - train Epoch 10/24: 37.0% (720/1948)
[2025-11-18 16:04:51][INFO][Rank 0] - CUDA Memory [train][Step 720]: Device 0: Allocated: 3309.6 MB, Reserved: 117540.0 MB (Δ: +1687.0 MB)
[2025-11-18 16:04:57][INFO][Rank 0] - train Epoch 10/24: 37.5% (730/1948)
[2025-11-18 16:05:04][INFO][Rank 0] - train Epoch 10/24: 38.0% (740/1948)
[2025-11-18 16:05:11][INFO][Rank 0] - train Epoch 10/24: 38.5% (750/1948)
[2025-11-18 16:05:18][INFO][Rank 0] - train Epoch 10/24: 39.0% (760/1948)
[2025-11-18 16:05:25][INFO][Rank 0] - train Epoch 10/24: 39.5% (770/1948)
[2025-11-18 16:05:32][INFO][Rank 0] - train Epoch 10/24: 40.0% (780/1948)
[2025-11-18 16:05:39][INFO][Rank 0] - train Epoch 10/24: 40.6% (790/1948)
[2025-11-18 16:05:46][INFO][Rank 0] - train Epoch 10/24: 41.1% (800/1948)
[2025-11-18 16:05:53][INFO][Rank 0] - train Epoch 10/24: 41.6% (810/1948)
[2025-11-18 16:05:54][INFO][Rank 0] - CUDA Memory [train][Step 810]: Device 0: Allocated: 3309.6 MB, Reserved: 117540.0 MB (Δ: +1687.0 MB)
[2025-11-18 16:06:01][INFO][Rank 0] - train Epoch 10/24: 42.1% (820/1948)
[2025-11-18 16:06:08][INFO][Rank 0] - train Epoch 10/24: 42.6% (830/1948)
[2025-11-18 16:06:15][INFO][Rank 0] - train Epoch 10/24: 43.1% (840/1948)
[2025-11-18 16:06:22][INFO][Rank 0] - train Epoch 10/24: 43.6% (850/1948)
[2025-11-18 16:06:29][INFO][Rank 0] - train Epoch 10/24: 44.1% (860/1948)
[2025-11-18 16:06:36][INFO][Rank 0] - train Epoch 10/24: 44.7% (870/1948)
[2025-11-18 16:06:43][INFO][Rank 0] - train Epoch 10/24: 45.2% (880/1948)
[2025-11-18 16:06:50][INFO][Rank 0] - train Epoch 10/24: 45.7% (890/1948)
[2025-11-18 16:06:57][INFO][Rank 0] - train Epoch 10/24: 46.2% (900/1948)
[2025-11-18 16:06:58][INFO][Rank 0] - CUDA Memory [train][Step 900]: Device 0: Allocated: 3309.6 MB, Reserved: 117540.0 MB (Δ: +1687.0 MB)
[2025-11-18 16:07:04][INFO][Rank 0] - train Epoch 10/24: 46.7% (910/1948)
[2025-11-18 16:07:11][INFO][Rank 0] - train Epoch 10/24: 47.2% (920/1948)
[2025-11-18 16:07:18][INFO][Rank 0] - train Epoch 10/24: 47.7% (930/1948)
[2025-11-18 16:07:25][INFO][Rank 0] - train Epoch 10/24: 48.3% (940/1948)
[2025-11-18 16:07:32][INFO][Rank 0] - train Epoch 10/24: 48.8% (950/1948)
[2025-11-18 16:07:39][INFO][Rank 0] - train Epoch 10/24: 49.3% (960/1948)
[2025-11-18 16:07:46][INFO][Rank 0] - train Epoch 10/24: 49.8% (970/1948)
[2025-11-18 16:07:53][INFO][Rank 0] - train Epoch 10/24: 50.3% (980/1948)
[2025-11-18 16:08:01][INFO][Rank 0] - train Epoch 10/24: 50.8% (990/1948)
[2025-11-18 16:08:01][INFO][Rank 0] - CUDA Memory [train][Step 990]: Device 0: Allocated: 3309.6 MB, Reserved: 117540.0 MB (Δ: +1687.0 MB)
[2025-11-18 16:08:08][INFO][Rank 0] - train Epoch 10/24: 51.3% (1000/1948)
[2025-11-18 16:08:15][INFO][Rank 0] - train Epoch 10/24: 51.8% (1010/1948)
[2025-11-18 16:08:22][INFO][Rank 0] - train Epoch 10/24: 52.4% (1020/1948)
[2025-11-18 16:08:29][INFO][Rank 0] - train Epoch 10/24: 52.9% (1030/1948)
[2025-11-18 16:08:36][INFO][Rank 0] - train Epoch 10/24: 53.4% (1040/1948)
[2025-11-18 16:08:43][INFO][Rank 0] - train Epoch 10/24: 53.9% (1050/1948)
[2025-11-18 16:08:50][INFO][Rank 0] - train Epoch 10/24: 54.4% (1060/1948)
[2025-11-18 16:08:57][INFO][Rank 0] - train Epoch 10/24: 54.9% (1070/1948)
[2025-11-18 16:09:04][INFO][Rank 0] - train Epoch 10/24: 55.4% (1080/1948)
[2025-11-18 16:09:05][INFO][Rank 0] - CUDA Memory [train][Step 1080]: Device 0: Allocated: 3309.6 MB, Reserved: 117540.0 MB (Δ: +1687.0 MB)
[2025-11-18 16:09:11][INFO][Rank 0] - train Epoch 10/24: 56.0% (1090/1948)
[2025-11-18 16:09:18][INFO][Rank 0] - train Epoch 10/24: 56.5% (1100/1948)
[2025-11-18 16:09:25][INFO][Rank 0] - train Epoch 10/24: 57.0% (1110/1948)
[2025-11-18 16:09:32][INFO][Rank 0] - train Epoch 10/24: 57.5% (1120/1948)
[2025-11-18 16:09:39][INFO][Rank 0] - train Epoch 10/24: 58.0% (1130/1948)
[2025-11-18 16:09:46][INFO][Rank 0] - train Epoch 10/24: 58.5% (1140/1948)
[2025-11-18 16:09:53][INFO][Rank 0] - train Epoch 10/24: 59.0% (1150/1948)
[2025-11-18 16:10:01][INFO][Rank 0] - train Epoch 10/24: 59.5% (1160/1948)
[2025-11-18 16:10:08][INFO][Rank 0] - train Epoch 10/24: 60.1% (1170/1948)
[2025-11-18 16:10:08][INFO][Rank 0] - CUDA Memory [train][Step 1170]: Device 0: Allocated: 3309.6 MB, Reserved: 117540.0 MB (Δ: +1687.0 MB)
[2025-11-18 16:10:15][INFO][Rank 0] - train Epoch 10/24: 60.6% (1180/1948)
[2025-11-18 16:10:22][INFO][Rank 0] - train Epoch 10/24: 61.1% (1190/1948)
[2025-11-18 16:10:29][INFO][Rank 0] - train Epoch 10/24: 61.6% (1200/1948)
[2025-11-18 16:10:36][INFO][Rank 0] - train Epoch 10/24: 62.1% (1210/1948)
[2025-11-18 16:10:43][INFO][Rank 0] - train Epoch 10/24: 62.6% (1220/1948)
[2025-11-18 16:10:50][INFO][Rank 0] - train Epoch 10/24: 63.1% (1230/1948)
[2025-11-18 16:10:57][INFO][Rank 0] - train Epoch 10/24: 63.7% (1240/1948)
[2025-11-18 16:11:04][INFO][Rank 0] - train Epoch 10/24: 64.2% (1250/1948)
[2025-11-18 16:11:11][INFO][Rank 0] - train Epoch 10/24: 64.7% (1260/1948)
[2025-11-18 16:11:12][INFO][Rank 0] - CUDA Memory [train][Step 1260]: Device 0: Allocated: 3309.6 MB, Reserved: 117540.0 MB (Δ: +1687.0 MB)
[2025-11-18 16:11:18][INFO][Rank 0] - train Epoch 10/24: 65.2% (1270/1948)
[2025-11-18 16:11:25][INFO][Rank 0] - train Epoch 10/24: 65.7% (1280/1948)
[2025-11-18 16:11:32][INFO][Rank 0] - train Epoch 10/24: 66.2% (1290/1948)
[2025-11-18 16:11:39][INFO][Rank 0] - train Epoch 10/24: 66.7% (1300/1948)
[2025-11-18 16:11:46][INFO][Rank 0] - train Epoch 10/24: 67.2% (1310/1948)
[2025-11-18 16:11:53][INFO][Rank 0] - train Epoch 10/24: 67.8% (1320/1948)
[2025-11-18 16:12:00][INFO][Rank 0] - train Epoch 10/24: 68.3% (1330/1948)
[2025-11-18 16:12:08][INFO][Rank 0] - train Epoch 10/24: 68.8% (1340/1948)
[2025-11-18 16:12:15][INFO][Rank 0] - train Epoch 10/24: 69.3% (1350/1948)
[2025-11-18 16:12:15][INFO][Rank 0] - CUDA Memory [train][Step 1350]: Device 0: Allocated: 3309.6 MB, Reserved: 117540.0 MB (Δ: +1687.0 MB)
[2025-11-18 16:12:22][INFO][Rank 0] - train Epoch 10/24: 69.8% (1360/1948)
[2025-11-18 16:12:29][INFO][Rank 0] - train Epoch 10/24: 70.3% (1370/1948)
[2025-11-18 16:12:36][INFO][Rank 0] - train Epoch 10/24: 70.8% (1380/1948)
[2025-11-18 16:12:43][INFO][Rank 0] - train Epoch 10/24: 71.4% (1390/1948)
[2025-11-18 16:12:50][INFO][Rank 0] - train Epoch 10/24: 71.9% (1400/1948)
[2025-11-18 16:12:57][INFO][Rank 0] - train Epoch 10/24: 72.4% (1410/1948)
[2025-11-18 16:13:04][INFO][Rank 0] - train Epoch 10/24: 72.9% (1420/1948)
[2025-11-18 16:13:11][INFO][Rank 0] - train Epoch 10/24: 73.4% (1430/1948)
[2025-11-18 16:13:18][INFO][Rank 0] - train Epoch 10/24: 73.9% (1440/1948)
[2025-11-18 16:13:19][INFO][Rank 0] - CUDA Memory [train][Step 1440]: Device 0: Allocated: 3309.6 MB, Reserved: 117540.0 MB (Δ: +1687.0 MB)
[2025-11-18 16:13:25][INFO][Rank 0] - train Epoch 10/24: 74.4% (1450/1948)
[2025-11-18 16:13:32][INFO][Rank 0] - train Epoch 10/24: 74.9% (1460/1948)
[2025-11-18 16:13:39][INFO][Rank 0] - train Epoch 10/24: 75.5% (1470/1948)
[2025-11-18 16:13:46][INFO][Rank 0] - train Epoch 10/24: 76.0% (1480/1948)
[2025-11-18 16:13:53][INFO][Rank 0] - train Epoch 10/24: 76.5% (1490/1948)
[2025-11-18 16:14:00][INFO][Rank 0] - train Epoch 10/24: 77.0% (1500/1948)
[2025-11-18 16:14:08][INFO][Rank 0] - train Epoch 10/24: 77.5% (1510/1948)
[2025-11-18 16:14:15][INFO][Rank 0] - train Epoch 10/24: 78.0% (1520/1948)
[2025-11-18 16:14:22][INFO][Rank 0] - train Epoch 10/24: 78.5% (1530/1948)
[2025-11-18 16:14:22][INFO][Rank 0] - CUDA Memory [train][Step 1530]: Device 0: Allocated: 3309.6 MB, Reserved: 117540.0 MB (Δ: +1687.0 MB)
[2025-11-18 16:14:29][INFO][Rank 0] - train Epoch 10/24: 79.1% (1540/1948)
[2025-11-18 16:14:36][INFO][Rank 0] - train Epoch 10/24: 79.6% (1550/1948)
[2025-11-18 16:14:43][INFO][Rank 0] - train Epoch 10/24: 80.1% (1560/1948)
[2025-11-18 16:14:50][INFO][Rank 0] - train Epoch 10/24: 80.6% (1570/1948)
[2025-11-18 16:14:57][INFO][Rank 0] - train Epoch 10/24: 81.1% (1580/1948)
[2025-11-18 16:15:04][INFO][Rank 0] - train Epoch 10/24: 81.6% (1590/1948)
[2025-11-18 16:15:11][INFO][Rank 0] - train Epoch 10/24: 82.1% (1600/1948)
[2025-11-18 16:15:18][INFO][Rank 0] - train Epoch 10/24: 82.6% (1610/1948)
[2025-11-18 16:15:25][INFO][Rank 0] - train Epoch 10/24: 83.2% (1620/1948)
[2025-11-18 16:15:26][INFO][Rank 0] - CUDA Memory [train][Step 1620]: Device 0: Allocated: 3309.6 MB, Reserved: 117540.0 MB (Δ: +1687.0 MB)
[2025-11-18 16:15:32][INFO][Rank 0] - train Epoch 10/24: 83.7% (1630/1948)
[2025-11-18 16:15:39][INFO][Rank 0] - train Epoch 10/24: 84.2% (1640/1948)
[2025-11-18 16:15:46][INFO][Rank 0] - train Epoch 10/24: 84.7% (1650/1948)
[2025-11-18 16:15:53][INFO][Rank 0] - train Epoch 10/24: 85.2% (1660/1948)
[2025-11-18 16:16:00][INFO][Rank 0] - train Epoch 10/24: 85.7% (1670/1948)
[2025-11-18 16:16:07][INFO][Rank 0] - train Epoch 10/24: 86.2% (1680/1948)
[2025-11-18 16:16:15][INFO][Rank 0] - train Epoch 10/24: 86.8% (1690/1948)
[2025-11-18 16:16:22][INFO][Rank 0] - train Epoch 10/24: 87.3% (1700/1948)
[2025-11-18 16:16:29][INFO][Rank 0] - train Epoch 10/24: 87.8% (1710/1948)
[2025-11-18 16:16:29][INFO][Rank 0] - CUDA Memory [train][Step 1710]: Device 0: Allocated: 3309.6 MB, Reserved: 117540.0 MB (Δ: +1687.0 MB)
[2025-11-18 16:16:36][INFO][Rank 0] - train Epoch 10/24: 88.3% (1720/1948)
[2025-11-18 16:16:43][INFO][Rank 0] - train Epoch 10/24: 88.8% (1730/1948)
[2025-11-18 16:16:50][INFO][Rank 0] - train Epoch 10/24: 89.3% (1740/1948)
[2025-11-18 16:16:57][INFO][Rank 0] - train Epoch 10/24: 89.8% (1750/1948)
[2025-11-18 16:17:04][INFO][Rank 0] - train Epoch 10/24: 90.3% (1760/1948)
[2025-11-18 16:17:11][INFO][Rank 0] - train Epoch 10/24: 90.9% (1770/1948)
[2025-11-18 16:17:18][INFO][Rank 0] - train Epoch 10/24: 91.4% (1780/1948)
[2025-11-18 16:17:25][INFO][Rank 0] - train Epoch 10/24: 91.9% (1790/1948)
[2025-11-18 16:17:32][INFO][Rank 0] - train Epoch 10/24: 92.4% (1800/1948)
[2025-11-18 16:17:33][INFO][Rank 0] - CUDA Memory [train][Step 1800]: Device 0: Allocated: 3309.6 MB, Reserved: 117540.0 MB (Δ: +1687.0 MB)
[2025-11-18 16:17:39][INFO][Rank 0] - train Epoch 10/24: 92.9% (1810/1948)
[2025-11-18 16:17:46][INFO][Rank 0] - train Epoch 10/24: 93.4% (1820/1948)
[2025-11-18 16:17:53][INFO][Rank 0] - train Epoch 10/24: 93.9% (1830/1948)
[2025-11-18 16:18:00][INFO][Rank 0] - train Epoch 10/24: 94.5% (1840/1948)
[2025-11-18 16:18:07][INFO][Rank 0] - train Epoch 10/24: 95.0% (1850/1948)
[2025-11-18 16:18:15][INFO][Rank 0] - train Epoch 10/24: 95.5% (1860/1948)
[2025-11-18 16:18:22][INFO][Rank 0] - train Epoch 10/24: 96.0% (1870/1948)
[2025-11-18 16:18:29][INFO][Rank 0] - train Epoch 10/24: 96.5% (1880/1948)
[2025-11-18 16:18:36][INFO][Rank 0] - train Epoch 10/24: 97.0% (1890/1948)
[2025-11-18 16:18:36][INFO][Rank 0] - CUDA Memory [train][Step 1890]: Device 0: Allocated: 3309.6 MB, Reserved: 117540.0 MB (Δ: +1687.0 MB)
[2025-11-18 16:18:43][INFO][Rank 0] - train Epoch 10/24: 97.5% (1900/1948)
[2025-11-18 16:18:50][INFO][Rank 0] - train Epoch 10/24: 98.0% (1910/1948)
[2025-11-18 16:18:57][INFO][Rank 0] - train Epoch 10/24: 98.6% (1920/1948)
[2025-11-18 16:19:04][INFO][Rank 0] - train Epoch 10/24: 99.1% (1930/1948)
[2025-11-18 16:19:11][INFO][Rank 0] - train Epoch 10/24: 99.6% (1940/1948)
[2025-11-18 16:19:16][INFO][Rank 0] - train Epoch 10/24: 99.9% (1947/1948)
[2025-11-18 16:19:17][INFO][Rank 0] - train Loss: 0.1619 Acc: 0.9715 F1: 0.9853
[2025-11-18 16:19:17][INFO][Rank 0] - train Balanced Acc: 0.8726 AUC-ROC: 0.9672
[2025-11-18 16:19:17][INFO][Rank 0] - train Sensitivity: 0.9767 Specificity: 0.7684
[2025-11-18 16:19:17][INFO][Rank 0] - train Confusion Matrix: TP=18550, FP=113, FN=442, TN=375
[2025-11-18 16:19:17][INFO][Rank 0] - train completed in 1375.50s
[2025-11-18 16:19:17][INFO][Rank 0] - Data loading time: 0.87s, Forward time: 279.85s, Backward time: 745.63s
[2025-11-18 16:19:17][INFO][Rank 0] - train cache: 0/1 items, hit rate: 0.00%
[2025-11-18 16:19:17][INFO][Rank 0] - CUDA Memory [val][Step 0]: Device 0: Allocated: 3309.6 MB, Reserved: 117540.0 MB (Δ: +1687.0 MB)
[2025-11-18 16:19:17][INFO][Rank 0] - val phase: total 406 batches
[2025-11-18 16:19:17][INFO][Rank 0] - val Epoch 10/24: 0.0% (0/406)
[2025-11-18 16:19:22][INFO][Rank 0] - val Epoch 10/24: 2.5% (10/406)
[2025-11-18 16:19:27][INFO][Rank 0] - val Epoch 10/24: 4.9% (20/406)
[2025-11-18 16:19:32][INFO][Rank 0] - val Epoch 10/24: 7.4% (30/406)
[2025-11-18 16:19:37][INFO][Rank 0] - val Epoch 10/24: 9.9% (40/406)
[2025-11-18 16:19:42][INFO][Rank 0] - val Epoch 10/24: 12.3% (50/406)
[2025-11-18 16:19:47][INFO][Rank 0] - val Epoch 10/24: 14.8% (60/406)
[2025-11-18 16:19:52][INFO][Rank 0] - val Epoch 10/24: 17.2% (70/406)
[2025-11-18 16:19:57][INFO][Rank 0] - val Epoch 10/24: 19.7% (80/406)
[2025-11-18 16:20:02][INFO][Rank 0] - val Epoch 10/24: 22.2% (90/406)
[2025-11-18 16:20:07][INFO][Rank 0] - val Epoch 10/24: 24.6% (100/406)
[2025-11-18 16:20:12][INFO][Rank 0] - val Epoch 10/24: 27.1% (110/406)
[2025-11-18 16:20:17][INFO][Rank 0] - val Epoch 10/24: 29.6% (120/406)
[2025-11-18 16:20:17][INFO][Rank 0] - CUDA Memory [val][Step 120]: Device 0: Allocated: 3309.6 MB, Reserved: 117540.0 MB (Δ: +1687.0 MB)
[2025-11-18 16:20:22][INFO][Rank 0] - val Epoch 10/24: 32.0% (130/406)
[2025-11-18 16:20:27][INFO][Rank 0] - val Epoch 10/24: 34.5% (140/406)
[2025-11-18 16:20:32][INFO][Rank 0] - val Epoch 10/24: 36.9% (150/406)
[2025-11-18 16:20:37][INFO][Rank 0] - val Epoch 10/24: 39.4% (160/406)
[2025-11-18 16:20:42][INFO][Rank 0] - val Epoch 10/24: 41.9% (170/406)
[2025-11-18 16:20:47][INFO][Rank 0] - val Epoch 10/24: 44.3% (180/406)
[2025-11-18 16:20:52][INFO][Rank 0] - val Epoch 10/24: 46.8% (190/406)
[2025-11-18 16:20:57][INFO][Rank 0] - val Epoch 10/24: 49.3% (200/406)
[2025-11-18 16:21:01][INFO][Rank 0] - val Epoch 10/24: 51.7% (210/406)
[2025-11-18 16:21:06][INFO][Rank 0] - val Epoch 10/24: 54.2% (220/406)
[2025-11-18 16:21:11][INFO][Rank 0] - val Epoch 10/24: 56.7% (230/406)
[2025-11-18 16:21:16][INFO][Rank 0] - val Epoch 10/24: 59.1% (240/406)
[2025-11-18 16:21:21][INFO][Rank 0] - val Epoch 10/24: 61.6% (250/406)
[2025-11-18 16:21:26][INFO][Rank 0] - val Epoch 10/24: 64.0% (260/406)
[2025-11-18 16:21:31][INFO][Rank 0] - val Epoch 10/24: 66.5% (270/406)
[2025-11-18 16:21:32][INFO][Rank 0] - CUDA Memory [val][Step 270]: Device 0: Allocated: 3309.6 MB, Reserved: 117540.0 MB (Δ: +1687.0 MB)
[2025-11-18 16:21:36][INFO][Rank 0] - val Epoch 10/24: 69.0% (280/406)
[2025-11-18 16:21:41][INFO][Rank 0] - val Epoch 10/24: 71.4% (290/406)
[2025-11-18 16:21:46][INFO][Rank 0] - val Epoch 10/24: 73.9% (300/406)
[2025-11-18 16:21:51][INFO][Rank 0] - val Epoch 10/24: 76.4% (310/406)
[2025-11-18 16:21:56][INFO][Rank 0] - val Epoch 10/24: 78.8% (320/406)
[2025-11-18 16:22:01][INFO][Rank 0] - val Epoch 10/24: 81.3% (330/406)
[2025-11-18 16:22:06][INFO][Rank 0] - val Epoch 10/24: 83.7% (340/406)
[2025-11-18 16:22:11][INFO][Rank 0] - val Epoch 10/24: 86.2% (350/406)
[2025-11-18 16:22:16][INFO][Rank 0] - val Epoch 10/24: 88.7% (360/406)
[2025-11-18 16:22:21][INFO][Rank 0] - val Epoch 10/24: 91.1% (370/406)
[2025-11-18 16:22:26][INFO][Rank 0] - val Epoch 10/24: 93.6% (380/406)
[2025-11-18 16:22:31][INFO][Rank 0] - val Epoch 10/24: 96.1% (390/406)
[2025-11-18 16:22:36][INFO][Rank 0] - val Epoch 10/24: 98.5% (400/406)
[2025-11-18 16:22:38][INFO][Rank 0] - val Epoch 10/24: 99.8% (405/406)
[2025-11-18 16:22:39][INFO][Rank 0] - val Loss: 0.1079 Acc: 0.9756 F1: 0.9874
[2025-11-18 16:22:39][INFO][Rank 0] - val Balanced Acc: 0.9064 AUC-ROC: 0.9798
[2025-11-18 16:22:39][INFO][Rank 0] - val Sensitivity: 0.9795 Specificity: 0.8333
[2025-11-18 16:22:39][INFO][Rank 0] - val Confusion Matrix: TP=3871, FP=18, FN=81, TN=90
[2025-11-18 16:22:39][INFO][Rank 0] - val completed in 202.23s
[2025-11-18 16:22:39][INFO][Rank 0] - val cache: 0/1 items, hit rate: 0.00%
[2025-11-18 16:22:43][INFO][Rank 0] - Saved new best auc model with auc: 0.9798 at /projects/retprogression/rgarridogarcia/checkpoints/cropped1024_cropped_centered_allR_3/best_auc_model.pth
[2025-11-18 16:22:47][INFO][Rank 0] - Saved epoch checkpoint at /projects/retprogression/rgarridogarcia/checkpoints/cropped1024_cropped_centered_allR_3/epoch_10.pth
[2025-11-18 16:22:47][INFO][Rank 0] - Epoch 10 summary:
[2025-11-18 16:22:47][INFO][Rank 0] -  Train Loss: 0.1619, Train Acc: 0.9715, Train F1: 0.9853
[2025-11-18 16:22:47][INFO][Rank 0] -  Train Balanced Acc: 0.8726, Train AUC: 0.9672
[2025-11-18 16:22:47][INFO][Rank 0] -  Train Sensitivity: 0.9767, Train Specificity: 0.7684
[2025-11-18 16:22:47][INFO][Rank 0] -  Val Loss: 0.1079, Val Acc: 0.9756, Val F1: 0.9874
[2025-11-18 16:22:47][INFO][Rank 0] -  Val Balanced Acc: 0.9064, Val AUC: 0.9798
[2025-11-18 16:22:47][INFO][Rank 0] -  Val Sensitivity: 0.9795, Val Specificity: 0.8333
[2025-11-18 16:22:47][INFO][Rank 0] -  Total Epoch Time: 1585.85s
[2025-11-18 16:22:47][INFO][Rank 0] - Epoch 11/24
[2025-11-18 16:22:47][INFO][Rank 0] - ----------
[2025-11-18 16:22:47][INFO][Rank 0] - CUDA Memory [train][Step 0]: Device 0: Allocated: 3309.6 MB, Reserved: 117540.0 MB (Δ: +1687.0 MB)
[2025-11-18 16:22:47][INFO][Rank 0] - train phase: total 1948 batches
[2025-11-18 16:22:47][INFO][Rank 0] - train Epoch 11/24: 0.0% (0/1948)
[2025-11-18 16:22:54][INFO][Rank 0] - train Epoch 11/24: 0.5% (10/1948)
[2025-11-18 16:23:01][INFO][Rank 0] - train Epoch 11/24: 1.0% (20/1948)
[2025-11-18 16:23:08][INFO][Rank 0] - train Epoch 11/24: 1.5% (30/1948)
[2025-11-18 16:23:15][INFO][Rank 0] - train Epoch 11/24: 2.1% (40/1948)
[2025-11-18 16:23:22][INFO][Rank 0] - train Epoch 11/24: 2.6% (50/1948)
[2025-11-18 16:23:30][INFO][Rank 0] - train Epoch 11/24: 3.1% (60/1948)
[2025-11-18 16:23:37][INFO][Rank 0] - train Epoch 11/24: 3.6% (70/1948)
[2025-11-18 16:23:44][INFO][Rank 0] - train Epoch 11/24: 4.1% (80/1948)
[2025-11-18 16:23:51][INFO][Rank 0] - train Epoch 11/24: 4.6% (90/1948)
[2025-11-18 16:23:51][INFO][Rank 0] - CUDA Memory [train][Step 90]: Device 0: Allocated: 3309.6 MB, Reserved: 117540.0 MB (Δ: +1687.0 MB)
[2025-11-18 16:23:58][INFO][Rank 0] - train Epoch 11/24: 5.1% (100/1948)
[2025-11-18 16:24:05][INFO][Rank 0] - train Epoch 11/24: 5.6% (110/1948)
[2025-11-18 16:24:12][INFO][Rank 0] - train Epoch 11/24: 6.2% (120/1948)
[2025-11-18 16:24:19][INFO][Rank 0] - train Epoch 11/24: 6.7% (130/1948)
[2025-11-18 16:24:26][INFO][Rank 0] - train Epoch 11/24: 7.2% (140/1948)
[2025-11-18 16:24:33][INFO][Rank 0] - train Epoch 11/24: 7.7% (150/1948)
[2025-11-18 16:24:40][INFO][Rank 0] - train Epoch 11/24: 8.2% (160/1948)
[2025-11-18 16:24:47][INFO][Rank 0] - train Epoch 11/24: 8.7% (170/1948)
[2025-11-18 16:24:54][INFO][Rank 0] - train Epoch 11/24: 9.2% (180/1948)
[2025-11-18 16:24:55][INFO][Rank 0] - CUDA Memory [train][Step 180]: Device 0: Allocated: 3309.6 MB, Reserved: 117540.0 MB (Δ: +1687.0 MB)
[2025-11-18 16:25:01][INFO][Rank 0] - train Epoch 11/24: 9.8% (190/1948)
[2025-11-18 16:25:08][INFO][Rank 0] - train Epoch 11/24: 10.3% (200/1948)
[2025-11-18 16:25:16][INFO][Rank 0] - train Epoch 11/24: 10.8% (210/1948)
[2025-11-18 16:25:23][INFO][Rank 0] - train Epoch 11/24: 11.3% (220/1948)
[2025-11-18 16:25:30][INFO][Rank 0] - train Epoch 11/24: 11.8% (230/1948)
[2025-11-18 16:25:37][INFO][Rank 0] - train Epoch 11/24: 12.3% (240/1948)
[2025-11-18 16:25:44][INFO][Rank 0] - train Epoch 11/24: 12.8% (250/1948)
[2025-11-18 16:25:51][INFO][Rank 0] - train Epoch 11/24: 13.3% (260/1948)
[2025-11-18 16:25:58][INFO][Rank 0] - train Epoch 11/24: 13.9% (270/1948)
[2025-11-18 16:25:59][INFO][Rank 0] - CUDA Memory [train][Step 270]: Device 0: Allocated: 3309.6 MB, Reserved: 117540.0 MB (Δ: +1687.0 MB)
[2025-11-18 16:26:05][INFO][Rank 0] - train Epoch 11/24: 14.4% (280/1948)
[2025-11-18 16:26:12][INFO][Rank 0] - train Epoch 11/24: 14.9% (290/1948)
[2025-11-18 16:26:19][INFO][Rank 0] - train Epoch 11/24: 15.4% (300/1948)
[2025-11-18 16:26:26][INFO][Rank 0] - train Epoch 11/24: 15.9% (310/1948)
[2025-11-18 16:26:33][INFO][Rank 0] - train Epoch 11/24: 16.4% (320/1948)
[2025-11-18 16:26:40][INFO][Rank 0] - train Epoch 11/24: 16.9% (330/1948)
[2025-11-18 16:26:47][INFO][Rank 0] - train Epoch 11/24: 17.5% (340/1948)
[2025-11-18 16:26:54][INFO][Rank 0] - train Epoch 11/24: 18.0% (350/1948)
[2025-11-18 16:27:01][INFO][Rank 0] - train Epoch 11/24: 18.5% (360/1948)
[2025-11-18 16:27:02][INFO][Rank 0] - CUDA Memory [train][Step 360]: Device 0: Allocated: 3309.6 MB, Reserved: 117540.0 MB (Δ: +1687.0 MB)
[2025-11-18 16:27:09][INFO][Rank 0] - train Epoch 11/24: 19.0% (370/1948)
[2025-11-18 16:27:16][INFO][Rank 0] - train Epoch 11/24: 19.5% (380/1948)
[2025-11-18 16:27:23][INFO][Rank 0] - train Epoch 11/24: 20.0% (390/1948)
[2025-11-18 16:27:30][INFO][Rank 0] - train Epoch 11/24: 20.5% (400/1948)
[2025-11-18 16:27:37][INFO][Rank 0] - train Epoch 11/24: 21.0% (410/1948)
[2025-11-18 16:27:44][INFO][Rank 0] - train Epoch 11/24: 21.6% (420/1948)
[2025-11-18 16:27:51][INFO][Rank 0] - train Epoch 11/24: 22.1% (430/1948)
[2025-11-18 16:27:58][INFO][Rank 0] - train Epoch 11/24: 22.6% (440/1948)
[2025-11-18 16:28:05][INFO][Rank 0] - train Epoch 11/24: 23.1% (450/1948)
[2025-11-18 16:28:06][INFO][Rank 0] - CUDA Memory [train][Step 450]: Device 0: Allocated: 3309.6 MB, Reserved: 117540.0 MB (Δ: +1687.0 MB)
[2025-11-18 16:28:12][INFO][Rank 0] - train Epoch 11/24: 23.6% (460/1948)
[2025-11-18 16:28:19][INFO][Rank 0] - train Epoch 11/24: 24.1% (470/1948)
[2025-11-18 16:28:26][INFO][Rank 0] - train Epoch 11/24: 24.6% (480/1948)
[2025-11-18 16:28:33][INFO][Rank 0] - train Epoch 11/24: 25.2% (490/1948)
[2025-11-18 16:28:40][INFO][Rank 0] - train Epoch 11/24: 25.7% (500/1948)
[2025-11-18 16:28:47][INFO][Rank 0] - train Epoch 11/24: 26.2% (510/1948)
[2025-11-18 16:28:54][INFO][Rank 0] - train Epoch 11/24: 26.7% (520/1948)
[2025-11-18 16:29:02][INFO][Rank 0] - train Epoch 11/24: 27.2% (530/1948)
[2025-11-18 16:29:09][INFO][Rank 0] - train Epoch 11/24: 27.7% (540/1948)
[2025-11-18 16:29:09][INFO][Rank 0] - CUDA Memory [train][Step 540]: Device 0: Allocated: 3309.6 MB, Reserved: 117540.0 MB (Δ: +1687.0 MB)
[2025-11-18 16:29:16][INFO][Rank 0] - train Epoch 11/24: 28.2% (550/1948)
[2025-11-18 16:29:23][INFO][Rank 0] - train Epoch 11/24: 28.7% (560/1948)
[2025-11-18 16:29:30][INFO][Rank 0] - train Epoch 11/24: 29.3% (570/1948)
[2025-11-18 16:29:37][INFO][Rank 0] - train Epoch 11/24: 29.8% (580/1948)
[2025-11-18 16:29:44][INFO][Rank 0] - train Epoch 11/24: 30.3% (590/1948)
[2025-11-18 16:29:51][INFO][Rank 0] - train Epoch 11/24: 30.8% (600/1948)
[2025-11-18 16:29:58][INFO][Rank 0] - train Epoch 11/24: 31.3% (610/1948)
[2025-11-18 16:30:05][INFO][Rank 0] - train Epoch 11/24: 31.8% (620/1948)
[2025-11-18 16:30:12][INFO][Rank 0] - train Epoch 11/24: 32.3% (630/1948)
[2025-11-18 16:30:13][INFO][Rank 0] - CUDA Memory [train][Step 630]: Device 0: Allocated: 3309.6 MB, Reserved: 117540.0 MB (Δ: +1687.0 MB)
[2025-11-18 16:30:19][INFO][Rank 0] - train Epoch 11/24: 32.9% (640/1948)
[2025-11-18 16:30:26][INFO][Rank 0] - train Epoch 11/24: 33.4% (650/1948)
[2025-11-18 16:30:33][INFO][Rank 0] - train Epoch 11/24: 33.9% (660/1948)
[2025-11-18 16:30:40][INFO][Rank 0] - train Epoch 11/24: 34.4% (670/1948)
[2025-11-18 16:30:47][INFO][Rank 0] - train Epoch 11/24: 34.9% (680/1948)
[2025-11-18 16:30:55][INFO][Rank 0] - train Epoch 11/24: 35.4% (690/1948)
[2025-11-18 16:31:02][INFO][Rank 0] - train Epoch 11/24: 35.9% (700/1948)
[2025-11-18 16:31:09][INFO][Rank 0] - train Epoch 11/24: 36.4% (710/1948)
[2025-11-18 16:31:16][INFO][Rank 0] - train Epoch 11/24: 37.0% (720/1948)
[2025-11-18 16:31:16][INFO][Rank 0] - CUDA Memory [train][Step 720]: Device 0: Allocated: 3309.6 MB, Reserved: 117540.0 MB (Δ: +1687.0 MB)
[2025-11-18 16:31:23][INFO][Rank 0] - train Epoch 11/24: 37.5% (730/1948)
[2025-11-18 16:31:30][INFO][Rank 0] - train Epoch 11/24: 38.0% (740/1948)
[2025-11-18 16:31:37][INFO][Rank 0] - train Epoch 11/24: 38.5% (750/1948)
[2025-11-18 16:31:44][INFO][Rank 0] - train Epoch 11/24: 39.0% (760/1948)
[2025-11-18 16:31:51][INFO][Rank 0] - train Epoch 11/24: 39.5% (770/1948)
[2025-11-18 16:31:58][INFO][Rank 0] - train Epoch 11/24: 40.0% (780/1948)
[2025-11-18 16:32:05][INFO][Rank 0] - train Epoch 11/24: 40.6% (790/1948)
[2025-11-18 16:32:12][INFO][Rank 0] - train Epoch 11/24: 41.1% (800/1948)
[2025-11-18 16:32:19][INFO][Rank 0] - train Epoch 11/24: 41.6% (810/1948)
[2025-11-18 16:32:20][INFO][Rank 0] - CUDA Memory [train][Step 810]: Device 0: Allocated: 3309.6 MB, Reserved: 117540.0 MB (Δ: +1687.0 MB)
[2025-11-18 16:32:26][INFO][Rank 0] - train Epoch 11/24: 42.1% (820/1948)
[2025-11-18 16:32:33][INFO][Rank 0] - train Epoch 11/24: 42.6% (830/1948)
[2025-11-18 16:32:40][INFO][Rank 0] - train Epoch 11/24: 43.1% (840/1948)
[2025-11-18 16:32:48][INFO][Rank 0] - train Epoch 11/24: 43.6% (850/1948)
[2025-11-18 16:32:55][INFO][Rank 0] - train Epoch 11/24: 44.1% (860/1948)
[2025-11-18 16:33:02][INFO][Rank 0] - train Epoch 11/24: 44.7% (870/1948)
[2025-11-18 16:33:09][INFO][Rank 0] - train Epoch 11/24: 45.2% (880/1948)
[2025-11-18 16:33:16][INFO][Rank 0] - train Epoch 11/24: 45.7% (890/1948)
[2025-11-18 16:33:23][INFO][Rank 0] - train Epoch 11/24: 46.2% (900/1948)
[2025-11-18 16:33:24][INFO][Rank 0] - CUDA Memory [train][Step 900]: Device 0: Allocated: 3309.6 MB, Reserved: 117540.0 MB (Δ: +1687.0 MB)
[2025-11-18 16:33:30][INFO][Rank 0] - train Epoch 11/24: 46.7% (910/1948)
[2025-11-18 16:33:37][INFO][Rank 0] - train Epoch 11/24: 47.2% (920/1948)
[2025-11-18 16:33:44][INFO][Rank 0] - train Epoch 11/24: 47.7% (930/1948)
[2025-11-18 16:33:51][INFO][Rank 0] - train Epoch 11/24: 48.3% (940/1948)
[2025-11-18 16:33:58][INFO][Rank 0] - train Epoch 11/24: 48.8% (950/1948)
[2025-11-18 16:34:05][INFO][Rank 0] - train Epoch 11/24: 49.3% (960/1948)
[2025-11-18 16:34:12][INFO][Rank 0] - train Epoch 11/24: 49.8% (970/1948)
[2025-11-18 16:34:19][INFO][Rank 0] - train Epoch 11/24: 50.3% (980/1948)
[2025-11-18 16:34:26][INFO][Rank 0] - train Epoch 11/24: 50.8% (990/1948)
[2025-11-18 16:34:27][INFO][Rank 0] - CUDA Memory [train][Step 990]: Device 0: Allocated: 3309.6 MB, Reserved: 117540.0 MB (Δ: +1687.0 MB)
[2025-11-18 16:34:33][INFO][Rank 0] - train Epoch 11/24: 51.3% (1000/1948)
[2025-11-18 16:34:41][INFO][Rank 0] - train Epoch 11/24: 51.8% (1010/1948)
[2025-11-18 16:34:48][INFO][Rank 0] - train Epoch 11/24: 52.4% (1020/1948)
[2025-11-18 16:34:55][INFO][Rank 0] - train Epoch 11/24: 52.9% (1030/1948)
[2025-11-18 16:35:02][INFO][Rank 0] - train Epoch 11/24: 53.4% (1040/1948)
[2025-11-18 16:35:09][INFO][Rank 0] - train Epoch 11/24: 53.9% (1050/1948)
[2025-11-18 16:35:16][INFO][Rank 0] - train Epoch 11/24: 54.4% (1060/1948)
[2025-11-18 16:35:23][INFO][Rank 0] - train Epoch 11/24: 54.9% (1070/1948)
[2025-11-18 16:35:30][INFO][Rank 0] - train Epoch 11/24: 55.4% (1080/1948)
[2025-11-18 16:35:31][INFO][Rank 0] - CUDA Memory [train][Step 1080]: Device 0: Allocated: 3309.6 MB, Reserved: 117540.0 MB (Δ: +1687.0 MB)
[2025-11-18 16:35:37][INFO][Rank 0] - train Epoch 11/24: 56.0% (1090/1948)
[2025-11-18 16:35:44][INFO][Rank 0] - train Epoch 11/24: 56.5% (1100/1948)
[2025-11-18 16:35:51][INFO][Rank 0] - train Epoch 11/24: 57.0% (1110/1948)
[2025-11-18 16:35:58][INFO][Rank 0] - train Epoch 11/24: 57.5% (1120/1948)
[2025-11-18 16:36:05][INFO][Rank 0] - train Epoch 11/24: 58.0% (1130/1948)
[2025-11-18 16:36:12][INFO][Rank 0] - train Epoch 11/24: 58.5% (1140/1948)
[2025-11-18 16:36:19][INFO][Rank 0] - train Epoch 11/24: 59.0% (1150/1948)
[2025-11-18 16:36:27][INFO][Rank 0] - train Epoch 11/24: 59.5% (1160/1948)
[2025-11-18 16:36:34][INFO][Rank 0] - train Epoch 11/24: 60.1% (1170/1948)
[2025-11-18 16:36:34][INFO][Rank 0] - CUDA Memory [train][Step 1170]: Device 0: Allocated: 3309.6 MB, Reserved: 117540.0 MB (Δ: +1687.0 MB)
[2025-11-18 16:36:41][INFO][Rank 0] - train Epoch 11/24: 60.6% (1180/1948)
[2025-11-18 16:36:48][INFO][Rank 0] - train Epoch 11/24: 61.1% (1190/1948)
[2025-11-18 16:36:55][INFO][Rank 0] - train Epoch 11/24: 61.6% (1200/1948)
[2025-11-18 16:37:02][INFO][Rank 0] - train Epoch 11/24: 62.1% (1210/1948)
[2025-11-18 16:37:09][INFO][Rank 0] - train Epoch 11/24: 62.6% (1220/1948)
[2025-11-18 16:37:16][INFO][Rank 0] - train Epoch 11/24: 63.1% (1230/1948)
[2025-11-18 16:37:23][INFO][Rank 0] - train Epoch 11/24: 63.7% (1240/1948)
[2025-11-18 16:37:30][INFO][Rank 0] - train Epoch 11/24: 64.2% (1250/1948)
[2025-11-18 16:37:37][INFO][Rank 0] - train Epoch 11/24: 64.7% (1260/1948)
[2025-11-18 16:37:38][INFO][Rank 0] - CUDA Memory [train][Step 1260]: Device 0: Allocated: 3309.6 MB, Reserved: 117540.0 MB (Δ: +1687.0 MB)
[2025-11-18 16:37:44][INFO][Rank 0] - train Epoch 11/24: 65.2% (1270/1948)
[2025-11-18 16:37:51][INFO][Rank 0] - train Epoch 11/24: 65.7% (1280/1948)
[2025-11-18 16:37:58][INFO][Rank 0] - train Epoch 11/24: 66.2% (1290/1948)
[2025-11-18 16:38:05][INFO][Rank 0] - train Epoch 11/24: 66.7% (1300/1948)
[2025-11-18 16:38:13][INFO][Rank 0] - train Epoch 11/24: 67.2% (1310/1948)
[2025-11-18 16:38:20][INFO][Rank 0] - train Epoch 11/24: 67.8% (1320/1948)
[2025-11-18 16:38:27][INFO][Rank 0] - train Epoch 11/24: 68.3% (1330/1948)
[2025-11-18 16:38:34][INFO][Rank 0] - train Epoch 11/24: 68.8% (1340/1948)
[2025-11-18 16:38:41][INFO][Rank 0] - train Epoch 11/24: 69.3% (1350/1948)
[2025-11-18 16:38:42][INFO][Rank 0] - CUDA Memory [train][Step 1350]: Device 0: Allocated: 3309.6 MB, Reserved: 117540.0 MB (Δ: +1687.0 MB)
[2025-11-18 16:38:48][INFO][Rank 0] - train Epoch 11/24: 69.8% (1360/1948)
[2025-11-18 16:38:55][INFO][Rank 0] - train Epoch 11/24: 70.3% (1370/1948)
[2025-11-18 16:39:02][INFO][Rank 0] - train Epoch 11/24: 70.8% (1380/1948)
[2025-11-18 16:39:09][INFO][Rank 0] - train Epoch 11/24: 71.4% (1390/1948)
[2025-11-18 16:39:16][INFO][Rank 0] - train Epoch 11/24: 71.9% (1400/1948)
[2025-11-18 16:39:23][INFO][Rank 0] - train Epoch 11/24: 72.4% (1410/1948)
[2025-11-18 16:39:30][INFO][Rank 0] - train Epoch 11/24: 72.9% (1420/1948)
[2025-11-18 16:39:37][INFO][Rank 0] - train Epoch 11/24: 73.4% (1430/1948)
[2025-11-18 16:39:44][INFO][Rank 0] - train Epoch 11/24: 73.9% (1440/1948)
[2025-11-18 16:39:45][INFO][Rank 0] - CUDA Memory [train][Step 1440]: Device 0: Allocated: 3309.6 MB, Reserved: 117540.0 MB (Δ: +1687.0 MB)
[2025-11-18 16:39:51][INFO][Rank 0] - train Epoch 11/24: 74.4% (1450/1948)
[2025-11-18 16:39:59][INFO][Rank 0] - train Epoch 11/24: 74.9% (1460/1948)
[2025-11-18 16:40:06][INFO][Rank 0] - train Epoch 11/24: 75.5% (1470/1948)
[2025-11-18 16:40:13][INFO][Rank 0] - train Epoch 11/24: 76.0% (1480/1948)
[2025-11-18 16:40:20][INFO][Rank 0] - train Epoch 11/24: 76.5% (1490/1948)
[2025-11-18 16:40:27][INFO][Rank 0] - train Epoch 11/24: 77.0% (1500/1948)
[2025-11-18 16:40:34][INFO][Rank 0] - train Epoch 11/24: 77.5% (1510/1948)
[2025-11-18 16:40:41][INFO][Rank 0] - train Epoch 11/24: 78.0% (1520/1948)
[2025-11-18 16:40:48][INFO][Rank 0] - train Epoch 11/24: 78.5% (1530/1948)
[2025-11-18 16:40:49][INFO][Rank 0] - CUDA Memory [train][Step 1530]: Device 0: Allocated: 3309.6 MB, Reserved: 117540.0 MB (Δ: +1687.0 MB)
[2025-11-18 16:40:55][INFO][Rank 0] - train Epoch 11/24: 79.1% (1540/1948)
[2025-11-18 16:41:02][INFO][Rank 0] - train Epoch 11/24: 79.6% (1550/1948)
[2025-11-18 16:41:09][INFO][Rank 0] - train Epoch 11/24: 80.1% (1560/1948)
[2025-11-18 16:41:16][INFO][Rank 0] - train Epoch 11/24: 80.6% (1570/1948)
[2025-11-18 16:41:23][INFO][Rank 0] - train Epoch 11/24: 81.1% (1580/1948)
[2025-11-18 16:41:30][INFO][Rank 0] - train Epoch 11/24: 81.6% (1590/1948)
[2025-11-18 16:41:37][INFO][Rank 0] - train Epoch 11/24: 82.1% (1600/1948)
[2025-11-18 16:41:45][INFO][Rank 0] - train Epoch 11/24: 82.6% (1610/1948)
[2025-11-18 16:41:52][INFO][Rank 0] - train Epoch 11/24: 83.2% (1620/1948)
[2025-11-18 16:41:52][INFO][Rank 0] - CUDA Memory [train][Step 1620]: Device 0: Allocated: 3309.6 MB, Reserved: 117540.0 MB (Δ: +1687.0 MB)
[2025-11-18 16:41:59][INFO][Rank 0] - train Epoch 11/24: 83.7% (1630/1948)
[2025-11-18 16:42:06][INFO][Rank 0] - train Epoch 11/24: 84.2% (1640/1948)
[2025-11-18 16:42:13][INFO][Rank 0] - train Epoch 11/24: 84.7% (1650/1948)
[2025-11-18 16:42:20][INFO][Rank 0] - train Epoch 11/24: 85.2% (1660/1948)
[2025-11-18 16:42:27][INFO][Rank 0] - train Epoch 11/24: 85.7% (1670/1948)
[2025-11-18 16:42:34][INFO][Rank 0] - train Epoch 11/24: 86.2% (1680/1948)
[2025-11-18 16:42:41][INFO][Rank 0] - train Epoch 11/24: 86.8% (1690/1948)
[2025-11-18 16:42:48][INFO][Rank 0] - train Epoch 11/24: 87.3% (1700/1948)
[2025-11-18 16:42:55][INFO][Rank 0] - train Epoch 11/24: 87.8% (1710/1948)
[2025-11-18 16:42:56][INFO][Rank 0] - CUDA Memory [train][Step 1710]: Device 0: Allocated: 3309.6 MB, Reserved: 117540.0 MB (Δ: +1687.0 MB)
[2025-11-18 16:43:02][INFO][Rank 0] - train Epoch 11/24: 88.3% (1720/1948)
[2025-11-18 16:43:09][INFO][Rank 0] - train Epoch 11/24: 88.8% (1730/1948)
[2025-11-18 16:43:16][INFO][Rank 0] - train Epoch 11/24: 89.3% (1740/1948)
[2025-11-18 16:43:23][INFO][Rank 0] - train Epoch 11/24: 89.8% (1750/1948)
[2025-11-18 16:43:31][INFO][Rank 0] - train Epoch 11/24: 90.3% (1760/1948)
[2025-11-18 16:43:38][INFO][Rank 0] - train Epoch 11/24: 90.9% (1770/1948)
[2025-11-18 16:43:45][INFO][Rank 0] - train Epoch 11/24: 91.4% (1780/1948)
[2025-11-18 16:43:52][INFO][Rank 0] - train Epoch 11/24: 91.9% (1790/1948)
[2025-11-18 16:43:59][INFO][Rank 0] - train Epoch 11/24: 92.4% (1800/1948)
[2025-11-18 16:44:00][INFO][Rank 0] - CUDA Memory [train][Step 1800]: Device 0: Allocated: 3309.6 MB, Reserved: 117540.0 MB (Δ: +1687.0 MB)
[2025-11-18 16:44:06][INFO][Rank 0] - train Epoch 11/24: 92.9% (1810/1948)
[2025-11-18 16:44:13][INFO][Rank 0] - train Epoch 11/24: 93.4% (1820/1948)
[2025-11-18 16:44:20][INFO][Rank 0] - train Epoch 11/24: 93.9% (1830/1948)
[2025-11-18 16:44:27][INFO][Rank 0] - train Epoch 11/24: 94.5% (1840/1948)
[2025-11-18 16:44:34][INFO][Rank 0] - train Epoch 11/24: 95.0% (1850/1948)
[2025-11-18 16:44:41][INFO][Rank 0] - train Epoch 11/24: 95.5% (1860/1948)
[2025-11-18 16:44:48][INFO][Rank 0] - train Epoch 11/24: 96.0% (1870/1948)
[2025-11-18 16:44:55][INFO][Rank 0] - train Epoch 11/24: 96.5% (1880/1948)
[2025-11-18 16:45:02][INFO][Rank 0] - train Epoch 11/24: 97.0% (1890/1948)
[2025-11-18 16:45:03][INFO][Rank 0] - CUDA Memory [train][Step 1890]: Device 0: Allocated: 3309.6 MB, Reserved: 117540.0 MB (Δ: +1687.0 MB)
[2025-11-18 16:45:10][INFO][Rank 0] - train Epoch 11/24: 97.5% (1900/1948)
[2025-11-18 16:45:17][INFO][Rank 0] - train Epoch 11/24: 98.0% (1910/1948)
[2025-11-18 16:45:24][INFO][Rank 0] - train Epoch 11/24: 98.6% (1920/1948)
[2025-11-18 16:45:31][INFO][Rank 0] - train Epoch 11/24: 99.1% (1930/1948)
[2025-11-18 16:45:38][INFO][Rank 0] - train Epoch 11/24: 99.6% (1940/1948)
[2025-11-18 16:45:43][INFO][Rank 0] - train Epoch 11/24: 99.9% (1947/1948)
[2025-11-18 16:45:43][INFO][Rank 0] - train Loss: 0.1596 Acc: 0.9737 F1: 0.9864
[2025-11-18 16:45:43][INFO][Rank 0] - train Balanced Acc: 0.8767 AUC-ROC: 0.9695
[2025-11-18 16:45:43][INFO][Rank 0] - train Sensitivity: 0.9788 Specificity: 0.7746
[2025-11-18 16:45:43][INFO][Rank 0] - train Confusion Matrix: TP=18589, FP=110, FN=403, TN=378
[2025-11-18 16:45:43][INFO][Rank 0] - train completed in 1376.49s
[2025-11-18 16:45:43][INFO][Rank 0] - Data loading time: 0.82s, Forward time: 280.07s, Backward time: 746.13s
[2025-11-18 16:45:43][INFO][Rank 0] - train cache: 0/1 items, hit rate: 0.00%
[2025-11-18 16:45:43][INFO][Rank 0] - CUDA Memory [val][Step 0]: Device 0: Allocated: 3309.6 MB, Reserved: 117540.0 MB (Δ: +1687.0 MB)
[2025-11-18 16:45:43][INFO][Rank 0] - val phase: total 406 batches
[2025-11-18 16:45:44][INFO][Rank 0] - val Epoch 11/24: 0.0% (0/406)
[2025-11-18 16:45:49][INFO][Rank 0] - val Epoch 11/24: 2.5% (10/406)
[2025-11-18 16:45:54][INFO][Rank 0] - val Epoch 11/24: 4.9% (20/406)
[2025-11-18 16:45:59][INFO][Rank 0] - val Epoch 11/24: 7.4% (30/406)
[2025-11-18 16:46:04][INFO][Rank 0] - val Epoch 11/24: 9.9% (40/406)
[2025-11-18 16:46:09][INFO][Rank 0] - val Epoch 11/24: 12.3% (50/406)
[2025-11-18 16:46:14][INFO][Rank 0] - val Epoch 11/24: 14.8% (60/406)
[2025-11-18 16:46:19][INFO][Rank 0] - val Epoch 11/24: 17.2% (70/406)
[2025-11-18 16:46:24][INFO][Rank 0] - val Epoch 11/24: 19.7% (80/406)
[2025-11-18 16:46:29][INFO][Rank 0] - val Epoch 11/24: 22.2% (90/406)
[2025-11-18 16:46:34][INFO][Rank 0] - val Epoch 11/24: 24.6% (100/406)
[2025-11-18 16:46:39][INFO][Rank 0] - val Epoch 11/24: 27.1% (110/406)
[2025-11-18 16:46:44][INFO][Rank 0] - val Epoch 11/24: 29.6% (120/406)
[2025-11-18 16:46:44][INFO][Rank 0] - CUDA Memory [val][Step 120]: Device 0: Allocated: 3309.6 MB, Reserved: 117540.0 MB (Δ: +1687.0 MB)
[2025-11-18 16:46:48][INFO][Rank 0] - val Epoch 11/24: 32.0% (130/406)
[2025-11-18 16:46:53][INFO][Rank 0] - val Epoch 11/24: 34.5% (140/406)
[2025-11-18 16:46:58][INFO][Rank 0] - val Epoch 11/24: 36.9% (150/406)
[2025-11-18 16:47:03][INFO][Rank 0] - val Epoch 11/24: 39.4% (160/406)
[2025-11-18 16:47:08][INFO][Rank 0] - val Epoch 11/24: 41.9% (170/406)
[2025-11-18 16:47:13][INFO][Rank 0] - val Epoch 11/24: 44.3% (180/406)
[2025-11-18 16:47:18][INFO][Rank 0] - val Epoch 11/24: 46.8% (190/406)
[2025-11-18 16:47:23][INFO][Rank 0] - val Epoch 11/24: 49.3% (200/406)
[2025-11-18 16:47:28][INFO][Rank 0] - val Epoch 11/24: 51.7% (210/406)
[2025-11-18 16:47:33][INFO][Rank 0] - val Epoch 11/24: 54.2% (220/406)
[2025-11-18 16:47:38][INFO][Rank 0] - val Epoch 11/24: 56.7% (230/406)
[2025-11-18 16:47:43][INFO][Rank 0] - val Epoch 11/24: 59.1% (240/406)
[2025-11-18 16:47:48][INFO][Rank 0] - val Epoch 11/24: 61.6% (250/406)
[2025-11-18 16:47:53][INFO][Rank 0] - val Epoch 11/24: 64.0% (260/406)
[2025-11-18 16:47:58][INFO][Rank 0] - val Epoch 11/24: 66.5% (270/406)
[2025-11-18 16:47:59][INFO][Rank 0] - CUDA Memory [val][Step 270]: Device 0: Allocated: 3309.6 MB, Reserved: 117540.0 MB (Δ: +1687.0 MB)
[2025-11-18 16:48:03][INFO][Rank 0] - val Epoch 11/24: 69.0% (280/406)
[2025-11-18 16:48:08][INFO][Rank 0] - val Epoch 11/24: 71.4% (290/406)
[2025-11-18 16:48:13][INFO][Rank 0] - val Epoch 11/24: 73.9% (300/406)
[2025-11-18 16:48:18][INFO][Rank 0] - val Epoch 11/24: 76.4% (310/406)
[2025-11-18 16:48:23][INFO][Rank 0] - val Epoch 11/24: 78.8% (320/406)
[2025-11-18 16:48:28][INFO][Rank 0] - val Epoch 11/24: 81.3% (330/406)
[2025-11-18 16:48:33][INFO][Rank 0] - val Epoch 11/24: 83.7% (340/406)
[2025-11-18 16:48:38][INFO][Rank 0] - val Epoch 11/24: 86.2% (350/406)
[2025-11-18 16:48:43][INFO][Rank 0] - val Epoch 11/24: 88.7% (360/406)
[2025-11-18 16:48:48][INFO][Rank 0] - val Epoch 11/24: 91.1% (370/406)
[2025-11-18 16:48:53][INFO][Rank 0] - val Epoch 11/24: 93.6% (380/406)
[2025-11-18 16:48:58][INFO][Rank 0] - val Epoch 11/24: 96.1% (390/406)
[2025-11-18 16:49:03][INFO][Rank 0] - val Epoch 11/24: 98.5% (400/406)
[2025-11-18 16:49:05][INFO][Rank 0] - val Epoch 11/24: 99.8% (405/406)
[2025-11-18 16:49:06][INFO][Rank 0] - val Loss: 0.1113 Acc: 0.9672 F1: 0.9829
[2025-11-18 16:49:06][INFO][Rank 0] - val Balanced Acc: 0.9336 AUC-ROC: 0.9802
[2025-11-18 16:49:06][INFO][Rank 0] - val Sensitivity: 0.9691 Specificity: 0.8981
[2025-11-18 16:49:06][INFO][Rank 0] - val Confusion Matrix: TP=3830, FP=11, FN=122, TN=97
[2025-11-18 16:49:06][INFO][Rank 0] - val completed in 202.17s
[2025-11-18 16:49:06][INFO][Rank 0] - val cache: 0/1 items, hit rate: 0.00%
[2025-11-18 16:49:10][INFO][Rank 0] - Saved new best balanced_acc model with balanced_acc: 0.9336 at /projects/retprogression/rgarridogarcia/checkpoints/cropped1024_cropped_centered_allR_3/best_balanced_acc_model.pth
[2025-11-18 16:49:14][INFO][Rank 0] - Also saved as general best model at /projects/retprogression/rgarridogarcia/checkpoints/cropped1024_cropped_centered_allR_3/best_model.pth
[2025-11-18 16:49:19][INFO][Rank 0] - Saved new best auc model with auc: 0.9802 at /projects/retprogression/rgarridogarcia/checkpoints/cropped1024_cropped_centered_allR_3/best_auc_model.pth
[2025-11-18 16:49:23][INFO][Rank 0] - Saved epoch checkpoint at /projects/retprogression/rgarridogarcia/checkpoints/cropped1024_cropped_centered_allR_3/epoch_11.pth
[2025-11-18 16:49:23][INFO][Rank 0] - Epoch 11 summary:
[2025-11-18 16:49:23][INFO][Rank 0] -  Train Loss: 0.1596, Train Acc: 0.9737, Train F1: 0.9864
[2025-11-18 16:49:23][INFO][Rank 0] -  Train Balanced Acc: 0.8767, Train AUC: 0.9695
[2025-11-18 16:49:23][INFO][Rank 0] -  Train Sensitivity: 0.9788, Train Specificity: 0.7746
[2025-11-18 16:49:23][INFO][Rank 0] -  Val Loss: 0.1113, Val Acc: 0.9672, Val F1: 0.9829
[2025-11-18 16:49:23][INFO][Rank 0] -  Val Balanced Acc: 0.9336, Val AUC: 0.9802
[2025-11-18 16:49:23][INFO][Rank 0] -  Val Sensitivity: 0.9691, Val Specificity: 0.8981
[2025-11-18 16:49:23][INFO][Rank 0] -  Total Epoch Time: 1595.91s
[2025-11-18 16:49:23][INFO][Rank 0] - Epoch 12/24
[2025-11-18 16:49:23][INFO][Rank 0] - ----------
[2025-11-18 16:49:23][INFO][Rank 0] - CUDA Memory [train][Step 0]: Device 0: Allocated: 3309.6 MB, Reserved: 117540.0 MB (Δ: +1687.0 MB)
[2025-11-18 16:49:23][INFO][Rank 0] - train phase: total 1948 batches
[2025-11-18 16:49:23][INFO][Rank 0] - train Epoch 12/24: 0.0% (0/1948)
[2025-11-18 16:49:30][INFO][Rank 0] - train Epoch 12/24: 0.5% (10/1948)
[2025-11-18 16:49:38][INFO][Rank 0] - train Epoch 12/24: 1.0% (20/1948)
[2025-11-18 16:49:45][INFO][Rank 0] - train Epoch 12/24: 1.5% (30/1948)
[2025-11-18 16:49:52][INFO][Rank 0] - train Epoch 12/24: 2.1% (40/1948)
[2025-11-18 16:49:59][INFO][Rank 0] - train Epoch 12/24: 2.6% (50/1948)
[2025-11-18 16:50:06][INFO][Rank 0] - train Epoch 12/24: 3.1% (60/1948)
[2025-11-18 16:50:13][INFO][Rank 0] - train Epoch 12/24: 3.6% (70/1948)
[2025-11-18 16:50:20][INFO][Rank 0] - train Epoch 12/24: 4.1% (80/1948)
[2025-11-18 16:50:27][INFO][Rank 0] - train Epoch 12/24: 4.6% (90/1948)
[2025-11-18 16:50:28][INFO][Rank 0] - CUDA Memory [train][Step 90]: Device 0: Allocated: 3309.6 MB, Reserved: 117540.0 MB (Δ: +1687.0 MB)
[2025-11-18 16:50:34][INFO][Rank 0] - train Epoch 12/24: 5.1% (100/1948)
[2025-11-18 16:50:41][INFO][Rank 0] - train Epoch 12/24: 5.6% (110/1948)
[2025-11-18 16:50:48][INFO][Rank 0] - train Epoch 12/24: 6.2% (120/1948)
[2025-11-18 16:50:55][INFO][Rank 0] - train Epoch 12/24: 6.7% (130/1948)
[2025-11-18 16:51:02][INFO][Rank 0] - train Epoch 12/24: 7.2% (140/1948)
[2025-11-18 16:51:09][INFO][Rank 0] - train Epoch 12/24: 7.7% (150/1948)
[2025-11-18 16:51:16][INFO][Rank 0] - train Epoch 12/24: 8.2% (160/1948)
[2025-11-18 16:51:24][INFO][Rank 0] - train Epoch 12/24: 8.7% (170/1948)
[2025-11-18 16:51:31][INFO][Rank 0] - train Epoch 12/24: 9.2% (180/1948)
[2025-11-18 16:51:31][INFO][Rank 0] - CUDA Memory [train][Step 180]: Device 0: Allocated: 3309.6 MB, Reserved: 117540.0 MB (Δ: +1687.0 MB)
[2025-11-18 16:51:38][INFO][Rank 0] - train Epoch 12/24: 9.8% (190/1948)
[2025-11-18 16:51:45][INFO][Rank 0] - train Epoch 12/24: 10.3% (200/1948)
[2025-11-18 16:51:52][INFO][Rank 0] - train Epoch 12/24: 10.8% (210/1948)
[2025-11-18 16:51:59][INFO][Rank 0] - train Epoch 12/24: 11.3% (220/1948)
[2025-11-18 16:52:06][INFO][Rank 0] - train Epoch 12/24: 11.8% (230/1948)
[2025-11-18 16:52:13][INFO][Rank 0] - train Epoch 12/24: 12.3% (240/1948)
[2025-11-18 16:52:20][INFO][Rank 0] - train Epoch 12/24: 12.8% (250/1948)
[2025-11-18 16:52:27][INFO][Rank 0] - train Epoch 12/24: 13.3% (260/1948)
[2025-11-18 16:52:34][INFO][Rank 0] - train Epoch 12/24: 13.9% (270/1948)
[2025-11-18 16:52:35][INFO][Rank 0] - CUDA Memory [train][Step 270]: Device 0: Allocated: 3309.6 MB, Reserved: 117540.0 MB (Δ: +1687.0 MB)
[2025-11-18 16:52:41][INFO][Rank 0] - train Epoch 12/24: 14.4% (280/1948)
[2025-11-18 16:52:48][INFO][Rank 0] - train Epoch 12/24: 14.9% (290/1948)
[2025-11-18 16:52:55][INFO][Rank 0] - train Epoch 12/24: 15.4% (300/1948)
[2025-11-18 16:53:02][INFO][Rank 0] - train Epoch 12/24: 15.9% (310/1948)
[2025-11-18 16:53:10][INFO][Rank 0] - train Epoch 12/24: 16.4% (320/1948)
[2025-11-18 16:53:17][INFO][Rank 0] - train Epoch 12/24: 16.9% (330/1948)
[2025-11-18 16:53:24][INFO][Rank 0] - train Epoch 12/24: 17.5% (340/1948)
[2025-11-18 16:53:31][INFO][Rank 0] - train Epoch 12/24: 18.0% (350/1948)
[2025-11-18 16:53:38][INFO][Rank 0] - train Epoch 12/24: 18.5% (360/1948)
[2025-11-18 16:53:39][INFO][Rank 0] - CUDA Memory [train][Step 360]: Device 0: Allocated: 3309.6 MB, Reserved: 117540.0 MB (Δ: +1687.0 MB)
[2025-11-18 16:53:45][INFO][Rank 0] - train Epoch 12/24: 19.0% (370/1948)
[2025-11-18 16:53:52][INFO][Rank 0] - train Epoch 12/24: 19.5% (380/1948)
[2025-11-18 16:53:59][INFO][Rank 0] - train Epoch 12/24: 20.0% (390/1948)
[2025-11-18 16:54:06][INFO][Rank 0] - train Epoch 12/24: 20.5% (400/1948)
[2025-11-18 16:54:13][INFO][Rank 0] - train Epoch 12/24: 21.0% (410/1948)
[2025-11-18 16:54:20][INFO][Rank 0] - train Epoch 12/24: 21.6% (420/1948)
[2025-11-18 16:54:27][INFO][Rank 0] - train Epoch 12/24: 22.1% (430/1948)
[2025-11-18 16:54:34][INFO][Rank 0] - train Epoch 12/24: 22.6% (440/1948)
[2025-11-18 16:54:41][INFO][Rank 0] - train Epoch 12/24: 23.1% (450/1948)
[2025-11-18 16:54:42][INFO][Rank 0] - CUDA Memory [train][Step 450]: Device 0: Allocated: 3309.6 MB, Reserved: 117540.0 MB (Δ: +1687.0 MB)
[2025-11-18 16:54:48][INFO][Rank 0] - train Epoch 12/24: 23.6% (460/1948)
[2025-11-18 16:54:56][INFO][Rank 0] - train Epoch 12/24: 24.1% (470/1948)
[2025-11-18 16:55:03][INFO][Rank 0] - train Epoch 12/24: 24.6% (480/1948)
[2025-11-18 16:55:10][INFO][Rank 0] - train Epoch 12/24: 25.2% (490/1948)
[2025-11-18 16:55:17][INFO][Rank 0] - train Epoch 12/24: 25.7% (500/1948)
[2025-11-18 16:55:24][INFO][Rank 0] - train Epoch 12/24: 26.2% (510/1948)
[2025-11-18 16:55:31][INFO][Rank 0] - train Epoch 12/24: 26.7% (520/1948)
[2025-11-18 16:55:38][INFO][Rank 0] - train Epoch 12/24: 27.2% (530/1948)
[2025-11-18 16:55:45][INFO][Rank 0] - train Epoch 12/24: 27.7% (540/1948)
[2025-11-18 16:55:46][INFO][Rank 0] - CUDA Memory [train][Step 540]: Device 0: Allocated: 3309.6 MB, Reserved: 117540.0 MB (Δ: +1687.0 MB)
[2025-11-18 16:55:52][INFO][Rank 0] - train Epoch 12/24: 28.2% (550/1948)
[2025-11-18 16:55:59][INFO][Rank 0] - train Epoch 12/24: 28.7% (560/1948)
[2025-11-18 16:56:06][INFO][Rank 0] - train Epoch 12/24: 29.3% (570/1948)
[2025-11-18 16:56:13][INFO][Rank 0] - train Epoch 12/24: 29.8% (580/1948)
[2025-11-18 16:56:20][INFO][Rank 0] - train Epoch 12/24: 30.3% (590/1948)
[2025-11-18 16:56:27][INFO][Rank 0] - train Epoch 12/24: 30.8% (600/1948)
[2025-11-18 16:56:34][INFO][Rank 0] - train Epoch 12/24: 31.3% (610/1948)
[2025-11-18 16:56:42][INFO][Rank 0] - train Epoch 12/24: 31.8% (620/1948)
[2025-11-18 16:56:49][INFO][Rank 0] - train Epoch 12/24: 32.3% (630/1948)
[2025-11-18 16:56:49][INFO][Rank 0] - CUDA Memory [train][Step 630]: Device 0: Allocated: 3309.6 MB, Reserved: 117540.0 MB (Δ: +1687.0 MB)
[2025-11-18 16:56:56][INFO][Rank 0] - train Epoch 12/24: 32.9% (640/1948)
[2025-11-18 16:57:03][INFO][Rank 0] - train Epoch 12/24: 33.4% (650/1948)
[2025-11-18 16:57:10][INFO][Rank 0] - train Epoch 12/24: 33.9% (660/1948)
[2025-11-18 16:57:17][INFO][Rank 0] - train Epoch 12/24: 34.4% (670/1948)
[2025-11-18 16:57:24][INFO][Rank 0] - train Epoch 12/24: 34.9% (680/1948)
[2025-11-18 16:57:31][INFO][Rank 0] - train Epoch 12/24: 35.4% (690/1948)
[2025-11-18 16:57:38][INFO][Rank 0] - train Epoch 12/24: 35.9% (700/1948)
[2025-11-18 16:57:45][INFO][Rank 0] - train Epoch 12/24: 36.4% (710/1948)
[2025-11-18 16:57:52][INFO][Rank 0] - train Epoch 12/24: 37.0% (720/1948)
[2025-11-18 16:57:53][INFO][Rank 0] - CUDA Memory [train][Step 720]: Device 0: Allocated: 3309.6 MB, Reserved: 117540.0 MB (Δ: +1687.0 MB)
[2025-11-18 16:57:59][INFO][Rank 0] - train Epoch 12/24: 37.5% (730/1948)
[2025-11-18 16:58:06][INFO][Rank 0] - train Epoch 12/24: 38.0% (740/1948)
[2025-11-18 16:58:13][INFO][Rank 0] - train Epoch 12/24: 38.5% (750/1948)
[2025-11-18 16:58:20][INFO][Rank 0] - train Epoch 12/24: 39.0% (760/1948)
[2025-11-18 16:58:28][INFO][Rank 0] - train Epoch 12/24: 39.5% (770/1948)
[2025-11-18 16:58:35][INFO][Rank 0] - train Epoch 12/24: 40.0% (780/1948)
[2025-11-18 16:58:42][INFO][Rank 0] - train Epoch 12/24: 40.6% (790/1948)
[2025-11-18 16:58:49][INFO][Rank 0] - train Epoch 12/24: 41.1% (800/1948)
[2025-11-18 16:58:56][INFO][Rank 0] - train Epoch 12/24: 41.6% (810/1948)
[2025-11-18 16:58:57][INFO][Rank 0] - CUDA Memory [train][Step 810]: Device 0: Allocated: 3309.6 MB, Reserved: 117540.0 MB (Δ: +1687.0 MB)
[2025-11-18 16:59:03][INFO][Rank 0] - train Epoch 12/24: 42.1% (820/1948)
[2025-11-18 16:59:10][INFO][Rank 0] - train Epoch 12/24: 42.6% (830/1948)
[2025-11-18 16:59:17][INFO][Rank 0] - train Epoch 12/24: 43.1% (840/1948)
[2025-11-18 16:59:24][INFO][Rank 0] - train Epoch 12/24: 43.6% (850/1948)
[2025-11-18 16:59:31][INFO][Rank 0] - train Epoch 12/24: 44.1% (860/1948)
[2025-11-18 16:59:38][INFO][Rank 0] - train Epoch 12/24: 44.7% (870/1948)
[2025-11-18 16:59:45][INFO][Rank 0] - train Epoch 12/24: 45.2% (880/1948)
[2025-11-18 16:59:52][INFO][Rank 0] - train Epoch 12/24: 45.7% (890/1948)
[2025-11-18 16:59:59][INFO][Rank 0] - train Epoch 12/24: 46.2% (900/1948)
[2025-11-18 17:00:00][INFO][Rank 0] - CUDA Memory [train][Step 900]: Device 0: Allocated: 3309.6 MB, Reserved: 117540.0 MB (Δ: +1687.0 MB)
[2025-11-18 17:00:07][INFO][Rank 0] - train Epoch 12/24: 46.7% (910/1948)
[2025-11-18 17:00:14][INFO][Rank 0] - train Epoch 12/24: 47.2% (920/1948)
[2025-11-18 17:00:21][INFO][Rank 0] - train Epoch 12/24: 47.7% (930/1948)
[2025-11-18 17:00:28][INFO][Rank 0] - train Epoch 12/24: 48.3% (940/1948)
[2025-11-18 17:00:35][INFO][Rank 0] - train Epoch 12/24: 48.8% (950/1948)
[2025-11-18 17:00:42][INFO][Rank 0] - train Epoch 12/24: 49.3% (960/1948)
[2025-11-18 17:00:49][INFO][Rank 0] - train Epoch 12/24: 49.8% (970/1948)
[2025-11-18 17:00:56][INFO][Rank 0] - train Epoch 12/24: 50.3% (980/1948)
[2025-11-18 17:01:03][INFO][Rank 0] - train Epoch 12/24: 50.8% (990/1948)
[2025-11-18 17:01:04][INFO][Rank 0] - CUDA Memory [train][Step 990]: Device 0: Allocated: 3309.6 MB, Reserved: 117540.0 MB (Δ: +1687.0 MB)
[2025-11-18 17:01:10][INFO][Rank 0] - train Epoch 12/24: 51.3% (1000/1948)
[2025-11-18 17:01:17][INFO][Rank 0] - train Epoch 12/24: 51.8% (1010/1948)
[2025-11-18 17:01:24][INFO][Rank 0] - train Epoch 12/24: 52.4% (1020/1948)
[2025-11-18 17:01:31][INFO][Rank 0] - train Epoch 12/24: 52.9% (1030/1948)
[2025-11-18 17:01:38][INFO][Rank 0] - train Epoch 12/24: 53.4% (1040/1948)
[2025-11-18 17:01:45][INFO][Rank 0] - train Epoch 12/24: 53.9% (1050/1948)
[2025-11-18 17:01:53][INFO][Rank 0] - train Epoch 12/24: 54.4% (1060/1948)
[2025-11-18 17:02:00][INFO][Rank 0] - train Epoch 12/24: 54.9% (1070/1948)
[2025-11-18 17:02:07][INFO][Rank 0] - train Epoch 12/24: 55.4% (1080/1948)
[2025-11-18 17:02:07][INFO][Rank 0] - CUDA Memory [train][Step 1080]: Device 0: Allocated: 3309.6 MB, Reserved: 117540.0 MB (Δ: +1687.0 MB)
[2025-11-18 17:02:14][INFO][Rank 0] - train Epoch 12/24: 56.0% (1090/1948)
[2025-11-18 17:02:21][INFO][Rank 0] - train Epoch 12/24: 56.5% (1100/1948)
[2025-11-18 17:02:28][INFO][Rank 0] - train Epoch 12/24: 57.0% (1110/1948)
[2025-11-18 17:02:35][INFO][Rank 0] - train Epoch 12/24: 57.5% (1120/1948)
[2025-11-18 17:02:42][INFO][Rank 0] - train Epoch 12/24: 58.0% (1130/1948)
[2025-11-18 17:02:49][INFO][Rank 0] - train Epoch 12/24: 58.5% (1140/1948)
[2025-11-18 17:02:56][INFO][Rank 0] - train Epoch 12/24: 59.0% (1150/1948)
[2025-11-18 17:03:03][INFO][Rank 0] - train Epoch 12/24: 59.5% (1160/1948)
[2025-11-18 17:03:10][INFO][Rank 0] - train Epoch 12/24: 60.1% (1170/1948)
[2025-11-18 17:03:11][INFO][Rank 0] - CUDA Memory [train][Step 1170]: Device 0: Allocated: 3309.6 MB, Reserved: 117540.0 MB (Δ: +1687.0 MB)
[2025-11-18 17:03:17][INFO][Rank 0] - train Epoch 12/24: 60.6% (1180/1948)
[2025-11-18 17:03:24][INFO][Rank 0] - train Epoch 12/24: 61.1% (1190/1948)
[2025-11-18 17:03:31][INFO][Rank 0] - train Epoch 12/24: 61.6% (1200/1948)
[2025-11-18 17:03:39][INFO][Rank 0] - train Epoch 12/24: 62.1% (1210/1948)
[2025-11-18 17:03:46][INFO][Rank 0] - train Epoch 12/24: 62.6% (1220/1948)
[2025-11-18 17:03:53][INFO][Rank 0] - train Epoch 12/24: 63.1% (1230/1948)
[2025-11-18 17:04:00][INFO][Rank 0] - train Epoch 12/24: 63.7% (1240/1948)
[2025-11-18 17:04:07][INFO][Rank 0] - train Epoch 12/24: 64.2% (1250/1948)
[2025-11-18 17:04:14][INFO][Rank 0] - train Epoch 12/24: 64.7% (1260/1948)
[2025-11-18 17:04:15][INFO][Rank 0] - CUDA Memory [train][Step 1260]: Device 0: Allocated: 3309.6 MB, Reserved: 117540.0 MB (Δ: +1687.0 MB)
[2025-11-18 17:04:21][INFO][Rank 0] - train Epoch 12/24: 65.2% (1270/1948)
[2025-11-18 17:04:28][INFO][Rank 0] - train Epoch 12/24: 65.7% (1280/1948)
[2025-11-18 17:04:35][INFO][Rank 0] - train Epoch 12/24: 66.2% (1290/1948)
[2025-11-18 17:04:42][INFO][Rank 0] - train Epoch 12/24: 66.7% (1300/1948)
[2025-11-18 17:04:49][INFO][Rank 0] - train Epoch 12/24: 67.2% (1310/1948)
[2025-11-18 17:04:56][INFO][Rank 0] - train Epoch 12/24: 67.8% (1320/1948)
[2025-11-18 17:05:03][INFO][Rank 0] - train Epoch 12/24: 68.3% (1330/1948)
[2025-11-18 17:05:10][INFO][Rank 0] - train Epoch 12/24: 68.8% (1340/1948)
[2025-11-18 17:05:17][INFO][Rank 0] - train Epoch 12/24: 69.3% (1350/1948)
[2025-11-18 17:05:18][INFO][Rank 0] - CUDA Memory [train][Step 1350]: Device 0: Allocated: 3309.6 MB, Reserved: 117540.0 MB (Δ: +1687.0 MB)
[2025-11-18 17:05:25][INFO][Rank 0] - train Epoch 12/24: 69.8% (1360/1948)
[2025-11-18 17:05:32][INFO][Rank 0] - train Epoch 12/24: 70.3% (1370/1948)
[2025-11-18 17:05:39][INFO][Rank 0] - train Epoch 12/24: 70.8% (1380/1948)
[2025-11-18 17:05:46][INFO][Rank 0] - train Epoch 12/24: 71.4% (1390/1948)
[2025-11-18 17:05:53][INFO][Rank 0] - train Epoch 12/24: 71.9% (1400/1948)
[2025-11-18 17:06:00][INFO][Rank 0] - train Epoch 12/24: 72.4% (1410/1948)
[2025-11-18 17:06:07][INFO][Rank 0] - train Epoch 12/24: 72.9% (1420/1948)
[2025-11-18 17:06:14][INFO][Rank 0] - train Epoch 12/24: 73.4% (1430/1948)
[2025-11-18 17:06:21][INFO][Rank 0] - train Epoch 12/24: 73.9% (1440/1948)
[2025-11-18 17:06:22][INFO][Rank 0] - CUDA Memory [train][Step 1440]: Device 0: Allocated: 3309.6 MB, Reserved: 117540.0 MB (Δ: +1687.0 MB)
[2025-11-18 17:06:28][INFO][Rank 0] - train Epoch 12/24: 74.4% (1450/1948)
[2025-11-18 17:06:35][INFO][Rank 0] - train Epoch 12/24: 74.9% (1460/1948)
[2025-11-18 17:06:42][INFO][Rank 0] - train Epoch 12/24: 75.5% (1470/1948)
[2025-11-18 17:06:49][INFO][Rank 0] - train Epoch 12/24: 76.0% (1480/1948)
[2025-11-18 17:06:56][INFO][Rank 0] - train Epoch 12/24: 76.5% (1490/1948)
[2025-11-18 17:07:03][INFO][Rank 0] - train Epoch 12/24: 77.0% (1500/1948)
[2025-11-18 17:07:11][INFO][Rank 0] - train Epoch 12/24: 77.5% (1510/1948)
[2025-11-18 17:07:18][INFO][Rank 0] - train Epoch 12/24: 78.0% (1520/1948)
[2025-11-18 17:07:25][INFO][Rank 0] - train Epoch 12/24: 78.5% (1530/1948)
[2025-11-18 17:07:25][INFO][Rank 0] - CUDA Memory [train][Step 1530]: Device 0: Allocated: 3309.6 MB, Reserved: 117540.0 MB (Δ: +1687.0 MB)
[2025-11-18 17:07:32][INFO][Rank 0] - train Epoch 12/24: 79.1% (1540/1948)
[2025-11-18 17:07:39][INFO][Rank 0] - train Epoch 12/24: 79.6% (1550/1948)
[2025-11-18 17:07:46][INFO][Rank 0] - train Epoch 12/24: 80.1% (1560/1948)
[2025-11-18 17:07:53][INFO][Rank 0] - train Epoch 12/24: 80.6% (1570/1948)
[2025-11-18 17:08:00][INFO][Rank 0] - train Epoch 12/24: 81.1% (1580/1948)
[2025-11-18 17:08:07][INFO][Rank 0] - train Epoch 12/24: 81.6% (1590/1948)
[2025-11-18 17:08:14][INFO][Rank 0] - train Epoch 12/24: 82.1% (1600/1948)
[2025-11-18 17:08:21][INFO][Rank 0] - train Epoch 12/24: 82.6% (1610/1948)
[2025-11-18 17:08:28][INFO][Rank 0] - train Epoch 12/24: 83.2% (1620/1948)
[2025-11-18 17:08:29][INFO][Rank 0] - CUDA Memory [train][Step 1620]: Device 0: Allocated: 3309.6 MB, Reserved: 117540.0 MB (Δ: +1687.0 MB)
[2025-11-18 17:08:35][INFO][Rank 0] - train Epoch 12/24: 83.7% (1630/1948)
[2025-11-18 17:08:42][INFO][Rank 0] - train Epoch 12/24: 84.2% (1640/1948)
[2025-11-18 17:08:50][INFO][Rank 0] - train Epoch 12/24: 84.7% (1650/1948)
[2025-11-18 17:08:57][INFO][Rank 0] - train Epoch 12/24: 85.2% (1660/1948)
[2025-11-18 17:09:04][INFO][Rank 0] - train Epoch 12/24: 85.7% (1670/1948)
[2025-11-18 17:09:11][INFO][Rank 0] - train Epoch 12/24: 86.2% (1680/1948)
[2025-11-18 17:09:18][INFO][Rank 0] - train Epoch 12/24: 86.8% (1690/1948)
[2025-11-18 17:09:25][INFO][Rank 0] - train Epoch 12/24: 87.3% (1700/1948)
[2025-11-18 17:09:32][INFO][Rank 0] - train Epoch 12/24: 87.8% (1710/1948)
[2025-11-18 17:09:33][INFO][Rank 0] - CUDA Memory [train][Step 1710]: Device 0: Allocated: 3309.6 MB, Reserved: 117540.0 MB (Δ: +1687.0 MB)
[2025-11-18 17:09:39][INFO][Rank 0] - train Epoch 12/24: 88.3% (1720/1948)
[2025-11-18 17:09:46][INFO][Rank 0] - train Epoch 12/24: 88.8% (1730/1948)
[2025-11-18 17:09:53][INFO][Rank 0] - train Epoch 12/24: 89.3% (1740/1948)
[2025-11-18 17:10:00][INFO][Rank 0] - train Epoch 12/24: 89.8% (1750/1948)
[2025-11-18 17:10:07][INFO][Rank 0] - train Epoch 12/24: 90.3% (1760/1948)
[2025-11-18 17:10:14][INFO][Rank 0] - train Epoch 12/24: 90.9% (1770/1948)
[2025-11-18 17:10:21][INFO][Rank 0] - train Epoch 12/24: 91.4% (1780/1948)
[2025-11-18 17:10:28][INFO][Rank 0] - train Epoch 12/24: 91.9% (1790/1948)
[2025-11-18 17:10:36][INFO][Rank 0] - train Epoch 12/24: 92.4% (1800/1948)
[2025-11-18 17:10:36][INFO][Rank 0] - CUDA Memory [train][Step 1800]: Device 0: Allocated: 3309.6 MB, Reserved: 117540.0 MB (Δ: +1687.0 MB)
[2025-11-18 17:10:43][INFO][Rank 0] - train Epoch 12/24: 92.9% (1810/1948)
[2025-11-18 17:10:50][INFO][Rank 0] - train Epoch 12/24: 93.4% (1820/1948)
[2025-11-18 17:10:57][INFO][Rank 0] - train Epoch 12/24: 93.9% (1830/1948)
[2025-11-18 17:11:04][INFO][Rank 0] - train Epoch 12/24: 94.5% (1840/1948)
[2025-11-18 17:11:11][INFO][Rank 0] - train Epoch 12/24: 95.0% (1850/1948)
[2025-11-18 17:11:18][INFO][Rank 0] - train Epoch 12/24: 95.5% (1860/1948)
[2025-11-18 17:11:25][INFO][Rank 0] - train Epoch 12/24: 96.0% (1870/1948)
[2025-11-18 17:11:32][INFO][Rank 0] - train Epoch 12/24: 96.5% (1880/1948)
[2025-11-18 17:11:39][INFO][Rank 0] - train Epoch 12/24: 97.0% (1890/1948)
[2025-11-18 17:11:40][INFO][Rank 0] - CUDA Memory [train][Step 1890]: Device 0: Allocated: 3309.6 MB, Reserved: 117540.0 MB (Δ: +1687.0 MB)
[2025-11-18 17:11:46][INFO][Rank 0] - train Epoch 12/24: 97.5% (1900/1948)
[2025-11-18 17:11:53][INFO][Rank 0] - train Epoch 12/24: 98.0% (1910/1948)
[2025-11-18 17:12:00][INFO][Rank 0] - train Epoch 12/24: 98.6% (1920/1948)
[2025-11-18 17:12:07][INFO][Rank 0] - train Epoch 12/24: 99.1% (1930/1948)
[2025-11-18 17:12:14][INFO][Rank 0] - train Epoch 12/24: 99.6% (1940/1948)
[2025-11-18 17:12:19][INFO][Rank 0] - train Epoch 12/24: 99.9% (1947/1948)
[2025-11-18 17:12:20][INFO][Rank 0] - train Loss: 0.1574 Acc: 0.9711 F1: 0.9851
[2025-11-18 17:12:20][INFO][Rank 0] - train Balanced Acc: 0.8854 AUC-ROC: 0.9686
[2025-11-18 17:12:20][INFO][Rank 0] - train Sensitivity: 0.9757 Specificity: 0.7951
[2025-11-18 17:12:20][INFO][Rank 0] - train Confusion Matrix: TP=18530, FP=100, FN=462, TN=388
[2025-11-18 17:12:20][INFO][Rank 0] - train completed in 1377.28s
[2025-11-18 17:12:20][INFO][Rank 0] - Data loading time: 1.16s, Forward time: 280.26s, Backward time: 746.53s
[2025-11-18 17:12:20][INFO][Rank 0] - train cache: 0/1 items, hit rate: 0.00%
[2025-11-18 17:12:20][INFO][Rank 0] - CUDA Memory [val][Step 0]: Device 0: Allocated: 3309.6 MB, Reserved: 117540.0 MB (Δ: +1687.0 MB)
[2025-11-18 17:12:20][INFO][Rank 0] - val phase: total 406 batches
[2025-11-18 17:12:21][INFO][Rank 0] - val Epoch 12/24: 0.0% (0/406)
[2025-11-18 17:12:26][INFO][Rank 0] - val Epoch 12/24: 2.5% (10/406)
[2025-11-18 17:12:31][INFO][Rank 0] - val Epoch 12/24: 4.9% (20/406)
[2025-11-18 17:12:36][INFO][Rank 0] - val Epoch 12/24: 7.4% (30/406)
[2025-11-18 17:12:40][INFO][Rank 0] - val Epoch 12/24: 9.9% (40/406)
[2025-11-18 17:12:45][INFO][Rank 0] - val Epoch 12/24: 12.3% (50/406)
[2025-11-18 17:12:50][INFO][Rank 0] - val Epoch 12/24: 14.8% (60/406)
[2025-11-18 17:12:55][INFO][Rank 0] - val Epoch 12/24: 17.2% (70/406)
[2025-11-18 17:13:00][INFO][Rank 0] - val Epoch 12/24: 19.7% (80/406)
[2025-11-18 17:13:05][INFO][Rank 0] - val Epoch 12/24: 22.2% (90/406)
[2025-11-18 17:13:10][INFO][Rank 0] - val Epoch 12/24: 24.6% (100/406)
[2025-11-18 17:13:15][INFO][Rank 0] - val Epoch 12/24: 27.1% (110/406)
[2025-11-18 17:13:20][INFO][Rank 0] - val Epoch 12/24: 29.6% (120/406)
[2025-11-18 17:13:21][INFO][Rank 0] - CUDA Memory [val][Step 120]: Device 0: Allocated: 3309.6 MB, Reserved: 117540.0 MB (Δ: +1687.0 MB)
[2025-11-18 17:13:25][INFO][Rank 0] - val Epoch 12/24: 32.0% (130/406)
[2025-11-18 17:13:30][INFO][Rank 0] - val Epoch 12/24: 34.5% (140/406)
[2025-11-18 17:13:35][INFO][Rank 0] - val Epoch 12/24: 36.9% (150/406)
[2025-11-18 17:13:40][INFO][Rank 0] - val Epoch 12/24: 39.4% (160/406)
[2025-11-18 17:13:45][INFO][Rank 0] - val Epoch 12/24: 41.9% (170/406)
[2025-11-18 17:13:50][INFO][Rank 0] - val Epoch 12/24: 44.3% (180/406)
[2025-11-18 17:13:55][INFO][Rank 0] - val Epoch 12/24: 46.8% (190/406)
[2025-11-18 17:14:00][INFO][Rank 0] - val Epoch 12/24: 49.3% (200/406)
[2025-11-18 17:14:05][INFO][Rank 0] - val Epoch 12/24: 51.7% (210/406)
[2025-11-18 17:14:10][INFO][Rank 0] - val Epoch 12/24: 54.2% (220/406)
[2025-11-18 17:14:15][INFO][Rank 0] - val Epoch 12/24: 56.7% (230/406)
[2025-11-18 17:14:20][INFO][Rank 0] - val Epoch 12/24: 59.1% (240/406)
[2025-11-18 17:14:25][INFO][Rank 0] - val Epoch 12/24: 61.6% (250/406)
[2025-11-18 17:14:30][INFO][Rank 0] - val Epoch 12/24: 64.0% (260/406)
[2025-11-18 17:14:35][INFO][Rank 0] - val Epoch 12/24: 66.5% (270/406)
[2025-11-18 17:14:35][INFO][Rank 0] - CUDA Memory [val][Step 270]: Device 0: Allocated: 3309.6 MB, Reserved: 117540.0 MB (Δ: +1687.0 MB)
[2025-11-18 17:14:40][INFO][Rank 0] - val Epoch 12/24: 69.0% (280/406)
[2025-11-18 17:14:45][INFO][Rank 0] - val Epoch 12/24: 71.4% (290/406)
[2025-11-18 17:14:50][INFO][Rank 0] - val Epoch 12/24: 73.9% (300/406)
[2025-11-18 17:14:55][INFO][Rank 0] - val Epoch 12/24: 76.4% (310/406)
[2025-11-18 17:15:00][INFO][Rank 0] - val Epoch 12/24: 78.8% (320/406)
[2025-11-18 17:15:05][INFO][Rank 0] - val Epoch 12/24: 81.3% (330/406)
[2025-11-18 17:15:10][INFO][Rank 0] - val Epoch 12/24: 83.7% (340/406)
[2025-11-18 17:15:14][INFO][Rank 0] - val Epoch 12/24: 86.2% (350/406)
[2025-11-18 17:15:19][INFO][Rank 0] - val Epoch 12/24: 88.7% (360/406)
[2025-11-18 17:15:24][INFO][Rank 0] - val Epoch 12/24: 91.1% (370/406)
[2025-11-18 17:15:29][INFO][Rank 0] - val Epoch 12/24: 93.6% (380/406)
[2025-11-18 17:15:34][INFO][Rank 0] - val Epoch 12/24: 96.1% (390/406)
[2025-11-18 17:15:39][INFO][Rank 0] - val Epoch 12/24: 98.5% (400/406)
[2025-11-18 17:15:42][INFO][Rank 0] - val Epoch 12/24: 99.8% (405/406)
[2025-11-18 17:15:42][INFO][Rank 0] - val Loss: 0.1059 Acc: 0.9734 F1: 0.9862
[2025-11-18 17:15:42][INFO][Rank 0] - val Balanced Acc: 0.9143 AUC-ROC: 0.9806
[2025-11-18 17:15:42][INFO][Rank 0] - val Sensitivity: 0.9767 Specificity: 0.8519
[2025-11-18 17:15:42][INFO][Rank 0] - val Confusion Matrix: TP=3860, FP=16, FN=92, TN=92
[2025-11-18 17:15:42][INFO][Rank 0] - val completed in 202.15s
[2025-11-18 17:15:42][INFO][Rank 0] - val cache: 0/1 items, hit rate: 0.00%
[2025-11-18 17:15:46][INFO][Rank 0] - Saved new best auc model with auc: 0.9806 at /projects/retprogression/rgarridogarcia/checkpoints/cropped1024_cropped_centered_allR_3/best_auc_model.pth
[2025-11-18 17:15:51][INFO][Rank 0] - Saved epoch checkpoint at /projects/retprogression/rgarridogarcia/checkpoints/cropped1024_cropped_centered_allR_3/epoch_12.pth
[2025-11-18 17:15:51][INFO][Rank 0] - Epoch 12 summary:
[2025-11-18 17:15:51][INFO][Rank 0] -  Train Loss: 0.1574, Train Acc: 0.9711, Train F1: 0.9851
[2025-11-18 17:15:51][INFO][Rank 0] -  Train Balanced Acc: 0.8854, Train AUC: 0.9686
[2025-11-18 17:15:51][INFO][Rank 0] -  Train Sensitivity: 0.9757, Train Specificity: 0.7951
[2025-11-18 17:15:51][INFO][Rank 0] -  Val Loss: 0.1059, Val Acc: 0.9734, Val F1: 0.9862
[2025-11-18 17:15:51][INFO][Rank 0] -  Val Balanced Acc: 0.9143, Val AUC: 0.9806
[2025-11-18 17:15:51][INFO][Rank 0] -  Val Sensitivity: 0.9767, Val Specificity: 0.8519
[2025-11-18 17:15:51][INFO][Rank 0] -  Total Epoch Time: 1587.87s
[2025-11-18 17:15:51][INFO][Rank 0] - Epoch 13/24
[2025-11-18 17:15:51][INFO][Rank 0] - ----------
[2025-11-18 17:15:51][INFO][Rank 0] - CUDA Memory [train][Step 0]: Device 0: Allocated: 3309.6 MB, Reserved: 117540.0 MB (Δ: +1687.0 MB)
[2025-11-18 17:15:51][INFO][Rank 0] - train phase: total 1948 batches
[2025-11-18 17:15:51][INFO][Rank 0] - train Epoch 13/24: 0.0% (0/1948)
[2025-11-18 17:15:58][INFO][Rank 0] - train Epoch 13/24: 0.5% (10/1948)
[2025-11-18 17:16:05][INFO][Rank 0] - train Epoch 13/24: 1.0% (20/1948)
[2025-11-18 17:16:13][INFO][Rank 0] - train Epoch 13/24: 1.5% (30/1948)
[2025-11-18 17:16:20][INFO][Rank 0] - train Epoch 13/24: 2.1% (40/1948)
[2025-11-18 17:16:27][INFO][Rank 0] - train Epoch 13/24: 2.6% (50/1948)
[2025-11-18 17:16:34][INFO][Rank 0] - train Epoch 13/24: 3.1% (60/1948)
[2025-11-18 17:16:41][INFO][Rank 0] - train Epoch 13/24: 3.6% (70/1948)
[2025-11-18 17:16:48][INFO][Rank 0] - train Epoch 13/24: 4.1% (80/1948)
[2025-11-18 17:16:55][INFO][Rank 0] - train Epoch 13/24: 4.6% (90/1948)
[2025-11-18 17:16:56][INFO][Rank 0] - CUDA Memory [train][Step 90]: Device 0: Allocated: 3309.6 MB, Reserved: 117540.0 MB (Δ: +1687.0 MB)
[2025-11-18 17:17:02][INFO][Rank 0] - train Epoch 13/24: 5.1% (100/1948)
[2025-11-18 17:17:09][INFO][Rank 0] - train Epoch 13/24: 5.6% (110/1948)
[2025-11-18 17:17:16][INFO][Rank 0] - train Epoch 13/24: 6.2% (120/1948)
[2025-11-18 17:17:23][INFO][Rank 0] - train Epoch 13/24: 6.7% (130/1948)
[2025-11-18 17:17:30][INFO][Rank 0] - train Epoch 13/24: 7.2% (140/1948)
[2025-11-18 17:17:37][INFO][Rank 0] - train Epoch 13/24: 7.7% (150/1948)
[2025-11-18 17:17:44][INFO][Rank 0] - train Epoch 13/24: 8.2% (160/1948)
[2025-11-18 17:17:51][INFO][Rank 0] - train Epoch 13/24: 8.7% (170/1948)
[2025-11-18 17:17:59][INFO][Rank 0] - train Epoch 13/24: 9.2% (180/1948)
[2025-11-18 17:17:59][INFO][Rank 0] - CUDA Memory [train][Step 180]: Device 0: Allocated: 3309.6 MB, Reserved: 117540.0 MB (Δ: +1687.0 MB)
[2025-11-18 17:18:06][INFO][Rank 0] - train Epoch 13/24: 9.8% (190/1948)
[2025-11-18 17:18:13][INFO][Rank 0] - train Epoch 13/24: 10.3% (200/1948)
[2025-11-18 17:18:20][INFO][Rank 0] - train Epoch 13/24: 10.8% (210/1948)
[2025-11-18 17:18:27][INFO][Rank 0] - train Epoch 13/24: 11.3% (220/1948)
[2025-11-18 17:18:34][INFO][Rank 0] - train Epoch 13/24: 11.8% (230/1948)
[2025-11-18 17:18:41][INFO][Rank 0] - train Epoch 13/24: 12.3% (240/1948)
[2025-11-18 17:18:48][INFO][Rank 0] - train Epoch 13/24: 12.8% (250/1948)
[2025-11-18 17:18:55][INFO][Rank 0] - train Epoch 13/24: 13.3% (260/1948)
[2025-11-18 17:19:02][INFO][Rank 0] - train Epoch 13/24: 13.9% (270/1948)
[2025-11-18 17:19:03][INFO][Rank 0] - CUDA Memory [train][Step 270]: Device 0: Allocated: 3309.6 MB, Reserved: 117540.0 MB (Δ: +1687.0 MB)
[2025-11-18 17:19:09][INFO][Rank 0] - train Epoch 13/24: 14.4% (280/1948)
[2025-11-18 17:19:16][INFO][Rank 0] - train Epoch 13/24: 14.9% (290/1948)
[2025-11-18 17:19:23][INFO][Rank 0] - train Epoch 13/24: 15.4% (300/1948)
[2025-11-18 17:19:30][INFO][Rank 0] - train Epoch 13/24: 15.9% (310/1948)
[2025-11-18 17:19:38][INFO][Rank 0] - train Epoch 13/24: 16.4% (320/1948)
[2025-11-18 17:19:45][INFO][Rank 0] - train Epoch 13/24: 16.9% (330/1948)
[2025-11-18 17:19:52][INFO][Rank 0] - train Epoch 13/24: 17.5% (340/1948)
[2025-11-18 17:19:59][INFO][Rank 0] - train Epoch 13/24: 18.0% (350/1948)
[2025-11-18 17:20:06][INFO][Rank 0] - train Epoch 13/24: 18.5% (360/1948)
[2025-11-18 17:20:06][INFO][Rank 0] - CUDA Memory [train][Step 360]: Device 0: Allocated: 3309.6 MB, Reserved: 117540.0 MB (Δ: +1687.0 MB)
[2025-11-18 17:20:13][INFO][Rank 0] - train Epoch 13/24: 19.0% (370/1948)
[2025-11-18 17:20:20][INFO][Rank 0] - train Epoch 13/24: 19.5% (380/1948)
[2025-11-18 17:20:27][INFO][Rank 0] - train Epoch 13/24: 20.0% (390/1948)
[2025-11-18 17:20:34][INFO][Rank 0] - train Epoch 13/24: 20.5% (400/1948)
[2025-11-18 17:20:41][INFO][Rank 0] - train Epoch 13/24: 21.0% (410/1948)
[2025-11-18 17:20:48][INFO][Rank 0] - train Epoch 13/24: 21.6% (420/1948)
[2025-11-18 17:20:55][INFO][Rank 0] - train Epoch 13/24: 22.1% (430/1948)
[2025-11-18 17:21:02][INFO][Rank 0] - train Epoch 13/24: 22.6% (440/1948)
[2025-11-18 17:21:09][INFO][Rank 0] - train Epoch 13/24: 23.1% (450/1948)
[2025-11-18 17:21:10][INFO][Rank 0] - CUDA Memory [train][Step 450]: Device 0: Allocated: 3309.6 MB, Reserved: 117540.0 MB (Δ: +1687.0 MB)
[2025-11-18 17:21:16][INFO][Rank 0] - train Epoch 13/24: 23.6% (460/1948)
[2025-11-18 17:21:24][INFO][Rank 0] - train Epoch 13/24: 24.1% (470/1948)
[2025-11-18 17:21:31][INFO][Rank 0] - train Epoch 13/24: 24.6% (480/1948)
[2025-11-18 17:21:38][INFO][Rank 0] - train Epoch 13/24: 25.2% (490/1948)
[2025-11-18 17:21:45][INFO][Rank 0] - train Epoch 13/24: 25.7% (500/1948)
[2025-11-18 17:21:52][INFO][Rank 0] - train Epoch 13/24: 26.2% (510/1948)
[2025-11-18 17:21:59][INFO][Rank 0] - train Epoch 13/24: 26.7% (520/1948)
[2025-11-18 17:22:06][INFO][Rank 0] - train Epoch 13/24: 27.2% (530/1948)
[2025-11-18 17:22:13][INFO][Rank 0] - train Epoch 13/24: 27.7% (540/1948)
[2025-11-18 17:22:14][INFO][Rank 0] - CUDA Memory [train][Step 540]: Device 0: Allocated: 3309.6 MB, Reserved: 117540.0 MB (Δ: +1687.0 MB)
[2025-11-18 17:22:20][INFO][Rank 0] - train Epoch 13/24: 28.2% (550/1948)
[2025-11-18 17:22:27][INFO][Rank 0] - train Epoch 13/24: 28.7% (560/1948)
[2025-11-18 17:22:34][INFO][Rank 0] - train Epoch 13/24: 29.3% (570/1948)
[2025-11-18 17:22:41][INFO][Rank 0] - train Epoch 13/24: 29.8% (580/1948)
[2025-11-18 17:22:48][INFO][Rank 0] - train Epoch 13/24: 30.3% (590/1948)
[2025-11-18 17:22:55][INFO][Rank 0] - train Epoch 13/24: 30.8% (600/1948)
[2025-11-18 17:23:02][INFO][Rank 0] - train Epoch 13/24: 31.3% (610/1948)
[2025-11-18 17:23:10][INFO][Rank 0] - train Epoch 13/24: 31.8% (620/1948)
[2025-11-18 17:23:17][INFO][Rank 0] - train Epoch 13/24: 32.3% (630/1948)
[2025-11-18 17:23:17][INFO][Rank 0] - CUDA Memory [train][Step 630]: Device 0: Allocated: 3309.6 MB, Reserved: 117540.0 MB (Δ: +1687.0 MB)
[2025-11-18 17:23:24][INFO][Rank 0] - train Epoch 13/24: 32.9% (640/1948)
[2025-11-18 17:23:31][INFO][Rank 0] - train Epoch 13/24: 33.4% (650/1948)
[2025-11-18 17:23:38][INFO][Rank 0] - train Epoch 13/24: 33.9% (660/1948)
[2025-11-18 17:23:45][INFO][Rank 0] - train Epoch 13/24: 34.4% (670/1948)
[2025-11-18 17:23:52][INFO][Rank 0] - train Epoch 13/24: 34.9% (680/1948)
[2025-11-18 17:23:59][INFO][Rank 0] - train Epoch 13/24: 35.4% (690/1948)
[2025-11-18 17:24:06][INFO][Rank 0] - train Epoch 13/24: 35.9% (700/1948)
[2025-11-18 17:24:13][INFO][Rank 0] - train Epoch 13/24: 36.4% (710/1948)
[2025-11-18 17:24:20][INFO][Rank 0] - train Epoch 13/24: 37.0% (720/1948)
[2025-11-18 17:24:21][INFO][Rank 0] - CUDA Memory [train][Step 720]: Device 0: Allocated: 3309.6 MB, Reserved: 117540.0 MB (Δ: +1687.0 MB)
[2025-11-18 17:24:27][INFO][Rank 0] - train Epoch 13/24: 37.5% (730/1948)
[2025-11-18 17:24:34][INFO][Rank 0] - train Epoch 13/24: 38.0% (740/1948)
[2025-11-18 17:24:41][INFO][Rank 0] - train Epoch 13/24: 38.5% (750/1948)
[2025-11-18 17:24:48][INFO][Rank 0] - train Epoch 13/24: 39.0% (760/1948)
[2025-11-18 17:24:56][INFO][Rank 0] - train Epoch 13/24: 39.5% (770/1948)
[2025-11-18 17:25:03][INFO][Rank 0] - train Epoch 13/24: 40.0% (780/1948)
[2025-11-18 17:25:10][INFO][Rank 0] - train Epoch 13/24: 40.6% (790/1948)
[2025-11-18 17:25:17][INFO][Rank 0] - train Epoch 13/24: 41.1% (800/1948)
[2025-11-18 17:25:24][INFO][Rank 0] - train Epoch 13/24: 41.6% (810/1948)
[2025-11-18 17:25:25][INFO][Rank 0] - CUDA Memory [train][Step 810]: Device 0: Allocated: 3309.6 MB, Reserved: 117540.0 MB (Δ: +1687.0 MB)
[2025-11-18 17:25:31][INFO][Rank 0] - train Epoch 13/24: 42.1% (820/1948)
[2025-11-18 17:25:38][INFO][Rank 0] - train Epoch 13/24: 42.6% (830/1948)
[2025-11-18 17:25:45][INFO][Rank 0] - train Epoch 13/24: 43.1% (840/1948)
[2025-11-18 17:25:52][INFO][Rank 0] - train Epoch 13/24: 43.6% (850/1948)
[2025-11-18 17:25:59][INFO][Rank 0] - train Epoch 13/24: 44.1% (860/1948)
[2025-11-18 17:26:06][INFO][Rank 0] - train Epoch 13/24: 44.7% (870/1948)
[2025-11-18 17:26:13][INFO][Rank 0] - train Epoch 13/24: 45.2% (880/1948)
[2025-11-18 17:26:20][INFO][Rank 0] - train Epoch 13/24: 45.7% (890/1948)
[2025-11-18 17:26:27][INFO][Rank 0] - train Epoch 13/24: 46.2% (900/1948)
[2025-11-18 17:26:28][INFO][Rank 0] - CUDA Memory [train][Step 900]: Device 0: Allocated: 3309.6 MB, Reserved: 117540.0 MB (Δ: +1687.0 MB)
[2025-11-18 17:26:34][INFO][Rank 0] - train Epoch 13/24: 46.7% (910/1948)
[2025-11-18 17:26:42][INFO][Rank 0] - train Epoch 13/24: 47.2% (920/1948)
[2025-11-18 17:26:49][INFO][Rank 0] - train Epoch 13/24: 47.7% (930/1948)
[2025-11-18 17:26:56][INFO][Rank 0] - train Epoch 13/24: 48.3% (940/1948)
[2025-11-18 17:27:03][INFO][Rank 0] - train Epoch 13/24: 48.8% (950/1948)
[2025-11-18 17:27:10][INFO][Rank 0] - train Epoch 13/24: 49.3% (960/1948)
[2025-11-18 17:27:17][INFO][Rank 0] - train Epoch 13/24: 49.8% (970/1948)
[2025-11-18 17:27:24][INFO][Rank 0] - train Epoch 13/24: 50.3% (980/1948)
[2025-11-18 17:27:31][INFO][Rank 0] - train Epoch 13/24: 50.8% (990/1948)
[2025-11-18 17:27:32][INFO][Rank 0] - CUDA Memory [train][Step 990]: Device 0: Allocated: 3309.6 MB, Reserved: 117540.0 MB (Δ: +1687.0 MB)
[2025-11-18 17:27:38][INFO][Rank 0] - train Epoch 13/24: 51.3% (1000/1948)
[2025-11-18 17:27:45][INFO][Rank 0] - train Epoch 13/24: 51.8% (1010/1948)
[2025-11-18 17:27:52][INFO][Rank 0] - train Epoch 13/24: 52.4% (1020/1948)
[2025-11-18 17:27:59][INFO][Rank 0] - train Epoch 13/24: 52.9% (1030/1948)
[2025-11-18 17:28:06][INFO][Rank 0] - train Epoch 13/24: 53.4% (1040/1948)
[2025-11-18 17:28:13][INFO][Rank 0] - train Epoch 13/24: 53.9% (1050/1948)
[2025-11-18 17:28:20][INFO][Rank 0] - train Epoch 13/24: 54.4% (1060/1948)
[2025-11-18 17:28:28][INFO][Rank 0] - train Epoch 13/24: 54.9% (1070/1948)
[2025-11-18 17:28:35][INFO][Rank 0] - train Epoch 13/24: 55.4% (1080/1948)
[2025-11-18 17:28:35][INFO][Rank 0] - CUDA Memory [train][Step 1080]: Device 0: Allocated: 3309.6 MB, Reserved: 117540.0 MB (Δ: +1687.0 MB)
[2025-11-18 17:28:42][INFO][Rank 0] - train Epoch 13/24: 56.0% (1090/1948)
[2025-11-18 17:28:49][INFO][Rank 0] - train Epoch 13/24: 56.5% (1100/1948)
[2025-11-18 17:28:56][INFO][Rank 0] - train Epoch 13/24: 57.0% (1110/1948)
[2025-11-18 17:29:03][INFO][Rank 0] - train Epoch 13/24: 57.5% (1120/1948)
[2025-11-18 17:29:10][INFO][Rank 0] - train Epoch 13/24: 58.0% (1130/1948)
[2025-11-18 17:29:17][INFO][Rank 0] - train Epoch 13/24: 58.5% (1140/1948)
[2025-11-18 17:29:24][INFO][Rank 0] - train Epoch 13/24: 59.0% (1150/1948)
[2025-11-18 17:29:31][INFO][Rank 0] - train Epoch 13/24: 59.5% (1160/1948)
[2025-11-18 17:29:38][INFO][Rank 0] - train Epoch 13/24: 60.1% (1170/1948)
[2025-11-18 17:29:39][INFO][Rank 0] - CUDA Memory [train][Step 1170]: Device 0: Allocated: 3309.6 MB, Reserved: 117540.0 MB (Δ: +1687.0 MB)
[2025-11-18 17:29:45][INFO][Rank 0] - train Epoch 13/24: 60.6% (1180/1948)
[2025-11-18 17:29:52][INFO][Rank 0] - train Epoch 13/24: 61.1% (1190/1948)
[2025-11-18 17:29:59][INFO][Rank 0] - train Epoch 13/24: 61.6% (1200/1948)
[2025-11-18 17:30:06][INFO][Rank 0] - train Epoch 13/24: 62.1% (1210/1948)
[2025-11-18 17:30:14][INFO][Rank 0] - train Epoch 13/24: 62.6% (1220/1948)
[2025-11-18 17:30:21][INFO][Rank 0] - train Epoch 13/24: 63.1% (1230/1948)
[2025-11-18 17:30:28][INFO][Rank 0] - train Epoch 13/24: 63.7% (1240/1948)
[2025-11-18 17:30:35][INFO][Rank 0] - train Epoch 13/24: 64.2% (1250/1948)
[2025-11-18 17:30:42][INFO][Rank 0] - train Epoch 13/24: 64.7% (1260/1948)
[2025-11-18 17:30:43][INFO][Rank 0] - CUDA Memory [train][Step 1260]: Device 0: Allocated: 3309.6 MB, Reserved: 117540.0 MB (Δ: +1687.0 MB)
[2025-11-18 17:30:49][INFO][Rank 0] - train Epoch 13/24: 65.2% (1270/1948)
[2025-11-18 17:30:56][INFO][Rank 0] - train Epoch 13/24: 65.7% (1280/1948)
[2025-11-18 17:31:03][INFO][Rank 0] - train Epoch 13/24: 66.2% (1290/1948)
[2025-11-18 17:31:10][INFO][Rank 0] - train Epoch 13/24: 66.7% (1300/1948)
[2025-11-18 17:31:17][INFO][Rank 0] - train Epoch 13/24: 67.2% (1310/1948)
[2025-11-18 17:31:24][INFO][Rank 0] - train Epoch 13/24: 67.8% (1320/1948)
[2025-11-18 17:31:31][INFO][Rank 0] - train Epoch 13/24: 68.3% (1330/1948)
[2025-11-18 17:31:38][INFO][Rank 0] - train Epoch 13/24: 68.8% (1340/1948)
[2025-11-18 17:31:45][INFO][Rank 0] - train Epoch 13/24: 69.3% (1350/1948)
[2025-11-18 17:31:46][INFO][Rank 0] - CUDA Memory [train][Step 1350]: Device 0: Allocated: 3309.6 MB, Reserved: 117540.0 MB (Δ: +1687.0 MB)
[2025-11-18 17:31:53][INFO][Rank 0] - train Epoch 13/24: 69.8% (1360/1948)
[2025-11-18 17:32:00][INFO][Rank 0] - train Epoch 13/24: 70.3% (1370/1948)
[2025-11-18 17:32:07][INFO][Rank 0] - train Epoch 13/24: 70.8% (1380/1948)
[2025-11-18 17:32:14][INFO][Rank 0] - train Epoch 13/24: 71.4% (1390/1948)
[2025-11-18 17:32:21][INFO][Rank 0] - train Epoch 13/24: 71.9% (1400/1948)
[2025-11-18 17:32:28][INFO][Rank 0] - train Epoch 13/24: 72.4% (1410/1948)
[2025-11-18 17:32:35][INFO][Rank 0] - train Epoch 13/24: 72.9% (1420/1948)
[2025-11-18 17:32:42][INFO][Rank 0] - train Epoch 13/24: 73.4% (1430/1948)
[2025-11-18 17:32:49][INFO][Rank 0] - train Epoch 13/24: 73.9% (1440/1948)
[2025-11-18 17:32:50][INFO][Rank 0] - CUDA Memory [train][Step 1440]: Device 0: Allocated: 3309.6 MB, Reserved: 117540.0 MB (Δ: +1687.0 MB)
[2025-11-18 17:32:56][INFO][Rank 0] - train Epoch 13/24: 74.4% (1450/1948)
[2025-11-18 17:33:03][INFO][Rank 0] - train Epoch 13/24: 74.9% (1460/1948)
[2025-11-18 17:33:10][INFO][Rank 0] - train Epoch 13/24: 75.5% (1470/1948)
[2025-11-18 17:33:17][INFO][Rank 0] - train Epoch 13/24: 76.0% (1480/1948)
[2025-11-18 17:33:24][INFO][Rank 0] - train Epoch 13/24: 76.5% (1490/1948)
[2025-11-18 17:33:31][INFO][Rank 0] - train Epoch 13/24: 77.0% (1500/1948)
[2025-11-18 17:33:39][INFO][Rank 0] - train Epoch 13/24: 77.5% (1510/1948)
[2025-11-18 17:33:46][INFO][Rank 0] - train Epoch 13/24: 78.0% (1520/1948)
[2025-11-18 17:33:53][INFO][Rank 0] - train Epoch 13/24: 78.5% (1530/1948)
[2025-11-18 17:33:53][INFO][Rank 0] - CUDA Memory [train][Step 1530]: Device 0: Allocated: 3309.6 MB, Reserved: 117540.0 MB (Δ: +1687.0 MB)
[2025-11-18 17:34:00][INFO][Rank 0] - train Epoch 13/24: 79.1% (1540/1948)
[2025-11-18 17:34:07][INFO][Rank 0] - train Epoch 13/24: 79.6% (1550/1948)
[2025-11-18 17:34:14][INFO][Rank 0] - train Epoch 13/24: 80.1% (1560/1948)
[2025-11-18 17:34:21][INFO][Rank 0] - train Epoch 13/24: 80.6% (1570/1948)
[2025-11-18 17:34:28][INFO][Rank 0] - train Epoch 13/24: 81.1% (1580/1948)
[2025-11-18 17:34:35][INFO][Rank 0] - train Epoch 13/24: 81.6% (1590/1948)
[2025-11-18 17:34:42][INFO][Rank 0] - train Epoch 13/24: 82.1% (1600/1948)
[2025-11-18 17:34:49][INFO][Rank 0] - train Epoch 13/24: 82.6% (1610/1948)
[2025-11-18 17:34:56][INFO][Rank 0] - train Epoch 13/24: 83.2% (1620/1948)
[2025-11-18 17:34:57][INFO][Rank 0] - CUDA Memory [train][Step 1620]: Device 0: Allocated: 3309.6 MB, Reserved: 117540.0 MB (Δ: +1687.0 MB)
[2025-11-18 17:35:03][INFO][Rank 0] - train Epoch 13/24: 83.7% (1630/1948)
[2025-11-18 17:35:10][INFO][Rank 0] - train Epoch 13/24: 84.2% (1640/1948)
[2025-11-18 17:35:17][INFO][Rank 0] - train Epoch 13/24: 84.7% (1650/1948)
[2025-11-18 17:35:25][INFO][Rank 0] - train Epoch 13/24: 85.2% (1660/1948)
[2025-11-18 17:35:32][INFO][Rank 0] - train Epoch 13/24: 85.7% (1670/1948)
[2025-11-18 17:35:39][INFO][Rank 0] - train Epoch 13/24: 86.2% (1680/1948)
[2025-11-18 17:35:46][INFO][Rank 0] - train Epoch 13/24: 86.8% (1690/1948)
[2025-11-18 17:35:53][INFO][Rank 0] - train Epoch 13/24: 87.3% (1700/1948)
[2025-11-18 17:36:00][INFO][Rank 0] - train Epoch 13/24: 87.8% (1710/1948)
[2025-11-18 17:36:01][INFO][Rank 0] - CUDA Memory [train][Step 1710]: Device 0: Allocated: 3309.6 MB, Reserved: 117540.0 MB (Δ: +1687.0 MB)
[2025-11-18 17:36:07][INFO][Rank 0] - train Epoch 13/24: 88.3% (1720/1948)
[2025-11-18 17:36:14][INFO][Rank 0] - train Epoch 13/24: 88.8% (1730/1948)
[2025-11-18 17:36:21][INFO][Rank 0] - train Epoch 13/24: 89.3% (1740/1948)
[2025-11-18 17:36:28][INFO][Rank 0] - train Epoch 13/24: 89.8% (1750/1948)
[2025-11-18 17:36:35][INFO][Rank 0] - train Epoch 13/24: 90.3% (1760/1948)
[2025-11-18 17:36:42][INFO][Rank 0] - train Epoch 13/24: 90.9% (1770/1948)
[2025-11-18 17:36:49][INFO][Rank 0] - train Epoch 13/24: 91.4% (1780/1948)
[2025-11-18 17:36:56][INFO][Rank 0] - train Epoch 13/24: 91.9% (1790/1948)
[2025-11-18 17:37:03][INFO][Rank 0] - train Epoch 13/24: 92.4% (1800/1948)
[2025-11-18 17:37:04][INFO][Rank 0] - CUDA Memory [train][Step 1800]: Device 0: Allocated: 3309.6 MB, Reserved: 117540.0 MB (Δ: +1687.0 MB)
[2025-11-18 17:37:11][INFO][Rank 0] - train Epoch 13/24: 92.9% (1810/1948)
[2025-11-18 17:37:18][INFO][Rank 0] - train Epoch 13/24: 93.4% (1820/1948)
[2025-11-18 17:37:25][INFO][Rank 0] - train Epoch 13/24: 93.9% (1830/1948)
[2025-11-18 17:37:32][INFO][Rank 0] - train Epoch 13/24: 94.5% (1840/1948)
[2025-11-18 17:37:39][INFO][Rank 0] - train Epoch 13/24: 95.0% (1850/1948)
[2025-11-18 17:37:46][INFO][Rank 0] - train Epoch 13/24: 95.5% (1860/1948)
[2025-11-18 17:37:53][INFO][Rank 0] - train Epoch 13/24: 96.0% (1870/1948)
[2025-11-18 17:38:00][INFO][Rank 0] - train Epoch 13/24: 96.5% (1880/1948)
[2025-11-18 17:38:07][INFO][Rank 0] - train Epoch 13/24: 97.0% (1890/1948)
[2025-11-18 17:38:08][INFO][Rank 0] - CUDA Memory [train][Step 1890]: Device 0: Allocated: 3309.6 MB, Reserved: 117540.0 MB (Δ: +1687.0 MB)
[2025-11-18 17:38:14][INFO][Rank 0] - train Epoch 13/24: 97.5% (1900/1948)
[2025-11-18 17:38:21][INFO][Rank 0] - train Epoch 13/24: 98.0% (1910/1948)
[2025-11-18 17:38:28][INFO][Rank 0] - train Epoch 13/24: 98.6% (1920/1948)
[2025-11-18 17:38:35][INFO][Rank 0] - train Epoch 13/24: 99.1% (1930/1948)
[2025-11-18 17:38:42][INFO][Rank 0] - train Epoch 13/24: 99.6% (1940/1948)
[2025-11-18 17:38:47][INFO][Rank 0] - train Epoch 13/24: 99.9% (1947/1948)
[2025-11-18 17:38:48][INFO][Rank 0] - train Loss: 0.1588 Acc: 0.9700 F1: 0.9845
[2025-11-18 17:38:48][INFO][Rank 0] - train Balanced Acc: 0.8898 AUC-ROC: 0.9696
[2025-11-18 17:38:48][INFO][Rank 0] - train Sensitivity: 0.9743 Specificity: 0.8053
[2025-11-18 17:38:48][INFO][Rank 0] - train Confusion Matrix: TP=18503, FP=95, FN=489, TN=393
[2025-11-18 17:38:48][INFO][Rank 0] - train completed in 1377.37s
[2025-11-18 17:38:48][INFO][Rank 0] - Data loading time: 1.27s, Forward time: 280.28s, Backward time: 746.46s
[2025-11-18 17:38:48][INFO][Rank 0] - train cache: 0/1 items, hit rate: 0.00%
[2025-11-18 17:38:48][INFO][Rank 0] - CUDA Memory [val][Step 0]: Device 0: Allocated: 3309.6 MB, Reserved: 117540.0 MB (Δ: +1687.0 MB)
[2025-11-18 17:38:48][INFO][Rank 0] - val phase: total 406 batches
[2025-11-18 17:38:48][INFO][Rank 0] - val Epoch 13/24: 0.0% (0/406)
[2025-11-18 17:38:53][INFO][Rank 0] - val Epoch 13/24: 2.5% (10/406)
[2025-11-18 17:38:58][INFO][Rank 0] - val Epoch 13/24: 4.9% (20/406)
[2025-11-18 17:39:03][INFO][Rank 0] - val Epoch 13/24: 7.4% (30/406)
[2025-11-18 17:39:08][INFO][Rank 0] - val Epoch 13/24: 9.9% (40/406)
[2025-11-18 17:39:13][INFO][Rank 0] - val Epoch 13/24: 12.3% (50/406)
[2025-11-18 17:39:18][INFO][Rank 0] - val Epoch 13/24: 14.8% (60/406)
[2025-11-18 17:39:23][INFO][Rank 0] - val Epoch 13/24: 17.2% (70/406)
[2025-11-18 17:39:28][INFO][Rank 0] - val Epoch 13/24: 19.7% (80/406)
[2025-11-18 17:39:33][INFO][Rank 0] - val Epoch 13/24: 22.2% (90/406)
[2025-11-18 17:39:38][INFO][Rank 0] - val Epoch 13/24: 24.6% (100/406)
[2025-11-18 17:39:43][INFO][Rank 0] - val Epoch 13/24: 27.1% (110/406)
[2025-11-18 17:39:48][INFO][Rank 0] - val Epoch 13/24: 29.6% (120/406)
[2025-11-18 17:39:48][INFO][Rank 0] - CUDA Memory [val][Step 120]: Device 0: Allocated: 3309.6 MB, Reserved: 117540.0 MB (Δ: +1687.0 MB)
[2025-11-18 17:39:53][INFO][Rank 0] - val Epoch 13/24: 32.0% (130/406)
[2025-11-18 17:39:58][INFO][Rank 0] - val Epoch 13/24: 34.5% (140/406)
[2025-11-18 17:40:03][INFO][Rank 0] - val Epoch 13/24: 36.9% (150/406)
[2025-11-18 17:40:08][INFO][Rank 0] - val Epoch 13/24: 39.4% (160/406)
[2025-11-18 17:40:13][INFO][Rank 0] - val Epoch 13/24: 41.9% (170/406)
[2025-11-18 17:40:18][INFO][Rank 0] - val Epoch 13/24: 44.3% (180/406)
[2025-11-18 17:40:23][INFO][Rank 0] - val Epoch 13/24: 46.8% (190/406)
[2025-11-18 17:40:28][INFO][Rank 0] - val Epoch 13/24: 49.3% (200/406)
[2025-11-18 17:40:33][INFO][Rank 0] - val Epoch 13/24: 51.7% (210/406)
[2025-11-18 17:40:38][INFO][Rank 0] - val Epoch 13/24: 54.2% (220/406)
[2025-11-18 17:40:43][INFO][Rank 0] - val Epoch 13/24: 56.7% (230/406)
[2025-11-18 17:40:47][INFO][Rank 0] - val Epoch 13/24: 59.1% (240/406)
[2025-11-18 17:40:52][INFO][Rank 0] - val Epoch 13/24: 61.6% (250/406)
[2025-11-18 17:40:57][INFO][Rank 0] - val Epoch 13/24: 64.0% (260/406)
[2025-11-18 17:41:02][INFO][Rank 0] - val Epoch 13/24: 66.5% (270/406)
[2025-11-18 17:41:03][INFO][Rank 0] - CUDA Memory [val][Step 270]: Device 0: Allocated: 3309.6 MB, Reserved: 117540.0 MB (Δ: +1687.0 MB)
[2025-11-18 17:41:07][INFO][Rank 0] - val Epoch 13/24: 69.0% (280/406)
[2025-11-18 17:41:12][INFO][Rank 0] - val Epoch 13/24: 71.4% (290/406)
[2025-11-18 17:41:17][INFO][Rank 0] - val Epoch 13/24: 73.9% (300/406)
[2025-11-18 17:41:22][INFO][Rank 0] - val Epoch 13/24: 76.4% (310/406)
[2025-11-18 17:41:27][INFO][Rank 0] - val Epoch 13/24: 78.8% (320/406)
[2025-11-18 17:41:32][INFO][Rank 0] - val Epoch 13/24: 81.3% (330/406)
[2025-11-18 17:41:37][INFO][Rank 0] - val Epoch 13/24: 83.7% (340/406)
[2025-11-18 17:41:42][INFO][Rank 0] - val Epoch 13/24: 86.2% (350/406)
[2025-11-18 17:41:47][INFO][Rank 0] - val Epoch 13/24: 88.7% (360/406)
[2025-11-18 17:41:52][INFO][Rank 0] - val Epoch 13/24: 91.1% (370/406)
[2025-11-18 17:41:57][INFO][Rank 0] - val Epoch 13/24: 93.6% (380/406)
[2025-11-18 17:42:02][INFO][Rank 0] - val Epoch 13/24: 96.1% (390/406)
[2025-11-18 17:42:07][INFO][Rank 0] - val Epoch 13/24: 98.5% (400/406)
[2025-11-18 17:42:09][INFO][Rank 0] - val Epoch 13/24: 99.8% (405/406)
[2025-11-18 17:42:10][INFO][Rank 0] - val Loss: 0.1054 Acc: 0.9732 F1: 0.9861
[2025-11-18 17:42:10][INFO][Rank 0] - val Balanced Acc: 0.9187 AUC-ROC: 0.9810
[2025-11-18 17:42:10][INFO][Rank 0] - val Sensitivity: 0.9762 Specificity: 0.8611
[2025-11-18 17:42:10][INFO][Rank 0] - val Confusion Matrix: TP=3858, FP=15, FN=94, TN=93
[2025-11-18 17:42:10][INFO][Rank 0] - val completed in 201.75s
[2025-11-18 17:42:10][INFO][Rank 0] - val cache: 0/1 items, hit rate: 0.00%
[2025-11-18 17:42:14][INFO][Rank 0] - Saved new best auc model with auc: 0.9810 at /projects/retprogression/rgarridogarcia/checkpoints/cropped1024_cropped_centered_allR_3/best_auc_model.pth
[2025-11-18 17:42:18][INFO][Rank 0] - Saved epoch checkpoint at /projects/retprogression/rgarridogarcia/checkpoints/cropped1024_cropped_centered_allR_3/epoch_13.pth
[2025-11-18 17:42:18][INFO][Rank 0] - Epoch 13 summary:
[2025-11-18 17:42:18][INFO][Rank 0] -  Train Loss: 0.1588, Train Acc: 0.9700, Train F1: 0.9845
[2025-11-18 17:42:18][INFO][Rank 0] -  Train Balanced Acc: 0.8898, Train AUC: 0.9696
[2025-11-18 17:42:18][INFO][Rank 0] -  Train Sensitivity: 0.9743, Train Specificity: 0.8053
[2025-11-18 17:42:18][INFO][Rank 0] -  Val Loss: 0.1054, Val Acc: 0.9732, Val F1: 0.9861
[2025-11-18 17:42:18][INFO][Rank 0] -  Val Balanced Acc: 0.9187, Val AUC: 0.9810
[2025-11-18 17:42:18][INFO][Rank 0] -  Val Sensitivity: 0.9762, Val Specificity: 0.8611
[2025-11-18 17:42:18][INFO][Rank 0] -  Total Epoch Time: 1586.97s
[2025-11-18 17:42:18][INFO][Rank 0] - Epoch 14/24
[2025-11-18 17:42:18][INFO][Rank 0] - ----------
[2025-11-18 17:42:18][INFO][Rank 0] - CUDA Memory [train][Step 0]: Device 0: Allocated: 3309.6 MB, Reserved: 117540.0 MB (Δ: +1687.0 MB)
[2025-11-18 17:42:18][INFO][Rank 0] - train phase: total 1948 batches
[2025-11-18 17:42:18][INFO][Rank 0] - train Epoch 14/24: 0.0% (0/1948)
[2025-11-18 17:42:25][INFO][Rank 0] - train Epoch 14/24: 0.5% (10/1948)
[2025-11-18 17:42:32][INFO][Rank 0] - train Epoch 14/24: 1.0% (20/1948)
[2025-11-18 17:42:39][INFO][Rank 0] - train Epoch 14/24: 1.5% (30/1948)
[2025-11-18 17:42:46][INFO][Rank 0] - train Epoch 14/24: 2.1% (40/1948)
[2025-11-18 17:42:53][INFO][Rank 0] - train Epoch 14/24: 2.6% (50/1948)
[2025-11-18 17:43:00][INFO][Rank 0] - train Epoch 14/24: 3.1% (60/1948)
[2025-11-18 17:43:07][INFO][Rank 0] - train Epoch 14/24: 3.6% (70/1948)
[2025-11-18 17:43:15][INFO][Rank 0] - train Epoch 14/24: 4.1% (80/1948)
[2025-11-18 17:43:22][INFO][Rank 0] - train Epoch 14/24: 4.6% (90/1948)
[2025-11-18 17:43:22][INFO][Rank 0] - CUDA Memory [train][Step 90]: Device 0: Allocated: 3309.6 MB, Reserved: 117540.0 MB (Δ: +1687.0 MB)
[2025-11-18 17:43:29][INFO][Rank 0] - train Epoch 14/24: 5.1% (100/1948)
[2025-11-18 17:43:36][INFO][Rank 0] - train Epoch 14/24: 5.6% (110/1948)
[2025-11-18 17:43:43][INFO][Rank 0] - train Epoch 14/24: 6.2% (120/1948)
[2025-11-18 17:43:50][INFO][Rank 0] - train Epoch 14/24: 6.7% (130/1948)
[2025-11-18 17:43:57][INFO][Rank 0] - train Epoch 14/24: 7.2% (140/1948)
[2025-11-18 17:44:04][INFO][Rank 0] - train Epoch 14/24: 7.7% (150/1948)
[2025-11-18 17:44:11][INFO][Rank 0] - train Epoch 14/24: 8.2% (160/1948)
[2025-11-18 17:44:18][INFO][Rank 0] - train Epoch 14/24: 8.7% (170/1948)
[2025-11-18 17:44:25][INFO][Rank 0] - train Epoch 14/24: 9.2% (180/1948)
[2025-11-18 17:44:26][INFO][Rank 0] - CUDA Memory [train][Step 180]: Device 0: Allocated: 3309.6 MB, Reserved: 117540.0 MB (Δ: +1687.0 MB)
[2025-11-18 17:44:32][INFO][Rank 0] - train Epoch 14/24: 9.8% (190/1948)
[2025-11-18 17:44:39][INFO][Rank 0] - train Epoch 14/24: 10.3% (200/1948)
[2025-11-18 17:44:46][INFO][Rank 0] - train Epoch 14/24: 10.8% (210/1948)
[2025-11-18 17:44:53][INFO][Rank 0] - train Epoch 14/24: 11.3% (220/1948)
[2025-11-18 17:45:01][INFO][Rank 0] - train Epoch 14/24: 11.8% (230/1948)
[2025-11-18 17:45:08][INFO][Rank 0] - train Epoch 14/24: 12.3% (240/1948)
[2025-11-18 17:45:15][INFO][Rank 0] - train Epoch 14/24: 12.8% (250/1948)
[2025-11-18 17:45:22][INFO][Rank 0] - train Epoch 14/24: 13.3% (260/1948)
[2025-11-18 17:45:29][INFO][Rank 0] - train Epoch 14/24: 13.9% (270/1948)
[2025-11-18 17:45:29][INFO][Rank 0] - CUDA Memory [train][Step 270]: Device 0: Allocated: 3309.6 MB, Reserved: 117540.0 MB (Δ: +1687.0 MB)
[2025-11-18 17:45:36][INFO][Rank 0] - train Epoch 14/24: 14.4% (280/1948)
[2025-11-18 17:45:43][INFO][Rank 0] - train Epoch 14/24: 14.9% (290/1948)
[2025-11-18 17:45:50][INFO][Rank 0] - train Epoch 14/24: 15.4% (300/1948)
[2025-11-18 17:45:57][INFO][Rank 0] - train Epoch 14/24: 15.9% (310/1948)
[2025-11-18 17:46:04][INFO][Rank 0] - train Epoch 14/24: 16.4% (320/1948)
[2025-11-18 17:46:11][INFO][Rank 0] - train Epoch 14/24: 16.9% (330/1948)
[2025-11-18 17:46:18][INFO][Rank 0] - train Epoch 14/24: 17.5% (340/1948)
[2025-11-18 17:46:25][INFO][Rank 0] - train Epoch 14/24: 18.0% (350/1948)
[2025-11-18 17:46:32][INFO][Rank 0] - train Epoch 14/24: 18.5% (360/1948)
[2025-11-18 17:46:33][INFO][Rank 0] - CUDA Memory [train][Step 360]: Device 0: Allocated: 3309.6 MB, Reserved: 117540.0 MB (Δ: +1687.0 MB)
[2025-11-18 17:46:39][INFO][Rank 0] - train Epoch 14/24: 19.0% (370/1948)
[2025-11-18 17:46:46][INFO][Rank 0] - train Epoch 14/24: 19.5% (380/1948)
[2025-11-18 17:46:54][INFO][Rank 0] - train Epoch 14/24: 20.0% (390/1948)
[2025-11-18 17:47:01][INFO][Rank 0] - train Epoch 14/24: 20.5% (400/1948)
[2025-11-18 17:47:08][INFO][Rank 0] - train Epoch 14/24: 21.0% (410/1948)
[2025-11-18 17:47:15][INFO][Rank 0] - train Epoch 14/24: 21.6% (420/1948)
[2025-11-18 17:47:22][INFO][Rank 0] - train Epoch 14/24: 22.1% (430/1948)
[2025-11-18 17:47:29][INFO][Rank 0] - train Epoch 14/24: 22.6% (440/1948)
[2025-11-18 17:47:36][INFO][Rank 0] - train Epoch 14/24: 23.1% (450/1948)
[2025-11-18 17:47:37][INFO][Rank 0] - CUDA Memory [train][Step 450]: Device 0: Allocated: 3309.6 MB, Reserved: 117540.0 MB (Δ: +1687.0 MB)
[2025-11-18 17:47:43][INFO][Rank 0] - train Epoch 14/24: 23.6% (460/1948)
[2025-11-18 17:47:50][INFO][Rank 0] - train Epoch 14/24: 24.1% (470/1948)
[2025-11-18 17:47:57][INFO][Rank 0] - train Epoch 14/24: 24.6% (480/1948)
[2025-11-18 17:48:04][INFO][Rank 0] - train Epoch 14/24: 25.2% (490/1948)
[2025-11-18 17:48:11][INFO][Rank 0] - train Epoch 14/24: 25.7% (500/1948)
[2025-11-18 17:48:18][INFO][Rank 0] - train Epoch 14/24: 26.2% (510/1948)
[2025-11-18 17:48:25][INFO][Rank 0] - train Epoch 14/24: 26.7% (520/1948)
[2025-11-18 17:48:32][INFO][Rank 0] - train Epoch 14/24: 27.2% (530/1948)
[2025-11-18 17:48:39][INFO][Rank 0] - train Epoch 14/24: 27.7% (540/1948)
[2025-11-18 17:48:40][INFO][Rank 0] - CUDA Memory [train][Step 540]: Device 0: Allocated: 3309.6 MB, Reserved: 117540.0 MB (Δ: +1687.0 MB)
[2025-11-18 17:48:47][INFO][Rank 0] - train Epoch 14/24: 28.2% (550/1948)
[2025-11-18 17:48:54][INFO][Rank 0] - train Epoch 14/24: 28.7% (560/1948)
[2025-11-18 17:49:01][INFO][Rank 0] - train Epoch 14/24: 29.3% (570/1948)
[2025-11-18 17:49:08][INFO][Rank 0] - train Epoch 14/24: 29.8% (580/1948)
[2025-11-18 17:49:15][INFO][Rank 0] - train Epoch 14/24: 30.3% (590/1948)
[2025-11-18 17:49:22][INFO][Rank 0] - train Epoch 14/24: 30.8% (600/1948)
[2025-11-18 17:49:29][INFO][Rank 0] - train Epoch 14/24: 31.3% (610/1948)
[2025-11-18 17:49:36][INFO][Rank 0] - train Epoch 14/24: 31.8% (620/1948)
[2025-11-18 17:49:43][INFO][Rank 0] - train Epoch 14/24: 32.3% (630/1948)
[2025-11-18 17:49:44][INFO][Rank 0] - CUDA Memory [train][Step 630]: Device 0: Allocated: 3309.6 MB, Reserved: 117540.0 MB (Δ: +1687.0 MB)
[2025-11-18 17:49:50][INFO][Rank 0] - train Epoch 14/24: 32.9% (640/1948)
[2025-11-18 17:49:57][INFO][Rank 0] - train Epoch 14/24: 33.4% (650/1948)
[2025-11-18 17:50:04][INFO][Rank 0] - train Epoch 14/24: 33.9% (660/1948)
[2025-11-18 17:50:11][INFO][Rank 0] - train Epoch 14/24: 34.4% (670/1948)
[2025-11-18 17:50:18][INFO][Rank 0] - train Epoch 14/24: 34.9% (680/1948)
[2025-11-18 17:50:25][INFO][Rank 0] - train Epoch 14/24: 35.4% (690/1948)
[2025-11-18 17:50:32][INFO][Rank 0] - train Epoch 14/24: 35.9% (700/1948)
[2025-11-18 17:50:40][INFO][Rank 0] - train Epoch 14/24: 36.4% (710/1948)
[2025-11-18 17:50:47][INFO][Rank 0] - train Epoch 14/24: 37.0% (720/1948)
[2025-11-18 17:50:47][INFO][Rank 0] - CUDA Memory [train][Step 720]: Device 0: Allocated: 3309.6 MB, Reserved: 117540.0 MB (Δ: +1687.0 MB)
[2025-11-18 17:50:54][INFO][Rank 0] - train Epoch 14/24: 37.5% (730/1948)
[2025-11-18 17:51:01][INFO][Rank 0] - train Epoch 14/24: 38.0% (740/1948)
[2025-11-18 17:51:08][INFO][Rank 0] - train Epoch 14/24: 38.5% (750/1948)
[2025-11-18 17:51:15][INFO][Rank 0] - train Epoch 14/24: 39.0% (760/1948)
[2025-11-18 17:51:22][INFO][Rank 0] - train Epoch 14/24: 39.5% (770/1948)
[2025-11-18 17:51:29][INFO][Rank 0] - train Epoch 14/24: 40.0% (780/1948)
[2025-11-18 17:51:36][INFO][Rank 0] - train Epoch 14/24: 40.6% (790/1948)
[2025-11-18 17:51:43][INFO][Rank 0] - train Epoch 14/24: 41.1% (800/1948)
[2025-11-18 17:51:50][INFO][Rank 0] - train Epoch 14/24: 41.6% (810/1948)
[2025-11-18 17:51:51][INFO][Rank 0] - CUDA Memory [train][Step 810]: Device 0: Allocated: 3309.6 MB, Reserved: 117540.0 MB (Δ: +1687.0 MB)
[2025-11-18 17:51:57][INFO][Rank 0] - train Epoch 14/24: 42.1% (820/1948)
[2025-11-18 17:52:04][INFO][Rank 0] - train Epoch 14/24: 42.6% (830/1948)
[2025-11-18 17:52:11][INFO][Rank 0] - train Epoch 14/24: 43.1% (840/1948)
[2025-11-18 17:52:18][INFO][Rank 0] - train Epoch 14/24: 43.6% (850/1948)
[2025-11-18 17:52:25][INFO][Rank 0] - train Epoch 14/24: 44.1% (860/1948)
[2025-11-18 17:52:33][INFO][Rank 0] - train Epoch 14/24: 44.7% (870/1948)
[2025-11-18 17:52:40][INFO][Rank 0] - train Epoch 14/24: 45.2% (880/1948)
[2025-11-18 17:52:47][INFO][Rank 0] - train Epoch 14/24: 45.7% (890/1948)
[2025-11-18 17:52:54][INFO][Rank 0] - train Epoch 14/24: 46.2% (900/1948)
[2025-11-18 17:52:54][INFO][Rank 0] - CUDA Memory [train][Step 900]: Device 0: Allocated: 3309.6 MB, Reserved: 117540.0 MB (Δ: +1687.0 MB)
[2025-11-18 17:53:01][INFO][Rank 0] - train Epoch 14/24: 46.7% (910/1948)
[2025-11-18 17:53:08][INFO][Rank 0] - train Epoch 14/24: 47.2% (920/1948)
[2025-11-18 17:53:15][INFO][Rank 0] - train Epoch 14/24: 47.7% (930/1948)
[2025-11-18 17:53:22][INFO][Rank 0] - train Epoch 14/24: 48.3% (940/1948)
[2025-11-18 17:53:29][INFO][Rank 0] - train Epoch 14/24: 48.8% (950/1948)
[2025-11-18 17:53:36][INFO][Rank 0] - train Epoch 14/24: 49.3% (960/1948)
[2025-11-18 17:53:43][INFO][Rank 0] - train Epoch 14/24: 49.8% (970/1948)
[2025-11-18 17:53:50][INFO][Rank 0] - train Epoch 14/24: 50.3% (980/1948)
[2025-11-18 17:53:57][INFO][Rank 0] - train Epoch 14/24: 50.8% (990/1948)
[2025-11-18 17:53:58][INFO][Rank 0] - CUDA Memory [train][Step 990]: Device 0: Allocated: 3309.6 MB, Reserved: 117540.0 MB (Δ: +1687.0 MB)
[2025-11-18 17:54:04][INFO][Rank 0] - train Epoch 14/24: 51.3% (1000/1948)
[2025-11-18 17:54:11][INFO][Rank 0] - train Epoch 14/24: 51.8% (1010/1948)
[2025-11-18 17:54:19][INFO][Rank 0] - train Epoch 14/24: 52.4% (1020/1948)
[2025-11-18 17:54:26][INFO][Rank 0] - train Epoch 14/24: 52.9% (1030/1948)
[2025-11-18 17:54:33][INFO][Rank 0] - train Epoch 14/24: 53.4% (1040/1948)
[2025-11-18 17:54:40][INFO][Rank 0] - train Epoch 14/24: 53.9% (1050/1948)
[2025-11-18 17:54:47][INFO][Rank 0] - train Epoch 14/24: 54.4% (1060/1948)
[2025-11-18 17:54:54][INFO][Rank 0] - train Epoch 14/24: 54.9% (1070/1948)
[2025-11-18 17:55:01][INFO][Rank 0] - train Epoch 14/24: 55.4% (1080/1948)
[2025-11-18 17:55:02][INFO][Rank 0] - CUDA Memory [train][Step 1080]: Device 0: Allocated: 3309.6 MB, Reserved: 117540.0 MB (Δ: +1687.0 MB)
[2025-11-18 17:55:08][INFO][Rank 0] - train Epoch 14/24: 56.0% (1090/1948)
[2025-11-18 17:55:15][INFO][Rank 0] - train Epoch 14/24: 56.5% (1100/1948)
[2025-11-18 17:55:22][INFO][Rank 0] - train Epoch 14/24: 57.0% (1110/1948)
[2025-11-18 17:55:29][INFO][Rank 0] - train Epoch 14/24: 57.5% (1120/1948)
[2025-11-18 17:55:36][INFO][Rank 0] - train Epoch 14/24: 58.0% (1130/1948)
[2025-11-18 17:55:43][INFO][Rank 0] - train Epoch 14/24: 58.5% (1140/1948)
[2025-11-18 17:55:50][INFO][Rank 0] - train Epoch 14/24: 59.0% (1150/1948)
[2025-11-18 17:55:57][INFO][Rank 0] - train Epoch 14/24: 59.5% (1160/1948)
[2025-11-18 17:56:04][INFO][Rank 0] - train Epoch 14/24: 60.1% (1170/1948)
[2025-11-18 17:56:05][INFO][Rank 0] - CUDA Memory [train][Step 1170]: Device 0: Allocated: 3309.6 MB, Reserved: 117540.0 MB (Δ: +1687.0 MB)
[2025-11-18 17:56:12][INFO][Rank 0] - train Epoch 14/24: 60.6% (1180/1948)
[2025-11-18 17:56:19][INFO][Rank 0] - train Epoch 14/24: 61.1% (1190/1948)
[2025-11-18 17:56:26][INFO][Rank 0] - train Epoch 14/24: 61.6% (1200/1948)
[2025-11-18 17:56:33][INFO][Rank 0] - train Epoch 14/24: 62.1% (1210/1948)
[2025-11-18 17:56:40][INFO][Rank 0] - train Epoch 14/24: 62.6% (1220/1948)
[2025-11-18 17:56:47][INFO][Rank 0] - train Epoch 14/24: 63.1% (1230/1948)
[2025-11-18 17:56:54][INFO][Rank 0] - train Epoch 14/24: 63.7% (1240/1948)
[2025-11-18 17:57:01][INFO][Rank 0] - train Epoch 14/24: 64.2% (1250/1948)
[2025-11-18 17:57:08][INFO][Rank 0] - train Epoch 14/24: 64.7% (1260/1948)
[2025-11-18 17:57:09][INFO][Rank 0] - CUDA Memory [train][Step 1260]: Device 0: Allocated: 3309.6 MB, Reserved: 117540.0 MB (Δ: +1687.0 MB)
[2025-11-18 17:57:15][INFO][Rank 0] - train Epoch 14/24: 65.2% (1270/1948)
[2025-11-18 17:57:22][INFO][Rank 0] - train Epoch 14/24: 65.7% (1280/1948)
[2025-11-18 17:57:29][INFO][Rank 0] - train Epoch 14/24: 66.2% (1290/1948)
[2025-11-18 17:57:36][INFO][Rank 0] - train Epoch 14/24: 66.7% (1300/1948)
[2025-11-18 17:57:43][INFO][Rank 0] - train Epoch 14/24: 67.2% (1310/1948)
[2025-11-18 17:57:50][INFO][Rank 0] - train Epoch 14/24: 67.8% (1320/1948)
[2025-11-18 17:57:57][INFO][Rank 0] - train Epoch 14/24: 68.3% (1330/1948)
[2025-11-18 17:58:05][INFO][Rank 0] - train Epoch 14/24: 68.8% (1340/1948)
[2025-11-18 17:58:12][INFO][Rank 0] - train Epoch 14/24: 69.3% (1350/1948)
[2025-11-18 17:58:12][INFO][Rank 0] - CUDA Memory [train][Step 1350]: Device 0: Allocated: 3309.6 MB, Reserved: 117540.0 MB (Δ: +1687.0 MB)
[2025-11-18 17:58:19][INFO][Rank 0] - train Epoch 14/24: 69.8% (1360/1948)
[2025-11-18 17:58:26][INFO][Rank 0] - train Epoch 14/24: 70.3% (1370/1948)
[2025-11-18 17:58:33][INFO][Rank 0] - train Epoch 14/24: 70.8% (1380/1948)
[2025-11-18 17:58:40][INFO][Rank 0] - train Epoch 14/24: 71.4% (1390/1948)
[2025-11-18 17:58:47][INFO][Rank 0] - train Epoch 14/24: 71.9% (1400/1948)
[2025-11-18 17:58:54][INFO][Rank 0] - train Epoch 14/24: 72.4% (1410/1948)
[2025-11-18 17:59:01][INFO][Rank 0] - train Epoch 14/24: 72.9% (1420/1948)
[2025-11-18 17:59:08][INFO][Rank 0] - train Epoch 14/24: 73.4% (1430/1948)
[2025-11-18 17:59:15][INFO][Rank 0] - train Epoch 14/24: 73.9% (1440/1948)
[2025-11-18 17:59:16][INFO][Rank 0] - CUDA Memory [train][Step 1440]: Device 0: Allocated: 3309.6 MB, Reserved: 117540.0 MB (Δ: +1687.0 MB)
[2025-11-18 17:59:22][INFO][Rank 0] - train Epoch 14/24: 74.4% (1450/1948)
[2025-11-18 17:59:29][INFO][Rank 0] - train Epoch 14/24: 74.9% (1460/1948)
[2025-11-18 17:59:36][INFO][Rank 0] - train Epoch 14/24: 75.5% (1470/1948)
[2025-11-18 17:59:43][INFO][Rank 0] - train Epoch 14/24: 76.0% (1480/1948)
[2025-11-18 17:59:50][INFO][Rank 0] - train Epoch 14/24: 76.5% (1490/1948)
[2025-11-18 17:59:58][INFO][Rank 0] - train Epoch 14/24: 77.0% (1500/1948)
[2025-11-18 18:00:05][INFO][Rank 0] - train Epoch 14/24: 77.5% (1510/1948)
[2025-11-18 18:00:12][INFO][Rank 0] - train Epoch 14/24: 78.0% (1520/1948)
[2025-11-18 18:00:19][INFO][Rank 0] - train Epoch 14/24: 78.5% (1530/1948)
[2025-11-18 18:00:19][INFO][Rank 0] - CUDA Memory [train][Step 1530]: Device 0: Allocated: 3309.6 MB, Reserved: 117540.0 MB (Δ: +1687.0 MB)
[2025-11-18 18:00:26][INFO][Rank 0] - train Epoch 14/24: 79.1% (1540/1948)
[2025-11-18 18:00:33][INFO][Rank 0] - train Epoch 14/24: 79.6% (1550/1948)
[2025-11-18 18:00:40][INFO][Rank 0] - train Epoch 14/24: 80.1% (1560/1948)
[2025-11-18 18:00:47][INFO][Rank 0] - train Epoch 14/24: 80.6% (1570/1948)
[2025-11-18 18:00:54][INFO][Rank 0] - train Epoch 14/24: 81.1% (1580/1948)
[2025-11-18 18:01:01][INFO][Rank 0] - train Epoch 14/24: 81.6% (1590/1948)
[2025-11-18 18:01:08][INFO][Rank 0] - train Epoch 14/24: 82.1% (1600/1948)
[2025-11-18 18:01:15][INFO][Rank 0] - train Epoch 14/24: 82.6% (1610/1948)
[2025-11-18 18:01:22][INFO][Rank 0] - train Epoch 14/24: 83.2% (1620/1948)
[2025-11-18 18:01:23][INFO][Rank 0] - CUDA Memory [train][Step 1620]: Device 0: Allocated: 3309.6 MB, Reserved: 117540.0 MB (Δ: +1687.0 MB)
[2025-11-18 18:01:29][INFO][Rank 0] - train Epoch 14/24: 83.7% (1630/1948)
[2025-11-18 18:01:36][INFO][Rank 0] - train Epoch 14/24: 84.2% (1640/1948)
[2025-11-18 18:01:44][INFO][Rank 0] - train Epoch 14/24: 84.7% (1650/1948)
[2025-11-18 18:01:51][INFO][Rank 0] - train Epoch 14/24: 85.2% (1660/1948)
[2025-11-18 18:01:58][INFO][Rank 0] - train Epoch 14/24: 85.7% (1670/1948)
[2025-11-18 18:02:05][INFO][Rank 0] - train Epoch 14/24: 86.2% (1680/1948)
[2025-11-18 18:02:12][INFO][Rank 0] - train Epoch 14/24: 86.8% (1690/1948)
[2025-11-18 18:02:19][INFO][Rank 0] - train Epoch 14/24: 87.3% (1700/1948)
[2025-11-18 18:02:26][INFO][Rank 0] - train Epoch 14/24: 87.8% (1710/1948)
[2025-11-18 18:02:27][INFO][Rank 0] - CUDA Memory [train][Step 1710]: Device 0: Allocated: 3309.6 MB, Reserved: 117540.0 MB (Δ: +1687.0 MB)
[2025-11-18 18:02:33][INFO][Rank 0] - train Epoch 14/24: 88.3% (1720/1948)
[2025-11-18 18:02:40][INFO][Rank 0] - train Epoch 14/24: 88.8% (1730/1948)
[2025-11-18 18:02:47][INFO][Rank 0] - train Epoch 14/24: 89.3% (1740/1948)
[2025-11-18 18:02:54][INFO][Rank 0] - train Epoch 14/24: 89.8% (1750/1948)
[2025-11-18 18:03:01][INFO][Rank 0] - train Epoch 14/24: 90.3% (1760/1948)
[2025-11-18 18:03:08][INFO][Rank 0] - train Epoch 14/24: 90.9% (1770/1948)
[2025-11-18 18:03:15][INFO][Rank 0] - train Epoch 14/24: 91.4% (1780/1948)
[2025-11-18 18:03:22][INFO][Rank 0] - train Epoch 14/24: 91.9% (1790/1948)
[2025-11-18 18:03:30][INFO][Rank 0] - train Epoch 14/24: 92.4% (1800/1948)
[2025-11-18 18:03:30][INFO][Rank 0] - CUDA Memory [train][Step 1800]: Device 0: Allocated: 3309.6 MB, Reserved: 117540.0 MB (Δ: +1687.0 MB)
[2025-11-18 18:03:37][INFO][Rank 0] - train Epoch 14/24: 92.9% (1810/1948)
[2025-11-18 18:03:44][INFO][Rank 0] - train Epoch 14/24: 93.4% (1820/1948)
[2025-11-18 18:03:51][INFO][Rank 0] - train Epoch 14/24: 93.9% (1830/1948)
[2025-11-18 18:03:58][INFO][Rank 0] - train Epoch 14/24: 94.5% (1840/1948)
[2025-11-18 18:04:05][INFO][Rank 0] - train Epoch 14/24: 95.0% (1850/1948)
[2025-11-18 18:04:12][INFO][Rank 0] - train Epoch 14/24: 95.5% (1860/1948)
[2025-11-18 18:04:19][INFO][Rank 0] - train Epoch 14/24: 96.0% (1870/1948)
[2025-11-18 18:04:26][INFO][Rank 0] - train Epoch 14/24: 96.5% (1880/1948)
[2025-11-18 18:04:33][INFO][Rank 0] - train Epoch 14/24: 97.0% (1890/1948)
[2025-11-18 18:04:34][INFO][Rank 0] - CUDA Memory [train][Step 1890]: Device 0: Allocated: 3309.6 MB, Reserved: 117540.0 MB (Δ: +1687.0 MB)
[2025-11-18 18:04:40][INFO][Rank 0] - train Epoch 14/24: 97.5% (1900/1948)
[2025-11-18 18:04:47][INFO][Rank 0] - train Epoch 14/24: 98.0% (1910/1948)
[2025-11-18 18:04:54][INFO][Rank 0] - train Epoch 14/24: 98.6% (1920/1948)
[2025-11-18 18:05:01][INFO][Rank 0] - train Epoch 14/24: 99.1% (1930/1948)
[2025-11-18 18:05:08][INFO][Rank 0] - train Epoch 14/24: 99.6% (1940/1948)
[2025-11-18 18:05:13][INFO][Rank 0] - train Epoch 14/24: 99.9% (1947/1948)
[2025-11-18 18:05:14][INFO][Rank 0] - train Loss: 0.1559 Acc: 0.9708 F1: 0.9849
[2025-11-18 18:05:14][INFO][Rank 0] - train Balanced Acc: 0.8872 AUC-ROC: 0.9713
[2025-11-18 18:05:14][INFO][Rank 0] - train Sensitivity: 0.9753 Specificity: 0.7992
[2025-11-18 18:05:14][INFO][Rank 0] - train Confusion Matrix: TP=18522, FP=98, FN=470, TN=390
[2025-11-18 18:05:14][INFO][Rank 0] - train completed in 1376.44s
[2025-11-18 18:05:14][INFO][Rank 0] - Data loading time: 0.88s, Forward time: 279.99s, Backward time: 746.17s
[2025-11-18 18:05:14][INFO][Rank 0] - train cache: 0/1 items, hit rate: 0.00%
[2025-11-18 18:05:14][INFO][Rank 0] - CUDA Memory [val][Step 0]: Device 0: Allocated: 3309.6 MB, Reserved: 117540.0 MB (Δ: +1687.0 MB)
[2025-11-18 18:05:14][INFO][Rank 0] - val phase: total 406 batches
[2025-11-18 18:05:15][INFO][Rank 0] - val Epoch 14/24: 0.0% (0/406)
[2025-11-18 18:05:19][INFO][Rank 0] - val Epoch 14/24: 2.5% (10/406)
[2025-11-18 18:05:24][INFO][Rank 0] - val Epoch 14/24: 4.9% (20/406)
[2025-11-18 18:05:29][INFO][Rank 0] - val Epoch 14/24: 7.4% (30/406)
[2025-11-18 18:05:34][INFO][Rank 0] - val Epoch 14/24: 9.9% (40/406)
[2025-11-18 18:05:39][INFO][Rank 0] - val Epoch 14/24: 12.3% (50/406)
[2025-11-18 18:05:44][INFO][Rank 0] - val Epoch 14/24: 14.8% (60/406)
[2025-11-18 18:05:49][INFO][Rank 0] - val Epoch 14/24: 17.2% (70/406)
[2025-11-18 18:05:54][INFO][Rank 0] - val Epoch 14/24: 19.7% (80/406)
[2025-11-18 18:05:59][INFO][Rank 0] - val Epoch 14/24: 22.2% (90/406)
[2025-11-18 18:06:04][INFO][Rank 0] - val Epoch 14/24: 24.6% (100/406)
[2025-11-18 18:06:09][INFO][Rank 0] - val Epoch 14/24: 27.1% (110/406)
[2025-11-18 18:06:14][INFO][Rank 0] - val Epoch 14/24: 29.6% (120/406)
[2025-11-18 18:06:15][INFO][Rank 0] - CUDA Memory [val][Step 120]: Device 0: Allocated: 3309.6 MB, Reserved: 117540.0 MB (Δ: +1687.0 MB)
[2025-11-18 18:06:19][INFO][Rank 0] - val Epoch 14/24: 32.0% (130/406)
[2025-11-18 18:06:24][INFO][Rank 0] - val Epoch 14/24: 34.5% (140/406)
[2025-11-18 18:06:29][INFO][Rank 0] - val Epoch 14/24: 36.9% (150/406)
[2025-11-18 18:06:34][INFO][Rank 0] - val Epoch 14/24: 39.4% (160/406)
[2025-11-18 18:06:39][INFO][Rank 0] - val Epoch 14/24: 41.9% (170/406)
[2025-11-18 18:06:44][INFO][Rank 0] - val Epoch 14/24: 44.3% (180/406)
[2025-11-18 18:06:49][INFO][Rank 0] - val Epoch 14/24: 46.8% (190/406)
[2025-11-18 18:06:54][INFO][Rank 0] - val Epoch 14/24: 49.3% (200/406)
[2025-11-18 18:06:59][INFO][Rank 0] - val Epoch 14/24: 51.7% (210/406)
[2025-11-18 18:07:04][INFO][Rank 0] - val Epoch 14/24: 54.2% (220/406)
[2025-11-18 18:07:09][INFO][Rank 0] - val Epoch 14/24: 56.7% (230/406)
[2025-11-18 18:07:14][INFO][Rank 0] - val Epoch 14/24: 59.1% (240/406)
