Python location: /projects/retprogression/pytorch_cu121_env/bin/python
CUDA available: True
GPU count: 1
Run ID: 3
Using port: 54165
Running experiment: experiment_res_1024
Using image resolution: 1024x1024
[2025-11-17 11:44:36,986][root][INFO] - Checkpoint directory prepared at /projects/retprogression/rgarridogarcia/checkpoints/cropped1024_cropped_centered_allR_3
[2025-11-17 11:44:36][INFO] - Starting training with configuration summary:
[2025-11-17 11:44:36][INFO] -  exp:
[2025-11-17 11:44:36][INFO] -  _metadata: ContainerMetadata(ref_type=typing.Any, object_type=<class 'dict'>, optional=True, key='exp', flags={}, flags_root=False, resolver_cache=defaultdict(<class 'dict'>, {}), key_type=typing.Any, element_type=typing.Any)
[2025-11-17 11:44:36][INFO] -  _parent: {'run_id': 3, 'caching': {'enabled': True, 'prefetch_factor': 2, 'train_cache_size': 1000, 'val_cache_size': 1000}, 'criterion': {'alpha': 0.25, 'weight_method': 'inverse_frequency', 'gamma': 2.0, 'type': 'cross_entropy', 'use_class_weights': True}, 'data': {'annotations_file_name': '/projects/retprogression/gradable_dr/clean_gradable_dr_3_', 'augmentation': {'enabled': False, 'type': 'none'}, 'batch_size': 10, 'class_labels': 'gradable_binary_DR', 'data_dir': '/projects/retprogression/', 'img_dir': 'complete_cropped_1024_centered_10272025_allRight', 'num_workers': 7, 'resolution': 1024, 'shuffle': True, 'weighted_sampler': {'enabled': False, 'generator_seed': 42, 'target_minority_ratio': 0.2}}, 'distributed': {'backend': 'nccl', 'world_size': 1}, 'early_stopping': {'enabled': False, 'metric': 'f1_score', 'min_delta': 0.001, 'mode': 'max', 'patience': 8}, 'exp': {'checkpoint_dir': '/projects/retprogression/rgarridogarcia/checkpoints/cropped1024_cropped_centered_allR_3', 'checkpoint_freq': 1, 'checkpoint_name': '', 'experiment_name': 'swinv2_res1024', 'master_port': 23456, 'num_epochs': 25}, 'experiment_res_1024': {'data': {'augmentation': {'enabled': False, 'type': 'none'}, 'batch_size': 10, 'resolution': 1024, 'img_dir': 'complete_cropped_1024_centered_10272025_allRight'}, 'exp': {'checkpoint_dir': '/projects/retprogression/rgarridogarcia/checkpoints/cropped1024_cropped_centered_allR_3', 'checkpoint_name': '', 'experiment_name': 'swinv2_res1024', 'master_port': 23456, 'num_epochs': 25}, 'lr_scheduler': {'type': 'cosine', 'warmup': {'enabled': True, 'min_lr': 1e-07, 'warmup_proportion': 0.15}}, 'model': {'img_size': 1024, 'name': 'swinv2_large_window12to16_192to256.ms_in22k_ft_in1k', 'pretrained': True, 'num_classes': 2}, 'optimization': {'amp_enabled': True, 'gradient_accumulation_steps': 16, 'gradient_clipping': 0.5}, 'optimizer': {'optimizer': None, 'name': 'adam', 'lr': 5e-06, 'weight_decay': 0.001, 'momentum': 0.9}}, 'experiment_res_1024_oversample_50': {'criterion': {'class_weights': [1.0, 1.0], 'type': 'cross_entropy', 'use_class_weights': True}, 'data': {'augmentation': {'strength': 'strong'}, 'batch_size': 4, 'resolution': 1024, 'weighted_sampler': {'enabled': True, 'generator_seed': 42, 'target_minority_ratio': 0.5}}, 'exp': {'checkpoint_dir': '/projects/retprogression/rgarridogarcia/checkpoints/relabled_clean_gradable_swinv2_resolution1024_oversample50_3', 'checkpoint_name': 'epoch_23.pth', 'experiment_name': 'swinv2_res1024', 'master_port': 23450, 'num_epochs': 25}, 'lr_scheduler': {'type': 'cosine', 'warmup': {'enabled': True, 'min_lr': 1e-07, 'warmup_proportion': 0.15}}, 'model': {'img_size': 1024, 'name': 'swinv2_large_window12to16_192to256.ms_in22k_ft_in1k'}, 'optimization': {'amp_enabled': True, 'gradient_accumulation_steps': 16, 'gradient_clipping': 0.5}, 'optimizer': {'lr': 5e-06}}, 'lr_scheduler': {'type': 'cosine', 'warmup': {'enabled': True, 'min_lr': 1e-07, 'warmup_proportion': 0.15}}, 'model': {'img_size': 1024, 'name': 'swinv2_large_window12to16_192to256.ms_in22k_ft_in1k', 'pretrained': True, 'num_classes': 2}, 'optimization': {'amp_enabled': True, 'gradient_accumulation_steps': 16, 'gradient_clipping': 0.5}, 'optimizer': {'optimizer': None, 'name': 'adam', 'lr': 5e-06, 'weight_decay': 0.001, 'momentum': 0.9}}
[2025-11-17 11:44:36][INFO] -  _flags_cache: {'struct': None, 'readonly': None, 'convert': None, 'allow_objects': None}
[2025-11-17 11:44:36][INFO] -  _content: {'checkpoint_dir': '/projects/retprogression/rgarridogarcia/checkpoints/cropped1024_cropped_centered_allR_3', 'checkpoint_freq': 1, 'checkpoint_name': '', 'experiment_name': 'swinv2_res1024', 'master_port': 23456, 'num_epochs': 25}
[2025-11-17 11:44:36][INFO] -  data:
[2025-11-17 11:44:36][INFO] -  _metadata: ContainerMetadata(ref_type=typing.Any, object_type=<class 'dict'>, optional=True, key='data', flags={}, flags_root=False, resolver_cache=defaultdict(<class 'dict'>, {}), key_type=typing.Any, element_type=typing.Any)
[2025-11-17 11:44:36][INFO] -  _parent: {'run_id': 3, 'caching': {'enabled': True, 'prefetch_factor': 2, 'train_cache_size': 1000, 'val_cache_size': 1000}, 'criterion': {'alpha': 0.25, 'weight_method': 'inverse_frequency', 'gamma': 2.0, 'type': 'cross_entropy', 'use_class_weights': True}, 'data': {'annotations_file_name': '/projects/retprogression/gradable_dr/clean_gradable_dr_3_', 'augmentation': {'enabled': False, 'type': 'none'}, 'batch_size': 10, 'class_labels': 'gradable_binary_DR', 'data_dir': '/projects/retprogression/', 'img_dir': 'complete_cropped_1024_centered_10272025_allRight', 'num_workers': 7, 'resolution': 1024, 'shuffle': True, 'weighted_sampler': {'enabled': False, 'generator_seed': 42, 'target_minority_ratio': 0.2}}, 'distributed': {'backend': 'nccl', 'world_size': 1}, 'early_stopping': {'enabled': False, 'metric': 'f1_score', 'min_delta': 0.001, 'mode': 'max', 'patience': 8}, 'exp': {'checkpoint_dir': '/projects/retprogression/rgarridogarcia/checkpoints/cropped1024_cropped_centered_allR_3', 'checkpoint_freq': 1, 'checkpoint_name': '', 'experiment_name': 'swinv2_res1024', 'master_port': 23456, 'num_epochs': 25}, 'experiment_res_1024': {'data': {'augmentation': {'enabled': False, 'type': 'none'}, 'batch_size': 10, 'resolution': 1024, 'img_dir': 'complete_cropped_1024_centered_10272025_allRight'}, 'exp': {'checkpoint_dir': '/projects/retprogression/rgarridogarcia/checkpoints/cropped1024_cropped_centered_allR_3', 'checkpoint_name': '', 'experiment_name': 'swinv2_res1024', 'master_port': 23456, 'num_epochs': 25}, 'lr_scheduler': {'type': 'cosine', 'warmup': {'enabled': True, 'min_lr': 1e-07, 'warmup_proportion': 0.15}}, 'model': {'img_size': 1024, 'name': 'swinv2_large_window12to16_192to256.ms_in22k_ft_in1k', 'pretrained': True, 'num_classes': 2}, 'optimization': {'amp_enabled': True, 'gradient_accumulation_steps': 16, 'gradient_clipping': 0.5}, 'optimizer': {'optimizer': None, 'name': 'adam', 'lr': 5e-06, 'weight_decay': 0.001, 'momentum': 0.9}}, 'experiment_res_1024_oversample_50': {'criterion': {'class_weights': [1.0, 1.0], 'type': 'cross_entropy', 'use_class_weights': True}, 'data': {'augmentation': {'strength': 'strong'}, 'batch_size': 4, 'resolution': 1024, 'weighted_sampler': {'enabled': True, 'generator_seed': 42, 'target_minority_ratio': 0.5}}, 'exp': {'checkpoint_dir': '/projects/retprogression/rgarridogarcia/checkpoints/relabled_clean_gradable_swinv2_resolution1024_oversample50_3', 'checkpoint_name': 'epoch_23.pth', 'experiment_name': 'swinv2_res1024', 'master_port': 23450, 'num_epochs': 25}, 'lr_scheduler': {'type': 'cosine', 'warmup': {'enabled': True, 'min_lr': 1e-07, 'warmup_proportion': 0.15}}, 'model': {'img_size': 1024, 'name': 'swinv2_large_window12to16_192to256.ms_in22k_ft_in1k'}, 'optimization': {'amp_enabled': True, 'gradient_accumulation_steps': 16, 'gradient_clipping': 0.5}, 'optimizer': {'lr': 5e-06}}, 'lr_scheduler': {'type': 'cosine', 'warmup': {'enabled': True, 'min_lr': 1e-07, 'warmup_proportion': 0.15}}, 'model': {'img_size': 1024, 'name': 'swinv2_large_window12to16_192to256.ms_in22k_ft_in1k', 'pretrained': True, 'num_classes': 2}, 'optimization': {'amp_enabled': True, 'gradient_accumulation_steps': 16, 'gradient_clipping': 0.5}, 'optimizer': {'optimizer': None, 'name': 'adam', 'lr': 5e-06, 'weight_decay': 0.001, 'momentum': 0.9}}
[2025-11-17 11:44:36][INFO] -  _flags_cache: {'struct': None, 'readonly': None, 'convert': None, 'allow_objects': None}
[2025-11-17 11:44:36][INFO] -  _content: {'annotations_file_name': '/projects/retprogression/gradable_dr/clean_gradable_dr_3_', 'augmentation': {'enabled': False, 'type': 'none'}, 'batch_size': 10, 'class_labels': 'gradable_binary_DR', 'data_dir': '/projects/retprogression/', 'img_dir': 'complete_cropped_1024_centered_10272025_allRight', 'num_workers': 7, 'resolution': 1024, 'shuffle': True, 'weighted_sampler': {'enabled': False, 'generator_seed': 42, 'target_minority_ratio': 0.2}}
[2025-11-17 11:44:36][INFO] -  model:
[2025-11-17 11:44:36][INFO] -  _metadata: ContainerMetadata(ref_type=typing.Any, object_type=<class 'dict'>, optional=True, key='model', flags={}, flags_root=False, resolver_cache=defaultdict(<class 'dict'>, {}), key_type=typing.Any, element_type=typing.Any)
[2025-11-17 11:44:36][INFO] -  _parent: {'run_id': 3, 'caching': {'enabled': True, 'prefetch_factor': 2, 'train_cache_size': 1000, 'val_cache_size': 1000}, 'criterion': {'alpha': 0.25, 'weight_method': 'inverse_frequency', 'gamma': 2.0, 'type': 'cross_entropy', 'use_class_weights': True}, 'data': {'annotations_file_name': '/projects/retprogression/gradable_dr/clean_gradable_dr_3_', 'augmentation': {'enabled': False, 'type': 'none'}, 'batch_size': 10, 'class_labels': 'gradable_binary_DR', 'data_dir': '/projects/retprogression/', 'img_dir': 'complete_cropped_1024_centered_10272025_allRight', 'num_workers': 7, 'resolution': 1024, 'shuffle': True, 'weighted_sampler': {'enabled': False, 'generator_seed': 42, 'target_minority_ratio': 0.2}}, 'distributed': {'backend': 'nccl', 'world_size': 1}, 'early_stopping': {'enabled': False, 'metric': 'f1_score', 'min_delta': 0.001, 'mode': 'max', 'patience': 8}, 'exp': {'checkpoint_dir': '/projects/retprogression/rgarridogarcia/checkpoints/cropped1024_cropped_centered_allR_3', 'checkpoint_freq': 1, 'checkpoint_name': '', 'experiment_name': 'swinv2_res1024', 'master_port': 23456, 'num_epochs': 25}, 'experiment_res_1024': {'data': {'augmentation': {'enabled': False, 'type': 'none'}, 'batch_size': 10, 'resolution': 1024, 'img_dir': 'complete_cropped_1024_centered_10272025_allRight'}, 'exp': {'checkpoint_dir': '/projects/retprogression/rgarridogarcia/checkpoints/cropped1024_cropped_centered_allR_3', 'checkpoint_name': '', 'experiment_name': 'swinv2_res1024', 'master_port': 23456, 'num_epochs': 25}, 'lr_scheduler': {'type': 'cosine', 'warmup': {'enabled': True, 'min_lr': 1e-07, 'warmup_proportion': 0.15}}, 'model': {'img_size': 1024, 'name': 'swinv2_large_window12to16_192to256.ms_in22k_ft_in1k', 'pretrained': True, 'num_classes': 2}, 'optimization': {'amp_enabled': True, 'gradient_accumulation_steps': 16, 'gradient_clipping': 0.5}, 'optimizer': {'optimizer': None, 'name': 'adam', 'lr': 5e-06, 'weight_decay': 0.001, 'momentum': 0.9}}, 'experiment_res_1024_oversample_50': {'criterion': {'class_weights': [1.0, 1.0], 'type': 'cross_entropy', 'use_class_weights': True}, 'data': {'augmentation': {'strength': 'strong'}, 'batch_size': 4, 'resolution': 1024, 'weighted_sampler': {'enabled': True, 'generator_seed': 42, 'target_minority_ratio': 0.5}}, 'exp': {'checkpoint_dir': '/projects/retprogression/rgarridogarcia/checkpoints/relabled_clean_gradable_swinv2_resolution1024_oversample50_3', 'checkpoint_name': 'epoch_23.pth', 'experiment_name': 'swinv2_res1024', 'master_port': 23450, 'num_epochs': 25}, 'lr_scheduler': {'type': 'cosine', 'warmup': {'enabled': True, 'min_lr': 1e-07, 'warmup_proportion': 0.15}}, 'model': {'img_size': 1024, 'name': 'swinv2_large_window12to16_192to256.ms_in22k_ft_in1k'}, 'optimization': {'amp_enabled': True, 'gradient_accumulation_steps': 16, 'gradient_clipping': 0.5}, 'optimizer': {'lr': 5e-06}}, 'lr_scheduler': {'type': 'cosine', 'warmup': {'enabled': True, 'min_lr': 1e-07, 'warmup_proportion': 0.15}}, 'model': {'img_size': 1024, 'name': 'swinv2_large_window12to16_192to256.ms_in22k_ft_in1k', 'pretrained': True, 'num_classes': 2}, 'optimization': {'amp_enabled': True, 'gradient_accumulation_steps': 16, 'gradient_clipping': 0.5}, 'optimizer': {'optimizer': None, 'name': 'adam', 'lr': 5e-06, 'weight_decay': 0.001, 'momentum': 0.9}}
[2025-11-17 11:44:36][INFO] -  _flags_cache: {'struct': None, 'readonly': None, 'convert': None, 'allow_objects': None}
[2025-11-17 11:44:36][INFO] -  _content: {'img_size': 1024, 'name': 'swinv2_large_window12to16_192to256.ms_in22k_ft_in1k', 'pretrained': True, 'num_classes': 2}
[2025-11-17 11:44:36][INFO] -  optimizer:
[2025-11-17 11:44:36][INFO] -  _metadata: ContainerMetadata(ref_type=typing.Any, object_type=<class 'dict'>, optional=True, key='optimizer', flags={}, flags_root=False, resolver_cache=defaultdict(<class 'dict'>, {}), key_type=typing.Any, element_type=typing.Any)
[2025-11-17 11:44:36][INFO] -  _parent: {'run_id': 3, 'caching': {'enabled': True, 'prefetch_factor': 2, 'train_cache_size': 1000, 'val_cache_size': 1000}, 'criterion': {'alpha': 0.25, 'weight_method': 'inverse_frequency', 'gamma': 2.0, 'type': 'cross_entropy', 'use_class_weights': True}, 'data': {'annotations_file_name': '/projects/retprogression/gradable_dr/clean_gradable_dr_3_', 'augmentation': {'enabled': False, 'type': 'none'}, 'batch_size': 10, 'class_labels': 'gradable_binary_DR', 'data_dir': '/projects/retprogression/', 'img_dir': 'complete_cropped_1024_centered_10272025_allRight', 'num_workers': 7, 'resolution': 1024, 'shuffle': True, 'weighted_sampler': {'enabled': False, 'generator_seed': 42, 'target_minority_ratio': 0.2}}, 'distributed': {'backend': 'nccl', 'world_size': 1}, 'early_stopping': {'enabled': False, 'metric': 'f1_score', 'min_delta': 0.001, 'mode': 'max', 'patience': 8}, 'exp': {'checkpoint_dir': '/projects/retprogression/rgarridogarcia/checkpoints/cropped1024_cropped_centered_allR_3', 'checkpoint_freq': 1, 'checkpoint_name': '', 'experiment_name': 'swinv2_res1024', 'master_port': 23456, 'num_epochs': 25}, 'experiment_res_1024': {'data': {'augmentation': {'enabled': False, 'type': 'none'}, 'batch_size': 10, 'resolution': 1024, 'img_dir': 'complete_cropped_1024_centered_10272025_allRight'}, 'exp': {'checkpoint_dir': '/projects/retprogression/rgarridogarcia/checkpoints/cropped1024_cropped_centered_allR_3', 'checkpoint_name': '', 'experiment_name': 'swinv2_res1024', 'master_port': 23456, 'num_epochs': 25}, 'lr_scheduler': {'type': 'cosine', 'warmup': {'enabled': True, 'min_lr': 1e-07, 'warmup_proportion': 0.15}}, 'model': {'img_size': 1024, 'name': 'swinv2_large_window12to16_192to256.ms_in22k_ft_in1k', 'pretrained': True, 'num_classes': 2}, 'optimization': {'amp_enabled': True, 'gradient_accumulation_steps': 16, 'gradient_clipping': 0.5}, 'optimizer': {'optimizer': None, 'name': 'adam', 'lr': 5e-06, 'weight_decay': 0.001, 'momentum': 0.9}}, 'experiment_res_1024_oversample_50': {'criterion': {'class_weights': [1.0, 1.0], 'type': 'cross_entropy', 'use_class_weights': True}, 'data': {'augmentation': {'strength': 'strong'}, 'batch_size': 4, 'resolution': 1024, 'weighted_sampler': {'enabled': True, 'generator_seed': 42, 'target_minority_ratio': 0.5}}, 'exp': {'checkpoint_dir': '/projects/retprogression/rgarridogarcia/checkpoints/relabled_clean_gradable_swinv2_resolution1024_oversample50_3', 'checkpoint_name': 'epoch_23.pth', 'experiment_name': 'swinv2_res1024', 'master_port': 23450, 'num_epochs': 25}, 'lr_scheduler': {'type': 'cosine', 'warmup': {'enabled': True, 'min_lr': 1e-07, 'warmup_proportion': 0.15}}, 'model': {'img_size': 1024, 'name': 'swinv2_large_window12to16_192to256.ms_in22k_ft_in1k'}, 'optimization': {'amp_enabled': True, 'gradient_accumulation_steps': 16, 'gradient_clipping': 0.5}, 'optimizer': {'lr': 5e-06}}, 'lr_scheduler': {'type': 'cosine', 'warmup': {'enabled': True, 'min_lr': 1e-07, 'warmup_proportion': 0.15}}, 'model': {'img_size': 1024, 'name': 'swinv2_large_window12to16_192to256.ms_in22k_ft_in1k', 'pretrained': True, 'num_classes': 2}, 'optimization': {'amp_enabled': True, 'gradient_accumulation_steps': 16, 'gradient_clipping': 0.5}, 'optimizer': {'optimizer': None, 'name': 'adam', 'lr': 5e-06, 'weight_decay': 0.001, 'momentum': 0.9}}
[2025-11-17 11:44:36][INFO] -  _flags_cache: {'struct': None, 'readonly': None, 'convert': None, 'allow_objects': None}
[2025-11-17 11:44:36][INFO] -  _content: {'optimizer': None, 'name': 'adam', 'lr': 5e-06, 'weight_decay': 0.001, 'momentum': 0.9}
[2025-11-17 11:44:36][INFO] -  lr_scheduler:
[2025-11-17 11:44:36][INFO] -  _metadata: ContainerMetadata(ref_type=typing.Any, object_type=<class 'dict'>, optional=True, key='lr_scheduler', flags={}, flags_root=False, resolver_cache=defaultdict(<class 'dict'>, {}), key_type=typing.Any, element_type=typing.Any)
[2025-11-17 11:44:36][INFO] -  _parent: {'run_id': 3, 'caching': {'enabled': True, 'prefetch_factor': 2, 'train_cache_size': 1000, 'val_cache_size': 1000}, 'criterion': {'alpha': 0.25, 'weight_method': 'inverse_frequency', 'gamma': 2.0, 'type': 'cross_entropy', 'use_class_weights': True}, 'data': {'annotations_file_name': '/projects/retprogression/gradable_dr/clean_gradable_dr_3_', 'augmentation': {'enabled': False, 'type': 'none'}, 'batch_size': 10, 'class_labels': 'gradable_binary_DR', 'data_dir': '/projects/retprogression/', 'img_dir': 'complete_cropped_1024_centered_10272025_allRight', 'num_workers': 7, 'resolution': 1024, 'shuffle': True, 'weighted_sampler': {'enabled': False, 'generator_seed': 42, 'target_minority_ratio': 0.2}}, 'distributed': {'backend': 'nccl', 'world_size': 1}, 'early_stopping': {'enabled': False, 'metric': 'f1_score', 'min_delta': 0.001, 'mode': 'max', 'patience': 8}, 'exp': {'checkpoint_dir': '/projects/retprogression/rgarridogarcia/checkpoints/cropped1024_cropped_centered_allR_3', 'checkpoint_freq': 1, 'checkpoint_name': '', 'experiment_name': 'swinv2_res1024', 'master_port': 23456, 'num_epochs': 25}, 'experiment_res_1024': {'data': {'augmentation': {'enabled': False, 'type': 'none'}, 'batch_size': 10, 'resolution': 1024, 'img_dir': 'complete_cropped_1024_centered_10272025_allRight'}, 'exp': {'checkpoint_dir': '/projects/retprogression/rgarridogarcia/checkpoints/cropped1024_cropped_centered_allR_3', 'checkpoint_name': '', 'experiment_name': 'swinv2_res1024', 'master_port': 23456, 'num_epochs': 25}, 'lr_scheduler': {'type': 'cosine', 'warmup': {'enabled': True, 'min_lr': 1e-07, 'warmup_proportion': 0.15}}, 'model': {'img_size': 1024, 'name': 'swinv2_large_window12to16_192to256.ms_in22k_ft_in1k', 'pretrained': True, 'num_classes': 2}, 'optimization': {'amp_enabled': True, 'gradient_accumulation_steps': 16, 'gradient_clipping': 0.5}, 'optimizer': {'optimizer': None, 'name': 'adam', 'lr': 5e-06, 'weight_decay': 0.001, 'momentum': 0.9}}, 'experiment_res_1024_oversample_50': {'criterion': {'class_weights': [1.0, 1.0], 'type': 'cross_entropy', 'use_class_weights': True}, 'data': {'augmentation': {'strength': 'strong'}, 'batch_size': 4, 'resolution': 1024, 'weighted_sampler': {'enabled': True, 'generator_seed': 42, 'target_minority_ratio': 0.5}}, 'exp': {'checkpoint_dir': '/projects/retprogression/rgarridogarcia/checkpoints/relabled_clean_gradable_swinv2_resolution1024_oversample50_3', 'checkpoint_name': 'epoch_23.pth', 'experiment_name': 'swinv2_res1024', 'master_port': 23450, 'num_epochs': 25}, 'lr_scheduler': {'type': 'cosine', 'warmup': {'enabled': True, 'min_lr': 1e-07, 'warmup_proportion': 0.15}}, 'model': {'img_size': 1024, 'name': 'swinv2_large_window12to16_192to256.ms_in22k_ft_in1k'}, 'optimization': {'amp_enabled': True, 'gradient_accumulation_steps': 16, 'gradient_clipping': 0.5}, 'optimizer': {'lr': 5e-06}}, 'lr_scheduler': {'type': 'cosine', 'warmup': {'enabled': True, 'min_lr': 1e-07, 'warmup_proportion': 0.15}}, 'model': {'img_size': 1024, 'name': 'swinv2_large_window12to16_192to256.ms_in22k_ft_in1k', 'pretrained': True, 'num_classes': 2}, 'optimization': {'amp_enabled': True, 'gradient_accumulation_steps': 16, 'gradient_clipping': 0.5}, 'optimizer': {'optimizer': None, 'name': 'adam', 'lr': 5e-06, 'weight_decay': 0.001, 'momentum': 0.9}}
[2025-11-17 11:44:36][INFO] -  _flags_cache: {'struct': None, 'readonly': None, 'convert': None, 'allow_objects': None}
[2025-11-17 11:44:36][INFO] -  _content: {'type': 'cosine', 'warmup': {'enabled': True, 'min_lr': 1e-07, 'warmup_proportion': 0.15}}
[2025-11-17 11:44:36][INFO] -  distributed:
[2025-11-17 11:44:36][INFO] -  _metadata: ContainerMetadata(ref_type=typing.Any, object_type=<class 'dict'>, optional=True, key='distributed', flags={}, flags_root=False, resolver_cache=defaultdict(<class 'dict'>, {}), key_type=typing.Any, element_type=typing.Any)
[2025-11-17 11:44:36][INFO] -  _parent: {'run_id': 3, 'caching': {'enabled': True, 'prefetch_factor': 2, 'train_cache_size': 1000, 'val_cache_size': 1000}, 'criterion': {'alpha': 0.25, 'weight_method': 'inverse_frequency', 'gamma': 2.0, 'type': 'cross_entropy', 'use_class_weights': True}, 'data': {'annotations_file_name': '/projects/retprogression/gradable_dr/clean_gradable_dr_3_', 'augmentation': {'enabled': False, 'type': 'none'}, 'batch_size': 10, 'class_labels': 'gradable_binary_DR', 'data_dir': '/projects/retprogression/', 'img_dir': 'complete_cropped_1024_centered_10272025_allRight', 'num_workers': 7, 'resolution': 1024, 'shuffle': True, 'weighted_sampler': {'enabled': False, 'generator_seed': 42, 'target_minority_ratio': 0.2}}, 'distributed': {'backend': 'nccl', 'world_size': 1}, 'early_stopping': {'enabled': False, 'metric': 'f1_score', 'min_delta': 0.001, 'mode': 'max', 'patience': 8}, 'exp': {'checkpoint_dir': '/projects/retprogression/rgarridogarcia/checkpoints/cropped1024_cropped_centered_allR_3', 'checkpoint_freq': 1, 'checkpoint_name': '', 'experiment_name': 'swinv2_res1024', 'master_port': 23456, 'num_epochs': 25}, 'experiment_res_1024': {'data': {'augmentation': {'enabled': False, 'type': 'none'}, 'batch_size': 10, 'resolution': 1024, 'img_dir': 'complete_cropped_1024_centered_10272025_allRight'}, 'exp': {'checkpoint_dir': '/projects/retprogression/rgarridogarcia/checkpoints/cropped1024_cropped_centered_allR_3', 'checkpoint_name': '', 'experiment_name': 'swinv2_res1024', 'master_port': 23456, 'num_epochs': 25}, 'lr_scheduler': {'type': 'cosine', 'warmup': {'enabled': True, 'min_lr': 1e-07, 'warmup_proportion': 0.15}}, 'model': {'img_size': 1024, 'name': 'swinv2_large_window12to16_192to256.ms_in22k_ft_in1k', 'pretrained': True, 'num_classes': 2}, 'optimization': {'amp_enabled': True, 'gradient_accumulation_steps': 16, 'gradient_clipping': 0.5}, 'optimizer': {'optimizer': None, 'name': 'adam', 'lr': 5e-06, 'weight_decay': 0.001, 'momentum': 0.9}}, 'experiment_res_1024_oversample_50': {'criterion': {'class_weights': [1.0, 1.0], 'type': 'cross_entropy', 'use_class_weights': True}, 'data': {'augmentation': {'strength': 'strong'}, 'batch_size': 4, 'resolution': 1024, 'weighted_sampler': {'enabled': True, 'generator_seed': 42, 'target_minority_ratio': 0.5}}, 'exp': {'checkpoint_dir': '/projects/retprogression/rgarridogarcia/checkpoints/relabled_clean_gradable_swinv2_resolution1024_oversample50_3', 'checkpoint_name': 'epoch_23.pth', 'experiment_name': 'swinv2_res1024', 'master_port': 23450, 'num_epochs': 25}, 'lr_scheduler': {'type': 'cosine', 'warmup': {'enabled': True, 'min_lr': 1e-07, 'warmup_proportion': 0.15}}, 'model': {'img_size': 1024, 'name': 'swinv2_large_window12to16_192to256.ms_in22k_ft_in1k'}, 'optimization': {'amp_enabled': True, 'gradient_accumulation_steps': 16, 'gradient_clipping': 0.5}, 'optimizer': {'lr': 5e-06}}, 'lr_scheduler': {'type': 'cosine', 'warmup': {'enabled': True, 'min_lr': 1e-07, 'warmup_proportion': 0.15}}, 'model': {'img_size': 1024, 'name': 'swinv2_large_window12to16_192to256.ms_in22k_ft_in1k', 'pretrained': True, 'num_classes': 2}, 'optimization': {'amp_enabled': True, 'gradient_accumulation_steps': 16, 'gradient_clipping': 0.5}, 'optimizer': {'optimizer': None, 'name': 'adam', 'lr': 5e-06, 'weight_decay': 0.001, 'momentum': 0.9}}
[2025-11-17 11:44:36][INFO] -  _flags_cache: None
[2025-11-17 11:44:36][INFO] -  _content: {'backend': 'nccl', 'world_size': 1}
[2025-11-17 11:44:36][INFO] -  early_stopping:
[2025-11-17 11:44:36][INFO] -  _metadata: ContainerMetadata(ref_type=typing.Any, object_type=<class 'dict'>, optional=True, key='early_stopping', flags={}, flags_root=False, resolver_cache=defaultdict(<class 'dict'>, {}), key_type=typing.Any, element_type=typing.Any)
[2025-11-17 11:44:36][INFO] -  _parent: {'run_id': 3, 'caching': {'enabled': True, 'prefetch_factor': 2, 'train_cache_size': 1000, 'val_cache_size': 1000}, 'criterion': {'alpha': 0.25, 'weight_method': 'inverse_frequency', 'gamma': 2.0, 'type': 'cross_entropy', 'use_class_weights': True}, 'data': {'annotations_file_name': '/projects/retprogression/gradable_dr/clean_gradable_dr_3_', 'augmentation': {'enabled': False, 'type': 'none'}, 'batch_size': 10, 'class_labels': 'gradable_binary_DR', 'data_dir': '/projects/retprogression/', 'img_dir': 'complete_cropped_1024_centered_10272025_allRight', 'num_workers': 7, 'resolution': 1024, 'shuffle': True, 'weighted_sampler': {'enabled': False, 'generator_seed': 42, 'target_minority_ratio': 0.2}}, 'distributed': {'backend': 'nccl', 'world_size': 1}, 'early_stopping': {'enabled': False, 'metric': 'f1_score', 'min_delta': 0.001, 'mode': 'max', 'patience': 8}, 'exp': {'checkpoint_dir': '/projects/retprogression/rgarridogarcia/checkpoints/cropped1024_cropped_centered_allR_3', 'checkpoint_freq': 1, 'checkpoint_name': '', 'experiment_name': 'swinv2_res1024', 'master_port': 23456, 'num_epochs': 25}, 'experiment_res_1024': {'data': {'augmentation': {'enabled': False, 'type': 'none'}, 'batch_size': 10, 'resolution': 1024, 'img_dir': 'complete_cropped_1024_centered_10272025_allRight'}, 'exp': {'checkpoint_dir': '/projects/retprogression/rgarridogarcia/checkpoints/cropped1024_cropped_centered_allR_3', 'checkpoint_name': '', 'experiment_name': 'swinv2_res1024', 'master_port': 23456, 'num_epochs': 25}, 'lr_scheduler': {'type': 'cosine', 'warmup': {'enabled': True, 'min_lr': 1e-07, 'warmup_proportion': 0.15}}, 'model': {'img_size': 1024, 'name': 'swinv2_large_window12to16_192to256.ms_in22k_ft_in1k', 'pretrained': True, 'num_classes': 2}, 'optimization': {'amp_enabled': True, 'gradient_accumulation_steps': 16, 'gradient_clipping': 0.5}, 'optimizer': {'optimizer': None, 'name': 'adam', 'lr': 5e-06, 'weight_decay': 0.001, 'momentum': 0.9}}, 'experiment_res_1024_oversample_50': {'criterion': {'class_weights': [1.0, 1.0], 'type': 'cross_entropy', 'use_class_weights': True}, 'data': {'augmentation': {'strength': 'strong'}, 'batch_size': 4, 'resolution': 1024, 'weighted_sampler': {'enabled': True, 'generator_seed': 42, 'target_minority_ratio': 0.5}}, 'exp': {'checkpoint_dir': '/projects/retprogression/rgarridogarcia/checkpoints/relabled_clean_gradable_swinv2_resolution1024_oversample50_3', 'checkpoint_name': 'epoch_23.pth', 'experiment_name': 'swinv2_res1024', 'master_port': 23450, 'num_epochs': 25}, 'lr_scheduler': {'type': 'cosine', 'warmup': {'enabled': True, 'min_lr': 1e-07, 'warmup_proportion': 0.15}}, 'model': {'img_size': 1024, 'name': 'swinv2_large_window12to16_192to256.ms_in22k_ft_in1k'}, 'optimization': {'amp_enabled': True, 'gradient_accumulation_steps': 16, 'gradient_clipping': 0.5}, 'optimizer': {'lr': 5e-06}}, 'lr_scheduler': {'type': 'cosine', 'warmup': {'enabled': True, 'min_lr': 1e-07, 'warmup_proportion': 0.15}}, 'model': {'img_size': 1024, 'name': 'swinv2_large_window12to16_192to256.ms_in22k_ft_in1k', 'pretrained': True, 'num_classes': 2}, 'optimization': {'amp_enabled': True, 'gradient_accumulation_steps': 16, 'gradient_clipping': 0.5}, 'optimizer': {'optimizer': None, 'name': 'adam', 'lr': 5e-06, 'weight_decay': 0.001, 'momentum': 0.9}}
[2025-11-17 11:44:36][INFO] -  _flags_cache: None
[2025-11-17 11:44:36][INFO] -  _content: {'enabled': False, 'metric': 'f1_score', 'min_delta': 0.001, 'mode': 'max', 'patience': 8}
[2025-11-17 11:44:36][INFO] -  criterion:
[2025-11-17 11:44:36][INFO] -  _metadata: ContainerMetadata(ref_type=typing.Any, object_type=<class 'dict'>, optional=True, key='criterion', flags={}, flags_root=False, resolver_cache=defaultdict(<class 'dict'>, {}), key_type=typing.Any, element_type=typing.Any)
[2025-11-17 11:44:36][INFO] -  _parent: {'run_id': 3, 'caching': {'enabled': True, 'prefetch_factor': 2, 'train_cache_size': 1000, 'val_cache_size': 1000}, 'criterion': {'alpha': 0.25, 'weight_method': 'inverse_frequency', 'gamma': 2.0, 'type': 'cross_entropy', 'use_class_weights': True}, 'data': {'annotations_file_name': '/projects/retprogression/gradable_dr/clean_gradable_dr_3_', 'augmentation': {'enabled': False, 'type': 'none'}, 'batch_size': 10, 'class_labels': 'gradable_binary_DR', 'data_dir': '/projects/retprogression/', 'img_dir': 'complete_cropped_1024_centered_10272025_allRight', 'num_workers': 7, 'resolution': 1024, 'shuffle': True, 'weighted_sampler': {'enabled': False, 'generator_seed': 42, 'target_minority_ratio': 0.2}}, 'distributed': {'backend': 'nccl', 'world_size': 1}, 'early_stopping': {'enabled': False, 'metric': 'f1_score', 'min_delta': 0.001, 'mode': 'max', 'patience': 8}, 'exp': {'checkpoint_dir': '/projects/retprogression/rgarridogarcia/checkpoints/cropped1024_cropped_centered_allR_3', 'checkpoint_freq': 1, 'checkpoint_name': '', 'experiment_name': 'swinv2_res1024', 'master_port': 23456, 'num_epochs': 25}, 'experiment_res_1024': {'data': {'augmentation': {'enabled': False, 'type': 'none'}, 'batch_size': 10, 'resolution': 1024, 'img_dir': 'complete_cropped_1024_centered_10272025_allRight'}, 'exp': {'checkpoint_dir': '/projects/retprogression/rgarridogarcia/checkpoints/cropped1024_cropped_centered_allR_3', 'checkpoint_name': '', 'experiment_name': 'swinv2_res1024', 'master_port': 23456, 'num_epochs': 25}, 'lr_scheduler': {'type': 'cosine', 'warmup': {'enabled': True, 'min_lr': 1e-07, 'warmup_proportion': 0.15}}, 'model': {'img_size': 1024, 'name': 'swinv2_large_window12to16_192to256.ms_in22k_ft_in1k', 'pretrained': True, 'num_classes': 2}, 'optimization': {'amp_enabled': True, 'gradient_accumulation_steps': 16, 'gradient_clipping': 0.5}, 'optimizer': {'optimizer': None, 'name': 'adam', 'lr': 5e-06, 'weight_decay': 0.001, 'momentum': 0.9}}, 'experiment_res_1024_oversample_50': {'criterion': {'class_weights': [1.0, 1.0], 'type': 'cross_entropy', 'use_class_weights': True}, 'data': {'augmentation': {'strength': 'strong'}, 'batch_size': 4, 'resolution': 1024, 'weighted_sampler': {'enabled': True, 'generator_seed': 42, 'target_minority_ratio': 0.5}}, 'exp': {'checkpoint_dir': '/projects/retprogression/rgarridogarcia/checkpoints/relabled_clean_gradable_swinv2_resolution1024_oversample50_3', 'checkpoint_name': 'epoch_23.pth', 'experiment_name': 'swinv2_res1024', 'master_port': 23450, 'num_epochs': 25}, 'lr_scheduler': {'type': 'cosine', 'warmup': {'enabled': True, 'min_lr': 1e-07, 'warmup_proportion': 0.15}}, 'model': {'img_size': 1024, 'name': 'swinv2_large_window12to16_192to256.ms_in22k_ft_in1k'}, 'optimization': {'amp_enabled': True, 'gradient_accumulation_steps': 16, 'gradient_clipping': 0.5}, 'optimizer': {'lr': 5e-06}}, 'lr_scheduler': {'type': 'cosine', 'warmup': {'enabled': True, 'min_lr': 1e-07, 'warmup_proportion': 0.15}}, 'model': {'img_size': 1024, 'name': 'swinv2_large_window12to16_192to256.ms_in22k_ft_in1k', 'pretrained': True, 'num_classes': 2}, 'optimization': {'amp_enabled': True, 'gradient_accumulation_steps': 16, 'gradient_clipping': 0.5}, 'optimizer': {'optimizer': None, 'name': 'adam', 'lr': 5e-06, 'weight_decay': 0.001, 'momentum': 0.9}}
[2025-11-17 11:44:36][INFO] -  _flags_cache: None
[2025-11-17 11:44:36][INFO] -  _content: {'alpha': 0.25, 'weight_method': 'inverse_frequency', 'gamma': 2.0, 'type': 'cross_entropy', 'use_class_weights': True}
[2025-11-17 11:44:37][INFO] - Number of available GPUs: 1
[2025-11-17 11:44:37][INFO] - Available GPUs:
[2025-11-17 11:44:37][INFO] -  GPU 0: NVIDIA H200
[2025-11-17 11:44:37][INFO] - Training with single GPU or CPU
[2025-11-17 11:44:37][INFO] - Initialized process group with world_size=1
[2025-11-17 11:44:37][INFO][Rank 0] - Running training on rank 0 with world size 1
[2025-11-17 11:44:37][INFO][Rank 0] - Training for 25 epochs
[2025-11-17 11:44:37][INFO][Rank 0] - Batch size: 10 (per GPU)
[2025-11-17 11:44:37][INFO][Rank 0] - Total effective batch size: 10
[2025-11-17 11:44:37][INFO][Rank 0] - Learning rate: 5e-06
[2025-11-17 11:44:37][INFO][Rank 0] - Experiment name: swinv2_res1024
[2025-11-17 11:44:37][INFO][Rank 0] - Data augmentation type: none
[2025-11-17 11:44:37][INFO][Rank 0] - Image resolution: 1024x1024
[2025-11-17 11:44:37][INFO][Rank 0] - Creating datasets...
[2025-11-17 11:44:37][INFO][Rank 0] - Using image directory: complete_cropped_1024_centered_10272025_allRight
[2025-11-17 11:44:50][INFO][Rank 0] - JoslinData: Loaded 19480 samples from /projects/retprogression/complete_cropped_1024_centered_10272025_allRight
[2025-11-17 11:44:50][INFO][Rank 0] - Class distribution: {1: '18992 (97.5%)', 0: '488 (2.5%)'}
[2025-11-17 11:44:53][INFO][Rank 0] - JoslinData: Loaded 4068 samples from /projects/retprogression/complete_cropped_1024_centered_10272025_allRight
[2025-11-17 11:44:53][INFO][Rank 0] - Class distribution: {1: '3960 (97.3%)', 0: '108 (2.7%)'}
[2025-11-17 11:44:53][INFO][Rank 0] - CachedDataset initialized for rank 0 with cache_size=1000
[2025-11-17 11:44:53][INFO][Rank 0] - CachedDataset initialized for rank 0 with cache_size=1000
[2025-11-17 11:44:53][INFO][Rank 0] - Datasets created in 15.54s
[2025-11-17 11:44:53][INFO][Rank 0] - Train dataset size: 19480
[2025-11-17 11:44:53][INFO][Rank 0] - Validation dataset size: 4068
[2025-11-17 11:44:53][INFO][Rank 0] - Caching enabled - Train cache size: 1000, Val cache size: 1000
[2025-11-17 11:44:53][INFO][Rank 0] - Creating dataloaders...
[2025-11-17 11:44:53][INFO][Rank 0] - Dataloaders created in 0.00s
[2025-11-17 11:44:53][INFO][Rank 0] - Workers per GPU: 7
[2025-11-17 11:44:53][INFO][Rank 0] - Prefetch factor: 2
[2025-11-17 11:44:53][INFO][Rank 0] - Drop last batch: True
[2025-11-17 11:44:53][INFO][Rank 0] - Creating model: swinv2_large_window12to16_192to256.ms_in22k_ft_in1k...
[2025-11-17 11:44:55][INFO][Rank 0] - Loading pretrained weights from Hugging Face hub (timm/swinv2_large_window12to16_192to256.ms_in22k_ft_in1k)
[2025-11-17 11:44:55][INFO][Rank 0] - [timm/swinv2_large_window12to16_192to256.ms_in22k_ft_in1k] Safe alternative available for 'pytorch_model.bin' (as 'model.safetensors'). Loading weights using safetensors.
[2025-11-17 11:44:55][INFO][Rank 0] - Missing keys (head.fc.weight, head.fc.bias) discovered while loading pretrained weights. This is expected if model is being adapted.
[2025-11-17 11:44:55][INFO][Rank 0] - Created ViT model with image size: 1024x1024
[2025-11-17 11:44:55][INFO][Rank 0] - Model parameters: 195,206,006 total, 195,206,006 trainable
[2025-11-17 11:44:55][INFO][Rank 0] - Model created and initialized in 2.42s
[2025-11-17 11:44:55][INFO][Rank 0] - Class weights explicitly set to: True
[2025-11-17 11:44:55][INFO][Rank 0] - Auto-computing class weights using method: inverse_frequency
[2025-11-17 11:44:55][INFO][Rank 0] - Class distribution:
[2025-11-17 11:44:55][INFO][Rank 0] -   Class 0: 488 samples (2.5%)
[2025-11-17 11:44:55][INFO][Rank 0] -   Class 1: 18992 samples (97.5%)
[2025-11-17 11:44:55][INFO][Rank 0] - Computed class weights (method=inverse_frequency):
[2025-11-17 11:44:55][INFO][Rank 0] -   Class 0: weight = 1.00
[2025-11-17 11:44:55][INFO][Rank 0] -   Class 1: weight = 0.03
[2025-11-17 11:44:55][INFO][Rank 0] - Imbalance ratio: 38.9:1
[2025-11-17 11:44:55][INFO][Rank 0] - Using weighted Cross Entropy loss with class weights: tensor([1.0000, 0.0257], device='cuda:0')
[2025-11-17 11:44:55][INFO][Rank 0] - Learning rate warmup enabled: 292 steps from 1e-07 to 5e-06
/projects/retprogression/pytorch_cu121_env/lib/python3.12/site-packages/torch/optim/lr_scheduler.py:60: UserWarning: The verbose parameter is deprecated. Please use get_last_lr() to access the learning rate.
  warnings.warn(
[2025-11-17 11:44:55][INFO][Rank 0] - Checkpoint path: /projects/retprogression/rgarridogarcia/checkpoints/cropped1024_cropped_centered_allR_3/
[2025-11-17 11:44:55][INFO][Rank 0] - ======= Starting Training =======
[2025-11-17 11:44:55][INFO][Rank 0] - Using gradient accumulation with 16 steps
[2025-11-17 11:44:55][INFO][Rank 0] - Automatic mixed precision (AMP) enabled
[2025-11-17 11:44:55][INFO][Rank 0] - Gradient clipping enabled with max norm 0.5
/home/r.garridogarcia/MIGHTE/retprogression/swinV2/RETProgression/src/utils.py:287: FutureWarning: `torch.cuda.amp.GradScaler(args...)` is deprecated. Please use `torch.amp.GradScaler('cuda', args...)` instead.
  scaler = torch.cuda.amp.GradScaler() if amp_enabled else None
[2025-11-17 11:44:55][INFO][Rank 0] - CUDA memory monitor initialized: {0: {'allocated': 1622.57568359375, 'reserved': 2196.0, 'active': 1622.57568359375}}
[2025-11-17 11:44:55][INFO][Rank 0] - ========== Starting Training ==========
[2025-11-17 11:44:55][INFO][Rank 0] - GPU 0: NVIDIA H200
[2025-11-17 11:44:55][INFO][Rank 0] - Epoch 0/24
[2025-11-17 11:44:55][INFO][Rank 0] - ----------
[2025-11-17 11:44:55][INFO][Rank 0] - CUDA Memory [train][Step 0]: Device 0: Allocated: 1622.6 MB, Reserved: 2196.0 MB (Δ: +0.0 MB)
[2025-11-17 11:44:55][INFO][Rank 0] - train phase: total 1948 batches
[2025-11-17 11:44:57][INFO][Rank 0] - train Epoch 0/24: 0.0% (0/1948)
[2025-11-17 11:44:57][INFO][Rank 0] - Input batch size: torch.Size([10, 3, 1024, 1024])
[2025-11-17 11:45:05][INFO][Rank 0] - train Epoch 0/24: 0.5% (10/1948)
[2025-11-17 11:45:12][INFO][Rank 0] - train Epoch 0/24: 1.0% (20/1948)
[2025-11-17 11:45:19][INFO][Rank 0] - train Epoch 0/24: 1.5% (30/1948)
[2025-11-17 11:45:26][INFO][Rank 0] - train Epoch 0/24: 2.1% (40/1948)
[2025-11-17 11:45:33][INFO][Rank 0] - train Epoch 0/24: 2.6% (50/1948)
[2025-11-17 11:45:40][INFO][Rank 0] - train Epoch 0/24: 3.1% (60/1948)
[2025-11-17 11:45:47][INFO][Rank 0] - train Epoch 0/24: 3.6% (70/1948)
[2025-11-17 11:45:54][INFO][Rank 0] - train Epoch 0/24: 4.1% (80/1948)
[2025-11-17 11:46:01][INFO][Rank 0] - train Epoch 0/24: 4.6% (90/1948)
[2025-11-17 11:46:02][INFO][Rank 0] - CUDA Memory [train][Step 90]: Device 0: Allocated: 3309.6 MB, Reserved: 117540.0 MB (Δ: +1687.0 MB)
[2025-11-17 11:46:08][INFO][Rank 0] - train Epoch 0/24: 5.1% (100/1948)
[2025-11-17 11:46:15][INFO][Rank 0] - train Epoch 0/24: 5.6% (110/1948)
[2025-11-17 11:46:22][INFO][Rank 0] - train Epoch 0/24: 6.2% (120/1948)
[2025-11-17 11:46:30][INFO][Rank 0] - train Epoch 0/24: 6.7% (130/1948)
[2025-11-17 11:46:37][INFO][Rank 0] - train Epoch 0/24: 7.2% (140/1948)
[2025-11-17 11:46:44][INFO][Rank 0] - train Epoch 0/24: 7.7% (150/1948)
[2025-11-17 11:46:51][INFO][Rank 0] - train Epoch 0/24: 8.2% (160/1948)
[2025-11-17 11:46:58][INFO][Rank 0] - train Epoch 0/24: 8.7% (170/1948)
[2025-11-17 11:47:05][INFO][Rank 0] - train Epoch 0/24: 9.2% (180/1948)
[2025-11-17 11:47:06][INFO][Rank 0] - CUDA Memory [train][Step 180]: Device 0: Allocated: 3309.6 MB, Reserved: 117540.0 MB (Δ: +1687.0 MB)
[2025-11-17 11:47:12][INFO][Rank 0] - train Epoch 0/24: 9.8% (190/1948)
[2025-11-17 11:47:19][INFO][Rank 0] - train Epoch 0/24: 10.3% (200/1948)
[2025-11-17 11:47:26][INFO][Rank 0] - train Epoch 0/24: 10.8% (210/1948)
[2025-11-17 11:47:33][INFO][Rank 0] - train Epoch 0/24: 11.3% (220/1948)
[2025-11-17 11:47:40][INFO][Rank 0] - train Epoch 0/24: 11.8% (230/1948)
[2025-11-17 11:47:47][INFO][Rank 0] - train Epoch 0/24: 12.3% (240/1948)
[2025-11-17 11:47:54][INFO][Rank 0] - train Epoch 0/24: 12.8% (250/1948)
[2025-11-17 11:48:01][INFO][Rank 0] - train Epoch 0/24: 13.3% (260/1948)
[2025-11-17 11:48:08][INFO][Rank 0] - train Epoch 0/24: 13.9% (270/1948)
[2025-11-17 11:48:09][INFO][Rank 0] - CUDA Memory [train][Step 270]: Device 0: Allocated: 3309.6 MB, Reserved: 117540.0 MB (Δ: +1687.0 MB)
[2025-11-17 11:48:15][INFO][Rank 0] - train Epoch 0/24: 14.4% (280/1948)
[2025-11-17 11:48:23][INFO][Rank 0] - train Epoch 0/24: 14.9% (290/1948)
[2025-11-17 11:48:30][INFO][Rank 0] - train Epoch 0/24: 15.4% (300/1948)
[2025-11-17 11:48:37][INFO][Rank 0] - train Epoch 0/24: 15.9% (310/1948)
[2025-11-17 11:48:44][INFO][Rank 0] - train Epoch 0/24: 16.4% (320/1948)
[2025-11-17 11:48:51][INFO][Rank 0] - train Epoch 0/24: 16.9% (330/1948)
[2025-11-17 11:48:58][INFO][Rank 0] - train Epoch 0/24: 17.5% (340/1948)
[2025-11-17 11:49:05][INFO][Rank 0] - train Epoch 0/24: 18.0% (350/1948)
[2025-11-17 11:49:12][INFO][Rank 0] - train Epoch 0/24: 18.5% (360/1948)
[2025-11-17 11:49:13][INFO][Rank 0] - CUDA Memory [train][Step 360]: Device 0: Allocated: 3309.6 MB, Reserved: 117540.0 MB (Δ: +1687.0 MB)
[2025-11-17 11:49:19][INFO][Rank 0] - train Epoch 0/24: 19.0% (370/1948)
[2025-11-17 11:49:26][INFO][Rank 0] - train Epoch 0/24: 19.5% (380/1948)
[2025-11-17 11:49:33][INFO][Rank 0] - train Epoch 0/24: 20.0% (390/1948)
[2025-11-17 11:49:40][INFO][Rank 0] - train Epoch 0/24: 20.5% (400/1948)
[2025-11-17 11:49:47][INFO][Rank 0] - train Epoch 0/24: 21.0% (410/1948)
[2025-11-17 11:49:54][INFO][Rank 0] - train Epoch 0/24: 21.6% (420/1948)
[2025-11-17 11:50:01][INFO][Rank 0] - train Epoch 0/24: 22.1% (430/1948)
[2025-11-17 11:50:08][INFO][Rank 0] - train Epoch 0/24: 22.6% (440/1948)
[2025-11-17 11:50:16][INFO][Rank 0] - train Epoch 0/24: 23.1% (450/1948)
[2025-11-17 11:50:16][INFO][Rank 0] - CUDA Memory [train][Step 450]: Device 0: Allocated: 3309.6 MB, Reserved: 117540.0 MB (Δ: +1687.0 MB)
[2025-11-17 11:50:23][INFO][Rank 0] - train Epoch 0/24: 23.6% (460/1948)
[2025-11-17 11:50:30][INFO][Rank 0] - train Epoch 0/24: 24.1% (470/1948)
[2025-11-17 11:50:37][INFO][Rank 0] - train Epoch 0/24: 24.6% (480/1948)
[2025-11-17 11:50:44][INFO][Rank 0] - train Epoch 0/24: 25.2% (490/1948)
[2025-11-17 11:50:51][INFO][Rank 0] - train Epoch 0/24: 25.7% (500/1948)
[2025-11-17 11:50:58][INFO][Rank 0] - train Epoch 0/24: 26.2% (510/1948)
[2025-11-17 11:51:05][INFO][Rank 0] - train Epoch 0/24: 26.7% (520/1948)
[2025-11-17 11:51:12][INFO][Rank 0] - train Epoch 0/24: 27.2% (530/1948)
[2025-11-17 11:51:19][INFO][Rank 0] - train Epoch 0/24: 27.7% (540/1948)
[2025-11-17 11:51:20][INFO][Rank 0] - CUDA Memory [train][Step 540]: Device 0: Allocated: 3309.6 MB, Reserved: 117540.0 MB (Δ: +1687.0 MB)
[2025-11-17 11:51:26][INFO][Rank 0] - train Epoch 0/24: 28.2% (550/1948)
[2025-11-17 11:51:33][INFO][Rank 0] - train Epoch 0/24: 28.7% (560/1948)
[2025-11-17 11:51:40][INFO][Rank 0] - train Epoch 0/24: 29.3% (570/1948)
[2025-11-17 11:51:47][INFO][Rank 0] - train Epoch 0/24: 29.8% (580/1948)
[2025-11-17 11:51:54][INFO][Rank 0] - train Epoch 0/24: 30.3% (590/1948)
[2025-11-17 11:52:01][INFO][Rank 0] - train Epoch 0/24: 30.8% (600/1948)
[2025-11-17 11:52:09][INFO][Rank 0] - train Epoch 0/24: 31.3% (610/1948)
[2025-11-17 11:52:16][INFO][Rank 0] - train Epoch 0/24: 31.8% (620/1948)
[2025-11-17 11:52:23][INFO][Rank 0] - train Epoch 0/24: 32.3% (630/1948)
[2025-11-17 11:52:23][INFO][Rank 0] - CUDA Memory [train][Step 630]: Device 0: Allocated: 3309.6 MB, Reserved: 117540.0 MB (Δ: +1687.0 MB)
[2025-11-17 11:52:30][INFO][Rank 0] - train Epoch 0/24: 32.9% (640/1948)
[2025-11-17 11:52:37][INFO][Rank 0] - train Epoch 0/24: 33.4% (650/1948)
[2025-11-17 11:52:44][INFO][Rank 0] - train Epoch 0/24: 33.9% (660/1948)
[2025-11-17 11:52:51][INFO][Rank 0] - train Epoch 0/24: 34.4% (670/1948)
[2025-11-17 11:52:58][INFO][Rank 0] - train Epoch 0/24: 34.9% (680/1948)
[2025-11-17 11:53:05][INFO][Rank 0] - train Epoch 0/24: 35.4% (690/1948)
[2025-11-17 11:53:12][INFO][Rank 0] - train Epoch 0/24: 35.9% (700/1948)
[2025-11-17 11:53:19][INFO][Rank 0] - train Epoch 0/24: 36.4% (710/1948)
[2025-11-17 11:53:26][INFO][Rank 0] - train Epoch 0/24: 37.0% (720/1948)
[2025-11-17 11:53:27][INFO][Rank 0] - CUDA Memory [train][Step 720]: Device 0: Allocated: 3309.6 MB, Reserved: 117540.0 MB (Δ: +1687.0 MB)
[2025-11-17 11:53:33][INFO][Rank 0] - train Epoch 0/24: 37.5% (730/1948)
[2025-11-17 11:53:40][INFO][Rank 0] - train Epoch 0/24: 38.0% (740/1948)
[2025-11-17 11:53:47][INFO][Rank 0] - train Epoch 0/24: 38.5% (750/1948)
[2025-11-17 11:53:55][INFO][Rank 0] - train Epoch 0/24: 39.0% (760/1948)
[2025-11-17 11:54:02][INFO][Rank 0] - train Epoch 0/24: 39.5% (770/1948)
[2025-11-17 11:54:09][INFO][Rank 0] - train Epoch 0/24: 40.0% (780/1948)
[2025-11-17 11:54:16][INFO][Rank 0] - train Epoch 0/24: 40.6% (790/1948)
[2025-11-17 11:54:23][INFO][Rank 0] - train Epoch 0/24: 41.1% (800/1948)
[2025-11-17 11:54:30][INFO][Rank 0] - train Epoch 0/24: 41.6% (810/1948)
[2025-11-17 11:54:31][INFO][Rank 0] - CUDA Memory [train][Step 810]: Device 0: Allocated: 3309.6 MB, Reserved: 117540.0 MB (Δ: +1687.0 MB)
[2025-11-17 11:54:37][INFO][Rank 0] - train Epoch 0/24: 42.1% (820/1948)
[2025-11-17 11:54:44][INFO][Rank 0] - train Epoch 0/24: 42.6% (830/1948)
[2025-11-17 11:54:51][INFO][Rank 0] - train Epoch 0/24: 43.1% (840/1948)
[2025-11-17 11:54:58][INFO][Rank 0] - train Epoch 0/24: 43.6% (850/1948)
[2025-11-17 11:55:05][INFO][Rank 0] - train Epoch 0/24: 44.1% (860/1948)
[2025-11-17 11:55:12][INFO][Rank 0] - train Epoch 0/24: 44.7% (870/1948)
[2025-11-17 11:55:19][INFO][Rank 0] - train Epoch 0/24: 45.2% (880/1948)
[2025-11-17 11:55:26][INFO][Rank 0] - train Epoch 0/24: 45.7% (890/1948)
[2025-11-17 11:55:33][INFO][Rank 0] - train Epoch 0/24: 46.2% (900/1948)
[2025-11-17 11:55:34][INFO][Rank 0] - CUDA Memory [train][Step 900]: Device 0: Allocated: 3309.6 MB, Reserved: 117540.0 MB (Δ: +1687.0 MB)
[2025-11-17 11:55:41][INFO][Rank 0] - train Epoch 0/24: 46.7% (910/1948)
[2025-11-17 11:55:48][INFO][Rank 0] - train Epoch 0/24: 47.2% (920/1948)
[2025-11-17 11:55:55][INFO][Rank 0] - train Epoch 0/24: 47.7% (930/1948)
[2025-11-17 11:56:02][INFO][Rank 0] - train Epoch 0/24: 48.3% (940/1948)
[2025-11-17 11:56:09][INFO][Rank 0] - train Epoch 0/24: 48.8% (950/1948)
[2025-11-17 11:56:16][INFO][Rank 0] - train Epoch 0/24: 49.3% (960/1948)
[2025-11-17 11:56:23][INFO][Rank 0] - train Epoch 0/24: 49.8% (970/1948)
[2025-11-17 11:56:30][INFO][Rank 0] - train Epoch 0/24: 50.3% (980/1948)
[2025-11-17 11:56:37][INFO][Rank 0] - train Epoch 0/24: 50.8% (990/1948)
[2025-11-17 11:56:38][INFO][Rank 0] - CUDA Memory [train][Step 990]: Device 0: Allocated: 3309.6 MB, Reserved: 117540.0 MB (Δ: +1687.0 MB)
[2025-11-17 11:56:44][INFO][Rank 0] - train Epoch 0/24: 51.3% (1000/1948)
[2025-11-17 11:56:51][INFO][Rank 0] - train Epoch 0/24: 51.8% (1010/1948)
[2025-11-17 11:56:58][INFO][Rank 0] - train Epoch 0/24: 52.4% (1020/1948)
[2025-11-17 11:57:05][INFO][Rank 0] - train Epoch 0/24: 52.9% (1030/1948)
[2025-11-17 11:57:12][INFO][Rank 0] - train Epoch 0/24: 53.4% (1040/1948)
[2025-11-17 11:57:20][INFO][Rank 0] - train Epoch 0/24: 53.9% (1050/1948)
[2025-11-17 11:57:27][INFO][Rank 0] - train Epoch 0/24: 54.4% (1060/1948)
[2025-11-17 11:57:34][INFO][Rank 0] - train Epoch 0/24: 54.9% (1070/1948)
[2025-11-17 11:57:41][INFO][Rank 0] - train Epoch 0/24: 55.4% (1080/1948)
[2025-11-17 11:57:41][INFO][Rank 0] - CUDA Memory [train][Step 1080]: Device 0: Allocated: 3309.6 MB, Reserved: 117540.0 MB (Δ: +1687.0 MB)
[2025-11-17 11:57:48][INFO][Rank 0] - train Epoch 0/24: 56.0% (1090/1948)
[2025-11-17 11:57:55][INFO][Rank 0] - train Epoch 0/24: 56.5% (1100/1948)
[2025-11-17 11:58:02][INFO][Rank 0] - train Epoch 0/24: 57.0% (1110/1948)
[2025-11-17 11:58:09][INFO][Rank 0] - train Epoch 0/24: 57.5% (1120/1948)
[2025-11-17 11:58:16][INFO][Rank 0] - train Epoch 0/24: 58.0% (1130/1948)
[2025-11-17 11:58:23][INFO][Rank 0] - train Epoch 0/24: 58.5% (1140/1948)
[2025-11-17 11:58:30][INFO][Rank 0] - train Epoch 0/24: 59.0% (1150/1948)
[2025-11-17 11:58:37][INFO][Rank 0] - train Epoch 0/24: 59.5% (1160/1948)
[2025-11-17 11:58:44][INFO][Rank 0] - train Epoch 0/24: 60.1% (1170/1948)
[2025-11-17 11:58:45][INFO][Rank 0] - CUDA Memory [train][Step 1170]: Device 0: Allocated: 3309.6 MB, Reserved: 117540.0 MB (Δ: +1687.0 MB)
[2025-11-17 11:58:51][INFO][Rank 0] - train Epoch 0/24: 60.6% (1180/1948)
[2025-11-17 11:58:58][INFO][Rank 0] - train Epoch 0/24: 61.1% (1190/1948)
[2025-11-17 11:59:06][INFO][Rank 0] - train Epoch 0/24: 61.6% (1200/1948)
[2025-11-17 11:59:13][INFO][Rank 0] - train Epoch 0/24: 62.1% (1210/1948)
[2025-11-17 11:59:20][INFO][Rank 0] - train Epoch 0/24: 62.6% (1220/1948)
[2025-11-17 11:59:27][INFO][Rank 0] - train Epoch 0/24: 63.1% (1230/1948)
[2025-11-17 11:59:34][INFO][Rank 0] - train Epoch 0/24: 63.7% (1240/1948)
[2025-11-17 11:59:41][INFO][Rank 0] - train Epoch 0/24: 64.2% (1250/1948)
[2025-11-17 11:59:48][INFO][Rank 0] - train Epoch 0/24: 64.7% (1260/1948)
[2025-11-17 11:59:49][INFO][Rank 0] - CUDA Memory [train][Step 1260]: Device 0: Allocated: 3309.6 MB, Reserved: 117540.0 MB (Δ: +1687.0 MB)
[2025-11-17 11:59:55][INFO][Rank 0] - train Epoch 0/24: 65.2% (1270/1948)
[2025-11-17 12:00:02][INFO][Rank 0] - train Epoch 0/24: 65.7% (1280/1948)
[2025-11-17 12:00:09][INFO][Rank 0] - train Epoch 0/24: 66.2% (1290/1948)
[2025-11-17 12:00:16][INFO][Rank 0] - train Epoch 0/24: 66.7% (1300/1948)
[2025-11-17 12:00:23][INFO][Rank 0] - train Epoch 0/24: 67.2% (1310/1948)
[2025-11-17 12:00:30][INFO][Rank 0] - train Epoch 0/24: 67.8% (1320/1948)
[2025-11-17 12:00:37][INFO][Rank 0] - train Epoch 0/24: 68.3% (1330/1948)
[2025-11-17 12:00:44][INFO][Rank 0] - train Epoch 0/24: 68.8% (1340/1948)
[2025-11-17 12:00:52][INFO][Rank 0] - train Epoch 0/24: 69.3% (1350/1948)
[2025-11-17 12:00:52][INFO][Rank 0] - CUDA Memory [train][Step 1350]: Device 0: Allocated: 3309.6 MB, Reserved: 117540.0 MB (Δ: +1687.0 MB)
[2025-11-17 12:00:59][INFO][Rank 0] - train Epoch 0/24: 69.8% (1360/1948)
[2025-11-17 12:01:06][INFO][Rank 0] - train Epoch 0/24: 70.3% (1370/1948)
[2025-11-17 12:01:13][INFO][Rank 0] - train Epoch 0/24: 70.8% (1380/1948)
[2025-11-17 12:01:20][INFO][Rank 0] - train Epoch 0/24: 71.4% (1390/1948)
[2025-11-17 12:01:27][INFO][Rank 0] - train Epoch 0/24: 71.9% (1400/1948)
[2025-11-17 12:01:34][INFO][Rank 0] - train Epoch 0/24: 72.4% (1410/1948)
[2025-11-17 12:01:41][INFO][Rank 0] - train Epoch 0/24: 72.9% (1420/1948)
[2025-11-17 12:01:48][INFO][Rank 0] - train Epoch 0/24: 73.4% (1430/1948)
[2025-11-17 12:01:55][INFO][Rank 0] - train Epoch 0/24: 73.9% (1440/1948)
[2025-11-17 12:01:56][INFO][Rank 0] - CUDA Memory [train][Step 1440]: Device 0: Allocated: 3309.6 MB, Reserved: 117540.0 MB (Δ: +1687.0 MB)
[2025-11-17 12:02:02][INFO][Rank 0] - train Epoch 0/24: 74.4% (1450/1948)
[2025-11-17 12:02:09][INFO][Rank 0] - train Epoch 0/24: 74.9% (1460/1948)
[2025-11-17 12:02:16][INFO][Rank 0] - train Epoch 0/24: 75.5% (1470/1948)
[2025-11-17 12:02:23][INFO][Rank 0] - train Epoch 0/24: 76.0% (1480/1948)
[2025-11-17 12:02:30][INFO][Rank 0] - train Epoch 0/24: 76.5% (1490/1948)
[2025-11-17 12:02:38][INFO][Rank 0] - train Epoch 0/24: 77.0% (1500/1948)
[2025-11-17 12:02:45][INFO][Rank 0] - train Epoch 0/24: 77.5% (1510/1948)
[2025-11-17 12:02:52][INFO][Rank 0] - train Epoch 0/24: 78.0% (1520/1948)
[2025-11-17 12:02:59][INFO][Rank 0] - train Epoch 0/24: 78.5% (1530/1948)
[2025-11-17 12:02:59][INFO][Rank 0] - CUDA Memory [train][Step 1530]: Device 0: Allocated: 3309.6 MB, Reserved: 117540.0 MB (Δ: +1687.0 MB)
[2025-11-17 12:03:06][INFO][Rank 0] - train Epoch 0/24: 79.1% (1540/1948)
[2025-11-17 12:03:13][INFO][Rank 0] - train Epoch 0/24: 79.6% (1550/1948)
[2025-11-17 12:03:20][INFO][Rank 0] - train Epoch 0/24: 80.1% (1560/1948)
[2025-11-17 12:03:27][INFO][Rank 0] - train Epoch 0/24: 80.6% (1570/1948)
[2025-11-17 12:03:34][INFO][Rank 0] - train Epoch 0/24: 81.1% (1580/1948)
[2025-11-17 12:03:41][INFO][Rank 0] - train Epoch 0/24: 81.6% (1590/1948)
[2025-11-17 12:03:48][INFO][Rank 0] - train Epoch 0/24: 82.1% (1600/1948)
[2025-11-17 12:03:55][INFO][Rank 0] - train Epoch 0/24: 82.6% (1610/1948)
[2025-11-17 12:04:02][INFO][Rank 0] - train Epoch 0/24: 83.2% (1620/1948)
[2025-11-17 12:04:03][INFO][Rank 0] - CUDA Memory [train][Step 1620]: Device 0: Allocated: 3309.6 MB, Reserved: 117540.0 MB (Δ: +1687.0 MB)
[2025-11-17 12:04:09][INFO][Rank 0] - train Epoch 0/24: 83.7% (1630/1948)
[2025-11-17 12:04:16][INFO][Rank 0] - train Epoch 0/24: 84.2% (1640/1948)
[2025-11-17 12:04:24][INFO][Rank 0] - train Epoch 0/24: 84.7% (1650/1948)
[2025-11-17 12:04:31][INFO][Rank 0] - train Epoch 0/24: 85.2% (1660/1948)
[2025-11-17 12:04:38][INFO][Rank 0] - train Epoch 0/24: 85.7% (1670/1948)
[2025-11-17 12:04:45][INFO][Rank 0] - train Epoch 0/24: 86.2% (1680/1948)
[2025-11-17 12:04:52][INFO][Rank 0] - train Epoch 0/24: 86.8% (1690/1948)
[2025-11-17 12:04:59][INFO][Rank 0] - train Epoch 0/24: 87.3% (1700/1948)
[2025-11-17 12:05:06][INFO][Rank 0] - train Epoch 0/24: 87.8% (1710/1948)
[2025-11-17 12:05:07][INFO][Rank 0] - CUDA Memory [train][Step 1710]: Device 0: Allocated: 3309.6 MB, Reserved: 117540.0 MB (Δ: +1687.0 MB)
[2025-11-17 12:05:13][INFO][Rank 0] - train Epoch 0/24: 88.3% (1720/1948)
[2025-11-17 12:05:20][INFO][Rank 0] - train Epoch 0/24: 88.8% (1730/1948)
[2025-11-17 12:05:27][INFO][Rank 0] - train Epoch 0/24: 89.3% (1740/1948)
[2025-11-17 12:05:34][INFO][Rank 0] - train Epoch 0/24: 89.8% (1750/1948)
[2025-11-17 12:05:41][INFO][Rank 0] - train Epoch 0/24: 90.3% (1760/1948)
[2025-11-17 12:05:48][INFO][Rank 0] - train Epoch 0/24: 90.9% (1770/1948)
[2025-11-17 12:05:55][INFO][Rank 0] - train Epoch 0/24: 91.4% (1780/1948)
[2025-11-17 12:06:02][INFO][Rank 0] - train Epoch 0/24: 91.9% (1790/1948)
[2025-11-17 12:06:10][INFO][Rank 0] - train Epoch 0/24: 92.4% (1800/1948)
[2025-11-17 12:06:10][INFO][Rank 0] - CUDA Memory [train][Step 1800]: Device 0: Allocated: 3309.6 MB, Reserved: 117540.0 MB (Δ: +1687.0 MB)
[2025-11-17 12:06:17][INFO][Rank 0] - train Epoch 0/24: 92.9% (1810/1948)
[2025-11-17 12:06:24][INFO][Rank 0] - train Epoch 0/24: 93.4% (1820/1948)
[2025-11-17 12:06:31][INFO][Rank 0] - train Epoch 0/24: 93.9% (1830/1948)
[2025-11-17 12:06:38][INFO][Rank 0] - train Epoch 0/24: 94.5% (1840/1948)
[2025-11-17 12:06:45][INFO][Rank 0] - train Epoch 0/24: 95.0% (1850/1948)
[2025-11-17 12:06:52][INFO][Rank 0] - train Epoch 0/24: 95.5% (1860/1948)
[2025-11-17 12:06:59][INFO][Rank 0] - train Epoch 0/24: 96.0% (1870/1948)
[2025-11-17 12:07:06][INFO][Rank 0] - train Epoch 0/24: 96.5% (1880/1948)
[2025-11-17 12:07:13][INFO][Rank 0] - train Epoch 0/24: 97.0% (1890/1948)
[2025-11-17 12:07:14][INFO][Rank 0] - CUDA Memory [train][Step 1890]: Device 0: Allocated: 3309.6 MB, Reserved: 117540.0 MB (Δ: +1687.0 MB)
[2025-11-17 12:07:20][INFO][Rank 0] - train Epoch 0/24: 97.5% (1900/1948)
[2025-11-17 12:07:27][INFO][Rank 0] - train Epoch 0/24: 98.0% (1910/1948)
[2025-11-17 12:07:34][INFO][Rank 0] - train Epoch 0/24: 98.6% (1920/1948)
[2025-11-17 12:07:41][INFO][Rank 0] - train Epoch 0/24: 99.1% (1930/1948)
[2025-11-17 12:07:48][INFO][Rank 0] - train Epoch 0/24: 99.6% (1940/1948)
[2025-11-17 12:07:53][INFO][Rank 0] - train Epoch 0/24: 99.9% (1947/1948)
[2025-11-17 12:07:54][INFO][Rank 0] - train Loss: 0.4544 Acc: 0.9711 F1: 0.9854
[2025-11-17 12:07:54][INFO][Rank 0] - train Balanced Acc: 0.5160 AUC-ROC: 0.7296
[2025-11-17 12:07:54][INFO][Rank 0] - train Sensitivity: 0.9952 Specificity: 0.0369
[2025-11-17 12:07:54][INFO][Rank 0] - train Confusion Matrix: TP=18900, FP=470, FN=92, TN=18
[2025-11-17 12:07:54][INFO][Rank 0] - train completed in 1378.79s
[2025-11-17 12:07:54][INFO][Rank 0] - Data loading time: 2.11s, Forward time: 280.81s, Backward time: 746.81s
[2025-11-17 12:07:54][INFO][Rank 0] - train cache: 0/1 items, hit rate: 0.00%
[2025-11-17 12:07:54][INFO][Rank 0] - CUDA Memory [val][Step 0]: Device 0: Allocated: 3309.6 MB, Reserved: 117540.0 MB (Δ: +1687.0 MB)
[2025-11-17 12:07:54][INFO][Rank 0] - val phase: total 406 batches
[2025-11-17 12:07:55][INFO][Rank 0] - val Epoch 0/24: 0.0% (0/406)
[2025-11-17 12:08:00][INFO][Rank 0] - val Epoch 0/24: 2.5% (10/406)
[2025-11-17 12:08:05][INFO][Rank 0] - val Epoch 0/24: 4.9% (20/406)
[2025-11-17 12:08:10][INFO][Rank 0] - val Epoch 0/24: 7.4% (30/406)
[2025-11-17 12:08:15][INFO][Rank 0] - val Epoch 0/24: 9.9% (40/406)
[2025-11-17 12:08:20][INFO][Rank 0] - val Epoch 0/24: 12.3% (50/406)
[2025-11-17 12:08:25][INFO][Rank 0] - val Epoch 0/24: 14.8% (60/406)
[2025-11-17 12:08:30][INFO][Rank 0] - val Epoch 0/24: 17.2% (70/406)
[2025-11-17 12:08:35][INFO][Rank 0] - val Epoch 0/24: 19.7% (80/406)
[2025-11-17 12:08:40][INFO][Rank 0] - val Epoch 0/24: 22.2% (90/406)
[2025-11-17 12:08:45][INFO][Rank 0] - val Epoch 0/24: 24.6% (100/406)
[2025-11-17 12:08:50][INFO][Rank 0] - val Epoch 0/24: 27.1% (110/406)
[2025-11-17 12:08:55][INFO][Rank 0] - val Epoch 0/24: 29.6% (120/406)
[2025-11-17 12:08:56][INFO][Rank 0] - CUDA Memory [val][Step 120]: Device 0: Allocated: 3309.6 MB, Reserved: 117540.0 MB (Δ: +1687.0 MB)
[2025-11-17 12:09:00][INFO][Rank 0] - val Epoch 0/24: 32.0% (130/406)
[2025-11-17 12:09:05][INFO][Rank 0] - val Epoch 0/24: 34.5% (140/406)
[2025-11-17 12:09:10][INFO][Rank 0] - val Epoch 0/24: 36.9% (150/406)
[2025-11-17 12:09:15][INFO][Rank 0] - val Epoch 0/24: 39.4% (160/406)
[2025-11-17 12:09:20][INFO][Rank 0] - val Epoch 0/24: 41.9% (170/406)
[2025-11-17 12:09:25][INFO][Rank 0] - val Epoch 0/24: 44.3% (180/406)
[2025-11-17 12:09:30][INFO][Rank 0] - val Epoch 0/24: 46.8% (190/406)
[2025-11-17 12:09:35][INFO][Rank 0] - val Epoch 0/24: 49.3% (200/406)
[2025-11-17 12:09:40][INFO][Rank 0] - val Epoch 0/24: 51.7% (210/406)
[2025-11-17 12:09:45][INFO][Rank 0] - val Epoch 0/24: 54.2% (220/406)
[2025-11-17 12:09:50][INFO][Rank 0] - val Epoch 0/24: 56.7% (230/406)
[2025-11-17 12:09:55][INFO][Rank 0] - val Epoch 0/24: 59.1% (240/406)
[2025-11-17 12:10:00][INFO][Rank 0] - val Epoch 0/24: 61.6% (250/406)
[2025-11-17 12:10:05][INFO][Rank 0] - val Epoch 0/24: 64.0% (260/406)
[2025-11-17 12:10:10][INFO][Rank 0] - val Epoch 0/24: 66.5% (270/406)
[2025-11-17 12:10:11][INFO][Rank 0] - CUDA Memory [val][Step 270]: Device 0: Allocated: 3309.6 MB, Reserved: 117540.0 MB (Δ: +1687.0 MB)
[2025-11-17 12:10:15][INFO][Rank 0] - val Epoch 0/24: 69.0% (280/406)
[2025-11-17 12:10:20][INFO][Rank 0] - val Epoch 0/24: 71.4% (290/406)
[2025-11-17 12:10:25][INFO][Rank 0] - val Epoch 0/24: 73.9% (300/406)
[2025-11-17 12:10:30][INFO][Rank 0] - val Epoch 0/24: 76.4% (310/406)
[2025-11-17 12:10:35][INFO][Rank 0] - val Epoch 0/24: 78.8% (320/406)
[2025-11-17 12:10:40][INFO][Rank 0] - val Epoch 0/24: 81.3% (330/406)
[2025-11-17 12:10:45][INFO][Rank 0] - val Epoch 0/24: 83.7% (340/406)
[2025-11-17 12:10:50][INFO][Rank 0] - val Epoch 0/24: 86.2% (350/406)
[2025-11-17 12:10:55][INFO][Rank 0] - val Epoch 0/24: 88.7% (360/406)
[2025-11-17 12:11:00][INFO][Rank 0] - val Epoch 0/24: 91.1% (370/406)
[2025-11-17 12:11:05][INFO][Rank 0] - val Epoch 0/24: 93.6% (380/406)
[2025-11-17 12:11:10][INFO][Rank 0] - val Epoch 0/24: 96.1% (390/406)
[2025-11-17 12:11:11][INFO][Rank 0] - CUDA Memory [val][Step 390]: Device 0: Allocated: 3309.6 MB, Reserved: 117540.0 MB (Δ: +1687.0 MB)
[2025-11-17 12:11:15][INFO][Rank 0] - val Epoch 0/24: 98.5% (400/406)
[2025-11-17 12:11:18][INFO][Rank 0] - val Epoch 0/24: 99.8% (405/406)
[2025-11-17 12:11:18][INFO][Rank 0] - val Loss: 0.2975 Acc: 0.9741 F1: 0.9869
[2025-11-17 12:11:18][INFO][Rank 0] - val Balanced Acc: 0.5139 AUC-ROC: 0.9441
[2025-11-17 12:11:18][INFO][Rank 0] - val Sensitivity: 1.0000 Specificity: 0.0278
[2025-11-17 12:11:18][INFO][Rank 0] - val Confusion Matrix: TP=3952, FP=105, FN=0, TN=3
[2025-11-17 12:11:18][INFO][Rank 0] - val completed in 203.95s
[2025-11-17 12:11:18][INFO][Rank 0] - val cache: 0/1 items, hit rate: 0.00%
[2025-11-17 12:11:22][INFO][Rank 0] - Saved new best accuracy model with accuracy: 0.9741 at /projects/retprogression/rgarridogarcia/checkpoints/cropped1024_cropped_centered_allR_3/best_acc_model.pth
[2025-11-17 12:11:27][INFO][Rank 0] - Saved new best f1 model with f1: 0.9869 at /projects/retprogression/rgarridogarcia/checkpoints/cropped1024_cropped_centered_allR_3/best_f1_model.pth
[2025-11-17 12:11:31][INFO][Rank 0] - Saved new best balanced_acc model with balanced_acc: 0.5139 at /projects/retprogression/rgarridogarcia/checkpoints/cropped1024_cropped_centered_allR_3/best_balanced_acc_model.pth
[2025-11-17 12:11:36][INFO][Rank 0] - Also saved as general best model at /projects/retprogression/rgarridogarcia/checkpoints/cropped1024_cropped_centered_allR_3/best_model.pth
[2025-11-17 12:11:40][INFO][Rank 0] - Saved new best auc model with auc: 0.9441 at /projects/retprogression/rgarridogarcia/checkpoints/cropped1024_cropped_centered_allR_3/best_auc_model.pth
[2025-11-17 12:11:44][INFO][Rank 0] - Saved epoch checkpoint at /projects/retprogression/rgarridogarcia/checkpoints/cropped1024_cropped_centered_allR_3/epoch_0.pth
[2025-11-17 12:11:44][INFO][Rank 0] - Epoch 0 summary:
[2025-11-17 12:11:44][INFO][Rank 0] -  Train Loss: 0.4544, Train Acc: 0.9711, Train F1: 0.9854
[2025-11-17 12:11:44][INFO][Rank 0] -  Train Balanced Acc: 0.5160, Train AUC: 0.7296
[2025-11-17 12:11:44][INFO][Rank 0] -  Train Sensitivity: 0.9952, Train Specificity: 0.0369
[2025-11-17 12:11:44][INFO][Rank 0] -  Val Loss: 0.2975, Val Acc: 0.9741, Val F1: 0.9869
[2025-11-17 12:11:44][INFO][Rank 0] -  Val Balanced Acc: 0.5139, Val AUC: 0.9441
[2025-11-17 12:11:44][INFO][Rank 0] -  Val Sensitivity: 1.0000, Val Specificity: 0.0278
[2025-11-17 12:11:44][INFO][Rank 0] -  Total Epoch Time: 1608.41s
[2025-11-17 12:11:44][INFO][Rank 0] - Epoch 1/24
[2025-11-17 12:11:44][INFO][Rank 0] - ----------
[2025-11-17 12:11:44][INFO][Rank 0] - CUDA Memory [train][Step 0]: Device 0: Allocated: 3309.6 MB, Reserved: 117540.0 MB (Δ: +1687.0 MB)
[2025-11-17 12:11:44][INFO][Rank 0] - train phase: total 1948 batches
[2025-11-17 12:11:44][INFO][Rank 0] - train Epoch 1/24: 0.0% (0/1948)
[2025-11-17 12:11:51][INFO][Rank 0] - train Epoch 1/24: 0.5% (10/1948)
[2025-11-17 12:11:58][INFO][Rank 0] - train Epoch 1/24: 1.0% (20/1948)
[2025-11-17 12:12:05][INFO][Rank 0] - train Epoch 1/24: 1.5% (30/1948)
[2025-11-17 12:12:12][INFO][Rank 0] - train Epoch 1/24: 2.1% (40/1948)
[2025-11-17 12:12:19][INFO][Rank 0] - train Epoch 1/24: 2.6% (50/1948)
[2025-11-17 12:12:26][INFO][Rank 0] - train Epoch 1/24: 3.1% (60/1948)
[2025-11-17 12:12:34][INFO][Rank 0] - train Epoch 1/24: 3.6% (70/1948)
[2025-11-17 12:12:41][INFO][Rank 0] - train Epoch 1/24: 4.1% (80/1948)
[2025-11-17 12:12:48][INFO][Rank 0] - train Epoch 1/24: 4.6% (90/1948)
[2025-11-17 12:12:48][INFO][Rank 0] - CUDA Memory [train][Step 90]: Device 0: Allocated: 3309.6 MB, Reserved: 117540.0 MB (Δ: +1687.0 MB)
[2025-11-17 12:12:55][INFO][Rank 0] - train Epoch 1/24: 5.1% (100/1948)
[2025-11-17 12:13:02][INFO][Rank 0] - train Epoch 1/24: 5.6% (110/1948)
[2025-11-17 12:13:09][INFO][Rank 0] - train Epoch 1/24: 6.2% (120/1948)
[2025-11-17 12:13:16][INFO][Rank 0] - train Epoch 1/24: 6.7% (130/1948)
[2025-11-17 12:13:23][INFO][Rank 0] - train Epoch 1/24: 7.2% (140/1948)
[2025-11-17 12:13:30][INFO][Rank 0] - train Epoch 1/24: 7.7% (150/1948)
[2025-11-17 12:13:37][INFO][Rank 0] - train Epoch 1/24: 8.2% (160/1948)
[2025-11-17 12:13:44][INFO][Rank 0] - train Epoch 1/24: 8.7% (170/1948)
[2025-11-17 12:13:51][INFO][Rank 0] - train Epoch 1/24: 9.2% (180/1948)
[2025-11-17 12:13:52][INFO][Rank 0] - CUDA Memory [train][Step 180]: Device 0: Allocated: 3309.6 MB, Reserved: 117540.0 MB (Δ: +1687.0 MB)
[2025-11-17 12:13:58][INFO][Rank 0] - train Epoch 1/24: 9.8% (190/1948)
[2025-11-17 12:14:05][INFO][Rank 0] - train Epoch 1/24: 10.3% (200/1948)
[2025-11-17 12:14:12][INFO][Rank 0] - train Epoch 1/24: 10.8% (210/1948)
[2025-11-17 12:14:19][INFO][Rank 0] - train Epoch 1/24: 11.3% (220/1948)
[2025-11-17 12:14:27][INFO][Rank 0] - train Epoch 1/24: 11.8% (230/1948)
[2025-11-17 12:14:34][INFO][Rank 0] - train Epoch 1/24: 12.3% (240/1948)
[2025-11-17 12:14:41][INFO][Rank 0] - train Epoch 1/24: 12.8% (250/1948)
[2025-11-17 12:14:48][INFO][Rank 0] - train Epoch 1/24: 13.3% (260/1948)
[2025-11-17 12:14:55][INFO][Rank 0] - train Epoch 1/24: 13.9% (270/1948)
[2025-11-17 12:14:56][INFO][Rank 0] - CUDA Memory [train][Step 270]: Device 0: Allocated: 3309.6 MB, Reserved: 117540.0 MB (Δ: +1687.0 MB)
[2025-11-17 12:15:02][INFO][Rank 0] - train Epoch 1/24: 14.4% (280/1948)
[2025-11-17 12:15:09][INFO][Rank 0] - train Epoch 1/24: 14.9% (290/1948)
[2025-11-17 12:15:16][INFO][Rank 0] - train Epoch 1/24: 15.4% (300/1948)
[2025-11-17 12:15:23][INFO][Rank 0] - train Epoch 1/24: 15.9% (310/1948)
[2025-11-17 12:15:30][INFO][Rank 0] - train Epoch 1/24: 16.4% (320/1948)
[2025-11-17 12:15:37][INFO][Rank 0] - train Epoch 1/24: 16.9% (330/1948)
[2025-11-17 12:15:44][INFO][Rank 0] - train Epoch 1/24: 17.5% (340/1948)
[2025-11-17 12:15:51][INFO][Rank 0] - train Epoch 1/24: 18.0% (350/1948)
[2025-11-17 12:15:58][INFO][Rank 0] - train Epoch 1/24: 18.5% (360/1948)
[2025-11-17 12:15:59][INFO][Rank 0] - CUDA Memory [train][Step 360]: Device 0: Allocated: 3309.6 MB, Reserved: 117540.0 MB (Δ: +1687.0 MB)
[2025-11-17 12:16:05][INFO][Rank 0] - train Epoch 1/24: 19.0% (370/1948)
[2025-11-17 12:16:13][INFO][Rank 0] - train Epoch 1/24: 19.5% (380/1948)
[2025-11-17 12:16:20][INFO][Rank 0] - train Epoch 1/24: 20.0% (390/1948)
[2025-11-17 12:16:27][INFO][Rank 0] - train Epoch 1/24: 20.5% (400/1948)
[2025-11-17 12:16:34][INFO][Rank 0] - train Epoch 1/24: 21.0% (410/1948)
[2025-11-17 12:16:41][INFO][Rank 0] - train Epoch 1/24: 21.6% (420/1948)
[2025-11-17 12:16:48][INFO][Rank 0] - train Epoch 1/24: 22.1% (430/1948)
[2025-11-17 12:16:55][INFO][Rank 0] - train Epoch 1/24: 22.6% (440/1948)
[2025-11-17 12:17:02][INFO][Rank 0] - train Epoch 1/24: 23.1% (450/1948)
[2025-11-17 12:17:03][INFO][Rank 0] - CUDA Memory [train][Step 450]: Device 0: Allocated: 3309.6 MB, Reserved: 117540.0 MB (Δ: +1687.0 MB)
[2025-11-17 12:17:09][INFO][Rank 0] - train Epoch 1/24: 23.6% (460/1948)
[2025-11-17 12:17:16][INFO][Rank 0] - train Epoch 1/24: 24.1% (470/1948)
[2025-11-17 12:17:23][INFO][Rank 0] - train Epoch 1/24: 24.6% (480/1948)
[2025-11-17 12:17:30][INFO][Rank 0] - train Epoch 1/24: 25.2% (490/1948)
[2025-11-17 12:17:37][INFO][Rank 0] - train Epoch 1/24: 25.7% (500/1948)
[2025-11-17 12:17:44][INFO][Rank 0] - train Epoch 1/24: 26.2% (510/1948)
[2025-11-17 12:17:51][INFO][Rank 0] - train Epoch 1/24: 26.7% (520/1948)
[2025-11-17 12:17:59][INFO][Rank 0] - train Epoch 1/24: 27.2% (530/1948)
[2025-11-17 12:18:06][INFO][Rank 0] - train Epoch 1/24: 27.7% (540/1948)
[2025-11-17 12:18:06][INFO][Rank 0] - CUDA Memory [train][Step 540]: Device 0: Allocated: 3309.6 MB, Reserved: 117540.0 MB (Δ: +1687.0 MB)
[2025-11-17 12:18:13][INFO][Rank 0] - train Epoch 1/24: 28.2% (550/1948)
[2025-11-17 12:18:20][INFO][Rank 0] - train Epoch 1/24: 28.7% (560/1948)
[2025-11-17 12:18:27][INFO][Rank 0] - train Epoch 1/24: 29.3% (570/1948)
[2025-11-17 12:18:34][INFO][Rank 0] - train Epoch 1/24: 29.8% (580/1948)
[2025-11-17 12:18:41][INFO][Rank 0] - train Epoch 1/24: 30.3% (590/1948)
[2025-11-17 12:18:48][INFO][Rank 0] - train Epoch 1/24: 30.8% (600/1948)
[2025-11-17 12:18:55][INFO][Rank 0] - train Epoch 1/24: 31.3% (610/1948)
[2025-11-17 12:19:02][INFO][Rank 0] - train Epoch 1/24: 31.8% (620/1948)
[2025-11-17 12:19:09][INFO][Rank 0] - train Epoch 1/24: 32.3% (630/1948)
[2025-11-17 12:19:10][INFO][Rank 0] - CUDA Memory [train][Step 630]: Device 0: Allocated: 3309.6 MB, Reserved: 117540.0 MB (Δ: +1687.0 MB)
[2025-11-17 12:19:16][INFO][Rank 0] - train Epoch 1/24: 32.9% (640/1948)
[2025-11-17 12:19:23][INFO][Rank 0] - train Epoch 1/24: 33.4% (650/1948)
[2025-11-17 12:19:30][INFO][Rank 0] - train Epoch 1/24: 33.9% (660/1948)
[2025-11-17 12:19:37][INFO][Rank 0] - train Epoch 1/24: 34.4% (670/1948)
[2025-11-17 12:19:44][INFO][Rank 0] - train Epoch 1/24: 34.9% (680/1948)
[2025-11-17 12:19:52][INFO][Rank 0] - train Epoch 1/24: 35.4% (690/1948)
[2025-11-17 12:19:59][INFO][Rank 0] - train Epoch 1/24: 35.9% (700/1948)
[2025-11-17 12:20:06][INFO][Rank 0] - train Epoch 1/24: 36.4% (710/1948)
[2025-11-17 12:20:13][INFO][Rank 0] - train Epoch 1/24: 37.0% (720/1948)
[2025-11-17 12:20:13][INFO][Rank 0] - CUDA Memory [train][Step 720]: Device 0: Allocated: 3309.6 MB, Reserved: 117540.0 MB (Δ: +1687.0 MB)
[2025-11-17 12:20:20][INFO][Rank 0] - train Epoch 1/24: 37.5% (730/1948)
[2025-11-17 12:20:27][INFO][Rank 0] - train Epoch 1/24: 38.0% (740/1948)
[2025-11-17 12:20:34][INFO][Rank 0] - train Epoch 1/24: 38.5% (750/1948)
[2025-11-17 12:20:41][INFO][Rank 0] - train Epoch 1/24: 39.0% (760/1948)
[2025-11-17 12:20:48][INFO][Rank 0] - train Epoch 1/24: 39.5% (770/1948)
[2025-11-17 12:20:55][INFO][Rank 0] - train Epoch 1/24: 40.0% (780/1948)
[2025-11-17 12:21:02][INFO][Rank 0] - train Epoch 1/24: 40.6% (790/1948)
[2025-11-17 12:21:09][INFO][Rank 0] - train Epoch 1/24: 41.1% (800/1948)
[2025-11-17 12:21:16][INFO][Rank 0] - train Epoch 1/24: 41.6% (810/1948)
[2025-11-17 12:21:17][INFO][Rank 0] - CUDA Memory [train][Step 810]: Device 0: Allocated: 3309.6 MB, Reserved: 117540.0 MB (Δ: +1687.0 MB)
[2025-11-17 12:21:23][INFO][Rank 0] - train Epoch 1/24: 42.1% (820/1948)
[2025-11-17 12:21:30][INFO][Rank 0] - train Epoch 1/24: 42.6% (830/1948)
[2025-11-17 12:21:37][INFO][Rank 0] - train Epoch 1/24: 43.1% (840/1948)
[2025-11-17 12:21:45][INFO][Rank 0] - train Epoch 1/24: 43.6% (850/1948)
[2025-11-17 12:21:52][INFO][Rank 0] - train Epoch 1/24: 44.1% (860/1948)
[2025-11-17 12:21:59][INFO][Rank 0] - train Epoch 1/24: 44.7% (870/1948)
[2025-11-17 12:22:06][INFO][Rank 0] - train Epoch 1/24: 45.2% (880/1948)
[2025-11-17 12:22:13][INFO][Rank 0] - train Epoch 1/24: 45.7% (890/1948)
[2025-11-17 12:22:20][INFO][Rank 0] - train Epoch 1/24: 46.2% (900/1948)
[2025-11-17 12:22:21][INFO][Rank 0] - CUDA Memory [train][Step 900]: Device 0: Allocated: 3309.6 MB, Reserved: 117540.0 MB (Δ: +1687.0 MB)
[2025-11-17 12:22:27][INFO][Rank 0] - train Epoch 1/24: 46.7% (910/1948)
[2025-11-17 12:22:34][INFO][Rank 0] - train Epoch 1/24: 47.2% (920/1948)
[2025-11-17 12:22:41][INFO][Rank 0] - train Epoch 1/24: 47.7% (930/1948)
[2025-11-17 12:22:48][INFO][Rank 0] - train Epoch 1/24: 48.3% (940/1948)
[2025-11-17 12:22:55][INFO][Rank 0] - train Epoch 1/24: 48.8% (950/1948)
[2025-11-17 12:23:02][INFO][Rank 0] - train Epoch 1/24: 49.3% (960/1948)
[2025-11-17 12:23:09][INFO][Rank 0] - train Epoch 1/24: 49.8% (970/1948)
[2025-11-17 12:23:16][INFO][Rank 0] - train Epoch 1/24: 50.3% (980/1948)
[2025-11-17 12:23:23][INFO][Rank 0] - train Epoch 1/24: 50.8% (990/1948)
[2025-11-17 12:23:24][INFO][Rank 0] - CUDA Memory [train][Step 990]: Device 0: Allocated: 3309.6 MB, Reserved: 117540.0 MB (Δ: +1687.0 MB)
[2025-11-17 12:23:31][INFO][Rank 0] - train Epoch 1/24: 51.3% (1000/1948)
[2025-11-17 12:23:38][INFO][Rank 0] - train Epoch 1/24: 51.8% (1010/1948)
[2025-11-17 12:23:45][INFO][Rank 0] - train Epoch 1/24: 52.4% (1020/1948)
[2025-11-17 12:23:52][INFO][Rank 0] - train Epoch 1/24: 52.9% (1030/1948)
[2025-11-17 12:23:59][INFO][Rank 0] - train Epoch 1/24: 53.4% (1040/1948)
[2025-11-17 12:24:06][INFO][Rank 0] - train Epoch 1/24: 53.9% (1050/1948)
[2025-11-17 12:24:13][INFO][Rank 0] - train Epoch 1/24: 54.4% (1060/1948)
[2025-11-17 12:24:20][INFO][Rank 0] - train Epoch 1/24: 54.9% (1070/1948)
[2025-11-17 12:24:27][INFO][Rank 0] - train Epoch 1/24: 55.4% (1080/1948)
[2025-11-17 12:24:28][INFO][Rank 0] - CUDA Memory [train][Step 1080]: Device 0: Allocated: 3309.6 MB, Reserved: 117540.0 MB (Δ: +1687.0 MB)
[2025-11-17 12:24:34][INFO][Rank 0] - train Epoch 1/24: 56.0% (1090/1948)
[2025-11-17 12:24:41][INFO][Rank 0] - train Epoch 1/24: 56.5% (1100/1948)
[2025-11-17 12:24:48][INFO][Rank 0] - train Epoch 1/24: 57.0% (1110/1948)
[2025-11-17 12:24:55][INFO][Rank 0] - train Epoch 1/24: 57.5% (1120/1948)
[2025-11-17 12:25:02][INFO][Rank 0] - train Epoch 1/24: 58.0% (1130/1948)
[2025-11-17 12:25:09][INFO][Rank 0] - train Epoch 1/24: 58.5% (1140/1948)
[2025-11-17 12:25:16][INFO][Rank 0] - train Epoch 1/24: 59.0% (1150/1948)
[2025-11-17 12:25:24][INFO][Rank 0] - train Epoch 1/24: 59.5% (1160/1948)
[2025-11-17 12:25:31][INFO][Rank 0] - train Epoch 1/24: 60.1% (1170/1948)
[2025-11-17 12:25:31][INFO][Rank 0] - CUDA Memory [train][Step 1170]: Device 0: Allocated: 3309.6 MB, Reserved: 117540.0 MB (Δ: +1687.0 MB)
[2025-11-17 12:25:38][INFO][Rank 0] - train Epoch 1/24: 60.6% (1180/1948)
[2025-11-17 12:25:45][INFO][Rank 0] - train Epoch 1/24: 61.1% (1190/1948)
[2025-11-17 12:25:52][INFO][Rank 0] - train Epoch 1/24: 61.6% (1200/1948)
[2025-11-17 12:25:59][INFO][Rank 0] - train Epoch 1/24: 62.1% (1210/1948)
[2025-11-17 12:26:06][INFO][Rank 0] - train Epoch 1/24: 62.6% (1220/1948)
[2025-11-17 12:26:13][INFO][Rank 0] - train Epoch 1/24: 63.1% (1230/1948)
[2025-11-17 12:26:20][INFO][Rank 0] - train Epoch 1/24: 63.7% (1240/1948)
[2025-11-17 12:26:27][INFO][Rank 0] - train Epoch 1/24: 64.2% (1250/1948)
[2025-11-17 12:26:34][INFO][Rank 0] - train Epoch 1/24: 64.7% (1260/1948)
[2025-11-17 12:26:35][INFO][Rank 0] - CUDA Memory [train][Step 1260]: Device 0: Allocated: 3309.6 MB, Reserved: 117540.0 MB (Δ: +1687.0 MB)
[2025-11-17 12:26:41][INFO][Rank 0] - train Epoch 1/24: 65.2% (1270/1948)
[2025-11-17 12:26:48][INFO][Rank 0] - train Epoch 1/24: 65.7% (1280/1948)
[2025-11-17 12:26:55][INFO][Rank 0] - train Epoch 1/24: 66.2% (1290/1948)
[2025-11-17 12:27:02][INFO][Rank 0] - train Epoch 1/24: 66.7% (1300/1948)
[2025-11-17 12:27:09][INFO][Rank 0] - train Epoch 1/24: 67.2% (1310/1948)
[2025-11-17 12:27:17][INFO][Rank 0] - train Epoch 1/24: 67.8% (1320/1948)
[2025-11-17 12:27:24][INFO][Rank 0] - train Epoch 1/24: 68.3% (1330/1948)
[2025-11-17 12:27:31][INFO][Rank 0] - train Epoch 1/24: 68.8% (1340/1948)
[2025-11-17 12:27:38][INFO][Rank 0] - train Epoch 1/24: 69.3% (1350/1948)
[2025-11-17 12:27:38][INFO][Rank 0] - CUDA Memory [train][Step 1350]: Device 0: Allocated: 3309.6 MB, Reserved: 117540.0 MB (Δ: +1687.0 MB)
[2025-11-17 12:27:45][INFO][Rank 0] - train Epoch 1/24: 69.8% (1360/1948)
[2025-11-17 12:27:52][INFO][Rank 0] - train Epoch 1/24: 70.3% (1370/1948)
[2025-11-17 12:27:59][INFO][Rank 0] - train Epoch 1/24: 70.8% (1380/1948)
[2025-11-17 12:28:06][INFO][Rank 0] - train Epoch 1/24: 71.4% (1390/1948)
[2025-11-17 12:28:13][INFO][Rank 0] - train Epoch 1/24: 71.9% (1400/1948)
[2025-11-17 12:28:20][INFO][Rank 0] - train Epoch 1/24: 72.4% (1410/1948)
[2025-11-17 12:28:27][INFO][Rank 0] - train Epoch 1/24: 72.9% (1420/1948)
[2025-11-17 12:28:34][INFO][Rank 0] - train Epoch 1/24: 73.4% (1430/1948)
[2025-11-17 12:28:41][INFO][Rank 0] - train Epoch 1/24: 73.9% (1440/1948)
[2025-11-17 12:28:42][INFO][Rank 0] - CUDA Memory [train][Step 1440]: Device 0: Allocated: 3309.6 MB, Reserved: 117540.0 MB (Δ: +1687.0 MB)
[2025-11-17 12:28:48][INFO][Rank 0] - train Epoch 1/24: 74.4% (1450/1948)
[2025-11-17 12:28:55][INFO][Rank 0] - train Epoch 1/24: 74.9% (1460/1948)
[2025-11-17 12:29:02][INFO][Rank 0] - train Epoch 1/24: 75.5% (1470/1948)
[2025-11-17 12:29:10][INFO][Rank 0] - train Epoch 1/24: 76.0% (1480/1948)
[2025-11-17 12:29:17][INFO][Rank 0] - train Epoch 1/24: 76.5% (1490/1948)
[2025-11-17 12:29:24][INFO][Rank 0] - train Epoch 1/24: 77.0% (1500/1948)
[2025-11-17 12:29:31][INFO][Rank 0] - train Epoch 1/24: 77.5% (1510/1948)
[2025-11-17 12:29:38][INFO][Rank 0] - train Epoch 1/24: 78.0% (1520/1948)
[2025-11-17 12:29:45][INFO][Rank 0] - train Epoch 1/24: 78.5% (1530/1948)
[2025-11-17 12:29:46][INFO][Rank 0] - CUDA Memory [train][Step 1530]: Device 0: Allocated: 3309.6 MB, Reserved: 117540.0 MB (Δ: +1687.0 MB)
[2025-11-17 12:29:52][INFO][Rank 0] - train Epoch 1/24: 79.1% (1540/1948)
[2025-11-17 12:29:59][INFO][Rank 0] - train Epoch 1/24: 79.6% (1550/1948)
[2025-11-17 12:30:06][INFO][Rank 0] - train Epoch 1/24: 80.1% (1560/1948)
[2025-11-17 12:30:13][INFO][Rank 0] - train Epoch 1/24: 80.6% (1570/1948)
[2025-11-17 12:30:20][INFO][Rank 0] - train Epoch 1/24: 81.1% (1580/1948)
[2025-11-17 12:30:27][INFO][Rank 0] - train Epoch 1/24: 81.6% (1590/1948)
[2025-11-17 12:30:34][INFO][Rank 0] - train Epoch 1/24: 82.1% (1600/1948)
[2025-11-17 12:30:41][INFO][Rank 0] - train Epoch 1/24: 82.6% (1610/1948)
[2025-11-17 12:30:48][INFO][Rank 0] - train Epoch 1/24: 83.2% (1620/1948)
[2025-11-17 12:30:49][INFO][Rank 0] - CUDA Memory [train][Step 1620]: Device 0: Allocated: 3309.6 MB, Reserved: 117540.0 MB (Δ: +1687.0 MB)
[2025-11-17 12:30:55][INFO][Rank 0] - train Epoch 1/24: 83.7% (1630/1948)
[2025-11-17 12:31:03][INFO][Rank 0] - train Epoch 1/24: 84.2% (1640/1948)
[2025-11-17 12:31:10][INFO][Rank 0] - train Epoch 1/24: 84.7% (1650/1948)
[2025-11-17 12:31:17][INFO][Rank 0] - train Epoch 1/24: 85.2% (1660/1948)
[2025-11-17 12:31:24][INFO][Rank 0] - train Epoch 1/24: 85.7% (1670/1948)
[2025-11-17 12:31:31][INFO][Rank 0] - train Epoch 1/24: 86.2% (1680/1948)
[2025-11-17 12:31:38][INFO][Rank 0] - train Epoch 1/24: 86.8% (1690/1948)
[2025-11-17 12:31:45][INFO][Rank 0] - train Epoch 1/24: 87.3% (1700/1948)
[2025-11-17 12:31:52][INFO][Rank 0] - train Epoch 1/24: 87.8% (1710/1948)
[2025-11-17 12:31:53][INFO][Rank 0] - CUDA Memory [train][Step 1710]: Device 0: Allocated: 3309.6 MB, Reserved: 117540.0 MB (Δ: +1687.0 MB)
[2025-11-17 12:31:59][INFO][Rank 0] - train Epoch 1/24: 88.3% (1720/1948)
[2025-11-17 12:32:06][INFO][Rank 0] - train Epoch 1/24: 88.8% (1730/1948)
[2025-11-17 12:32:13][INFO][Rank 0] - train Epoch 1/24: 89.3% (1740/1948)
[2025-11-17 12:32:20][INFO][Rank 0] - train Epoch 1/24: 89.8% (1750/1948)
[2025-11-17 12:32:27][INFO][Rank 0] - train Epoch 1/24: 90.3% (1760/1948)
[2025-11-17 12:32:34][INFO][Rank 0] - train Epoch 1/24: 90.9% (1770/1948)
[2025-11-17 12:32:41][INFO][Rank 0] - train Epoch 1/24: 91.4% (1780/1948)
[2025-11-17 12:32:48][INFO][Rank 0] - train Epoch 1/24: 91.9% (1790/1948)
[2025-11-17 12:32:56][INFO][Rank 0] - train Epoch 1/24: 92.4% (1800/1948)
[2025-11-17 12:32:56][INFO][Rank 0] - CUDA Memory [train][Step 1800]: Device 0: Allocated: 3309.6 MB, Reserved: 117540.0 MB (Δ: +1687.0 MB)
[2025-11-17 12:33:03][INFO][Rank 0] - train Epoch 1/24: 92.9% (1810/1948)
[2025-11-17 12:33:10][INFO][Rank 0] - train Epoch 1/24: 93.4% (1820/1948)
[2025-11-17 12:33:17][INFO][Rank 0] - train Epoch 1/24: 93.9% (1830/1948)
[2025-11-17 12:33:24][INFO][Rank 0] - train Epoch 1/24: 94.5% (1840/1948)
[2025-11-17 12:33:31][INFO][Rank 0] - train Epoch 1/24: 95.0% (1850/1948)
[2025-11-17 12:33:38][INFO][Rank 0] - train Epoch 1/24: 95.5% (1860/1948)
[2025-11-17 12:33:45][INFO][Rank 0] - train Epoch 1/24: 96.0% (1870/1948)
[2025-11-17 12:33:52][INFO][Rank 0] - train Epoch 1/24: 96.5% (1880/1948)
[2025-11-17 12:33:59][INFO][Rank 0] - train Epoch 1/24: 97.0% (1890/1948)
[2025-11-17 12:34:00][INFO][Rank 0] - CUDA Memory [train][Step 1890]: Device 0: Allocated: 3309.6 MB, Reserved: 117540.0 MB (Δ: +1687.0 MB)
[2025-11-17 12:34:06][INFO][Rank 0] - train Epoch 1/24: 97.5% (1900/1948)
[2025-11-17 12:34:13][INFO][Rank 0] - train Epoch 1/24: 98.0% (1910/1948)
[2025-11-17 12:34:20][INFO][Rank 0] - train Epoch 1/24: 98.6% (1920/1948)
[2025-11-17 12:34:27][INFO][Rank 0] - train Epoch 1/24: 99.1% (1930/1948)
[2025-11-17 12:34:34][INFO][Rank 0] - train Epoch 1/24: 99.6% (1940/1948)
[2025-11-17 12:34:39][INFO][Rank 0] - train Epoch 1/24: 99.9% (1947/1948)
[2025-11-17 12:34:40][INFO][Rank 0] - train Loss: 0.3503 Acc: 0.9760 F1: 0.9878
[2025-11-17 12:34:40][INFO][Rank 0] - train Balanced Acc: 0.5305 AUC-ROC: 0.9268
[2025-11-17 12:34:40][INFO][Rank 0] - train Sensitivity: 0.9995 Specificity: 0.0615
[2025-11-17 12:34:40][INFO][Rank 0] - train Confusion Matrix: TP=18983, FP=458, FN=9, TN=30
[2025-11-17 12:34:40][INFO][Rank 0] - train completed in 1376.38s
[2025-11-17 12:34:40][INFO][Rank 0] - Data loading time: 1.11s, Forward time: 280.02s, Backward time: 746.07s
[2025-11-17 12:34:40][INFO][Rank 0] - train cache: 0/1 items, hit rate: 0.00%
[2025-11-17 12:34:40][INFO][Rank 0] - CUDA Memory [val][Step 0]: Device 0: Allocated: 3309.6 MB, Reserved: 117540.0 MB (Δ: +1687.0 MB)
[2025-11-17 12:34:40][INFO][Rank 0] - val phase: total 406 batches
[2025-11-17 12:34:41][INFO][Rank 0] - val Epoch 1/24: 0.0% (0/406)
[2025-11-17 12:34:46][INFO][Rank 0] - val Epoch 1/24: 2.5% (10/406)
[2025-11-17 12:34:51][INFO][Rank 0] - val Epoch 1/24: 4.9% (20/406)
[2025-11-17 12:34:56][INFO][Rank 0] - val Epoch 1/24: 7.4% (30/406)
[2025-11-17 12:35:01][INFO][Rank 0] - val Epoch 1/24: 9.9% (40/406)
[2025-11-17 12:35:06][INFO][Rank 0] - val Epoch 1/24: 12.3% (50/406)
[2025-11-17 12:35:11][INFO][Rank 0] - val Epoch 1/24: 14.8% (60/406)
[2025-11-17 12:35:16][INFO][Rank 0] - val Epoch 1/24: 17.2% (70/406)
[2025-11-17 12:35:21][INFO][Rank 0] - val Epoch 1/24: 19.7% (80/406)
[2025-11-17 12:35:26][INFO][Rank 0] - val Epoch 1/24: 22.2% (90/406)
[2025-11-17 12:35:31][INFO][Rank 0] - val Epoch 1/24: 24.6% (100/406)
[2025-11-17 12:35:36][INFO][Rank 0] - val Epoch 1/24: 27.1% (110/406)
[2025-11-17 12:35:41][INFO][Rank 0] - val Epoch 1/24: 29.6% (120/406)
[2025-11-17 12:35:41][INFO][Rank 0] - CUDA Memory [val][Step 120]: Device 0: Allocated: 3309.6 MB, Reserved: 117540.0 MB (Δ: +1687.0 MB)
[2025-11-17 12:35:46][INFO][Rank 0] - val Epoch 1/24: 32.0% (130/406)
[2025-11-17 12:35:51][INFO][Rank 0] - val Epoch 1/24: 34.5% (140/406)
[2025-11-17 12:35:56][INFO][Rank 0] - val Epoch 1/24: 36.9% (150/406)
[2025-11-17 12:36:01][INFO][Rank 0] - val Epoch 1/24: 39.4% (160/406)
[2025-11-17 12:36:06][INFO][Rank 0] - val Epoch 1/24: 41.9% (170/406)
[2025-11-17 12:36:11][INFO][Rank 0] - val Epoch 1/24: 44.3% (180/406)
[2025-11-17 12:36:16][INFO][Rank 0] - val Epoch 1/24: 46.8% (190/406)
[2025-11-17 12:36:21][INFO][Rank 0] - val Epoch 1/24: 49.3% (200/406)
[2025-11-17 12:36:26][INFO][Rank 0] - val Epoch 1/24: 51.7% (210/406)
[2025-11-17 12:36:31][INFO][Rank 0] - val Epoch 1/24: 54.2% (220/406)
[2025-11-17 12:36:36][INFO][Rank 0] - val Epoch 1/24: 56.7% (230/406)
[2025-11-17 12:36:41][INFO][Rank 0] - val Epoch 1/24: 59.1% (240/406)
[2025-11-17 12:36:41][INFO][Rank 0] - CUDA Memory [val][Step 240]: Device 0: Allocated: 3309.6 MB, Reserved: 117540.0 MB (Δ: +1687.0 MB)
[2025-11-17 12:36:46][INFO][Rank 0] - val Epoch 1/24: 61.6% (250/406)
[2025-11-17 12:36:51][INFO][Rank 0] - val Epoch 1/24: 64.0% (260/406)
[2025-11-17 12:36:56][INFO][Rank 0] - val Epoch 1/24: 66.5% (270/406)
[2025-11-17 12:37:01][INFO][Rank 0] - val Epoch 1/24: 69.0% (280/406)
[2025-11-17 12:37:06][INFO][Rank 0] - val Epoch 1/24: 71.4% (290/406)
[2025-11-17 12:37:11][INFO][Rank 0] - val Epoch 1/24: 73.9% (300/406)
[2025-11-17 12:37:16][INFO][Rank 0] - val Epoch 1/24: 76.4% (310/406)
[2025-11-17 12:37:21][INFO][Rank 0] - val Epoch 1/24: 78.8% (320/406)
[2025-11-17 12:37:26][INFO][Rank 0] - val Epoch 1/24: 81.3% (330/406)
[2025-11-17 12:37:31][INFO][Rank 0] - val Epoch 1/24: 83.7% (340/406)
[2025-11-17 12:37:36][INFO][Rank 0] - val Epoch 1/24: 86.2% (350/406)
[2025-11-17 12:37:41][INFO][Rank 0] - val Epoch 1/24: 88.7% (360/406)
[2025-11-17 12:37:41][INFO][Rank 0] - CUDA Memory [val][Step 360]: Device 0: Allocated: 3309.6 MB, Reserved: 117540.0 MB (Δ: +1687.0 MB)
[2025-11-17 12:37:46][INFO][Rank 0] - val Epoch 1/24: 91.1% (370/406)
[2025-11-17 12:37:51][INFO][Rank 0] - val Epoch 1/24: 93.6% (380/406)
[2025-11-17 12:37:56][INFO][Rank 0] - val Epoch 1/24: 96.1% (390/406)
[2025-11-17 12:38:01][INFO][Rank 0] - val Epoch 1/24: 98.5% (400/406)
[2025-11-17 12:38:03][INFO][Rank 0] - val Epoch 1/24: 99.8% (405/406)
[2025-11-17 12:38:04][INFO][Rank 0] - val Loss: 0.2290 Acc: 0.9796 F1: 0.9896
[2025-11-17 12:38:04][INFO][Rank 0] - val Balanced Acc: 0.6202 AUC-ROC: 0.9668
[2025-11-17 12:38:04][INFO][Rank 0] - val Sensitivity: 0.9997 Specificity: 0.2407
[2025-11-17 12:38:04][INFO][Rank 0] - val Confusion Matrix: TP=3951, FP=82, FN=1, TN=26
[2025-11-17 12:38:04][INFO][Rank 0] - val completed in 203.49s
[2025-11-17 12:38:04][INFO][Rank 0] - val cache: 0/1 items, hit rate: 0.00%
[2025-11-17 12:38:08][INFO][Rank 0] - Saved new best accuracy model with accuracy: 0.9796 at /projects/retprogression/rgarridogarcia/checkpoints/cropped1024_cropped_centered_allR_3/best_acc_model.pth
[2025-11-17 12:38:12][INFO][Rank 0] - Saved new best f1 model with f1: 0.9896 at /projects/retprogression/rgarridogarcia/checkpoints/cropped1024_cropped_centered_allR_3/best_f1_model.pth
[2025-11-17 12:38:16][INFO][Rank 0] - Saved new best balanced_acc model with balanced_acc: 0.6202 at /projects/retprogression/rgarridogarcia/checkpoints/cropped1024_cropped_centered_allR_3/best_balanced_acc_model.pth
[2025-11-17 12:38:21][INFO][Rank 0] - Also saved as general best model at /projects/retprogression/rgarridogarcia/checkpoints/cropped1024_cropped_centered_allR_3/best_model.pth
[2025-11-17 12:38:25][INFO][Rank 0] - Saved new best auc model with auc: 0.9668 at /projects/retprogression/rgarridogarcia/checkpoints/cropped1024_cropped_centered_allR_3/best_auc_model.pth
[2025-11-17 12:38:29][INFO][Rank 0] - Saved epoch checkpoint at /projects/retprogression/rgarridogarcia/checkpoints/cropped1024_cropped_centered_allR_3/epoch_1.pth
[2025-11-17 12:38:29][INFO][Rank 0] - Epoch 1 summary:
[2025-11-17 12:38:29][INFO][Rank 0] -  Train Loss: 0.3503, Train Acc: 0.9760, Train F1: 0.9878
[2025-11-17 12:38:29][INFO][Rank 0] -  Train Balanced Acc: 0.5305, Train AUC: 0.9268
[2025-11-17 12:38:29][INFO][Rank 0] -  Train Sensitivity: 0.9995, Train Specificity: 0.0615
[2025-11-17 12:38:29][INFO][Rank 0] -  Val Loss: 0.2290, Val Acc: 0.9796, Val F1: 0.9896
[2025-11-17 12:38:29][INFO][Rank 0] -  Val Balanced Acc: 0.6202, Val AUC: 0.9668
[2025-11-17 12:38:29][INFO][Rank 0] -  Val Sensitivity: 0.9997, Val Specificity: 0.2407
[2025-11-17 12:38:29][INFO][Rank 0] -  Total Epoch Time: 1605.20s
[2025-11-17 12:38:29][INFO][Rank 0] - Epoch 2/24
[2025-11-17 12:38:29][INFO][Rank 0] - ----------
[2025-11-17 12:38:29][INFO][Rank 0] - CUDA Memory [train][Step 0]: Device 0: Allocated: 3309.6 MB, Reserved: 117540.0 MB (Δ: +1687.0 MB)
[2025-11-17 12:38:29][INFO][Rank 0] - train phase: total 1948 batches
[2025-11-17 12:38:29][INFO][Rank 0] - train Epoch 2/24: 0.0% (0/1948)
[2025-11-17 12:38:36][INFO][Rank 0] - train Epoch 2/24: 0.5% (10/1948)
[2025-11-17 12:38:43][INFO][Rank 0] - train Epoch 2/24: 1.0% (20/1948)
[2025-11-17 12:38:51][INFO][Rank 0] - train Epoch 2/24: 1.5% (30/1948)
[2025-11-17 12:38:58][INFO][Rank 0] - train Epoch 2/24: 2.1% (40/1948)
[2025-11-17 12:39:05][INFO][Rank 0] - train Epoch 2/24: 2.6% (50/1948)
[2025-11-17 12:39:12][INFO][Rank 0] - train Epoch 2/24: 3.1% (60/1948)
[2025-11-17 12:39:19][INFO][Rank 0] - train Epoch 2/24: 3.6% (70/1948)
[2025-11-17 12:39:26][INFO][Rank 0] - train Epoch 2/24: 4.1% (80/1948)
[2025-11-17 12:39:33][INFO][Rank 0] - train Epoch 2/24: 4.6% (90/1948)
[2025-11-17 12:39:34][INFO][Rank 0] - CUDA Memory [train][Step 90]: Device 0: Allocated: 3309.6 MB, Reserved: 117540.0 MB (Δ: +1687.0 MB)
[2025-11-17 12:39:40][INFO][Rank 0] - train Epoch 2/24: 5.1% (100/1948)
[2025-11-17 12:39:47][INFO][Rank 0] - train Epoch 2/24: 5.6% (110/1948)
[2025-11-17 12:39:54][INFO][Rank 0] - train Epoch 2/24: 6.2% (120/1948)
[2025-11-17 12:40:01][INFO][Rank 0] - train Epoch 2/24: 6.7% (130/1948)
[2025-11-17 12:40:08][INFO][Rank 0] - train Epoch 2/24: 7.2% (140/1948)
[2025-11-17 12:40:15][INFO][Rank 0] - train Epoch 2/24: 7.7% (150/1948)
[2025-11-17 12:40:22][INFO][Rank 0] - train Epoch 2/24: 8.2% (160/1948)
[2025-11-17 12:40:29][INFO][Rank 0] - train Epoch 2/24: 8.7% (170/1948)
[2025-11-17 12:40:36][INFO][Rank 0] - train Epoch 2/24: 9.2% (180/1948)
[2025-11-17 12:40:37][INFO][Rank 0] - CUDA Memory [train][Step 180]: Device 0: Allocated: 3309.6 MB, Reserved: 117540.0 MB (Δ: +1687.0 MB)
[2025-11-17 12:40:44][INFO][Rank 0] - train Epoch 2/24: 9.8% (190/1948)
[2025-11-17 12:40:51][INFO][Rank 0] - train Epoch 2/24: 10.3% (200/1948)
[2025-11-17 12:40:58][INFO][Rank 0] - train Epoch 2/24: 10.8% (210/1948)
[2025-11-17 12:41:05][INFO][Rank 0] - train Epoch 2/24: 11.3% (220/1948)
[2025-11-17 12:41:12][INFO][Rank 0] - train Epoch 2/24: 11.8% (230/1948)
[2025-11-17 12:41:19][INFO][Rank 0] - train Epoch 2/24: 12.3% (240/1948)
[2025-11-17 12:41:26][INFO][Rank 0] - train Epoch 2/24: 12.8% (250/1948)
[2025-11-17 12:41:33][INFO][Rank 0] - train Epoch 2/24: 13.3% (260/1948)
[2025-11-17 12:41:40][INFO][Rank 0] - train Epoch 2/24: 13.9% (270/1948)
[2025-11-17 12:41:41][INFO][Rank 0] - CUDA Memory [train][Step 270]: Device 0: Allocated: 3309.6 MB, Reserved: 117540.0 MB (Δ: +1687.0 MB)
[2025-11-17 12:41:47][INFO][Rank 0] - train Epoch 2/24: 14.4% (280/1948)
[2025-11-17 12:41:54][INFO][Rank 0] - train Epoch 2/24: 14.9% (290/1948)
[2025-11-17 12:42:01][INFO][Rank 0] - train Epoch 2/24: 15.4% (300/1948)
[2025-11-17 12:42:08][INFO][Rank 0] - train Epoch 2/24: 15.9% (310/1948)
[2025-11-17 12:42:15][INFO][Rank 0] - train Epoch 2/24: 16.4% (320/1948)
[2025-11-17 12:42:22][INFO][Rank 0] - train Epoch 2/24: 16.9% (330/1948)
[2025-11-17 12:42:29][INFO][Rank 0] - train Epoch 2/24: 17.5% (340/1948)
[2025-11-17 12:42:36][INFO][Rank 0] - train Epoch 2/24: 18.0% (350/1948)
[2025-11-17 12:42:44][INFO][Rank 0] - train Epoch 2/24: 18.5% (360/1948)
[2025-11-17 12:42:44][INFO][Rank 0] - CUDA Memory [train][Step 360]: Device 0: Allocated: 3309.6 MB, Reserved: 117540.0 MB (Δ: +1687.0 MB)
[2025-11-17 12:42:51][INFO][Rank 0] - train Epoch 2/24: 19.0% (370/1948)
[2025-11-17 12:42:58][INFO][Rank 0] - train Epoch 2/24: 19.5% (380/1948)
[2025-11-17 12:43:05][INFO][Rank 0] - train Epoch 2/24: 20.0% (390/1948)
[2025-11-17 12:43:12][INFO][Rank 0] - train Epoch 2/24: 20.5% (400/1948)
[2025-11-17 12:43:19][INFO][Rank 0] - train Epoch 2/24: 21.0% (410/1948)
[2025-11-17 12:43:26][INFO][Rank 0] - train Epoch 2/24: 21.6% (420/1948)
[2025-11-17 12:43:33][INFO][Rank 0] - train Epoch 2/24: 22.1% (430/1948)
[2025-11-17 12:43:40][INFO][Rank 0] - train Epoch 2/24: 22.6% (440/1948)
[2025-11-17 12:43:47][INFO][Rank 0] - train Epoch 2/24: 23.1% (450/1948)
[2025-11-17 12:43:48][INFO][Rank 0] - CUDA Memory [train][Step 450]: Device 0: Allocated: 3309.6 MB, Reserved: 117540.0 MB (Δ: +1687.0 MB)
[2025-11-17 12:43:54][INFO][Rank 0] - train Epoch 2/24: 23.6% (460/1948)
[2025-11-17 12:44:01][INFO][Rank 0] - train Epoch 2/24: 24.1% (470/1948)
[2025-11-17 12:44:08][INFO][Rank 0] - train Epoch 2/24: 24.6% (480/1948)
[2025-11-17 12:44:15][INFO][Rank 0] - train Epoch 2/24: 25.2% (490/1948)
[2025-11-17 12:44:22][INFO][Rank 0] - train Epoch 2/24: 25.7% (500/1948)
[2025-11-17 12:44:29][INFO][Rank 0] - train Epoch 2/24: 26.2% (510/1948)
[2025-11-17 12:44:37][INFO][Rank 0] - train Epoch 2/24: 26.7% (520/1948)
[2025-11-17 12:44:44][INFO][Rank 0] - train Epoch 2/24: 27.2% (530/1948)
[2025-11-17 12:44:51][INFO][Rank 0] - train Epoch 2/24: 27.7% (540/1948)
[2025-11-17 12:44:51][INFO][Rank 0] - CUDA Memory [train][Step 540]: Device 0: Allocated: 3309.6 MB, Reserved: 117540.0 MB (Δ: +1687.0 MB)
[2025-11-17 12:44:58][INFO][Rank 0] - train Epoch 2/24: 28.2% (550/1948)
[2025-11-17 12:45:05][INFO][Rank 0] - train Epoch 2/24: 28.7% (560/1948)
[2025-11-17 12:45:12][INFO][Rank 0] - train Epoch 2/24: 29.3% (570/1948)
[2025-11-17 12:45:19][INFO][Rank 0] - train Epoch 2/24: 29.8% (580/1948)
[2025-11-17 12:45:26][INFO][Rank 0] - train Epoch 2/24: 30.3% (590/1948)
[2025-11-17 12:45:33][INFO][Rank 0] - train Epoch 2/24: 30.8% (600/1948)
[2025-11-17 12:45:40][INFO][Rank 0] - train Epoch 2/24: 31.3% (610/1948)
[2025-11-17 12:45:47][INFO][Rank 0] - train Epoch 2/24: 31.8% (620/1948)
[2025-11-17 12:45:54][INFO][Rank 0] - train Epoch 2/24: 32.3% (630/1948)
[2025-11-17 12:45:55][INFO][Rank 0] - CUDA Memory [train][Step 630]: Device 0: Allocated: 3309.6 MB, Reserved: 117540.0 MB (Δ: +1687.0 MB)
[2025-11-17 12:46:01][INFO][Rank 0] - train Epoch 2/24: 32.9% (640/1948)
[2025-11-17 12:46:08][INFO][Rank 0] - train Epoch 2/24: 33.4% (650/1948)
[2025-11-17 12:46:15][INFO][Rank 0] - train Epoch 2/24: 33.9% (660/1948)
[2025-11-17 12:46:22][INFO][Rank 0] - train Epoch 2/24: 34.4% (670/1948)
[2025-11-17 12:46:30][INFO][Rank 0] - train Epoch 2/24: 34.9% (680/1948)
[2025-11-17 12:46:37][INFO][Rank 0] - train Epoch 2/24: 35.4% (690/1948)
[2025-11-17 12:46:44][INFO][Rank 0] - train Epoch 2/24: 35.9% (700/1948)
[2025-11-17 12:46:51][INFO][Rank 0] - train Epoch 2/24: 36.4% (710/1948)
[2025-11-17 12:46:58][INFO][Rank 0] - train Epoch 2/24: 37.0% (720/1948)
[2025-11-17 12:46:59][INFO][Rank 0] - CUDA Memory [train][Step 720]: Device 0: Allocated: 3309.6 MB, Reserved: 117540.0 MB (Δ: +1687.0 MB)
[2025-11-17 12:47:05][INFO][Rank 0] - train Epoch 2/24: 37.5% (730/1948)
[2025-11-17 12:47:12][INFO][Rank 0] - train Epoch 2/24: 38.0% (740/1948)
[2025-11-17 12:47:19][INFO][Rank 0] - train Epoch 2/24: 38.5% (750/1948)
[2025-11-17 12:47:26][INFO][Rank 0] - train Epoch 2/24: 39.0% (760/1948)
[2025-11-17 12:47:33][INFO][Rank 0] - train Epoch 2/24: 39.5% (770/1948)
[2025-11-17 12:47:40][INFO][Rank 0] - train Epoch 2/24: 40.0% (780/1948)
[2025-11-17 12:47:47][INFO][Rank 0] - train Epoch 2/24: 40.6% (790/1948)
[2025-11-17 12:47:54][INFO][Rank 0] - train Epoch 2/24: 41.1% (800/1948)
[2025-11-17 12:48:01][INFO][Rank 0] - train Epoch 2/24: 41.6% (810/1948)
[2025-11-17 12:48:02][INFO][Rank 0] - CUDA Memory [train][Step 810]: Device 0: Allocated: 3309.6 MB, Reserved: 117540.0 MB (Δ: +1687.0 MB)
[2025-11-17 12:48:08][INFO][Rank 0] - train Epoch 2/24: 42.1% (820/1948)
[2025-11-17 12:48:15][INFO][Rank 0] - train Epoch 2/24: 42.6% (830/1948)
[2025-11-17 12:48:23][INFO][Rank 0] - train Epoch 2/24: 43.1% (840/1948)
[2025-11-17 12:48:30][INFO][Rank 0] - train Epoch 2/24: 43.6% (850/1948)
[2025-11-17 12:48:37][INFO][Rank 0] - train Epoch 2/24: 44.1% (860/1948)
[2025-11-17 12:48:44][INFO][Rank 0] - train Epoch 2/24: 44.7% (870/1948)
[2025-11-17 12:48:51][INFO][Rank 0] - train Epoch 2/24: 45.2% (880/1948)
[2025-11-17 12:48:58][INFO][Rank 0] - train Epoch 2/24: 45.7% (890/1948)
[2025-11-17 12:49:05][INFO][Rank 0] - train Epoch 2/24: 46.2% (900/1948)
[2025-11-17 12:49:06][INFO][Rank 0] - CUDA Memory [train][Step 900]: Device 0: Allocated: 3309.6 MB, Reserved: 117540.0 MB (Δ: +1687.0 MB)
[2025-11-17 12:49:12][INFO][Rank 0] - train Epoch 2/24: 46.7% (910/1948)
[2025-11-17 12:49:19][INFO][Rank 0] - train Epoch 2/24: 47.2% (920/1948)
[2025-11-17 12:49:26][INFO][Rank 0] - train Epoch 2/24: 47.7% (930/1948)
[2025-11-17 12:49:33][INFO][Rank 0] - train Epoch 2/24: 48.3% (940/1948)
[2025-11-17 12:49:40][INFO][Rank 0] - train Epoch 2/24: 48.8% (950/1948)
[2025-11-17 12:49:47][INFO][Rank 0] - train Epoch 2/24: 49.3% (960/1948)
[2025-11-17 12:49:54][INFO][Rank 0] - train Epoch 2/24: 49.8% (970/1948)
[2025-11-17 12:50:01][INFO][Rank 0] - train Epoch 2/24: 50.3% (980/1948)
[2025-11-17 12:50:09][INFO][Rank 0] - train Epoch 2/24: 50.8% (990/1948)
[2025-11-17 12:50:09][INFO][Rank 0] - CUDA Memory [train][Step 990]: Device 0: Allocated: 3309.6 MB, Reserved: 117540.0 MB (Δ: +1687.0 MB)
[2025-11-17 12:50:16][INFO][Rank 0] - train Epoch 2/24: 51.3% (1000/1948)
[2025-11-17 12:50:23][INFO][Rank 0] - train Epoch 2/24: 51.8% (1010/1948)
[2025-11-17 12:50:30][INFO][Rank 0] - train Epoch 2/24: 52.4% (1020/1948)
[2025-11-17 12:50:37][INFO][Rank 0] - train Epoch 2/24: 52.9% (1030/1948)
[2025-11-17 12:50:44][INFO][Rank 0] - train Epoch 2/24: 53.4% (1040/1948)
[2025-11-17 12:50:51][INFO][Rank 0] - train Epoch 2/24: 53.9% (1050/1948)
[2025-11-17 12:50:58][INFO][Rank 0] - train Epoch 2/24: 54.4% (1060/1948)
[2025-11-17 12:51:05][INFO][Rank 0] - train Epoch 2/24: 54.9% (1070/1948)
[2025-11-17 12:51:12][INFO][Rank 0] - train Epoch 2/24: 55.4% (1080/1948)
[2025-11-17 12:51:13][INFO][Rank 0] - CUDA Memory [train][Step 1080]: Device 0: Allocated: 3309.6 MB, Reserved: 117540.0 MB (Δ: +1687.0 MB)
[2025-11-17 12:51:19][INFO][Rank 0] - train Epoch 2/24: 56.0% (1090/1948)
[2025-11-17 12:51:26][INFO][Rank 0] - train Epoch 2/24: 56.5% (1100/1948)
[2025-11-17 12:51:33][INFO][Rank 0] - train Epoch 2/24: 57.0% (1110/1948)
[2025-11-17 12:51:40][INFO][Rank 0] - train Epoch 2/24: 57.5% (1120/1948)
[2025-11-17 12:51:47][INFO][Rank 0] - train Epoch 2/24: 58.0% (1130/1948)
[2025-11-17 12:51:54][INFO][Rank 0] - train Epoch 2/24: 58.5% (1140/1948)
[2025-11-17 12:52:02][INFO][Rank 0] - train Epoch 2/24: 59.0% (1150/1948)
[2025-11-17 12:52:09][INFO][Rank 0] - train Epoch 2/24: 59.5% (1160/1948)
[2025-11-17 12:52:16][INFO][Rank 0] - train Epoch 2/24: 60.1% (1170/1948)
[2025-11-17 12:52:16][INFO][Rank 0] - CUDA Memory [train][Step 1170]: Device 0: Allocated: 3309.6 MB, Reserved: 117540.0 MB (Δ: +1687.0 MB)
[2025-11-17 12:52:23][INFO][Rank 0] - train Epoch 2/24: 60.6% (1180/1948)
[2025-11-17 12:52:30][INFO][Rank 0] - train Epoch 2/24: 61.1% (1190/1948)
[2025-11-17 12:52:37][INFO][Rank 0] - train Epoch 2/24: 61.6% (1200/1948)
[2025-11-17 12:52:44][INFO][Rank 0] - train Epoch 2/24: 62.1% (1210/1948)
[2025-11-17 12:52:51][INFO][Rank 0] - train Epoch 2/24: 62.6% (1220/1948)
[2025-11-17 12:52:58][INFO][Rank 0] - train Epoch 2/24: 63.1% (1230/1948)
[2025-11-17 12:53:05][INFO][Rank 0] - train Epoch 2/24: 63.7% (1240/1948)
[2025-11-17 12:53:12][INFO][Rank 0] - train Epoch 2/24: 64.2% (1250/1948)
[2025-11-17 12:53:19][INFO][Rank 0] - train Epoch 2/24: 64.7% (1260/1948)
[2025-11-17 12:53:20][INFO][Rank 0] - CUDA Memory [train][Step 1260]: Device 0: Allocated: 3309.6 MB, Reserved: 117540.0 MB (Δ: +1687.0 MB)
[2025-11-17 12:53:26][INFO][Rank 0] - train Epoch 2/24: 65.2% (1270/1948)
[2025-11-17 12:53:33][INFO][Rank 0] - train Epoch 2/24: 65.7% (1280/1948)
[2025-11-17 12:53:40][INFO][Rank 0] - train Epoch 2/24: 66.2% (1290/1948)
[2025-11-17 12:53:47][INFO][Rank 0] - train Epoch 2/24: 66.7% (1300/1948)
[2025-11-17 12:53:55][INFO][Rank 0] - train Epoch 2/24: 67.2% (1310/1948)
[2025-11-17 12:54:02][INFO][Rank 0] - train Epoch 2/24: 67.8% (1320/1948)
[2025-11-17 12:54:09][INFO][Rank 0] - train Epoch 2/24: 68.3% (1330/1948)
[2025-11-17 12:54:16][INFO][Rank 0] - train Epoch 2/24: 68.8% (1340/1948)
[2025-11-17 12:54:23][INFO][Rank 0] - train Epoch 2/24: 69.3% (1350/1948)
[2025-11-17 12:54:24][INFO][Rank 0] - CUDA Memory [train][Step 1350]: Device 0: Allocated: 3309.6 MB, Reserved: 117540.0 MB (Δ: +1687.0 MB)
[2025-11-17 12:54:30][INFO][Rank 0] - train Epoch 2/24: 69.8% (1360/1948)
[2025-11-17 12:54:37][INFO][Rank 0] - train Epoch 2/24: 70.3% (1370/1948)
[2025-11-17 12:54:44][INFO][Rank 0] - train Epoch 2/24: 70.8% (1380/1948)
[2025-11-17 12:54:51][INFO][Rank 0] - train Epoch 2/24: 71.4% (1390/1948)
[2025-11-17 12:54:58][INFO][Rank 0] - train Epoch 2/24: 71.9% (1400/1948)
[2025-11-17 12:55:05][INFO][Rank 0] - train Epoch 2/24: 72.4% (1410/1948)
[2025-11-17 12:55:12][INFO][Rank 0] - train Epoch 2/24: 72.9% (1420/1948)
[2025-11-17 12:55:19][INFO][Rank 0] - train Epoch 2/24: 73.4% (1430/1948)
[2025-11-17 12:55:26][INFO][Rank 0] - train Epoch 2/24: 73.9% (1440/1948)
[2025-11-17 12:55:27][INFO][Rank 0] - CUDA Memory [train][Step 1440]: Device 0: Allocated: 3309.6 MB, Reserved: 117540.0 MB (Δ: +1687.0 MB)
[2025-11-17 12:55:33][INFO][Rank 0] - train Epoch 2/24: 74.4% (1450/1948)
[2025-11-17 12:55:41][INFO][Rank 0] - train Epoch 2/24: 74.9% (1460/1948)
[2025-11-17 12:55:48][INFO][Rank 0] - train Epoch 2/24: 75.5% (1470/1948)
[2025-11-17 12:55:55][INFO][Rank 0] - train Epoch 2/24: 76.0% (1480/1948)
[2025-11-17 12:56:02][INFO][Rank 0] - train Epoch 2/24: 76.5% (1490/1948)
[2025-11-17 12:56:09][INFO][Rank 0] - train Epoch 2/24: 77.0% (1500/1948)
[2025-11-17 12:56:16][INFO][Rank 0] - train Epoch 2/24: 77.5% (1510/1948)
[2025-11-17 12:56:23][INFO][Rank 0] - train Epoch 2/24: 78.0% (1520/1948)
[2025-11-17 12:56:30][INFO][Rank 0] - train Epoch 2/24: 78.5% (1530/1948)
[2025-11-17 12:56:31][INFO][Rank 0] - CUDA Memory [train][Step 1530]: Device 0: Allocated: 3309.6 MB, Reserved: 117540.0 MB (Δ: +1687.0 MB)
[2025-11-17 12:56:37][INFO][Rank 0] - train Epoch 2/24: 79.1% (1540/1948)
[2025-11-17 12:56:44][INFO][Rank 0] - train Epoch 2/24: 79.6% (1550/1948)
[2025-11-17 12:56:51][INFO][Rank 0] - train Epoch 2/24: 80.1% (1560/1948)
[2025-11-17 12:56:58][INFO][Rank 0] - train Epoch 2/24: 80.6% (1570/1948)
[2025-11-17 12:57:05][INFO][Rank 0] - train Epoch 2/24: 81.1% (1580/1948)
[2025-11-17 12:57:12][INFO][Rank 0] - train Epoch 2/24: 81.6% (1590/1948)
[2025-11-17 12:57:19][INFO][Rank 0] - train Epoch 2/24: 82.1% (1600/1948)
[2025-11-17 12:57:27][INFO][Rank 0] - train Epoch 2/24: 82.6% (1610/1948)
[2025-11-17 12:57:34][INFO][Rank 0] - train Epoch 2/24: 83.2% (1620/1948)
[2025-11-17 12:57:34][INFO][Rank 0] - CUDA Memory [train][Step 1620]: Device 0: Allocated: 3309.6 MB, Reserved: 117540.0 MB (Δ: +1687.0 MB)
[2025-11-17 12:57:41][INFO][Rank 0] - train Epoch 2/24: 83.7% (1630/1948)
[2025-11-17 12:57:48][INFO][Rank 0] - train Epoch 2/24: 84.2% (1640/1948)
[2025-11-17 12:57:55][INFO][Rank 0] - train Epoch 2/24: 84.7% (1650/1948)
[2025-11-17 12:58:02][INFO][Rank 0] - train Epoch 2/24: 85.2% (1660/1948)
[2025-11-17 12:58:09][INFO][Rank 0] - train Epoch 2/24: 85.7% (1670/1948)
[2025-11-17 12:58:16][INFO][Rank 0] - train Epoch 2/24: 86.2% (1680/1948)
[2025-11-17 12:58:23][INFO][Rank 0] - train Epoch 2/24: 86.8% (1690/1948)
[2025-11-17 12:58:30][INFO][Rank 0] - train Epoch 2/24: 87.3% (1700/1948)
[2025-11-17 12:58:37][INFO][Rank 0] - train Epoch 2/24: 87.8% (1710/1948)
[2025-11-17 12:58:38][INFO][Rank 0] - CUDA Memory [train][Step 1710]: Device 0: Allocated: 3309.6 MB, Reserved: 117540.0 MB (Δ: +1687.0 MB)
[2025-11-17 12:58:44][INFO][Rank 0] - train Epoch 2/24: 88.3% (1720/1948)
[2025-11-17 12:58:51][INFO][Rank 0] - train Epoch 2/24: 88.8% (1730/1948)
[2025-11-17 12:58:58][INFO][Rank 0] - train Epoch 2/24: 89.3% (1740/1948)
[2025-11-17 12:59:05][INFO][Rank 0] - train Epoch 2/24: 89.8% (1750/1948)
[2025-11-17 12:59:12][INFO][Rank 0] - train Epoch 2/24: 90.3% (1760/1948)
[2025-11-17 12:59:20][INFO][Rank 0] - train Epoch 2/24: 90.9% (1770/1948)
[2025-11-17 12:59:27][INFO][Rank 0] - train Epoch 2/24: 91.4% (1780/1948)
[2025-11-17 12:59:34][INFO][Rank 0] - train Epoch 2/24: 91.9% (1790/1948)
[2025-11-17 12:59:41][INFO][Rank 0] - train Epoch 2/24: 92.4% (1800/1948)
[2025-11-17 12:59:41][INFO][Rank 0] - CUDA Memory [train][Step 1800]: Device 0: Allocated: 3309.6 MB, Reserved: 117540.0 MB (Δ: +1687.0 MB)
[2025-11-17 12:59:48][INFO][Rank 0] - train Epoch 2/24: 92.9% (1810/1948)
[2025-11-17 12:59:55][INFO][Rank 0] - train Epoch 2/24: 93.4% (1820/1948)
[2025-11-17 13:00:02][INFO][Rank 0] - train Epoch 2/24: 93.9% (1830/1948)
[2025-11-17 13:00:09][INFO][Rank 0] - train Epoch 2/24: 94.5% (1840/1948)
[2025-11-17 13:00:16][INFO][Rank 0] - train Epoch 2/24: 95.0% (1850/1948)
[2025-11-17 13:00:23][INFO][Rank 0] - train Epoch 2/24: 95.5% (1860/1948)
[2025-11-17 13:00:30][INFO][Rank 0] - train Epoch 2/24: 96.0% (1870/1948)
[2025-11-17 13:00:37][INFO][Rank 0] - train Epoch 2/24: 96.5% (1880/1948)
[2025-11-17 13:00:44][INFO][Rank 0] - train Epoch 2/24: 97.0% (1890/1948)
[2025-11-17 13:00:45][INFO][Rank 0] - CUDA Memory [train][Step 1890]: Device 0: Allocated: 3309.6 MB, Reserved: 117540.0 MB (Δ: +1687.0 MB)
[2025-11-17 13:00:51][INFO][Rank 0] - train Epoch 2/24: 97.5% (1900/1948)
[2025-11-17 13:00:58][INFO][Rank 0] - train Epoch 2/24: 98.0% (1910/1948)
[2025-11-17 13:01:06][INFO][Rank 0] - train Epoch 2/24: 98.6% (1920/1948)
[2025-11-17 13:01:13][INFO][Rank 0] - train Epoch 2/24: 99.1% (1930/1948)
[2025-11-17 13:01:20][INFO][Rank 0] - train Epoch 2/24: 99.6% (1940/1948)
[2025-11-17 13:01:25][INFO][Rank 0] - train Epoch 2/24: 99.9% (1947/1948)
[2025-11-17 13:01:25][INFO][Rank 0] - train Loss: 0.2927 Acc: 0.9792 F1: 0.9894
[2025-11-17 13:01:25][INFO][Rank 0] - train Balanced Acc: 0.6180 AUC-ROC: 0.9563
[2025-11-17 13:01:25][INFO][Rank 0] - train Sensitivity: 0.9982 Specificity: 0.2377
[2025-11-17 13:01:25][INFO][Rank 0] - train Confusion Matrix: TP=18958, FP=372, FN=34, TN=116
[2025-11-17 13:01:25][INFO][Rank 0] - train completed in 1376.39s
[2025-11-17 13:01:25][INFO][Rank 0] - Data loading time: 1.18s, Forward time: 279.97s, Backward time: 746.02s
[2025-11-17 13:01:25][INFO][Rank 0] - train cache: 0/1 items, hit rate: 0.00%
[2025-11-17 13:01:25][INFO][Rank 0] - CUDA Memory [val][Step 0]: Device 0: Allocated: 3309.6 MB, Reserved: 117540.0 MB (Δ: +1687.0 MB)
[2025-11-17 13:01:25][INFO][Rank 0] - val phase: total 406 batches
[2025-11-17 13:01:26][INFO][Rank 0] - val Epoch 2/24: 0.0% (0/406)
[2025-11-17 13:01:31][INFO][Rank 0] - val Epoch 2/24: 2.5% (10/406)
[2025-11-17 13:01:36][INFO][Rank 0] - val Epoch 2/24: 4.9% (20/406)
[2025-11-17 13:01:41][INFO][Rank 0] - val Epoch 2/24: 7.4% (30/406)
[2025-11-17 13:01:46][INFO][Rank 0] - val Epoch 2/24: 9.9% (40/406)
[2025-11-17 13:01:51][INFO][Rank 0] - val Epoch 2/24: 12.3% (50/406)
[2025-11-17 13:01:56][INFO][Rank 0] - val Epoch 2/24: 14.8% (60/406)
[2025-11-17 13:02:01][INFO][Rank 0] - val Epoch 2/24: 17.2% (70/406)
[2025-11-17 13:02:06][INFO][Rank 0] - val Epoch 2/24: 19.7% (80/406)
[2025-11-17 13:02:11][INFO][Rank 0] - val Epoch 2/24: 22.2% (90/406)
[2025-11-17 13:02:16][INFO][Rank 0] - val Epoch 2/24: 24.6% (100/406)
[2025-11-17 13:02:21][INFO][Rank 0] - val Epoch 2/24: 27.1% (110/406)
[2025-11-17 13:02:26][INFO][Rank 0] - val Epoch 2/24: 29.6% (120/406)
[2025-11-17 13:02:26][INFO][Rank 0] - CUDA Memory [val][Step 120]: Device 0: Allocated: 3309.6 MB, Reserved: 117540.0 MB (Δ: +1687.0 MB)
[2025-11-17 13:02:31][INFO][Rank 0] - val Epoch 2/24: 32.0% (130/406)
[2025-11-17 13:02:36][INFO][Rank 0] - val Epoch 2/24: 34.5% (140/406)
[2025-11-17 13:02:41][INFO][Rank 0] - val Epoch 2/24: 36.9% (150/406)
[2025-11-17 13:02:46][INFO][Rank 0] - val Epoch 2/24: 39.4% (160/406)
[2025-11-17 13:02:51][INFO][Rank 0] - val Epoch 2/24: 41.9% (170/406)
[2025-11-17 13:02:56][INFO][Rank 0] - val Epoch 2/24: 44.3% (180/406)
[2025-11-17 13:03:01][INFO][Rank 0] - val Epoch 2/24: 46.8% (190/406)
[2025-11-17 13:03:06][INFO][Rank 0] - val Epoch 2/24: 49.3% (200/406)
[2025-11-17 13:03:11][INFO][Rank 0] - val Epoch 2/24: 51.7% (210/406)
[2025-11-17 13:03:16][INFO][Rank 0] - val Epoch 2/24: 54.2% (220/406)
[2025-11-17 13:03:21][INFO][Rank 0] - val Epoch 2/24: 56.7% (230/406)
[2025-11-17 13:03:26][INFO][Rank 0] - val Epoch 2/24: 59.1% (240/406)
[2025-11-17 13:03:27][INFO][Rank 0] - CUDA Memory [val][Step 240]: Device 0: Allocated: 3309.6 MB, Reserved: 117540.0 MB (Δ: +1687.0 MB)
[2025-11-17 13:03:31][INFO][Rank 0] - val Epoch 2/24: 61.6% (250/406)
[2025-11-17 13:03:36][INFO][Rank 0] - val Epoch 2/24: 64.0% (260/406)
[2025-11-17 13:03:41][INFO][Rank 0] - val Epoch 2/24: 66.5% (270/406)
[2025-11-17 13:03:46][INFO][Rank 0] - val Epoch 2/24: 69.0% (280/406)
[2025-11-17 13:03:51][INFO][Rank 0] - val Epoch 2/24: 71.4% (290/406)
[2025-11-17 13:03:56][INFO][Rank 0] - val Epoch 2/24: 73.9% (300/406)
[2025-11-17 13:04:01][INFO][Rank 0] - val Epoch 2/24: 76.4% (310/406)
[2025-11-17 13:04:06][INFO][Rank 0] - val Epoch 2/24: 78.8% (320/406)
[2025-11-17 13:04:11][INFO][Rank 0] - val Epoch 2/24: 81.3% (330/406)
[2025-11-17 13:04:16][INFO][Rank 0] - val Epoch 2/24: 83.7% (340/406)
[2025-11-17 13:04:21][INFO][Rank 0] - val Epoch 2/24: 86.2% (350/406)
[2025-11-17 13:04:26][INFO][Rank 0] - val Epoch 2/24: 88.7% (360/406)
[2025-11-17 13:04:27][INFO][Rank 0] - CUDA Memory [val][Step 360]: Device 0: Allocated: 3309.6 MB, Reserved: 117540.0 MB (Δ: +1687.0 MB)
[2025-11-17 13:04:31][INFO][Rank 0] - val Epoch 2/24: 91.1% (370/406)
[2025-11-17 13:04:36][INFO][Rank 0] - val Epoch 2/24: 93.6% (380/406)
[2025-11-17 13:04:41][INFO][Rank 0] - val Epoch 2/24: 96.1% (390/406)
[2025-11-17 13:04:46][INFO][Rank 0] - val Epoch 2/24: 98.5% (400/406)
[2025-11-17 13:04:49][INFO][Rank 0] - val Epoch 2/24: 99.8% (405/406)
[2025-11-17 13:04:50][INFO][Rank 0] - val Loss: 0.1905 Acc: 0.9810 F1: 0.9903
[2025-11-17 13:04:50][INFO][Rank 0] - val Balanced Acc: 0.6931 AUC-ROC: 0.9692
[2025-11-17 13:04:50][INFO][Rank 0] - val Sensitivity: 0.9972 Specificity: 0.3889
[2025-11-17 13:04:50][INFO][Rank 0] - val Confusion Matrix: TP=3941, FP=66, FN=11, TN=42
[2025-11-17 13:04:50][INFO][Rank 0] - val completed in 204.20s
[2025-11-17 13:04:50][INFO][Rank 0] - val cache: 0/1 items, hit rate: 0.00%
[2025-11-17 13:04:54][INFO][Rank 0] - Saved new best accuracy model with accuracy: 0.9810 at /projects/retprogression/rgarridogarcia/checkpoints/cropped1024_cropped_centered_allR_3/best_acc_model.pth
[2025-11-17 13:04:59][INFO][Rank 0] - Saved new best f1 model with f1: 0.9903 at /projects/retprogression/rgarridogarcia/checkpoints/cropped1024_cropped_centered_allR_3/best_f1_model.pth
[2025-11-17 13:05:03][INFO][Rank 0] - Saved new best balanced_acc model with balanced_acc: 0.6931 at /projects/retprogression/rgarridogarcia/checkpoints/cropped1024_cropped_centered_allR_3/best_balanced_acc_model.pth
[2025-11-17 13:05:07][INFO][Rank 0] - Also saved as general best model at /projects/retprogression/rgarridogarcia/checkpoints/cropped1024_cropped_centered_allR_3/best_model.pth
[2025-11-17 13:05:11][INFO][Rank 0] - Saved new best auc model with auc: 0.9692 at /projects/retprogression/rgarridogarcia/checkpoints/cropped1024_cropped_centered_allR_3/best_auc_model.pth
[2025-11-17 13:05:15][INFO][Rank 0] - Saved epoch checkpoint at /projects/retprogression/rgarridogarcia/checkpoints/cropped1024_cropped_centered_allR_3/epoch_2.pth
[2025-11-17 13:05:15][INFO][Rank 0] - Epoch 2 summary:
[2025-11-17 13:05:15][INFO][Rank 0] -  Train Loss: 0.2927, Train Acc: 0.9792, Train F1: 0.9894
[2025-11-17 13:05:15][INFO][Rank 0] -  Train Balanced Acc: 0.6180, Train AUC: 0.9563
[2025-11-17 13:05:15][INFO][Rank 0] -  Train Sensitivity: 0.9982, Train Specificity: 0.2377
[2025-11-17 13:05:15][INFO][Rank 0] -  Val Loss: 0.1905, Val Acc: 0.9810, Val F1: 0.9903
[2025-11-17 13:05:15][INFO][Rank 0] -  Val Balanced Acc: 0.6931, Val AUC: 0.9692
[2025-11-17 13:05:15][INFO][Rank 0] -  Val Sensitivity: 0.9972, Val Specificity: 0.3889
[2025-11-17 13:05:15][INFO][Rank 0] -  Total Epoch Time: 1606.13s
[2025-11-17 13:05:15][INFO][Rank 0] - Epoch 3/24
[2025-11-17 13:05:15][INFO][Rank 0] - ----------
[2025-11-17 13:05:15][INFO][Rank 0] - CUDA Memory [train][Step 0]: Device 0: Allocated: 3309.6 MB, Reserved: 117540.0 MB (Δ: +1687.0 MB)
[2025-11-17 13:05:15][INFO][Rank 0] - train phase: total 1948 batches
[2025-11-17 13:05:16][INFO][Rank 0] - train Epoch 3/24: 0.0% (0/1948)
[2025-11-17 13:05:23][INFO][Rank 0] - train Epoch 3/24: 0.5% (10/1948)
[2025-11-17 13:05:30][INFO][Rank 0] - train Epoch 3/24: 1.0% (20/1948)
[2025-11-17 13:05:37][INFO][Rank 0] - train Epoch 3/24: 1.5% (30/1948)
[2025-11-17 13:05:44][INFO][Rank 0] - train Epoch 3/24: 2.1% (40/1948)
[2025-11-17 13:05:51][INFO][Rank 0] - train Epoch 3/24: 2.6% (50/1948)
[2025-11-17 13:05:58][INFO][Rank 0] - train Epoch 3/24: 3.1% (60/1948)
[2025-11-17 13:06:05][INFO][Rank 0] - train Epoch 3/24: 3.6% (70/1948)
[2025-11-17 13:06:12][INFO][Rank 0] - train Epoch 3/24: 4.1% (80/1948)
[2025-11-17 13:06:19][INFO][Rank 0] - train Epoch 3/24: 4.6% (90/1948)
[2025-11-17 13:06:20][INFO][Rank 0] - CUDA Memory [train][Step 90]: Device 0: Allocated: 3309.6 MB, Reserved: 117540.0 MB (Δ: +1687.0 MB)
[2025-11-17 13:06:26][INFO][Rank 0] - train Epoch 3/24: 5.1% (100/1948)
[2025-11-17 13:06:33][INFO][Rank 0] - train Epoch 3/24: 5.6% (110/1948)
[2025-11-17 13:06:40][INFO][Rank 0] - train Epoch 3/24: 6.2% (120/1948)
[2025-11-17 13:06:47][INFO][Rank 0] - train Epoch 3/24: 6.7% (130/1948)
[2025-11-17 13:06:54][INFO][Rank 0] - train Epoch 3/24: 7.2% (140/1948)
[2025-11-17 13:07:02][INFO][Rank 0] - train Epoch 3/24: 7.7% (150/1948)
[2025-11-17 13:07:09][INFO][Rank 0] - train Epoch 3/24: 8.2% (160/1948)
[2025-11-17 13:07:16][INFO][Rank 0] - train Epoch 3/24: 8.7% (170/1948)
[2025-11-17 13:07:23][INFO][Rank 0] - train Epoch 3/24: 9.2% (180/1948)
[2025-11-17 13:07:23][INFO][Rank 0] - CUDA Memory [train][Step 180]: Device 0: Allocated: 3309.6 MB, Reserved: 117540.0 MB (Δ: +1687.0 MB)
[2025-11-17 13:07:30][INFO][Rank 0] - train Epoch 3/24: 9.8% (190/1948)
[2025-11-17 13:07:37][INFO][Rank 0] - train Epoch 3/24: 10.3% (200/1948)
[2025-11-17 13:07:44][INFO][Rank 0] - train Epoch 3/24: 10.8% (210/1948)
[2025-11-17 13:07:51][INFO][Rank 0] - train Epoch 3/24: 11.3% (220/1948)
[2025-11-17 13:07:58][INFO][Rank 0] - train Epoch 3/24: 11.8% (230/1948)
[2025-11-17 13:08:05][INFO][Rank 0] - train Epoch 3/24: 12.3% (240/1948)
[2025-11-17 13:08:12][INFO][Rank 0] - train Epoch 3/24: 12.8% (250/1948)
[2025-11-17 13:08:19][INFO][Rank 0] - train Epoch 3/24: 13.3% (260/1948)
[2025-11-17 13:08:26][INFO][Rank 0] - train Epoch 3/24: 13.9% (270/1948)
[2025-11-17 13:08:27][INFO][Rank 0] - CUDA Memory [train][Step 270]: Device 0: Allocated: 3309.6 MB, Reserved: 117540.0 MB (Δ: +1687.0 MB)
[2025-11-17 13:08:33][INFO][Rank 0] - train Epoch 3/24: 14.4% (280/1948)
[2025-11-17 13:08:40][INFO][Rank 0] - train Epoch 3/24: 14.9% (290/1948)
[2025-11-17 13:08:47][INFO][Rank 0] - train Epoch 3/24: 15.4% (300/1948)
[2025-11-17 13:08:55][INFO][Rank 0] - train Epoch 3/24: 15.9% (310/1948)
[2025-11-17 13:09:02][INFO][Rank 0] - train Epoch 3/24: 16.4% (320/1948)
[2025-11-17 13:09:09][INFO][Rank 0] - train Epoch 3/24: 16.9% (330/1948)
[2025-11-17 13:09:16][INFO][Rank 0] - train Epoch 3/24: 17.5% (340/1948)
[2025-11-17 13:09:23][INFO][Rank 0] - train Epoch 3/24: 18.0% (350/1948)
[2025-11-17 13:09:30][INFO][Rank 0] - train Epoch 3/24: 18.5% (360/1948)
[2025-11-17 13:09:31][INFO][Rank 0] - CUDA Memory [train][Step 360]: Device 0: Allocated: 3309.6 MB, Reserved: 117540.0 MB (Δ: +1687.0 MB)
[2025-11-17 13:09:37][INFO][Rank 0] - train Epoch 3/24: 19.0% (370/1948)
[2025-11-17 13:09:44][INFO][Rank 0] - train Epoch 3/24: 19.5% (380/1948)
[2025-11-17 13:09:51][INFO][Rank 0] - train Epoch 3/24: 20.0% (390/1948)
[2025-11-17 13:09:58][INFO][Rank 0] - train Epoch 3/24: 20.5% (400/1948)
[2025-11-17 13:10:05][INFO][Rank 0] - train Epoch 3/24: 21.0% (410/1948)
[2025-11-17 13:10:12][INFO][Rank 0] - train Epoch 3/24: 21.6% (420/1948)
[2025-11-17 13:10:19][INFO][Rank 0] - train Epoch 3/24: 22.1% (430/1948)
[2025-11-17 13:10:26][INFO][Rank 0] - train Epoch 3/24: 22.6% (440/1948)
[2025-11-17 13:10:33][INFO][Rank 0] - train Epoch 3/24: 23.1% (450/1948)
[2025-11-17 13:10:34][INFO][Rank 0] - CUDA Memory [train][Step 450]: Device 0: Allocated: 3309.6 MB, Reserved: 117540.0 MB (Δ: +1687.0 MB)
[2025-11-17 13:10:41][INFO][Rank 0] - train Epoch 3/24: 23.6% (460/1948)
[2025-11-17 13:10:48][INFO][Rank 0] - train Epoch 3/24: 24.1% (470/1948)
[2025-11-17 13:10:55][INFO][Rank 0] - train Epoch 3/24: 24.6% (480/1948)
[2025-11-17 13:11:02][INFO][Rank 0] - train Epoch 3/24: 25.2% (490/1948)
[2025-11-17 13:11:09][INFO][Rank 0] - train Epoch 3/24: 25.7% (500/1948)
[2025-11-17 13:11:16][INFO][Rank 0] - train Epoch 3/24: 26.2% (510/1948)
[2025-11-17 13:11:23][INFO][Rank 0] - train Epoch 3/24: 26.7% (520/1948)
[2025-11-17 13:11:30][INFO][Rank 0] - train Epoch 3/24: 27.2% (530/1948)
[2025-11-17 13:11:37][INFO][Rank 0] - train Epoch 3/24: 27.7% (540/1948)
[2025-11-17 13:11:38][INFO][Rank 0] - CUDA Memory [train][Step 540]: Device 0: Allocated: 3309.6 MB, Reserved: 117540.0 MB (Δ: +1687.0 MB)
[2025-11-17 13:11:44][INFO][Rank 0] - train Epoch 3/24: 28.2% (550/1948)
[2025-11-17 13:11:51][INFO][Rank 0] - train Epoch 3/24: 28.7% (560/1948)
[2025-11-17 13:11:58][INFO][Rank 0] - train Epoch 3/24: 29.3% (570/1948)
[2025-11-17 13:12:05][INFO][Rank 0] - train Epoch 3/24: 29.8% (580/1948)
[2025-11-17 13:12:12][INFO][Rank 0] - train Epoch 3/24: 30.3% (590/1948)
[2025-11-17 13:12:19][INFO][Rank 0] - train Epoch 3/24: 30.8% (600/1948)
[2025-11-17 13:12:26][INFO][Rank 0] - train Epoch 3/24: 31.3% (610/1948)
[2025-11-17 13:12:34][INFO][Rank 0] - train Epoch 3/24: 31.8% (620/1948)
[2025-11-17 13:12:41][INFO][Rank 0] - train Epoch 3/24: 32.3% (630/1948)
[2025-11-17 13:12:41][INFO][Rank 0] - CUDA Memory [train][Step 630]: Device 0: Allocated: 3309.6 MB, Reserved: 117540.0 MB (Δ: +1687.0 MB)
[2025-11-17 13:12:48][INFO][Rank 0] - train Epoch 3/24: 32.9% (640/1948)
[2025-11-17 13:12:55][INFO][Rank 0] - train Epoch 3/24: 33.4% (650/1948)
[2025-11-17 13:13:02][INFO][Rank 0] - train Epoch 3/24: 33.9% (660/1948)
[2025-11-17 13:13:09][INFO][Rank 0] - train Epoch 3/24: 34.4% (670/1948)
[2025-11-17 13:13:16][INFO][Rank 0] - train Epoch 3/24: 34.9% (680/1948)
[2025-11-17 13:13:23][INFO][Rank 0] - train Epoch 3/24: 35.4% (690/1948)
[2025-11-17 13:13:30][INFO][Rank 0] - train Epoch 3/24: 35.9% (700/1948)
[2025-11-17 13:13:37][INFO][Rank 0] - train Epoch 3/24: 36.4% (710/1948)
[2025-11-17 13:13:44][INFO][Rank 0] - train Epoch 3/24: 37.0% (720/1948)
[2025-11-17 13:13:45][INFO][Rank 0] - CUDA Memory [train][Step 720]: Device 0: Allocated: 3309.6 MB, Reserved: 117540.0 MB (Δ: +1687.0 MB)
[2025-11-17 13:13:51][INFO][Rank 0] - train Epoch 3/24: 37.5% (730/1948)
[2025-11-17 13:13:58][INFO][Rank 0] - train Epoch 3/24: 38.0% (740/1948)
[2025-11-17 13:14:05][INFO][Rank 0] - train Epoch 3/24: 38.5% (750/1948)
[2025-11-17 13:14:12][INFO][Rank 0] - train Epoch 3/24: 39.0% (760/1948)
[2025-11-17 13:14:20][INFO][Rank 0] - train Epoch 3/24: 39.5% (770/1948)
[2025-11-17 13:14:27][INFO][Rank 0] - train Epoch 3/24: 40.0% (780/1948)
[2025-11-17 13:14:34][INFO][Rank 0] - train Epoch 3/24: 40.6% (790/1948)
[2025-11-17 13:14:41][INFO][Rank 0] - train Epoch 3/24: 41.1% (800/1948)
[2025-11-17 13:14:48][INFO][Rank 0] - train Epoch 3/24: 41.6% (810/1948)
[2025-11-17 13:14:48][INFO][Rank 0] - CUDA Memory [train][Step 810]: Device 0: Allocated: 3309.6 MB, Reserved: 117540.0 MB (Δ: +1687.0 MB)
[2025-11-17 13:14:55][INFO][Rank 0] - train Epoch 3/24: 42.1% (820/1948)
[2025-11-17 13:15:02][INFO][Rank 0] - train Epoch 3/24: 42.6% (830/1948)
[2025-11-17 13:15:09][INFO][Rank 0] - train Epoch 3/24: 43.1% (840/1948)
[2025-11-17 13:15:16][INFO][Rank 0] - train Epoch 3/24: 43.6% (850/1948)
[2025-11-17 13:15:23][INFO][Rank 0] - train Epoch 3/24: 44.1% (860/1948)
[2025-11-17 13:15:30][INFO][Rank 0] - train Epoch 3/24: 44.7% (870/1948)
[2025-11-17 13:15:37][INFO][Rank 0] - train Epoch 3/24: 45.2% (880/1948)
[2025-11-17 13:15:44][INFO][Rank 0] - train Epoch 3/24: 45.7% (890/1948)
[2025-11-17 13:15:51][INFO][Rank 0] - train Epoch 3/24: 46.2% (900/1948)
[2025-11-17 13:15:52][INFO][Rank 0] - CUDA Memory [train][Step 900]: Device 0: Allocated: 3309.6 MB, Reserved: 117540.0 MB (Δ: +1687.0 MB)
[2025-11-17 13:15:58][INFO][Rank 0] - train Epoch 3/24: 46.7% (910/1948)
[2025-11-17 13:16:05][INFO][Rank 0] - train Epoch 3/24: 47.2% (920/1948)
[2025-11-17 13:16:13][INFO][Rank 0] - train Epoch 3/24: 47.7% (930/1948)
[2025-11-17 13:16:20][INFO][Rank 0] - train Epoch 3/24: 48.3% (940/1948)
[2025-11-17 13:16:27][INFO][Rank 0] - train Epoch 3/24: 48.8% (950/1948)
[2025-11-17 13:16:34][INFO][Rank 0] - train Epoch 3/24: 49.3% (960/1948)
[2025-11-17 13:16:41][INFO][Rank 0] - train Epoch 3/24: 49.8% (970/1948)
[2025-11-17 13:16:48][INFO][Rank 0] - train Epoch 3/24: 50.3% (980/1948)
[2025-11-17 13:16:55][INFO][Rank 0] - train Epoch 3/24: 50.8% (990/1948)
[2025-11-17 13:16:56][INFO][Rank 0] - CUDA Memory [train][Step 990]: Device 0: Allocated: 3309.6 MB, Reserved: 117540.0 MB (Δ: +1687.0 MB)
[2025-11-17 13:17:02][INFO][Rank 0] - train Epoch 3/24: 51.3% (1000/1948)
[2025-11-17 13:17:09][INFO][Rank 0] - train Epoch 3/24: 51.8% (1010/1948)
[2025-11-17 13:17:16][INFO][Rank 0] - train Epoch 3/24: 52.4% (1020/1948)
[2025-11-17 13:17:23][INFO][Rank 0] - train Epoch 3/24: 52.9% (1030/1948)
[2025-11-17 13:17:30][INFO][Rank 0] - train Epoch 3/24: 53.4% (1040/1948)
[2025-11-17 13:17:37][INFO][Rank 0] - train Epoch 3/24: 53.9% (1050/1948)
[2025-11-17 13:17:44][INFO][Rank 0] - train Epoch 3/24: 54.4% (1060/1948)
[2025-11-17 13:17:51][INFO][Rank 0] - train Epoch 3/24: 54.9% (1070/1948)
[2025-11-17 13:17:59][INFO][Rank 0] - train Epoch 3/24: 55.4% (1080/1948)
[2025-11-17 13:17:59][INFO][Rank 0] - CUDA Memory [train][Step 1080]: Device 0: Allocated: 3309.6 MB, Reserved: 117540.0 MB (Δ: +1687.0 MB)
[2025-11-17 13:18:06][INFO][Rank 0] - train Epoch 3/24: 56.0% (1090/1948)
[2025-11-17 13:18:13][INFO][Rank 0] - train Epoch 3/24: 56.5% (1100/1948)
[2025-11-17 13:18:20][INFO][Rank 0] - train Epoch 3/24: 57.0% (1110/1948)
[2025-11-17 13:18:27][INFO][Rank 0] - train Epoch 3/24: 57.5% (1120/1948)
[2025-11-17 13:18:34][INFO][Rank 0] - train Epoch 3/24: 58.0% (1130/1948)
[2025-11-17 13:18:41][INFO][Rank 0] - train Epoch 3/24: 58.5% (1140/1948)
[2025-11-17 13:18:48][INFO][Rank 0] - train Epoch 3/24: 59.0% (1150/1948)
[2025-11-17 13:18:55][INFO][Rank 0] - train Epoch 3/24: 59.5% (1160/1948)
[2025-11-17 13:19:02][INFO][Rank 0] - train Epoch 3/24: 60.1% (1170/1948)
[2025-11-17 13:19:03][INFO][Rank 0] - CUDA Memory [train][Step 1170]: Device 0: Allocated: 3309.6 MB, Reserved: 117540.0 MB (Δ: +1687.0 MB)
[2025-11-17 13:19:09][INFO][Rank 0] - train Epoch 3/24: 60.6% (1180/1948)
[2025-11-17 13:19:16][INFO][Rank 0] - train Epoch 3/24: 61.1% (1190/1948)
[2025-11-17 13:19:23][INFO][Rank 0] - train Epoch 3/24: 61.6% (1200/1948)
[2025-11-17 13:19:30][INFO][Rank 0] - train Epoch 3/24: 62.1% (1210/1948)
[2025-11-17 13:19:37][INFO][Rank 0] - train Epoch 3/24: 62.6% (1220/1948)
[2025-11-17 13:19:45][INFO][Rank 0] - train Epoch 3/24: 63.1% (1230/1948)
[2025-11-17 13:19:52][INFO][Rank 0] - train Epoch 3/24: 63.7% (1240/1948)
[2025-11-17 13:19:59][INFO][Rank 0] - train Epoch 3/24: 64.2% (1250/1948)
[2025-11-17 13:20:06][INFO][Rank 0] - train Epoch 3/24: 64.7% (1260/1948)
[2025-11-17 13:20:06][INFO][Rank 0] - CUDA Memory [train][Step 1260]: Device 0: Allocated: 3309.6 MB, Reserved: 117540.0 MB (Δ: +1687.0 MB)
[2025-11-17 13:20:13][INFO][Rank 0] - train Epoch 3/24: 65.2% (1270/1948)
[2025-11-17 13:20:20][INFO][Rank 0] - train Epoch 3/24: 65.7% (1280/1948)
[2025-11-17 13:20:27][INFO][Rank 0] - train Epoch 3/24: 66.2% (1290/1948)
[2025-11-17 13:20:34][INFO][Rank 0] - train Epoch 3/24: 66.7% (1300/1948)
[2025-11-17 13:20:41][INFO][Rank 0] - train Epoch 3/24: 67.2% (1310/1948)
[2025-11-17 13:20:48][INFO][Rank 0] - train Epoch 3/24: 67.8% (1320/1948)
[2025-11-17 13:20:55][INFO][Rank 0] - train Epoch 3/24: 68.3% (1330/1948)
[2025-11-17 13:21:02][INFO][Rank 0] - train Epoch 3/24: 68.8% (1340/1948)
[2025-11-17 13:21:09][INFO][Rank 0] - train Epoch 3/24: 69.3% (1350/1948)
[2025-11-17 13:21:10][INFO][Rank 0] - CUDA Memory [train][Step 1350]: Device 0: Allocated: 3309.6 MB, Reserved: 117540.0 MB (Δ: +1687.0 MB)
[2025-11-17 13:21:16][INFO][Rank 0] - train Epoch 3/24: 69.8% (1360/1948)
[2025-11-17 13:21:23][INFO][Rank 0] - train Epoch 3/24: 70.3% (1370/1948)
[2025-11-17 13:21:30][INFO][Rank 0] - train Epoch 3/24: 70.8% (1380/1948)
[2025-11-17 13:21:38][INFO][Rank 0] - train Epoch 3/24: 71.4% (1390/1948)
[2025-11-17 13:21:45][INFO][Rank 0] - train Epoch 3/24: 71.9% (1400/1948)
[2025-11-17 13:21:52][INFO][Rank 0] - train Epoch 3/24: 72.4% (1410/1948)
[2025-11-17 13:21:59][INFO][Rank 0] - train Epoch 3/24: 72.9% (1420/1948)
[2025-11-17 13:22:06][INFO][Rank 0] - train Epoch 3/24: 73.4% (1430/1948)
[2025-11-17 13:22:13][INFO][Rank 0] - train Epoch 3/24: 73.9% (1440/1948)
[2025-11-17 13:22:14][INFO][Rank 0] - CUDA Memory [train][Step 1440]: Device 0: Allocated: 3309.6 MB, Reserved: 117540.0 MB (Δ: +1687.0 MB)
[2025-11-17 13:22:20][INFO][Rank 0] - train Epoch 3/24: 74.4% (1450/1948)
[2025-11-17 13:22:27][INFO][Rank 0] - train Epoch 3/24: 74.9% (1460/1948)
[2025-11-17 13:22:34][INFO][Rank 0] - train Epoch 3/24: 75.5% (1470/1948)
[2025-11-17 13:22:41][INFO][Rank 0] - train Epoch 3/24: 76.0% (1480/1948)
[2025-11-17 13:22:48][INFO][Rank 0] - train Epoch 3/24: 76.5% (1490/1948)
[2025-11-17 13:22:55][INFO][Rank 0] - train Epoch 3/24: 77.0% (1500/1948)
[2025-11-17 13:23:02][INFO][Rank 0] - train Epoch 3/24: 77.5% (1510/1948)
[2025-11-17 13:23:09][INFO][Rank 0] - train Epoch 3/24: 78.0% (1520/1948)
[2025-11-17 13:23:16][INFO][Rank 0] - train Epoch 3/24: 78.5% (1530/1948)
[2025-11-17 13:23:17][INFO][Rank 0] - CUDA Memory [train][Step 1530]: Device 0: Allocated: 3309.6 MB, Reserved: 117540.0 MB (Δ: +1687.0 MB)
[2025-11-17 13:23:23][INFO][Rank 0] - train Epoch 3/24: 79.1% (1540/1948)
[2025-11-17 13:23:31][INFO][Rank 0] - train Epoch 3/24: 79.6% (1550/1948)
[2025-11-17 13:23:38][INFO][Rank 0] - train Epoch 3/24: 80.1% (1560/1948)
[2025-11-17 13:23:45][INFO][Rank 0] - train Epoch 3/24: 80.6% (1570/1948)
[2025-11-17 13:23:52][INFO][Rank 0] - train Epoch 3/24: 81.1% (1580/1948)
[2025-11-17 13:23:59][INFO][Rank 0] - train Epoch 3/24: 81.6% (1590/1948)
[2025-11-17 13:24:06][INFO][Rank 0] - train Epoch 3/24: 82.1% (1600/1948)
[2025-11-17 13:24:13][INFO][Rank 0] - train Epoch 3/24: 82.6% (1610/1948)
[2025-11-17 13:24:20][INFO][Rank 0] - train Epoch 3/24: 83.2% (1620/1948)
[2025-11-17 13:24:21][INFO][Rank 0] - CUDA Memory [train][Step 1620]: Device 0: Allocated: 3309.6 MB, Reserved: 117540.0 MB (Δ: +1687.0 MB)
[2025-11-17 13:24:27][INFO][Rank 0] - train Epoch 3/24: 83.7% (1630/1948)
[2025-11-17 13:24:34][INFO][Rank 0] - train Epoch 3/24: 84.2% (1640/1948)
[2025-11-17 13:24:41][INFO][Rank 0] - train Epoch 3/24: 84.7% (1650/1948)
[2025-11-17 13:24:48][INFO][Rank 0] - train Epoch 3/24: 85.2% (1660/1948)
[2025-11-17 13:24:55][INFO][Rank 0] - train Epoch 3/24: 85.7% (1670/1948)
[2025-11-17 13:25:02][INFO][Rank 0] - train Epoch 3/24: 86.2% (1680/1948)
[2025-11-17 13:25:09][INFO][Rank 0] - train Epoch 3/24: 86.8% (1690/1948)
[2025-11-17 13:25:16][INFO][Rank 0] - train Epoch 3/24: 87.3% (1700/1948)
[2025-11-17 13:25:24][INFO][Rank 0] - train Epoch 3/24: 87.8% (1710/1948)
[2025-11-17 13:25:24][INFO][Rank 0] - CUDA Memory [train][Step 1710]: Device 0: Allocated: 3309.6 MB, Reserved: 117540.0 MB (Δ: +1687.0 MB)
[2025-11-17 13:25:31][INFO][Rank 0] - train Epoch 3/24: 88.3% (1720/1948)
[2025-11-17 13:25:38][INFO][Rank 0] - train Epoch 3/24: 88.8% (1730/1948)
[2025-11-17 13:25:45][INFO][Rank 0] - train Epoch 3/24: 89.3% (1740/1948)
[2025-11-17 13:25:52][INFO][Rank 0] - train Epoch 3/24: 89.8% (1750/1948)
[2025-11-17 13:25:59][INFO][Rank 0] - train Epoch 3/24: 90.3% (1760/1948)
[2025-11-17 13:26:06][INFO][Rank 0] - train Epoch 3/24: 90.9% (1770/1948)
[2025-11-17 13:26:13][INFO][Rank 0] - train Epoch 3/24: 91.4% (1780/1948)
[2025-11-17 13:26:20][INFO][Rank 0] - train Epoch 3/24: 91.9% (1790/1948)
[2025-11-17 13:26:27][INFO][Rank 0] - train Epoch 3/24: 92.4% (1800/1948)
[2025-11-17 13:26:28][INFO][Rank 0] - CUDA Memory [train][Step 1800]: Device 0: Allocated: 3309.6 MB, Reserved: 117540.0 MB (Δ: +1687.0 MB)
[2025-11-17 13:26:34][INFO][Rank 0] - train Epoch 3/24: 92.9% (1810/1948)
[2025-11-17 13:26:41][INFO][Rank 0] - train Epoch 3/24: 93.4% (1820/1948)
[2025-11-17 13:26:48][INFO][Rank 0] - train Epoch 3/24: 93.9% (1830/1948)
[2025-11-17 13:26:55][INFO][Rank 0] - train Epoch 3/24: 94.5% (1840/1948)
[2025-11-17 13:27:02][INFO][Rank 0] - train Epoch 3/24: 95.0% (1850/1948)
[2025-11-17 13:27:09][INFO][Rank 0] - train Epoch 3/24: 95.5% (1860/1948)
[2025-11-17 13:27:17][INFO][Rank 0] - train Epoch 3/24: 96.0% (1870/1948)
[2025-11-17 13:27:24][INFO][Rank 0] - train Epoch 3/24: 96.5% (1880/1948)
[2025-11-17 13:27:31][INFO][Rank 0] - train Epoch 3/24: 97.0% (1890/1948)
[2025-11-17 13:27:31][INFO][Rank 0] - CUDA Memory [train][Step 1890]: Device 0: Allocated: 3309.6 MB, Reserved: 117540.0 MB (Δ: +1687.0 MB)
[2025-11-17 13:27:38][INFO][Rank 0] - train Epoch 3/24: 97.5% (1900/1948)
[2025-11-17 13:27:45][INFO][Rank 0] - train Epoch 3/24: 98.0% (1910/1948)
[2025-11-17 13:27:52][INFO][Rank 0] - train Epoch 3/24: 98.6% (1920/1948)
[2025-11-17 13:27:59][INFO][Rank 0] - train Epoch 3/24: 99.1% (1930/1948)
[2025-11-17 13:28:06][INFO][Rank 0] - train Epoch 3/24: 99.6% (1940/1948)
[2025-11-17 13:28:11][INFO][Rank 0] - train Epoch 3/24: 99.9% (1947/1948)
[2025-11-17 13:28:12][INFO][Rank 0] - train Loss: 0.2523 Acc: 0.9816 F1: 0.9906
[2025-11-17 13:28:12][INFO][Rank 0] - train Balanced Acc: 0.7151 AUC-ROC: 0.9600
[2025-11-17 13:28:12][INFO][Rank 0] - train Sensitivity: 0.9957 Specificity: 0.4344
[2025-11-17 13:28:12][INFO][Rank 0] - train Confusion Matrix: TP=18910, FP=276, FN=82, TN=212
[2025-11-17 13:28:12][INFO][Rank 0] - train completed in 1376.56s
[2025-11-17 13:28:12][INFO][Rank 0] - Data loading time: 1.27s, Forward time: 280.09s, Backward time: 746.01s
[2025-11-17 13:28:12][INFO][Rank 0] - train cache: 0/1 items, hit rate: 0.00%
[2025-11-17 13:28:12][INFO][Rank 0] - CUDA Memory [val][Step 0]: Device 0: Allocated: 3309.6 MB, Reserved: 117540.0 MB (Δ: +1687.0 MB)
[2025-11-17 13:28:12][INFO][Rank 0] - val phase: total 406 batches
[2025-11-17 13:28:12][INFO][Rank 0] - val Epoch 3/24: 0.0% (0/406)
[2025-11-17 13:28:17][INFO][Rank 0] - val Epoch 3/24: 2.5% (10/406)
[2025-11-17 13:28:22][INFO][Rank 0] - val Epoch 3/24: 4.9% (20/406)
[2025-11-17 13:28:27][INFO][Rank 0] - val Epoch 3/24: 7.4% (30/406)
[2025-11-17 13:28:32][INFO][Rank 0] - val Epoch 3/24: 9.9% (40/406)
[2025-11-17 13:28:37][INFO][Rank 0] - val Epoch 3/24: 12.3% (50/406)
[2025-11-17 13:28:42][INFO][Rank 0] - val Epoch 3/24: 14.8% (60/406)
[2025-11-17 13:28:47][INFO][Rank 0] - val Epoch 3/24: 17.2% (70/406)
[2025-11-17 13:28:52][INFO][Rank 0] - val Epoch 3/24: 19.7% (80/406)
[2025-11-17 13:28:57][INFO][Rank 0] - val Epoch 3/24: 22.2% (90/406)
[2025-11-17 13:29:02][INFO][Rank 0] - val Epoch 3/24: 24.6% (100/406)
[2025-11-17 13:29:07][INFO][Rank 0] - val Epoch 3/24: 27.1% (110/406)
[2025-11-17 13:29:12][INFO][Rank 0] - val Epoch 3/24: 29.6% (120/406)
[2025-11-17 13:29:12][INFO][Rank 0] - CUDA Memory [val][Step 120]: Device 0: Allocated: 3309.6 MB, Reserved: 117540.0 MB (Δ: +1687.0 MB)
[2025-11-17 13:29:17][INFO][Rank 0] - val Epoch 3/24: 32.0% (130/406)
[2025-11-17 13:29:22][INFO][Rank 0] - val Epoch 3/24: 34.5% (140/406)
[2025-11-17 13:29:27][INFO][Rank 0] - val Epoch 3/24: 36.9% (150/406)
[2025-11-17 13:29:32][INFO][Rank 0] - val Epoch 3/24: 39.4% (160/406)
[2025-11-17 13:29:37][INFO][Rank 0] - val Epoch 3/24: 41.9% (170/406)
[2025-11-17 13:29:42][INFO][Rank 0] - val Epoch 3/24: 44.3% (180/406)
[2025-11-17 13:29:47][INFO][Rank 0] - val Epoch 3/24: 46.8% (190/406)
[2025-11-17 13:29:52][INFO][Rank 0] - val Epoch 3/24: 49.3% (200/406)
[2025-11-17 13:29:57][INFO][Rank 0] - val Epoch 3/24: 51.7% (210/406)
[2025-11-17 13:30:02][INFO][Rank 0] - val Epoch 3/24: 54.2% (220/406)
[2025-11-17 13:30:07][INFO][Rank 0] - val Epoch 3/24: 56.7% (230/406)
[2025-11-17 13:30:12][INFO][Rank 0] - val Epoch 3/24: 59.1% (240/406)
[2025-11-17 13:30:13][INFO][Rank 0] - CUDA Memory [val][Step 240]: Device 0: Allocated: 3309.6 MB, Reserved: 117540.0 MB (Δ: +1687.0 MB)
[2025-11-17 13:30:17][INFO][Rank 0] - val Epoch 3/24: 61.6% (250/406)
[2025-11-17 13:30:22][INFO][Rank 0] - val Epoch 3/24: 64.0% (260/406)
[2025-11-17 13:30:27][INFO][Rank 0] - val Epoch 3/24: 66.5% (270/406)
[2025-11-17 13:30:32][INFO][Rank 0] - val Epoch 3/24: 69.0% (280/406)
[2025-11-17 13:30:37][INFO][Rank 0] - val Epoch 3/24: 71.4% (290/406)
[2025-11-17 13:30:42][INFO][Rank 0] - val Epoch 3/24: 73.9% (300/406)
[2025-11-17 13:30:47][INFO][Rank 0] - val Epoch 3/24: 76.4% (310/406)
[2025-11-17 13:30:52][INFO][Rank 0] - val Epoch 3/24: 78.8% (320/406)
[2025-11-17 13:30:57][INFO][Rank 0] - val Epoch 3/24: 81.3% (330/406)
[2025-11-17 13:31:03][INFO][Rank 0] - val Epoch 3/24: 83.7% (340/406)
[2025-11-17 13:31:08][INFO][Rank 0] - val Epoch 3/24: 86.2% (350/406)
[2025-11-17 13:31:13][INFO][Rank 0] - val Epoch 3/24: 88.7% (360/406)
[2025-11-17 13:31:13][INFO][Rank 0] - CUDA Memory [val][Step 360]: Device 0: Allocated: 3309.6 MB, Reserved: 117540.0 MB (Δ: +1687.0 MB)
[2025-11-17 13:31:18][INFO][Rank 0] - val Epoch 3/24: 91.1% (370/406)
[2025-11-17 13:31:23][INFO][Rank 0] - val Epoch 3/24: 93.6% (380/406)
[2025-11-17 13:31:28][INFO][Rank 0] - val Epoch 3/24: 96.1% (390/406)
[2025-11-17 13:31:33][INFO][Rank 0] - val Epoch 3/24: 98.5% (400/406)
[2025-11-17 13:31:35][INFO][Rank 0] - val Epoch 3/24: 99.8% (405/406)
[2025-11-17 13:31:36][INFO][Rank 0] - val Loss: 0.1658 Acc: 0.9803 F1: 0.9899
[2025-11-17 13:31:36][INFO][Rank 0] - val Balanced Acc: 0.8007 AUC-ROC: 0.9701
[2025-11-17 13:31:36][INFO][Rank 0] - val Sensitivity: 0.9904 Specificity: 0.6111
[2025-11-17 13:31:36][INFO][Rank 0] - val Confusion Matrix: TP=3914, FP=42, FN=38, TN=66
[2025-11-17 13:31:36][INFO][Rank 0] - val completed in 204.05s
[2025-11-17 13:31:36][INFO][Rank 0] - val cache: 0/1 items, hit rate: 0.00%
[2025-11-17 13:31:40][INFO][Rank 0] - Saved new best balanced_acc model with balanced_acc: 0.8007 at /projects/retprogression/rgarridogarcia/checkpoints/cropped1024_cropped_centered_allR_3/best_balanced_acc_model.pth
[2025-11-17 13:31:44][INFO][Rank 0] - Also saved as general best model at /projects/retprogression/rgarridogarcia/checkpoints/cropped1024_cropped_centered_allR_3/best_model.pth
[2025-11-17 13:31:48][INFO][Rank 0] - Saved new best auc model with auc: 0.9701 at /projects/retprogression/rgarridogarcia/checkpoints/cropped1024_cropped_centered_allR_3/best_auc_model.pth
[2025-11-17 13:31:51][INFO][Rank 0] - Saved epoch checkpoint at /projects/retprogression/rgarridogarcia/checkpoints/cropped1024_cropped_centered_allR_3/epoch_3.pth
[2025-11-17 13:31:51][INFO][Rank 0] - Epoch 3 summary:
[2025-11-17 13:31:51][INFO][Rank 0] -  Train Loss: 0.2523, Train Acc: 0.9816, Train F1: 0.9906
[2025-11-17 13:31:51][INFO][Rank 0] -  Train Balanced Acc: 0.7151, Train AUC: 0.9600
[2025-11-17 13:31:51][INFO][Rank 0] -  Train Sensitivity: 0.9957, Train Specificity: 0.4344
[2025-11-17 13:31:51][INFO][Rank 0] -  Val Loss: 0.1658, Val Acc: 0.9803, Val F1: 0.9899
[2025-11-17 13:31:51][INFO][Rank 0] -  Val Balanced Acc: 0.8007, Val AUC: 0.9701
[2025-11-17 13:31:51][INFO][Rank 0] -  Val Sensitivity: 0.9904, Val Specificity: 0.6111
[2025-11-17 13:31:51][INFO][Rank 0] -  Total Epoch Time: 1596.32s
[2025-11-17 13:31:51][INFO][Rank 0] - Epoch 4/24
[2025-11-17 13:31:51][INFO][Rank 0] - ----------
[2025-11-17 13:31:51][INFO][Rank 0] - CUDA Memory [train][Step 0]: Device 0: Allocated: 3309.6 MB, Reserved: 117540.0 MB (Δ: +1687.0 MB)
[2025-11-17 13:31:51][INFO][Rank 0] - train phase: total 1948 batches
[2025-11-17 13:31:52][INFO][Rank 0] - train Epoch 4/24: 0.0% (0/1948)
[2025-11-17 13:31:59][INFO][Rank 0] - train Epoch 4/24: 0.5% (10/1948)
[2025-11-17 13:32:06][INFO][Rank 0] - train Epoch 4/24: 1.0% (20/1948)
[2025-11-17 13:32:13][INFO][Rank 0] - train Epoch 4/24: 1.5% (30/1948)
[2025-11-17 13:32:20][INFO][Rank 0] - train Epoch 4/24: 2.1% (40/1948)
[2025-11-17 13:32:27][INFO][Rank 0] - train Epoch 4/24: 2.6% (50/1948)
[2025-11-17 13:32:34][INFO][Rank 0] - train Epoch 4/24: 3.1% (60/1948)
[2025-11-17 13:32:41][INFO][Rank 0] - train Epoch 4/24: 3.6% (70/1948)
[2025-11-17 13:32:48][INFO][Rank 0] - train Epoch 4/24: 4.1% (80/1948)
[2025-11-17 13:32:55][INFO][Rank 0] - train Epoch 4/24: 4.6% (90/1948)
[2025-11-17 13:32:56][INFO][Rank 0] - CUDA Memory [train][Step 90]: Device 0: Allocated: 3309.6 MB, Reserved: 117540.0 MB (Δ: +1687.0 MB)
[2025-11-17 13:33:03][INFO][Rank 0] - train Epoch 4/24: 5.1% (100/1948)
[2025-11-17 13:33:10][INFO][Rank 0] - train Epoch 4/24: 5.6% (110/1948)
[2025-11-17 13:33:17][INFO][Rank 0] - train Epoch 4/24: 6.2% (120/1948)
[2025-11-17 13:33:24][INFO][Rank 0] - train Epoch 4/24: 6.7% (130/1948)
[2025-11-17 13:33:31][INFO][Rank 0] - train Epoch 4/24: 7.2% (140/1948)
[2025-11-17 13:33:38][INFO][Rank 0] - train Epoch 4/24: 7.7% (150/1948)
[2025-11-17 13:33:45][INFO][Rank 0] - train Epoch 4/24: 8.2% (160/1948)
[2025-11-17 13:33:52][INFO][Rank 0] - train Epoch 4/24: 8.7% (170/1948)
[2025-11-17 13:33:59][INFO][Rank 0] - train Epoch 4/24: 9.2% (180/1948)
[2025-11-17 13:34:00][INFO][Rank 0] - CUDA Memory [train][Step 180]: Device 0: Allocated: 3309.6 MB, Reserved: 117540.0 MB (Δ: +1687.0 MB)
[2025-11-17 13:34:06][INFO][Rank 0] - train Epoch 4/24: 9.8% (190/1948)
[2025-11-17 13:34:13][INFO][Rank 0] - train Epoch 4/24: 10.3% (200/1948)
[2025-11-17 13:34:20][INFO][Rank 0] - train Epoch 4/24: 10.8% (210/1948)
[2025-11-17 13:34:27][INFO][Rank 0] - train Epoch 4/24: 11.3% (220/1948)
[2025-11-17 13:34:34][INFO][Rank 0] - train Epoch 4/24: 11.8% (230/1948)
[2025-11-17 13:34:41][INFO][Rank 0] - train Epoch 4/24: 12.3% (240/1948)
[2025-11-17 13:34:48][INFO][Rank 0] - train Epoch 4/24: 12.8% (250/1948)
[2025-11-17 13:34:56][INFO][Rank 0] - train Epoch 4/24: 13.3% (260/1948)
[2025-11-17 13:35:03][INFO][Rank 0] - train Epoch 4/24: 13.9% (270/1948)
[2025-11-17 13:35:03][INFO][Rank 0] - CUDA Memory [train][Step 270]: Device 0: Allocated: 3309.6 MB, Reserved: 117540.0 MB (Δ: +1687.0 MB)
[2025-11-17 13:35:10][INFO][Rank 0] - train Epoch 4/24: 14.4% (280/1948)
[2025-11-17 13:35:17][INFO][Rank 0] - train Epoch 4/24: 14.9% (290/1948)
[2025-11-17 13:35:24][INFO][Rank 0] - train Epoch 4/24: 15.4% (300/1948)
[2025-11-17 13:35:31][INFO][Rank 0] - train Epoch 4/24: 15.9% (310/1948)
[2025-11-17 13:35:38][INFO][Rank 0] - train Epoch 4/24: 16.4% (320/1948)
[2025-11-17 13:35:45][INFO][Rank 0] - train Epoch 4/24: 16.9% (330/1948)
[2025-11-17 13:35:52][INFO][Rank 0] - train Epoch 4/24: 17.5% (340/1948)
[2025-11-17 13:35:59][INFO][Rank 0] - train Epoch 4/24: 18.0% (350/1948)
[2025-11-17 13:36:06][INFO][Rank 0] - train Epoch 4/24: 18.5% (360/1948)
[2025-11-17 13:36:07][INFO][Rank 0] - CUDA Memory [train][Step 360]: Device 0: Allocated: 3309.6 MB, Reserved: 117540.0 MB (Δ: +1687.0 MB)
[2025-11-17 13:36:13][INFO][Rank 0] - train Epoch 4/24: 19.0% (370/1948)
[2025-11-17 13:36:20][INFO][Rank 0] - train Epoch 4/24: 19.5% (380/1948)
[2025-11-17 13:36:27][INFO][Rank 0] - train Epoch 4/24: 20.0% (390/1948)
[2025-11-17 13:36:34][INFO][Rank 0] - train Epoch 4/24: 20.5% (400/1948)
[2025-11-17 13:36:41][INFO][Rank 0] - train Epoch 4/24: 21.0% (410/1948)
[2025-11-17 13:36:49][INFO][Rank 0] - train Epoch 4/24: 21.6% (420/1948)
[2025-11-17 13:36:56][INFO][Rank 0] - train Epoch 4/24: 22.1% (430/1948)
[2025-11-17 13:37:03][INFO][Rank 0] - train Epoch 4/24: 22.6% (440/1948)
[2025-11-17 13:37:10][INFO][Rank 0] - train Epoch 4/24: 23.1% (450/1948)
[2025-11-17 13:37:10][INFO][Rank 0] - CUDA Memory [train][Step 450]: Device 0: Allocated: 3309.6 MB, Reserved: 117540.0 MB (Δ: +1687.0 MB)
[2025-11-17 13:37:17][INFO][Rank 0] - train Epoch 4/24: 23.6% (460/1948)
[2025-11-17 13:37:24][INFO][Rank 0] - train Epoch 4/24: 24.1% (470/1948)
[2025-11-17 13:37:31][INFO][Rank 0] - train Epoch 4/24: 24.6% (480/1948)
[2025-11-17 13:37:38][INFO][Rank 0] - train Epoch 4/24: 25.2% (490/1948)
[2025-11-17 13:37:45][INFO][Rank 0] - train Epoch 4/24: 25.7% (500/1948)
[2025-11-17 13:37:52][INFO][Rank 0] - train Epoch 4/24: 26.2% (510/1948)
[2025-11-17 13:37:59][INFO][Rank 0] - train Epoch 4/24: 26.7% (520/1948)
[2025-11-17 13:38:06][INFO][Rank 0] - train Epoch 4/24: 27.2% (530/1948)
[2025-11-17 13:38:13][INFO][Rank 0] - train Epoch 4/24: 27.7% (540/1948)
[2025-11-17 13:38:14][INFO][Rank 0] - CUDA Memory [train][Step 540]: Device 0: Allocated: 3309.6 MB, Reserved: 117540.0 MB (Δ: +1687.0 MB)
[2025-11-17 13:38:20][INFO][Rank 0] - train Epoch 4/24: 28.2% (550/1948)
[2025-11-17 13:38:27][INFO][Rank 0] - train Epoch 4/24: 28.7% (560/1948)
[2025-11-17 13:38:34][INFO][Rank 0] - train Epoch 4/24: 29.3% (570/1948)
[2025-11-17 13:38:42][INFO][Rank 0] - train Epoch 4/24: 29.8% (580/1948)
[2025-11-17 13:38:49][INFO][Rank 0] - train Epoch 4/24: 30.3% (590/1948)
[2025-11-17 13:38:56][INFO][Rank 0] - train Epoch 4/24: 30.8% (600/1948)
[2025-11-17 13:39:03][INFO][Rank 0] - train Epoch 4/24: 31.3% (610/1948)
[2025-11-17 13:39:10][INFO][Rank 0] - train Epoch 4/24: 31.8% (620/1948)
[2025-11-17 13:39:17][INFO][Rank 0] - train Epoch 4/24: 32.3% (630/1948)
[2025-11-17 13:39:18][INFO][Rank 0] - CUDA Memory [train][Step 630]: Device 0: Allocated: 3309.6 MB, Reserved: 117540.0 MB (Δ: +1687.0 MB)
[2025-11-17 13:39:24][INFO][Rank 0] - train Epoch 4/24: 32.9% (640/1948)
[2025-11-17 13:39:31][INFO][Rank 0] - train Epoch 4/24: 33.4% (650/1948)
[2025-11-17 13:39:38][INFO][Rank 0] - train Epoch 4/24: 33.9% (660/1948)
[2025-11-17 13:39:45][INFO][Rank 0] - train Epoch 4/24: 34.4% (670/1948)
[2025-11-17 13:39:52][INFO][Rank 0] - train Epoch 4/24: 34.9% (680/1948)
[2025-11-17 13:39:59][INFO][Rank 0] - train Epoch 4/24: 35.4% (690/1948)
[2025-11-17 13:40:06][INFO][Rank 0] - train Epoch 4/24: 35.9% (700/1948)
[2025-11-17 13:40:13][INFO][Rank 0] - train Epoch 4/24: 36.4% (710/1948)
[2025-11-17 13:40:20][INFO][Rank 0] - train Epoch 4/24: 37.0% (720/1948)
[2025-11-17 13:40:21][INFO][Rank 0] - CUDA Memory [train][Step 720]: Device 0: Allocated: 3309.6 MB, Reserved: 117540.0 MB (Δ: +1687.0 MB)
[2025-11-17 13:40:27][INFO][Rank 0] - train Epoch 4/24: 37.5% (730/1948)
[2025-11-17 13:40:35][INFO][Rank 0] - train Epoch 4/24: 38.0% (740/1948)
[2025-11-17 13:40:42][INFO][Rank 0] - train Epoch 4/24: 38.5% (750/1948)
[2025-11-17 13:40:49][INFO][Rank 0] - train Epoch 4/24: 39.0% (760/1948)
[2025-11-17 13:40:56][INFO][Rank 0] - train Epoch 4/24: 39.5% (770/1948)
[2025-11-17 13:41:03][INFO][Rank 0] - train Epoch 4/24: 40.0% (780/1948)
[2025-11-17 13:41:10][INFO][Rank 0] - train Epoch 4/24: 40.6% (790/1948)
[2025-11-17 13:41:17][INFO][Rank 0] - train Epoch 4/24: 41.1% (800/1948)
[2025-11-17 13:41:24][INFO][Rank 0] - train Epoch 4/24: 41.6% (810/1948)
[2025-11-17 13:41:25][INFO][Rank 0] - CUDA Memory [train][Step 810]: Device 0: Allocated: 3309.6 MB, Reserved: 117540.0 MB (Δ: +1687.0 MB)
[2025-11-17 13:41:31][INFO][Rank 0] - train Epoch 4/24: 42.1% (820/1948)
[2025-11-17 13:41:38][INFO][Rank 0] - train Epoch 4/24: 42.6% (830/1948)
[2025-11-17 13:41:45][INFO][Rank 0] - train Epoch 4/24: 43.1% (840/1948)
[2025-11-17 13:41:52][INFO][Rank 0] - train Epoch 4/24: 43.6% (850/1948)
[2025-11-17 13:41:59][INFO][Rank 0] - train Epoch 4/24: 44.1% (860/1948)
[2025-11-17 13:42:06][INFO][Rank 0] - train Epoch 4/24: 44.7% (870/1948)
[2025-11-17 13:42:13][INFO][Rank 0] - train Epoch 4/24: 45.2% (880/1948)
[2025-11-17 13:42:20][INFO][Rank 0] - train Epoch 4/24: 45.7% (890/1948)
[2025-11-17 13:42:28][INFO][Rank 0] - train Epoch 4/24: 46.2% (900/1948)
[2025-11-17 13:42:28][INFO][Rank 0] - CUDA Memory [train][Step 900]: Device 0: Allocated: 3309.6 MB, Reserved: 117540.0 MB (Δ: +1687.0 MB)
[2025-11-17 13:42:35][INFO][Rank 0] - train Epoch 4/24: 46.7% (910/1948)
[2025-11-17 13:42:42][INFO][Rank 0] - train Epoch 4/24: 47.2% (920/1948)
[2025-11-17 13:42:49][INFO][Rank 0] - train Epoch 4/24: 47.7% (930/1948)
[2025-11-17 13:42:56][INFO][Rank 0] - train Epoch 4/24: 48.3% (940/1948)
[2025-11-17 13:43:03][INFO][Rank 0] - train Epoch 4/24: 48.8% (950/1948)
[2025-11-17 13:43:10][INFO][Rank 0] - train Epoch 4/24: 49.3% (960/1948)
[2025-11-17 13:43:17][INFO][Rank 0] - train Epoch 4/24: 49.8% (970/1948)
[2025-11-17 13:43:24][INFO][Rank 0] - train Epoch 4/24: 50.3% (980/1948)
[2025-11-17 13:43:31][INFO][Rank 0] - train Epoch 4/24: 50.8% (990/1948)
[2025-11-17 13:43:32][INFO][Rank 0] - CUDA Memory [train][Step 990]: Device 0: Allocated: 3309.6 MB, Reserved: 117540.0 MB (Δ: +1687.0 MB)
[2025-11-17 13:43:38][INFO][Rank 0] - train Epoch 4/24: 51.3% (1000/1948)
[2025-11-17 13:43:45][INFO][Rank 0] - train Epoch 4/24: 51.8% (1010/1948)
[2025-11-17 13:43:52][INFO][Rank 0] - train Epoch 4/24: 52.4% (1020/1948)
[2025-11-17 13:43:59][INFO][Rank 0] - train Epoch 4/24: 52.9% (1030/1948)
[2025-11-17 13:44:06][INFO][Rank 0] - train Epoch 4/24: 53.4% (1040/1948)
[2025-11-17 13:44:13][INFO][Rank 0] - train Epoch 4/24: 53.9% (1050/1948)
[2025-11-17 13:44:21][INFO][Rank 0] - train Epoch 4/24: 54.4% (1060/1948)
[2025-11-17 13:44:28][INFO][Rank 0] - train Epoch 4/24: 54.9% (1070/1948)
[2025-11-17 13:44:35][INFO][Rank 0] - train Epoch 4/24: 55.4% (1080/1948)
[2025-11-17 13:44:35][INFO][Rank 0] - CUDA Memory [train][Step 1080]: Device 0: Allocated: 3309.6 MB, Reserved: 117540.0 MB (Δ: +1687.0 MB)
[2025-11-17 13:44:42][INFO][Rank 0] - train Epoch 4/24: 56.0% (1090/1948)
[2025-11-17 13:44:49][INFO][Rank 0] - train Epoch 4/24: 56.5% (1100/1948)
[2025-11-17 13:44:56][INFO][Rank 0] - train Epoch 4/24: 57.0% (1110/1948)
[2025-11-17 13:45:03][INFO][Rank 0] - train Epoch 4/24: 57.5% (1120/1948)
[2025-11-17 13:45:10][INFO][Rank 0] - train Epoch 4/24: 58.0% (1130/1948)
[2025-11-17 13:45:17][INFO][Rank 0] - train Epoch 4/24: 58.5% (1140/1948)
[2025-11-17 13:45:24][INFO][Rank 0] - train Epoch 4/24: 59.0% (1150/1948)
[2025-11-17 13:45:31][INFO][Rank 0] - train Epoch 4/24: 59.5% (1160/1948)
[2025-11-17 13:45:38][INFO][Rank 0] - train Epoch 4/24: 60.1% (1170/1948)
[2025-11-17 13:45:39][INFO][Rank 0] - CUDA Memory [train][Step 1170]: Device 0: Allocated: 3309.6 MB, Reserved: 117540.0 MB (Δ: +1687.0 MB)
[2025-11-17 13:45:45][INFO][Rank 0] - train Epoch 4/24: 60.6% (1180/1948)
[2025-11-17 13:45:52][INFO][Rank 0] - train Epoch 4/24: 61.1% (1190/1948)
[2025-11-17 13:45:59][INFO][Rank 0] - train Epoch 4/24: 61.6% (1200/1948)
[2025-11-17 13:46:06][INFO][Rank 0] - train Epoch 4/24: 62.1% (1210/1948)
[2025-11-17 13:46:13][INFO][Rank 0] - train Epoch 4/24: 62.6% (1220/1948)
[2025-11-17 13:46:21][INFO][Rank 0] - train Epoch 4/24: 63.1% (1230/1948)
[2025-11-17 13:46:28][INFO][Rank 0] - train Epoch 4/24: 63.7% (1240/1948)
[2025-11-17 13:46:35][INFO][Rank 0] - train Epoch 4/24: 64.2% (1250/1948)
[2025-11-17 13:46:42][INFO][Rank 0] - train Epoch 4/24: 64.7% (1260/1948)
[2025-11-17 13:46:42][INFO][Rank 0] - CUDA Memory [train][Step 1260]: Device 0: Allocated: 3309.6 MB, Reserved: 117540.0 MB (Δ: +1687.0 MB)
[2025-11-17 13:46:49][INFO][Rank 0] - train Epoch 4/24: 65.2% (1270/1948)
[2025-11-17 13:46:56][INFO][Rank 0] - train Epoch 4/24: 65.7% (1280/1948)
[2025-11-17 13:47:03][INFO][Rank 0] - train Epoch 4/24: 66.2% (1290/1948)
[2025-11-17 13:47:10][INFO][Rank 0] - train Epoch 4/24: 66.7% (1300/1948)
[2025-11-17 13:47:17][INFO][Rank 0] - train Epoch 4/24: 67.2% (1310/1948)
[2025-11-17 13:47:24][INFO][Rank 0] - train Epoch 4/24: 67.8% (1320/1948)
[2025-11-17 13:47:31][INFO][Rank 0] - train Epoch 4/24: 68.3% (1330/1948)
[2025-11-17 13:47:38][INFO][Rank 0] - train Epoch 4/24: 68.8% (1340/1948)
[2025-11-17 13:47:45][INFO][Rank 0] - train Epoch 4/24: 69.3% (1350/1948)
[2025-11-17 13:47:46][INFO][Rank 0] - CUDA Memory [train][Step 1350]: Device 0: Allocated: 3309.6 MB, Reserved: 117540.0 MB (Δ: +1687.0 MB)
[2025-11-17 13:47:52][INFO][Rank 0] - train Epoch 4/24: 69.8% (1360/1948)
[2025-11-17 13:47:59][INFO][Rank 0] - train Epoch 4/24: 70.3% (1370/1948)
[2025-11-17 13:48:06][INFO][Rank 0] - train Epoch 4/24: 70.8% (1380/1948)
[2025-11-17 13:48:14][INFO][Rank 0] - train Epoch 4/24: 71.4% (1390/1948)
[2025-11-17 13:48:21][INFO][Rank 0] - train Epoch 4/24: 71.9% (1400/1948)
[2025-11-17 13:48:28][INFO][Rank 0] - train Epoch 4/24: 72.4% (1410/1948)
[2025-11-17 13:48:35][INFO][Rank 0] - train Epoch 4/24: 72.9% (1420/1948)
[2025-11-17 13:48:42][INFO][Rank 0] - train Epoch 4/24: 73.4% (1430/1948)
[2025-11-17 13:48:49][INFO][Rank 0] - train Epoch 4/24: 73.9% (1440/1948)
[2025-11-17 13:48:50][INFO][Rank 0] - CUDA Memory [train][Step 1440]: Device 0: Allocated: 3309.6 MB, Reserved: 117540.0 MB (Δ: +1687.0 MB)
[2025-11-17 13:48:56][INFO][Rank 0] - train Epoch 4/24: 74.4% (1450/1948)
[2025-11-17 13:49:03][INFO][Rank 0] - train Epoch 4/24: 74.9% (1460/1948)
[2025-11-17 13:49:10][INFO][Rank 0] - train Epoch 4/24: 75.5% (1470/1948)
[2025-11-17 13:49:17][INFO][Rank 0] - train Epoch 4/24: 76.0% (1480/1948)
[2025-11-17 13:49:24][INFO][Rank 0] - train Epoch 4/24: 76.5% (1490/1948)
[2025-11-17 13:49:31][INFO][Rank 0] - train Epoch 4/24: 77.0% (1500/1948)
[2025-11-17 13:49:38][INFO][Rank 0] - train Epoch 4/24: 77.5% (1510/1948)
[2025-11-17 13:49:45][INFO][Rank 0] - train Epoch 4/24: 78.0% (1520/1948)
[2025-11-17 13:49:52][INFO][Rank 0] - train Epoch 4/24: 78.5% (1530/1948)
[2025-11-17 13:49:53][INFO][Rank 0] - CUDA Memory [train][Step 1530]: Device 0: Allocated: 3309.6 MB, Reserved: 117540.0 MB (Δ: +1687.0 MB)
[2025-11-17 13:49:59][INFO][Rank 0] - train Epoch 4/24: 79.1% (1540/1948)
[2025-11-17 13:50:07][INFO][Rank 0] - train Epoch 4/24: 79.6% (1550/1948)
[2025-11-17 13:50:14][INFO][Rank 0] - train Epoch 4/24: 80.1% (1560/1948)
[2025-11-17 13:50:21][INFO][Rank 0] - train Epoch 4/24: 80.6% (1570/1948)
[2025-11-17 13:50:28][INFO][Rank 0] - train Epoch 4/24: 81.1% (1580/1948)
[2025-11-17 13:50:35][INFO][Rank 0] - train Epoch 4/24: 81.6% (1590/1948)
[2025-11-17 13:50:42][INFO][Rank 0] - train Epoch 4/24: 82.1% (1600/1948)
[2025-11-17 13:50:49][INFO][Rank 0] - train Epoch 4/24: 82.6% (1610/1948)
[2025-11-17 13:50:56][INFO][Rank 0] - train Epoch 4/24: 83.2% (1620/1948)
[2025-11-17 13:50:57][INFO][Rank 0] - CUDA Memory [train][Step 1620]: Device 0: Allocated: 3309.6 MB, Reserved: 117540.0 MB (Δ: +1687.0 MB)
[2025-11-17 13:51:03][INFO][Rank 0] - train Epoch 4/24: 83.7% (1630/1948)
[2025-11-17 13:51:10][INFO][Rank 0] - train Epoch 4/24: 84.2% (1640/1948)
[2025-11-17 13:51:17][INFO][Rank 0] - train Epoch 4/24: 84.7% (1650/1948)
[2025-11-17 13:51:24][INFO][Rank 0] - train Epoch 4/24: 85.2% (1660/1948)
[2025-11-17 13:51:31][INFO][Rank 0] - train Epoch 4/24: 85.7% (1670/1948)
[2025-11-17 13:51:38][INFO][Rank 0] - train Epoch 4/24: 86.2% (1680/1948)
[2025-11-17 13:51:45][INFO][Rank 0] - train Epoch 4/24: 86.8% (1690/1948)
[2025-11-17 13:51:52][INFO][Rank 0] - train Epoch 4/24: 87.3% (1700/1948)
[2025-11-17 13:52:00][INFO][Rank 0] - train Epoch 4/24: 87.8% (1710/1948)
[2025-11-17 13:52:00][INFO][Rank 0] - CUDA Memory [train][Step 1710]: Device 0: Allocated: 3309.6 MB, Reserved: 117540.0 MB (Δ: +1687.0 MB)
[2025-11-17 13:52:07][INFO][Rank 0] - train Epoch 4/24: 88.3% (1720/1948)
[2025-11-17 13:52:14][INFO][Rank 0] - train Epoch 4/24: 88.8% (1730/1948)
[2025-11-17 13:52:21][INFO][Rank 0] - train Epoch 4/24: 89.3% (1740/1948)
[2025-11-17 13:52:28][INFO][Rank 0] - train Epoch 4/24: 89.8% (1750/1948)
[2025-11-17 13:52:35][INFO][Rank 0] - train Epoch 4/24: 90.3% (1760/1948)
[2025-11-17 13:52:42][INFO][Rank 0] - train Epoch 4/24: 90.9% (1770/1948)
[2025-11-17 13:52:49][INFO][Rank 0] - train Epoch 4/24: 91.4% (1780/1948)
[2025-11-17 13:52:56][INFO][Rank 0] - train Epoch 4/24: 91.9% (1790/1948)
[2025-11-17 13:53:03][INFO][Rank 0] - train Epoch 4/24: 92.4% (1800/1948)
[2025-11-17 13:53:04][INFO][Rank 0] - CUDA Memory [train][Step 1800]: Device 0: Allocated: 3309.6 MB, Reserved: 117540.0 MB (Δ: +1687.0 MB)
[2025-11-17 13:53:10][INFO][Rank 0] - train Epoch 4/24: 92.9% (1810/1948)
[2025-11-17 13:53:17][INFO][Rank 0] - train Epoch 4/24: 93.4% (1820/1948)
[2025-11-17 13:53:24][INFO][Rank 0] - train Epoch 4/24: 93.9% (1830/1948)
[2025-11-17 13:53:31][INFO][Rank 0] - train Epoch 4/24: 94.5% (1840/1948)
[2025-11-17 13:53:38][INFO][Rank 0] - train Epoch 4/24: 95.0% (1850/1948)
[2025-11-17 13:53:45][INFO][Rank 0] - train Epoch 4/24: 95.5% (1860/1948)
[2025-11-17 13:53:53][INFO][Rank 0] - train Epoch 4/24: 96.0% (1870/1948)
[2025-11-17 13:54:00][INFO][Rank 0] - train Epoch 4/24: 96.5% (1880/1948)
[2025-11-17 13:54:07][INFO][Rank 0] - train Epoch 4/24: 97.0% (1890/1948)
[2025-11-17 13:54:07][INFO][Rank 0] - CUDA Memory [train][Step 1890]: Device 0: Allocated: 3309.6 MB, Reserved: 117540.0 MB (Δ: +1687.0 MB)
[2025-11-17 13:54:14][INFO][Rank 0] - train Epoch 4/24: 97.5% (1900/1948)
[2025-11-17 13:54:21][INFO][Rank 0] - train Epoch 4/24: 98.0% (1910/1948)
[2025-11-17 13:54:28][INFO][Rank 0] - train Epoch 4/24: 98.6% (1920/1948)
[2025-11-17 13:54:35][INFO][Rank 0] - train Epoch 4/24: 99.1% (1930/1948)
[2025-11-17 13:54:42][INFO][Rank 0] - train Epoch 4/24: 99.6% (1940/1948)
[2025-11-17 13:54:47][INFO][Rank 0] - train Epoch 4/24: 99.9% (1947/1948)
[2025-11-17 13:54:48][INFO][Rank 0] - train Loss: 0.2232 Acc: 0.9784 F1: 0.9889
[2025-11-17 13:54:48][INFO][Rank 0] - train Balanced Acc: 0.7773 AUC-ROC: 0.9605
[2025-11-17 13:54:48][INFO][Rank 0] - train Sensitivity: 0.9890 Specificity: 0.5656
[2025-11-17 13:54:48][INFO][Rank 0] - train Confusion Matrix: TP=18783, FP=212, FN=209, TN=276
[2025-11-17 13:54:48][INFO][Rank 0] - train completed in 1376.26s
[2025-11-17 13:54:48][INFO][Rank 0] - Data loading time: 1.28s, Forward time: 280.00s, Backward time: 745.86s
[2025-11-17 13:54:48][INFO][Rank 0] - train cache: 0/1 items, hit rate: 0.00%
[2025-11-17 13:54:48][INFO][Rank 0] - CUDA Memory [val][Step 0]: Device 0: Allocated: 3309.6 MB, Reserved: 117540.0 MB (Δ: +1687.0 MB)
[2025-11-17 13:54:48][INFO][Rank 0] - val phase: total 406 batches
[2025-11-17 13:54:48][INFO][Rank 0] - val Epoch 4/24: 0.0% (0/406)
[2025-11-17 13:54:53][INFO][Rank 0] - val Epoch 4/24: 2.5% (10/406)
[2025-11-17 13:54:58][INFO][Rank 0] - val Epoch 4/24: 4.9% (20/406)
[2025-11-17 13:55:03][INFO][Rank 0] - val Epoch 4/24: 7.4% (30/406)
[2025-11-17 13:55:08][INFO][Rank 0] - val Epoch 4/24: 9.9% (40/406)
[2025-11-17 13:55:13][INFO][Rank 0] - val Epoch 4/24: 12.3% (50/406)
[2025-11-17 13:55:18][INFO][Rank 0] - val Epoch 4/24: 14.8% (60/406)
[2025-11-17 13:55:23][INFO][Rank 0] - val Epoch 4/24: 17.2% (70/406)
[2025-11-17 13:55:28][INFO][Rank 0] - val Epoch 4/24: 19.7% (80/406)
[2025-11-17 13:55:33][INFO][Rank 0] - val Epoch 4/24: 22.2% (90/406)
[2025-11-17 13:55:38][INFO][Rank 0] - val Epoch 4/24: 24.6% (100/406)
[2025-11-17 13:55:43][INFO][Rank 0] - val Epoch 4/24: 27.1% (110/406)
[2025-11-17 13:55:48][INFO][Rank 0] - val Epoch 4/24: 29.6% (120/406)
[2025-11-17 13:55:49][INFO][Rank 0] - CUDA Memory [val][Step 120]: Device 0: Allocated: 3309.6 MB, Reserved: 117540.0 MB (Δ: +1687.0 MB)
[2025-11-17 13:55:53][INFO][Rank 0] - val Epoch 4/24: 32.0% (130/406)
[2025-11-17 13:55:58][INFO][Rank 0] - val Epoch 4/24: 34.5% (140/406)
[2025-11-17 13:56:03][INFO][Rank 0] - val Epoch 4/24: 36.9% (150/406)
[2025-11-17 13:56:08][INFO][Rank 0] - val Epoch 4/24: 39.4% (160/406)
[2025-11-17 13:56:13][INFO][Rank 0] - val Epoch 4/24: 41.9% (170/406)
[2025-11-17 13:56:18][INFO][Rank 0] - val Epoch 4/24: 44.3% (180/406)
[2025-11-17 13:56:23][INFO][Rank 0] - val Epoch 4/24: 46.8% (190/406)
[2025-11-17 13:56:28][INFO][Rank 0] - val Epoch 4/24: 49.3% (200/406)
[2025-11-17 13:56:33][INFO][Rank 0] - val Epoch 4/24: 51.7% (210/406)
[2025-11-17 13:56:38][INFO][Rank 0] - val Epoch 4/24: 54.2% (220/406)
[2025-11-17 13:56:43][INFO][Rank 0] - val Epoch 4/24: 56.7% (230/406)
[2025-11-17 13:56:48][INFO][Rank 0] - val Epoch 4/24: 59.1% (240/406)
[2025-11-17 13:56:49][INFO][Rank 0] - CUDA Memory [val][Step 240]: Device 0: Allocated: 3309.6 MB, Reserved: 117540.0 MB (Δ: +1687.0 MB)
[2025-11-17 13:56:53][INFO][Rank 0] - val Epoch 4/24: 61.6% (250/406)
[2025-11-17 13:56:58][INFO][Rank 0] - val Epoch 4/24: 64.0% (260/406)
[2025-11-17 13:57:04][INFO][Rank 0] - val Epoch 4/24: 66.5% (270/406)
[2025-11-17 13:57:09][INFO][Rank 0] - val Epoch 4/24: 69.0% (280/406)
[2025-11-17 13:57:14][INFO][Rank 0] - val Epoch 4/24: 71.4% (290/406)
[2025-11-17 13:57:19][INFO][Rank 0] - val Epoch 4/24: 73.9% (300/406)
[2025-11-17 13:57:24][INFO][Rank 0] - val Epoch 4/24: 76.4% (310/406)
[2025-11-17 13:57:29][INFO][Rank 0] - val Epoch 4/24: 78.8% (320/406)
[2025-11-17 13:57:34][INFO][Rank 0] - val Epoch 4/24: 81.3% (330/406)
[2025-11-17 13:57:39][INFO][Rank 0] - val Epoch 4/24: 83.7% (340/406)
[2025-11-17 13:57:44][INFO][Rank 0] - val Epoch 4/24: 86.2% (350/406)
[2025-11-17 13:57:49][INFO][Rank 0] - val Epoch 4/24: 88.7% (360/406)
[2025-11-17 13:57:49][INFO][Rank 0] - CUDA Memory [val][Step 360]: Device 0: Allocated: 3309.6 MB, Reserved: 117540.0 MB (Δ: +1687.0 MB)
[2025-11-17 13:57:54][INFO][Rank 0] - val Epoch 4/24: 91.1% (370/406)
[2025-11-17 13:57:59][INFO][Rank 0] - val Epoch 4/24: 93.6% (380/406)
[2025-11-17 13:58:04][INFO][Rank 0] - val Epoch 4/24: 96.1% (390/406)
[2025-11-17 13:58:09][INFO][Rank 0] - val Epoch 4/24: 98.5% (400/406)
[2025-11-17 13:58:11][INFO][Rank 0] - val Epoch 4/24: 99.8% (405/406)
[2025-11-17 13:58:12][INFO][Rank 0] - val Loss: 0.1447 Acc: 0.9788 F1: 0.9891
[2025-11-17 13:58:12][INFO][Rank 0] - val Balanced Acc: 0.8405 AUC-ROC: 0.9721
[2025-11-17 13:58:12][INFO][Rank 0] - val Sensitivity: 0.9866 Specificity: 0.6944
[2025-11-17 13:58:12][INFO][Rank 0] - val Confusion Matrix: TP=3899, FP=33, FN=53, TN=75
[2025-11-17 13:58:12][INFO][Rank 0] - val completed in 204.14s
[2025-11-17 13:58:12][INFO][Rank 0] - val cache: 0/1 items, hit rate: 0.00%
[2025-11-17 13:58:17][INFO][Rank 0] - Saved new best balanced_acc model with balanced_acc: 0.8405 at /projects/retprogression/rgarridogarcia/checkpoints/cropped1024_cropped_centered_allR_3/best_balanced_acc_model.pth
[2025-11-17 13:58:20][INFO][Rank 0] - Also saved as general best model at /projects/retprogression/rgarridogarcia/checkpoints/cropped1024_cropped_centered_allR_3/best_model.pth
[2025-11-17 13:58:24][INFO][Rank 0] - Saved new best auc model with auc: 0.9721 at /projects/retprogression/rgarridogarcia/checkpoints/cropped1024_cropped_centered_allR_3/best_auc_model.pth
[2025-11-17 13:58:28][INFO][Rank 0] - Saved epoch checkpoint at /projects/retprogression/rgarridogarcia/checkpoints/cropped1024_cropped_centered_allR_3/epoch_4.pth
[2025-11-17 13:58:28][INFO][Rank 0] - Epoch 4 summary:
[2025-11-17 13:58:28][INFO][Rank 0] -  Train Loss: 0.2232, Train Acc: 0.9784, Train F1: 0.9889
[2025-11-17 13:58:28][INFO][Rank 0] -  Train Balanced Acc: 0.7773, Train AUC: 0.9605
[2025-11-17 13:58:28][INFO][Rank 0] -  Train Sensitivity: 0.9890, Train Specificity: 0.5656
[2025-11-17 13:58:28][INFO][Rank 0] -  Val Loss: 0.1447, Val Acc: 0.9788, Val F1: 0.9891
[2025-11-17 13:58:28][INFO][Rank 0] -  Val Balanced Acc: 0.8405, Val AUC: 0.9721
[2025-11-17 13:58:28][INFO][Rank 0] -  Val Sensitivity: 0.9866, Val Specificity: 0.6944
[2025-11-17 13:58:28][INFO][Rank 0] -  Total Epoch Time: 1597.02s
[2025-11-17 13:58:28][INFO][Rank 0] - Epoch 5/24
[2025-11-17 13:58:28][INFO][Rank 0] - ----------
[2025-11-17 13:58:28][INFO][Rank 0] - CUDA Memory [train][Step 0]: Device 0: Allocated: 3309.6 MB, Reserved: 117540.0 MB (Δ: +1687.0 MB)
[2025-11-17 13:58:28][INFO][Rank 0] - train phase: total 1948 batches
[2025-11-17 13:58:29][INFO][Rank 0] - train Epoch 5/24: 0.0% (0/1948)
[2025-11-17 13:58:36][INFO][Rank 0] - train Epoch 5/24: 0.5% (10/1948)
[2025-11-17 13:58:43][INFO][Rank 0] - train Epoch 5/24: 1.0% (20/1948)
[2025-11-17 13:58:50][INFO][Rank 0] - train Epoch 5/24: 1.5% (30/1948)
[2025-11-17 13:58:57][INFO][Rank 0] - train Epoch 5/24: 2.1% (40/1948)
[2025-11-17 13:59:04][INFO][Rank 0] - train Epoch 5/24: 2.6% (50/1948)
[2025-11-17 13:59:11][INFO][Rank 0] - train Epoch 5/24: 3.1% (60/1948)
[2025-11-17 13:59:18][INFO][Rank 0] - train Epoch 5/24: 3.6% (70/1948)
[2025-11-17 13:59:25][INFO][Rank 0] - train Epoch 5/24: 4.1% (80/1948)
[2025-11-17 13:59:32][INFO][Rank 0] - train Epoch 5/24: 4.6% (90/1948)
[2025-11-17 13:59:33][INFO][Rank 0] - CUDA Memory [train][Step 90]: Device 0: Allocated: 3309.6 MB, Reserved: 117540.0 MB (Δ: +1687.0 MB)
[2025-11-17 13:59:39][INFO][Rank 0] - train Epoch 5/24: 5.1% (100/1948)
[2025-11-17 13:59:46][INFO][Rank 0] - train Epoch 5/24: 5.6% (110/1948)
[2025-11-17 13:59:54][INFO][Rank 0] - train Epoch 5/24: 6.2% (120/1948)
[2025-11-17 14:00:01][INFO][Rank 0] - train Epoch 5/24: 6.7% (130/1948)
[2025-11-17 14:00:08][INFO][Rank 0] - train Epoch 5/24: 7.2% (140/1948)
[2025-11-17 14:00:15][INFO][Rank 0] - train Epoch 5/24: 7.7% (150/1948)
[2025-11-17 14:00:22][INFO][Rank 0] - train Epoch 5/24: 8.2% (160/1948)
[2025-11-17 14:00:29][INFO][Rank 0] - train Epoch 5/24: 8.7% (170/1948)
[2025-11-17 14:00:36][INFO][Rank 0] - train Epoch 5/24: 9.2% (180/1948)
[2025-11-17 14:00:37][INFO][Rank 0] - CUDA Memory [train][Step 180]: Device 0: Allocated: 3309.6 MB, Reserved: 117540.0 MB (Δ: +1687.0 MB)
[2025-11-17 14:00:43][INFO][Rank 0] - train Epoch 5/24: 9.8% (190/1948)
[2025-11-17 14:00:50][INFO][Rank 0] - train Epoch 5/24: 10.3% (200/1948)
[2025-11-17 14:00:57][INFO][Rank 0] - train Epoch 5/24: 10.8% (210/1948)
[2025-11-17 14:01:04][INFO][Rank 0] - train Epoch 5/24: 11.3% (220/1948)
[2025-11-17 14:01:11][INFO][Rank 0] - train Epoch 5/24: 11.8% (230/1948)
[2025-11-17 14:01:18][INFO][Rank 0] - train Epoch 5/24: 12.3% (240/1948)
[2025-11-17 14:01:25][INFO][Rank 0] - train Epoch 5/24: 12.8% (250/1948)
[2025-11-17 14:01:32][INFO][Rank 0] - train Epoch 5/24: 13.3% (260/1948)
[2025-11-17 14:01:39][INFO][Rank 0] - train Epoch 5/24: 13.9% (270/1948)
[2025-11-17 14:01:40][INFO][Rank 0] - CUDA Memory [train][Step 270]: Device 0: Allocated: 3309.6 MB, Reserved: 117540.0 MB (Δ: +1687.0 MB)
[2025-11-17 14:01:47][INFO][Rank 0] - train Epoch 5/24: 14.4% (280/1948)
[2025-11-17 14:01:54][INFO][Rank 0] - train Epoch 5/24: 14.9% (290/1948)
[2025-11-17 14:02:01][INFO][Rank 0] - train Epoch 5/24: 15.4% (300/1948)
[2025-11-17 14:02:08][INFO][Rank 0] - train Epoch 5/24: 15.9% (310/1948)
[2025-11-17 14:02:15][INFO][Rank 0] - train Epoch 5/24: 16.4% (320/1948)
[2025-11-17 14:02:22][INFO][Rank 0] - train Epoch 5/24: 16.9% (330/1948)
[2025-11-17 14:02:29][INFO][Rank 0] - train Epoch 5/24: 17.5% (340/1948)
[2025-11-17 14:02:36][INFO][Rank 0] - train Epoch 5/24: 18.0% (350/1948)
[2025-11-17 14:02:43][INFO][Rank 0] - train Epoch 5/24: 18.5% (360/1948)
[2025-11-17 14:02:44][INFO][Rank 0] - CUDA Memory [train][Step 360]: Device 0: Allocated: 3309.6 MB, Reserved: 117540.0 MB (Δ: +1687.0 MB)
[2025-11-17 14:02:50][INFO][Rank 0] - train Epoch 5/24: 19.0% (370/1948)
[2025-11-17 14:02:57][INFO][Rank 0] - train Epoch 5/24: 19.5% (380/1948)
[2025-11-17 14:03:04][INFO][Rank 0] - train Epoch 5/24: 20.0% (390/1948)
[2025-11-17 14:03:11][INFO][Rank 0] - train Epoch 5/24: 20.5% (400/1948)
[2025-11-17 14:03:18][INFO][Rank 0] - train Epoch 5/24: 21.0% (410/1948)
[2025-11-17 14:03:25][INFO][Rank 0] - train Epoch 5/24: 21.6% (420/1948)
[2025-11-17 14:03:32][INFO][Rank 0] - train Epoch 5/24: 22.1% (430/1948)
[2025-11-17 14:03:40][INFO][Rank 0] - train Epoch 5/24: 22.6% (440/1948)
[2025-11-17 14:03:47][INFO][Rank 0] - train Epoch 5/24: 23.1% (450/1948)
[2025-11-17 14:03:47][INFO][Rank 0] - CUDA Memory [train][Step 450]: Device 0: Allocated: 3309.6 MB, Reserved: 117540.0 MB (Δ: +1687.0 MB)
[2025-11-17 14:03:54][INFO][Rank 0] - train Epoch 5/24: 23.6% (460/1948)
[2025-11-17 14:04:01][INFO][Rank 0] - train Epoch 5/24: 24.1% (470/1948)
[2025-11-17 14:04:08][INFO][Rank 0] - train Epoch 5/24: 24.6% (480/1948)
[2025-11-17 14:04:15][INFO][Rank 0] - train Epoch 5/24: 25.2% (490/1948)
[2025-11-17 14:04:22][INFO][Rank 0] - train Epoch 5/24: 25.7% (500/1948)
[2025-11-17 14:04:29][INFO][Rank 0] - train Epoch 5/24: 26.2% (510/1948)
[2025-11-17 14:04:36][INFO][Rank 0] - train Epoch 5/24: 26.7% (520/1948)
[2025-11-17 14:04:43][INFO][Rank 0] - train Epoch 5/24: 27.2% (530/1948)
[2025-11-17 14:04:50][INFO][Rank 0] - train Epoch 5/24: 27.7% (540/1948)
[2025-11-17 14:04:51][INFO][Rank 0] - CUDA Memory [train][Step 540]: Device 0: Allocated: 3309.6 MB, Reserved: 117540.0 MB (Δ: +1687.0 MB)
[2025-11-17 14:04:57][INFO][Rank 0] - train Epoch 5/24: 28.2% (550/1948)
[2025-11-17 14:05:04][INFO][Rank 0] - train Epoch 5/24: 28.7% (560/1948)
[2025-11-17 14:05:11][INFO][Rank 0] - train Epoch 5/24: 29.3% (570/1948)
[2025-11-17 14:05:18][INFO][Rank 0] - train Epoch 5/24: 29.8% (580/1948)
[2025-11-17 14:05:25][INFO][Rank 0] - train Epoch 5/24: 30.3% (590/1948)
[2025-11-17 14:05:32][INFO][Rank 0] - train Epoch 5/24: 30.8% (600/1948)
[2025-11-17 14:05:40][INFO][Rank 0] - train Epoch 5/24: 31.3% (610/1948)
[2025-11-17 14:05:47][INFO][Rank 0] - train Epoch 5/24: 31.8% (620/1948)
[2025-11-17 14:05:54][INFO][Rank 0] - train Epoch 5/24: 32.3% (630/1948)
[2025-11-17 14:05:54][INFO][Rank 0] - CUDA Memory [train][Step 630]: Device 0: Allocated: 3309.6 MB, Reserved: 117540.0 MB (Δ: +1687.0 MB)
[2025-11-17 14:06:01][INFO][Rank 0] - train Epoch 5/24: 32.9% (640/1948)
[2025-11-17 14:06:08][INFO][Rank 0] - train Epoch 5/24: 33.4% (650/1948)
[2025-11-17 14:06:15][INFO][Rank 0] - train Epoch 5/24: 33.9% (660/1948)
[2025-11-17 14:06:22][INFO][Rank 0] - train Epoch 5/24: 34.4% (670/1948)
[2025-11-17 14:06:29][INFO][Rank 0] - train Epoch 5/24: 34.9% (680/1948)
[2025-11-17 14:06:36][INFO][Rank 0] - train Epoch 5/24: 35.4% (690/1948)
[2025-11-17 14:06:43][INFO][Rank 0] - train Epoch 5/24: 35.9% (700/1948)
[2025-11-17 14:06:50][INFO][Rank 0] - train Epoch 5/24: 36.4% (710/1948)
[2025-11-17 14:06:57][INFO][Rank 0] - train Epoch 5/24: 37.0% (720/1948)
[2025-11-17 14:06:58][INFO][Rank 0] - CUDA Memory [train][Step 720]: Device 0: Allocated: 3309.6 MB, Reserved: 117540.0 MB (Δ: +1687.0 MB)
[2025-11-17 14:07:04][INFO][Rank 0] - train Epoch 5/24: 37.5% (730/1948)
[2025-11-17 14:07:11][INFO][Rank 0] - train Epoch 5/24: 38.0% (740/1948)
[2025-11-17 14:07:18][INFO][Rank 0] - train Epoch 5/24: 38.5% (750/1948)
[2025-11-17 14:07:25][INFO][Rank 0] - train Epoch 5/24: 39.0% (760/1948)
[2025-11-17 14:07:33][INFO][Rank 0] - train Epoch 5/24: 39.5% (770/1948)
[2025-11-17 14:07:40][INFO][Rank 0] - train Epoch 5/24: 40.0% (780/1948)
[2025-11-17 14:07:47][INFO][Rank 0] - train Epoch 5/24: 40.6% (790/1948)
[2025-11-17 14:07:54][INFO][Rank 0] - train Epoch 5/24: 41.1% (800/1948)
[2025-11-17 14:08:01][INFO][Rank 0] - train Epoch 5/24: 41.6% (810/1948)
[2025-11-17 14:08:01][INFO][Rank 0] - CUDA Memory [train][Step 810]: Device 0: Allocated: 3309.6 MB, Reserved: 117540.0 MB (Δ: +1687.0 MB)
[2025-11-17 14:08:08][INFO][Rank 0] - train Epoch 5/24: 42.1% (820/1948)
[2025-11-17 14:08:15][INFO][Rank 0] - train Epoch 5/24: 42.6% (830/1948)
[2025-11-17 14:08:22][INFO][Rank 0] - train Epoch 5/24: 43.1% (840/1948)
[2025-11-17 14:08:29][INFO][Rank 0] - train Epoch 5/24: 43.6% (850/1948)
[2025-11-17 14:08:36][INFO][Rank 0] - train Epoch 5/24: 44.1% (860/1948)
[2025-11-17 14:08:43][INFO][Rank 0] - train Epoch 5/24: 44.7% (870/1948)
[2025-11-17 14:08:50][INFO][Rank 0] - train Epoch 5/24: 45.2% (880/1948)
[2025-11-17 14:08:57][INFO][Rank 0] - train Epoch 5/24: 45.7% (890/1948)
[2025-11-17 14:09:04][INFO][Rank 0] - train Epoch 5/24: 46.2% (900/1948)
[2025-11-17 14:09:05][INFO][Rank 0] - CUDA Memory [train][Step 900]: Device 0: Allocated: 3309.6 MB, Reserved: 117540.0 MB (Δ: +1687.0 MB)
[2025-11-17 14:09:11][INFO][Rank 0] - train Epoch 5/24: 46.7% (910/1948)
[2025-11-17 14:09:18][INFO][Rank 0] - train Epoch 5/24: 47.2% (920/1948)
[2025-11-17 14:09:25][INFO][Rank 0] - train Epoch 5/24: 47.7% (930/1948)
[2025-11-17 14:09:33][INFO][Rank 0] - train Epoch 5/24: 48.3% (940/1948)
[2025-11-17 14:09:40][INFO][Rank 0] - train Epoch 5/24: 48.8% (950/1948)
[2025-11-17 14:09:47][INFO][Rank 0] - train Epoch 5/24: 49.3% (960/1948)
[2025-11-17 14:09:54][INFO][Rank 0] - train Epoch 5/24: 49.8% (970/1948)
[2025-11-17 14:10:01][INFO][Rank 0] - train Epoch 5/24: 50.3% (980/1948)
[2025-11-17 14:10:08][INFO][Rank 0] - train Epoch 5/24: 50.8% (990/1948)
[2025-11-17 14:10:09][INFO][Rank 0] - CUDA Memory [train][Step 990]: Device 0: Allocated: 3309.6 MB, Reserved: 117540.0 MB (Δ: +1687.0 MB)
[2025-11-17 14:10:15][INFO][Rank 0] - train Epoch 5/24: 51.3% (1000/1948)
[2025-11-17 14:10:22][INFO][Rank 0] - train Epoch 5/24: 51.8% (1010/1948)
[2025-11-17 14:10:29][INFO][Rank 0] - train Epoch 5/24: 52.4% (1020/1948)
[2025-11-17 14:10:36][INFO][Rank 0] - train Epoch 5/24: 52.9% (1030/1948)
[2025-11-17 14:10:43][INFO][Rank 0] - train Epoch 5/24: 53.4% (1040/1948)
[2025-11-17 14:10:50][INFO][Rank 0] - train Epoch 5/24: 53.9% (1050/1948)
[2025-11-17 14:10:57][INFO][Rank 0] - train Epoch 5/24: 54.4% (1060/1948)
[2025-11-17 14:11:04][INFO][Rank 0] - train Epoch 5/24: 54.9% (1070/1948)
[2025-11-17 14:11:11][INFO][Rank 0] - train Epoch 5/24: 55.4% (1080/1948)
[2025-11-17 14:11:12][INFO][Rank 0] - CUDA Memory [train][Step 1080]: Device 0: Allocated: 3309.6 MB, Reserved: 117540.0 MB (Δ: +1687.0 MB)
[2025-11-17 14:11:18][INFO][Rank 0] - train Epoch 5/24: 56.0% (1090/1948)
[2025-11-17 14:11:26][INFO][Rank 0] - train Epoch 5/24: 56.5% (1100/1948)
[2025-11-17 14:11:33][INFO][Rank 0] - train Epoch 5/24: 57.0% (1110/1948)
[2025-11-17 14:11:40][INFO][Rank 0] - train Epoch 5/24: 57.5% (1120/1948)
[2025-11-17 14:11:47][INFO][Rank 0] - train Epoch 5/24: 58.0% (1130/1948)
[2025-11-17 14:11:54][INFO][Rank 0] - train Epoch 5/24: 58.5% (1140/1948)
[2025-11-17 14:12:01][INFO][Rank 0] - train Epoch 5/24: 59.0% (1150/1948)
[2025-11-17 14:12:08][INFO][Rank 0] - train Epoch 5/24: 59.5% (1160/1948)
[2025-11-17 14:12:15][INFO][Rank 0] - train Epoch 5/24: 60.1% (1170/1948)
[2025-11-17 14:12:16][INFO][Rank 0] - CUDA Memory [train][Step 1170]: Device 0: Allocated: 3309.6 MB, Reserved: 117540.0 MB (Δ: +1687.0 MB)
[2025-11-17 14:12:22][INFO][Rank 0] - train Epoch 5/24: 60.6% (1180/1948)
[2025-11-17 14:12:29][INFO][Rank 0] - train Epoch 5/24: 61.1% (1190/1948)
[2025-11-17 14:12:36][INFO][Rank 0] - train Epoch 5/24: 61.6% (1200/1948)
[2025-11-17 14:12:43][INFO][Rank 0] - train Epoch 5/24: 62.1% (1210/1948)
[2025-11-17 14:12:50][INFO][Rank 0] - train Epoch 5/24: 62.6% (1220/1948)
[2025-11-17 14:12:57][INFO][Rank 0] - train Epoch 5/24: 63.1% (1230/1948)
[2025-11-17 14:13:04][INFO][Rank 0] - train Epoch 5/24: 63.7% (1240/1948)
[2025-11-17 14:13:11][INFO][Rank 0] - train Epoch 5/24: 64.2% (1250/1948)
[2025-11-17 14:13:18][INFO][Rank 0] - train Epoch 5/24: 64.7% (1260/1948)
[2025-11-17 14:13:19][INFO][Rank 0] - CUDA Memory [train][Step 1260]: Device 0: Allocated: 3309.6 MB, Reserved: 117540.0 MB (Δ: +1687.0 MB)
[2025-11-17 14:13:26][INFO][Rank 0] - train Epoch 5/24: 65.2% (1270/1948)
[2025-11-17 14:13:33][INFO][Rank 0] - train Epoch 5/24: 65.7% (1280/1948)
[2025-11-17 14:13:40][INFO][Rank 0] - train Epoch 5/24: 66.2% (1290/1948)
[2025-11-17 14:13:47][INFO][Rank 0] - train Epoch 5/24: 66.7% (1300/1948)
[2025-11-17 14:13:54][INFO][Rank 0] - train Epoch 5/24: 67.2% (1310/1948)
[2025-11-17 14:14:01][INFO][Rank 0] - train Epoch 5/24: 67.8% (1320/1948)
[2025-11-17 14:14:08][INFO][Rank 0] - train Epoch 5/24: 68.3% (1330/1948)
[2025-11-17 14:14:15][INFO][Rank 0] - train Epoch 5/24: 68.8% (1340/1948)
[2025-11-17 14:14:22][INFO][Rank 0] - train Epoch 5/24: 69.3% (1350/1948)
[2025-11-17 14:14:23][INFO][Rank 0] - CUDA Memory [train][Step 1350]: Device 0: Allocated: 3309.6 MB, Reserved: 117540.0 MB (Δ: +1687.0 MB)
[2025-11-17 14:14:29][INFO][Rank 0] - train Epoch 5/24: 69.8% (1360/1948)
[2025-11-17 14:14:36][INFO][Rank 0] - train Epoch 5/24: 70.3% (1370/1948)
[2025-11-17 14:14:43][INFO][Rank 0] - train Epoch 5/24: 70.8% (1380/1948)
[2025-11-17 14:14:50][INFO][Rank 0] - train Epoch 5/24: 71.4% (1390/1948)
[2025-11-17 14:14:57][INFO][Rank 0] - train Epoch 5/24: 71.9% (1400/1948)
[2025-11-17 14:15:04][INFO][Rank 0] - train Epoch 5/24: 72.4% (1410/1948)
[2025-11-17 14:15:11][INFO][Rank 0] - train Epoch 5/24: 72.9% (1420/1948)
[2025-11-17 14:15:19][INFO][Rank 0] - train Epoch 5/24: 73.4% (1430/1948)
[2025-11-17 14:15:26][INFO][Rank 0] - train Epoch 5/24: 73.9% (1440/1948)
[2025-11-17 14:15:26][INFO][Rank 0] - CUDA Memory [train][Step 1440]: Device 0: Allocated: 3309.6 MB, Reserved: 117540.0 MB (Δ: +1687.0 MB)
[2025-11-17 14:15:33][INFO][Rank 0] - train Epoch 5/24: 74.4% (1450/1948)
[2025-11-17 14:15:40][INFO][Rank 0] - train Epoch 5/24: 74.9% (1460/1948)
[2025-11-17 14:15:47][INFO][Rank 0] - train Epoch 5/24: 75.5% (1470/1948)
[2025-11-17 14:15:54][INFO][Rank 0] - train Epoch 5/24: 76.0% (1480/1948)
[2025-11-17 14:16:01][INFO][Rank 0] - train Epoch 5/24: 76.5% (1490/1948)
[2025-11-17 14:16:08][INFO][Rank 0] - train Epoch 5/24: 77.0% (1500/1948)
[2025-11-17 14:16:15][INFO][Rank 0] - train Epoch 5/24: 77.5% (1510/1948)
[2025-11-17 14:16:22][INFO][Rank 0] - train Epoch 5/24: 78.0% (1520/1948)
[2025-11-17 14:16:29][INFO][Rank 0] - train Epoch 5/24: 78.5% (1530/1948)
[2025-11-17 14:16:30][INFO][Rank 0] - CUDA Memory [train][Step 1530]: Device 0: Allocated: 3309.6 MB, Reserved: 117540.0 MB (Δ: +1687.0 MB)
[2025-11-17 14:16:36][INFO][Rank 0] - train Epoch 5/24: 79.1% (1540/1948)
[2025-11-17 14:16:43][INFO][Rank 0] - train Epoch 5/24: 79.6% (1550/1948)
[2025-11-17 14:16:50][INFO][Rank 0] - train Epoch 5/24: 80.1% (1560/1948)
[2025-11-17 14:16:57][INFO][Rank 0] - train Epoch 5/24: 80.6% (1570/1948)
[2025-11-17 14:17:04][INFO][Rank 0] - train Epoch 5/24: 81.1% (1580/1948)
[2025-11-17 14:17:12][INFO][Rank 0] - train Epoch 5/24: 81.6% (1590/1948)
[2025-11-17 14:17:19][INFO][Rank 0] - train Epoch 5/24: 82.1% (1600/1948)
[2025-11-17 14:17:26][INFO][Rank 0] - train Epoch 5/24: 82.6% (1610/1948)
[2025-11-17 14:17:33][INFO][Rank 0] - train Epoch 5/24: 83.2% (1620/1948)
[2025-11-17 14:17:33][INFO][Rank 0] - CUDA Memory [train][Step 1620]: Device 0: Allocated: 3309.6 MB, Reserved: 117540.0 MB (Δ: +1687.0 MB)
[2025-11-17 14:17:40][INFO][Rank 0] - train Epoch 5/24: 83.7% (1630/1948)
[2025-11-17 14:17:47][INFO][Rank 0] - train Epoch 5/24: 84.2% (1640/1948)
[2025-11-17 14:17:54][INFO][Rank 0] - train Epoch 5/24: 84.7% (1650/1948)
[2025-11-17 14:18:01][INFO][Rank 0] - train Epoch 5/24: 85.2% (1660/1948)
[2025-11-17 14:18:08][INFO][Rank 0] - train Epoch 5/24: 85.7% (1670/1948)
[2025-11-17 14:18:15][INFO][Rank 0] - train Epoch 5/24: 86.2% (1680/1948)
[2025-11-17 14:18:22][INFO][Rank 0] - train Epoch 5/24: 86.8% (1690/1948)
[2025-11-17 14:18:29][INFO][Rank 0] - train Epoch 5/24: 87.3% (1700/1948)
[2025-11-17 14:18:36][INFO][Rank 0] - train Epoch 5/24: 87.8% (1710/1948)
[2025-11-17 14:18:37][INFO][Rank 0] - CUDA Memory [train][Step 1710]: Device 0: Allocated: 3309.6 MB, Reserved: 117540.0 MB (Δ: +1687.0 MB)
[2025-11-17 14:18:43][INFO][Rank 0] - train Epoch 5/24: 88.3% (1720/1948)
[2025-11-17 14:18:50][INFO][Rank 0] - train Epoch 5/24: 88.8% (1730/1948)
[2025-11-17 14:18:57][INFO][Rank 0] - train Epoch 5/24: 89.3% (1740/1948)
[2025-11-17 14:19:04][INFO][Rank 0] - train Epoch 5/24: 89.8% (1750/1948)
[2025-11-17 14:19:12][INFO][Rank 0] - train Epoch 5/24: 90.3% (1760/1948)
[2025-11-17 14:19:19][INFO][Rank 0] - train Epoch 5/24: 90.9% (1770/1948)
[2025-11-17 14:19:26][INFO][Rank 0] - train Epoch 5/24: 91.4% (1780/1948)
[2025-11-17 14:19:33][INFO][Rank 0] - train Epoch 5/24: 91.9% (1790/1948)
[2025-11-17 14:19:40][INFO][Rank 0] - train Epoch 5/24: 92.4% (1800/1948)
[2025-11-17 14:19:41][INFO][Rank 0] - CUDA Memory [train][Step 1800]: Device 0: Allocated: 3309.6 MB, Reserved: 117540.0 MB (Δ: +1687.0 MB)
[2025-11-17 14:19:47][INFO][Rank 0] - train Epoch 5/24: 92.9% (1810/1948)
[2025-11-17 14:19:54][INFO][Rank 0] - train Epoch 5/24: 93.4% (1820/1948)
[2025-11-17 14:20:01][INFO][Rank 0] - train Epoch 5/24: 93.9% (1830/1948)
[2025-11-17 14:20:08][INFO][Rank 0] - train Epoch 5/24: 94.5% (1840/1948)
[2025-11-17 14:20:15][INFO][Rank 0] - train Epoch 5/24: 95.0% (1850/1948)
[2025-11-17 14:20:22][INFO][Rank 0] - train Epoch 5/24: 95.5% (1860/1948)
[2025-11-17 14:20:29][INFO][Rank 0] - train Epoch 5/24: 96.0% (1870/1948)
[2025-11-17 14:20:36][INFO][Rank 0] - train Epoch 5/24: 96.5% (1880/1948)
[2025-11-17 14:20:43][INFO][Rank 0] - train Epoch 5/24: 97.0% (1890/1948)
[2025-11-17 14:20:44][INFO][Rank 0] - CUDA Memory [train][Step 1890]: Device 0: Allocated: 3309.6 MB, Reserved: 117540.0 MB (Δ: +1687.0 MB)
[2025-11-17 14:20:50][INFO][Rank 0] - train Epoch 5/24: 97.5% (1900/1948)
[2025-11-17 14:20:57][INFO][Rank 0] - train Epoch 5/24: 98.0% (1910/1948)
[2025-11-17 14:21:05][INFO][Rank 0] - train Epoch 5/24: 98.6% (1920/1948)
[2025-11-17 14:21:12][INFO][Rank 0] - train Epoch 5/24: 99.1% (1930/1948)
[2025-11-17 14:21:19][INFO][Rank 0] - train Epoch 5/24: 99.6% (1940/1948)
[2025-11-17 14:21:24][INFO][Rank 0] - train Epoch 5/24: 99.9% (1947/1948)
[2025-11-17 14:21:24][INFO][Rank 0] - train Loss: 0.1999 Acc: 0.9771 F1: 0.9882
[2025-11-17 14:21:24][INFO][Rank 0] - train Balanced Acc: 0.8125 AUC-ROC: 0.9629
[2025-11-17 14:21:24][INFO][Rank 0] - train Sensitivity: 0.9857 Specificity: 0.6393
[2025-11-17 14:21:24][INFO][Rank 0] - train Confusion Matrix: TP=18721, FP=176, FN=271, TN=312
[2025-11-17 14:21:24][INFO][Rank 0] - train completed in 1375.94s
[2025-11-17 14:21:24][INFO][Rank 0] - Data loading time: 1.10s, Forward time: 279.99s, Backward time: 745.70s
[2025-11-17 14:21:24][INFO][Rank 0] - train cache: 0/1 items, hit rate: 0.00%
[2025-11-17 14:21:24][INFO][Rank 0] - CUDA Memory [val][Step 0]: Device 0: Allocated: 3309.6 MB, Reserved: 117540.0 MB (Δ: +1687.0 MB)
[2025-11-17 14:21:24][INFO][Rank 0] - val phase: total 406 batches
[2025-11-17 14:21:25][INFO][Rank 0] - val Epoch 5/24: 0.0% (0/406)
[2025-11-17 14:21:30][INFO][Rank 0] - val Epoch 5/24: 2.5% (10/406)
[2025-11-17 14:21:35][INFO][Rank 0] - val Epoch 5/24: 4.9% (20/406)
[2025-11-17 14:21:40][INFO][Rank 0] - val Epoch 5/24: 7.4% (30/406)
[2025-11-17 14:21:45][INFO][Rank 0] - val Epoch 5/24: 9.9% (40/406)
[2025-11-17 14:21:50][INFO][Rank 0] - val Epoch 5/24: 12.3% (50/406)
[2025-11-17 14:21:55][INFO][Rank 0] - val Epoch 5/24: 14.8% (60/406)
[2025-11-17 14:22:00][INFO][Rank 0] - val Epoch 5/24: 17.2% (70/406)
[2025-11-17 14:22:05][INFO][Rank 0] - val Epoch 5/24: 19.7% (80/406)
[2025-11-17 14:22:10][INFO][Rank 0] - val Epoch 5/24: 22.2% (90/406)
[2025-11-17 14:22:15][INFO][Rank 0] - val Epoch 5/24: 24.6% (100/406)
[2025-11-17 14:22:20][INFO][Rank 0] - val Epoch 5/24: 27.1% (110/406)
[2025-11-17 14:22:25][INFO][Rank 0] - val Epoch 5/24: 29.6% (120/406)
[2025-11-17 14:22:25][INFO][Rank 0] - CUDA Memory [val][Step 120]: Device 0: Allocated: 3309.6 MB, Reserved: 117540.0 MB (Δ: +1687.0 MB)
[2025-11-17 14:22:30][INFO][Rank 0] - val Epoch 5/24: 32.0% (130/406)
[2025-11-17 14:22:35][INFO][Rank 0] - val Epoch 5/24: 34.5% (140/406)
[2025-11-17 14:22:40][INFO][Rank 0] - val Epoch 5/24: 36.9% (150/406)
[2025-11-17 14:22:45][INFO][Rank 0] - val Epoch 5/24: 39.4% (160/406)
[2025-11-17 14:22:50][INFO][Rank 0] - val Epoch 5/24: 41.9% (170/406)
[2025-11-17 14:22:55][INFO][Rank 0] - val Epoch 5/24: 44.3% (180/406)
[2025-11-17 14:23:00][INFO][Rank 0] - val Epoch 5/24: 46.8% (190/406)
[2025-11-17 14:23:05][INFO][Rank 0] - val Epoch 5/24: 49.3% (200/406)
[2025-11-17 14:23:10][INFO][Rank 0] - val Epoch 5/24: 51.7% (210/406)
[2025-11-17 14:23:15][INFO][Rank 0] - val Epoch 5/24: 54.2% (220/406)
[2025-11-17 14:23:20][INFO][Rank 0] - val Epoch 5/24: 56.7% (230/406)
[2025-11-17 14:23:25][INFO][Rank 0] - val Epoch 5/24: 59.1% (240/406)
[2025-11-17 14:23:26][INFO][Rank 0] - CUDA Memory [val][Step 240]: Device 0: Allocated: 3309.6 MB, Reserved: 117540.0 MB (Δ: +1687.0 MB)
[2025-11-17 14:23:30][INFO][Rank 0] - val Epoch 5/24: 61.6% (250/406)
[2025-11-17 14:23:35][INFO][Rank 0] - val Epoch 5/24: 64.0% (260/406)
[2025-11-17 14:23:40][INFO][Rank 0] - val Epoch 5/24: 66.5% (270/406)
[2025-11-17 14:23:45][INFO][Rank 0] - val Epoch 5/24: 69.0% (280/406)
[2025-11-17 14:23:50][INFO][Rank 0] - val Epoch 5/24: 71.4% (290/406)
[2025-11-17 14:23:55][INFO][Rank 0] - val Epoch 5/24: 73.9% (300/406)
[2025-11-17 14:24:00][INFO][Rank 0] - val Epoch 5/24: 76.4% (310/406)
[2025-11-17 14:24:05][INFO][Rank 0] - val Epoch 5/24: 78.8% (320/406)
[2025-11-17 14:24:10][INFO][Rank 0] - val Epoch 5/24: 81.3% (330/406)
[2025-11-17 14:24:15][INFO][Rank 0] - val Epoch 5/24: 83.7% (340/406)
[2025-11-17 14:24:20][INFO][Rank 0] - val Epoch 5/24: 86.2% (350/406)
[2025-11-17 14:24:25][INFO][Rank 0] - val Epoch 5/24: 88.7% (360/406)
[2025-11-17 14:24:26][INFO][Rank 0] - CUDA Memory [val][Step 360]: Device 0: Allocated: 3309.6 MB, Reserved: 117540.0 MB (Δ: +1687.0 MB)
[2025-11-17 14:24:30][INFO][Rank 0] - val Epoch 5/24: 91.1% (370/406)
[2025-11-17 14:24:36][INFO][Rank 0] - val Epoch 5/24: 93.6% (380/406)
[2025-11-17 14:24:41][INFO][Rank 0] - val Epoch 5/24: 96.1% (390/406)
[2025-11-17 14:24:46][INFO][Rank 0] - val Epoch 5/24: 98.5% (400/406)
[2025-11-17 14:24:48][INFO][Rank 0] - val Epoch 5/24: 99.8% (405/406)
[2025-11-17 14:24:49][INFO][Rank 0] - val Loss: 0.1350 Acc: 0.9754 F1: 0.9873
[2025-11-17 14:24:49][INFO][Rank 0] - val Balanced Acc: 0.8658 AUC-ROC: 0.9732
[2025-11-17 14:24:49][INFO][Rank 0] - val Sensitivity: 0.9815 Specificity: 0.7500
[2025-11-17 14:24:49][INFO][Rank 0] - val Confusion Matrix: TP=3879, FP=27, FN=73, TN=81
[2025-11-17 14:24:49][INFO][Rank 0] - val completed in 204.24s
[2025-11-17 14:24:49][INFO][Rank 0] - val cache: 0/1 items, hit rate: 0.00%
[2025-11-17 14:24:53][INFO][Rank 0] - Saved new best balanced_acc model with balanced_acc: 0.8658 at /projects/retprogression/rgarridogarcia/checkpoints/cropped1024_cropped_centered_allR_3/best_balanced_acc_model.pth
[2025-11-17 14:24:57][INFO][Rank 0] - Also saved as general best model at /projects/retprogression/rgarridogarcia/checkpoints/cropped1024_cropped_centered_allR_3/best_model.pth
[2025-11-17 14:25:01][INFO][Rank 0] - Saved new best auc model with auc: 0.9732 at /projects/retprogression/rgarridogarcia/checkpoints/cropped1024_cropped_centered_allR_3/best_auc_model.pth
[2025-11-17 14:25:05][INFO][Rank 0] - Saved epoch checkpoint at /projects/retprogression/rgarridogarcia/checkpoints/cropped1024_cropped_centered_allR_3/epoch_5.pth
[2025-11-17 14:25:05][INFO][Rank 0] - Epoch 5 summary:
[2025-11-17 14:25:05][INFO][Rank 0] -  Train Loss: 0.1999, Train Acc: 0.9771, Train F1: 0.9882
[2025-11-17 14:25:05][INFO][Rank 0] -  Train Balanced Acc: 0.8125, Train AUC: 0.9629
[2025-11-17 14:25:05][INFO][Rank 0] -  Train Sensitivity: 0.9857, Train Specificity: 0.6393
[2025-11-17 14:25:05][INFO][Rank 0] -  Val Loss: 0.1350, Val Acc: 0.9754, Val F1: 0.9873
[2025-11-17 14:25:05][INFO][Rank 0] -  Val Balanced Acc: 0.8658, Val AUC: 0.9732
[2025-11-17 14:25:05][INFO][Rank 0] -  Val Sensitivity: 0.9815, Val Specificity: 0.7500
[2025-11-17 14:25:05][INFO][Rank 0] -  Total Epoch Time: 1596.96s
[2025-11-17 14:25:05][INFO][Rank 0] - Epoch 6/24
[2025-11-17 14:25:05][INFO][Rank 0] - ----------
[2025-11-17 14:25:05][INFO][Rank 0] - CUDA Memory [train][Step 0]: Device 0: Allocated: 3309.6 MB, Reserved: 117540.0 MB (Δ: +1687.0 MB)
[2025-11-17 14:25:05][INFO][Rank 0] - train phase: total 1948 batches
[2025-11-17 14:25:06][INFO][Rank 0] - train Epoch 6/24: 0.0% (0/1948)
[2025-11-17 14:25:13][INFO][Rank 0] - train Epoch 6/24: 0.5% (10/1948)
[2025-11-17 14:25:20][INFO][Rank 0] - train Epoch 6/24: 1.0% (20/1948)
[2025-11-17 14:25:27][INFO][Rank 0] - train Epoch 6/24: 1.5% (30/1948)
[2025-11-17 14:25:34][INFO][Rank 0] - train Epoch 6/24: 2.1% (40/1948)
[2025-11-17 14:25:41][INFO][Rank 0] - train Epoch 6/24: 2.6% (50/1948)
[2025-11-17 14:25:48][INFO][Rank 0] - train Epoch 6/24: 3.1% (60/1948)
[2025-11-17 14:25:55][INFO][Rank 0] - train Epoch 6/24: 3.6% (70/1948)
[2025-11-17 14:26:02][INFO][Rank 0] - train Epoch 6/24: 4.1% (80/1948)
[2025-11-17 14:26:09][INFO][Rank 0] - train Epoch 6/24: 4.6% (90/1948)
[2025-11-17 14:26:10][INFO][Rank 0] - CUDA Memory [train][Step 90]: Device 0: Allocated: 3309.6 MB, Reserved: 117540.0 MB (Δ: +1687.0 MB)
[2025-11-17 14:26:17][INFO][Rank 0] - train Epoch 6/24: 5.1% (100/1948)
[2025-11-17 14:26:24][INFO][Rank 0] - train Epoch 6/24: 5.6% (110/1948)
[2025-11-17 14:26:31][INFO][Rank 0] - train Epoch 6/24: 6.2% (120/1948)
[2025-11-17 14:26:38][INFO][Rank 0] - train Epoch 6/24: 6.7% (130/1948)
[2025-11-17 14:26:45][INFO][Rank 0] - train Epoch 6/24: 7.2% (140/1948)
[2025-11-17 14:26:52][INFO][Rank 0] - train Epoch 6/24: 7.7% (150/1948)
[2025-11-17 14:26:59][INFO][Rank 0] - train Epoch 6/24: 8.2% (160/1948)
[2025-11-17 14:27:06][INFO][Rank 0] - train Epoch 6/24: 8.7% (170/1948)
[2025-11-17 14:27:13][INFO][Rank 0] - train Epoch 6/24: 9.2% (180/1948)
[2025-11-17 14:27:14][INFO][Rank 0] - CUDA Memory [train][Step 180]: Device 0: Allocated: 3309.6 MB, Reserved: 117540.0 MB (Δ: +1687.0 MB)
[2025-11-17 14:27:20][INFO][Rank 0] - train Epoch 6/24: 9.8% (190/1948)
[2025-11-17 14:27:27][INFO][Rank 0] - train Epoch 6/24: 10.3% (200/1948)
[2025-11-17 14:27:34][INFO][Rank 0] - train Epoch 6/24: 10.8% (210/1948)
[2025-11-17 14:27:41][INFO][Rank 0] - train Epoch 6/24: 11.3% (220/1948)
[2025-11-17 14:27:48][INFO][Rank 0] - train Epoch 6/24: 11.8% (230/1948)
[2025-11-17 14:27:55][INFO][Rank 0] - train Epoch 6/24: 12.3% (240/1948)
[2025-11-17 14:28:02][INFO][Rank 0] - train Epoch 6/24: 12.8% (250/1948)
[2025-11-17 14:28:10][INFO][Rank 0] - train Epoch 6/24: 13.3% (260/1948)
[2025-11-17 14:28:17][INFO][Rank 0] - train Epoch 6/24: 13.9% (270/1948)
[2025-11-17 14:28:17][INFO][Rank 0] - CUDA Memory [train][Step 270]: Device 0: Allocated: 3309.6 MB, Reserved: 117540.0 MB (Δ: +1687.0 MB)
[2025-11-17 14:28:24][INFO][Rank 0] - train Epoch 6/24: 14.4% (280/1948)
[2025-11-17 14:28:31][INFO][Rank 0] - train Epoch 6/24: 14.9% (290/1948)
[2025-11-17 14:28:38][INFO][Rank 0] - train Epoch 6/24: 15.4% (300/1948)
[2025-11-17 14:28:45][INFO][Rank 0] - train Epoch 6/24: 15.9% (310/1948)
[2025-11-17 14:28:52][INFO][Rank 0] - train Epoch 6/24: 16.4% (320/1948)
[2025-11-17 14:28:59][INFO][Rank 0] - train Epoch 6/24: 16.9% (330/1948)
[2025-11-17 14:29:06][INFO][Rank 0] - train Epoch 6/24: 17.5% (340/1948)
[2025-11-17 14:29:13][INFO][Rank 0] - train Epoch 6/24: 18.0% (350/1948)
[2025-11-17 14:29:20][INFO][Rank 0] - train Epoch 6/24: 18.5% (360/1948)
[2025-11-17 14:29:21][INFO][Rank 0] - CUDA Memory [train][Step 360]: Device 0: Allocated: 3309.6 MB, Reserved: 117540.0 MB (Δ: +1687.0 MB)
[2025-11-17 14:29:27][INFO][Rank 0] - train Epoch 6/24: 19.0% (370/1948)
[2025-11-17 14:29:34][INFO][Rank 0] - train Epoch 6/24: 19.5% (380/1948)
[2025-11-17 14:29:41][INFO][Rank 0] - train Epoch 6/24: 20.0% (390/1948)
[2025-11-17 14:29:48][INFO][Rank 0] - train Epoch 6/24: 20.5% (400/1948)
[2025-11-17 14:29:55][INFO][Rank 0] - train Epoch 6/24: 21.0% (410/1948)
[2025-11-17 14:30:02][INFO][Rank 0] - train Epoch 6/24: 21.6% (420/1948)
[2025-11-17 14:30:09][INFO][Rank 0] - train Epoch 6/24: 22.1% (430/1948)
[2025-11-17 14:30:17][INFO][Rank 0] - train Epoch 6/24: 22.6% (440/1948)
[2025-11-17 14:30:24][INFO][Rank 0] - train Epoch 6/24: 23.1% (450/1948)
[2025-11-17 14:30:24][INFO][Rank 0] - CUDA Memory [train][Step 450]: Device 0: Allocated: 3309.6 MB, Reserved: 117540.0 MB (Δ: +1687.0 MB)
[2025-11-17 14:30:31][INFO][Rank 0] - train Epoch 6/24: 23.6% (460/1948)
[2025-11-17 14:30:38][INFO][Rank 0] - train Epoch 6/24: 24.1% (470/1948)
[2025-11-17 14:30:45][INFO][Rank 0] - train Epoch 6/24: 24.6% (480/1948)
[2025-11-17 14:30:52][INFO][Rank 0] - train Epoch 6/24: 25.2% (490/1948)
[2025-11-17 14:30:59][INFO][Rank 0] - train Epoch 6/24: 25.7% (500/1948)
[2025-11-17 14:31:06][INFO][Rank 0] - train Epoch 6/24: 26.2% (510/1948)
[2025-11-17 14:31:13][INFO][Rank 0] - train Epoch 6/24: 26.7% (520/1948)
[2025-11-17 14:31:20][INFO][Rank 0] - train Epoch 6/24: 27.2% (530/1948)
[2025-11-17 14:31:27][INFO][Rank 0] - train Epoch 6/24: 27.7% (540/1948)
[2025-11-17 14:31:28][INFO][Rank 0] - CUDA Memory [train][Step 540]: Device 0: Allocated: 3309.6 MB, Reserved: 117540.0 MB (Δ: +1687.0 MB)
[2025-11-17 14:31:34][INFO][Rank 0] - train Epoch 6/24: 28.2% (550/1948)
[2025-11-17 14:31:41][INFO][Rank 0] - train Epoch 6/24: 28.7% (560/1948)
[2025-11-17 14:31:48][INFO][Rank 0] - train Epoch 6/24: 29.3% (570/1948)
[2025-11-17 14:31:55][INFO][Rank 0] - train Epoch 6/24: 29.8% (580/1948)
[2025-11-17 14:32:02][INFO][Rank 0] - train Epoch 6/24: 30.3% (590/1948)
[2025-11-17 14:32:09][INFO][Rank 0] - train Epoch 6/24: 30.8% (600/1948)
[2025-11-17 14:32:17][INFO][Rank 0] - train Epoch 6/24: 31.3% (610/1948)
[2025-11-17 14:32:24][INFO][Rank 0] - train Epoch 6/24: 31.8% (620/1948)
[2025-11-17 14:32:31][INFO][Rank 0] - train Epoch 6/24: 32.3% (630/1948)
[2025-11-17 14:32:31][INFO][Rank 0] - CUDA Memory [train][Step 630]: Device 0: Allocated: 3309.6 MB, Reserved: 117540.0 MB (Δ: +1687.0 MB)
[2025-11-17 14:32:38][INFO][Rank 0] - train Epoch 6/24: 32.9% (640/1948)
[2025-11-17 14:32:45][INFO][Rank 0] - train Epoch 6/24: 33.4% (650/1948)
[2025-11-17 14:32:52][INFO][Rank 0] - train Epoch 6/24: 33.9% (660/1948)
[2025-11-17 14:32:59][INFO][Rank 0] - train Epoch 6/24: 34.4% (670/1948)
[2025-11-17 14:33:06][INFO][Rank 0] - train Epoch 6/24: 34.9% (680/1948)
[2025-11-17 14:33:13][INFO][Rank 0] - train Epoch 6/24: 35.4% (690/1948)
[2025-11-17 14:33:20][INFO][Rank 0] - train Epoch 6/24: 35.9% (700/1948)
[2025-11-17 14:33:27][INFO][Rank 0] - train Epoch 6/24: 36.4% (710/1948)
[2025-11-17 14:33:34][INFO][Rank 0] - train Epoch 6/24: 37.0% (720/1948)
[2025-11-17 14:33:35][INFO][Rank 0] - CUDA Memory [train][Step 720]: Device 0: Allocated: 3309.6 MB, Reserved: 117540.0 MB (Δ: +1687.0 MB)
[2025-11-17 14:33:41][INFO][Rank 0] - train Epoch 6/24: 37.5% (730/1948)
[2025-11-17 14:33:48][INFO][Rank 0] - train Epoch 6/24: 38.0% (740/1948)
[2025-11-17 14:33:55][INFO][Rank 0] - train Epoch 6/24: 38.5% (750/1948)
[2025-11-17 14:34:02][INFO][Rank 0] - train Epoch 6/24: 39.0% (760/1948)
[2025-11-17 14:34:09][INFO][Rank 0] - train Epoch 6/24: 39.5% (770/1948)
[2025-11-17 14:34:17][INFO][Rank 0] - train Epoch 6/24: 40.0% (780/1948)
[2025-11-17 14:34:24][INFO][Rank 0] - train Epoch 6/24: 40.6% (790/1948)
[2025-11-17 14:34:31][INFO][Rank 0] - train Epoch 6/24: 41.1% (800/1948)
[2025-11-17 14:34:38][INFO][Rank 0] - train Epoch 6/24: 41.6% (810/1948)
[2025-11-17 14:34:38][INFO][Rank 0] - CUDA Memory [train][Step 810]: Device 0: Allocated: 3309.6 MB, Reserved: 117540.0 MB (Δ: +1687.0 MB)
[2025-11-17 14:34:45][INFO][Rank 0] - train Epoch 6/24: 42.1% (820/1948)
[2025-11-17 14:34:52][INFO][Rank 0] - train Epoch 6/24: 42.6% (830/1948)
[2025-11-17 14:34:59][INFO][Rank 0] - train Epoch 6/24: 43.1% (840/1948)
[2025-11-17 14:35:06][INFO][Rank 0] - train Epoch 6/24: 43.6% (850/1948)
[2025-11-17 14:35:13][INFO][Rank 0] - train Epoch 6/24: 44.1% (860/1948)
[2025-11-17 14:35:20][INFO][Rank 0] - train Epoch 6/24: 44.7% (870/1948)
[2025-11-17 14:35:27][INFO][Rank 0] - train Epoch 6/24: 45.2% (880/1948)
[2025-11-17 14:35:34][INFO][Rank 0] - train Epoch 6/24: 45.7% (890/1948)
[2025-11-17 14:35:41][INFO][Rank 0] - train Epoch 6/24: 46.2% (900/1948)
[2025-11-17 14:35:42][INFO][Rank 0] - CUDA Memory [train][Step 900]: Device 0: Allocated: 3309.6 MB, Reserved: 117540.0 MB (Δ: +1687.0 MB)
[2025-11-17 14:35:48][INFO][Rank 0] - train Epoch 6/24: 46.7% (910/1948)
[2025-11-17 14:35:55][INFO][Rank 0] - train Epoch 6/24: 47.2% (920/1948)
[2025-11-17 14:36:02][INFO][Rank 0] - train Epoch 6/24: 47.7% (930/1948)
[2025-11-17 14:36:09][INFO][Rank 0] - train Epoch 6/24: 48.3% (940/1948)
[2025-11-17 14:36:16][INFO][Rank 0] - train Epoch 6/24: 48.8% (950/1948)
[2025-11-17 14:36:23][INFO][Rank 0] - train Epoch 6/24: 49.3% (960/1948)
[2025-11-17 14:36:31][INFO][Rank 0] - train Epoch 6/24: 49.8% (970/1948)
[2025-11-17 14:36:38][INFO][Rank 0] - train Epoch 6/24: 50.3% (980/1948)
[2025-11-17 14:36:45][INFO][Rank 0] - train Epoch 6/24: 50.8% (990/1948)
[2025-11-17 14:36:45][INFO][Rank 0] - CUDA Memory [train][Step 990]: Device 0: Allocated: 3309.6 MB, Reserved: 117540.0 MB (Δ: +1687.0 MB)
[2025-11-17 14:36:52][INFO][Rank 0] - train Epoch 6/24: 51.3% (1000/1948)
[2025-11-17 14:36:59][INFO][Rank 0] - train Epoch 6/24: 51.8% (1010/1948)
[2025-11-17 14:37:06][INFO][Rank 0] - train Epoch 6/24: 52.4% (1020/1948)
[2025-11-17 14:37:13][INFO][Rank 0] - train Epoch 6/24: 52.9% (1030/1948)
[2025-11-17 14:37:20][INFO][Rank 0] - train Epoch 6/24: 53.4% (1040/1948)
[2025-11-17 14:37:27][INFO][Rank 0] - train Epoch 6/24: 53.9% (1050/1948)
[2025-11-17 14:37:34][INFO][Rank 0] - train Epoch 6/24: 54.4% (1060/1948)
[2025-11-17 14:37:41][INFO][Rank 0] - train Epoch 6/24: 54.9% (1070/1948)
[2025-11-17 14:37:48][INFO][Rank 0] - train Epoch 6/24: 55.4% (1080/1948)
[2025-11-17 14:37:49][INFO][Rank 0] - CUDA Memory [train][Step 1080]: Device 0: Allocated: 3309.6 MB, Reserved: 117540.0 MB (Δ: +1687.0 MB)
[2025-11-17 14:37:55][INFO][Rank 0] - train Epoch 6/24: 56.0% (1090/1948)
[2025-11-17 14:38:02][INFO][Rank 0] - train Epoch 6/24: 56.5% (1100/1948)
[2025-11-17 14:38:09][INFO][Rank 0] - train Epoch 6/24: 57.0% (1110/1948)
[2025-11-17 14:38:16][INFO][Rank 0] - train Epoch 6/24: 57.5% (1120/1948)
[2025-11-17 14:38:23][INFO][Rank 0] - train Epoch 6/24: 58.0% (1130/1948)
[2025-11-17 14:38:31][INFO][Rank 0] - train Epoch 6/24: 58.5% (1140/1948)
[2025-11-17 14:38:38][INFO][Rank 0] - train Epoch 6/24: 59.0% (1150/1948)
[2025-11-17 14:38:45][INFO][Rank 0] - train Epoch 6/24: 59.5% (1160/1948)
[2025-11-17 14:38:52][INFO][Rank 0] - train Epoch 6/24: 60.1% (1170/1948)
[2025-11-17 14:38:52][INFO][Rank 0] - CUDA Memory [train][Step 1170]: Device 0: Allocated: 3309.6 MB, Reserved: 117540.0 MB (Δ: +1687.0 MB)
[2025-11-17 14:38:59][INFO][Rank 0] - train Epoch 6/24: 60.6% (1180/1948)
[2025-11-17 14:39:06][INFO][Rank 0] - train Epoch 6/24: 61.1% (1190/1948)
[2025-11-17 14:39:13][INFO][Rank 0] - train Epoch 6/24: 61.6% (1200/1948)
[2025-11-17 14:39:20][INFO][Rank 0] - train Epoch 6/24: 62.1% (1210/1948)
[2025-11-17 14:39:27][INFO][Rank 0] - train Epoch 6/24: 62.6% (1220/1948)
[2025-11-17 14:39:34][INFO][Rank 0] - train Epoch 6/24: 63.1% (1230/1948)
[2025-11-17 14:39:41][INFO][Rank 0] - train Epoch 6/24: 63.7% (1240/1948)
[2025-11-17 14:39:48][INFO][Rank 0] - train Epoch 6/24: 64.2% (1250/1948)
[2025-11-17 14:39:55][INFO][Rank 0] - train Epoch 6/24: 64.7% (1260/1948)
[2025-11-17 14:39:56][INFO][Rank 0] - CUDA Memory [train][Step 1260]: Device 0: Allocated: 3309.6 MB, Reserved: 117540.0 MB (Δ: +1687.0 MB)
[2025-11-17 14:40:02][INFO][Rank 0] - train Epoch 6/24: 65.2% (1270/1948)
[2025-11-17 14:40:09][INFO][Rank 0] - train Epoch 6/24: 65.7% (1280/1948)
[2025-11-17 14:40:16][INFO][Rank 0] - train Epoch 6/24: 66.2% (1290/1948)
[2025-11-17 14:40:23][INFO][Rank 0] - train Epoch 6/24: 66.7% (1300/1948)
[2025-11-17 14:40:30][INFO][Rank 0] - train Epoch 6/24: 67.2% (1310/1948)
[2025-11-17 14:40:38][INFO][Rank 0] - train Epoch 6/24: 67.8% (1320/1948)
[2025-11-17 14:40:45][INFO][Rank 0] - train Epoch 6/24: 68.3% (1330/1948)
[2025-11-17 14:40:52][INFO][Rank 0] - train Epoch 6/24: 68.8% (1340/1948)
[2025-11-17 14:40:59][INFO][Rank 0] - train Epoch 6/24: 69.3% (1350/1948)
[2025-11-17 14:40:59][INFO][Rank 0] - CUDA Memory [train][Step 1350]: Device 0: Allocated: 3309.6 MB, Reserved: 117540.0 MB (Δ: +1687.0 MB)
[2025-11-17 14:41:06][INFO][Rank 0] - train Epoch 6/24: 69.8% (1360/1948)
[2025-11-17 14:41:13][INFO][Rank 0] - train Epoch 6/24: 70.3% (1370/1948)
[2025-11-17 14:41:20][INFO][Rank 0] - train Epoch 6/24: 70.8% (1380/1948)
[2025-11-17 14:41:27][INFO][Rank 0] - train Epoch 6/24: 71.4% (1390/1948)
[2025-11-17 14:41:34][INFO][Rank 0] - train Epoch 6/24: 71.9% (1400/1948)
[2025-11-17 14:41:41][INFO][Rank 0] - train Epoch 6/24: 72.4% (1410/1948)
[2025-11-17 14:41:48][INFO][Rank 0] - train Epoch 6/24: 72.9% (1420/1948)
[2025-11-17 14:41:55][INFO][Rank 0] - train Epoch 6/24: 73.4% (1430/1948)
[2025-11-17 14:42:02][INFO][Rank 0] - train Epoch 6/24: 73.9% (1440/1948)
[2025-11-17 14:42:03][INFO][Rank 0] - CUDA Memory [train][Step 1440]: Device 0: Allocated: 3309.6 MB, Reserved: 117540.0 MB (Δ: +1687.0 MB)
[2025-11-17 14:42:09][INFO][Rank 0] - train Epoch 6/24: 74.4% (1450/1948)
[2025-11-17 14:42:16][INFO][Rank 0] - train Epoch 6/24: 74.9% (1460/1948)
[2025-11-17 14:42:23][INFO][Rank 0] - train Epoch 6/24: 75.5% (1470/1948)
[2025-11-17 14:42:30][INFO][Rank 0] - train Epoch 6/24: 76.0% (1480/1948)
[2025-11-17 14:42:37][INFO][Rank 0] - train Epoch 6/24: 76.5% (1490/1948)
[2025-11-17 14:42:45][INFO][Rank 0] - train Epoch 6/24: 77.0% (1500/1948)
[2025-11-17 14:42:52][INFO][Rank 0] - train Epoch 6/24: 77.5% (1510/1948)
[2025-11-17 14:42:59][INFO][Rank 0] - train Epoch 6/24: 78.0% (1520/1948)
[2025-11-17 14:43:06][INFO][Rank 0] - train Epoch 6/24: 78.5% (1530/1948)
[2025-11-17 14:43:06][INFO][Rank 0] - CUDA Memory [train][Step 1530]: Device 0: Allocated: 3309.6 MB, Reserved: 117540.0 MB (Δ: +1687.0 MB)
[2025-11-17 14:43:13][INFO][Rank 0] - train Epoch 6/24: 79.1% (1540/1948)
[2025-11-17 14:43:20][INFO][Rank 0] - train Epoch 6/24: 79.6% (1550/1948)
[2025-11-17 14:43:27][INFO][Rank 0] - train Epoch 6/24: 80.1% (1560/1948)
[2025-11-17 14:43:34][INFO][Rank 0] - train Epoch 6/24: 80.6% (1570/1948)
[2025-11-17 14:43:41][INFO][Rank 0] - train Epoch 6/24: 81.1% (1580/1948)
[2025-11-17 14:43:48][INFO][Rank 0] - train Epoch 6/24: 81.6% (1590/1948)
[2025-11-17 14:43:55][INFO][Rank 0] - train Epoch 6/24: 82.1% (1600/1948)
[2025-11-17 14:44:02][INFO][Rank 0] - train Epoch 6/24: 82.6% (1610/1948)
[2025-11-17 14:44:09][INFO][Rank 0] - train Epoch 6/24: 83.2% (1620/1948)
[2025-11-17 14:44:10][INFO][Rank 0] - CUDA Memory [train][Step 1620]: Device 0: Allocated: 3309.6 MB, Reserved: 117540.0 MB (Δ: +1687.0 MB)
[2025-11-17 14:44:16][INFO][Rank 0] - train Epoch 6/24: 83.7% (1630/1948)
[2025-11-17 14:44:23][INFO][Rank 0] - train Epoch 6/24: 84.2% (1640/1948)
[2025-11-17 14:44:30][INFO][Rank 0] - train Epoch 6/24: 84.7% (1650/1948)
[2025-11-17 14:44:37][INFO][Rank 0] - train Epoch 6/24: 85.2% (1660/1948)
[2025-11-17 14:44:44][INFO][Rank 0] - train Epoch 6/24: 85.7% (1670/1948)
[2025-11-17 14:44:52][INFO][Rank 0] - train Epoch 6/24: 86.2% (1680/1948)
[2025-11-17 14:44:59][INFO][Rank 0] - train Epoch 6/24: 86.8% (1690/1948)
[2025-11-17 14:45:06][INFO][Rank 0] - train Epoch 6/24: 87.3% (1700/1948)
[2025-11-17 14:45:13][INFO][Rank 0] - train Epoch 6/24: 87.8% (1710/1948)
[2025-11-17 14:45:13][INFO][Rank 0] - CUDA Memory [train][Step 1710]: Device 0: Allocated: 3309.6 MB, Reserved: 117540.0 MB (Δ: +1687.0 MB)
[2025-11-17 14:45:20][INFO][Rank 0] - train Epoch 6/24: 88.3% (1720/1948)
[2025-11-17 14:45:27][INFO][Rank 0] - train Epoch 6/24: 88.8% (1730/1948)
[2025-11-17 14:45:34][INFO][Rank 0] - train Epoch 6/24: 89.3% (1740/1948)
[2025-11-17 14:45:41][INFO][Rank 0] - train Epoch 6/24: 89.8% (1750/1948)
[2025-11-17 14:45:48][INFO][Rank 0] - train Epoch 6/24: 90.3% (1760/1948)
[2025-11-17 14:45:55][INFO][Rank 0] - train Epoch 6/24: 90.9% (1770/1948)
[2025-11-17 14:46:02][INFO][Rank 0] - train Epoch 6/24: 91.4% (1780/1948)
[2025-11-17 14:46:09][INFO][Rank 0] - train Epoch 6/24: 91.9% (1790/1948)
[2025-11-17 14:46:16][INFO][Rank 0] - train Epoch 6/24: 92.4% (1800/1948)
[2025-11-17 14:46:17][INFO][Rank 0] - CUDA Memory [train][Step 1800]: Device 0: Allocated: 3309.6 MB, Reserved: 117540.0 MB (Δ: +1687.0 MB)
[2025-11-17 14:46:23][INFO][Rank 0] - train Epoch 6/24: 92.9% (1810/1948)
[2025-11-17 14:46:30][INFO][Rank 0] - train Epoch 6/24: 93.4% (1820/1948)
[2025-11-17 14:46:37][INFO][Rank 0] - train Epoch 6/24: 93.9% (1830/1948)
[2025-11-17 14:46:44][INFO][Rank 0] - train Epoch 6/24: 94.5% (1840/1948)
[2025-11-17 14:46:51][INFO][Rank 0] - train Epoch 6/24: 95.0% (1850/1948)
[2025-11-17 14:46:59][INFO][Rank 0] - train Epoch 6/24: 95.5% (1860/1948)
[2025-11-17 14:47:06][INFO][Rank 0] - train Epoch 6/24: 96.0% (1870/1948)
[2025-11-17 14:47:13][INFO][Rank 0] - train Epoch 6/24: 96.5% (1880/1948)
[2025-11-17 14:47:20][INFO][Rank 0] - train Epoch 6/24: 97.0% (1890/1948)
[2025-11-17 14:47:20][INFO][Rank 0] - CUDA Memory [train][Step 1890]: Device 0: Allocated: 3309.6 MB, Reserved: 117540.0 MB (Δ: +1687.0 MB)
[2025-11-17 14:47:27][INFO][Rank 0] - train Epoch 6/24: 97.5% (1900/1948)
[2025-11-17 14:47:34][INFO][Rank 0] - train Epoch 6/24: 98.0% (1910/1948)
[2025-11-17 14:47:41][INFO][Rank 0] - train Epoch 6/24: 98.6% (1920/1948)
[2025-11-17 14:47:48][INFO][Rank 0] - train Epoch 6/24: 99.1% (1930/1948)
[2025-11-17 14:47:55][INFO][Rank 0] - train Epoch 6/24: 99.6% (1940/1948)
[2025-11-17 14:48:00][INFO][Rank 0] - train Epoch 6/24: 99.9% (1947/1948)
[2025-11-17 14:48:01][INFO][Rank 0] - train Loss: 0.1822 Acc: 0.9762 F1: 0.9878
[2025-11-17 14:48:01][INFO][Rank 0] - train Balanced Acc: 0.8401 AUC-ROC: 0.9639
[2025-11-17 14:48:01][INFO][Rank 0] - train Sensitivity: 0.9834 Specificity: 0.6967
[2025-11-17 14:48:01][INFO][Rank 0] - train Confusion Matrix: TP=18677, FP=148, FN=315, TN=340
[2025-11-17 14:48:01][INFO][Rank 0] - train completed in 1375.30s
[2025-11-17 14:48:01][INFO][Rank 0] - Data loading time: 1.27s, Forward time: 279.90s, Backward time: 745.09s
[2025-11-17 14:48:01][INFO][Rank 0] - train cache: 0/1 items, hit rate: 0.00%
[2025-11-17 14:48:01][INFO][Rank 0] - CUDA Memory [val][Step 0]: Device 0: Allocated: 3309.6 MB, Reserved: 117540.0 MB (Δ: +1687.0 MB)
[2025-11-17 14:48:01][INFO][Rank 0] - val phase: total 406 batches
[2025-11-17 14:48:01][INFO][Rank 0] - val Epoch 6/24: 0.0% (0/406)
[2025-11-17 14:48:06][INFO][Rank 0] - val Epoch 6/24: 2.5% (10/406)
[2025-11-17 14:48:11][INFO][Rank 0] - val Epoch 6/24: 4.9% (20/406)
[2025-11-17 14:48:16][INFO][Rank 0] - val Epoch 6/24: 7.4% (30/406)
[2025-11-17 14:48:21][INFO][Rank 0] - val Epoch 6/24: 9.9% (40/406)
[2025-11-17 14:48:26][INFO][Rank 0] - val Epoch 6/24: 12.3% (50/406)
[2025-11-17 14:48:31][INFO][Rank 0] - val Epoch 6/24: 14.8% (60/406)
[2025-11-17 14:48:36][INFO][Rank 0] - val Epoch 6/24: 17.2% (70/406)
[2025-11-17 14:48:41][INFO][Rank 0] - val Epoch 6/24: 19.7% (80/406)
[2025-11-17 14:48:46][INFO][Rank 0] - val Epoch 6/24: 22.2% (90/406)
[2025-11-17 14:48:51][INFO][Rank 0] - val Epoch 6/24: 24.6% (100/406)
[2025-11-17 14:48:56][INFO][Rank 0] - val Epoch 6/24: 27.1% (110/406)
[2025-11-17 14:49:01][INFO][Rank 0] - val Epoch 6/24: 29.6% (120/406)
[2025-11-17 14:49:02][INFO][Rank 0] - CUDA Memory [val][Step 120]: Device 0: Allocated: 3309.6 MB, Reserved: 117540.0 MB (Δ: +1687.0 MB)
[2025-11-17 14:49:06][INFO][Rank 0] - val Epoch 6/24: 32.0% (130/406)
[2025-11-17 14:49:11][INFO][Rank 0] - val Epoch 6/24: 34.5% (140/406)
[2025-11-17 14:49:16][INFO][Rank 0] - val Epoch 6/24: 36.9% (150/406)
[2025-11-17 14:49:21][INFO][Rank 0] - val Epoch 6/24: 39.4% (160/406)
[2025-11-17 14:49:26][INFO][Rank 0] - val Epoch 6/24: 41.9% (170/406)
[2025-11-17 14:49:31][INFO][Rank 0] - val Epoch 6/24: 44.3% (180/406)
[2025-11-17 14:49:37][INFO][Rank 0] - val Epoch 6/24: 46.8% (190/406)
[2025-11-17 14:49:42][INFO][Rank 0] - val Epoch 6/24: 49.3% (200/406)
[2025-11-17 14:49:47][INFO][Rank 0] - val Epoch 6/24: 51.7% (210/406)
[2025-11-17 14:49:52][INFO][Rank 0] - val Epoch 6/24: 54.2% (220/406)
[2025-11-17 14:49:57][INFO][Rank 0] - val Epoch 6/24: 56.7% (230/406)
[2025-11-17 14:50:02][INFO][Rank 0] - val Epoch 6/24: 59.1% (240/406)
[2025-11-17 14:50:02][INFO][Rank 0] - CUDA Memory [val][Step 240]: Device 0: Allocated: 3309.6 MB, Reserved: 117540.0 MB (Δ: +1687.0 MB)
[2025-11-17 14:50:07][INFO][Rank 0] - val Epoch 6/24: 61.6% (250/406)
[2025-11-17 14:50:12][INFO][Rank 0] - val Epoch 6/24: 64.0% (260/406)
[2025-11-17 14:50:17][INFO][Rank 0] - val Epoch 6/24: 66.5% (270/406)
[2025-11-17 14:50:22][INFO][Rank 0] - val Epoch 6/24: 69.0% (280/406)
[2025-11-17 14:50:27][INFO][Rank 0] - val Epoch 6/24: 71.4% (290/406)
[2025-11-17 14:50:32][INFO][Rank 0] - val Epoch 6/24: 73.9% (300/406)
[2025-11-17 14:50:37][INFO][Rank 0] - val Epoch 6/24: 76.4% (310/406)
[2025-11-17 14:50:42][INFO][Rank 0] - val Epoch 6/24: 78.8% (320/406)
[2025-11-17 14:50:47][INFO][Rank 0] - val Epoch 6/24: 81.3% (330/406)
[2025-11-17 14:50:52][INFO][Rank 0] - val Epoch 6/24: 83.7% (340/406)
[2025-11-17 14:50:57][INFO][Rank 0] - val Epoch 6/24: 86.2% (350/406)
[2025-11-17 14:51:02][INFO][Rank 0] - val Epoch 6/24: 88.7% (360/406)
[2025-11-17 14:51:02][INFO][Rank 0] - CUDA Memory [val][Step 360]: Device 0: Allocated: 3309.6 MB, Reserved: 117540.0 MB (Δ: +1687.0 MB)
[2025-11-17 14:51:07][INFO][Rank 0] - val Epoch 6/24: 91.1% (370/406)
[2025-11-17 14:51:12][INFO][Rank 0] - val Epoch 6/24: 93.6% (380/406)
[2025-11-17 14:51:17][INFO][Rank 0] - val Epoch 6/24: 96.1% (390/406)
[2025-11-17 14:51:22][INFO][Rank 0] - val Epoch 6/24: 98.5% (400/406)
[2025-11-17 14:51:24][INFO][Rank 0] - val Epoch 6/24: 99.8% (405/406)
[2025-11-17 14:51:25][INFO][Rank 0] - val Loss: 0.1284 Acc: 0.9724 F1: 0.9857
[2025-11-17 14:51:25][INFO][Rank 0] - val Balanced Acc: 0.8733 AUC-ROC: 0.9745
[2025-11-17 14:51:25][INFO][Rank 0] - val Sensitivity: 0.9780 Specificity: 0.7685
[2025-11-17 14:51:25][INFO][Rank 0] - val Confusion Matrix: TP=3865, FP=25, FN=87, TN=83
[2025-11-17 14:51:25][INFO][Rank 0] - val completed in 204.33s
[2025-11-17 14:51:25][INFO][Rank 0] - val cache: 0/1 items, hit rate: 0.00%
[2025-11-17 14:51:29][INFO][Rank 0] - Saved new best balanced_acc model with balanced_acc: 0.8733 at /projects/retprogression/rgarridogarcia/checkpoints/cropped1024_cropped_centered_allR_3/best_balanced_acc_model.pth
[2025-11-17 14:51:34][INFO][Rank 0] - Also saved as general best model at /projects/retprogression/rgarridogarcia/checkpoints/cropped1024_cropped_centered_allR_3/best_model.pth
[2025-11-17 14:51:38][INFO][Rank 0] - Saved new best auc model with auc: 0.9745 at /projects/retprogression/rgarridogarcia/checkpoints/cropped1024_cropped_centered_allR_3/best_auc_model.pth
[2025-11-17 14:51:43][INFO][Rank 0] - Saved epoch checkpoint at /projects/retprogression/rgarridogarcia/checkpoints/cropped1024_cropped_centered_allR_3/epoch_6.pth
[2025-11-17 14:51:43][INFO][Rank 0] - Epoch 6 summary:
[2025-11-17 14:51:43][INFO][Rank 0] -  Train Loss: 0.1822, Train Acc: 0.9762, Train F1: 0.9878
[2025-11-17 14:51:43][INFO][Rank 0] -  Train Balanced Acc: 0.8401, Train AUC: 0.9639
[2025-11-17 14:51:43][INFO][Rank 0] -  Train Sensitivity: 0.9834, Train Specificity: 0.6967
[2025-11-17 14:51:43][INFO][Rank 0] -  Val Loss: 0.1284, Val Acc: 0.9724, Val F1: 0.9857
[2025-11-17 14:51:43][INFO][Rank 0] -  Val Balanced Acc: 0.8733, Val AUC: 0.9745
[2025-11-17 14:51:43][INFO][Rank 0] -  Val Sensitivity: 0.9780, Val Specificity: 0.7685
[2025-11-17 14:51:43][INFO][Rank 0] -  Total Epoch Time: 1597.15s
[2025-11-17 14:51:43][INFO][Rank 0] - Epoch 7/24
[2025-11-17 14:51:43][INFO][Rank 0] - ----------
[2025-11-17 14:51:43][INFO][Rank 0] - CUDA Memory [train][Step 0]: Device 0: Allocated: 3309.6 MB, Reserved: 117540.0 MB (Δ: +1687.0 MB)
[2025-11-17 14:51:43][INFO][Rank 0] - train phase: total 1948 batches
[2025-11-17 14:51:43][INFO][Rank 0] - train Epoch 7/24: 0.0% (0/1948)
[2025-11-17 14:51:50][INFO][Rank 0] - train Epoch 7/24: 0.5% (10/1948)
[2025-11-17 14:51:57][INFO][Rank 0] - train Epoch 7/24: 1.0% (20/1948)
[2025-11-17 14:52:04][INFO][Rank 0] - train Epoch 7/24: 1.5% (30/1948)
[2025-11-17 14:52:11][INFO][Rank 0] - train Epoch 7/24: 2.1% (40/1948)
[2025-11-17 14:52:18][INFO][Rank 0] - train Epoch 7/24: 2.6% (50/1948)
[2025-11-17 14:52:25][INFO][Rank 0] - train Epoch 7/24: 3.1% (60/1948)
[2025-11-17 14:52:32][INFO][Rank 0] - train Epoch 7/24: 3.6% (70/1948)
[2025-11-17 14:52:39][INFO][Rank 0] - train Epoch 7/24: 4.1% (80/1948)
[2025-11-17 14:52:46][INFO][Rank 0] - train Epoch 7/24: 4.6% (90/1948)
[2025-11-17 14:52:47][INFO][Rank 0] - CUDA Memory [train][Step 90]: Device 0: Allocated: 3309.6 MB, Reserved: 117540.0 MB (Δ: +1687.0 MB)
[2025-11-17 14:52:54][INFO][Rank 0] - train Epoch 7/24: 5.1% (100/1948)
[2025-11-17 14:53:01][INFO][Rank 0] - train Epoch 7/24: 5.6% (110/1948)
[2025-11-17 14:53:08][INFO][Rank 0] - train Epoch 7/24: 6.2% (120/1948)
[2025-11-17 14:53:15][INFO][Rank 0] - train Epoch 7/24: 6.7% (130/1948)
[2025-11-17 14:53:22][INFO][Rank 0] - train Epoch 7/24: 7.2% (140/1948)
[2025-11-17 14:53:29][INFO][Rank 0] - train Epoch 7/24: 7.7% (150/1948)
[2025-11-17 14:53:36][INFO][Rank 0] - train Epoch 7/24: 8.2% (160/1948)
[2025-11-17 14:53:43][INFO][Rank 0] - train Epoch 7/24: 8.7% (170/1948)
[2025-11-17 14:53:50][INFO][Rank 0] - train Epoch 7/24: 9.2% (180/1948)
[2025-11-17 14:53:51][INFO][Rank 0] - CUDA Memory [train][Step 180]: Device 0: Allocated: 3309.6 MB, Reserved: 117540.0 MB (Δ: +1687.0 MB)
[2025-11-17 14:53:57][INFO][Rank 0] - train Epoch 7/24: 9.8% (190/1948)
[2025-11-17 14:54:04][INFO][Rank 0] - train Epoch 7/24: 10.3% (200/1948)
[2025-11-17 14:54:11][INFO][Rank 0] - train Epoch 7/24: 10.8% (210/1948)
[2025-11-17 14:54:18][INFO][Rank 0] - train Epoch 7/24: 11.3% (220/1948)
[2025-11-17 14:54:25][INFO][Rank 0] - train Epoch 7/24: 11.8% (230/1948)
[2025-11-17 14:54:32][INFO][Rank 0] - train Epoch 7/24: 12.3% (240/1948)
[2025-11-17 14:54:39][INFO][Rank 0] - train Epoch 7/24: 12.8% (250/1948)
[2025-11-17 14:54:46][INFO][Rank 0] - train Epoch 7/24: 13.3% (260/1948)
[2025-11-17 14:54:53][INFO][Rank 0] - train Epoch 7/24: 13.9% (270/1948)
[2025-11-17 14:54:54][INFO][Rank 0] - CUDA Memory [train][Step 270]: Device 0: Allocated: 3309.6 MB, Reserved: 117540.0 MB (Δ: +1687.0 MB)
[2025-11-17 14:55:01][INFO][Rank 0] - train Epoch 7/24: 14.4% (280/1948)
[2025-11-17 14:55:08][INFO][Rank 0] - train Epoch 7/24: 14.9% (290/1948)
[2025-11-17 14:55:15][INFO][Rank 0] - train Epoch 7/24: 15.4% (300/1948)
[2025-11-17 14:55:22][INFO][Rank 0] - train Epoch 7/24: 15.9% (310/1948)
[2025-11-17 14:55:29][INFO][Rank 0] - train Epoch 7/24: 16.4% (320/1948)
[2025-11-17 14:55:36][INFO][Rank 0] - train Epoch 7/24: 16.9% (330/1948)
[2025-11-17 14:55:43][INFO][Rank 0] - train Epoch 7/24: 17.5% (340/1948)
[2025-11-17 14:55:50][INFO][Rank 0] - train Epoch 7/24: 18.0% (350/1948)
[2025-11-17 14:55:57][INFO][Rank 0] - train Epoch 7/24: 18.5% (360/1948)
[2025-11-17 14:55:58][INFO][Rank 0] - CUDA Memory [train][Step 360]: Device 0: Allocated: 3309.6 MB, Reserved: 117540.0 MB (Δ: +1687.0 MB)
[2025-11-17 14:56:04][INFO][Rank 0] - train Epoch 7/24: 19.0% (370/1948)
[2025-11-17 14:56:11][INFO][Rank 0] - train Epoch 7/24: 19.5% (380/1948)
[2025-11-17 14:56:18][INFO][Rank 0] - train Epoch 7/24: 20.0% (390/1948)
[2025-11-17 14:56:25][INFO][Rank 0] - train Epoch 7/24: 20.5% (400/1948)
[2025-11-17 14:56:32][INFO][Rank 0] - train Epoch 7/24: 21.0% (410/1948)
[2025-11-17 14:56:39][INFO][Rank 0] - train Epoch 7/24: 21.6% (420/1948)
[2025-11-17 14:56:46][INFO][Rank 0] - train Epoch 7/24: 22.1% (430/1948)
[2025-11-17 14:56:53][INFO][Rank 0] - train Epoch 7/24: 22.6% (440/1948)
[2025-11-17 14:57:00][INFO][Rank 0] - train Epoch 7/24: 23.1% (450/1948)
[2025-11-17 14:57:01][INFO][Rank 0] - CUDA Memory [train][Step 450]: Device 0: Allocated: 3309.6 MB, Reserved: 117540.0 MB (Δ: +1687.0 MB)
[2025-11-17 14:57:08][INFO][Rank 0] - train Epoch 7/24: 23.6% (460/1948)
[2025-11-17 14:57:15][INFO][Rank 0] - train Epoch 7/24: 24.1% (470/1948)
[2025-11-17 14:57:22][INFO][Rank 0] - train Epoch 7/24: 24.6% (480/1948)
[2025-11-17 14:57:29][INFO][Rank 0] - train Epoch 7/24: 25.2% (490/1948)
[2025-11-17 14:57:36][INFO][Rank 0] - train Epoch 7/24: 25.7% (500/1948)
[2025-11-17 14:57:43][INFO][Rank 0] - train Epoch 7/24: 26.2% (510/1948)
[2025-11-17 14:57:50][INFO][Rank 0] - train Epoch 7/24: 26.7% (520/1948)
[2025-11-17 14:57:57][INFO][Rank 0] - train Epoch 7/24: 27.2% (530/1948)
[2025-11-17 14:58:04][INFO][Rank 0] - train Epoch 7/24: 27.7% (540/1948)
[2025-11-17 14:58:05][INFO][Rank 0] - CUDA Memory [train][Step 540]: Device 0: Allocated: 3309.6 MB, Reserved: 117540.0 MB (Δ: +1687.0 MB)
[2025-11-17 14:58:11][INFO][Rank 0] - train Epoch 7/24: 28.2% (550/1948)
[2025-11-17 14:58:18][INFO][Rank 0] - train Epoch 7/24: 28.7% (560/1948)
[2025-11-17 14:58:25][INFO][Rank 0] - train Epoch 7/24: 29.3% (570/1948)
[2025-11-17 14:58:32][INFO][Rank 0] - train Epoch 7/24: 29.8% (580/1948)
[2025-11-17 14:58:39][INFO][Rank 0] - train Epoch 7/24: 30.3% (590/1948)
[2025-11-17 14:58:46][INFO][Rank 0] - train Epoch 7/24: 30.8% (600/1948)
[2025-11-17 14:58:53][INFO][Rank 0] - train Epoch 7/24: 31.3% (610/1948)
[2025-11-17 14:59:00][INFO][Rank 0] - train Epoch 7/24: 31.8% (620/1948)
[2025-11-17 14:59:07][INFO][Rank 0] - train Epoch 7/24: 32.3% (630/1948)
[2025-11-17 14:59:08][INFO][Rank 0] - CUDA Memory [train][Step 630]: Device 0: Allocated: 3309.6 MB, Reserved: 117540.0 MB (Δ: +1687.0 MB)
[2025-11-17 14:59:15][INFO][Rank 0] - train Epoch 7/24: 32.9% (640/1948)
[2025-11-17 14:59:22][INFO][Rank 0] - train Epoch 7/24: 33.4% (650/1948)
[2025-11-17 14:59:29][INFO][Rank 0] - train Epoch 7/24: 33.9% (660/1948)
[2025-11-17 14:59:36][INFO][Rank 0] - train Epoch 7/24: 34.4% (670/1948)
[2025-11-17 14:59:43][INFO][Rank 0] - train Epoch 7/24: 34.9% (680/1948)
[2025-11-17 14:59:50][INFO][Rank 0] - train Epoch 7/24: 35.4% (690/1948)
[2025-11-17 14:59:57][INFO][Rank 0] - train Epoch 7/24: 35.9% (700/1948)
[2025-11-17 15:00:04][INFO][Rank 0] - train Epoch 7/24: 36.4% (710/1948)
[2025-11-17 15:00:11][INFO][Rank 0] - train Epoch 7/24: 37.0% (720/1948)
[2025-11-17 15:00:12][INFO][Rank 0] - CUDA Memory [train][Step 720]: Device 0: Allocated: 3309.6 MB, Reserved: 117540.0 MB (Δ: +1687.0 MB)
[2025-11-17 15:00:18][INFO][Rank 0] - train Epoch 7/24: 37.5% (730/1948)
[2025-11-17 15:00:25][INFO][Rank 0] - train Epoch 7/24: 38.0% (740/1948)
[2025-11-17 15:00:32][INFO][Rank 0] - train Epoch 7/24: 38.5% (750/1948)
[2025-11-17 15:00:39][INFO][Rank 0] - train Epoch 7/24: 39.0% (760/1948)
[2025-11-17 15:00:46][INFO][Rank 0] - train Epoch 7/24: 39.5% (770/1948)
[2025-11-17 15:00:53][INFO][Rank 0] - train Epoch 7/24: 40.0% (780/1948)
[2025-11-17 15:01:00][INFO][Rank 0] - train Epoch 7/24: 40.6% (790/1948)
[2025-11-17 15:01:07][INFO][Rank 0] - train Epoch 7/24: 41.1% (800/1948)
[2025-11-17 15:01:14][INFO][Rank 0] - train Epoch 7/24: 41.6% (810/1948)
[2025-11-17 15:01:15][INFO][Rank 0] - CUDA Memory [train][Step 810]: Device 0: Allocated: 3309.6 MB, Reserved: 117540.0 MB (Δ: +1687.0 MB)
[2025-11-17 15:01:21][INFO][Rank 0] - train Epoch 7/24: 42.1% (820/1948)
[2025-11-17 15:01:28][INFO][Rank 0] - train Epoch 7/24: 42.6% (830/1948)
[2025-11-17 15:01:36][INFO][Rank 0] - train Epoch 7/24: 43.1% (840/1948)
[2025-11-17 15:01:43][INFO][Rank 0] - train Epoch 7/24: 43.6% (850/1948)
[2025-11-17 15:01:50][INFO][Rank 0] - train Epoch 7/24: 44.1% (860/1948)
[2025-11-17 15:01:57][INFO][Rank 0] - train Epoch 7/24: 44.7% (870/1948)
[2025-11-17 15:02:04][INFO][Rank 0] - train Epoch 7/24: 45.2% (880/1948)
[2025-11-17 15:02:11][INFO][Rank 0] - train Epoch 7/24: 45.7% (890/1948)
[2025-11-17 15:02:18][INFO][Rank 0] - train Epoch 7/24: 46.2% (900/1948)
[2025-11-17 15:02:19][INFO][Rank 0] - CUDA Memory [train][Step 900]: Device 0: Allocated: 3309.6 MB, Reserved: 117540.0 MB (Δ: +1687.0 MB)
[2025-11-17 15:02:25][INFO][Rank 0] - train Epoch 7/24: 46.7% (910/1948)
[2025-11-17 15:02:32][INFO][Rank 0] - train Epoch 7/24: 47.2% (920/1948)
[2025-11-17 15:02:39][INFO][Rank 0] - train Epoch 7/24: 47.7% (930/1948)
[2025-11-17 15:02:46][INFO][Rank 0] - train Epoch 7/24: 48.3% (940/1948)
[2025-11-17 15:02:53][INFO][Rank 0] - train Epoch 7/24: 48.8% (950/1948)
[2025-11-17 15:03:00][INFO][Rank 0] - train Epoch 7/24: 49.3% (960/1948)
[2025-11-17 15:03:07][INFO][Rank 0] - train Epoch 7/24: 49.8% (970/1948)
[2025-11-17 15:03:14][INFO][Rank 0] - train Epoch 7/24: 50.3% (980/1948)
[2025-11-17 15:03:21][INFO][Rank 0] - train Epoch 7/24: 50.8% (990/1948)
[2025-11-17 15:03:22][INFO][Rank 0] - CUDA Memory [train][Step 990]: Device 0: Allocated: 3309.6 MB, Reserved: 117540.0 MB (Δ: +1687.0 MB)
[2025-11-17 15:03:28][INFO][Rank 0] - train Epoch 7/24: 51.3% (1000/1948)
[2025-11-17 15:03:35][INFO][Rank 0] - train Epoch 7/24: 51.8% (1010/1948)
[2025-11-17 15:03:42][INFO][Rank 0] - train Epoch 7/24: 52.4% (1020/1948)
[2025-11-17 15:03:49][INFO][Rank 0] - train Epoch 7/24: 52.9% (1030/1948)
[2025-11-17 15:03:57][INFO][Rank 0] - train Epoch 7/24: 53.4% (1040/1948)
[2025-11-17 15:04:04][INFO][Rank 0] - train Epoch 7/24: 53.9% (1050/1948)
[2025-11-17 15:04:11][INFO][Rank 0] - train Epoch 7/24: 54.4% (1060/1948)
[2025-11-17 15:04:18][INFO][Rank 0] - train Epoch 7/24: 54.9% (1070/1948)
[2025-11-17 15:04:25][INFO][Rank 0] - train Epoch 7/24: 55.4% (1080/1948)
[2025-11-17 15:04:25][INFO][Rank 0] - CUDA Memory [train][Step 1080]: Device 0: Allocated: 3309.6 MB, Reserved: 117540.0 MB (Δ: +1687.0 MB)
[2025-11-17 15:04:32][INFO][Rank 0] - train Epoch 7/24: 56.0% (1090/1948)
[2025-11-17 15:04:39][INFO][Rank 0] - train Epoch 7/24: 56.5% (1100/1948)
[2025-11-17 15:04:46][INFO][Rank 0] - train Epoch 7/24: 57.0% (1110/1948)
[2025-11-17 15:04:53][INFO][Rank 0] - train Epoch 7/24: 57.5% (1120/1948)
[2025-11-17 15:05:00][INFO][Rank 0] - train Epoch 7/24: 58.0% (1130/1948)
[2025-11-17 15:05:07][INFO][Rank 0] - train Epoch 7/24: 58.5% (1140/1948)
[2025-11-17 15:05:14][INFO][Rank 0] - train Epoch 7/24: 59.0% (1150/1948)
[2025-11-17 15:05:21][INFO][Rank 0] - train Epoch 7/24: 59.5% (1160/1948)
[2025-11-17 15:05:28][INFO][Rank 0] - train Epoch 7/24: 60.1% (1170/1948)
[2025-11-17 15:05:29][INFO][Rank 0] - CUDA Memory [train][Step 1170]: Device 0: Allocated: 3309.6 MB, Reserved: 117540.0 MB (Δ: +1687.0 MB)
[2025-11-17 15:05:35][INFO][Rank 0] - train Epoch 7/24: 60.6% (1180/1948)
[2025-11-17 15:05:42][INFO][Rank 0] - train Epoch 7/24: 61.1% (1190/1948)
[2025-11-17 15:05:49][INFO][Rank 0] - train Epoch 7/24: 61.6% (1200/1948)
[2025-11-17 15:05:56][INFO][Rank 0] - train Epoch 7/24: 62.1% (1210/1948)
[2025-11-17 15:06:03][INFO][Rank 0] - train Epoch 7/24: 62.6% (1220/1948)
[2025-11-17 15:06:10][INFO][Rank 0] - train Epoch 7/24: 63.1% (1230/1948)
[2025-11-17 15:06:17][INFO][Rank 0] - train Epoch 7/24: 63.7% (1240/1948)
[2025-11-17 15:06:25][INFO][Rank 0] - train Epoch 7/24: 64.2% (1250/1948)
[2025-11-17 15:06:32][INFO][Rank 0] - train Epoch 7/24: 64.7% (1260/1948)
[2025-11-17 15:06:32][INFO][Rank 0] - CUDA Memory [train][Step 1260]: Device 0: Allocated: 3309.6 MB, Reserved: 117540.0 MB (Δ: +1687.0 MB)
[2025-11-17 15:06:39][INFO][Rank 0] - train Epoch 7/24: 65.2% (1270/1948)
[2025-11-17 15:06:46][INFO][Rank 0] - train Epoch 7/24: 65.7% (1280/1948)
[2025-11-17 15:06:53][INFO][Rank 0] - train Epoch 7/24: 66.2% (1290/1948)
[2025-11-17 15:07:00][INFO][Rank 0] - train Epoch 7/24: 66.7% (1300/1948)
[2025-11-17 15:07:07][INFO][Rank 0] - train Epoch 7/24: 67.2% (1310/1948)
[2025-11-17 15:07:14][INFO][Rank 0] - train Epoch 7/24: 67.8% (1320/1948)
[2025-11-17 15:07:21][INFO][Rank 0] - train Epoch 7/24: 68.3% (1330/1948)
[2025-11-17 15:07:28][INFO][Rank 0] - train Epoch 7/24: 68.8% (1340/1948)
[2025-11-17 15:07:35][INFO][Rank 0] - train Epoch 7/24: 69.3% (1350/1948)
[2025-11-17 15:07:36][INFO][Rank 0] - CUDA Memory [train][Step 1350]: Device 0: Allocated: 3309.6 MB, Reserved: 117540.0 MB (Δ: +1687.0 MB)
[2025-11-17 15:07:42][INFO][Rank 0] - train Epoch 7/24: 69.8% (1360/1948)
[2025-11-17 15:07:49][INFO][Rank 0] - train Epoch 7/24: 70.3% (1370/1948)
[2025-11-17 15:07:56][INFO][Rank 0] - train Epoch 7/24: 70.8% (1380/1948)
[2025-11-17 15:08:03][INFO][Rank 0] - train Epoch 7/24: 71.4% (1390/1948)
[2025-11-17 15:08:10][INFO][Rank 0] - train Epoch 7/24: 71.9% (1400/1948)
[2025-11-17 15:08:17][INFO][Rank 0] - train Epoch 7/24: 72.4% (1410/1948)
[2025-11-17 15:08:24][INFO][Rank 0] - train Epoch 7/24: 72.9% (1420/1948)
[2025-11-17 15:08:31][INFO][Rank 0] - train Epoch 7/24: 73.4% (1430/1948)
[2025-11-17 15:08:38][INFO][Rank 0] - train Epoch 7/24: 73.9% (1440/1948)
[2025-11-17 15:08:39][INFO][Rank 0] - CUDA Memory [train][Step 1440]: Device 0: Allocated: 3309.6 MB, Reserved: 117540.0 MB (Δ: +1687.0 MB)
[2025-11-17 15:08:46][INFO][Rank 0] - train Epoch 7/24: 74.4% (1450/1948)
[2025-11-17 15:08:53][INFO][Rank 0] - train Epoch 7/24: 74.9% (1460/1948)
[2025-11-17 15:09:00][INFO][Rank 0] - train Epoch 7/24: 75.5% (1470/1948)
[2025-11-17 15:09:07][INFO][Rank 0] - train Epoch 7/24: 76.0% (1480/1948)
[2025-11-17 15:09:14][INFO][Rank 0] - train Epoch 7/24: 76.5% (1490/1948)
[2025-11-17 15:09:21][INFO][Rank 0] - train Epoch 7/24: 77.0% (1500/1948)
[2025-11-17 15:09:28][INFO][Rank 0] - train Epoch 7/24: 77.5% (1510/1948)
[2025-11-17 15:09:35][INFO][Rank 0] - train Epoch 7/24: 78.0% (1520/1948)
[2025-11-17 15:09:42][INFO][Rank 0] - train Epoch 7/24: 78.5% (1530/1948)
[2025-11-17 15:09:43][INFO][Rank 0] - CUDA Memory [train][Step 1530]: Device 0: Allocated: 3309.6 MB, Reserved: 117540.0 MB (Δ: +1687.0 MB)
[2025-11-17 15:09:49][INFO][Rank 0] - train Epoch 7/24: 79.1% (1540/1948)
[2025-11-17 15:09:56][INFO][Rank 0] - train Epoch 7/24: 79.6% (1550/1948)
[2025-11-17 15:10:03][INFO][Rank 0] - train Epoch 7/24: 80.1% (1560/1948)
[2025-11-17 15:10:10][INFO][Rank 0] - train Epoch 7/24: 80.6% (1570/1948)
[2025-11-17 15:10:17][INFO][Rank 0] - train Epoch 7/24: 81.1% (1580/1948)
[2025-11-17 15:10:24][INFO][Rank 0] - train Epoch 7/24: 81.6% (1590/1948)
[2025-11-17 15:10:31][INFO][Rank 0] - train Epoch 7/24: 82.1% (1600/1948)
[2025-11-17 15:10:38][INFO][Rank 0] - train Epoch 7/24: 82.6% (1610/1948)
[2025-11-17 15:10:45][INFO][Rank 0] - train Epoch 7/24: 83.2% (1620/1948)
[2025-11-17 15:10:46][INFO][Rank 0] - CUDA Memory [train][Step 1620]: Device 0: Allocated: 3309.6 MB, Reserved: 117540.0 MB (Δ: +1687.0 MB)
[2025-11-17 15:10:52][INFO][Rank 0] - train Epoch 7/24: 83.7% (1630/1948)
[2025-11-17 15:10:59][INFO][Rank 0] - train Epoch 7/24: 84.2% (1640/1948)
[2025-11-17 15:11:07][INFO][Rank 0] - train Epoch 7/24: 84.7% (1650/1948)
[2025-11-17 15:11:14][INFO][Rank 0] - train Epoch 7/24: 85.2% (1660/1948)
[2025-11-17 15:11:21][INFO][Rank 0] - train Epoch 7/24: 85.7% (1670/1948)
[2025-11-17 15:11:28][INFO][Rank 0] - train Epoch 7/24: 86.2% (1680/1948)
[2025-11-17 15:11:35][INFO][Rank 0] - train Epoch 7/24: 86.8% (1690/1948)
[2025-11-17 15:11:42][INFO][Rank 0] - train Epoch 7/24: 87.3% (1700/1948)
[2025-11-17 15:11:49][INFO][Rank 0] - train Epoch 7/24: 87.8% (1710/1948)
[2025-11-17 15:11:50][INFO][Rank 0] - CUDA Memory [train][Step 1710]: Device 0: Allocated: 3309.6 MB, Reserved: 117540.0 MB (Δ: +1687.0 MB)
[2025-11-17 15:11:56][INFO][Rank 0] - train Epoch 7/24: 88.3% (1720/1948)
[2025-11-17 15:12:03][INFO][Rank 0] - train Epoch 7/24: 88.8% (1730/1948)
[2025-11-17 15:12:10][INFO][Rank 0] - train Epoch 7/24: 89.3% (1740/1948)
[2025-11-17 15:12:17][INFO][Rank 0] - train Epoch 7/24: 89.8% (1750/1948)
[2025-11-17 15:12:24][INFO][Rank 0] - train Epoch 7/24: 90.3% (1760/1948)
[2025-11-17 15:12:31][INFO][Rank 0] - train Epoch 7/24: 90.9% (1770/1948)
[2025-11-17 15:12:38][INFO][Rank 0] - train Epoch 7/24: 91.4% (1780/1948)
[2025-11-17 15:12:45][INFO][Rank 0] - train Epoch 7/24: 91.9% (1790/1948)
[2025-11-17 15:12:52][INFO][Rank 0] - train Epoch 7/24: 92.4% (1800/1948)
[2025-11-17 15:12:53][INFO][Rank 0] - CUDA Memory [train][Step 1800]: Device 0: Allocated: 3309.6 MB, Reserved: 117540.0 MB (Δ: +1687.0 MB)
[2025-11-17 15:12:59][INFO][Rank 0] - train Epoch 7/24: 92.9% (1810/1948)
[2025-11-17 15:13:06][INFO][Rank 0] - train Epoch 7/24: 93.4% (1820/1948)
[2025-11-17 15:13:13][INFO][Rank 0] - train Epoch 7/24: 93.9% (1830/1948)
[2025-11-17 15:13:20][INFO][Rank 0] - train Epoch 7/24: 94.5% (1840/1948)
[2025-11-17 15:13:27][INFO][Rank 0] - train Epoch 7/24: 95.0% (1850/1948)
[2025-11-17 15:13:35][INFO][Rank 0] - train Epoch 7/24: 95.5% (1860/1948)
[2025-11-17 15:13:42][INFO][Rank 0] - train Epoch 7/24: 96.0% (1870/1948)
[2025-11-17 15:13:49][INFO][Rank 0] - train Epoch 7/24: 96.5% (1880/1948)
[2025-11-17 15:13:56][INFO][Rank 0] - train Epoch 7/24: 97.0% (1890/1948)
[2025-11-17 15:13:56][INFO][Rank 0] - CUDA Memory [train][Step 1890]: Device 0: Allocated: 3309.6 MB, Reserved: 117540.0 MB (Δ: +1687.0 MB)
[2025-11-17 15:14:03][INFO][Rank 0] - train Epoch 7/24: 97.5% (1900/1948)
[2025-11-17 15:14:10][INFO][Rank 0] - train Epoch 7/24: 98.0% (1910/1948)
[2025-11-17 15:14:17][INFO][Rank 0] - train Epoch 7/24: 98.6% (1920/1948)
[2025-11-17 15:14:24][INFO][Rank 0] - train Epoch 7/24: 99.1% (1930/1948)
[2025-11-17 15:14:31][INFO][Rank 0] - train Epoch 7/24: 99.6% (1940/1948)
[2025-11-17 15:14:36][INFO][Rank 0] - train Epoch 7/24: 99.9% (1947/1948)
[2025-11-17 15:14:37][INFO][Rank 0] - train Loss: 0.1774 Acc: 0.9738 F1: 0.9865
[2025-11-17 15:14:37][INFO][Rank 0] - train Balanced Acc: 0.8548 AUC-ROC: 0.9663
[2025-11-17 15:14:37][INFO][Rank 0] - train Sensitivity: 0.9800 Specificity: 0.7295
[2025-11-17 15:14:37][INFO][Rank 0] - train Confusion Matrix: TP=18613, FP=132, FN=379, TN=356
[2025-11-17 15:14:37][INFO][Rank 0] - train completed in 1374.10s
[2025-11-17 15:14:37][INFO][Rank 0] - Data loading time: 1.00s, Forward time: 279.59s, Backward time: 744.37s
[2025-11-17 15:14:37][INFO][Rank 0] - train cache: 0/1 items, hit rate: 0.00%
[2025-11-17 15:14:37][INFO][Rank 0] - CUDA Memory [val][Step 0]: Device 0: Allocated: 3309.6 MB, Reserved: 117540.0 MB (Δ: +1687.0 MB)
[2025-11-17 15:14:37][INFO][Rank 0] - val phase: total 406 batches
[2025-11-17 15:14:37][INFO][Rank 0] - val Epoch 7/24: 0.0% (0/406)
[2025-11-17 15:14:42][INFO][Rank 0] - val Epoch 7/24: 2.5% (10/406)
[2025-11-17 15:14:47][INFO][Rank 0] - val Epoch 7/24: 4.9% (20/406)
[2025-11-17 15:14:52][INFO][Rank 0] - val Epoch 7/24: 7.4% (30/406)
[2025-11-17 15:14:57][INFO][Rank 0] - val Epoch 7/24: 9.9% (40/406)
[2025-11-17 15:15:02][INFO][Rank 0] - val Epoch 7/24: 12.3% (50/406)
[2025-11-17 15:15:07][INFO][Rank 0] - val Epoch 7/24: 14.8% (60/406)
[2025-11-17 15:15:12][INFO][Rank 0] - val Epoch 7/24: 17.2% (70/406)
[2025-11-17 15:15:17][INFO][Rank 0] - val Epoch 7/24: 19.7% (80/406)
[2025-11-17 15:15:22][INFO][Rank 0] - val Epoch 7/24: 22.2% (90/406)
[2025-11-17 15:15:27][INFO][Rank 0] - val Epoch 7/24: 24.6% (100/406)
[2025-11-17 15:15:32][INFO][Rank 0] - val Epoch 7/24: 27.1% (110/406)
[2025-11-17 15:15:37][INFO][Rank 0] - val Epoch 7/24: 29.6% (120/406)
[2025-11-17 15:15:38][INFO][Rank 0] - CUDA Memory [val][Step 120]: Device 0: Allocated: 3309.6 MB, Reserved: 117540.0 MB (Δ: +1687.0 MB)
[2025-11-17 15:15:42][INFO][Rank 0] - val Epoch 7/24: 32.0% (130/406)
[2025-11-17 15:15:47][INFO][Rank 0] - val Epoch 7/24: 34.5% (140/406)
[2025-11-17 15:15:52][INFO][Rank 0] - val Epoch 7/24: 36.9% (150/406)
[2025-11-17 15:15:58][INFO][Rank 0] - val Epoch 7/24: 39.4% (160/406)
[2025-11-17 15:16:03][INFO][Rank 0] - val Epoch 7/24: 41.9% (170/406)
[2025-11-17 15:16:08][INFO][Rank 0] - val Epoch 7/24: 44.3% (180/406)
[2025-11-17 15:16:13][INFO][Rank 0] - val Epoch 7/24: 46.8% (190/406)
[2025-11-17 15:16:18][INFO][Rank 0] - val Epoch 7/24: 49.3% (200/406)
[2025-11-17 15:16:23][INFO][Rank 0] - val Epoch 7/24: 51.7% (210/406)
[2025-11-17 15:16:28][INFO][Rank 0] - val Epoch 7/24: 54.2% (220/406)
[2025-11-17 15:16:33][INFO][Rank 0] - val Epoch 7/24: 56.7% (230/406)
[2025-11-17 15:16:38][INFO][Rank 0] - val Epoch 7/24: 59.1% (240/406)
[2025-11-17 15:16:38][INFO][Rank 0] - CUDA Memory [val][Step 240]: Device 0: Allocated: 3309.6 MB, Reserved: 117540.0 MB (Δ: +1687.0 MB)
[2025-11-17 15:16:43][INFO][Rank 0] - val Epoch 7/24: 61.6% (250/406)
[2025-11-17 15:16:48][INFO][Rank 0] - val Epoch 7/24: 64.0% (260/406)
[2025-11-17 15:16:53][INFO][Rank 0] - val Epoch 7/24: 66.5% (270/406)
[2025-11-17 15:16:58][INFO][Rank 0] - val Epoch 7/24: 69.0% (280/406)
[2025-11-17 15:17:03][INFO][Rank 0] - val Epoch 7/24: 71.4% (290/406)
[2025-11-17 15:17:08][INFO][Rank 0] - val Epoch 7/24: 73.9% (300/406)
[2025-11-17 15:17:13][INFO][Rank 0] - val Epoch 7/24: 76.4% (310/406)
[2025-11-17 15:17:18][INFO][Rank 0] - val Epoch 7/24: 78.8% (320/406)
[2025-11-17 15:17:23][INFO][Rank 0] - val Epoch 7/24: 81.3% (330/406)
[2025-11-17 15:17:28][INFO][Rank 0] - val Epoch 7/24: 83.7% (340/406)
[2025-11-17 15:17:33][INFO][Rank 0] - val Epoch 7/24: 86.2% (350/406)
[2025-11-17 15:17:38][INFO][Rank 0] - val Epoch 7/24: 88.7% (360/406)
[2025-11-17 15:17:39][INFO][Rank 0] - CUDA Memory [val][Step 360]: Device 0: Allocated: 3309.6 MB, Reserved: 117540.0 MB (Δ: +1687.0 MB)
[2025-11-17 15:17:43][INFO][Rank 0] - val Epoch 7/24: 91.1% (370/406)
[2025-11-17 15:17:48][INFO][Rank 0] - val Epoch 7/24: 93.6% (380/406)
[2025-11-17 15:17:53][INFO][Rank 0] - val Epoch 7/24: 96.1% (390/406)
[2025-11-17 15:17:58][INFO][Rank 0] - val Epoch 7/24: 98.5% (400/406)
[2025-11-17 15:18:01][INFO][Rank 0] - val Epoch 7/24: 99.8% (405/406)
[2025-11-17 15:18:01][INFO][Rank 0] - val Loss: 0.1219 Acc: 0.9722 F1: 0.9856
[2025-11-17 15:18:01][INFO][Rank 0] - val Balanced Acc: 0.8821 AUC-ROC: 0.9758
[2025-11-17 15:18:01][INFO][Rank 0] - val Sensitivity: 0.9772 Specificity: 0.7870
[2025-11-17 15:18:01][INFO][Rank 0] - val Confusion Matrix: TP=3862, FP=23, FN=90, TN=85
[2025-11-17 15:18:01][INFO][Rank 0] - val completed in 204.51s
[2025-11-17 15:18:01][INFO][Rank 0] - val cache: 0/1 items, hit rate: 0.00%
[2025-11-17 15:18:06][INFO][Rank 0] - Saved new best balanced_acc model with balanced_acc: 0.8821 at /projects/retprogression/rgarridogarcia/checkpoints/cropped1024_cropped_centered_allR_3/best_balanced_acc_model.pth
[2025-11-17 15:18:10][INFO][Rank 0] - Also saved as general best model at /projects/retprogression/rgarridogarcia/checkpoints/cropped1024_cropped_centered_allR_3/best_model.pth
[2025-11-17 15:18:13][INFO][Rank 0] - Saved new best auc model with auc: 0.9758 at /projects/retprogression/rgarridogarcia/checkpoints/cropped1024_cropped_centered_allR_3/best_auc_model.pth
[2025-11-17 15:18:17][INFO][Rank 0] - Saved epoch checkpoint at /projects/retprogression/rgarridogarcia/checkpoints/cropped1024_cropped_centered_allR_3/epoch_7.pth
[2025-11-17 15:18:17][INFO][Rank 0] - Epoch 7 summary:
[2025-11-17 15:18:17][INFO][Rank 0] -  Train Loss: 0.1774, Train Acc: 0.9738, Train F1: 0.9865
[2025-11-17 15:18:17][INFO][Rank 0] -  Train Balanced Acc: 0.8548, Train AUC: 0.9663
[2025-11-17 15:18:17][INFO][Rank 0] -  Train Sensitivity: 0.9800, Train Specificity: 0.7295
[2025-11-17 15:18:17][INFO][Rank 0] -  Val Loss: 0.1219, Val Acc: 0.9722, Val F1: 0.9856
[2025-11-17 15:18:17][INFO][Rank 0] -  Val Balanced Acc: 0.8821, Val AUC: 0.9758
[2025-11-17 15:18:17][INFO][Rank 0] -  Val Sensitivity: 0.9772, Val Specificity: 0.7870
[2025-11-17 15:18:17][INFO][Rank 0] -  Total Epoch Time: 1594.87s
[2025-11-17 15:18:17][INFO][Rank 0] - Epoch 8/24
[2025-11-17 15:18:17][INFO][Rank 0] - ----------
[2025-11-17 15:18:17][INFO][Rank 0] - CUDA Memory [train][Step 0]: Device 0: Allocated: 3309.6 MB, Reserved: 117540.0 MB (Δ: +1687.0 MB)
[2025-11-17 15:18:17][INFO][Rank 0] - train phase: total 1948 batches
[2025-11-17 15:18:18][INFO][Rank 0] - train Epoch 8/24: 0.0% (0/1948)
[2025-11-17 15:18:25][INFO][Rank 0] - train Epoch 8/24: 0.5% (10/1948)
[2025-11-17 15:18:32][INFO][Rank 0] - train Epoch 8/24: 1.0% (20/1948)
[2025-11-17 15:18:39][INFO][Rank 0] - train Epoch 8/24: 1.5% (30/1948)
[2025-11-17 15:18:46][INFO][Rank 0] - train Epoch 8/24: 2.1% (40/1948)
[2025-11-17 15:18:53][INFO][Rank 0] - train Epoch 8/24: 2.6% (50/1948)
[2025-11-17 15:19:00][INFO][Rank 0] - train Epoch 8/24: 3.1% (60/1948)
[2025-11-17 15:19:07][INFO][Rank 0] - train Epoch 8/24: 3.6% (70/1948)
[2025-11-17 15:19:14][INFO][Rank 0] - train Epoch 8/24: 4.1% (80/1948)
[2025-11-17 15:19:21][INFO][Rank 0] - train Epoch 8/24: 4.6% (90/1948)
[2025-11-17 15:19:22][INFO][Rank 0] - CUDA Memory [train][Step 90]: Device 0: Allocated: 3309.6 MB, Reserved: 117540.0 MB (Δ: +1687.0 MB)
[2025-11-17 15:19:28][INFO][Rank 0] - train Epoch 8/24: 5.1% (100/1948)
[2025-11-17 15:19:35][INFO][Rank 0] - train Epoch 8/24: 5.6% (110/1948)
[2025-11-17 15:19:42][INFO][Rank 0] - train Epoch 8/24: 6.2% (120/1948)
[2025-11-17 15:19:49][INFO][Rank 0] - train Epoch 8/24: 6.7% (130/1948)
[2025-11-17 15:19:56][INFO][Rank 0] - train Epoch 8/24: 7.2% (140/1948)
[2025-11-17 15:20:03][INFO][Rank 0] - train Epoch 8/24: 7.7% (150/1948)
[2025-11-17 15:20:10][INFO][Rank 0] - train Epoch 8/24: 8.2% (160/1948)
[2025-11-17 15:20:17][INFO][Rank 0] - train Epoch 8/24: 8.7% (170/1948)
[2025-11-17 15:20:25][INFO][Rank 0] - train Epoch 8/24: 9.2% (180/1948)
[2025-11-17 15:20:25][INFO][Rank 0] - CUDA Memory [train][Step 180]: Device 0: Allocated: 3309.6 MB, Reserved: 117540.0 MB (Δ: +1687.0 MB)
[2025-11-17 15:20:32][INFO][Rank 0] - train Epoch 8/24: 9.8% (190/1948)
[2025-11-17 15:20:39][INFO][Rank 0] - train Epoch 8/24: 10.3% (200/1948)
[2025-11-17 15:20:46][INFO][Rank 0] - train Epoch 8/24: 10.8% (210/1948)
[2025-11-17 15:20:53][INFO][Rank 0] - train Epoch 8/24: 11.3% (220/1948)
[2025-11-17 15:21:00][INFO][Rank 0] - train Epoch 8/24: 11.8% (230/1948)
[2025-11-17 15:21:07][INFO][Rank 0] - train Epoch 8/24: 12.3% (240/1948)
[2025-11-17 15:21:14][INFO][Rank 0] - train Epoch 8/24: 12.8% (250/1948)
[2025-11-17 15:21:21][INFO][Rank 0] - train Epoch 8/24: 13.3% (260/1948)
[2025-11-17 15:21:28][INFO][Rank 0] - train Epoch 8/24: 13.9% (270/1948)
[2025-11-17 15:21:29][INFO][Rank 0] - CUDA Memory [train][Step 270]: Device 0: Allocated: 3309.6 MB, Reserved: 117540.0 MB (Δ: +1687.0 MB)
[2025-11-17 15:21:35][INFO][Rank 0] - train Epoch 8/24: 14.4% (280/1948)
[2025-11-17 15:21:42][INFO][Rank 0] - train Epoch 8/24: 14.9% (290/1948)
[2025-11-17 15:21:49][INFO][Rank 0] - train Epoch 8/24: 15.4% (300/1948)
[2025-11-17 15:21:56][INFO][Rank 0] - train Epoch 8/24: 15.9% (310/1948)
[2025-11-17 15:22:03][INFO][Rank 0] - train Epoch 8/24: 16.4% (320/1948)
[2025-11-17 15:22:10][INFO][Rank 0] - train Epoch 8/24: 16.9% (330/1948)
[2025-11-17 15:22:17][INFO][Rank 0] - train Epoch 8/24: 17.5% (340/1948)
[2025-11-17 15:22:24][INFO][Rank 0] - train Epoch 8/24: 18.0% (350/1948)
[2025-11-17 15:22:31][INFO][Rank 0] - train Epoch 8/24: 18.5% (360/1948)
[2025-11-17 15:22:32][INFO][Rank 0] - CUDA Memory [train][Step 360]: Device 0: Allocated: 3309.6 MB, Reserved: 117540.0 MB (Δ: +1687.0 MB)
[2025-11-17 15:22:38][INFO][Rank 0] - train Epoch 8/24: 19.0% (370/1948)
[2025-11-17 15:22:46][INFO][Rank 0] - train Epoch 8/24: 19.5% (380/1948)
[2025-11-17 15:22:53][INFO][Rank 0] - train Epoch 8/24: 20.0% (390/1948)
[2025-11-17 15:23:00][INFO][Rank 0] - train Epoch 8/24: 20.5% (400/1948)
[2025-11-17 15:23:07][INFO][Rank 0] - train Epoch 8/24: 21.0% (410/1948)
[2025-11-17 15:23:14][INFO][Rank 0] - train Epoch 8/24: 21.6% (420/1948)
[2025-11-17 15:23:21][INFO][Rank 0] - train Epoch 8/24: 22.1% (430/1948)
[2025-11-17 15:23:28][INFO][Rank 0] - train Epoch 8/24: 22.6% (440/1948)
[2025-11-17 15:23:35][INFO][Rank 0] - train Epoch 8/24: 23.1% (450/1948)
[2025-11-17 15:23:36][INFO][Rank 0] - CUDA Memory [train][Step 450]: Device 0: Allocated: 3309.6 MB, Reserved: 117540.0 MB (Δ: +1687.0 MB)
[2025-11-17 15:23:42][INFO][Rank 0] - train Epoch 8/24: 23.6% (460/1948)
[2025-11-17 15:23:49][INFO][Rank 0] - train Epoch 8/24: 24.1% (470/1948)
[2025-11-17 15:23:56][INFO][Rank 0] - train Epoch 8/24: 24.6% (480/1948)
[2025-11-17 15:24:03][INFO][Rank 0] - train Epoch 8/24: 25.2% (490/1948)
[2025-11-17 15:24:10][INFO][Rank 0] - train Epoch 8/24: 25.7% (500/1948)
[2025-11-17 15:24:17][INFO][Rank 0] - train Epoch 8/24: 26.2% (510/1948)
[2025-11-17 15:24:24][INFO][Rank 0] - train Epoch 8/24: 26.7% (520/1948)
[2025-11-17 15:24:31][INFO][Rank 0] - train Epoch 8/24: 27.2% (530/1948)
[2025-11-17 15:24:38][INFO][Rank 0] - train Epoch 8/24: 27.7% (540/1948)
[2025-11-17 15:24:39][INFO][Rank 0] - CUDA Memory [train][Step 540]: Device 0: Allocated: 3309.6 MB, Reserved: 117540.0 MB (Δ: +1687.0 MB)
[2025-11-17 15:24:45][INFO][Rank 0] - train Epoch 8/24: 28.2% (550/1948)
[2025-11-17 15:24:52][INFO][Rank 0] - train Epoch 8/24: 28.7% (560/1948)
[2025-11-17 15:24:59][INFO][Rank 0] - train Epoch 8/24: 29.3% (570/1948)
[2025-11-17 15:25:07][INFO][Rank 0] - train Epoch 8/24: 29.8% (580/1948)
[2025-11-17 15:25:14][INFO][Rank 0] - train Epoch 8/24: 30.3% (590/1948)
[2025-11-17 15:25:21][INFO][Rank 0] - train Epoch 8/24: 30.8% (600/1948)
[2025-11-17 15:25:28][INFO][Rank 0] - train Epoch 8/24: 31.3% (610/1948)
[2025-11-17 15:25:35][INFO][Rank 0] - train Epoch 8/24: 31.8% (620/1948)
[2025-11-17 15:25:42][INFO][Rank 0] - train Epoch 8/24: 32.3% (630/1948)
[2025-11-17 15:25:42][INFO][Rank 0] - CUDA Memory [train][Step 630]: Device 0: Allocated: 3309.6 MB, Reserved: 117540.0 MB (Δ: +1687.0 MB)
[2025-11-17 15:25:49][INFO][Rank 0] - train Epoch 8/24: 32.9% (640/1948)
[2025-11-17 15:25:56][INFO][Rank 0] - train Epoch 8/24: 33.4% (650/1948)
[2025-11-17 15:26:03][INFO][Rank 0] - train Epoch 8/24: 33.9% (660/1948)
[2025-11-17 15:26:10][INFO][Rank 0] - train Epoch 8/24: 34.4% (670/1948)
[2025-11-17 15:26:17][INFO][Rank 0] - train Epoch 8/24: 34.9% (680/1948)
[2025-11-17 15:26:24][INFO][Rank 0] - train Epoch 8/24: 35.4% (690/1948)
[2025-11-17 15:26:31][INFO][Rank 0] - train Epoch 8/24: 35.9% (700/1948)
[2025-11-17 15:26:38][INFO][Rank 0] - train Epoch 8/24: 36.4% (710/1948)
[2025-11-17 15:26:45][INFO][Rank 0] - train Epoch 8/24: 37.0% (720/1948)
[2025-11-17 15:26:46][INFO][Rank 0] - CUDA Memory [train][Step 720]: Device 0: Allocated: 3309.6 MB, Reserved: 117540.0 MB (Δ: +1687.0 MB)
[2025-11-17 15:26:52][INFO][Rank 0] - train Epoch 8/24: 37.5% (730/1948)
[2025-11-17 15:26:59][INFO][Rank 0] - train Epoch 8/24: 38.0% (740/1948)
[2025-11-17 15:27:06][INFO][Rank 0] - train Epoch 8/24: 38.5% (750/1948)
[2025-11-17 15:27:13][INFO][Rank 0] - train Epoch 8/24: 39.0% (760/1948)
[2025-11-17 15:27:20][INFO][Rank 0] - train Epoch 8/24: 39.5% (770/1948)
[2025-11-17 15:27:28][INFO][Rank 0] - train Epoch 8/24: 40.0% (780/1948)
[2025-11-17 15:27:35][INFO][Rank 0] - train Epoch 8/24: 40.6% (790/1948)
[2025-11-17 15:27:42][INFO][Rank 0] - train Epoch 8/24: 41.1% (800/1948)
[2025-11-17 15:27:49][INFO][Rank 0] - train Epoch 8/24: 41.6% (810/1948)
[2025-11-17 15:27:49][INFO][Rank 0] - CUDA Memory [train][Step 810]: Device 0: Allocated: 3309.6 MB, Reserved: 117540.0 MB (Δ: +1687.0 MB)
[2025-11-17 15:27:56][INFO][Rank 0] - train Epoch 8/24: 42.1% (820/1948)
[2025-11-17 15:28:03][INFO][Rank 0] - train Epoch 8/24: 42.6% (830/1948)
[2025-11-17 15:28:10][INFO][Rank 0] - train Epoch 8/24: 43.1% (840/1948)
[2025-11-17 15:28:17][INFO][Rank 0] - train Epoch 8/24: 43.6% (850/1948)
[2025-11-17 15:28:24][INFO][Rank 0] - train Epoch 8/24: 44.1% (860/1948)
[2025-11-17 15:28:31][INFO][Rank 0] - train Epoch 8/24: 44.7% (870/1948)
[2025-11-17 15:28:38][INFO][Rank 0] - train Epoch 8/24: 45.2% (880/1948)
[2025-11-17 15:28:45][INFO][Rank 0] - train Epoch 8/24: 45.7% (890/1948)
[2025-11-17 15:28:52][INFO][Rank 0] - train Epoch 8/24: 46.2% (900/1948)
[2025-11-17 15:28:53][INFO][Rank 0] - CUDA Memory [train][Step 900]: Device 0: Allocated: 3309.6 MB, Reserved: 117540.0 MB (Δ: +1687.0 MB)
[2025-11-17 15:28:59][INFO][Rank 0] - train Epoch 8/24: 46.7% (910/1948)
[2025-11-17 15:29:06][INFO][Rank 0] - train Epoch 8/24: 47.2% (920/1948)
[2025-11-17 15:29:13][INFO][Rank 0] - train Epoch 8/24: 47.7% (930/1948)
[2025-11-17 15:29:20][INFO][Rank 0] - train Epoch 8/24: 48.3% (940/1948)
[2025-11-17 15:29:27][INFO][Rank 0] - train Epoch 8/24: 48.8% (950/1948)
[2025-11-17 15:29:34][INFO][Rank 0] - train Epoch 8/24: 49.3% (960/1948)
[2025-11-17 15:29:42][INFO][Rank 0] - train Epoch 8/24: 49.8% (970/1948)
[2025-11-17 15:29:49][INFO][Rank 0] - train Epoch 8/24: 50.3% (980/1948)
[2025-11-17 15:29:56][INFO][Rank 0] - train Epoch 8/24: 50.8% (990/1948)
[2025-11-17 15:29:56][INFO][Rank 0] - CUDA Memory [train][Step 990]: Device 0: Allocated: 3309.6 MB, Reserved: 117540.0 MB (Δ: +1687.0 MB)
[2025-11-17 15:30:03][INFO][Rank 0] - train Epoch 8/24: 51.3% (1000/1948)
[2025-11-17 15:30:10][INFO][Rank 0] - train Epoch 8/24: 51.8% (1010/1948)
[2025-11-17 15:30:17][INFO][Rank 0] - train Epoch 8/24: 52.4% (1020/1948)
[2025-11-17 15:30:24][INFO][Rank 0] - train Epoch 8/24: 52.9% (1030/1948)
[2025-11-17 15:30:31][INFO][Rank 0] - train Epoch 8/24: 53.4% (1040/1948)
[2025-11-17 15:30:38][INFO][Rank 0] - train Epoch 8/24: 53.9% (1050/1948)
[2025-11-17 15:30:45][INFO][Rank 0] - train Epoch 8/24: 54.4% (1060/1948)
[2025-11-17 15:30:52][INFO][Rank 0] - train Epoch 8/24: 54.9% (1070/1948)
[2025-11-17 15:30:59][INFO][Rank 0] - train Epoch 8/24: 55.4% (1080/1948)
[2025-11-17 15:31:00][INFO][Rank 0] - CUDA Memory [train][Step 1080]: Device 0: Allocated: 3309.6 MB, Reserved: 117540.0 MB (Δ: +1687.0 MB)
[2025-11-17 15:31:06][INFO][Rank 0] - train Epoch 8/24: 56.0% (1090/1948)
[2025-11-17 15:31:13][INFO][Rank 0] - train Epoch 8/24: 56.5% (1100/1948)
[2025-11-17 15:31:20][INFO][Rank 0] - train Epoch 8/24: 57.0% (1110/1948)
[2025-11-17 15:31:27][INFO][Rank 0] - train Epoch 8/24: 57.5% (1120/1948)
[2025-11-17 15:31:34][INFO][Rank 0] - train Epoch 8/24: 58.0% (1130/1948)
[2025-11-17 15:31:41][INFO][Rank 0] - train Epoch 8/24: 58.5% (1140/1948)
[2025-11-17 15:31:48][INFO][Rank 0] - train Epoch 8/24: 59.0% (1150/1948)
[2025-11-17 15:31:55][INFO][Rank 0] - train Epoch 8/24: 59.5% (1160/1948)
[2025-11-17 15:32:03][INFO][Rank 0] - train Epoch 8/24: 60.1% (1170/1948)
[2025-11-17 15:32:03][INFO][Rank 0] - CUDA Memory [train][Step 1170]: Device 0: Allocated: 3309.6 MB, Reserved: 117540.0 MB (Δ: +1687.0 MB)
[2025-11-17 15:32:10][INFO][Rank 0] - train Epoch 8/24: 60.6% (1180/1948)
[2025-11-17 15:32:17][INFO][Rank 0] - train Epoch 8/24: 61.1% (1190/1948)
[2025-11-17 15:32:24][INFO][Rank 0] - train Epoch 8/24: 61.6% (1200/1948)
[2025-11-17 15:32:31][INFO][Rank 0] - train Epoch 8/24: 62.1% (1210/1948)
[2025-11-17 15:32:38][INFO][Rank 0] - train Epoch 8/24: 62.6% (1220/1948)
[2025-11-17 15:32:45][INFO][Rank 0] - train Epoch 8/24: 63.1% (1230/1948)
[2025-11-17 15:32:52][INFO][Rank 0] - train Epoch 8/24: 63.7% (1240/1948)
[2025-11-17 15:32:59][INFO][Rank 0] - train Epoch 8/24: 64.2% (1250/1948)
[2025-11-17 15:33:06][INFO][Rank 0] - train Epoch 8/24: 64.7% (1260/1948)
[2025-11-17 15:33:07][INFO][Rank 0] - CUDA Memory [train][Step 1260]: Device 0: Allocated: 3309.6 MB, Reserved: 117540.0 MB (Δ: +1687.0 MB)
[2025-11-17 15:33:13][INFO][Rank 0] - train Epoch 8/24: 65.2% (1270/1948)
[2025-11-17 15:33:20][INFO][Rank 0] - train Epoch 8/24: 65.7% (1280/1948)
[2025-11-17 15:33:27][INFO][Rank 0] - train Epoch 8/24: 66.2% (1290/1948)
[2025-11-17 15:33:34][INFO][Rank 0] - train Epoch 8/24: 66.7% (1300/1948)
[2025-11-17 15:33:41][INFO][Rank 0] - train Epoch 8/24: 67.2% (1310/1948)
[2025-11-17 15:33:48][INFO][Rank 0] - train Epoch 8/24: 67.8% (1320/1948)
[2025-11-17 15:33:55][INFO][Rank 0] - train Epoch 8/24: 68.3% (1330/1948)
[2025-11-17 15:34:02][INFO][Rank 0] - train Epoch 8/24: 68.8% (1340/1948)
[2025-11-17 15:34:09][INFO][Rank 0] - train Epoch 8/24: 69.3% (1350/1948)
[2025-11-17 15:34:10][INFO][Rank 0] - CUDA Memory [train][Step 1350]: Device 0: Allocated: 3309.6 MB, Reserved: 117540.0 MB (Δ: +1687.0 MB)
[2025-11-17 15:34:16][INFO][Rank 0] - train Epoch 8/24: 69.8% (1360/1948)
[2025-11-17 15:34:24][INFO][Rank 0] - train Epoch 8/24: 70.3% (1370/1948)
[2025-11-17 15:34:31][INFO][Rank 0] - train Epoch 8/24: 70.8% (1380/1948)
[2025-11-17 15:34:38][INFO][Rank 0] - train Epoch 8/24: 71.4% (1390/1948)
[2025-11-17 15:34:45][INFO][Rank 0] - train Epoch 8/24: 71.9% (1400/1948)
[2025-11-17 15:34:52][INFO][Rank 0] - train Epoch 8/24: 72.4% (1410/1948)
[2025-11-17 15:34:59][INFO][Rank 0] - train Epoch 8/24: 72.9% (1420/1948)
[2025-11-17 15:35:06][INFO][Rank 0] - train Epoch 8/24: 73.4% (1430/1948)
[2025-11-17 15:35:13][INFO][Rank 0] - train Epoch 8/24: 73.9% (1440/1948)
[2025-11-17 15:35:14][INFO][Rank 0] - CUDA Memory [train][Step 1440]: Device 0: Allocated: 3309.6 MB, Reserved: 117540.0 MB (Δ: +1687.0 MB)
[2025-11-17 15:35:20][INFO][Rank 0] - train Epoch 8/24: 74.4% (1450/1948)
[2025-11-17 15:35:27][INFO][Rank 0] - train Epoch 8/24: 74.9% (1460/1948)
[2025-11-17 15:35:34][INFO][Rank 0] - train Epoch 8/24: 75.5% (1470/1948)
[2025-11-17 15:35:41][INFO][Rank 0] - train Epoch 8/24: 76.0% (1480/1948)
[2025-11-17 15:35:48][INFO][Rank 0] - train Epoch 8/24: 76.5% (1490/1948)
[2025-11-17 15:35:55][INFO][Rank 0] - train Epoch 8/24: 77.0% (1500/1948)
[2025-11-17 15:36:02][INFO][Rank 0] - train Epoch 8/24: 77.5% (1510/1948)
[2025-11-17 15:36:09][INFO][Rank 0] - train Epoch 8/24: 78.0% (1520/1948)
[2025-11-17 15:36:16][INFO][Rank 0] - train Epoch 8/24: 78.5% (1530/1948)
[2025-11-17 15:36:17][INFO][Rank 0] - CUDA Memory [train][Step 1530]: Device 0: Allocated: 3309.6 MB, Reserved: 117540.0 MB (Δ: +1687.0 MB)
[2025-11-17 15:36:23][INFO][Rank 0] - train Epoch 8/24: 79.1% (1540/1948)
[2025-11-17 15:36:30][INFO][Rank 0] - train Epoch 8/24: 79.6% (1550/1948)
[2025-11-17 15:36:37][INFO][Rank 0] - train Epoch 8/24: 80.1% (1560/1948)
[2025-11-17 15:36:45][INFO][Rank 0] - train Epoch 8/24: 80.6% (1570/1948)
[2025-11-17 15:36:52][INFO][Rank 0] - train Epoch 8/24: 81.1% (1580/1948)
[2025-11-17 15:36:59][INFO][Rank 0] - train Epoch 8/24: 81.6% (1590/1948)
[2025-11-17 15:37:06][INFO][Rank 0] - train Epoch 8/24: 82.1% (1600/1948)
[2025-11-17 15:37:13][INFO][Rank 0] - train Epoch 8/24: 82.6% (1610/1948)
[2025-11-17 15:37:20][INFO][Rank 0] - train Epoch 8/24: 83.2% (1620/1948)
[2025-11-17 15:37:20][INFO][Rank 0] - CUDA Memory [train][Step 1620]: Device 0: Allocated: 3309.6 MB, Reserved: 117540.0 MB (Δ: +1687.0 MB)
[2025-11-17 15:37:27][INFO][Rank 0] - train Epoch 8/24: 83.7% (1630/1948)
[2025-11-17 15:37:34][INFO][Rank 0] - train Epoch 8/24: 84.2% (1640/1948)
[2025-11-17 15:37:41][INFO][Rank 0] - train Epoch 8/24: 84.7% (1650/1948)
[2025-11-17 15:37:48][INFO][Rank 0] - train Epoch 8/24: 85.2% (1660/1948)
[2025-11-17 15:37:55][INFO][Rank 0] - train Epoch 8/24: 85.7% (1670/1948)
[2025-11-17 15:38:02][INFO][Rank 0] - train Epoch 8/24: 86.2% (1680/1948)
[2025-11-17 15:38:09][INFO][Rank 0] - train Epoch 8/24: 86.8% (1690/1948)
[2025-11-17 15:38:16][INFO][Rank 0] - train Epoch 8/24: 87.3% (1700/1948)
[2025-11-17 15:38:23][INFO][Rank 0] - train Epoch 8/24: 87.8% (1710/1948)
[2025-11-17 15:38:24][INFO][Rank 0] - CUDA Memory [train][Step 1710]: Device 0: Allocated: 3309.6 MB, Reserved: 117540.0 MB (Δ: +1687.0 MB)
[2025-11-17 15:38:30][INFO][Rank 0] - train Epoch 8/24: 88.3% (1720/1948)
[2025-11-17 15:38:37][INFO][Rank 0] - train Epoch 8/24: 88.8% (1730/1948)
[2025-11-17 15:38:44][INFO][Rank 0] - train Epoch 8/24: 89.3% (1740/1948)
[2025-11-17 15:38:51][INFO][Rank 0] - train Epoch 8/24: 89.8% (1750/1948)
[2025-11-17 15:38:58][INFO][Rank 0] - train Epoch 8/24: 90.3% (1760/1948)
[2025-11-17 15:39:05][INFO][Rank 0] - train Epoch 8/24: 90.9% (1770/1948)
[2025-11-17 15:39:13][INFO][Rank 0] - train Epoch 8/24: 91.4% (1780/1948)
[2025-11-17 15:39:20][INFO][Rank 0] - train Epoch 8/24: 91.9% (1790/1948)
[2025-11-17 15:39:27][INFO][Rank 0] - train Epoch 8/24: 92.4% (1800/1948)
[2025-11-17 15:39:27][INFO][Rank 0] - CUDA Memory [train][Step 1800]: Device 0: Allocated: 3309.6 MB, Reserved: 117540.0 MB (Δ: +1687.0 MB)
[2025-11-17 15:39:34][INFO][Rank 0] - train Epoch 8/24: 92.9% (1810/1948)
[2025-11-17 15:39:41][INFO][Rank 0] - train Epoch 8/24: 93.4% (1820/1948)
[2025-11-17 15:39:48][INFO][Rank 0] - train Epoch 8/24: 93.9% (1830/1948)
[2025-11-17 15:39:55][INFO][Rank 0] - train Epoch 8/24: 94.5% (1840/1948)
[2025-11-17 15:40:02][INFO][Rank 0] - train Epoch 8/24: 95.0% (1850/1948)
[2025-11-17 15:40:09][INFO][Rank 0] - train Epoch 8/24: 95.5% (1860/1948)
[2025-11-17 15:40:16][INFO][Rank 0] - train Epoch 8/24: 96.0% (1870/1948)
[2025-11-17 15:40:23][INFO][Rank 0] - train Epoch 8/24: 96.5% (1880/1948)
[2025-11-17 15:40:30][INFO][Rank 0] - train Epoch 8/24: 97.0% (1890/1948)
[2025-11-17 15:40:31][INFO][Rank 0] - CUDA Memory [train][Step 1890]: Device 0: Allocated: 3309.6 MB, Reserved: 117540.0 MB (Δ: +1687.0 MB)
[2025-11-17 15:40:37][INFO][Rank 0] - train Epoch 8/24: 97.5% (1900/1948)
[2025-11-17 15:40:44][INFO][Rank 0] - train Epoch 8/24: 98.0% (1910/1948)
[2025-11-17 15:40:51][INFO][Rank 0] - train Epoch 8/24: 98.6% (1920/1948)
[2025-11-17 15:40:58][INFO][Rank 0] - train Epoch 8/24: 99.1% (1930/1948)
[2025-11-17 15:41:05][INFO][Rank 0] - train Epoch 8/24: 99.6% (1940/1948)
[2025-11-17 15:41:10][INFO][Rank 0] - train Epoch 8/24: 99.9% (1947/1948)
[2025-11-17 15:41:11][INFO][Rank 0] - train Loss: 0.1746 Acc: 0.9740 F1: 0.9866
[2025-11-17 15:41:11][INFO][Rank 0] - train Balanced Acc: 0.8619 AUC-ROC: 0.9645
[2025-11-17 15:41:11][INFO][Rank 0] - train Sensitivity: 0.9799 Specificity: 0.7439
[2025-11-17 15:41:11][INFO][Rank 0] - train Confusion Matrix: TP=18610, FP=125, FN=382, TN=363
[2025-11-17 15:41:11][INFO][Rank 0] - train completed in 1373.63s
[2025-11-17 15:41:11][INFO][Rank 0] - Data loading time: 0.78s, Forward time: 279.56s, Backward time: 744.33s
[2025-11-17 15:41:11][INFO][Rank 0] - train cache: 0/1 items, hit rate: 0.00%
[2025-11-17 15:41:11][INFO][Rank 0] - CUDA Memory [val][Step 0]: Device 0: Allocated: 3309.6 MB, Reserved: 117540.0 MB (Δ: +1687.0 MB)
[2025-11-17 15:41:11][INFO][Rank 0] - val phase: total 406 batches
[2025-11-17 15:41:11][INFO][Rank 0] - val Epoch 8/24: 0.0% (0/406)
[2025-11-17 15:41:16][INFO][Rank 0] - val Epoch 8/24: 2.5% (10/406)
[2025-11-17 15:41:21][INFO][Rank 0] - val Epoch 8/24: 4.9% (20/406)
[2025-11-17 15:41:26][INFO][Rank 0] - val Epoch 8/24: 7.4% (30/406)
[2025-11-17 15:41:31][INFO][Rank 0] - val Epoch 8/24: 9.9% (40/406)
[2025-11-17 15:41:36][INFO][Rank 0] - val Epoch 8/24: 12.3% (50/406)
[2025-11-17 15:41:41][INFO][Rank 0] - val Epoch 8/24: 14.8% (60/406)
[2025-11-17 15:41:46][INFO][Rank 0] - val Epoch 8/24: 17.2% (70/406)
[2025-11-17 15:41:51][INFO][Rank 0] - val Epoch 8/24: 19.7% (80/406)
[2025-11-17 15:41:56][INFO][Rank 0] - val Epoch 8/24: 22.2% (90/406)
[2025-11-17 15:42:01][INFO][Rank 0] - val Epoch 8/24: 24.6% (100/406)
[2025-11-17 15:42:07][INFO][Rank 0] - val Epoch 8/24: 27.1% (110/406)
[2025-11-17 15:42:12][INFO][Rank 0] - val Epoch 8/24: 29.6% (120/406)
[2025-11-17 15:42:12][INFO][Rank 0] - CUDA Memory [val][Step 120]: Device 0: Allocated: 3309.6 MB, Reserved: 117540.0 MB (Δ: +1687.0 MB)
[2025-11-17 15:42:17][INFO][Rank 0] - val Epoch 8/24: 32.0% (130/406)
[2025-11-17 15:42:22][INFO][Rank 0] - val Epoch 8/24: 34.5% (140/406)
[2025-11-17 15:42:27][INFO][Rank 0] - val Epoch 8/24: 36.9% (150/406)
[2025-11-17 15:42:32][INFO][Rank 0] - val Epoch 8/24: 39.4% (160/406)
[2025-11-17 15:42:37][INFO][Rank 0] - val Epoch 8/24: 41.9% (170/406)
[2025-11-17 15:42:42][INFO][Rank 0] - val Epoch 8/24: 44.3% (180/406)
[2025-11-17 15:42:47][INFO][Rank 0] - val Epoch 8/24: 46.8% (190/406)
[2025-11-17 15:42:52][INFO][Rank 0] - val Epoch 8/24: 49.3% (200/406)
[2025-11-17 15:42:57][INFO][Rank 0] - val Epoch 8/24: 51.7% (210/406)
[2025-11-17 15:43:02][INFO][Rank 0] - val Epoch 8/24: 54.2% (220/406)
[2025-11-17 15:43:07][INFO][Rank 0] - val Epoch 8/24: 56.7% (230/406)
[2025-11-17 15:43:12][INFO][Rank 0] - val Epoch 8/24: 59.1% (240/406)
[2025-11-17 15:43:12][INFO][Rank 0] - CUDA Memory [val][Step 240]: Device 0: Allocated: 3309.6 MB, Reserved: 117540.0 MB (Δ: +1687.0 MB)
[2025-11-17 15:43:17][INFO][Rank 0] - val Epoch 8/24: 61.6% (250/406)
[2025-11-17 15:43:22][INFO][Rank 0] - val Epoch 8/24: 64.0% (260/406)
[2025-11-17 15:43:27][INFO][Rank 0] - val Epoch 8/24: 66.5% (270/406)
[2025-11-17 15:43:32][INFO][Rank 0] - val Epoch 8/24: 69.0% (280/406)
[2025-11-17 15:43:37][INFO][Rank 0] - val Epoch 8/24: 71.4% (290/406)
[2025-11-17 15:43:42][INFO][Rank 0] - val Epoch 8/24: 73.9% (300/406)
[2025-11-17 15:43:47][INFO][Rank 0] - val Epoch 8/24: 76.4% (310/406)
[2025-11-17 15:43:52][INFO][Rank 0] - val Epoch 8/24: 78.8% (320/406)
[2025-11-17 15:43:57][INFO][Rank 0] - val Epoch 8/24: 81.3% (330/406)
[2025-11-17 15:44:02][INFO][Rank 0] - val Epoch 8/24: 83.7% (340/406)
[2025-11-17 15:44:07][INFO][Rank 0] - val Epoch 8/24: 86.2% (350/406)
[2025-11-17 15:44:12][INFO][Rank 0] - val Epoch 8/24: 88.7% (360/406)
[2025-11-17 15:44:13][INFO][Rank 0] - CUDA Memory [val][Step 360]: Device 0: Allocated: 3309.6 MB, Reserved: 117540.0 MB (Δ: +1687.0 MB)
[2025-11-17 15:44:17][INFO][Rank 0] - val Epoch 8/24: 91.1% (370/406)
[2025-11-17 15:44:22][INFO][Rank 0] - val Epoch 8/24: 93.6% (380/406)
[2025-11-17 15:44:27][INFO][Rank 0] - val Epoch 8/24: 96.1% (390/406)
[2025-11-17 15:44:32][INFO][Rank 0] - val Epoch 8/24: 98.5% (400/406)
[2025-11-17 15:44:35][INFO][Rank 0] - val Epoch 8/24: 99.8% (405/406)
[2025-11-17 15:44:35][INFO][Rank 0] - val Loss: 0.1171 Acc: 0.9724 F1: 0.9857
[2025-11-17 15:44:35][INFO][Rank 0] - val Balanced Acc: 0.8733 AUC-ROC: 0.9770
[2025-11-17 15:44:35][INFO][Rank 0] - val Sensitivity: 0.9780 Specificity: 0.7685
[2025-11-17 15:44:35][INFO][Rank 0] - val Confusion Matrix: TP=3865, FP=25, FN=87, TN=83
[2025-11-17 15:44:35][INFO][Rank 0] - val completed in 204.36s
[2025-11-17 15:44:35][INFO][Rank 0] - val cache: 0/1 items, hit rate: 0.00%
[2025-11-17 15:44:39][INFO][Rank 0] - Saved new best auc model with auc: 0.9770 at /projects/retprogression/rgarridogarcia/checkpoints/cropped1024_cropped_centered_allR_3/best_auc_model.pth
[2025-11-17 15:44:43][INFO][Rank 0] - Saved epoch checkpoint at /projects/retprogression/rgarridogarcia/checkpoints/cropped1024_cropped_centered_allR_3/epoch_8.pth
[2025-11-17 15:44:43][INFO][Rank 0] - Epoch 8 summary:
[2025-11-17 15:44:43][INFO][Rank 0] -  Train Loss: 0.1746, Train Acc: 0.9740, Train F1: 0.9866
[2025-11-17 15:44:43][INFO][Rank 0] -  Train Balanced Acc: 0.8619, Train AUC: 0.9645
[2025-11-17 15:44:43][INFO][Rank 0] -  Train Sensitivity: 0.9799, Train Specificity: 0.7439
[2025-11-17 15:44:43][INFO][Rank 0] -  Val Loss: 0.1171, Val Acc: 0.9724, Val F1: 0.9857
[2025-11-17 15:44:43][INFO][Rank 0] -  Val Balanced Acc: 0.8733, Val AUC: 0.9770
[2025-11-17 15:44:43][INFO][Rank 0] -  Val Sensitivity: 0.9780, Val Specificity: 0.7685
[2025-11-17 15:44:43][INFO][Rank 0] -  Total Epoch Time: 1585.52s
[2025-11-17 15:44:43][INFO][Rank 0] - Epoch 9/24
[2025-11-17 15:44:43][INFO][Rank 0] - ----------
[2025-11-17 15:44:43][INFO][Rank 0] - CUDA Memory [train][Step 0]: Device 0: Allocated: 3309.6 MB, Reserved: 117540.0 MB (Δ: +1687.0 MB)
[2025-11-17 15:44:43][INFO][Rank 0] - train phase: total 1948 batches
[2025-11-17 15:44:43][INFO][Rank 0] - train Epoch 9/24: 0.0% (0/1948)
[2025-11-17 15:44:50][INFO][Rank 0] - train Epoch 9/24: 0.5% (10/1948)
[2025-11-17 15:44:58][INFO][Rank 0] - train Epoch 9/24: 1.0% (20/1948)
[2025-11-17 15:45:05][INFO][Rank 0] - train Epoch 9/24: 1.5% (30/1948)
[2025-11-17 15:45:12][INFO][Rank 0] - train Epoch 9/24: 2.1% (40/1948)
[2025-11-17 15:45:19][INFO][Rank 0] - train Epoch 9/24: 2.6% (50/1948)
[2025-11-17 15:45:26][INFO][Rank 0] - train Epoch 9/24: 3.1% (60/1948)
[2025-11-17 15:45:33][INFO][Rank 0] - train Epoch 9/24: 3.6% (70/1948)
[2025-11-17 15:45:40][INFO][Rank 0] - train Epoch 9/24: 4.1% (80/1948)
[2025-11-17 15:45:47][INFO][Rank 0] - train Epoch 9/24: 4.6% (90/1948)
[2025-11-17 15:45:48][INFO][Rank 0] - CUDA Memory [train][Step 90]: Device 0: Allocated: 3309.6 MB, Reserved: 117540.0 MB (Δ: +1687.0 MB)
[2025-11-17 15:45:54][INFO][Rank 0] - train Epoch 9/24: 5.1% (100/1948)
[2025-11-17 15:46:01][INFO][Rank 0] - train Epoch 9/24: 5.6% (110/1948)
[2025-11-17 15:46:08][INFO][Rank 0] - train Epoch 9/24: 6.2% (120/1948)
[2025-11-17 15:46:15][INFO][Rank 0] - train Epoch 9/24: 6.7% (130/1948)
[2025-11-17 15:46:22][INFO][Rank 0] - train Epoch 9/24: 7.2% (140/1948)
[2025-11-17 15:46:29][INFO][Rank 0] - train Epoch 9/24: 7.7% (150/1948)
[2025-11-17 15:46:36][INFO][Rank 0] - train Epoch 9/24: 8.2% (160/1948)
[2025-11-17 15:46:43][INFO][Rank 0] - train Epoch 9/24: 8.7% (170/1948)
[2025-11-17 15:46:50][INFO][Rank 0] - train Epoch 9/24: 9.2% (180/1948)
[2025-11-17 15:46:51][INFO][Rank 0] - CUDA Memory [train][Step 180]: Device 0: Allocated: 3309.6 MB, Reserved: 117540.0 MB (Δ: +1687.0 MB)
[2025-11-17 15:46:57][INFO][Rank 0] - train Epoch 9/24: 9.8% (190/1948)
[2025-11-17 15:47:04][INFO][Rank 0] - train Epoch 9/24: 10.3% (200/1948)
[2025-11-17 15:47:11][INFO][Rank 0] - train Epoch 9/24: 10.8% (210/1948)
[2025-11-17 15:47:19][INFO][Rank 0] - train Epoch 9/24: 11.3% (220/1948)
[2025-11-17 15:47:26][INFO][Rank 0] - train Epoch 9/24: 11.8% (230/1948)
[2025-11-17 15:47:33][INFO][Rank 0] - train Epoch 9/24: 12.3% (240/1948)
[2025-11-17 15:47:40][INFO][Rank 0] - train Epoch 9/24: 12.8% (250/1948)
[2025-11-17 15:47:47][INFO][Rank 0] - train Epoch 9/24: 13.3% (260/1948)
[2025-11-17 15:47:54][INFO][Rank 0] - train Epoch 9/24: 13.9% (270/1948)
[2025-11-17 15:47:54][INFO][Rank 0] - CUDA Memory [train][Step 270]: Device 0: Allocated: 3309.6 MB, Reserved: 117540.0 MB (Δ: +1687.0 MB)
[2025-11-17 15:48:01][INFO][Rank 0] - train Epoch 9/24: 14.4% (280/1948)
[2025-11-17 15:48:08][INFO][Rank 0] - train Epoch 9/24: 14.9% (290/1948)
[2025-11-17 15:48:15][INFO][Rank 0] - train Epoch 9/24: 15.4% (300/1948)
[2025-11-17 15:48:22][INFO][Rank 0] - train Epoch 9/24: 15.9% (310/1948)
[2025-11-17 15:48:29][INFO][Rank 0] - train Epoch 9/24: 16.4% (320/1948)
[2025-11-17 15:48:36][INFO][Rank 0] - train Epoch 9/24: 16.9% (330/1948)
[2025-11-17 15:48:43][INFO][Rank 0] - train Epoch 9/24: 17.5% (340/1948)
[2025-11-17 15:48:50][INFO][Rank 0] - train Epoch 9/24: 18.0% (350/1948)
[2025-11-17 15:48:57][INFO][Rank 0] - train Epoch 9/24: 18.5% (360/1948)
[2025-11-17 15:48:58][INFO][Rank 0] - CUDA Memory [train][Step 360]: Device 0: Allocated: 3309.6 MB, Reserved: 117540.0 MB (Δ: +1687.0 MB)
[2025-11-17 15:49:04][INFO][Rank 0] - train Epoch 9/24: 19.0% (370/1948)
[2025-11-17 15:49:11][INFO][Rank 0] - train Epoch 9/24: 19.5% (380/1948)
[2025-11-17 15:49:18][INFO][Rank 0] - train Epoch 9/24: 20.0% (390/1948)
[2025-11-17 15:49:25][INFO][Rank 0] - train Epoch 9/24: 20.5% (400/1948)
[2025-11-17 15:49:32][INFO][Rank 0] - train Epoch 9/24: 21.0% (410/1948)
[2025-11-17 15:49:39][INFO][Rank 0] - train Epoch 9/24: 21.6% (420/1948)
[2025-11-17 15:49:47][INFO][Rank 0] - train Epoch 9/24: 22.1% (430/1948)
[2025-11-17 15:49:54][INFO][Rank 0] - train Epoch 9/24: 22.6% (440/1948)
[2025-11-17 15:50:01][INFO][Rank 0] - train Epoch 9/24: 23.1% (450/1948)
[2025-11-17 15:50:01][INFO][Rank 0] - CUDA Memory [train][Step 450]: Device 0: Allocated: 3309.6 MB, Reserved: 117540.0 MB (Δ: +1687.0 MB)
[2025-11-17 15:50:08][INFO][Rank 0] - train Epoch 9/24: 23.6% (460/1948)
[2025-11-17 15:50:15][INFO][Rank 0] - train Epoch 9/24: 24.1% (470/1948)
[2025-11-17 15:50:22][INFO][Rank 0] - train Epoch 9/24: 24.6% (480/1948)
[2025-11-17 15:50:29][INFO][Rank 0] - train Epoch 9/24: 25.2% (490/1948)
[2025-11-17 15:50:36][INFO][Rank 0] - train Epoch 9/24: 25.7% (500/1948)
[2025-11-17 15:50:43][INFO][Rank 0] - train Epoch 9/24: 26.2% (510/1948)
[2025-11-17 15:50:50][INFO][Rank 0] - train Epoch 9/24: 26.7% (520/1948)
[2025-11-17 15:50:57][INFO][Rank 0] - train Epoch 9/24: 27.2% (530/1948)
[2025-11-17 15:51:04][INFO][Rank 0] - train Epoch 9/24: 27.7% (540/1948)
[2025-11-17 15:51:05][INFO][Rank 0] - CUDA Memory [train][Step 540]: Device 0: Allocated: 3309.6 MB, Reserved: 117540.0 MB (Δ: +1687.0 MB)
[2025-11-17 15:51:11][INFO][Rank 0] - train Epoch 9/24: 28.2% (550/1948)
[2025-11-17 15:51:18][INFO][Rank 0] - train Epoch 9/24: 28.7% (560/1948)
[2025-11-17 15:51:25][INFO][Rank 0] - train Epoch 9/24: 29.3% (570/1948)
[2025-11-17 15:51:32][INFO][Rank 0] - train Epoch 9/24: 29.8% (580/1948)
[2025-11-17 15:51:39][INFO][Rank 0] - train Epoch 9/24: 30.3% (590/1948)
[2025-11-17 15:51:46][INFO][Rank 0] - train Epoch 9/24: 30.8% (600/1948)
[2025-11-17 15:51:53][INFO][Rank 0] - train Epoch 9/24: 31.3% (610/1948)
[2025-11-17 15:52:00][INFO][Rank 0] - train Epoch 9/24: 31.8% (620/1948)
[2025-11-17 15:52:08][INFO][Rank 0] - train Epoch 9/24: 32.3% (630/1948)
[2025-11-17 15:52:08][INFO][Rank 0] - CUDA Memory [train][Step 630]: Device 0: Allocated: 3309.6 MB, Reserved: 117540.0 MB (Δ: +1687.0 MB)
[2025-11-17 15:52:15][INFO][Rank 0] - train Epoch 9/24: 32.9% (640/1948)
[2025-11-17 15:52:22][INFO][Rank 0] - train Epoch 9/24: 33.4% (650/1948)
[2025-11-17 15:52:29][INFO][Rank 0] - train Epoch 9/24: 33.9% (660/1948)
[2025-11-17 15:52:36][INFO][Rank 0] - train Epoch 9/24: 34.4% (670/1948)
[2025-11-17 15:52:43][INFO][Rank 0] - train Epoch 9/24: 34.9% (680/1948)
[2025-11-17 15:52:50][INFO][Rank 0] - train Epoch 9/24: 35.4% (690/1948)
[2025-11-17 15:52:57][INFO][Rank 0] - train Epoch 9/24: 35.9% (700/1948)
[2025-11-17 15:53:04][INFO][Rank 0] - train Epoch 9/24: 36.4% (710/1948)
[2025-11-17 15:53:11][INFO][Rank 0] - train Epoch 9/24: 37.0% (720/1948)
[2025-11-17 15:53:12][INFO][Rank 0] - CUDA Memory [train][Step 720]: Device 0: Allocated: 3309.6 MB, Reserved: 117540.0 MB (Δ: +1687.0 MB)
[2025-11-17 15:53:18][INFO][Rank 0] - train Epoch 9/24: 37.5% (730/1948)
[2025-11-17 15:53:25][INFO][Rank 0] - train Epoch 9/24: 38.0% (740/1948)
[2025-11-17 15:53:32][INFO][Rank 0] - train Epoch 9/24: 38.5% (750/1948)
[2025-11-17 15:53:39][INFO][Rank 0] - train Epoch 9/24: 39.0% (760/1948)
[2025-11-17 15:53:46][INFO][Rank 0] - train Epoch 9/24: 39.5% (770/1948)
[2025-11-17 15:53:53][INFO][Rank 0] - train Epoch 9/24: 40.0% (780/1948)
[2025-11-17 15:54:00][INFO][Rank 0] - train Epoch 9/24: 40.6% (790/1948)
[2025-11-17 15:54:07][INFO][Rank 0] - train Epoch 9/24: 41.1% (800/1948)
[2025-11-17 15:54:14][INFO][Rank 0] - train Epoch 9/24: 41.6% (810/1948)
[2025-11-17 15:54:15][INFO][Rank 0] - CUDA Memory [train][Step 810]: Device 0: Allocated: 3309.6 MB, Reserved: 117540.0 MB (Δ: +1687.0 MB)
[2025-11-17 15:54:21][INFO][Rank 0] - train Epoch 9/24: 42.1% (820/1948)
[2025-11-17 15:54:29][INFO][Rank 0] - train Epoch 9/24: 42.6% (830/1948)
[2025-11-17 15:54:36][INFO][Rank 0] - train Epoch 9/24: 43.1% (840/1948)
[2025-11-17 15:54:43][INFO][Rank 0] - train Epoch 9/24: 43.6% (850/1948)
[2025-11-17 15:54:50][INFO][Rank 0] - train Epoch 9/24: 44.1% (860/1948)
[2025-11-17 15:54:57][INFO][Rank 0] - train Epoch 9/24: 44.7% (870/1948)
[2025-11-17 15:55:04][INFO][Rank 0] - train Epoch 9/24: 45.2% (880/1948)
[2025-11-17 15:55:11][INFO][Rank 0] - train Epoch 9/24: 45.7% (890/1948)
[2025-11-17 15:55:18][INFO][Rank 0] - train Epoch 9/24: 46.2% (900/1948)
[2025-11-17 15:55:19][INFO][Rank 0] - CUDA Memory [train][Step 900]: Device 0: Allocated: 3309.6 MB, Reserved: 117540.0 MB (Δ: +1687.0 MB)
[2025-11-17 15:55:25][INFO][Rank 0] - train Epoch 9/24: 46.7% (910/1948)
[2025-11-17 15:55:32][INFO][Rank 0] - train Epoch 9/24: 47.2% (920/1948)
[2025-11-17 15:55:39][INFO][Rank 0] - train Epoch 9/24: 47.7% (930/1948)
[2025-11-17 15:55:46][INFO][Rank 0] - train Epoch 9/24: 48.3% (940/1948)
[2025-11-17 15:55:53][INFO][Rank 0] - train Epoch 9/24: 48.8% (950/1948)
[2025-11-17 15:56:00][INFO][Rank 0] - train Epoch 9/24: 49.3% (960/1948)
[2025-11-17 15:56:07][INFO][Rank 0] - train Epoch 9/24: 49.8% (970/1948)
[2025-11-17 15:56:14][INFO][Rank 0] - train Epoch 9/24: 50.3% (980/1948)
[2025-11-17 15:56:21][INFO][Rank 0] - train Epoch 9/24: 50.8% (990/1948)
[2025-11-17 15:56:22][INFO][Rank 0] - CUDA Memory [train][Step 990]: Device 0: Allocated: 3309.6 MB, Reserved: 117540.0 MB (Δ: +1687.0 MB)
[2025-11-17 15:56:28][INFO][Rank 0] - train Epoch 9/24: 51.3% (1000/1948)
[2025-11-17 15:56:35][INFO][Rank 0] - train Epoch 9/24: 51.8% (1010/1948)
[2025-11-17 15:56:42][INFO][Rank 0] - train Epoch 9/24: 52.4% (1020/1948)
[2025-11-17 15:56:50][INFO][Rank 0] - train Epoch 9/24: 52.9% (1030/1948)
[2025-11-17 15:56:57][INFO][Rank 0] - train Epoch 9/24: 53.4% (1040/1948)
[2025-11-17 15:57:04][INFO][Rank 0] - train Epoch 9/24: 53.9% (1050/1948)
[2025-11-17 15:57:11][INFO][Rank 0] - train Epoch 9/24: 54.4% (1060/1948)
[2025-11-17 15:57:18][INFO][Rank 0] - train Epoch 9/24: 54.9% (1070/1948)
[2025-11-17 15:57:25][INFO][Rank 0] - train Epoch 9/24: 55.4% (1080/1948)
[2025-11-17 15:57:25][INFO][Rank 0] - CUDA Memory [train][Step 1080]: Device 0: Allocated: 3309.6 MB, Reserved: 117540.0 MB (Δ: +1687.0 MB)
[2025-11-17 15:57:32][INFO][Rank 0] - train Epoch 9/24: 56.0% (1090/1948)
[2025-11-17 15:57:39][INFO][Rank 0] - train Epoch 9/24: 56.5% (1100/1948)
[2025-11-17 15:57:46][INFO][Rank 0] - train Epoch 9/24: 57.0% (1110/1948)
[2025-11-17 15:57:53][INFO][Rank 0] - train Epoch 9/24: 57.5% (1120/1948)
[2025-11-17 15:58:00][INFO][Rank 0] - train Epoch 9/24: 58.0% (1130/1948)
[2025-11-17 15:58:07][INFO][Rank 0] - train Epoch 9/24: 58.5% (1140/1948)
[2025-11-17 15:58:14][INFO][Rank 0] - train Epoch 9/24: 59.0% (1150/1948)
[2025-11-17 15:58:21][INFO][Rank 0] - train Epoch 9/24: 59.5% (1160/1948)
[2025-11-17 15:58:28][INFO][Rank 0] - train Epoch 9/24: 60.1% (1170/1948)
[2025-11-17 15:58:29][INFO][Rank 0] - CUDA Memory [train][Step 1170]: Device 0: Allocated: 3309.6 MB, Reserved: 117540.0 MB (Δ: +1687.0 MB)
[2025-11-17 15:58:35][INFO][Rank 0] - train Epoch 9/24: 60.6% (1180/1948)
[2025-11-17 15:58:42][INFO][Rank 0] - train Epoch 9/24: 61.1% (1190/1948)
[2025-11-17 15:58:49][INFO][Rank 0] - train Epoch 9/24: 61.6% (1200/1948)
[2025-11-17 15:58:56][INFO][Rank 0] - train Epoch 9/24: 62.1% (1210/1948)
[2025-11-17 15:59:03][INFO][Rank 0] - train Epoch 9/24: 62.6% (1220/1948)
[2025-11-17 15:59:11][INFO][Rank 0] - train Epoch 9/24: 63.1% (1230/1948)
[2025-11-17 15:59:18][INFO][Rank 0] - train Epoch 9/24: 63.7% (1240/1948)
[2025-11-17 15:59:25][INFO][Rank 0] - train Epoch 9/24: 64.2% (1250/1948)
[2025-11-17 15:59:32][INFO][Rank 0] - train Epoch 9/24: 64.7% (1260/1948)
[2025-11-17 15:59:32][INFO][Rank 0] - CUDA Memory [train][Step 1260]: Device 0: Allocated: 3309.6 MB, Reserved: 117540.0 MB (Δ: +1687.0 MB)
[2025-11-17 15:59:39][INFO][Rank 0] - train Epoch 9/24: 65.2% (1270/1948)
[2025-11-17 15:59:46][INFO][Rank 0] - train Epoch 9/24: 65.7% (1280/1948)
[2025-11-17 15:59:53][INFO][Rank 0] - train Epoch 9/24: 66.2% (1290/1948)
[2025-11-17 16:00:00][INFO][Rank 0] - train Epoch 9/24: 66.7% (1300/1948)
[2025-11-17 16:00:07][INFO][Rank 0] - train Epoch 9/24: 67.2% (1310/1948)
[2025-11-17 16:00:14][INFO][Rank 0] - train Epoch 9/24: 67.8% (1320/1948)
[2025-11-17 16:00:21][INFO][Rank 0] - train Epoch 9/24: 68.3% (1330/1948)
[2025-11-17 16:00:28][INFO][Rank 0] - train Epoch 9/24: 68.8% (1340/1948)
[2025-11-17 16:00:35][INFO][Rank 0] - train Epoch 9/24: 69.3% (1350/1948)
[2025-11-17 16:00:36][INFO][Rank 0] - CUDA Memory [train][Step 1350]: Device 0: Allocated: 3309.6 MB, Reserved: 117540.0 MB (Δ: +1687.0 MB)
[2025-11-17 16:00:42][INFO][Rank 0] - train Epoch 9/24: 69.8% (1360/1948)
[2025-11-17 16:00:49][INFO][Rank 0] - train Epoch 9/24: 70.3% (1370/1948)
[2025-11-17 16:00:56][INFO][Rank 0] - train Epoch 9/24: 70.8% (1380/1948)
[2025-11-17 16:01:03][INFO][Rank 0] - train Epoch 9/24: 71.4% (1390/1948)
[2025-11-17 16:01:10][INFO][Rank 0] - train Epoch 9/24: 71.9% (1400/1948)
[2025-11-17 16:01:17][INFO][Rank 0] - train Epoch 9/24: 72.4% (1410/1948)
[2025-11-17 16:01:24][INFO][Rank 0] - train Epoch 9/24: 72.9% (1420/1948)
[2025-11-17 16:01:32][INFO][Rank 0] - train Epoch 9/24: 73.4% (1430/1948)
[2025-11-17 16:01:39][INFO][Rank 0] - train Epoch 9/24: 73.9% (1440/1948)
[2025-11-17 16:01:39][INFO][Rank 0] - CUDA Memory [train][Step 1440]: Device 0: Allocated: 3309.6 MB, Reserved: 117540.0 MB (Δ: +1687.0 MB)
[2025-11-17 16:01:46][INFO][Rank 0] - train Epoch 9/24: 74.4% (1450/1948)
[2025-11-17 16:01:53][INFO][Rank 0] - train Epoch 9/24: 74.9% (1460/1948)
[2025-11-17 16:02:00][INFO][Rank 0] - train Epoch 9/24: 75.5% (1470/1948)
[2025-11-17 16:02:07][INFO][Rank 0] - train Epoch 9/24: 76.0% (1480/1948)
[2025-11-17 16:02:14][INFO][Rank 0] - train Epoch 9/24: 76.5% (1490/1948)
[2025-11-17 16:02:21][INFO][Rank 0] - train Epoch 9/24: 77.0% (1500/1948)
[2025-11-17 16:02:28][INFO][Rank 0] - train Epoch 9/24: 77.5% (1510/1948)
[2025-11-17 16:02:35][INFO][Rank 0] - train Epoch 9/24: 78.0% (1520/1948)
[2025-11-17 16:02:42][INFO][Rank 0] - train Epoch 9/24: 78.5% (1530/1948)
[2025-11-17 16:02:43][INFO][Rank 0] - CUDA Memory [train][Step 1530]: Device 0: Allocated: 3309.6 MB, Reserved: 117540.0 MB (Δ: +1687.0 MB)
[2025-11-17 16:02:49][INFO][Rank 0] - train Epoch 9/24: 79.1% (1540/1948)
[2025-11-17 16:02:56][INFO][Rank 0] - train Epoch 9/24: 79.6% (1550/1948)
[2025-11-17 16:03:03][INFO][Rank 0] - train Epoch 9/24: 80.1% (1560/1948)
[2025-11-17 16:03:10][INFO][Rank 0] - train Epoch 9/24: 80.6% (1570/1948)
[2025-11-17 16:03:17][INFO][Rank 0] - train Epoch 9/24: 81.1% (1580/1948)
[2025-11-17 16:03:24][INFO][Rank 0] - train Epoch 9/24: 81.6% (1590/1948)
[2025-11-17 16:03:31][INFO][Rank 0] - train Epoch 9/24: 82.1% (1600/1948)
[2025-11-17 16:03:38][INFO][Rank 0] - train Epoch 9/24: 82.6% (1610/1948)
[2025-11-17 16:03:45][INFO][Rank 0] - train Epoch 9/24: 83.2% (1620/1948)
[2025-11-17 16:03:46][INFO][Rank 0] - CUDA Memory [train][Step 1620]: Device 0: Allocated: 3309.6 MB, Reserved: 117540.0 MB (Δ: +1687.0 MB)
[2025-11-17 16:03:53][INFO][Rank 0] - train Epoch 9/24: 83.7% (1630/1948)
[2025-11-17 16:04:00][INFO][Rank 0] - train Epoch 9/24: 84.2% (1640/1948)
[2025-11-17 16:04:07][INFO][Rank 0] - train Epoch 9/24: 84.7% (1650/1948)
[2025-11-17 16:04:14][INFO][Rank 0] - train Epoch 9/24: 85.2% (1660/1948)
[2025-11-17 16:04:21][INFO][Rank 0] - train Epoch 9/24: 85.7% (1670/1948)
[2025-11-17 16:04:28][INFO][Rank 0] - train Epoch 9/24: 86.2% (1680/1948)
[2025-11-17 16:04:35][INFO][Rank 0] - train Epoch 9/24: 86.8% (1690/1948)
[2025-11-17 16:04:42][INFO][Rank 0] - train Epoch 9/24: 87.3% (1700/1948)
[2025-11-17 16:04:49][INFO][Rank 0] - train Epoch 9/24: 87.8% (1710/1948)
[2025-11-17 16:04:50][INFO][Rank 0] - CUDA Memory [train][Step 1710]: Device 0: Allocated: 3309.6 MB, Reserved: 117540.0 MB (Δ: +1687.0 MB)
[2025-11-17 16:04:56][INFO][Rank 0] - train Epoch 9/24: 88.3% (1720/1948)
[2025-11-17 16:05:03][INFO][Rank 0] - train Epoch 9/24: 88.8% (1730/1948)
[2025-11-17 16:05:10][INFO][Rank 0] - train Epoch 9/24: 89.3% (1740/1948)
[2025-11-17 16:05:17][INFO][Rank 0] - train Epoch 9/24: 89.8% (1750/1948)
[2025-11-17 16:05:24][INFO][Rank 0] - train Epoch 9/24: 90.3% (1760/1948)
[2025-11-17 16:05:31][INFO][Rank 0] - train Epoch 9/24: 90.9% (1770/1948)
[2025-11-17 16:05:38][INFO][Rank 0] - train Epoch 9/24: 91.4% (1780/1948)
[2025-11-17 16:05:45][INFO][Rank 0] - train Epoch 9/24: 91.9% (1790/1948)
[2025-11-17 16:05:52][INFO][Rank 0] - train Epoch 9/24: 92.4% (1800/1948)
[2025-11-17 16:05:53][INFO][Rank 0] - CUDA Memory [train][Step 1800]: Device 0: Allocated: 3309.6 MB, Reserved: 117540.0 MB (Δ: +1687.0 MB)
[2025-11-17 16:05:59][INFO][Rank 0] - train Epoch 9/24: 92.9% (1810/1948)
[2025-11-17 16:06:06][INFO][Rank 0] - train Epoch 9/24: 93.4% (1820/1948)
[2025-11-17 16:06:13][INFO][Rank 0] - train Epoch 9/24: 93.9% (1830/1948)
[2025-11-17 16:06:21][INFO][Rank 0] - train Epoch 9/24: 94.5% (1840/1948)
[2025-11-17 16:06:28][INFO][Rank 0] - train Epoch 9/24: 95.0% (1850/1948)
[2025-11-17 16:06:35][INFO][Rank 0] - train Epoch 9/24: 95.5% (1860/1948)
[2025-11-17 16:06:42][INFO][Rank 0] - train Epoch 9/24: 96.0% (1870/1948)
[2025-11-17 16:06:49][INFO][Rank 0] - train Epoch 9/24: 96.5% (1880/1948)
[2025-11-17 16:06:56][INFO][Rank 0] - train Epoch 9/24: 97.0% (1890/1948)
[2025-11-17 16:06:57][INFO][Rank 0] - CUDA Memory [train][Step 1890]: Device 0: Allocated: 3309.6 MB, Reserved: 117540.0 MB (Δ: +1687.0 MB)
[2025-11-17 16:07:03][INFO][Rank 0] - train Epoch 9/24: 97.5% (1900/1948)
[2025-11-17 16:07:10][INFO][Rank 0] - train Epoch 9/24: 98.0% (1910/1948)
[2025-11-17 16:07:17][INFO][Rank 0] - train Epoch 9/24: 98.6% (1920/1948)
[2025-11-17 16:07:24][INFO][Rank 0] - train Epoch 9/24: 99.1% (1930/1948)
[2025-11-17 16:07:31][INFO][Rank 0] - train Epoch 9/24: 99.6% (1940/1948)
[2025-11-17 16:07:36][INFO][Rank 0] - train Epoch 9/24: 99.9% (1947/1948)
[2025-11-17 16:07:37][INFO][Rank 0] - train Loss: 0.1680 Acc: 0.9714 F1: 0.9852
[2025-11-17 16:07:37][INFO][Rank 0] - train Balanced Acc: 0.8735 AUC-ROC: 0.9657
[2025-11-17 16:07:37][INFO][Rank 0] - train Sensitivity: 0.9766 Specificity: 0.7705
[2025-11-17 16:07:37][INFO][Rank 0] - train Confusion Matrix: TP=18547, FP=112, FN=445, TN=376
[2025-11-17 16:07:37][INFO][Rank 0] - train completed in 1373.81s
[2025-11-17 16:07:37][INFO][Rank 0] - Data loading time: 1.06s, Forward time: 279.51s, Backward time: 744.23s
[2025-11-17 16:07:37][INFO][Rank 0] - train cache: 0/1 items, hit rate: 0.00%
[2025-11-17 16:07:37][INFO][Rank 0] - CUDA Memory [val][Step 0]: Device 0: Allocated: 3309.6 MB, Reserved: 117540.0 MB (Δ: +1687.0 MB)
[2025-11-17 16:07:37][INFO][Rank 0] - val phase: total 406 batches
[2025-11-17 16:07:37][INFO][Rank 0] - val Epoch 9/24: 0.0% (0/406)
[2025-11-17 16:07:42][INFO][Rank 0] - val Epoch 9/24: 2.5% (10/406)
[2025-11-17 16:07:47][INFO][Rank 0] - val Epoch 9/24: 4.9% (20/406)
[2025-11-17 16:07:52][INFO][Rank 0] - val Epoch 9/24: 7.4% (30/406)
[2025-11-17 16:07:57][INFO][Rank 0] - val Epoch 9/24: 9.9% (40/406)
[2025-11-17 16:08:02][INFO][Rank 0] - val Epoch 9/24: 12.3% (50/406)
[2025-11-17 16:08:07][INFO][Rank 0] - val Epoch 9/24: 14.8% (60/406)
[2025-11-17 16:08:12][INFO][Rank 0] - val Epoch 9/24: 17.2% (70/406)
[2025-11-17 16:08:17][INFO][Rank 0] - val Epoch 9/24: 19.7% (80/406)
[2025-11-17 16:08:22][INFO][Rank 0] - val Epoch 9/24: 22.2% (90/406)
[2025-11-17 16:08:27][INFO][Rank 0] - val Epoch 9/24: 24.6% (100/406)
[2025-11-17 16:08:32][INFO][Rank 0] - val Epoch 9/24: 27.1% (110/406)
[2025-11-17 16:08:37][INFO][Rank 0] - val Epoch 9/24: 29.6% (120/406)
[2025-11-17 16:08:38][INFO][Rank 0] - CUDA Memory [val][Step 120]: Device 0: Allocated: 3309.6 MB, Reserved: 117540.0 MB (Δ: +1687.0 MB)
[2025-11-17 16:08:42][INFO][Rank 0] - val Epoch 9/24: 32.0% (130/406)
[2025-11-17 16:08:47][INFO][Rank 0] - val Epoch 9/24: 34.5% (140/406)
[2025-11-17 16:08:52][INFO][Rank 0] - val Epoch 9/24: 36.9% (150/406)
[2025-11-17 16:08:57][INFO][Rank 0] - val Epoch 9/24: 39.4% (160/406)
[2025-11-17 16:09:03][INFO][Rank 0] - val Epoch 9/24: 41.9% (170/406)
[2025-11-17 16:09:08][INFO][Rank 0] - val Epoch 9/24: 44.3% (180/406)
[2025-11-17 16:09:13][INFO][Rank 0] - val Epoch 9/24: 46.8% (190/406)
[2025-11-17 16:09:18][INFO][Rank 0] - val Epoch 9/24: 49.3% (200/406)
[2025-11-17 16:09:23][INFO][Rank 0] - val Epoch 9/24: 51.7% (210/406)
[2025-11-17 16:09:28][INFO][Rank 0] - val Epoch 9/24: 54.2% (220/406)
[2025-11-17 16:09:33][INFO][Rank 0] - val Epoch 9/24: 56.7% (230/406)
[2025-11-17 16:09:38][INFO][Rank 0] - val Epoch 9/24: 59.1% (240/406)
[2025-11-17 16:09:38][INFO][Rank 0] - CUDA Memory [val][Step 240]: Device 0: Allocated: 3309.6 MB, Reserved: 117540.0 MB (Δ: +1687.0 MB)
[2025-11-17 16:09:43][INFO][Rank 0] - val Epoch 9/24: 61.6% (250/406)
[2025-11-17 16:09:48][INFO][Rank 0] - val Epoch 9/24: 64.0% (260/406)
[2025-11-17 16:09:53][INFO][Rank 0] - val Epoch 9/24: 66.5% (270/406)
[2025-11-17 16:09:58][INFO][Rank 0] - val Epoch 9/24: 69.0% (280/406)
[2025-11-17 16:10:03][INFO][Rank 0] - val Epoch 9/24: 71.4% (290/406)
[2025-11-17 16:10:08][INFO][Rank 0] - val Epoch 9/24: 73.9% (300/406)
[2025-11-17 16:10:13][INFO][Rank 0] - val Epoch 9/24: 76.4% (310/406)
[2025-11-17 16:10:18][INFO][Rank 0] - val Epoch 9/24: 78.8% (320/406)
[2025-11-17 16:10:23][INFO][Rank 0] - val Epoch 9/24: 81.3% (330/406)
[2025-11-17 16:10:28][INFO][Rank 0] - val Epoch 9/24: 83.7% (340/406)
[2025-11-17 16:10:33][INFO][Rank 0] - val Epoch 9/24: 86.2% (350/406)
[2025-11-17 16:10:38][INFO][Rank 0] - val Epoch 9/24: 88.7% (360/406)
[2025-11-17 16:10:39][INFO][Rank 0] - CUDA Memory [val][Step 360]: Device 0: Allocated: 3309.6 MB, Reserved: 117540.0 MB (Δ: +1687.0 MB)
[2025-11-17 16:10:43][INFO][Rank 0] - val Epoch 9/24: 91.1% (370/406)
[2025-11-17 16:10:48][INFO][Rank 0] - val Epoch 9/24: 93.6% (380/406)
[2025-11-17 16:10:53][INFO][Rank 0] - val Epoch 9/24: 96.1% (390/406)
[2025-11-17 16:10:58][INFO][Rank 0] - val Epoch 9/24: 98.5% (400/406)
[2025-11-17 16:11:01][INFO][Rank 0] - val Epoch 9/24: 99.8% (405/406)
[2025-11-17 16:11:01][INFO][Rank 0] - val Loss: 0.1147 Acc: 0.9712 F1: 0.9851
[2025-11-17 16:11:01][INFO][Rank 0] - val Balanced Acc: 0.8771 AUC-ROC: 0.9779
[2025-11-17 16:11:01][INFO][Rank 0] - val Sensitivity: 0.9765 Specificity: 0.7778
[2025-11-17 16:11:01][INFO][Rank 0] - val Confusion Matrix: TP=3859, FP=24, FN=93, TN=84
[2025-11-17 16:11:01][INFO][Rank 0] - val completed in 204.43s
[2025-11-17 16:11:01][INFO][Rank 0] - val cache: 0/1 items, hit rate: 0.00%
[2025-11-17 16:11:06][INFO][Rank 0] - Saved new best auc model with auc: 0.9779 at /projects/retprogression/rgarridogarcia/checkpoints/cropped1024_cropped_centered_allR_3/best_auc_model.pth
[2025-11-17 16:11:10][INFO][Rank 0] - Saved epoch checkpoint at /projects/retprogression/rgarridogarcia/checkpoints/cropped1024_cropped_centered_allR_3/epoch_9.pth
[2025-11-17 16:11:10][INFO][Rank 0] - Epoch 9 summary:
[2025-11-17 16:11:10][INFO][Rank 0] -  Train Loss: 0.1680, Train Acc: 0.9714, Train F1: 0.9852
[2025-11-17 16:11:10][INFO][Rank 0] -  Train Balanced Acc: 0.8735, Train AUC: 0.9657
[2025-11-17 16:11:10][INFO][Rank 0] -  Train Sensitivity: 0.9766, Train Specificity: 0.7705
[2025-11-17 16:11:10][INFO][Rank 0] -  Val Loss: 0.1147, Val Acc: 0.9712, Val F1: 0.9851
[2025-11-17 16:11:10][INFO][Rank 0] -  Val Balanced Acc: 0.8771, Val AUC: 0.9779
[2025-11-17 16:11:10][INFO][Rank 0] -  Val Sensitivity: 0.9765, Val Specificity: 0.7778
[2025-11-17 16:11:10][INFO][Rank 0] -  Total Epoch Time: 1587.08s
[2025-11-17 16:11:10][INFO][Rank 0] - Epoch 10/24
[2025-11-17 16:11:10][INFO][Rank 0] - ----------
[2025-11-17 16:11:10][INFO][Rank 0] - CUDA Memory [train][Step 0]: Device 0: Allocated: 3309.6 MB, Reserved: 117540.0 MB (Δ: +1687.0 MB)
[2025-11-17 16:11:10][INFO][Rank 0] - train phase: total 1948 batches
[2025-11-17 16:11:10][INFO][Rank 0] - train Epoch 10/24: 0.0% (0/1948)
[2025-11-17 16:11:17][INFO][Rank 0] - train Epoch 10/24: 0.5% (10/1948)
[2025-11-17 16:11:24][INFO][Rank 0] - train Epoch 10/24: 1.0% (20/1948)
[2025-11-17 16:11:31][INFO][Rank 0] - train Epoch 10/24: 1.5% (30/1948)
[2025-11-17 16:11:38][INFO][Rank 0] - train Epoch 10/24: 2.1% (40/1948)
[2025-11-17 16:11:45][INFO][Rank 0] - train Epoch 10/24: 2.6% (50/1948)
[2025-11-17 16:11:53][INFO][Rank 0] - train Epoch 10/24: 3.1% (60/1948)
[2025-11-17 16:12:00][INFO][Rank 0] - train Epoch 10/24: 3.6% (70/1948)
[2025-11-17 16:12:07][INFO][Rank 0] - train Epoch 10/24: 4.1% (80/1948)
[2025-11-17 16:12:14][INFO][Rank 0] - train Epoch 10/24: 4.6% (90/1948)
[2025-11-17 16:12:14][INFO][Rank 0] - CUDA Memory [train][Step 90]: Device 0: Allocated: 3309.6 MB, Reserved: 117540.0 MB (Δ: +1687.0 MB)
[2025-11-17 16:12:21][INFO][Rank 0] - train Epoch 10/24: 5.1% (100/1948)
[2025-11-17 16:12:28][INFO][Rank 0] - train Epoch 10/24: 5.6% (110/1948)
[2025-11-17 16:12:35][INFO][Rank 0] - train Epoch 10/24: 6.2% (120/1948)
[2025-11-17 16:12:42][INFO][Rank 0] - train Epoch 10/24: 6.7% (130/1948)
[2025-11-17 16:12:49][INFO][Rank 0] - train Epoch 10/24: 7.2% (140/1948)
[2025-11-17 16:12:56][INFO][Rank 0] - train Epoch 10/24: 7.7% (150/1948)
[2025-11-17 16:13:03][INFO][Rank 0] - train Epoch 10/24: 8.2% (160/1948)
[2025-11-17 16:13:10][INFO][Rank 0] - train Epoch 10/24: 8.7% (170/1948)
[2025-11-17 16:13:17][INFO][Rank 0] - train Epoch 10/24: 9.2% (180/1948)
[2025-11-17 16:13:18][INFO][Rank 0] - CUDA Memory [train][Step 180]: Device 0: Allocated: 3309.6 MB, Reserved: 117540.0 MB (Δ: +1687.0 MB)
[2025-11-17 16:13:24][INFO][Rank 0] - train Epoch 10/24: 9.8% (190/1948)
[2025-11-17 16:13:31][INFO][Rank 0] - train Epoch 10/24: 10.3% (200/1948)
[2025-11-17 16:13:38][INFO][Rank 0] - train Epoch 10/24: 10.8% (210/1948)
[2025-11-17 16:13:45][INFO][Rank 0] - train Epoch 10/24: 11.3% (220/1948)
[2025-11-17 16:13:53][INFO][Rank 0] - train Epoch 10/24: 11.8% (230/1948)
[2025-11-17 16:14:00][INFO][Rank 0] - train Epoch 10/24: 12.3% (240/1948)
[2025-11-17 16:14:07][INFO][Rank 0] - train Epoch 10/24: 12.8% (250/1948)
[2025-11-17 16:14:14][INFO][Rank 0] - train Epoch 10/24: 13.3% (260/1948)
[2025-11-17 16:14:21][INFO][Rank 0] - train Epoch 10/24: 13.9% (270/1948)
[2025-11-17 16:14:21][INFO][Rank 0] - CUDA Memory [train][Step 270]: Device 0: Allocated: 3309.6 MB, Reserved: 117540.0 MB (Δ: +1687.0 MB)
[2025-11-17 16:14:28][INFO][Rank 0] - train Epoch 10/24: 14.4% (280/1948)
[2025-11-17 16:14:35][INFO][Rank 0] - train Epoch 10/24: 14.9% (290/1948)
[2025-11-17 16:14:42][INFO][Rank 0] - train Epoch 10/24: 15.4% (300/1948)
[2025-11-17 16:14:49][INFO][Rank 0] - train Epoch 10/24: 15.9% (310/1948)
[2025-11-17 16:14:56][INFO][Rank 0] - train Epoch 10/24: 16.4% (320/1948)
[2025-11-17 16:15:03][INFO][Rank 0] - train Epoch 10/24: 16.9% (330/1948)
[2025-11-17 16:15:10][INFO][Rank 0] - train Epoch 10/24: 17.5% (340/1948)
[2025-11-17 16:15:17][INFO][Rank 0] - train Epoch 10/24: 18.0% (350/1948)
[2025-11-17 16:15:24][INFO][Rank 0] - train Epoch 10/24: 18.5% (360/1948)
[2025-11-17 16:15:25][INFO][Rank 0] - CUDA Memory [train][Step 360]: Device 0: Allocated: 3309.6 MB, Reserved: 117540.0 MB (Δ: +1687.0 MB)
[2025-11-17 16:15:31][INFO][Rank 0] - train Epoch 10/24: 19.0% (370/1948)
[2025-11-17 16:15:38][INFO][Rank 0] - train Epoch 10/24: 19.5% (380/1948)
[2025-11-17 16:15:45][INFO][Rank 0] - train Epoch 10/24: 20.0% (390/1948)
[2025-11-17 16:15:53][INFO][Rank 0] - train Epoch 10/24: 20.5% (400/1948)
[2025-11-17 16:16:00][INFO][Rank 0] - train Epoch 10/24: 21.0% (410/1948)
[2025-11-17 16:16:07][INFO][Rank 0] - train Epoch 10/24: 21.6% (420/1948)
[2025-11-17 16:16:14][INFO][Rank 0] - train Epoch 10/24: 22.1% (430/1948)
[2025-11-17 16:16:21][INFO][Rank 0] - train Epoch 10/24: 22.6% (440/1948)
[2025-11-17 16:16:28][INFO][Rank 0] - train Epoch 10/24: 23.1% (450/1948)
[2025-11-17 16:16:29][INFO][Rank 0] - CUDA Memory [train][Step 450]: Device 0: Allocated: 3309.6 MB, Reserved: 117540.0 MB (Δ: +1687.0 MB)
[2025-11-17 16:16:35][INFO][Rank 0] - train Epoch 10/24: 23.6% (460/1948)
[2025-11-17 16:16:42][INFO][Rank 0] - train Epoch 10/24: 24.1% (470/1948)
[2025-11-17 16:16:49][INFO][Rank 0] - train Epoch 10/24: 24.6% (480/1948)
[2025-11-17 16:16:56][INFO][Rank 0] - train Epoch 10/24: 25.2% (490/1948)
[2025-11-17 16:17:03][INFO][Rank 0] - train Epoch 10/24: 25.7% (500/1948)
[2025-11-17 16:17:10][INFO][Rank 0] - train Epoch 10/24: 26.2% (510/1948)
[2025-11-17 16:17:17][INFO][Rank 0] - train Epoch 10/24: 26.7% (520/1948)
[2025-11-17 16:17:24][INFO][Rank 0] - train Epoch 10/24: 27.2% (530/1948)
[2025-11-17 16:17:31][INFO][Rank 0] - train Epoch 10/24: 27.7% (540/1948)
[2025-11-17 16:17:32][INFO][Rank 0] - CUDA Memory [train][Step 540]: Device 0: Allocated: 3309.6 MB, Reserved: 117540.0 MB (Δ: +1687.0 MB)
[2025-11-17 16:17:38][INFO][Rank 0] - train Epoch 10/24: 28.2% (550/1948)
[2025-11-17 16:17:45][INFO][Rank 0] - train Epoch 10/24: 28.7% (560/1948)
[2025-11-17 16:17:52][INFO][Rank 0] - train Epoch 10/24: 29.3% (570/1948)
[2025-11-17 16:18:00][INFO][Rank 0] - train Epoch 10/24: 29.8% (580/1948)
[2025-11-17 16:18:07][INFO][Rank 0] - train Epoch 10/24: 30.3% (590/1948)
[2025-11-17 16:18:14][INFO][Rank 0] - train Epoch 10/24: 30.8% (600/1948)
[2025-11-17 16:18:21][INFO][Rank 0] - train Epoch 10/24: 31.3% (610/1948)
[2025-11-17 16:18:28][INFO][Rank 0] - train Epoch 10/24: 31.8% (620/1948)
[2025-11-17 16:18:35][INFO][Rank 0] - train Epoch 10/24: 32.3% (630/1948)
[2025-11-17 16:18:35][INFO][Rank 0] - CUDA Memory [train][Step 630]: Device 0: Allocated: 3309.6 MB, Reserved: 117540.0 MB (Δ: +1687.0 MB)
[2025-11-17 16:18:42][INFO][Rank 0] - train Epoch 10/24: 32.9% (640/1948)
[2025-11-17 16:18:49][INFO][Rank 0] - train Epoch 10/24: 33.4% (650/1948)
[2025-11-17 16:18:56][INFO][Rank 0] - train Epoch 10/24: 33.9% (660/1948)
[2025-11-17 16:19:03][INFO][Rank 0] - train Epoch 10/24: 34.4% (670/1948)
[2025-11-17 16:19:10][INFO][Rank 0] - train Epoch 10/24: 34.9% (680/1948)
[2025-11-17 16:19:17][INFO][Rank 0] - train Epoch 10/24: 35.4% (690/1948)
[2025-11-17 16:19:24][INFO][Rank 0] - train Epoch 10/24: 35.9% (700/1948)
[2025-11-17 16:19:31][INFO][Rank 0] - train Epoch 10/24: 36.4% (710/1948)
[2025-11-17 16:19:38][INFO][Rank 0] - train Epoch 10/24: 37.0% (720/1948)
[2025-11-17 16:19:39][INFO][Rank 0] - CUDA Memory [train][Step 720]: Device 0: Allocated: 3309.6 MB, Reserved: 117540.0 MB (Δ: +1687.0 MB)
[2025-11-17 16:19:45][INFO][Rank 0] - train Epoch 10/24: 37.5% (730/1948)
[2025-11-17 16:19:52][INFO][Rank 0] - train Epoch 10/24: 38.0% (740/1948)
[2025-11-17 16:19:59][INFO][Rank 0] - train Epoch 10/24: 38.5% (750/1948)
[2025-11-17 16:20:06][INFO][Rank 0] - train Epoch 10/24: 39.0% (760/1948)
[2025-11-17 16:20:13][INFO][Rank 0] - train Epoch 10/24: 39.5% (770/1948)
[2025-11-17 16:20:21][INFO][Rank 0] - train Epoch 10/24: 40.0% (780/1948)
[2025-11-17 16:20:28][INFO][Rank 0] - train Epoch 10/24: 40.6% (790/1948)
[2025-11-17 16:20:35][INFO][Rank 0] - train Epoch 10/24: 41.1% (800/1948)
[2025-11-17 16:20:42][INFO][Rank 0] - train Epoch 10/24: 41.6% (810/1948)
[2025-11-17 16:20:42][INFO][Rank 0] - CUDA Memory [train][Step 810]: Device 0: Allocated: 3309.6 MB, Reserved: 117540.0 MB (Δ: +1687.0 MB)
[2025-11-17 16:20:49][INFO][Rank 0] - train Epoch 10/24: 42.1% (820/1948)
[2025-11-17 16:20:56][INFO][Rank 0] - train Epoch 10/24: 42.6% (830/1948)
[2025-11-17 16:21:03][INFO][Rank 0] - train Epoch 10/24: 43.1% (840/1948)
[2025-11-17 16:21:10][INFO][Rank 0] - train Epoch 10/24: 43.6% (850/1948)
[2025-11-17 16:21:17][INFO][Rank 0] - train Epoch 10/24: 44.1% (860/1948)
[2025-11-17 16:21:24][INFO][Rank 0] - train Epoch 10/24: 44.7% (870/1948)
[2025-11-17 16:21:31][INFO][Rank 0] - train Epoch 10/24: 45.2% (880/1948)
[2025-11-17 16:21:38][INFO][Rank 0] - train Epoch 10/24: 45.7% (890/1948)
[2025-11-17 16:21:45][INFO][Rank 0] - train Epoch 10/24: 46.2% (900/1948)
[2025-11-17 16:21:46][INFO][Rank 0] - CUDA Memory [train][Step 900]: Device 0: Allocated: 3309.6 MB, Reserved: 117540.0 MB (Δ: +1687.0 MB)
[2025-11-17 16:21:52][INFO][Rank 0] - train Epoch 10/24: 46.7% (910/1948)
[2025-11-17 16:21:59][INFO][Rank 0] - train Epoch 10/24: 47.2% (920/1948)
[2025-11-17 16:22:06][INFO][Rank 0] - train Epoch 10/24: 47.7% (930/1948)
[2025-11-17 16:22:13][INFO][Rank 0] - train Epoch 10/24: 48.3% (940/1948)
[2025-11-17 16:22:20][INFO][Rank 0] - train Epoch 10/24: 48.8% (950/1948)
[2025-11-17 16:22:27][INFO][Rank 0] - train Epoch 10/24: 49.3% (960/1948)
[2025-11-17 16:22:34][INFO][Rank 0] - train Epoch 10/24: 49.8% (970/1948)
[2025-11-17 16:22:42][INFO][Rank 0] - train Epoch 10/24: 50.3% (980/1948)
[2025-11-17 16:22:49][INFO][Rank 0] - train Epoch 10/24: 50.8% (990/1948)
[2025-11-17 16:22:49][INFO][Rank 0] - CUDA Memory [train][Step 990]: Device 0: Allocated: 3309.6 MB, Reserved: 117540.0 MB (Δ: +1687.0 MB)
[2025-11-17 16:22:56][INFO][Rank 0] - train Epoch 10/24: 51.3% (1000/1948)
[2025-11-17 16:23:03][INFO][Rank 0] - train Epoch 10/24: 51.8% (1010/1948)
[2025-11-17 16:23:10][INFO][Rank 0] - train Epoch 10/24: 52.4% (1020/1948)
[2025-11-17 16:23:17][INFO][Rank 0] - train Epoch 10/24: 52.9% (1030/1948)
[2025-11-17 16:23:24][INFO][Rank 0] - train Epoch 10/24: 53.4% (1040/1948)
[2025-11-17 16:23:31][INFO][Rank 0] - train Epoch 10/24: 53.9% (1050/1948)
[2025-11-17 16:23:38][INFO][Rank 0] - train Epoch 10/24: 54.4% (1060/1948)
[2025-11-17 16:23:45][INFO][Rank 0] - train Epoch 10/24: 54.9% (1070/1948)
[2025-11-17 16:23:52][INFO][Rank 0] - train Epoch 10/24: 55.4% (1080/1948)
[2025-11-17 16:23:53][INFO][Rank 0] - CUDA Memory [train][Step 1080]: Device 0: Allocated: 3309.6 MB, Reserved: 117540.0 MB (Δ: +1687.0 MB)
[2025-11-17 16:23:59][INFO][Rank 0] - train Epoch 10/24: 56.0% (1090/1948)
[2025-11-17 16:24:06][INFO][Rank 0] - train Epoch 10/24: 56.5% (1100/1948)
[2025-11-17 16:24:13][INFO][Rank 0] - train Epoch 10/24: 57.0% (1110/1948)
[2025-11-17 16:24:20][INFO][Rank 0] - train Epoch 10/24: 57.5% (1120/1948)
[2025-11-17 16:24:27][INFO][Rank 0] - train Epoch 10/24: 58.0% (1130/1948)
[2025-11-17 16:24:34][INFO][Rank 0] - train Epoch 10/24: 58.5% (1140/1948)
[2025-11-17 16:24:41][INFO][Rank 0] - train Epoch 10/24: 59.0% (1150/1948)
[2025-11-17 16:24:48][INFO][Rank 0] - train Epoch 10/24: 59.5% (1160/1948)
[2025-11-17 16:24:55][INFO][Rank 0] - train Epoch 10/24: 60.1% (1170/1948)
[2025-11-17 16:24:56][INFO][Rank 0] - CUDA Memory [train][Step 1170]: Device 0: Allocated: 3309.6 MB, Reserved: 117540.0 MB (Δ: +1687.0 MB)
[2025-11-17 16:25:03][INFO][Rank 0] - train Epoch 10/24: 60.6% (1180/1948)
[2025-11-17 16:25:10][INFO][Rank 0] - train Epoch 10/24: 61.1% (1190/1948)
[2025-11-17 16:25:17][INFO][Rank 0] - train Epoch 10/24: 61.6% (1200/1948)
[2025-11-17 16:25:24][INFO][Rank 0] - train Epoch 10/24: 62.1% (1210/1948)
[2025-11-17 16:25:31][INFO][Rank 0] - train Epoch 10/24: 62.6% (1220/1948)
[2025-11-17 16:25:38][INFO][Rank 0] - train Epoch 10/24: 63.1% (1230/1948)
[2025-11-17 16:25:45][INFO][Rank 0] - train Epoch 10/24: 63.7% (1240/1948)
[2025-11-17 16:25:52][INFO][Rank 0] - train Epoch 10/24: 64.2% (1250/1948)
[2025-11-17 16:25:59][INFO][Rank 0] - train Epoch 10/24: 64.7% (1260/1948)
[2025-11-17 16:26:00][INFO][Rank 0] - CUDA Memory [train][Step 1260]: Device 0: Allocated: 3309.6 MB, Reserved: 117540.0 MB (Δ: +1687.0 MB)
[2025-11-17 16:26:06][INFO][Rank 0] - train Epoch 10/24: 65.2% (1270/1948)
[2025-11-17 16:26:13][INFO][Rank 0] - train Epoch 10/24: 65.7% (1280/1948)
[2025-11-17 16:26:20][INFO][Rank 0] - train Epoch 10/24: 66.2% (1290/1948)
[2025-11-17 16:26:27][INFO][Rank 0] - train Epoch 10/24: 66.7% (1300/1948)
[2025-11-17 16:26:34][INFO][Rank 0] - train Epoch 10/24: 67.2% (1310/1948)
[2025-11-17 16:26:41][INFO][Rank 0] - train Epoch 10/24: 67.8% (1320/1948)
[2025-11-17 16:26:48][INFO][Rank 0] - train Epoch 10/24: 68.3% (1330/1948)
[2025-11-17 16:26:55][INFO][Rank 0] - train Epoch 10/24: 68.8% (1340/1948)
[2025-11-17 16:27:02][INFO][Rank 0] - train Epoch 10/24: 69.3% (1350/1948)
[2025-11-17 16:27:03][INFO][Rank 0] - CUDA Memory [train][Step 1350]: Device 0: Allocated: 3309.6 MB, Reserved: 117540.0 MB (Δ: +1687.0 MB)
[2025-11-17 16:27:09][INFO][Rank 0] - train Epoch 10/24: 69.8% (1360/1948)
[2025-11-17 16:27:16][INFO][Rank 0] - train Epoch 10/24: 70.3% (1370/1948)
[2025-11-17 16:27:24][INFO][Rank 0] - train Epoch 10/24: 70.8% (1380/1948)
[2025-11-17 16:27:31][INFO][Rank 0] - train Epoch 10/24: 71.4% (1390/1948)
[2025-11-17 16:27:38][INFO][Rank 0] - train Epoch 10/24: 71.9% (1400/1948)
[2025-11-17 16:27:45][INFO][Rank 0] - train Epoch 10/24: 72.4% (1410/1948)
[2025-11-17 16:27:52][INFO][Rank 0] - train Epoch 10/24: 72.9% (1420/1948)
[2025-11-17 16:27:59][INFO][Rank 0] - train Epoch 10/24: 73.4% (1430/1948)
[2025-11-17 16:28:06][INFO][Rank 0] - train Epoch 10/24: 73.9% (1440/1948)
[2025-11-17 16:28:07][INFO][Rank 0] - CUDA Memory [train][Step 1440]: Device 0: Allocated: 3309.6 MB, Reserved: 117540.0 MB (Δ: +1687.0 MB)
[2025-11-17 16:28:13][INFO][Rank 0] - train Epoch 10/24: 74.4% (1450/1948)
[2025-11-17 16:28:20][INFO][Rank 0] - train Epoch 10/24: 74.9% (1460/1948)
[2025-11-17 16:28:27][INFO][Rank 0] - train Epoch 10/24: 75.5% (1470/1948)
[2025-11-17 16:28:34][INFO][Rank 0] - train Epoch 10/24: 76.0% (1480/1948)
[2025-11-17 16:28:41][INFO][Rank 0] - train Epoch 10/24: 76.5% (1490/1948)
[2025-11-17 16:28:48][INFO][Rank 0] - train Epoch 10/24: 77.0% (1500/1948)
[2025-11-17 16:28:55][INFO][Rank 0] - train Epoch 10/24: 77.5% (1510/1948)
[2025-11-17 16:29:02][INFO][Rank 0] - train Epoch 10/24: 78.0% (1520/1948)
[2025-11-17 16:29:09][INFO][Rank 0] - train Epoch 10/24: 78.5% (1530/1948)
[2025-11-17 16:29:10][INFO][Rank 0] - CUDA Memory [train][Step 1530]: Device 0: Allocated: 3309.6 MB, Reserved: 117540.0 MB (Δ: +1687.0 MB)
[2025-11-17 16:29:16][INFO][Rank 0] - train Epoch 10/24: 79.1% (1540/1948)
[2025-11-17 16:29:23][INFO][Rank 0] - train Epoch 10/24: 79.6% (1550/1948)
[2025-11-17 16:29:30][INFO][Rank 0] - train Epoch 10/24: 80.1% (1560/1948)
[2025-11-17 16:29:37][INFO][Rank 0] - train Epoch 10/24: 80.6% (1570/1948)
[2025-11-17 16:29:44][INFO][Rank 0] - train Epoch 10/24: 81.1% (1580/1948)
[2025-11-17 16:29:52][INFO][Rank 0] - train Epoch 10/24: 81.6% (1590/1948)
[2025-11-17 16:29:59][INFO][Rank 0] - train Epoch 10/24: 82.1% (1600/1948)
[2025-11-17 16:30:06][INFO][Rank 0] - train Epoch 10/24: 82.6% (1610/1948)
[2025-11-17 16:30:13][INFO][Rank 0] - train Epoch 10/24: 83.2% (1620/1948)
[2025-11-17 16:30:13][INFO][Rank 0] - CUDA Memory [train][Step 1620]: Device 0: Allocated: 3309.6 MB, Reserved: 117540.0 MB (Δ: +1687.0 MB)
[2025-11-17 16:30:20][INFO][Rank 0] - train Epoch 10/24: 83.7% (1630/1948)
[2025-11-17 16:30:27][INFO][Rank 0] - train Epoch 10/24: 84.2% (1640/1948)
[2025-11-17 16:30:34][INFO][Rank 0] - train Epoch 10/24: 84.7% (1650/1948)
[2025-11-17 16:30:41][INFO][Rank 0] - train Epoch 10/24: 85.2% (1660/1948)
[2025-11-17 16:30:48][INFO][Rank 0] - train Epoch 10/24: 85.7% (1670/1948)
[2025-11-17 16:30:55][INFO][Rank 0] - train Epoch 10/24: 86.2% (1680/1948)
[2025-11-17 16:31:02][INFO][Rank 0] - train Epoch 10/24: 86.8% (1690/1948)
[2025-11-17 16:31:09][INFO][Rank 0] - train Epoch 10/24: 87.3% (1700/1948)
[2025-11-17 16:31:16][INFO][Rank 0] - train Epoch 10/24: 87.8% (1710/1948)
[2025-11-17 16:31:17][INFO][Rank 0] - CUDA Memory [train][Step 1710]: Device 0: Allocated: 3309.6 MB, Reserved: 117540.0 MB (Δ: +1687.0 MB)
[2025-11-17 16:31:23][INFO][Rank 0] - train Epoch 10/24: 88.3% (1720/1948)
[2025-11-17 16:31:30][INFO][Rank 0] - train Epoch 10/24: 88.8% (1730/1948)
[2025-11-17 16:31:37][INFO][Rank 0] - train Epoch 10/24: 89.3% (1740/1948)
[2025-11-17 16:31:44][INFO][Rank 0] - train Epoch 10/24: 89.8% (1750/1948)
[2025-11-17 16:31:51][INFO][Rank 0] - train Epoch 10/24: 90.3% (1760/1948)
[2025-11-17 16:31:58][INFO][Rank 0] - train Epoch 10/24: 90.9% (1770/1948)
[2025-11-17 16:32:05][INFO][Rank 0] - train Epoch 10/24: 91.4% (1780/1948)
[2025-11-17 16:32:13][INFO][Rank 0] - train Epoch 10/24: 91.9% (1790/1948)
[2025-11-17 16:32:20][INFO][Rank 0] - train Epoch 10/24: 92.4% (1800/1948)
[2025-11-17 16:32:20][INFO][Rank 0] - CUDA Memory [train][Step 1800]: Device 0: Allocated: 3309.6 MB, Reserved: 117540.0 MB (Δ: +1687.0 MB)
[2025-11-17 16:32:27][INFO][Rank 0] - train Epoch 10/24: 92.9% (1810/1948)
[2025-11-17 16:32:34][INFO][Rank 0] - train Epoch 10/24: 93.4% (1820/1948)
[2025-11-17 16:32:41][INFO][Rank 0] - train Epoch 10/24: 93.9% (1830/1948)
[2025-11-17 16:32:48][INFO][Rank 0] - train Epoch 10/24: 94.5% (1840/1948)
[2025-11-17 16:32:55][INFO][Rank 0] - train Epoch 10/24: 95.0% (1850/1948)
[2025-11-17 16:33:02][INFO][Rank 0] - train Epoch 10/24: 95.5% (1860/1948)
[2025-11-17 16:33:09][INFO][Rank 0] - train Epoch 10/24: 96.0% (1870/1948)
[2025-11-17 16:33:16][INFO][Rank 0] - train Epoch 10/24: 96.5% (1880/1948)
[2025-11-17 16:33:23][INFO][Rank 0] - train Epoch 10/24: 97.0% (1890/1948)
[2025-11-17 16:33:24][INFO][Rank 0] - CUDA Memory [train][Step 1890]: Device 0: Allocated: 3309.6 MB, Reserved: 117540.0 MB (Δ: +1687.0 MB)
[2025-11-17 16:33:30][INFO][Rank 0] - train Epoch 10/24: 97.5% (1900/1948)
[2025-11-17 16:33:37][INFO][Rank 0] - train Epoch 10/24: 98.0% (1910/1948)
[2025-11-17 16:33:44][INFO][Rank 0] - train Epoch 10/24: 98.6% (1920/1948)
[2025-11-17 16:33:51][INFO][Rank 0] - train Epoch 10/24: 99.1% (1930/1948)
[2025-11-17 16:33:58][INFO][Rank 0] - train Epoch 10/24: 99.6% (1940/1948)
[2025-11-17 16:34:03][INFO][Rank 0] - train Epoch 10/24: 99.9% (1947/1948)
[2025-11-17 16:34:04][INFO][Rank 0] - train Loss: 0.1644 Acc: 0.9730 F1: 0.9860
[2025-11-17 16:34:04][INFO][Rank 0] - train Balanced Acc: 0.8644 AUC-ROC: 0.9671
[2025-11-17 16:34:04][INFO][Rank 0] - train Sensitivity: 0.9787 Specificity: 0.7500
[2025-11-17 16:34:04][INFO][Rank 0] - train Confusion Matrix: TP=18588, FP=122, FN=404, TN=366
[2025-11-17 16:34:04][INFO][Rank 0] - train completed in 1373.93s
[2025-11-17 16:34:04][INFO][Rank 0] - Data loading time: 0.77s, Forward time: 279.58s, Backward time: 744.41s
[2025-11-17 16:34:04][INFO][Rank 0] - train cache: 0/1 items, hit rate: 0.00%
[2025-11-17 16:34:04][INFO][Rank 0] - CUDA Memory [val][Step 0]: Device 0: Allocated: 3309.6 MB, Reserved: 117540.0 MB (Δ: +1687.0 MB)
[2025-11-17 16:34:04][INFO][Rank 0] - val phase: total 406 batches
[2025-11-17 16:34:04][INFO][Rank 0] - val Epoch 10/24: 0.0% (0/406)
[2025-11-17 16:34:09][INFO][Rank 0] - val Epoch 10/24: 2.5% (10/406)
[2025-11-17 16:34:14][INFO][Rank 0] - val Epoch 10/24: 4.9% (20/406)
[2025-11-17 16:34:19][INFO][Rank 0] - val Epoch 10/24: 7.4% (30/406)
[2025-11-17 16:34:24][INFO][Rank 0] - val Epoch 10/24: 9.9% (40/406)
[2025-11-17 16:34:29][INFO][Rank 0] - val Epoch 10/24: 12.3% (50/406)
[2025-11-17 16:34:34][INFO][Rank 0] - val Epoch 10/24: 14.8% (60/406)
[2025-11-17 16:34:39][INFO][Rank 0] - val Epoch 10/24: 17.2% (70/406)
[2025-11-17 16:34:44][INFO][Rank 0] - val Epoch 10/24: 19.7% (80/406)
[2025-11-17 16:34:49][INFO][Rank 0] - val Epoch 10/24: 22.2% (90/406)
[2025-11-17 16:34:54][INFO][Rank 0] - val Epoch 10/24: 24.6% (100/406)
[2025-11-17 16:35:00][INFO][Rank 0] - val Epoch 10/24: 27.1% (110/406)
[2025-11-17 16:35:05][INFO][Rank 0] - val Epoch 10/24: 29.6% (120/406)
[2025-11-17 16:35:05][INFO][Rank 0] - CUDA Memory [val][Step 120]: Device 0: Allocated: 3309.6 MB, Reserved: 117540.0 MB (Δ: +1687.0 MB)
[2025-11-17 16:35:10][INFO][Rank 0] - val Epoch 10/24: 32.0% (130/406)
[2025-11-17 16:35:15][INFO][Rank 0] - val Epoch 10/24: 34.5% (140/406)
[2025-11-17 16:35:20][INFO][Rank 0] - val Epoch 10/24: 36.9% (150/406)
[2025-11-17 16:35:25][INFO][Rank 0] - val Epoch 10/24: 39.4% (160/406)
[2025-11-17 16:35:30][INFO][Rank 0] - val Epoch 10/24: 41.9% (170/406)
[2025-11-17 16:35:35][INFO][Rank 0] - val Epoch 10/24: 44.3% (180/406)
[2025-11-17 16:35:40][INFO][Rank 0] - val Epoch 10/24: 46.8% (190/406)
[2025-11-17 16:35:45][INFO][Rank 0] - val Epoch 10/24: 49.3% (200/406)
[2025-11-17 16:35:50][INFO][Rank 0] - val Epoch 10/24: 51.7% (210/406)
[2025-11-17 16:35:55][INFO][Rank 0] - val Epoch 10/24: 54.2% (220/406)
[2025-11-17 16:36:00][INFO][Rank 0] - val Epoch 10/24: 56.7% (230/406)
[2025-11-17 16:36:05][INFO][Rank 0] - val Epoch 10/24: 59.1% (240/406)
[2025-11-17 16:36:05][INFO][Rank 0] - CUDA Memory [val][Step 240]: Device 0: Allocated: 3309.6 MB, Reserved: 117540.0 MB (Δ: +1687.0 MB)
[2025-11-17 16:36:10][INFO][Rank 0] - val Epoch 10/24: 61.6% (250/406)
[2025-11-17 16:36:15][INFO][Rank 0] - val Epoch 10/24: 64.0% (260/406)
[2025-11-17 16:36:20][INFO][Rank 0] - val Epoch 10/24: 66.5% (270/406)
[2025-11-17 16:36:25][INFO][Rank 0] - val Epoch 10/24: 69.0% (280/406)
[2025-11-17 16:36:30][INFO][Rank 0] - val Epoch 10/24: 71.4% (290/406)
[2025-11-17 16:36:35][INFO][Rank 0] - val Epoch 10/24: 73.9% (300/406)
[2025-11-17 16:36:40][INFO][Rank 0] - val Epoch 10/24: 76.4% (310/406)
[2025-11-17 16:36:45][INFO][Rank 0] - val Epoch 10/24: 78.8% (320/406)
[2025-11-17 16:36:50][INFO][Rank 0] - val Epoch 10/24: 81.3% (330/406)
[2025-11-17 16:36:55][INFO][Rank 0] - val Epoch 10/24: 83.7% (340/406)
[2025-11-17 16:37:00][INFO][Rank 0] - val Epoch 10/24: 86.2% (350/406)
[2025-11-17 16:37:05][INFO][Rank 0] - val Epoch 10/24: 88.7% (360/406)
[2025-11-17 16:37:06][INFO][Rank 0] - CUDA Memory [val][Step 360]: Device 0: Allocated: 3309.6 MB, Reserved: 117540.0 MB (Δ: +1687.0 MB)
[2025-11-17 16:37:10][INFO][Rank 0] - val Epoch 10/24: 91.1% (370/406)
[2025-11-17 16:37:15][INFO][Rank 0] - val Epoch 10/24: 93.6% (380/406)
[2025-11-17 16:37:20][INFO][Rank 0] - val Epoch 10/24: 96.1% (390/406)
[2025-11-17 16:37:25][INFO][Rank 0] - val Epoch 10/24: 98.5% (400/406)
[2025-11-17 16:37:28][INFO][Rank 0] - val Epoch 10/24: 99.8% (405/406)
[2025-11-17 16:37:28][INFO][Rank 0] - val Loss: 0.1120 Acc: 0.9719 F1: 0.9855
[2025-11-17 16:37:28][INFO][Rank 0] - val Balanced Acc: 0.8775 AUC-ROC: 0.9788
[2025-11-17 16:37:28][INFO][Rank 0] - val Sensitivity: 0.9772 Specificity: 0.7778
[2025-11-17 16:37:28][INFO][Rank 0] - val Confusion Matrix: TP=3862, FP=24, FN=90, TN=84
[2025-11-17 16:37:28][INFO][Rank 0] - val completed in 204.28s
[2025-11-17 16:37:28][INFO][Rank 0] - val cache: 0/1 items, hit rate: 0.00%
[2025-11-17 16:37:32][INFO][Rank 0] - Saved new best auc model with auc: 0.9788 at /projects/retprogression/rgarridogarcia/checkpoints/cropped1024_cropped_centered_allR_3/best_auc_model.pth
[2025-11-17 16:37:36][INFO][Rank 0] - Saved epoch checkpoint at /projects/retprogression/rgarridogarcia/checkpoints/cropped1024_cropped_centered_allR_3/epoch_10.pth
[2025-11-17 16:37:36][INFO][Rank 0] - Epoch 10 summary:
[2025-11-17 16:37:36][INFO][Rank 0] -  Train Loss: 0.1644, Train Acc: 0.9730, Train F1: 0.9860
[2025-11-17 16:37:36][INFO][Rank 0] -  Train Balanced Acc: 0.8644, Train AUC: 0.9671
[2025-11-17 16:37:36][INFO][Rank 0] -  Train Sensitivity: 0.9787, Train Specificity: 0.7500
[2025-11-17 16:37:36][INFO][Rank 0] -  Val Loss: 0.1120, Val Acc: 0.9719, Val F1: 0.9855
[2025-11-17 16:37:36][INFO][Rank 0] -  Val Balanced Acc: 0.8775, Val AUC: 0.9788
[2025-11-17 16:37:36][INFO][Rank 0] -  Val Sensitivity: 0.9772, Val Specificity: 0.7778
[2025-11-17 16:37:36][INFO][Rank 0] -  Total Epoch Time: 1585.72s
[2025-11-17 16:37:36][INFO][Rank 0] - Epoch 11/24
[2025-11-17 16:37:36][INFO][Rank 0] - ----------
[2025-11-17 16:37:36][INFO][Rank 0] - CUDA Memory [train][Step 0]: Device 0: Allocated: 3309.6 MB, Reserved: 117540.0 MB (Δ: +1687.0 MB)
[2025-11-17 16:37:36][INFO][Rank 0] - train phase: total 1948 batches
[2025-11-17 16:37:36][INFO][Rank 0] - train Epoch 11/24: 0.0% (0/1948)
[2025-11-17 16:37:43][INFO][Rank 0] - train Epoch 11/24: 0.5% (10/1948)
[2025-11-17 16:37:50][INFO][Rank 0] - train Epoch 11/24: 1.0% (20/1948)
[2025-11-17 16:37:57][INFO][Rank 0] - train Epoch 11/24: 1.5% (30/1948)
[2025-11-17 16:38:04][INFO][Rank 0] - train Epoch 11/24: 2.1% (40/1948)
[2025-11-17 16:38:11][INFO][Rank 0] - train Epoch 11/24: 2.6% (50/1948)
[2025-11-17 16:38:18][INFO][Rank 0] - train Epoch 11/24: 3.1% (60/1948)
[2025-11-17 16:38:25][INFO][Rank 0] - train Epoch 11/24: 3.6% (70/1948)
[2025-11-17 16:38:32][INFO][Rank 0] - train Epoch 11/24: 4.1% (80/1948)
[2025-11-17 16:38:39][INFO][Rank 0] - train Epoch 11/24: 4.6% (90/1948)
[2025-11-17 16:38:40][INFO][Rank 0] - CUDA Memory [train][Step 90]: Device 0: Allocated: 3309.6 MB, Reserved: 117540.0 MB (Δ: +1687.0 MB)
[2025-11-17 16:38:47][INFO][Rank 0] - train Epoch 11/24: 5.1% (100/1948)
[2025-11-17 16:38:54][INFO][Rank 0] - train Epoch 11/24: 5.6% (110/1948)
[2025-11-17 16:39:01][INFO][Rank 0] - train Epoch 11/24: 6.2% (120/1948)
[2025-11-17 16:39:08][INFO][Rank 0] - train Epoch 11/24: 6.7% (130/1948)
[2025-11-17 16:39:15][INFO][Rank 0] - train Epoch 11/24: 7.2% (140/1948)
[2025-11-17 16:39:22][INFO][Rank 0] - train Epoch 11/24: 7.7% (150/1948)
[2025-11-17 16:39:29][INFO][Rank 0] - train Epoch 11/24: 8.2% (160/1948)
[2025-11-17 16:39:36][INFO][Rank 0] - train Epoch 11/24: 8.7% (170/1948)
[2025-11-17 16:39:43][INFO][Rank 0] - train Epoch 11/24: 9.2% (180/1948)
[2025-11-17 16:39:44][INFO][Rank 0] - CUDA Memory [train][Step 180]: Device 0: Allocated: 3309.6 MB, Reserved: 117540.0 MB (Δ: +1687.0 MB)
[2025-11-17 16:39:50][INFO][Rank 0] - train Epoch 11/24: 9.8% (190/1948)
[2025-11-17 16:39:57][INFO][Rank 0] - train Epoch 11/24: 10.3% (200/1948)
[2025-11-17 16:40:04][INFO][Rank 0] - train Epoch 11/24: 10.8% (210/1948)
[2025-11-17 16:40:11][INFO][Rank 0] - train Epoch 11/24: 11.3% (220/1948)
[2025-11-17 16:40:18][INFO][Rank 0] - train Epoch 11/24: 11.8% (230/1948)
[2025-11-17 16:40:25][INFO][Rank 0] - train Epoch 11/24: 12.3% (240/1948)
[2025-11-17 16:40:32][INFO][Rank 0] - train Epoch 11/24: 12.8% (250/1948)
[2025-11-17 16:40:39][INFO][Rank 0] - train Epoch 11/24: 13.3% (260/1948)
[2025-11-17 16:40:46][INFO][Rank 0] - train Epoch 11/24: 13.9% (270/1948)
[2025-11-17 16:40:47][INFO][Rank 0] - CUDA Memory [train][Step 270]: Device 0: Allocated: 3309.6 MB, Reserved: 117540.0 MB (Δ: +1687.0 MB)
[2025-11-17 16:40:54][INFO][Rank 0] - train Epoch 11/24: 14.4% (280/1948)
[2025-11-17 16:41:01][INFO][Rank 0] - train Epoch 11/24: 14.9% (290/1948)
[2025-11-17 16:41:08][INFO][Rank 0] - train Epoch 11/24: 15.4% (300/1948)
[2025-11-17 16:41:15][INFO][Rank 0] - train Epoch 11/24: 15.9% (310/1948)
[2025-11-17 16:41:22][INFO][Rank 0] - train Epoch 11/24: 16.4% (320/1948)
[2025-11-17 16:41:29][INFO][Rank 0] - train Epoch 11/24: 16.9% (330/1948)
[2025-11-17 16:41:36][INFO][Rank 0] - train Epoch 11/24: 17.5% (340/1948)
[2025-11-17 16:41:43][INFO][Rank 0] - train Epoch 11/24: 18.0% (350/1948)
[2025-11-17 16:41:50][INFO][Rank 0] - train Epoch 11/24: 18.5% (360/1948)
[2025-11-17 16:41:51][INFO][Rank 0] - CUDA Memory [train][Step 360]: Device 0: Allocated: 3309.6 MB, Reserved: 117540.0 MB (Δ: +1687.0 MB)
[2025-11-17 16:41:57][INFO][Rank 0] - train Epoch 11/24: 19.0% (370/1948)
[2025-11-17 16:42:04][INFO][Rank 0] - train Epoch 11/24: 19.5% (380/1948)
[2025-11-17 16:42:11][INFO][Rank 0] - train Epoch 11/24: 20.0% (390/1948)
[2025-11-17 16:42:18][INFO][Rank 0] - train Epoch 11/24: 20.5% (400/1948)
[2025-11-17 16:42:25][INFO][Rank 0] - train Epoch 11/24: 21.0% (410/1948)
[2025-11-17 16:42:32][INFO][Rank 0] - train Epoch 11/24: 21.6% (420/1948)
[2025-11-17 16:42:39][INFO][Rank 0] - train Epoch 11/24: 22.1% (430/1948)
[2025-11-17 16:42:46][INFO][Rank 0] - train Epoch 11/24: 22.6% (440/1948)
[2025-11-17 16:42:53][INFO][Rank 0] - train Epoch 11/24: 23.1% (450/1948)
[2025-11-17 16:42:54][INFO][Rank 0] - CUDA Memory [train][Step 450]: Device 0: Allocated: 3309.6 MB, Reserved: 117540.0 MB (Δ: +1687.0 MB)
[2025-11-17 16:43:01][INFO][Rank 0] - train Epoch 11/24: 23.6% (460/1948)
[2025-11-17 16:43:08][INFO][Rank 0] - train Epoch 11/24: 24.1% (470/1948)
[2025-11-17 16:43:15][INFO][Rank 0] - train Epoch 11/24: 24.6% (480/1948)
[2025-11-17 16:43:22][INFO][Rank 0] - train Epoch 11/24: 25.2% (490/1948)
[2025-11-17 16:43:29][INFO][Rank 0] - train Epoch 11/24: 25.7% (500/1948)
[2025-11-17 16:43:36][INFO][Rank 0] - train Epoch 11/24: 26.2% (510/1948)
[2025-11-17 16:43:43][INFO][Rank 0] - train Epoch 11/24: 26.7% (520/1948)
[2025-11-17 16:43:50][INFO][Rank 0] - train Epoch 11/24: 27.2% (530/1948)
[2025-11-17 16:43:57][INFO][Rank 0] - train Epoch 11/24: 27.7% (540/1948)
[2025-11-17 16:43:58][INFO][Rank 0] - CUDA Memory [train][Step 540]: Device 0: Allocated: 3309.6 MB, Reserved: 117540.0 MB (Δ: +1687.0 MB)
[2025-11-17 16:44:04][INFO][Rank 0] - train Epoch 11/24: 28.2% (550/1948)
[2025-11-17 16:44:11][INFO][Rank 0] - train Epoch 11/24: 28.7% (560/1948)
[2025-11-17 16:44:18][INFO][Rank 0] - train Epoch 11/24: 29.3% (570/1948)
[2025-11-17 16:44:25][INFO][Rank 0] - train Epoch 11/24: 29.8% (580/1948)
[2025-11-17 16:44:32][INFO][Rank 0] - train Epoch 11/24: 30.3% (590/1948)
[2025-11-17 16:44:39][INFO][Rank 0] - train Epoch 11/24: 30.8% (600/1948)
[2025-11-17 16:44:46][INFO][Rank 0] - train Epoch 11/24: 31.3% (610/1948)
[2025-11-17 16:44:53][INFO][Rank 0] - train Epoch 11/24: 31.8% (620/1948)
[2025-11-17 16:45:00][INFO][Rank 0] - train Epoch 11/24: 32.3% (630/1948)
[2025-11-17 16:45:01][INFO][Rank 0] - CUDA Memory [train][Step 630]: Device 0: Allocated: 3309.6 MB, Reserved: 117540.0 MB (Δ: +1687.0 MB)
[2025-11-17 16:45:08][INFO][Rank 0] - train Epoch 11/24: 32.9% (640/1948)
[2025-11-17 16:45:15][INFO][Rank 0] - train Epoch 11/24: 33.4% (650/1948)
[2025-11-17 16:45:22][INFO][Rank 0] - train Epoch 11/24: 33.9% (660/1948)
[2025-11-17 16:45:29][INFO][Rank 0] - train Epoch 11/24: 34.4% (670/1948)
[2025-11-17 16:45:36][INFO][Rank 0] - train Epoch 11/24: 34.9% (680/1948)
[2025-11-17 16:45:43][INFO][Rank 0] - train Epoch 11/24: 35.4% (690/1948)
[2025-11-17 16:45:50][INFO][Rank 0] - train Epoch 11/24: 35.9% (700/1948)
[2025-11-17 16:45:57][INFO][Rank 0] - train Epoch 11/24: 36.4% (710/1948)
[2025-11-17 16:46:04][INFO][Rank 0] - train Epoch 11/24: 37.0% (720/1948)
[2025-11-17 16:46:05][INFO][Rank 0] - CUDA Memory [train][Step 720]: Device 0: Allocated: 3309.6 MB, Reserved: 117540.0 MB (Δ: +1687.0 MB)
[2025-11-17 16:46:11][INFO][Rank 0] - train Epoch 11/24: 37.5% (730/1948)
[2025-11-17 16:46:18][INFO][Rank 0] - train Epoch 11/24: 38.0% (740/1948)
[2025-11-17 16:46:25][INFO][Rank 0] - train Epoch 11/24: 38.5% (750/1948)
[2025-11-17 16:46:32][INFO][Rank 0] - train Epoch 11/24: 39.0% (760/1948)
[2025-11-17 16:46:39][INFO][Rank 0] - train Epoch 11/24: 39.5% (770/1948)
[2025-11-17 16:46:46][INFO][Rank 0] - train Epoch 11/24: 40.0% (780/1948)
[2025-11-17 16:46:53][INFO][Rank 0] - train Epoch 11/24: 40.6% (790/1948)
[2025-11-17 16:47:00][INFO][Rank 0] - train Epoch 11/24: 41.1% (800/1948)
[2025-11-17 16:47:08][INFO][Rank 0] - train Epoch 11/24: 41.6% (810/1948)
[2025-11-17 16:47:08][INFO][Rank 0] - CUDA Memory [train][Step 810]: Device 0: Allocated: 3309.6 MB, Reserved: 117540.0 MB (Δ: +1687.0 MB)
[2025-11-17 16:47:15][INFO][Rank 0] - train Epoch 11/24: 42.1% (820/1948)
[2025-11-17 16:47:22][INFO][Rank 0] - train Epoch 11/24: 42.6% (830/1948)
[2025-11-17 16:47:29][INFO][Rank 0] - train Epoch 11/24: 43.1% (840/1948)
[2025-11-17 16:47:36][INFO][Rank 0] - train Epoch 11/24: 43.6% (850/1948)
[2025-11-17 16:47:43][INFO][Rank 0] - train Epoch 11/24: 44.1% (860/1948)
[2025-11-17 16:47:50][INFO][Rank 0] - train Epoch 11/24: 44.7% (870/1948)
[2025-11-17 16:47:57][INFO][Rank 0] - train Epoch 11/24: 45.2% (880/1948)
[2025-11-17 16:48:04][INFO][Rank 0] - train Epoch 11/24: 45.7% (890/1948)
[2025-11-17 16:48:11][INFO][Rank 0] - train Epoch 11/24: 46.2% (900/1948)
[2025-11-17 16:48:12][INFO][Rank 0] - CUDA Memory [train][Step 900]: Device 0: Allocated: 3309.6 MB, Reserved: 117540.0 MB (Δ: +1687.0 MB)
[2025-11-17 16:48:18][INFO][Rank 0] - train Epoch 11/24: 46.7% (910/1948)
[2025-11-17 16:48:25][INFO][Rank 0] - train Epoch 11/24: 47.2% (920/1948)
[2025-11-17 16:48:32][INFO][Rank 0] - train Epoch 11/24: 47.7% (930/1948)
[2025-11-17 16:48:39][INFO][Rank 0] - train Epoch 11/24: 48.3% (940/1948)
[2025-11-17 16:48:46][INFO][Rank 0] - train Epoch 11/24: 48.8% (950/1948)
[2025-11-17 16:48:53][INFO][Rank 0] - train Epoch 11/24: 49.3% (960/1948)
[2025-11-17 16:49:00][INFO][Rank 0] - train Epoch 11/24: 49.8% (970/1948)
[2025-11-17 16:49:07][INFO][Rank 0] - train Epoch 11/24: 50.3% (980/1948)
[2025-11-17 16:49:15][INFO][Rank 0] - train Epoch 11/24: 50.8% (990/1948)
[2025-11-17 16:49:15][INFO][Rank 0] - CUDA Memory [train][Step 990]: Device 0: Allocated: 3309.6 MB, Reserved: 117540.0 MB (Δ: +1687.0 MB)
[2025-11-17 16:49:22][INFO][Rank 0] - train Epoch 11/24: 51.3% (1000/1948)
[2025-11-17 16:49:29][INFO][Rank 0] - train Epoch 11/24: 51.8% (1010/1948)
[2025-11-17 16:49:36][INFO][Rank 0] - train Epoch 11/24: 52.4% (1020/1948)
[2025-11-17 16:49:43][INFO][Rank 0] - train Epoch 11/24: 52.9% (1030/1948)
[2025-11-17 16:49:50][INFO][Rank 0] - train Epoch 11/24: 53.4% (1040/1948)
[2025-11-17 16:49:57][INFO][Rank 0] - train Epoch 11/24: 53.9% (1050/1948)
[2025-11-17 16:50:04][INFO][Rank 0] - train Epoch 11/24: 54.4% (1060/1948)
[2025-11-17 16:50:11][INFO][Rank 0] - train Epoch 11/24: 54.9% (1070/1948)
[2025-11-17 16:50:18][INFO][Rank 0] - train Epoch 11/24: 55.4% (1080/1948)
[2025-11-17 16:50:19][INFO][Rank 0] - CUDA Memory [train][Step 1080]: Device 0: Allocated: 3309.6 MB, Reserved: 117540.0 MB (Δ: +1687.0 MB)
[2025-11-17 16:50:25][INFO][Rank 0] - train Epoch 11/24: 56.0% (1090/1948)
[2025-11-17 16:50:32][INFO][Rank 0] - train Epoch 11/24: 56.5% (1100/1948)
[2025-11-17 16:50:39][INFO][Rank 0] - train Epoch 11/24: 57.0% (1110/1948)
[2025-11-17 16:50:46][INFO][Rank 0] - train Epoch 11/24: 57.5% (1120/1948)
[2025-11-17 16:50:53][INFO][Rank 0] - train Epoch 11/24: 58.0% (1130/1948)
[2025-11-17 16:51:00][INFO][Rank 0] - train Epoch 11/24: 58.5% (1140/1948)
[2025-11-17 16:51:07][INFO][Rank 0] - train Epoch 11/24: 59.0% (1150/1948)
[2025-11-17 16:51:14][INFO][Rank 0] - train Epoch 11/24: 59.5% (1160/1948)
[2025-11-17 16:51:22][INFO][Rank 0] - train Epoch 11/24: 60.1% (1170/1948)
[2025-11-17 16:51:22][INFO][Rank 0] - CUDA Memory [train][Step 1170]: Device 0: Allocated: 3309.6 MB, Reserved: 117540.0 MB (Δ: +1687.0 MB)
[2025-11-17 16:51:29][INFO][Rank 0] - train Epoch 11/24: 60.6% (1180/1948)
[2025-11-17 16:51:36][INFO][Rank 0] - train Epoch 11/24: 61.1% (1190/1948)
[2025-11-17 16:51:43][INFO][Rank 0] - train Epoch 11/24: 61.6% (1200/1948)
[2025-11-17 16:51:50][INFO][Rank 0] - train Epoch 11/24: 62.1% (1210/1948)
[2025-11-17 16:51:57][INFO][Rank 0] - train Epoch 11/24: 62.6% (1220/1948)
[2025-11-17 16:52:04][INFO][Rank 0] - train Epoch 11/24: 63.1% (1230/1948)
[2025-11-17 16:52:11][INFO][Rank 0] - train Epoch 11/24: 63.7% (1240/1948)
[2025-11-17 16:52:18][INFO][Rank 0] - train Epoch 11/24: 64.2% (1250/1948)
[2025-11-17 16:52:25][INFO][Rank 0] - train Epoch 11/24: 64.7% (1260/1948)
[2025-11-17 16:52:26][INFO][Rank 0] - CUDA Memory [train][Step 1260]: Device 0: Allocated: 3309.6 MB, Reserved: 117540.0 MB (Δ: +1687.0 MB)
[2025-11-17 16:52:32][INFO][Rank 0] - train Epoch 11/24: 65.2% (1270/1948)
[2025-11-17 16:52:39][INFO][Rank 0] - train Epoch 11/24: 65.7% (1280/1948)
[2025-11-17 16:52:46][INFO][Rank 0] - train Epoch 11/24: 66.2% (1290/1948)
[2025-11-17 16:52:53][INFO][Rank 0] - train Epoch 11/24: 66.7% (1300/1948)
[2025-11-17 16:53:00][INFO][Rank 0] - train Epoch 11/24: 67.2% (1310/1948)
[2025-11-17 16:53:07][INFO][Rank 0] - train Epoch 11/24: 67.8% (1320/1948)
[2025-11-17 16:53:14][INFO][Rank 0] - train Epoch 11/24: 68.3% (1330/1948)
[2025-11-17 16:53:21][INFO][Rank 0] - train Epoch 11/24: 68.8% (1340/1948)
[2025-11-17 16:53:29][INFO][Rank 0] - train Epoch 11/24: 69.3% (1350/1948)
[2025-11-17 16:53:29][INFO][Rank 0] - CUDA Memory [train][Step 1350]: Device 0: Allocated: 3309.6 MB, Reserved: 117540.0 MB (Δ: +1687.0 MB)
[2025-11-17 16:53:36][INFO][Rank 0] - train Epoch 11/24: 69.8% (1360/1948)
[2025-11-17 16:53:43][INFO][Rank 0] - train Epoch 11/24: 70.3% (1370/1948)
[2025-11-17 16:53:50][INFO][Rank 0] - train Epoch 11/24: 70.8% (1380/1948)
[2025-11-17 16:53:57][INFO][Rank 0] - train Epoch 11/24: 71.4% (1390/1948)
[2025-11-17 16:54:04][INFO][Rank 0] - train Epoch 11/24: 71.9% (1400/1948)
[2025-11-17 16:54:11][INFO][Rank 0] - train Epoch 11/24: 72.4% (1410/1948)
[2025-11-17 16:54:18][INFO][Rank 0] - train Epoch 11/24: 72.9% (1420/1948)
[2025-11-17 16:54:25][INFO][Rank 0] - train Epoch 11/24: 73.4% (1430/1948)
[2025-11-17 16:54:32][INFO][Rank 0] - train Epoch 11/24: 73.9% (1440/1948)
[2025-11-17 16:54:33][INFO][Rank 0] - CUDA Memory [train][Step 1440]: Device 0: Allocated: 3309.6 MB, Reserved: 117540.0 MB (Δ: +1687.0 MB)
[2025-11-17 16:54:39][INFO][Rank 0] - train Epoch 11/24: 74.4% (1450/1948)
[2025-11-17 16:54:46][INFO][Rank 0] - train Epoch 11/24: 74.9% (1460/1948)
[2025-11-17 16:54:53][INFO][Rank 0] - train Epoch 11/24: 75.5% (1470/1948)
[2025-11-17 16:55:00][INFO][Rank 0] - train Epoch 11/24: 76.0% (1480/1948)
[2025-11-17 16:55:07][INFO][Rank 0] - train Epoch 11/24: 76.5% (1490/1948)
[2025-11-17 16:55:14][INFO][Rank 0] - train Epoch 11/24: 77.0% (1500/1948)
[2025-11-17 16:55:21][INFO][Rank 0] - train Epoch 11/24: 77.5% (1510/1948)
[2025-11-17 16:55:29][INFO][Rank 0] - train Epoch 11/24: 78.0% (1520/1948)
[2025-11-17 16:55:36][INFO][Rank 0] - train Epoch 11/24: 78.5% (1530/1948)
[2025-11-17 16:55:36][INFO][Rank 0] - CUDA Memory [train][Step 1530]: Device 0: Allocated: 3309.6 MB, Reserved: 117540.0 MB (Δ: +1687.0 MB)
[2025-11-17 16:55:43][INFO][Rank 0] - train Epoch 11/24: 79.1% (1540/1948)
[2025-11-17 16:55:50][INFO][Rank 0] - train Epoch 11/24: 79.6% (1550/1948)
[2025-11-17 16:55:57][INFO][Rank 0] - train Epoch 11/24: 80.1% (1560/1948)
[2025-11-17 16:56:04][INFO][Rank 0] - train Epoch 11/24: 80.6% (1570/1948)
[2025-11-17 16:56:11][INFO][Rank 0] - train Epoch 11/24: 81.1% (1580/1948)
[2025-11-17 16:56:18][INFO][Rank 0] - train Epoch 11/24: 81.6% (1590/1948)
[2025-11-17 16:56:25][INFO][Rank 0] - train Epoch 11/24: 82.1% (1600/1948)
[2025-11-17 16:56:32][INFO][Rank 0] - train Epoch 11/24: 82.6% (1610/1948)
[2025-11-17 16:56:39][INFO][Rank 0] - train Epoch 11/24: 83.2% (1620/1948)
[2025-11-17 16:56:40][INFO][Rank 0] - CUDA Memory [train][Step 1620]: Device 0: Allocated: 3309.6 MB, Reserved: 117540.0 MB (Δ: +1687.0 MB)
[2025-11-17 16:56:46][INFO][Rank 0] - train Epoch 11/24: 83.7% (1630/1948)
[2025-11-17 16:56:53][INFO][Rank 0] - train Epoch 11/24: 84.2% (1640/1948)
[2025-11-17 16:57:00][INFO][Rank 0] - train Epoch 11/24: 84.7% (1650/1948)
[2025-11-17 16:57:07][INFO][Rank 0] - train Epoch 11/24: 85.2% (1660/1948)
[2025-11-17 16:57:14][INFO][Rank 0] - train Epoch 11/24: 85.7% (1670/1948)
[2025-11-17 16:57:21][INFO][Rank 0] - train Epoch 11/24: 86.2% (1680/1948)
[2025-11-17 16:57:28][INFO][Rank 0] - train Epoch 11/24: 86.8% (1690/1948)
[2025-11-17 16:57:36][INFO][Rank 0] - train Epoch 11/24: 87.3% (1700/1948)
[2025-11-17 16:57:43][INFO][Rank 0] - train Epoch 11/24: 87.8% (1710/1948)
[2025-11-17 16:57:43][INFO][Rank 0] - CUDA Memory [train][Step 1710]: Device 0: Allocated: 3309.6 MB, Reserved: 117540.0 MB (Δ: +1687.0 MB)
[2025-11-17 16:57:50][INFO][Rank 0] - train Epoch 11/24: 88.3% (1720/1948)
[2025-11-17 16:57:57][INFO][Rank 0] - train Epoch 11/24: 88.8% (1730/1948)
[2025-11-17 16:58:04][INFO][Rank 0] - train Epoch 11/24: 89.3% (1740/1948)
[2025-11-17 16:58:11][INFO][Rank 0] - train Epoch 11/24: 89.8% (1750/1948)
[2025-11-17 16:58:18][INFO][Rank 0] - train Epoch 11/24: 90.3% (1760/1948)
[2025-11-17 16:58:25][INFO][Rank 0] - train Epoch 11/24: 90.9% (1770/1948)
[2025-11-17 16:58:32][INFO][Rank 0] - train Epoch 11/24: 91.4% (1780/1948)
[2025-11-17 16:58:39][INFO][Rank 0] - train Epoch 11/24: 91.9% (1790/1948)
[2025-11-17 16:58:46][INFO][Rank 0] - train Epoch 11/24: 92.4% (1800/1948)
[2025-11-17 16:58:47][INFO][Rank 0] - CUDA Memory [train][Step 1800]: Device 0: Allocated: 3309.6 MB, Reserved: 117540.0 MB (Δ: +1687.0 MB)
[2025-11-17 16:58:53][INFO][Rank 0] - train Epoch 11/24: 92.9% (1810/1948)
[2025-11-17 16:59:00][INFO][Rank 0] - train Epoch 11/24: 93.4% (1820/1948)
[2025-11-17 16:59:07][INFO][Rank 0] - train Epoch 11/24: 93.9% (1830/1948)
[2025-11-17 16:59:14][INFO][Rank 0] - train Epoch 11/24: 94.5% (1840/1948)
[2025-11-17 16:59:21][INFO][Rank 0] - train Epoch 11/24: 95.0% (1850/1948)
[2025-11-17 16:59:28][INFO][Rank 0] - train Epoch 11/24: 95.5% (1860/1948)
[2025-11-17 16:59:36][INFO][Rank 0] - train Epoch 11/24: 96.0% (1870/1948)
[2025-11-17 16:59:43][INFO][Rank 0] - train Epoch 11/24: 96.5% (1880/1948)
[2025-11-17 16:59:50][INFO][Rank 0] - train Epoch 11/24: 97.0% (1890/1948)
[2025-11-17 16:59:50][INFO][Rank 0] - CUDA Memory [train][Step 1890]: Device 0: Allocated: 3309.6 MB, Reserved: 117540.0 MB (Δ: +1687.0 MB)
[2025-11-17 16:59:57][INFO][Rank 0] - train Epoch 11/24: 97.5% (1900/1948)
[2025-11-17 17:00:04][INFO][Rank 0] - train Epoch 11/24: 98.0% (1910/1948)
[2025-11-17 17:00:11][INFO][Rank 0] - train Epoch 11/24: 98.6% (1920/1948)
[2025-11-17 17:00:18][INFO][Rank 0] - train Epoch 11/24: 99.1% (1930/1948)
[2025-11-17 17:00:25][INFO][Rank 0] - train Epoch 11/24: 99.6% (1940/1948)
[2025-11-17 17:00:30][INFO][Rank 0] - train Epoch 11/24: 99.9% (1947/1948)
[2025-11-17 17:00:31][INFO][Rank 0] - train Loss: 0.1616 Acc: 0.9742 F1: 0.9867
[2025-11-17 17:00:31][INFO][Rank 0] - train Balanced Acc: 0.8710 AUC-ROC: 0.9691
[2025-11-17 17:00:31][INFO][Rank 0] - train Sensitivity: 0.9797 Specificity: 0.7623
[2025-11-17 17:00:31][INFO][Rank 0] - train Confusion Matrix: TP=18606, FP=116, FN=386, TN=372
[2025-11-17 17:00:31][INFO][Rank 0] - train completed in 1374.91s
[2025-11-17 17:00:31][INFO][Rank 0] - Data loading time: 0.82s, Forward time: 279.70s, Backward time: 744.98s
[2025-11-17 17:00:31][INFO][Rank 0] - train cache: 0/1 items, hit rate: 0.00%
[2025-11-17 17:00:31][INFO][Rank 0] - CUDA Memory [val][Step 0]: Device 0: Allocated: 3309.6 MB, Reserved: 117540.0 MB (Δ: +1687.0 MB)
[2025-11-17 17:00:31][INFO][Rank 0] - val phase: total 406 batches
[2025-11-17 17:00:31][INFO][Rank 0] - val Epoch 11/24: 0.0% (0/406)
[2025-11-17 17:00:36][INFO][Rank 0] - val Epoch 11/24: 2.5% (10/406)
[2025-11-17 17:00:41][INFO][Rank 0] - val Epoch 11/24: 4.9% (20/406)
[2025-11-17 17:00:46][INFO][Rank 0] - val Epoch 11/24: 7.4% (30/406)
[2025-11-17 17:00:51][INFO][Rank 0] - val Epoch 11/24: 9.9% (40/406)
[2025-11-17 17:00:56][INFO][Rank 0] - val Epoch 11/24: 12.3% (50/406)
[2025-11-17 17:01:01][INFO][Rank 0] - val Epoch 11/24: 14.8% (60/406)
[2025-11-17 17:01:06][INFO][Rank 0] - val Epoch 11/24: 17.2% (70/406)
[2025-11-17 17:01:11][INFO][Rank 0] - val Epoch 11/24: 19.7% (80/406)
[2025-11-17 17:01:16][INFO][Rank 0] - val Epoch 11/24: 22.2% (90/406)
[2025-11-17 17:01:21][INFO][Rank 0] - val Epoch 11/24: 24.6% (100/406)
[2025-11-17 17:01:26][INFO][Rank 0] - val Epoch 11/24: 27.1% (110/406)
[2025-11-17 17:01:31][INFO][Rank 0] - val Epoch 11/24: 29.6% (120/406)
[2025-11-17 17:01:32][INFO][Rank 0] - CUDA Memory [val][Step 120]: Device 0: Allocated: 3309.6 MB, Reserved: 117540.0 MB (Δ: +1687.0 MB)
[2025-11-17 17:01:36][INFO][Rank 0] - val Epoch 11/24: 32.0% (130/406)
[2025-11-17 17:01:41][INFO][Rank 0] - val Epoch 11/24: 34.5% (140/406)
[2025-11-17 17:01:46][INFO][Rank 0] - val Epoch 11/24: 36.9% (150/406)
[2025-11-17 17:01:51][INFO][Rank 0] - val Epoch 11/24: 39.4% (160/406)
[2025-11-17 17:01:56][INFO][Rank 0] - val Epoch 11/24: 41.9% (170/406)
[2025-11-17 17:02:01][INFO][Rank 0] - val Epoch 11/24: 44.3% (180/406)
[2025-11-17 17:02:06][INFO][Rank 0] - val Epoch 11/24: 46.8% (190/406)
[2025-11-17 17:02:11][INFO][Rank 0] - val Epoch 11/24: 49.3% (200/406)
[2025-11-17 17:02:16][INFO][Rank 0] - val Epoch 11/24: 51.7% (210/406)
[2025-11-17 17:02:21][INFO][Rank 0] - val Epoch 11/24: 54.2% (220/406)
[2025-11-17 17:02:26][INFO][Rank 0] - val Epoch 11/24: 56.7% (230/406)
[2025-11-17 17:02:31][INFO][Rank 0] - val Epoch 11/24: 59.1% (240/406)
[2025-11-17 17:02:32][INFO][Rank 0] - CUDA Memory [val][Step 240]: Device 0: Allocated: 3309.6 MB, Reserved: 117540.0 MB (Δ: +1687.0 MB)
[2025-11-17 17:02:37][INFO][Rank 0] - val Epoch 11/24: 61.6% (250/406)
[2025-11-17 17:02:42][INFO][Rank 0] - val Epoch 11/24: 64.0% (260/406)
[2025-11-17 17:02:47][INFO][Rank 0] - val Epoch 11/24: 66.5% (270/406)
[2025-11-17 17:02:52][INFO][Rank 0] - val Epoch 11/24: 69.0% (280/406)
[2025-11-17 17:02:57][INFO][Rank 0] - val Epoch 11/24: 71.4% (290/406)
[2025-11-17 17:03:02][INFO][Rank 0] - val Epoch 11/24: 73.9% (300/406)
[2025-11-17 17:03:07][INFO][Rank 0] - val Epoch 11/24: 76.4% (310/406)
[2025-11-17 17:03:12][INFO][Rank 0] - val Epoch 11/24: 78.8% (320/406)
[2025-11-17 17:03:17][INFO][Rank 0] - val Epoch 11/24: 81.3% (330/406)
[2025-11-17 17:03:22][INFO][Rank 0] - val Epoch 11/24: 83.7% (340/406)
[2025-11-17 17:03:27][INFO][Rank 0] - val Epoch 11/24: 86.2% (350/406)
[2025-11-17 17:03:32][INFO][Rank 0] - val Epoch 11/24: 88.7% (360/406)
[2025-11-17 17:03:32][INFO][Rank 0] - CUDA Memory [val][Step 360]: Device 0: Allocated: 3309.6 MB, Reserved: 117540.0 MB (Δ: +1687.0 MB)
[2025-11-17 17:03:37][INFO][Rank 0] - val Epoch 11/24: 91.1% (370/406)
[2025-11-17 17:03:42][INFO][Rank 0] - val Epoch 11/24: 93.6% (380/406)
[2025-11-17 17:03:47][INFO][Rank 0] - val Epoch 11/24: 96.1% (390/406)
[2025-11-17 17:03:52][INFO][Rank 0] - val Epoch 11/24: 98.5% (400/406)
[2025-11-17 17:03:54][INFO][Rank 0] - val Epoch 11/24: 99.8% (405/406)
[2025-11-17 17:03:55][INFO][Rank 0] - val Loss: 0.1170 Acc: 0.9658 F1: 0.9822
[2025-11-17 17:03:55][INFO][Rank 0] - val Balanced Acc: 0.9059 AUC-ROC: 0.9791
[2025-11-17 17:03:55][INFO][Rank 0] - val Sensitivity: 0.9691 Specificity: 0.8426
[2025-11-17 17:03:55][INFO][Rank 0] - val Confusion Matrix: TP=3830, FP=17, FN=122, TN=91
[2025-11-17 17:03:55][INFO][Rank 0] - val completed in 204.25s
[2025-11-17 17:03:55][INFO][Rank 0] - val cache: 0/1 items, hit rate: 0.00%
[2025-11-17 17:03:59][INFO][Rank 0] - Saved new best balanced_acc model with balanced_acc: 0.9059 at /projects/retprogression/rgarridogarcia/checkpoints/cropped1024_cropped_centered_allR_3/best_balanced_acc_model.pth
[2025-11-17 17:04:02][INFO][Rank 0] - Also saved as general best model at /projects/retprogression/rgarridogarcia/checkpoints/cropped1024_cropped_centered_allR_3/best_model.pth
[2025-11-17 17:04:06][INFO][Rank 0] - Saved new best auc model with auc: 0.9791 at /projects/retprogression/rgarridogarcia/checkpoints/cropped1024_cropped_centered_allR_3/best_auc_model.pth
[2025-11-17 17:04:11][INFO][Rank 0] - Saved epoch checkpoint at /projects/retprogression/rgarridogarcia/checkpoints/cropped1024_cropped_centered_allR_3/epoch_11.pth
[2025-11-17 17:04:11][INFO][Rank 0] - Epoch 11 summary:
[2025-11-17 17:04:11][INFO][Rank 0] -  Train Loss: 0.1616, Train Acc: 0.9742, Train F1: 0.9867
[2025-11-17 17:04:11][INFO][Rank 0] -  Train Balanced Acc: 0.8710, Train AUC: 0.9691
[2025-11-17 17:04:11][INFO][Rank 0] -  Train Sensitivity: 0.9797, Train Specificity: 0.7623
[2025-11-17 17:04:11][INFO][Rank 0] -  Val Loss: 0.1170, Val Acc: 0.9658, Val F1: 0.9822
[2025-11-17 17:04:11][INFO][Rank 0] -  Val Balanced Acc: 0.9059, Val AUC: 0.9791
[2025-11-17 17:04:11][INFO][Rank 0] -  Val Sensitivity: 0.9691, Val Specificity: 0.8426
[2025-11-17 17:04:11][INFO][Rank 0] -  Total Epoch Time: 1594.99s
[2025-11-17 17:04:11][INFO][Rank 0] - Epoch 12/24
[2025-11-17 17:04:11][INFO][Rank 0] - ----------
[2025-11-17 17:04:11][INFO][Rank 0] - CUDA Memory [train][Step 0]: Device 0: Allocated: 3309.6 MB, Reserved: 117540.0 MB (Δ: +1687.0 MB)
[2025-11-17 17:04:11][INFO][Rank 0] - train phase: total 1948 batches
[2025-11-17 17:04:11][INFO][Rank 0] - train Epoch 12/24: 0.0% (0/1948)
[2025-11-17 17:04:18][INFO][Rank 0] - train Epoch 12/24: 0.5% (10/1948)
[2025-11-17 17:04:25][INFO][Rank 0] - train Epoch 12/24: 1.0% (20/1948)
[2025-11-17 17:04:32][INFO][Rank 0] - train Epoch 12/24: 1.5% (30/1948)
[2025-11-17 17:04:39][INFO][Rank 0] - train Epoch 12/24: 2.1% (40/1948)
[2025-11-17 17:04:46][INFO][Rank 0] - train Epoch 12/24: 2.6% (50/1948)
[2025-11-17 17:04:53][INFO][Rank 0] - train Epoch 12/24: 3.1% (60/1948)
[2025-11-17 17:05:00][INFO][Rank 0] - train Epoch 12/24: 3.6% (70/1948)
[2025-11-17 17:05:07][INFO][Rank 0] - train Epoch 12/24: 4.1% (80/1948)
[2025-11-17 17:05:15][INFO][Rank 0] - train Epoch 12/24: 4.6% (90/1948)
[2025-11-17 17:05:15][INFO][Rank 0] - CUDA Memory [train][Step 90]: Device 0: Allocated: 3309.6 MB, Reserved: 117540.0 MB (Δ: +1687.0 MB)
[2025-11-17 17:05:22][INFO][Rank 0] - train Epoch 12/24: 5.1% (100/1948)
[2025-11-17 17:05:29][INFO][Rank 0] - train Epoch 12/24: 5.6% (110/1948)
[2025-11-17 17:05:36][INFO][Rank 0] - train Epoch 12/24: 6.2% (120/1948)
[2025-11-17 17:05:43][INFO][Rank 0] - train Epoch 12/24: 6.7% (130/1948)
[2025-11-17 17:05:50][INFO][Rank 0] - train Epoch 12/24: 7.2% (140/1948)
[2025-11-17 17:05:57][INFO][Rank 0] - train Epoch 12/24: 7.7% (150/1948)
[2025-11-17 17:06:04][INFO][Rank 0] - train Epoch 12/24: 8.2% (160/1948)
[2025-11-17 17:06:11][INFO][Rank 0] - train Epoch 12/24: 8.7% (170/1948)
[2025-11-17 17:06:18][INFO][Rank 0] - train Epoch 12/24: 9.2% (180/1948)
[2025-11-17 17:06:19][INFO][Rank 0] - CUDA Memory [train][Step 180]: Device 0: Allocated: 3309.6 MB, Reserved: 117540.0 MB (Δ: +1687.0 MB)
[2025-11-17 17:06:25][INFO][Rank 0] - train Epoch 12/24: 9.8% (190/1948)
[2025-11-17 17:06:32][INFO][Rank 0] - train Epoch 12/24: 10.3% (200/1948)
[2025-11-17 17:06:39][INFO][Rank 0] - train Epoch 12/24: 10.8% (210/1948)
[2025-11-17 17:06:46][INFO][Rank 0] - train Epoch 12/24: 11.3% (220/1948)
[2025-11-17 17:06:53][INFO][Rank 0] - train Epoch 12/24: 11.8% (230/1948)
[2025-11-17 17:07:00][INFO][Rank 0] - train Epoch 12/24: 12.3% (240/1948)
[2025-11-17 17:07:07][INFO][Rank 0] - train Epoch 12/24: 12.8% (250/1948)
[2025-11-17 17:07:14][INFO][Rank 0] - train Epoch 12/24: 13.3% (260/1948)
[2025-11-17 17:07:21][INFO][Rank 0] - train Epoch 12/24: 13.9% (270/1948)
[2025-11-17 17:07:22][INFO][Rank 0] - CUDA Memory [train][Step 270]: Device 0: Allocated: 3309.6 MB, Reserved: 117540.0 MB (Δ: +1687.0 MB)
[2025-11-17 17:07:28][INFO][Rank 0] - train Epoch 12/24: 14.4% (280/1948)
[2025-11-17 17:07:36][INFO][Rank 0] - train Epoch 12/24: 14.9% (290/1948)
[2025-11-17 17:07:43][INFO][Rank 0] - train Epoch 12/24: 15.4% (300/1948)
[2025-11-17 17:07:50][INFO][Rank 0] - train Epoch 12/24: 15.9% (310/1948)
[2025-11-17 17:07:57][INFO][Rank 0] - train Epoch 12/24: 16.4% (320/1948)
[2025-11-17 17:08:04][INFO][Rank 0] - train Epoch 12/24: 16.9% (330/1948)
[2025-11-17 17:08:11][INFO][Rank 0] - train Epoch 12/24: 17.5% (340/1948)
[2025-11-17 17:08:18][INFO][Rank 0] - train Epoch 12/24: 18.0% (350/1948)
[2025-11-17 17:08:25][INFO][Rank 0] - train Epoch 12/24: 18.5% (360/1948)
[2025-11-17 17:08:26][INFO][Rank 0] - CUDA Memory [train][Step 360]: Device 0: Allocated: 3309.6 MB, Reserved: 117540.0 MB (Δ: +1687.0 MB)
[2025-11-17 17:08:32][INFO][Rank 0] - train Epoch 12/24: 19.0% (370/1948)
[2025-11-17 17:08:39][INFO][Rank 0] - train Epoch 12/24: 19.5% (380/1948)
[2025-11-17 17:08:46][INFO][Rank 0] - train Epoch 12/24: 20.0% (390/1948)
[2025-11-17 17:08:53][INFO][Rank 0] - train Epoch 12/24: 20.5% (400/1948)
[2025-11-17 17:09:00][INFO][Rank 0] - train Epoch 12/24: 21.0% (410/1948)
[2025-11-17 17:09:07][INFO][Rank 0] - train Epoch 12/24: 21.6% (420/1948)
[2025-11-17 17:09:14][INFO][Rank 0] - train Epoch 12/24: 22.1% (430/1948)
[2025-11-17 17:09:21][INFO][Rank 0] - train Epoch 12/24: 22.6% (440/1948)
[2025-11-17 17:09:28][INFO][Rank 0] - train Epoch 12/24: 23.1% (450/1948)
[2025-11-17 17:09:29][INFO][Rank 0] - CUDA Memory [train][Step 450]: Device 0: Allocated: 3309.6 MB, Reserved: 117540.0 MB (Δ: +1687.0 MB)
[2025-11-17 17:09:35][INFO][Rank 0] - train Epoch 12/24: 23.6% (460/1948)
[2025-11-17 17:09:42][INFO][Rank 0] - train Epoch 12/24: 24.1% (470/1948)
[2025-11-17 17:09:50][INFO][Rank 0] - train Epoch 12/24: 24.6% (480/1948)
[2025-11-17 17:09:57][INFO][Rank 0] - train Epoch 12/24: 25.2% (490/1948)
[2025-11-17 17:10:04][INFO][Rank 0] - train Epoch 12/24: 25.7% (500/1948)
[2025-11-17 17:10:11][INFO][Rank 0] - train Epoch 12/24: 26.2% (510/1948)
[2025-11-17 17:10:18][INFO][Rank 0] - train Epoch 12/24: 26.7% (520/1948)
[2025-11-17 17:10:25][INFO][Rank 0] - train Epoch 12/24: 27.2% (530/1948)
[2025-11-17 17:10:32][INFO][Rank 0] - train Epoch 12/24: 27.7% (540/1948)
[2025-11-17 17:10:33][INFO][Rank 0] - CUDA Memory [train][Step 540]: Device 0: Allocated: 3309.6 MB, Reserved: 117540.0 MB (Δ: +1687.0 MB)
[2025-11-17 17:10:39][INFO][Rank 0] - train Epoch 12/24: 28.2% (550/1948)
[2025-11-17 17:10:46][INFO][Rank 0] - train Epoch 12/24: 28.7% (560/1948)
[2025-11-17 17:10:53][INFO][Rank 0] - train Epoch 12/24: 29.3% (570/1948)
[2025-11-17 17:11:00][INFO][Rank 0] - train Epoch 12/24: 29.8% (580/1948)
[2025-11-17 17:11:07][INFO][Rank 0] - train Epoch 12/24: 30.3% (590/1948)
[2025-11-17 17:11:14][INFO][Rank 0] - train Epoch 12/24: 30.8% (600/1948)
[2025-11-17 17:11:21][INFO][Rank 0] - train Epoch 12/24: 31.3% (610/1948)
[2025-11-17 17:11:28][INFO][Rank 0] - train Epoch 12/24: 31.8% (620/1948)
[2025-11-17 17:11:35][INFO][Rank 0] - train Epoch 12/24: 32.3% (630/1948)
[2025-11-17 17:11:36][INFO][Rank 0] - CUDA Memory [train][Step 630]: Device 0: Allocated: 3309.6 MB, Reserved: 117540.0 MB (Δ: +1687.0 MB)
[2025-11-17 17:11:42][INFO][Rank 0] - train Epoch 12/24: 32.9% (640/1948)
[2025-11-17 17:11:49][INFO][Rank 0] - train Epoch 12/24: 33.4% (650/1948)
[2025-11-17 17:11:56][INFO][Rank 0] - train Epoch 12/24: 33.9% (660/1948)
[2025-11-17 17:12:03][INFO][Rank 0] - train Epoch 12/24: 34.4% (670/1948)
[2025-11-17 17:12:11][INFO][Rank 0] - train Epoch 12/24: 34.9% (680/1948)
[2025-11-17 17:12:18][INFO][Rank 0] - train Epoch 12/24: 35.4% (690/1948)
[2025-11-17 17:12:25][INFO][Rank 0] - train Epoch 12/24: 35.9% (700/1948)
[2025-11-17 17:12:32][INFO][Rank 0] - train Epoch 12/24: 36.4% (710/1948)
[2025-11-17 17:12:39][INFO][Rank 0] - train Epoch 12/24: 37.0% (720/1948)
[2025-11-17 17:12:39][INFO][Rank 0] - CUDA Memory [train][Step 720]: Device 0: Allocated: 3309.6 MB, Reserved: 117540.0 MB (Δ: +1687.0 MB)
[2025-11-17 17:12:46][INFO][Rank 0] - train Epoch 12/24: 37.5% (730/1948)
[2025-11-17 17:12:53][INFO][Rank 0] - train Epoch 12/24: 38.0% (740/1948)
[2025-11-17 17:13:00][INFO][Rank 0] - train Epoch 12/24: 38.5% (750/1948)
[2025-11-17 17:13:07][INFO][Rank 0] - train Epoch 12/24: 39.0% (760/1948)
[2025-11-17 17:13:14][INFO][Rank 0] - train Epoch 12/24: 39.5% (770/1948)
[2025-11-17 17:13:21][INFO][Rank 0] - train Epoch 12/24: 40.0% (780/1948)
[2025-11-17 17:13:28][INFO][Rank 0] - train Epoch 12/24: 40.6% (790/1948)
[2025-11-17 17:13:35][INFO][Rank 0] - train Epoch 12/24: 41.1% (800/1948)
[2025-11-17 17:13:42][INFO][Rank 0] - train Epoch 12/24: 41.6% (810/1948)
[2025-11-17 17:13:43][INFO][Rank 0] - CUDA Memory [train][Step 810]: Device 0: Allocated: 3309.6 MB, Reserved: 117540.0 MB (Δ: +1687.0 MB)
[2025-11-17 17:13:49][INFO][Rank 0] - train Epoch 12/24: 42.1% (820/1948)
[2025-11-17 17:13:56][INFO][Rank 0] - train Epoch 12/24: 42.6% (830/1948)
[2025-11-17 17:14:03][INFO][Rank 0] - train Epoch 12/24: 43.1% (840/1948)
[2025-11-17 17:14:10][INFO][Rank 0] - train Epoch 12/24: 43.6% (850/1948)
[2025-11-17 17:14:17][INFO][Rank 0] - train Epoch 12/24: 44.1% (860/1948)
[2025-11-17 17:14:24][INFO][Rank 0] - train Epoch 12/24: 44.7% (870/1948)
[2025-11-17 17:14:32][INFO][Rank 0] - train Epoch 12/24: 45.2% (880/1948)
[2025-11-17 17:14:39][INFO][Rank 0] - train Epoch 12/24: 45.7% (890/1948)
[2025-11-17 17:14:46][INFO][Rank 0] - train Epoch 12/24: 46.2% (900/1948)
[2025-11-17 17:14:46][INFO][Rank 0] - CUDA Memory [train][Step 900]: Device 0: Allocated: 3309.6 MB, Reserved: 117540.0 MB (Δ: +1687.0 MB)
[2025-11-17 17:14:53][INFO][Rank 0] - train Epoch 12/24: 46.7% (910/1948)
[2025-11-17 17:15:00][INFO][Rank 0] - train Epoch 12/24: 47.2% (920/1948)
[2025-11-17 17:15:07][INFO][Rank 0] - train Epoch 12/24: 47.7% (930/1948)
[2025-11-17 17:15:14][INFO][Rank 0] - train Epoch 12/24: 48.3% (940/1948)
[2025-11-17 17:15:21][INFO][Rank 0] - train Epoch 12/24: 48.8% (950/1948)
[2025-11-17 17:15:28][INFO][Rank 0] - train Epoch 12/24: 49.3% (960/1948)
[2025-11-17 17:15:35][INFO][Rank 0] - train Epoch 12/24: 49.8% (970/1948)
[2025-11-17 17:15:42][INFO][Rank 0] - train Epoch 12/24: 50.3% (980/1948)
[2025-11-17 17:15:49][INFO][Rank 0] - train Epoch 12/24: 50.8% (990/1948)
[2025-11-17 17:15:50][INFO][Rank 0] - CUDA Memory [train][Step 990]: Device 0: Allocated: 3309.6 MB, Reserved: 117540.0 MB (Δ: +1687.0 MB)
[2025-11-17 17:15:56][INFO][Rank 0] - train Epoch 12/24: 51.3% (1000/1948)
[2025-11-17 17:16:03][INFO][Rank 0] - train Epoch 12/24: 51.8% (1010/1948)
[2025-11-17 17:16:10][INFO][Rank 0] - train Epoch 12/24: 52.4% (1020/1948)
[2025-11-17 17:16:17][INFO][Rank 0] - train Epoch 12/24: 52.9% (1030/1948)
[2025-11-17 17:16:24][INFO][Rank 0] - train Epoch 12/24: 53.4% (1040/1948)
[2025-11-17 17:16:31][INFO][Rank 0] - train Epoch 12/24: 53.9% (1050/1948)
[2025-11-17 17:16:38][INFO][Rank 0] - train Epoch 12/24: 54.4% (1060/1948)
[2025-11-17 17:16:45][INFO][Rank 0] - train Epoch 12/24: 54.9% (1070/1948)
[2025-11-17 17:16:53][INFO][Rank 0] - train Epoch 12/24: 55.4% (1080/1948)
[2025-11-17 17:16:53][INFO][Rank 0] - CUDA Memory [train][Step 1080]: Device 0: Allocated: 3309.6 MB, Reserved: 117540.0 MB (Δ: +1687.0 MB)
[2025-11-17 17:17:00][INFO][Rank 0] - train Epoch 12/24: 56.0% (1090/1948)
[2025-11-17 17:17:07][INFO][Rank 0] - train Epoch 12/24: 56.5% (1100/1948)
[2025-11-17 17:17:14][INFO][Rank 0] - train Epoch 12/24: 57.0% (1110/1948)
[2025-11-17 17:17:21][INFO][Rank 0] - train Epoch 12/24: 57.5% (1120/1948)
[2025-11-17 17:17:28][INFO][Rank 0] - train Epoch 12/24: 58.0% (1130/1948)
[2025-11-17 17:17:35][INFO][Rank 0] - train Epoch 12/24: 58.5% (1140/1948)
[2025-11-17 17:17:42][INFO][Rank 0] - train Epoch 12/24: 59.0% (1150/1948)
[2025-11-17 17:17:49][INFO][Rank 0] - train Epoch 12/24: 59.5% (1160/1948)
[2025-11-17 17:17:56][INFO][Rank 0] - train Epoch 12/24: 60.1% (1170/1948)
[2025-11-17 17:17:57][INFO][Rank 0] - CUDA Memory [train][Step 1170]: Device 0: Allocated: 3309.6 MB, Reserved: 117540.0 MB (Δ: +1687.0 MB)
[2025-11-17 17:18:03][INFO][Rank 0] - train Epoch 12/24: 60.6% (1180/1948)
[2025-11-17 17:18:10][INFO][Rank 0] - train Epoch 12/24: 61.1% (1190/1948)
[2025-11-17 17:18:17][INFO][Rank 0] - train Epoch 12/24: 61.6% (1200/1948)
[2025-11-17 17:18:24][INFO][Rank 0] - train Epoch 12/24: 62.1% (1210/1948)
[2025-11-17 17:18:31][INFO][Rank 0] - train Epoch 12/24: 62.6% (1220/1948)
[2025-11-17 17:18:38][INFO][Rank 0] - train Epoch 12/24: 63.1% (1230/1948)
[2025-11-17 17:18:45][INFO][Rank 0] - train Epoch 12/24: 63.7% (1240/1948)
[2025-11-17 17:18:52][INFO][Rank 0] - train Epoch 12/24: 64.2% (1250/1948)
[2025-11-17 17:18:59][INFO][Rank 0] - train Epoch 12/24: 64.7% (1260/1948)
[2025-11-17 17:19:00][INFO][Rank 0] - CUDA Memory [train][Step 1260]: Device 0: Allocated: 3309.6 MB, Reserved: 117540.0 MB (Δ: +1687.0 MB)
[2025-11-17 17:19:06][INFO][Rank 0] - train Epoch 12/24: 65.2% (1270/1948)
[2025-11-17 17:19:14][INFO][Rank 0] - train Epoch 12/24: 65.7% (1280/1948)
[2025-11-17 17:19:21][INFO][Rank 0] - train Epoch 12/24: 66.2% (1290/1948)
[2025-11-17 17:19:28][INFO][Rank 0] - train Epoch 12/24: 66.7% (1300/1948)
[2025-11-17 17:19:35][INFO][Rank 0] - train Epoch 12/24: 67.2% (1310/1948)
[2025-11-17 17:19:42][INFO][Rank 0] - train Epoch 12/24: 67.8% (1320/1948)
[2025-11-17 17:19:49][INFO][Rank 0] - train Epoch 12/24: 68.3% (1330/1948)
[2025-11-17 17:19:56][INFO][Rank 0] - train Epoch 12/24: 68.8% (1340/1948)
[2025-11-17 17:20:03][INFO][Rank 0] - train Epoch 12/24: 69.3% (1350/1948)
[2025-11-17 17:20:04][INFO][Rank 0] - CUDA Memory [train][Step 1350]: Device 0: Allocated: 3309.6 MB, Reserved: 117540.0 MB (Δ: +1687.0 MB)
[2025-11-17 17:20:10][INFO][Rank 0] - train Epoch 12/24: 69.8% (1360/1948)
[2025-11-17 17:20:17][INFO][Rank 0] - train Epoch 12/24: 70.3% (1370/1948)
[2025-11-17 17:20:24][INFO][Rank 0] - train Epoch 12/24: 70.8% (1380/1948)
[2025-11-17 17:20:31][INFO][Rank 0] - train Epoch 12/24: 71.4% (1390/1948)
[2025-11-17 17:20:38][INFO][Rank 0] - train Epoch 12/24: 71.9% (1400/1948)
[2025-11-17 17:20:45][INFO][Rank 0] - train Epoch 12/24: 72.4% (1410/1948)
[2025-11-17 17:20:52][INFO][Rank 0] - train Epoch 12/24: 72.9% (1420/1948)
[2025-11-17 17:20:59][INFO][Rank 0] - train Epoch 12/24: 73.4% (1430/1948)
[2025-11-17 17:21:06][INFO][Rank 0] - train Epoch 12/24: 73.9% (1440/1948)
[2025-11-17 17:21:07][INFO][Rank 0] - CUDA Memory [train][Step 1440]: Device 0: Allocated: 3309.6 MB, Reserved: 117540.0 MB (Δ: +1687.0 MB)
[2025-11-17 17:21:13][INFO][Rank 0] - train Epoch 12/24: 74.4% (1450/1948)
[2025-11-17 17:21:20][INFO][Rank 0] - train Epoch 12/24: 74.9% (1460/1948)
[2025-11-17 17:21:27][INFO][Rank 0] - train Epoch 12/24: 75.5% (1470/1948)
[2025-11-17 17:21:35][INFO][Rank 0] - train Epoch 12/24: 76.0% (1480/1948)
[2025-11-17 17:21:42][INFO][Rank 0] - train Epoch 12/24: 76.5% (1490/1948)
[2025-11-17 17:21:49][INFO][Rank 0] - train Epoch 12/24: 77.0% (1500/1948)
[2025-11-17 17:21:56][INFO][Rank 0] - train Epoch 12/24: 77.5% (1510/1948)
[2025-11-17 17:22:03][INFO][Rank 0] - train Epoch 12/24: 78.0% (1520/1948)
[2025-11-17 17:22:10][INFO][Rank 0] - train Epoch 12/24: 78.5% (1530/1948)
[2025-11-17 17:22:10][INFO][Rank 0] - CUDA Memory [train][Step 1530]: Device 0: Allocated: 3309.6 MB, Reserved: 117540.0 MB (Δ: +1687.0 MB)
[2025-11-17 17:22:17][INFO][Rank 0] - train Epoch 12/24: 79.1% (1540/1948)
[2025-11-17 17:22:24][INFO][Rank 0] - train Epoch 12/24: 79.6% (1550/1948)
[2025-11-17 17:22:31][INFO][Rank 0] - train Epoch 12/24: 80.1% (1560/1948)
[2025-11-17 17:22:38][INFO][Rank 0] - train Epoch 12/24: 80.6% (1570/1948)
[2025-11-17 17:22:45][INFO][Rank 0] - train Epoch 12/24: 81.1% (1580/1948)
[2025-11-17 17:22:52][INFO][Rank 0] - train Epoch 12/24: 81.6% (1590/1948)
[2025-11-17 17:22:59][INFO][Rank 0] - train Epoch 12/24: 82.1% (1600/1948)
[2025-11-17 17:23:06][INFO][Rank 0] - train Epoch 12/24: 82.6% (1610/1948)
[2025-11-17 17:23:13][INFO][Rank 0] - train Epoch 12/24: 83.2% (1620/1948)
[2025-11-17 17:23:14][INFO][Rank 0] - CUDA Memory [train][Step 1620]: Device 0: Allocated: 3309.6 MB, Reserved: 117540.0 MB (Δ: +1687.0 MB)
[2025-11-17 17:23:20][INFO][Rank 0] - train Epoch 12/24: 83.7% (1630/1948)
[2025-11-17 17:23:27][INFO][Rank 0] - train Epoch 12/24: 84.2% (1640/1948)
[2025-11-17 17:23:34][INFO][Rank 0] - train Epoch 12/24: 84.7% (1650/1948)
[2025-11-17 17:23:42][INFO][Rank 0] - train Epoch 12/24: 85.2% (1660/1948)
[2025-11-17 17:23:49][INFO][Rank 0] - train Epoch 12/24: 85.7% (1670/1948)
[2025-11-17 17:23:56][INFO][Rank 0] - train Epoch 12/24: 86.2% (1680/1948)
[2025-11-17 17:24:03][INFO][Rank 0] - train Epoch 12/24: 86.8% (1690/1948)
[2025-11-17 17:24:10][INFO][Rank 0] - train Epoch 12/24: 87.3% (1700/1948)
[2025-11-17 17:24:17][INFO][Rank 0] - train Epoch 12/24: 87.8% (1710/1948)
[2025-11-17 17:24:18][INFO][Rank 0] - CUDA Memory [train][Step 1710]: Device 0: Allocated: 3309.6 MB, Reserved: 117540.0 MB (Δ: +1687.0 MB)
[2025-11-17 17:24:24][INFO][Rank 0] - train Epoch 12/24: 88.3% (1720/1948)
[2025-11-17 17:24:31][INFO][Rank 0] - train Epoch 12/24: 88.8% (1730/1948)
[2025-11-17 17:24:38][INFO][Rank 0] - train Epoch 12/24: 89.3% (1740/1948)
[2025-11-17 17:24:45][INFO][Rank 0] - train Epoch 12/24: 89.8% (1750/1948)
[2025-11-17 17:24:52][INFO][Rank 0] - train Epoch 12/24: 90.3% (1760/1948)
[2025-11-17 17:24:59][INFO][Rank 0] - train Epoch 12/24: 90.9% (1770/1948)
[2025-11-17 17:25:06][INFO][Rank 0] - train Epoch 12/24: 91.4% (1780/1948)
[2025-11-17 17:25:13][INFO][Rank 0] - train Epoch 12/24: 91.9% (1790/1948)
[2025-11-17 17:25:20][INFO][Rank 0] - train Epoch 12/24: 92.4% (1800/1948)
[2025-11-17 17:25:21][INFO][Rank 0] - CUDA Memory [train][Step 1800]: Device 0: Allocated: 3309.6 MB, Reserved: 117540.0 MB (Δ: +1687.0 MB)
[2025-11-17 17:25:27][INFO][Rank 0] - train Epoch 12/24: 92.9% (1810/1948)
[2025-11-17 17:25:34][INFO][Rank 0] - train Epoch 12/24: 93.4% (1820/1948)
[2025-11-17 17:25:41][INFO][Rank 0] - train Epoch 12/24: 93.9% (1830/1948)
[2025-11-17 17:25:49][INFO][Rank 0] - train Epoch 12/24: 94.5% (1840/1948)
[2025-11-17 17:25:56][INFO][Rank 0] - train Epoch 12/24: 95.0% (1850/1948)
[2025-11-17 17:26:03][INFO][Rank 0] - train Epoch 12/24: 95.5% (1860/1948)
[2025-11-17 17:26:10][INFO][Rank 0] - train Epoch 12/24: 96.0% (1870/1948)
[2025-11-17 17:26:17][INFO][Rank 0] - train Epoch 12/24: 96.5% (1880/1948)
[2025-11-17 17:26:24][INFO][Rank 0] - train Epoch 12/24: 97.0% (1890/1948)
[2025-11-17 17:26:24][INFO][Rank 0] - CUDA Memory [train][Step 1890]: Device 0: Allocated: 3309.6 MB, Reserved: 117540.0 MB (Δ: +1687.0 MB)
[2025-11-17 17:26:31][INFO][Rank 0] - train Epoch 12/24: 97.5% (1900/1948)
[2025-11-17 17:26:38][INFO][Rank 0] - train Epoch 12/24: 98.0% (1910/1948)
[2025-11-17 17:26:45][INFO][Rank 0] - train Epoch 12/24: 98.6% (1920/1948)
[2025-11-17 17:26:52][INFO][Rank 0] - train Epoch 12/24: 99.1% (1930/1948)
[2025-11-17 17:26:59][INFO][Rank 0] - train Epoch 12/24: 99.6% (1940/1948)
[2025-11-17 17:27:04][INFO][Rank 0] - train Epoch 12/24: 99.9% (1947/1948)
[2025-11-17 17:27:05][INFO][Rank 0] - train Loss: 0.1602 Acc: 0.9715 F1: 0.9852
[2025-11-17 17:27:05][INFO][Rank 0] - train Balanced Acc: 0.8825 AUC-ROC: 0.9677
[2025-11-17 17:27:05][INFO][Rank 0] - train Sensitivity: 0.9761 Specificity: 0.7889
[2025-11-17 17:27:05][INFO][Rank 0] - train Confusion Matrix: TP=18539, FP=103, FN=453, TN=385
[2025-11-17 17:27:05][INFO][Rank 0] - train completed in 1374.01s
[2025-11-17 17:27:05][INFO][Rank 0] - Data loading time: 0.97s, Forward time: 279.66s, Backward time: 744.41s
[2025-11-17 17:27:05][INFO][Rank 0] - train cache: 0/1 items, hit rate: 0.00%
[2025-11-17 17:27:05][INFO][Rank 0] - CUDA Memory [val][Step 0]: Device 0: Allocated: 3309.6 MB, Reserved: 117540.0 MB (Δ: +1687.0 MB)
[2025-11-17 17:27:05][INFO][Rank 0] - val phase: total 406 batches
[2025-11-17 17:27:05][INFO][Rank 0] - val Epoch 12/24: 0.0% (0/406)
[2025-11-17 17:27:10][INFO][Rank 0] - val Epoch 12/24: 2.5% (10/406)
[2025-11-17 17:27:15][INFO][Rank 0] - val Epoch 12/24: 4.9% (20/406)
[2025-11-17 17:27:20][INFO][Rank 0] - val Epoch 12/24: 7.4% (30/406)
[2025-11-17 17:27:25][INFO][Rank 0] - val Epoch 12/24: 9.9% (40/406)
[2025-11-17 17:27:30][INFO][Rank 0] - val Epoch 12/24: 12.3% (50/406)
[2025-11-17 17:27:35][INFO][Rank 0] - val Epoch 12/24: 14.8% (60/406)
[2025-11-17 17:27:40][INFO][Rank 0] - val Epoch 12/24: 17.2% (70/406)
[2025-11-17 17:27:45][INFO][Rank 0] - val Epoch 12/24: 19.7% (80/406)
[2025-11-17 17:27:50][INFO][Rank 0] - val Epoch 12/24: 22.2% (90/406)
[2025-11-17 17:27:55][INFO][Rank 0] - val Epoch 12/24: 24.6% (100/406)
[2025-11-17 17:28:00][INFO][Rank 0] - val Epoch 12/24: 27.1% (110/406)
[2025-11-17 17:28:05][INFO][Rank 0] - val Epoch 12/24: 29.6% (120/406)
[2025-11-17 17:28:06][INFO][Rank 0] - CUDA Memory [val][Step 120]: Device 0: Allocated: 3309.6 MB, Reserved: 117540.0 MB (Δ: +1687.0 MB)
[2025-11-17 17:28:10][INFO][Rank 0] - val Epoch 12/24: 32.0% (130/406)
[2025-11-17 17:28:16][INFO][Rank 0] - val Epoch 12/24: 34.5% (140/406)
[2025-11-17 17:28:21][INFO][Rank 0] - val Epoch 12/24: 36.9% (150/406)
[2025-11-17 17:28:26][INFO][Rank 0] - val Epoch 12/24: 39.4% (160/406)
[2025-11-17 17:28:31][INFO][Rank 0] - val Epoch 12/24: 41.9% (170/406)
[2025-11-17 17:28:36][INFO][Rank 0] - val Epoch 12/24: 44.3% (180/406)
[2025-11-17 17:28:41][INFO][Rank 0] - val Epoch 12/24: 46.8% (190/406)
[2025-11-17 17:28:46][INFO][Rank 0] - val Epoch 12/24: 49.3% (200/406)
[2025-11-17 17:28:51][INFO][Rank 0] - val Epoch 12/24: 51.7% (210/406)
[2025-11-17 17:28:56][INFO][Rank 0] - val Epoch 12/24: 54.2% (220/406)
[2025-11-17 17:29:01][INFO][Rank 0] - val Epoch 12/24: 56.7% (230/406)
[2025-11-17 17:29:06][INFO][Rank 0] - val Epoch 12/24: 59.1% (240/406)
[2025-11-17 17:29:06][INFO][Rank 0] - CUDA Memory [val][Step 240]: Device 0: Allocated: 3309.6 MB, Reserved: 117540.0 MB (Δ: +1687.0 MB)
[2025-11-17 17:29:11][INFO][Rank 0] - val Epoch 12/24: 61.6% (250/406)
[2025-11-17 17:29:16][INFO][Rank 0] - val Epoch 12/24: 64.0% (260/406)
[2025-11-17 17:29:21][INFO][Rank 0] - val Epoch 12/24: 66.5% (270/406)
[2025-11-17 17:29:26][INFO][Rank 0] - val Epoch 12/24: 69.0% (280/406)
[2025-11-17 17:29:31][INFO][Rank 0] - val Epoch 12/24: 71.4% (290/406)
[2025-11-17 17:29:36][INFO][Rank 0] - val Epoch 12/24: 73.9% (300/406)
[2025-11-17 17:29:41][INFO][Rank 0] - val Epoch 12/24: 76.4% (310/406)
[2025-11-17 17:29:46][INFO][Rank 0] - val Epoch 12/24: 78.8% (320/406)
[2025-11-17 17:29:51][INFO][Rank 0] - val Epoch 12/24: 81.3% (330/406)
[2025-11-17 17:29:56][INFO][Rank 0] - val Epoch 12/24: 83.7% (340/406)
[2025-11-17 17:30:01][INFO][Rank 0] - val Epoch 12/24: 86.2% (350/406)
[2025-11-17 17:30:06][INFO][Rank 0] - val Epoch 12/24: 88.7% (360/406)
[2025-11-17 17:30:07][INFO][Rank 0] - CUDA Memory [val][Step 360]: Device 0: Allocated: 3309.6 MB, Reserved: 117540.0 MB (Δ: +1687.0 MB)
[2025-11-17 17:30:11][INFO][Rank 0] - val Epoch 12/24: 91.1% (370/406)
[2025-11-17 17:30:16][INFO][Rank 0] - val Epoch 12/24: 93.6% (380/406)
[2025-11-17 17:30:21][INFO][Rank 0] - val Epoch 12/24: 96.1% (390/406)
[2025-11-17 17:30:26][INFO][Rank 0] - val Epoch 12/24: 98.5% (400/406)
[2025-11-17 17:30:29][INFO][Rank 0] - val Epoch 12/24: 99.8% (405/406)
[2025-11-17 17:30:29][INFO][Rank 0] - val Loss: 0.1093 Acc: 0.9709 F1: 0.9849
[2025-11-17 17:30:29][INFO][Rank 0] - val Balanced Acc: 0.8995 AUC-ROC: 0.9799
[2025-11-17 17:30:29][INFO][Rank 0] - val Sensitivity: 0.9749 Specificity: 0.8241
[2025-11-17 17:30:29][INFO][Rank 0] - val Confusion Matrix: TP=3853, FP=19, FN=99, TN=89
[2025-11-17 17:30:29][INFO][Rank 0] - val completed in 204.60s
[2025-11-17 17:30:29][INFO][Rank 0] - val cache: 0/1 items, hit rate: 0.00%
[2025-11-17 17:30:33][INFO][Rank 0] - Saved new best auc model with auc: 0.9799 at /projects/retprogression/rgarridogarcia/checkpoints/cropped1024_cropped_centered_allR_3/best_auc_model.pth
[2025-11-17 17:30:37][INFO][Rank 0] - Saved epoch checkpoint at /projects/retprogression/rgarridogarcia/checkpoints/cropped1024_cropped_centered_allR_3/epoch_12.pth
[2025-11-17 17:30:37][INFO][Rank 0] - Epoch 12 summary:
[2025-11-17 17:30:37][INFO][Rank 0] -  Train Loss: 0.1602, Train Acc: 0.9715, Train F1: 0.9852
[2025-11-17 17:30:37][INFO][Rank 0] -  Train Balanced Acc: 0.8825, Train AUC: 0.9677
[2025-11-17 17:30:37][INFO][Rank 0] -  Train Sensitivity: 0.9761, Train Specificity: 0.7889
[2025-11-17 17:30:37][INFO][Rank 0] -  Val Loss: 0.1093, Val Acc: 0.9709, Val F1: 0.9849
[2025-11-17 17:30:37][INFO][Rank 0] -  Val Balanced Acc: 0.8995, Val AUC: 0.9799
[2025-11-17 17:30:37][INFO][Rank 0] -  Val Sensitivity: 0.9749, Val Specificity: 0.8241
[2025-11-17 17:30:37][INFO][Rank 0] -  Total Epoch Time: 1586.47s
[2025-11-17 17:30:37][INFO][Rank 0] - Epoch 13/24
[2025-11-17 17:30:37][INFO][Rank 0] - ----------
[2025-11-17 17:30:37][INFO][Rank 0] - CUDA Memory [train][Step 0]: Device 0: Allocated: 3309.6 MB, Reserved: 117540.0 MB (Δ: +1687.0 MB)
[2025-11-17 17:30:37][INFO][Rank 0] - train phase: total 1948 batches
[2025-11-17 17:30:38][INFO][Rank 0] - train Epoch 13/24: 0.0% (0/1948)
[2025-11-17 17:30:45][INFO][Rank 0] - train Epoch 13/24: 0.5% (10/1948)
[2025-11-17 17:30:52][INFO][Rank 0] - train Epoch 13/24: 1.0% (20/1948)
[2025-11-17 17:30:59][INFO][Rank 0] - train Epoch 13/24: 1.5% (30/1948)
[2025-11-17 17:31:06][INFO][Rank 0] - train Epoch 13/24: 2.1% (40/1948)
[2025-11-17 17:31:13][INFO][Rank 0] - train Epoch 13/24: 2.6% (50/1948)
[2025-11-17 17:31:20][INFO][Rank 0] - train Epoch 13/24: 3.1% (60/1948)
[2025-11-17 17:31:27][INFO][Rank 0] - train Epoch 13/24: 3.6% (70/1948)
[2025-11-17 17:31:34][INFO][Rank 0] - train Epoch 13/24: 4.1% (80/1948)
[2025-11-17 17:31:41][INFO][Rank 0] - train Epoch 13/24: 4.6% (90/1948)
[2025-11-17 17:31:42][INFO][Rank 0] - CUDA Memory [train][Step 90]: Device 0: Allocated: 3309.6 MB, Reserved: 117540.0 MB (Δ: +1687.0 MB)
[2025-11-17 17:31:48][INFO][Rank 0] - train Epoch 13/24: 5.1% (100/1948)
[2025-11-17 17:31:55][INFO][Rank 0] - train Epoch 13/24: 5.6% (110/1948)
[2025-11-17 17:32:02][INFO][Rank 0] - train Epoch 13/24: 6.2% (120/1948)
[2025-11-17 17:32:09][INFO][Rank 0] - train Epoch 13/24: 6.7% (130/1948)
[2025-11-17 17:32:16][INFO][Rank 0] - train Epoch 13/24: 7.2% (140/1948)
[2025-11-17 17:32:23][INFO][Rank 0] - train Epoch 13/24: 7.7% (150/1948)
[2025-11-17 17:32:31][INFO][Rank 0] - train Epoch 13/24: 8.2% (160/1948)
[2025-11-17 17:32:38][INFO][Rank 0] - train Epoch 13/24: 8.7% (170/1948)
[2025-11-17 17:32:45][INFO][Rank 0] - train Epoch 13/24: 9.2% (180/1948)
[2025-11-17 17:32:45][INFO][Rank 0] - CUDA Memory [train][Step 180]: Device 0: Allocated: 3309.6 MB, Reserved: 117540.0 MB (Δ: +1687.0 MB)
[2025-11-17 17:32:52][INFO][Rank 0] - train Epoch 13/24: 9.8% (190/1948)
[2025-11-17 17:32:59][INFO][Rank 0] - train Epoch 13/24: 10.3% (200/1948)
[2025-11-17 17:33:06][INFO][Rank 0] - train Epoch 13/24: 10.8% (210/1948)
[2025-11-17 17:33:13][INFO][Rank 0] - train Epoch 13/24: 11.3% (220/1948)
[2025-11-17 17:33:20][INFO][Rank 0] - train Epoch 13/24: 11.8% (230/1948)
[2025-11-17 17:33:27][INFO][Rank 0] - train Epoch 13/24: 12.3% (240/1948)
[2025-11-17 17:33:34][INFO][Rank 0] - train Epoch 13/24: 12.8% (250/1948)
[2025-11-17 17:33:41][INFO][Rank 0] - train Epoch 13/24: 13.3% (260/1948)
[2025-11-17 17:33:48][INFO][Rank 0] - train Epoch 13/24: 13.9% (270/1948)
[2025-11-17 17:33:49][INFO][Rank 0] - CUDA Memory [train][Step 270]: Device 0: Allocated: 3309.6 MB, Reserved: 117540.0 MB (Δ: +1687.0 MB)
[2025-11-17 17:33:55][INFO][Rank 0] - train Epoch 13/24: 14.4% (280/1948)
[2025-11-17 17:34:02][INFO][Rank 0] - train Epoch 13/24: 14.9% (290/1948)
[2025-11-17 17:34:09][INFO][Rank 0] - train Epoch 13/24: 15.4% (300/1948)
[2025-11-17 17:34:16][INFO][Rank 0] - train Epoch 13/24: 15.9% (310/1948)
[2025-11-17 17:34:23][INFO][Rank 0] - train Epoch 13/24: 16.4% (320/1948)
[2025-11-17 17:34:31][INFO][Rank 0] - train Epoch 13/24: 16.9% (330/1948)
[2025-11-17 17:34:38][INFO][Rank 0] - train Epoch 13/24: 17.5% (340/1948)
[2025-11-17 17:34:45][INFO][Rank 0] - train Epoch 13/24: 18.0% (350/1948)
[2025-11-17 17:34:52][INFO][Rank 0] - train Epoch 13/24: 18.5% (360/1948)
[2025-11-17 17:34:52][INFO][Rank 0] - CUDA Memory [train][Step 360]: Device 0: Allocated: 3309.6 MB, Reserved: 117540.0 MB (Δ: +1687.0 MB)
[2025-11-17 17:34:59][INFO][Rank 0] - train Epoch 13/24: 19.0% (370/1948)
[2025-11-17 17:35:06][INFO][Rank 0] - train Epoch 13/24: 19.5% (380/1948)
[2025-11-17 17:35:13][INFO][Rank 0] - train Epoch 13/24: 20.0% (390/1948)
[2025-11-17 17:35:20][INFO][Rank 0] - train Epoch 13/24: 20.5% (400/1948)
[2025-11-17 17:35:27][INFO][Rank 0] - train Epoch 13/24: 21.0% (410/1948)
[2025-11-17 17:35:34][INFO][Rank 0] - train Epoch 13/24: 21.6% (420/1948)
[2025-11-17 17:35:41][INFO][Rank 0] - train Epoch 13/24: 22.1% (430/1948)
[2025-11-17 17:35:48][INFO][Rank 0] - train Epoch 13/24: 22.6% (440/1948)
[2025-11-17 17:35:55][INFO][Rank 0] - train Epoch 13/24: 23.1% (450/1948)
[2025-11-17 17:35:56][INFO][Rank 0] - CUDA Memory [train][Step 450]: Device 0: Allocated: 3309.6 MB, Reserved: 117540.0 MB (Δ: +1687.0 MB)
[2025-11-17 17:36:02][INFO][Rank 0] - train Epoch 13/24: 23.6% (460/1948)
[2025-11-17 17:36:09][INFO][Rank 0] - train Epoch 13/24: 24.1% (470/1948)
[2025-11-17 17:36:16][INFO][Rank 0] - train Epoch 13/24: 24.6% (480/1948)
[2025-11-17 17:36:23][INFO][Rank 0] - train Epoch 13/24: 25.2% (490/1948)
[2025-11-17 17:36:31][INFO][Rank 0] - train Epoch 13/24: 25.7% (500/1948)
[2025-11-17 17:36:38][INFO][Rank 0] - train Epoch 13/24: 26.2% (510/1948)
[2025-11-17 17:36:45][INFO][Rank 0] - train Epoch 13/24: 26.7% (520/1948)
[2025-11-17 17:36:52][INFO][Rank 0] - train Epoch 13/24: 27.2% (530/1948)
[2025-11-17 17:36:59][INFO][Rank 0] - train Epoch 13/24: 27.7% (540/1948)
[2025-11-17 17:36:59][INFO][Rank 0] - CUDA Memory [train][Step 540]: Device 0: Allocated: 3309.6 MB, Reserved: 117540.0 MB (Δ: +1687.0 MB)
[2025-11-17 17:37:06][INFO][Rank 0] - train Epoch 13/24: 28.2% (550/1948)
[2025-11-17 17:37:13][INFO][Rank 0] - train Epoch 13/24: 28.7% (560/1948)
[2025-11-17 17:37:20][INFO][Rank 0] - train Epoch 13/24: 29.3% (570/1948)
[2025-11-17 17:37:27][INFO][Rank 0] - train Epoch 13/24: 29.8% (580/1948)
[2025-11-17 17:37:34][INFO][Rank 0] - train Epoch 13/24: 30.3% (590/1948)
[2025-11-17 17:37:41][INFO][Rank 0] - train Epoch 13/24: 30.8% (600/1948)
[2025-11-17 17:37:48][INFO][Rank 0] - train Epoch 13/24: 31.3% (610/1948)
[2025-11-17 17:37:55][INFO][Rank 0] - train Epoch 13/24: 31.8% (620/1948)
[2025-11-17 17:38:02][INFO][Rank 0] - train Epoch 13/24: 32.3% (630/1948)
[2025-11-17 17:38:03][INFO][Rank 0] - CUDA Memory [train][Step 630]: Device 0: Allocated: 3309.6 MB, Reserved: 117540.0 MB (Δ: +1687.0 MB)
[2025-11-17 17:38:09][INFO][Rank 0] - train Epoch 13/24: 32.9% (640/1948)
[2025-11-17 17:38:16][INFO][Rank 0] - train Epoch 13/24: 33.4% (650/1948)
[2025-11-17 17:38:23][INFO][Rank 0] - train Epoch 13/24: 33.9% (660/1948)
[2025-11-17 17:38:31][INFO][Rank 0] - train Epoch 13/24: 34.4% (670/1948)
[2025-11-17 17:38:38][INFO][Rank 0] - train Epoch 13/24: 34.9% (680/1948)
[2025-11-17 17:38:45][INFO][Rank 0] - train Epoch 13/24: 35.4% (690/1948)
[2025-11-17 17:38:52][INFO][Rank 0] - train Epoch 13/24: 35.9% (700/1948)
[2025-11-17 17:38:59][INFO][Rank 0] - train Epoch 13/24: 36.4% (710/1948)
[2025-11-17 17:39:06][INFO][Rank 0] - train Epoch 13/24: 37.0% (720/1948)
[2025-11-17 17:39:07][INFO][Rank 0] - CUDA Memory [train][Step 720]: Device 0: Allocated: 3309.6 MB, Reserved: 117540.0 MB (Δ: +1687.0 MB)
[2025-11-17 17:39:13][INFO][Rank 0] - train Epoch 13/24: 37.5% (730/1948)
[2025-11-17 17:39:20][INFO][Rank 0] - train Epoch 13/24: 38.0% (740/1948)
[2025-11-17 17:39:27][INFO][Rank 0] - train Epoch 13/24: 38.5% (750/1948)
[2025-11-17 17:39:34][INFO][Rank 0] - train Epoch 13/24: 39.0% (760/1948)
[2025-11-17 17:39:41][INFO][Rank 0] - train Epoch 13/24: 39.5% (770/1948)
[2025-11-17 17:39:48][INFO][Rank 0] - train Epoch 13/24: 40.0% (780/1948)
[2025-11-17 17:39:55][INFO][Rank 0] - train Epoch 13/24: 40.6% (790/1948)
[2025-11-17 17:40:02][INFO][Rank 0] - train Epoch 13/24: 41.1% (800/1948)
[2025-11-17 17:40:09][INFO][Rank 0] - train Epoch 13/24: 41.6% (810/1948)
[2025-11-17 17:40:10][INFO][Rank 0] - CUDA Memory [train][Step 810]: Device 0: Allocated: 3309.6 MB, Reserved: 117540.0 MB (Δ: +1687.0 MB)
[2025-11-17 17:40:16][INFO][Rank 0] - train Epoch 13/24: 42.1% (820/1948)
[2025-11-17 17:40:23][INFO][Rank 0] - train Epoch 13/24: 42.6% (830/1948)
[2025-11-17 17:40:31][INFO][Rank 0] - train Epoch 13/24: 43.1% (840/1948)
[2025-11-17 17:40:38][INFO][Rank 0] - train Epoch 13/24: 43.6% (850/1948)
[2025-11-17 17:40:45][INFO][Rank 0] - train Epoch 13/24: 44.1% (860/1948)
[2025-11-17 17:40:52][INFO][Rank 0] - train Epoch 13/24: 44.7% (870/1948)
[2025-11-17 17:40:59][INFO][Rank 0] - train Epoch 13/24: 45.2% (880/1948)
[2025-11-17 17:41:06][INFO][Rank 0] - train Epoch 13/24: 45.7% (890/1948)
[2025-11-17 17:41:13][INFO][Rank 0] - train Epoch 13/24: 46.2% (900/1948)
[2025-11-17 17:41:14][INFO][Rank 0] - CUDA Memory [train][Step 900]: Device 0: Allocated: 3309.6 MB, Reserved: 117540.0 MB (Δ: +1687.0 MB)
[2025-11-17 17:41:20][INFO][Rank 0] - train Epoch 13/24: 46.7% (910/1948)
[2025-11-17 17:41:27][INFO][Rank 0] - train Epoch 13/24: 47.2% (920/1948)
[2025-11-17 17:41:34][INFO][Rank 0] - train Epoch 13/24: 47.7% (930/1948)
[2025-11-17 17:41:41][INFO][Rank 0] - train Epoch 13/24: 48.3% (940/1948)
[2025-11-17 17:41:48][INFO][Rank 0] - train Epoch 13/24: 48.8% (950/1948)
[2025-11-17 17:41:55][INFO][Rank 0] - train Epoch 13/24: 49.3% (960/1948)
[2025-11-17 17:42:02][INFO][Rank 0] - train Epoch 13/24: 49.8% (970/1948)
[2025-11-17 17:42:09][INFO][Rank 0] - train Epoch 13/24: 50.3% (980/1948)
[2025-11-17 17:42:16][INFO][Rank 0] - train Epoch 13/24: 50.8% (990/1948)
[2025-11-17 17:42:17][INFO][Rank 0] - CUDA Memory [train][Step 990]: Device 0: Allocated: 3309.6 MB, Reserved: 117540.0 MB (Δ: +1687.0 MB)
[2025-11-17 17:42:24][INFO][Rank 0] - train Epoch 13/24: 51.3% (1000/1948)
[2025-11-17 17:42:31][INFO][Rank 0] - train Epoch 13/24: 51.8% (1010/1948)
[2025-11-17 17:42:38][INFO][Rank 0] - train Epoch 13/24: 52.4% (1020/1948)
[2025-11-17 17:42:45][INFO][Rank 0] - train Epoch 13/24: 52.9% (1030/1948)
[2025-11-17 17:42:52][INFO][Rank 0] - train Epoch 13/24: 53.4% (1040/1948)
[2025-11-17 17:42:59][INFO][Rank 0] - train Epoch 13/24: 53.9% (1050/1948)
[2025-11-17 17:43:06][INFO][Rank 0] - train Epoch 13/24: 54.4% (1060/1948)
[2025-11-17 17:43:13][INFO][Rank 0] - train Epoch 13/24: 54.9% (1070/1948)
[2025-11-17 17:43:20][INFO][Rank 0] - train Epoch 13/24: 55.4% (1080/1948)
[2025-11-17 17:43:21][INFO][Rank 0] - CUDA Memory [train][Step 1080]: Device 0: Allocated: 3309.6 MB, Reserved: 117540.0 MB (Δ: +1687.0 MB)
[2025-11-17 17:43:27][INFO][Rank 0] - train Epoch 13/24: 56.0% (1090/1948)
[2025-11-17 17:43:34][INFO][Rank 0] - train Epoch 13/24: 56.5% (1100/1948)
[2025-11-17 17:43:41][INFO][Rank 0] - train Epoch 13/24: 57.0% (1110/1948)
[2025-11-17 17:43:48][INFO][Rank 0] - train Epoch 13/24: 57.5% (1120/1948)
[2025-11-17 17:43:55][INFO][Rank 0] - train Epoch 13/24: 58.0% (1130/1948)
[2025-11-17 17:44:02][INFO][Rank 0] - train Epoch 13/24: 58.5% (1140/1948)
[2025-11-17 17:44:09][INFO][Rank 0] - train Epoch 13/24: 59.0% (1150/1948)
[2025-11-17 17:44:16][INFO][Rank 0] - train Epoch 13/24: 59.5% (1160/1948)
[2025-11-17 17:44:24][INFO][Rank 0] - train Epoch 13/24: 60.1% (1170/1948)
[2025-11-17 17:44:24][INFO][Rank 0] - CUDA Memory [train][Step 1170]: Device 0: Allocated: 3309.6 MB, Reserved: 117540.0 MB (Δ: +1687.0 MB)
[2025-11-17 17:44:31][INFO][Rank 0] - train Epoch 13/24: 60.6% (1180/1948)
[2025-11-17 17:44:38][INFO][Rank 0] - train Epoch 13/24: 61.1% (1190/1948)
[2025-11-17 17:44:45][INFO][Rank 0] - train Epoch 13/24: 61.6% (1200/1948)
[2025-11-17 17:44:52][INFO][Rank 0] - train Epoch 13/24: 62.1% (1210/1948)
[2025-11-17 17:44:59][INFO][Rank 0] - train Epoch 13/24: 62.6% (1220/1948)
[2025-11-17 17:45:06][INFO][Rank 0] - train Epoch 13/24: 63.1% (1230/1948)
[2025-11-17 17:45:13][INFO][Rank 0] - train Epoch 13/24: 63.7% (1240/1948)
[2025-11-17 17:45:20][INFO][Rank 0] - train Epoch 13/24: 64.2% (1250/1948)
[2025-11-17 17:45:27][INFO][Rank 0] - train Epoch 13/24: 64.7% (1260/1948)
[2025-11-17 17:45:28][INFO][Rank 0] - CUDA Memory [train][Step 1260]: Device 0: Allocated: 3309.6 MB, Reserved: 117540.0 MB (Δ: +1687.0 MB)
[2025-11-17 17:45:34][INFO][Rank 0] - train Epoch 13/24: 65.2% (1270/1948)
[2025-11-17 17:45:41][INFO][Rank 0] - train Epoch 13/24: 65.7% (1280/1948)
[2025-11-17 17:45:48][INFO][Rank 0] - train Epoch 13/24: 66.2% (1290/1948)
[2025-11-17 17:45:55][INFO][Rank 0] - train Epoch 13/24: 66.7% (1300/1948)
[2025-11-17 17:46:02][INFO][Rank 0] - train Epoch 13/24: 67.2% (1310/1948)
[2025-11-17 17:46:09][INFO][Rank 0] - train Epoch 13/24: 67.8% (1320/1948)
[2025-11-17 17:46:17][INFO][Rank 0] - train Epoch 13/24: 68.3% (1330/1948)
[2025-11-17 17:46:24][INFO][Rank 0] - train Epoch 13/24: 68.8% (1340/1948)
[2025-11-17 17:46:31][INFO][Rank 0] - train Epoch 13/24: 69.3% (1350/1948)
[2025-11-17 17:46:31][INFO][Rank 0] - CUDA Memory [train][Step 1350]: Device 0: Allocated: 3309.6 MB, Reserved: 117540.0 MB (Δ: +1687.0 MB)
[2025-11-17 17:46:38][INFO][Rank 0] - train Epoch 13/24: 69.8% (1360/1948)
[2025-11-17 17:46:45][INFO][Rank 0] - train Epoch 13/24: 70.3% (1370/1948)
[2025-11-17 17:46:52][INFO][Rank 0] - train Epoch 13/24: 70.8% (1380/1948)
[2025-11-17 17:46:59][INFO][Rank 0] - train Epoch 13/24: 71.4% (1390/1948)
[2025-11-17 17:47:06][INFO][Rank 0] - train Epoch 13/24: 71.9% (1400/1948)
[2025-11-17 17:47:13][INFO][Rank 0] - train Epoch 13/24: 72.4% (1410/1948)
[2025-11-17 17:47:20][INFO][Rank 0] - train Epoch 13/24: 72.9% (1420/1948)
[2025-11-17 17:47:27][INFO][Rank 0] - train Epoch 13/24: 73.4% (1430/1948)
[2025-11-17 17:47:34][INFO][Rank 0] - train Epoch 13/24: 73.9% (1440/1948)
[2025-11-17 17:47:35][INFO][Rank 0] - CUDA Memory [train][Step 1440]: Device 0: Allocated: 3309.6 MB, Reserved: 117540.0 MB (Δ: +1687.0 MB)
[2025-11-17 17:47:41][INFO][Rank 0] - train Epoch 13/24: 74.4% (1450/1948)
[2025-11-17 17:47:48][INFO][Rank 0] - train Epoch 13/24: 74.9% (1460/1948)
[2025-11-17 17:47:55][INFO][Rank 0] - train Epoch 13/24: 75.5% (1470/1948)
[2025-11-17 17:48:02][INFO][Rank 0] - train Epoch 13/24: 76.0% (1480/1948)
[2025-11-17 17:48:09][INFO][Rank 0] - train Epoch 13/24: 76.5% (1490/1948)
[2025-11-17 17:48:17][INFO][Rank 0] - train Epoch 13/24: 77.0% (1500/1948)
[2025-11-17 17:48:24][INFO][Rank 0] - train Epoch 13/24: 77.5% (1510/1948)
[2025-11-17 17:48:31][INFO][Rank 0] - train Epoch 13/24: 78.0% (1520/1948)
[2025-11-17 17:48:38][INFO][Rank 0] - train Epoch 13/24: 78.5% (1530/1948)
[2025-11-17 17:48:38][INFO][Rank 0] - CUDA Memory [train][Step 1530]: Device 0: Allocated: 3309.6 MB, Reserved: 117540.0 MB (Δ: +1687.0 MB)
[2025-11-17 17:48:45][INFO][Rank 0] - train Epoch 13/24: 79.1% (1540/1948)
[2025-11-17 17:48:52][INFO][Rank 0] - train Epoch 13/24: 79.6% (1550/1948)
[2025-11-17 17:48:59][INFO][Rank 0] - train Epoch 13/24: 80.1% (1560/1948)
[2025-11-17 17:49:06][INFO][Rank 0] - train Epoch 13/24: 80.6% (1570/1948)
[2025-11-17 17:49:13][INFO][Rank 0] - train Epoch 13/24: 81.1% (1580/1948)
[2025-11-17 17:49:20][INFO][Rank 0] - train Epoch 13/24: 81.6% (1590/1948)
[2025-11-17 17:49:27][INFO][Rank 0] - train Epoch 13/24: 82.1% (1600/1948)
[2025-11-17 17:49:34][INFO][Rank 0] - train Epoch 13/24: 82.6% (1610/1948)
[2025-11-17 17:49:41][INFO][Rank 0] - train Epoch 13/24: 83.2% (1620/1948)
[2025-11-17 17:49:42][INFO][Rank 0] - CUDA Memory [train][Step 1620]: Device 0: Allocated: 3309.6 MB, Reserved: 117540.0 MB (Δ: +1687.0 MB)
[2025-11-17 17:49:48][INFO][Rank 0] - train Epoch 13/24: 83.7% (1630/1948)
[2025-11-17 17:49:55][INFO][Rank 0] - train Epoch 13/24: 84.2% (1640/1948)
[2025-11-17 17:50:02][INFO][Rank 0] - train Epoch 13/24: 84.7% (1650/1948)
[2025-11-17 17:50:10][INFO][Rank 0] - train Epoch 13/24: 85.2% (1660/1948)
[2025-11-17 17:50:17][INFO][Rank 0] - train Epoch 13/24: 85.7% (1670/1948)
[2025-11-17 17:50:24][INFO][Rank 0] - train Epoch 13/24: 86.2% (1680/1948)
[2025-11-17 17:50:31][INFO][Rank 0] - train Epoch 13/24: 86.8% (1690/1948)
[2025-11-17 17:50:38][INFO][Rank 0] - train Epoch 13/24: 87.3% (1700/1948)
[2025-11-17 17:50:45][INFO][Rank 0] - train Epoch 13/24: 87.8% (1710/1948)
[2025-11-17 17:50:46][INFO][Rank 0] - CUDA Memory [train][Step 1710]: Device 0: Allocated: 3309.6 MB, Reserved: 117540.0 MB (Δ: +1687.0 MB)
[2025-11-17 17:50:52][INFO][Rank 0] - train Epoch 13/24: 88.3% (1720/1948)
[2025-11-17 17:50:59][INFO][Rank 0] - train Epoch 13/24: 88.8% (1730/1948)
[2025-11-17 17:51:06][INFO][Rank 0] - train Epoch 13/24: 89.3% (1740/1948)
[2025-11-17 17:51:13][INFO][Rank 0] - train Epoch 13/24: 89.8% (1750/1948)
[2025-11-17 17:51:20][INFO][Rank 0] - train Epoch 13/24: 90.3% (1760/1948)
[2025-11-17 17:51:27][INFO][Rank 0] - train Epoch 13/24: 90.9% (1770/1948)
[2025-11-17 17:51:34][INFO][Rank 0] - train Epoch 13/24: 91.4% (1780/1948)
[2025-11-17 17:51:41][INFO][Rank 0] - train Epoch 13/24: 91.9% (1790/1948)
[2025-11-17 17:51:48][INFO][Rank 0] - train Epoch 13/24: 92.4% (1800/1948)
[2025-11-17 17:51:49][INFO][Rank 0] - CUDA Memory [train][Step 1800]: Device 0: Allocated: 3309.6 MB, Reserved: 117540.0 MB (Δ: +1687.0 MB)
[2025-11-17 17:51:55][INFO][Rank 0] - train Epoch 13/24: 92.9% (1810/1948)
[2025-11-17 17:52:02][INFO][Rank 0] - train Epoch 13/24: 93.4% (1820/1948)
[2025-11-17 17:52:10][INFO][Rank 0] - train Epoch 13/24: 93.9% (1830/1948)
[2025-11-17 17:52:17][INFO][Rank 0] - train Epoch 13/24: 94.5% (1840/1948)
[2025-11-17 17:52:24][INFO][Rank 0] - train Epoch 13/24: 95.0% (1850/1948)
[2025-11-17 17:52:31][INFO][Rank 0] - train Epoch 13/24: 95.5% (1860/1948)
[2025-11-17 17:52:38][INFO][Rank 0] - train Epoch 13/24: 96.0% (1870/1948)
[2025-11-17 17:52:45][INFO][Rank 0] - train Epoch 13/24: 96.5% (1880/1948)
[2025-11-17 17:52:52][INFO][Rank 0] - train Epoch 13/24: 97.0% (1890/1948)
[2025-11-17 17:52:53][INFO][Rank 0] - CUDA Memory [train][Step 1890]: Device 0: Allocated: 3309.6 MB, Reserved: 117540.0 MB (Δ: +1687.0 MB)
[2025-11-17 17:52:59][INFO][Rank 0] - train Epoch 13/24: 97.5% (1900/1948)
[2025-11-17 17:53:06][INFO][Rank 0] - train Epoch 13/24: 98.0% (1910/1948)
[2025-11-17 17:53:13][INFO][Rank 0] - train Epoch 13/24: 98.6% (1920/1948)
[2025-11-17 17:53:20][INFO][Rank 0] - train Epoch 13/24: 99.1% (1930/1948)
[2025-11-17 17:53:27][INFO][Rank 0] - train Epoch 13/24: 99.6% (1940/1948)
[2025-11-17 17:53:32][INFO][Rank 0] - train Epoch 13/24: 99.9% (1947/1948)
[2025-11-17 17:53:33][INFO][Rank 0] - train Loss: 0.1603 Acc: 0.9713 F1: 0.9851
[2025-11-17 17:53:33][INFO][Rank 0] - train Balanced Acc: 0.8804 AUC-ROC: 0.9694
[2025-11-17 17:53:33][INFO][Rank 0] - train Sensitivity: 0.9760 Specificity: 0.7848
[2025-11-17 17:53:33][INFO][Rank 0] - train Confusion Matrix: TP=18537, FP=105, FN=455, TN=383
[2025-11-17 17:53:33][INFO][Rank 0] - train completed in 1375.69s
[2025-11-17 17:53:33][INFO][Rank 0] - Data loading time: 1.09s, Forward time: 279.88s, Backward time: 745.41s
[2025-11-17 17:53:33][INFO][Rank 0] - train cache: 0/1 items, hit rate: 0.00%
[2025-11-17 17:53:33][INFO][Rank 0] - CUDA Memory [val][Step 0]: Device 0: Allocated: 3309.6 MB, Reserved: 117540.0 MB (Δ: +1687.0 MB)
[2025-11-17 17:53:33][INFO][Rank 0] - val phase: total 406 batches
[2025-11-17 17:53:33][INFO][Rank 0] - val Epoch 13/24: 0.0% (0/406)
[2025-11-17 17:53:38][INFO][Rank 0] - val Epoch 13/24: 2.5% (10/406)
[2025-11-17 17:53:43][INFO][Rank 0] - val Epoch 13/24: 4.9% (20/406)
[2025-11-17 17:53:48][INFO][Rank 0] - val Epoch 13/24: 7.4% (30/406)
[2025-11-17 17:53:53][INFO][Rank 0] - val Epoch 13/24: 9.9% (40/406)
[2025-11-17 17:53:58][INFO][Rank 0] - val Epoch 13/24: 12.3% (50/406)
[2025-11-17 17:54:03][INFO][Rank 0] - val Epoch 13/24: 14.8% (60/406)
[2025-11-17 17:54:08][INFO][Rank 0] - val Epoch 13/24: 17.2% (70/406)
[2025-11-17 17:54:13][INFO][Rank 0] - val Epoch 13/24: 19.7% (80/406)
[2025-11-17 17:54:18][INFO][Rank 0] - val Epoch 13/24: 22.2% (90/406)
[2025-11-17 17:54:23][INFO][Rank 0] - val Epoch 13/24: 24.6% (100/406)
[2025-11-17 17:54:28][INFO][Rank 0] - val Epoch 13/24: 27.1% (110/406)
[2025-11-17 17:54:33][INFO][Rank 0] - val Epoch 13/24: 29.6% (120/406)
[2025-11-17 17:54:34][INFO][Rank 0] - CUDA Memory [val][Step 120]: Device 0: Allocated: 3309.6 MB, Reserved: 117540.0 MB (Δ: +1687.0 MB)
[2025-11-17 17:54:38][INFO][Rank 0] - val Epoch 13/24: 32.0% (130/406)
[2025-11-17 17:54:44][INFO][Rank 0] - val Epoch 13/24: 34.5% (140/406)
[2025-11-17 17:54:49][INFO][Rank 0] - val Epoch 13/24: 36.9% (150/406)
[2025-11-17 17:54:54][INFO][Rank 0] - val Epoch 13/24: 39.4% (160/406)
[2025-11-17 17:54:59][INFO][Rank 0] - val Epoch 13/24: 41.9% (170/406)
[2025-11-17 17:55:04][INFO][Rank 0] - val Epoch 13/24: 44.3% (180/406)
[2025-11-17 17:55:09][INFO][Rank 0] - val Epoch 13/24: 46.8% (190/406)
[2025-11-17 17:55:14][INFO][Rank 0] - val Epoch 13/24: 49.3% (200/406)
[2025-11-17 17:55:19][INFO][Rank 0] - val Epoch 13/24: 51.7% (210/406)
[2025-11-17 17:55:24][INFO][Rank 0] - val Epoch 13/24: 54.2% (220/406)
[2025-11-17 17:55:29][INFO][Rank 0] - val Epoch 13/24: 56.7% (230/406)
[2025-11-17 17:55:34][INFO][Rank 0] - val Epoch 13/24: 59.1% (240/406)
[2025-11-17 17:55:34][INFO][Rank 0] - CUDA Memory [val][Step 240]: Device 0: Allocated: 3309.6 MB, Reserved: 117540.0 MB (Δ: +1687.0 MB)
[2025-11-17 17:55:39][INFO][Rank 0] - val Epoch 13/24: 61.6% (250/406)
[2025-11-17 17:55:44][INFO][Rank 0] - val Epoch 13/24: 64.0% (260/406)
[2025-11-17 17:55:49][INFO][Rank 0] - val Epoch 13/24: 66.5% (270/406)
[2025-11-17 17:55:54][INFO][Rank 0] - val Epoch 13/24: 69.0% (280/406)
[2025-11-17 17:55:59][INFO][Rank 0] - val Epoch 13/24: 71.4% (290/406)
[2025-11-17 17:56:04][INFO][Rank 0] - val Epoch 13/24: 73.9% (300/406)
[2025-11-17 17:56:09][INFO][Rank 0] - val Epoch 13/24: 76.4% (310/406)
[2025-11-17 17:56:14][INFO][Rank 0] - val Epoch 13/24: 78.8% (320/406)
[2025-11-17 17:56:19][INFO][Rank 0] - val Epoch 13/24: 81.3% (330/406)
[2025-11-17 17:56:24][INFO][Rank 0] - val Epoch 13/24: 83.7% (340/406)
[2025-11-17 17:56:29][INFO][Rank 0] - val Epoch 13/24: 86.2% (350/406)
[2025-11-17 17:56:34][INFO][Rank 0] - val Epoch 13/24: 88.7% (360/406)
[2025-11-17 17:56:35][INFO][Rank 0] - CUDA Memory [val][Step 360]: Device 0: Allocated: 3309.6 MB, Reserved: 117540.0 MB (Δ: +1687.0 MB)
[2025-11-17 17:56:39][INFO][Rank 0] - val Epoch 13/24: 91.1% (370/406)
[2025-11-17 17:56:44][INFO][Rank 0] - val Epoch 13/24: 93.6% (380/406)
[2025-11-17 17:56:49][INFO][Rank 0] - val Epoch 13/24: 96.1% (390/406)
[2025-11-17 17:56:54][INFO][Rank 0] - val Epoch 13/24: 98.5% (400/406)
[2025-11-17 17:56:57][INFO][Rank 0] - val Epoch 13/24: 99.8% (405/406)
[2025-11-17 17:56:57][INFO][Rank 0] - val Loss: 0.1090 Acc: 0.9690 F1: 0.9839
[2025-11-17 17:56:57][INFO][Rank 0] - val Balanced Acc: 0.8985 AUC-ROC: 0.9804
[2025-11-17 17:56:57][INFO][Rank 0] - val Sensitivity: 0.9729 Specificity: 0.8241
[2025-11-17 17:56:57][INFO][Rank 0] - val Confusion Matrix: TP=3845, FP=19, FN=107, TN=89
[2025-11-17 17:56:57][INFO][Rank 0] - val completed in 204.31s
[2025-11-17 17:56:57][INFO][Rank 0] - val cache: 0/1 items, hit rate: 0.00%
[2025-11-17 17:57:01][INFO][Rank 0] - Saved new best auc model with auc: 0.9804 at /projects/retprogression/rgarridogarcia/checkpoints/cropped1024_cropped_centered_allR_3/best_auc_model.pth
[2025-11-17 17:57:05][INFO][Rank 0] - Saved epoch checkpoint at /projects/retprogression/rgarridogarcia/checkpoints/cropped1024_cropped_centered_allR_3/epoch_13.pth
[2025-11-17 17:57:05][INFO][Rank 0] - Epoch 13 summary:
[2025-11-17 17:57:05][INFO][Rank 0] -  Train Loss: 0.1603, Train Acc: 0.9713, Train F1: 0.9851
[2025-11-17 17:57:05][INFO][Rank 0] -  Train Balanced Acc: 0.8804, Train AUC: 0.9694
[2025-11-17 17:57:05][INFO][Rank 0] -  Train Sensitivity: 0.9760, Train Specificity: 0.7848
[2025-11-17 17:57:05][INFO][Rank 0] -  Val Loss: 0.1090, Val Acc: 0.9690, Val F1: 0.9839
[2025-11-17 17:57:05][INFO][Rank 0] -  Val Balanced Acc: 0.8985, Val AUC: 0.9804
[2025-11-17 17:57:05][INFO][Rank 0] -  Val Sensitivity: 0.9729, Val Specificity: 0.8241
[2025-11-17 17:57:05][INFO][Rank 0] -  Total Epoch Time: 1587.97s
[2025-11-17 17:57:05][INFO][Rank 0] - Epoch 14/24
[2025-11-17 17:57:05][INFO][Rank 0] - ----------
[2025-11-17 17:57:05][INFO][Rank 0] - CUDA Memory [train][Step 0]: Device 0: Allocated: 3309.6 MB, Reserved: 117540.0 MB (Δ: +1687.0 MB)
[2025-11-17 17:57:05][INFO][Rank 0] - train phase: total 1948 batches
[2025-11-17 17:57:06][INFO][Rank 0] - train Epoch 14/24: 0.0% (0/1948)
[2025-11-17 17:57:13][INFO][Rank 0] - train Epoch 14/24: 0.5% (10/1948)
[2025-11-17 17:57:20][INFO][Rank 0] - train Epoch 14/24: 1.0% (20/1948)
[2025-11-17 17:57:27][INFO][Rank 0] - train Epoch 14/24: 1.5% (30/1948)
[2025-11-17 17:57:34][INFO][Rank 0] - train Epoch 14/24: 2.1% (40/1948)
[2025-11-17 17:57:41][INFO][Rank 0] - train Epoch 14/24: 2.6% (50/1948)
[2025-11-17 17:57:48][INFO][Rank 0] - train Epoch 14/24: 3.1% (60/1948)
[2025-11-17 17:57:55][INFO][Rank 0] - train Epoch 14/24: 3.6% (70/1948)
[2025-11-17 17:58:02][INFO][Rank 0] - train Epoch 14/24: 4.1% (80/1948)
[2025-11-17 17:58:09][INFO][Rank 0] - train Epoch 14/24: 4.6% (90/1948)
[2025-11-17 17:58:10][INFO][Rank 0] - CUDA Memory [train][Step 90]: Device 0: Allocated: 3309.6 MB, Reserved: 117540.0 MB (Δ: +1687.0 MB)
[2025-11-17 17:58:16][INFO][Rank 0] - train Epoch 14/24: 5.1% (100/1948)
[2025-11-17 17:58:23][INFO][Rank 0] - train Epoch 14/24: 5.6% (110/1948)
[2025-11-17 17:58:30][INFO][Rank 0] - train Epoch 14/24: 6.2% (120/1948)
[2025-11-17 17:58:37][INFO][Rank 0] - train Epoch 14/24: 6.7% (130/1948)
[2025-11-17 17:58:44][INFO][Rank 0] - train Epoch 14/24: 7.2% (140/1948)
[2025-11-17 17:58:51][INFO][Rank 0] - train Epoch 14/24: 7.7% (150/1948)
[2025-11-17 17:58:59][INFO][Rank 0] - train Epoch 14/24: 8.2% (160/1948)
[2025-11-17 17:59:06][INFO][Rank 0] - train Epoch 14/24: 8.7% (170/1948)
[2025-11-17 17:59:13][INFO][Rank 0] - train Epoch 14/24: 9.2% (180/1948)
[2025-11-17 17:59:13][INFO][Rank 0] - CUDA Memory [train][Step 180]: Device 0: Allocated: 3309.6 MB, Reserved: 117540.0 MB (Δ: +1687.0 MB)
[2025-11-17 17:59:20][INFO][Rank 0] - train Epoch 14/24: 9.8% (190/1948)
[2025-11-17 17:59:27][INFO][Rank 0] - train Epoch 14/24: 10.3% (200/1948)
[2025-11-17 17:59:34][INFO][Rank 0] - train Epoch 14/24: 10.8% (210/1948)
[2025-11-17 17:59:41][INFO][Rank 0] - train Epoch 14/24: 11.3% (220/1948)
[2025-11-17 17:59:48][INFO][Rank 0] - train Epoch 14/24: 11.8% (230/1948)
[2025-11-17 17:59:55][INFO][Rank 0] - train Epoch 14/24: 12.3% (240/1948)
[2025-11-17 18:00:02][INFO][Rank 0] - train Epoch 14/24: 12.8% (250/1948)
[2025-11-17 18:00:09][INFO][Rank 0] - train Epoch 14/24: 13.3% (260/1948)
[2025-11-17 18:00:16][INFO][Rank 0] - train Epoch 14/24: 13.9% (270/1948)
[2025-11-17 18:00:17][INFO][Rank 0] - CUDA Memory [train][Step 270]: Device 0: Allocated: 3309.6 MB, Reserved: 117540.0 MB (Δ: +1687.0 MB)
[2025-11-17 18:00:23][INFO][Rank 0] - train Epoch 14/24: 14.4% (280/1948)
[2025-11-17 18:00:30][INFO][Rank 0] - train Epoch 14/24: 14.9% (290/1948)
[2025-11-17 18:00:37][INFO][Rank 0] - train Epoch 14/24: 15.4% (300/1948)
[2025-11-17 18:00:44][INFO][Rank 0] - train Epoch 14/24: 15.9% (310/1948)
[2025-11-17 18:00:51][INFO][Rank 0] - train Epoch 14/24: 16.4% (320/1948)
[2025-11-17 18:00:59][INFO][Rank 0] - train Epoch 14/24: 16.9% (330/1948)
[2025-11-17 18:01:06][INFO][Rank 0] - train Epoch 14/24: 17.5% (340/1948)
[2025-11-17 18:01:13][INFO][Rank 0] - train Epoch 14/24: 18.0% (350/1948)
[2025-11-17 18:01:20][INFO][Rank 0] - train Epoch 14/24: 18.5% (360/1948)
[2025-11-17 18:01:20][INFO][Rank 0] - CUDA Memory [train][Step 360]: Device 0: Allocated: 3309.6 MB, Reserved: 117540.0 MB (Δ: +1687.0 MB)
[2025-11-17 18:01:27][INFO][Rank 0] - train Epoch 14/24: 19.0% (370/1948)
[2025-11-17 18:01:34][INFO][Rank 0] - train Epoch 14/24: 19.5% (380/1948)
[2025-11-17 18:01:41][INFO][Rank 0] - train Epoch 14/24: 20.0% (390/1948)
[2025-11-17 18:01:48][INFO][Rank 0] - train Epoch 14/24: 20.5% (400/1948)
[2025-11-17 18:01:55][INFO][Rank 0] - train Epoch 14/24: 21.0% (410/1948)
[2025-11-17 18:02:02][INFO][Rank 0] - train Epoch 14/24: 21.6% (420/1948)
[2025-11-17 18:02:09][INFO][Rank 0] - train Epoch 14/24: 22.1% (430/1948)
[2025-11-17 18:02:16][INFO][Rank 0] - train Epoch 14/24: 22.6% (440/1948)
[2025-11-17 18:02:23][INFO][Rank 0] - train Epoch 14/24: 23.1% (450/1948)
[2025-11-17 18:02:24][INFO][Rank 0] - CUDA Memory [train][Step 450]: Device 0: Allocated: 3309.6 MB, Reserved: 117540.0 MB (Δ: +1687.0 MB)
[2025-11-17 18:02:30][INFO][Rank 0] - train Epoch 14/24: 23.6% (460/1948)
[2025-11-17 18:02:37][INFO][Rank 0] - train Epoch 14/24: 24.1% (470/1948)
[2025-11-17 18:02:44][INFO][Rank 0] - train Epoch 14/24: 24.6% (480/1948)
[2025-11-17 18:02:51][INFO][Rank 0] - train Epoch 14/24: 25.2% (490/1948)
[2025-11-17 18:02:59][INFO][Rank 0] - train Epoch 14/24: 25.7% (500/1948)
[2025-11-17 18:03:06][INFO][Rank 0] - train Epoch 14/24: 26.2% (510/1948)
[2025-11-17 18:03:13][INFO][Rank 0] - train Epoch 14/24: 26.7% (520/1948)
[2025-11-17 18:03:20][INFO][Rank 0] - train Epoch 14/24: 27.2% (530/1948)
[2025-11-17 18:03:27][INFO][Rank 0] - train Epoch 14/24: 27.7% (540/1948)
[2025-11-17 18:03:27][INFO][Rank 0] - CUDA Memory [train][Step 540]: Device 0: Allocated: 3309.6 MB, Reserved: 117540.0 MB (Δ: +1687.0 MB)
[2025-11-17 18:03:34][INFO][Rank 0] - train Epoch 14/24: 28.2% (550/1948)
[2025-11-17 18:03:41][INFO][Rank 0] - train Epoch 14/24: 28.7% (560/1948)
[2025-11-17 18:03:48][INFO][Rank 0] - train Epoch 14/24: 29.3% (570/1948)
[2025-11-17 18:03:55][INFO][Rank 0] - train Epoch 14/24: 29.8% (580/1948)
[2025-11-17 18:04:02][INFO][Rank 0] - train Epoch 14/24: 30.3% (590/1948)
[2025-11-17 18:04:09][INFO][Rank 0] - train Epoch 14/24: 30.8% (600/1948)
[2025-11-17 18:04:16][INFO][Rank 0] - train Epoch 14/24: 31.3% (610/1948)
[2025-11-17 18:04:23][INFO][Rank 0] - train Epoch 14/24: 31.8% (620/1948)
[2025-11-17 18:04:30][INFO][Rank 0] - train Epoch 14/24: 32.3% (630/1948)
[2025-11-17 18:04:31][INFO][Rank 0] - CUDA Memory [train][Step 630]: Device 0: Allocated: 3309.6 MB, Reserved: 117540.0 MB (Δ: +1687.0 MB)
[2025-11-17 18:04:37][INFO][Rank 0] - train Epoch 14/24: 32.9% (640/1948)
[2025-11-17 18:04:44][INFO][Rank 0] - train Epoch 14/24: 33.4% (650/1948)
[2025-11-17 18:04:51][INFO][Rank 0] - train Epoch 14/24: 33.9% (660/1948)
[2025-11-17 18:04:59][INFO][Rank 0] - train Epoch 14/24: 34.4% (670/1948)
[2025-11-17 18:05:06][INFO][Rank 0] - train Epoch 14/24: 34.9% (680/1948)
[2025-11-17 18:05:13][INFO][Rank 0] - train Epoch 14/24: 35.4% (690/1948)
[2025-11-17 18:05:20][INFO][Rank 0] - train Epoch 14/24: 35.9% (700/1948)
[2025-11-17 18:05:27][INFO][Rank 0] - train Epoch 14/24: 36.4% (710/1948)
[2025-11-17 18:05:34][INFO][Rank 0] - train Epoch 14/24: 37.0% (720/1948)
[2025-11-17 18:05:35][INFO][Rank 0] - CUDA Memory [train][Step 720]: Device 0: Allocated: 3309.6 MB, Reserved: 117540.0 MB (Δ: +1687.0 MB)
[2025-11-17 18:05:41][INFO][Rank 0] - train Epoch 14/24: 37.5% (730/1948)
[2025-11-17 18:05:48][INFO][Rank 0] - train Epoch 14/24: 38.0% (740/1948)
[2025-11-17 18:05:55][INFO][Rank 0] - train Epoch 14/24: 38.5% (750/1948)
[2025-11-17 18:06:02][INFO][Rank 0] - train Epoch 14/24: 39.0% (760/1948)
[2025-11-17 18:06:09][INFO][Rank 0] - train Epoch 14/24: 39.5% (770/1948)
[2025-11-17 18:06:16][INFO][Rank 0] - train Epoch 14/24: 40.0% (780/1948)
[2025-11-17 18:06:23][INFO][Rank 0] - train Epoch 14/24: 40.6% (790/1948)
[2025-11-17 18:06:30][INFO][Rank 0] - train Epoch 14/24: 41.1% (800/1948)
[2025-11-17 18:06:37][INFO][Rank 0] - train Epoch 14/24: 41.6% (810/1948)
[2025-11-17 18:06:38][INFO][Rank 0] - CUDA Memory [train][Step 810]: Device 0: Allocated: 3309.6 MB, Reserved: 117540.0 MB (Δ: +1687.0 MB)
[2025-11-17 18:06:44][INFO][Rank 0] - train Epoch 14/24: 42.1% (820/1948)
[2025-11-17 18:06:51][INFO][Rank 0] - train Epoch 14/24: 42.6% (830/1948)
[2025-11-17 18:06:59][INFO][Rank 0] - train Epoch 14/24: 43.1% (840/1948)
[2025-11-17 18:07:06][INFO][Rank 0] - train Epoch 14/24: 43.6% (850/1948)
[2025-11-17 18:07:13][INFO][Rank 0] - train Epoch 14/24: 44.1% (860/1948)
[2025-11-17 18:07:20][INFO][Rank 0] - train Epoch 14/24: 44.7% (870/1948)
[2025-11-17 18:07:27][INFO][Rank 0] - train Epoch 14/24: 45.2% (880/1948)
[2025-11-17 18:07:34][INFO][Rank 0] - train Epoch 14/24: 45.7% (890/1948)
[2025-11-17 18:07:41][INFO][Rank 0] - train Epoch 14/24: 46.2% (900/1948)
[2025-11-17 18:07:42][INFO][Rank 0] - CUDA Memory [train][Step 900]: Device 0: Allocated: 3309.6 MB, Reserved: 117540.0 MB (Δ: +1687.0 MB)
[2025-11-17 18:07:48][INFO][Rank 0] - train Epoch 14/24: 46.7% (910/1948)
[2025-11-17 18:07:55][INFO][Rank 0] - train Epoch 14/24: 47.2% (920/1948)
[2025-11-17 18:08:02][INFO][Rank 0] - train Epoch 14/24: 47.7% (930/1948)
[2025-11-17 18:08:09][INFO][Rank 0] - train Epoch 14/24: 48.3% (940/1948)
[2025-11-17 18:08:16][INFO][Rank 0] - train Epoch 14/24: 48.8% (950/1948)
[2025-11-17 18:08:23][INFO][Rank 0] - train Epoch 14/24: 49.3% (960/1948)
[2025-11-17 18:08:30][INFO][Rank 0] - train Epoch 14/24: 49.8% (970/1948)
[2025-11-17 18:08:37][INFO][Rank 0] - train Epoch 14/24: 50.3% (980/1948)
[2025-11-17 18:08:44][INFO][Rank 0] - train Epoch 14/24: 50.8% (990/1948)
[2025-11-17 18:08:45][INFO][Rank 0] - CUDA Memory [train][Step 990]: Device 0: Allocated: 3309.6 MB, Reserved: 117540.0 MB (Δ: +1687.0 MB)
[2025-11-17 18:08:52][INFO][Rank 0] - train Epoch 14/24: 51.3% (1000/1948)
[2025-11-17 18:08:59][INFO][Rank 0] - train Epoch 14/24: 51.8% (1010/1948)
[2025-11-17 18:09:06][INFO][Rank 0] - train Epoch 14/24: 52.4% (1020/1948)
[2025-11-17 18:09:13][INFO][Rank 0] - train Epoch 14/24: 52.9% (1030/1948)
[2025-11-17 18:09:20][INFO][Rank 0] - train Epoch 14/24: 53.4% (1040/1948)
[2025-11-17 18:09:27][INFO][Rank 0] - train Epoch 14/24: 53.9% (1050/1948)
[2025-11-17 18:09:34][INFO][Rank 0] - train Epoch 14/24: 54.4% (1060/1948)
[2025-11-17 18:09:41][INFO][Rank 0] - train Epoch 14/24: 54.9% (1070/1948)
[2025-11-17 18:09:48][INFO][Rank 0] - train Epoch 14/24: 55.4% (1080/1948)
[2025-11-17 18:09:49][INFO][Rank 0] - CUDA Memory [train][Step 1080]: Device 0: Allocated: 3309.6 MB, Reserved: 117540.0 MB (Δ: +1687.0 MB)
[2025-11-17 18:09:55][INFO][Rank 0] - train Epoch 14/24: 56.0% (1090/1948)
[2025-11-17 18:10:02][INFO][Rank 0] - train Epoch 14/24: 56.5% (1100/1948)
[2025-11-17 18:10:09][INFO][Rank 0] - train Epoch 14/24: 57.0% (1110/1948)
[2025-11-17 18:10:16][INFO][Rank 0] - train Epoch 14/24: 57.5% (1120/1948)
[2025-11-17 18:10:23][INFO][Rank 0] - train Epoch 14/24: 58.0% (1130/1948)
[2025-11-17 18:10:30][INFO][Rank 0] - train Epoch 14/24: 58.5% (1140/1948)
[2025-11-17 18:10:37][INFO][Rank 0] - train Epoch 14/24: 59.0% (1150/1948)
[2025-11-17 18:10:44][INFO][Rank 0] - train Epoch 14/24: 59.5% (1160/1948)
[2025-11-17 18:10:52][INFO][Rank 0] - train Epoch 14/24: 60.1% (1170/1948)
[2025-11-17 18:10:52][INFO][Rank 0] - CUDA Memory [train][Step 1170]: Device 0: Allocated: 3309.6 MB, Reserved: 117540.0 MB (Δ: +1687.0 MB)
[2025-11-17 18:10:59][INFO][Rank 0] - train Epoch 14/24: 60.6% (1180/1948)
[2025-11-17 18:11:06][INFO][Rank 0] - train Epoch 14/24: 61.1% (1190/1948)
[2025-11-17 18:11:13][INFO][Rank 0] - train Epoch 14/24: 61.6% (1200/1948)
[2025-11-17 18:11:20][INFO][Rank 0] - train Epoch 14/24: 62.1% (1210/1948)
[2025-11-17 18:11:27][INFO][Rank 0] - train Epoch 14/24: 62.6% (1220/1948)
[2025-11-17 18:11:34][INFO][Rank 0] - train Epoch 14/24: 63.1% (1230/1948)
[2025-11-17 18:11:41][INFO][Rank 0] - train Epoch 14/24: 63.7% (1240/1948)
[2025-11-17 18:11:48][INFO][Rank 0] - train Epoch 14/24: 64.2% (1250/1948)
[2025-11-17 18:11:55][INFO][Rank 0] - train Epoch 14/24: 64.7% (1260/1948)
[2025-11-17 18:11:56][INFO][Rank 0] - CUDA Memory [train][Step 1260]: Device 0: Allocated: 3309.6 MB, Reserved: 117540.0 MB (Δ: +1687.0 MB)
[2025-11-17 18:12:02][INFO][Rank 0] - train Epoch 14/24: 65.2% (1270/1948)
[2025-11-17 18:12:09][INFO][Rank 0] - train Epoch 14/24: 65.7% (1280/1948)
[2025-11-17 18:12:16][INFO][Rank 0] - train Epoch 14/24: 66.2% (1290/1948)
[2025-11-17 18:12:23][INFO][Rank 0] - train Epoch 14/24: 66.7% (1300/1948)
[2025-11-17 18:12:30][INFO][Rank 0] - train Epoch 14/24: 67.2% (1310/1948)
[2025-11-17 18:12:37][INFO][Rank 0] - train Epoch 14/24: 67.8% (1320/1948)
[2025-11-17 18:12:44][INFO][Rank 0] - train Epoch 14/24: 68.3% (1330/1948)
[2025-11-17 18:12:51][INFO][Rank 0] - train Epoch 14/24: 68.8% (1340/1948)
[2025-11-17 18:12:59][INFO][Rank 0] - train Epoch 14/24: 69.3% (1350/1948)
[2025-11-17 18:12:59][INFO][Rank 0] - CUDA Memory [train][Step 1350]: Device 0: Allocated: 3309.6 MB, Reserved: 117540.0 MB (Δ: +1687.0 MB)
[2025-11-17 18:13:06][INFO][Rank 0] - train Epoch 14/24: 69.8% (1360/1948)
[2025-11-17 18:13:13][INFO][Rank 0] - train Epoch 14/24: 70.3% (1370/1948)
[2025-11-17 18:13:20][INFO][Rank 0] - train Epoch 14/24: 70.8% (1380/1948)
[2025-11-17 18:13:27][INFO][Rank 0] - train Epoch 14/24: 71.4% (1390/1948)
[2025-11-17 18:13:34][INFO][Rank 0] - train Epoch 14/24: 71.9% (1400/1948)
[2025-11-17 18:13:41][INFO][Rank 0] - train Epoch 14/24: 72.4% (1410/1948)
[2025-11-17 18:13:48][INFO][Rank 0] - train Epoch 14/24: 72.9% (1420/1948)
[2025-11-17 18:13:55][INFO][Rank 0] - train Epoch 14/24: 73.4% (1430/1948)
[2025-11-17 18:14:02][INFO][Rank 0] - train Epoch 14/24: 73.9% (1440/1948)
[2025-11-17 18:14:03][INFO][Rank 0] - CUDA Memory [train][Step 1440]: Device 0: Allocated: 3309.6 MB, Reserved: 117540.0 MB (Δ: +1687.0 MB)
[2025-11-17 18:14:09][INFO][Rank 0] - train Epoch 14/24: 74.4% (1450/1948)
[2025-11-17 18:14:16][INFO][Rank 0] - train Epoch 14/24: 74.9% (1460/1948)
[2025-11-17 18:14:23][INFO][Rank 0] - train Epoch 14/24: 75.5% (1470/1948)
[2025-11-17 18:14:30][INFO][Rank 0] - train Epoch 14/24: 76.0% (1480/1948)
[2025-11-17 18:14:37][INFO][Rank 0] - train Epoch 14/24: 76.5% (1490/1948)
[2025-11-17 18:14:44][INFO][Rank 0] - train Epoch 14/24: 77.0% (1500/1948)
[2025-11-17 18:14:51][INFO][Rank 0] - train Epoch 14/24: 77.5% (1510/1948)
[2025-11-17 18:14:58][INFO][Rank 0] - train Epoch 14/24: 78.0% (1520/1948)
[2025-11-17 18:15:05][INFO][Rank 0] - train Epoch 14/24: 78.5% (1530/1948)
[2025-11-17 18:15:06][INFO][Rank 0] - CUDA Memory [train][Step 1530]: Device 0: Allocated: 3309.6 MB, Reserved: 117540.0 MB (Δ: +1687.0 MB)
[2025-11-17 18:15:13][INFO][Rank 0] - train Epoch 14/24: 79.1% (1540/1948)
[2025-11-17 18:15:20][INFO][Rank 0] - train Epoch 14/24: 79.6% (1550/1948)
[2025-11-17 18:15:27][INFO][Rank 0] - train Epoch 14/24: 80.1% (1560/1948)
[2025-11-17 18:15:34][INFO][Rank 0] - train Epoch 14/24: 80.6% (1570/1948)
[2025-11-17 18:15:41][INFO][Rank 0] - train Epoch 14/24: 81.1% (1580/1948)
[2025-11-17 18:15:48][INFO][Rank 0] - train Epoch 14/24: 81.6% (1590/1948)
[2025-11-17 18:15:55][INFO][Rank 0] - train Epoch 14/24: 82.1% (1600/1948)
[2025-11-17 18:16:02][INFO][Rank 0] - train Epoch 14/24: 82.6% (1610/1948)
[2025-11-17 18:16:09][INFO][Rank 0] - train Epoch 14/24: 83.2% (1620/1948)
[2025-11-17 18:16:10][INFO][Rank 0] - CUDA Memory [train][Step 1620]: Device 0: Allocated: 3309.6 MB, Reserved: 117540.0 MB (Δ: +1687.0 MB)
[2025-11-17 18:16:16][INFO][Rank 0] - train Epoch 14/24: 83.7% (1630/1948)
[2025-11-17 18:16:23][INFO][Rank 0] - train Epoch 14/24: 84.2% (1640/1948)
[2025-11-17 18:16:30][INFO][Rank 0] - train Epoch 14/24: 84.7% (1650/1948)
[2025-11-17 18:16:37][INFO][Rank 0] - train Epoch 14/24: 85.2% (1660/1948)
[2025-11-17 18:16:44][INFO][Rank 0] - train Epoch 14/24: 85.7% (1670/1948)
[2025-11-17 18:16:51][INFO][Rank 0] - train Epoch 14/24: 86.2% (1680/1948)
[2025-11-17 18:16:58][INFO][Rank 0] - train Epoch 14/24: 86.8% (1690/1948)
[2025-11-17 18:17:05][INFO][Rank 0] - train Epoch 14/24: 87.3% (1700/1948)
[2025-11-17 18:17:12][INFO][Rank 0] - train Epoch 14/24: 87.8% (1710/1948)
[2025-11-17 18:17:13][INFO][Rank 0] - CUDA Memory [train][Step 1710]: Device 0: Allocated: 3309.6 MB, Reserved: 117540.0 MB (Δ: +1687.0 MB)
[2025-11-17 18:17:19][INFO][Rank 0] - train Epoch 14/24: 88.3% (1720/1948)
[2025-11-17 18:17:27][INFO][Rank 0] - train Epoch 14/24: 88.8% (1730/1948)
[2025-11-17 18:17:34][INFO][Rank 0] - train Epoch 14/24: 89.3% (1740/1948)
[2025-11-17 18:17:41][INFO][Rank 0] - train Epoch 14/24: 89.8% (1750/1948)
[2025-11-17 18:17:48][INFO][Rank 0] - train Epoch 14/24: 90.3% (1760/1948)
[2025-11-17 18:17:55][INFO][Rank 0] - train Epoch 14/24: 90.9% (1770/1948)
[2025-11-17 18:18:02][INFO][Rank 0] - train Epoch 14/24: 91.4% (1780/1948)
[2025-11-17 18:18:09][INFO][Rank 0] - train Epoch 14/24: 91.9% (1790/1948)
[2025-11-17 18:18:16][INFO][Rank 0] - train Epoch 14/24: 92.4% (1800/1948)
[2025-11-17 18:18:17][INFO][Rank 0] - CUDA Memory [train][Step 1800]: Device 0: Allocated: 3309.6 MB, Reserved: 117540.0 MB (Δ: +1687.0 MB)
[2025-11-17 18:18:23][INFO][Rank 0] - train Epoch 14/24: 92.9% (1810/1948)
[2025-11-17 18:18:30][INFO][Rank 0] - train Epoch 14/24: 93.4% (1820/1948)
[2025-11-17 18:18:37][INFO][Rank 0] - train Epoch 14/24: 93.9% (1830/1948)
[2025-11-17 18:18:44][INFO][Rank 0] - train Epoch 14/24: 94.5% (1840/1948)
[2025-11-17 18:18:51][INFO][Rank 0] - train Epoch 14/24: 95.0% (1850/1948)
[2025-11-17 18:18:58][INFO][Rank 0] - train Epoch 14/24: 95.5% (1860/1948)
[2025-11-17 18:19:05][INFO][Rank 0] - train Epoch 14/24: 96.0% (1870/1948)
[2025-11-17 18:19:12][INFO][Rank 0] - train Epoch 14/24: 96.5% (1880/1948)
[2025-11-17 18:19:19][INFO][Rank 0] - train Epoch 14/24: 97.0% (1890/1948)
[2025-11-17 18:19:20][INFO][Rank 0] - CUDA Memory [train][Step 1890]: Device 0: Allocated: 3309.6 MB, Reserved: 117540.0 MB (Δ: +1687.0 MB)
[2025-11-17 18:19:26][INFO][Rank 0] - train Epoch 14/24: 97.5% (1900/1948)
[2025-11-17 18:19:33][INFO][Rank 0] - train Epoch 14/24: 98.0% (1910/1948)
[2025-11-17 18:19:41][INFO][Rank 0] - train Epoch 14/24: 98.6% (1920/1948)
[2025-11-17 18:19:48][INFO][Rank 0] - train Epoch 14/24: 99.1% (1930/1948)
[2025-11-17 18:19:55][INFO][Rank 0] - train Epoch 14/24: 99.6% (1940/1948)
[2025-11-17 18:20:00][INFO][Rank 0] - train Epoch 14/24: 99.9% (1947/1948)
[2025-11-17 18:20:00][INFO][Rank 0] - train Loss: 0.1589 Acc: 0.9708 F1: 0.9849
[2025-11-17 18:20:00][INFO][Rank 0] - train Balanced Acc: 0.8782 AUC-ROC: 0.9690
[2025-11-17 18:20:00][INFO][Rank 0] - train Sensitivity: 0.9757 Specificity: 0.7807
[2025-11-17 18:20:00][INFO][Rank 0] - train Confusion Matrix: TP=18530, FP=107, FN=462, TN=381
[2025-11-17 18:20:00][INFO][Rank 0] - train completed in 1375.16s
[2025-11-17 18:20:00][INFO][Rank 0] - Data loading time: 1.12s, Forward time: 279.82s, Backward time: 745.00s
[2025-11-17 18:20:00][INFO][Rank 0] - train cache: 0/1 items, hit rate: 0.00%
[2025-11-17 18:20:00][INFO][Rank 0] - CUDA Memory [val][Step 0]: Device 0: Allocated: 3309.6 MB, Reserved: 117540.0 MB (Δ: +1687.0 MB)
[2025-11-17 18:20:00][INFO][Rank 0] - val phase: total 406 batches
[2025-11-17 18:20:01][INFO][Rank 0] - val Epoch 14/24: 0.0% (0/406)
[2025-11-17 18:20:06][INFO][Rank 0] - val Epoch 14/24: 2.5% (10/406)
[2025-11-17 18:20:11][INFO][Rank 0] - val Epoch 14/24: 4.9% (20/406)
[2025-11-17 18:20:16][INFO][Rank 0] - val Epoch 14/24: 7.4% (30/406)
[2025-11-17 18:20:21][INFO][Rank 0] - val Epoch 14/24: 9.9% (40/406)
[2025-11-17 18:20:26][INFO][Rank 0] - val Epoch 14/24: 12.3% (50/406)
[2025-11-17 18:20:31][INFO][Rank 0] - val Epoch 14/24: 14.8% (60/406)
[2025-11-17 18:20:36][INFO][Rank 0] - val Epoch 14/24: 17.2% (70/406)
[2025-11-17 18:20:41][INFO][Rank 0] - val Epoch 14/24: 19.7% (80/406)
[2025-11-17 18:20:46][INFO][Rank 0] - val Epoch 14/24: 22.2% (90/406)
[2025-11-17 18:20:51][INFO][Rank 0] - val Epoch 14/24: 24.6% (100/406)
[2025-11-17 18:20:56][INFO][Rank 0] - val Epoch 14/24: 27.1% (110/406)
[2025-11-17 18:21:01][INFO][Rank 0] - val Epoch 14/24: 29.6% (120/406)
[2025-11-17 18:21:01][INFO][Rank 0] - CUDA Memory [val][Step 120]: Device 0: Allocated: 3309.6 MB, Reserved: 117540.0 MB (Δ: +1687.0 MB)
[2025-11-17 18:21:06][INFO][Rank 0] - val Epoch 14/24: 32.0% (130/406)
[2025-11-17 18:21:11][INFO][Rank 0] - val Epoch 14/24: 34.5% (140/406)
[2025-11-17 18:21:16][INFO][Rank 0] - val Epoch 14/24: 36.9% (150/406)
[2025-11-17 18:21:21][INFO][Rank 0] - val Epoch 14/24: 39.4% (160/406)
[2025-11-17 18:21:26][INFO][Rank 0] - val Epoch 14/24: 41.9% (170/406)
[2025-11-17 18:21:31][INFO][Rank 0] - val Epoch 14/24: 44.3% (180/406)
[2025-11-17 18:21:36][INFO][Rank 0] - val Epoch 14/24: 46.8% (190/406)
[2025-11-17 18:21:41][INFO][Rank 0] - val Epoch 14/24: 49.3% (200/406)
[2025-11-17 18:21:46][INFO][Rank 0] - val Epoch 14/24: 51.7% (210/406)
[2025-11-17 18:21:51][INFO][Rank 0] - val Epoch 14/24: 54.2% (220/406)
[2025-11-17 18:21:56][INFO][Rank 0] - val Epoch 14/24: 56.7% (230/406)
[2025-11-17 18:22:01][INFO][Rank 0] - val Epoch 14/24: 59.1% (240/406)
[2025-11-17 18:22:02][INFO][Rank 0] - CUDA Memory [val][Step 240]: Device 0: Allocated: 3309.6 MB, Reserved: 117540.0 MB (Δ: +1687.0 MB)
[2025-11-17 18:22:06][INFO][Rank 0] - val Epoch 14/24: 61.6% (250/406)
[2025-11-17 18:22:11][INFO][Rank 0] - val Epoch 14/24: 64.0% (260/406)
[2025-11-17 18:22:16][INFO][Rank 0] - val Epoch 14/24: 66.5% (270/406)
[2025-11-17 18:22:21][INFO][Rank 0] - val Epoch 14/24: 69.0% (280/406)
[2025-11-17 18:22:26][INFO][Rank 0] - val Epoch 14/24: 71.4% (290/406)
[2025-11-17 18:22:31][INFO][Rank 0] - val Epoch 14/24: 73.9% (300/406)
[2025-11-17 18:22:36][INFO][Rank 0] - val Epoch 14/24: 76.4% (310/406)
[2025-11-17 18:22:41][INFO][Rank 0] - val Epoch 14/24: 78.8% (320/406)
[2025-11-17 18:22:46][INFO][Rank 0] - val Epoch 14/24: 81.3% (330/406)
[2025-11-17 18:22:51][INFO][Rank 0] - val Epoch 14/24: 83.7% (340/406)
[2025-11-17 18:22:56][INFO][Rank 0] - val Epoch 14/24: 86.2% (350/406)
[2025-11-17 18:23:01][INFO][Rank 0] - val Epoch 14/24: 88.7% (360/406)
[2025-11-17 18:23:02][INFO][Rank 0] - CUDA Memory [val][Step 360]: Device 0: Allocated: 3309.6 MB, Reserved: 117540.0 MB (Δ: +1687.0 MB)
[2025-11-17 18:23:06][INFO][Rank 0] - val Epoch 14/24: 91.1% (370/406)
[2025-11-17 18:23:12][INFO][Rank 0] - val Epoch 14/24: 93.6% (380/406)
[2025-11-17 18:23:17][INFO][Rank 0] - val Epoch 14/24: 96.1% (390/406)
[2025-11-17 18:23:22][INFO][Rank 0] - val Epoch 14/24: 98.5% (400/406)
[2025-11-17 18:23:24][INFO][Rank 0] - val Epoch 14/24: 99.8% (405/406)
[2025-11-17 18:23:25][INFO][Rank 0] - val Loss: 0.1067 Acc: 0.9702 F1: 0.9845
[2025-11-17 18:23:25][INFO][Rank 0] - val Balanced Acc: 0.8991 AUC-ROC: 0.9808
[2025-11-17 18:23:25][INFO][Rank 0] - val Sensitivity: 0.9742 Specificity: 0.8241
[2025-11-17 18:23:25][INFO][Rank 0] - val Confusion Matrix: TP=3850, FP=19, FN=102, TN=89
[2025-11-17 18:23:25][INFO][Rank 0] - val completed in 204.28s
[2025-11-17 18:23:25][INFO][Rank 0] - val cache: 0/1 items, hit rate: 0.00%
[2025-11-17 18:23:29][INFO][Rank 0] - Saved new best auc model with auc: 0.9808 at /projects/retprogression/rgarridogarcia/checkpoints/cropped1024_cropped_centered_allR_3/best_auc_model.pth
[2025-11-17 18:23:32][INFO][Rank 0] - Saved epoch checkpoint at /projects/retprogression/rgarridogarcia/checkpoints/cropped1024_cropped_centered_allR_3/epoch_14.pth
[2025-11-17 18:23:32][INFO][Rank 0] - Epoch 14 summary:
[2025-11-17 18:23:32][INFO][Rank 0] -  Train Loss: 0.1589, Train Acc: 0.9708, Train F1: 0.9849
[2025-11-17 18:23:32][INFO][Rank 0] -  Train Balanced Acc: 0.8782, Train AUC: 0.9690
[2025-11-17 18:23:32][INFO][Rank 0] -  Train Sensitivity: 0.9757, Train Specificity: 0.7807
[2025-11-17 18:23:32][INFO][Rank 0] -  Val Loss: 0.1067, Val Acc: 0.9702, Val F1: 0.9845
[2025-11-17 18:23:32][INFO][Rank 0] -  Val Balanced Acc: 0.8991, Val AUC: 0.9808
[2025-11-17 18:23:32][INFO][Rank 0] -  Val Sensitivity: 0.9742, Val Specificity: 0.8241
[2025-11-17 18:23:32][INFO][Rank 0] -  Total Epoch Time: 1587.29s
[2025-11-17 18:23:32][INFO][Rank 0] - Epoch 15/24
[2025-11-17 18:23:32][INFO][Rank 0] - ----------
[2025-11-17 18:23:32][INFO][Rank 0] - CUDA Memory [train][Step 0]: Device 0: Allocated: 3309.6 MB, Reserved: 117540.0 MB (Δ: +1687.0 MB)
[2025-11-17 18:23:32][INFO][Rank 0] - train phase: total 1948 batches
[2025-11-17 18:23:33][INFO][Rank 0] - train Epoch 15/24: 0.0% (0/1948)
[2025-11-17 18:23:40][INFO][Rank 0] - train Epoch 15/24: 0.5% (10/1948)
[2025-11-17 18:23:47][INFO][Rank 0] - train Epoch 15/24: 1.0% (20/1948)
[2025-11-17 18:23:54][INFO][Rank 0] - train Epoch 15/24: 1.5% (30/1948)
[2025-11-17 18:24:01][INFO][Rank 0] - train Epoch 15/24: 2.1% (40/1948)
[2025-11-17 18:24:08][INFO][Rank 0] - train Epoch 15/24: 2.6% (50/1948)
[2025-11-17 18:24:15][INFO][Rank 0] - train Epoch 15/24: 3.1% (60/1948)
[2025-11-17 18:24:22][INFO][Rank 0] - train Epoch 15/24: 3.6% (70/1948)
[2025-11-17 18:24:29][INFO][Rank 0] - train Epoch 15/24: 4.1% (80/1948)
[2025-11-17 18:24:36][INFO][Rank 0] - train Epoch 15/24: 4.6% (90/1948)
[2025-11-17 18:24:37][INFO][Rank 0] - CUDA Memory [train][Step 90]: Device 0: Allocated: 3309.6 MB, Reserved: 117540.0 MB (Δ: +1687.0 MB)
[2025-11-17 18:24:43][INFO][Rank 0] - train Epoch 15/24: 5.1% (100/1948)
[2025-11-17 18:24:51][INFO][Rank 0] - train Epoch 15/24: 5.6% (110/1948)
[2025-11-17 18:24:58][INFO][Rank 0] - train Epoch 15/24: 6.2% (120/1948)
[2025-11-17 18:25:05][INFO][Rank 0] - train Epoch 15/24: 6.7% (130/1948)
[2025-11-17 18:25:12][INFO][Rank 0] - train Epoch 15/24: 7.2% (140/1948)
[2025-11-17 18:25:19][INFO][Rank 0] - train Epoch 15/24: 7.7% (150/1948)
[2025-11-17 18:25:26][INFO][Rank 0] - train Epoch 15/24: 8.2% (160/1948)
[2025-11-17 18:25:33][INFO][Rank 0] - train Epoch 15/24: 8.7% (170/1948)
[2025-11-17 18:25:40][INFO][Rank 0] - train Epoch 15/24: 9.2% (180/1948)
[2025-11-17 18:25:41][INFO][Rank 0] - CUDA Memory [train][Step 180]: Device 0: Allocated: 3309.6 MB, Reserved: 117540.0 MB (Δ: +1687.0 MB)
[2025-11-17 18:25:47][INFO][Rank 0] - train Epoch 15/24: 9.8% (190/1948)
[2025-11-17 18:25:54][INFO][Rank 0] - train Epoch 15/24: 10.3% (200/1948)
[2025-11-17 18:26:01][INFO][Rank 0] - train Epoch 15/24: 10.8% (210/1948)
[2025-11-17 18:26:08][INFO][Rank 0] - train Epoch 15/24: 11.3% (220/1948)
[2025-11-17 18:26:15][INFO][Rank 0] - train Epoch 15/24: 11.8% (230/1948)
[2025-11-17 18:26:22][INFO][Rank 0] - train Epoch 15/24: 12.3% (240/1948)
[2025-11-17 18:26:29][INFO][Rank 0] - train Epoch 15/24: 12.8% (250/1948)
[2025-11-17 18:26:36][INFO][Rank 0] - train Epoch 15/24: 13.3% (260/1948)
[2025-11-17 18:26:43][INFO][Rank 0] - train Epoch 15/24: 13.9% (270/1948)
[2025-11-17 18:26:44][INFO][Rank 0] - CUDA Memory [train][Step 270]: Device 0: Allocated: 3309.6 MB, Reserved: 117540.0 MB (Δ: +1687.0 MB)
[2025-11-17 18:26:50][INFO][Rank 0] - train Epoch 15/24: 14.4% (280/1948)
[2025-11-17 18:26:57][INFO][Rank 0] - train Epoch 15/24: 14.9% (290/1948)
[2025-11-17 18:27:04][INFO][Rank 0] - train Epoch 15/24: 15.4% (300/1948)
[2025-11-17 18:27:12][INFO][Rank 0] - train Epoch 15/24: 15.9% (310/1948)
[2025-11-17 18:27:19][INFO][Rank 0] - train Epoch 15/24: 16.4% (320/1948)
[2025-11-17 18:27:26][INFO][Rank 0] - train Epoch 15/24: 16.9% (330/1948)
[2025-11-17 18:27:33][INFO][Rank 0] - train Epoch 15/24: 17.5% (340/1948)
[2025-11-17 18:27:40][INFO][Rank 0] - train Epoch 15/24: 18.0% (350/1948)
[2025-11-17 18:27:47][INFO][Rank 0] - train Epoch 15/24: 18.5% (360/1948)
[2025-11-17 18:27:48][INFO][Rank 0] - CUDA Memory [train][Step 360]: Device 0: Allocated: 3309.6 MB, Reserved: 117540.0 MB (Δ: +1687.0 MB)
[2025-11-17 18:27:54][INFO][Rank 0] - train Epoch 15/24: 19.0% (370/1948)
[2025-11-17 18:28:01][INFO][Rank 0] - train Epoch 15/24: 19.5% (380/1948)
[2025-11-17 18:28:08][INFO][Rank 0] - train Epoch 15/24: 20.0% (390/1948)
[2025-11-17 18:28:15][INFO][Rank 0] - train Epoch 15/24: 20.5% (400/1948)
[2025-11-17 18:28:22][INFO][Rank 0] - train Epoch 15/24: 21.0% (410/1948)
[2025-11-17 18:28:29][INFO][Rank 0] - train Epoch 15/24: 21.6% (420/1948)
[2025-11-17 18:28:36][INFO][Rank 0] - train Epoch 15/24: 22.1% (430/1948)
[2025-11-17 18:28:43][INFO][Rank 0] - train Epoch 15/24: 22.6% (440/1948)
[2025-11-17 18:28:50][INFO][Rank 0] - train Epoch 15/24: 23.1% (450/1948)
[2025-11-17 18:28:51][INFO][Rank 0] - CUDA Memory [train][Step 450]: Device 0: Allocated: 3309.6 MB, Reserved: 117540.0 MB (Δ: +1687.0 MB)
[2025-11-17 18:28:57][INFO][Rank 0] - train Epoch 15/24: 23.6% (460/1948)
[2025-11-17 18:29:04][INFO][Rank 0] - train Epoch 15/24: 24.1% (470/1948)
[2025-11-17 18:29:11][INFO][Rank 0] - train Epoch 15/24: 24.6% (480/1948)
[2025-11-17 18:29:18][INFO][Rank 0] - train Epoch 15/24: 25.2% (490/1948)
[2025-11-17 18:29:26][INFO][Rank 0] - train Epoch 15/24: 25.7% (500/1948)
[2025-11-17 18:29:33][INFO][Rank 0] - train Epoch 15/24: 26.2% (510/1948)
[2025-11-17 18:29:40][INFO][Rank 0] - train Epoch 15/24: 26.7% (520/1948)
[2025-11-17 18:29:47][INFO][Rank 0] - train Epoch 15/24: 27.2% (530/1948)
[2025-11-17 18:29:54][INFO][Rank 0] - train Epoch 15/24: 27.7% (540/1948)
[2025-11-17 18:29:54][INFO][Rank 0] - CUDA Memory [train][Step 540]: Device 0: Allocated: 3309.6 MB, Reserved: 117540.0 MB (Δ: +1687.0 MB)
[2025-11-17 18:30:01][INFO][Rank 0] - train Epoch 15/24: 28.2% (550/1948)
[2025-11-17 18:30:08][INFO][Rank 0] - train Epoch 15/24: 28.7% (560/1948)
[2025-11-17 18:30:15][INFO][Rank 0] - train Epoch 15/24: 29.3% (570/1948)
[2025-11-17 18:30:22][INFO][Rank 0] - train Epoch 15/24: 29.8% (580/1948)
[2025-11-17 18:30:29][INFO][Rank 0] - train Epoch 15/24: 30.3% (590/1948)
[2025-11-17 18:30:36][INFO][Rank 0] - train Epoch 15/24: 30.8% (600/1948)
[2025-11-17 18:30:43][INFO][Rank 0] - train Epoch 15/24: 31.3% (610/1948)
[2025-11-17 18:30:50][INFO][Rank 0] - train Epoch 15/24: 31.8% (620/1948)
[2025-11-17 18:30:57][INFO][Rank 0] - train Epoch 15/24: 32.3% (630/1948)
[2025-11-17 18:30:58][INFO][Rank 0] - CUDA Memory [train][Step 630]: Device 0: Allocated: 3309.6 MB, Reserved: 117540.0 MB (Δ: +1687.0 MB)
[2025-11-17 18:31:04][INFO][Rank 0] - train Epoch 15/24: 32.9% (640/1948)
[2025-11-17 18:31:11][INFO][Rank 0] - train Epoch 15/24: 33.4% (650/1948)
[2025-11-17 18:31:18][INFO][Rank 0] - train Epoch 15/24: 33.9% (660/1948)
[2025-11-17 18:31:25][INFO][Rank 0] - train Epoch 15/24: 34.4% (670/1948)
[2025-11-17 18:31:32][INFO][Rank 0] - train Epoch 15/24: 34.9% (680/1948)
[2025-11-17 18:31:40][INFO][Rank 0] - train Epoch 15/24: 35.4% (690/1948)
[2025-11-17 18:31:47][INFO][Rank 0] - train Epoch 15/24: 35.9% (700/1948)
[2025-11-17 18:31:54][INFO][Rank 0] - train Epoch 15/24: 36.4% (710/1948)
[2025-11-17 18:32:01][INFO][Rank 0] - train Epoch 15/24: 37.0% (720/1948)
[2025-11-17 18:32:01][INFO][Rank 0] - CUDA Memory [train][Step 720]: Device 0: Allocated: 3309.6 MB, Reserved: 117540.0 MB (Δ: +1687.0 MB)
[2025-11-17 18:32:08][INFO][Rank 0] - train Epoch 15/24: 37.5% (730/1948)
[2025-11-17 18:32:15][INFO][Rank 0] - train Epoch 15/24: 38.0% (740/1948)
[2025-11-17 18:32:22][INFO][Rank 0] - train Epoch 15/24: 38.5% (750/1948)
[2025-11-17 18:32:29][INFO][Rank 0] - train Epoch 15/24: 39.0% (760/1948)
[2025-11-17 18:32:36][INFO][Rank 0] - train Epoch 15/24: 39.5% (770/1948)
[2025-11-17 18:32:43][INFO][Rank 0] - train Epoch 15/24: 40.0% (780/1948)
[2025-11-17 18:32:50][INFO][Rank 0] - train Epoch 15/24: 40.6% (790/1948)
[2025-11-17 18:32:57][INFO][Rank 0] - train Epoch 15/24: 41.1% (800/1948)
[2025-11-17 18:33:04][INFO][Rank 0] - train Epoch 15/24: 41.6% (810/1948)
[2025-11-17 18:33:05][INFO][Rank 0] - CUDA Memory [train][Step 810]: Device 0: Allocated: 3309.6 MB, Reserved: 117540.0 MB (Δ: +1687.0 MB)
[2025-11-17 18:33:11][INFO][Rank 0] - train Epoch 15/24: 42.1% (820/1948)
[2025-11-17 18:33:18][INFO][Rank 0] - train Epoch 15/24: 42.6% (830/1948)
[2025-11-17 18:33:25][INFO][Rank 0] - train Epoch 15/24: 43.1% (840/1948)
[2025-11-17 18:33:32][INFO][Rank 0] - train Epoch 15/24: 43.6% (850/1948)
[2025-11-17 18:33:39][INFO][Rank 0] - train Epoch 15/24: 44.1% (860/1948)
[2025-11-17 18:33:46][INFO][Rank 0] - train Epoch 15/24: 44.7% (870/1948)
[2025-11-17 18:33:53][INFO][Rank 0] - train Epoch 15/24: 45.2% (880/1948)
[2025-11-17 18:34:01][INFO][Rank 0] - train Epoch 15/24: 45.7% (890/1948)
[2025-11-17 18:34:08][INFO][Rank 0] - train Epoch 15/24: 46.2% (900/1948)
[2025-11-17 18:34:08][INFO][Rank 0] - CUDA Memory [train][Step 900]: Device 0: Allocated: 3309.6 MB, Reserved: 117540.0 MB (Δ: +1687.0 MB)
[2025-11-17 18:34:15][INFO][Rank 0] - train Epoch 15/24: 46.7% (910/1948)
[2025-11-17 18:34:22][INFO][Rank 0] - train Epoch 15/24: 47.2% (920/1948)
[2025-11-17 18:34:29][INFO][Rank 0] - train Epoch 15/24: 47.7% (930/1948)
[2025-11-17 18:34:36][INFO][Rank 0] - train Epoch 15/24: 48.3% (940/1948)
[2025-11-17 18:34:43][INFO][Rank 0] - train Epoch 15/24: 48.8% (950/1948)
[2025-11-17 18:34:50][INFO][Rank 0] - train Epoch 15/24: 49.3% (960/1948)
[2025-11-17 18:34:57][INFO][Rank 0] - train Epoch 15/24: 49.8% (970/1948)
[2025-11-17 18:35:04][INFO][Rank 0] - train Epoch 15/24: 50.3% (980/1948)
[2025-11-17 18:35:11][INFO][Rank 0] - train Epoch 15/24: 50.8% (990/1948)
[2025-11-17 18:35:12][INFO][Rank 0] - CUDA Memory [train][Step 990]: Device 0: Allocated: 3309.6 MB, Reserved: 117540.0 MB (Δ: +1687.0 MB)
[2025-11-17 18:35:18][INFO][Rank 0] - train Epoch 15/24: 51.3% (1000/1948)
[2025-11-17 18:35:25][INFO][Rank 0] - train Epoch 15/24: 51.8% (1010/1948)
[2025-11-17 18:35:32][INFO][Rank 0] - train Epoch 15/24: 52.4% (1020/1948)
[2025-11-17 18:35:39][INFO][Rank 0] - train Epoch 15/24: 52.9% (1030/1948)
[2025-11-17 18:35:46][INFO][Rank 0] - train Epoch 15/24: 53.4% (1040/1948)
[2025-11-17 18:35:53][INFO][Rank 0] - train Epoch 15/24: 53.9% (1050/1948)
[2025-11-17 18:36:00][INFO][Rank 0] - train Epoch 15/24: 54.4% (1060/1948)
[2025-11-17 18:36:07][INFO][Rank 0] - train Epoch 15/24: 54.9% (1070/1948)
[2025-11-17 18:36:15][INFO][Rank 0] - train Epoch 15/24: 55.4% (1080/1948)
[2025-11-17 18:36:15][INFO][Rank 0] - CUDA Memory [train][Step 1080]: Device 0: Allocated: 3309.6 MB, Reserved: 117540.0 MB (Δ: +1687.0 MB)
[2025-11-17 18:36:22][INFO][Rank 0] - train Epoch 15/24: 56.0% (1090/1948)
[2025-11-17 18:36:29][INFO][Rank 0] - train Epoch 15/24: 56.5% (1100/1948)
[2025-11-17 18:36:36][INFO][Rank 0] - train Epoch 15/24: 57.0% (1110/1948)
[2025-11-17 18:36:43][INFO][Rank 0] - train Epoch 15/24: 57.5% (1120/1948)
[2025-11-17 18:36:50][INFO][Rank 0] - train Epoch 15/24: 58.0% (1130/1948)
[2025-11-17 18:36:57][INFO][Rank 0] - train Epoch 15/24: 58.5% (1140/1948)
[2025-11-17 18:37:04][INFO][Rank 0] - train Epoch 15/24: 59.0% (1150/1948)
[2025-11-17 18:37:11][INFO][Rank 0] - train Epoch 15/24: 59.5% (1160/1948)
[2025-11-17 18:37:18][INFO][Rank 0] - train Epoch 15/24: 60.1% (1170/1948)
[2025-11-17 18:37:19][INFO][Rank 0] - CUDA Memory [train][Step 1170]: Device 0: Allocated: 3309.6 MB, Reserved: 117540.0 MB (Δ: +1687.0 MB)
[2025-11-17 18:37:25][INFO][Rank 0] - train Epoch 15/24: 60.6% (1180/1948)
[2025-11-17 18:37:32][INFO][Rank 0] - train Epoch 15/24: 61.1% (1190/1948)
[2025-11-17 18:37:39][INFO][Rank 0] - train Epoch 15/24: 61.6% (1200/1948)
[2025-11-17 18:37:46][INFO][Rank 0] - train Epoch 15/24: 62.1% (1210/1948)
[2025-11-17 18:37:53][INFO][Rank 0] - train Epoch 15/24: 62.6% (1220/1948)
[2025-11-17 18:38:00][INFO][Rank 0] - train Epoch 15/24: 63.1% (1230/1948)
[2025-11-17 18:38:07][INFO][Rank 0] - train Epoch 15/24: 63.7% (1240/1948)
[2025-11-17 18:38:14][INFO][Rank 0] - train Epoch 15/24: 64.2% (1250/1948)
[2025-11-17 18:38:21][INFO][Rank 0] - train Epoch 15/24: 64.7% (1260/1948)
[2025-11-17 18:38:22][INFO][Rank 0] - CUDA Memory [train][Step 1260]: Device 0: Allocated: 3309.6 MB, Reserved: 117540.0 MB (Δ: +1687.0 MB)
[2025-11-17 18:38:29][INFO][Rank 0] - train Epoch 15/24: 65.2% (1270/1948)
[2025-11-17 18:38:36][INFO][Rank 0] - train Epoch 15/24: 65.7% (1280/1948)
[2025-11-17 18:38:43][INFO][Rank 0] - train Epoch 15/24: 66.2% (1290/1948)
[2025-11-17 18:38:50][INFO][Rank 0] - train Epoch 15/24: 66.7% (1300/1948)
[2025-11-17 18:38:57][INFO][Rank 0] - train Epoch 15/24: 67.2% (1310/1948)
[2025-11-17 18:39:04][INFO][Rank 0] - train Epoch 15/24: 67.8% (1320/1948)
[2025-11-17 18:39:11][INFO][Rank 0] - train Epoch 15/24: 68.3% (1330/1948)
[2025-11-17 18:39:18][INFO][Rank 0] - train Epoch 15/24: 68.8% (1340/1948)
[2025-11-17 18:39:25][INFO][Rank 0] - train Epoch 15/24: 69.3% (1350/1948)
[2025-11-17 18:39:26][INFO][Rank 0] - CUDA Memory [train][Step 1350]: Device 0: Allocated: 3309.6 MB, Reserved: 117540.0 MB (Δ: +1687.0 MB)
[2025-11-17 18:39:32][INFO][Rank 0] - train Epoch 15/24: 69.8% (1360/1948)
[2025-11-17 18:39:39][INFO][Rank 0] - train Epoch 15/24: 70.3% (1370/1948)
[2025-11-17 18:39:46][INFO][Rank 0] - train Epoch 15/24: 70.8% (1380/1948)
[2025-11-17 18:39:53][INFO][Rank 0] - train Epoch 15/24: 71.4% (1390/1948)
[2025-11-17 18:40:00][INFO][Rank 0] - train Epoch 15/24: 71.9% (1400/1948)
[2025-11-17 18:40:07][INFO][Rank 0] - train Epoch 15/24: 72.4% (1410/1948)
[2025-11-17 18:40:14][INFO][Rank 0] - train Epoch 15/24: 72.9% (1420/1948)
[2025-11-17 18:40:21][INFO][Rank 0] - train Epoch 15/24: 73.4% (1430/1948)
[2025-11-17 18:40:28][INFO][Rank 0] - train Epoch 15/24: 73.9% (1440/1948)
[2025-11-17 18:40:29][INFO][Rank 0] - CUDA Memory [train][Step 1440]: Device 0: Allocated: 3309.6 MB, Reserved: 117540.0 MB (Δ: +1687.0 MB)
[2025-11-17 18:40:35][INFO][Rank 0] - train Epoch 15/24: 74.4% (1450/1948)
[2025-11-17 18:40:43][INFO][Rank 0] - train Epoch 15/24: 74.9% (1460/1948)
[2025-11-17 18:40:50][INFO][Rank 0] - train Epoch 15/24: 75.5% (1470/1948)
[2025-11-17 18:40:57][INFO][Rank 0] - train Epoch 15/24: 76.0% (1480/1948)
[2025-11-17 18:41:04][INFO][Rank 0] - train Epoch 15/24: 76.5% (1490/1948)
[2025-11-17 18:41:11][INFO][Rank 0] - train Epoch 15/24: 77.0% (1500/1948)
[2025-11-17 18:41:18][INFO][Rank 0] - train Epoch 15/24: 77.5% (1510/1948)
[2025-11-17 18:41:25][INFO][Rank 0] - train Epoch 15/24: 78.0% (1520/1948)
[2025-11-17 18:41:32][INFO][Rank 0] - train Epoch 15/24: 78.5% (1530/1948)
[2025-11-17 18:41:33][INFO][Rank 0] - CUDA Memory [train][Step 1530]: Device 0: Allocated: 3309.6 MB, Reserved: 117540.0 MB (Δ: +1687.0 MB)
[2025-11-17 18:41:39][INFO][Rank 0] - train Epoch 15/24: 79.1% (1540/1948)
[2025-11-17 18:41:46][INFO][Rank 0] - train Epoch 15/24: 79.6% (1550/1948)
[2025-11-17 18:41:53][INFO][Rank 0] - train Epoch 15/24: 80.1% (1560/1948)
[2025-11-17 18:42:00][INFO][Rank 0] - train Epoch 15/24: 80.6% (1570/1948)
[2025-11-17 18:42:07][INFO][Rank 0] - train Epoch 15/24: 81.1% (1580/1948)
[2025-11-17 18:42:14][INFO][Rank 0] - train Epoch 15/24: 81.6% (1590/1948)
[2025-11-17 18:42:21][INFO][Rank 0] - train Epoch 15/24: 82.1% (1600/1948)
[2025-11-17 18:42:28][INFO][Rank 0] - train Epoch 15/24: 82.6% (1610/1948)
[2025-11-17 18:42:35][INFO][Rank 0] - train Epoch 15/24: 83.2% (1620/1948)
[2025-11-17 18:42:36][INFO][Rank 0] - CUDA Memory [train][Step 1620]: Device 0: Allocated: 3309.6 MB, Reserved: 117540.0 MB (Δ: +1687.0 MB)
[2025-11-17 18:42:42][INFO][Rank 0] - train Epoch 15/24: 83.7% (1630/1948)
[2025-11-17 18:42:49][INFO][Rank 0] - train Epoch 15/24: 84.2% (1640/1948)
[2025-11-17 18:42:57][INFO][Rank 0] - train Epoch 15/24: 84.7% (1650/1948)
[2025-11-17 18:43:04][INFO][Rank 0] - train Epoch 15/24: 85.2% (1660/1948)
[2025-11-17 18:43:11][INFO][Rank 0] - train Epoch 15/24: 85.7% (1670/1948)
[2025-11-17 18:43:18][INFO][Rank 0] - train Epoch 15/24: 86.2% (1680/1948)
[2025-11-17 18:43:25][INFO][Rank 0] - train Epoch 15/24: 86.8% (1690/1948)
[2025-11-17 18:43:32][INFO][Rank 0] - train Epoch 15/24: 87.3% (1700/1948)
[2025-11-17 18:43:39][INFO][Rank 0] - train Epoch 15/24: 87.8% (1710/1948)
[2025-11-17 18:43:40][INFO][Rank 0] - CUDA Memory [train][Step 1710]: Device 0: Allocated: 3309.6 MB, Reserved: 117540.0 MB (Δ: +1687.0 MB)
[2025-11-17 18:43:46][INFO][Rank 0] - train Epoch 15/24: 88.3% (1720/1948)
[2025-11-17 18:43:53][INFO][Rank 0] - train Epoch 15/24: 88.8% (1730/1948)
[2025-11-17 18:44:00][INFO][Rank 0] - train Epoch 15/24: 89.3% (1740/1948)
[2025-11-17 18:44:07][INFO][Rank 0] - train Epoch 15/24: 89.8% (1750/1948)
[2025-11-17 18:44:14][INFO][Rank 0] - train Epoch 15/24: 90.3% (1760/1948)
[2025-11-17 18:44:21][INFO][Rank 0] - train Epoch 15/24: 90.9% (1770/1948)
[2025-11-17 18:44:28][INFO][Rank 0] - train Epoch 15/24: 91.4% (1780/1948)
[2025-11-17 18:44:35][INFO][Rank 0] - train Epoch 15/24: 91.9% (1790/1948)
[2025-11-17 18:44:42][INFO][Rank 0] - train Epoch 15/24: 92.4% (1800/1948)
[2025-11-17 18:44:43][INFO][Rank 0] - CUDA Memory [train][Step 1800]: Device 0: Allocated: 3309.6 MB, Reserved: 117540.0 MB (Δ: +1687.0 MB)
[2025-11-17 18:44:49][INFO][Rank 0] - train Epoch 15/24: 92.9% (1810/1948)
[2025-11-17 18:44:56][INFO][Rank 0] - train Epoch 15/24: 93.4% (1820/1948)
[2025-11-17 18:45:03][INFO][Rank 0] - train Epoch 15/24: 93.9% (1830/1948)
[2025-11-17 18:45:11][INFO][Rank 0] - train Epoch 15/24: 94.5% (1840/1948)
[2025-11-17 18:45:18][INFO][Rank 0] - train Epoch 15/24: 95.0% (1850/1948)
[2025-11-17 18:45:25][INFO][Rank 0] - train Epoch 15/24: 95.5% (1860/1948)
[2025-11-17 18:45:32][INFO][Rank 0] - train Epoch 15/24: 96.0% (1870/1948)
[2025-11-17 18:45:39][INFO][Rank 0] - train Epoch 15/24: 96.5% (1880/1948)
[2025-11-17 18:45:46][INFO][Rank 0] - train Epoch 15/24: 97.0% (1890/1948)
[2025-11-17 18:45:46][INFO][Rank 0] - CUDA Memory [train][Step 1890]: Device 0: Allocated: 3309.6 MB, Reserved: 117540.0 MB (Δ: +1687.0 MB)
[2025-11-17 18:45:53][INFO][Rank 0] - train Epoch 15/24: 97.5% (1900/1948)
[2025-11-17 18:46:00][INFO][Rank 0] - train Epoch 15/24: 98.0% (1910/1948)
[2025-11-17 18:46:07][INFO][Rank 0] - train Epoch 15/24: 98.6% (1920/1948)
[2025-11-17 18:46:14][INFO][Rank 0] - train Epoch 15/24: 99.1% (1930/1948)
[2025-11-17 18:46:21][INFO][Rank 0] - train Epoch 15/24: 99.6% (1940/1948)
[2025-11-17 18:46:26][INFO][Rank 0] - train Epoch 15/24: 99.9% (1947/1948)
[2025-11-17 18:46:27][INFO][Rank 0] - train Loss: 0.1540 Acc: 0.9723 F1: 0.9857
[2025-11-17 18:46:27][INFO][Rank 0] - train Balanced Acc: 0.8840 AUC-ROC: 0.9732
[2025-11-17 18:46:27][INFO][Rank 0] - train Sensitivity: 0.9770 Specificity: 0.7910
[2025-11-17 18:46:27][INFO][Rank 0] - train Confusion Matrix: TP=18555, FP=102, FN=437, TN=386
[2025-11-17 18:46:27][INFO][Rank 0] - train completed in 1374.26s
[2025-11-17 18:46:27][INFO][Rank 0] - Data loading time: 1.18s, Forward time: 279.66s, Backward time: 744.01s
[2025-11-17 18:46:27][INFO][Rank 0] - train cache: 0/1 items, hit rate: 0.00%
[2025-11-17 18:46:27][INFO][Rank 0] - CUDA Memory [val][Step 0]: Device 0: Allocated: 3309.6 MB, Reserved: 117540.0 MB (Δ: +1687.0 MB)
[2025-11-17 18:46:27][INFO][Rank 0] - val phase: total 406 batches
[2025-11-17 18:46:27][INFO][Rank 0] - val Epoch 15/24: 0.0% (0/406)
[2025-11-17 18:46:32][INFO][Rank 0] - val Epoch 15/24: 2.5% (10/406)
[2025-11-17 18:46:37][INFO][Rank 0] - val Epoch 15/24: 4.9% (20/406)
[2025-11-17 18:46:42][INFO][Rank 0] - val Epoch 15/24: 7.4% (30/406)
[2025-11-17 18:46:47][INFO][Rank 0] - val Epoch 15/24: 9.9% (40/406)
[2025-11-17 18:46:52][INFO][Rank 0] - val Epoch 15/24: 12.3% (50/406)
[2025-11-17 18:46:57][INFO][Rank 0] - val Epoch 15/24: 14.8% (60/406)
[2025-11-17 18:47:02][INFO][Rank 0] - val Epoch 15/24: 17.2% (70/406)
[2025-11-17 18:47:07][INFO][Rank 0] - val Epoch 15/24: 19.7% (80/406)
[2025-11-17 18:47:12][INFO][Rank 0] - val Epoch 15/24: 22.2% (90/406)
[2025-11-17 18:47:17][INFO][Rank 0] - val Epoch 15/24: 24.6% (100/406)
[2025-11-17 18:47:22][INFO][Rank 0] - val Epoch 15/24: 27.1% (110/406)
[2025-11-17 18:47:27][INFO][Rank 0] - val Epoch 15/24: 29.6% (120/406)
[2025-11-17 18:47:28][INFO][Rank 0] - CUDA Memory [val][Step 120]: Device 0: Allocated: 3309.6 MB, Reserved: 117540.0 MB (Δ: +1687.0 MB)
[2025-11-17 18:47:32][INFO][Rank 0] - val Epoch 15/24: 32.0% (130/406)
[2025-11-17 18:47:37][INFO][Rank 0] - val Epoch 15/24: 34.5% (140/406)
[2025-11-17 18:47:42][INFO][Rank 0] - val Epoch 15/24: 36.9% (150/406)
[2025-11-17 18:47:47][INFO][Rank 0] - val Epoch 15/24: 39.4% (160/406)
[2025-11-17 18:47:52][INFO][Rank 0] - val Epoch 15/24: 41.9% (170/406)
[2025-11-17 18:47:57][INFO][Rank 0] - val Epoch 15/24: 44.3% (180/406)
[2025-11-17 18:48:03][INFO][Rank 0] - val Epoch 15/24: 46.8% (190/406)
[2025-11-17 18:48:08][INFO][Rank 0] - val Epoch 15/24: 49.3% (200/406)
[2025-11-17 18:48:13][INFO][Rank 0] - val Epoch 15/24: 51.7% (210/406)
[2025-11-17 18:48:18][INFO][Rank 0] - val Epoch 15/24: 54.2% (220/406)
[2025-11-17 18:48:23][INFO][Rank 0] - val Epoch 15/24: 56.7% (230/406)
[2025-11-17 18:48:28][INFO][Rank 0] - val Epoch 15/24: 59.1% (240/406)
[2025-11-17 18:48:28][INFO][Rank 0] - CUDA Memory [val][Step 240]: Device 0: Allocated: 3309.6 MB, Reserved: 117540.0 MB (Δ: +1687.0 MB)
[2025-11-17 18:48:33][INFO][Rank 0] - val Epoch 15/24: 61.6% (250/406)
[2025-11-17 18:48:38][INFO][Rank 0] - val Epoch 15/24: 64.0% (260/406)
[2025-11-17 18:48:43][INFO][Rank 0] - val Epoch 15/24: 66.5% (270/406)
[2025-11-17 18:48:48][INFO][Rank 0] - val Epoch 15/24: 69.0% (280/406)
[2025-11-17 18:48:53][INFO][Rank 0] - val Epoch 15/24: 71.4% (290/406)
[2025-11-17 18:48:58][INFO][Rank 0] - val Epoch 15/24: 73.9% (300/406)
[2025-11-17 18:49:03][INFO][Rank 0] - val Epoch 15/24: 76.4% (310/406)
[2025-11-17 18:49:08][INFO][Rank 0] - val Epoch 15/24: 78.8% (320/406)
[2025-11-17 18:49:13][INFO][Rank 0] - val Epoch 15/24: 81.3% (330/406)
[2025-11-17 18:49:18][INFO][Rank 0] - val Epoch 15/24: 83.7% (340/406)
[2025-11-17 18:49:23][INFO][Rank 0] - val Epoch 15/24: 86.2% (350/406)
[2025-11-17 18:49:28][INFO][Rank 0] - val Epoch 15/24: 88.7% (360/406)
[2025-11-17 18:49:28][INFO][Rank 0] - CUDA Memory [val][Step 360]: Device 0: Allocated: 3309.6 MB, Reserved: 117540.0 MB (Δ: +1687.0 MB)
[2025-11-17 18:49:33][INFO][Rank 0] - val Epoch 15/24: 91.1% (370/406)
[2025-11-17 18:49:38][INFO][Rank 0] - val Epoch 15/24: 93.6% (380/406)
[2025-11-17 18:49:43][INFO][Rank 0] - val Epoch 15/24: 96.1% (390/406)
[2025-11-17 18:49:48][INFO][Rank 0] - val Epoch 15/24: 98.5% (400/406)
[2025-11-17 18:49:50][INFO][Rank 0] - val Epoch 15/24: 99.8% (405/406)
[2025-11-17 18:49:51][INFO][Rank 0] - val Loss: 0.1046 Acc: 0.9727 F1: 0.9858
[2025-11-17 18:49:51][INFO][Rank 0] - val Balanced Acc: 0.9094 AUC-ROC: 0.9815
[2025-11-17 18:49:51][INFO][Rank 0] - val Sensitivity: 0.9762 Specificity: 0.8426
[2025-11-17 18:49:51][INFO][Rank 0] - val Confusion Matrix: TP=3858, FP=17, FN=94, TN=91
[2025-11-17 18:49:51][INFO][Rank 0] - val completed in 204.31s
[2025-11-17 18:49:51][INFO][Rank 0] - val cache: 0/1 items, hit rate: 0.00%
[2025-11-17 18:49:55][INFO][Rank 0] - Saved new best balanced_acc model with balanced_acc: 0.9094 at /projects/retprogression/rgarridogarcia/checkpoints/cropped1024_cropped_centered_allR_3/best_balanced_acc_model.pth
[2025-11-17 18:49:59][INFO][Rank 0] - Also saved as general best model at /projects/retprogression/rgarridogarcia/checkpoints/cropped1024_cropped_centered_allR_3/best_model.pth
[2025-11-17 18:50:03][INFO][Rank 0] - Saved new best auc model with auc: 0.9815 at /projects/retprogression/rgarridogarcia/checkpoints/cropped1024_cropped_centered_allR_3/best_auc_model.pth
[2025-11-17 18:50:07][INFO][Rank 0] - Saved epoch checkpoint at /projects/retprogression/rgarridogarcia/checkpoints/cropped1024_cropped_centered_allR_3/epoch_15.pth
[2025-11-17 18:50:07][INFO][Rank 0] - Epoch 15 summary:
[2025-11-17 18:50:07][INFO][Rank 0] -  Train Loss: 0.1540, Train Acc: 0.9723, Train F1: 0.9857
[2025-11-17 18:50:07][INFO][Rank 0] -  Train Balanced Acc: 0.8840, Train AUC: 0.9732
[2025-11-17 18:50:07][INFO][Rank 0] -  Train Sensitivity: 0.9770, Train Specificity: 0.7910
[2025-11-17 18:50:07][INFO][Rank 0] -  Val Loss: 0.1046, Val Acc: 0.9727, Val F1: 0.9858
[2025-11-17 18:50:07][INFO][Rank 0] -  Val Balanced Acc: 0.9094, Val AUC: 0.9815
[2025-11-17 18:50:07][INFO][Rank 0] -  Val Sensitivity: 0.9762, Val Specificity: 0.8426
[2025-11-17 18:50:07][INFO][Rank 0] -  Total Epoch Time: 1594.61s
[2025-11-17 18:50:07][INFO][Rank 0] - Epoch 16/24
[2025-11-17 18:50:07][INFO][Rank 0] - ----------
[2025-11-17 18:50:07][INFO][Rank 0] - CUDA Memory [train][Step 0]: Device 0: Allocated: 3309.6 MB, Reserved: 117540.0 MB (Δ: +1687.0 MB)
[2025-11-17 18:50:07][INFO][Rank 0] - train phase: total 1948 batches
[2025-11-17 18:50:07][INFO][Rank 0] - train Epoch 16/24: 0.0% (0/1948)
[2025-11-17 18:50:14][INFO][Rank 0] - train Epoch 16/24: 0.5% (10/1948)
[2025-11-17 18:50:22][INFO][Rank 0] - train Epoch 16/24: 1.0% (20/1948)
[2025-11-17 18:50:29][INFO][Rank 0] - train Epoch 16/24: 1.5% (30/1948)
[2025-11-17 18:50:36][INFO][Rank 0] - train Epoch 16/24: 2.1% (40/1948)
[2025-11-17 18:50:43][INFO][Rank 0] - train Epoch 16/24: 2.6% (50/1948)
[2025-11-17 18:50:50][INFO][Rank 0] - train Epoch 16/24: 3.1% (60/1948)
[2025-11-17 18:50:57][INFO][Rank 0] - train Epoch 16/24: 3.6% (70/1948)
[2025-11-17 18:51:04][INFO][Rank 0] - train Epoch 16/24: 4.1% (80/1948)
[2025-11-17 18:51:11][INFO][Rank 0] - train Epoch 16/24: 4.6% (90/1948)
[2025-11-17 18:51:12][INFO][Rank 0] - CUDA Memory [train][Step 90]: Device 0: Allocated: 3309.6 MB, Reserved: 117540.0 MB (Δ: +1687.0 MB)
[2025-11-17 18:51:18][INFO][Rank 0] - train Epoch 16/24: 5.1% (100/1948)
[2025-11-17 18:51:25][INFO][Rank 0] - train Epoch 16/24: 5.6% (110/1948)
[2025-11-17 18:51:32][INFO][Rank 0] - train Epoch 16/24: 6.2% (120/1948)
[2025-11-17 18:51:39][INFO][Rank 0] - train Epoch 16/24: 6.7% (130/1948)
[2025-11-17 18:51:46][INFO][Rank 0] - train Epoch 16/24: 7.2% (140/1948)
[2025-11-17 18:51:53][INFO][Rank 0] - train Epoch 16/24: 7.7% (150/1948)
[2025-11-17 18:52:00][INFO][Rank 0] - train Epoch 16/24: 8.2% (160/1948)
[2025-11-17 18:52:07][INFO][Rank 0] - train Epoch 16/24: 8.7% (170/1948)
[2025-11-17 18:52:14][INFO][Rank 0] - train Epoch 16/24: 9.2% (180/1948)
[2025-11-17 18:52:15][INFO][Rank 0] - CUDA Memory [train][Step 180]: Device 0: Allocated: 3309.6 MB, Reserved: 117540.0 MB (Δ: +1687.0 MB)
[2025-11-17 18:52:21][INFO][Rank 0] - train Epoch 16/24: 9.8% (190/1948)
[2025-11-17 18:52:28][INFO][Rank 0] - train Epoch 16/24: 10.3% (200/1948)
[2025-11-17 18:52:36][INFO][Rank 0] - train Epoch 16/24: 10.8% (210/1948)
[2025-11-17 18:52:43][INFO][Rank 0] - train Epoch 16/24: 11.3% (220/1948)
[2025-11-17 18:52:50][INFO][Rank 0] - train Epoch 16/24: 11.8% (230/1948)
[2025-11-17 18:52:57][INFO][Rank 0] - train Epoch 16/24: 12.3% (240/1948)
[2025-11-17 18:53:04][INFO][Rank 0] - train Epoch 16/24: 12.8% (250/1948)
[2025-11-17 18:53:11][INFO][Rank 0] - train Epoch 16/24: 13.3% (260/1948)
[2025-11-17 18:53:18][INFO][Rank 0] - train Epoch 16/24: 13.9% (270/1948)
[2025-11-17 18:53:19][INFO][Rank 0] - CUDA Memory [train][Step 270]: Device 0: Allocated: 3309.6 MB, Reserved: 117540.0 MB (Δ: +1687.0 MB)
[2025-11-17 18:53:25][INFO][Rank 0] - train Epoch 16/24: 14.4% (280/1948)
[2025-11-17 18:53:32][INFO][Rank 0] - train Epoch 16/24: 14.9% (290/1948)
[2025-11-17 18:53:39][INFO][Rank 0] - train Epoch 16/24: 15.4% (300/1948)
[2025-11-17 18:53:46][INFO][Rank 0] - train Epoch 16/24: 15.9% (310/1948)
[2025-11-17 18:53:53][INFO][Rank 0] - train Epoch 16/24: 16.4% (320/1948)
[2025-11-17 18:54:00][INFO][Rank 0] - train Epoch 16/24: 16.9% (330/1948)
[2025-11-17 18:54:07][INFO][Rank 0] - train Epoch 16/24: 17.5% (340/1948)
[2025-11-17 18:54:14][INFO][Rank 0] - train Epoch 16/24: 18.0% (350/1948)
[2025-11-17 18:54:21][INFO][Rank 0] - train Epoch 16/24: 18.5% (360/1948)
[2025-11-17 18:54:22][INFO][Rank 0] - CUDA Memory [train][Step 360]: Device 0: Allocated: 3309.6 MB, Reserved: 117540.0 MB (Δ: +1687.0 MB)
[2025-11-17 18:54:28][INFO][Rank 0] - train Epoch 16/24: 19.0% (370/1948)
[2025-11-17 18:54:35][INFO][Rank 0] - train Epoch 16/24: 19.5% (380/1948)
[2025-11-17 18:54:42][INFO][Rank 0] - train Epoch 16/24: 20.0% (390/1948)
[2025-11-17 18:54:49][INFO][Rank 0] - train Epoch 16/24: 20.5% (400/1948)
[2025-11-17 18:54:57][INFO][Rank 0] - train Epoch 16/24: 21.0% (410/1948)
[2025-11-17 18:55:04][INFO][Rank 0] - train Epoch 16/24: 21.6% (420/1948)
[2025-11-17 18:55:11][INFO][Rank 0] - train Epoch 16/24: 22.1% (430/1948)
[2025-11-17 18:55:18][INFO][Rank 0] - train Epoch 16/24: 22.6% (440/1948)
[2025-11-17 18:55:25][INFO][Rank 0] - train Epoch 16/24: 23.1% (450/1948)
[2025-11-17 18:55:25][INFO][Rank 0] - CUDA Memory [train][Step 450]: Device 0: Allocated: 3309.6 MB, Reserved: 117540.0 MB (Δ: +1687.0 MB)
[2025-11-17 18:55:32][INFO][Rank 0] - train Epoch 16/24: 23.6% (460/1948)
[2025-11-17 18:55:39][INFO][Rank 0] - train Epoch 16/24: 24.1% (470/1948)
[2025-11-17 18:55:46][INFO][Rank 0] - train Epoch 16/24: 24.6% (480/1948)
[2025-11-17 18:55:53][INFO][Rank 0] - train Epoch 16/24: 25.2% (490/1948)
[2025-11-17 18:56:00][INFO][Rank 0] - train Epoch 16/24: 25.7% (500/1948)
[2025-11-17 18:56:07][INFO][Rank 0] - train Epoch 16/24: 26.2% (510/1948)
[2025-11-17 18:56:14][INFO][Rank 0] - train Epoch 16/24: 26.7% (520/1948)
[2025-11-17 18:56:21][INFO][Rank 0] - train Epoch 16/24: 27.2% (530/1948)
[2025-11-17 18:56:28][INFO][Rank 0] - train Epoch 16/24: 27.7% (540/1948)
[2025-11-17 18:56:29][INFO][Rank 0] - CUDA Memory [train][Step 540]: Device 0: Allocated: 3309.6 MB, Reserved: 117540.0 MB (Δ: +1687.0 MB)
[2025-11-17 18:56:35][INFO][Rank 0] - train Epoch 16/24: 28.2% (550/1948)
[2025-11-17 18:56:42][INFO][Rank 0] - train Epoch 16/24: 28.7% (560/1948)
[2025-11-17 18:56:49][INFO][Rank 0] - train Epoch 16/24: 29.3% (570/1948)
[2025-11-17 18:56:56][INFO][Rank 0] - train Epoch 16/24: 29.8% (580/1948)
[2025-11-17 18:57:03][INFO][Rank 0] - train Epoch 16/24: 30.3% (590/1948)
[2025-11-17 18:57:11][INFO][Rank 0] - train Epoch 16/24: 30.8% (600/1948)
[2025-11-17 18:57:18][INFO][Rank 0] - train Epoch 16/24: 31.3% (610/1948)
[2025-11-17 18:57:25][INFO][Rank 0] - train Epoch 16/24: 31.8% (620/1948)
[2025-11-17 18:57:32][INFO][Rank 0] - train Epoch 16/24: 32.3% (630/1948)
[2025-11-17 18:57:32][INFO][Rank 0] - CUDA Memory [train][Step 630]: Device 0: Allocated: 3309.6 MB, Reserved: 117540.0 MB (Δ: +1687.0 MB)
[2025-11-17 18:57:39][INFO][Rank 0] - train Epoch 16/24: 32.9% (640/1948)
[2025-11-17 18:57:46][INFO][Rank 0] - train Epoch 16/24: 33.4% (650/1948)
[2025-11-17 18:57:53][INFO][Rank 0] - train Epoch 16/24: 33.9% (660/1948)
[2025-11-17 18:58:00][INFO][Rank 0] - train Epoch 16/24: 34.4% (670/1948)
[2025-11-17 18:58:07][INFO][Rank 0] - train Epoch 16/24: 34.9% (680/1948)
[2025-11-17 18:58:14][INFO][Rank 0] - train Epoch 16/24: 35.4% (690/1948)
[2025-11-17 18:58:21][INFO][Rank 0] - train Epoch 16/24: 35.9% (700/1948)
[2025-11-17 18:58:28][INFO][Rank 0] - train Epoch 16/24: 36.4% (710/1948)
[2025-11-17 18:58:35][INFO][Rank 0] - train Epoch 16/24: 37.0% (720/1948)
[2025-11-17 18:58:36][INFO][Rank 0] - CUDA Memory [train][Step 720]: Device 0: Allocated: 3309.6 MB, Reserved: 117540.0 MB (Δ: +1687.0 MB)
[2025-11-17 18:58:42][INFO][Rank 0] - train Epoch 16/24: 37.5% (730/1948)
[2025-11-17 18:58:49][INFO][Rank 0] - train Epoch 16/24: 38.0% (740/1948)
[2025-11-17 18:58:56][INFO][Rank 0] - train Epoch 16/24: 38.5% (750/1948)
[2025-11-17 18:59:03][INFO][Rank 0] - train Epoch 16/24: 39.0% (760/1948)
[2025-11-17 18:59:10][INFO][Rank 0] - train Epoch 16/24: 39.5% (770/1948)
[2025-11-17 18:59:17][INFO][Rank 0] - train Epoch 16/24: 40.0% (780/1948)
[2025-11-17 18:59:24][INFO][Rank 0] - train Epoch 16/24: 40.6% (790/1948)
[2025-11-17 18:59:32][INFO][Rank 0] - train Epoch 16/24: 41.1% (800/1948)
[2025-11-17 18:59:39][INFO][Rank 0] - train Epoch 16/24: 41.6% (810/1948)
[2025-11-17 18:59:39][INFO][Rank 0] - CUDA Memory [train][Step 810]: Device 0: Allocated: 3309.6 MB, Reserved: 117540.0 MB (Δ: +1687.0 MB)
[2025-11-17 18:59:46][INFO][Rank 0] - train Epoch 16/24: 42.1% (820/1948)
[2025-11-17 18:59:53][INFO][Rank 0] - train Epoch 16/24: 42.6% (830/1948)
[2025-11-17 19:00:00][INFO][Rank 0] - train Epoch 16/24: 43.1% (840/1948)
[2025-11-17 19:00:07][INFO][Rank 0] - train Epoch 16/24: 43.6% (850/1948)
[2025-11-17 19:00:14][INFO][Rank 0] - train Epoch 16/24: 44.1% (860/1948)
[2025-11-17 19:00:21][INFO][Rank 0] - train Epoch 16/24: 44.7% (870/1948)
[2025-11-17 19:00:28][INFO][Rank 0] - train Epoch 16/24: 45.2% (880/1948)
[2025-11-17 19:00:35][INFO][Rank 0] - train Epoch 16/24: 45.7% (890/1948)
[2025-11-17 19:00:42][INFO][Rank 0] - train Epoch 16/24: 46.2% (900/1948)
[2025-11-17 19:00:43][INFO][Rank 0] - CUDA Memory [train][Step 900]: Device 0: Allocated: 3309.6 MB, Reserved: 117540.0 MB (Δ: +1687.0 MB)
[2025-11-17 19:00:49][INFO][Rank 0] - train Epoch 16/24: 46.7% (910/1948)
[2025-11-17 19:00:56][INFO][Rank 0] - train Epoch 16/24: 47.2% (920/1948)
[2025-11-17 19:01:03][INFO][Rank 0] - train Epoch 16/24: 47.7% (930/1948)
[2025-11-17 19:01:10][INFO][Rank 0] - train Epoch 16/24: 48.3% (940/1948)
[2025-11-17 19:01:17][INFO][Rank 0] - train Epoch 16/24: 48.8% (950/1948)
[2025-11-17 19:01:24][INFO][Rank 0] - train Epoch 16/24: 49.3% (960/1948)
[2025-11-17 19:01:31][INFO][Rank 0] - train Epoch 16/24: 49.8% (970/1948)
[2025-11-17 19:01:38][INFO][Rank 0] - train Epoch 16/24: 50.3% (980/1948)
[2025-11-17 19:01:45][INFO][Rank 0] - train Epoch 16/24: 50.8% (990/1948)
[2025-11-17 19:01:46][INFO][Rank 0] - CUDA Memory [train][Step 990]: Device 0: Allocated: 3309.6 MB, Reserved: 117540.0 MB (Δ: +1687.0 MB)
[2025-11-17 19:01:53][INFO][Rank 0] - train Epoch 16/24: 51.3% (1000/1948)
[2025-11-17 19:02:00][INFO][Rank 0] - train Epoch 16/24: 51.8% (1010/1948)
[2025-11-17 19:02:07][INFO][Rank 0] - train Epoch 16/24: 52.4% (1020/1948)
[2025-11-17 19:02:14][INFO][Rank 0] - train Epoch 16/24: 52.9% (1030/1948)
[2025-11-17 19:02:21][INFO][Rank 0] - train Epoch 16/24: 53.4% (1040/1948)
[2025-11-17 19:02:28][INFO][Rank 0] - train Epoch 16/24: 53.9% (1050/1948)
[2025-11-17 19:02:35][INFO][Rank 0] - train Epoch 16/24: 54.4% (1060/1948)
[2025-11-17 19:02:42][INFO][Rank 0] - train Epoch 16/24: 54.9% (1070/1948)
[2025-11-17 19:02:49][INFO][Rank 0] - train Epoch 16/24: 55.4% (1080/1948)
[2025-11-17 19:02:50][INFO][Rank 0] - CUDA Memory [train][Step 1080]: Device 0: Allocated: 3309.6 MB, Reserved: 117540.0 MB (Δ: +1687.0 MB)
[2025-11-17 19:02:56][INFO][Rank 0] - train Epoch 16/24: 56.0% (1090/1948)
[2025-11-17 19:03:03][INFO][Rank 0] - train Epoch 16/24: 56.5% (1100/1948)
[2025-11-17 19:03:10][INFO][Rank 0] - train Epoch 16/24: 57.0% (1110/1948)
[2025-11-17 19:03:17][INFO][Rank 0] - train Epoch 16/24: 57.5% (1120/1948)
[2025-11-17 19:03:24][INFO][Rank 0] - train Epoch 16/24: 58.0% (1130/1948)
[2025-11-17 19:03:31][INFO][Rank 0] - train Epoch 16/24: 58.5% (1140/1948)
[2025-11-17 19:03:38][INFO][Rank 0] - train Epoch 16/24: 59.0% (1150/1948)
[2025-11-17 19:03:45][INFO][Rank 0] - train Epoch 16/24: 59.5% (1160/1948)
[2025-11-17 19:03:52][INFO][Rank 0] - train Epoch 16/24: 60.1% (1170/1948)
[2025-11-17 19:03:53][INFO][Rank 0] - CUDA Memory [train][Step 1170]: Device 0: Allocated: 3309.6 MB, Reserved: 117540.0 MB (Δ: +1687.0 MB)
[2025-11-17 19:03:59][INFO][Rank 0] - train Epoch 16/24: 60.6% (1180/1948)
[2025-11-17 19:04:07][INFO][Rank 0] - train Epoch 16/24: 61.1% (1190/1948)
[2025-11-17 19:04:14][INFO][Rank 0] - train Epoch 16/24: 61.6% (1200/1948)
[2025-11-17 19:04:21][INFO][Rank 0] - train Epoch 16/24: 62.1% (1210/1948)
[2025-11-17 19:04:28][INFO][Rank 0] - train Epoch 16/24: 62.6% (1220/1948)
[2025-11-17 19:04:35][INFO][Rank 0] - train Epoch 16/24: 63.1% (1230/1948)
[2025-11-17 19:04:42][INFO][Rank 0] - train Epoch 16/24: 63.7% (1240/1948)
[2025-11-17 19:04:49][INFO][Rank 0] - train Epoch 16/24: 64.2% (1250/1948)
[2025-11-17 19:04:56][INFO][Rank 0] - train Epoch 16/24: 64.7% (1260/1948)
[2025-11-17 19:04:57][INFO][Rank 0] - CUDA Memory [train][Step 1260]: Device 0: Allocated: 3309.6 MB, Reserved: 117540.0 MB (Δ: +1687.0 MB)
[2025-11-17 19:05:03][INFO][Rank 0] - train Epoch 16/24: 65.2% (1270/1948)
[2025-11-17 19:05:10][INFO][Rank 0] - train Epoch 16/24: 65.7% (1280/1948)
[2025-11-17 19:05:17][INFO][Rank 0] - train Epoch 16/24: 66.2% (1290/1948)
[2025-11-17 19:05:24][INFO][Rank 0] - train Epoch 16/24: 66.7% (1300/1948)
[2025-11-17 19:05:31][INFO][Rank 0] - train Epoch 16/24: 67.2% (1310/1948)
[2025-11-17 19:05:38][INFO][Rank 0] - train Epoch 16/24: 67.8% (1320/1948)
[2025-11-17 19:05:45][INFO][Rank 0] - train Epoch 16/24: 68.3% (1330/1948)
[2025-11-17 19:05:52][INFO][Rank 0] - train Epoch 16/24: 68.8% (1340/1948)
[2025-11-17 19:05:59][INFO][Rank 0] - train Epoch 16/24: 69.3% (1350/1948)
[2025-11-17 19:06:00][INFO][Rank 0] - CUDA Memory [train][Step 1350]: Device 0: Allocated: 3309.6 MB, Reserved: 117540.0 MB (Δ: +1687.0 MB)
[2025-11-17 19:06:06][INFO][Rank 0] - train Epoch 16/24: 69.8% (1360/1948)
[2025-11-17 19:06:13][INFO][Rank 0] - train Epoch 16/24: 70.3% (1370/1948)
[2025-11-17 19:06:21][INFO][Rank 0] - train Epoch 16/24: 70.8% (1380/1948)
[2025-11-17 19:06:28][INFO][Rank 0] - train Epoch 16/24: 71.4% (1390/1948)
[2025-11-17 19:06:35][INFO][Rank 0] - train Epoch 16/24: 71.9% (1400/1948)
[2025-11-17 19:06:42][INFO][Rank 0] - train Epoch 16/24: 72.4% (1410/1948)
[2025-11-17 19:06:49][INFO][Rank 0] - train Epoch 16/24: 72.9% (1420/1948)
[2025-11-17 19:06:56][INFO][Rank 0] - train Epoch 16/24: 73.4% (1430/1948)
[2025-11-17 19:07:03][INFO][Rank 0] - train Epoch 16/24: 73.9% (1440/1948)
[2025-11-17 19:07:04][INFO][Rank 0] - CUDA Memory [train][Step 1440]: Device 0: Allocated: 3309.6 MB, Reserved: 117540.0 MB (Δ: +1687.0 MB)
[2025-11-17 19:07:10][INFO][Rank 0] - train Epoch 16/24: 74.4% (1450/1948)
[2025-11-17 19:07:17][INFO][Rank 0] - train Epoch 16/24: 74.9% (1460/1948)
[2025-11-17 19:07:24][INFO][Rank 0] - train Epoch 16/24: 75.5% (1470/1948)
[2025-11-17 19:07:31][INFO][Rank 0] - train Epoch 16/24: 76.0% (1480/1948)
[2025-11-17 19:07:38][INFO][Rank 0] - train Epoch 16/24: 76.5% (1490/1948)
[2025-11-17 19:07:45][INFO][Rank 0] - train Epoch 16/24: 77.0% (1500/1948)
[2025-11-17 19:07:52][INFO][Rank 0] - train Epoch 16/24: 77.5% (1510/1948)
[2025-11-17 19:07:59][INFO][Rank 0] - train Epoch 16/24: 78.0% (1520/1948)
[2025-11-17 19:08:06][INFO][Rank 0] - train Epoch 16/24: 78.5% (1530/1948)
[2025-11-17 19:08:07][INFO][Rank 0] - CUDA Memory [train][Step 1530]: Device 0: Allocated: 3309.6 MB, Reserved: 117540.0 MB (Δ: +1687.0 MB)
[2025-11-17 19:08:13][INFO][Rank 0] - train Epoch 16/24: 79.1% (1540/1948)
[2025-11-17 19:08:20][INFO][Rank 0] - train Epoch 16/24: 79.6% (1550/1948)
[2025-11-17 19:08:27][INFO][Rank 0] - train Epoch 16/24: 80.1% (1560/1948)
[2025-11-17 19:08:35][INFO][Rank 0] - train Epoch 16/24: 80.6% (1570/1948)
[2025-11-17 19:08:42][INFO][Rank 0] - train Epoch 16/24: 81.1% (1580/1948)
[2025-11-17 19:08:49][INFO][Rank 0] - train Epoch 16/24: 81.6% (1590/1948)
[2025-11-17 19:08:56][INFO][Rank 0] - train Epoch 16/24: 82.1% (1600/1948)
[2025-11-17 19:09:03][INFO][Rank 0] - train Epoch 16/24: 82.6% (1610/1948)
[2025-11-17 19:09:10][INFO][Rank 0] - train Epoch 16/24: 83.2% (1620/1948)
[2025-11-17 19:09:10][INFO][Rank 0] - CUDA Memory [train][Step 1620]: Device 0: Allocated: 3309.6 MB, Reserved: 117540.0 MB (Δ: +1687.0 MB)
[2025-11-17 19:09:17][INFO][Rank 0] - train Epoch 16/24: 83.7% (1630/1948)
[2025-11-17 19:09:24][INFO][Rank 0] - train Epoch 16/24: 84.2% (1640/1948)
[2025-11-17 19:09:31][INFO][Rank 0] - train Epoch 16/24: 84.7% (1650/1948)
[2025-11-17 19:09:38][INFO][Rank 0] - train Epoch 16/24: 85.2% (1660/1948)
[2025-11-17 19:09:45][INFO][Rank 0] - train Epoch 16/24: 85.7% (1670/1948)
[2025-11-17 19:09:52][INFO][Rank 0] - train Epoch 16/24: 86.2% (1680/1948)
[2025-11-17 19:09:59][INFO][Rank 0] - train Epoch 16/24: 86.8% (1690/1948)
[2025-11-17 19:10:06][INFO][Rank 0] - train Epoch 16/24: 87.3% (1700/1948)
[2025-11-17 19:10:13][INFO][Rank 0] - train Epoch 16/24: 87.8% (1710/1948)
[2025-11-17 19:10:14][INFO][Rank 0] - CUDA Memory [train][Step 1710]: Device 0: Allocated: 3309.6 MB, Reserved: 117540.0 MB (Δ: +1687.0 MB)
[2025-11-17 19:10:20][INFO][Rank 0] - train Epoch 16/24: 88.3% (1720/1948)
[2025-11-17 19:10:27][INFO][Rank 0] - train Epoch 16/24: 88.8% (1730/1948)
[2025-11-17 19:10:34][INFO][Rank 0] - train Epoch 16/24: 89.3% (1740/1948)
[2025-11-17 19:10:41][INFO][Rank 0] - train Epoch 16/24: 89.8% (1750/1948)
[2025-11-17 19:10:48][INFO][Rank 0] - train Epoch 16/24: 90.3% (1760/1948)
[2025-11-17 19:10:56][INFO][Rank 0] - train Epoch 16/24: 90.9% (1770/1948)
[2025-11-17 19:11:03][INFO][Rank 0] - train Epoch 16/24: 91.4% (1780/1948)
[2025-11-17 19:11:10][INFO][Rank 0] - train Epoch 16/24: 91.9% (1790/1948)
[2025-11-17 19:11:17][INFO][Rank 0] - train Epoch 16/24: 92.4% (1800/1948)
[2025-11-17 19:11:17][INFO][Rank 0] - CUDA Memory [train][Step 1800]: Device 0: Allocated: 3309.6 MB, Reserved: 117540.0 MB (Δ: +1687.0 MB)
[2025-11-17 19:11:24][INFO][Rank 0] - train Epoch 16/24: 92.9% (1810/1948)
[2025-11-17 19:11:31][INFO][Rank 0] - train Epoch 16/24: 93.4% (1820/1948)
[2025-11-17 19:11:38][INFO][Rank 0] - train Epoch 16/24: 93.9% (1830/1948)
[2025-11-17 19:11:45][INFO][Rank 0] - train Epoch 16/24: 94.5% (1840/1948)
[2025-11-17 19:11:52][INFO][Rank 0] - train Epoch 16/24: 95.0% (1850/1948)
[2025-11-17 19:11:59][INFO][Rank 0] - train Epoch 16/24: 95.5% (1860/1948)
[2025-11-17 19:12:06][INFO][Rank 0] - train Epoch 16/24: 96.0% (1870/1948)
[2025-11-17 19:12:13][INFO][Rank 0] - train Epoch 16/24: 96.5% (1880/1948)
[2025-11-17 19:12:20][INFO][Rank 0] - train Epoch 16/24: 97.0% (1890/1948)
[2025-11-17 19:12:21][INFO][Rank 0] - CUDA Memory [train][Step 1890]: Device 0: Allocated: 3309.6 MB, Reserved: 117540.0 MB (Δ: +1687.0 MB)
[2025-11-17 19:12:27][INFO][Rank 0] - train Epoch 16/24: 97.5% (1900/1948)
[2025-11-17 19:12:34][INFO][Rank 0] - train Epoch 16/24: 98.0% (1910/1948)
[2025-11-17 19:12:41][INFO][Rank 0] - train Epoch 16/24: 98.6% (1920/1948)
[2025-11-17 19:12:48][INFO][Rank 0] - train Epoch 16/24: 99.1% (1930/1948)
[2025-11-17 19:12:55][INFO][Rank 0] - train Epoch 16/24: 99.6% (1940/1948)
[2025-11-17 19:13:00][INFO][Rank 0] - train Epoch 16/24: 99.9% (1947/1948)
[2025-11-17 19:13:01][INFO][Rank 0] - train Loss: 0.1560 Acc: 0.9725 F1: 0.9858
[2025-11-17 19:13:01][INFO][Rank 0] - train Balanced Acc: 0.8801 AUC-ROC: 0.9711
[2025-11-17 19:13:01][INFO][Rank 0] - train Sensitivity: 0.9774 Specificity: 0.7828
[2025-11-17 19:13:01][INFO][Rank 0] - train Confusion Matrix: TP=18563, FP=106, FN=429, TN=382
[2025-11-17 19:13:01][INFO][Rank 0] - train completed in 1374.02s
[2025-11-17 19:13:01][INFO][Rank 0] - Data loading time: 0.99s, Forward time: 279.63s, Backward time: 744.18s
[2025-11-17 19:13:01][INFO][Rank 0] - train cache: 0/1 items, hit rate: 0.00%
[2025-11-17 19:13:01][INFO][Rank 0] - CUDA Memory [val][Step 0]: Device 0: Allocated: 3309.6 MB, Reserved: 117540.0 MB (Δ: +1687.0 MB)
[2025-11-17 19:13:01][INFO][Rank 0] - val phase: total 406 batches
[2025-11-17 19:13:01][INFO][Rank 0] - val Epoch 16/24: 0.0% (0/406)
[2025-11-17 19:13:06][INFO][Rank 0] - val Epoch 16/24: 2.5% (10/406)
[2025-11-17 19:13:11][INFO][Rank 0] - val Epoch 16/24: 4.9% (20/406)
[2025-11-17 19:13:16][INFO][Rank 0] - val Epoch 16/24: 7.4% (30/406)
[2025-11-17 19:13:21][INFO][Rank 0] - val Epoch 16/24: 9.9% (40/406)
[2025-11-17 19:13:26][INFO][Rank 0] - val Epoch 16/24: 12.3% (50/406)
[2025-11-17 19:13:31][INFO][Rank 0] - val Epoch 16/24: 14.8% (60/406)
[2025-11-17 19:13:36][INFO][Rank 0] - val Epoch 16/24: 17.2% (70/406)
[2025-11-17 19:13:42][INFO][Rank 0] - val Epoch 16/24: 19.7% (80/406)
[2025-11-17 19:13:47][INFO][Rank 0] - val Epoch 16/24: 22.2% (90/406)
[2025-11-17 19:13:52][INFO][Rank 0] - val Epoch 16/24: 24.6% (100/406)
[2025-11-17 19:13:57][INFO][Rank 0] - val Epoch 16/24: 27.1% (110/406)
[2025-11-17 19:14:02][INFO][Rank 0] - val Epoch 16/24: 29.6% (120/406)
[2025-11-17 19:14:02][INFO][Rank 0] - CUDA Memory [val][Step 120]: Device 0: Allocated: 3309.6 MB, Reserved: 117540.0 MB (Δ: +1687.0 MB)
[2025-11-17 19:14:07][INFO][Rank 0] - val Epoch 16/24: 32.0% (130/406)
[2025-11-17 19:14:12][INFO][Rank 0] - val Epoch 16/24: 34.5% (140/406)
[2025-11-17 19:14:17][INFO][Rank 0] - val Epoch 16/24: 36.9% (150/406)
[2025-11-17 19:14:22][INFO][Rank 0] - val Epoch 16/24: 39.4% (160/406)
[2025-11-17 19:14:27][INFO][Rank 0] - val Epoch 16/24: 41.9% (170/406)
[2025-11-17 19:14:32][INFO][Rank 0] - val Epoch 16/24: 44.3% (180/406)
[2025-11-17 19:14:37][INFO][Rank 0] - val Epoch 16/24: 46.8% (190/406)
[2025-11-17 19:14:42][INFO][Rank 0] - val Epoch 16/24: 49.3% (200/406)
[2025-11-17 19:14:47][INFO][Rank 0] - val Epoch 16/24: 51.7% (210/406)
[2025-11-17 19:14:52][INFO][Rank 0] - val Epoch 16/24: 54.2% (220/406)
[2025-11-17 19:14:57][INFO][Rank 0] - val Epoch 16/24: 56.7% (230/406)
[2025-11-17 19:15:02][INFO][Rank 0] - val Epoch 16/24: 59.1% (240/406)
[2025-11-17 19:15:03][INFO][Rank 0] - CUDA Memory [val][Step 240]: Device 0: Allocated: 3309.6 MB, Reserved: 117540.0 MB (Δ: +1687.0 MB)
[2025-11-17 19:15:07][INFO][Rank 0] - val Epoch 16/24: 61.6% (250/406)
[2025-11-17 19:15:12][INFO][Rank 0] - val Epoch 16/24: 64.0% (260/406)
[2025-11-17 19:15:17][INFO][Rank 0] - val Epoch 16/24: 66.5% (270/406)
[2025-11-17 19:15:22][INFO][Rank 0] - val Epoch 16/24: 69.0% (280/406)
[2025-11-17 19:15:27][INFO][Rank 0] - val Epoch 16/24: 71.4% (290/406)
[2025-11-17 19:15:32][INFO][Rank 0] - val Epoch 16/24: 73.9% (300/406)
[2025-11-17 19:15:37][INFO][Rank 0] - val Epoch 16/24: 76.4% (310/406)
[2025-11-17 19:15:42][INFO][Rank 0] - val Epoch 16/24: 78.8% (320/406)
[2025-11-17 19:15:47][INFO][Rank 0] - val Epoch 16/24: 81.3% (330/406)
[2025-11-17 19:15:52][INFO][Rank 0] - val Epoch 16/24: 83.7% (340/406)
[2025-11-17 19:15:57][INFO][Rank 0] - val Epoch 16/24: 86.2% (350/406)
[2025-11-17 19:16:02][INFO][Rank 0] - val Epoch 16/24: 88.7% (360/406)
[2025-11-17 19:16:03][INFO][Rank 0] - CUDA Memory [val][Step 360]: Device 0: Allocated: 3309.6 MB, Reserved: 117540.0 MB (Δ: +1687.0 MB)
[2025-11-17 19:16:07][INFO][Rank 0] - val Epoch 16/24: 91.1% (370/406)
[2025-11-17 19:16:12][INFO][Rank 0] - val Epoch 16/24: 93.6% (380/406)
[2025-11-17 19:16:17][INFO][Rank 0] - val Epoch 16/24: 96.1% (390/406)
[2025-11-17 19:16:22][INFO][Rank 0] - val Epoch 16/24: 98.5% (400/406)
[2025-11-17 19:16:25][INFO][Rank 0] - val Epoch 16/24: 99.8% (405/406)
[2025-11-17 19:16:25][INFO][Rank 0] - val Loss: 0.1040 Acc: 0.9709 F1: 0.9849
[2025-11-17 19:16:25][INFO][Rank 0] - val Balanced Acc: 0.9220 AUC-ROC: 0.9819
[2025-11-17 19:16:25][INFO][Rank 0] - val Sensitivity: 0.9737 Specificity: 0.8704
[2025-11-17 19:16:25][INFO][Rank 0] - val Confusion Matrix: TP=3848, FP=14, FN=104, TN=94
[2025-11-17 19:16:25][INFO][Rank 0] - val completed in 204.43s
[2025-11-17 19:16:25][INFO][Rank 0] - val cache: 0/1 items, hit rate: 0.00%
[2025-11-17 19:16:30][INFO][Rank 0] - Saved new best balanced_acc model with balanced_acc: 0.9220 at /projects/retprogression/rgarridogarcia/checkpoints/cropped1024_cropped_centered_allR_3/best_balanced_acc_model.pth
[2025-11-17 19:16:34][INFO][Rank 0] - Also saved as general best model at /projects/retprogression/rgarridogarcia/checkpoints/cropped1024_cropped_centered_allR_3/best_model.pth
[2025-11-17 19:16:38][INFO][Rank 0] - Saved new best auc model with auc: 0.9819 at /projects/retprogression/rgarridogarcia/checkpoints/cropped1024_cropped_centered_allR_3/best_auc_model.pth
[2025-11-17 19:16:42][INFO][Rank 0] - Saved epoch checkpoint at /projects/retprogression/rgarridogarcia/checkpoints/cropped1024_cropped_centered_allR_3/epoch_16.pth
[2025-11-17 19:16:42][INFO][Rank 0] - Epoch 16 summary:
[2025-11-17 19:16:42][INFO][Rank 0] -  Train Loss: 0.1560, Train Acc: 0.9725, Train F1: 0.9858
[2025-11-17 19:16:42][INFO][Rank 0] -  Train Balanced Acc: 0.8801, Train AUC: 0.9711
[2025-11-17 19:16:42][INFO][Rank 0] -  Train Sensitivity: 0.9774, Train Specificity: 0.7828
[2025-11-17 19:16:42][INFO][Rank 0] -  Val Loss: 0.1040, Val Acc: 0.9709, Val F1: 0.9849
[2025-11-17 19:16:42][INFO][Rank 0] -  Val Balanced Acc: 0.9220, Val AUC: 0.9819
[2025-11-17 19:16:42][INFO][Rank 0] -  Val Sensitivity: 0.9737, Val Specificity: 0.8704
[2025-11-17 19:16:42][INFO][Rank 0] -  Total Epoch Time: 1595.10s
[2025-11-17 19:16:42][INFO][Rank 0] - Epoch 17/24
[2025-11-17 19:16:42][INFO][Rank 0] - ----------
[2025-11-17 19:16:42][INFO][Rank 0] - CUDA Memory [train][Step 0]: Device 0: Allocated: 3309.6 MB, Reserved: 117540.0 MB (Δ: +1687.0 MB)
[2025-11-17 19:16:42][INFO][Rank 0] - train phase: total 1948 batches
[2025-11-17 19:16:43][INFO][Rank 0] - train Epoch 17/24: 0.0% (0/1948)
[2025-11-17 19:16:50][INFO][Rank 0] - train Epoch 17/24: 0.5% (10/1948)
[2025-11-17 19:16:57][INFO][Rank 0] - train Epoch 17/24: 1.0% (20/1948)
[2025-11-17 19:17:04][INFO][Rank 0] - train Epoch 17/24: 1.5% (30/1948)
[2025-11-17 19:17:11][INFO][Rank 0] - train Epoch 17/24: 2.1% (40/1948)
[2025-11-17 19:17:18][INFO][Rank 0] - train Epoch 17/24: 2.6% (50/1948)
[2025-11-17 19:17:25][INFO][Rank 0] - train Epoch 17/24: 3.1% (60/1948)
[2025-11-17 19:17:32][INFO][Rank 0] - train Epoch 17/24: 3.6% (70/1948)
[2025-11-17 19:17:39][INFO][Rank 0] - train Epoch 17/24: 4.1% (80/1948)
[2025-11-17 19:17:46][INFO][Rank 0] - train Epoch 17/24: 4.6% (90/1948)
[2025-11-17 19:17:47][INFO][Rank 0] - CUDA Memory [train][Step 90]: Device 0: Allocated: 3309.6 MB, Reserved: 117540.0 MB (Δ: +1687.0 MB)
[2025-11-17 19:17:53][INFO][Rank 0] - train Epoch 17/24: 5.1% (100/1948)
[2025-11-17 19:18:00][INFO][Rank 0] - train Epoch 17/24: 5.6% (110/1948)
[2025-11-17 19:18:07][INFO][Rank 0] - train Epoch 17/24: 6.2% (120/1948)
[2025-11-17 19:18:14][INFO][Rank 0] - train Epoch 17/24: 6.7% (130/1948)
[2025-11-17 19:18:21][INFO][Rank 0] - train Epoch 17/24: 7.2% (140/1948)
[2025-11-17 19:18:28][INFO][Rank 0] - train Epoch 17/24: 7.7% (150/1948)
[2025-11-17 19:18:35][INFO][Rank 0] - train Epoch 17/24: 8.2% (160/1948)
[2025-11-17 19:18:42][INFO][Rank 0] - train Epoch 17/24: 8.7% (170/1948)
[2025-11-17 19:18:50][INFO][Rank 0] - train Epoch 17/24: 9.2% (180/1948)
[2025-11-17 19:18:50][INFO][Rank 0] - CUDA Memory [train][Step 180]: Device 0: Allocated: 3309.6 MB, Reserved: 117540.0 MB (Δ: +1687.0 MB)
[2025-11-17 19:18:57][INFO][Rank 0] - train Epoch 17/24: 9.8% (190/1948)
[2025-11-17 19:19:04][INFO][Rank 0] - train Epoch 17/24: 10.3% (200/1948)
[2025-11-17 19:19:11][INFO][Rank 0] - train Epoch 17/24: 10.8% (210/1948)
[2025-11-17 19:19:18][INFO][Rank 0] - train Epoch 17/24: 11.3% (220/1948)
[2025-11-17 19:19:25][INFO][Rank 0] - train Epoch 17/24: 11.8% (230/1948)
[2025-11-17 19:19:32][INFO][Rank 0] - train Epoch 17/24: 12.3% (240/1948)
[2025-11-17 19:19:39][INFO][Rank 0] - train Epoch 17/24: 12.8% (250/1948)
[2025-11-17 19:19:46][INFO][Rank 0] - train Epoch 17/24: 13.3% (260/1948)
[2025-11-17 19:19:53][INFO][Rank 0] - train Epoch 17/24: 13.9% (270/1948)
[2025-11-17 19:19:54][INFO][Rank 0] - CUDA Memory [train][Step 270]: Device 0: Allocated: 3309.6 MB, Reserved: 117540.0 MB (Δ: +1687.0 MB)
[2025-11-17 19:20:00][INFO][Rank 0] - train Epoch 17/24: 14.4% (280/1948)
[2025-11-17 19:20:07][INFO][Rank 0] - train Epoch 17/24: 14.9% (290/1948)
[2025-11-17 19:20:14][INFO][Rank 0] - train Epoch 17/24: 15.4% (300/1948)
[2025-11-17 19:20:21][INFO][Rank 0] - train Epoch 17/24: 15.9% (310/1948)
[2025-11-17 19:20:28][INFO][Rank 0] - train Epoch 17/24: 16.4% (320/1948)
[2025-11-17 19:20:35][INFO][Rank 0] - train Epoch 17/24: 16.9% (330/1948)
[2025-11-17 19:20:42][INFO][Rank 0] - train Epoch 17/24: 17.5% (340/1948)
[2025-11-17 19:20:49][INFO][Rank 0] - train Epoch 17/24: 18.0% (350/1948)
[2025-11-17 19:20:56][INFO][Rank 0] - train Epoch 17/24: 18.5% (360/1948)
[2025-11-17 19:20:57][INFO][Rank 0] - CUDA Memory [train][Step 360]: Device 0: Allocated: 3309.6 MB, Reserved: 117540.0 MB (Δ: +1687.0 MB)
[2025-11-17 19:21:03][INFO][Rank 0] - train Epoch 17/24: 19.0% (370/1948)
[2025-11-17 19:21:11][INFO][Rank 0] - train Epoch 17/24: 19.5% (380/1948)
[2025-11-17 19:21:18][INFO][Rank 0] - train Epoch 17/24: 20.0% (390/1948)
[2025-11-17 19:21:25][INFO][Rank 0] - train Epoch 17/24: 20.5% (400/1948)
[2025-11-17 19:21:32][INFO][Rank 0] - train Epoch 17/24: 21.0% (410/1948)
[2025-11-17 19:21:39][INFO][Rank 0] - train Epoch 17/24: 21.6% (420/1948)
[2025-11-17 19:21:46][INFO][Rank 0] - train Epoch 17/24: 22.1% (430/1948)
[2025-11-17 19:21:53][INFO][Rank 0] - train Epoch 17/24: 22.6% (440/1948)
[2025-11-17 19:22:00][INFO][Rank 0] - train Epoch 17/24: 23.1% (450/1948)
[2025-11-17 19:22:01][INFO][Rank 0] - CUDA Memory [train][Step 450]: Device 0: Allocated: 3309.6 MB, Reserved: 117540.0 MB (Δ: +1687.0 MB)
[2025-11-17 19:22:07][INFO][Rank 0] - train Epoch 17/24: 23.6% (460/1948)
[2025-11-17 19:22:14][INFO][Rank 0] - train Epoch 17/24: 24.1% (470/1948)
[2025-11-17 19:22:21][INFO][Rank 0] - train Epoch 17/24: 24.6% (480/1948)
[2025-11-17 19:22:28][INFO][Rank 0] - train Epoch 17/24: 25.2% (490/1948)
[2025-11-17 19:22:35][INFO][Rank 0] - train Epoch 17/24: 25.7% (500/1948)
[2025-11-17 19:22:42][INFO][Rank 0] - train Epoch 17/24: 26.2% (510/1948)
[2025-11-17 19:22:49][INFO][Rank 0] - train Epoch 17/24: 26.7% (520/1948)
[2025-11-17 19:22:56][INFO][Rank 0] - train Epoch 17/24: 27.2% (530/1948)
[2025-11-17 19:23:03][INFO][Rank 0] - train Epoch 17/24: 27.7% (540/1948)
[2025-11-17 19:23:04][INFO][Rank 0] - CUDA Memory [train][Step 540]: Device 0: Allocated: 3309.6 MB, Reserved: 117540.0 MB (Δ: +1687.0 MB)
[2025-11-17 19:23:10][INFO][Rank 0] - train Epoch 17/24: 28.2% (550/1948)
[2025-11-17 19:23:17][INFO][Rank 0] - train Epoch 17/24: 28.7% (560/1948)
[2025-11-17 19:23:25][INFO][Rank 0] - train Epoch 17/24: 29.3% (570/1948)
[2025-11-17 19:23:32][INFO][Rank 0] - train Epoch 17/24: 29.8% (580/1948)
[2025-11-17 19:23:39][INFO][Rank 0] - train Epoch 17/24: 30.3% (590/1948)
[2025-11-17 19:23:46][INFO][Rank 0] - train Epoch 17/24: 30.8% (600/1948)
[2025-11-17 19:23:53][INFO][Rank 0] - train Epoch 17/24: 31.3% (610/1948)
[2025-11-17 19:24:00][INFO][Rank 0] - train Epoch 17/24: 31.8% (620/1948)
[2025-11-17 19:24:07][INFO][Rank 0] - train Epoch 17/24: 32.3% (630/1948)
[2025-11-17 19:24:08][INFO][Rank 0] - CUDA Memory [train][Step 630]: Device 0: Allocated: 3309.6 MB, Reserved: 117540.0 MB (Δ: +1687.0 MB)
[2025-11-17 19:24:14][INFO][Rank 0] - train Epoch 17/24: 32.9% (640/1948)
[2025-11-17 19:24:21][INFO][Rank 0] - train Epoch 17/24: 33.4% (650/1948)
[2025-11-17 19:24:28][INFO][Rank 0] - train Epoch 17/24: 33.9% (660/1948)
[2025-11-17 19:24:35][INFO][Rank 0] - train Epoch 17/24: 34.4% (670/1948)
[2025-11-17 19:24:42][INFO][Rank 0] - train Epoch 17/24: 34.9% (680/1948)
[2025-11-17 19:24:49][INFO][Rank 0] - train Epoch 17/24: 35.4% (690/1948)
[2025-11-17 19:24:56][INFO][Rank 0] - train Epoch 17/24: 35.9% (700/1948)
[2025-11-17 19:25:03][INFO][Rank 0] - train Epoch 17/24: 36.4% (710/1948)
[2025-11-17 19:25:10][INFO][Rank 0] - train Epoch 17/24: 37.0% (720/1948)
[2025-11-17 19:25:11][INFO][Rank 0] - CUDA Memory [train][Step 720]: Device 0: Allocated: 3309.6 MB, Reserved: 117540.0 MB (Δ: +1687.0 MB)
[2025-11-17 19:25:17][INFO][Rank 0] - train Epoch 17/24: 37.5% (730/1948)
[2025-11-17 19:25:24][INFO][Rank 0] - train Epoch 17/24: 38.0% (740/1948)
[2025-11-17 19:25:31][INFO][Rank 0] - train Epoch 17/24: 38.5% (750/1948)
[2025-11-17 19:25:39][INFO][Rank 0] - train Epoch 17/24: 39.0% (760/1948)
[2025-11-17 19:25:46][INFO][Rank 0] - train Epoch 17/24: 39.5% (770/1948)
[2025-11-17 19:25:53][INFO][Rank 0] - train Epoch 17/24: 40.0% (780/1948)
[2025-11-17 19:26:00][INFO][Rank 0] - train Epoch 17/24: 40.6% (790/1948)
[2025-11-17 19:26:07][INFO][Rank 0] - train Epoch 17/24: 41.1% (800/1948)
[2025-11-17 19:26:14][INFO][Rank 0] - train Epoch 17/24: 41.6% (810/1948)
[2025-11-17 19:26:14][INFO][Rank 0] - CUDA Memory [train][Step 810]: Device 0: Allocated: 3309.6 MB, Reserved: 117540.0 MB (Δ: +1687.0 MB)
[2025-11-17 19:26:21][INFO][Rank 0] - train Epoch 17/24: 42.1% (820/1948)
[2025-11-17 19:26:28][INFO][Rank 0] - train Epoch 17/24: 42.6% (830/1948)
[2025-11-17 19:26:35][INFO][Rank 0] - train Epoch 17/24: 43.1% (840/1948)
[2025-11-17 19:26:42][INFO][Rank 0] - train Epoch 17/24: 43.6% (850/1948)
[2025-11-17 19:26:49][INFO][Rank 0] - train Epoch 17/24: 44.1% (860/1948)
[2025-11-17 19:26:56][INFO][Rank 0] - train Epoch 17/24: 44.7% (870/1948)
[2025-11-17 19:27:03][INFO][Rank 0] - train Epoch 17/24: 45.2% (880/1948)
[2025-11-17 19:27:10][INFO][Rank 0] - train Epoch 17/24: 45.7% (890/1948)
[2025-11-17 19:27:17][INFO][Rank 0] - train Epoch 17/24: 46.2% (900/1948)
[2025-11-17 19:27:18][INFO][Rank 0] - CUDA Memory [train][Step 900]: Device 0: Allocated: 3309.6 MB, Reserved: 117540.0 MB (Δ: +1687.0 MB)
[2025-11-17 19:27:24][INFO][Rank 0] - train Epoch 17/24: 46.7% (910/1948)
[2025-11-17 19:27:31][INFO][Rank 0] - train Epoch 17/24: 47.2% (920/1948)
[2025-11-17 19:27:38][INFO][Rank 0] - train Epoch 17/24: 47.7% (930/1948)
[2025-11-17 19:27:45][INFO][Rank 0] - train Epoch 17/24: 48.3% (940/1948)
[2025-11-17 19:27:52][INFO][Rank 0] - train Epoch 17/24: 48.8% (950/1948)
[2025-11-17 19:28:00][INFO][Rank 0] - train Epoch 17/24: 49.3% (960/1948)
[2025-11-17 19:28:07][INFO][Rank 0] - train Epoch 17/24: 49.8% (970/1948)
[2025-11-17 19:28:14][INFO][Rank 0] - train Epoch 17/24: 50.3% (980/1948)
[2025-11-17 19:28:21][INFO][Rank 0] - train Epoch 17/24: 50.8% (990/1948)
[2025-11-17 19:28:21][INFO][Rank 0] - CUDA Memory [train][Step 990]: Device 0: Allocated: 3309.6 MB, Reserved: 117540.0 MB (Δ: +1687.0 MB)
[2025-11-17 19:28:28][INFO][Rank 0] - train Epoch 17/24: 51.3% (1000/1948)
[2025-11-17 19:28:35][INFO][Rank 0] - train Epoch 17/24: 51.8% (1010/1948)
[2025-11-17 19:28:42][INFO][Rank 0] - train Epoch 17/24: 52.4% (1020/1948)
[2025-11-17 19:28:49][INFO][Rank 0] - train Epoch 17/24: 52.9% (1030/1948)
[2025-11-17 19:28:56][INFO][Rank 0] - train Epoch 17/24: 53.4% (1040/1948)
[2025-11-17 19:29:03][INFO][Rank 0] - train Epoch 17/24: 53.9% (1050/1948)
[2025-11-17 19:29:10][INFO][Rank 0] - train Epoch 17/24: 54.4% (1060/1948)
[2025-11-17 19:29:17][INFO][Rank 0] - train Epoch 17/24: 54.9% (1070/1948)
[2025-11-17 19:29:24][INFO][Rank 0] - train Epoch 17/24: 55.4% (1080/1948)
[2025-11-17 19:29:25][INFO][Rank 0] - CUDA Memory [train][Step 1080]: Device 0: Allocated: 3309.6 MB, Reserved: 117540.0 MB (Δ: +1687.0 MB)
[2025-11-17 19:29:31][INFO][Rank 0] - train Epoch 17/24: 56.0% (1090/1948)
[2025-11-17 19:29:38][INFO][Rank 0] - train Epoch 17/24: 56.5% (1100/1948)
[2025-11-17 19:29:45][INFO][Rank 0] - train Epoch 17/24: 57.0% (1110/1948)
[2025-11-17 19:29:52][INFO][Rank 0] - train Epoch 17/24: 57.5% (1120/1948)
[2025-11-17 19:29:59][INFO][Rank 0] - train Epoch 17/24: 58.0% (1130/1948)
[2025-11-17 19:30:06][INFO][Rank 0] - train Epoch 17/24: 58.5% (1140/1948)
[2025-11-17 19:30:14][INFO][Rank 0] - train Epoch 17/24: 59.0% (1150/1948)
[2025-11-17 19:30:21][INFO][Rank 0] - train Epoch 17/24: 59.5% (1160/1948)
[2025-11-17 19:30:28][INFO][Rank 0] - train Epoch 17/24: 60.1% (1170/1948)
[2025-11-17 19:30:28][INFO][Rank 0] - CUDA Memory [train][Step 1170]: Device 0: Allocated: 3309.6 MB, Reserved: 117540.0 MB (Δ: +1687.0 MB)
[2025-11-17 19:30:35][INFO][Rank 0] - train Epoch 17/24: 60.6% (1180/1948)
[2025-11-17 19:30:42][INFO][Rank 0] - train Epoch 17/24: 61.1% (1190/1948)
[2025-11-17 19:30:49][INFO][Rank 0] - train Epoch 17/24: 61.6% (1200/1948)
[2025-11-17 19:30:56][INFO][Rank 0] - train Epoch 17/24: 62.1% (1210/1948)
[2025-11-17 19:31:03][INFO][Rank 0] - train Epoch 17/24: 62.6% (1220/1948)
[2025-11-17 19:31:10][INFO][Rank 0] - train Epoch 17/24: 63.1% (1230/1948)
[2025-11-17 19:31:17][INFO][Rank 0] - train Epoch 17/24: 63.7% (1240/1948)
[2025-11-17 19:31:24][INFO][Rank 0] - train Epoch 17/24: 64.2% (1250/1948)
[2025-11-17 19:31:31][INFO][Rank 0] - train Epoch 17/24: 64.7% (1260/1948)
[2025-11-17 19:31:32][INFO][Rank 0] - CUDA Memory [train][Step 1260]: Device 0: Allocated: 3309.6 MB, Reserved: 117540.0 MB (Δ: +1687.0 MB)
[2025-11-17 19:31:38][INFO][Rank 0] - train Epoch 17/24: 65.2% (1270/1948)
[2025-11-17 19:31:45][INFO][Rank 0] - train Epoch 17/24: 65.7% (1280/1948)
[2025-11-17 19:31:52][INFO][Rank 0] - train Epoch 17/24: 66.2% (1290/1948)
[2025-11-17 19:31:59][INFO][Rank 0] - train Epoch 17/24: 66.7% (1300/1948)
[2025-11-17 19:32:06][INFO][Rank 0] - train Epoch 17/24: 67.2% (1310/1948)
[2025-11-17 19:32:13][INFO][Rank 0] - train Epoch 17/24: 67.8% (1320/1948)
[2025-11-17 19:32:20][INFO][Rank 0] - train Epoch 17/24: 68.3% (1330/1948)
[2025-11-17 19:32:27][INFO][Rank 0] - train Epoch 17/24: 68.8% (1340/1948)
[2025-11-17 19:32:35][INFO][Rank 0] - train Epoch 17/24: 69.3% (1350/1948)
[2025-11-17 19:32:35][INFO][Rank 0] - CUDA Memory [train][Step 1350]: Device 0: Allocated: 3309.6 MB, Reserved: 117540.0 MB (Δ: +1687.0 MB)
[2025-11-17 19:32:42][INFO][Rank 0] - train Epoch 17/24: 69.8% (1360/1948)
[2025-11-17 19:32:49][INFO][Rank 0] - train Epoch 17/24: 70.3% (1370/1948)
[2025-11-17 19:32:56][INFO][Rank 0] - train Epoch 17/24: 70.8% (1380/1948)
[2025-11-17 19:33:03][INFO][Rank 0] - train Epoch 17/24: 71.4% (1390/1948)
[2025-11-17 19:33:10][INFO][Rank 0] - train Epoch 17/24: 71.9% (1400/1948)
[2025-11-17 19:33:17][INFO][Rank 0] - train Epoch 17/24: 72.4% (1410/1948)
[2025-11-17 19:33:24][INFO][Rank 0] - train Epoch 17/24: 72.9% (1420/1948)
[2025-11-17 19:33:31][INFO][Rank 0] - train Epoch 17/24: 73.4% (1430/1948)
[2025-11-17 19:33:38][INFO][Rank 0] - train Epoch 17/24: 73.9% (1440/1948)
[2025-11-17 19:33:39][INFO][Rank 0] - CUDA Memory [train][Step 1440]: Device 0: Allocated: 3309.6 MB, Reserved: 117540.0 MB (Δ: +1687.0 MB)
[2025-11-17 19:33:45][INFO][Rank 0] - train Epoch 17/24: 74.4% (1450/1948)
[2025-11-17 19:33:52][INFO][Rank 0] - train Epoch 17/24: 74.9% (1460/1948)
[2025-11-17 19:33:59][INFO][Rank 0] - train Epoch 17/24: 75.5% (1470/1948)
[2025-11-17 19:34:06][INFO][Rank 0] - train Epoch 17/24: 76.0% (1480/1948)
[2025-11-17 19:34:13][INFO][Rank 0] - train Epoch 17/24: 76.5% (1490/1948)
[2025-11-17 19:34:20][INFO][Rank 0] - train Epoch 17/24: 77.0% (1500/1948)
[2025-11-17 19:34:27][INFO][Rank 0] - train Epoch 17/24: 77.5% (1510/1948)
[2025-11-17 19:34:34][INFO][Rank 0] - train Epoch 17/24: 78.0% (1520/1948)
[2025-11-17 19:34:41][INFO][Rank 0] - train Epoch 17/24: 78.5% (1530/1948)
[2025-11-17 19:34:42][INFO][Rank 0] - CUDA Memory [train][Step 1530]: Device 0: Allocated: 3309.6 MB, Reserved: 117540.0 MB (Δ: +1687.0 MB)
[2025-11-17 19:34:48][INFO][Rank 0] - train Epoch 17/24: 79.1% (1540/1948)
[2025-11-17 19:34:55][INFO][Rank 0] - train Epoch 17/24: 79.6% (1550/1948)
[2025-11-17 19:35:03][INFO][Rank 0] - train Epoch 17/24: 80.1% (1560/1948)
[2025-11-17 19:35:10][INFO][Rank 0] - train Epoch 17/24: 80.6% (1570/1948)
[2025-11-17 19:35:17][INFO][Rank 0] - train Epoch 17/24: 81.1% (1580/1948)
[2025-11-17 19:35:24][INFO][Rank 0] - train Epoch 17/24: 81.6% (1590/1948)
[2025-11-17 19:35:31][INFO][Rank 0] - train Epoch 17/24: 82.1% (1600/1948)
[2025-11-17 19:35:38][INFO][Rank 0] - train Epoch 17/24: 82.6% (1610/1948)
[2025-11-17 19:35:45][INFO][Rank 0] - train Epoch 17/24: 83.2% (1620/1948)
[2025-11-17 19:35:46][INFO][Rank 0] - CUDA Memory [train][Step 1620]: Device 0: Allocated: 3309.6 MB, Reserved: 117540.0 MB (Δ: +1687.0 MB)
[2025-11-17 19:35:52][INFO][Rank 0] - train Epoch 17/24: 83.7% (1630/1948)
[2025-11-17 19:35:59][INFO][Rank 0] - train Epoch 17/24: 84.2% (1640/1948)
[2025-11-17 19:36:06][INFO][Rank 0] - train Epoch 17/24: 84.7% (1650/1948)
[2025-11-17 19:36:13][INFO][Rank 0] - train Epoch 17/24: 85.2% (1660/1948)
[2025-11-17 19:36:20][INFO][Rank 0] - train Epoch 17/24: 85.7% (1670/1948)
[2025-11-17 19:36:27][INFO][Rank 0] - train Epoch 17/24: 86.2% (1680/1948)
[2025-11-17 19:36:34][INFO][Rank 0] - train Epoch 17/24: 86.8% (1690/1948)
[2025-11-17 19:36:41][INFO][Rank 0] - train Epoch 17/24: 87.3% (1700/1948)
[2025-11-17 19:36:48][INFO][Rank 0] - train Epoch 17/24: 87.8% (1710/1948)
[2025-11-17 19:36:49][INFO][Rank 0] - CUDA Memory [train][Step 1710]: Device 0: Allocated: 3309.6 MB, Reserved: 117540.0 MB (Δ: +1687.0 MB)
[2025-11-17 19:36:55][INFO][Rank 0] - train Epoch 17/24: 88.3% (1720/1948)
[2025-11-17 19:37:02][INFO][Rank 0] - train Epoch 17/24: 88.8% (1730/1948)
[2025-11-17 19:37:09][INFO][Rank 0] - train Epoch 17/24: 89.3% (1740/1948)
[2025-11-17 19:37:16][INFO][Rank 0] - train Epoch 17/24: 89.8% (1750/1948)
[2025-11-17 19:37:24][INFO][Rank 0] - train Epoch 17/24: 90.3% (1760/1948)
[2025-11-17 19:37:31][INFO][Rank 0] - train Epoch 17/24: 90.9% (1770/1948)
[2025-11-17 19:37:38][INFO][Rank 0] - train Epoch 17/24: 91.4% (1780/1948)
[2025-11-17 19:37:45][INFO][Rank 0] - train Epoch 17/24: 91.9% (1790/1948)
[2025-11-17 19:37:52][INFO][Rank 0] - train Epoch 17/24: 92.4% (1800/1948)
[2025-11-17 19:37:52][INFO][Rank 0] - CUDA Memory [train][Step 1800]: Device 0: Allocated: 3309.6 MB, Reserved: 117540.0 MB (Δ: +1687.0 MB)
[2025-11-17 19:37:59][INFO][Rank 0] - train Epoch 17/24: 92.9% (1810/1948)
[2025-11-17 19:38:06][INFO][Rank 0] - train Epoch 17/24: 93.4% (1820/1948)
[2025-11-17 19:38:13][INFO][Rank 0] - train Epoch 17/24: 93.9% (1830/1948)
[2025-11-17 19:38:20][INFO][Rank 0] - train Epoch 17/24: 94.5% (1840/1948)
[2025-11-17 19:38:27][INFO][Rank 0] - train Epoch 17/24: 95.0% (1850/1948)
[2025-11-17 19:38:34][INFO][Rank 0] - train Epoch 17/24: 95.5% (1860/1948)
[2025-11-17 19:38:41][INFO][Rank 0] - train Epoch 17/24: 96.0% (1870/1948)
[2025-11-17 19:38:48][INFO][Rank 0] - train Epoch 17/24: 96.5% (1880/1948)
[2025-11-17 19:38:55][INFO][Rank 0] - train Epoch 17/24: 97.0% (1890/1948)
[2025-11-17 19:38:56][INFO][Rank 0] - CUDA Memory [train][Step 1890]: Device 0: Allocated: 3309.6 MB, Reserved: 117540.0 MB (Δ: +1687.0 MB)
[2025-11-17 19:39:02][INFO][Rank 0] - train Epoch 17/24: 97.5% (1900/1948)
[2025-11-17 19:39:09][INFO][Rank 0] - train Epoch 17/24: 98.0% (1910/1948)
[2025-11-17 19:39:16][INFO][Rank 0] - train Epoch 17/24: 98.6% (1920/1948)
[2025-11-17 19:39:23][INFO][Rank 0] - train Epoch 17/24: 99.1% (1930/1948)
[2025-11-17 19:39:30][INFO][Rank 0] - train Epoch 17/24: 99.6% (1940/1948)
[2025-11-17 19:39:35][INFO][Rank 0] - train Epoch 17/24: 99.9% (1947/1948)
[2025-11-17 19:39:36][INFO][Rank 0] - train Loss: 0.1594 Acc: 0.9707 F1: 0.9848
[2025-11-17 19:39:36][INFO][Rank 0] - train Balanced Acc: 0.8891 AUC-ROC: 0.9703
[2025-11-17 19:39:36][INFO][Rank 0] - train Sensitivity: 0.9750 Specificity: 0.8033
[2025-11-17 19:39:36][INFO][Rank 0] - train Confusion Matrix: TP=18517, FP=96, FN=475, TN=392
[2025-11-17 19:39:36][INFO][Rank 0] - train completed in 1373.96s
[2025-11-17 19:39:36][INFO][Rank 0] - Data loading time: 1.04s, Forward time: 279.60s, Backward time: 744.21s
[2025-11-17 19:39:36][INFO][Rank 0] - train cache: 0/1 items, hit rate: 0.00%
[2025-11-17 19:39:36][INFO][Rank 0] - CUDA Memory [val][Step 0]: Device 0: Allocated: 3309.6 MB, Reserved: 117540.0 MB (Δ: +1687.0 MB)
[2025-11-17 19:39:36][INFO][Rank 0] - val phase: total 406 batches
[2025-11-17 19:39:36][INFO][Rank 0] - val Epoch 17/24: 0.0% (0/406)
[2025-11-17 19:39:41][INFO][Rank 0] - val Epoch 17/24: 2.5% (10/406)
[2025-11-17 19:39:46][INFO][Rank 0] - val Epoch 17/24: 4.9% (20/406)
[2025-11-17 19:39:52][INFO][Rank 0] - val Epoch 17/24: 7.4% (30/406)
[2025-11-17 19:39:57][INFO][Rank 0] - val Epoch 17/24: 9.9% (40/406)
[2025-11-17 19:40:02][INFO][Rank 0] - val Epoch 17/24: 12.3% (50/406)
[2025-11-17 19:40:07][INFO][Rank 0] - val Epoch 17/24: 14.8% (60/406)
[2025-11-17 19:40:12][INFO][Rank 0] - val Epoch 17/24: 17.2% (70/406)
[2025-11-17 19:40:17][INFO][Rank 0] - val Epoch 17/24: 19.7% (80/406)
[2025-11-17 19:40:22][INFO][Rank 0] - val Epoch 17/24: 22.2% (90/406)
[2025-11-17 19:40:27][INFO][Rank 0] - val Epoch 17/24: 24.6% (100/406)
[2025-11-17 19:40:32][INFO][Rank 0] - val Epoch 17/24: 27.1% (110/406)
[2025-11-17 19:40:37][INFO][Rank 0] - val Epoch 17/24: 29.6% (120/406)
[2025-11-17 19:40:37][INFO][Rank 0] - CUDA Memory [val][Step 120]: Device 0: Allocated: 3309.6 MB, Reserved: 117540.0 MB (Δ: +1687.0 MB)
[2025-11-17 19:40:42][INFO][Rank 0] - val Epoch 17/24: 32.0% (130/406)
[2025-11-17 19:40:47][INFO][Rank 0] - val Epoch 17/24: 34.5% (140/406)
[2025-11-17 19:40:52][INFO][Rank 0] - val Epoch 17/24: 36.9% (150/406)
[2025-11-17 19:40:57][INFO][Rank 0] - val Epoch 17/24: 39.4% (160/406)
[2025-11-17 19:41:02][INFO][Rank 0] - val Epoch 17/24: 41.9% (170/406)
[2025-11-17 19:41:07][INFO][Rank 0] - val Epoch 17/24: 44.3% (180/406)
[2025-11-17 19:41:12][INFO][Rank 0] - val Epoch 17/24: 46.8% (190/406)
[2025-11-17 19:41:17][INFO][Rank 0] - val Epoch 17/24: 49.3% (200/406)
[2025-11-17 19:41:22][INFO][Rank 0] - val Epoch 17/24: 51.7% (210/406)
[2025-11-17 19:41:27][INFO][Rank 0] - val Epoch 17/24: 54.2% (220/406)
[2025-11-17 19:41:32][INFO][Rank 0] - val Epoch 17/24: 56.7% (230/406)
[2025-11-17 19:41:37][INFO][Rank 0] - val Epoch 17/24: 59.1% (240/406)
[2025-11-17 19:41:38][INFO][Rank 0] - CUDA Memory [val][Step 240]: Device 0: Allocated: 3309.6 MB, Reserved: 117540.0 MB (Δ: +1687.0 MB)
[2025-11-17 19:41:42][INFO][Rank 0] - val Epoch 17/24: 61.6% (250/406)
[2025-11-17 19:41:47][INFO][Rank 0] - val Epoch 17/24: 64.0% (260/406)
[2025-11-17 19:41:52][INFO][Rank 0] - val Epoch 17/24: 66.5% (270/406)
[2025-11-17 19:41:57][INFO][Rank 0] - val Epoch 17/24: 69.0% (280/406)
[2025-11-17 19:42:02][INFO][Rank 0] - val Epoch 17/24: 71.4% (290/406)
[2025-11-17 19:42:07][INFO][Rank 0] - val Epoch 17/24: 73.9% (300/406)
[2025-11-17 19:42:12][INFO][Rank 0] - val Epoch 17/24: 76.4% (310/406)
[2025-11-17 19:42:17][INFO][Rank 0] - val Epoch 17/24: 78.8% (320/406)
[2025-11-17 19:42:22][INFO][Rank 0] - val Epoch 17/24: 81.3% (330/406)
[2025-11-17 19:42:27][INFO][Rank 0] - val Epoch 17/24: 83.7% (340/406)
[2025-11-17 19:42:32][INFO][Rank 0] - val Epoch 17/24: 86.2% (350/406)
[2025-11-17 19:42:37][INFO][Rank 0] - val Epoch 17/24: 88.7% (360/406)
[2025-11-17 19:42:38][INFO][Rank 0] - CUDA Memory [val][Step 360]: Device 0: Allocated: 3309.6 MB, Reserved: 117540.0 MB (Δ: +1687.0 MB)
[2025-11-17 19:42:42][INFO][Rank 0] - val Epoch 17/24: 91.1% (370/406)
[2025-11-17 19:42:47][INFO][Rank 0] - val Epoch 17/24: 93.6% (380/406)
[2025-11-17 19:42:52][INFO][Rank 0] - val Epoch 17/24: 96.1% (390/406)
[2025-11-17 19:42:57][INFO][Rank 0] - val Epoch 17/24: 98.5% (400/406)
[2025-11-17 19:43:00][INFO][Rank 0] - val Epoch 17/24: 99.8% (405/406)
[2025-11-17 19:43:00][INFO][Rank 0] - val Loss: 0.1055 Acc: 0.9680 F1: 0.9833
[2025-11-17 19:43:00][INFO][Rank 0] - val Balanced Acc: 0.9205 AUC-ROC: 0.9823
[2025-11-17 19:43:00][INFO][Rank 0] - val Sensitivity: 0.9706 Specificity: 0.8704
[2025-11-17 19:43:00][INFO][Rank 0] - val Confusion Matrix: TP=3836, FP=14, FN=116, TN=94
[2025-11-17 19:43:00][INFO][Rank 0] - val completed in 204.31s
[2025-11-17 19:43:00][INFO][Rank 0] - val cache: 0/1 items, hit rate: 0.00%
[2025-11-17 19:43:04][INFO][Rank 0] - Saved new best auc model with auc: 0.9823 at /projects/retprogression/rgarridogarcia/checkpoints/cropped1024_cropped_centered_allR_3/best_auc_model.pth
[2025-11-17 19:43:08][INFO][Rank 0] - Saved epoch checkpoint at /projects/retprogression/rgarridogarcia/checkpoints/cropped1024_cropped_centered_allR_3/epoch_17.pth
[2025-11-17 19:43:08][INFO][Rank 0] - Epoch 17 summary:
[2025-11-17 19:43:08][INFO][Rank 0] -  Train Loss: 0.1594, Train Acc: 0.9707, Train F1: 0.9848
[2025-11-17 19:43:08][INFO][Rank 0] -  Train Balanced Acc: 0.8891, Train AUC: 0.9703
[2025-11-17 19:43:08][INFO][Rank 0] -  Train Sensitivity: 0.9750, Train Specificity: 0.8033
[2025-11-17 19:43:08][INFO][Rank 0] -  Val Loss: 0.1055, Val Acc: 0.9680, Val F1: 0.9833
[2025-11-17 19:43:08][INFO][Rank 0] -  Val Balanced Acc: 0.9205, Val AUC: 0.9823
[2025-11-17 19:43:08][INFO][Rank 0] -  Val Sensitivity: 0.9706, Val Specificity: 0.8704
[2025-11-17 19:43:08][INFO][Rank 0] -  Total Epoch Time: 1586.15s
[2025-11-17 19:43:08][INFO][Rank 0] - Epoch 18/24
[2025-11-17 19:43:08][INFO][Rank 0] - ----------
[2025-11-17 19:43:08][INFO][Rank 0] - CUDA Memory [train][Step 0]: Device 0: Allocated: 3309.6 MB, Reserved: 117540.0 MB (Δ: +1687.0 MB)
[2025-11-17 19:43:08][INFO][Rank 0] - train phase: total 1948 batches
[2025-11-17 19:43:09][INFO][Rank 0] - train Epoch 18/24: 0.0% (0/1948)
[2025-11-17 19:43:16][INFO][Rank 0] - train Epoch 18/24: 0.5% (10/1948)
[2025-11-17 19:43:23][INFO][Rank 0] - train Epoch 18/24: 1.0% (20/1948)
[2025-11-17 19:43:30][INFO][Rank 0] - train Epoch 18/24: 1.5% (30/1948)
[2025-11-17 19:43:37][INFO][Rank 0] - train Epoch 18/24: 2.1% (40/1948)
[2025-11-17 19:43:44][INFO][Rank 0] - train Epoch 18/24: 2.6% (50/1948)
[2025-11-17 19:43:51][INFO][Rank 0] - train Epoch 18/24: 3.1% (60/1948)
[2025-11-17 19:43:58][INFO][Rank 0] - train Epoch 18/24: 3.6% (70/1948)
[2025-11-17 19:44:05][INFO][Rank 0] - train Epoch 18/24: 4.1% (80/1948)
[2025-11-17 19:44:12][INFO][Rank 0] - train Epoch 18/24: 4.6% (90/1948)
[2025-11-17 19:44:13][INFO][Rank 0] - CUDA Memory [train][Step 90]: Device 0: Allocated: 3309.6 MB, Reserved: 117540.0 MB (Δ: +1687.0 MB)
[2025-11-17 19:44:19][INFO][Rank 0] - train Epoch 18/24: 5.1% (100/1948)
[2025-11-17 19:44:26][INFO][Rank 0] - train Epoch 18/24: 5.6% (110/1948)
slurmstepd: error: *** JOB 2806874 ON d4055 CANCELLED AT 2025-11-17T19:44:31 DUE TO TIME LIMIT ***
