Python location: /projects/retprogression/pytorch_cu121_env/bin/python
CUDA available: True
GPU count: 1
Run ID: 2
Using port: 53671
Running experiment: experiment_res_1024
Using image resolution: 1024x1024
[2025-11-17 11:39:35,180][root][INFO] - Checkpoint directory prepared at /projects/retprogression/rgarridogarcia/checkpoints/cropped1024_cropped_centered_wt_allR_2
[2025-11-17 11:39:35][INFO] - Starting training with configuration summary:
[2025-11-17 11:39:35][INFO] -  exp:
[2025-11-17 11:39:35][INFO] -  _metadata: ContainerMetadata(ref_type=typing.Any, object_type=<class 'dict'>, optional=True, key='exp', flags={}, flags_root=False, resolver_cache=defaultdict(<class 'dict'>, {}), key_type=typing.Any, element_type=typing.Any)
[2025-11-17 11:39:35][INFO] -  _parent: {'run_id': 2, 'caching': {'enabled': True, 'prefetch_factor': 2, 'train_cache_size': 1000, 'val_cache_size': 1000}, 'criterion': {'alpha': 0.25, 'weight_method': 'inverse_frequency', 'gamma': 2.0, 'type': 'cross_entropy', 'use_class_weights': True}, 'data': {'annotations_file_name': '/projects/retprogression/gradable_dr/clean_gradable_dr_2_', 'augmentation': {'enabled': False, 'type': 'none'}, 'batch_size': 10, 'class_labels': 'gradable_binary_DR', 'data_dir': '/projects/retprogression/', 'img_dir': 'complete_cropped_1024_centered_wt_10272025_allRight', 'num_workers': 7, 'resolution': 1024, 'shuffle': True, 'weighted_sampler': {'enabled': False, 'generator_seed': 42, 'target_minority_ratio': 0.2}}, 'distributed': {'backend': 'nccl', 'world_size': 1}, 'early_stopping': {'enabled': False, 'metric': 'f1_score', 'min_delta': 0.001, 'mode': 'max', 'patience': 8}, 'exp': {'checkpoint_dir': '/projects/retprogression/rgarridogarcia/checkpoints/cropped1024_cropped_centered_wt_allR_2', 'checkpoint_freq': 1, 'checkpoint_name': '', 'experiment_name': 'swinv2_res1024', 'master_port': 23456, 'num_epochs': 25}, 'experiment_res_1024': {'data': {'augmentation': {'enabled': False, 'type': 'none'}, 'batch_size': 10, 'resolution': 1024, 'img_dir': 'complete_cropped_1024_centered_wt_10272025_allRight'}, 'exp': {'checkpoint_dir': '/projects/retprogression/rgarridogarcia/checkpoints/cropped1024_cropped_centered_wt_allR_2', 'checkpoint_name': '', 'experiment_name': 'swinv2_res1024', 'master_port': 23456, 'num_epochs': 25}, 'lr_scheduler': {'type': 'cosine', 'warmup': {'enabled': True, 'min_lr': 1e-07, 'warmup_proportion': 0.15}}, 'model': {'img_size': 1024, 'name': 'swinv2_large_window12to16_192to256.ms_in22k_ft_in1k', 'pretrained': True, 'num_classes': 2}, 'optimization': {'amp_enabled': True, 'gradient_accumulation_steps': 16, 'gradient_clipping': 0.5}, 'optimizer': {'optimizer': None, 'name': 'adam', 'lr': 5e-06, 'weight_decay': 0.001, 'momentum': 0.9}}, 'experiment_res_1024_oversample_50': {'criterion': {'class_weights': [1.0, 1.0], 'type': 'cross_entropy', 'use_class_weights': True}, 'data': {'augmentation': {'strength': 'strong'}, 'batch_size': 4, 'resolution': 1024, 'weighted_sampler': {'enabled': True, 'generator_seed': 42, 'target_minority_ratio': 0.5}}, 'exp': {'checkpoint_dir': '/projects/retprogression/rgarridogarcia/checkpoints/relabled_clean_gradable_swinv2_resolution1024_oversample50_2', 'checkpoint_name': 'epoch_23.pth', 'experiment_name': 'swinv2_res1024', 'master_port': 23450, 'num_epochs': 25}, 'lr_scheduler': {'type': 'cosine', 'warmup': {'enabled': True, 'min_lr': 1e-07, 'warmup_proportion': 0.15}}, 'model': {'img_size': 1024, 'name': 'swinv2_large_window12to16_192to256.ms_in22k_ft_in1k'}, 'optimization': {'amp_enabled': True, 'gradient_accumulation_steps': 16, 'gradient_clipping': 0.5}, 'optimizer': {'lr': 5e-06}}, 'lr_scheduler': {'type': 'cosine', 'warmup': {'enabled': True, 'min_lr': 1e-07, 'warmup_proportion': 0.15}}, 'model': {'img_size': 1024, 'name': 'swinv2_large_window12to16_192to256.ms_in22k_ft_in1k', 'pretrained': True, 'num_classes': 2}, 'optimization': {'amp_enabled': True, 'gradient_accumulation_steps': 16, 'gradient_clipping': 0.5}, 'optimizer': {'optimizer': None, 'name': 'adam', 'lr': 5e-06, 'weight_decay': 0.001, 'momentum': 0.9}}
[2025-11-17 11:39:35][INFO] -  _flags_cache: {'struct': None, 'readonly': None, 'convert': None, 'allow_objects': None}
[2025-11-17 11:39:35][INFO] -  _content: {'checkpoint_dir': '/projects/retprogression/rgarridogarcia/checkpoints/cropped1024_cropped_centered_wt_allR_2', 'checkpoint_freq': 1, 'checkpoint_name': '', 'experiment_name': 'swinv2_res1024', 'master_port': 23456, 'num_epochs': 25}
[2025-11-17 11:39:35][INFO] -  data:
[2025-11-17 11:39:35][INFO] -  _metadata: ContainerMetadata(ref_type=typing.Any, object_type=<class 'dict'>, optional=True, key='data', flags={}, flags_root=False, resolver_cache=defaultdict(<class 'dict'>, {}), key_type=typing.Any, element_type=typing.Any)
[2025-11-17 11:39:35][INFO] -  _parent: {'run_id': 2, 'caching': {'enabled': True, 'prefetch_factor': 2, 'train_cache_size': 1000, 'val_cache_size': 1000}, 'criterion': {'alpha': 0.25, 'weight_method': 'inverse_frequency', 'gamma': 2.0, 'type': 'cross_entropy', 'use_class_weights': True}, 'data': {'annotations_file_name': '/projects/retprogression/gradable_dr/clean_gradable_dr_2_', 'augmentation': {'enabled': False, 'type': 'none'}, 'batch_size': 10, 'class_labels': 'gradable_binary_DR', 'data_dir': '/projects/retprogression/', 'img_dir': 'complete_cropped_1024_centered_wt_10272025_allRight', 'num_workers': 7, 'resolution': 1024, 'shuffle': True, 'weighted_sampler': {'enabled': False, 'generator_seed': 42, 'target_minority_ratio': 0.2}}, 'distributed': {'backend': 'nccl', 'world_size': 1}, 'early_stopping': {'enabled': False, 'metric': 'f1_score', 'min_delta': 0.001, 'mode': 'max', 'patience': 8}, 'exp': {'checkpoint_dir': '/projects/retprogression/rgarridogarcia/checkpoints/cropped1024_cropped_centered_wt_allR_2', 'checkpoint_freq': 1, 'checkpoint_name': '', 'experiment_name': 'swinv2_res1024', 'master_port': 23456, 'num_epochs': 25}, 'experiment_res_1024': {'data': {'augmentation': {'enabled': False, 'type': 'none'}, 'batch_size': 10, 'resolution': 1024, 'img_dir': 'complete_cropped_1024_centered_wt_10272025_allRight'}, 'exp': {'checkpoint_dir': '/projects/retprogression/rgarridogarcia/checkpoints/cropped1024_cropped_centered_wt_allR_2', 'checkpoint_name': '', 'experiment_name': 'swinv2_res1024', 'master_port': 23456, 'num_epochs': 25}, 'lr_scheduler': {'type': 'cosine', 'warmup': {'enabled': True, 'min_lr': 1e-07, 'warmup_proportion': 0.15}}, 'model': {'img_size': 1024, 'name': 'swinv2_large_window12to16_192to256.ms_in22k_ft_in1k', 'pretrained': True, 'num_classes': 2}, 'optimization': {'amp_enabled': True, 'gradient_accumulation_steps': 16, 'gradient_clipping': 0.5}, 'optimizer': {'optimizer': None, 'name': 'adam', 'lr': 5e-06, 'weight_decay': 0.001, 'momentum': 0.9}}, 'experiment_res_1024_oversample_50': {'criterion': {'class_weights': [1.0, 1.0], 'type': 'cross_entropy', 'use_class_weights': True}, 'data': {'augmentation': {'strength': 'strong'}, 'batch_size': 4, 'resolution': 1024, 'weighted_sampler': {'enabled': True, 'generator_seed': 42, 'target_minority_ratio': 0.5}}, 'exp': {'checkpoint_dir': '/projects/retprogression/rgarridogarcia/checkpoints/relabled_clean_gradable_swinv2_resolution1024_oversample50_2', 'checkpoint_name': 'epoch_23.pth', 'experiment_name': 'swinv2_res1024', 'master_port': 23450, 'num_epochs': 25}, 'lr_scheduler': {'type': 'cosine', 'warmup': {'enabled': True, 'min_lr': 1e-07, 'warmup_proportion': 0.15}}, 'model': {'img_size': 1024, 'name': 'swinv2_large_window12to16_192to256.ms_in22k_ft_in1k'}, 'optimization': {'amp_enabled': True, 'gradient_accumulation_steps': 16, 'gradient_clipping': 0.5}, 'optimizer': {'lr': 5e-06}}, 'lr_scheduler': {'type': 'cosine', 'warmup': {'enabled': True, 'min_lr': 1e-07, 'warmup_proportion': 0.15}}, 'model': {'img_size': 1024, 'name': 'swinv2_large_window12to16_192to256.ms_in22k_ft_in1k', 'pretrained': True, 'num_classes': 2}, 'optimization': {'amp_enabled': True, 'gradient_accumulation_steps': 16, 'gradient_clipping': 0.5}, 'optimizer': {'optimizer': None, 'name': 'adam', 'lr': 5e-06, 'weight_decay': 0.001, 'momentum': 0.9}}
[2025-11-17 11:39:35][INFO] -  _flags_cache: {'struct': None, 'readonly': None, 'convert': None, 'allow_objects': None}
[2025-11-17 11:39:35][INFO] -  _content: {'annotations_file_name': '/projects/retprogression/gradable_dr/clean_gradable_dr_2_', 'augmentation': {'enabled': False, 'type': 'none'}, 'batch_size': 10, 'class_labels': 'gradable_binary_DR', 'data_dir': '/projects/retprogression/', 'img_dir': 'complete_cropped_1024_centered_wt_10272025_allRight', 'num_workers': 7, 'resolution': 1024, 'shuffle': True, 'weighted_sampler': {'enabled': False, 'generator_seed': 42, 'target_minority_ratio': 0.2}}
[2025-11-17 11:39:35][INFO] -  model:
[2025-11-17 11:39:35][INFO] -  _metadata: ContainerMetadata(ref_type=typing.Any, object_type=<class 'dict'>, optional=True, key='model', flags={}, flags_root=False, resolver_cache=defaultdict(<class 'dict'>, {}), key_type=typing.Any, element_type=typing.Any)
[2025-11-17 11:39:35][INFO] -  _parent: {'run_id': 2, 'caching': {'enabled': True, 'prefetch_factor': 2, 'train_cache_size': 1000, 'val_cache_size': 1000}, 'criterion': {'alpha': 0.25, 'weight_method': 'inverse_frequency', 'gamma': 2.0, 'type': 'cross_entropy', 'use_class_weights': True}, 'data': {'annotations_file_name': '/projects/retprogression/gradable_dr/clean_gradable_dr_2_', 'augmentation': {'enabled': False, 'type': 'none'}, 'batch_size': 10, 'class_labels': 'gradable_binary_DR', 'data_dir': '/projects/retprogression/', 'img_dir': 'complete_cropped_1024_centered_wt_10272025_allRight', 'num_workers': 7, 'resolution': 1024, 'shuffle': True, 'weighted_sampler': {'enabled': False, 'generator_seed': 42, 'target_minority_ratio': 0.2}}, 'distributed': {'backend': 'nccl', 'world_size': 1}, 'early_stopping': {'enabled': False, 'metric': 'f1_score', 'min_delta': 0.001, 'mode': 'max', 'patience': 8}, 'exp': {'checkpoint_dir': '/projects/retprogression/rgarridogarcia/checkpoints/cropped1024_cropped_centered_wt_allR_2', 'checkpoint_freq': 1, 'checkpoint_name': '', 'experiment_name': 'swinv2_res1024', 'master_port': 23456, 'num_epochs': 25}, 'experiment_res_1024': {'data': {'augmentation': {'enabled': False, 'type': 'none'}, 'batch_size': 10, 'resolution': 1024, 'img_dir': 'complete_cropped_1024_centered_wt_10272025_allRight'}, 'exp': {'checkpoint_dir': '/projects/retprogression/rgarridogarcia/checkpoints/cropped1024_cropped_centered_wt_allR_2', 'checkpoint_name': '', 'experiment_name': 'swinv2_res1024', 'master_port': 23456, 'num_epochs': 25}, 'lr_scheduler': {'type': 'cosine', 'warmup': {'enabled': True, 'min_lr': 1e-07, 'warmup_proportion': 0.15}}, 'model': {'img_size': 1024, 'name': 'swinv2_large_window12to16_192to256.ms_in22k_ft_in1k', 'pretrained': True, 'num_classes': 2}, 'optimization': {'amp_enabled': True, 'gradient_accumulation_steps': 16, 'gradient_clipping': 0.5}, 'optimizer': {'optimizer': None, 'name': 'adam', 'lr': 5e-06, 'weight_decay': 0.001, 'momentum': 0.9}}, 'experiment_res_1024_oversample_50': {'criterion': {'class_weights': [1.0, 1.0], 'type': 'cross_entropy', 'use_class_weights': True}, 'data': {'augmentation': {'strength': 'strong'}, 'batch_size': 4, 'resolution': 1024, 'weighted_sampler': {'enabled': True, 'generator_seed': 42, 'target_minority_ratio': 0.5}}, 'exp': {'checkpoint_dir': '/projects/retprogression/rgarridogarcia/checkpoints/relabled_clean_gradable_swinv2_resolution1024_oversample50_2', 'checkpoint_name': 'epoch_23.pth', 'experiment_name': 'swinv2_res1024', 'master_port': 23450, 'num_epochs': 25}, 'lr_scheduler': {'type': 'cosine', 'warmup': {'enabled': True, 'min_lr': 1e-07, 'warmup_proportion': 0.15}}, 'model': {'img_size': 1024, 'name': 'swinv2_large_window12to16_192to256.ms_in22k_ft_in1k'}, 'optimization': {'amp_enabled': True, 'gradient_accumulation_steps': 16, 'gradient_clipping': 0.5}, 'optimizer': {'lr': 5e-06}}, 'lr_scheduler': {'type': 'cosine', 'warmup': {'enabled': True, 'min_lr': 1e-07, 'warmup_proportion': 0.15}}, 'model': {'img_size': 1024, 'name': 'swinv2_large_window12to16_192to256.ms_in22k_ft_in1k', 'pretrained': True, 'num_classes': 2}, 'optimization': {'amp_enabled': True, 'gradient_accumulation_steps': 16, 'gradient_clipping': 0.5}, 'optimizer': {'optimizer': None, 'name': 'adam', 'lr': 5e-06, 'weight_decay': 0.001, 'momentum': 0.9}}
[2025-11-17 11:39:35][INFO] -  _flags_cache: {'struct': None, 'readonly': None, 'convert': None, 'allow_objects': None}
[2025-11-17 11:39:35][INFO] -  _content: {'img_size': 1024, 'name': 'swinv2_large_window12to16_192to256.ms_in22k_ft_in1k', 'pretrained': True, 'num_classes': 2}
[2025-11-17 11:39:35][INFO] -  optimizer:
[2025-11-17 11:39:35][INFO] -  _metadata: ContainerMetadata(ref_type=typing.Any, object_type=<class 'dict'>, optional=True, key='optimizer', flags={}, flags_root=False, resolver_cache=defaultdict(<class 'dict'>, {}), key_type=typing.Any, element_type=typing.Any)
[2025-11-17 11:39:35][INFO] -  _parent: {'run_id': 2, 'caching': {'enabled': True, 'prefetch_factor': 2, 'train_cache_size': 1000, 'val_cache_size': 1000}, 'criterion': {'alpha': 0.25, 'weight_method': 'inverse_frequency', 'gamma': 2.0, 'type': 'cross_entropy', 'use_class_weights': True}, 'data': {'annotations_file_name': '/projects/retprogression/gradable_dr/clean_gradable_dr_2_', 'augmentation': {'enabled': False, 'type': 'none'}, 'batch_size': 10, 'class_labels': 'gradable_binary_DR', 'data_dir': '/projects/retprogression/', 'img_dir': 'complete_cropped_1024_centered_wt_10272025_allRight', 'num_workers': 7, 'resolution': 1024, 'shuffle': True, 'weighted_sampler': {'enabled': False, 'generator_seed': 42, 'target_minority_ratio': 0.2}}, 'distributed': {'backend': 'nccl', 'world_size': 1}, 'early_stopping': {'enabled': False, 'metric': 'f1_score', 'min_delta': 0.001, 'mode': 'max', 'patience': 8}, 'exp': {'checkpoint_dir': '/projects/retprogression/rgarridogarcia/checkpoints/cropped1024_cropped_centered_wt_allR_2', 'checkpoint_freq': 1, 'checkpoint_name': '', 'experiment_name': 'swinv2_res1024', 'master_port': 23456, 'num_epochs': 25}, 'experiment_res_1024': {'data': {'augmentation': {'enabled': False, 'type': 'none'}, 'batch_size': 10, 'resolution': 1024, 'img_dir': 'complete_cropped_1024_centered_wt_10272025_allRight'}, 'exp': {'checkpoint_dir': '/projects/retprogression/rgarridogarcia/checkpoints/cropped1024_cropped_centered_wt_allR_2', 'checkpoint_name': '', 'experiment_name': 'swinv2_res1024', 'master_port': 23456, 'num_epochs': 25}, 'lr_scheduler': {'type': 'cosine', 'warmup': {'enabled': True, 'min_lr': 1e-07, 'warmup_proportion': 0.15}}, 'model': {'img_size': 1024, 'name': 'swinv2_large_window12to16_192to256.ms_in22k_ft_in1k', 'pretrained': True, 'num_classes': 2}, 'optimization': {'amp_enabled': True, 'gradient_accumulation_steps': 16, 'gradient_clipping': 0.5}, 'optimizer': {'optimizer': None, 'name': 'adam', 'lr': 5e-06, 'weight_decay': 0.001, 'momentum': 0.9}}, 'experiment_res_1024_oversample_50': {'criterion': {'class_weights': [1.0, 1.0], 'type': 'cross_entropy', 'use_class_weights': True}, 'data': {'augmentation': {'strength': 'strong'}, 'batch_size': 4, 'resolution': 1024, 'weighted_sampler': {'enabled': True, 'generator_seed': 42, 'target_minority_ratio': 0.5}}, 'exp': {'checkpoint_dir': '/projects/retprogression/rgarridogarcia/checkpoints/relabled_clean_gradable_swinv2_resolution1024_oversample50_2', 'checkpoint_name': 'epoch_23.pth', 'experiment_name': 'swinv2_res1024', 'master_port': 23450, 'num_epochs': 25}, 'lr_scheduler': {'type': 'cosine', 'warmup': {'enabled': True, 'min_lr': 1e-07, 'warmup_proportion': 0.15}}, 'model': {'img_size': 1024, 'name': 'swinv2_large_window12to16_192to256.ms_in22k_ft_in1k'}, 'optimization': {'amp_enabled': True, 'gradient_accumulation_steps': 16, 'gradient_clipping': 0.5}, 'optimizer': {'lr': 5e-06}}, 'lr_scheduler': {'type': 'cosine', 'warmup': {'enabled': True, 'min_lr': 1e-07, 'warmup_proportion': 0.15}}, 'model': {'img_size': 1024, 'name': 'swinv2_large_window12to16_192to256.ms_in22k_ft_in1k', 'pretrained': True, 'num_classes': 2}, 'optimization': {'amp_enabled': True, 'gradient_accumulation_steps': 16, 'gradient_clipping': 0.5}, 'optimizer': {'optimizer': None, 'name': 'adam', 'lr': 5e-06, 'weight_decay': 0.001, 'momentum': 0.9}}
[2025-11-17 11:39:35][INFO] -  _flags_cache: {'struct': None, 'readonly': None, 'convert': None, 'allow_objects': None}
[2025-11-17 11:39:35][INFO] -  _content: {'optimizer': None, 'name': 'adam', 'lr': 5e-06, 'weight_decay': 0.001, 'momentum': 0.9}
[2025-11-17 11:39:35][INFO] -  lr_scheduler:
[2025-11-17 11:39:35][INFO] -  _metadata: ContainerMetadata(ref_type=typing.Any, object_type=<class 'dict'>, optional=True, key='lr_scheduler', flags={}, flags_root=False, resolver_cache=defaultdict(<class 'dict'>, {}), key_type=typing.Any, element_type=typing.Any)
[2025-11-17 11:39:35][INFO] -  _parent: {'run_id': 2, 'caching': {'enabled': True, 'prefetch_factor': 2, 'train_cache_size': 1000, 'val_cache_size': 1000}, 'criterion': {'alpha': 0.25, 'weight_method': 'inverse_frequency', 'gamma': 2.0, 'type': 'cross_entropy', 'use_class_weights': True}, 'data': {'annotations_file_name': '/projects/retprogression/gradable_dr/clean_gradable_dr_2_', 'augmentation': {'enabled': False, 'type': 'none'}, 'batch_size': 10, 'class_labels': 'gradable_binary_DR', 'data_dir': '/projects/retprogression/', 'img_dir': 'complete_cropped_1024_centered_wt_10272025_allRight', 'num_workers': 7, 'resolution': 1024, 'shuffle': True, 'weighted_sampler': {'enabled': False, 'generator_seed': 42, 'target_minority_ratio': 0.2}}, 'distributed': {'backend': 'nccl', 'world_size': 1}, 'early_stopping': {'enabled': False, 'metric': 'f1_score', 'min_delta': 0.001, 'mode': 'max', 'patience': 8}, 'exp': {'checkpoint_dir': '/projects/retprogression/rgarridogarcia/checkpoints/cropped1024_cropped_centered_wt_allR_2', 'checkpoint_freq': 1, 'checkpoint_name': '', 'experiment_name': 'swinv2_res1024', 'master_port': 23456, 'num_epochs': 25}, 'experiment_res_1024': {'data': {'augmentation': {'enabled': False, 'type': 'none'}, 'batch_size': 10, 'resolution': 1024, 'img_dir': 'complete_cropped_1024_centered_wt_10272025_allRight'}, 'exp': {'checkpoint_dir': '/projects/retprogression/rgarridogarcia/checkpoints/cropped1024_cropped_centered_wt_allR_2', 'checkpoint_name': '', 'experiment_name': 'swinv2_res1024', 'master_port': 23456, 'num_epochs': 25}, 'lr_scheduler': {'type': 'cosine', 'warmup': {'enabled': True, 'min_lr': 1e-07, 'warmup_proportion': 0.15}}, 'model': {'img_size': 1024, 'name': 'swinv2_large_window12to16_192to256.ms_in22k_ft_in1k', 'pretrained': True, 'num_classes': 2}, 'optimization': {'amp_enabled': True, 'gradient_accumulation_steps': 16, 'gradient_clipping': 0.5}, 'optimizer': {'optimizer': None, 'name': 'adam', 'lr': 5e-06, 'weight_decay': 0.001, 'momentum': 0.9}}, 'experiment_res_1024_oversample_50': {'criterion': {'class_weights': [1.0, 1.0], 'type': 'cross_entropy', 'use_class_weights': True}, 'data': {'augmentation': {'strength': 'strong'}, 'batch_size': 4, 'resolution': 1024, 'weighted_sampler': {'enabled': True, 'generator_seed': 42, 'target_minority_ratio': 0.5}}, 'exp': {'checkpoint_dir': '/projects/retprogression/rgarridogarcia/checkpoints/relabled_clean_gradable_swinv2_resolution1024_oversample50_2', 'checkpoint_name': 'epoch_23.pth', 'experiment_name': 'swinv2_res1024', 'master_port': 23450, 'num_epochs': 25}, 'lr_scheduler': {'type': 'cosine', 'warmup': {'enabled': True, 'min_lr': 1e-07, 'warmup_proportion': 0.15}}, 'model': {'img_size': 1024, 'name': 'swinv2_large_window12to16_192to256.ms_in22k_ft_in1k'}, 'optimization': {'amp_enabled': True, 'gradient_accumulation_steps': 16, 'gradient_clipping': 0.5}, 'optimizer': {'lr': 5e-06}}, 'lr_scheduler': {'type': 'cosine', 'warmup': {'enabled': True, 'min_lr': 1e-07, 'warmup_proportion': 0.15}}, 'model': {'img_size': 1024, 'name': 'swinv2_large_window12to16_192to256.ms_in22k_ft_in1k', 'pretrained': True, 'num_classes': 2}, 'optimization': {'amp_enabled': True, 'gradient_accumulation_steps': 16, 'gradient_clipping': 0.5}, 'optimizer': {'optimizer': None, 'name': 'adam', 'lr': 5e-06, 'weight_decay': 0.001, 'momentum': 0.9}}
[2025-11-17 11:39:35][INFO] -  _flags_cache: {'struct': None, 'readonly': None, 'convert': None, 'allow_objects': None}
[2025-11-17 11:39:35][INFO] -  _content: {'type': 'cosine', 'warmup': {'enabled': True, 'min_lr': 1e-07, 'warmup_proportion': 0.15}}
[2025-11-17 11:39:35][INFO] -  distributed:
[2025-11-17 11:39:35][INFO] -  _metadata: ContainerMetadata(ref_type=typing.Any, object_type=<class 'dict'>, optional=True, key='distributed', flags={}, flags_root=False, resolver_cache=defaultdict(<class 'dict'>, {}), key_type=typing.Any, element_type=typing.Any)
[2025-11-17 11:39:35][INFO] -  _parent: {'run_id': 2, 'caching': {'enabled': True, 'prefetch_factor': 2, 'train_cache_size': 1000, 'val_cache_size': 1000}, 'criterion': {'alpha': 0.25, 'weight_method': 'inverse_frequency', 'gamma': 2.0, 'type': 'cross_entropy', 'use_class_weights': True}, 'data': {'annotations_file_name': '/projects/retprogression/gradable_dr/clean_gradable_dr_2_', 'augmentation': {'enabled': False, 'type': 'none'}, 'batch_size': 10, 'class_labels': 'gradable_binary_DR', 'data_dir': '/projects/retprogression/', 'img_dir': 'complete_cropped_1024_centered_wt_10272025_allRight', 'num_workers': 7, 'resolution': 1024, 'shuffle': True, 'weighted_sampler': {'enabled': False, 'generator_seed': 42, 'target_minority_ratio': 0.2}}, 'distributed': {'backend': 'nccl', 'world_size': 1}, 'early_stopping': {'enabled': False, 'metric': 'f1_score', 'min_delta': 0.001, 'mode': 'max', 'patience': 8}, 'exp': {'checkpoint_dir': '/projects/retprogression/rgarridogarcia/checkpoints/cropped1024_cropped_centered_wt_allR_2', 'checkpoint_freq': 1, 'checkpoint_name': '', 'experiment_name': 'swinv2_res1024', 'master_port': 23456, 'num_epochs': 25}, 'experiment_res_1024': {'data': {'augmentation': {'enabled': False, 'type': 'none'}, 'batch_size': 10, 'resolution': 1024, 'img_dir': 'complete_cropped_1024_centered_wt_10272025_allRight'}, 'exp': {'checkpoint_dir': '/projects/retprogression/rgarridogarcia/checkpoints/cropped1024_cropped_centered_wt_allR_2', 'checkpoint_name': '', 'experiment_name': 'swinv2_res1024', 'master_port': 23456, 'num_epochs': 25}, 'lr_scheduler': {'type': 'cosine', 'warmup': {'enabled': True, 'min_lr': 1e-07, 'warmup_proportion': 0.15}}, 'model': {'img_size': 1024, 'name': 'swinv2_large_window12to16_192to256.ms_in22k_ft_in1k', 'pretrained': True, 'num_classes': 2}, 'optimization': {'amp_enabled': True, 'gradient_accumulation_steps': 16, 'gradient_clipping': 0.5}, 'optimizer': {'optimizer': None, 'name': 'adam', 'lr': 5e-06, 'weight_decay': 0.001, 'momentum': 0.9}}, 'experiment_res_1024_oversample_50': {'criterion': {'class_weights': [1.0, 1.0], 'type': 'cross_entropy', 'use_class_weights': True}, 'data': {'augmentation': {'strength': 'strong'}, 'batch_size': 4, 'resolution': 1024, 'weighted_sampler': {'enabled': True, 'generator_seed': 42, 'target_minority_ratio': 0.5}}, 'exp': {'checkpoint_dir': '/projects/retprogression/rgarridogarcia/checkpoints/relabled_clean_gradable_swinv2_resolution1024_oversample50_2', 'checkpoint_name': 'epoch_23.pth', 'experiment_name': 'swinv2_res1024', 'master_port': 23450, 'num_epochs': 25}, 'lr_scheduler': {'type': 'cosine', 'warmup': {'enabled': True, 'min_lr': 1e-07, 'warmup_proportion': 0.15}}, 'model': {'img_size': 1024, 'name': 'swinv2_large_window12to16_192to256.ms_in22k_ft_in1k'}, 'optimization': {'amp_enabled': True, 'gradient_accumulation_steps': 16, 'gradient_clipping': 0.5}, 'optimizer': {'lr': 5e-06}}, 'lr_scheduler': {'type': 'cosine', 'warmup': {'enabled': True, 'min_lr': 1e-07, 'warmup_proportion': 0.15}}, 'model': {'img_size': 1024, 'name': 'swinv2_large_window12to16_192to256.ms_in22k_ft_in1k', 'pretrained': True, 'num_classes': 2}, 'optimization': {'amp_enabled': True, 'gradient_accumulation_steps': 16, 'gradient_clipping': 0.5}, 'optimizer': {'optimizer': None, 'name': 'adam', 'lr': 5e-06, 'weight_decay': 0.001, 'momentum': 0.9}}
[2025-11-17 11:39:35][INFO] -  _flags_cache: None
[2025-11-17 11:39:35][INFO] -  _content: {'backend': 'nccl', 'world_size': 1}
[2025-11-17 11:39:35][INFO] -  early_stopping:
[2025-11-17 11:39:35][INFO] -  _metadata: ContainerMetadata(ref_type=typing.Any, object_type=<class 'dict'>, optional=True, key='early_stopping', flags={}, flags_root=False, resolver_cache=defaultdict(<class 'dict'>, {}), key_type=typing.Any, element_type=typing.Any)
[2025-11-17 11:39:35][INFO] -  _parent: {'run_id': 2, 'caching': {'enabled': True, 'prefetch_factor': 2, 'train_cache_size': 1000, 'val_cache_size': 1000}, 'criterion': {'alpha': 0.25, 'weight_method': 'inverse_frequency', 'gamma': 2.0, 'type': 'cross_entropy', 'use_class_weights': True}, 'data': {'annotations_file_name': '/projects/retprogression/gradable_dr/clean_gradable_dr_2_', 'augmentation': {'enabled': False, 'type': 'none'}, 'batch_size': 10, 'class_labels': 'gradable_binary_DR', 'data_dir': '/projects/retprogression/', 'img_dir': 'complete_cropped_1024_centered_wt_10272025_allRight', 'num_workers': 7, 'resolution': 1024, 'shuffle': True, 'weighted_sampler': {'enabled': False, 'generator_seed': 42, 'target_minority_ratio': 0.2}}, 'distributed': {'backend': 'nccl', 'world_size': 1}, 'early_stopping': {'enabled': False, 'metric': 'f1_score', 'min_delta': 0.001, 'mode': 'max', 'patience': 8}, 'exp': {'checkpoint_dir': '/projects/retprogression/rgarridogarcia/checkpoints/cropped1024_cropped_centered_wt_allR_2', 'checkpoint_freq': 1, 'checkpoint_name': '', 'experiment_name': 'swinv2_res1024', 'master_port': 23456, 'num_epochs': 25}, 'experiment_res_1024': {'data': {'augmentation': {'enabled': False, 'type': 'none'}, 'batch_size': 10, 'resolution': 1024, 'img_dir': 'complete_cropped_1024_centered_wt_10272025_allRight'}, 'exp': {'checkpoint_dir': '/projects/retprogression/rgarridogarcia/checkpoints/cropped1024_cropped_centered_wt_allR_2', 'checkpoint_name': '', 'experiment_name': 'swinv2_res1024', 'master_port': 23456, 'num_epochs': 25}, 'lr_scheduler': {'type': 'cosine', 'warmup': {'enabled': True, 'min_lr': 1e-07, 'warmup_proportion': 0.15}}, 'model': {'img_size': 1024, 'name': 'swinv2_large_window12to16_192to256.ms_in22k_ft_in1k', 'pretrained': True, 'num_classes': 2}, 'optimization': {'amp_enabled': True, 'gradient_accumulation_steps': 16, 'gradient_clipping': 0.5}, 'optimizer': {'optimizer': None, 'name': 'adam', 'lr': 5e-06, 'weight_decay': 0.001, 'momentum': 0.9}}, 'experiment_res_1024_oversample_50': {'criterion': {'class_weights': [1.0, 1.0], 'type': 'cross_entropy', 'use_class_weights': True}, 'data': {'augmentation': {'strength': 'strong'}, 'batch_size': 4, 'resolution': 1024, 'weighted_sampler': {'enabled': True, 'generator_seed': 42, 'target_minority_ratio': 0.5}}, 'exp': {'checkpoint_dir': '/projects/retprogression/rgarridogarcia/checkpoints/relabled_clean_gradable_swinv2_resolution1024_oversample50_2', 'checkpoint_name': 'epoch_23.pth', 'experiment_name': 'swinv2_res1024', 'master_port': 23450, 'num_epochs': 25}, 'lr_scheduler': {'type': 'cosine', 'warmup': {'enabled': True, 'min_lr': 1e-07, 'warmup_proportion': 0.15}}, 'model': {'img_size': 1024, 'name': 'swinv2_large_window12to16_192to256.ms_in22k_ft_in1k'}, 'optimization': {'amp_enabled': True, 'gradient_accumulation_steps': 16, 'gradient_clipping': 0.5}, 'optimizer': {'lr': 5e-06}}, 'lr_scheduler': {'type': 'cosine', 'warmup': {'enabled': True, 'min_lr': 1e-07, 'warmup_proportion': 0.15}}, 'model': {'img_size': 1024, 'name': 'swinv2_large_window12to16_192to256.ms_in22k_ft_in1k', 'pretrained': True, 'num_classes': 2}, 'optimization': {'amp_enabled': True, 'gradient_accumulation_steps': 16, 'gradient_clipping': 0.5}, 'optimizer': {'optimizer': None, 'name': 'adam', 'lr': 5e-06, 'weight_decay': 0.001, 'momentum': 0.9}}
[2025-11-17 11:39:35][INFO] -  _flags_cache: None
[2025-11-17 11:39:35][INFO] -  _content: {'enabled': False, 'metric': 'f1_score', 'min_delta': 0.001, 'mode': 'max', 'patience': 8}
[2025-11-17 11:39:35][INFO] -  criterion:
[2025-11-17 11:39:35][INFO] -  _metadata: ContainerMetadata(ref_type=typing.Any, object_type=<class 'dict'>, optional=True, key='criterion', flags={}, flags_root=False, resolver_cache=defaultdict(<class 'dict'>, {}), key_type=typing.Any, element_type=typing.Any)
[2025-11-17 11:39:35][INFO] -  _parent: {'run_id': 2, 'caching': {'enabled': True, 'prefetch_factor': 2, 'train_cache_size': 1000, 'val_cache_size': 1000}, 'criterion': {'alpha': 0.25, 'weight_method': 'inverse_frequency', 'gamma': 2.0, 'type': 'cross_entropy', 'use_class_weights': True}, 'data': {'annotations_file_name': '/projects/retprogression/gradable_dr/clean_gradable_dr_2_', 'augmentation': {'enabled': False, 'type': 'none'}, 'batch_size': 10, 'class_labels': 'gradable_binary_DR', 'data_dir': '/projects/retprogression/', 'img_dir': 'complete_cropped_1024_centered_wt_10272025_allRight', 'num_workers': 7, 'resolution': 1024, 'shuffle': True, 'weighted_sampler': {'enabled': False, 'generator_seed': 42, 'target_minority_ratio': 0.2}}, 'distributed': {'backend': 'nccl', 'world_size': 1}, 'early_stopping': {'enabled': False, 'metric': 'f1_score', 'min_delta': 0.001, 'mode': 'max', 'patience': 8}, 'exp': {'checkpoint_dir': '/projects/retprogression/rgarridogarcia/checkpoints/cropped1024_cropped_centered_wt_allR_2', 'checkpoint_freq': 1, 'checkpoint_name': '', 'experiment_name': 'swinv2_res1024', 'master_port': 23456, 'num_epochs': 25}, 'experiment_res_1024': {'data': {'augmentation': {'enabled': False, 'type': 'none'}, 'batch_size': 10, 'resolution': 1024, 'img_dir': 'complete_cropped_1024_centered_wt_10272025_allRight'}, 'exp': {'checkpoint_dir': '/projects/retprogression/rgarridogarcia/checkpoints/cropped1024_cropped_centered_wt_allR_2', 'checkpoint_name': '', 'experiment_name': 'swinv2_res1024', 'master_port': 23456, 'num_epochs': 25}, 'lr_scheduler': {'type': 'cosine', 'warmup': {'enabled': True, 'min_lr': 1e-07, 'warmup_proportion': 0.15}}, 'model': {'img_size': 1024, 'name': 'swinv2_large_window12to16_192to256.ms_in22k_ft_in1k', 'pretrained': True, 'num_classes': 2}, 'optimization': {'amp_enabled': True, 'gradient_accumulation_steps': 16, 'gradient_clipping': 0.5}, 'optimizer': {'optimizer': None, 'name': 'adam', 'lr': 5e-06, 'weight_decay': 0.001, 'momentum': 0.9}}, 'experiment_res_1024_oversample_50': {'criterion': {'class_weights': [1.0, 1.0], 'type': 'cross_entropy', 'use_class_weights': True}, 'data': {'augmentation': {'strength': 'strong'}, 'batch_size': 4, 'resolution': 1024, 'weighted_sampler': {'enabled': True, 'generator_seed': 42, 'target_minority_ratio': 0.5}}, 'exp': {'checkpoint_dir': '/projects/retprogression/rgarridogarcia/checkpoints/relabled_clean_gradable_swinv2_resolution1024_oversample50_2', 'checkpoint_name': 'epoch_23.pth', 'experiment_name': 'swinv2_res1024', 'master_port': 23450, 'num_epochs': 25}, 'lr_scheduler': {'type': 'cosine', 'warmup': {'enabled': True, 'min_lr': 1e-07, 'warmup_proportion': 0.15}}, 'model': {'img_size': 1024, 'name': 'swinv2_large_window12to16_192to256.ms_in22k_ft_in1k'}, 'optimization': {'amp_enabled': True, 'gradient_accumulation_steps': 16, 'gradient_clipping': 0.5}, 'optimizer': {'lr': 5e-06}}, 'lr_scheduler': {'type': 'cosine', 'warmup': {'enabled': True, 'min_lr': 1e-07, 'warmup_proportion': 0.15}}, 'model': {'img_size': 1024, 'name': 'swinv2_large_window12to16_192to256.ms_in22k_ft_in1k', 'pretrained': True, 'num_classes': 2}, 'optimization': {'amp_enabled': True, 'gradient_accumulation_steps': 16, 'gradient_clipping': 0.5}, 'optimizer': {'optimizer': None, 'name': 'adam', 'lr': 5e-06, 'weight_decay': 0.001, 'momentum': 0.9}}
[2025-11-17 11:39:35][INFO] -  _flags_cache: None
[2025-11-17 11:39:35][INFO] -  _content: {'alpha': 0.25, 'weight_method': 'inverse_frequency', 'gamma': 2.0, 'type': 'cross_entropy', 'use_class_weights': True}
[2025-11-17 11:39:35][INFO] - Number of available GPUs: 1
[2025-11-17 11:39:35][INFO] - Available GPUs:
[2025-11-17 11:39:35][INFO] -  GPU 0: NVIDIA H200
[2025-11-17 11:39:35][INFO] - Training with single GPU or CPU
[2025-11-17 11:39:35][INFO] - Initialized process group with world_size=1
[2025-11-17 11:39:35][INFO][Rank 0] - Running training on rank 0 with world size 1
[2025-11-17 11:39:35][INFO][Rank 0] - Training for 25 epochs
[2025-11-17 11:39:35][INFO][Rank 0] - Batch size: 10 (per GPU)
[2025-11-17 11:39:35][INFO][Rank 0] - Total effective batch size: 10
[2025-11-17 11:39:35][INFO][Rank 0] - Learning rate: 5e-06
[2025-11-17 11:39:35][INFO][Rank 0] - Experiment name: swinv2_res1024
[2025-11-17 11:39:35][INFO][Rank 0] - Data augmentation type: none
[2025-11-17 11:39:35][INFO][Rank 0] - Image resolution: 1024x1024
[2025-11-17 11:39:35][INFO][Rank 0] - Creating datasets...
[2025-11-17 11:39:35][INFO][Rank 0] - Using image directory: complete_cropped_1024_centered_wt_10272025_allRight
[2025-11-17 11:39:43][INFO][Rank 0] - JoslinData: Loaded 19356 samples from /projects/retprogression/complete_cropped_1024_centered_wt_10272025_allRight
[2025-11-17 11:39:43][INFO][Rank 0] - Class distribution: {1: '18881 (97.5%)', 0: '475 (2.5%)'}
[2025-11-17 11:39:44][INFO][Rank 0] - JoslinData: Loaded 4129 samples from /projects/retprogression/complete_cropped_1024_centered_wt_10272025_allRight
[2025-11-17 11:39:44][INFO][Rank 0] - Class distribution: {1: '4022 (97.4%)', 0: '107 (2.6%)'}
[2025-11-17 11:39:44][INFO][Rank 0] - CachedDataset initialized for rank 0 with cache_size=1000
[2025-11-17 11:39:44][INFO][Rank 0] - CachedDataset initialized for rank 0 with cache_size=1000
[2025-11-17 11:39:44][INFO][Rank 0] - Datasets created in 8.52s
[2025-11-17 11:39:44][INFO][Rank 0] - Train dataset size: 19356
[2025-11-17 11:39:44][INFO][Rank 0] - Validation dataset size: 4129
[2025-11-17 11:39:44][INFO][Rank 0] - Caching enabled - Train cache size: 1000, Val cache size: 1000
[2025-11-17 11:39:44][INFO][Rank 0] - Creating dataloaders...
[2025-11-17 11:39:44][INFO][Rank 0] - Dataloaders created in 0.00s
[2025-11-17 11:39:44][INFO][Rank 0] - Workers per GPU: 7
[2025-11-17 11:39:44][INFO][Rank 0] - Prefetch factor: 2
[2025-11-17 11:39:44][INFO][Rank 0] - Drop last batch: True
[2025-11-17 11:39:44][INFO][Rank 0] - Creating model: swinv2_large_window12to16_192to256.ms_in22k_ft_in1k...
[2025-11-17 11:39:46][INFO][Rank 0] - Loading pretrained weights from Hugging Face hub (timm/swinv2_large_window12to16_192to256.ms_in22k_ft_in1k)
[2025-11-17 11:39:46][INFO][Rank 0] - [timm/swinv2_large_window12to16_192to256.ms_in22k_ft_in1k] Safe alternative available for 'pytorch_model.bin' (as 'model.safetensors'). Loading weights using safetensors.
[2025-11-17 11:39:47][INFO][Rank 0] - Missing keys (head.fc.weight, head.fc.bias) discovered while loading pretrained weights. This is expected if model is being adapted.
[2025-11-17 11:39:47][INFO][Rank 0] - Created ViT model with image size: 1024x1024
[2025-11-17 11:39:47][INFO][Rank 0] - Model parameters: 195,206,006 total, 195,206,006 trainable
[2025-11-17 11:39:48][INFO][Rank 0] - Model created and initialized in 4.16s
[2025-11-17 11:39:48][INFO][Rank 0] - Class weights explicitly set to: True
[2025-11-17 11:39:48][INFO][Rank 0] - Auto-computing class weights using method: inverse_frequency
[2025-11-17 11:39:48][INFO][Rank 0] - Class distribution:
[2025-11-17 11:39:48][INFO][Rank 0] -   Class 0: 475 samples (2.5%)
[2025-11-17 11:39:48][INFO][Rank 0] -   Class 1: 18881 samples (97.5%)
[2025-11-17 11:39:48][INFO][Rank 0] - Computed class weights (method=inverse_frequency):
[2025-11-17 11:39:48][INFO][Rank 0] -   Class 0: weight = 1.00
[2025-11-17 11:39:48][INFO][Rank 0] -   Class 1: weight = 0.03
[2025-11-17 11:39:48][INFO][Rank 0] - Imbalance ratio: 39.7:1
[2025-11-17 11:39:49][INFO][Rank 0] - Using weighted Cross Entropy loss with class weights: tensor([1.0000, 0.0252], device='cuda:0')
[2025-11-17 11:39:49][INFO][Rank 0] - Learning rate warmup enabled: 290 steps from 1e-07 to 5e-06
/projects/retprogression/pytorch_cu121_env/lib/python3.12/site-packages/torch/optim/lr_scheduler.py:60: UserWarning: The verbose parameter is deprecated. Please use get_last_lr() to access the learning rate.
  warnings.warn(
[2025-11-17 11:39:49][INFO][Rank 0] - Checkpoint path: /projects/retprogression/rgarridogarcia/checkpoints/cropped1024_cropped_centered_wt_allR_2/
[2025-11-17 11:39:49][INFO][Rank 0] - ======= Starting Training =======
[2025-11-17 11:39:49][INFO][Rank 0] - Using gradient accumulation with 16 steps
[2025-11-17 11:39:49][INFO][Rank 0] - Automatic mixed precision (AMP) enabled
[2025-11-17 11:39:49][INFO][Rank 0] - Gradient clipping enabled with max norm 0.5
/home/r.garridogarcia/MIGHTE/retprogression/swinV2/RETProgression/src/utils.py:287: FutureWarning: `torch.cuda.amp.GradScaler(args...)` is deprecated. Please use `torch.amp.GradScaler('cuda', args...)` instead.
  scaler = torch.cuda.amp.GradScaler() if amp_enabled else None
[2025-11-17 11:39:49][INFO][Rank 0] - CUDA memory monitor initialized: {0: {'allocated': 1622.57568359375, 'reserved': 2196.0, 'active': 1622.57568359375}}
[2025-11-17 11:39:49][INFO][Rank 0] - ========== Starting Training ==========
[2025-11-17 11:39:49][INFO][Rank 0] - GPU 0: NVIDIA H200
[2025-11-17 11:39:49][INFO][Rank 0] - Epoch 0/24
[2025-11-17 11:39:49][INFO][Rank 0] - ----------
[2025-11-17 11:39:49][INFO][Rank 0] - CUDA Memory [train][Step 0]: Device 0: Allocated: 1622.6 MB, Reserved: 2196.0 MB (Δ: +0.0 MB)
[2025-11-17 11:39:49][INFO][Rank 0] - train phase: total 1935 batches
[2025-11-17 11:39:50][INFO][Rank 0] - train Epoch 0/24: 0.0% (0/1935)
[2025-11-17 11:39:50][INFO][Rank 0] - Input batch size: torch.Size([10, 3, 1024, 1024])
[2025-11-17 11:40:00][INFO][Rank 0] - train Epoch 0/24: 0.5% (10/1935)
[2025-11-17 11:40:08][INFO][Rank 0] - train Epoch 0/24: 1.0% (20/1935)
[2025-11-17 11:40:15][INFO][Rank 0] - train Epoch 0/24: 1.6% (30/1935)
[2025-11-17 11:40:22][INFO][Rank 0] - train Epoch 0/24: 2.1% (40/1935)
[2025-11-17 11:40:29][INFO][Rank 0] - train Epoch 0/24: 2.6% (50/1935)
[2025-11-17 11:40:36][INFO][Rank 0] - train Epoch 0/24: 3.1% (60/1935)
[2025-11-17 11:40:43][INFO][Rank 0] - train Epoch 0/24: 3.6% (70/1935)
[2025-11-17 11:40:50][INFO][Rank 0] - train Epoch 0/24: 4.1% (80/1935)
[2025-11-17 11:40:57][INFO][Rank 0] - train Epoch 0/24: 4.7% (90/1935)
[2025-11-17 11:40:58][INFO][Rank 0] - CUDA Memory [train][Step 90]: Device 0: Allocated: 3309.6 MB, Reserved: 117540.0 MB (Δ: +1687.0 MB)
[2025-11-17 11:41:05][INFO][Rank 0] - train Epoch 0/24: 5.2% (100/1935)
[2025-11-17 11:41:12][INFO][Rank 0] - train Epoch 0/24: 5.7% (110/1935)
[2025-11-17 11:41:19][INFO][Rank 0] - train Epoch 0/24: 6.2% (120/1935)
[2025-11-17 11:41:26][INFO][Rank 0] - train Epoch 0/24: 6.7% (130/1935)
[2025-11-17 11:41:33][INFO][Rank 0] - train Epoch 0/24: 7.2% (140/1935)
[2025-11-17 11:41:40][INFO][Rank 0] - train Epoch 0/24: 7.8% (150/1935)
[2025-11-17 11:41:47][INFO][Rank 0] - train Epoch 0/24: 8.3% (160/1935)
[2025-11-17 11:41:54][INFO][Rank 0] - train Epoch 0/24: 8.8% (170/1935)
[2025-11-17 11:42:01][INFO][Rank 0] - train Epoch 0/24: 9.3% (180/1935)
[2025-11-17 11:42:02][INFO][Rank 0] - CUDA Memory [train][Step 180]: Device 0: Allocated: 3309.6 MB, Reserved: 117540.0 MB (Δ: +1687.0 MB)
[2025-11-17 11:42:08][INFO][Rank 0] - train Epoch 0/24: 9.8% (190/1935)
[2025-11-17 11:42:15][INFO][Rank 0] - train Epoch 0/24: 10.3% (200/1935)
[2025-11-17 11:42:22][INFO][Rank 0] - train Epoch 0/24: 10.9% (210/1935)
[2025-11-17 11:42:30][INFO][Rank 0] - train Epoch 0/24: 11.4% (220/1935)
[2025-11-17 11:42:37][INFO][Rank 0] - train Epoch 0/24: 11.9% (230/1935)
[2025-11-17 11:42:44][INFO][Rank 0] - train Epoch 0/24: 12.4% (240/1935)
[2025-11-17 11:42:51][INFO][Rank 0] - train Epoch 0/24: 12.9% (250/1935)
[2025-11-17 11:42:58][INFO][Rank 0] - train Epoch 0/24: 13.4% (260/1935)
[2025-11-17 11:43:05][INFO][Rank 0] - train Epoch 0/24: 14.0% (270/1935)
[2025-11-17 11:43:06][INFO][Rank 0] - CUDA Memory [train][Step 270]: Device 0: Allocated: 3309.6 MB, Reserved: 117540.0 MB (Δ: +1687.0 MB)
[2025-11-17 11:43:12][INFO][Rank 0] - train Epoch 0/24: 14.5% (280/1935)
[2025-11-17 11:43:19][INFO][Rank 0] - train Epoch 0/24: 15.0% (290/1935)
[2025-11-17 11:43:26][INFO][Rank 0] - train Epoch 0/24: 15.5% (300/1935)
[2025-11-17 11:43:33][INFO][Rank 0] - train Epoch 0/24: 16.0% (310/1935)
[2025-11-17 11:43:40][INFO][Rank 0] - train Epoch 0/24: 16.5% (320/1935)
[2025-11-17 11:43:47][INFO][Rank 0] - train Epoch 0/24: 17.1% (330/1935)
[2025-11-17 11:43:55][INFO][Rank 0] - train Epoch 0/24: 17.6% (340/1935)
[2025-11-17 11:44:02][INFO][Rank 0] - train Epoch 0/24: 18.1% (350/1935)
[2025-11-17 11:44:09][INFO][Rank 0] - train Epoch 0/24: 18.6% (360/1935)
[2025-11-17 11:44:09][INFO][Rank 0] - CUDA Memory [train][Step 360]: Device 0: Allocated: 3309.6 MB, Reserved: 117540.0 MB (Δ: +1687.0 MB)
[2025-11-17 11:44:16][INFO][Rank 0] - train Epoch 0/24: 19.1% (370/1935)
[2025-11-17 11:44:23][INFO][Rank 0] - train Epoch 0/24: 19.6% (380/1935)
[2025-11-17 11:44:30][INFO][Rank 0] - train Epoch 0/24: 20.2% (390/1935)
[2025-11-17 11:44:37][INFO][Rank 0] - train Epoch 0/24: 20.7% (400/1935)
[2025-11-17 11:44:44][INFO][Rank 0] - train Epoch 0/24: 21.2% (410/1935)
[2025-11-17 11:44:51][INFO][Rank 0] - train Epoch 0/24: 21.7% (420/1935)
[2025-11-17 11:44:58][INFO][Rank 0] - train Epoch 0/24: 22.2% (430/1935)
[2025-11-17 11:45:05][INFO][Rank 0] - train Epoch 0/24: 22.7% (440/1935)
[2025-11-17 11:45:13][INFO][Rank 0] - train Epoch 0/24: 23.3% (450/1935)
[2025-11-17 11:45:13][INFO][Rank 0] - CUDA Memory [train][Step 450]: Device 0: Allocated: 3309.6 MB, Reserved: 117540.0 MB (Δ: +1687.0 MB)
[2025-11-17 11:45:20][INFO][Rank 0] - train Epoch 0/24: 23.8% (460/1935)
[2025-11-17 11:45:27][INFO][Rank 0] - train Epoch 0/24: 24.3% (470/1935)
[2025-11-17 11:45:34][INFO][Rank 0] - train Epoch 0/24: 24.8% (480/1935)
[2025-11-17 11:45:41][INFO][Rank 0] - train Epoch 0/24: 25.3% (490/1935)
[2025-11-17 11:45:48][INFO][Rank 0] - train Epoch 0/24: 25.8% (500/1935)
[2025-11-17 11:45:55][INFO][Rank 0] - train Epoch 0/24: 26.4% (510/1935)
[2025-11-17 11:46:02][INFO][Rank 0] - train Epoch 0/24: 26.9% (520/1935)
[2025-11-17 11:46:09][INFO][Rank 0] - train Epoch 0/24: 27.4% (530/1935)
[2025-11-17 11:46:16][INFO][Rank 0] - train Epoch 0/24: 27.9% (540/1935)
[2025-11-17 11:46:17][INFO][Rank 0] - CUDA Memory [train][Step 540]: Device 0: Allocated: 3309.6 MB, Reserved: 117540.0 MB (Δ: +1687.0 MB)
[2025-11-17 11:46:23][INFO][Rank 0] - train Epoch 0/24: 28.4% (550/1935)
[2025-11-17 11:46:30][INFO][Rank 0] - train Epoch 0/24: 28.9% (560/1935)
[2025-11-17 11:46:38][INFO][Rank 0] - train Epoch 0/24: 29.5% (570/1935)
[2025-11-17 11:46:45][INFO][Rank 0] - train Epoch 0/24: 30.0% (580/1935)
[2025-11-17 11:46:52][INFO][Rank 0] - train Epoch 0/24: 30.5% (590/1935)
[2025-11-17 11:46:59][INFO][Rank 0] - train Epoch 0/24: 31.0% (600/1935)
[2025-11-17 11:47:06][INFO][Rank 0] - train Epoch 0/24: 31.5% (610/1935)
[2025-11-17 11:47:13][INFO][Rank 0] - train Epoch 0/24: 32.0% (620/1935)
[2025-11-17 11:47:20][INFO][Rank 0] - train Epoch 0/24: 32.6% (630/1935)
[2025-11-17 11:47:21][INFO][Rank 0] - CUDA Memory [train][Step 630]: Device 0: Allocated: 3309.6 MB, Reserved: 117540.0 MB (Δ: +1687.0 MB)
[2025-11-17 11:47:27][INFO][Rank 0] - train Epoch 0/24: 33.1% (640/1935)
[2025-11-17 11:47:34][INFO][Rank 0] - train Epoch 0/24: 33.6% (650/1935)
[2025-11-17 11:47:41][INFO][Rank 0] - train Epoch 0/24: 34.1% (660/1935)
[2025-11-17 11:47:48][INFO][Rank 0] - train Epoch 0/24: 34.6% (670/1935)
[2025-11-17 11:47:55][INFO][Rank 0] - train Epoch 0/24: 35.1% (680/1935)
[2025-11-17 11:48:03][INFO][Rank 0] - train Epoch 0/24: 35.7% (690/1935)
[2025-11-17 11:48:10][INFO][Rank 0] - train Epoch 0/24: 36.2% (700/1935)
[2025-11-17 11:48:17][INFO][Rank 0] - train Epoch 0/24: 36.7% (710/1935)
[2025-11-17 11:48:24][INFO][Rank 0] - train Epoch 0/24: 37.2% (720/1935)
[2025-11-17 11:48:25][INFO][Rank 0] - CUDA Memory [train][Step 720]: Device 0: Allocated: 3309.6 MB, Reserved: 117540.0 MB (Δ: +1687.0 MB)
[2025-11-17 11:48:31][INFO][Rank 0] - train Epoch 0/24: 37.7% (730/1935)
[2025-11-17 11:48:38][INFO][Rank 0] - train Epoch 0/24: 38.2% (740/1935)
[2025-11-17 11:48:45][INFO][Rank 0] - train Epoch 0/24: 38.8% (750/1935)
[2025-11-17 11:48:52][INFO][Rank 0] - train Epoch 0/24: 39.3% (760/1935)
[2025-11-17 11:48:59][INFO][Rank 0] - train Epoch 0/24: 39.8% (770/1935)
[2025-11-17 11:49:06][INFO][Rank 0] - train Epoch 0/24: 40.3% (780/1935)
[2025-11-17 11:49:13][INFO][Rank 0] - train Epoch 0/24: 40.8% (790/1935)
[2025-11-17 11:49:21][INFO][Rank 0] - train Epoch 0/24: 41.3% (800/1935)
[2025-11-17 11:49:28][INFO][Rank 0] - train Epoch 0/24: 41.9% (810/1935)
[2025-11-17 11:49:28][INFO][Rank 0] - CUDA Memory [train][Step 810]: Device 0: Allocated: 3309.6 MB, Reserved: 117540.0 MB (Δ: +1687.0 MB)
[2025-11-17 11:49:35][INFO][Rank 0] - train Epoch 0/24: 42.4% (820/1935)
[2025-11-17 11:49:42][INFO][Rank 0] - train Epoch 0/24: 42.9% (830/1935)
[2025-11-17 11:49:49][INFO][Rank 0] - train Epoch 0/24: 43.4% (840/1935)
[2025-11-17 11:49:56][INFO][Rank 0] - train Epoch 0/24: 43.9% (850/1935)
[2025-11-17 11:50:03][INFO][Rank 0] - train Epoch 0/24: 44.4% (860/1935)
[2025-11-17 11:50:10][INFO][Rank 0] - train Epoch 0/24: 45.0% (870/1935)
[2025-11-17 11:50:17][INFO][Rank 0] - train Epoch 0/24: 45.5% (880/1935)
[2025-11-17 11:50:24][INFO][Rank 0] - train Epoch 0/24: 46.0% (890/1935)
[2025-11-17 11:50:31][INFO][Rank 0] - train Epoch 0/24: 46.5% (900/1935)
[2025-11-17 11:50:32][INFO][Rank 0] - CUDA Memory [train][Step 900]: Device 0: Allocated: 3309.6 MB, Reserved: 117540.0 MB (Δ: +1687.0 MB)
[2025-11-17 11:50:38][INFO][Rank 0] - train Epoch 0/24: 47.0% (910/1935)
[2025-11-17 11:50:45][INFO][Rank 0] - train Epoch 0/24: 47.5% (920/1935)
[2025-11-17 11:50:53][INFO][Rank 0] - train Epoch 0/24: 48.1% (930/1935)
[2025-11-17 11:51:00][INFO][Rank 0] - train Epoch 0/24: 48.6% (940/1935)
[2025-11-17 11:51:07][INFO][Rank 0] - train Epoch 0/24: 49.1% (950/1935)
[2025-11-17 11:51:14][INFO][Rank 0] - train Epoch 0/24: 49.6% (960/1935)
[2025-11-17 11:51:21][INFO][Rank 0] - train Epoch 0/24: 50.1% (970/1935)
[2025-11-17 11:51:28][INFO][Rank 0] - train Epoch 0/24: 50.6% (980/1935)
[2025-11-17 11:51:35][INFO][Rank 0] - train Epoch 0/24: 51.2% (990/1935)
[2025-11-17 11:51:36][INFO][Rank 0] - CUDA Memory [train][Step 990]: Device 0: Allocated: 3309.6 MB, Reserved: 117540.0 MB (Δ: +1687.0 MB)
[2025-11-17 11:51:42][INFO][Rank 0] - train Epoch 0/24: 51.7% (1000/1935)
[2025-11-17 11:51:49][INFO][Rank 0] - train Epoch 0/24: 52.2% (1010/1935)
[2025-11-17 11:51:56][INFO][Rank 0] - train Epoch 0/24: 52.7% (1020/1935)
[2025-11-17 11:52:03][INFO][Rank 0] - train Epoch 0/24: 53.2% (1030/1935)
[2025-11-17 11:52:11][INFO][Rank 0] - train Epoch 0/24: 53.7% (1040/1935)
[2025-11-17 11:52:18][INFO][Rank 0] - train Epoch 0/24: 54.3% (1050/1935)
[2025-11-17 11:52:25][INFO][Rank 0] - train Epoch 0/24: 54.8% (1060/1935)
[2025-11-17 11:52:32][INFO][Rank 0] - train Epoch 0/24: 55.3% (1070/1935)
[2025-11-17 11:52:39][INFO][Rank 0] - train Epoch 0/24: 55.8% (1080/1935)
[2025-11-17 11:52:40][INFO][Rank 0] - CUDA Memory [train][Step 1080]: Device 0: Allocated: 3309.6 MB, Reserved: 117540.0 MB (Δ: +1687.0 MB)
[2025-11-17 11:52:46][INFO][Rank 0] - train Epoch 0/24: 56.3% (1090/1935)
[2025-11-17 11:52:53][INFO][Rank 0] - train Epoch 0/24: 56.8% (1100/1935)
[2025-11-17 11:53:00][INFO][Rank 0] - train Epoch 0/24: 57.4% (1110/1935)
[2025-11-17 11:53:07][INFO][Rank 0] - train Epoch 0/24: 57.9% (1120/1935)
[2025-11-17 11:53:14][INFO][Rank 0] - train Epoch 0/24: 58.4% (1130/1935)
[2025-11-17 11:53:21][INFO][Rank 0] - train Epoch 0/24: 58.9% (1140/1935)
[2025-11-17 11:53:28][INFO][Rank 0] - train Epoch 0/24: 59.4% (1150/1935)
[2025-11-17 11:53:35][INFO][Rank 0] - train Epoch 0/24: 59.9% (1160/1935)
[2025-11-17 11:53:43][INFO][Rank 0] - train Epoch 0/24: 60.5% (1170/1935)
[2025-11-17 11:53:43][INFO][Rank 0] - CUDA Memory [train][Step 1170]: Device 0: Allocated: 3309.6 MB, Reserved: 117540.0 MB (Δ: +1687.0 MB)
[2025-11-17 11:53:50][INFO][Rank 0] - train Epoch 0/24: 61.0% (1180/1935)
[2025-11-17 11:53:57][INFO][Rank 0] - train Epoch 0/24: 61.5% (1190/1935)
[2025-11-17 11:54:04][INFO][Rank 0] - train Epoch 0/24: 62.0% (1200/1935)
[2025-11-17 11:54:11][INFO][Rank 0] - train Epoch 0/24: 62.5% (1210/1935)
[2025-11-17 11:54:18][INFO][Rank 0] - train Epoch 0/24: 63.0% (1220/1935)
[2025-11-17 11:54:25][INFO][Rank 0] - train Epoch 0/24: 63.6% (1230/1935)
[2025-11-17 11:54:32][INFO][Rank 0] - train Epoch 0/24: 64.1% (1240/1935)
[2025-11-17 11:54:39][INFO][Rank 0] - train Epoch 0/24: 64.6% (1250/1935)
[2025-11-17 11:54:46][INFO][Rank 0] - train Epoch 0/24: 65.1% (1260/1935)
[2025-11-17 11:54:47][INFO][Rank 0] - CUDA Memory [train][Step 1260]: Device 0: Allocated: 3309.6 MB, Reserved: 117540.0 MB (Δ: +1687.0 MB)
[2025-11-17 11:54:53][INFO][Rank 0] - train Epoch 0/24: 65.6% (1270/1935)
[2025-11-17 11:55:01][INFO][Rank 0] - train Epoch 0/24: 66.1% (1280/1935)
[2025-11-17 11:55:08][INFO][Rank 0] - train Epoch 0/24: 66.7% (1290/1935)
[2025-11-17 11:55:15][INFO][Rank 0] - train Epoch 0/24: 67.2% (1300/1935)
[2025-11-17 11:55:22][INFO][Rank 0] - train Epoch 0/24: 67.7% (1310/1935)
[2025-11-17 11:55:29][INFO][Rank 0] - train Epoch 0/24: 68.2% (1320/1935)
[2025-11-17 11:55:36][INFO][Rank 0] - train Epoch 0/24: 68.7% (1330/1935)
[2025-11-17 11:55:43][INFO][Rank 0] - train Epoch 0/24: 69.3% (1340/1935)
[2025-11-17 11:55:50][INFO][Rank 0] - train Epoch 0/24: 69.8% (1350/1935)
[2025-11-17 11:55:51][INFO][Rank 0] - CUDA Memory [train][Step 1350]: Device 0: Allocated: 3309.6 MB, Reserved: 117540.0 MB (Δ: +1687.0 MB)
[2025-11-17 11:55:57][INFO][Rank 0] - train Epoch 0/24: 70.3% (1360/1935)
[2025-11-17 11:56:04][INFO][Rank 0] - train Epoch 0/24: 70.8% (1370/1935)
[2025-11-17 11:56:11][INFO][Rank 0] - train Epoch 0/24: 71.3% (1380/1935)
[2025-11-17 11:56:18][INFO][Rank 0] - train Epoch 0/24: 71.8% (1390/1935)
[2025-11-17 11:56:25][INFO][Rank 0] - train Epoch 0/24: 72.4% (1400/1935)
[2025-11-17 11:56:33][INFO][Rank 0] - train Epoch 0/24: 72.9% (1410/1935)
[2025-11-17 11:56:40][INFO][Rank 0] - train Epoch 0/24: 73.4% (1420/1935)
[2025-11-17 11:56:47][INFO][Rank 0] - train Epoch 0/24: 73.9% (1430/1935)
[2025-11-17 11:56:54][INFO][Rank 0] - train Epoch 0/24: 74.4% (1440/1935)
[2025-11-17 11:56:55][INFO][Rank 0] - CUDA Memory [train][Step 1440]: Device 0: Allocated: 3309.6 MB, Reserved: 117540.0 MB (Δ: +1687.0 MB)
[2025-11-17 11:57:01][INFO][Rank 0] - train Epoch 0/24: 74.9% (1450/1935)
[2025-11-17 11:57:08][INFO][Rank 0] - train Epoch 0/24: 75.5% (1460/1935)
[2025-11-17 11:57:15][INFO][Rank 0] - train Epoch 0/24: 76.0% (1470/1935)
[2025-11-17 11:57:22][INFO][Rank 0] - train Epoch 0/24: 76.5% (1480/1935)
[2025-11-17 11:57:29][INFO][Rank 0] - train Epoch 0/24: 77.0% (1490/1935)
[2025-11-17 11:57:36][INFO][Rank 0] - train Epoch 0/24: 77.5% (1500/1935)
[2025-11-17 11:57:43][INFO][Rank 0] - train Epoch 0/24: 78.0% (1510/1935)
[2025-11-17 11:57:51][INFO][Rank 0] - train Epoch 0/24: 78.6% (1520/1935)
[2025-11-17 11:57:58][INFO][Rank 0] - train Epoch 0/24: 79.1% (1530/1935)
[2025-11-17 11:57:58][INFO][Rank 0] - CUDA Memory [train][Step 1530]: Device 0: Allocated: 3309.6 MB, Reserved: 117540.0 MB (Δ: +1687.0 MB)
[2025-11-17 11:58:05][INFO][Rank 0] - train Epoch 0/24: 79.6% (1540/1935)
[2025-11-17 11:58:12][INFO][Rank 0] - train Epoch 0/24: 80.1% (1550/1935)
[2025-11-17 11:58:19][INFO][Rank 0] - train Epoch 0/24: 80.6% (1560/1935)
[2025-11-17 11:58:26][INFO][Rank 0] - train Epoch 0/24: 81.1% (1570/1935)
[2025-11-17 11:58:33][INFO][Rank 0] - train Epoch 0/24: 81.7% (1580/1935)
[2025-11-17 11:58:40][INFO][Rank 0] - train Epoch 0/24: 82.2% (1590/1935)
[2025-11-17 11:58:47][INFO][Rank 0] - train Epoch 0/24: 82.7% (1600/1935)
[2025-11-17 11:58:54][INFO][Rank 0] - train Epoch 0/24: 83.2% (1610/1935)
[2025-11-17 11:59:01][INFO][Rank 0] - train Epoch 0/24: 83.7% (1620/1935)
[2025-11-17 11:59:02][INFO][Rank 0] - CUDA Memory [train][Step 1620]: Device 0: Allocated: 3309.6 MB, Reserved: 117540.0 MB (Δ: +1687.0 MB)
[2025-11-17 11:59:08][INFO][Rank 0] - train Epoch 0/24: 84.2% (1630/1935)
[2025-11-17 11:59:16][INFO][Rank 0] - train Epoch 0/24: 84.8% (1640/1935)
[2025-11-17 11:59:23][INFO][Rank 0] - train Epoch 0/24: 85.3% (1650/1935)
[2025-11-17 11:59:30][INFO][Rank 0] - train Epoch 0/24: 85.8% (1660/1935)
[2025-11-17 11:59:37][INFO][Rank 0] - train Epoch 0/24: 86.3% (1670/1935)
[2025-11-17 11:59:44][INFO][Rank 0] - train Epoch 0/24: 86.8% (1680/1935)
[2025-11-17 11:59:51][INFO][Rank 0] - train Epoch 0/24: 87.3% (1690/1935)
[2025-11-17 11:59:58][INFO][Rank 0] - train Epoch 0/24: 87.9% (1700/1935)
[2025-11-17 12:00:05][INFO][Rank 0] - train Epoch 0/24: 88.4% (1710/1935)
[2025-11-17 12:00:06][INFO][Rank 0] - CUDA Memory [train][Step 1710]: Device 0: Allocated: 3309.6 MB, Reserved: 117540.0 MB (Δ: +1687.0 MB)
[2025-11-17 12:00:12][INFO][Rank 0] - train Epoch 0/24: 88.9% (1720/1935)
[2025-11-17 12:00:19][INFO][Rank 0] - train Epoch 0/24: 89.4% (1730/1935)
[2025-11-17 12:00:26][INFO][Rank 0] - train Epoch 0/24: 89.9% (1740/1935)
[2025-11-17 12:00:33][INFO][Rank 0] - train Epoch 0/24: 90.4% (1750/1935)
[2025-11-17 12:00:40][INFO][Rank 0] - train Epoch 0/24: 91.0% (1760/1935)
[2025-11-17 12:00:48][INFO][Rank 0] - train Epoch 0/24: 91.5% (1770/1935)
[2025-11-17 12:00:55][INFO][Rank 0] - train Epoch 0/24: 92.0% (1780/1935)
[2025-11-17 12:01:02][INFO][Rank 0] - train Epoch 0/24: 92.5% (1790/1935)
[2025-11-17 12:01:09][INFO][Rank 0] - train Epoch 0/24: 93.0% (1800/1935)
[2025-11-17 12:01:10][INFO][Rank 0] - CUDA Memory [train][Step 1800]: Device 0: Allocated: 3309.6 MB, Reserved: 117540.0 MB (Δ: +1687.0 MB)
[2025-11-17 12:01:16][INFO][Rank 0] - train Epoch 0/24: 93.5% (1810/1935)
[2025-11-17 12:01:23][INFO][Rank 0] - train Epoch 0/24: 94.1% (1820/1935)
[2025-11-17 12:01:30][INFO][Rank 0] - train Epoch 0/24: 94.6% (1830/1935)
[2025-11-17 12:01:37][INFO][Rank 0] - train Epoch 0/24: 95.1% (1840/1935)
[2025-11-17 12:01:44][INFO][Rank 0] - train Epoch 0/24: 95.6% (1850/1935)
[2025-11-17 12:01:51][INFO][Rank 0] - train Epoch 0/24: 96.1% (1860/1935)
[2025-11-17 12:01:58][INFO][Rank 0] - train Epoch 0/24: 96.6% (1870/1935)
[2025-11-17 12:02:05][INFO][Rank 0] - train Epoch 0/24: 97.2% (1880/1935)
[2025-11-17 12:02:13][INFO][Rank 0] - train Epoch 0/24: 97.7% (1890/1935)
[2025-11-17 12:02:13][INFO][Rank 0] - CUDA Memory [train][Step 1890]: Device 0: Allocated: 3309.6 MB, Reserved: 117540.0 MB (Δ: +1687.0 MB)
[2025-11-17 12:02:20][INFO][Rank 0] - train Epoch 0/24: 98.2% (1900/1935)
[2025-11-17 12:02:27][INFO][Rank 0] - train Epoch 0/24: 98.7% (1910/1935)
[2025-11-17 12:02:34][INFO][Rank 0] - train Epoch 0/24: 99.2% (1920/1935)
[2025-11-17 12:02:41][INFO][Rank 0] - train Epoch 0/24: 99.7% (1930/1935)
[2025-11-17 12:02:44][INFO][Rank 0] - train Epoch 0/24: 99.9% (1934/1935)
[2025-11-17 12:02:44][INFO][Rank 0] - train Loss: 0.4509 Acc: 0.9458 F1: 0.9720
[2025-11-17 12:02:44][INFO][Rank 0] - train Balanced Acc: 0.5607 AUC-ROC: 0.7457
[2025-11-17 12:02:44][INFO][Rank 0] - train Sensitivity: 0.9657 Specificity: 0.1558
[2025-11-17 12:02:44][INFO][Rank 0] - train Confusion Matrix: TP=18227, FP=401, FN=648, TN=74
[2025-11-17 12:02:44][INFO][Rank 0] - train completed in 1375.93s
[2025-11-17 12:02:44][INFO][Rank 0] - Data loading time: 2.10s, Forward time: 280.93s, Backward time: 745.26s
[2025-11-17 12:02:44][INFO][Rank 0] - train cache: 0/1 items, hit rate: 0.00%
[2025-11-17 12:02:44][INFO][Rank 0] - CUDA Memory [val][Step 0]: Device 0: Allocated: 3309.6 MB, Reserved: 117540.0 MB (Δ: +1687.0 MB)
[2025-11-17 12:02:44][INFO][Rank 0] - val phase: total 412 batches
[2025-11-17 12:02:45][INFO][Rank 0] - val Epoch 0/24: 0.0% (0/412)
[2025-11-17 12:02:50][INFO][Rank 0] - val Epoch 0/24: 2.4% (10/412)
[2025-11-17 12:02:55][INFO][Rank 0] - val Epoch 0/24: 4.9% (20/412)
[2025-11-17 12:03:01][INFO][Rank 0] - val Epoch 0/24: 7.3% (30/412)
[2025-11-17 12:03:06][INFO][Rank 0] - val Epoch 0/24: 9.7% (40/412)
[2025-11-17 12:03:11][INFO][Rank 0] - val Epoch 0/24: 12.1% (50/412)
[2025-11-17 12:03:16][INFO][Rank 0] - val Epoch 0/24: 14.6% (60/412)
[2025-11-17 12:03:21][INFO][Rank 0] - val Epoch 0/24: 17.0% (70/412)
[2025-11-17 12:03:26][INFO][Rank 0] - val Epoch 0/24: 19.4% (80/412)
[2025-11-17 12:03:31][INFO][Rank 0] - val Epoch 0/24: 21.8% (90/412)
[2025-11-17 12:03:36][INFO][Rank 0] - val Epoch 0/24: 24.3% (100/412)
[2025-11-17 12:03:41][INFO][Rank 0] - val Epoch 0/24: 26.7% (110/412)
[2025-11-17 12:03:46][INFO][Rank 0] - val Epoch 0/24: 29.1% (120/412)
[2025-11-17 12:03:47][INFO][Rank 0] - CUDA Memory [val][Step 120]: Device 0: Allocated: 3309.6 MB, Reserved: 117540.0 MB (Δ: +1687.0 MB)
[2025-11-17 12:03:52][INFO][Rank 0] - val Epoch 0/24: 31.6% (130/412)
[2025-11-17 12:03:57][INFO][Rank 0] - val Epoch 0/24: 34.0% (140/412)
[2025-11-17 12:04:02][INFO][Rank 0] - val Epoch 0/24: 36.4% (150/412)
[2025-11-17 12:04:07][INFO][Rank 0] - val Epoch 0/24: 38.8% (160/412)
[2025-11-17 12:04:12][INFO][Rank 0] - val Epoch 0/24: 41.3% (170/412)
[2025-11-17 12:04:17][INFO][Rank 0] - val Epoch 0/24: 43.7% (180/412)
[2025-11-17 12:04:22][INFO][Rank 0] - val Epoch 0/24: 46.1% (190/412)
[2025-11-17 12:04:27][INFO][Rank 0] - val Epoch 0/24: 48.5% (200/412)
[2025-11-17 12:04:32][INFO][Rank 0] - val Epoch 0/24: 51.0% (210/412)
[2025-11-17 12:04:38][INFO][Rank 0] - val Epoch 0/24: 53.4% (220/412)
[2025-11-17 12:04:43][INFO][Rank 0] - val Epoch 0/24: 55.8% (230/412)
[2025-11-17 12:04:48][INFO][Rank 0] - val Epoch 0/24: 58.3% (240/412)
[2025-11-17 12:04:48][INFO][Rank 0] - CUDA Memory [val][Step 240]: Device 0: Allocated: 3309.6 MB, Reserved: 117540.0 MB (Δ: +1687.0 MB)
[2025-11-17 12:04:53][INFO][Rank 0] - val Epoch 0/24: 60.7% (250/412)
[2025-11-17 12:04:58][INFO][Rank 0] - val Epoch 0/24: 63.1% (260/412)
[2025-11-17 12:05:03][INFO][Rank 0] - val Epoch 0/24: 65.5% (270/412)
[2025-11-17 12:05:08][INFO][Rank 0] - val Epoch 0/24: 68.0% (280/412)
[2025-11-17 12:05:13][INFO][Rank 0] - val Epoch 0/24: 70.4% (290/412)
[2025-11-17 12:05:18][INFO][Rank 0] - val Epoch 0/24: 72.8% (300/412)
[2025-11-17 12:05:24][INFO][Rank 0] - val Epoch 0/24: 75.2% (310/412)
[2025-11-17 12:05:29][INFO][Rank 0] - val Epoch 0/24: 77.7% (320/412)
[2025-11-17 12:05:34][INFO][Rank 0] - val Epoch 0/24: 80.1% (330/412)
[2025-11-17 12:05:39][INFO][Rank 0] - val Epoch 0/24: 82.5% (340/412)
[2025-11-17 12:05:44][INFO][Rank 0] - val Epoch 0/24: 85.0% (350/412)
[2025-11-17 12:05:49][INFO][Rank 0] - val Epoch 0/24: 87.4% (360/412)
[2025-11-17 12:05:50][INFO][Rank 0] - CUDA Memory [val][Step 360]: Device 0: Allocated: 3309.6 MB, Reserved: 117540.0 MB (Δ: +1687.0 MB)
[2025-11-17 12:05:54][INFO][Rank 0] - val Epoch 0/24: 89.8% (370/412)
[2025-11-17 12:05:59][INFO][Rank 0] - val Epoch 0/24: 92.2% (380/412)
[2025-11-17 12:06:04][INFO][Rank 0] - val Epoch 0/24: 94.7% (390/412)
[2025-11-17 12:06:09][INFO][Rank 0] - val Epoch 0/24: 97.1% (400/412)
[2025-11-17 12:06:14][INFO][Rank 0] - val Epoch 0/24: 99.5% (410/412)
[2025-11-17 12:06:15][INFO][Rank 0] - val Epoch 0/24: 99.8% (411/412)
[2025-11-17 12:06:16][INFO][Rank 0] - val Loss: 0.2644 Acc: 0.9738 F1: 0.9867
[2025-11-17 12:06:16][INFO][Rank 0] - val Balanced Acc: 0.5181 AUC-ROC: 0.9194
[2025-11-17 12:06:16][INFO][Rank 0] - val Sensitivity: 0.9988 Specificity: 0.0374
[2025-11-17 12:06:16][INFO][Rank 0] - val Confusion Matrix: TP=4008, FP=103, FN=5, TN=4
[2025-11-17 12:06:16][INFO][Rank 0] - val completed in 211.08s
[2025-11-17 12:06:16][INFO][Rank 0] - val cache: 0/1 items, hit rate: 0.00%
[2025-11-17 12:06:19][INFO][Rank 0] - Saved new best accuracy model with accuracy: 0.9738 at /projects/retprogression/rgarridogarcia/checkpoints/cropped1024_cropped_centered_wt_allR_2/best_acc_model.pth
[2025-11-17 12:06:24][INFO][Rank 0] - Saved new best f1 model with f1: 0.9867 at /projects/retprogression/rgarridogarcia/checkpoints/cropped1024_cropped_centered_wt_allR_2/best_f1_model.pth
[2025-11-17 12:06:28][INFO][Rank 0] - Saved new best balanced_acc model with balanced_acc: 0.5181 at /projects/retprogression/rgarridogarcia/checkpoints/cropped1024_cropped_centered_wt_allR_2/best_balanced_acc_model.pth
[2025-11-17 12:06:33][INFO][Rank 0] - Also saved as general best model at /projects/retprogression/rgarridogarcia/checkpoints/cropped1024_cropped_centered_wt_allR_2/best_model.pth
[2025-11-17 12:06:37][INFO][Rank 0] - Saved new best auc model with auc: 0.9194 at /projects/retprogression/rgarridogarcia/checkpoints/cropped1024_cropped_centered_wt_allR_2/best_auc_model.pth
[2025-11-17 12:06:41][INFO][Rank 0] - Saved epoch checkpoint at /projects/retprogression/rgarridogarcia/checkpoints/cropped1024_cropped_centered_wt_allR_2/epoch_0.pth
[2025-11-17 12:06:41][INFO][Rank 0] - Epoch 0 summary:
[2025-11-17 12:06:41][INFO][Rank 0] -  Train Loss: 0.4509, Train Acc: 0.9458, Train F1: 0.9720
[2025-11-17 12:06:41][INFO][Rank 0] -  Train Balanced Acc: 0.5607, Train AUC: 0.7457
[2025-11-17 12:06:41][INFO][Rank 0] -  Train Sensitivity: 0.9657, Train Specificity: 0.1558
[2025-11-17 12:06:41][INFO][Rank 0] -  Val Loss: 0.2644, Val Acc: 0.9738, Val F1: 0.9867
[2025-11-17 12:06:41][INFO][Rank 0] -  Val Balanced Acc: 0.5181, Val AUC: 0.9194
[2025-11-17 12:06:41][INFO][Rank 0] -  Val Sensitivity: 0.9988, Val Specificity: 0.0374
[2025-11-17 12:06:41][INFO][Rank 0] -  Total Epoch Time: 1612.09s
[2025-11-17 12:06:41][INFO][Rank 0] - Epoch 1/24
[2025-11-17 12:06:41][INFO][Rank 0] - ----------
[2025-11-17 12:06:41][INFO][Rank 0] - CUDA Memory [train][Step 0]: Device 0: Allocated: 3309.6 MB, Reserved: 117540.0 MB (Δ: +1687.0 MB)
[2025-11-17 12:06:41][INFO][Rank 0] - train phase: total 1935 batches
[2025-11-17 12:06:41][INFO][Rank 0] - train Epoch 1/24: 0.0% (0/1935)
[2025-11-17 12:06:48][INFO][Rank 0] - train Epoch 1/24: 0.5% (10/1935)
[2025-11-17 12:06:55][INFO][Rank 0] - train Epoch 1/24: 1.0% (20/1935)
[2025-11-17 12:07:02][INFO][Rank 0] - train Epoch 1/24: 1.6% (30/1935)
[2025-11-17 12:07:09][INFO][Rank 0] - train Epoch 1/24: 2.1% (40/1935)
[2025-11-17 12:07:17][INFO][Rank 0] - train Epoch 1/24: 2.6% (50/1935)
[2025-11-17 12:07:24][INFO][Rank 0] - train Epoch 1/24: 3.1% (60/1935)
[2025-11-17 12:07:31][INFO][Rank 0] - train Epoch 1/24: 3.6% (70/1935)
[2025-11-17 12:07:38][INFO][Rank 0] - train Epoch 1/24: 4.1% (80/1935)
[2025-11-17 12:07:45][INFO][Rank 0] - train Epoch 1/24: 4.7% (90/1935)
[2025-11-17 12:07:46][INFO][Rank 0] - CUDA Memory [train][Step 90]: Device 0: Allocated: 3309.6 MB, Reserved: 117540.0 MB (Δ: +1687.0 MB)
[2025-11-17 12:07:52][INFO][Rank 0] - train Epoch 1/24: 5.2% (100/1935)
[2025-11-17 12:07:59][INFO][Rank 0] - train Epoch 1/24: 5.7% (110/1935)
[2025-11-17 12:08:06][INFO][Rank 0] - train Epoch 1/24: 6.2% (120/1935)
[2025-11-17 12:08:13][INFO][Rank 0] - train Epoch 1/24: 6.7% (130/1935)
[2025-11-17 12:08:20][INFO][Rank 0] - train Epoch 1/24: 7.2% (140/1935)
[2025-11-17 12:08:27][INFO][Rank 0] - train Epoch 1/24: 7.8% (150/1935)
[2025-11-17 12:08:34][INFO][Rank 0] - train Epoch 1/24: 8.3% (160/1935)
[2025-11-17 12:08:42][INFO][Rank 0] - train Epoch 1/24: 8.8% (170/1935)
[2025-11-17 12:08:49][INFO][Rank 0] - train Epoch 1/24: 9.3% (180/1935)
[2025-11-17 12:08:49][INFO][Rank 0] - CUDA Memory [train][Step 180]: Device 0: Allocated: 3309.6 MB, Reserved: 117540.0 MB (Δ: +1687.0 MB)
[2025-11-17 12:08:56][INFO][Rank 0] - train Epoch 1/24: 9.8% (190/1935)
[2025-11-17 12:09:03][INFO][Rank 0] - train Epoch 1/24: 10.3% (200/1935)
[2025-11-17 12:09:10][INFO][Rank 0] - train Epoch 1/24: 10.9% (210/1935)
[2025-11-17 12:09:17][INFO][Rank 0] - train Epoch 1/24: 11.4% (220/1935)
[2025-11-17 12:09:24][INFO][Rank 0] - train Epoch 1/24: 11.9% (230/1935)
[2025-11-17 12:09:31][INFO][Rank 0] - train Epoch 1/24: 12.4% (240/1935)
[2025-11-17 12:09:38][INFO][Rank 0] - train Epoch 1/24: 12.9% (250/1935)
[2025-11-17 12:09:45][INFO][Rank 0] - train Epoch 1/24: 13.4% (260/1935)
[2025-11-17 12:09:52][INFO][Rank 0] - train Epoch 1/24: 14.0% (270/1935)
[2025-11-17 12:09:53][INFO][Rank 0] - CUDA Memory [train][Step 270]: Device 0: Allocated: 3309.6 MB, Reserved: 117540.0 MB (Δ: +1687.0 MB)
[2025-11-17 12:09:59][INFO][Rank 0] - train Epoch 1/24: 14.5% (280/1935)
[2025-11-17 12:10:07][INFO][Rank 0] - train Epoch 1/24: 15.0% (290/1935)
[2025-11-17 12:10:14][INFO][Rank 0] - train Epoch 1/24: 15.5% (300/1935)
[2025-11-17 12:10:21][INFO][Rank 0] - train Epoch 1/24: 16.0% (310/1935)
[2025-11-17 12:10:28][INFO][Rank 0] - train Epoch 1/24: 16.5% (320/1935)
[2025-11-17 12:10:35][INFO][Rank 0] - train Epoch 1/24: 17.1% (330/1935)
[2025-11-17 12:10:42][INFO][Rank 0] - train Epoch 1/24: 17.6% (340/1935)
[2025-11-17 12:10:49][INFO][Rank 0] - train Epoch 1/24: 18.1% (350/1935)
[2025-11-17 12:10:56][INFO][Rank 0] - train Epoch 1/24: 18.6% (360/1935)
[2025-11-17 12:10:57][INFO][Rank 0] - CUDA Memory [train][Step 360]: Device 0: Allocated: 3309.6 MB, Reserved: 117540.0 MB (Δ: +1687.0 MB)
[2025-11-17 12:11:03][INFO][Rank 0] - train Epoch 1/24: 19.1% (370/1935)
[2025-11-17 12:11:10][INFO][Rank 0] - train Epoch 1/24: 19.6% (380/1935)
[2025-11-17 12:11:17][INFO][Rank 0] - train Epoch 1/24: 20.2% (390/1935)
[2025-11-17 12:11:24][INFO][Rank 0] - train Epoch 1/24: 20.7% (400/1935)
[2025-11-17 12:11:31][INFO][Rank 0] - train Epoch 1/24: 21.2% (410/1935)
[2025-11-17 12:11:39][INFO][Rank 0] - train Epoch 1/24: 21.7% (420/1935)
[2025-11-17 12:11:46][INFO][Rank 0] - train Epoch 1/24: 22.2% (430/1935)
[2025-11-17 12:11:53][INFO][Rank 0] - train Epoch 1/24: 22.7% (440/1935)
[2025-11-17 12:12:00][INFO][Rank 0] - train Epoch 1/24: 23.3% (450/1935)
[2025-11-17 12:12:01][INFO][Rank 0] - CUDA Memory [train][Step 450]: Device 0: Allocated: 3309.6 MB, Reserved: 117540.0 MB (Δ: +1687.0 MB)
[2025-11-17 12:12:07][INFO][Rank 0] - train Epoch 1/24: 23.8% (460/1935)
[2025-11-17 12:12:14][INFO][Rank 0] - train Epoch 1/24: 24.3% (470/1935)
[2025-11-17 12:12:21][INFO][Rank 0] - train Epoch 1/24: 24.8% (480/1935)
[2025-11-17 12:12:28][INFO][Rank 0] - train Epoch 1/24: 25.3% (490/1935)
[2025-11-17 12:12:35][INFO][Rank 0] - train Epoch 1/24: 25.8% (500/1935)
[2025-11-17 12:12:42][INFO][Rank 0] - train Epoch 1/24: 26.4% (510/1935)
[2025-11-17 12:12:49][INFO][Rank 0] - train Epoch 1/24: 26.9% (520/1935)
[2025-11-17 12:12:56][INFO][Rank 0] - train Epoch 1/24: 27.4% (530/1935)
[2025-11-17 12:13:04][INFO][Rank 0] - train Epoch 1/24: 27.9% (540/1935)
[2025-11-17 12:13:04][INFO][Rank 0] - CUDA Memory [train][Step 540]: Device 0: Allocated: 3309.6 MB, Reserved: 117540.0 MB (Δ: +1687.0 MB)
[2025-11-17 12:13:11][INFO][Rank 0] - train Epoch 1/24: 28.4% (550/1935)
[2025-11-17 12:13:18][INFO][Rank 0] - train Epoch 1/24: 28.9% (560/1935)
[2025-11-17 12:13:25][INFO][Rank 0] - train Epoch 1/24: 29.5% (570/1935)
[2025-11-17 12:13:32][INFO][Rank 0] - train Epoch 1/24: 30.0% (580/1935)
[2025-11-17 12:13:39][INFO][Rank 0] - train Epoch 1/24: 30.5% (590/1935)
[2025-11-17 12:13:46][INFO][Rank 0] - train Epoch 1/24: 31.0% (600/1935)
[2025-11-17 12:13:53][INFO][Rank 0] - train Epoch 1/24: 31.5% (610/1935)
[2025-11-17 12:14:00][INFO][Rank 0] - train Epoch 1/24: 32.0% (620/1935)
[2025-11-17 12:14:07][INFO][Rank 0] - train Epoch 1/24: 32.6% (630/1935)
[2025-11-17 12:14:08][INFO][Rank 0] - CUDA Memory [train][Step 630]: Device 0: Allocated: 3309.6 MB, Reserved: 117540.0 MB (Δ: +1687.0 MB)
[2025-11-17 12:14:14][INFO][Rank 0] - train Epoch 1/24: 33.1% (640/1935)
[2025-11-17 12:14:21][INFO][Rank 0] - train Epoch 1/24: 33.6% (650/1935)
[2025-11-17 12:14:29][INFO][Rank 0] - train Epoch 1/24: 34.1% (660/1935)
[2025-11-17 12:14:36][INFO][Rank 0] - train Epoch 1/24: 34.6% (670/1935)
[2025-11-17 12:14:43][INFO][Rank 0] - train Epoch 1/24: 35.1% (680/1935)
[2025-11-17 12:14:50][INFO][Rank 0] - train Epoch 1/24: 35.7% (690/1935)
[2025-11-17 12:14:57][INFO][Rank 0] - train Epoch 1/24: 36.2% (700/1935)
[2025-11-17 12:15:04][INFO][Rank 0] - train Epoch 1/24: 36.7% (710/1935)
[2025-11-17 12:15:11][INFO][Rank 0] - train Epoch 1/24: 37.2% (720/1935)
[2025-11-17 12:15:12][INFO][Rank 0] - CUDA Memory [train][Step 720]: Device 0: Allocated: 3309.6 MB, Reserved: 117540.0 MB (Δ: +1687.0 MB)
[2025-11-17 12:15:18][INFO][Rank 0] - train Epoch 1/24: 37.7% (730/1935)
[2025-11-17 12:15:25][INFO][Rank 0] - train Epoch 1/24: 38.2% (740/1935)
[2025-11-17 12:15:32][INFO][Rank 0] - train Epoch 1/24: 38.8% (750/1935)
[2025-11-17 12:15:39][INFO][Rank 0] - train Epoch 1/24: 39.3% (760/1935)
[2025-11-17 12:15:46][INFO][Rank 0] - train Epoch 1/24: 39.8% (770/1935)
[2025-11-17 12:15:53][INFO][Rank 0] - train Epoch 1/24: 40.3% (780/1935)
[2025-11-17 12:16:01][INFO][Rank 0] - train Epoch 1/24: 40.8% (790/1935)
[2025-11-17 12:16:08][INFO][Rank 0] - train Epoch 1/24: 41.3% (800/1935)
[2025-11-17 12:16:15][INFO][Rank 0] - train Epoch 1/24: 41.9% (810/1935)
[2025-11-17 12:16:15][INFO][Rank 0] - CUDA Memory [train][Step 810]: Device 0: Allocated: 3309.6 MB, Reserved: 117540.0 MB (Δ: +1687.0 MB)
[2025-11-17 12:16:22][INFO][Rank 0] - train Epoch 1/24: 42.4% (820/1935)
[2025-11-17 12:16:29][INFO][Rank 0] - train Epoch 1/24: 42.9% (830/1935)
[2025-11-17 12:16:36][INFO][Rank 0] - train Epoch 1/24: 43.4% (840/1935)
[2025-11-17 12:16:43][INFO][Rank 0] - train Epoch 1/24: 43.9% (850/1935)
[2025-11-17 12:16:50][INFO][Rank 0] - train Epoch 1/24: 44.4% (860/1935)
[2025-11-17 12:16:57][INFO][Rank 0] - train Epoch 1/24: 45.0% (870/1935)
[2025-11-17 12:17:04][INFO][Rank 0] - train Epoch 1/24: 45.5% (880/1935)
[2025-11-17 12:17:11][INFO][Rank 0] - train Epoch 1/24: 46.0% (890/1935)
[2025-11-17 12:17:18][INFO][Rank 0] - train Epoch 1/24: 46.5% (900/1935)
[2025-11-17 12:17:19][INFO][Rank 0] - CUDA Memory [train][Step 900]: Device 0: Allocated: 3309.6 MB, Reserved: 117540.0 MB (Δ: +1687.0 MB)
[2025-11-17 12:17:26][INFO][Rank 0] - train Epoch 1/24: 47.0% (910/1935)
[2025-11-17 12:17:33][INFO][Rank 0] - train Epoch 1/24: 47.5% (920/1935)
[2025-11-17 12:17:40][INFO][Rank 0] - train Epoch 1/24: 48.1% (930/1935)
[2025-11-17 12:17:47][INFO][Rank 0] - train Epoch 1/24: 48.6% (940/1935)
[2025-11-17 12:17:54][INFO][Rank 0] - train Epoch 1/24: 49.1% (950/1935)
[2025-11-17 12:18:01][INFO][Rank 0] - train Epoch 1/24: 49.6% (960/1935)
[2025-11-17 12:18:08][INFO][Rank 0] - train Epoch 1/24: 50.1% (970/1935)
[2025-11-17 12:18:15][INFO][Rank 0] - train Epoch 1/24: 50.6% (980/1935)
[2025-11-17 12:18:22][INFO][Rank 0] - train Epoch 1/24: 51.2% (990/1935)
[2025-11-17 12:18:23][INFO][Rank 0] - CUDA Memory [train][Step 990]: Device 0: Allocated: 3309.6 MB, Reserved: 117540.0 MB (Δ: +1687.0 MB)
[2025-11-17 12:18:29][INFO][Rank 0] - train Epoch 1/24: 51.7% (1000/1935)
[2025-11-17 12:18:36][INFO][Rank 0] - train Epoch 1/24: 52.2% (1010/1935)
[2025-11-17 12:18:43][INFO][Rank 0] - train Epoch 1/24: 52.7% (1020/1935)
[2025-11-17 12:18:51][INFO][Rank 0] - train Epoch 1/24: 53.2% (1030/1935)
[2025-11-17 12:18:58][INFO][Rank 0] - train Epoch 1/24: 53.7% (1040/1935)
[2025-11-17 12:19:05][INFO][Rank 0] - train Epoch 1/24: 54.3% (1050/1935)
[2025-11-17 12:19:12][INFO][Rank 0] - train Epoch 1/24: 54.8% (1060/1935)
[2025-11-17 12:19:19][INFO][Rank 0] - train Epoch 1/24: 55.3% (1070/1935)
[2025-11-17 12:19:26][INFO][Rank 0] - train Epoch 1/24: 55.8% (1080/1935)
[2025-11-17 12:19:27][INFO][Rank 0] - CUDA Memory [train][Step 1080]: Device 0: Allocated: 3309.6 MB, Reserved: 117540.0 MB (Δ: +1687.0 MB)
[2025-11-17 12:19:33][INFO][Rank 0] - train Epoch 1/24: 56.3% (1090/1935)
[2025-11-17 12:19:40][INFO][Rank 0] - train Epoch 1/24: 56.8% (1100/1935)
[2025-11-17 12:19:47][INFO][Rank 0] - train Epoch 1/24: 57.4% (1110/1935)
[2025-11-17 12:19:54][INFO][Rank 0] - train Epoch 1/24: 57.9% (1120/1935)
[2025-11-17 12:20:01][INFO][Rank 0] - train Epoch 1/24: 58.4% (1130/1935)
[2025-11-17 12:20:08][INFO][Rank 0] - train Epoch 1/24: 58.9% (1140/1935)
[2025-11-17 12:20:15][INFO][Rank 0] - train Epoch 1/24: 59.4% (1150/1935)
[2025-11-17 12:20:23][INFO][Rank 0] - train Epoch 1/24: 59.9% (1160/1935)
[2025-11-17 12:20:30][INFO][Rank 0] - train Epoch 1/24: 60.5% (1170/1935)
[2025-11-17 12:20:30][INFO][Rank 0] - CUDA Memory [train][Step 1170]: Device 0: Allocated: 3309.6 MB, Reserved: 117540.0 MB (Δ: +1687.0 MB)
[2025-11-17 12:20:37][INFO][Rank 0] - train Epoch 1/24: 61.0% (1180/1935)
[2025-11-17 12:20:44][INFO][Rank 0] - train Epoch 1/24: 61.5% (1190/1935)
[2025-11-17 12:20:51][INFO][Rank 0] - train Epoch 1/24: 62.0% (1200/1935)
[2025-11-17 12:20:58][INFO][Rank 0] - train Epoch 1/24: 62.5% (1210/1935)
[2025-11-17 12:21:05][INFO][Rank 0] - train Epoch 1/24: 63.0% (1220/1935)
[2025-11-17 12:21:12][INFO][Rank 0] - train Epoch 1/24: 63.6% (1230/1935)
[2025-11-17 12:21:19][INFO][Rank 0] - train Epoch 1/24: 64.1% (1240/1935)
[2025-11-17 12:21:26][INFO][Rank 0] - train Epoch 1/24: 64.6% (1250/1935)
[2025-11-17 12:21:33][INFO][Rank 0] - train Epoch 1/24: 65.1% (1260/1935)
[2025-11-17 12:21:34][INFO][Rank 0] - CUDA Memory [train][Step 1260]: Device 0: Allocated: 3309.6 MB, Reserved: 117540.0 MB (Δ: +1687.0 MB)
[2025-11-17 12:21:40][INFO][Rank 0] - train Epoch 1/24: 65.6% (1270/1935)
[2025-11-17 12:21:48][INFO][Rank 0] - train Epoch 1/24: 66.1% (1280/1935)
[2025-11-17 12:21:55][INFO][Rank 0] - train Epoch 1/24: 66.7% (1290/1935)
[2025-11-17 12:22:02][INFO][Rank 0] - train Epoch 1/24: 67.2% (1300/1935)
[2025-11-17 12:22:09][INFO][Rank 0] - train Epoch 1/24: 67.7% (1310/1935)
[2025-11-17 12:22:16][INFO][Rank 0] - train Epoch 1/24: 68.2% (1320/1935)
[2025-11-17 12:22:23][INFO][Rank 0] - train Epoch 1/24: 68.7% (1330/1935)
[2025-11-17 12:22:30][INFO][Rank 0] - train Epoch 1/24: 69.3% (1340/1935)
[2025-11-17 12:22:37][INFO][Rank 0] - train Epoch 1/24: 69.8% (1350/1935)
[2025-11-17 12:22:38][INFO][Rank 0] - CUDA Memory [train][Step 1350]: Device 0: Allocated: 3309.6 MB, Reserved: 117540.0 MB (Δ: +1687.0 MB)
[2025-11-17 12:22:44][INFO][Rank 0] - train Epoch 1/24: 70.3% (1360/1935)
[2025-11-17 12:22:51][INFO][Rank 0] - train Epoch 1/24: 70.8% (1370/1935)
[2025-11-17 12:22:58][INFO][Rank 0] - train Epoch 1/24: 71.3% (1380/1935)
[2025-11-17 12:23:05][INFO][Rank 0] - train Epoch 1/24: 71.8% (1390/1935)
[2025-11-17 12:23:13][INFO][Rank 0] - train Epoch 1/24: 72.4% (1400/1935)
[2025-11-17 12:23:20][INFO][Rank 0] - train Epoch 1/24: 72.9% (1410/1935)
[2025-11-17 12:23:27][INFO][Rank 0] - train Epoch 1/24: 73.4% (1420/1935)
[2025-11-17 12:23:34][INFO][Rank 0] - train Epoch 1/24: 73.9% (1430/1935)
[2025-11-17 12:23:41][INFO][Rank 0] - train Epoch 1/24: 74.4% (1440/1935)
[2025-11-17 12:23:42][INFO][Rank 0] - CUDA Memory [train][Step 1440]: Device 0: Allocated: 3309.6 MB, Reserved: 117540.0 MB (Δ: +1687.0 MB)
[2025-11-17 12:23:48][INFO][Rank 0] - train Epoch 1/24: 74.9% (1450/1935)
[2025-11-17 12:23:55][INFO][Rank 0] - train Epoch 1/24: 75.5% (1460/1935)
[2025-11-17 12:24:02][INFO][Rank 0] - train Epoch 1/24: 76.0% (1470/1935)
[2025-11-17 12:24:09][INFO][Rank 0] - train Epoch 1/24: 76.5% (1480/1935)
[2025-11-17 12:24:16][INFO][Rank 0] - train Epoch 1/24: 77.0% (1490/1935)
[2025-11-17 12:24:23][INFO][Rank 0] - train Epoch 1/24: 77.5% (1500/1935)
[2025-11-17 12:24:30][INFO][Rank 0] - train Epoch 1/24: 78.0% (1510/1935)
[2025-11-17 12:24:38][INFO][Rank 0] - train Epoch 1/24: 78.6% (1520/1935)
[2025-11-17 12:24:45][INFO][Rank 0] - train Epoch 1/24: 79.1% (1530/1935)
[2025-11-17 12:24:45][INFO][Rank 0] - CUDA Memory [train][Step 1530]: Device 0: Allocated: 3309.6 MB, Reserved: 117540.0 MB (Δ: +1687.0 MB)
[2025-11-17 12:24:52][INFO][Rank 0] - train Epoch 1/24: 79.6% (1540/1935)
[2025-11-17 12:24:59][INFO][Rank 0] - train Epoch 1/24: 80.1% (1550/1935)
[2025-11-17 12:25:06][INFO][Rank 0] - train Epoch 1/24: 80.6% (1560/1935)
[2025-11-17 12:25:13][INFO][Rank 0] - train Epoch 1/24: 81.1% (1570/1935)
[2025-11-17 12:25:20][INFO][Rank 0] - train Epoch 1/24: 81.7% (1580/1935)
[2025-11-17 12:25:27][INFO][Rank 0] - train Epoch 1/24: 82.2% (1590/1935)
[2025-11-17 12:25:34][INFO][Rank 0] - train Epoch 1/24: 82.7% (1600/1935)
[2025-11-17 12:25:41][INFO][Rank 0] - train Epoch 1/24: 83.2% (1610/1935)
[2025-11-17 12:25:48][INFO][Rank 0] - train Epoch 1/24: 83.7% (1620/1935)
[2025-11-17 12:25:49][INFO][Rank 0] - CUDA Memory [train][Step 1620]: Device 0: Allocated: 3309.6 MB, Reserved: 117540.0 MB (Δ: +1687.0 MB)
[2025-11-17 12:25:55][INFO][Rank 0] - train Epoch 1/24: 84.2% (1630/1935)
[2025-11-17 12:26:02][INFO][Rank 0] - train Epoch 1/24: 84.8% (1640/1935)
[2025-11-17 12:26:10][INFO][Rank 0] - train Epoch 1/24: 85.3% (1650/1935)
[2025-11-17 12:26:17][INFO][Rank 0] - train Epoch 1/24: 85.8% (1660/1935)
[2025-11-17 12:26:24][INFO][Rank 0] - train Epoch 1/24: 86.3% (1670/1935)
[2025-11-17 12:26:31][INFO][Rank 0] - train Epoch 1/24: 86.8% (1680/1935)
[2025-11-17 12:26:38][INFO][Rank 0] - train Epoch 1/24: 87.3% (1690/1935)
[2025-11-17 12:26:45][INFO][Rank 0] - train Epoch 1/24: 87.9% (1700/1935)
[2025-11-17 12:26:52][INFO][Rank 0] - train Epoch 1/24: 88.4% (1710/1935)
[2025-11-17 12:26:53][INFO][Rank 0] - CUDA Memory [train][Step 1710]: Device 0: Allocated: 3309.6 MB, Reserved: 117540.0 MB (Δ: +1687.0 MB)
[2025-11-17 12:26:59][INFO][Rank 0] - train Epoch 1/24: 88.9% (1720/1935)
[2025-11-17 12:27:06][INFO][Rank 0] - train Epoch 1/24: 89.4% (1730/1935)
[2025-11-17 12:27:13][INFO][Rank 0] - train Epoch 1/24: 89.9% (1740/1935)
[2025-11-17 12:27:20][INFO][Rank 0] - train Epoch 1/24: 90.4% (1750/1935)
[2025-11-17 12:27:27][INFO][Rank 0] - train Epoch 1/24: 91.0% (1760/1935)
[2025-11-17 12:27:35][INFO][Rank 0] - train Epoch 1/24: 91.5% (1770/1935)
[2025-11-17 12:27:42][INFO][Rank 0] - train Epoch 1/24: 92.0% (1780/1935)
[2025-11-17 12:27:49][INFO][Rank 0] - train Epoch 1/24: 92.5% (1790/1935)
[2025-11-17 12:27:56][INFO][Rank 0] - train Epoch 1/24: 93.0% (1800/1935)
[2025-11-17 12:27:56][INFO][Rank 0] - CUDA Memory [train][Step 1800]: Device 0: Allocated: 3309.6 MB, Reserved: 117540.0 MB (Δ: +1687.0 MB)
[2025-11-17 12:28:03][INFO][Rank 0] - train Epoch 1/24: 93.5% (1810/1935)
[2025-11-17 12:28:10][INFO][Rank 0] - train Epoch 1/24: 94.1% (1820/1935)
[2025-11-17 12:28:17][INFO][Rank 0] - train Epoch 1/24: 94.6% (1830/1935)
[2025-11-17 12:28:24][INFO][Rank 0] - train Epoch 1/24: 95.1% (1840/1935)
[2025-11-17 12:28:31][INFO][Rank 0] - train Epoch 1/24: 95.6% (1850/1935)
[2025-11-17 12:28:38][INFO][Rank 0] - train Epoch 1/24: 96.1% (1860/1935)
[2025-11-17 12:28:45][INFO][Rank 0] - train Epoch 1/24: 96.6% (1870/1935)
[2025-11-17 12:28:52][INFO][Rank 0] - train Epoch 1/24: 97.2% (1880/1935)
[2025-11-17 12:28:59][INFO][Rank 0] - train Epoch 1/24: 97.7% (1890/1935)
[2025-11-17 12:29:00][INFO][Rank 0] - CUDA Memory [train][Step 1890]: Device 0: Allocated: 3309.6 MB, Reserved: 117540.0 MB (Δ: +1687.0 MB)
[2025-11-17 12:29:07][INFO][Rank 0] - train Epoch 1/24: 98.2% (1900/1935)
[2025-11-17 12:29:14][INFO][Rank 0] - train Epoch 1/24: 98.7% (1910/1935)
[2025-11-17 12:29:21][INFO][Rank 0] - train Epoch 1/24: 99.2% (1920/1935)
[2025-11-17 12:29:28][INFO][Rank 0] - train Epoch 1/24: 99.7% (1930/1935)
[2025-11-17 12:29:31][INFO][Rank 0] - train Epoch 1/24: 99.9% (1934/1935)
[2025-11-17 12:29:31][INFO][Rank 0] - train Loss: 0.3150 Acc: 0.9768 F1: 0.9882
[2025-11-17 12:29:31][INFO][Rank 0] - train Balanced Acc: 0.5766 AUC-ROC: 0.9285
[2025-11-17 12:29:31][INFO][Rank 0] - train Sensitivity: 0.9975 Specificity: 0.1558
[2025-11-17 12:29:31][INFO][Rank 0] - train Confusion Matrix: TP=18827, FP=401, FN=48, TN=74
[2025-11-17 12:29:31][INFO][Rank 0] - train completed in 1370.74s
[2025-11-17 12:29:31][INFO][Rank 0] - Data loading time: 1.01s, Forward time: 278.52s, Backward time: 743.51s
[2025-11-17 12:29:31][INFO][Rank 0] - train cache: 0/1 items, hit rate: 0.00%
[2025-11-17 12:29:31][INFO][Rank 0] - CUDA Memory [val][Step 0]: Device 0: Allocated: 3309.6 MB, Reserved: 117540.0 MB (Δ: +1687.0 MB)
[2025-11-17 12:29:31][INFO][Rank 0] - val phase: total 412 batches
[2025-11-17 12:29:32][INFO][Rank 0] - val Epoch 1/24: 0.0% (0/412)
[2025-11-17 12:29:37][INFO][Rank 0] - val Epoch 1/24: 2.4% (10/412)
[2025-11-17 12:29:42][INFO][Rank 0] - val Epoch 1/24: 4.9% (20/412)
[2025-11-17 12:29:47][INFO][Rank 0] - val Epoch 1/24: 7.3% (30/412)
[2025-11-17 12:29:52][INFO][Rank 0] - val Epoch 1/24: 9.7% (40/412)
[2025-11-17 12:29:57][INFO][Rank 0] - val Epoch 1/24: 12.1% (50/412)
[2025-11-17 12:30:02][INFO][Rank 0] - val Epoch 1/24: 14.6% (60/412)
[2025-11-17 12:30:07][INFO][Rank 0] - val Epoch 1/24: 17.0% (70/412)
[2025-11-17 12:30:12][INFO][Rank 0] - val Epoch 1/24: 19.4% (80/412)
[2025-11-17 12:30:17][INFO][Rank 0] - val Epoch 1/24: 21.8% (90/412)
[2025-11-17 12:30:23][INFO][Rank 0] - val Epoch 1/24: 24.3% (100/412)
[2025-11-17 12:30:28][INFO][Rank 0] - val Epoch 1/24: 26.7% (110/412)
[2025-11-17 12:30:33][INFO][Rank 0] - val Epoch 1/24: 29.1% (120/412)
[2025-11-17 12:30:33][INFO][Rank 0] - CUDA Memory [val][Step 120]: Device 0: Allocated: 3309.6 MB, Reserved: 117540.0 MB (Δ: +1687.0 MB)
[2025-11-17 12:30:38][INFO][Rank 0] - val Epoch 1/24: 31.6% (130/412)
[2025-11-17 12:30:43][INFO][Rank 0] - val Epoch 1/24: 34.0% (140/412)
[2025-11-17 12:30:48][INFO][Rank 0] - val Epoch 1/24: 36.4% (150/412)
[2025-11-17 12:30:53][INFO][Rank 0] - val Epoch 1/24: 38.8% (160/412)
[2025-11-17 12:30:58][INFO][Rank 0] - val Epoch 1/24: 41.3% (170/412)
[2025-11-17 12:31:03][INFO][Rank 0] - val Epoch 1/24: 43.7% (180/412)
[2025-11-17 12:31:08][INFO][Rank 0] - val Epoch 1/24: 46.1% (190/412)
[2025-11-17 12:31:13][INFO][Rank 0] - val Epoch 1/24: 48.5% (200/412)
[2025-11-17 12:31:19][INFO][Rank 0] - val Epoch 1/24: 51.0% (210/412)
[2025-11-17 12:31:24][INFO][Rank 0] - val Epoch 1/24: 53.4% (220/412)
[2025-11-17 12:31:29][INFO][Rank 0] - val Epoch 1/24: 55.8% (230/412)
[2025-11-17 12:31:34][INFO][Rank 0] - val Epoch 1/24: 58.3% (240/412)
[2025-11-17 12:31:34][INFO][Rank 0] - CUDA Memory [val][Step 240]: Device 0: Allocated: 3309.6 MB, Reserved: 117540.0 MB (Δ: +1687.0 MB)
[2025-11-17 12:31:39][INFO][Rank 0] - val Epoch 1/24: 60.7% (250/412)
[2025-11-17 12:31:44][INFO][Rank 0] - val Epoch 1/24: 63.1% (260/412)
[2025-11-17 12:31:49][INFO][Rank 0] - val Epoch 1/24: 65.5% (270/412)
[2025-11-17 12:31:54][INFO][Rank 0] - val Epoch 1/24: 68.0% (280/412)
[2025-11-17 12:31:59][INFO][Rank 0] - val Epoch 1/24: 70.4% (290/412)
[2025-11-17 12:32:04][INFO][Rank 0] - val Epoch 1/24: 72.8% (300/412)
[2025-11-17 12:32:09][INFO][Rank 0] - val Epoch 1/24: 75.2% (310/412)
[2025-11-17 12:32:14][INFO][Rank 0] - val Epoch 1/24: 77.7% (320/412)
[2025-11-17 12:32:20][INFO][Rank 0] - val Epoch 1/24: 80.1% (330/412)
[2025-11-17 12:32:25][INFO][Rank 0] - val Epoch 1/24: 82.5% (340/412)
[2025-11-17 12:32:30][INFO][Rank 0] - val Epoch 1/24: 85.0% (350/412)
[2025-11-17 12:32:35][INFO][Rank 0] - val Epoch 1/24: 87.4% (360/412)
[2025-11-17 12:32:35][INFO][Rank 0] - CUDA Memory [val][Step 360]: Device 0: Allocated: 3309.6 MB, Reserved: 117540.0 MB (Δ: +1687.0 MB)
[2025-11-17 12:32:40][INFO][Rank 0] - val Epoch 1/24: 89.8% (370/412)
[2025-11-17 12:32:45][INFO][Rank 0] - val Epoch 1/24: 92.2% (380/412)
[2025-11-17 12:32:50][INFO][Rank 0] - val Epoch 1/24: 94.7% (390/412)
[2025-11-17 12:32:55][INFO][Rank 0] - val Epoch 1/24: 97.1% (400/412)
[2025-11-17 12:33:00][INFO][Rank 0] - val Epoch 1/24: 99.5% (410/412)
[2025-11-17 12:33:01][INFO][Rank 0] - val Epoch 1/24: 99.8% (411/412)
[2025-11-17 12:33:01][INFO][Rank 0] - val Loss: 0.2057 Acc: 0.9772 F1: 0.9884
[2025-11-17 12:33:01][INFO][Rank 0] - val Balanced Acc: 0.6017 AUC-ROC: 0.9618
[2025-11-17 12:33:01][INFO][Rank 0] - val Sensitivity: 0.9978 Specificity: 0.2056
[2025-11-17 12:33:01][INFO][Rank 0] - val Confusion Matrix: TP=4004, FP=85, FN=9, TN=22
[2025-11-17 12:33:01][INFO][Rank 0] - val completed in 209.84s
[2025-11-17 12:33:01][INFO][Rank 0] - val cache: 0/1 items, hit rate: 0.00%
[2025-11-17 12:33:05][INFO][Rank 0] - Saved new best accuracy model with accuracy: 0.9772 at /projects/retprogression/rgarridogarcia/checkpoints/cropped1024_cropped_centered_wt_allR_2/best_acc_model.pth
[2025-11-17 12:33:09][INFO][Rank 0] - Saved new best f1 model with f1: 0.9884 at /projects/retprogression/rgarridogarcia/checkpoints/cropped1024_cropped_centered_wt_allR_2/best_f1_model.pth
[2025-11-17 12:33:13][INFO][Rank 0] - Saved new best balanced_acc model with balanced_acc: 0.6017 at /projects/retprogression/rgarridogarcia/checkpoints/cropped1024_cropped_centered_wt_allR_2/best_balanced_acc_model.pth
[2025-11-17 12:33:17][INFO][Rank 0] - Also saved as general best model at /projects/retprogression/rgarridogarcia/checkpoints/cropped1024_cropped_centered_wt_allR_2/best_model.pth
[2025-11-17 12:33:21][INFO][Rank 0] - Saved new best auc model with auc: 0.9618 at /projects/retprogression/rgarridogarcia/checkpoints/cropped1024_cropped_centered_wt_allR_2/best_auc_model.pth
[2025-11-17 12:33:24][INFO][Rank 0] - Saved epoch checkpoint at /projects/retprogression/rgarridogarcia/checkpoints/cropped1024_cropped_centered_wt_allR_2/epoch_1.pth
[2025-11-17 12:33:24][INFO][Rank 0] - Epoch 1 summary:
[2025-11-17 12:33:24][INFO][Rank 0] -  Train Loss: 0.3150, Train Acc: 0.9768, Train F1: 0.9882
[2025-11-17 12:33:24][INFO][Rank 0] -  Train Balanced Acc: 0.5766, Train AUC: 0.9285
[2025-11-17 12:33:24][INFO][Rank 0] -  Train Sensitivity: 0.9975, Train Specificity: 0.1558
[2025-11-17 12:33:24][INFO][Rank 0] -  Val Loss: 0.2057, Val Acc: 0.9772, Val F1: 0.9884
[2025-11-17 12:33:24][INFO][Rank 0] -  Val Balanced Acc: 0.6017, Val AUC: 0.9618
[2025-11-17 12:33:24][INFO][Rank 0] -  Val Sensitivity: 0.9978, Val Specificity: 0.2056
[2025-11-17 12:33:24][INFO][Rank 0] -  Total Epoch Time: 1603.77s
[2025-11-17 12:33:24][INFO][Rank 0] - Epoch 2/24
[2025-11-17 12:33:24][INFO][Rank 0] - ----------
[2025-11-17 12:33:24][INFO][Rank 0] - CUDA Memory [train][Step 0]: Device 0: Allocated: 3309.6 MB, Reserved: 117540.0 MB (Δ: +1687.0 MB)
[2025-11-17 12:33:24][INFO][Rank 0] - train phase: total 1935 batches
[2025-11-17 12:33:25][INFO][Rank 0] - train Epoch 2/24: 0.0% (0/1935)
[2025-11-17 12:33:32][INFO][Rank 0] - train Epoch 2/24: 0.5% (10/1935)
[2025-11-17 12:33:39][INFO][Rank 0] - train Epoch 2/24: 1.0% (20/1935)
[2025-11-17 12:33:46][INFO][Rank 0] - train Epoch 2/24: 1.6% (30/1935)
[2025-11-17 12:33:53][INFO][Rank 0] - train Epoch 2/24: 2.1% (40/1935)
[2025-11-17 12:34:00][INFO][Rank 0] - train Epoch 2/24: 2.6% (50/1935)
[2025-11-17 12:34:07][INFO][Rank 0] - train Epoch 2/24: 3.1% (60/1935)
[2025-11-17 12:34:14][INFO][Rank 0] - train Epoch 2/24: 3.6% (70/1935)
[2025-11-17 12:34:22][INFO][Rank 0] - train Epoch 2/24: 4.1% (80/1935)
[2025-11-17 12:34:29][INFO][Rank 0] - train Epoch 2/24: 4.7% (90/1935)
[2025-11-17 12:34:29][INFO][Rank 0] - CUDA Memory [train][Step 90]: Device 0: Allocated: 3309.6 MB, Reserved: 117540.0 MB (Δ: +1687.0 MB)
[2025-11-17 12:34:36][INFO][Rank 0] - train Epoch 2/24: 5.2% (100/1935)
[2025-11-17 12:34:43][INFO][Rank 0] - train Epoch 2/24: 5.7% (110/1935)
[2025-11-17 12:34:50][INFO][Rank 0] - train Epoch 2/24: 6.2% (120/1935)
[2025-11-17 12:34:57][INFO][Rank 0] - train Epoch 2/24: 6.7% (130/1935)
[2025-11-17 12:35:04][INFO][Rank 0] - train Epoch 2/24: 7.2% (140/1935)
[2025-11-17 12:35:11][INFO][Rank 0] - train Epoch 2/24: 7.8% (150/1935)
[2025-11-17 12:35:18][INFO][Rank 0] - train Epoch 2/24: 8.3% (160/1935)
[2025-11-17 12:35:25][INFO][Rank 0] - train Epoch 2/24: 8.8% (170/1935)
[2025-11-17 12:35:32][INFO][Rank 0] - train Epoch 2/24: 9.3% (180/1935)
[2025-11-17 12:35:33][INFO][Rank 0] - CUDA Memory [train][Step 180]: Device 0: Allocated: 3309.6 MB, Reserved: 117540.0 MB (Δ: +1687.0 MB)
[2025-11-17 12:35:39][INFO][Rank 0] - train Epoch 2/24: 9.8% (190/1935)
[2025-11-17 12:35:47][INFO][Rank 0] - train Epoch 2/24: 10.3% (200/1935)
[2025-11-17 12:35:54][INFO][Rank 0] - train Epoch 2/24: 10.9% (210/1935)
[2025-11-17 12:36:01][INFO][Rank 0] - train Epoch 2/24: 11.4% (220/1935)
[2025-11-17 12:36:08][INFO][Rank 0] - train Epoch 2/24: 11.9% (230/1935)
[2025-11-17 12:36:15][INFO][Rank 0] - train Epoch 2/24: 12.4% (240/1935)
[2025-11-17 12:36:22][INFO][Rank 0] - train Epoch 2/24: 12.9% (250/1935)
[2025-11-17 12:36:29][INFO][Rank 0] - train Epoch 2/24: 13.4% (260/1935)
[2025-11-17 12:36:36][INFO][Rank 0] - train Epoch 2/24: 14.0% (270/1935)
[2025-11-17 12:36:37][INFO][Rank 0] - CUDA Memory [train][Step 270]: Device 0: Allocated: 3309.6 MB, Reserved: 117540.0 MB (Δ: +1687.0 MB)
[2025-11-17 12:36:43][INFO][Rank 0] - train Epoch 2/24: 14.5% (280/1935)
[2025-11-17 12:36:50][INFO][Rank 0] - train Epoch 2/24: 15.0% (290/1935)
[2025-11-17 12:36:57][INFO][Rank 0] - train Epoch 2/24: 15.5% (300/1935)
[2025-11-17 12:37:04][INFO][Rank 0] - train Epoch 2/24: 16.0% (310/1935)
[2025-11-17 12:37:12][INFO][Rank 0] - train Epoch 2/24: 16.5% (320/1935)
[2025-11-17 12:37:19][INFO][Rank 0] - train Epoch 2/24: 17.1% (330/1935)
[2025-11-17 12:37:26][INFO][Rank 0] - train Epoch 2/24: 17.6% (340/1935)
[2025-11-17 12:37:33][INFO][Rank 0] - train Epoch 2/24: 18.1% (350/1935)
[2025-11-17 12:37:40][INFO][Rank 0] - train Epoch 2/24: 18.6% (360/1935)
[2025-11-17 12:37:41][INFO][Rank 0] - CUDA Memory [train][Step 360]: Device 0: Allocated: 3309.6 MB, Reserved: 117540.0 MB (Δ: +1687.0 MB)
[2025-11-17 12:37:47][INFO][Rank 0] - train Epoch 2/24: 19.1% (370/1935)
[2025-11-17 12:37:54][INFO][Rank 0] - train Epoch 2/24: 19.6% (380/1935)
[2025-11-17 12:38:01][INFO][Rank 0] - train Epoch 2/24: 20.2% (390/1935)
[2025-11-17 12:38:08][INFO][Rank 0] - train Epoch 2/24: 20.7% (400/1935)
[2025-11-17 12:38:15][INFO][Rank 0] - train Epoch 2/24: 21.2% (410/1935)
[2025-11-17 12:38:22][INFO][Rank 0] - train Epoch 2/24: 21.7% (420/1935)
[2025-11-17 12:38:29][INFO][Rank 0] - train Epoch 2/24: 22.2% (430/1935)
[2025-11-17 12:38:36][INFO][Rank 0] - train Epoch 2/24: 22.7% (440/1935)
[2025-11-17 12:38:44][INFO][Rank 0] - train Epoch 2/24: 23.3% (450/1935)
[2025-11-17 12:38:44][INFO][Rank 0] - CUDA Memory [train][Step 450]: Device 0: Allocated: 3309.6 MB, Reserved: 117540.0 MB (Δ: +1687.0 MB)
[2025-11-17 12:38:51][INFO][Rank 0] - train Epoch 2/24: 23.8% (460/1935)
[2025-11-17 12:38:58][INFO][Rank 0] - train Epoch 2/24: 24.3% (470/1935)
[2025-11-17 12:39:05][INFO][Rank 0] - train Epoch 2/24: 24.8% (480/1935)
[2025-11-17 12:39:12][INFO][Rank 0] - train Epoch 2/24: 25.3% (490/1935)
[2025-11-17 12:39:19][INFO][Rank 0] - train Epoch 2/24: 25.8% (500/1935)
[2025-11-17 12:39:26][INFO][Rank 0] - train Epoch 2/24: 26.4% (510/1935)
[2025-11-17 12:39:33][INFO][Rank 0] - train Epoch 2/24: 26.9% (520/1935)
[2025-11-17 12:39:40][INFO][Rank 0] - train Epoch 2/24: 27.4% (530/1935)
[2025-11-17 12:39:47][INFO][Rank 0] - train Epoch 2/24: 27.9% (540/1935)
[2025-11-17 12:39:48][INFO][Rank 0] - CUDA Memory [train][Step 540]: Device 0: Allocated: 3309.6 MB, Reserved: 117540.0 MB (Δ: +1687.0 MB)
[2025-11-17 12:39:54][INFO][Rank 0] - train Epoch 2/24: 28.4% (550/1935)
[2025-11-17 12:40:01][INFO][Rank 0] - train Epoch 2/24: 28.9% (560/1935)
[2025-11-17 12:40:09][INFO][Rank 0] - train Epoch 2/24: 29.5% (570/1935)
[2025-11-17 12:40:16][INFO][Rank 0] - train Epoch 2/24: 30.0% (580/1935)
[2025-11-17 12:40:23][INFO][Rank 0] - train Epoch 2/24: 30.5% (590/1935)
[2025-11-17 12:40:30][INFO][Rank 0] - train Epoch 2/24: 31.0% (600/1935)
[2025-11-17 12:40:37][INFO][Rank 0] - train Epoch 2/24: 31.5% (610/1935)
[2025-11-17 12:40:44][INFO][Rank 0] - train Epoch 2/24: 32.0% (620/1935)
[2025-11-17 12:40:51][INFO][Rank 0] - train Epoch 2/24: 32.6% (630/1935)
[2025-11-17 12:40:52][INFO][Rank 0] - CUDA Memory [train][Step 630]: Device 0: Allocated: 3309.6 MB, Reserved: 117540.0 MB (Δ: +1687.0 MB)
[2025-11-17 12:40:58][INFO][Rank 0] - train Epoch 2/24: 33.1% (640/1935)
[2025-11-17 12:41:05][INFO][Rank 0] - train Epoch 2/24: 33.6% (650/1935)
[2025-11-17 12:41:12][INFO][Rank 0] - train Epoch 2/24: 34.1% (660/1935)
[2025-11-17 12:41:19][INFO][Rank 0] - train Epoch 2/24: 34.6% (670/1935)
[2025-11-17 12:41:26][INFO][Rank 0] - train Epoch 2/24: 35.1% (680/1935)
[2025-11-17 12:41:33][INFO][Rank 0] - train Epoch 2/24: 35.7% (690/1935)
[2025-11-17 12:41:41][INFO][Rank 0] - train Epoch 2/24: 36.2% (700/1935)
[2025-11-17 12:41:48][INFO][Rank 0] - train Epoch 2/24: 36.7% (710/1935)
[2025-11-17 12:41:55][INFO][Rank 0] - train Epoch 2/24: 37.2% (720/1935)
[2025-11-17 12:41:55][INFO][Rank 0] - CUDA Memory [train][Step 720]: Device 0: Allocated: 3309.6 MB, Reserved: 117540.0 MB (Δ: +1687.0 MB)
[2025-11-17 12:42:02][INFO][Rank 0] - train Epoch 2/24: 37.7% (730/1935)
[2025-11-17 12:42:09][INFO][Rank 0] - train Epoch 2/24: 38.2% (740/1935)
[2025-11-17 12:42:16][INFO][Rank 0] - train Epoch 2/24: 38.8% (750/1935)
[2025-11-17 12:42:23][INFO][Rank 0] - train Epoch 2/24: 39.3% (760/1935)
[2025-11-17 12:42:30][INFO][Rank 0] - train Epoch 2/24: 39.8% (770/1935)
[2025-11-17 12:42:37][INFO][Rank 0] - train Epoch 2/24: 40.3% (780/1935)
[2025-11-17 12:42:44][INFO][Rank 0] - train Epoch 2/24: 40.8% (790/1935)
[2025-11-17 12:42:51][INFO][Rank 0] - train Epoch 2/24: 41.3% (800/1935)
[2025-11-17 12:42:58][INFO][Rank 0] - train Epoch 2/24: 41.9% (810/1935)
[2025-11-17 12:42:59][INFO][Rank 0] - CUDA Memory [train][Step 810]: Device 0: Allocated: 3309.6 MB, Reserved: 117540.0 MB (Δ: +1687.0 MB)
[2025-11-17 12:43:06][INFO][Rank 0] - train Epoch 2/24: 42.4% (820/1935)
[2025-11-17 12:43:13][INFO][Rank 0] - train Epoch 2/24: 42.9% (830/1935)
[2025-11-17 12:43:20][INFO][Rank 0] - train Epoch 2/24: 43.4% (840/1935)
[2025-11-17 12:43:27][INFO][Rank 0] - train Epoch 2/24: 43.9% (850/1935)
[2025-11-17 12:43:34][INFO][Rank 0] - train Epoch 2/24: 44.4% (860/1935)
[2025-11-17 12:43:41][INFO][Rank 0] - train Epoch 2/24: 45.0% (870/1935)
[2025-11-17 12:43:48][INFO][Rank 0] - train Epoch 2/24: 45.5% (880/1935)
[2025-11-17 12:43:55][INFO][Rank 0] - train Epoch 2/24: 46.0% (890/1935)
[2025-11-17 12:44:02][INFO][Rank 0] - train Epoch 2/24: 46.5% (900/1935)
[2025-11-17 12:44:03][INFO][Rank 0] - CUDA Memory [train][Step 900]: Device 0: Allocated: 3309.6 MB, Reserved: 117540.0 MB (Δ: +1687.0 MB)
[2025-11-17 12:44:09][INFO][Rank 0] - train Epoch 2/24: 47.0% (910/1935)
[2025-11-17 12:44:16][INFO][Rank 0] - train Epoch 2/24: 47.5% (920/1935)
[2025-11-17 12:44:23][INFO][Rank 0] - train Epoch 2/24: 48.1% (930/1935)
[2025-11-17 12:44:31][INFO][Rank 0] - train Epoch 2/24: 48.6% (940/1935)
[2025-11-17 12:44:38][INFO][Rank 0] - train Epoch 2/24: 49.1% (950/1935)
[2025-11-17 12:44:45][INFO][Rank 0] - train Epoch 2/24: 49.6% (960/1935)
[2025-11-17 12:44:52][INFO][Rank 0] - train Epoch 2/24: 50.1% (970/1935)
[2025-11-17 12:44:59][INFO][Rank 0] - train Epoch 2/24: 50.6% (980/1935)
[2025-11-17 12:45:06][INFO][Rank 0] - train Epoch 2/24: 51.2% (990/1935)
[2025-11-17 12:45:07][INFO][Rank 0] - CUDA Memory [train][Step 990]: Device 0: Allocated: 3309.6 MB, Reserved: 117540.0 MB (Δ: +1687.0 MB)
[2025-11-17 12:45:13][INFO][Rank 0] - train Epoch 2/24: 51.7% (1000/1935)
[2025-11-17 12:45:20][INFO][Rank 0] - train Epoch 2/24: 52.2% (1010/1935)
[2025-11-17 12:45:27][INFO][Rank 0] - train Epoch 2/24: 52.7% (1020/1935)
[2025-11-17 12:45:34][INFO][Rank 0] - train Epoch 2/24: 53.2% (1030/1935)
[2025-11-17 12:45:41][INFO][Rank 0] - train Epoch 2/24: 53.7% (1040/1935)
[2025-11-17 12:45:48][INFO][Rank 0] - train Epoch 2/24: 54.3% (1050/1935)
[2025-11-17 12:45:55][INFO][Rank 0] - train Epoch 2/24: 54.8% (1060/1935)
[2025-11-17 12:46:03][INFO][Rank 0] - train Epoch 2/24: 55.3% (1070/1935)
[2025-11-17 12:46:10][INFO][Rank 0] - train Epoch 2/24: 55.8% (1080/1935)
[2025-11-17 12:46:10][INFO][Rank 0] - CUDA Memory [train][Step 1080]: Device 0: Allocated: 3309.6 MB, Reserved: 117540.0 MB (Δ: +1687.0 MB)
[2025-11-17 12:46:17][INFO][Rank 0] - train Epoch 2/24: 56.3% (1090/1935)
[2025-11-17 12:46:24][INFO][Rank 0] - train Epoch 2/24: 56.8% (1100/1935)
[2025-11-17 12:46:31][INFO][Rank 0] - train Epoch 2/24: 57.4% (1110/1935)
[2025-11-17 12:46:38][INFO][Rank 0] - train Epoch 2/24: 57.9% (1120/1935)
[2025-11-17 12:46:45][INFO][Rank 0] - train Epoch 2/24: 58.4% (1130/1935)
[2025-11-17 12:46:52][INFO][Rank 0] - train Epoch 2/24: 58.9% (1140/1935)
[2025-11-17 12:46:59][INFO][Rank 0] - train Epoch 2/24: 59.4% (1150/1935)
[2025-11-17 12:47:06][INFO][Rank 0] - train Epoch 2/24: 59.9% (1160/1935)
[2025-11-17 12:47:13][INFO][Rank 0] - train Epoch 2/24: 60.5% (1170/1935)
[2025-11-17 12:47:14][INFO][Rank 0] - CUDA Memory [train][Step 1170]: Device 0: Allocated: 3309.6 MB, Reserved: 117540.0 MB (Δ: +1687.0 MB)
[2025-11-17 12:47:20][INFO][Rank 0] - train Epoch 2/24: 61.0% (1180/1935)
[2025-11-17 12:47:28][INFO][Rank 0] - train Epoch 2/24: 61.5% (1190/1935)
[2025-11-17 12:47:35][INFO][Rank 0] - train Epoch 2/24: 62.0% (1200/1935)
[2025-11-17 12:47:42][INFO][Rank 0] - train Epoch 2/24: 62.5% (1210/1935)
[2025-11-17 12:47:49][INFO][Rank 0] - train Epoch 2/24: 63.0% (1220/1935)
[2025-11-17 12:47:56][INFO][Rank 0] - train Epoch 2/24: 63.6% (1230/1935)
[2025-11-17 12:48:03][INFO][Rank 0] - train Epoch 2/24: 64.1% (1240/1935)
[2025-11-17 12:48:10][INFO][Rank 0] - train Epoch 2/24: 64.6% (1250/1935)
[2025-11-17 12:48:17][INFO][Rank 0] - train Epoch 2/24: 65.1% (1260/1935)
[2025-11-17 12:48:18][INFO][Rank 0] - CUDA Memory [train][Step 1260]: Device 0: Allocated: 3309.6 MB, Reserved: 117540.0 MB (Δ: +1687.0 MB)
[2025-11-17 12:48:24][INFO][Rank 0] - train Epoch 2/24: 65.6% (1270/1935)
[2025-11-17 12:48:31][INFO][Rank 0] - train Epoch 2/24: 66.1% (1280/1935)
[2025-11-17 12:48:38][INFO][Rank 0] - train Epoch 2/24: 66.7% (1290/1935)
[2025-11-17 12:48:45][INFO][Rank 0] - train Epoch 2/24: 67.2% (1300/1935)
[2025-11-17 12:48:52][INFO][Rank 0] - train Epoch 2/24: 67.7% (1310/1935)
[2025-11-17 12:49:00][INFO][Rank 0] - train Epoch 2/24: 68.2% (1320/1935)
[2025-11-17 12:49:07][INFO][Rank 0] - train Epoch 2/24: 68.7% (1330/1935)
[2025-11-17 12:49:14][INFO][Rank 0] - train Epoch 2/24: 69.3% (1340/1935)
[2025-11-17 12:49:21][INFO][Rank 0] - train Epoch 2/24: 69.8% (1350/1935)
[2025-11-17 12:49:22][INFO][Rank 0] - CUDA Memory [train][Step 1350]: Device 0: Allocated: 3309.6 MB, Reserved: 117540.0 MB (Δ: +1687.0 MB)
[2025-11-17 12:49:28][INFO][Rank 0] - train Epoch 2/24: 70.3% (1360/1935)
[2025-11-17 12:49:35][INFO][Rank 0] - train Epoch 2/24: 70.8% (1370/1935)
[2025-11-17 12:49:42][INFO][Rank 0] - train Epoch 2/24: 71.3% (1380/1935)
[2025-11-17 12:49:49][INFO][Rank 0] - train Epoch 2/24: 71.8% (1390/1935)
[2025-11-17 12:49:56][INFO][Rank 0] - train Epoch 2/24: 72.4% (1400/1935)
[2025-11-17 12:50:03][INFO][Rank 0] - train Epoch 2/24: 72.9% (1410/1935)
[2025-11-17 12:50:10][INFO][Rank 0] - train Epoch 2/24: 73.4% (1420/1935)
[2025-11-17 12:50:17][INFO][Rank 0] - train Epoch 2/24: 73.9% (1430/1935)
[2025-11-17 12:50:25][INFO][Rank 0] - train Epoch 2/24: 74.4% (1440/1935)
[2025-11-17 12:50:25][INFO][Rank 0] - CUDA Memory [train][Step 1440]: Device 0: Allocated: 3309.6 MB, Reserved: 117540.0 MB (Δ: +1687.0 MB)
[2025-11-17 12:50:32][INFO][Rank 0] - train Epoch 2/24: 74.9% (1450/1935)
[2025-11-17 12:50:39][INFO][Rank 0] - train Epoch 2/24: 75.5% (1460/1935)
[2025-11-17 12:50:46][INFO][Rank 0] - train Epoch 2/24: 76.0% (1470/1935)
[2025-11-17 12:50:53][INFO][Rank 0] - train Epoch 2/24: 76.5% (1480/1935)
[2025-11-17 12:51:00][INFO][Rank 0] - train Epoch 2/24: 77.0% (1490/1935)
[2025-11-17 12:51:07][INFO][Rank 0] - train Epoch 2/24: 77.5% (1500/1935)
[2025-11-17 12:51:14][INFO][Rank 0] - train Epoch 2/24: 78.0% (1510/1935)
[2025-11-17 12:51:21][INFO][Rank 0] - train Epoch 2/24: 78.6% (1520/1935)
[2025-11-17 12:51:28][INFO][Rank 0] - train Epoch 2/24: 79.1% (1530/1935)
[2025-11-17 12:51:29][INFO][Rank 0] - CUDA Memory [train][Step 1530]: Device 0: Allocated: 3309.6 MB, Reserved: 117540.0 MB (Δ: +1687.0 MB)
[2025-11-17 12:51:35][INFO][Rank 0] - train Epoch 2/24: 79.6% (1540/1935)
[2025-11-17 12:51:42][INFO][Rank 0] - train Epoch 2/24: 80.1% (1550/1935)
[2025-11-17 12:51:49][INFO][Rank 0] - train Epoch 2/24: 80.6% (1560/1935)
[2025-11-17 12:51:57][INFO][Rank 0] - train Epoch 2/24: 81.1% (1570/1935)
[2025-11-17 12:52:04][INFO][Rank 0] - train Epoch 2/24: 81.7% (1580/1935)
[2025-11-17 12:52:11][INFO][Rank 0] - train Epoch 2/24: 82.2% (1590/1935)
[2025-11-17 12:52:18][INFO][Rank 0] - train Epoch 2/24: 82.7% (1600/1935)
[2025-11-17 12:52:25][INFO][Rank 0] - train Epoch 2/24: 83.2% (1610/1935)
[2025-11-17 12:52:32][INFO][Rank 0] - train Epoch 2/24: 83.7% (1620/1935)
[2025-11-17 12:52:33][INFO][Rank 0] - CUDA Memory [train][Step 1620]: Device 0: Allocated: 3309.6 MB, Reserved: 117540.0 MB (Δ: +1687.0 MB)
[2025-11-17 12:52:39][INFO][Rank 0] - train Epoch 2/24: 84.2% (1630/1935)
[2025-11-17 12:52:46][INFO][Rank 0] - train Epoch 2/24: 84.8% (1640/1935)
[2025-11-17 12:52:53][INFO][Rank 0] - train Epoch 2/24: 85.3% (1650/1935)
[2025-11-17 12:53:00][INFO][Rank 0] - train Epoch 2/24: 85.8% (1660/1935)
[2025-11-17 12:53:07][INFO][Rank 0] - train Epoch 2/24: 86.3% (1670/1935)
[2025-11-17 12:53:14][INFO][Rank 0] - train Epoch 2/24: 86.8% (1680/1935)
[2025-11-17 12:53:22][INFO][Rank 0] - train Epoch 2/24: 87.3% (1690/1935)
[2025-11-17 12:53:29][INFO][Rank 0] - train Epoch 2/24: 87.9% (1700/1935)
[2025-11-17 12:53:36][INFO][Rank 0] - train Epoch 2/24: 88.4% (1710/1935)
[2025-11-17 12:53:36][INFO][Rank 0] - CUDA Memory [train][Step 1710]: Device 0: Allocated: 3309.6 MB, Reserved: 117540.0 MB (Δ: +1687.0 MB)
[2025-11-17 12:53:43][INFO][Rank 0] - train Epoch 2/24: 88.9% (1720/1935)
[2025-11-17 12:53:50][INFO][Rank 0] - train Epoch 2/24: 89.4% (1730/1935)
[2025-11-17 12:53:57][INFO][Rank 0] - train Epoch 2/24: 89.9% (1740/1935)
[2025-11-17 12:54:04][INFO][Rank 0] - train Epoch 2/24: 90.4% (1750/1935)
[2025-11-17 12:54:11][INFO][Rank 0] - train Epoch 2/24: 91.0% (1760/1935)
[2025-11-17 12:54:18][INFO][Rank 0] - train Epoch 2/24: 91.5% (1770/1935)
[2025-11-17 12:54:25][INFO][Rank 0] - train Epoch 2/24: 92.0% (1780/1935)
[2025-11-17 12:54:32][INFO][Rank 0] - train Epoch 2/24: 92.5% (1790/1935)
[2025-11-17 12:54:39][INFO][Rank 0] - train Epoch 2/24: 93.0% (1800/1935)
[2025-11-17 12:54:40][INFO][Rank 0] - CUDA Memory [train][Step 1800]: Device 0: Allocated: 3309.6 MB, Reserved: 117540.0 MB (Δ: +1687.0 MB)
[2025-11-17 12:54:47][INFO][Rank 0] - train Epoch 2/24: 93.5% (1810/1935)
[2025-11-17 12:54:54][INFO][Rank 0] - train Epoch 2/24: 94.1% (1820/1935)
[2025-11-17 12:55:01][INFO][Rank 0] - train Epoch 2/24: 94.6% (1830/1935)
[2025-11-17 12:55:08][INFO][Rank 0] - train Epoch 2/24: 95.1% (1840/1935)
[2025-11-17 12:55:15][INFO][Rank 0] - train Epoch 2/24: 95.6% (1850/1935)
[2025-11-17 12:55:22][INFO][Rank 0] - train Epoch 2/24: 96.1% (1860/1935)
[2025-11-17 12:55:29][INFO][Rank 0] - train Epoch 2/24: 96.6% (1870/1935)
[2025-11-17 12:55:36][INFO][Rank 0] - train Epoch 2/24: 97.2% (1880/1935)
[2025-11-17 12:55:43][INFO][Rank 0] - train Epoch 2/24: 97.7% (1890/1935)
[2025-11-17 12:55:44][INFO][Rank 0] - CUDA Memory [train][Step 1890]: Device 0: Allocated: 3309.6 MB, Reserved: 117540.0 MB (Δ: +1687.0 MB)
[2025-11-17 12:55:50][INFO][Rank 0] - train Epoch 2/24: 98.2% (1900/1935)
[2025-11-17 12:55:57][INFO][Rank 0] - train Epoch 2/24: 98.7% (1910/1935)
[2025-11-17 12:56:04][INFO][Rank 0] - train Epoch 2/24: 99.2% (1920/1935)
[2025-11-17 12:56:11][INFO][Rank 0] - train Epoch 2/24: 99.7% (1930/1935)
[2025-11-17 12:56:14][INFO][Rank 0] - train Epoch 2/24: 99.9% (1934/1935)
[2025-11-17 12:56:15][INFO][Rank 0] - train Loss: 0.2613 Acc: 0.9789 F1: 0.9892
[2025-11-17 12:56:15][INFO][Rank 0] - train Balanced Acc: 0.6813 AUC-ROC: 0.9501
[2025-11-17 12:56:15][INFO][Rank 0] - train Sensitivity: 0.9943 Specificity: 0.3684
[2025-11-17 12:56:15][INFO][Rank 0] - train Confusion Matrix: TP=18767, FP=300, FN=108, TN=175
[2025-11-17 12:56:15][INFO][Rank 0] - train completed in 1370.64s
[2025-11-17 12:56:15][INFO][Rank 0] - Data loading time: 1.03s, Forward time: 278.53s, Backward time: 743.40s
[2025-11-17 12:56:15][INFO][Rank 0] - train cache: 0/1 items, hit rate: 0.00%
[2025-11-17 12:56:15][INFO][Rank 0] - CUDA Memory [val][Step 0]: Device 0: Allocated: 3309.6 MB, Reserved: 117540.0 MB (Δ: +1687.0 MB)
[2025-11-17 12:56:15][INFO][Rank 0] - val phase: total 412 batches
[2025-11-17 12:56:15][INFO][Rank 0] - val Epoch 2/24: 0.0% (0/412)
[2025-11-17 12:56:20][INFO][Rank 0] - val Epoch 2/24: 2.4% (10/412)
[2025-11-17 12:56:26][INFO][Rank 0] - val Epoch 2/24: 4.9% (20/412)
[2025-11-17 12:56:31][INFO][Rank 0] - val Epoch 2/24: 7.3% (30/412)
[2025-11-17 12:56:36][INFO][Rank 0] - val Epoch 2/24: 9.7% (40/412)
[2025-11-17 12:56:41][INFO][Rank 0] - val Epoch 2/24: 12.1% (50/412)
[2025-11-17 12:56:46][INFO][Rank 0] - val Epoch 2/24: 14.6% (60/412)
[2025-11-17 12:56:51][INFO][Rank 0] - val Epoch 2/24: 17.0% (70/412)
[2025-11-17 12:56:56][INFO][Rank 0] - val Epoch 2/24: 19.4% (80/412)
[2025-11-17 12:57:01][INFO][Rank 0] - val Epoch 2/24: 21.8% (90/412)
[2025-11-17 12:57:06][INFO][Rank 0] - val Epoch 2/24: 24.3% (100/412)
[2025-11-17 12:57:11][INFO][Rank 0] - val Epoch 2/24: 26.7% (110/412)
[2025-11-17 12:57:16][INFO][Rank 0] - val Epoch 2/24: 29.1% (120/412)
[2025-11-17 12:57:17][INFO][Rank 0] - CUDA Memory [val][Step 120]: Device 0: Allocated: 3309.6 MB, Reserved: 117540.0 MB (Δ: +1687.0 MB)
[2025-11-17 12:57:21][INFO][Rank 0] - val Epoch 2/24: 31.6% (130/412)
[2025-11-17 12:57:27][INFO][Rank 0] - val Epoch 2/24: 34.0% (140/412)
[2025-11-17 12:57:32][INFO][Rank 0] - val Epoch 2/24: 36.4% (150/412)
[2025-11-17 12:57:37][INFO][Rank 0] - val Epoch 2/24: 38.8% (160/412)
[2025-11-17 12:57:42][INFO][Rank 0] - val Epoch 2/24: 41.3% (170/412)
[2025-11-17 12:57:47][INFO][Rank 0] - val Epoch 2/24: 43.7% (180/412)
[2025-11-17 12:57:52][INFO][Rank 0] - val Epoch 2/24: 46.1% (190/412)
[2025-11-17 12:57:57][INFO][Rank 0] - val Epoch 2/24: 48.5% (200/412)
[2025-11-17 12:58:02][INFO][Rank 0] - val Epoch 2/24: 51.0% (210/412)
[2025-11-17 12:58:07][INFO][Rank 0] - val Epoch 2/24: 53.4% (220/412)
[2025-11-17 12:58:12][INFO][Rank 0] - val Epoch 2/24: 55.8% (230/412)
[2025-11-17 12:58:17][INFO][Rank 0] - val Epoch 2/24: 58.3% (240/412)
[2025-11-17 12:58:18][INFO][Rank 0] - CUDA Memory [val][Step 240]: Device 0: Allocated: 3309.6 MB, Reserved: 117540.0 MB (Δ: +1687.0 MB)
[2025-11-17 12:58:22][INFO][Rank 0] - val Epoch 2/24: 60.7% (250/412)
[2025-11-17 12:58:28][INFO][Rank 0] - val Epoch 2/24: 63.1% (260/412)
[2025-11-17 12:58:33][INFO][Rank 0] - val Epoch 2/24: 65.5% (270/412)
[2025-11-17 12:58:38][INFO][Rank 0] - val Epoch 2/24: 68.0% (280/412)
[2025-11-17 12:58:43][INFO][Rank 0] - val Epoch 2/24: 70.4% (290/412)
[2025-11-17 12:58:48][INFO][Rank 0] - val Epoch 2/24: 72.8% (300/412)
[2025-11-17 12:58:53][INFO][Rank 0] - val Epoch 2/24: 75.2% (310/412)
[2025-11-17 12:58:58][INFO][Rank 0] - val Epoch 2/24: 77.7% (320/412)
[2025-11-17 12:59:03][INFO][Rank 0] - val Epoch 2/24: 80.1% (330/412)
[2025-11-17 12:59:08][INFO][Rank 0] - val Epoch 2/24: 82.5% (340/412)
[2025-11-17 12:59:13][INFO][Rank 0] - val Epoch 2/24: 85.0% (350/412)
[2025-11-17 12:59:18][INFO][Rank 0] - val Epoch 2/24: 87.4% (360/412)
[2025-11-17 12:59:19][INFO][Rank 0] - CUDA Memory [val][Step 360]: Device 0: Allocated: 3309.6 MB, Reserved: 117540.0 MB (Δ: +1687.0 MB)
[2025-11-17 12:59:23][INFO][Rank 0] - val Epoch 2/24: 89.8% (370/412)
[2025-11-17 12:59:28][INFO][Rank 0] - val Epoch 2/24: 92.2% (380/412)
[2025-11-17 12:59:34][INFO][Rank 0] - val Epoch 2/24: 94.7% (390/412)
[2025-11-17 12:59:39][INFO][Rank 0] - val Epoch 2/24: 97.1% (400/412)
[2025-11-17 12:59:44][INFO][Rank 0] - val Epoch 2/24: 99.5% (410/412)
[2025-11-17 12:59:44][INFO][Rank 0] - val Epoch 2/24: 99.8% (411/412)
[2025-11-17 12:59:45][INFO][Rank 0] - val Loss: 0.1710 Acc: 0.9786 F1: 0.9891
[2025-11-17 12:59:45][INFO][Rank 0] - val Balanced Acc: 0.7298 AUC-ROC: 0.9709
[2025-11-17 12:59:45][INFO][Rank 0] - val Sensitivity: 0.9923 Specificity: 0.4673
[2025-11-17 12:59:45][INFO][Rank 0] - val Confusion Matrix: TP=3982, FP=57, FN=31, TN=50
[2025-11-17 12:59:45][INFO][Rank 0] - val completed in 209.70s
[2025-11-17 12:59:45][INFO][Rank 0] - val cache: 0/1 items, hit rate: 0.00%
[2025-11-17 12:59:49][INFO][Rank 0] - Saved new best accuracy model with accuracy: 0.9786 at /projects/retprogression/rgarridogarcia/checkpoints/cropped1024_cropped_centered_wt_allR_2/best_acc_model.pth
[2025-11-17 12:59:52][INFO][Rank 0] - Saved new best f1 model with f1: 0.9891 at /projects/retprogression/rgarridogarcia/checkpoints/cropped1024_cropped_centered_wt_allR_2/best_f1_model.pth
[2025-11-17 12:59:56][INFO][Rank 0] - Saved new best balanced_acc model with balanced_acc: 0.7298 at /projects/retprogression/rgarridogarcia/checkpoints/cropped1024_cropped_centered_wt_allR_2/best_balanced_acc_model.pth
[2025-11-17 13:00:00][INFO][Rank 0] - Also saved as general best model at /projects/retprogression/rgarridogarcia/checkpoints/cropped1024_cropped_centered_wt_allR_2/best_model.pth
[2025-11-17 13:00:04][INFO][Rank 0] - Saved new best auc model with auc: 0.9709 at /projects/retprogression/rgarridogarcia/checkpoints/cropped1024_cropped_centered_wt_allR_2/best_auc_model.pth
[2025-11-17 13:00:07][INFO][Rank 0] - Saved epoch checkpoint at /projects/retprogression/rgarridogarcia/checkpoints/cropped1024_cropped_centered_wt_allR_2/epoch_2.pth
[2025-11-17 13:00:07][INFO][Rank 0] - Epoch 2 summary:
[2025-11-17 13:00:07][INFO][Rank 0] -  Train Loss: 0.2613, Train Acc: 0.9789, Train F1: 0.9892
[2025-11-17 13:00:07][INFO][Rank 0] -  Train Balanced Acc: 0.6813, Train AUC: 0.9501
[2025-11-17 13:00:07][INFO][Rank 0] -  Train Sensitivity: 0.9943, Train Specificity: 0.3684
[2025-11-17 13:00:07][INFO][Rank 0] -  Val Loss: 0.1710, Val Acc: 0.9786, Val F1: 0.9891
[2025-11-17 13:00:07][INFO][Rank 0] -  Val Balanced Acc: 0.7298, Val AUC: 0.9709
[2025-11-17 13:00:07][INFO][Rank 0] -  Val Sensitivity: 0.9923, Val Specificity: 0.4673
[2025-11-17 13:00:07][INFO][Rank 0] -  Total Epoch Time: 1603.10s
[2025-11-17 13:00:07][INFO][Rank 0] - Epoch 3/24
[2025-11-17 13:00:07][INFO][Rank 0] - ----------
[2025-11-17 13:00:07][INFO][Rank 0] - CUDA Memory [train][Step 0]: Device 0: Allocated: 3309.6 MB, Reserved: 117540.0 MB (Δ: +1687.0 MB)
[2025-11-17 13:00:07][INFO][Rank 0] - train phase: total 1935 batches
[2025-11-17 13:00:08][INFO][Rank 0] - train Epoch 3/24: 0.0% (0/1935)
[2025-11-17 13:00:15][INFO][Rank 0] - train Epoch 3/24: 0.5% (10/1935)
[2025-11-17 13:00:22][INFO][Rank 0] - train Epoch 3/24: 1.0% (20/1935)
[2025-11-17 13:00:29][INFO][Rank 0] - train Epoch 3/24: 1.6% (30/1935)
[2025-11-17 13:00:36][INFO][Rank 0] - train Epoch 3/24: 2.1% (40/1935)
[2025-11-17 13:00:43][INFO][Rank 0] - train Epoch 3/24: 2.6% (50/1935)
[2025-11-17 13:00:50][INFO][Rank 0] - train Epoch 3/24: 3.1% (60/1935)
[2025-11-17 13:00:57][INFO][Rank 0] - train Epoch 3/24: 3.6% (70/1935)
[2025-11-17 13:01:04][INFO][Rank 0] - train Epoch 3/24: 4.1% (80/1935)
[2025-11-17 13:01:11][INFO][Rank 0] - train Epoch 3/24: 4.7% (90/1935)
[2025-11-17 13:01:12][INFO][Rank 0] - CUDA Memory [train][Step 90]: Device 0: Allocated: 3309.6 MB, Reserved: 117540.0 MB (Δ: +1687.0 MB)
[2025-11-17 13:01:19][INFO][Rank 0] - train Epoch 3/24: 5.2% (100/1935)
[2025-11-17 13:01:26][INFO][Rank 0] - train Epoch 3/24: 5.7% (110/1935)
[2025-11-17 13:01:33][INFO][Rank 0] - train Epoch 3/24: 6.2% (120/1935)
[2025-11-17 13:01:40][INFO][Rank 0] - train Epoch 3/24: 6.7% (130/1935)
[2025-11-17 13:01:47][INFO][Rank 0] - train Epoch 3/24: 7.2% (140/1935)
[2025-11-17 13:01:54][INFO][Rank 0] - train Epoch 3/24: 7.8% (150/1935)
[2025-11-17 13:02:01][INFO][Rank 0] - train Epoch 3/24: 8.3% (160/1935)
[2025-11-17 13:02:08][INFO][Rank 0] - train Epoch 3/24: 8.8% (170/1935)
[2025-11-17 13:02:15][INFO][Rank 0] - train Epoch 3/24: 9.3% (180/1935)
[2025-11-17 13:02:16][INFO][Rank 0] - CUDA Memory [train][Step 180]: Device 0: Allocated: 3309.6 MB, Reserved: 117540.0 MB (Δ: +1687.0 MB)
[2025-11-17 13:02:22][INFO][Rank 0] - train Epoch 3/24: 9.8% (190/1935)
[2025-11-17 13:02:29][INFO][Rank 0] - train Epoch 3/24: 10.3% (200/1935)
[2025-11-17 13:02:36][INFO][Rank 0] - train Epoch 3/24: 10.9% (210/1935)
[2025-11-17 13:02:44][INFO][Rank 0] - train Epoch 3/24: 11.4% (220/1935)
[2025-11-17 13:02:51][INFO][Rank 0] - train Epoch 3/24: 11.9% (230/1935)
[2025-11-17 13:02:58][INFO][Rank 0] - train Epoch 3/24: 12.4% (240/1935)
[2025-11-17 13:03:05][INFO][Rank 0] - train Epoch 3/24: 12.9% (250/1935)
[2025-11-17 13:03:12][INFO][Rank 0] - train Epoch 3/24: 13.4% (260/1935)
[2025-11-17 13:03:19][INFO][Rank 0] - train Epoch 3/24: 14.0% (270/1935)
[2025-11-17 13:03:20][INFO][Rank 0] - CUDA Memory [train][Step 270]: Device 0: Allocated: 3309.6 MB, Reserved: 117540.0 MB (Δ: +1687.0 MB)
[2025-11-17 13:03:26][INFO][Rank 0] - train Epoch 3/24: 14.5% (280/1935)
[2025-11-17 13:03:33][INFO][Rank 0] - train Epoch 3/24: 15.0% (290/1935)
[2025-11-17 13:03:40][INFO][Rank 0] - train Epoch 3/24: 15.5% (300/1935)
[2025-11-17 13:03:47][INFO][Rank 0] - train Epoch 3/24: 16.0% (310/1935)
[2025-11-17 13:03:54][INFO][Rank 0] - train Epoch 3/24: 16.5% (320/1935)
[2025-11-17 13:04:01][INFO][Rank 0] - train Epoch 3/24: 17.1% (330/1935)
[2025-11-17 13:04:08][INFO][Rank 0] - train Epoch 3/24: 17.6% (340/1935)
[2025-11-17 13:04:16][INFO][Rank 0] - train Epoch 3/24: 18.1% (350/1935)
[2025-11-17 13:04:23][INFO][Rank 0] - train Epoch 3/24: 18.6% (360/1935)
[2025-11-17 13:04:23][INFO][Rank 0] - CUDA Memory [train][Step 360]: Device 0: Allocated: 3309.6 MB, Reserved: 117540.0 MB (Δ: +1687.0 MB)
[2025-11-17 13:04:30][INFO][Rank 0] - train Epoch 3/24: 19.1% (370/1935)
[2025-11-17 13:04:37][INFO][Rank 0] - train Epoch 3/24: 19.6% (380/1935)
[2025-11-17 13:04:44][INFO][Rank 0] - train Epoch 3/24: 20.2% (390/1935)
[2025-11-17 13:04:51][INFO][Rank 0] - train Epoch 3/24: 20.7% (400/1935)
[2025-11-17 13:04:58][INFO][Rank 0] - train Epoch 3/24: 21.2% (410/1935)
[2025-11-17 13:05:05][INFO][Rank 0] - train Epoch 3/24: 21.7% (420/1935)
[2025-11-17 13:05:12][INFO][Rank 0] - train Epoch 3/24: 22.2% (430/1935)
[2025-11-17 13:05:19][INFO][Rank 0] - train Epoch 3/24: 22.7% (440/1935)
[2025-11-17 13:05:26][INFO][Rank 0] - train Epoch 3/24: 23.3% (450/1935)
[2025-11-17 13:05:27][INFO][Rank 0] - CUDA Memory [train][Step 450]: Device 0: Allocated: 3309.6 MB, Reserved: 117540.0 MB (Δ: +1687.0 MB)
[2025-11-17 13:05:33][INFO][Rank 0] - train Epoch 3/24: 23.8% (460/1935)
[2025-11-17 13:05:41][INFO][Rank 0] - train Epoch 3/24: 24.3% (470/1935)
[2025-11-17 13:05:48][INFO][Rank 0] - train Epoch 3/24: 24.8% (480/1935)
[2025-11-17 13:05:55][INFO][Rank 0] - train Epoch 3/24: 25.3% (490/1935)
[2025-11-17 13:06:02][INFO][Rank 0] - train Epoch 3/24: 25.8% (500/1935)
[2025-11-17 13:06:09][INFO][Rank 0] - train Epoch 3/24: 26.4% (510/1935)
[2025-11-17 13:06:16][INFO][Rank 0] - train Epoch 3/24: 26.9% (520/1935)
[2025-11-17 13:06:23][INFO][Rank 0] - train Epoch 3/24: 27.4% (530/1935)
[2025-11-17 13:06:30][INFO][Rank 0] - train Epoch 3/24: 27.9% (540/1935)
[2025-11-17 13:06:31][INFO][Rank 0] - CUDA Memory [train][Step 540]: Device 0: Allocated: 3309.6 MB, Reserved: 117540.0 MB (Δ: +1687.0 MB)
[2025-11-17 13:06:37][INFO][Rank 0] - train Epoch 3/24: 28.4% (550/1935)
[2025-11-17 13:06:44][INFO][Rank 0] - train Epoch 3/24: 28.9% (560/1935)
[2025-11-17 13:06:51][INFO][Rank 0] - train Epoch 3/24: 29.5% (570/1935)
[2025-11-17 13:06:58][INFO][Rank 0] - train Epoch 3/24: 30.0% (580/1935)
[2025-11-17 13:07:05][INFO][Rank 0] - train Epoch 3/24: 30.5% (590/1935)
[2025-11-17 13:07:13][INFO][Rank 0] - train Epoch 3/24: 31.0% (600/1935)
[2025-11-17 13:07:20][INFO][Rank 0] - train Epoch 3/24: 31.5% (610/1935)
[2025-11-17 13:07:27][INFO][Rank 0] - train Epoch 3/24: 32.0% (620/1935)
[2025-11-17 13:07:34][INFO][Rank 0] - train Epoch 3/24: 32.6% (630/1935)
[2025-11-17 13:07:34][INFO][Rank 0] - CUDA Memory [train][Step 630]: Device 0: Allocated: 3309.6 MB, Reserved: 117540.0 MB (Δ: +1687.0 MB)
[2025-11-17 13:07:41][INFO][Rank 0] - train Epoch 3/24: 33.1% (640/1935)
[2025-11-17 13:07:48][INFO][Rank 0] - train Epoch 3/24: 33.6% (650/1935)
[2025-11-17 13:07:55][INFO][Rank 0] - train Epoch 3/24: 34.1% (660/1935)
[2025-11-17 13:08:02][INFO][Rank 0] - train Epoch 3/24: 34.6% (670/1935)
[2025-11-17 13:08:09][INFO][Rank 0] - train Epoch 3/24: 35.1% (680/1935)
[2025-11-17 13:08:16][INFO][Rank 0] - train Epoch 3/24: 35.7% (690/1935)
[2025-11-17 13:08:23][INFO][Rank 0] - train Epoch 3/24: 36.2% (700/1935)
[2025-11-17 13:08:30][INFO][Rank 0] - train Epoch 3/24: 36.7% (710/1935)
[2025-11-17 13:08:38][INFO][Rank 0] - train Epoch 3/24: 37.2% (720/1935)
[2025-11-17 13:08:38][INFO][Rank 0] - CUDA Memory [train][Step 720]: Device 0: Allocated: 3309.6 MB, Reserved: 117540.0 MB (Δ: +1687.0 MB)
[2025-11-17 13:08:45][INFO][Rank 0] - train Epoch 3/24: 37.7% (730/1935)
[2025-11-17 13:08:52][INFO][Rank 0] - train Epoch 3/24: 38.2% (740/1935)
[2025-11-17 13:08:59][INFO][Rank 0] - train Epoch 3/24: 38.8% (750/1935)
[2025-11-17 13:09:06][INFO][Rank 0] - train Epoch 3/24: 39.3% (760/1935)
[2025-11-17 13:09:13][INFO][Rank 0] - train Epoch 3/24: 39.8% (770/1935)
[2025-11-17 13:09:20][INFO][Rank 0] - train Epoch 3/24: 40.3% (780/1935)
[2025-11-17 13:09:27][INFO][Rank 0] - train Epoch 3/24: 40.8% (790/1935)
[2025-11-17 13:09:34][INFO][Rank 0] - train Epoch 3/24: 41.3% (800/1935)
[2025-11-17 13:09:41][INFO][Rank 0] - train Epoch 3/24: 41.9% (810/1935)
[2025-11-17 13:09:42][INFO][Rank 0] - CUDA Memory [train][Step 810]: Device 0: Allocated: 3309.6 MB, Reserved: 117540.0 MB (Δ: +1687.0 MB)
[2025-11-17 13:09:48][INFO][Rank 0] - train Epoch 3/24: 42.4% (820/1935)
[2025-11-17 13:09:55][INFO][Rank 0] - train Epoch 3/24: 42.9% (830/1935)
[2025-11-17 13:10:02][INFO][Rank 0] - train Epoch 3/24: 43.4% (840/1935)
[2025-11-17 13:10:10][INFO][Rank 0] - train Epoch 3/24: 43.9% (850/1935)
[2025-11-17 13:10:17][INFO][Rank 0] - train Epoch 3/24: 44.4% (860/1935)
[2025-11-17 13:10:24][INFO][Rank 0] - train Epoch 3/24: 45.0% (870/1935)
[2025-11-17 13:10:31][INFO][Rank 0] - train Epoch 3/24: 45.5% (880/1935)
[2025-11-17 13:10:38][INFO][Rank 0] - train Epoch 3/24: 46.0% (890/1935)
[2025-11-17 13:10:45][INFO][Rank 0] - train Epoch 3/24: 46.5% (900/1935)
[2025-11-17 13:10:46][INFO][Rank 0] - CUDA Memory [train][Step 900]: Device 0: Allocated: 3309.6 MB, Reserved: 117540.0 MB (Δ: +1687.0 MB)
[2025-11-17 13:10:52][INFO][Rank 0] - train Epoch 3/24: 47.0% (910/1935)
[2025-11-17 13:10:59][INFO][Rank 0] - train Epoch 3/24: 47.5% (920/1935)
[2025-11-17 13:11:06][INFO][Rank 0] - train Epoch 3/24: 48.1% (930/1935)
[2025-11-17 13:11:13][INFO][Rank 0] - train Epoch 3/24: 48.6% (940/1935)
[2025-11-17 13:11:20][INFO][Rank 0] - train Epoch 3/24: 49.1% (950/1935)
[2025-11-17 13:11:27][INFO][Rank 0] - train Epoch 3/24: 49.6% (960/1935)
[2025-11-17 13:11:35][INFO][Rank 0] - train Epoch 3/24: 50.1% (970/1935)
[2025-11-17 13:11:42][INFO][Rank 0] - train Epoch 3/24: 50.6% (980/1935)
[2025-11-17 13:11:49][INFO][Rank 0] - train Epoch 3/24: 51.2% (990/1935)
[2025-11-17 13:11:49][INFO][Rank 0] - CUDA Memory [train][Step 990]: Device 0: Allocated: 3309.6 MB, Reserved: 117540.0 MB (Δ: +1687.0 MB)
[2025-11-17 13:11:56][INFO][Rank 0] - train Epoch 3/24: 51.7% (1000/1935)
[2025-11-17 13:12:03][INFO][Rank 0] - train Epoch 3/24: 52.2% (1010/1935)
[2025-11-17 13:12:10][INFO][Rank 0] - train Epoch 3/24: 52.7% (1020/1935)
[2025-11-17 13:12:17][INFO][Rank 0] - train Epoch 3/24: 53.2% (1030/1935)
[2025-11-17 13:12:24][INFO][Rank 0] - train Epoch 3/24: 53.7% (1040/1935)
[2025-11-17 13:12:31][INFO][Rank 0] - train Epoch 3/24: 54.3% (1050/1935)
[2025-11-17 13:12:38][INFO][Rank 0] - train Epoch 3/24: 54.8% (1060/1935)
[2025-11-17 13:12:45][INFO][Rank 0] - train Epoch 3/24: 55.3% (1070/1935)
[2025-11-17 13:12:52][INFO][Rank 0] - train Epoch 3/24: 55.8% (1080/1935)
[2025-11-17 13:12:53][INFO][Rank 0] - CUDA Memory [train][Step 1080]: Device 0: Allocated: 3309.6 MB, Reserved: 117540.0 MB (Δ: +1687.0 MB)
[2025-11-17 13:12:59][INFO][Rank 0] - train Epoch 3/24: 56.3% (1090/1935)
[2025-11-17 13:13:07][INFO][Rank 0] - train Epoch 3/24: 56.8% (1100/1935)
[2025-11-17 13:13:14][INFO][Rank 0] - train Epoch 3/24: 57.4% (1110/1935)
[2025-11-17 13:13:21][INFO][Rank 0] - train Epoch 3/24: 57.9% (1120/1935)
[2025-11-17 13:13:28][INFO][Rank 0] - train Epoch 3/24: 58.4% (1130/1935)
[2025-11-17 13:13:35][INFO][Rank 0] - train Epoch 3/24: 58.9% (1140/1935)
[2025-11-17 13:13:42][INFO][Rank 0] - train Epoch 3/24: 59.4% (1150/1935)
[2025-11-17 13:13:49][INFO][Rank 0] - train Epoch 3/24: 59.9% (1160/1935)
[2025-11-17 13:13:56][INFO][Rank 0] - train Epoch 3/24: 60.5% (1170/1935)
[2025-11-17 13:13:57][INFO][Rank 0] - CUDA Memory [train][Step 1170]: Device 0: Allocated: 3309.6 MB, Reserved: 117540.0 MB (Δ: +1687.0 MB)
[2025-11-17 13:14:03][INFO][Rank 0] - train Epoch 3/24: 61.0% (1180/1935)
[2025-11-17 13:14:10][INFO][Rank 0] - train Epoch 3/24: 61.5% (1190/1935)
[2025-11-17 13:14:17][INFO][Rank 0] - train Epoch 3/24: 62.0% (1200/1935)
[2025-11-17 13:14:24][INFO][Rank 0] - train Epoch 3/24: 62.5% (1210/1935)
[2025-11-17 13:14:31][INFO][Rank 0] - train Epoch 3/24: 63.0% (1220/1935)
[2025-11-17 13:14:39][INFO][Rank 0] - train Epoch 3/24: 63.6% (1230/1935)
[2025-11-17 13:14:46][INFO][Rank 0] - train Epoch 3/24: 64.1% (1240/1935)
[2025-11-17 13:14:53][INFO][Rank 0] - train Epoch 3/24: 64.6% (1250/1935)
[2025-11-17 13:15:00][INFO][Rank 0] - train Epoch 3/24: 65.1% (1260/1935)
[2025-11-17 13:15:01][INFO][Rank 0] - CUDA Memory [train][Step 1260]: Device 0: Allocated: 3309.6 MB, Reserved: 117540.0 MB (Δ: +1687.0 MB)
[2025-11-17 13:15:07][INFO][Rank 0] - train Epoch 3/24: 65.6% (1270/1935)
[2025-11-17 13:15:14][INFO][Rank 0] - train Epoch 3/24: 66.1% (1280/1935)
[2025-11-17 13:15:21][INFO][Rank 0] - train Epoch 3/24: 66.7% (1290/1935)
[2025-11-17 13:15:28][INFO][Rank 0] - train Epoch 3/24: 67.2% (1300/1935)
[2025-11-17 13:15:35][INFO][Rank 0] - train Epoch 3/24: 67.7% (1310/1935)
[2025-11-17 13:15:42][INFO][Rank 0] - train Epoch 3/24: 68.2% (1320/1935)
[2025-11-17 13:15:49][INFO][Rank 0] - train Epoch 3/24: 68.7% (1330/1935)
[2025-11-17 13:15:56][INFO][Rank 0] - train Epoch 3/24: 69.3% (1340/1935)
[2025-11-17 13:16:04][INFO][Rank 0] - train Epoch 3/24: 69.8% (1350/1935)
[2025-11-17 13:16:04][INFO][Rank 0] - CUDA Memory [train][Step 1350]: Device 0: Allocated: 3309.6 MB, Reserved: 117540.0 MB (Δ: +1687.0 MB)
[2025-11-17 13:16:11][INFO][Rank 0] - train Epoch 3/24: 70.3% (1360/1935)
[2025-11-17 13:16:18][INFO][Rank 0] - train Epoch 3/24: 70.8% (1370/1935)
[2025-11-17 13:16:25][INFO][Rank 0] - train Epoch 3/24: 71.3% (1380/1935)
[2025-11-17 13:16:32][INFO][Rank 0] - train Epoch 3/24: 71.8% (1390/1935)
[2025-11-17 13:16:39][INFO][Rank 0] - train Epoch 3/24: 72.4% (1400/1935)
[2025-11-17 13:16:46][INFO][Rank 0] - train Epoch 3/24: 72.9% (1410/1935)
[2025-11-17 13:16:53][INFO][Rank 0] - train Epoch 3/24: 73.4% (1420/1935)
[2025-11-17 13:17:00][INFO][Rank 0] - train Epoch 3/24: 73.9% (1430/1935)
[2025-11-17 13:17:07][INFO][Rank 0] - train Epoch 3/24: 74.4% (1440/1935)
[2025-11-17 13:17:08][INFO][Rank 0] - CUDA Memory [train][Step 1440]: Device 0: Allocated: 3309.6 MB, Reserved: 117540.0 MB (Δ: +1687.0 MB)
[2025-11-17 13:17:14][INFO][Rank 0] - train Epoch 3/24: 74.9% (1450/1935)
[2025-11-17 13:17:21][INFO][Rank 0] - train Epoch 3/24: 75.5% (1460/1935)
[2025-11-17 13:17:28][INFO][Rank 0] - train Epoch 3/24: 76.0% (1470/1935)
[2025-11-17 13:17:36][INFO][Rank 0] - train Epoch 3/24: 76.5% (1480/1935)
[2025-11-17 13:17:43][INFO][Rank 0] - train Epoch 3/24: 77.0% (1490/1935)
[2025-11-17 13:17:50][INFO][Rank 0] - train Epoch 3/24: 77.5% (1500/1935)
[2025-11-17 13:17:57][INFO][Rank 0] - train Epoch 3/24: 78.0% (1510/1935)
[2025-11-17 13:18:04][INFO][Rank 0] - train Epoch 3/24: 78.6% (1520/1935)
[2025-11-17 13:18:11][INFO][Rank 0] - train Epoch 3/24: 79.1% (1530/1935)
[2025-11-17 13:18:12][INFO][Rank 0] - CUDA Memory [train][Step 1530]: Device 0: Allocated: 3309.6 MB, Reserved: 117540.0 MB (Δ: +1687.0 MB)
[2025-11-17 13:18:18][INFO][Rank 0] - train Epoch 3/24: 79.6% (1540/1935)
[2025-11-17 13:18:25][INFO][Rank 0] - train Epoch 3/24: 80.1% (1550/1935)
[2025-11-17 13:18:32][INFO][Rank 0] - train Epoch 3/24: 80.6% (1560/1935)
[2025-11-17 13:18:39][INFO][Rank 0] - train Epoch 3/24: 81.1% (1570/1935)
[2025-11-17 13:18:46][INFO][Rank 0] - train Epoch 3/24: 81.7% (1580/1935)
[2025-11-17 13:18:53][INFO][Rank 0] - train Epoch 3/24: 82.2% (1590/1935)
[2025-11-17 13:19:01][INFO][Rank 0] - train Epoch 3/24: 82.7% (1600/1935)
[2025-11-17 13:19:08][INFO][Rank 0] - train Epoch 3/24: 83.2% (1610/1935)
[2025-11-17 13:19:15][INFO][Rank 0] - train Epoch 3/24: 83.7% (1620/1935)
[2025-11-17 13:19:15][INFO][Rank 0] - CUDA Memory [train][Step 1620]: Device 0: Allocated: 3309.6 MB, Reserved: 117540.0 MB (Δ: +1687.0 MB)
[2025-11-17 13:19:22][INFO][Rank 0] - train Epoch 3/24: 84.2% (1630/1935)
[2025-11-17 13:19:29][INFO][Rank 0] - train Epoch 3/24: 84.8% (1640/1935)
[2025-11-17 13:19:36][INFO][Rank 0] - train Epoch 3/24: 85.3% (1650/1935)
[2025-11-17 13:19:43][INFO][Rank 0] - train Epoch 3/24: 85.8% (1660/1935)
[2025-11-17 13:19:50][INFO][Rank 0] - train Epoch 3/24: 86.3% (1670/1935)
[2025-11-17 13:19:57][INFO][Rank 0] - train Epoch 3/24: 86.8% (1680/1935)
[2025-11-17 13:20:04][INFO][Rank 0] - train Epoch 3/24: 87.3% (1690/1935)
[2025-11-17 13:20:11][INFO][Rank 0] - train Epoch 3/24: 87.9% (1700/1935)
[2025-11-17 13:20:18][INFO][Rank 0] - train Epoch 3/24: 88.4% (1710/1935)
[2025-11-17 13:20:19][INFO][Rank 0] - CUDA Memory [train][Step 1710]: Device 0: Allocated: 3309.6 MB, Reserved: 117540.0 MB (Δ: +1687.0 MB)
[2025-11-17 13:20:25][INFO][Rank 0] - train Epoch 3/24: 88.9% (1720/1935)
[2025-11-17 13:20:33][INFO][Rank 0] - train Epoch 3/24: 89.4% (1730/1935)
[2025-11-17 13:20:40][INFO][Rank 0] - train Epoch 3/24: 89.9% (1740/1935)
[2025-11-17 13:20:47][INFO][Rank 0] - train Epoch 3/24: 90.4% (1750/1935)
[2025-11-17 13:20:54][INFO][Rank 0] - train Epoch 3/24: 91.0% (1760/1935)
[2025-11-17 13:21:01][INFO][Rank 0] - train Epoch 3/24: 91.5% (1770/1935)
[2025-11-17 13:21:08][INFO][Rank 0] - train Epoch 3/24: 92.0% (1780/1935)
[2025-11-17 13:21:15][INFO][Rank 0] - train Epoch 3/24: 92.5% (1790/1935)
[2025-11-17 13:21:22][INFO][Rank 0] - train Epoch 3/24: 93.0% (1800/1935)
[2025-11-17 13:21:23][INFO][Rank 0] - CUDA Memory [train][Step 1800]: Device 0: Allocated: 3309.6 MB, Reserved: 117540.0 MB (Δ: +1687.0 MB)
[2025-11-17 13:21:29][INFO][Rank 0] - train Epoch 3/24: 93.5% (1810/1935)
[2025-11-17 13:21:36][INFO][Rank 0] - train Epoch 3/24: 94.1% (1820/1935)
[2025-11-17 13:21:43][INFO][Rank 0] - train Epoch 3/24: 94.6% (1830/1935)
[2025-11-17 13:21:50][INFO][Rank 0] - train Epoch 3/24: 95.1% (1840/1935)
[2025-11-17 13:21:57][INFO][Rank 0] - train Epoch 3/24: 95.6% (1850/1935)
[2025-11-17 13:22:05][INFO][Rank 0] - train Epoch 3/24: 96.1% (1860/1935)
[2025-11-17 13:22:12][INFO][Rank 0] - train Epoch 3/24: 96.6% (1870/1935)
[2025-11-17 13:22:19][INFO][Rank 0] - train Epoch 3/24: 97.2% (1880/1935)
[2025-11-17 13:22:26][INFO][Rank 0] - train Epoch 3/24: 97.7% (1890/1935)
[2025-11-17 13:22:27][INFO][Rank 0] - CUDA Memory [train][Step 1890]: Device 0: Allocated: 3309.6 MB, Reserved: 117540.0 MB (Δ: +1687.0 MB)
[2025-11-17 13:22:33][INFO][Rank 0] - train Epoch 3/24: 98.2% (1900/1935)
[2025-11-17 13:22:40][INFO][Rank 0] - train Epoch 3/24: 98.7% (1910/1935)
[2025-11-17 13:22:47][INFO][Rank 0] - train Epoch 3/24: 99.2% (1920/1935)
[2025-11-17 13:22:54][INFO][Rank 0] - train Epoch 3/24: 99.7% (1930/1935)
[2025-11-17 13:22:57][INFO][Rank 0] - train Epoch 3/24: 99.9% (1934/1935)
[2025-11-17 13:22:58][INFO][Rank 0] - train Loss: 0.2231 Acc: 0.9796 F1: 0.9895
[2025-11-17 13:22:58][INFO][Rank 0] - train Balanced Acc: 0.7894 AUC-ROC: 0.9576
[2025-11-17 13:22:58][INFO][Rank 0] - train Sensitivity: 0.9894 Specificity: 0.5895
[2025-11-17 13:22:58][INFO][Rank 0] - train Confusion Matrix: TP=18675, FP=195, FN=200, TN=280
[2025-11-17 13:22:58][INFO][Rank 0] - train completed in 1370.19s
[2025-11-17 13:22:58][INFO][Rank 0] - Data loading time: 0.77s, Forward time: 278.52s, Backward time: 743.26s
[2025-11-17 13:22:58][INFO][Rank 0] - train cache: 0/1 items, hit rate: 0.00%
[2025-11-17 13:22:58][INFO][Rank 0] - CUDA Memory [val][Step 0]: Device 0: Allocated: 3309.6 MB, Reserved: 117540.0 MB (Δ: +1687.0 MB)
[2025-11-17 13:22:58][INFO][Rank 0] - val phase: total 412 batches
[2025-11-17 13:22:58][INFO][Rank 0] - val Epoch 3/24: 0.0% (0/412)
[2025-11-17 13:23:03][INFO][Rank 0] - val Epoch 3/24: 2.4% (10/412)
[2025-11-17 13:23:08][INFO][Rank 0] - val Epoch 3/24: 4.9% (20/412)
[2025-11-17 13:23:13][INFO][Rank 0] - val Epoch 3/24: 7.3% (30/412)
[2025-11-17 13:23:18][INFO][Rank 0] - val Epoch 3/24: 9.7% (40/412)
[2025-11-17 13:23:24][INFO][Rank 0] - val Epoch 3/24: 12.1% (50/412)
[2025-11-17 13:23:29][INFO][Rank 0] - val Epoch 3/24: 14.6% (60/412)
[2025-11-17 13:23:34][INFO][Rank 0] - val Epoch 3/24: 17.0% (70/412)
[2025-11-17 13:23:39][INFO][Rank 0] - val Epoch 3/24: 19.4% (80/412)
[2025-11-17 13:23:44][INFO][Rank 0] - val Epoch 3/24: 21.8% (90/412)
[2025-11-17 13:23:49][INFO][Rank 0] - val Epoch 3/24: 24.3% (100/412)
[2025-11-17 13:23:54][INFO][Rank 0] - val Epoch 3/24: 26.7% (110/412)
[2025-11-17 13:23:59][INFO][Rank 0] - val Epoch 3/24: 29.1% (120/412)
[2025-11-17 13:24:00][INFO][Rank 0] - CUDA Memory [val][Step 120]: Device 0: Allocated: 3309.6 MB, Reserved: 117540.0 MB (Δ: +1687.0 MB)
[2025-11-17 13:24:04][INFO][Rank 0] - val Epoch 3/24: 31.6% (130/412)
[2025-11-17 13:24:09][INFO][Rank 0] - val Epoch 3/24: 34.0% (140/412)
[2025-11-17 13:24:14][INFO][Rank 0] - val Epoch 3/24: 36.4% (150/412)
[2025-11-17 13:24:20][INFO][Rank 0] - val Epoch 3/24: 38.8% (160/412)
[2025-11-17 13:24:25][INFO][Rank 0] - val Epoch 3/24: 41.3% (170/412)
[2025-11-17 13:24:30][INFO][Rank 0] - val Epoch 3/24: 43.7% (180/412)
[2025-11-17 13:24:35][INFO][Rank 0] - val Epoch 3/24: 46.1% (190/412)
[2025-11-17 13:24:40][INFO][Rank 0] - val Epoch 3/24: 48.5% (200/412)
[2025-11-17 13:24:45][INFO][Rank 0] - val Epoch 3/24: 51.0% (210/412)
[2025-11-17 13:24:50][INFO][Rank 0] - val Epoch 3/24: 53.4% (220/412)
[2025-11-17 13:24:55][INFO][Rank 0] - val Epoch 3/24: 55.8% (230/412)
[2025-11-17 13:25:00][INFO][Rank 0] - val Epoch 3/24: 58.3% (240/412)
[2025-11-17 13:25:01][INFO][Rank 0] - CUDA Memory [val][Step 240]: Device 0: Allocated: 3309.6 MB, Reserved: 117540.0 MB (Δ: +1687.0 MB)
[2025-11-17 13:25:05][INFO][Rank 0] - val Epoch 3/24: 60.7% (250/412)
[2025-11-17 13:25:10][INFO][Rank 0] - val Epoch 3/24: 63.1% (260/412)
[2025-11-17 13:25:15][INFO][Rank 0] - val Epoch 3/24: 65.5% (270/412)
[2025-11-17 13:25:20][INFO][Rank 0] - val Epoch 3/24: 68.0% (280/412)
[2025-11-17 13:25:26][INFO][Rank 0] - val Epoch 3/24: 70.4% (290/412)
[2025-11-17 13:25:31][INFO][Rank 0] - val Epoch 3/24: 72.8% (300/412)
[2025-11-17 13:25:36][INFO][Rank 0] - val Epoch 3/24: 75.2% (310/412)
[2025-11-17 13:25:41][INFO][Rank 0] - val Epoch 3/24: 77.7% (320/412)
[2025-11-17 13:25:46][INFO][Rank 0] - val Epoch 3/24: 80.1% (330/412)
[2025-11-17 13:25:51][INFO][Rank 0] - val Epoch 3/24: 82.5% (340/412)
[2025-11-17 13:25:56][INFO][Rank 0] - val Epoch 3/24: 85.0% (350/412)
[2025-11-17 13:26:01][INFO][Rank 0] - val Epoch 3/24: 87.4% (360/412)
[2025-11-17 13:26:02][INFO][Rank 0] - CUDA Memory [val][Step 360]: Device 0: Allocated: 3309.6 MB, Reserved: 117540.0 MB (Δ: +1687.0 MB)
[2025-11-17 13:26:06][INFO][Rank 0] - val Epoch 3/24: 89.8% (370/412)
[2025-11-17 13:26:11][INFO][Rank 0] - val Epoch 3/24: 92.2% (380/412)
[2025-11-17 13:26:16][INFO][Rank 0] - val Epoch 3/24: 94.7% (390/412)
[2025-11-17 13:26:21][INFO][Rank 0] - val Epoch 3/24: 97.1% (400/412)
[2025-11-17 13:26:27][INFO][Rank 0] - val Epoch 3/24: 99.5% (410/412)
[2025-11-17 13:26:27][INFO][Rank 0] - val Epoch 3/24: 99.8% (411/412)
[2025-11-17 13:26:28][INFO][Rank 0] - val Loss: 0.1482 Acc: 0.9767 F1: 0.9880
[2025-11-17 13:26:28][INFO][Rank 0] - val Balanced Acc: 0.7788 AUC-ROC: 0.9743
[2025-11-17 13:26:28][INFO][Rank 0] - val Sensitivity: 0.9875 Specificity: 0.5701
[2025-11-17 13:26:28][INFO][Rank 0] - val Confusion Matrix: TP=3963, FP=46, FN=50, TN=61
[2025-11-17 13:26:28][INFO][Rank 0] - val completed in 209.91s
[2025-11-17 13:26:28][INFO][Rank 0] - val cache: 0/1 items, hit rate: 0.00%
[2025-11-17 13:26:32][INFO][Rank 0] - Saved new best balanced_acc model with balanced_acc: 0.7788 at /projects/retprogression/rgarridogarcia/checkpoints/cropped1024_cropped_centered_wt_allR_2/best_balanced_acc_model.pth
[2025-11-17 13:26:35][INFO][Rank 0] - Also saved as general best model at /projects/retprogression/rgarridogarcia/checkpoints/cropped1024_cropped_centered_wt_allR_2/best_model.pth
[2025-11-17 13:26:39][INFO][Rank 0] - Saved new best auc model with auc: 0.9743 at /projects/retprogression/rgarridogarcia/checkpoints/cropped1024_cropped_centered_wt_allR_2/best_auc_model.pth
[2025-11-17 13:26:43][INFO][Rank 0] - Saved epoch checkpoint at /projects/retprogression/rgarridogarcia/checkpoints/cropped1024_cropped_centered_wt_allR_2/epoch_3.pth
[2025-11-17 13:26:43][INFO][Rank 0] - Epoch 3 summary:
[2025-11-17 13:26:43][INFO][Rank 0] -  Train Loss: 0.2231, Train Acc: 0.9796, Train F1: 0.9895
[2025-11-17 13:26:43][INFO][Rank 0] -  Train Balanced Acc: 0.7894, Train AUC: 0.9576
[2025-11-17 13:26:43][INFO][Rank 0] -  Train Sensitivity: 0.9894, Train Specificity: 0.5895
[2025-11-17 13:26:43][INFO][Rank 0] -  Val Loss: 0.1482, Val Acc: 0.9767, Val F1: 0.9880
[2025-11-17 13:26:43][INFO][Rank 0] -  Val Balanced Acc: 0.7788, Val AUC: 0.9743
[2025-11-17 13:26:43][INFO][Rank 0] -  Val Sensitivity: 0.9875, Val Specificity: 0.5701
[2025-11-17 13:26:43][INFO][Rank 0] -  Total Epoch Time: 1595.54s
[2025-11-17 13:26:43][INFO][Rank 0] - Epoch 4/24
[2025-11-17 13:26:43][INFO][Rank 0] - ----------
[2025-11-17 13:26:43][INFO][Rank 0] - CUDA Memory [train][Step 0]: Device 0: Allocated: 3309.6 MB, Reserved: 117540.0 MB (Δ: +1687.0 MB)
[2025-11-17 13:26:43][INFO][Rank 0] - train phase: total 1935 batches
[2025-11-17 13:26:43][INFO][Rank 0] - train Epoch 4/24: 0.0% (0/1935)
[2025-11-17 13:26:51][INFO][Rank 0] - train Epoch 4/24: 0.5% (10/1935)
[2025-11-17 13:26:58][INFO][Rank 0] - train Epoch 4/24: 1.0% (20/1935)
[2025-11-17 13:27:05][INFO][Rank 0] - train Epoch 4/24: 1.6% (30/1935)
[2025-11-17 13:27:12][INFO][Rank 0] - train Epoch 4/24: 2.1% (40/1935)
[2025-11-17 13:27:19][INFO][Rank 0] - train Epoch 4/24: 2.6% (50/1935)
[2025-11-17 13:27:26][INFO][Rank 0] - train Epoch 4/24: 3.1% (60/1935)
[2025-11-17 13:27:33][INFO][Rank 0] - train Epoch 4/24: 3.6% (70/1935)
[2025-11-17 13:27:40][INFO][Rank 0] - train Epoch 4/24: 4.1% (80/1935)
[2025-11-17 13:27:47][INFO][Rank 0] - train Epoch 4/24: 4.7% (90/1935)
[2025-11-17 13:27:48][INFO][Rank 0] - CUDA Memory [train][Step 90]: Device 0: Allocated: 3309.6 MB, Reserved: 117540.0 MB (Δ: +1687.0 MB)
[2025-11-17 13:27:54][INFO][Rank 0] - train Epoch 4/24: 5.2% (100/1935)
[2025-11-17 13:28:01][INFO][Rank 0] - train Epoch 4/24: 5.7% (110/1935)
[2025-11-17 13:28:08][INFO][Rank 0] - train Epoch 4/24: 6.2% (120/1935)
[2025-11-17 13:28:16][INFO][Rank 0] - train Epoch 4/24: 6.7% (130/1935)
[2025-11-17 13:28:23][INFO][Rank 0] - train Epoch 4/24: 7.2% (140/1935)
[2025-11-17 13:28:30][INFO][Rank 0] - train Epoch 4/24: 7.8% (150/1935)
[2025-11-17 13:28:37][INFO][Rank 0] - train Epoch 4/24: 8.3% (160/1935)
[2025-11-17 13:28:44][INFO][Rank 0] - train Epoch 4/24: 8.8% (170/1935)
[2025-11-17 13:28:51][INFO][Rank 0] - train Epoch 4/24: 9.3% (180/1935)
[2025-11-17 13:28:52][INFO][Rank 0] - CUDA Memory [train][Step 180]: Device 0: Allocated: 3309.6 MB, Reserved: 117540.0 MB (Δ: +1687.0 MB)
[2025-11-17 13:28:58][INFO][Rank 0] - train Epoch 4/24: 9.8% (190/1935)
[2025-11-17 13:29:05][INFO][Rank 0] - train Epoch 4/24: 10.3% (200/1935)
[2025-11-17 13:29:12][INFO][Rank 0] - train Epoch 4/24: 10.9% (210/1935)
[2025-11-17 13:29:19][INFO][Rank 0] - train Epoch 4/24: 11.4% (220/1935)
[2025-11-17 13:29:26][INFO][Rank 0] - train Epoch 4/24: 11.9% (230/1935)
[2025-11-17 13:29:33][INFO][Rank 0] - train Epoch 4/24: 12.4% (240/1935)
[2025-11-17 13:29:40][INFO][Rank 0] - train Epoch 4/24: 12.9% (250/1935)
[2025-11-17 13:29:48][INFO][Rank 0] - train Epoch 4/24: 13.4% (260/1935)
[2025-11-17 13:29:55][INFO][Rank 0] - train Epoch 4/24: 14.0% (270/1935)
[2025-11-17 13:29:55][INFO][Rank 0] - CUDA Memory [train][Step 270]: Device 0: Allocated: 3309.6 MB, Reserved: 117540.0 MB (Δ: +1687.0 MB)
[2025-11-17 13:30:02][INFO][Rank 0] - train Epoch 4/24: 14.5% (280/1935)
[2025-11-17 13:30:09][INFO][Rank 0] - train Epoch 4/24: 15.0% (290/1935)
[2025-11-17 13:30:16][INFO][Rank 0] - train Epoch 4/24: 15.5% (300/1935)
[2025-11-17 13:30:23][INFO][Rank 0] - train Epoch 4/24: 16.0% (310/1935)
[2025-11-17 13:30:30][INFO][Rank 0] - train Epoch 4/24: 16.5% (320/1935)
[2025-11-17 13:30:37][INFO][Rank 0] - train Epoch 4/24: 17.1% (330/1935)
[2025-11-17 13:30:44][INFO][Rank 0] - train Epoch 4/24: 17.6% (340/1935)
[2025-11-17 13:30:51][INFO][Rank 0] - train Epoch 4/24: 18.1% (350/1935)
[2025-11-17 13:30:58][INFO][Rank 0] - train Epoch 4/24: 18.6% (360/1935)
[2025-11-17 13:30:59][INFO][Rank 0] - CUDA Memory [train][Step 360]: Device 0: Allocated: 3309.6 MB, Reserved: 117540.0 MB (Δ: +1687.0 MB)
[2025-11-17 13:31:05][INFO][Rank 0] - train Epoch 4/24: 19.1% (370/1935)
[2025-11-17 13:31:13][INFO][Rank 0] - train Epoch 4/24: 19.6% (380/1935)
[2025-11-17 13:31:20][INFO][Rank 0] - train Epoch 4/24: 20.2% (390/1935)
[2025-11-17 13:31:27][INFO][Rank 0] - train Epoch 4/24: 20.7% (400/1935)
[2025-11-17 13:31:34][INFO][Rank 0] - train Epoch 4/24: 21.2% (410/1935)
[2025-11-17 13:31:41][INFO][Rank 0] - train Epoch 4/24: 21.7% (420/1935)
[2025-11-17 13:31:48][INFO][Rank 0] - train Epoch 4/24: 22.2% (430/1935)
[2025-11-17 13:31:55][INFO][Rank 0] - train Epoch 4/24: 22.7% (440/1935)
[2025-11-17 13:32:02][INFO][Rank 0] - train Epoch 4/24: 23.3% (450/1935)
[2025-11-17 13:32:03][INFO][Rank 0] - CUDA Memory [train][Step 450]: Device 0: Allocated: 3309.6 MB, Reserved: 117540.0 MB (Δ: +1687.0 MB)
[2025-11-17 13:32:09][INFO][Rank 0] - train Epoch 4/24: 23.8% (460/1935)
[2025-11-17 13:32:16][INFO][Rank 0] - train Epoch 4/24: 24.3% (470/1935)
[2025-11-17 13:32:23][INFO][Rank 0] - train Epoch 4/24: 24.8% (480/1935)
[2025-11-17 13:32:30][INFO][Rank 0] - train Epoch 4/24: 25.3% (490/1935)
[2025-11-17 13:32:37][INFO][Rank 0] - train Epoch 4/24: 25.8% (500/1935)
[2025-11-17 13:32:45][INFO][Rank 0] - train Epoch 4/24: 26.4% (510/1935)
[2025-11-17 13:32:52][INFO][Rank 0] - train Epoch 4/24: 26.9% (520/1935)
[2025-11-17 13:32:59][INFO][Rank 0] - train Epoch 4/24: 27.4% (530/1935)
[2025-11-17 13:33:06][INFO][Rank 0] - train Epoch 4/24: 27.9% (540/1935)
[2025-11-17 13:33:06][INFO][Rank 0] - CUDA Memory [train][Step 540]: Device 0: Allocated: 3309.6 MB, Reserved: 117540.0 MB (Δ: +1687.0 MB)
[2025-11-17 13:33:13][INFO][Rank 0] - train Epoch 4/24: 28.4% (550/1935)
[2025-11-17 13:33:20][INFO][Rank 0] - train Epoch 4/24: 28.9% (560/1935)
[2025-11-17 13:33:27][INFO][Rank 0] - train Epoch 4/24: 29.5% (570/1935)
[2025-11-17 13:33:34][INFO][Rank 0] - train Epoch 4/24: 30.0% (580/1935)
[2025-11-17 13:33:41][INFO][Rank 0] - train Epoch 4/24: 30.5% (590/1935)
[2025-11-17 13:33:48][INFO][Rank 0] - train Epoch 4/24: 31.0% (600/1935)
[2025-11-17 13:33:55][INFO][Rank 0] - train Epoch 4/24: 31.5% (610/1935)
[2025-11-17 13:34:02][INFO][Rank 0] - train Epoch 4/24: 32.0% (620/1935)
[2025-11-17 13:34:09][INFO][Rank 0] - train Epoch 4/24: 32.6% (630/1935)
[2025-11-17 13:34:10][INFO][Rank 0] - CUDA Memory [train][Step 630]: Device 0: Allocated: 3309.6 MB, Reserved: 117540.0 MB (Δ: +1687.0 MB)
[2025-11-17 13:34:17][INFO][Rank 0] - train Epoch 4/24: 33.1% (640/1935)
[2025-11-17 13:34:24][INFO][Rank 0] - train Epoch 4/24: 33.6% (650/1935)
[2025-11-17 13:34:31][INFO][Rank 0] - train Epoch 4/24: 34.1% (660/1935)
[2025-11-17 13:34:38][INFO][Rank 0] - train Epoch 4/24: 34.6% (670/1935)
[2025-11-17 13:34:45][INFO][Rank 0] - train Epoch 4/24: 35.1% (680/1935)
[2025-11-17 13:34:52][INFO][Rank 0] - train Epoch 4/24: 35.7% (690/1935)
[2025-11-17 13:34:59][INFO][Rank 0] - train Epoch 4/24: 36.2% (700/1935)
[2025-11-17 13:35:06][INFO][Rank 0] - train Epoch 4/24: 36.7% (710/1935)
[2025-11-17 13:35:13][INFO][Rank 0] - train Epoch 4/24: 37.2% (720/1935)
[2025-11-17 13:35:14][INFO][Rank 0] - CUDA Memory [train][Step 720]: Device 0: Allocated: 3309.6 MB, Reserved: 117540.0 MB (Δ: +1687.0 MB)
[2025-11-17 13:35:20][INFO][Rank 0] - train Epoch 4/24: 37.7% (730/1935)
[2025-11-17 13:35:27][INFO][Rank 0] - train Epoch 4/24: 38.2% (740/1935)
[2025-11-17 13:35:34][INFO][Rank 0] - train Epoch 4/24: 38.8% (750/1935)
[2025-11-17 13:35:42][INFO][Rank 0] - train Epoch 4/24: 39.3% (760/1935)
[2025-11-17 13:35:49][INFO][Rank 0] - train Epoch 4/24: 39.8% (770/1935)
[2025-11-17 13:35:56][INFO][Rank 0] - train Epoch 4/24: 40.3% (780/1935)
[2025-11-17 13:36:03][INFO][Rank 0] - train Epoch 4/24: 40.8% (790/1935)
[2025-11-17 13:36:10][INFO][Rank 0] - train Epoch 4/24: 41.3% (800/1935)
[2025-11-17 13:36:17][INFO][Rank 0] - train Epoch 4/24: 41.9% (810/1935)
[2025-11-17 13:36:18][INFO][Rank 0] - CUDA Memory [train][Step 810]: Device 0: Allocated: 3309.6 MB, Reserved: 117540.0 MB (Δ: +1687.0 MB)
[2025-11-17 13:36:24][INFO][Rank 0] - train Epoch 4/24: 42.4% (820/1935)
[2025-11-17 13:36:31][INFO][Rank 0] - train Epoch 4/24: 42.9% (830/1935)
[2025-11-17 13:36:38][INFO][Rank 0] - train Epoch 4/24: 43.4% (840/1935)
[2025-11-17 13:36:45][INFO][Rank 0] - train Epoch 4/24: 43.9% (850/1935)
[2025-11-17 13:36:52][INFO][Rank 0] - train Epoch 4/24: 44.4% (860/1935)
[2025-11-17 13:36:59][INFO][Rank 0] - train Epoch 4/24: 45.0% (870/1935)
[2025-11-17 13:37:06][INFO][Rank 0] - train Epoch 4/24: 45.5% (880/1935)
[2025-11-17 13:37:14][INFO][Rank 0] - train Epoch 4/24: 46.0% (890/1935)
[2025-11-17 13:37:21][INFO][Rank 0] - train Epoch 4/24: 46.5% (900/1935)
[2025-11-17 13:37:21][INFO][Rank 0] - CUDA Memory [train][Step 900]: Device 0: Allocated: 3309.6 MB, Reserved: 117540.0 MB (Δ: +1687.0 MB)
[2025-11-17 13:37:28][INFO][Rank 0] - train Epoch 4/24: 47.0% (910/1935)
[2025-11-17 13:37:35][INFO][Rank 0] - train Epoch 4/24: 47.5% (920/1935)
[2025-11-17 13:37:42][INFO][Rank 0] - train Epoch 4/24: 48.1% (930/1935)
[2025-11-17 13:37:49][INFO][Rank 0] - train Epoch 4/24: 48.6% (940/1935)
[2025-11-17 13:37:56][INFO][Rank 0] - train Epoch 4/24: 49.1% (950/1935)
[2025-11-17 13:38:03][INFO][Rank 0] - train Epoch 4/24: 49.6% (960/1935)
[2025-11-17 13:38:10][INFO][Rank 0] - train Epoch 4/24: 50.1% (970/1935)
[2025-11-17 13:38:17][INFO][Rank 0] - train Epoch 4/24: 50.6% (980/1935)
[2025-11-17 13:38:24][INFO][Rank 0] - train Epoch 4/24: 51.2% (990/1935)
[2025-11-17 13:38:25][INFO][Rank 0] - CUDA Memory [train][Step 990]: Device 0: Allocated: 3309.6 MB, Reserved: 117540.0 MB (Δ: +1687.0 MB)
[2025-11-17 13:38:31][INFO][Rank 0] - train Epoch 4/24: 51.7% (1000/1935)
[2025-11-17 13:38:38][INFO][Rank 0] - train Epoch 4/24: 52.2% (1010/1935)
[2025-11-17 13:38:46][INFO][Rank 0] - train Epoch 4/24: 52.7% (1020/1935)
[2025-11-17 13:38:53][INFO][Rank 0] - train Epoch 4/24: 53.2% (1030/1935)
[2025-11-17 13:39:00][INFO][Rank 0] - train Epoch 4/24: 53.7% (1040/1935)
[2025-11-17 13:39:07][INFO][Rank 0] - train Epoch 4/24: 54.3% (1050/1935)
[2025-11-17 13:39:14][INFO][Rank 0] - train Epoch 4/24: 54.8% (1060/1935)
[2025-11-17 13:39:21][INFO][Rank 0] - train Epoch 4/24: 55.3% (1070/1935)
[2025-11-17 13:39:28][INFO][Rank 0] - train Epoch 4/24: 55.8% (1080/1935)
[2025-11-17 13:39:29][INFO][Rank 0] - CUDA Memory [train][Step 1080]: Device 0: Allocated: 3309.6 MB, Reserved: 117540.0 MB (Δ: +1687.0 MB)
[2025-11-17 13:39:35][INFO][Rank 0] - train Epoch 4/24: 56.3% (1090/1935)
[2025-11-17 13:39:42][INFO][Rank 0] - train Epoch 4/24: 56.8% (1100/1935)
[2025-11-17 13:39:49][INFO][Rank 0] - train Epoch 4/24: 57.4% (1110/1935)
[2025-11-17 13:39:56][INFO][Rank 0] - train Epoch 4/24: 57.9% (1120/1935)
[2025-11-17 13:40:03][INFO][Rank 0] - train Epoch 4/24: 58.4% (1130/1935)
[2025-11-17 13:40:11][INFO][Rank 0] - train Epoch 4/24: 58.9% (1140/1935)
[2025-11-17 13:40:18][INFO][Rank 0] - train Epoch 4/24: 59.4% (1150/1935)
[2025-11-17 13:40:25][INFO][Rank 0] - train Epoch 4/24: 59.9% (1160/1935)
[2025-11-17 13:40:32][INFO][Rank 0] - train Epoch 4/24: 60.5% (1170/1935)
[2025-11-17 13:40:32][INFO][Rank 0] - CUDA Memory [train][Step 1170]: Device 0: Allocated: 3309.6 MB, Reserved: 117540.0 MB (Δ: +1687.0 MB)
[2025-11-17 13:40:39][INFO][Rank 0] - train Epoch 4/24: 61.0% (1180/1935)
[2025-11-17 13:40:46][INFO][Rank 0] - train Epoch 4/24: 61.5% (1190/1935)
[2025-11-17 13:40:53][INFO][Rank 0] - train Epoch 4/24: 62.0% (1200/1935)
[2025-11-17 13:41:00][INFO][Rank 0] - train Epoch 4/24: 62.5% (1210/1935)
[2025-11-17 13:41:07][INFO][Rank 0] - train Epoch 4/24: 63.0% (1220/1935)
[2025-11-17 13:41:14][INFO][Rank 0] - train Epoch 4/24: 63.6% (1230/1935)
[2025-11-17 13:41:21][INFO][Rank 0] - train Epoch 4/24: 64.1% (1240/1935)
[2025-11-17 13:41:28][INFO][Rank 0] - train Epoch 4/24: 64.6% (1250/1935)
[2025-11-17 13:41:35][INFO][Rank 0] - train Epoch 4/24: 65.1% (1260/1935)
[2025-11-17 13:41:36][INFO][Rank 0] - CUDA Memory [train][Step 1260]: Device 0: Allocated: 3309.6 MB, Reserved: 117540.0 MB (Δ: +1687.0 MB)
[2025-11-17 13:41:43][INFO][Rank 0] - train Epoch 4/24: 65.6% (1270/1935)
[2025-11-17 13:41:50][INFO][Rank 0] - train Epoch 4/24: 66.1% (1280/1935)
[2025-11-17 13:41:57][INFO][Rank 0] - train Epoch 4/24: 66.7% (1290/1935)
[2025-11-17 13:42:04][INFO][Rank 0] - train Epoch 4/24: 67.2% (1300/1935)
[2025-11-17 13:42:11][INFO][Rank 0] - train Epoch 4/24: 67.7% (1310/1935)
[2025-11-17 13:42:18][INFO][Rank 0] - train Epoch 4/24: 68.2% (1320/1935)
[2025-11-17 13:42:25][INFO][Rank 0] - train Epoch 4/24: 68.7% (1330/1935)
[2025-11-17 13:42:32][INFO][Rank 0] - train Epoch 4/24: 69.3% (1340/1935)
[2025-11-17 13:42:39][INFO][Rank 0] - train Epoch 4/24: 69.8% (1350/1935)
[2025-11-17 13:42:40][INFO][Rank 0] - CUDA Memory [train][Step 1350]: Device 0: Allocated: 3309.6 MB, Reserved: 117540.0 MB (Δ: +1687.0 MB)
[2025-11-17 13:42:46][INFO][Rank 0] - train Epoch 4/24: 70.3% (1360/1935)
[2025-11-17 13:42:53][INFO][Rank 0] - train Epoch 4/24: 70.8% (1370/1935)
[2025-11-17 13:43:00][INFO][Rank 0] - train Epoch 4/24: 71.3% (1380/1935)
[2025-11-17 13:43:07][INFO][Rank 0] - train Epoch 4/24: 71.8% (1390/1935)
[2025-11-17 13:43:15][INFO][Rank 0] - train Epoch 4/24: 72.4% (1400/1935)
[2025-11-17 13:43:22][INFO][Rank 0] - train Epoch 4/24: 72.9% (1410/1935)
[2025-11-17 13:43:29][INFO][Rank 0] - train Epoch 4/24: 73.4% (1420/1935)
[2025-11-17 13:43:36][INFO][Rank 0] - train Epoch 4/24: 73.9% (1430/1935)
[2025-11-17 13:43:43][INFO][Rank 0] - train Epoch 4/24: 74.4% (1440/1935)
[2025-11-17 13:43:44][INFO][Rank 0] - CUDA Memory [train][Step 1440]: Device 0: Allocated: 3309.6 MB, Reserved: 117540.0 MB (Δ: +1687.0 MB)
[2025-11-17 13:43:50][INFO][Rank 0] - train Epoch 4/24: 74.9% (1450/1935)
[2025-11-17 13:43:57][INFO][Rank 0] - train Epoch 4/24: 75.5% (1460/1935)
[2025-11-17 13:44:04][INFO][Rank 0] - train Epoch 4/24: 76.0% (1470/1935)
[2025-11-17 13:44:11][INFO][Rank 0] - train Epoch 4/24: 76.5% (1480/1935)
[2025-11-17 13:44:18][INFO][Rank 0] - train Epoch 4/24: 77.0% (1490/1935)
[2025-11-17 13:44:25][INFO][Rank 0] - train Epoch 4/24: 77.5% (1500/1935)
[2025-11-17 13:44:32][INFO][Rank 0] - train Epoch 4/24: 78.0% (1510/1935)
[2025-11-17 13:44:40][INFO][Rank 0] - train Epoch 4/24: 78.6% (1520/1935)
[2025-11-17 13:44:47][INFO][Rank 0] - train Epoch 4/24: 79.1% (1530/1935)
[2025-11-17 13:44:47][INFO][Rank 0] - CUDA Memory [train][Step 1530]: Device 0: Allocated: 3309.6 MB, Reserved: 117540.0 MB (Δ: +1687.0 MB)
[2025-11-17 13:44:54][INFO][Rank 0] - train Epoch 4/24: 79.6% (1540/1935)
[2025-11-17 13:45:01][INFO][Rank 0] - train Epoch 4/24: 80.1% (1550/1935)
[2025-11-17 13:45:08][INFO][Rank 0] - train Epoch 4/24: 80.6% (1560/1935)
[2025-11-17 13:45:15][INFO][Rank 0] - train Epoch 4/24: 81.1% (1570/1935)
[2025-11-17 13:45:22][INFO][Rank 0] - train Epoch 4/24: 81.7% (1580/1935)
[2025-11-17 13:45:29][INFO][Rank 0] - train Epoch 4/24: 82.2% (1590/1935)
[2025-11-17 13:45:36][INFO][Rank 0] - train Epoch 4/24: 82.7% (1600/1935)
[2025-11-17 13:45:43][INFO][Rank 0] - train Epoch 4/24: 83.2% (1610/1935)
[2025-11-17 13:45:50][INFO][Rank 0] - train Epoch 4/24: 83.7% (1620/1935)
[2025-11-17 13:45:51][INFO][Rank 0] - CUDA Memory [train][Step 1620]: Device 0: Allocated: 3309.6 MB, Reserved: 117540.0 MB (Δ: +1687.0 MB)
[2025-11-17 13:45:57][INFO][Rank 0] - train Epoch 4/24: 84.2% (1630/1935)
[2025-11-17 13:46:04][INFO][Rank 0] - train Epoch 4/24: 84.8% (1640/1935)
[2025-11-17 13:46:12][INFO][Rank 0] - train Epoch 4/24: 85.3% (1650/1935)
[2025-11-17 13:46:19][INFO][Rank 0] - train Epoch 4/24: 85.8% (1660/1935)
[2025-11-17 13:46:26][INFO][Rank 0] - train Epoch 4/24: 86.3% (1670/1935)
[2025-11-17 13:46:33][INFO][Rank 0] - train Epoch 4/24: 86.8% (1680/1935)
[2025-11-17 13:46:40][INFO][Rank 0] - train Epoch 4/24: 87.3% (1690/1935)
[2025-11-17 13:46:47][INFO][Rank 0] - train Epoch 4/24: 87.9% (1700/1935)
[2025-11-17 13:46:54][INFO][Rank 0] - train Epoch 4/24: 88.4% (1710/1935)
[2025-11-17 13:46:55][INFO][Rank 0] - CUDA Memory [train][Step 1710]: Device 0: Allocated: 3309.6 MB, Reserved: 117540.0 MB (Δ: +1687.0 MB)
[2025-11-17 13:47:01][INFO][Rank 0] - train Epoch 4/24: 88.9% (1720/1935)
[2025-11-17 13:47:08][INFO][Rank 0] - train Epoch 4/24: 89.4% (1730/1935)
[2025-11-17 13:47:15][INFO][Rank 0] - train Epoch 4/24: 89.9% (1740/1935)
[2025-11-17 13:47:22][INFO][Rank 0] - train Epoch 4/24: 90.4% (1750/1935)
[2025-11-17 13:47:29][INFO][Rank 0] - train Epoch 4/24: 91.0% (1760/1935)
[2025-11-17 13:47:36][INFO][Rank 0] - train Epoch 4/24: 91.5% (1770/1935)
[2025-11-17 13:47:44][INFO][Rank 0] - train Epoch 4/24: 92.0% (1780/1935)
[2025-11-17 13:47:51][INFO][Rank 0] - train Epoch 4/24: 92.5% (1790/1935)
[2025-11-17 13:47:58][INFO][Rank 0] - train Epoch 4/24: 93.0% (1800/1935)
[2025-11-17 13:47:58][INFO][Rank 0] - CUDA Memory [train][Step 1800]: Device 0: Allocated: 3309.6 MB, Reserved: 117540.0 MB (Δ: +1687.0 MB)
[2025-11-17 13:48:05][INFO][Rank 0] - train Epoch 4/24: 93.5% (1810/1935)
[2025-11-17 13:48:12][INFO][Rank 0] - train Epoch 4/24: 94.1% (1820/1935)
[2025-11-17 13:48:19][INFO][Rank 0] - train Epoch 4/24: 94.6% (1830/1935)
[2025-11-17 13:48:26][INFO][Rank 0] - train Epoch 4/24: 95.1% (1840/1935)
[2025-11-17 13:48:33][INFO][Rank 0] - train Epoch 4/24: 95.6% (1850/1935)
[2025-11-17 13:48:40][INFO][Rank 0] - train Epoch 4/24: 96.1% (1860/1935)
[2025-11-17 13:48:47][INFO][Rank 0] - train Epoch 4/24: 96.6% (1870/1935)
[2025-11-17 13:48:54][INFO][Rank 0] - train Epoch 4/24: 97.2% (1880/1935)
[2025-11-17 13:49:01][INFO][Rank 0] - train Epoch 4/24: 97.7% (1890/1935)
[2025-11-17 13:49:02][INFO][Rank 0] - CUDA Memory [train][Step 1890]: Device 0: Allocated: 3309.6 MB, Reserved: 117540.0 MB (Δ: +1687.0 MB)
[2025-11-17 13:49:08][INFO][Rank 0] - train Epoch 4/24: 98.2% (1900/1935)
[2025-11-17 13:49:16][INFO][Rank 0] - train Epoch 4/24: 98.7% (1910/1935)
[2025-11-17 13:49:23][INFO][Rank 0] - train Epoch 4/24: 99.2% (1920/1935)
[2025-11-17 13:49:30][INFO][Rank 0] - train Epoch 4/24: 99.7% (1930/1935)
[2025-11-17 13:49:33][INFO][Rank 0] - train Epoch 4/24: 99.9% (1934/1935)
[2025-11-17 13:49:33][INFO][Rank 0] - train Loss: 0.1959 Acc: 0.9771 F1: 0.9882
[2025-11-17 13:49:33][INFO][Rank 0] - train Balanced Acc: 0.8453 AUC-ROC: 0.9605
[2025-11-17 13:49:33][INFO][Rank 0] - train Sensitivity: 0.9838 Specificity: 0.7068
[2025-11-17 13:49:33][INFO][Rank 0] - train Confusion Matrix: TP=18571, FP=139, FN=305, TN=335
[2025-11-17 13:49:33][INFO][Rank 0] - train completed in 1370.26s
[2025-11-17 13:49:33][INFO][Rank 0] - Data loading time: 0.97s, Forward time: 278.50s, Backward time: 743.18s
[2025-11-17 13:49:33][INFO][Rank 0] - train cache: 0/1 items, hit rate: 0.00%
[2025-11-17 13:49:33][INFO][Rank 0] - CUDA Memory [val][Step 0]: Device 0: Allocated: 3309.6 MB, Reserved: 117540.0 MB (Δ: +1687.0 MB)
[2025-11-17 13:49:33][INFO][Rank 0] - val phase: total 412 batches
[2025-11-17 13:49:33][INFO][Rank 0] - val Epoch 4/24: 0.0% (0/412)
[2025-11-17 13:49:39][INFO][Rank 0] - val Epoch 4/24: 2.4% (10/412)
[2025-11-17 13:49:44][INFO][Rank 0] - val Epoch 4/24: 4.9% (20/412)
[2025-11-17 13:49:49][INFO][Rank 0] - val Epoch 4/24: 7.3% (30/412)
[2025-11-17 13:49:54][INFO][Rank 0] - val Epoch 4/24: 9.7% (40/412)
[2025-11-17 13:49:59][INFO][Rank 0] - val Epoch 4/24: 12.1% (50/412)
[2025-11-17 13:50:04][INFO][Rank 0] - val Epoch 4/24: 14.6% (60/412)
[2025-11-17 13:50:09][INFO][Rank 0] - val Epoch 4/24: 17.0% (70/412)
[2025-11-17 13:50:14][INFO][Rank 0] - val Epoch 4/24: 19.4% (80/412)
[2025-11-17 13:50:19][INFO][Rank 0] - val Epoch 4/24: 21.8% (90/412)
[2025-11-17 13:50:24][INFO][Rank 0] - val Epoch 4/24: 24.3% (100/412)
[2025-11-17 13:50:29][INFO][Rank 0] - val Epoch 4/24: 26.7% (110/412)
[2025-11-17 13:50:34][INFO][Rank 0] - val Epoch 4/24: 29.1% (120/412)
[2025-11-17 13:50:35][INFO][Rank 0] - CUDA Memory [val][Step 120]: Device 0: Allocated: 3309.6 MB, Reserved: 117540.0 MB (Δ: +1687.0 MB)
[2025-11-17 13:50:40][INFO][Rank 0] - val Epoch 4/24: 31.6% (130/412)
[2025-11-17 13:50:45][INFO][Rank 0] - val Epoch 4/24: 34.0% (140/412)
[2025-11-17 13:50:50][INFO][Rank 0] - val Epoch 4/24: 36.4% (150/412)
[2025-11-17 13:50:55][INFO][Rank 0] - val Epoch 4/24: 38.8% (160/412)
[2025-11-17 13:51:00][INFO][Rank 0] - val Epoch 4/24: 41.3% (170/412)
[2025-11-17 13:51:05][INFO][Rank 0] - val Epoch 4/24: 43.7% (180/412)
[2025-11-17 13:51:10][INFO][Rank 0] - val Epoch 4/24: 46.1% (190/412)
[2025-11-17 13:51:15][INFO][Rank 0] - val Epoch 4/24: 48.5% (200/412)
[2025-11-17 13:51:20][INFO][Rank 0] - val Epoch 4/24: 51.0% (210/412)
[2025-11-17 13:51:25][INFO][Rank 0] - val Epoch 4/24: 53.4% (220/412)
[2025-11-17 13:51:30][INFO][Rank 0] - val Epoch 4/24: 55.8% (230/412)
[2025-11-17 13:51:36][INFO][Rank 0] - val Epoch 4/24: 58.3% (240/412)
[2025-11-17 13:51:36][INFO][Rank 0] - CUDA Memory [val][Step 240]: Device 0: Allocated: 3309.6 MB, Reserved: 117540.0 MB (Δ: +1687.0 MB)
[2025-11-17 13:51:41][INFO][Rank 0] - val Epoch 4/24: 60.7% (250/412)
[2025-11-17 13:51:46][INFO][Rank 0] - val Epoch 4/24: 63.1% (260/412)
[2025-11-17 13:51:51][INFO][Rank 0] - val Epoch 4/24: 65.5% (270/412)
[2025-11-17 13:51:56][INFO][Rank 0] - val Epoch 4/24: 68.0% (280/412)
[2025-11-17 13:52:01][INFO][Rank 0] - val Epoch 4/24: 70.4% (290/412)
[2025-11-17 13:52:06][INFO][Rank 0] - val Epoch 4/24: 72.8% (300/412)
[2025-11-17 13:52:11][INFO][Rank 0] - val Epoch 4/24: 75.2% (310/412)
[2025-11-17 13:52:16][INFO][Rank 0] - val Epoch 4/24: 77.7% (320/412)
[2025-11-17 13:52:21][INFO][Rank 0] - val Epoch 4/24: 80.1% (330/412)
[2025-11-17 13:52:26][INFO][Rank 0] - val Epoch 4/24: 82.5% (340/412)
[2025-11-17 13:52:31][INFO][Rank 0] - val Epoch 4/24: 85.0% (350/412)
[2025-11-17 13:52:37][INFO][Rank 0] - val Epoch 4/24: 87.4% (360/412)
[2025-11-17 13:52:37][INFO][Rank 0] - CUDA Memory [val][Step 360]: Device 0: Allocated: 3309.6 MB, Reserved: 117540.0 MB (Δ: +1687.0 MB)
[2025-11-17 13:52:42][INFO][Rank 0] - val Epoch 4/24: 89.8% (370/412)
[2025-11-17 13:52:47][INFO][Rank 0] - val Epoch 4/24: 92.2% (380/412)
[2025-11-17 13:52:52][INFO][Rank 0] - val Epoch 4/24: 94.7% (390/412)
[2025-11-17 13:52:57][INFO][Rank 0] - val Epoch 4/24: 97.1% (400/412)
[2025-11-17 13:53:02][INFO][Rank 0] - val Epoch 4/24: 99.5% (410/412)
[2025-11-17 13:53:02][INFO][Rank 0] - val Epoch 4/24: 99.8% (411/412)
[2025-11-17 13:53:03][INFO][Rank 0] - val Loss: 0.1303 Acc: 0.9765 F1: 0.9879
[2025-11-17 13:53:03][INFO][Rank 0] - val Balanced Acc: 0.8014 AUC-ROC: 0.9765
[2025-11-17 13:53:03][INFO][Rank 0] - val Sensitivity: 0.9860 Specificity: 0.6168
[2025-11-17 13:53:03][INFO][Rank 0] - val Confusion Matrix: TP=3957, FP=41, FN=56, TN=66
[2025-11-17 13:53:03][INFO][Rank 0] - val completed in 209.66s
[2025-11-17 13:53:03][INFO][Rank 0] - val cache: 0/1 items, hit rate: 0.00%
[2025-11-17 13:53:07][INFO][Rank 0] - Saved new best balanced_acc model with balanced_acc: 0.8014 at /projects/retprogression/rgarridogarcia/checkpoints/cropped1024_cropped_centered_wt_allR_2/best_balanced_acc_model.pth
[2025-11-17 13:53:11][INFO][Rank 0] - Also saved as general best model at /projects/retprogression/rgarridogarcia/checkpoints/cropped1024_cropped_centered_wt_allR_2/best_model.pth
[2025-11-17 13:53:15][INFO][Rank 0] - Saved new best auc model with auc: 0.9765 at /projects/retprogression/rgarridogarcia/checkpoints/cropped1024_cropped_centered_wt_allR_2/best_auc_model.pth
[2025-11-17 13:53:18][INFO][Rank 0] - Saved epoch checkpoint at /projects/retprogression/rgarridogarcia/checkpoints/cropped1024_cropped_centered_wt_allR_2/epoch_4.pth
[2025-11-17 13:53:18][INFO][Rank 0] - Epoch 4 summary:
[2025-11-17 13:53:18][INFO][Rank 0] -  Train Loss: 0.1959, Train Acc: 0.9771, Train F1: 0.9882
[2025-11-17 13:53:18][INFO][Rank 0] -  Train Balanced Acc: 0.8453, Train AUC: 0.9605
[2025-11-17 13:53:18][INFO][Rank 0] -  Train Sensitivity: 0.9838, Train Specificity: 0.7068
[2025-11-17 13:53:18][INFO][Rank 0] -  Val Loss: 0.1303, Val Acc: 0.9765, Val F1: 0.9879
[2025-11-17 13:53:18][INFO][Rank 0] -  Val Balanced Acc: 0.8014, Val AUC: 0.9765
[2025-11-17 13:53:18][INFO][Rank 0] -  Val Sensitivity: 0.9860, Val Specificity: 0.6168
[2025-11-17 13:53:18][INFO][Rank 0] -  Total Epoch Time: 1595.30s
[2025-11-17 13:53:18][INFO][Rank 0] - Epoch 5/24
[2025-11-17 13:53:18][INFO][Rank 0] - ----------
[2025-11-17 13:53:18][INFO][Rank 0] - CUDA Memory [train][Step 0]: Device 0: Allocated: 3309.6 MB, Reserved: 117540.0 MB (Δ: +1687.0 MB)
[2025-11-17 13:53:18][INFO][Rank 0] - train phase: total 1935 batches
[2025-11-17 13:53:19][INFO][Rank 0] - train Epoch 5/24: 0.0% (0/1935)
[2025-11-17 13:53:26][INFO][Rank 0] - train Epoch 5/24: 0.5% (10/1935)
[2025-11-17 13:53:33][INFO][Rank 0] - train Epoch 5/24: 1.0% (20/1935)
[2025-11-17 13:53:40][INFO][Rank 0] - train Epoch 5/24: 1.6% (30/1935)
[2025-11-17 13:53:47][INFO][Rank 0] - train Epoch 5/24: 2.1% (40/1935)
[2025-11-17 13:53:54][INFO][Rank 0] - train Epoch 5/24: 2.6% (50/1935)
[2025-11-17 13:54:01][INFO][Rank 0] - train Epoch 5/24: 3.1% (60/1935)
[2025-11-17 13:54:09][INFO][Rank 0] - train Epoch 5/24: 3.6% (70/1935)
[2025-11-17 13:54:16][INFO][Rank 0] - train Epoch 5/24: 4.1% (80/1935)
[2025-11-17 13:54:23][INFO][Rank 0] - train Epoch 5/24: 4.7% (90/1935)
[2025-11-17 13:54:23][INFO][Rank 0] - CUDA Memory [train][Step 90]: Device 0: Allocated: 3309.6 MB, Reserved: 117540.0 MB (Δ: +1687.0 MB)
[2025-11-17 13:54:30][INFO][Rank 0] - train Epoch 5/24: 5.2% (100/1935)
[2025-11-17 13:54:37][INFO][Rank 0] - train Epoch 5/24: 5.7% (110/1935)
[2025-11-17 13:54:44][INFO][Rank 0] - train Epoch 5/24: 6.2% (120/1935)
[2025-11-17 13:54:51][INFO][Rank 0] - train Epoch 5/24: 6.7% (130/1935)
[2025-11-17 13:54:58][INFO][Rank 0] - train Epoch 5/24: 7.2% (140/1935)
[2025-11-17 13:55:05][INFO][Rank 0] - train Epoch 5/24: 7.8% (150/1935)
[2025-11-17 13:55:12][INFO][Rank 0] - train Epoch 5/24: 8.3% (160/1935)
[2025-11-17 13:55:19][INFO][Rank 0] - train Epoch 5/24: 8.8% (170/1935)
[2025-11-17 13:55:26][INFO][Rank 0] - train Epoch 5/24: 9.3% (180/1935)
[2025-11-17 13:55:27][INFO][Rank 0] - CUDA Memory [train][Step 180]: Device 0: Allocated: 3309.6 MB, Reserved: 117540.0 MB (Δ: +1687.0 MB)
[2025-11-17 13:55:34][INFO][Rank 0] - train Epoch 5/24: 9.8% (190/1935)
[2025-11-17 13:55:41][INFO][Rank 0] - train Epoch 5/24: 10.3% (200/1935)
[2025-11-17 13:55:48][INFO][Rank 0] - train Epoch 5/24: 10.9% (210/1935)
[2025-11-17 13:55:55][INFO][Rank 0] - train Epoch 5/24: 11.4% (220/1935)
[2025-11-17 13:56:02][INFO][Rank 0] - train Epoch 5/24: 11.9% (230/1935)
[2025-11-17 13:56:09][INFO][Rank 0] - train Epoch 5/24: 12.4% (240/1935)
[2025-11-17 13:56:16][INFO][Rank 0] - train Epoch 5/24: 12.9% (250/1935)
[2025-11-17 13:56:23][INFO][Rank 0] - train Epoch 5/24: 13.4% (260/1935)
[2025-11-17 13:56:30][INFO][Rank 0] - train Epoch 5/24: 14.0% (270/1935)
[2025-11-17 13:56:31][INFO][Rank 0] - CUDA Memory [train][Step 270]: Device 0: Allocated: 3309.6 MB, Reserved: 117540.0 MB (Δ: +1687.0 MB)
[2025-11-17 13:56:37][INFO][Rank 0] - train Epoch 5/24: 14.5% (280/1935)
[2025-11-17 13:56:44][INFO][Rank 0] - train Epoch 5/24: 15.0% (290/1935)
[2025-11-17 13:56:51][INFO][Rank 0] - train Epoch 5/24: 15.5% (300/1935)
[2025-11-17 13:56:59][INFO][Rank 0] - train Epoch 5/24: 16.0% (310/1935)
[2025-11-17 13:57:06][INFO][Rank 0] - train Epoch 5/24: 16.5% (320/1935)
[2025-11-17 13:57:13][INFO][Rank 0] - train Epoch 5/24: 17.1% (330/1935)
[2025-11-17 13:57:20][INFO][Rank 0] - train Epoch 5/24: 17.6% (340/1935)
[2025-11-17 13:57:27][INFO][Rank 0] - train Epoch 5/24: 18.1% (350/1935)
[2025-11-17 13:57:34][INFO][Rank 0] - train Epoch 5/24: 18.6% (360/1935)
[2025-11-17 13:57:35][INFO][Rank 0] - CUDA Memory [train][Step 360]: Device 0: Allocated: 3309.6 MB, Reserved: 117540.0 MB (Δ: +1687.0 MB)
[2025-11-17 13:57:41][INFO][Rank 0] - train Epoch 5/24: 19.1% (370/1935)
[2025-11-17 13:57:48][INFO][Rank 0] - train Epoch 5/24: 19.6% (380/1935)
[2025-11-17 13:57:55][INFO][Rank 0] - train Epoch 5/24: 20.2% (390/1935)
[2025-11-17 13:58:02][INFO][Rank 0] - train Epoch 5/24: 20.7% (400/1935)
[2025-11-17 13:58:09][INFO][Rank 0] - train Epoch 5/24: 21.2% (410/1935)
[2025-11-17 13:58:16][INFO][Rank 0] - train Epoch 5/24: 21.7% (420/1935)
[2025-11-17 13:58:24][INFO][Rank 0] - train Epoch 5/24: 22.2% (430/1935)
[2025-11-17 13:58:31][INFO][Rank 0] - train Epoch 5/24: 22.7% (440/1935)
[2025-11-17 13:58:38][INFO][Rank 0] - train Epoch 5/24: 23.3% (450/1935)
[2025-11-17 13:58:38][INFO][Rank 0] - CUDA Memory [train][Step 450]: Device 0: Allocated: 3309.6 MB, Reserved: 117540.0 MB (Δ: +1687.0 MB)
[2025-11-17 13:58:45][INFO][Rank 0] - train Epoch 5/24: 23.8% (460/1935)
[2025-11-17 13:58:52][INFO][Rank 0] - train Epoch 5/24: 24.3% (470/1935)
[2025-11-17 13:58:59][INFO][Rank 0] - train Epoch 5/24: 24.8% (480/1935)
[2025-11-17 13:59:06][INFO][Rank 0] - train Epoch 5/24: 25.3% (490/1935)
[2025-11-17 13:59:13][INFO][Rank 0] - train Epoch 5/24: 25.8% (500/1935)
[2025-11-17 13:59:20][INFO][Rank 0] - train Epoch 5/24: 26.4% (510/1935)
[2025-11-17 13:59:27][INFO][Rank 0] - train Epoch 5/24: 26.9% (520/1935)
[2025-11-17 13:59:34][INFO][Rank 0] - train Epoch 5/24: 27.4% (530/1935)
[2025-11-17 13:59:41][INFO][Rank 0] - train Epoch 5/24: 27.9% (540/1935)
[2025-11-17 13:59:42][INFO][Rank 0] - CUDA Memory [train][Step 540]: Device 0: Allocated: 3309.6 MB, Reserved: 117540.0 MB (Δ: +1687.0 MB)
[2025-11-17 13:59:49][INFO][Rank 0] - train Epoch 5/24: 28.4% (550/1935)
[2025-11-17 13:59:56][INFO][Rank 0] - train Epoch 5/24: 28.9% (560/1935)
[2025-11-17 14:00:03][INFO][Rank 0] - train Epoch 5/24: 29.5% (570/1935)
[2025-11-17 14:00:10][INFO][Rank 0] - train Epoch 5/24: 30.0% (580/1935)
[2025-11-17 14:00:17][INFO][Rank 0] - train Epoch 5/24: 30.5% (590/1935)
[2025-11-17 14:00:24][INFO][Rank 0] - train Epoch 5/24: 31.0% (600/1935)
[2025-11-17 14:00:31][INFO][Rank 0] - train Epoch 5/24: 31.5% (610/1935)
[2025-11-17 14:00:38][INFO][Rank 0] - train Epoch 5/24: 32.0% (620/1935)
[2025-11-17 14:00:45][INFO][Rank 0] - train Epoch 5/24: 32.6% (630/1935)
[2025-11-17 14:00:46][INFO][Rank 0] - CUDA Memory [train][Step 630]: Device 0: Allocated: 3309.6 MB, Reserved: 117540.0 MB (Δ: +1687.0 MB)
[2025-11-17 14:00:52][INFO][Rank 0] - train Epoch 5/24: 33.1% (640/1935)
[2025-11-17 14:00:59][INFO][Rank 0] - train Epoch 5/24: 33.6% (650/1935)
[2025-11-17 14:01:06][INFO][Rank 0] - train Epoch 5/24: 34.1% (660/1935)
[2025-11-17 14:01:14][INFO][Rank 0] - train Epoch 5/24: 34.6% (670/1935)
[2025-11-17 14:01:21][INFO][Rank 0] - train Epoch 5/24: 35.1% (680/1935)
[2025-11-17 14:01:28][INFO][Rank 0] - train Epoch 5/24: 35.7% (690/1935)
[2025-11-17 14:01:35][INFO][Rank 0] - train Epoch 5/24: 36.2% (700/1935)
[2025-11-17 14:01:42][INFO][Rank 0] - train Epoch 5/24: 36.7% (710/1935)
[2025-11-17 14:01:49][INFO][Rank 0] - train Epoch 5/24: 37.2% (720/1935)
[2025-11-17 14:01:50][INFO][Rank 0] - CUDA Memory [train][Step 720]: Device 0: Allocated: 3309.6 MB, Reserved: 117540.0 MB (Δ: +1687.0 MB)
[2025-11-17 14:01:56][INFO][Rank 0] - train Epoch 5/24: 37.7% (730/1935)
[2025-11-17 14:02:03][INFO][Rank 0] - train Epoch 5/24: 38.2% (740/1935)
[2025-11-17 14:02:10][INFO][Rank 0] - train Epoch 5/24: 38.8% (750/1935)
[2025-11-17 14:02:17][INFO][Rank 0] - train Epoch 5/24: 39.3% (760/1935)
[2025-11-17 14:02:24][INFO][Rank 0] - train Epoch 5/24: 39.8% (770/1935)
[2025-11-17 14:02:32][INFO][Rank 0] - train Epoch 5/24: 40.3% (780/1935)
[2025-11-17 14:02:39][INFO][Rank 0] - train Epoch 5/24: 40.8% (790/1935)
[2025-11-17 14:02:46][INFO][Rank 0] - train Epoch 5/24: 41.3% (800/1935)
[2025-11-17 14:02:53][INFO][Rank 0] - train Epoch 5/24: 41.9% (810/1935)
[2025-11-17 14:02:53][INFO][Rank 0] - CUDA Memory [train][Step 810]: Device 0: Allocated: 3309.6 MB, Reserved: 117540.0 MB (Δ: +1687.0 MB)
[2025-11-17 14:03:00][INFO][Rank 0] - train Epoch 5/24: 42.4% (820/1935)
[2025-11-17 14:03:07][INFO][Rank 0] - train Epoch 5/24: 42.9% (830/1935)
[2025-11-17 14:03:14][INFO][Rank 0] - train Epoch 5/24: 43.4% (840/1935)
[2025-11-17 14:03:21][INFO][Rank 0] - train Epoch 5/24: 43.9% (850/1935)
[2025-11-17 14:03:28][INFO][Rank 0] - train Epoch 5/24: 44.4% (860/1935)
[2025-11-17 14:03:35][INFO][Rank 0] - train Epoch 5/24: 45.0% (870/1935)
[2025-11-17 14:03:42][INFO][Rank 0] - train Epoch 5/24: 45.5% (880/1935)
[2025-11-17 14:03:49][INFO][Rank 0] - train Epoch 5/24: 46.0% (890/1935)
[2025-11-17 14:03:57][INFO][Rank 0] - train Epoch 5/24: 46.5% (900/1935)
[2025-11-17 14:03:57][INFO][Rank 0] - CUDA Memory [train][Step 900]: Device 0: Allocated: 3309.6 MB, Reserved: 117540.0 MB (Δ: +1687.0 MB)
[2025-11-17 14:04:04][INFO][Rank 0] - train Epoch 5/24: 47.0% (910/1935)
[2025-11-17 14:04:11][INFO][Rank 0] - train Epoch 5/24: 47.5% (920/1935)
[2025-11-17 14:04:18][INFO][Rank 0] - train Epoch 5/24: 48.1% (930/1935)
[2025-11-17 14:04:25][INFO][Rank 0] - train Epoch 5/24: 48.6% (940/1935)
[2025-11-17 14:04:32][INFO][Rank 0] - train Epoch 5/24: 49.1% (950/1935)
[2025-11-17 14:04:39][INFO][Rank 0] - train Epoch 5/24: 49.6% (960/1935)
[2025-11-17 14:04:46][INFO][Rank 0] - train Epoch 5/24: 50.1% (970/1935)
[2025-11-17 14:04:53][INFO][Rank 0] - train Epoch 5/24: 50.6% (980/1935)
[2025-11-17 14:05:00][INFO][Rank 0] - train Epoch 5/24: 51.2% (990/1935)
[2025-11-17 14:05:01][INFO][Rank 0] - CUDA Memory [train][Step 990]: Device 0: Allocated: 3309.6 MB, Reserved: 117540.0 MB (Δ: +1687.0 MB)
[2025-11-17 14:05:07][INFO][Rank 0] - train Epoch 5/24: 51.7% (1000/1935)
[2025-11-17 14:05:14][INFO][Rank 0] - train Epoch 5/24: 52.2% (1010/1935)
[2025-11-17 14:05:22][INFO][Rank 0] - train Epoch 5/24: 52.7% (1020/1935)
[2025-11-17 14:05:29][INFO][Rank 0] - train Epoch 5/24: 53.2% (1030/1935)
[2025-11-17 14:05:36][INFO][Rank 0] - train Epoch 5/24: 53.7% (1040/1935)
[2025-11-17 14:05:43][INFO][Rank 0] - train Epoch 5/24: 54.3% (1050/1935)
[2025-11-17 14:05:50][INFO][Rank 0] - train Epoch 5/24: 54.8% (1060/1935)
[2025-11-17 14:05:57][INFO][Rank 0] - train Epoch 5/24: 55.3% (1070/1935)
[2025-11-17 14:06:04][INFO][Rank 0] - train Epoch 5/24: 55.8% (1080/1935)
[2025-11-17 14:06:05][INFO][Rank 0] - CUDA Memory [train][Step 1080]: Device 0: Allocated: 3309.6 MB, Reserved: 117540.0 MB (Δ: +1687.0 MB)
[2025-11-17 14:06:11][INFO][Rank 0] - train Epoch 5/24: 56.3% (1090/1935)
[2025-11-17 14:06:18][INFO][Rank 0] - train Epoch 5/24: 56.8% (1100/1935)
[2025-11-17 14:06:25][INFO][Rank 0] - train Epoch 5/24: 57.4% (1110/1935)
[2025-11-17 14:06:32][INFO][Rank 0] - train Epoch 5/24: 57.9% (1120/1935)
[2025-11-17 14:06:39][INFO][Rank 0] - train Epoch 5/24: 58.4% (1130/1935)
[2025-11-17 14:06:47][INFO][Rank 0] - train Epoch 5/24: 58.9% (1140/1935)
[2025-11-17 14:06:54][INFO][Rank 0] - train Epoch 5/24: 59.4% (1150/1935)
[2025-11-17 14:07:01][INFO][Rank 0] - train Epoch 5/24: 59.9% (1160/1935)
[2025-11-17 14:07:08][INFO][Rank 0] - train Epoch 5/24: 60.5% (1170/1935)
[2025-11-17 14:07:08][INFO][Rank 0] - CUDA Memory [train][Step 1170]: Device 0: Allocated: 3309.6 MB, Reserved: 117540.0 MB (Δ: +1687.0 MB)
[2025-11-17 14:07:15][INFO][Rank 0] - train Epoch 5/24: 61.0% (1180/1935)
[2025-11-17 14:07:22][INFO][Rank 0] - train Epoch 5/24: 61.5% (1190/1935)
[2025-11-17 14:07:29][INFO][Rank 0] - train Epoch 5/24: 62.0% (1200/1935)
[2025-11-17 14:07:36][INFO][Rank 0] - train Epoch 5/24: 62.5% (1210/1935)
[2025-11-17 14:07:43][INFO][Rank 0] - train Epoch 5/24: 63.0% (1220/1935)
[2025-11-17 14:07:50][INFO][Rank 0] - train Epoch 5/24: 63.6% (1230/1935)
[2025-11-17 14:07:57][INFO][Rank 0] - train Epoch 5/24: 64.1% (1240/1935)
[2025-11-17 14:08:04][INFO][Rank 0] - train Epoch 5/24: 64.6% (1250/1935)
[2025-11-17 14:08:12][INFO][Rank 0] - train Epoch 5/24: 65.1% (1260/1935)
[2025-11-17 14:08:12][INFO][Rank 0] - CUDA Memory [train][Step 1260]: Device 0: Allocated: 3309.6 MB, Reserved: 117540.0 MB (Δ: +1687.0 MB)
[2025-11-17 14:08:19][INFO][Rank 0] - train Epoch 5/24: 65.6% (1270/1935)
[2025-11-17 14:08:26][INFO][Rank 0] - train Epoch 5/24: 66.1% (1280/1935)
[2025-11-17 14:08:33][INFO][Rank 0] - train Epoch 5/24: 66.7% (1290/1935)
[2025-11-17 14:08:40][INFO][Rank 0] - train Epoch 5/24: 67.2% (1300/1935)
[2025-11-17 14:08:47][INFO][Rank 0] - train Epoch 5/24: 67.7% (1310/1935)
[2025-11-17 14:08:54][INFO][Rank 0] - train Epoch 5/24: 68.2% (1320/1935)
[2025-11-17 14:09:01][INFO][Rank 0] - train Epoch 5/24: 68.7% (1330/1935)
[2025-11-17 14:09:08][INFO][Rank 0] - train Epoch 5/24: 69.3% (1340/1935)
[2025-11-17 14:09:15][INFO][Rank 0] - train Epoch 5/24: 69.8% (1350/1935)
[2025-11-17 14:09:16][INFO][Rank 0] - CUDA Memory [train][Step 1350]: Device 0: Allocated: 3309.6 MB, Reserved: 117540.0 MB (Δ: +1687.0 MB)
[2025-11-17 14:09:22][INFO][Rank 0] - train Epoch 5/24: 70.3% (1360/1935)
[2025-11-17 14:09:29][INFO][Rank 0] - train Epoch 5/24: 70.8% (1370/1935)
[2025-11-17 14:09:37][INFO][Rank 0] - train Epoch 5/24: 71.3% (1380/1935)
[2025-11-17 14:09:44][INFO][Rank 0] - train Epoch 5/24: 71.8% (1390/1935)
[2025-11-17 14:09:51][INFO][Rank 0] - train Epoch 5/24: 72.4% (1400/1935)
[2025-11-17 14:09:58][INFO][Rank 0] - train Epoch 5/24: 72.9% (1410/1935)
[2025-11-17 14:10:05][INFO][Rank 0] - train Epoch 5/24: 73.4% (1420/1935)
[2025-11-17 14:10:12][INFO][Rank 0] - train Epoch 5/24: 73.9% (1430/1935)
[2025-11-17 14:10:19][INFO][Rank 0] - train Epoch 5/24: 74.4% (1440/1935)
[2025-11-17 14:10:20][INFO][Rank 0] - CUDA Memory [train][Step 1440]: Device 0: Allocated: 3309.6 MB, Reserved: 117540.0 MB (Δ: +1687.0 MB)
[2025-11-17 14:10:26][INFO][Rank 0] - train Epoch 5/24: 74.9% (1450/1935)
[2025-11-17 14:10:33][INFO][Rank 0] - train Epoch 5/24: 75.5% (1460/1935)
[2025-11-17 14:10:40][INFO][Rank 0] - train Epoch 5/24: 76.0% (1470/1935)
[2025-11-17 14:10:47][INFO][Rank 0] - train Epoch 5/24: 76.5% (1480/1935)
[2025-11-17 14:10:54][INFO][Rank 0] - train Epoch 5/24: 77.0% (1490/1935)
[2025-11-17 14:11:02][INFO][Rank 0] - train Epoch 5/24: 77.5% (1500/1935)
[2025-11-17 14:11:09][INFO][Rank 0] - train Epoch 5/24: 78.0% (1510/1935)
[2025-11-17 14:11:16][INFO][Rank 0] - train Epoch 5/24: 78.6% (1520/1935)
[2025-11-17 14:11:23][INFO][Rank 0] - train Epoch 5/24: 79.1% (1530/1935)
[2025-11-17 14:11:23][INFO][Rank 0] - CUDA Memory [train][Step 1530]: Device 0: Allocated: 3309.6 MB, Reserved: 117540.0 MB (Δ: +1687.0 MB)
[2025-11-17 14:11:30][INFO][Rank 0] - train Epoch 5/24: 79.6% (1540/1935)
[2025-11-17 14:11:37][INFO][Rank 0] - train Epoch 5/24: 80.1% (1550/1935)
[2025-11-17 14:11:44][INFO][Rank 0] - train Epoch 5/24: 80.6% (1560/1935)
[2025-11-17 14:11:51][INFO][Rank 0] - train Epoch 5/24: 81.1% (1570/1935)
[2025-11-17 14:11:58][INFO][Rank 0] - train Epoch 5/24: 81.7% (1580/1935)
[2025-11-17 14:12:05][INFO][Rank 0] - train Epoch 5/24: 82.2% (1590/1935)
[2025-11-17 14:12:12][INFO][Rank 0] - train Epoch 5/24: 82.7% (1600/1935)
[2025-11-17 14:12:19][INFO][Rank 0] - train Epoch 5/24: 83.2% (1610/1935)
[2025-11-17 14:12:27][INFO][Rank 0] - train Epoch 5/24: 83.7% (1620/1935)
[2025-11-17 14:12:27][INFO][Rank 0] - CUDA Memory [train][Step 1620]: Device 0: Allocated: 3309.6 MB, Reserved: 117540.0 MB (Δ: +1687.0 MB)
[2025-11-17 14:12:34][INFO][Rank 0] - train Epoch 5/24: 84.2% (1630/1935)
[2025-11-17 14:12:41][INFO][Rank 0] - train Epoch 5/24: 84.8% (1640/1935)
[2025-11-17 14:12:48][INFO][Rank 0] - train Epoch 5/24: 85.3% (1650/1935)
[2025-11-17 14:12:55][INFO][Rank 0] - train Epoch 5/24: 85.8% (1660/1935)
[2025-11-17 14:13:02][INFO][Rank 0] - train Epoch 5/24: 86.3% (1670/1935)
[2025-11-17 14:13:09][INFO][Rank 0] - train Epoch 5/24: 86.8% (1680/1935)
[2025-11-17 14:13:16][INFO][Rank 0] - train Epoch 5/24: 87.3% (1690/1935)
[2025-11-17 14:13:23][INFO][Rank 0] - train Epoch 5/24: 87.9% (1700/1935)
[2025-11-17 14:13:30][INFO][Rank 0] - train Epoch 5/24: 88.4% (1710/1935)
[2025-11-17 14:13:31][INFO][Rank 0] - CUDA Memory [train][Step 1710]: Device 0: Allocated: 3309.6 MB, Reserved: 117540.0 MB (Δ: +1687.0 MB)
[2025-11-17 14:13:37][INFO][Rank 0] - train Epoch 5/24: 88.9% (1720/1935)
[2025-11-17 14:13:44][INFO][Rank 0] - train Epoch 5/24: 89.4% (1730/1935)
[2025-11-17 14:13:52][INFO][Rank 0] - train Epoch 5/24: 89.9% (1740/1935)
[2025-11-17 14:13:59][INFO][Rank 0] - train Epoch 5/24: 90.4% (1750/1935)
[2025-11-17 14:14:06][INFO][Rank 0] - train Epoch 5/24: 91.0% (1760/1935)
[2025-11-17 14:14:13][INFO][Rank 0] - train Epoch 5/24: 91.5% (1770/1935)
[2025-11-17 14:14:20][INFO][Rank 0] - train Epoch 5/24: 92.0% (1780/1935)
[2025-11-17 14:14:27][INFO][Rank 0] - train Epoch 5/24: 92.5% (1790/1935)
[2025-11-17 14:14:34][INFO][Rank 0] - train Epoch 5/24: 93.0% (1800/1935)
[2025-11-17 14:14:35][INFO][Rank 0] - CUDA Memory [train][Step 1800]: Device 0: Allocated: 3309.6 MB, Reserved: 117540.0 MB (Δ: +1687.0 MB)
[2025-11-17 14:14:41][INFO][Rank 0] - train Epoch 5/24: 93.5% (1810/1935)
[2025-11-17 14:14:48][INFO][Rank 0] - train Epoch 5/24: 94.1% (1820/1935)
[2025-11-17 14:14:55][INFO][Rank 0] - train Epoch 5/24: 94.6% (1830/1935)
[2025-11-17 14:15:02][INFO][Rank 0] - train Epoch 5/24: 95.1% (1840/1935)
[2025-11-17 14:15:09][INFO][Rank 0] - train Epoch 5/24: 95.6% (1850/1935)
[2025-11-17 14:15:17][INFO][Rank 0] - train Epoch 5/24: 96.1% (1860/1935)
[2025-11-17 14:15:24][INFO][Rank 0] - train Epoch 5/24: 96.6% (1870/1935)
[2025-11-17 14:15:31][INFO][Rank 0] - train Epoch 5/24: 97.2% (1880/1935)
[2025-11-17 14:15:38][INFO][Rank 0] - train Epoch 5/24: 97.7% (1890/1935)
[2025-11-17 14:15:39][INFO][Rank 0] - CUDA Memory [train][Step 1890]: Device 0: Allocated: 3309.6 MB, Reserved: 117540.0 MB (Δ: +1687.0 MB)
[2025-11-17 14:15:45][INFO][Rank 0] - train Epoch 5/24: 98.2% (1900/1935)
[2025-11-17 14:15:52][INFO][Rank 0] - train Epoch 5/24: 98.7% (1910/1935)
[2025-11-17 14:15:59][INFO][Rank 0] - train Epoch 5/24: 99.2% (1920/1935)
[2025-11-17 14:16:06][INFO][Rank 0] - train Epoch 5/24: 99.7% (1930/1935)
[2025-11-17 14:16:09][INFO][Rank 0] - train Epoch 5/24: 99.9% (1934/1935)
[2025-11-17 14:16:10][INFO][Rank 0] - train Loss: 0.1739 Acc: 0.9746 F1: 0.9869
[2025-11-17 14:16:10][INFO][Rank 0] - train Balanced Acc: 0.8656 AUC-ROC: 0.9645
[2025-11-17 14:16:10][INFO][Rank 0] - train Sensitivity: 0.9802 Specificity: 0.7511
[2025-11-17 14:16:10][INFO][Rank 0] - train Confusion Matrix: TP=18503, FP=118, FN=373, TN=356
[2025-11-17 14:16:10][INFO][Rank 0] - train completed in 1371.36s
[2025-11-17 14:16:10][INFO][Rank 0] - Data loading time: 1.33s, Forward time: 279.05s, Backward time: 743.62s
[2025-11-17 14:16:10][INFO][Rank 0] - train cache: 0/1 items, hit rate: 0.00%
[2025-11-17 14:16:10][INFO][Rank 0] - CUDA Memory [val][Step 0]: Device 0: Allocated: 3309.6 MB, Reserved: 117540.0 MB (Δ: +1687.0 MB)
[2025-11-17 14:16:10][INFO][Rank 0] - val phase: total 412 batches
[2025-11-17 14:16:10][INFO][Rank 0] - val Epoch 5/24: 0.0% (0/412)
[2025-11-17 14:16:15][INFO][Rank 0] - val Epoch 5/24: 2.4% (10/412)
[2025-11-17 14:16:20][INFO][Rank 0] - val Epoch 5/24: 4.9% (20/412)
[2025-11-17 14:16:25][INFO][Rank 0] - val Epoch 5/24: 7.3% (30/412)
[2025-11-17 14:16:30][INFO][Rank 0] - val Epoch 5/24: 9.7% (40/412)
[2025-11-17 14:16:35][INFO][Rank 0] - val Epoch 5/24: 12.1% (50/412)
[2025-11-17 14:16:40][INFO][Rank 0] - val Epoch 5/24: 14.6% (60/412)
[2025-11-17 14:16:46][INFO][Rank 0] - val Epoch 5/24: 17.0% (70/412)
[2025-11-17 14:16:51][INFO][Rank 0] - val Epoch 5/24: 19.4% (80/412)
[2025-11-17 14:16:56][INFO][Rank 0] - val Epoch 5/24: 21.8% (90/412)
[2025-11-17 14:17:01][INFO][Rank 0] - val Epoch 5/24: 24.3% (100/412)
[2025-11-17 14:17:06][INFO][Rank 0] - val Epoch 5/24: 26.7% (110/412)
[2025-11-17 14:17:11][INFO][Rank 0] - val Epoch 5/24: 29.1% (120/412)
[2025-11-17 14:17:12][INFO][Rank 0] - CUDA Memory [val][Step 120]: Device 0: Allocated: 3309.6 MB, Reserved: 117540.0 MB (Δ: +1687.0 MB)
[2025-11-17 14:17:16][INFO][Rank 0] - val Epoch 5/24: 31.6% (130/412)
[2025-11-17 14:17:21][INFO][Rank 0] - val Epoch 5/24: 34.0% (140/412)
[2025-11-17 14:17:26][INFO][Rank 0] - val Epoch 5/24: 36.4% (150/412)
[2025-11-17 14:17:31][INFO][Rank 0] - val Epoch 5/24: 38.8% (160/412)
[2025-11-17 14:17:37][INFO][Rank 0] - val Epoch 5/24: 41.3% (170/412)
[2025-11-17 14:17:42][INFO][Rank 0] - val Epoch 5/24: 43.7% (180/412)
[2025-11-17 14:17:47][INFO][Rank 0] - val Epoch 5/24: 46.1% (190/412)
[2025-11-17 14:17:52][INFO][Rank 0] - val Epoch 5/24: 48.5% (200/412)
[2025-11-17 14:17:57][INFO][Rank 0] - val Epoch 5/24: 51.0% (210/412)
[2025-11-17 14:18:02][INFO][Rank 0] - val Epoch 5/24: 53.4% (220/412)
[2025-11-17 14:18:07][INFO][Rank 0] - val Epoch 5/24: 55.8% (230/412)
[2025-11-17 14:18:12][INFO][Rank 0] - val Epoch 5/24: 58.3% (240/412)
[2025-11-17 14:18:13][INFO][Rank 0] - CUDA Memory [val][Step 240]: Device 0: Allocated: 3309.6 MB, Reserved: 117540.0 MB (Δ: +1687.0 MB)
[2025-11-17 14:18:17][INFO][Rank 0] - val Epoch 5/24: 60.7% (250/412)
[2025-11-17 14:18:22][INFO][Rank 0] - val Epoch 5/24: 63.1% (260/412)
[2025-11-17 14:18:28][INFO][Rank 0] - val Epoch 5/24: 65.5% (270/412)
[2025-11-17 14:18:33][INFO][Rank 0] - val Epoch 5/24: 68.0% (280/412)
[2025-11-17 14:18:38][INFO][Rank 0] - val Epoch 5/24: 70.4% (290/412)
[2025-11-17 14:18:43][INFO][Rank 0] - val Epoch 5/24: 72.8% (300/412)
[2025-11-17 14:18:48][INFO][Rank 0] - val Epoch 5/24: 75.2% (310/412)
[2025-11-17 14:18:53][INFO][Rank 0] - val Epoch 5/24: 77.7% (320/412)
[2025-11-17 14:18:58][INFO][Rank 0] - val Epoch 5/24: 80.1% (330/412)
[2025-11-17 14:19:03][INFO][Rank 0] - val Epoch 5/24: 82.5% (340/412)
[2025-11-17 14:19:08][INFO][Rank 0] - val Epoch 5/24: 85.0% (350/412)
[2025-11-17 14:19:13][INFO][Rank 0] - val Epoch 5/24: 87.4% (360/412)
[2025-11-17 14:19:14][INFO][Rank 0] - CUDA Memory [val][Step 360]: Device 0: Allocated: 3309.6 MB, Reserved: 117540.0 MB (Δ: +1687.0 MB)
[2025-11-17 14:19:19][INFO][Rank 0] - val Epoch 5/24: 89.8% (370/412)
[2025-11-17 14:19:24][INFO][Rank 0] - val Epoch 5/24: 92.2% (380/412)
[2025-11-17 14:19:29][INFO][Rank 0] - val Epoch 5/24: 94.7% (390/412)
[2025-11-17 14:19:34][INFO][Rank 0] - val Epoch 5/24: 97.1% (400/412)
[2025-11-17 14:19:39][INFO][Rank 0] - val Epoch 5/24: 99.5% (410/412)
[2025-11-17 14:19:39][INFO][Rank 0] - val Epoch 5/24: 99.8% (411/412)
[2025-11-17 14:19:40][INFO][Rank 0] - val Loss: 0.1218 Acc: 0.9740 F1: 0.9866
[2025-11-17 14:19:40][INFO][Rank 0] - val Balanced Acc: 0.8138 AUC-ROC: 0.9774
[2025-11-17 14:19:40][INFO][Rank 0] - val Sensitivity: 0.9828 Specificity: 0.6449
[2025-11-17 14:19:40][INFO][Rank 0] - val Confusion Matrix: TP=3944, FP=38, FN=69, TN=69
[2025-11-17 14:19:40][INFO][Rank 0] - val completed in 210.23s
[2025-11-17 14:19:40][INFO][Rank 0] - val cache: 0/1 items, hit rate: 0.00%
[2025-11-17 14:19:44][INFO][Rank 0] - Saved new best balanced_acc model with balanced_acc: 0.8138 at /projects/retprogression/rgarridogarcia/checkpoints/cropped1024_cropped_centered_wt_allR_2/best_balanced_acc_model.pth
[2025-11-17 14:19:48][INFO][Rank 0] - Also saved as general best model at /projects/retprogression/rgarridogarcia/checkpoints/cropped1024_cropped_centered_wt_allR_2/best_model.pth
[2025-11-17 14:19:52][INFO][Rank 0] - Saved new best auc model with auc: 0.9774 at /projects/retprogression/rgarridogarcia/checkpoints/cropped1024_cropped_centered_wt_allR_2/best_auc_model.pth
[2025-11-17 14:19:55][INFO][Rank 0] - Saved epoch checkpoint at /projects/retprogression/rgarridogarcia/checkpoints/cropped1024_cropped_centered_wt_allR_2/epoch_5.pth
[2025-11-17 14:19:55][INFO][Rank 0] - Epoch 5 summary:
[2025-11-17 14:19:55][INFO][Rank 0] -  Train Loss: 0.1739, Train Acc: 0.9746, Train F1: 0.9869
[2025-11-17 14:19:55][INFO][Rank 0] -  Train Balanced Acc: 0.8656, Train AUC: 0.9645
[2025-11-17 14:19:55][INFO][Rank 0] -  Train Sensitivity: 0.9802, Train Specificity: 0.7511
[2025-11-17 14:19:55][INFO][Rank 0] -  Val Loss: 0.1218, Val Acc: 0.9740, Val F1: 0.9866
[2025-11-17 14:19:55][INFO][Rank 0] -  Val Balanced Acc: 0.8138, Val AUC: 0.9774
[2025-11-17 14:19:55][INFO][Rank 0] -  Val Sensitivity: 0.9828, Val Specificity: 0.6449
[2025-11-17 14:19:55][INFO][Rank 0] -  Total Epoch Time: 1596.76s
[2025-11-17 14:19:55][INFO][Rank 0] - Epoch 6/24
[2025-11-17 14:19:55][INFO][Rank 0] - ----------
[2025-11-17 14:19:55][INFO][Rank 0] - CUDA Memory [train][Step 0]: Device 0: Allocated: 3309.6 MB, Reserved: 117540.0 MB (Δ: +1687.0 MB)
[2025-11-17 14:19:55][INFO][Rank 0] - train phase: total 1935 batches
[2025-11-17 14:19:56][INFO][Rank 0] - train Epoch 6/24: 0.0% (0/1935)
[2025-11-17 14:20:03][INFO][Rank 0] - train Epoch 6/24: 0.5% (10/1935)
[2025-11-17 14:20:10][INFO][Rank 0] - train Epoch 6/24: 1.0% (20/1935)
[2025-11-17 14:20:17][INFO][Rank 0] - train Epoch 6/24: 1.6% (30/1935)
[2025-11-17 14:20:24][INFO][Rank 0] - train Epoch 6/24: 2.1% (40/1935)
[2025-11-17 14:20:31][INFO][Rank 0] - train Epoch 6/24: 2.6% (50/1935)
[2025-11-17 14:20:38][INFO][Rank 0] - train Epoch 6/24: 3.1% (60/1935)
[2025-11-17 14:20:45][INFO][Rank 0] - train Epoch 6/24: 3.6% (70/1935)
[2025-11-17 14:20:52][INFO][Rank 0] - train Epoch 6/24: 4.1% (80/1935)
[2025-11-17 14:20:59][INFO][Rank 0] - train Epoch 6/24: 4.7% (90/1935)
[2025-11-17 14:21:00][INFO][Rank 0] - CUDA Memory [train][Step 90]: Device 0: Allocated: 3309.6 MB, Reserved: 117540.0 MB (Δ: +1687.0 MB)
[2025-11-17 14:21:06][INFO][Rank 0] - train Epoch 6/24: 5.2% (100/1935)
[2025-11-17 14:21:14][INFO][Rank 0] - train Epoch 6/24: 5.7% (110/1935)
[2025-11-17 14:21:21][INFO][Rank 0] - train Epoch 6/24: 6.2% (120/1935)
[2025-11-17 14:21:28][INFO][Rank 0] - train Epoch 6/24: 6.7% (130/1935)
[2025-11-17 14:21:35][INFO][Rank 0] - train Epoch 6/24: 7.2% (140/1935)
[2025-11-17 14:21:42][INFO][Rank 0] - train Epoch 6/24: 7.8% (150/1935)
[2025-11-17 14:21:49][INFO][Rank 0] - train Epoch 6/24: 8.3% (160/1935)
[2025-11-17 14:21:56][INFO][Rank 0] - train Epoch 6/24: 8.8% (170/1935)
[2025-11-17 14:22:03][INFO][Rank 0] - train Epoch 6/24: 9.3% (180/1935)
[2025-11-17 14:22:04][INFO][Rank 0] - CUDA Memory [train][Step 180]: Device 0: Allocated: 3309.6 MB, Reserved: 117540.0 MB (Δ: +1687.0 MB)
[2025-11-17 14:22:10][INFO][Rank 0] - train Epoch 6/24: 9.8% (190/1935)
[2025-11-17 14:22:17][INFO][Rank 0] - train Epoch 6/24: 10.3% (200/1935)
[2025-11-17 14:22:24][INFO][Rank 0] - train Epoch 6/24: 10.9% (210/1935)
[2025-11-17 14:22:31][INFO][Rank 0] - train Epoch 6/24: 11.4% (220/1935)
[2025-11-17 14:22:39][INFO][Rank 0] - train Epoch 6/24: 11.9% (230/1935)
[2025-11-17 14:22:46][INFO][Rank 0] - train Epoch 6/24: 12.4% (240/1935)
[2025-11-17 14:22:53][INFO][Rank 0] - train Epoch 6/24: 12.9% (250/1935)
[2025-11-17 14:23:00][INFO][Rank 0] - train Epoch 6/24: 13.4% (260/1935)
[2025-11-17 14:23:07][INFO][Rank 0] - train Epoch 6/24: 14.0% (270/1935)
[2025-11-17 14:23:08][INFO][Rank 0] - CUDA Memory [train][Step 270]: Device 0: Allocated: 3309.6 MB, Reserved: 117540.0 MB (Δ: +1687.0 MB)
[2025-11-17 14:23:14][INFO][Rank 0] - train Epoch 6/24: 14.5% (280/1935)
[2025-11-17 14:23:21][INFO][Rank 0] - train Epoch 6/24: 15.0% (290/1935)
[2025-11-17 14:23:28][INFO][Rank 0] - train Epoch 6/24: 15.5% (300/1935)
[2025-11-17 14:23:35][INFO][Rank 0] - train Epoch 6/24: 16.0% (310/1935)
[2025-11-17 14:23:42][INFO][Rank 0] - train Epoch 6/24: 16.5% (320/1935)
[2025-11-17 14:23:49][INFO][Rank 0] - train Epoch 6/24: 17.1% (330/1935)
[2025-11-17 14:23:56][INFO][Rank 0] - train Epoch 6/24: 17.6% (340/1935)
[2025-11-17 14:24:04][INFO][Rank 0] - train Epoch 6/24: 18.1% (350/1935)
[2025-11-17 14:24:11][INFO][Rank 0] - train Epoch 6/24: 18.6% (360/1935)
[2025-11-17 14:24:11][INFO][Rank 0] - CUDA Memory [train][Step 360]: Device 0: Allocated: 3309.6 MB, Reserved: 117540.0 MB (Δ: +1687.0 MB)
[2025-11-17 14:24:18][INFO][Rank 0] - train Epoch 6/24: 19.1% (370/1935)
[2025-11-17 14:24:25][INFO][Rank 0] - train Epoch 6/24: 19.6% (380/1935)
[2025-11-17 14:24:32][INFO][Rank 0] - train Epoch 6/24: 20.2% (390/1935)
[2025-11-17 14:24:39][INFO][Rank 0] - train Epoch 6/24: 20.7% (400/1935)
[2025-11-17 14:24:46][INFO][Rank 0] - train Epoch 6/24: 21.2% (410/1935)
[2025-11-17 14:24:53][INFO][Rank 0] - train Epoch 6/24: 21.7% (420/1935)
[2025-11-17 14:25:00][INFO][Rank 0] - train Epoch 6/24: 22.2% (430/1935)
[2025-11-17 14:25:07][INFO][Rank 0] - train Epoch 6/24: 22.7% (440/1935)
[2025-11-17 14:25:14][INFO][Rank 0] - train Epoch 6/24: 23.3% (450/1935)
[2025-11-17 14:25:15][INFO][Rank 0] - CUDA Memory [train][Step 450]: Device 0: Allocated: 3309.6 MB, Reserved: 117540.0 MB (Δ: +1687.0 MB)
[2025-11-17 14:25:21][INFO][Rank 0] - train Epoch 6/24: 23.8% (460/1935)
[2025-11-17 14:25:29][INFO][Rank 0] - train Epoch 6/24: 24.3% (470/1935)
[2025-11-17 14:25:36][INFO][Rank 0] - train Epoch 6/24: 24.8% (480/1935)
[2025-11-17 14:25:43][INFO][Rank 0] - train Epoch 6/24: 25.3% (490/1935)
[2025-11-17 14:25:50][INFO][Rank 0] - train Epoch 6/24: 25.8% (500/1935)
[2025-11-17 14:25:57][INFO][Rank 0] - train Epoch 6/24: 26.4% (510/1935)
[2025-11-17 14:26:04][INFO][Rank 0] - train Epoch 6/24: 26.9% (520/1935)
[2025-11-17 14:26:11][INFO][Rank 0] - train Epoch 6/24: 27.4% (530/1935)
[2025-11-17 14:26:18][INFO][Rank 0] - train Epoch 6/24: 27.9% (540/1935)
[2025-11-17 14:26:19][INFO][Rank 0] - CUDA Memory [train][Step 540]: Device 0: Allocated: 3309.6 MB, Reserved: 117540.0 MB (Δ: +1687.0 MB)
[2025-11-17 14:26:25][INFO][Rank 0] - train Epoch 6/24: 28.4% (550/1935)
[2025-11-17 14:26:32][INFO][Rank 0] - train Epoch 6/24: 28.9% (560/1935)
[2025-11-17 14:26:39][INFO][Rank 0] - train Epoch 6/24: 29.5% (570/1935)
[2025-11-17 14:26:46][INFO][Rank 0] - train Epoch 6/24: 30.0% (580/1935)
[2025-11-17 14:26:54][INFO][Rank 0] - train Epoch 6/24: 30.5% (590/1935)
[2025-11-17 14:27:01][INFO][Rank 0] - train Epoch 6/24: 31.0% (600/1935)
[2025-11-17 14:27:08][INFO][Rank 0] - train Epoch 6/24: 31.5% (610/1935)
[2025-11-17 14:27:15][INFO][Rank 0] - train Epoch 6/24: 32.0% (620/1935)
[2025-11-17 14:27:22][INFO][Rank 0] - train Epoch 6/24: 32.6% (630/1935)
[2025-11-17 14:27:23][INFO][Rank 0] - CUDA Memory [train][Step 630]: Device 0: Allocated: 3309.6 MB, Reserved: 117540.0 MB (Δ: +1687.0 MB)
[2025-11-17 14:27:29][INFO][Rank 0] - train Epoch 6/24: 33.1% (640/1935)
[2025-11-17 14:27:36][INFO][Rank 0] - train Epoch 6/24: 33.6% (650/1935)
[2025-11-17 14:27:43][INFO][Rank 0] - train Epoch 6/24: 34.1% (660/1935)
[2025-11-17 14:27:50][INFO][Rank 0] - train Epoch 6/24: 34.6% (670/1935)
[2025-11-17 14:27:57][INFO][Rank 0] - train Epoch 6/24: 35.1% (680/1935)
[2025-11-17 14:28:04][INFO][Rank 0] - train Epoch 6/24: 35.7% (690/1935)
[2025-11-17 14:28:11][INFO][Rank 0] - train Epoch 6/24: 36.2% (700/1935)
[2025-11-17 14:28:19][INFO][Rank 0] - train Epoch 6/24: 36.7% (710/1935)
[2025-11-17 14:28:26][INFO][Rank 0] - train Epoch 6/24: 37.2% (720/1935)
[2025-11-17 14:28:26][INFO][Rank 0] - CUDA Memory [train][Step 720]: Device 0: Allocated: 3309.6 MB, Reserved: 117540.0 MB (Δ: +1687.0 MB)
[2025-11-17 14:28:33][INFO][Rank 0] - train Epoch 6/24: 37.7% (730/1935)
[2025-11-17 14:28:40][INFO][Rank 0] - train Epoch 6/24: 38.2% (740/1935)
[2025-11-17 14:28:47][INFO][Rank 0] - train Epoch 6/24: 38.8% (750/1935)
[2025-11-17 14:28:54][INFO][Rank 0] - train Epoch 6/24: 39.3% (760/1935)
[2025-11-17 14:29:01][INFO][Rank 0] - train Epoch 6/24: 39.8% (770/1935)
[2025-11-17 14:29:08][INFO][Rank 0] - train Epoch 6/24: 40.3% (780/1935)
[2025-11-17 14:29:15][INFO][Rank 0] - train Epoch 6/24: 40.8% (790/1935)
[2025-11-17 14:29:22][INFO][Rank 0] - train Epoch 6/24: 41.3% (800/1935)
[2025-11-17 14:29:29][INFO][Rank 0] - train Epoch 6/24: 41.9% (810/1935)
[2025-11-17 14:29:30][INFO][Rank 0] - CUDA Memory [train][Step 810]: Device 0: Allocated: 3309.6 MB, Reserved: 117540.0 MB (Δ: +1687.0 MB)
[2025-11-17 14:29:36][INFO][Rank 0] - train Epoch 6/24: 42.4% (820/1935)
[2025-11-17 14:29:43][INFO][Rank 0] - train Epoch 6/24: 42.9% (830/1935)
[2025-11-17 14:29:51][INFO][Rank 0] - train Epoch 6/24: 43.4% (840/1935)
[2025-11-17 14:29:58][INFO][Rank 0] - train Epoch 6/24: 43.9% (850/1935)
[2025-11-17 14:30:05][INFO][Rank 0] - train Epoch 6/24: 44.4% (860/1935)
[2025-11-17 14:30:12][INFO][Rank 0] - train Epoch 6/24: 45.0% (870/1935)
[2025-11-17 14:30:19][INFO][Rank 0] - train Epoch 6/24: 45.5% (880/1935)
[2025-11-17 14:30:26][INFO][Rank 0] - train Epoch 6/24: 46.0% (890/1935)
[2025-11-17 14:30:33][INFO][Rank 0] - train Epoch 6/24: 46.5% (900/1935)
[2025-11-17 14:30:34][INFO][Rank 0] - CUDA Memory [train][Step 900]: Device 0: Allocated: 3309.6 MB, Reserved: 117540.0 MB (Δ: +1687.0 MB)
[2025-11-17 14:30:40][INFO][Rank 0] - train Epoch 6/24: 47.0% (910/1935)
[2025-11-17 14:30:47][INFO][Rank 0] - train Epoch 6/24: 47.5% (920/1935)
[2025-11-17 14:30:54][INFO][Rank 0] - train Epoch 6/24: 48.1% (930/1935)
[2025-11-17 14:31:01][INFO][Rank 0] - train Epoch 6/24: 48.6% (940/1935)
[2025-11-17 14:31:08][INFO][Rank 0] - train Epoch 6/24: 49.1% (950/1935)
[2025-11-17 14:31:16][INFO][Rank 0] - train Epoch 6/24: 49.6% (960/1935)
[2025-11-17 14:31:23][INFO][Rank 0] - train Epoch 6/24: 50.1% (970/1935)
[2025-11-17 14:31:30][INFO][Rank 0] - train Epoch 6/24: 50.6% (980/1935)
[2025-11-17 14:31:37][INFO][Rank 0] - train Epoch 6/24: 51.2% (990/1935)
[2025-11-17 14:31:38][INFO][Rank 0] - CUDA Memory [train][Step 990]: Device 0: Allocated: 3309.6 MB, Reserved: 117540.0 MB (Δ: +1687.0 MB)
[2025-11-17 14:31:44][INFO][Rank 0] - train Epoch 6/24: 51.7% (1000/1935)
[2025-11-17 14:31:51][INFO][Rank 0] - train Epoch 6/24: 52.2% (1010/1935)
[2025-11-17 14:31:58][INFO][Rank 0] - train Epoch 6/24: 52.7% (1020/1935)
[2025-11-17 14:32:05][INFO][Rank 0] - train Epoch 6/24: 53.2% (1030/1935)
[2025-11-17 14:32:12][INFO][Rank 0] - train Epoch 6/24: 53.7% (1040/1935)
[2025-11-17 14:32:19][INFO][Rank 0] - train Epoch 6/24: 54.3% (1050/1935)
[2025-11-17 14:32:26][INFO][Rank 0] - train Epoch 6/24: 54.8% (1060/1935)
[2025-11-17 14:32:33][INFO][Rank 0] - train Epoch 6/24: 55.3% (1070/1935)
[2025-11-17 14:32:41][INFO][Rank 0] - train Epoch 6/24: 55.8% (1080/1935)
[2025-11-17 14:32:41][INFO][Rank 0] - CUDA Memory [train][Step 1080]: Device 0: Allocated: 3309.6 MB, Reserved: 117540.0 MB (Δ: +1687.0 MB)
[2025-11-17 14:32:48][INFO][Rank 0] - train Epoch 6/24: 56.3% (1090/1935)
[2025-11-17 14:32:55][INFO][Rank 0] - train Epoch 6/24: 56.8% (1100/1935)
[2025-11-17 14:33:02][INFO][Rank 0] - train Epoch 6/24: 57.4% (1110/1935)
[2025-11-17 14:33:09][INFO][Rank 0] - train Epoch 6/24: 57.9% (1120/1935)
[2025-11-17 14:33:16][INFO][Rank 0] - train Epoch 6/24: 58.4% (1130/1935)
[2025-11-17 14:33:23][INFO][Rank 0] - train Epoch 6/24: 58.9% (1140/1935)
[2025-11-17 14:33:30][INFO][Rank 0] - train Epoch 6/24: 59.4% (1150/1935)
[2025-11-17 14:33:37][INFO][Rank 0] - train Epoch 6/24: 59.9% (1160/1935)
[2025-11-17 14:33:44][INFO][Rank 0] - train Epoch 6/24: 60.5% (1170/1935)
[2025-11-17 14:33:45][INFO][Rank 0] - CUDA Memory [train][Step 1170]: Device 0: Allocated: 3309.6 MB, Reserved: 117540.0 MB (Δ: +1687.0 MB)
[2025-11-17 14:33:51][INFO][Rank 0] - train Epoch 6/24: 61.0% (1180/1935)
[2025-11-17 14:33:58][INFO][Rank 0] - train Epoch 6/24: 61.5% (1190/1935)
[2025-11-17 14:34:06][INFO][Rank 0] - train Epoch 6/24: 62.0% (1200/1935)
[2025-11-17 14:34:13][INFO][Rank 0] - train Epoch 6/24: 62.5% (1210/1935)
[2025-11-17 14:34:20][INFO][Rank 0] - train Epoch 6/24: 63.0% (1220/1935)
[2025-11-17 14:34:27][INFO][Rank 0] - train Epoch 6/24: 63.6% (1230/1935)
[2025-11-17 14:34:34][INFO][Rank 0] - train Epoch 6/24: 64.1% (1240/1935)
[2025-11-17 14:34:41][INFO][Rank 0] - train Epoch 6/24: 64.6% (1250/1935)
[2025-11-17 14:34:48][INFO][Rank 0] - train Epoch 6/24: 65.1% (1260/1935)
[2025-11-17 14:34:49][INFO][Rank 0] - CUDA Memory [train][Step 1260]: Device 0: Allocated: 3309.6 MB, Reserved: 117540.0 MB (Δ: +1687.0 MB)
[2025-11-17 14:34:55][INFO][Rank 0] - train Epoch 6/24: 65.6% (1270/1935)
[2025-11-17 14:35:02][INFO][Rank 0] - train Epoch 6/24: 66.1% (1280/1935)
[2025-11-17 14:35:09][INFO][Rank 0] - train Epoch 6/24: 66.7% (1290/1935)
[2025-11-17 14:35:16][INFO][Rank 0] - train Epoch 6/24: 67.2% (1300/1935)
[2025-11-17 14:35:23][INFO][Rank 0] - train Epoch 6/24: 67.7% (1310/1935)
[2025-11-17 14:35:31][INFO][Rank 0] - train Epoch 6/24: 68.2% (1320/1935)
[2025-11-17 14:35:38][INFO][Rank 0] - train Epoch 6/24: 68.7% (1330/1935)
[2025-11-17 14:35:45][INFO][Rank 0] - train Epoch 6/24: 69.3% (1340/1935)
[2025-11-17 14:35:52][INFO][Rank 0] - train Epoch 6/24: 69.8% (1350/1935)
[2025-11-17 14:35:52][INFO][Rank 0] - CUDA Memory [train][Step 1350]: Device 0: Allocated: 3309.6 MB, Reserved: 117540.0 MB (Δ: +1687.0 MB)
[2025-11-17 14:35:59][INFO][Rank 0] - train Epoch 6/24: 70.3% (1360/1935)
[2025-11-17 14:36:06][INFO][Rank 0] - train Epoch 6/24: 70.8% (1370/1935)
[2025-11-17 14:36:13][INFO][Rank 0] - train Epoch 6/24: 71.3% (1380/1935)
[2025-11-17 14:36:20][INFO][Rank 0] - train Epoch 6/24: 71.8% (1390/1935)
[2025-11-17 14:36:27][INFO][Rank 0] - train Epoch 6/24: 72.4% (1400/1935)
[2025-11-17 14:36:34][INFO][Rank 0] - train Epoch 6/24: 72.9% (1410/1935)
[2025-11-17 14:36:41][INFO][Rank 0] - train Epoch 6/24: 73.4% (1420/1935)
[2025-11-17 14:36:48][INFO][Rank 0] - train Epoch 6/24: 73.9% (1430/1935)
[2025-11-17 14:36:56][INFO][Rank 0] - train Epoch 6/24: 74.4% (1440/1935)
[2025-11-17 14:36:56][INFO][Rank 0] - CUDA Memory [train][Step 1440]: Device 0: Allocated: 3309.6 MB, Reserved: 117540.0 MB (Δ: +1687.0 MB)
[2025-11-17 14:37:03][INFO][Rank 0] - train Epoch 6/24: 74.9% (1450/1935)
[2025-11-17 14:37:10][INFO][Rank 0] - train Epoch 6/24: 75.5% (1460/1935)
[2025-11-17 14:37:17][INFO][Rank 0] - train Epoch 6/24: 76.0% (1470/1935)
[2025-11-17 14:37:24][INFO][Rank 0] - train Epoch 6/24: 76.5% (1480/1935)
[2025-11-17 14:37:31][INFO][Rank 0] - train Epoch 6/24: 77.0% (1490/1935)
[2025-11-17 14:37:38][INFO][Rank 0] - train Epoch 6/24: 77.5% (1500/1935)
[2025-11-17 14:37:45][INFO][Rank 0] - train Epoch 6/24: 78.0% (1510/1935)
[2025-11-17 14:37:52][INFO][Rank 0] - train Epoch 6/24: 78.6% (1520/1935)
[2025-11-17 14:37:59][INFO][Rank 0] - train Epoch 6/24: 79.1% (1530/1935)
[2025-11-17 14:38:00][INFO][Rank 0] - CUDA Memory [train][Step 1530]: Device 0: Allocated: 3309.6 MB, Reserved: 117540.0 MB (Δ: +1687.0 MB)
[2025-11-17 14:38:06][INFO][Rank 0] - train Epoch 6/24: 79.6% (1540/1935)
[2025-11-17 14:38:13][INFO][Rank 0] - train Epoch 6/24: 80.1% (1550/1935)
[2025-11-17 14:38:20][INFO][Rank 0] - train Epoch 6/24: 80.6% (1560/1935)
[2025-11-17 14:38:28][INFO][Rank 0] - train Epoch 6/24: 81.1% (1570/1935)
[2025-11-17 14:38:35][INFO][Rank 0] - train Epoch 6/24: 81.7% (1580/1935)
[2025-11-17 14:38:42][INFO][Rank 0] - train Epoch 6/24: 82.2% (1590/1935)
[2025-11-17 14:38:49][INFO][Rank 0] - train Epoch 6/24: 82.7% (1600/1935)
[2025-11-17 14:38:56][INFO][Rank 0] - train Epoch 6/24: 83.2% (1610/1935)
[2025-11-17 14:39:03][INFO][Rank 0] - train Epoch 6/24: 83.7% (1620/1935)
[2025-11-17 14:39:04][INFO][Rank 0] - CUDA Memory [train][Step 1620]: Device 0: Allocated: 3309.6 MB, Reserved: 117540.0 MB (Δ: +1687.0 MB)
[2025-11-17 14:39:10][INFO][Rank 0] - train Epoch 6/24: 84.2% (1630/1935)
[2025-11-17 14:39:17][INFO][Rank 0] - train Epoch 6/24: 84.8% (1640/1935)
[2025-11-17 14:39:24][INFO][Rank 0] - train Epoch 6/24: 85.3% (1650/1935)
[2025-11-17 14:39:31][INFO][Rank 0] - train Epoch 6/24: 85.8% (1660/1935)
[2025-11-17 14:39:38][INFO][Rank 0] - train Epoch 6/24: 86.3% (1670/1935)
[2025-11-17 14:39:45][INFO][Rank 0] - train Epoch 6/24: 86.8% (1680/1935)
[2025-11-17 14:39:53][INFO][Rank 0] - train Epoch 6/24: 87.3% (1690/1935)
[2025-11-17 14:40:00][INFO][Rank 0] - train Epoch 6/24: 87.9% (1700/1935)
[2025-11-17 14:40:07][INFO][Rank 0] - train Epoch 6/24: 88.4% (1710/1935)
[2025-11-17 14:40:07][INFO][Rank 0] - CUDA Memory [train][Step 1710]: Device 0: Allocated: 3309.6 MB, Reserved: 117540.0 MB (Δ: +1687.0 MB)
[2025-11-17 14:40:14][INFO][Rank 0] - train Epoch 6/24: 88.9% (1720/1935)
[2025-11-17 14:40:21][INFO][Rank 0] - train Epoch 6/24: 89.4% (1730/1935)
[2025-11-17 14:40:28][INFO][Rank 0] - train Epoch 6/24: 89.9% (1740/1935)
[2025-11-17 14:40:35][INFO][Rank 0] - train Epoch 6/24: 90.4% (1750/1935)
[2025-11-17 14:40:42][INFO][Rank 0] - train Epoch 6/24: 91.0% (1760/1935)
[2025-11-17 14:40:49][INFO][Rank 0] - train Epoch 6/24: 91.5% (1770/1935)
[2025-11-17 14:40:56][INFO][Rank 0] - train Epoch 6/24: 92.0% (1780/1935)
[2025-11-17 14:41:03][INFO][Rank 0] - train Epoch 6/24: 92.5% (1790/1935)
[2025-11-17 14:41:10][INFO][Rank 0] - train Epoch 6/24: 93.0% (1800/1935)
[2025-11-17 14:41:11][INFO][Rank 0] - CUDA Memory [train][Step 1800]: Device 0: Allocated: 3309.6 MB, Reserved: 117540.0 MB (Δ: +1687.0 MB)
[2025-11-17 14:41:18][INFO][Rank 0] - train Epoch 6/24: 93.5% (1810/1935)
[2025-11-17 14:41:25][INFO][Rank 0] - train Epoch 6/24: 94.1% (1820/1935)
[2025-11-17 14:41:32][INFO][Rank 0] - train Epoch 6/24: 94.6% (1830/1935)
[2025-11-17 14:41:39][INFO][Rank 0] - train Epoch 6/24: 95.1% (1840/1935)
[2025-11-17 14:41:46][INFO][Rank 0] - train Epoch 6/24: 95.6% (1850/1935)
[2025-11-17 14:41:53][INFO][Rank 0] - train Epoch 6/24: 96.1% (1860/1935)
[2025-11-17 14:42:00][INFO][Rank 0] - train Epoch 6/24: 96.6% (1870/1935)
[2025-11-17 14:42:07][INFO][Rank 0] - train Epoch 6/24: 97.2% (1880/1935)
[2025-11-17 14:42:14][INFO][Rank 0] - train Epoch 6/24: 97.7% (1890/1935)
[2025-11-17 14:42:15][INFO][Rank 0] - CUDA Memory [train][Step 1890]: Device 0: Allocated: 3309.6 MB, Reserved: 117540.0 MB (Δ: +1687.0 MB)
[2025-11-17 14:42:21][INFO][Rank 0] - train Epoch 6/24: 98.2% (1900/1935)
[2025-11-17 14:42:28][INFO][Rank 0] - train Epoch 6/24: 98.7% (1910/1935)
[2025-11-17 14:42:35][INFO][Rank 0] - train Epoch 6/24: 99.2% (1920/1935)
[2025-11-17 14:42:43][INFO][Rank 0] - train Epoch 6/24: 99.7% (1930/1935)
[2025-11-17 14:42:45][INFO][Rank 0] - train Epoch 6/24: 99.9% (1934/1935)
[2025-11-17 14:42:46][INFO][Rank 0] - train Loss: 0.1641 Acc: 0.9740 F1: 0.9865
[2025-11-17 14:42:46][INFO][Rank 0] - train Balanced Acc: 0.8871 AUC-ROC: 0.9643
[2025-11-17 14:42:46][INFO][Rank 0] - train Sensitivity: 0.9784 Specificity: 0.7958
[2025-11-17 14:42:46][INFO][Rank 0] - train Confusion Matrix: TP=18468, FP=97, FN=407, TN=378
[2025-11-17 14:42:46][INFO][Rank 0] - train completed in 1370.98s
[2025-11-17 14:42:46][INFO][Rank 0] - Data loading time: 1.26s, Forward time: 278.80s, Backward time: 743.63s
[2025-11-17 14:42:46][INFO][Rank 0] - train cache: 0/1 items, hit rate: 0.00%
[2025-11-17 14:42:46][INFO][Rank 0] - CUDA Memory [val][Step 0]: Device 0: Allocated: 3309.6 MB, Reserved: 117540.0 MB (Δ: +1687.0 MB)
[2025-11-17 14:42:46][INFO][Rank 0] - val phase: total 412 batches
[2025-11-17 14:42:46][INFO][Rank 0] - val Epoch 6/24: 0.0% (0/412)
[2025-11-17 14:42:51][INFO][Rank 0] - val Epoch 6/24: 2.4% (10/412)
[2025-11-17 14:42:57][INFO][Rank 0] - val Epoch 6/24: 4.9% (20/412)
[2025-11-17 14:43:02][INFO][Rank 0] - val Epoch 6/24: 7.3% (30/412)
[2025-11-17 14:43:07][INFO][Rank 0] - val Epoch 6/24: 9.7% (40/412)
[2025-11-17 14:43:12][INFO][Rank 0] - val Epoch 6/24: 12.1% (50/412)
[2025-11-17 14:43:17][INFO][Rank 0] - val Epoch 6/24: 14.6% (60/412)
[2025-11-17 14:43:22][INFO][Rank 0] - val Epoch 6/24: 17.0% (70/412)
[2025-11-17 14:43:27][INFO][Rank 0] - val Epoch 6/24: 19.4% (80/412)
[2025-11-17 14:43:32][INFO][Rank 0] - val Epoch 6/24: 21.8% (90/412)
[2025-11-17 14:43:37][INFO][Rank 0] - val Epoch 6/24: 24.3% (100/412)
[2025-11-17 14:43:42][INFO][Rank 0] - val Epoch 6/24: 26.7% (110/412)
[2025-11-17 14:43:47][INFO][Rank 0] - val Epoch 6/24: 29.1% (120/412)
[2025-11-17 14:43:48][INFO][Rank 0] - CUDA Memory [val][Step 120]: Device 0: Allocated: 3309.6 MB, Reserved: 117540.0 MB (Δ: +1687.0 MB)
[2025-11-17 14:43:53][INFO][Rank 0] - val Epoch 6/24: 31.6% (130/412)
[2025-11-17 14:43:58][INFO][Rank 0] - val Epoch 6/24: 34.0% (140/412)
[2025-11-17 14:44:03][INFO][Rank 0] - val Epoch 6/24: 36.4% (150/412)
[2025-11-17 14:44:08][INFO][Rank 0] - val Epoch 6/24: 38.8% (160/412)
[2025-11-17 14:44:13][INFO][Rank 0] - val Epoch 6/24: 41.3% (170/412)
[2025-11-17 14:44:18][INFO][Rank 0] - val Epoch 6/24: 43.7% (180/412)
[2025-11-17 14:44:23][INFO][Rank 0] - val Epoch 6/24: 46.1% (190/412)
[2025-11-17 14:44:28][INFO][Rank 0] - val Epoch 6/24: 48.5% (200/412)
[2025-11-17 14:44:33][INFO][Rank 0] - val Epoch 6/24: 51.0% (210/412)
[2025-11-17 14:44:38][INFO][Rank 0] - val Epoch 6/24: 53.4% (220/412)
[2025-11-17 14:44:43][INFO][Rank 0] - val Epoch 6/24: 55.8% (230/412)
[2025-11-17 14:44:49][INFO][Rank 0] - val Epoch 6/24: 58.3% (240/412)
[2025-11-17 14:44:49][INFO][Rank 0] - CUDA Memory [val][Step 240]: Device 0: Allocated: 3309.6 MB, Reserved: 117540.0 MB (Δ: +1687.0 MB)
[2025-11-17 14:44:54][INFO][Rank 0] - val Epoch 6/24: 60.7% (250/412)
[2025-11-17 14:44:59][INFO][Rank 0] - val Epoch 6/24: 63.1% (260/412)
[2025-11-17 14:45:04][INFO][Rank 0] - val Epoch 6/24: 65.5% (270/412)
[2025-11-17 14:45:09][INFO][Rank 0] - val Epoch 6/24: 68.0% (280/412)
[2025-11-17 14:45:14][INFO][Rank 0] - val Epoch 6/24: 70.4% (290/412)
[2025-11-17 14:45:19][INFO][Rank 0] - val Epoch 6/24: 72.8% (300/412)
[2025-11-17 14:45:24][INFO][Rank 0] - val Epoch 6/24: 75.2% (310/412)
[2025-11-17 14:45:29][INFO][Rank 0] - val Epoch 6/24: 77.7% (320/412)
[2025-11-17 14:45:34][INFO][Rank 0] - val Epoch 6/24: 80.1% (330/412)
[2025-11-17 14:45:39][INFO][Rank 0] - val Epoch 6/24: 82.5% (340/412)
[2025-11-17 14:45:44][INFO][Rank 0] - val Epoch 6/24: 85.0% (350/412)
[2025-11-17 14:45:50][INFO][Rank 0] - val Epoch 6/24: 87.4% (360/412)
[2025-11-17 14:45:50][INFO][Rank 0] - CUDA Memory [val][Step 360]: Device 0: Allocated: 3309.6 MB, Reserved: 117540.0 MB (Δ: +1687.0 MB)
[2025-11-17 14:45:55][INFO][Rank 0] - val Epoch 6/24: 89.8% (370/412)
[2025-11-17 14:46:00][INFO][Rank 0] - val Epoch 6/24: 92.2% (380/412)
[2025-11-17 14:46:05][INFO][Rank 0] - val Epoch 6/24: 94.7% (390/412)
[2025-11-17 14:46:10][INFO][Rank 0] - val Epoch 6/24: 97.1% (400/412)
[2025-11-17 14:46:15][INFO][Rank 0] - val Epoch 6/24: 99.5% (410/412)
[2025-11-17 14:46:15][INFO][Rank 0] - val Epoch 6/24: 99.8% (411/412)
[2025-11-17 14:46:16][INFO][Rank 0] - val Loss: 0.1200 Acc: 0.9774 F1: 0.9884
[2025-11-17 14:46:16][INFO][Rank 0] - val Balanced Acc: 0.8065 AUC-ROC: 0.9784
[2025-11-17 14:46:16][INFO][Rank 0] - val Sensitivity: 0.9868 Specificity: 0.6262
[2025-11-17 14:46:16][INFO][Rank 0] - val Confusion Matrix: TP=3960, FP=40, FN=53, TN=67
[2025-11-17 14:46:16][INFO][Rank 0] - val completed in 209.95s
[2025-11-17 14:46:16][INFO][Rank 0] - val cache: 0/1 items, hit rate: 0.00%
[2025-11-17 14:46:20][INFO][Rank 0] - Saved new best auc model with auc: 0.9784 at /projects/retprogression/rgarridogarcia/checkpoints/cropped1024_cropped_centered_wt_allR_2/best_auc_model.pth
[2025-11-17 14:46:24][INFO][Rank 0] - Saved epoch checkpoint at /projects/retprogression/rgarridogarcia/checkpoints/cropped1024_cropped_centered_wt_allR_2/epoch_6.pth
[2025-11-17 14:46:24][INFO][Rank 0] - Epoch 6 summary:
[2025-11-17 14:46:24][INFO][Rank 0] -  Train Loss: 0.1641, Train Acc: 0.9740, Train F1: 0.9865
[2025-11-17 14:46:24][INFO][Rank 0] -  Train Balanced Acc: 0.8871, Train AUC: 0.9643
[2025-11-17 14:46:24][INFO][Rank 0] -  Train Sensitivity: 0.9784, Train Specificity: 0.7958
[2025-11-17 14:46:24][INFO][Rank 0] -  Val Loss: 0.1200, Val Acc: 0.9774, Val F1: 0.9884
[2025-11-17 14:46:24][INFO][Rank 0] -  Val Balanced Acc: 0.8065, Val AUC: 0.9784
[2025-11-17 14:46:24][INFO][Rank 0] -  Val Sensitivity: 0.9868, Val Specificity: 0.6262
[2025-11-17 14:46:24][INFO][Rank 0] -  Total Epoch Time: 1588.52s
[2025-11-17 14:46:24][INFO][Rank 0] - Epoch 7/24
[2025-11-17 14:46:24][INFO][Rank 0] - ----------
[2025-11-17 14:46:24][INFO][Rank 0] - CUDA Memory [train][Step 0]: Device 0: Allocated: 3309.6 MB, Reserved: 117540.0 MB (Δ: +1687.0 MB)
[2025-11-17 14:46:24][INFO][Rank 0] - train phase: total 1935 batches
[2025-11-17 14:46:24][INFO][Rank 0] - train Epoch 7/24: 0.0% (0/1935)
[2025-11-17 14:46:31][INFO][Rank 0] - train Epoch 7/24: 0.5% (10/1935)
[2025-11-17 14:46:38][INFO][Rank 0] - train Epoch 7/24: 1.0% (20/1935)
[2025-11-17 14:46:45][INFO][Rank 0] - train Epoch 7/24: 1.6% (30/1935)
[2025-11-17 14:46:53][INFO][Rank 0] - train Epoch 7/24: 2.1% (40/1935)
[2025-11-17 14:47:00][INFO][Rank 0] - train Epoch 7/24: 2.6% (50/1935)
[2025-11-17 14:47:07][INFO][Rank 0] - train Epoch 7/24: 3.1% (60/1935)
[2025-11-17 14:47:14][INFO][Rank 0] - train Epoch 7/24: 3.6% (70/1935)
[2025-11-17 14:47:21][INFO][Rank 0] - train Epoch 7/24: 4.1% (80/1935)
[2025-11-17 14:47:28][INFO][Rank 0] - train Epoch 7/24: 4.7% (90/1935)
[2025-11-17 14:47:29][INFO][Rank 0] - CUDA Memory [train][Step 90]: Device 0: Allocated: 3309.6 MB, Reserved: 117540.0 MB (Δ: +1687.0 MB)
[2025-11-17 14:47:35][INFO][Rank 0] - train Epoch 7/24: 5.2% (100/1935)
[2025-11-17 14:47:42][INFO][Rank 0] - train Epoch 7/24: 5.7% (110/1935)
[2025-11-17 14:47:49][INFO][Rank 0] - train Epoch 7/24: 6.2% (120/1935)
[2025-11-17 14:47:56][INFO][Rank 0] - train Epoch 7/24: 6.7% (130/1935)
[2025-11-17 14:48:03][INFO][Rank 0] - train Epoch 7/24: 7.2% (140/1935)
[2025-11-17 14:48:11][INFO][Rank 0] - train Epoch 7/24: 7.8% (150/1935)
[2025-11-17 14:48:18][INFO][Rank 0] - train Epoch 7/24: 8.3% (160/1935)
[2025-11-17 14:48:25][INFO][Rank 0] - train Epoch 7/24: 8.8% (170/1935)
[2025-11-17 14:48:32][INFO][Rank 0] - train Epoch 7/24: 9.3% (180/1935)
[2025-11-17 14:48:32][INFO][Rank 0] - CUDA Memory [train][Step 180]: Device 0: Allocated: 3309.6 MB, Reserved: 117540.0 MB (Δ: +1687.0 MB)
[2025-11-17 14:48:39][INFO][Rank 0] - train Epoch 7/24: 9.8% (190/1935)
[2025-11-17 14:48:46][INFO][Rank 0] - train Epoch 7/24: 10.3% (200/1935)
[2025-11-17 14:48:53][INFO][Rank 0] - train Epoch 7/24: 10.9% (210/1935)
[2025-11-17 14:49:00][INFO][Rank 0] - train Epoch 7/24: 11.4% (220/1935)
[2025-11-17 14:49:07][INFO][Rank 0] - train Epoch 7/24: 11.9% (230/1935)
[2025-11-17 14:49:14][INFO][Rank 0] - train Epoch 7/24: 12.4% (240/1935)
[2025-11-17 14:49:21][INFO][Rank 0] - train Epoch 7/24: 12.9% (250/1935)
[2025-11-17 14:49:28][INFO][Rank 0] - train Epoch 7/24: 13.4% (260/1935)
[2025-11-17 14:49:35][INFO][Rank 0] - train Epoch 7/24: 14.0% (270/1935)
[2025-11-17 14:49:36][INFO][Rank 0] - CUDA Memory [train][Step 270]: Device 0: Allocated: 3309.6 MB, Reserved: 117540.0 MB (Δ: +1687.0 MB)
[2025-11-17 14:49:43][INFO][Rank 0] - train Epoch 7/24: 14.5% (280/1935)
[2025-11-17 14:49:50][INFO][Rank 0] - train Epoch 7/24: 15.0% (290/1935)
[2025-11-17 14:49:57][INFO][Rank 0] - train Epoch 7/24: 15.5% (300/1935)
[2025-11-17 14:50:04][INFO][Rank 0] - train Epoch 7/24: 16.0% (310/1935)
[2025-11-17 14:50:11][INFO][Rank 0] - train Epoch 7/24: 16.5% (320/1935)
[2025-11-17 14:50:18][INFO][Rank 0] - train Epoch 7/24: 17.1% (330/1935)
[2025-11-17 14:50:25][INFO][Rank 0] - train Epoch 7/24: 17.6% (340/1935)
[2025-11-17 14:50:32][INFO][Rank 0] - train Epoch 7/24: 18.1% (350/1935)
[2025-11-17 14:50:39][INFO][Rank 0] - train Epoch 7/24: 18.6% (360/1935)
[2025-11-17 14:50:40][INFO][Rank 0] - CUDA Memory [train][Step 360]: Device 0: Allocated: 3309.6 MB, Reserved: 117540.0 MB (Δ: +1687.0 MB)
[2025-11-17 14:50:46][INFO][Rank 0] - train Epoch 7/24: 19.1% (370/1935)
[2025-11-17 14:50:53][INFO][Rank 0] - train Epoch 7/24: 19.6% (380/1935)
[2025-11-17 14:51:00][INFO][Rank 0] - train Epoch 7/24: 20.2% (390/1935)
[2025-11-17 14:51:08][INFO][Rank 0] - train Epoch 7/24: 20.7% (400/1935)
[2025-11-17 14:51:15][INFO][Rank 0] - train Epoch 7/24: 21.2% (410/1935)
[2025-11-17 14:51:22][INFO][Rank 0] - train Epoch 7/24: 21.7% (420/1935)
[2025-11-17 14:51:29][INFO][Rank 0] - train Epoch 7/24: 22.2% (430/1935)
[2025-11-17 14:51:36][INFO][Rank 0] - train Epoch 7/24: 22.7% (440/1935)
[2025-11-17 14:51:43][INFO][Rank 0] - train Epoch 7/24: 23.3% (450/1935)
[2025-11-17 14:51:44][INFO][Rank 0] - CUDA Memory [train][Step 450]: Device 0: Allocated: 3309.6 MB, Reserved: 117540.0 MB (Δ: +1687.0 MB)
[2025-11-17 14:51:50][INFO][Rank 0] - train Epoch 7/24: 23.8% (460/1935)
[2025-11-17 14:51:57][INFO][Rank 0] - train Epoch 7/24: 24.3% (470/1935)
[2025-11-17 14:52:04][INFO][Rank 0] - train Epoch 7/24: 24.8% (480/1935)
[2025-11-17 14:52:11][INFO][Rank 0] - train Epoch 7/24: 25.3% (490/1935)
[2025-11-17 14:52:18][INFO][Rank 0] - train Epoch 7/24: 25.8% (500/1935)
[2025-11-17 14:52:25][INFO][Rank 0] - train Epoch 7/24: 26.4% (510/1935)
[2025-11-17 14:52:32][INFO][Rank 0] - train Epoch 7/24: 26.9% (520/1935)
[2025-11-17 14:52:40][INFO][Rank 0] - train Epoch 7/24: 27.4% (530/1935)
[2025-11-17 14:52:47][INFO][Rank 0] - train Epoch 7/24: 27.9% (540/1935)
[2025-11-17 14:52:47][INFO][Rank 0] - CUDA Memory [train][Step 540]: Device 0: Allocated: 3309.6 MB, Reserved: 117540.0 MB (Δ: +1687.0 MB)
[2025-11-17 14:52:54][INFO][Rank 0] - train Epoch 7/24: 28.4% (550/1935)
[2025-11-17 14:53:01][INFO][Rank 0] - train Epoch 7/24: 28.9% (560/1935)
[2025-11-17 14:53:08][INFO][Rank 0] - train Epoch 7/24: 29.5% (570/1935)
[2025-11-17 14:53:15][INFO][Rank 0] - train Epoch 7/24: 30.0% (580/1935)
[2025-11-17 14:53:22][INFO][Rank 0] - train Epoch 7/24: 30.5% (590/1935)
[2025-11-17 14:53:29][INFO][Rank 0] - train Epoch 7/24: 31.0% (600/1935)
[2025-11-17 14:53:36][INFO][Rank 0] - train Epoch 7/24: 31.5% (610/1935)
[2025-11-17 14:53:43][INFO][Rank 0] - train Epoch 7/24: 32.0% (620/1935)
[2025-11-17 14:53:50][INFO][Rank 0] - train Epoch 7/24: 32.6% (630/1935)
[2025-11-17 14:53:51][INFO][Rank 0] - CUDA Memory [train][Step 630]: Device 0: Allocated: 3309.6 MB, Reserved: 117540.0 MB (Δ: +1687.0 MB)
[2025-11-17 14:53:57][INFO][Rank 0] - train Epoch 7/24: 33.1% (640/1935)
[2025-11-17 14:54:05][INFO][Rank 0] - train Epoch 7/24: 33.6% (650/1935)
[2025-11-17 14:54:12][INFO][Rank 0] - train Epoch 7/24: 34.1% (660/1935)
[2025-11-17 14:54:19][INFO][Rank 0] - train Epoch 7/24: 34.6% (670/1935)
[2025-11-17 14:54:26][INFO][Rank 0] - train Epoch 7/24: 35.1% (680/1935)
[2025-11-17 14:54:33][INFO][Rank 0] - train Epoch 7/24: 35.7% (690/1935)
[2025-11-17 14:54:40][INFO][Rank 0] - train Epoch 7/24: 36.2% (700/1935)
[2025-11-17 14:54:47][INFO][Rank 0] - train Epoch 7/24: 36.7% (710/1935)
[2025-11-17 14:54:54][INFO][Rank 0] - train Epoch 7/24: 37.2% (720/1935)
[2025-11-17 14:54:55][INFO][Rank 0] - CUDA Memory [train][Step 720]: Device 0: Allocated: 3309.6 MB, Reserved: 117540.0 MB (Δ: +1687.0 MB)
[2025-11-17 14:55:01][INFO][Rank 0] - train Epoch 7/24: 37.7% (730/1935)
[2025-11-17 14:55:08][INFO][Rank 0] - train Epoch 7/24: 38.2% (740/1935)
[2025-11-17 14:55:15][INFO][Rank 0] - train Epoch 7/24: 38.8% (750/1935)
[2025-11-17 14:55:22][INFO][Rank 0] - train Epoch 7/24: 39.3% (760/1935)
[2025-11-17 14:55:29][INFO][Rank 0] - train Epoch 7/24: 39.8% (770/1935)
[2025-11-17 14:55:37][INFO][Rank 0] - train Epoch 7/24: 40.3% (780/1935)
[2025-11-17 14:55:44][INFO][Rank 0] - train Epoch 7/24: 40.8% (790/1935)
[2025-11-17 14:55:51][INFO][Rank 0] - train Epoch 7/24: 41.3% (800/1935)
[2025-11-17 14:55:58][INFO][Rank 0] - train Epoch 7/24: 41.9% (810/1935)
[2025-11-17 14:55:58][INFO][Rank 0] - CUDA Memory [train][Step 810]: Device 0: Allocated: 3309.6 MB, Reserved: 117540.0 MB (Δ: +1687.0 MB)
[2025-11-17 14:56:05][INFO][Rank 0] - train Epoch 7/24: 42.4% (820/1935)
[2025-11-17 14:56:12][INFO][Rank 0] - train Epoch 7/24: 42.9% (830/1935)
[2025-11-17 14:56:19][INFO][Rank 0] - train Epoch 7/24: 43.4% (840/1935)
[2025-11-17 14:56:26][INFO][Rank 0] - train Epoch 7/24: 43.9% (850/1935)
[2025-11-17 14:56:33][INFO][Rank 0] - train Epoch 7/24: 44.4% (860/1935)
[2025-11-17 14:56:40][INFO][Rank 0] - train Epoch 7/24: 45.0% (870/1935)
[2025-11-17 14:56:47][INFO][Rank 0] - train Epoch 7/24: 45.5% (880/1935)
[2025-11-17 14:56:54][INFO][Rank 0] - train Epoch 7/24: 46.0% (890/1935)
[2025-11-17 14:57:02][INFO][Rank 0] - train Epoch 7/24: 46.5% (900/1935)
[2025-11-17 14:57:02][INFO][Rank 0] - CUDA Memory [train][Step 900]: Device 0: Allocated: 3309.6 MB, Reserved: 117540.0 MB (Δ: +1687.0 MB)
[2025-11-17 14:57:09][INFO][Rank 0] - train Epoch 7/24: 47.0% (910/1935)
[2025-11-17 14:57:16][INFO][Rank 0] - train Epoch 7/24: 47.5% (920/1935)
[2025-11-17 14:57:23][INFO][Rank 0] - train Epoch 7/24: 48.1% (930/1935)
[2025-11-17 14:57:30][INFO][Rank 0] - train Epoch 7/24: 48.6% (940/1935)
[2025-11-17 14:57:37][INFO][Rank 0] - train Epoch 7/24: 49.1% (950/1935)
[2025-11-17 14:57:44][INFO][Rank 0] - train Epoch 7/24: 49.6% (960/1935)
[2025-11-17 14:57:51][INFO][Rank 0] - train Epoch 7/24: 50.1% (970/1935)
[2025-11-17 14:57:58][INFO][Rank 0] - train Epoch 7/24: 50.6% (980/1935)
[2025-11-17 14:58:05][INFO][Rank 0] - train Epoch 7/24: 51.2% (990/1935)
[2025-11-17 14:58:06][INFO][Rank 0] - CUDA Memory [train][Step 990]: Device 0: Allocated: 3309.6 MB, Reserved: 117540.0 MB (Δ: +1687.0 MB)
[2025-11-17 14:58:12][INFO][Rank 0] - train Epoch 7/24: 51.7% (1000/1935)
[2025-11-17 14:58:19][INFO][Rank 0] - train Epoch 7/24: 52.2% (1010/1935)
[2025-11-17 14:58:26][INFO][Rank 0] - train Epoch 7/24: 52.7% (1020/1935)
[2025-11-17 14:58:34][INFO][Rank 0] - train Epoch 7/24: 53.2% (1030/1935)
[2025-11-17 14:58:41][INFO][Rank 0] - train Epoch 7/24: 53.7% (1040/1935)
[2025-11-17 14:58:48][INFO][Rank 0] - train Epoch 7/24: 54.3% (1050/1935)
[2025-11-17 14:58:55][INFO][Rank 0] - train Epoch 7/24: 54.8% (1060/1935)
[2025-11-17 14:59:02][INFO][Rank 0] - train Epoch 7/24: 55.3% (1070/1935)
[2025-11-17 14:59:09][INFO][Rank 0] - train Epoch 7/24: 55.8% (1080/1935)
[2025-11-17 14:59:10][INFO][Rank 0] - CUDA Memory [train][Step 1080]: Device 0: Allocated: 3309.6 MB, Reserved: 117540.0 MB (Δ: +1687.0 MB)
[2025-11-17 14:59:16][INFO][Rank 0] - train Epoch 7/24: 56.3% (1090/1935)
[2025-11-17 14:59:23][INFO][Rank 0] - train Epoch 7/24: 56.8% (1100/1935)
[2025-11-17 14:59:30][INFO][Rank 0] - train Epoch 7/24: 57.4% (1110/1935)
[2025-11-17 14:59:37][INFO][Rank 0] - train Epoch 7/24: 57.9% (1120/1935)
[2025-11-17 14:59:44][INFO][Rank 0] - train Epoch 7/24: 58.4% (1130/1935)
[2025-11-17 14:59:51][INFO][Rank 0] - train Epoch 7/24: 58.9% (1140/1935)
[2025-11-17 14:59:59][INFO][Rank 0] - train Epoch 7/24: 59.4% (1150/1935)
[2025-11-17 15:00:06][INFO][Rank 0] - train Epoch 7/24: 59.9% (1160/1935)
[2025-11-17 15:00:13][INFO][Rank 0] - train Epoch 7/24: 60.5% (1170/1935)
[2025-11-17 15:00:13][INFO][Rank 0] - CUDA Memory [train][Step 1170]: Device 0: Allocated: 3309.6 MB, Reserved: 117540.0 MB (Δ: +1687.0 MB)
[2025-11-17 15:00:20][INFO][Rank 0] - train Epoch 7/24: 61.0% (1180/1935)
[2025-11-17 15:00:27][INFO][Rank 0] - train Epoch 7/24: 61.5% (1190/1935)
[2025-11-17 15:00:34][INFO][Rank 0] - train Epoch 7/24: 62.0% (1200/1935)
[2025-11-17 15:00:41][INFO][Rank 0] - train Epoch 7/24: 62.5% (1210/1935)
[2025-11-17 15:00:48][INFO][Rank 0] - train Epoch 7/24: 63.0% (1220/1935)
[2025-11-17 15:00:55][INFO][Rank 0] - train Epoch 7/24: 63.6% (1230/1935)
[2025-11-17 15:01:02][INFO][Rank 0] - train Epoch 7/24: 64.1% (1240/1935)
[2025-11-17 15:01:09][INFO][Rank 0] - train Epoch 7/24: 64.6% (1250/1935)
[2025-11-17 15:01:16][INFO][Rank 0] - train Epoch 7/24: 65.1% (1260/1935)
[2025-11-17 15:01:17][INFO][Rank 0] - CUDA Memory [train][Step 1260]: Device 0: Allocated: 3309.6 MB, Reserved: 117540.0 MB (Δ: +1687.0 MB)
[2025-11-17 15:01:23][INFO][Rank 0] - train Epoch 7/24: 65.6% (1270/1935)
[2025-11-17 15:01:31][INFO][Rank 0] - train Epoch 7/24: 66.1% (1280/1935)
[2025-11-17 15:01:38][INFO][Rank 0] - train Epoch 7/24: 66.7% (1290/1935)
[2025-11-17 15:01:45][INFO][Rank 0] - train Epoch 7/24: 67.2% (1300/1935)
[2025-11-17 15:01:52][INFO][Rank 0] - train Epoch 7/24: 67.7% (1310/1935)
[2025-11-17 15:01:59][INFO][Rank 0] - train Epoch 7/24: 68.2% (1320/1935)
[2025-11-17 15:02:06][INFO][Rank 0] - train Epoch 7/24: 68.7% (1330/1935)
[2025-11-17 15:02:13][INFO][Rank 0] - train Epoch 7/24: 69.3% (1340/1935)
[2025-11-17 15:02:20][INFO][Rank 0] - train Epoch 7/24: 69.8% (1350/1935)
[2025-11-17 15:02:21][INFO][Rank 0] - CUDA Memory [train][Step 1350]: Device 0: Allocated: 3309.6 MB, Reserved: 117540.0 MB (Δ: +1687.0 MB)
[2025-11-17 15:02:27][INFO][Rank 0] - train Epoch 7/24: 70.3% (1360/1935)
[2025-11-17 15:02:34][INFO][Rank 0] - train Epoch 7/24: 70.8% (1370/1935)
[2025-11-17 15:02:41][INFO][Rank 0] - train Epoch 7/24: 71.3% (1380/1935)
[2025-11-17 15:02:48][INFO][Rank 0] - train Epoch 7/24: 71.8% (1390/1935)
[2025-11-17 15:02:55][INFO][Rank 0] - train Epoch 7/24: 72.4% (1400/1935)
[2025-11-17 15:03:03][INFO][Rank 0] - train Epoch 7/24: 72.9% (1410/1935)
[2025-11-17 15:03:10][INFO][Rank 0] - train Epoch 7/24: 73.4% (1420/1935)
[2025-11-17 15:03:17][INFO][Rank 0] - train Epoch 7/24: 73.9% (1430/1935)
[2025-11-17 15:03:24][INFO][Rank 0] - train Epoch 7/24: 74.4% (1440/1935)
[2025-11-17 15:03:25][INFO][Rank 0] - CUDA Memory [train][Step 1440]: Device 0: Allocated: 3309.6 MB, Reserved: 117540.0 MB (Δ: +1687.0 MB)
[2025-11-17 15:03:31][INFO][Rank 0] - train Epoch 7/24: 74.9% (1450/1935)
[2025-11-17 15:03:38][INFO][Rank 0] - train Epoch 7/24: 75.5% (1460/1935)
[2025-11-17 15:03:45][INFO][Rank 0] - train Epoch 7/24: 76.0% (1470/1935)
[2025-11-17 15:03:52][INFO][Rank 0] - train Epoch 7/24: 76.5% (1480/1935)
[2025-11-17 15:03:59][INFO][Rank 0] - train Epoch 7/24: 77.0% (1490/1935)
[2025-11-17 15:04:06][INFO][Rank 0] - train Epoch 7/24: 77.5% (1500/1935)
[2025-11-17 15:04:13][INFO][Rank 0] - train Epoch 7/24: 78.0% (1510/1935)
[2025-11-17 15:04:20][INFO][Rank 0] - train Epoch 7/24: 78.6% (1520/1935)
[2025-11-17 15:04:28][INFO][Rank 0] - train Epoch 7/24: 79.1% (1530/1935)
[2025-11-17 15:04:28][INFO][Rank 0] - CUDA Memory [train][Step 1530]: Device 0: Allocated: 3309.6 MB, Reserved: 117540.0 MB (Δ: +1687.0 MB)
[2025-11-17 15:04:35][INFO][Rank 0] - train Epoch 7/24: 79.6% (1540/1935)
[2025-11-17 15:04:42][INFO][Rank 0] - train Epoch 7/24: 80.1% (1550/1935)
[2025-11-17 15:04:49][INFO][Rank 0] - train Epoch 7/24: 80.6% (1560/1935)
[2025-11-17 15:04:56][INFO][Rank 0] - train Epoch 7/24: 81.1% (1570/1935)
[2025-11-17 15:05:03][INFO][Rank 0] - train Epoch 7/24: 81.7% (1580/1935)
[2025-11-17 15:05:10][INFO][Rank 0] - train Epoch 7/24: 82.2% (1590/1935)
[2025-11-17 15:05:17][INFO][Rank 0] - train Epoch 7/24: 82.7% (1600/1935)
[2025-11-17 15:05:24][INFO][Rank 0] - train Epoch 7/24: 83.2% (1610/1935)
[2025-11-17 15:05:31][INFO][Rank 0] - train Epoch 7/24: 83.7% (1620/1935)
[2025-11-17 15:05:32][INFO][Rank 0] - CUDA Memory [train][Step 1620]: Device 0: Allocated: 3309.6 MB, Reserved: 117540.0 MB (Δ: +1687.0 MB)
[2025-11-17 15:05:38][INFO][Rank 0] - train Epoch 7/24: 84.2% (1630/1935)
[2025-11-17 15:05:45][INFO][Rank 0] - train Epoch 7/24: 84.8% (1640/1935)
[2025-11-17 15:05:52][INFO][Rank 0] - train Epoch 7/24: 85.3% (1650/1935)
[2025-11-17 15:06:00][INFO][Rank 0] - train Epoch 7/24: 85.8% (1660/1935)
[2025-11-17 15:06:07][INFO][Rank 0] - train Epoch 7/24: 86.3% (1670/1935)
[2025-11-17 15:06:14][INFO][Rank 0] - train Epoch 7/24: 86.8% (1680/1935)
[2025-11-17 15:06:21][INFO][Rank 0] - train Epoch 7/24: 87.3% (1690/1935)
[2025-11-17 15:06:28][INFO][Rank 0] - train Epoch 7/24: 87.9% (1700/1935)
[2025-11-17 15:06:35][INFO][Rank 0] - train Epoch 7/24: 88.4% (1710/1935)
[2025-11-17 15:06:36][INFO][Rank 0] - CUDA Memory [train][Step 1710]: Device 0: Allocated: 3309.6 MB, Reserved: 117540.0 MB (Δ: +1687.0 MB)
[2025-11-17 15:06:42][INFO][Rank 0] - train Epoch 7/24: 88.9% (1720/1935)
[2025-11-17 15:06:49][INFO][Rank 0] - train Epoch 7/24: 89.4% (1730/1935)
[2025-11-17 15:06:56][INFO][Rank 0] - train Epoch 7/24: 89.9% (1740/1935)
[2025-11-17 15:07:03][INFO][Rank 0] - train Epoch 7/24: 90.4% (1750/1935)
[2025-11-17 15:07:10][INFO][Rank 0] - train Epoch 7/24: 91.0% (1760/1935)
[2025-11-17 15:07:17][INFO][Rank 0] - train Epoch 7/24: 91.5% (1770/1935)
[2025-11-17 15:07:25][INFO][Rank 0] - train Epoch 7/24: 92.0% (1780/1935)
[2025-11-17 15:07:32][INFO][Rank 0] - train Epoch 7/24: 92.5% (1790/1935)
[2025-11-17 15:07:39][INFO][Rank 0] - train Epoch 7/24: 93.0% (1800/1935)
[2025-11-17 15:07:39][INFO][Rank 0] - CUDA Memory [train][Step 1800]: Device 0: Allocated: 3309.6 MB, Reserved: 117540.0 MB (Δ: +1687.0 MB)
[2025-11-17 15:07:46][INFO][Rank 0] - train Epoch 7/24: 93.5% (1810/1935)
[2025-11-17 15:07:53][INFO][Rank 0] - train Epoch 7/24: 94.1% (1820/1935)
[2025-11-17 15:08:00][INFO][Rank 0] - train Epoch 7/24: 94.6% (1830/1935)
[2025-11-17 15:08:07][INFO][Rank 0] - train Epoch 7/24: 95.1% (1840/1935)
[2025-11-17 15:08:14][INFO][Rank 0] - train Epoch 7/24: 95.6% (1850/1935)
[2025-11-17 15:08:21][INFO][Rank 0] - train Epoch 7/24: 96.1% (1860/1935)
[2025-11-17 15:08:28][INFO][Rank 0] - train Epoch 7/24: 96.6% (1870/1935)
[2025-11-17 15:08:35][INFO][Rank 0] - train Epoch 7/24: 97.2% (1880/1935)
[2025-11-17 15:08:42][INFO][Rank 0] - train Epoch 7/24: 97.7% (1890/1935)
[2025-11-17 15:08:43][INFO][Rank 0] - CUDA Memory [train][Step 1890]: Device 0: Allocated: 3309.6 MB, Reserved: 117540.0 MB (Δ: +1687.0 MB)
[2025-11-17 15:08:49][INFO][Rank 0] - train Epoch 7/24: 98.2% (1900/1935)
[2025-11-17 15:08:57][INFO][Rank 0] - train Epoch 7/24: 98.7% (1910/1935)
[2025-11-17 15:09:04][INFO][Rank 0] - train Epoch 7/24: 99.2% (1920/1935)
[2025-11-17 15:09:11][INFO][Rank 0] - train Epoch 7/24: 99.7% (1930/1935)
[2025-11-17 15:09:14][INFO][Rank 0] - train Epoch 7/24: 99.9% (1934/1935)
[2025-11-17 15:09:14][INFO][Rank 0] - train Loss: 0.1630 Acc: 0.9740 F1: 0.9865
[2025-11-17 15:09:14][INFO][Rank 0] - train Balanced Acc: 0.8779 AUC-ROC: 0.9665
[2025-11-17 15:09:14][INFO][Rank 0] - train Sensitivity: 0.9789 Specificity: 0.7768
[2025-11-17 15:09:14][INFO][Rank 0] - train Confusion Matrix: TP=18477, FP=106, FN=398, TN=369
[2025-11-17 15:09:14][INFO][Rank 0] - train completed in 1370.65s
[2025-11-17 15:09:14][INFO][Rank 0] - Data loading time: 1.28s, Forward time: 278.74s, Backward time: 743.32s
[2025-11-17 15:09:14][INFO][Rank 0] - train cache: 0/1 items, hit rate: 0.00%
[2025-11-17 15:09:14][INFO][Rank 0] - CUDA Memory [val][Step 0]: Device 0: Allocated: 3309.6 MB, Reserved: 117540.0 MB (Δ: +1687.0 MB)
[2025-11-17 15:09:14][INFO][Rank 0] - val phase: total 412 batches
[2025-11-17 15:09:14][INFO][Rank 0] - val Epoch 7/24: 0.0% (0/412)
[2025-11-17 15:09:20][INFO][Rank 0] - val Epoch 7/24: 2.4% (10/412)
[2025-11-17 15:09:25][INFO][Rank 0] - val Epoch 7/24: 4.9% (20/412)
[2025-11-17 15:09:30][INFO][Rank 0] - val Epoch 7/24: 7.3% (30/412)
[2025-11-17 15:09:35][INFO][Rank 0] - val Epoch 7/24: 9.7% (40/412)
[2025-11-17 15:09:40][INFO][Rank 0] - val Epoch 7/24: 12.1% (50/412)
[2025-11-17 15:09:45][INFO][Rank 0] - val Epoch 7/24: 14.6% (60/412)
[2025-11-17 15:09:50][INFO][Rank 0] - val Epoch 7/24: 17.0% (70/412)
[2025-11-17 15:09:55][INFO][Rank 0] - val Epoch 7/24: 19.4% (80/412)
[2025-11-17 15:10:00][INFO][Rank 0] - val Epoch 7/24: 21.8% (90/412)
[2025-11-17 15:10:05][INFO][Rank 0] - val Epoch 7/24: 24.3% (100/412)
[2025-11-17 15:10:10][INFO][Rank 0] - val Epoch 7/24: 26.7% (110/412)
[2025-11-17 15:10:16][INFO][Rank 0] - val Epoch 7/24: 29.1% (120/412)
[2025-11-17 15:10:16][INFO][Rank 0] - CUDA Memory [val][Step 120]: Device 0: Allocated: 3309.6 MB, Reserved: 117540.0 MB (Δ: +1687.0 MB)
[2025-11-17 15:10:21][INFO][Rank 0] - val Epoch 7/24: 31.6% (130/412)
[2025-11-17 15:10:26][INFO][Rank 0] - val Epoch 7/24: 34.0% (140/412)
[2025-11-17 15:10:31][INFO][Rank 0] - val Epoch 7/24: 36.4% (150/412)
[2025-11-17 15:10:36][INFO][Rank 0] - val Epoch 7/24: 38.8% (160/412)
[2025-11-17 15:10:41][INFO][Rank 0] - val Epoch 7/24: 41.3% (170/412)
[2025-11-17 15:10:46][INFO][Rank 0] - val Epoch 7/24: 43.7% (180/412)
[2025-11-17 15:10:51][INFO][Rank 0] - val Epoch 7/24: 46.1% (190/412)
[2025-11-17 15:10:56][INFO][Rank 0] - val Epoch 7/24: 48.5% (200/412)
[2025-11-17 15:11:01][INFO][Rank 0] - val Epoch 7/24: 51.0% (210/412)
[2025-11-17 15:11:06][INFO][Rank 0] - val Epoch 7/24: 53.4% (220/412)
[2025-11-17 15:11:11][INFO][Rank 0] - val Epoch 7/24: 55.8% (230/412)
[2025-11-17 15:11:17][INFO][Rank 0] - val Epoch 7/24: 58.3% (240/412)
[2025-11-17 15:11:17][INFO][Rank 0] - CUDA Memory [val][Step 240]: Device 0: Allocated: 3309.6 MB, Reserved: 117540.0 MB (Δ: +1687.0 MB)
[2025-11-17 15:11:22][INFO][Rank 0] - val Epoch 7/24: 60.7% (250/412)
[2025-11-17 15:11:27][INFO][Rank 0] - val Epoch 7/24: 63.1% (260/412)
[2025-11-17 15:11:32][INFO][Rank 0] - val Epoch 7/24: 65.5% (270/412)
[2025-11-17 15:11:37][INFO][Rank 0] - val Epoch 7/24: 68.0% (280/412)
[2025-11-17 15:11:42][INFO][Rank 0] - val Epoch 7/24: 70.4% (290/412)
[2025-11-17 15:11:47][INFO][Rank 0] - val Epoch 7/24: 72.8% (300/412)
[2025-11-17 15:11:52][INFO][Rank 0] - val Epoch 7/24: 75.2% (310/412)
[2025-11-17 15:11:57][INFO][Rank 0] - val Epoch 7/24: 77.7% (320/412)
[2025-11-17 15:12:02][INFO][Rank 0] - val Epoch 7/24: 80.1% (330/412)
[2025-11-17 15:12:07][INFO][Rank 0] - val Epoch 7/24: 82.5% (340/412)
[2025-11-17 15:12:12][INFO][Rank 0] - val Epoch 7/24: 85.0% (350/412)
[2025-11-17 15:12:18][INFO][Rank 0] - val Epoch 7/24: 87.4% (360/412)
[2025-11-17 15:12:18][INFO][Rank 0] - CUDA Memory [val][Step 360]: Device 0: Allocated: 3309.6 MB, Reserved: 117540.0 MB (Δ: +1687.0 MB)
[2025-11-17 15:12:23][INFO][Rank 0] - val Epoch 7/24: 89.8% (370/412)
[2025-11-17 15:12:28][INFO][Rank 0] - val Epoch 7/24: 92.2% (380/412)
[2025-11-17 15:12:33][INFO][Rank 0] - val Epoch 7/24: 94.7% (390/412)
[2025-11-17 15:12:38][INFO][Rank 0] - val Epoch 7/24: 97.1% (400/412)
[2025-11-17 15:12:43][INFO][Rank 0] - val Epoch 7/24: 99.5% (410/412)
[2025-11-17 15:12:43][INFO][Rank 0] - val Epoch 7/24: 99.8% (411/412)
[2025-11-17 15:12:44][INFO][Rank 0] - val Loss: 0.1142 Acc: 0.9731 F1: 0.9861
[2025-11-17 15:12:44][INFO][Rank 0] - val Balanced Acc: 0.8497 AUC-ROC: 0.9787
[2025-11-17 15:12:44][INFO][Rank 0] - val Sensitivity: 0.9798 Specificity: 0.7196
[2025-11-17 15:12:44][INFO][Rank 0] - val Confusion Matrix: TP=3932, FP=30, FN=81, TN=77
[2025-11-17 15:12:44][INFO][Rank 0] - val completed in 209.75s
[2025-11-17 15:12:44][INFO][Rank 0] - val cache: 0/1 items, hit rate: 0.00%
[2025-11-17 15:12:48][INFO][Rank 0] - Saved new best balanced_acc model with balanced_acc: 0.8497 at /projects/retprogression/rgarridogarcia/checkpoints/cropped1024_cropped_centered_wt_allR_2/best_balanced_acc_model.pth
[2025-11-17 15:12:52][INFO][Rank 0] - Also saved as general best model at /projects/retprogression/rgarridogarcia/checkpoints/cropped1024_cropped_centered_wt_allR_2/best_model.pth
[2025-11-17 15:12:56][INFO][Rank 0] - Saved new best auc model with auc: 0.9787 at /projects/retprogression/rgarridogarcia/checkpoints/cropped1024_cropped_centered_wt_allR_2/best_auc_model.pth
[2025-11-17 15:13:00][INFO][Rank 0] - Saved epoch checkpoint at /projects/retprogression/rgarridogarcia/checkpoints/cropped1024_cropped_centered_wt_allR_2/epoch_7.pth
[2025-11-17 15:13:00][INFO][Rank 0] - Epoch 7 summary:
[2025-11-17 15:13:00][INFO][Rank 0] -  Train Loss: 0.1630, Train Acc: 0.9740, Train F1: 0.9865
[2025-11-17 15:13:00][INFO][Rank 0] -  Train Balanced Acc: 0.8779, Train AUC: 0.9665
[2025-11-17 15:13:00][INFO][Rank 0] -  Train Sensitivity: 0.9789, Train Specificity: 0.7768
[2025-11-17 15:13:00][INFO][Rank 0] -  Val Loss: 0.1142, Val Acc: 0.9731, Val F1: 0.9861
[2025-11-17 15:13:00][INFO][Rank 0] -  Val Balanced Acc: 0.8497, Val AUC: 0.9787
[2025-11-17 15:13:00][INFO][Rank 0] -  Val Sensitivity: 0.9798, Val Specificity: 0.7196
[2025-11-17 15:13:00][INFO][Rank 0] -  Total Epoch Time: 1596.08s
[2025-11-17 15:13:00][INFO][Rank 0] - Epoch 8/24
[2025-11-17 15:13:00][INFO][Rank 0] - ----------
[2025-11-17 15:13:00][INFO][Rank 0] - CUDA Memory [train][Step 0]: Device 0: Allocated: 3309.6 MB, Reserved: 117540.0 MB (Δ: +1687.0 MB)
[2025-11-17 15:13:00][INFO][Rank 0] - train phase: total 1935 batches
[2025-11-17 15:13:00][INFO][Rank 0] - train Epoch 8/24: 0.0% (0/1935)
[2025-11-17 15:13:07][INFO][Rank 0] - train Epoch 8/24: 0.5% (10/1935)
[2025-11-17 15:13:14][INFO][Rank 0] - train Epoch 8/24: 1.0% (20/1935)
[2025-11-17 15:13:21][INFO][Rank 0] - train Epoch 8/24: 1.6% (30/1935)
[2025-11-17 15:13:28][INFO][Rank 0] - train Epoch 8/24: 2.1% (40/1935)
[2025-11-17 15:13:35][INFO][Rank 0] - train Epoch 8/24: 2.6% (50/1935)
[2025-11-17 15:13:43][INFO][Rank 0] - train Epoch 8/24: 3.1% (60/1935)
[2025-11-17 15:13:50][INFO][Rank 0] - train Epoch 8/24: 3.6% (70/1935)
[2025-11-17 15:13:57][INFO][Rank 0] - train Epoch 8/24: 4.1% (80/1935)
[2025-11-17 15:14:04][INFO][Rank 0] - train Epoch 8/24: 4.7% (90/1935)
[2025-11-17 15:14:05][INFO][Rank 0] - CUDA Memory [train][Step 90]: Device 0: Allocated: 3309.6 MB, Reserved: 117540.0 MB (Δ: +1687.0 MB)
[2025-11-17 15:14:11][INFO][Rank 0] - train Epoch 8/24: 5.2% (100/1935)
[2025-11-17 15:14:18][INFO][Rank 0] - train Epoch 8/24: 5.7% (110/1935)
[2025-11-17 15:14:25][INFO][Rank 0] - train Epoch 8/24: 6.2% (120/1935)
[2025-11-17 15:14:32][INFO][Rank 0] - train Epoch 8/24: 6.7% (130/1935)
[2025-11-17 15:14:39][INFO][Rank 0] - train Epoch 8/24: 7.2% (140/1935)
[2025-11-17 15:14:46][INFO][Rank 0] - train Epoch 8/24: 7.8% (150/1935)
[2025-11-17 15:14:53][INFO][Rank 0] - train Epoch 8/24: 8.3% (160/1935)
[2025-11-17 15:15:01][INFO][Rank 0] - train Epoch 8/24: 8.8% (170/1935)
[2025-11-17 15:15:08][INFO][Rank 0] - train Epoch 8/24: 9.3% (180/1935)
[2025-11-17 15:15:08][INFO][Rank 0] - CUDA Memory [train][Step 180]: Device 0: Allocated: 3309.6 MB, Reserved: 117540.0 MB (Δ: +1687.0 MB)
[2025-11-17 15:15:15][INFO][Rank 0] - train Epoch 8/24: 9.8% (190/1935)
[2025-11-17 15:15:22][INFO][Rank 0] - train Epoch 8/24: 10.3% (200/1935)
[2025-11-17 15:15:29][INFO][Rank 0] - train Epoch 8/24: 10.9% (210/1935)
[2025-11-17 15:15:36][INFO][Rank 0] - train Epoch 8/24: 11.4% (220/1935)
[2025-11-17 15:15:43][INFO][Rank 0] - train Epoch 8/24: 11.9% (230/1935)
[2025-11-17 15:15:50][INFO][Rank 0] - train Epoch 8/24: 12.4% (240/1935)
[2025-11-17 15:15:57][INFO][Rank 0] - train Epoch 8/24: 12.9% (250/1935)
[2025-11-17 15:16:04][INFO][Rank 0] - train Epoch 8/24: 13.4% (260/1935)
[2025-11-17 15:16:11][INFO][Rank 0] - train Epoch 8/24: 14.0% (270/1935)
[2025-11-17 15:16:12][INFO][Rank 0] - CUDA Memory [train][Step 270]: Device 0: Allocated: 3309.6 MB, Reserved: 117540.0 MB (Δ: +1687.0 MB)
[2025-11-17 15:16:18][INFO][Rank 0] - train Epoch 8/24: 14.5% (280/1935)
[2025-11-17 15:16:25][INFO][Rank 0] - train Epoch 8/24: 15.0% (290/1935)
[2025-11-17 15:16:33][INFO][Rank 0] - train Epoch 8/24: 15.5% (300/1935)
[2025-11-17 15:16:40][INFO][Rank 0] - train Epoch 8/24: 16.0% (310/1935)
[2025-11-17 15:16:47][INFO][Rank 0] - train Epoch 8/24: 16.5% (320/1935)
[2025-11-17 15:16:54][INFO][Rank 0] - train Epoch 8/24: 17.1% (330/1935)
[2025-11-17 15:17:01][INFO][Rank 0] - train Epoch 8/24: 17.6% (340/1935)
[2025-11-17 15:17:08][INFO][Rank 0] - train Epoch 8/24: 18.1% (350/1935)
[2025-11-17 15:17:15][INFO][Rank 0] - train Epoch 8/24: 18.6% (360/1935)
[2025-11-17 15:17:16][INFO][Rank 0] - CUDA Memory [train][Step 360]: Device 0: Allocated: 3309.6 MB, Reserved: 117540.0 MB (Δ: +1687.0 MB)
[2025-11-17 15:17:22][INFO][Rank 0] - train Epoch 8/24: 19.1% (370/1935)
[2025-11-17 15:17:29][INFO][Rank 0] - train Epoch 8/24: 19.6% (380/1935)
[2025-11-17 15:17:36][INFO][Rank 0] - train Epoch 8/24: 20.2% (390/1935)
[2025-11-17 15:17:43][INFO][Rank 0] - train Epoch 8/24: 20.7% (400/1935)
[2025-11-17 15:17:50][INFO][Rank 0] - train Epoch 8/24: 21.2% (410/1935)
[2025-11-17 15:17:57][INFO][Rank 0] - train Epoch 8/24: 21.7% (420/1935)
[2025-11-17 15:18:05][INFO][Rank 0] - train Epoch 8/24: 22.2% (430/1935)
[2025-11-17 15:18:12][INFO][Rank 0] - train Epoch 8/24: 22.7% (440/1935)
[2025-11-17 15:18:19][INFO][Rank 0] - train Epoch 8/24: 23.3% (450/1935)
[2025-11-17 15:18:19][INFO][Rank 0] - CUDA Memory [train][Step 450]: Device 0: Allocated: 3309.6 MB, Reserved: 117540.0 MB (Δ: +1687.0 MB)
[2025-11-17 15:18:26][INFO][Rank 0] - train Epoch 8/24: 23.8% (460/1935)
[2025-11-17 15:18:33][INFO][Rank 0] - train Epoch 8/24: 24.3% (470/1935)
[2025-11-17 15:18:40][INFO][Rank 0] - train Epoch 8/24: 24.8% (480/1935)
[2025-11-17 15:18:47][INFO][Rank 0] - train Epoch 8/24: 25.3% (490/1935)
[2025-11-17 15:18:54][INFO][Rank 0] - train Epoch 8/24: 25.8% (500/1935)
[2025-11-17 15:19:01][INFO][Rank 0] - train Epoch 8/24: 26.4% (510/1935)
[2025-11-17 15:19:08][INFO][Rank 0] - train Epoch 8/24: 26.9% (520/1935)
[2025-11-17 15:19:15][INFO][Rank 0] - train Epoch 8/24: 27.4% (530/1935)
[2025-11-17 15:19:22][INFO][Rank 0] - train Epoch 8/24: 27.9% (540/1935)
[2025-11-17 15:19:23][INFO][Rank 0] - CUDA Memory [train][Step 540]: Device 0: Allocated: 3309.6 MB, Reserved: 117540.0 MB (Δ: +1687.0 MB)
[2025-11-17 15:19:30][INFO][Rank 0] - train Epoch 8/24: 28.4% (550/1935)
[2025-11-17 15:19:37][INFO][Rank 0] - train Epoch 8/24: 28.9% (560/1935)
[2025-11-17 15:19:44][INFO][Rank 0] - train Epoch 8/24: 29.5% (570/1935)
[2025-11-17 15:19:51][INFO][Rank 0] - train Epoch 8/24: 30.0% (580/1935)
[2025-11-17 15:19:58][INFO][Rank 0] - train Epoch 8/24: 30.5% (590/1935)
[2025-11-17 15:20:05][INFO][Rank 0] - train Epoch 8/24: 31.0% (600/1935)
[2025-11-17 15:20:12][INFO][Rank 0] - train Epoch 8/24: 31.5% (610/1935)
[2025-11-17 15:20:19][INFO][Rank 0] - train Epoch 8/24: 32.0% (620/1935)
[2025-11-17 15:20:26][INFO][Rank 0] - train Epoch 8/24: 32.6% (630/1935)
[2025-11-17 15:20:27][INFO][Rank 0] - CUDA Memory [train][Step 630]: Device 0: Allocated: 3309.6 MB, Reserved: 117540.0 MB (Δ: +1687.0 MB)
[2025-11-17 15:20:33][INFO][Rank 0] - train Epoch 8/24: 33.1% (640/1935)
[2025-11-17 15:20:40][INFO][Rank 0] - train Epoch 8/24: 33.6% (650/1935)
[2025-11-17 15:20:47][INFO][Rank 0] - train Epoch 8/24: 34.1% (660/1935)
[2025-11-17 15:20:54][INFO][Rank 0] - train Epoch 8/24: 34.6% (670/1935)
[2025-11-17 15:21:02][INFO][Rank 0] - train Epoch 8/24: 35.1% (680/1935)
[2025-11-17 15:21:09][INFO][Rank 0] - train Epoch 8/24: 35.7% (690/1935)
[2025-11-17 15:21:16][INFO][Rank 0] - train Epoch 8/24: 36.2% (700/1935)
[2025-11-17 15:21:23][INFO][Rank 0] - train Epoch 8/24: 36.7% (710/1935)
[2025-11-17 15:21:30][INFO][Rank 0] - train Epoch 8/24: 37.2% (720/1935)
[2025-11-17 15:21:31][INFO][Rank 0] - CUDA Memory [train][Step 720]: Device 0: Allocated: 3309.6 MB, Reserved: 117540.0 MB (Δ: +1687.0 MB)
[2025-11-17 15:21:37][INFO][Rank 0] - train Epoch 8/24: 37.7% (730/1935)
[2025-11-17 15:21:44][INFO][Rank 0] - train Epoch 8/24: 38.2% (740/1935)
[2025-11-17 15:21:51][INFO][Rank 0] - train Epoch 8/24: 38.8% (750/1935)
[2025-11-17 15:21:58][INFO][Rank 0] - train Epoch 8/24: 39.3% (760/1935)
[2025-11-17 15:22:05][INFO][Rank 0] - train Epoch 8/24: 39.8% (770/1935)
[2025-11-17 15:22:12][INFO][Rank 0] - train Epoch 8/24: 40.3% (780/1935)
[2025-11-17 15:22:19][INFO][Rank 0] - train Epoch 8/24: 40.8% (790/1935)
[2025-11-17 15:22:27][INFO][Rank 0] - train Epoch 8/24: 41.3% (800/1935)
[2025-11-17 15:22:34][INFO][Rank 0] - train Epoch 8/24: 41.9% (810/1935)
[2025-11-17 15:22:34][INFO][Rank 0] - CUDA Memory [train][Step 810]: Device 0: Allocated: 3309.6 MB, Reserved: 117540.0 MB (Δ: +1687.0 MB)
[2025-11-17 15:22:41][INFO][Rank 0] - train Epoch 8/24: 42.4% (820/1935)
[2025-11-17 15:22:48][INFO][Rank 0] - train Epoch 8/24: 42.9% (830/1935)
[2025-11-17 15:22:55][INFO][Rank 0] - train Epoch 8/24: 43.4% (840/1935)
[2025-11-17 15:23:02][INFO][Rank 0] - train Epoch 8/24: 43.9% (850/1935)
[2025-11-17 15:23:09][INFO][Rank 0] - train Epoch 8/24: 44.4% (860/1935)
[2025-11-17 15:23:16][INFO][Rank 0] - train Epoch 8/24: 45.0% (870/1935)
[2025-11-17 15:23:23][INFO][Rank 0] - train Epoch 8/24: 45.5% (880/1935)
[2025-11-17 15:23:30][INFO][Rank 0] - train Epoch 8/24: 46.0% (890/1935)
[2025-11-17 15:23:37][INFO][Rank 0] - train Epoch 8/24: 46.5% (900/1935)
[2025-11-17 15:23:38][INFO][Rank 0] - CUDA Memory [train][Step 900]: Device 0: Allocated: 3309.6 MB, Reserved: 117540.0 MB (Δ: +1687.0 MB)
[2025-11-17 15:23:44][INFO][Rank 0] - train Epoch 8/24: 47.0% (910/1935)
[2025-11-17 15:23:51][INFO][Rank 0] - train Epoch 8/24: 47.5% (920/1935)
[2025-11-17 15:23:59][INFO][Rank 0] - train Epoch 8/24: 48.1% (930/1935)
[2025-11-17 15:24:06][INFO][Rank 0] - train Epoch 8/24: 48.6% (940/1935)
[2025-11-17 15:24:13][INFO][Rank 0] - train Epoch 8/24: 49.1% (950/1935)
[2025-11-17 15:24:20][INFO][Rank 0] - train Epoch 8/24: 49.6% (960/1935)
[2025-11-17 15:24:27][INFO][Rank 0] - train Epoch 8/24: 50.1% (970/1935)
[2025-11-17 15:24:34][INFO][Rank 0] - train Epoch 8/24: 50.6% (980/1935)
[2025-11-17 15:24:41][INFO][Rank 0] - train Epoch 8/24: 51.2% (990/1935)
[2025-11-17 15:24:42][INFO][Rank 0] - CUDA Memory [train][Step 990]: Device 0: Allocated: 3309.6 MB, Reserved: 117540.0 MB (Δ: +1687.0 MB)
[2025-11-17 15:24:48][INFO][Rank 0] - train Epoch 8/24: 51.7% (1000/1935)
[2025-11-17 15:24:55][INFO][Rank 0] - train Epoch 8/24: 52.2% (1010/1935)
[2025-11-17 15:25:02][INFO][Rank 0] - train Epoch 8/24: 52.7% (1020/1935)
[2025-11-17 15:25:09][INFO][Rank 0] - train Epoch 8/24: 53.2% (1030/1935)
[2025-11-17 15:25:16][INFO][Rank 0] - train Epoch 8/24: 53.7% (1040/1935)
[2025-11-17 15:25:24][INFO][Rank 0] - train Epoch 8/24: 54.3% (1050/1935)
[2025-11-17 15:25:31][INFO][Rank 0] - train Epoch 8/24: 54.8% (1060/1935)
[2025-11-17 15:25:38][INFO][Rank 0] - train Epoch 8/24: 55.3% (1070/1935)
[2025-11-17 15:25:45][INFO][Rank 0] - train Epoch 8/24: 55.8% (1080/1935)
[2025-11-17 15:25:45][INFO][Rank 0] - CUDA Memory [train][Step 1080]: Device 0: Allocated: 3309.6 MB, Reserved: 117540.0 MB (Δ: +1687.0 MB)
[2025-11-17 15:25:52][INFO][Rank 0] - train Epoch 8/24: 56.3% (1090/1935)
[2025-11-17 15:25:59][INFO][Rank 0] - train Epoch 8/24: 56.8% (1100/1935)
[2025-11-17 15:26:06][INFO][Rank 0] - train Epoch 8/24: 57.4% (1110/1935)
[2025-11-17 15:26:13][INFO][Rank 0] - train Epoch 8/24: 57.9% (1120/1935)
[2025-11-17 15:26:20][INFO][Rank 0] - train Epoch 8/24: 58.4% (1130/1935)
[2025-11-17 15:26:27][INFO][Rank 0] - train Epoch 8/24: 58.9% (1140/1935)
[2025-11-17 15:26:34][INFO][Rank 0] - train Epoch 8/24: 59.4% (1150/1935)
[2025-11-17 15:26:41][INFO][Rank 0] - train Epoch 8/24: 59.9% (1160/1935)
[2025-11-17 15:26:48][INFO][Rank 0] - train Epoch 8/24: 60.5% (1170/1935)
[2025-11-17 15:26:49][INFO][Rank 0] - CUDA Memory [train][Step 1170]: Device 0: Allocated: 3309.6 MB, Reserved: 117540.0 MB (Δ: +1687.0 MB)
[2025-11-17 15:26:56][INFO][Rank 0] - train Epoch 8/24: 61.0% (1180/1935)
[2025-11-17 15:27:03][INFO][Rank 0] - train Epoch 8/24: 61.5% (1190/1935)
[2025-11-17 15:27:10][INFO][Rank 0] - train Epoch 8/24: 62.0% (1200/1935)
[2025-11-17 15:27:17][INFO][Rank 0] - train Epoch 8/24: 62.5% (1210/1935)
[2025-11-17 15:27:24][INFO][Rank 0] - train Epoch 8/24: 63.0% (1220/1935)
[2025-11-17 15:27:31][INFO][Rank 0] - train Epoch 8/24: 63.6% (1230/1935)
[2025-11-17 15:27:38][INFO][Rank 0] - train Epoch 8/24: 64.1% (1240/1935)
[2025-11-17 15:27:45][INFO][Rank 0] - train Epoch 8/24: 64.6% (1250/1935)
[2025-11-17 15:27:52][INFO][Rank 0] - train Epoch 8/24: 65.1% (1260/1935)
[2025-11-17 15:27:53][INFO][Rank 0] - CUDA Memory [train][Step 1260]: Device 0: Allocated: 3309.6 MB, Reserved: 117540.0 MB (Δ: +1687.0 MB)
[2025-11-17 15:27:59][INFO][Rank 0] - train Epoch 8/24: 65.6% (1270/1935)
[2025-11-17 15:28:06][INFO][Rank 0] - train Epoch 8/24: 66.1% (1280/1935)
[2025-11-17 15:28:13][INFO][Rank 0] - train Epoch 8/24: 66.7% (1290/1935)
[2025-11-17 15:28:20][INFO][Rank 0] - train Epoch 8/24: 67.2% (1300/1935)
[2025-11-17 15:28:28][INFO][Rank 0] - train Epoch 8/24: 67.7% (1310/1935)
[2025-11-17 15:28:35][INFO][Rank 0] - train Epoch 8/24: 68.2% (1320/1935)
[2025-11-17 15:28:42][INFO][Rank 0] - train Epoch 8/24: 68.7% (1330/1935)
[2025-11-17 15:28:49][INFO][Rank 0] - train Epoch 8/24: 69.3% (1340/1935)
[2025-11-17 15:28:56][INFO][Rank 0] - train Epoch 8/24: 69.8% (1350/1935)
[2025-11-17 15:28:57][INFO][Rank 0] - CUDA Memory [train][Step 1350]: Device 0: Allocated: 3309.6 MB, Reserved: 117540.0 MB (Δ: +1687.0 MB)
[2025-11-17 15:29:03][INFO][Rank 0] - train Epoch 8/24: 70.3% (1360/1935)
[2025-11-17 15:29:10][INFO][Rank 0] - train Epoch 8/24: 70.8% (1370/1935)
[2025-11-17 15:29:17][INFO][Rank 0] - train Epoch 8/24: 71.3% (1380/1935)
[2025-11-17 15:29:24][INFO][Rank 0] - train Epoch 8/24: 71.8% (1390/1935)
[2025-11-17 15:29:31][INFO][Rank 0] - train Epoch 8/24: 72.4% (1400/1935)
[2025-11-17 15:29:38][INFO][Rank 0] - train Epoch 8/24: 72.9% (1410/1935)
[2025-11-17 15:29:45][INFO][Rank 0] - train Epoch 8/24: 73.4% (1420/1935)
[2025-11-17 15:29:53][INFO][Rank 0] - train Epoch 8/24: 73.9% (1430/1935)
[2025-11-17 15:30:00][INFO][Rank 0] - train Epoch 8/24: 74.4% (1440/1935)
[2025-11-17 15:30:00][INFO][Rank 0] - CUDA Memory [train][Step 1440]: Device 0: Allocated: 3309.6 MB, Reserved: 117540.0 MB (Δ: +1687.0 MB)
[2025-11-17 15:30:07][INFO][Rank 0] - train Epoch 8/24: 74.9% (1450/1935)
[2025-11-17 15:30:14][INFO][Rank 0] - train Epoch 8/24: 75.5% (1460/1935)
[2025-11-17 15:30:21][INFO][Rank 0] - train Epoch 8/24: 76.0% (1470/1935)
[2025-11-17 15:30:28][INFO][Rank 0] - train Epoch 8/24: 76.5% (1480/1935)
[2025-11-17 15:30:35][INFO][Rank 0] - train Epoch 8/24: 77.0% (1490/1935)
[2025-11-17 15:30:42][INFO][Rank 0] - train Epoch 8/24: 77.5% (1500/1935)
[2025-11-17 15:30:49][INFO][Rank 0] - train Epoch 8/24: 78.0% (1510/1935)
[2025-11-17 15:30:56][INFO][Rank 0] - train Epoch 8/24: 78.6% (1520/1935)
[2025-11-17 15:31:03][INFO][Rank 0] - train Epoch 8/24: 79.1% (1530/1935)
[2025-11-17 15:31:04][INFO][Rank 0] - CUDA Memory [train][Step 1530]: Device 0: Allocated: 3309.6 MB, Reserved: 117540.0 MB (Δ: +1687.0 MB)
[2025-11-17 15:31:10][INFO][Rank 0] - train Epoch 8/24: 79.6% (1540/1935)
[2025-11-17 15:31:17][INFO][Rank 0] - train Epoch 8/24: 80.1% (1550/1935)
[2025-11-17 15:31:25][INFO][Rank 0] - train Epoch 8/24: 80.6% (1560/1935)
[2025-11-17 15:31:32][INFO][Rank 0] - train Epoch 8/24: 81.1% (1570/1935)
[2025-11-17 15:31:39][INFO][Rank 0] - train Epoch 8/24: 81.7% (1580/1935)
[2025-11-17 15:31:46][INFO][Rank 0] - train Epoch 8/24: 82.2% (1590/1935)
[2025-11-17 15:31:53][INFO][Rank 0] - train Epoch 8/24: 82.7% (1600/1935)
[2025-11-17 15:32:00][INFO][Rank 0] - train Epoch 8/24: 83.2% (1610/1935)
[2025-11-17 15:32:07][INFO][Rank 0] - train Epoch 8/24: 83.7% (1620/1935)
[2025-11-17 15:32:08][INFO][Rank 0] - CUDA Memory [train][Step 1620]: Device 0: Allocated: 3309.6 MB, Reserved: 117540.0 MB (Δ: +1687.0 MB)
[2025-11-17 15:32:14][INFO][Rank 0] - train Epoch 8/24: 84.2% (1630/1935)
[2025-11-17 15:32:21][INFO][Rank 0] - train Epoch 8/24: 84.8% (1640/1935)
[2025-11-17 15:32:28][INFO][Rank 0] - train Epoch 8/24: 85.3% (1650/1935)
[2025-11-17 15:32:35][INFO][Rank 0] - train Epoch 8/24: 85.8% (1660/1935)
[2025-11-17 15:32:42][INFO][Rank 0] - train Epoch 8/24: 86.3% (1670/1935)
[2025-11-17 15:32:50][INFO][Rank 0] - train Epoch 8/24: 86.8% (1680/1935)
[2025-11-17 15:32:57][INFO][Rank 0] - train Epoch 8/24: 87.3% (1690/1935)
[2025-11-17 15:33:04][INFO][Rank 0] - train Epoch 8/24: 87.9% (1700/1935)
[2025-11-17 15:33:11][INFO][Rank 0] - train Epoch 8/24: 88.4% (1710/1935)
[2025-11-17 15:33:11][INFO][Rank 0] - CUDA Memory [train][Step 1710]: Device 0: Allocated: 3309.6 MB, Reserved: 117540.0 MB (Δ: +1687.0 MB)
[2025-11-17 15:33:18][INFO][Rank 0] - train Epoch 8/24: 88.9% (1720/1935)
[2025-11-17 15:33:25][INFO][Rank 0] - train Epoch 8/24: 89.4% (1730/1935)
[2025-11-17 15:33:32][INFO][Rank 0] - train Epoch 8/24: 89.9% (1740/1935)
[2025-11-17 15:33:39][INFO][Rank 0] - train Epoch 8/24: 90.4% (1750/1935)
[2025-11-17 15:33:46][INFO][Rank 0] - train Epoch 8/24: 91.0% (1760/1935)
[2025-11-17 15:33:53][INFO][Rank 0] - train Epoch 8/24: 91.5% (1770/1935)
[2025-11-17 15:34:00][INFO][Rank 0] - train Epoch 8/24: 92.0% (1780/1935)
[2025-11-17 15:34:07][INFO][Rank 0] - train Epoch 8/24: 92.5% (1790/1935)
[2025-11-17 15:34:14][INFO][Rank 0] - train Epoch 8/24: 93.0% (1800/1935)
[2025-11-17 15:34:15][INFO][Rank 0] - CUDA Memory [train][Step 1800]: Device 0: Allocated: 3309.6 MB, Reserved: 117540.0 MB (Δ: +1687.0 MB)
[2025-11-17 15:34:22][INFO][Rank 0] - train Epoch 8/24: 93.5% (1810/1935)
[2025-11-17 15:34:29][INFO][Rank 0] - train Epoch 8/24: 94.1% (1820/1935)
[2025-11-17 15:34:36][INFO][Rank 0] - train Epoch 8/24: 94.6% (1830/1935)
[2025-11-17 15:34:43][INFO][Rank 0] - train Epoch 8/24: 95.1% (1840/1935)
[2025-11-17 15:34:50][INFO][Rank 0] - train Epoch 8/24: 95.6% (1850/1935)
[2025-11-17 15:34:57][INFO][Rank 0] - train Epoch 8/24: 96.1% (1860/1935)
[2025-11-17 15:35:04][INFO][Rank 0] - train Epoch 8/24: 96.6% (1870/1935)
[2025-11-17 15:35:11][INFO][Rank 0] - train Epoch 8/24: 97.2% (1880/1935)
[2025-11-17 15:35:18][INFO][Rank 0] - train Epoch 8/24: 97.7% (1890/1935)
[2025-11-17 15:35:19][INFO][Rank 0] - CUDA Memory [train][Step 1890]: Device 0: Allocated: 3309.6 MB, Reserved: 117540.0 MB (Δ: +1687.0 MB)
[2025-11-17 15:35:25][INFO][Rank 0] - train Epoch 8/24: 98.2% (1900/1935)
[2025-11-17 15:35:32][INFO][Rank 0] - train Epoch 8/24: 98.7% (1910/1935)
[2025-11-17 15:35:39][INFO][Rank 0] - train Epoch 8/24: 99.2% (1920/1935)
[2025-11-17 15:35:47][INFO][Rank 0] - train Epoch 8/24: 99.7% (1930/1935)
[2025-11-17 15:35:49][INFO][Rank 0] - train Epoch 8/24: 99.9% (1934/1935)
[2025-11-17 15:35:50][INFO][Rank 0] - train Loss: 0.1615 Acc: 0.9727 F1: 0.9859
[2025-11-17 15:35:50][INFO][Rank 0] - train Balanced Acc: 0.8885 AUC-ROC: 0.9644
[2025-11-17 15:35:50][INFO][Rank 0] - train Sensitivity: 0.9770 Specificity: 0.8000
[2025-11-17 15:35:50][INFO][Rank 0] - train Confusion Matrix: TP=18441, FP=95, FN=434, TN=380
[2025-11-17 15:35:50][INFO][Rank 0] - train completed in 1370.37s
[2025-11-17 15:35:50][INFO][Rank 0] - Data loading time: 1.00s, Forward time: 278.78s, Backward time: 743.31s
[2025-11-17 15:35:50][INFO][Rank 0] - train cache: 0/1 items, hit rate: 0.00%
[2025-11-17 15:35:50][INFO][Rank 0] - CUDA Memory [val][Step 0]: Device 0: Allocated: 3309.6 MB, Reserved: 117540.0 MB (Δ: +1687.0 MB)
[2025-11-17 15:35:50][INFO][Rank 0] - val phase: total 412 batches
[2025-11-17 15:35:50][INFO][Rank 0] - val Epoch 8/24: 0.0% (0/412)
[2025-11-17 15:35:55][INFO][Rank 0] - val Epoch 8/24: 2.4% (10/412)
[2025-11-17 15:36:01][INFO][Rank 0] - val Epoch 8/24: 4.9% (20/412)
[2025-11-17 15:36:06][INFO][Rank 0] - val Epoch 8/24: 7.3% (30/412)
[2025-11-17 15:36:11][INFO][Rank 0] - val Epoch 8/24: 9.7% (40/412)
[2025-11-17 15:36:16][INFO][Rank 0] - val Epoch 8/24: 12.1% (50/412)
[2025-11-17 15:36:21][INFO][Rank 0] - val Epoch 8/24: 14.6% (60/412)
[2025-11-17 15:36:26][INFO][Rank 0] - val Epoch 8/24: 17.0% (70/412)
[2025-11-17 15:36:31][INFO][Rank 0] - val Epoch 8/24: 19.4% (80/412)
[2025-11-17 15:36:36][INFO][Rank 0] - val Epoch 8/24: 21.8% (90/412)
[2025-11-17 15:36:41][INFO][Rank 0] - val Epoch 8/24: 24.3% (100/412)
[2025-11-17 15:36:46][INFO][Rank 0] - val Epoch 8/24: 26.7% (110/412)
[2025-11-17 15:36:51][INFO][Rank 0] - val Epoch 8/24: 29.1% (120/412)
[2025-11-17 15:36:52][INFO][Rank 0] - CUDA Memory [val][Step 120]: Device 0: Allocated: 3309.6 MB, Reserved: 117540.0 MB (Δ: +1687.0 MB)
[2025-11-17 15:36:57][INFO][Rank 0] - val Epoch 8/24: 31.6% (130/412)
[2025-11-17 15:37:02][INFO][Rank 0] - val Epoch 8/24: 34.0% (140/412)
[2025-11-17 15:37:07][INFO][Rank 0] - val Epoch 8/24: 36.4% (150/412)
[2025-11-17 15:37:12][INFO][Rank 0] - val Epoch 8/24: 38.8% (160/412)
[2025-11-17 15:37:17][INFO][Rank 0] - val Epoch 8/24: 41.3% (170/412)
[2025-11-17 15:37:22][INFO][Rank 0] - val Epoch 8/24: 43.7% (180/412)
[2025-11-17 15:37:27][INFO][Rank 0] - val Epoch 8/24: 46.1% (190/412)
[2025-11-17 15:37:32][INFO][Rank 0] - val Epoch 8/24: 48.5% (200/412)
[2025-11-17 15:37:37][INFO][Rank 0] - val Epoch 8/24: 51.0% (210/412)
[2025-11-17 15:37:42][INFO][Rank 0] - val Epoch 8/24: 53.4% (220/412)
[2025-11-17 15:37:47][INFO][Rank 0] - val Epoch 8/24: 55.8% (230/412)
[2025-11-17 15:37:52][INFO][Rank 0] - val Epoch 8/24: 58.3% (240/412)
[2025-11-17 15:37:53][INFO][Rank 0] - CUDA Memory [val][Step 240]: Device 0: Allocated: 3309.6 MB, Reserved: 117540.0 MB (Δ: +1687.0 MB)
[2025-11-17 15:37:58][INFO][Rank 0] - val Epoch 8/24: 60.7% (250/412)
[2025-11-17 15:38:03][INFO][Rank 0] - val Epoch 8/24: 63.1% (260/412)
[2025-11-17 15:38:08][INFO][Rank 0] - val Epoch 8/24: 65.5% (270/412)
[2025-11-17 15:38:13][INFO][Rank 0] - val Epoch 8/24: 68.0% (280/412)
[2025-11-17 15:38:18][INFO][Rank 0] - val Epoch 8/24: 70.4% (290/412)
[2025-11-17 15:38:23][INFO][Rank 0] - val Epoch 8/24: 72.8% (300/412)
[2025-11-17 15:38:28][INFO][Rank 0] - val Epoch 8/24: 75.2% (310/412)
[2025-11-17 15:38:33][INFO][Rank 0] - val Epoch 8/24: 77.7% (320/412)
[2025-11-17 15:38:38][INFO][Rank 0] - val Epoch 8/24: 80.1% (330/412)
[2025-11-17 15:38:43][INFO][Rank 0] - val Epoch 8/24: 82.5% (340/412)
[2025-11-17 15:38:48][INFO][Rank 0] - val Epoch 8/24: 85.0% (350/412)
[2025-11-17 15:38:53][INFO][Rank 0] - val Epoch 8/24: 87.4% (360/412)
[2025-11-17 15:38:54][INFO][Rank 0] - CUDA Memory [val][Step 360]: Device 0: Allocated: 3309.6 MB, Reserved: 117540.0 MB (Δ: +1687.0 MB)
[2025-11-17 15:38:59][INFO][Rank 0] - val Epoch 8/24: 89.8% (370/412)
[2025-11-17 15:39:04][INFO][Rank 0] - val Epoch 8/24: 92.2% (380/412)
[2025-11-17 15:39:09][INFO][Rank 0] - val Epoch 8/24: 94.7% (390/412)
[2025-11-17 15:39:14][INFO][Rank 0] - val Epoch 8/24: 97.1% (400/412)
[2025-11-17 15:39:19][INFO][Rank 0] - val Epoch 8/24: 99.5% (410/412)
[2025-11-17 15:39:19][INFO][Rank 0] - val Epoch 8/24: 99.8% (411/412)
[2025-11-17 15:39:20][INFO][Rank 0] - val Loss: 0.1137 Acc: 0.9767 F1: 0.9880
[2025-11-17 15:39:20][INFO][Rank 0] - val Balanced Acc: 0.8288 AUC-ROC: 0.9794
[2025-11-17 15:39:20][INFO][Rank 0] - val Sensitivity: 0.9848 Specificity: 0.6729
[2025-11-17 15:39:20][INFO][Rank 0] - val Confusion Matrix: TP=3952, FP=35, FN=61, TN=72
[2025-11-17 15:39:20][INFO][Rank 0] - val completed in 209.88s
[2025-11-17 15:39:20][INFO][Rank 0] - val cache: 0/1 items, hit rate: 0.00%
[2025-11-17 15:39:24][INFO][Rank 0] - Saved new best auc model with auc: 0.9794 at /projects/retprogression/rgarridogarcia/checkpoints/cropped1024_cropped_centered_wt_allR_2/best_auc_model.pth
[2025-11-17 15:39:28][INFO][Rank 0] - Saved epoch checkpoint at /projects/retprogression/rgarridogarcia/checkpoints/cropped1024_cropped_centered_wt_allR_2/epoch_8.pth
[2025-11-17 15:39:28][INFO][Rank 0] - Epoch 8 summary:
[2025-11-17 15:39:28][INFO][Rank 0] -  Train Loss: 0.1615, Train Acc: 0.9727, Train F1: 0.9859
[2025-11-17 15:39:28][INFO][Rank 0] -  Train Balanced Acc: 0.8885, Train AUC: 0.9644
[2025-11-17 15:39:28][INFO][Rank 0] -  Train Sensitivity: 0.9770, Train Specificity: 0.8000
[2025-11-17 15:39:28][INFO][Rank 0] -  Val Loss: 0.1137, Val Acc: 0.9767, Val F1: 0.9880
[2025-11-17 15:39:28][INFO][Rank 0] -  Val Balanced Acc: 0.8288, Val AUC: 0.9794
[2025-11-17 15:39:28][INFO][Rank 0] -  Val Sensitivity: 0.9848, Val Specificity: 0.6729
[2025-11-17 15:39:28][INFO][Rank 0] -  Total Epoch Time: 1587.96s
[2025-11-17 15:39:28][INFO][Rank 0] - Epoch 9/24
[2025-11-17 15:39:28][INFO][Rank 0] - ----------
[2025-11-17 15:39:28][INFO][Rank 0] - CUDA Memory [train][Step 0]: Device 0: Allocated: 3309.6 MB, Reserved: 117540.0 MB (Δ: +1687.0 MB)
[2025-11-17 15:39:28][INFO][Rank 0] - train phase: total 1935 batches
[2025-11-17 15:39:28][INFO][Rank 0] - train Epoch 9/24: 0.0% (0/1935)
[2025-11-17 15:39:35][INFO][Rank 0] - train Epoch 9/24: 0.5% (10/1935)
[2025-11-17 15:39:42][INFO][Rank 0] - train Epoch 9/24: 1.0% (20/1935)
[2025-11-17 15:39:49][INFO][Rank 0] - train Epoch 9/24: 1.6% (30/1935)
[2025-11-17 15:39:56][INFO][Rank 0] - train Epoch 9/24: 2.1% (40/1935)
[2025-11-17 15:40:03][INFO][Rank 0] - train Epoch 9/24: 2.6% (50/1935)
[2025-11-17 15:40:10][INFO][Rank 0] - train Epoch 9/24: 3.1% (60/1935)
[2025-11-17 15:40:17][INFO][Rank 0] - train Epoch 9/24: 3.6% (70/1935)
[2025-11-17 15:40:25][INFO][Rank 0] - train Epoch 9/24: 4.1% (80/1935)
[2025-11-17 15:40:32][INFO][Rank 0] - train Epoch 9/24: 4.7% (90/1935)
[2025-11-17 15:40:32][INFO][Rank 0] - CUDA Memory [train][Step 90]: Device 0: Allocated: 3309.6 MB, Reserved: 117540.0 MB (Δ: +1687.0 MB)
[2025-11-17 15:40:39][INFO][Rank 0] - train Epoch 9/24: 5.2% (100/1935)
[2025-11-17 15:40:46][INFO][Rank 0] - train Epoch 9/24: 5.7% (110/1935)
[2025-11-17 15:40:53][INFO][Rank 0] - train Epoch 9/24: 6.2% (120/1935)
[2025-11-17 15:41:00][INFO][Rank 0] - train Epoch 9/24: 6.7% (130/1935)
[2025-11-17 15:41:07][INFO][Rank 0] - train Epoch 9/24: 7.2% (140/1935)
[2025-11-17 15:41:14][INFO][Rank 0] - train Epoch 9/24: 7.8% (150/1935)
[2025-11-17 15:41:21][INFO][Rank 0] - train Epoch 9/24: 8.3% (160/1935)
[2025-11-17 15:41:28][INFO][Rank 0] - train Epoch 9/24: 8.8% (170/1935)
[2025-11-17 15:41:35][INFO][Rank 0] - train Epoch 9/24: 9.3% (180/1935)
[2025-11-17 15:41:36][INFO][Rank 0] - CUDA Memory [train][Step 180]: Device 0: Allocated: 3309.6 MB, Reserved: 117540.0 MB (Δ: +1687.0 MB)
[2025-11-17 15:41:42][INFO][Rank 0] - train Epoch 9/24: 9.8% (190/1935)
[2025-11-17 15:41:49][INFO][Rank 0] - train Epoch 9/24: 10.3% (200/1935)
[2025-11-17 15:41:57][INFO][Rank 0] - train Epoch 9/24: 10.9% (210/1935)
[2025-11-17 15:42:04][INFO][Rank 0] - train Epoch 9/24: 11.4% (220/1935)
[2025-11-17 15:42:11][INFO][Rank 0] - train Epoch 9/24: 11.9% (230/1935)
[2025-11-17 15:42:18][INFO][Rank 0] - train Epoch 9/24: 12.4% (240/1935)
[2025-11-17 15:42:25][INFO][Rank 0] - train Epoch 9/24: 12.9% (250/1935)
[2025-11-17 15:42:32][INFO][Rank 0] - train Epoch 9/24: 13.4% (260/1935)
[2025-11-17 15:42:39][INFO][Rank 0] - train Epoch 9/24: 14.0% (270/1935)
[2025-11-17 15:42:40][INFO][Rank 0] - CUDA Memory [train][Step 270]: Device 0: Allocated: 3309.6 MB, Reserved: 117540.0 MB (Δ: +1687.0 MB)
[2025-11-17 15:42:46][INFO][Rank 0] - train Epoch 9/24: 14.5% (280/1935)
[2025-11-17 15:42:53][INFO][Rank 0] - train Epoch 9/24: 15.0% (290/1935)
[2025-11-17 15:43:00][INFO][Rank 0] - train Epoch 9/24: 15.5% (300/1935)
[2025-11-17 15:43:07][INFO][Rank 0] - train Epoch 9/24: 16.0% (310/1935)
[2025-11-17 15:43:14][INFO][Rank 0] - train Epoch 9/24: 16.5% (320/1935)
[2025-11-17 15:43:21][INFO][Rank 0] - train Epoch 9/24: 17.1% (330/1935)
[2025-11-17 15:43:29][INFO][Rank 0] - train Epoch 9/24: 17.6% (340/1935)
[2025-11-17 15:43:36][INFO][Rank 0] - train Epoch 9/24: 18.1% (350/1935)
[2025-11-17 15:43:43][INFO][Rank 0] - train Epoch 9/24: 18.6% (360/1935)
[2025-11-17 15:43:43][INFO][Rank 0] - CUDA Memory [train][Step 360]: Device 0: Allocated: 3309.6 MB, Reserved: 117540.0 MB (Δ: +1687.0 MB)
[2025-11-17 15:43:50][INFO][Rank 0] - train Epoch 9/24: 19.1% (370/1935)
[2025-11-17 15:43:57][INFO][Rank 0] - train Epoch 9/24: 19.6% (380/1935)
[2025-11-17 15:44:04][INFO][Rank 0] - train Epoch 9/24: 20.2% (390/1935)
[2025-11-17 15:44:11][INFO][Rank 0] - train Epoch 9/24: 20.7% (400/1935)
[2025-11-17 15:44:18][INFO][Rank 0] - train Epoch 9/24: 21.2% (410/1935)
[2025-11-17 15:44:25][INFO][Rank 0] - train Epoch 9/24: 21.7% (420/1935)
[2025-11-17 15:44:32][INFO][Rank 0] - train Epoch 9/24: 22.2% (430/1935)
[2025-11-17 15:44:39][INFO][Rank 0] - train Epoch 9/24: 22.7% (440/1935)
[2025-11-17 15:44:46][INFO][Rank 0] - train Epoch 9/24: 23.3% (450/1935)
[2025-11-17 15:44:47][INFO][Rank 0] - CUDA Memory [train][Step 450]: Device 0: Allocated: 3309.6 MB, Reserved: 117540.0 MB (Δ: +1687.0 MB)
[2025-11-17 15:44:54][INFO][Rank 0] - train Epoch 9/24: 23.8% (460/1935)
[2025-11-17 15:45:01][INFO][Rank 0] - train Epoch 9/24: 24.3% (470/1935)
[2025-11-17 15:45:08][INFO][Rank 0] - train Epoch 9/24: 24.8% (480/1935)
[2025-11-17 15:45:15][INFO][Rank 0] - train Epoch 9/24: 25.3% (490/1935)
[2025-11-17 15:45:22][INFO][Rank 0] - train Epoch 9/24: 25.8% (500/1935)
[2025-11-17 15:45:29][INFO][Rank 0] - train Epoch 9/24: 26.4% (510/1935)
[2025-11-17 15:45:36][INFO][Rank 0] - train Epoch 9/24: 26.9% (520/1935)
[2025-11-17 15:45:43][INFO][Rank 0] - train Epoch 9/24: 27.4% (530/1935)
[2025-11-17 15:45:50][INFO][Rank 0] - train Epoch 9/24: 27.9% (540/1935)
[2025-11-17 15:45:51][INFO][Rank 0] - CUDA Memory [train][Step 540]: Device 0: Allocated: 3309.6 MB, Reserved: 117540.0 MB (Δ: +1687.0 MB)
[2025-11-17 15:45:57][INFO][Rank 0] - train Epoch 9/24: 28.4% (550/1935)
[2025-11-17 15:46:04][INFO][Rank 0] - train Epoch 9/24: 28.9% (560/1935)
[2025-11-17 15:46:11][INFO][Rank 0] - train Epoch 9/24: 29.5% (570/1935)
[2025-11-17 15:46:18][INFO][Rank 0] - train Epoch 9/24: 30.0% (580/1935)
[2025-11-17 15:46:26][INFO][Rank 0] - train Epoch 9/24: 30.5% (590/1935)
[2025-11-17 15:46:33][INFO][Rank 0] - train Epoch 9/24: 31.0% (600/1935)
[2025-11-17 15:46:40][INFO][Rank 0] - train Epoch 9/24: 31.5% (610/1935)
[2025-11-17 15:46:47][INFO][Rank 0] - train Epoch 9/24: 32.0% (620/1935)
[2025-11-17 15:46:54][INFO][Rank 0] - train Epoch 9/24: 32.6% (630/1935)
[2025-11-17 15:46:55][INFO][Rank 0] - CUDA Memory [train][Step 630]: Device 0: Allocated: 3309.6 MB, Reserved: 117540.0 MB (Δ: +1687.0 MB)
[2025-11-17 15:47:01][INFO][Rank 0] - train Epoch 9/24: 33.1% (640/1935)
[2025-11-17 15:47:08][INFO][Rank 0] - train Epoch 9/24: 33.6% (650/1935)
[2025-11-17 15:47:15][INFO][Rank 0] - train Epoch 9/24: 34.1% (660/1935)
[2025-11-17 15:47:22][INFO][Rank 0] - train Epoch 9/24: 34.6% (670/1935)
[2025-11-17 15:47:29][INFO][Rank 0] - train Epoch 9/24: 35.1% (680/1935)
[2025-11-17 15:47:36][INFO][Rank 0] - train Epoch 9/24: 35.7% (690/1935)
[2025-11-17 15:47:43][INFO][Rank 0] - train Epoch 9/24: 36.2% (700/1935)
[2025-11-17 15:47:50][INFO][Rank 0] - train Epoch 9/24: 36.7% (710/1935)
[2025-11-17 15:47:58][INFO][Rank 0] - train Epoch 9/24: 37.2% (720/1935)
[2025-11-17 15:47:58][INFO][Rank 0] - CUDA Memory [train][Step 720]: Device 0: Allocated: 3309.6 MB, Reserved: 117540.0 MB (Δ: +1687.0 MB)
[2025-11-17 15:48:05][INFO][Rank 0] - train Epoch 9/24: 37.7% (730/1935)
[2025-11-17 15:48:12][INFO][Rank 0] - train Epoch 9/24: 38.2% (740/1935)
[2025-11-17 15:48:19][INFO][Rank 0] - train Epoch 9/24: 38.8% (750/1935)
[2025-11-17 15:48:26][INFO][Rank 0] - train Epoch 9/24: 39.3% (760/1935)
[2025-11-17 15:48:33][INFO][Rank 0] - train Epoch 9/24: 39.8% (770/1935)
[2025-11-17 15:48:40][INFO][Rank 0] - train Epoch 9/24: 40.3% (780/1935)
[2025-11-17 15:48:47][INFO][Rank 0] - train Epoch 9/24: 40.8% (790/1935)
[2025-11-17 15:48:54][INFO][Rank 0] - train Epoch 9/24: 41.3% (800/1935)
[2025-11-17 15:49:01][INFO][Rank 0] - train Epoch 9/24: 41.9% (810/1935)
[2025-11-17 15:49:02][INFO][Rank 0] - CUDA Memory [train][Step 810]: Device 0: Allocated: 3309.6 MB, Reserved: 117540.0 MB (Δ: +1687.0 MB)
[2025-11-17 15:49:08][INFO][Rank 0] - train Epoch 9/24: 42.4% (820/1935)
[2025-11-17 15:49:15][INFO][Rank 0] - train Epoch 9/24: 42.9% (830/1935)
[2025-11-17 15:49:23][INFO][Rank 0] - train Epoch 9/24: 43.4% (840/1935)
[2025-11-17 15:49:30][INFO][Rank 0] - train Epoch 9/24: 43.9% (850/1935)
[2025-11-17 15:49:37][INFO][Rank 0] - train Epoch 9/24: 44.4% (860/1935)
[2025-11-17 15:49:44][INFO][Rank 0] - train Epoch 9/24: 45.0% (870/1935)
[2025-11-17 15:49:51][INFO][Rank 0] - train Epoch 9/24: 45.5% (880/1935)
[2025-11-17 15:49:58][INFO][Rank 0] - train Epoch 9/24: 46.0% (890/1935)
[2025-11-17 15:50:05][INFO][Rank 0] - train Epoch 9/24: 46.5% (900/1935)
[2025-11-17 15:50:06][INFO][Rank 0] - CUDA Memory [train][Step 900]: Device 0: Allocated: 3309.6 MB, Reserved: 117540.0 MB (Δ: +1687.0 MB)
[2025-11-17 15:50:12][INFO][Rank 0] - train Epoch 9/24: 47.0% (910/1935)
[2025-11-17 15:50:19][INFO][Rank 0] - train Epoch 9/24: 47.5% (920/1935)
[2025-11-17 15:50:26][INFO][Rank 0] - train Epoch 9/24: 48.1% (930/1935)
[2025-11-17 15:50:33][INFO][Rank 0] - train Epoch 9/24: 48.6% (940/1935)
[2025-11-17 15:50:40][INFO][Rank 0] - train Epoch 9/24: 49.1% (950/1935)
[2025-11-17 15:50:47][INFO][Rank 0] - train Epoch 9/24: 49.6% (960/1935)
[2025-11-17 15:50:55][INFO][Rank 0] - train Epoch 9/24: 50.1% (970/1935)
[2025-11-17 15:51:02][INFO][Rank 0] - train Epoch 9/24: 50.6% (980/1935)
[2025-11-17 15:51:09][INFO][Rank 0] - train Epoch 9/24: 51.2% (990/1935)
[2025-11-17 15:51:09][INFO][Rank 0] - CUDA Memory [train][Step 990]: Device 0: Allocated: 3309.6 MB, Reserved: 117540.0 MB (Δ: +1687.0 MB)
[2025-11-17 15:51:16][INFO][Rank 0] - train Epoch 9/24: 51.7% (1000/1935)
[2025-11-17 15:51:23][INFO][Rank 0] - train Epoch 9/24: 52.2% (1010/1935)
[2025-11-17 15:51:30][INFO][Rank 0] - train Epoch 9/24: 52.7% (1020/1935)
[2025-11-17 15:51:37][INFO][Rank 0] - train Epoch 9/24: 53.2% (1030/1935)
[2025-11-17 15:51:44][INFO][Rank 0] - train Epoch 9/24: 53.7% (1040/1935)
[2025-11-17 15:51:51][INFO][Rank 0] - train Epoch 9/24: 54.3% (1050/1935)
[2025-11-17 15:51:58][INFO][Rank 0] - train Epoch 9/24: 54.8% (1060/1935)
[2025-11-17 15:52:05][INFO][Rank 0] - train Epoch 9/24: 55.3% (1070/1935)
[2025-11-17 15:52:12][INFO][Rank 0] - train Epoch 9/24: 55.8% (1080/1935)
[2025-11-17 15:52:13][INFO][Rank 0] - CUDA Memory [train][Step 1080]: Device 0: Allocated: 3309.6 MB, Reserved: 117540.0 MB (Δ: +1687.0 MB)
[2025-11-17 15:52:19][INFO][Rank 0] - train Epoch 9/24: 56.3% (1090/1935)
[2025-11-17 15:52:27][INFO][Rank 0] - train Epoch 9/24: 56.8% (1100/1935)
[2025-11-17 15:52:34][INFO][Rank 0] - train Epoch 9/24: 57.4% (1110/1935)
[2025-11-17 15:52:41][INFO][Rank 0] - train Epoch 9/24: 57.9% (1120/1935)
[2025-11-17 15:52:48][INFO][Rank 0] - train Epoch 9/24: 58.4% (1130/1935)
[2025-11-17 15:52:55][INFO][Rank 0] - train Epoch 9/24: 58.9% (1140/1935)
[2025-11-17 15:53:02][INFO][Rank 0] - train Epoch 9/24: 59.4% (1150/1935)
[2025-11-17 15:53:09][INFO][Rank 0] - train Epoch 9/24: 59.9% (1160/1935)
[2025-11-17 15:53:16][INFO][Rank 0] - train Epoch 9/24: 60.5% (1170/1935)
[2025-11-17 15:53:17][INFO][Rank 0] - CUDA Memory [train][Step 1170]: Device 0: Allocated: 3309.6 MB, Reserved: 117540.0 MB (Δ: +1687.0 MB)
[2025-11-17 15:53:23][INFO][Rank 0] - train Epoch 9/24: 61.0% (1180/1935)
[2025-11-17 15:53:30][INFO][Rank 0] - train Epoch 9/24: 61.5% (1190/1935)
[2025-11-17 15:53:37][INFO][Rank 0] - train Epoch 9/24: 62.0% (1200/1935)
[2025-11-17 15:53:44][INFO][Rank 0] - train Epoch 9/24: 62.5% (1210/1935)
[2025-11-17 15:53:52][INFO][Rank 0] - train Epoch 9/24: 63.0% (1220/1935)
[2025-11-17 15:53:59][INFO][Rank 0] - train Epoch 9/24: 63.6% (1230/1935)
[2025-11-17 15:54:06][INFO][Rank 0] - train Epoch 9/24: 64.1% (1240/1935)
[2025-11-17 15:54:13][INFO][Rank 0] - train Epoch 9/24: 64.6% (1250/1935)
[2025-11-17 15:54:20][INFO][Rank 0] - train Epoch 9/24: 65.1% (1260/1935)
[2025-11-17 15:54:21][INFO][Rank 0] - CUDA Memory [train][Step 1260]: Device 0: Allocated: 3309.6 MB, Reserved: 117540.0 MB (Δ: +1687.0 MB)
[2025-11-17 15:54:27][INFO][Rank 0] - train Epoch 9/24: 65.6% (1270/1935)
[2025-11-17 15:54:34][INFO][Rank 0] - train Epoch 9/24: 66.1% (1280/1935)
[2025-11-17 15:54:41][INFO][Rank 0] - train Epoch 9/24: 66.7% (1290/1935)
[2025-11-17 15:54:48][INFO][Rank 0] - train Epoch 9/24: 67.2% (1300/1935)
[2025-11-17 15:54:55][INFO][Rank 0] - train Epoch 9/24: 67.7% (1310/1935)
[2025-11-17 15:55:02][INFO][Rank 0] - train Epoch 9/24: 68.2% (1320/1935)
[2025-11-17 15:55:09][INFO][Rank 0] - train Epoch 9/24: 68.7% (1330/1935)
[2025-11-17 15:55:16][INFO][Rank 0] - train Epoch 9/24: 69.3% (1340/1935)
[2025-11-17 15:55:24][INFO][Rank 0] - train Epoch 9/24: 69.8% (1350/1935)
[2025-11-17 15:55:24][INFO][Rank 0] - CUDA Memory [train][Step 1350]: Device 0: Allocated: 3309.6 MB, Reserved: 117540.0 MB (Δ: +1687.0 MB)
[2025-11-17 15:55:31][INFO][Rank 0] - train Epoch 9/24: 70.3% (1360/1935)
[2025-11-17 15:55:38][INFO][Rank 0] - train Epoch 9/24: 70.8% (1370/1935)
[2025-11-17 15:55:45][INFO][Rank 0] - train Epoch 9/24: 71.3% (1380/1935)
[2025-11-17 15:55:52][INFO][Rank 0] - train Epoch 9/24: 71.8% (1390/1935)
[2025-11-17 15:55:59][INFO][Rank 0] - train Epoch 9/24: 72.4% (1400/1935)
[2025-11-17 15:56:06][INFO][Rank 0] - train Epoch 9/24: 72.9% (1410/1935)
[2025-11-17 15:56:13][INFO][Rank 0] - train Epoch 9/24: 73.4% (1420/1935)
[2025-11-17 15:56:20][INFO][Rank 0] - train Epoch 9/24: 73.9% (1430/1935)
[2025-11-17 15:56:27][INFO][Rank 0] - train Epoch 9/24: 74.4% (1440/1935)
[2025-11-17 15:56:28][INFO][Rank 0] - CUDA Memory [train][Step 1440]: Device 0: Allocated: 3309.6 MB, Reserved: 117540.0 MB (Δ: +1687.0 MB)
[2025-11-17 15:56:34][INFO][Rank 0] - train Epoch 9/24: 74.9% (1450/1935)
[2025-11-17 15:56:41][INFO][Rank 0] - train Epoch 9/24: 75.5% (1460/1935)
[2025-11-17 15:56:48][INFO][Rank 0] - train Epoch 9/24: 76.0% (1470/1935)
[2025-11-17 15:56:56][INFO][Rank 0] - train Epoch 9/24: 76.5% (1480/1935)
[2025-11-17 15:57:03][INFO][Rank 0] - train Epoch 9/24: 77.0% (1490/1935)
[2025-11-17 15:57:10][INFO][Rank 0] - train Epoch 9/24: 77.5% (1500/1935)
[2025-11-17 15:57:17][INFO][Rank 0] - train Epoch 9/24: 78.0% (1510/1935)
[2025-11-17 15:57:24][INFO][Rank 0] - train Epoch 9/24: 78.6% (1520/1935)
[2025-11-17 15:57:31][INFO][Rank 0] - train Epoch 9/24: 79.1% (1530/1935)
[2025-11-17 15:57:32][INFO][Rank 0] - CUDA Memory [train][Step 1530]: Device 0: Allocated: 3309.6 MB, Reserved: 117540.0 MB (Δ: +1687.0 MB)
[2025-11-17 15:57:38][INFO][Rank 0] - train Epoch 9/24: 79.6% (1540/1935)
[2025-11-17 15:57:45][INFO][Rank 0] - train Epoch 9/24: 80.1% (1550/1935)
[2025-11-17 15:57:52][INFO][Rank 0] - train Epoch 9/24: 80.6% (1560/1935)
[2025-11-17 15:57:59][INFO][Rank 0] - train Epoch 9/24: 81.1% (1570/1935)
[2025-11-17 15:58:06][INFO][Rank 0] - train Epoch 9/24: 81.7% (1580/1935)
[2025-11-17 15:58:13][INFO][Rank 0] - train Epoch 9/24: 82.2% (1590/1935)
[2025-11-17 15:58:20][INFO][Rank 0] - train Epoch 9/24: 82.7% (1600/1935)
[2025-11-17 15:58:28][INFO][Rank 0] - train Epoch 9/24: 83.2% (1610/1935)
[2025-11-17 15:58:35][INFO][Rank 0] - train Epoch 9/24: 83.7% (1620/1935)
[2025-11-17 15:58:35][INFO][Rank 0] - CUDA Memory [train][Step 1620]: Device 0: Allocated: 3309.6 MB, Reserved: 117540.0 MB (Δ: +1687.0 MB)
[2025-11-17 15:58:42][INFO][Rank 0] - train Epoch 9/24: 84.2% (1630/1935)
[2025-11-17 15:58:49][INFO][Rank 0] - train Epoch 9/24: 84.8% (1640/1935)
[2025-11-17 15:58:56][INFO][Rank 0] - train Epoch 9/24: 85.3% (1650/1935)
[2025-11-17 15:59:03][INFO][Rank 0] - train Epoch 9/24: 85.8% (1660/1935)
[2025-11-17 15:59:10][INFO][Rank 0] - train Epoch 9/24: 86.3% (1670/1935)
[2025-11-17 15:59:17][INFO][Rank 0] - train Epoch 9/24: 86.8% (1680/1935)
[2025-11-17 15:59:24][INFO][Rank 0] - train Epoch 9/24: 87.3% (1690/1935)
[2025-11-17 15:59:31][INFO][Rank 0] - train Epoch 9/24: 87.9% (1700/1935)
[2025-11-17 15:59:38][INFO][Rank 0] - train Epoch 9/24: 88.4% (1710/1935)
[2025-11-17 15:59:39][INFO][Rank 0] - CUDA Memory [train][Step 1710]: Device 0: Allocated: 3309.6 MB, Reserved: 117540.0 MB (Δ: +1687.0 MB)
[2025-11-17 15:59:45][INFO][Rank 0] - train Epoch 9/24: 88.9% (1720/1935)
[2025-11-17 15:59:52][INFO][Rank 0] - train Epoch 9/24: 89.4% (1730/1935)
[2025-11-17 16:00:00][INFO][Rank 0] - train Epoch 9/24: 89.9% (1740/1935)
[2025-11-17 16:00:07][INFO][Rank 0] - train Epoch 9/24: 90.4% (1750/1935)
[2025-11-17 16:00:14][INFO][Rank 0] - train Epoch 9/24: 91.0% (1760/1935)
[2025-11-17 16:00:21][INFO][Rank 0] - train Epoch 9/24: 91.5% (1770/1935)
[2025-11-17 16:00:28][INFO][Rank 0] - train Epoch 9/24: 92.0% (1780/1935)
[2025-11-17 16:00:35][INFO][Rank 0] - train Epoch 9/24: 92.5% (1790/1935)
[2025-11-17 16:00:42][INFO][Rank 0] - train Epoch 9/24: 93.0% (1800/1935)
[2025-11-17 16:00:43][INFO][Rank 0] - CUDA Memory [train][Step 1800]: Device 0: Allocated: 3309.6 MB, Reserved: 117540.0 MB (Δ: +1687.0 MB)
[2025-11-17 16:00:49][INFO][Rank 0] - train Epoch 9/24: 93.5% (1810/1935)
[2025-11-17 16:00:56][INFO][Rank 0] - train Epoch 9/24: 94.1% (1820/1935)
[2025-11-17 16:01:03][INFO][Rank 0] - train Epoch 9/24: 94.6% (1830/1935)
[2025-11-17 16:01:10][INFO][Rank 0] - train Epoch 9/24: 95.1% (1840/1935)
[2025-11-17 16:01:17][INFO][Rank 0] - train Epoch 9/24: 95.6% (1850/1935)
[2025-11-17 16:01:24][INFO][Rank 0] - train Epoch 9/24: 96.1% (1860/1935)
[2025-11-17 16:01:32][INFO][Rank 0] - train Epoch 9/24: 96.6% (1870/1935)
[2025-11-17 16:01:39][INFO][Rank 0] - train Epoch 9/24: 97.2% (1880/1935)
[2025-11-17 16:01:46][INFO][Rank 0] - train Epoch 9/24: 97.7% (1890/1935)
[2025-11-17 16:01:46][INFO][Rank 0] - CUDA Memory [train][Step 1890]: Device 0: Allocated: 3309.6 MB, Reserved: 117540.0 MB (Δ: +1687.0 MB)
[2025-11-17 16:01:53][INFO][Rank 0] - train Epoch 9/24: 98.2% (1900/1935)
[2025-11-17 16:02:00][INFO][Rank 0] - train Epoch 9/24: 98.7% (1910/1935)
[2025-11-17 16:02:07][INFO][Rank 0] - train Epoch 9/24: 99.2% (1920/1935)
[2025-11-17 16:02:14][INFO][Rank 0] - train Epoch 9/24: 99.7% (1930/1935)
[2025-11-17 16:02:17][INFO][Rank 0] - train Epoch 9/24: 99.9% (1934/1935)
[2025-11-17 16:02:18][INFO][Rank 0] - train Loss: 0.1516 Acc: 0.9746 F1: 0.9869
[2025-11-17 16:02:18][INFO][Rank 0] - train Balanced Acc: 0.8780 AUC-ROC: 0.9675
[2025-11-17 16:02:18][INFO][Rank 0] - train Sensitivity: 0.9796 Specificity: 0.7764
[2025-11-17 16:02:18][INFO][Rank 0] - train Confusion Matrix: TP=18491, FP=106, FN=385, TN=368
[2025-11-17 16:02:18][INFO][Rank 0] - train completed in 1369.92s
[2025-11-17 16:02:18][INFO][Rank 0] - Data loading time: 0.93s, Forward time: 278.74s, Backward time: 743.02s
[2025-11-17 16:02:18][INFO][Rank 0] - train cache: 0/1 items, hit rate: 0.00%
[2025-11-17 16:02:18][INFO][Rank 0] - CUDA Memory [val][Step 0]: Device 0: Allocated: 3309.6 MB, Reserved: 117540.0 MB (Δ: +1687.0 MB)
[2025-11-17 16:02:18][INFO][Rank 0] - val phase: total 412 batches
[2025-11-17 16:02:18][INFO][Rank 0] - val Epoch 9/24: 0.0% (0/412)
[2025-11-17 16:02:23][INFO][Rank 0] - val Epoch 9/24: 2.4% (10/412)
[2025-11-17 16:02:28][INFO][Rank 0] - val Epoch 9/24: 4.9% (20/412)
[2025-11-17 16:02:33][INFO][Rank 0] - val Epoch 9/24: 7.3% (30/412)
[2025-11-17 16:02:38][INFO][Rank 0] - val Epoch 9/24: 9.7% (40/412)
[2025-11-17 16:02:43][INFO][Rank 0] - val Epoch 9/24: 12.1% (50/412)
[2025-11-17 16:02:48][INFO][Rank 0] - val Epoch 9/24: 14.6% (60/412)
[2025-11-17 16:02:53][INFO][Rank 0] - val Epoch 9/24: 17.0% (70/412)
[2025-11-17 16:02:59][INFO][Rank 0] - val Epoch 9/24: 19.4% (80/412)
[2025-11-17 16:03:04][INFO][Rank 0] - val Epoch 9/24: 21.8% (90/412)
[2025-11-17 16:03:09][INFO][Rank 0] - val Epoch 9/24: 24.3% (100/412)
[2025-11-17 16:03:14][INFO][Rank 0] - val Epoch 9/24: 26.7% (110/412)
[2025-11-17 16:03:19][INFO][Rank 0] - val Epoch 9/24: 29.1% (120/412)
[2025-11-17 16:03:19][INFO][Rank 0] - CUDA Memory [val][Step 120]: Device 0: Allocated: 3309.6 MB, Reserved: 117540.0 MB (Δ: +1687.0 MB)
[2025-11-17 16:03:24][INFO][Rank 0] - val Epoch 9/24: 31.6% (130/412)
[2025-11-17 16:03:29][INFO][Rank 0] - val Epoch 9/24: 34.0% (140/412)
[2025-11-17 16:03:34][INFO][Rank 0] - val Epoch 9/24: 36.4% (150/412)
[2025-11-17 16:03:39][INFO][Rank 0] - val Epoch 9/24: 38.8% (160/412)
[2025-11-17 16:03:44][INFO][Rank 0] - val Epoch 9/24: 41.3% (170/412)
[2025-11-17 16:03:49][INFO][Rank 0] - val Epoch 9/24: 43.7% (180/412)
[2025-11-17 16:03:55][INFO][Rank 0] - val Epoch 9/24: 46.1% (190/412)
[2025-11-17 16:04:00][INFO][Rank 0] - val Epoch 9/24: 48.5% (200/412)
[2025-11-17 16:04:05][INFO][Rank 0] - val Epoch 9/24: 51.0% (210/412)
[2025-11-17 16:04:10][INFO][Rank 0] - val Epoch 9/24: 53.4% (220/412)
[2025-11-17 16:04:15][INFO][Rank 0] - val Epoch 9/24: 55.8% (230/412)
[2025-11-17 16:04:20][INFO][Rank 0] - val Epoch 9/24: 58.3% (240/412)
[2025-11-17 16:04:21][INFO][Rank 0] - CUDA Memory [val][Step 240]: Device 0: Allocated: 3309.6 MB, Reserved: 117540.0 MB (Δ: +1687.0 MB)
[2025-11-17 16:04:25][INFO][Rank 0] - val Epoch 9/24: 60.7% (250/412)
[2025-11-17 16:04:30][INFO][Rank 0] - val Epoch 9/24: 63.1% (260/412)
[2025-11-17 16:04:35][INFO][Rank 0] - val Epoch 9/24: 65.5% (270/412)
[2025-11-17 16:04:40][INFO][Rank 0] - val Epoch 9/24: 68.0% (280/412)
[2025-11-17 16:04:45][INFO][Rank 0] - val Epoch 9/24: 70.4% (290/412)
[2025-11-17 16:04:50][INFO][Rank 0] - val Epoch 9/24: 72.8% (300/412)
[2025-11-17 16:04:56][INFO][Rank 0] - val Epoch 9/24: 75.2% (310/412)
[2025-11-17 16:05:01][INFO][Rank 0] - val Epoch 9/24: 77.7% (320/412)
[2025-11-17 16:05:06][INFO][Rank 0] - val Epoch 9/24: 80.1% (330/412)
[2025-11-17 16:05:11][INFO][Rank 0] - val Epoch 9/24: 82.5% (340/412)
[2025-11-17 16:05:16][INFO][Rank 0] - val Epoch 9/24: 85.0% (350/412)
[2025-11-17 16:05:21][INFO][Rank 0] - val Epoch 9/24: 87.4% (360/412)
[2025-11-17 16:05:22][INFO][Rank 0] - CUDA Memory [val][Step 360]: Device 0: Allocated: 3309.6 MB, Reserved: 117540.0 MB (Δ: +1687.0 MB)
[2025-11-17 16:05:26][INFO][Rank 0] - val Epoch 9/24: 89.8% (370/412)
[2025-11-17 16:05:31][INFO][Rank 0] - val Epoch 9/24: 92.2% (380/412)
[2025-11-17 16:05:36][INFO][Rank 0] - val Epoch 9/24: 94.7% (390/412)
[2025-11-17 16:05:41][INFO][Rank 0] - val Epoch 9/24: 97.1% (400/412)
[2025-11-17 16:05:46][INFO][Rank 0] - val Epoch 9/24: 99.5% (410/412)
[2025-11-17 16:05:47][INFO][Rank 0] - val Epoch 9/24: 99.8% (411/412)
[2025-11-17 16:05:47][INFO][Rank 0] - val Loss: 0.1177 Acc: 0.9794 F1: 0.9894
[2025-11-17 16:05:47][INFO][Rank 0] - val Balanced Acc: 0.8166 AUC-ROC: 0.9800
[2025-11-17 16:05:47][INFO][Rank 0] - val Sensitivity: 0.9883 Specificity: 0.6449
[2025-11-17 16:05:47][INFO][Rank 0] - val Confusion Matrix: TP=3966, FP=38, FN=47, TN=69
[2025-11-17 16:05:47][INFO][Rank 0] - val completed in 209.89s
[2025-11-17 16:05:47][INFO][Rank 0] - val cache: 0/1 items, hit rate: 0.00%
[2025-11-17 16:05:51][INFO][Rank 0] - Saved new best accuracy model with accuracy: 0.9794 at /projects/retprogression/rgarridogarcia/checkpoints/cropped1024_cropped_centered_wt_allR_2/best_acc_model.pth
[2025-11-17 16:05:55][INFO][Rank 0] - Saved new best f1 model with f1: 0.9894 at /projects/retprogression/rgarridogarcia/checkpoints/cropped1024_cropped_centered_wt_allR_2/best_f1_model.pth
[2025-11-17 16:05:59][INFO][Rank 0] - Saved new best auc model with auc: 0.9800 at /projects/retprogression/rgarridogarcia/checkpoints/cropped1024_cropped_centered_wt_allR_2/best_auc_model.pth
[2025-11-17 16:06:03][INFO][Rank 0] - Saved epoch checkpoint at /projects/retprogression/rgarridogarcia/checkpoints/cropped1024_cropped_centered_wt_allR_2/epoch_9.pth
[2025-11-17 16:06:03][INFO][Rank 0] - Epoch 9 summary:
[2025-11-17 16:06:03][INFO][Rank 0] -  Train Loss: 0.1516, Train Acc: 0.9746, Train F1: 0.9869
[2025-11-17 16:06:03][INFO][Rank 0] -  Train Balanced Acc: 0.8780, Train AUC: 0.9675
[2025-11-17 16:06:03][INFO][Rank 0] -  Train Sensitivity: 0.9796, Train Specificity: 0.7764
[2025-11-17 16:06:03][INFO][Rank 0] -  Val Loss: 0.1177, Val Acc: 0.9794, Val F1: 0.9894
[2025-11-17 16:06:03][INFO][Rank 0] -  Val Balanced Acc: 0.8166, Val AUC: 0.9800
[2025-11-17 16:06:03][INFO][Rank 0] -  Val Sensitivity: 0.9883, Val Specificity: 0.6449
[2025-11-17 16:06:03][INFO][Rank 0] -  Total Epoch Time: 1595.14s
[2025-11-17 16:06:03][INFO][Rank 0] - Epoch 10/24
[2025-11-17 16:06:03][INFO][Rank 0] - ----------
[2025-11-17 16:06:03][INFO][Rank 0] - CUDA Memory [train][Step 0]: Device 0: Allocated: 3309.6 MB, Reserved: 117540.0 MB (Δ: +1687.0 MB)
[2025-11-17 16:06:03][INFO][Rank 0] - train phase: total 1935 batches
[2025-11-17 16:06:03][INFO][Rank 0] - train Epoch 10/24: 0.0% (0/1935)
[2025-11-17 16:06:10][INFO][Rank 0] - train Epoch 10/24: 0.5% (10/1935)
[2025-11-17 16:06:18][INFO][Rank 0] - train Epoch 10/24: 1.0% (20/1935)
[2025-11-17 16:06:25][INFO][Rank 0] - train Epoch 10/24: 1.6% (30/1935)
[2025-11-17 16:06:32][INFO][Rank 0] - train Epoch 10/24: 2.1% (40/1935)
[2025-11-17 16:06:39][INFO][Rank 0] - train Epoch 10/24: 2.6% (50/1935)
[2025-11-17 16:06:46][INFO][Rank 0] - train Epoch 10/24: 3.1% (60/1935)
[2025-11-17 16:06:53][INFO][Rank 0] - train Epoch 10/24: 3.6% (70/1935)
[2025-11-17 16:07:00][INFO][Rank 0] - train Epoch 10/24: 4.1% (80/1935)
[2025-11-17 16:07:07][INFO][Rank 0] - train Epoch 10/24: 4.7% (90/1935)
[2025-11-17 16:07:08][INFO][Rank 0] - CUDA Memory [train][Step 90]: Device 0: Allocated: 3309.6 MB, Reserved: 117540.0 MB (Δ: +1687.0 MB)
[2025-11-17 16:07:14][INFO][Rank 0] - train Epoch 10/24: 5.2% (100/1935)
[2025-11-17 16:07:21][INFO][Rank 0] - train Epoch 10/24: 5.7% (110/1935)
[2025-11-17 16:07:28][INFO][Rank 0] - train Epoch 10/24: 6.2% (120/1935)
[2025-11-17 16:07:36][INFO][Rank 0] - train Epoch 10/24: 6.7% (130/1935)
[2025-11-17 16:07:43][INFO][Rank 0] - train Epoch 10/24: 7.2% (140/1935)
[2025-11-17 16:07:50][INFO][Rank 0] - train Epoch 10/24: 7.8% (150/1935)
[2025-11-17 16:07:57][INFO][Rank 0] - train Epoch 10/24: 8.3% (160/1935)
[2025-11-17 16:08:04][INFO][Rank 0] - train Epoch 10/24: 8.8% (170/1935)
[2025-11-17 16:08:11][INFO][Rank 0] - train Epoch 10/24: 9.3% (180/1935)
[2025-11-17 16:08:12][INFO][Rank 0] - CUDA Memory [train][Step 180]: Device 0: Allocated: 3309.6 MB, Reserved: 117540.0 MB (Δ: +1687.0 MB)
[2025-11-17 16:08:18][INFO][Rank 0] - train Epoch 10/24: 9.8% (190/1935)
[2025-11-17 16:08:25][INFO][Rank 0] - train Epoch 10/24: 10.3% (200/1935)
[2025-11-17 16:08:32][INFO][Rank 0] - train Epoch 10/24: 10.9% (210/1935)
[2025-11-17 16:08:39][INFO][Rank 0] - train Epoch 10/24: 11.4% (220/1935)
[2025-11-17 16:08:46][INFO][Rank 0] - train Epoch 10/24: 11.9% (230/1935)
[2025-11-17 16:08:53][INFO][Rank 0] - train Epoch 10/24: 12.4% (240/1935)
[2025-11-17 16:09:00][INFO][Rank 0] - train Epoch 10/24: 12.9% (250/1935)
[2025-11-17 16:09:08][INFO][Rank 0] - train Epoch 10/24: 13.4% (260/1935)
[2025-11-17 16:09:15][INFO][Rank 0] - train Epoch 10/24: 14.0% (270/1935)
[2025-11-17 16:09:15][INFO][Rank 0] - CUDA Memory [train][Step 270]: Device 0: Allocated: 3309.6 MB, Reserved: 117540.0 MB (Δ: +1687.0 MB)
[2025-11-17 16:09:22][INFO][Rank 0] - train Epoch 10/24: 14.5% (280/1935)
[2025-11-17 16:09:29][INFO][Rank 0] - train Epoch 10/24: 15.0% (290/1935)
[2025-11-17 16:09:36][INFO][Rank 0] - train Epoch 10/24: 15.5% (300/1935)
[2025-11-17 16:09:43][INFO][Rank 0] - train Epoch 10/24: 16.0% (310/1935)
[2025-11-17 16:09:50][INFO][Rank 0] - train Epoch 10/24: 16.5% (320/1935)
[2025-11-17 16:09:57][INFO][Rank 0] - train Epoch 10/24: 17.1% (330/1935)
[2025-11-17 16:10:04][INFO][Rank 0] - train Epoch 10/24: 17.6% (340/1935)
[2025-11-17 16:10:11][INFO][Rank 0] - train Epoch 10/24: 18.1% (350/1935)
[2025-11-17 16:10:18][INFO][Rank 0] - train Epoch 10/24: 18.6% (360/1935)
[2025-11-17 16:10:19][INFO][Rank 0] - CUDA Memory [train][Step 360]: Device 0: Allocated: 3309.6 MB, Reserved: 117540.0 MB (Δ: +1687.0 MB)
[2025-11-17 16:10:25][INFO][Rank 0] - train Epoch 10/24: 19.1% (370/1935)
[2025-11-17 16:10:32][INFO][Rank 0] - train Epoch 10/24: 19.6% (380/1935)
[2025-11-17 16:10:40][INFO][Rank 0] - train Epoch 10/24: 20.2% (390/1935)
[2025-11-17 16:10:47][INFO][Rank 0] - train Epoch 10/24: 20.7% (400/1935)
[2025-11-17 16:10:54][INFO][Rank 0] - train Epoch 10/24: 21.2% (410/1935)
[2025-11-17 16:11:01][INFO][Rank 0] - train Epoch 10/24: 21.7% (420/1935)
[2025-11-17 16:11:08][INFO][Rank 0] - train Epoch 10/24: 22.2% (430/1935)
[2025-11-17 16:11:15][INFO][Rank 0] - train Epoch 10/24: 22.7% (440/1935)
[2025-11-17 16:11:22][INFO][Rank 0] - train Epoch 10/24: 23.3% (450/1935)
[2025-11-17 16:11:23][INFO][Rank 0] - CUDA Memory [train][Step 450]: Device 0: Allocated: 3309.6 MB, Reserved: 117540.0 MB (Δ: +1687.0 MB)
[2025-11-17 16:11:29][INFO][Rank 0] - train Epoch 10/24: 23.8% (460/1935)
[2025-11-17 16:11:36][INFO][Rank 0] - train Epoch 10/24: 24.3% (470/1935)
[2025-11-17 16:11:43][INFO][Rank 0] - train Epoch 10/24: 24.8% (480/1935)
[2025-11-17 16:11:50][INFO][Rank 0] - train Epoch 10/24: 25.3% (490/1935)
[2025-11-17 16:11:57][INFO][Rank 0] - train Epoch 10/24: 25.8% (500/1935)
[2025-11-17 16:12:05][INFO][Rank 0] - train Epoch 10/24: 26.4% (510/1935)
[2025-11-17 16:12:12][INFO][Rank 0] - train Epoch 10/24: 26.9% (520/1935)
[2025-11-17 16:12:19][INFO][Rank 0] - train Epoch 10/24: 27.4% (530/1935)
[2025-11-17 16:12:26][INFO][Rank 0] - train Epoch 10/24: 27.9% (540/1935)
[2025-11-17 16:12:26][INFO][Rank 0] - CUDA Memory [train][Step 540]: Device 0: Allocated: 3309.6 MB, Reserved: 117540.0 MB (Δ: +1687.0 MB)
[2025-11-17 16:12:33][INFO][Rank 0] - train Epoch 10/24: 28.4% (550/1935)
[2025-11-17 16:12:40][INFO][Rank 0] - train Epoch 10/24: 28.9% (560/1935)
[2025-11-17 16:12:47][INFO][Rank 0] - train Epoch 10/24: 29.5% (570/1935)
[2025-11-17 16:12:54][INFO][Rank 0] - train Epoch 10/24: 30.0% (580/1935)
[2025-11-17 16:13:01][INFO][Rank 0] - train Epoch 10/24: 30.5% (590/1935)
[2025-11-17 16:13:08][INFO][Rank 0] - train Epoch 10/24: 31.0% (600/1935)
[2025-11-17 16:13:15][INFO][Rank 0] - train Epoch 10/24: 31.5% (610/1935)
[2025-11-17 16:13:22][INFO][Rank 0] - train Epoch 10/24: 32.0% (620/1935)
[2025-11-17 16:13:29][INFO][Rank 0] - train Epoch 10/24: 32.6% (630/1935)
[2025-11-17 16:13:30][INFO][Rank 0] - CUDA Memory [train][Step 630]: Device 0: Allocated: 3309.6 MB, Reserved: 117540.0 MB (Δ: +1687.0 MB)
[2025-11-17 16:13:37][INFO][Rank 0] - train Epoch 10/24: 33.1% (640/1935)
[2025-11-17 16:13:44][INFO][Rank 0] - train Epoch 10/24: 33.6% (650/1935)
[2025-11-17 16:13:51][INFO][Rank 0] - train Epoch 10/24: 34.1% (660/1935)
[2025-11-17 16:13:58][INFO][Rank 0] - train Epoch 10/24: 34.6% (670/1935)
[2025-11-17 16:14:05][INFO][Rank 0] - train Epoch 10/24: 35.1% (680/1935)
[2025-11-17 16:14:12][INFO][Rank 0] - train Epoch 10/24: 35.7% (690/1935)
[2025-11-17 16:14:19][INFO][Rank 0] - train Epoch 10/24: 36.2% (700/1935)
[2025-11-17 16:14:26][INFO][Rank 0] - train Epoch 10/24: 36.7% (710/1935)
[2025-11-17 16:14:33][INFO][Rank 0] - train Epoch 10/24: 37.2% (720/1935)
[2025-11-17 16:14:34][INFO][Rank 0] - CUDA Memory [train][Step 720]: Device 0: Allocated: 3309.6 MB, Reserved: 117540.0 MB (Δ: +1687.0 MB)
[2025-11-17 16:14:40][INFO][Rank 0] - train Epoch 10/24: 37.7% (730/1935)
[2025-11-17 16:14:47][INFO][Rank 0] - train Epoch 10/24: 38.2% (740/1935)
[2025-11-17 16:14:54][INFO][Rank 0] - train Epoch 10/24: 38.8% (750/1935)
[2025-11-17 16:15:01][INFO][Rank 0] - train Epoch 10/24: 39.3% (760/1935)
[2025-11-17 16:15:09][INFO][Rank 0] - train Epoch 10/24: 39.8% (770/1935)
[2025-11-17 16:15:16][INFO][Rank 0] - train Epoch 10/24: 40.3% (780/1935)
[2025-11-17 16:15:23][INFO][Rank 0] - train Epoch 10/24: 40.8% (790/1935)
[2025-11-17 16:15:30][INFO][Rank 0] - train Epoch 10/24: 41.3% (800/1935)
[2025-11-17 16:15:37][INFO][Rank 0] - train Epoch 10/24: 41.9% (810/1935)
[2025-11-17 16:15:38][INFO][Rank 0] - CUDA Memory [train][Step 810]: Device 0: Allocated: 3309.6 MB, Reserved: 117540.0 MB (Δ: +1687.0 MB)
[2025-11-17 16:15:44][INFO][Rank 0] - train Epoch 10/24: 42.4% (820/1935)
[2025-11-17 16:15:51][INFO][Rank 0] - train Epoch 10/24: 42.9% (830/1935)
[2025-11-17 16:15:58][INFO][Rank 0] - train Epoch 10/24: 43.4% (840/1935)
[2025-11-17 16:16:05][INFO][Rank 0] - train Epoch 10/24: 43.9% (850/1935)
[2025-11-17 16:16:12][INFO][Rank 0] - train Epoch 10/24: 44.4% (860/1935)
[2025-11-17 16:16:19][INFO][Rank 0] - train Epoch 10/24: 45.0% (870/1935)
[2025-11-17 16:16:26][INFO][Rank 0] - train Epoch 10/24: 45.5% (880/1935)
[2025-11-17 16:16:34][INFO][Rank 0] - train Epoch 10/24: 46.0% (890/1935)
[2025-11-17 16:16:41][INFO][Rank 0] - train Epoch 10/24: 46.5% (900/1935)
[2025-11-17 16:16:41][INFO][Rank 0] - CUDA Memory [train][Step 900]: Device 0: Allocated: 3309.6 MB, Reserved: 117540.0 MB (Δ: +1687.0 MB)
[2025-11-17 16:16:48][INFO][Rank 0] - train Epoch 10/24: 47.0% (910/1935)
[2025-11-17 16:16:55][INFO][Rank 0] - train Epoch 10/24: 47.5% (920/1935)
[2025-11-17 16:17:02][INFO][Rank 0] - train Epoch 10/24: 48.1% (930/1935)
[2025-11-17 16:17:09][INFO][Rank 0] - train Epoch 10/24: 48.6% (940/1935)
[2025-11-17 16:17:16][INFO][Rank 0] - train Epoch 10/24: 49.1% (950/1935)
[2025-11-17 16:17:23][INFO][Rank 0] - train Epoch 10/24: 49.6% (960/1935)
[2025-11-17 16:17:30][INFO][Rank 0] - train Epoch 10/24: 50.1% (970/1935)
[2025-11-17 16:17:37][INFO][Rank 0] - train Epoch 10/24: 50.6% (980/1935)
[2025-11-17 16:17:44][INFO][Rank 0] - train Epoch 10/24: 51.2% (990/1935)
[2025-11-17 16:17:45][INFO][Rank 0] - CUDA Memory [train][Step 990]: Device 0: Allocated: 3309.6 MB, Reserved: 117540.0 MB (Δ: +1687.0 MB)
[2025-11-17 16:17:51][INFO][Rank 0] - train Epoch 10/24: 51.7% (1000/1935)
[2025-11-17 16:17:58][INFO][Rank 0] - train Epoch 10/24: 52.2% (1010/1935)
[2025-11-17 16:18:06][INFO][Rank 0] - train Epoch 10/24: 52.7% (1020/1935)
[2025-11-17 16:18:13][INFO][Rank 0] - train Epoch 10/24: 53.2% (1030/1935)
[2025-11-17 16:18:20][INFO][Rank 0] - train Epoch 10/24: 53.7% (1040/1935)
[2025-11-17 16:18:27][INFO][Rank 0] - train Epoch 10/24: 54.3% (1050/1935)
[2025-11-17 16:18:34][INFO][Rank 0] - train Epoch 10/24: 54.8% (1060/1935)
[2025-11-17 16:18:41][INFO][Rank 0] - train Epoch 10/24: 55.3% (1070/1935)
[2025-11-17 16:18:48][INFO][Rank 0] - train Epoch 10/24: 55.8% (1080/1935)
[2025-11-17 16:18:49][INFO][Rank 0] - CUDA Memory [train][Step 1080]: Device 0: Allocated: 3309.6 MB, Reserved: 117540.0 MB (Δ: +1687.0 MB)
[2025-11-17 16:18:55][INFO][Rank 0] - train Epoch 10/24: 56.3% (1090/1935)
[2025-11-17 16:19:02][INFO][Rank 0] - train Epoch 10/24: 56.8% (1100/1935)
[2025-11-17 16:19:09][INFO][Rank 0] - train Epoch 10/24: 57.4% (1110/1935)
[2025-11-17 16:19:16][INFO][Rank 0] - train Epoch 10/24: 57.9% (1120/1935)
[2025-11-17 16:19:23][INFO][Rank 0] - train Epoch 10/24: 58.4% (1130/1935)
[2025-11-17 16:19:30][INFO][Rank 0] - train Epoch 10/24: 58.9% (1140/1935)
[2025-11-17 16:19:38][INFO][Rank 0] - train Epoch 10/24: 59.4% (1150/1935)
[2025-11-17 16:19:45][INFO][Rank 0] - train Epoch 10/24: 59.9% (1160/1935)
[2025-11-17 16:19:52][INFO][Rank 0] - train Epoch 10/24: 60.5% (1170/1935)
[2025-11-17 16:19:52][INFO][Rank 0] - CUDA Memory [train][Step 1170]: Device 0: Allocated: 3309.6 MB, Reserved: 117540.0 MB (Δ: +1687.0 MB)
[2025-11-17 16:19:59][INFO][Rank 0] - train Epoch 10/24: 61.0% (1180/1935)
[2025-11-17 16:20:06][INFO][Rank 0] - train Epoch 10/24: 61.5% (1190/1935)
[2025-11-17 16:20:13][INFO][Rank 0] - train Epoch 10/24: 62.0% (1200/1935)
[2025-11-17 16:20:20][INFO][Rank 0] - train Epoch 10/24: 62.5% (1210/1935)
[2025-11-17 16:20:27][INFO][Rank 0] - train Epoch 10/24: 63.0% (1220/1935)
[2025-11-17 16:20:34][INFO][Rank 0] - train Epoch 10/24: 63.6% (1230/1935)
[2025-11-17 16:20:41][INFO][Rank 0] - train Epoch 10/24: 64.1% (1240/1935)
[2025-11-17 16:20:48][INFO][Rank 0] - train Epoch 10/24: 64.6% (1250/1935)
[2025-11-17 16:20:55][INFO][Rank 0] - train Epoch 10/24: 65.1% (1260/1935)
[2025-11-17 16:20:56][INFO][Rank 0] - CUDA Memory [train][Step 1260]: Device 0: Allocated: 3309.6 MB, Reserved: 117540.0 MB (Δ: +1687.0 MB)
[2025-11-17 16:21:03][INFO][Rank 0] - train Epoch 10/24: 65.6% (1270/1935)
[2025-11-17 16:21:10][INFO][Rank 0] - train Epoch 10/24: 66.1% (1280/1935)
[2025-11-17 16:21:17][INFO][Rank 0] - train Epoch 10/24: 66.7% (1290/1935)
[2025-11-17 16:21:24][INFO][Rank 0] - train Epoch 10/24: 67.2% (1300/1935)
[2025-11-17 16:21:31][INFO][Rank 0] - train Epoch 10/24: 67.7% (1310/1935)
[2025-11-17 16:21:38][INFO][Rank 0] - train Epoch 10/24: 68.2% (1320/1935)
[2025-11-17 16:21:45][INFO][Rank 0] - train Epoch 10/24: 68.7% (1330/1935)
[2025-11-17 16:21:52][INFO][Rank 0] - train Epoch 10/24: 69.3% (1340/1935)
[2025-11-17 16:21:59][INFO][Rank 0] - train Epoch 10/24: 69.8% (1350/1935)
[2025-11-17 16:22:00][INFO][Rank 0] - CUDA Memory [train][Step 1350]: Device 0: Allocated: 3309.6 MB, Reserved: 117540.0 MB (Δ: +1687.0 MB)
[2025-11-17 16:22:06][INFO][Rank 0] - train Epoch 10/24: 70.3% (1360/1935)
[2025-11-17 16:22:13][INFO][Rank 0] - train Epoch 10/24: 70.8% (1370/1935)
[2025-11-17 16:22:20][INFO][Rank 0] - train Epoch 10/24: 71.3% (1380/1935)
[2025-11-17 16:22:27][INFO][Rank 0] - train Epoch 10/24: 71.8% (1390/1935)
[2025-11-17 16:22:35][INFO][Rank 0] - train Epoch 10/24: 72.4% (1400/1935)
[2025-11-17 16:22:42][INFO][Rank 0] - train Epoch 10/24: 72.9% (1410/1935)
[2025-11-17 16:22:49][INFO][Rank 0] - train Epoch 10/24: 73.4% (1420/1935)
[2025-11-17 16:22:56][INFO][Rank 0] - train Epoch 10/24: 73.9% (1430/1935)
[2025-11-17 16:23:03][INFO][Rank 0] - train Epoch 10/24: 74.4% (1440/1935)
[2025-11-17 16:23:04][INFO][Rank 0] - CUDA Memory [train][Step 1440]: Device 0: Allocated: 3309.6 MB, Reserved: 117540.0 MB (Δ: +1687.0 MB)
[2025-11-17 16:23:10][INFO][Rank 0] - train Epoch 10/24: 74.9% (1450/1935)
[2025-11-17 16:23:17][INFO][Rank 0] - train Epoch 10/24: 75.5% (1460/1935)
[2025-11-17 16:23:24][INFO][Rank 0] - train Epoch 10/24: 76.0% (1470/1935)
[2025-11-17 16:23:31][INFO][Rank 0] - train Epoch 10/24: 76.5% (1480/1935)
[2025-11-17 16:23:38][INFO][Rank 0] - train Epoch 10/24: 77.0% (1490/1935)
[2025-11-17 16:23:45][INFO][Rank 0] - train Epoch 10/24: 77.5% (1500/1935)
[2025-11-17 16:23:52][INFO][Rank 0] - train Epoch 10/24: 78.0% (1510/1935)
[2025-11-17 16:24:00][INFO][Rank 0] - train Epoch 10/24: 78.6% (1520/1935)
[2025-11-17 16:24:07][INFO][Rank 0] - train Epoch 10/24: 79.1% (1530/1935)
[2025-11-17 16:24:07][INFO][Rank 0] - CUDA Memory [train][Step 1530]: Device 0: Allocated: 3309.6 MB, Reserved: 117540.0 MB (Δ: +1687.0 MB)
[2025-11-17 16:24:14][INFO][Rank 0] - train Epoch 10/24: 79.6% (1540/1935)
[2025-11-17 16:24:21][INFO][Rank 0] - train Epoch 10/24: 80.1% (1550/1935)
[2025-11-17 16:24:28][INFO][Rank 0] - train Epoch 10/24: 80.6% (1560/1935)
[2025-11-17 16:24:35][INFO][Rank 0] - train Epoch 10/24: 81.1% (1570/1935)
[2025-11-17 16:24:42][INFO][Rank 0] - train Epoch 10/24: 81.7% (1580/1935)
[2025-11-17 16:24:49][INFO][Rank 0] - train Epoch 10/24: 82.2% (1590/1935)
[2025-11-17 16:24:56][INFO][Rank 0] - train Epoch 10/24: 82.7% (1600/1935)
[2025-11-17 16:25:03][INFO][Rank 0] - train Epoch 10/24: 83.2% (1610/1935)
[2025-11-17 16:25:10][INFO][Rank 0] - train Epoch 10/24: 83.7% (1620/1935)
[2025-11-17 16:25:11][INFO][Rank 0] - CUDA Memory [train][Step 1620]: Device 0: Allocated: 3309.6 MB, Reserved: 117540.0 MB (Δ: +1687.0 MB)
[2025-11-17 16:25:17][INFO][Rank 0] - train Epoch 10/24: 84.2% (1630/1935)
[2025-11-17 16:25:24][INFO][Rank 0] - train Epoch 10/24: 84.8% (1640/1935)
[2025-11-17 16:25:32][INFO][Rank 0] - train Epoch 10/24: 85.3% (1650/1935)
[2025-11-17 16:25:39][INFO][Rank 0] - train Epoch 10/24: 85.8% (1660/1935)
[2025-11-17 16:25:46][INFO][Rank 0] - train Epoch 10/24: 86.3% (1670/1935)
[2025-11-17 16:25:53][INFO][Rank 0] - train Epoch 10/24: 86.8% (1680/1935)
[2025-11-17 16:26:00][INFO][Rank 0] - train Epoch 10/24: 87.3% (1690/1935)
[2025-11-17 16:26:07][INFO][Rank 0] - train Epoch 10/24: 87.9% (1700/1935)
[2025-11-17 16:26:14][INFO][Rank 0] - train Epoch 10/24: 88.4% (1710/1935)
[2025-11-17 16:26:15][INFO][Rank 0] - CUDA Memory [train][Step 1710]: Device 0: Allocated: 3309.6 MB, Reserved: 117540.0 MB (Δ: +1687.0 MB)
[2025-11-17 16:26:21][INFO][Rank 0] - train Epoch 10/24: 88.9% (1720/1935)
[2025-11-17 16:26:28][INFO][Rank 0] - train Epoch 10/24: 89.4% (1730/1935)
[2025-11-17 16:26:35][INFO][Rank 0] - train Epoch 10/24: 89.9% (1740/1935)
[2025-11-17 16:26:42][INFO][Rank 0] - train Epoch 10/24: 90.4% (1750/1935)
[2025-11-17 16:26:49][INFO][Rank 0] - train Epoch 10/24: 91.0% (1760/1935)
[2025-11-17 16:26:57][INFO][Rank 0] - train Epoch 10/24: 91.5% (1770/1935)
[2025-11-17 16:27:04][INFO][Rank 0] - train Epoch 10/24: 92.0% (1780/1935)
[2025-11-17 16:27:11][INFO][Rank 0] - train Epoch 10/24: 92.5% (1790/1935)
[2025-11-17 16:27:18][INFO][Rank 0] - train Epoch 10/24: 93.0% (1800/1935)
[2025-11-17 16:27:18][INFO][Rank 0] - CUDA Memory [train][Step 1800]: Device 0: Allocated: 3309.6 MB, Reserved: 117540.0 MB (Δ: +1687.0 MB)
[2025-11-17 16:27:25][INFO][Rank 0] - train Epoch 10/24: 93.5% (1810/1935)
[2025-11-17 16:27:32][INFO][Rank 0] - train Epoch 10/24: 94.1% (1820/1935)
[2025-11-17 16:27:39][INFO][Rank 0] - train Epoch 10/24: 94.6% (1830/1935)
[2025-11-17 16:27:46][INFO][Rank 0] - train Epoch 10/24: 95.1% (1840/1935)
[2025-11-17 16:27:53][INFO][Rank 0] - train Epoch 10/24: 95.6% (1850/1935)
[2025-11-17 16:28:00][INFO][Rank 0] - train Epoch 10/24: 96.1% (1860/1935)
[2025-11-17 16:28:07][INFO][Rank 0] - train Epoch 10/24: 96.6% (1870/1935)
[2025-11-17 16:28:14][INFO][Rank 0] - train Epoch 10/24: 97.2% (1880/1935)
[2025-11-17 16:28:21][INFO][Rank 0] - train Epoch 10/24: 97.7% (1890/1935)
[2025-11-17 16:28:22][INFO][Rank 0] - CUDA Memory [train][Step 1890]: Device 0: Allocated: 3309.6 MB, Reserved: 117540.0 MB (Δ: +1687.0 MB)
[2025-11-17 16:28:29][INFO][Rank 0] - train Epoch 10/24: 98.2% (1900/1935)
[2025-11-17 16:28:36][INFO][Rank 0] - train Epoch 10/24: 98.7% (1910/1935)
[2025-11-17 16:28:43][INFO][Rank 0] - train Epoch 10/24: 99.2% (1920/1935)
[2025-11-17 16:28:50][INFO][Rank 0] - train Epoch 10/24: 99.7% (1930/1935)
[2025-11-17 16:28:53][INFO][Rank 0] - train Epoch 10/24: 99.9% (1934/1935)
[2025-11-17 16:28:53][INFO][Rank 0] - train Loss: 0.1575 Acc: 0.9772 F1: 0.9882
[2025-11-17 16:28:53][INFO][Rank 0] - train Balanced Acc: 0.8908 AUC-ROC: 0.9661
[2025-11-17 16:28:53][INFO][Rank 0] - train Sensitivity: 0.9816 Specificity: 0.8000
[2025-11-17 16:28:53][INFO][Rank 0] - train Confusion Matrix: TP=18528, FP=95, FN=347, TN=380
[2025-11-17 16:28:53][INFO][Rank 0] - train completed in 1370.56s
[2025-11-17 16:28:53][INFO][Rank 0] - Data loading time: 1.27s, Forward time: 278.81s, Backward time: 743.14s
[2025-11-17 16:28:53][INFO][Rank 0] - train cache: 0/1 items, hit rate: 0.00%
[2025-11-17 16:28:53][INFO][Rank 0] - CUDA Memory [val][Step 0]: Device 0: Allocated: 3309.6 MB, Reserved: 117540.0 MB (Δ: +1687.0 MB)
[2025-11-17 16:28:53][INFO][Rank 0] - val phase: total 412 batches
[2025-11-17 16:28:53][INFO][Rank 0] - val Epoch 10/24: 0.0% (0/412)
[2025-11-17 16:28:59][INFO][Rank 0] - val Epoch 10/24: 2.4% (10/412)
[2025-11-17 16:29:04][INFO][Rank 0] - val Epoch 10/24: 4.9% (20/412)
[2025-11-17 16:29:09][INFO][Rank 0] - val Epoch 10/24: 7.3% (30/412)
[2025-11-17 16:29:14][INFO][Rank 0] - val Epoch 10/24: 9.7% (40/412)
[2025-11-17 16:29:19][INFO][Rank 0] - val Epoch 10/24: 12.1% (50/412)
[2025-11-17 16:29:24][INFO][Rank 0] - val Epoch 10/24: 14.6% (60/412)
[2025-11-17 16:29:29][INFO][Rank 0] - val Epoch 10/24: 17.0% (70/412)
[2025-11-17 16:29:34][INFO][Rank 0] - val Epoch 10/24: 19.4% (80/412)
[2025-11-17 16:29:39][INFO][Rank 0] - val Epoch 10/24: 21.8% (90/412)
[2025-11-17 16:29:44][INFO][Rank 0] - val Epoch 10/24: 24.3% (100/412)
[2025-11-17 16:29:50][INFO][Rank 0] - val Epoch 10/24: 26.7% (110/412)
[2025-11-17 16:29:55][INFO][Rank 0] - val Epoch 10/24: 29.1% (120/412)
[2025-11-17 16:29:55][INFO][Rank 0] - CUDA Memory [val][Step 120]: Device 0: Allocated: 3309.6 MB, Reserved: 117540.0 MB (Δ: +1687.0 MB)
[2025-11-17 16:30:00][INFO][Rank 0] - val Epoch 10/24: 31.6% (130/412)
[2025-11-17 16:30:05][INFO][Rank 0] - val Epoch 10/24: 34.0% (140/412)
[2025-11-17 16:30:10][INFO][Rank 0] - val Epoch 10/24: 36.4% (150/412)
[2025-11-17 16:30:15][INFO][Rank 0] - val Epoch 10/24: 38.8% (160/412)
[2025-11-17 16:30:20][INFO][Rank 0] - val Epoch 10/24: 41.3% (170/412)
[2025-11-17 16:30:25][INFO][Rank 0] - val Epoch 10/24: 43.7% (180/412)
[2025-11-17 16:30:30][INFO][Rank 0] - val Epoch 10/24: 46.1% (190/412)
[2025-11-17 16:30:35][INFO][Rank 0] - val Epoch 10/24: 48.5% (200/412)
[2025-11-17 16:30:40][INFO][Rank 0] - val Epoch 10/24: 51.0% (210/412)
[2025-11-17 16:30:45][INFO][Rank 0] - val Epoch 10/24: 53.4% (220/412)
[2025-11-17 16:30:51][INFO][Rank 0] - val Epoch 10/24: 55.8% (230/412)
[2025-11-17 16:30:56][INFO][Rank 0] - val Epoch 10/24: 58.3% (240/412)
[2025-11-17 16:30:56][INFO][Rank 0] - CUDA Memory [val][Step 240]: Device 0: Allocated: 3309.6 MB, Reserved: 117540.0 MB (Δ: +1687.0 MB)
[2025-11-17 16:31:01][INFO][Rank 0] - val Epoch 10/24: 60.7% (250/412)
[2025-11-17 16:31:06][INFO][Rank 0] - val Epoch 10/24: 63.1% (260/412)
[2025-11-17 16:31:11][INFO][Rank 0] - val Epoch 10/24: 65.5% (270/412)
[2025-11-17 16:31:16][INFO][Rank 0] - val Epoch 10/24: 68.0% (280/412)
[2025-11-17 16:31:21][INFO][Rank 0] - val Epoch 10/24: 70.4% (290/412)
[2025-11-17 16:31:26][INFO][Rank 0] - val Epoch 10/24: 72.8% (300/412)
[2025-11-17 16:31:31][INFO][Rank 0] - val Epoch 10/24: 75.2% (310/412)
[2025-11-17 16:31:36][INFO][Rank 0] - val Epoch 10/24: 77.7% (320/412)
[2025-11-17 16:31:41][INFO][Rank 0] - val Epoch 10/24: 80.1% (330/412)
[2025-11-17 16:31:47][INFO][Rank 0] - val Epoch 10/24: 82.5% (340/412)
[2025-11-17 16:31:52][INFO][Rank 0] - val Epoch 10/24: 85.0% (350/412)
[2025-11-17 16:31:57][INFO][Rank 0] - val Epoch 10/24: 87.4% (360/412)
[2025-11-17 16:31:57][INFO][Rank 0] - CUDA Memory [val][Step 360]: Device 0: Allocated: 3309.6 MB, Reserved: 117540.0 MB (Δ: +1687.0 MB)
[2025-11-17 16:32:02][INFO][Rank 0] - val Epoch 10/24: 89.8% (370/412)
[2025-11-17 16:32:07][INFO][Rank 0] - val Epoch 10/24: 92.2% (380/412)
[2025-11-17 16:32:12][INFO][Rank 0] - val Epoch 10/24: 94.7% (390/412)
[2025-11-17 16:32:17][INFO][Rank 0] - val Epoch 10/24: 97.1% (400/412)
[2025-11-17 16:32:22][INFO][Rank 0] - val Epoch 10/24: 99.5% (410/412)
[2025-11-17 16:32:23][INFO][Rank 0] - val Epoch 10/24: 99.8% (411/412)
[2025-11-17 16:32:23][INFO][Rank 0] - val Loss: 0.1089 Acc: 0.9726 F1: 0.9858
[2025-11-17 16:32:23][INFO][Rank 0] - val Balanced Acc: 0.8540 AUC-ROC: 0.9799
[2025-11-17 16:32:23][INFO][Rank 0] - val Sensitivity: 0.9791 Specificity: 0.7290
[2025-11-17 16:32:23][INFO][Rank 0] - val Confusion Matrix: TP=3929, FP=29, FN=84, TN=78
[2025-11-17 16:32:23][INFO][Rank 0] - val completed in 209.81s
[2025-11-17 16:32:23][INFO][Rank 0] - val cache: 0/1 items, hit rate: 0.00%
[2025-11-17 16:32:27][INFO][Rank 0] - Saved new best balanced_acc model with balanced_acc: 0.8540 at /projects/retprogression/rgarridogarcia/checkpoints/cropped1024_cropped_centered_wt_allR_2/best_balanced_acc_model.pth
[2025-11-17 16:32:31][INFO][Rank 0] - Also saved as general best model at /projects/retprogression/rgarridogarcia/checkpoints/cropped1024_cropped_centered_wt_allR_2/best_model.pth
[2025-11-17 16:32:35][INFO][Rank 0] - Saved epoch checkpoint at /projects/retprogression/rgarridogarcia/checkpoints/cropped1024_cropped_centered_wt_allR_2/epoch_10.pth
[2025-11-17 16:32:35][INFO][Rank 0] - Epoch 10 summary:
[2025-11-17 16:32:35][INFO][Rank 0] -  Train Loss: 0.1575, Train Acc: 0.9772, Train F1: 0.9882
[2025-11-17 16:32:35][INFO][Rank 0] -  Train Balanced Acc: 0.8908, Train AUC: 0.9661
[2025-11-17 16:32:35][INFO][Rank 0] -  Train Sensitivity: 0.9816, Train Specificity: 0.8000
[2025-11-17 16:32:35][INFO][Rank 0] -  Val Loss: 0.1089, Val Acc: 0.9726, Val F1: 0.9858
[2025-11-17 16:32:35][INFO][Rank 0] -  Val Balanced Acc: 0.8540, Val AUC: 0.9799
[2025-11-17 16:32:35][INFO][Rank 0] -  Val Sensitivity: 0.9791, Val Specificity: 0.7290
[2025-11-17 16:32:35][INFO][Rank 0] -  Total Epoch Time: 1591.86s
[2025-11-17 16:32:35][INFO][Rank 0] - Epoch 11/24
[2025-11-17 16:32:35][INFO][Rank 0] - ----------
[2025-11-17 16:32:35][INFO][Rank 0] - CUDA Memory [train][Step 0]: Device 0: Allocated: 3309.6 MB, Reserved: 117540.0 MB (Δ: +1687.0 MB)
[2025-11-17 16:32:35][INFO][Rank 0] - train phase: total 1935 batches
[2025-11-17 16:32:35][INFO][Rank 0] - train Epoch 11/24: 0.0% (0/1935)
[2025-11-17 16:32:42][INFO][Rank 0] - train Epoch 11/24: 0.5% (10/1935)
[2025-11-17 16:32:49][INFO][Rank 0] - train Epoch 11/24: 1.0% (20/1935)
[2025-11-17 16:32:56][INFO][Rank 0] - train Epoch 11/24: 1.6% (30/1935)
[2025-11-17 16:33:04][INFO][Rank 0] - train Epoch 11/24: 2.1% (40/1935)
[2025-11-17 16:33:11][INFO][Rank 0] - train Epoch 11/24: 2.6% (50/1935)
[2025-11-17 16:33:18][INFO][Rank 0] - train Epoch 11/24: 3.1% (60/1935)
[2025-11-17 16:33:25][INFO][Rank 0] - train Epoch 11/24: 3.6% (70/1935)
[2025-11-17 16:33:32][INFO][Rank 0] - train Epoch 11/24: 4.1% (80/1935)
[2025-11-17 16:33:39][INFO][Rank 0] - train Epoch 11/24: 4.7% (90/1935)
[2025-11-17 16:33:40][INFO][Rank 0] - CUDA Memory [train][Step 90]: Device 0: Allocated: 3309.6 MB, Reserved: 117540.0 MB (Δ: +1687.0 MB)
[2025-11-17 16:33:46][INFO][Rank 0] - train Epoch 11/24: 5.2% (100/1935)
[2025-11-17 16:33:53][INFO][Rank 0] - train Epoch 11/24: 5.7% (110/1935)
[2025-11-17 16:34:00][INFO][Rank 0] - train Epoch 11/24: 6.2% (120/1935)
[2025-11-17 16:34:07][INFO][Rank 0] - train Epoch 11/24: 6.7% (130/1935)
[2025-11-17 16:34:14][INFO][Rank 0] - train Epoch 11/24: 7.2% (140/1935)
[2025-11-17 16:34:21][INFO][Rank 0] - train Epoch 11/24: 7.8% (150/1935)
[2025-11-17 16:34:28][INFO][Rank 0] - train Epoch 11/24: 8.3% (160/1935)
[2025-11-17 16:34:36][INFO][Rank 0] - train Epoch 11/24: 8.8% (170/1935)
[2025-11-17 16:34:43][INFO][Rank 0] - train Epoch 11/24: 9.3% (180/1935)
[2025-11-17 16:34:43][INFO][Rank 0] - CUDA Memory [train][Step 180]: Device 0: Allocated: 3309.6 MB, Reserved: 117540.0 MB (Δ: +1687.0 MB)
[2025-11-17 16:34:50][INFO][Rank 0] - train Epoch 11/24: 9.8% (190/1935)
[2025-11-17 16:34:57][INFO][Rank 0] - train Epoch 11/24: 10.3% (200/1935)
[2025-11-17 16:35:04][INFO][Rank 0] - train Epoch 11/24: 10.9% (210/1935)
[2025-11-17 16:35:11][INFO][Rank 0] - train Epoch 11/24: 11.4% (220/1935)
[2025-11-17 16:35:18][INFO][Rank 0] - train Epoch 11/24: 11.9% (230/1935)
[2025-11-17 16:35:25][INFO][Rank 0] - train Epoch 11/24: 12.4% (240/1935)
[2025-11-17 16:35:32][INFO][Rank 0] - train Epoch 11/24: 12.9% (250/1935)
[2025-11-17 16:35:39][INFO][Rank 0] - train Epoch 11/24: 13.4% (260/1935)
[2025-11-17 16:35:46][INFO][Rank 0] - train Epoch 11/24: 14.0% (270/1935)
[2025-11-17 16:35:47][INFO][Rank 0] - CUDA Memory [train][Step 270]: Device 0: Allocated: 3309.6 MB, Reserved: 117540.0 MB (Δ: +1687.0 MB)
[2025-11-17 16:35:53][INFO][Rank 0] - train Epoch 11/24: 14.5% (280/1935)
[2025-11-17 16:36:01][INFO][Rank 0] - train Epoch 11/24: 15.0% (290/1935)
[2025-11-17 16:36:08][INFO][Rank 0] - train Epoch 11/24: 15.5% (300/1935)
[2025-11-17 16:36:15][INFO][Rank 0] - train Epoch 11/24: 16.0% (310/1935)
[2025-11-17 16:36:22][INFO][Rank 0] - train Epoch 11/24: 16.5% (320/1935)
[2025-11-17 16:36:29][INFO][Rank 0] - train Epoch 11/24: 17.1% (330/1935)
[2025-11-17 16:36:36][INFO][Rank 0] - train Epoch 11/24: 17.6% (340/1935)
[2025-11-17 16:36:43][INFO][Rank 0] - train Epoch 11/24: 18.1% (350/1935)
[2025-11-17 16:36:50][INFO][Rank 0] - train Epoch 11/24: 18.6% (360/1935)
[2025-11-17 16:36:51][INFO][Rank 0] - CUDA Memory [train][Step 360]: Device 0: Allocated: 3309.6 MB, Reserved: 117540.0 MB (Δ: +1687.0 MB)
[2025-11-17 16:36:57][INFO][Rank 0] - train Epoch 11/24: 19.1% (370/1935)
[2025-11-17 16:37:04][INFO][Rank 0] - train Epoch 11/24: 19.6% (380/1935)
[2025-11-17 16:37:11][INFO][Rank 0] - train Epoch 11/24: 20.2% (390/1935)
[2025-11-17 16:37:18][INFO][Rank 0] - train Epoch 11/24: 20.7% (400/1935)
[2025-11-17 16:37:25][INFO][Rank 0] - train Epoch 11/24: 21.2% (410/1935)
[2025-11-17 16:37:33][INFO][Rank 0] - train Epoch 11/24: 21.7% (420/1935)
[2025-11-17 16:37:40][INFO][Rank 0] - train Epoch 11/24: 22.2% (430/1935)
[2025-11-17 16:37:47][INFO][Rank 0] - train Epoch 11/24: 22.7% (440/1935)
[2025-11-17 16:37:54][INFO][Rank 0] - train Epoch 11/24: 23.3% (450/1935)
[2025-11-17 16:37:54][INFO][Rank 0] - CUDA Memory [train][Step 450]: Device 0: Allocated: 3309.6 MB, Reserved: 117540.0 MB (Δ: +1687.0 MB)
[2025-11-17 16:38:01][INFO][Rank 0] - train Epoch 11/24: 23.8% (460/1935)
[2025-11-17 16:38:08][INFO][Rank 0] - train Epoch 11/24: 24.3% (470/1935)
[2025-11-17 16:38:15][INFO][Rank 0] - train Epoch 11/24: 24.8% (480/1935)
[2025-11-17 16:38:22][INFO][Rank 0] - train Epoch 11/24: 25.3% (490/1935)
[2025-11-17 16:38:29][INFO][Rank 0] - train Epoch 11/24: 25.8% (500/1935)
[2025-11-17 16:38:36][INFO][Rank 0] - train Epoch 11/24: 26.4% (510/1935)
[2025-11-17 16:38:43][INFO][Rank 0] - train Epoch 11/24: 26.9% (520/1935)
[2025-11-17 16:38:50][INFO][Rank 0] - train Epoch 11/24: 27.4% (530/1935)
[2025-11-17 16:38:57][INFO][Rank 0] - train Epoch 11/24: 27.9% (540/1935)
[2025-11-17 16:38:58][INFO][Rank 0] - CUDA Memory [train][Step 540]: Device 0: Allocated: 3309.6 MB, Reserved: 117540.0 MB (Δ: +1687.0 MB)
[2025-11-17 16:39:05][INFO][Rank 0] - train Epoch 11/24: 28.4% (550/1935)
[2025-11-17 16:39:12][INFO][Rank 0] - train Epoch 11/24: 28.9% (560/1935)
[2025-11-17 16:39:19][INFO][Rank 0] - train Epoch 11/24: 29.5% (570/1935)
[2025-11-17 16:39:26][INFO][Rank 0] - train Epoch 11/24: 30.0% (580/1935)
[2025-11-17 16:39:33][INFO][Rank 0] - train Epoch 11/24: 30.5% (590/1935)
[2025-11-17 16:39:40][INFO][Rank 0] - train Epoch 11/24: 31.0% (600/1935)
[2025-11-17 16:39:47][INFO][Rank 0] - train Epoch 11/24: 31.5% (610/1935)
[2025-11-17 16:39:54][INFO][Rank 0] - train Epoch 11/24: 32.0% (620/1935)
[2025-11-17 16:40:01][INFO][Rank 0] - train Epoch 11/24: 32.6% (630/1935)
[2025-11-17 16:40:02][INFO][Rank 0] - CUDA Memory [train][Step 630]: Device 0: Allocated: 3309.6 MB, Reserved: 117540.0 MB (Δ: +1687.0 MB)
[2025-11-17 16:40:08][INFO][Rank 0] - train Epoch 11/24: 33.1% (640/1935)
[2025-11-17 16:40:15][INFO][Rank 0] - train Epoch 11/24: 33.6% (650/1935)
[2025-11-17 16:40:22][INFO][Rank 0] - train Epoch 11/24: 34.1% (660/1935)
[2025-11-17 16:40:30][INFO][Rank 0] - train Epoch 11/24: 34.6% (670/1935)
[2025-11-17 16:40:37][INFO][Rank 0] - train Epoch 11/24: 35.1% (680/1935)
[2025-11-17 16:40:44][INFO][Rank 0] - train Epoch 11/24: 35.7% (690/1935)
[2025-11-17 16:40:51][INFO][Rank 0] - train Epoch 11/24: 36.2% (700/1935)
[2025-11-17 16:40:58][INFO][Rank 0] - train Epoch 11/24: 36.7% (710/1935)
[2025-11-17 16:41:05][INFO][Rank 0] - train Epoch 11/24: 37.2% (720/1935)
[2025-11-17 16:41:06][INFO][Rank 0] - CUDA Memory [train][Step 720]: Device 0: Allocated: 3309.6 MB, Reserved: 117540.0 MB (Δ: +1687.0 MB)
[2025-11-17 16:41:12][INFO][Rank 0] - train Epoch 11/24: 37.7% (730/1935)
[2025-11-17 16:41:19][INFO][Rank 0] - train Epoch 11/24: 38.2% (740/1935)
[2025-11-17 16:41:26][INFO][Rank 0] - train Epoch 11/24: 38.8% (750/1935)
[2025-11-17 16:41:33][INFO][Rank 0] - train Epoch 11/24: 39.3% (760/1935)
[2025-11-17 16:41:40][INFO][Rank 0] - train Epoch 11/24: 39.8% (770/1935)
[2025-11-17 16:41:47][INFO][Rank 0] - train Epoch 11/24: 40.3% (780/1935)
[2025-11-17 16:41:54][INFO][Rank 0] - train Epoch 11/24: 40.8% (790/1935)
[2025-11-17 16:42:02][INFO][Rank 0] - train Epoch 11/24: 41.3% (800/1935)
[2025-11-17 16:42:09][INFO][Rank 0] - train Epoch 11/24: 41.9% (810/1935)
[2025-11-17 16:42:09][INFO][Rank 0] - CUDA Memory [train][Step 810]: Device 0: Allocated: 3309.6 MB, Reserved: 117540.0 MB (Δ: +1687.0 MB)
[2025-11-17 16:42:16][INFO][Rank 0] - train Epoch 11/24: 42.4% (820/1935)
[2025-11-17 16:42:23][INFO][Rank 0] - train Epoch 11/24: 42.9% (830/1935)
[2025-11-17 16:42:30][INFO][Rank 0] - train Epoch 11/24: 43.4% (840/1935)
[2025-11-17 16:42:37][INFO][Rank 0] - train Epoch 11/24: 43.9% (850/1935)
[2025-11-17 16:42:44][INFO][Rank 0] - train Epoch 11/24: 44.4% (860/1935)
[2025-11-17 16:42:51][INFO][Rank 0] - train Epoch 11/24: 45.0% (870/1935)
[2025-11-17 16:42:58][INFO][Rank 0] - train Epoch 11/24: 45.5% (880/1935)
[2025-11-17 16:43:05][INFO][Rank 0] - train Epoch 11/24: 46.0% (890/1935)
[2025-11-17 16:43:12][INFO][Rank 0] - train Epoch 11/24: 46.5% (900/1935)
[2025-11-17 16:43:13][INFO][Rank 0] - CUDA Memory [train][Step 900]: Device 0: Allocated: 3309.6 MB, Reserved: 117540.0 MB (Δ: +1687.0 MB)
[2025-11-17 16:43:19][INFO][Rank 0] - train Epoch 11/24: 47.0% (910/1935)
[2025-11-17 16:43:26][INFO][Rank 0] - train Epoch 11/24: 47.5% (920/1935)
[2025-11-17 16:43:34][INFO][Rank 0] - train Epoch 11/24: 48.1% (930/1935)
[2025-11-17 16:43:41][INFO][Rank 0] - train Epoch 11/24: 48.6% (940/1935)
[2025-11-17 16:43:48][INFO][Rank 0] - train Epoch 11/24: 49.1% (950/1935)
[2025-11-17 16:43:55][INFO][Rank 0] - train Epoch 11/24: 49.6% (960/1935)
[2025-11-17 16:44:02][INFO][Rank 0] - train Epoch 11/24: 50.1% (970/1935)
[2025-11-17 16:44:09][INFO][Rank 0] - train Epoch 11/24: 50.6% (980/1935)
[2025-11-17 16:44:16][INFO][Rank 0] - train Epoch 11/24: 51.2% (990/1935)
[2025-11-17 16:44:17][INFO][Rank 0] - CUDA Memory [train][Step 990]: Device 0: Allocated: 3309.6 MB, Reserved: 117540.0 MB (Δ: +1687.0 MB)
[2025-11-17 16:44:23][INFO][Rank 0] - train Epoch 11/24: 51.7% (1000/1935)
[2025-11-17 16:44:30][INFO][Rank 0] - train Epoch 11/24: 52.2% (1010/1935)
[2025-11-17 16:44:37][INFO][Rank 0] - train Epoch 11/24: 52.7% (1020/1935)
[2025-11-17 16:44:44][INFO][Rank 0] - train Epoch 11/24: 53.2% (1030/1935)
[2025-11-17 16:44:51][INFO][Rank 0] - train Epoch 11/24: 53.7% (1040/1935)
[2025-11-17 16:44:59][INFO][Rank 0] - train Epoch 11/24: 54.3% (1050/1935)
[2025-11-17 16:45:06][INFO][Rank 0] - train Epoch 11/24: 54.8% (1060/1935)
[2025-11-17 16:45:13][INFO][Rank 0] - train Epoch 11/24: 55.3% (1070/1935)
[2025-11-17 16:45:20][INFO][Rank 0] - train Epoch 11/24: 55.8% (1080/1935)
[2025-11-17 16:45:20][INFO][Rank 0] - CUDA Memory [train][Step 1080]: Device 0: Allocated: 3309.6 MB, Reserved: 117540.0 MB (Δ: +1687.0 MB)
[2025-11-17 16:45:27][INFO][Rank 0] - train Epoch 11/24: 56.3% (1090/1935)
[2025-11-17 16:45:34][INFO][Rank 0] - train Epoch 11/24: 56.8% (1100/1935)
[2025-11-17 16:45:41][INFO][Rank 0] - train Epoch 11/24: 57.4% (1110/1935)
[2025-11-17 16:45:48][INFO][Rank 0] - train Epoch 11/24: 57.9% (1120/1935)
[2025-11-17 16:45:55][INFO][Rank 0] - train Epoch 11/24: 58.4% (1130/1935)
[2025-11-17 16:46:02][INFO][Rank 0] - train Epoch 11/24: 58.9% (1140/1935)
[2025-11-17 16:46:09][INFO][Rank 0] - train Epoch 11/24: 59.4% (1150/1935)
[2025-11-17 16:46:16][INFO][Rank 0] - train Epoch 11/24: 59.9% (1160/1935)
[2025-11-17 16:46:23][INFO][Rank 0] - train Epoch 11/24: 60.5% (1170/1935)
[2025-11-17 16:46:24][INFO][Rank 0] - CUDA Memory [train][Step 1170]: Device 0: Allocated: 3309.6 MB, Reserved: 117540.0 MB (Δ: +1687.0 MB)
[2025-11-17 16:46:31][INFO][Rank 0] - train Epoch 11/24: 61.0% (1180/1935)
[2025-11-17 16:46:38][INFO][Rank 0] - train Epoch 11/24: 61.5% (1190/1935)
[2025-11-17 16:46:45][INFO][Rank 0] - train Epoch 11/24: 62.0% (1200/1935)
[2025-11-17 16:46:52][INFO][Rank 0] - train Epoch 11/24: 62.5% (1210/1935)
[2025-11-17 16:46:59][INFO][Rank 0] - train Epoch 11/24: 63.0% (1220/1935)
[2025-11-17 16:47:06][INFO][Rank 0] - train Epoch 11/24: 63.6% (1230/1935)
[2025-11-17 16:47:13][INFO][Rank 0] - train Epoch 11/24: 64.1% (1240/1935)
[2025-11-17 16:47:20][INFO][Rank 0] - train Epoch 11/24: 64.6% (1250/1935)
[2025-11-17 16:47:27][INFO][Rank 0] - train Epoch 11/24: 65.1% (1260/1935)
[2025-11-17 16:47:28][INFO][Rank 0] - CUDA Memory [train][Step 1260]: Device 0: Allocated: 3309.6 MB, Reserved: 117540.0 MB (Δ: +1687.0 MB)
[2025-11-17 16:47:34][INFO][Rank 0] - train Epoch 11/24: 65.6% (1270/1935)
[2025-11-17 16:47:41][INFO][Rank 0] - train Epoch 11/24: 66.1% (1280/1935)
[2025-11-17 16:47:48][INFO][Rank 0] - train Epoch 11/24: 66.7% (1290/1935)
[2025-11-17 16:47:56][INFO][Rank 0] - train Epoch 11/24: 67.2% (1300/1935)
[2025-11-17 16:48:03][INFO][Rank 0] - train Epoch 11/24: 67.7% (1310/1935)
[2025-11-17 16:48:10][INFO][Rank 0] - train Epoch 11/24: 68.2% (1320/1935)
[2025-11-17 16:48:17][INFO][Rank 0] - train Epoch 11/24: 68.7% (1330/1935)
[2025-11-17 16:48:24][INFO][Rank 0] - train Epoch 11/24: 69.3% (1340/1935)
[2025-11-17 16:48:31][INFO][Rank 0] - train Epoch 11/24: 69.8% (1350/1935)
[2025-11-17 16:48:32][INFO][Rank 0] - CUDA Memory [train][Step 1350]: Device 0: Allocated: 3309.6 MB, Reserved: 117540.0 MB (Δ: +1687.0 MB)
[2025-11-17 16:48:38][INFO][Rank 0] - train Epoch 11/24: 70.3% (1360/1935)
[2025-11-17 16:48:45][INFO][Rank 0] - train Epoch 11/24: 70.8% (1370/1935)
[2025-11-17 16:48:52][INFO][Rank 0] - train Epoch 11/24: 71.3% (1380/1935)
[2025-11-17 16:48:59][INFO][Rank 0] - train Epoch 11/24: 71.8% (1390/1935)
[2025-11-17 16:49:06][INFO][Rank 0] - train Epoch 11/24: 72.4% (1400/1935)
[2025-11-17 16:49:13][INFO][Rank 0] - train Epoch 11/24: 72.9% (1410/1935)
[2025-11-17 16:49:20][INFO][Rank 0] - train Epoch 11/24: 73.4% (1420/1935)
[2025-11-17 16:49:28][INFO][Rank 0] - train Epoch 11/24: 73.9% (1430/1935)
[2025-11-17 16:49:35][INFO][Rank 0] - train Epoch 11/24: 74.4% (1440/1935)
[2025-11-17 16:49:35][INFO][Rank 0] - CUDA Memory [train][Step 1440]: Device 0: Allocated: 3309.6 MB, Reserved: 117540.0 MB (Δ: +1687.0 MB)
[2025-11-17 16:49:42][INFO][Rank 0] - train Epoch 11/24: 74.9% (1450/1935)
[2025-11-17 16:49:49][INFO][Rank 0] - train Epoch 11/24: 75.5% (1460/1935)
[2025-11-17 16:49:56][INFO][Rank 0] - train Epoch 11/24: 76.0% (1470/1935)
[2025-11-17 16:50:03][INFO][Rank 0] - train Epoch 11/24: 76.5% (1480/1935)
[2025-11-17 16:50:10][INFO][Rank 0] - train Epoch 11/24: 77.0% (1490/1935)
[2025-11-17 16:50:17][INFO][Rank 0] - train Epoch 11/24: 77.5% (1500/1935)
[2025-11-17 16:50:24][INFO][Rank 0] - train Epoch 11/24: 78.0% (1510/1935)
[2025-11-17 16:50:31][INFO][Rank 0] - train Epoch 11/24: 78.6% (1520/1935)
[2025-11-17 16:50:38][INFO][Rank 0] - train Epoch 11/24: 79.1% (1530/1935)
[2025-11-17 16:50:39][INFO][Rank 0] - CUDA Memory [train][Step 1530]: Device 0: Allocated: 3309.6 MB, Reserved: 117540.0 MB (Δ: +1687.0 MB)
[2025-11-17 16:50:45][INFO][Rank 0] - train Epoch 11/24: 79.6% (1540/1935)
[2025-11-17 16:50:52][INFO][Rank 0] - train Epoch 11/24: 80.1% (1550/1935)
[2025-11-17 16:51:00][INFO][Rank 0] - train Epoch 11/24: 80.6% (1560/1935)
[2025-11-17 16:51:07][INFO][Rank 0] - train Epoch 11/24: 81.1% (1570/1935)
[2025-11-17 16:51:14][INFO][Rank 0] - train Epoch 11/24: 81.7% (1580/1935)
[2025-11-17 16:51:21][INFO][Rank 0] - train Epoch 11/24: 82.2% (1590/1935)
[2025-11-17 16:51:28][INFO][Rank 0] - train Epoch 11/24: 82.7% (1600/1935)
[2025-11-17 16:51:35][INFO][Rank 0] - train Epoch 11/24: 83.2% (1610/1935)
[2025-11-17 16:51:42][INFO][Rank 0] - train Epoch 11/24: 83.7% (1620/1935)
[2025-11-17 16:51:43][INFO][Rank 0] - CUDA Memory [train][Step 1620]: Device 0: Allocated: 3309.6 MB, Reserved: 117540.0 MB (Δ: +1687.0 MB)
[2025-11-17 16:51:49][INFO][Rank 0] - train Epoch 11/24: 84.2% (1630/1935)
[2025-11-17 16:51:56][INFO][Rank 0] - train Epoch 11/24: 84.8% (1640/1935)
[2025-11-17 16:52:03][INFO][Rank 0] - train Epoch 11/24: 85.3% (1650/1935)
[2025-11-17 16:52:10][INFO][Rank 0] - train Epoch 11/24: 85.8% (1660/1935)
[2025-11-17 16:52:17][INFO][Rank 0] - train Epoch 11/24: 86.3% (1670/1935)
[2025-11-17 16:52:25][INFO][Rank 0] - train Epoch 11/24: 86.8% (1680/1935)
[2025-11-17 16:52:32][INFO][Rank 0] - train Epoch 11/24: 87.3% (1690/1935)
[2025-11-17 16:52:39][INFO][Rank 0] - train Epoch 11/24: 87.9% (1700/1935)
[2025-11-17 16:52:46][INFO][Rank 0] - train Epoch 11/24: 88.4% (1710/1935)
[2025-11-17 16:52:46][INFO][Rank 0] - CUDA Memory [train][Step 1710]: Device 0: Allocated: 3309.6 MB, Reserved: 117540.0 MB (Δ: +1687.0 MB)
[2025-11-17 16:52:53][INFO][Rank 0] - train Epoch 11/24: 88.9% (1720/1935)
[2025-11-17 16:53:00][INFO][Rank 0] - train Epoch 11/24: 89.4% (1730/1935)
[2025-11-17 16:53:07][INFO][Rank 0] - train Epoch 11/24: 89.9% (1740/1935)
[2025-11-17 16:53:14][INFO][Rank 0] - train Epoch 11/24: 90.4% (1750/1935)
[2025-11-17 16:53:21][INFO][Rank 0] - train Epoch 11/24: 91.0% (1760/1935)
[2025-11-17 16:53:28][INFO][Rank 0] - train Epoch 11/24: 91.5% (1770/1935)
[2025-11-17 16:53:35][INFO][Rank 0] - train Epoch 11/24: 92.0% (1780/1935)
[2025-11-17 16:53:42][INFO][Rank 0] - train Epoch 11/24: 92.5% (1790/1935)
[2025-11-17 16:53:49][INFO][Rank 0] - train Epoch 11/24: 93.0% (1800/1935)
[2025-11-17 16:53:50][INFO][Rank 0] - CUDA Memory [train][Step 1800]: Device 0: Allocated: 3309.6 MB, Reserved: 117540.0 MB (Δ: +1687.0 MB)
[2025-11-17 16:53:57][INFO][Rank 0] - train Epoch 11/24: 93.5% (1810/1935)
[2025-11-17 16:54:04][INFO][Rank 0] - train Epoch 11/24: 94.1% (1820/1935)
[2025-11-17 16:54:11][INFO][Rank 0] - train Epoch 11/24: 94.6% (1830/1935)
[2025-11-17 16:54:18][INFO][Rank 0] - train Epoch 11/24: 95.1% (1840/1935)
[2025-11-17 16:54:25][INFO][Rank 0] - train Epoch 11/24: 95.6% (1850/1935)
[2025-11-17 16:54:32][INFO][Rank 0] - train Epoch 11/24: 96.1% (1860/1935)
[2025-11-17 16:54:39][INFO][Rank 0] - train Epoch 11/24: 96.6% (1870/1935)
[2025-11-17 16:54:46][INFO][Rank 0] - train Epoch 11/24: 97.2% (1880/1935)
[2025-11-17 16:54:53][INFO][Rank 0] - train Epoch 11/24: 97.7% (1890/1935)
[2025-11-17 16:54:54][INFO][Rank 0] - CUDA Memory [train][Step 1890]: Device 0: Allocated: 3309.6 MB, Reserved: 117540.0 MB (Δ: +1687.0 MB)
[2025-11-17 16:55:00][INFO][Rank 0] - train Epoch 11/24: 98.2% (1900/1935)
[2025-11-17 16:55:07][INFO][Rank 0] - train Epoch 11/24: 98.7% (1910/1935)
[2025-11-17 16:55:14][INFO][Rank 0] - train Epoch 11/24: 99.2% (1920/1935)
[2025-11-17 16:55:21][INFO][Rank 0] - train Epoch 11/24: 99.7% (1930/1935)
[2025-11-17 16:55:24][INFO][Rank 0] - train Epoch 11/24: 99.9% (1934/1935)
[2025-11-17 16:55:25][INFO][Rank 0] - train Loss: 0.1498 Acc: 0.9732 F1: 0.9861
[2025-11-17 16:55:25][INFO][Rank 0] - train Balanced Acc: 0.9052 AUC-ROC: 0.9694
[2025-11-17 16:55:25][INFO][Rank 0] - train Sensitivity: 0.9767 Specificity: 0.8337
[2025-11-17 16:55:25][INFO][Rank 0] - train Confusion Matrix: TP=18436, FP=79, FN=439, TN=396
[2025-11-17 16:55:25][INFO][Rank 0] - train completed in 1370.39s
[2025-11-17 16:55:25][INFO][Rank 0] - Data loading time: 1.24s, Forward time: 278.78s, Backward time: 743.10s
[2025-11-17 16:55:25][INFO][Rank 0] - train cache: 0/1 items, hit rate: 0.00%
[2025-11-17 16:55:25][INFO][Rank 0] - CUDA Memory [val][Step 0]: Device 0: Allocated: 3309.6 MB, Reserved: 117540.0 MB (Δ: +1687.0 MB)
[2025-11-17 16:55:25][INFO][Rank 0] - val phase: total 412 batches
[2025-11-17 16:55:25][INFO][Rank 0] - val Epoch 11/24: 0.0% (0/412)
[2025-11-17 16:55:30][INFO][Rank 0] - val Epoch 11/24: 2.4% (10/412)
[2025-11-17 16:55:35][INFO][Rank 0] - val Epoch 11/24: 4.9% (20/412)
[2025-11-17 16:55:41][INFO][Rank 0] - val Epoch 11/24: 7.3% (30/412)
[2025-11-17 16:55:46][INFO][Rank 0] - val Epoch 11/24: 9.7% (40/412)
[2025-11-17 16:55:51][INFO][Rank 0] - val Epoch 11/24: 12.1% (50/412)
[2025-11-17 16:55:56][INFO][Rank 0] - val Epoch 11/24: 14.6% (60/412)
[2025-11-17 16:56:01][INFO][Rank 0] - val Epoch 11/24: 17.0% (70/412)
[2025-11-17 16:56:06][INFO][Rank 0] - val Epoch 11/24: 19.4% (80/412)
[2025-11-17 16:56:11][INFO][Rank 0] - val Epoch 11/24: 21.8% (90/412)
[2025-11-17 16:56:16][INFO][Rank 0] - val Epoch 11/24: 24.3% (100/412)
[2025-11-17 16:56:21][INFO][Rank 0] - val Epoch 11/24: 26.7% (110/412)
[2025-11-17 16:56:26][INFO][Rank 0] - val Epoch 11/24: 29.1% (120/412)
[2025-11-17 16:56:27][INFO][Rank 0] - CUDA Memory [val][Step 120]: Device 0: Allocated: 3309.6 MB, Reserved: 117540.0 MB (Δ: +1687.0 MB)
[2025-11-17 16:56:31][INFO][Rank 0] - val Epoch 11/24: 31.6% (130/412)
[2025-11-17 16:56:37][INFO][Rank 0] - val Epoch 11/24: 34.0% (140/412)
[2025-11-17 16:56:42][INFO][Rank 0] - val Epoch 11/24: 36.4% (150/412)
[2025-11-17 16:56:47][INFO][Rank 0] - val Epoch 11/24: 38.8% (160/412)
[2025-11-17 16:56:52][INFO][Rank 0] - val Epoch 11/24: 41.3% (170/412)
[2025-11-17 16:56:57][INFO][Rank 0] - val Epoch 11/24: 43.7% (180/412)
[2025-11-17 16:57:02][INFO][Rank 0] - val Epoch 11/24: 46.1% (190/412)
[2025-11-17 16:57:07][INFO][Rank 0] - val Epoch 11/24: 48.5% (200/412)
[2025-11-17 16:57:12][INFO][Rank 0] - val Epoch 11/24: 51.0% (210/412)
[2025-11-17 16:57:17][INFO][Rank 0] - val Epoch 11/24: 53.4% (220/412)
[2025-11-17 16:57:22][INFO][Rank 0] - val Epoch 11/24: 55.8% (230/412)
[2025-11-17 16:57:27][INFO][Rank 0] - val Epoch 11/24: 58.3% (240/412)
[2025-11-17 16:57:28][INFO][Rank 0] - CUDA Memory [val][Step 240]: Device 0: Allocated: 3309.6 MB, Reserved: 117540.0 MB (Δ: +1687.0 MB)
[2025-11-17 16:57:32][INFO][Rank 0] - val Epoch 11/24: 60.7% (250/412)
[2025-11-17 16:57:38][INFO][Rank 0] - val Epoch 11/24: 63.1% (260/412)
[2025-11-17 16:57:43][INFO][Rank 0] - val Epoch 11/24: 65.5% (270/412)
[2025-11-17 16:57:48][INFO][Rank 0] - val Epoch 11/24: 68.0% (280/412)
[2025-11-17 16:57:53][INFO][Rank 0] - val Epoch 11/24: 70.4% (290/412)
[2025-11-17 16:57:58][INFO][Rank 0] - val Epoch 11/24: 72.8% (300/412)
[2025-11-17 16:58:03][INFO][Rank 0] - val Epoch 11/24: 75.2% (310/412)
[2025-11-17 16:58:08][INFO][Rank 0] - val Epoch 11/24: 77.7% (320/412)
[2025-11-17 16:58:13][INFO][Rank 0] - val Epoch 11/24: 80.1% (330/412)
[2025-11-17 16:58:18][INFO][Rank 0] - val Epoch 11/24: 82.5% (340/412)
[2025-11-17 16:58:23][INFO][Rank 0] - val Epoch 11/24: 85.0% (350/412)
[2025-11-17 16:58:28][INFO][Rank 0] - val Epoch 11/24: 87.4% (360/412)
[2025-11-17 16:58:29][INFO][Rank 0] - CUDA Memory [val][Step 360]: Device 0: Allocated: 3309.6 MB, Reserved: 117540.0 MB (Δ: +1687.0 MB)
[2025-11-17 16:58:33][INFO][Rank 0] - val Epoch 11/24: 89.8% (370/412)
[2025-11-17 16:58:39][INFO][Rank 0] - val Epoch 11/24: 92.2% (380/412)
[2025-11-17 16:58:44][INFO][Rank 0] - val Epoch 11/24: 94.7% (390/412)
[2025-11-17 16:58:49][INFO][Rank 0] - val Epoch 11/24: 97.1% (400/412)
[2025-11-17 16:58:54][INFO][Rank 0] - val Epoch 11/24: 99.5% (410/412)
[2025-11-17 16:58:54][INFO][Rank 0] - val Epoch 11/24: 99.8% (411/412)
[2025-11-17 16:58:55][INFO][Rank 0] - val Loss: 0.1104 Acc: 0.9784 F1: 0.9889
[2025-11-17 16:58:55][INFO][Rank 0] - val Balanced Acc: 0.8434 AUC-ROC: 0.9802
[2025-11-17 16:58:55][INFO][Rank 0] - val Sensitivity: 0.9858 Specificity: 0.7009
[2025-11-17 16:58:55][INFO][Rank 0] - val Confusion Matrix: TP=3956, FP=32, FN=57, TN=75
[2025-11-17 16:58:55][INFO][Rank 0] - val completed in 209.79s
[2025-11-17 16:58:55][INFO][Rank 0] - val cache: 0/1 items, hit rate: 0.00%
[2025-11-17 16:58:59][INFO][Rank 0] - Saved new best auc model with auc: 0.9802 at /projects/retprogression/rgarridogarcia/checkpoints/cropped1024_cropped_centered_wt_allR_2/best_auc_model.pth
[2025-11-17 16:59:02][INFO][Rank 0] - Saved epoch checkpoint at /projects/retprogression/rgarridogarcia/checkpoints/cropped1024_cropped_centered_wt_allR_2/epoch_11.pth
[2025-11-17 16:59:02][INFO][Rank 0] - Epoch 11 summary:
[2025-11-17 16:59:02][INFO][Rank 0] -  Train Loss: 0.1498, Train Acc: 0.9732, Train F1: 0.9861
[2025-11-17 16:59:02][INFO][Rank 0] -  Train Balanced Acc: 0.9052, Train AUC: 0.9694
[2025-11-17 16:59:02][INFO][Rank 0] -  Train Sensitivity: 0.9767, Train Specificity: 0.8337
[2025-11-17 16:59:02][INFO][Rank 0] -  Val Loss: 0.1104, Val Acc: 0.9784, Val F1: 0.9889
[2025-11-17 16:59:02][INFO][Rank 0] -  Val Balanced Acc: 0.8434, Val AUC: 0.9802
[2025-11-17 16:59:02][INFO][Rank 0] -  Val Sensitivity: 0.9858, Val Specificity: 0.7009
[2025-11-17 16:59:02][INFO][Rank 0] -  Total Epoch Time: 1587.59s
[2025-11-17 16:59:02][INFO][Rank 0] - Epoch 12/24
[2025-11-17 16:59:02][INFO][Rank 0] - ----------
[2025-11-17 16:59:02][INFO][Rank 0] - CUDA Memory [train][Step 0]: Device 0: Allocated: 3309.6 MB, Reserved: 117540.0 MB (Δ: +1687.0 MB)
[2025-11-17 16:59:02][INFO][Rank 0] - train phase: total 1935 batches
[2025-11-17 16:59:03][INFO][Rank 0] - train Epoch 12/24: 0.0% (0/1935)
[2025-11-17 16:59:10][INFO][Rank 0] - train Epoch 12/24: 0.5% (10/1935)
[2025-11-17 16:59:17][INFO][Rank 0] - train Epoch 12/24: 1.0% (20/1935)
[2025-11-17 16:59:24][INFO][Rank 0] - train Epoch 12/24: 1.6% (30/1935)
[2025-11-17 16:59:31][INFO][Rank 0] - train Epoch 12/24: 2.1% (40/1935)
[2025-11-17 16:59:38][INFO][Rank 0] - train Epoch 12/24: 2.6% (50/1935)
[2025-11-17 16:59:45][INFO][Rank 0] - train Epoch 12/24: 3.1% (60/1935)
[2025-11-17 16:59:52][INFO][Rank 0] - train Epoch 12/24: 3.6% (70/1935)
[2025-11-17 16:59:59][INFO][Rank 0] - train Epoch 12/24: 4.1% (80/1935)
[2025-11-17 17:00:06][INFO][Rank 0] - train Epoch 12/24: 4.7% (90/1935)
[2025-11-17 17:00:07][INFO][Rank 0] - CUDA Memory [train][Step 90]: Device 0: Allocated: 3309.6 MB, Reserved: 117540.0 MB (Δ: +1687.0 MB)
[2025-11-17 17:00:13][INFO][Rank 0] - train Epoch 12/24: 5.2% (100/1935)
[2025-11-17 17:00:20][INFO][Rank 0] - train Epoch 12/24: 5.7% (110/1935)
[2025-11-17 17:00:28][INFO][Rank 0] - train Epoch 12/24: 6.2% (120/1935)
[2025-11-17 17:00:35][INFO][Rank 0] - train Epoch 12/24: 6.7% (130/1935)
[2025-11-17 17:00:42][INFO][Rank 0] - train Epoch 12/24: 7.2% (140/1935)
[2025-11-17 17:00:49][INFO][Rank 0] - train Epoch 12/24: 7.8% (150/1935)
[2025-11-17 17:00:56][INFO][Rank 0] - train Epoch 12/24: 8.3% (160/1935)
[2025-11-17 17:01:03][INFO][Rank 0] - train Epoch 12/24: 8.8% (170/1935)
[2025-11-17 17:01:10][INFO][Rank 0] - train Epoch 12/24: 9.3% (180/1935)
[2025-11-17 17:01:11][INFO][Rank 0] - CUDA Memory [train][Step 180]: Device 0: Allocated: 3309.6 MB, Reserved: 117540.0 MB (Δ: +1687.0 MB)
[2025-11-17 17:01:17][INFO][Rank 0] - train Epoch 12/24: 9.8% (190/1935)
[2025-11-17 17:01:24][INFO][Rank 0] - train Epoch 12/24: 10.3% (200/1935)
[2025-11-17 17:01:31][INFO][Rank 0] - train Epoch 12/24: 10.9% (210/1935)
[2025-11-17 17:01:38][INFO][Rank 0] - train Epoch 12/24: 11.4% (220/1935)
[2025-11-17 17:01:45][INFO][Rank 0] - train Epoch 12/24: 11.9% (230/1935)
[2025-11-17 17:01:52][INFO][Rank 0] - train Epoch 12/24: 12.4% (240/1935)
[2025-11-17 17:02:00][INFO][Rank 0] - train Epoch 12/24: 12.9% (250/1935)
[2025-11-17 17:02:07][INFO][Rank 0] - train Epoch 12/24: 13.4% (260/1935)
[2025-11-17 17:02:14][INFO][Rank 0] - train Epoch 12/24: 14.0% (270/1935)
[2025-11-17 17:02:14][INFO][Rank 0] - CUDA Memory [train][Step 270]: Device 0: Allocated: 3309.6 MB, Reserved: 117540.0 MB (Δ: +1687.0 MB)
[2025-11-17 17:02:21][INFO][Rank 0] - train Epoch 12/24: 14.5% (280/1935)
[2025-11-17 17:02:28][INFO][Rank 0] - train Epoch 12/24: 15.0% (290/1935)
[2025-11-17 17:02:35][INFO][Rank 0] - train Epoch 12/24: 15.5% (300/1935)
[2025-11-17 17:02:42][INFO][Rank 0] - train Epoch 12/24: 16.0% (310/1935)
[2025-11-17 17:02:49][INFO][Rank 0] - train Epoch 12/24: 16.5% (320/1935)
[2025-11-17 17:02:56][INFO][Rank 0] - train Epoch 12/24: 17.1% (330/1935)
[2025-11-17 17:03:03][INFO][Rank 0] - train Epoch 12/24: 17.6% (340/1935)
[2025-11-17 17:03:10][INFO][Rank 0] - train Epoch 12/24: 18.1% (350/1935)
[2025-11-17 17:03:17][INFO][Rank 0] - train Epoch 12/24: 18.6% (360/1935)
[2025-11-17 17:03:18][INFO][Rank 0] - CUDA Memory [train][Step 360]: Device 0: Allocated: 3309.6 MB, Reserved: 117540.0 MB (Δ: +1687.0 MB)
[2025-11-17 17:03:25][INFO][Rank 0] - train Epoch 12/24: 19.1% (370/1935)
[2025-11-17 17:03:32][INFO][Rank 0] - train Epoch 12/24: 19.6% (380/1935)
[2025-11-17 17:03:39][INFO][Rank 0] - train Epoch 12/24: 20.2% (390/1935)
[2025-11-17 17:03:46][INFO][Rank 0] - train Epoch 12/24: 20.7% (400/1935)
[2025-11-17 17:03:53][INFO][Rank 0] - train Epoch 12/24: 21.2% (410/1935)
[2025-11-17 17:04:00][INFO][Rank 0] - train Epoch 12/24: 21.7% (420/1935)
[2025-11-17 17:04:07][INFO][Rank 0] - train Epoch 12/24: 22.2% (430/1935)
[2025-11-17 17:04:14][INFO][Rank 0] - train Epoch 12/24: 22.7% (440/1935)
[2025-11-17 17:04:21][INFO][Rank 0] - train Epoch 12/24: 23.3% (450/1935)
[2025-11-17 17:04:22][INFO][Rank 0] - CUDA Memory [train][Step 450]: Device 0: Allocated: 3309.6 MB, Reserved: 117540.0 MB (Δ: +1687.0 MB)
[2025-11-17 17:04:28][INFO][Rank 0] - train Epoch 12/24: 23.8% (460/1935)
[2025-11-17 17:04:35][INFO][Rank 0] - train Epoch 12/24: 24.3% (470/1935)
[2025-11-17 17:04:42][INFO][Rank 0] - train Epoch 12/24: 24.8% (480/1935)
[2025-11-17 17:04:49][INFO][Rank 0] - train Epoch 12/24: 25.3% (490/1935)
[2025-11-17 17:04:57][INFO][Rank 0] - train Epoch 12/24: 25.8% (500/1935)
[2025-11-17 17:05:04][INFO][Rank 0] - train Epoch 12/24: 26.4% (510/1935)
[2025-11-17 17:05:11][INFO][Rank 0] - train Epoch 12/24: 26.9% (520/1935)
[2025-11-17 17:05:18][INFO][Rank 0] - train Epoch 12/24: 27.4% (530/1935)
[2025-11-17 17:05:25][INFO][Rank 0] - train Epoch 12/24: 27.9% (540/1935)
[2025-11-17 17:05:26][INFO][Rank 0] - CUDA Memory [train][Step 540]: Device 0: Allocated: 3309.6 MB, Reserved: 117540.0 MB (Δ: +1687.0 MB)
[2025-11-17 17:05:32][INFO][Rank 0] - train Epoch 12/24: 28.4% (550/1935)
[2025-11-17 17:05:39][INFO][Rank 0] - train Epoch 12/24: 28.9% (560/1935)
[2025-11-17 17:05:46][INFO][Rank 0] - train Epoch 12/24: 29.5% (570/1935)
[2025-11-17 17:05:53][INFO][Rank 0] - train Epoch 12/24: 30.0% (580/1935)
[2025-11-17 17:06:00][INFO][Rank 0] - train Epoch 12/24: 30.5% (590/1935)
[2025-11-17 17:06:07][INFO][Rank 0] - train Epoch 12/24: 31.0% (600/1935)
[2025-11-17 17:06:14][INFO][Rank 0] - train Epoch 12/24: 31.5% (610/1935)
[2025-11-17 17:06:21][INFO][Rank 0] - train Epoch 12/24: 32.0% (620/1935)
[2025-11-17 17:06:29][INFO][Rank 0] - train Epoch 12/24: 32.6% (630/1935)
[2025-11-17 17:06:29][INFO][Rank 0] - CUDA Memory [train][Step 630]: Device 0: Allocated: 3309.6 MB, Reserved: 117540.0 MB (Δ: +1687.0 MB)
[2025-11-17 17:06:36][INFO][Rank 0] - train Epoch 12/24: 33.1% (640/1935)
[2025-11-17 17:06:43][INFO][Rank 0] - train Epoch 12/24: 33.6% (650/1935)
[2025-11-17 17:06:50][INFO][Rank 0] - train Epoch 12/24: 34.1% (660/1935)
[2025-11-17 17:06:57][INFO][Rank 0] - train Epoch 12/24: 34.6% (670/1935)
[2025-11-17 17:07:04][INFO][Rank 0] - train Epoch 12/24: 35.1% (680/1935)
[2025-11-17 17:07:11][INFO][Rank 0] - train Epoch 12/24: 35.7% (690/1935)
[2025-11-17 17:07:18][INFO][Rank 0] - train Epoch 12/24: 36.2% (700/1935)
[2025-11-17 17:07:25][INFO][Rank 0] - train Epoch 12/24: 36.7% (710/1935)
[2025-11-17 17:07:32][INFO][Rank 0] - train Epoch 12/24: 37.2% (720/1935)
[2025-11-17 17:07:33][INFO][Rank 0] - CUDA Memory [train][Step 720]: Device 0: Allocated: 3309.6 MB, Reserved: 117540.0 MB (Δ: +1687.0 MB)
[2025-11-17 17:07:39][INFO][Rank 0] - train Epoch 12/24: 37.7% (730/1935)
[2025-11-17 17:07:46][INFO][Rank 0] - train Epoch 12/24: 38.2% (740/1935)
[2025-11-17 17:07:54][INFO][Rank 0] - train Epoch 12/24: 38.8% (750/1935)
[2025-11-17 17:08:01][INFO][Rank 0] - train Epoch 12/24: 39.3% (760/1935)
[2025-11-17 17:08:08][INFO][Rank 0] - train Epoch 12/24: 39.8% (770/1935)
[2025-11-17 17:08:15][INFO][Rank 0] - train Epoch 12/24: 40.3% (780/1935)
[2025-11-17 17:08:22][INFO][Rank 0] - train Epoch 12/24: 40.8% (790/1935)
[2025-11-17 17:08:29][INFO][Rank 0] - train Epoch 12/24: 41.3% (800/1935)
[2025-11-17 17:08:36][INFO][Rank 0] - train Epoch 12/24: 41.9% (810/1935)
[2025-11-17 17:08:37][INFO][Rank 0] - CUDA Memory [train][Step 810]: Device 0: Allocated: 3309.6 MB, Reserved: 117540.0 MB (Δ: +1687.0 MB)
[2025-11-17 17:08:43][INFO][Rank 0] - train Epoch 12/24: 42.4% (820/1935)
[2025-11-17 17:08:50][INFO][Rank 0] - train Epoch 12/24: 42.9% (830/1935)
[2025-11-17 17:08:57][INFO][Rank 0] - train Epoch 12/24: 43.4% (840/1935)
[2025-11-17 17:09:04][INFO][Rank 0] - train Epoch 12/24: 43.9% (850/1935)
[2025-11-17 17:09:11][INFO][Rank 0] - train Epoch 12/24: 44.4% (860/1935)
[2025-11-17 17:09:18][INFO][Rank 0] - train Epoch 12/24: 45.0% (870/1935)
[2025-11-17 17:09:26][INFO][Rank 0] - train Epoch 12/24: 45.5% (880/1935)
[2025-11-17 17:09:33][INFO][Rank 0] - train Epoch 12/24: 46.0% (890/1935)
[2025-11-17 17:09:40][INFO][Rank 0] - train Epoch 12/24: 46.5% (900/1935)
[2025-11-17 17:09:40][INFO][Rank 0] - CUDA Memory [train][Step 900]: Device 0: Allocated: 3309.6 MB, Reserved: 117540.0 MB (Δ: +1687.0 MB)
[2025-11-17 17:09:47][INFO][Rank 0] - train Epoch 12/24: 47.0% (910/1935)
[2025-11-17 17:09:54][INFO][Rank 0] - train Epoch 12/24: 47.5% (920/1935)
[2025-11-17 17:10:01][INFO][Rank 0] - train Epoch 12/24: 48.1% (930/1935)
[2025-11-17 17:10:08][INFO][Rank 0] - train Epoch 12/24: 48.6% (940/1935)
[2025-11-17 17:10:15][INFO][Rank 0] - train Epoch 12/24: 49.1% (950/1935)
[2025-11-17 17:10:22][INFO][Rank 0] - train Epoch 12/24: 49.6% (960/1935)
[2025-11-17 17:10:29][INFO][Rank 0] - train Epoch 12/24: 50.1% (970/1935)
[2025-11-17 17:10:36][INFO][Rank 0] - train Epoch 12/24: 50.6% (980/1935)
[2025-11-17 17:10:43][INFO][Rank 0] - train Epoch 12/24: 51.2% (990/1935)
[2025-11-17 17:10:44][INFO][Rank 0] - CUDA Memory [train][Step 990]: Device 0: Allocated: 3309.6 MB, Reserved: 117540.0 MB (Δ: +1687.0 MB)
[2025-11-17 17:10:50][INFO][Rank 0] - train Epoch 12/24: 51.7% (1000/1935)
[2025-11-17 17:10:58][INFO][Rank 0] - train Epoch 12/24: 52.2% (1010/1935)
[2025-11-17 17:11:05][INFO][Rank 0] - train Epoch 12/24: 52.7% (1020/1935)
[2025-11-17 17:11:12][INFO][Rank 0] - train Epoch 12/24: 53.2% (1030/1935)
[2025-11-17 17:11:19][INFO][Rank 0] - train Epoch 12/24: 53.7% (1040/1935)
[2025-11-17 17:11:26][INFO][Rank 0] - train Epoch 12/24: 54.3% (1050/1935)
[2025-11-17 17:11:33][INFO][Rank 0] - train Epoch 12/24: 54.8% (1060/1935)
[2025-11-17 17:11:40][INFO][Rank 0] - train Epoch 12/24: 55.3% (1070/1935)
[2025-11-17 17:11:47][INFO][Rank 0] - train Epoch 12/24: 55.8% (1080/1935)
[2025-11-17 17:11:48][INFO][Rank 0] - CUDA Memory [train][Step 1080]: Device 0: Allocated: 3309.6 MB, Reserved: 117540.0 MB (Δ: +1687.0 MB)
[2025-11-17 17:11:54][INFO][Rank 0] - train Epoch 12/24: 56.3% (1090/1935)
[2025-11-17 17:12:01][INFO][Rank 0] - train Epoch 12/24: 56.8% (1100/1935)
[2025-11-17 17:12:08][INFO][Rank 0] - train Epoch 12/24: 57.4% (1110/1935)
[2025-11-17 17:12:15][INFO][Rank 0] - train Epoch 12/24: 57.9% (1120/1935)
[2025-11-17 17:12:22][INFO][Rank 0] - train Epoch 12/24: 58.4% (1130/1935)
[2025-11-17 17:12:30][INFO][Rank 0] - train Epoch 12/24: 58.9% (1140/1935)
[2025-11-17 17:12:37][INFO][Rank 0] - train Epoch 12/24: 59.4% (1150/1935)
[2025-11-17 17:12:44][INFO][Rank 0] - train Epoch 12/24: 59.9% (1160/1935)
[2025-11-17 17:12:51][INFO][Rank 0] - train Epoch 12/24: 60.5% (1170/1935)
[2025-11-17 17:12:52][INFO][Rank 0] - CUDA Memory [train][Step 1170]: Device 0: Allocated: 3309.6 MB, Reserved: 117540.0 MB (Δ: +1687.0 MB)
[2025-11-17 17:12:58][INFO][Rank 0] - train Epoch 12/24: 61.0% (1180/1935)
[2025-11-17 17:13:05][INFO][Rank 0] - train Epoch 12/24: 61.5% (1190/1935)
[2025-11-17 17:13:12][INFO][Rank 0] - train Epoch 12/24: 62.0% (1200/1935)
[2025-11-17 17:13:19][INFO][Rank 0] - train Epoch 12/24: 62.5% (1210/1935)
[2025-11-17 17:13:26][INFO][Rank 0] - train Epoch 12/24: 63.0% (1220/1935)
[2025-11-17 17:13:33][INFO][Rank 0] - train Epoch 12/24: 63.6% (1230/1935)
[2025-11-17 17:13:40][INFO][Rank 0] - train Epoch 12/24: 64.1% (1240/1935)
[2025-11-17 17:13:47][INFO][Rank 0] - train Epoch 12/24: 64.6% (1250/1935)
[2025-11-17 17:13:55][INFO][Rank 0] - train Epoch 12/24: 65.1% (1260/1935)
[2025-11-17 17:13:55][INFO][Rank 0] - CUDA Memory [train][Step 1260]: Device 0: Allocated: 3309.6 MB, Reserved: 117540.0 MB (Δ: +1687.0 MB)
[2025-11-17 17:14:02][INFO][Rank 0] - train Epoch 12/24: 65.6% (1270/1935)
[2025-11-17 17:14:09][INFO][Rank 0] - train Epoch 12/24: 66.1% (1280/1935)
[2025-11-17 17:14:16][INFO][Rank 0] - train Epoch 12/24: 66.7% (1290/1935)
[2025-11-17 17:14:23][INFO][Rank 0] - train Epoch 12/24: 67.2% (1300/1935)
[2025-11-17 17:14:30][INFO][Rank 0] - train Epoch 12/24: 67.7% (1310/1935)
[2025-11-17 17:14:37][INFO][Rank 0] - train Epoch 12/24: 68.2% (1320/1935)
[2025-11-17 17:14:44][INFO][Rank 0] - train Epoch 12/24: 68.7% (1330/1935)
[2025-11-17 17:14:51][INFO][Rank 0] - train Epoch 12/24: 69.3% (1340/1935)
[2025-11-17 17:14:58][INFO][Rank 0] - train Epoch 12/24: 69.8% (1350/1935)
[2025-11-17 17:14:59][INFO][Rank 0] - CUDA Memory [train][Step 1350]: Device 0: Allocated: 3309.6 MB, Reserved: 117540.0 MB (Δ: +1687.0 MB)
[2025-11-17 17:15:05][INFO][Rank 0] - train Epoch 12/24: 70.3% (1360/1935)
[2025-11-17 17:15:12][INFO][Rank 0] - train Epoch 12/24: 70.8% (1370/1935)
[2025-11-17 17:15:19][INFO][Rank 0] - train Epoch 12/24: 71.3% (1380/1935)
[2025-11-17 17:15:27][INFO][Rank 0] - train Epoch 12/24: 71.8% (1390/1935)
[2025-11-17 17:15:34][INFO][Rank 0] - train Epoch 12/24: 72.4% (1400/1935)
[2025-11-17 17:15:41][INFO][Rank 0] - train Epoch 12/24: 72.9% (1410/1935)
[2025-11-17 17:15:48][INFO][Rank 0] - train Epoch 12/24: 73.4% (1420/1935)
[2025-11-17 17:15:55][INFO][Rank 0] - train Epoch 12/24: 73.9% (1430/1935)
[2025-11-17 17:16:02][INFO][Rank 0] - train Epoch 12/24: 74.4% (1440/1935)
[2025-11-17 17:16:03][INFO][Rank 0] - CUDA Memory [train][Step 1440]: Device 0: Allocated: 3309.6 MB, Reserved: 117540.0 MB (Δ: +1687.0 MB)
[2025-11-17 17:16:09][INFO][Rank 0] - train Epoch 12/24: 74.9% (1450/1935)
[2025-11-17 17:16:16][INFO][Rank 0] - train Epoch 12/24: 75.5% (1460/1935)
[2025-11-17 17:16:23][INFO][Rank 0] - train Epoch 12/24: 76.0% (1470/1935)
[2025-11-17 17:16:30][INFO][Rank 0] - train Epoch 12/24: 76.5% (1480/1935)
[2025-11-17 17:16:37][INFO][Rank 0] - train Epoch 12/24: 77.0% (1490/1935)
[2025-11-17 17:16:44][INFO][Rank 0] - train Epoch 12/24: 77.5% (1500/1935)
[2025-11-17 17:16:51][INFO][Rank 0] - train Epoch 12/24: 78.0% (1510/1935)
[2025-11-17 17:16:59][INFO][Rank 0] - train Epoch 12/24: 78.6% (1520/1935)
[2025-11-17 17:17:06][INFO][Rank 0] - train Epoch 12/24: 79.1% (1530/1935)
[2025-11-17 17:17:06][INFO][Rank 0] - CUDA Memory [train][Step 1530]: Device 0: Allocated: 3309.6 MB, Reserved: 117540.0 MB (Δ: +1687.0 MB)
[2025-11-17 17:17:13][INFO][Rank 0] - train Epoch 12/24: 79.6% (1540/1935)
[2025-11-17 17:17:20][INFO][Rank 0] - train Epoch 12/24: 80.1% (1550/1935)
[2025-11-17 17:17:27][INFO][Rank 0] - train Epoch 12/24: 80.6% (1560/1935)
[2025-11-17 17:17:34][INFO][Rank 0] - train Epoch 12/24: 81.1% (1570/1935)
[2025-11-17 17:17:41][INFO][Rank 0] - train Epoch 12/24: 81.7% (1580/1935)
[2025-11-17 17:17:48][INFO][Rank 0] - train Epoch 12/24: 82.2% (1590/1935)
[2025-11-17 17:17:55][INFO][Rank 0] - train Epoch 12/24: 82.7% (1600/1935)
[2025-11-17 17:18:02][INFO][Rank 0] - train Epoch 12/24: 83.2% (1610/1935)
[2025-11-17 17:18:09][INFO][Rank 0] - train Epoch 12/24: 83.7% (1620/1935)
[2025-11-17 17:18:10][INFO][Rank 0] - CUDA Memory [train][Step 1620]: Device 0: Allocated: 3309.6 MB, Reserved: 117540.0 MB (Δ: +1687.0 MB)
[2025-11-17 17:18:16][INFO][Rank 0] - train Epoch 12/24: 84.2% (1630/1935)
[2025-11-17 17:18:23][INFO][Rank 0] - train Epoch 12/24: 84.8% (1640/1935)
[2025-11-17 17:18:31][INFO][Rank 0] - train Epoch 12/24: 85.3% (1650/1935)
[2025-11-17 17:18:38][INFO][Rank 0] - train Epoch 12/24: 85.8% (1660/1935)
[2025-11-17 17:18:45][INFO][Rank 0] - train Epoch 12/24: 86.3% (1670/1935)
[2025-11-17 17:18:52][INFO][Rank 0] - train Epoch 12/24: 86.8% (1680/1935)
[2025-11-17 17:18:59][INFO][Rank 0] - train Epoch 12/24: 87.3% (1690/1935)
[2025-11-17 17:19:06][INFO][Rank 0] - train Epoch 12/24: 87.9% (1700/1935)
[2025-11-17 17:19:13][INFO][Rank 0] - train Epoch 12/24: 88.4% (1710/1935)
[2025-11-17 17:19:14][INFO][Rank 0] - CUDA Memory [train][Step 1710]: Device 0: Allocated: 3309.6 MB, Reserved: 117540.0 MB (Δ: +1687.0 MB)
[2025-11-17 17:19:20][INFO][Rank 0] - train Epoch 12/24: 88.9% (1720/1935)
[2025-11-17 17:19:27][INFO][Rank 0] - train Epoch 12/24: 89.4% (1730/1935)
[2025-11-17 17:19:34][INFO][Rank 0] - train Epoch 12/24: 89.9% (1740/1935)
[2025-11-17 17:19:41][INFO][Rank 0] - train Epoch 12/24: 90.4% (1750/1935)
[2025-11-17 17:19:48][INFO][Rank 0] - train Epoch 12/24: 91.0% (1760/1935)
[2025-11-17 17:19:56][INFO][Rank 0] - train Epoch 12/24: 91.5% (1770/1935)
[2025-11-17 17:20:03][INFO][Rank 0] - train Epoch 12/24: 92.0% (1780/1935)
[2025-11-17 17:20:10][INFO][Rank 0] - train Epoch 12/24: 92.5% (1790/1935)
[2025-11-17 17:20:17][INFO][Rank 0] - train Epoch 12/24: 93.0% (1800/1935)
[2025-11-17 17:20:17][INFO][Rank 0] - CUDA Memory [train][Step 1800]: Device 0: Allocated: 3309.6 MB, Reserved: 117540.0 MB (Δ: +1687.0 MB)
[2025-11-17 17:20:24][INFO][Rank 0] - train Epoch 12/24: 93.5% (1810/1935)
[2025-11-17 17:20:31][INFO][Rank 0] - train Epoch 12/24: 94.1% (1820/1935)
[2025-11-17 17:20:38][INFO][Rank 0] - train Epoch 12/24: 94.6% (1830/1935)
[2025-11-17 17:20:45][INFO][Rank 0] - train Epoch 12/24: 95.1% (1840/1935)
[2025-11-17 17:20:52][INFO][Rank 0] - train Epoch 12/24: 95.6% (1850/1935)
[2025-11-17 17:20:59][INFO][Rank 0] - train Epoch 12/24: 96.1% (1860/1935)
[2025-11-17 17:21:06][INFO][Rank 0] - train Epoch 12/24: 96.6% (1870/1935)
[2025-11-17 17:21:13][INFO][Rank 0] - train Epoch 12/24: 97.2% (1880/1935)
[2025-11-17 17:21:20][INFO][Rank 0] - train Epoch 12/24: 97.7% (1890/1935)
[2025-11-17 17:21:21][INFO][Rank 0] - CUDA Memory [train][Step 1890]: Device 0: Allocated: 3309.6 MB, Reserved: 117540.0 MB (Δ: +1687.0 MB)
[2025-11-17 17:21:28][INFO][Rank 0] - train Epoch 12/24: 98.2% (1900/1935)
[2025-11-17 17:21:35][INFO][Rank 0] - train Epoch 12/24: 98.7% (1910/1935)
[2025-11-17 17:21:42][INFO][Rank 0] - train Epoch 12/24: 99.2% (1920/1935)
[2025-11-17 17:21:49][INFO][Rank 0] - train Epoch 12/24: 99.7% (1930/1935)
[2025-11-17 17:21:52][INFO][Rank 0] - train Epoch 12/24: 99.9% (1934/1935)
[2025-11-17 17:21:52][INFO][Rank 0] - train Loss: 0.1530 Acc: 0.9766 F1: 0.9879
[2025-11-17 17:21:52][INFO][Rank 0] - train Balanced Acc: 0.8885 AUC-ROC: 0.9671
[2025-11-17 17:21:52][INFO][Rank 0] - train Sensitivity: 0.9811 Specificity: 0.7958
[2025-11-17 17:21:52][INFO][Rank 0] - train Confusion Matrix: TP=18519, FP=97, FN=356, TN=378
[2025-11-17 17:21:52][INFO][Rank 0] - train completed in 1370.07s
[2025-11-17 17:21:52][INFO][Rank 0] - Data loading time: 0.99s, Forward time: 278.78s, Backward time: 742.96s
[2025-11-17 17:21:52][INFO][Rank 0] - train cache: 0/1 items, hit rate: 0.00%
[2025-11-17 17:21:52][INFO][Rank 0] - CUDA Memory [val][Step 0]: Device 0: Allocated: 3309.6 MB, Reserved: 117540.0 MB (Δ: +1687.0 MB)
[2025-11-17 17:21:52][INFO][Rank 0] - val phase: total 412 batches
[2025-11-17 17:21:52][INFO][Rank 0] - val Epoch 12/24: 0.0% (0/412)
[2025-11-17 17:21:58][INFO][Rank 0] - val Epoch 12/24: 2.4% (10/412)
[2025-11-17 17:22:03][INFO][Rank 0] - val Epoch 12/24: 4.9% (20/412)
[2025-11-17 17:22:08][INFO][Rank 0] - val Epoch 12/24: 7.3% (30/412)
[2025-11-17 17:22:13][INFO][Rank 0] - val Epoch 12/24: 9.7% (40/412)
[2025-11-17 17:22:18][INFO][Rank 0] - val Epoch 12/24: 12.1% (50/412)
[2025-11-17 17:22:23][INFO][Rank 0] - val Epoch 12/24: 14.6% (60/412)
[2025-11-17 17:22:28][INFO][Rank 0] - val Epoch 12/24: 17.0% (70/412)
[2025-11-17 17:22:33][INFO][Rank 0] - val Epoch 12/24: 19.4% (80/412)
[2025-11-17 17:22:38][INFO][Rank 0] - val Epoch 12/24: 21.8% (90/412)
[2025-11-17 17:22:43][INFO][Rank 0] - val Epoch 12/24: 24.3% (100/412)
[2025-11-17 17:22:49][INFO][Rank 0] - val Epoch 12/24: 26.7% (110/412)
[2025-11-17 17:22:54][INFO][Rank 0] - val Epoch 12/24: 29.1% (120/412)
[2025-11-17 17:22:54][INFO][Rank 0] - CUDA Memory [val][Step 120]: Device 0: Allocated: 3309.6 MB, Reserved: 117540.0 MB (Δ: +1687.0 MB)
[2025-11-17 17:22:59][INFO][Rank 0] - val Epoch 12/24: 31.6% (130/412)
[2025-11-17 17:23:04][INFO][Rank 0] - val Epoch 12/24: 34.0% (140/412)
[2025-11-17 17:23:09][INFO][Rank 0] - val Epoch 12/24: 36.4% (150/412)
[2025-11-17 17:23:14][INFO][Rank 0] - val Epoch 12/24: 38.8% (160/412)
[2025-11-17 17:23:19][INFO][Rank 0] - val Epoch 12/24: 41.3% (170/412)
[2025-11-17 17:23:24][INFO][Rank 0] - val Epoch 12/24: 43.7% (180/412)
[2025-11-17 17:23:29][INFO][Rank 0] - val Epoch 12/24: 46.1% (190/412)
[2025-11-17 17:23:34][INFO][Rank 0] - val Epoch 12/24: 48.5% (200/412)
[2025-11-17 17:23:40][INFO][Rank 0] - val Epoch 12/24: 51.0% (210/412)
[2025-11-17 17:23:45][INFO][Rank 0] - val Epoch 12/24: 53.4% (220/412)
[2025-11-17 17:23:50][INFO][Rank 0] - val Epoch 12/24: 55.8% (230/412)
[2025-11-17 17:23:55][INFO][Rank 0] - val Epoch 12/24: 58.3% (240/412)
[2025-11-17 17:23:55][INFO][Rank 0] - CUDA Memory [val][Step 240]: Device 0: Allocated: 3309.6 MB, Reserved: 117540.0 MB (Δ: +1687.0 MB)
[2025-11-17 17:24:00][INFO][Rank 0] - val Epoch 12/24: 60.7% (250/412)
[2025-11-17 17:24:05][INFO][Rank 0] - val Epoch 12/24: 63.1% (260/412)
[2025-11-17 17:24:10][INFO][Rank 0] - val Epoch 12/24: 65.5% (270/412)
[2025-11-17 17:24:15][INFO][Rank 0] - val Epoch 12/24: 68.0% (280/412)
[2025-11-17 17:24:20][INFO][Rank 0] - val Epoch 12/24: 70.4% (290/412)
[2025-11-17 17:24:25][INFO][Rank 0] - val Epoch 12/24: 72.8% (300/412)
[2025-11-17 17:24:31][INFO][Rank 0] - val Epoch 12/24: 75.2% (310/412)
[2025-11-17 17:24:36][INFO][Rank 0] - val Epoch 12/24: 77.7% (320/412)
[2025-11-17 17:24:41][INFO][Rank 0] - val Epoch 12/24: 80.1% (330/412)
[2025-11-17 17:24:46][INFO][Rank 0] - val Epoch 12/24: 82.5% (340/412)
[2025-11-17 17:24:51][INFO][Rank 0] - val Epoch 12/24: 85.0% (350/412)
[2025-11-17 17:24:56][INFO][Rank 0] - val Epoch 12/24: 87.4% (360/412)
[2025-11-17 17:24:57][INFO][Rank 0] - CUDA Memory [val][Step 360]: Device 0: Allocated: 3309.6 MB, Reserved: 117540.0 MB (Δ: +1687.0 MB)
[2025-11-17 17:25:01][INFO][Rank 0] - val Epoch 12/24: 89.8% (370/412)
[2025-11-17 17:25:06][INFO][Rank 0] - val Epoch 12/24: 92.2% (380/412)
[2025-11-17 17:25:11][INFO][Rank 0] - val Epoch 12/24: 94.7% (390/412)
[2025-11-17 17:25:16][INFO][Rank 0] - val Epoch 12/24: 97.1% (400/412)
[2025-11-17 17:25:21][INFO][Rank 0] - val Epoch 12/24: 99.5% (410/412)
[2025-11-17 17:25:22][INFO][Rank 0] - val Epoch 12/24: 99.8% (411/412)
[2025-11-17 17:25:23][INFO][Rank 0] - val Loss: 0.1100 Acc: 0.9784 F1: 0.9889
[2025-11-17 17:25:23][INFO][Rank 0] - val Balanced Acc: 0.8479 AUC-ROC: 0.9804
[2025-11-17 17:25:23][INFO][Rank 0] - val Sensitivity: 0.9855 Specificity: 0.7103
[2025-11-17 17:25:23][INFO][Rank 0] - val Confusion Matrix: TP=3955, FP=31, FN=58, TN=76
[2025-11-17 17:25:23][INFO][Rank 0] - val completed in 210.20s
[2025-11-17 17:25:23][INFO][Rank 0] - val cache: 0/1 items, hit rate: 0.00%
[2025-11-17 17:25:26][INFO][Rank 0] - Saved new best auc model with auc: 0.9804 at /projects/retprogression/rgarridogarcia/checkpoints/cropped1024_cropped_centered_wt_allR_2/best_auc_model.pth
[2025-11-17 17:25:30][INFO][Rank 0] - Saved epoch checkpoint at /projects/retprogression/rgarridogarcia/checkpoints/cropped1024_cropped_centered_wt_allR_2/epoch_12.pth
[2025-11-17 17:25:30][INFO][Rank 0] - Epoch 12 summary:
[2025-11-17 17:25:30][INFO][Rank 0] -  Train Loss: 0.1530, Train Acc: 0.9766, Train F1: 0.9879
[2025-11-17 17:25:30][INFO][Rank 0] -  Train Balanced Acc: 0.8885, Train AUC: 0.9671
[2025-11-17 17:25:30][INFO][Rank 0] -  Train Sensitivity: 0.9811, Train Specificity: 0.7958
[2025-11-17 17:25:30][INFO][Rank 0] -  Val Loss: 0.1100, Val Acc: 0.9784, Val F1: 0.9889
[2025-11-17 17:25:30][INFO][Rank 0] -  Val Balanced Acc: 0.8479, Val AUC: 0.9804
[2025-11-17 17:25:30][INFO][Rank 0] -  Val Sensitivity: 0.9855, Val Specificity: 0.7103
[2025-11-17 17:25:30][INFO][Rank 0] -  Total Epoch Time: 1587.81s
[2025-11-17 17:25:30][INFO][Rank 0] - Epoch 13/24
[2025-11-17 17:25:30][INFO][Rank 0] - ----------
[2025-11-17 17:25:30][INFO][Rank 0] - CUDA Memory [train][Step 0]: Device 0: Allocated: 3309.6 MB, Reserved: 117540.0 MB (Δ: +1687.0 MB)
[2025-11-17 17:25:30][INFO][Rank 0] - train phase: total 1935 batches
[2025-11-17 17:25:31][INFO][Rank 0] - train Epoch 13/24: 0.0% (0/1935)
[2025-11-17 17:25:38][INFO][Rank 0] - train Epoch 13/24: 0.5% (10/1935)
[2025-11-17 17:25:45][INFO][Rank 0] - train Epoch 13/24: 1.0% (20/1935)
[2025-11-17 17:25:52][INFO][Rank 0] - train Epoch 13/24: 1.6% (30/1935)
[2025-11-17 17:25:59][INFO][Rank 0] - train Epoch 13/24: 2.1% (40/1935)
[2025-11-17 17:26:06][INFO][Rank 0] - train Epoch 13/24: 2.6% (50/1935)
[2025-11-17 17:26:13][INFO][Rank 0] - train Epoch 13/24: 3.1% (60/1935)
[2025-11-17 17:26:20][INFO][Rank 0] - train Epoch 13/24: 3.6% (70/1935)
[2025-11-17 17:26:27][INFO][Rank 0] - train Epoch 13/24: 4.1% (80/1935)
[2025-11-17 17:26:34][INFO][Rank 0] - train Epoch 13/24: 4.7% (90/1935)
[2025-11-17 17:26:35][INFO][Rank 0] - CUDA Memory [train][Step 90]: Device 0: Allocated: 3309.6 MB, Reserved: 117540.0 MB (Δ: +1687.0 MB)
[2025-11-17 17:26:41][INFO][Rank 0] - train Epoch 13/24: 5.2% (100/1935)
[2025-11-17 17:26:48][INFO][Rank 0] - train Epoch 13/24: 5.7% (110/1935)
[2025-11-17 17:26:56][INFO][Rank 0] - train Epoch 13/24: 6.2% (120/1935)
[2025-11-17 17:27:03][INFO][Rank 0] - train Epoch 13/24: 6.7% (130/1935)
[2025-11-17 17:27:10][INFO][Rank 0] - train Epoch 13/24: 7.2% (140/1935)
[2025-11-17 17:27:17][INFO][Rank 0] - train Epoch 13/24: 7.8% (150/1935)
[2025-11-17 17:27:24][INFO][Rank 0] - train Epoch 13/24: 8.3% (160/1935)
[2025-11-17 17:27:31][INFO][Rank 0] - train Epoch 13/24: 8.8% (170/1935)
[2025-11-17 17:27:38][INFO][Rank 0] - train Epoch 13/24: 9.3% (180/1935)
[2025-11-17 17:27:39][INFO][Rank 0] - CUDA Memory [train][Step 180]: Device 0: Allocated: 3309.6 MB, Reserved: 117540.0 MB (Δ: +1687.0 MB)
[2025-11-17 17:27:45][INFO][Rank 0] - train Epoch 13/24: 9.8% (190/1935)
[2025-11-17 17:27:52][INFO][Rank 0] - train Epoch 13/24: 10.3% (200/1935)
[2025-11-17 17:27:59][INFO][Rank 0] - train Epoch 13/24: 10.9% (210/1935)
[2025-11-17 17:28:06][INFO][Rank 0] - train Epoch 13/24: 11.4% (220/1935)
[2025-11-17 17:28:13][INFO][Rank 0] - train Epoch 13/24: 11.9% (230/1935)
[2025-11-17 17:28:20][INFO][Rank 0] - train Epoch 13/24: 12.4% (240/1935)
[2025-11-17 17:28:28][INFO][Rank 0] - train Epoch 13/24: 12.9% (250/1935)
[2025-11-17 17:28:35][INFO][Rank 0] - train Epoch 13/24: 13.4% (260/1935)
[2025-11-17 17:28:42][INFO][Rank 0] - train Epoch 13/24: 14.0% (270/1935)
[2025-11-17 17:28:42][INFO][Rank 0] - CUDA Memory [train][Step 270]: Device 0: Allocated: 3309.6 MB, Reserved: 117540.0 MB (Δ: +1687.0 MB)
[2025-11-17 17:28:49][INFO][Rank 0] - train Epoch 13/24: 14.5% (280/1935)
[2025-11-17 17:28:56][INFO][Rank 0] - train Epoch 13/24: 15.0% (290/1935)
[2025-11-17 17:29:03][INFO][Rank 0] - train Epoch 13/24: 15.5% (300/1935)
[2025-11-17 17:29:10][INFO][Rank 0] - train Epoch 13/24: 16.0% (310/1935)
[2025-11-17 17:29:17][INFO][Rank 0] - train Epoch 13/24: 16.5% (320/1935)
[2025-11-17 17:29:24][INFO][Rank 0] - train Epoch 13/24: 17.1% (330/1935)
[2025-11-17 17:29:31][INFO][Rank 0] - train Epoch 13/24: 17.6% (340/1935)
[2025-11-17 17:29:38][INFO][Rank 0] - train Epoch 13/24: 18.1% (350/1935)
[2025-11-17 17:29:45][INFO][Rank 0] - train Epoch 13/24: 18.6% (360/1935)
[2025-11-17 17:29:46][INFO][Rank 0] - CUDA Memory [train][Step 360]: Device 0: Allocated: 3309.6 MB, Reserved: 117540.0 MB (Δ: +1687.0 MB)
[2025-11-17 17:29:52][INFO][Rank 0] - train Epoch 13/24: 19.1% (370/1935)
[2025-11-17 17:30:00][INFO][Rank 0] - train Epoch 13/24: 19.6% (380/1935)
[2025-11-17 17:30:07][INFO][Rank 0] - train Epoch 13/24: 20.2% (390/1935)
[2025-11-17 17:30:14][INFO][Rank 0] - train Epoch 13/24: 20.7% (400/1935)
[2025-11-17 17:30:21][INFO][Rank 0] - train Epoch 13/24: 21.2% (410/1935)
[2025-11-17 17:30:28][INFO][Rank 0] - train Epoch 13/24: 21.7% (420/1935)
[2025-11-17 17:30:35][INFO][Rank 0] - train Epoch 13/24: 22.2% (430/1935)
[2025-11-17 17:30:42][INFO][Rank 0] - train Epoch 13/24: 22.7% (440/1935)
[2025-11-17 17:30:49][INFO][Rank 0] - train Epoch 13/24: 23.3% (450/1935)
[2025-11-17 17:30:50][INFO][Rank 0] - CUDA Memory [train][Step 450]: Device 0: Allocated: 3309.6 MB, Reserved: 117540.0 MB (Δ: +1687.0 MB)
[2025-11-17 17:30:56][INFO][Rank 0] - train Epoch 13/24: 23.8% (460/1935)
[2025-11-17 17:31:03][INFO][Rank 0] - train Epoch 13/24: 24.3% (470/1935)
[2025-11-17 17:31:10][INFO][Rank 0] - train Epoch 13/24: 24.8% (480/1935)
[2025-11-17 17:31:17][INFO][Rank 0] - train Epoch 13/24: 25.3% (490/1935)
[2025-11-17 17:31:25][INFO][Rank 0] - train Epoch 13/24: 25.8% (500/1935)
[2025-11-17 17:31:32][INFO][Rank 0] - train Epoch 13/24: 26.4% (510/1935)
[2025-11-17 17:31:39][INFO][Rank 0] - train Epoch 13/24: 26.9% (520/1935)
[2025-11-17 17:31:46][INFO][Rank 0] - train Epoch 13/24: 27.4% (530/1935)
[2025-11-17 17:31:53][INFO][Rank 0] - train Epoch 13/24: 27.9% (540/1935)
[2025-11-17 17:31:54][INFO][Rank 0] - CUDA Memory [train][Step 540]: Device 0: Allocated: 3309.6 MB, Reserved: 117540.0 MB (Δ: +1687.0 MB)
[2025-11-17 17:32:00][INFO][Rank 0] - train Epoch 13/24: 28.4% (550/1935)
[2025-11-17 17:32:07][INFO][Rank 0] - train Epoch 13/24: 28.9% (560/1935)
[2025-11-17 17:32:14][INFO][Rank 0] - train Epoch 13/24: 29.5% (570/1935)
[2025-11-17 17:32:21][INFO][Rank 0] - train Epoch 13/24: 30.0% (580/1935)
[2025-11-17 17:32:28][INFO][Rank 0] - train Epoch 13/24: 30.5% (590/1935)
[2025-11-17 17:32:35][INFO][Rank 0] - train Epoch 13/24: 31.0% (600/1935)
[2025-11-17 17:32:42][INFO][Rank 0] - train Epoch 13/24: 31.5% (610/1935)
[2025-11-17 17:32:49][INFO][Rank 0] - train Epoch 13/24: 32.0% (620/1935)
[2025-11-17 17:32:57][INFO][Rank 0] - train Epoch 13/24: 32.6% (630/1935)
[2025-11-17 17:32:57][INFO][Rank 0] - CUDA Memory [train][Step 630]: Device 0: Allocated: 3309.6 MB, Reserved: 117540.0 MB (Δ: +1687.0 MB)
[2025-11-17 17:33:04][INFO][Rank 0] - train Epoch 13/24: 33.1% (640/1935)
[2025-11-17 17:33:11][INFO][Rank 0] - train Epoch 13/24: 33.6% (650/1935)
[2025-11-17 17:33:18][INFO][Rank 0] - train Epoch 13/24: 34.1% (660/1935)
[2025-11-17 17:33:25][INFO][Rank 0] - train Epoch 13/24: 34.6% (670/1935)
[2025-11-17 17:33:32][INFO][Rank 0] - train Epoch 13/24: 35.1% (680/1935)
[2025-11-17 17:33:39][INFO][Rank 0] - train Epoch 13/24: 35.7% (690/1935)
[2025-11-17 17:33:46][INFO][Rank 0] - train Epoch 13/24: 36.2% (700/1935)
[2025-11-17 17:33:53][INFO][Rank 0] - train Epoch 13/24: 36.7% (710/1935)
[2025-11-17 17:34:00][INFO][Rank 0] - train Epoch 13/24: 37.2% (720/1935)
[2025-11-17 17:34:01][INFO][Rank 0] - CUDA Memory [train][Step 720]: Device 0: Allocated: 3309.6 MB, Reserved: 117540.0 MB (Δ: +1687.0 MB)
[2025-11-17 17:34:07][INFO][Rank 0] - train Epoch 13/24: 37.7% (730/1935)
[2025-11-17 17:34:14][INFO][Rank 0] - train Epoch 13/24: 38.2% (740/1935)
[2025-11-17 17:34:21][INFO][Rank 0] - train Epoch 13/24: 38.8% (750/1935)
[2025-11-17 17:34:29][INFO][Rank 0] - train Epoch 13/24: 39.3% (760/1935)
[2025-11-17 17:34:36][INFO][Rank 0] - train Epoch 13/24: 39.8% (770/1935)
[2025-11-17 17:34:43][INFO][Rank 0] - train Epoch 13/24: 40.3% (780/1935)
[2025-11-17 17:34:50][INFO][Rank 0] - train Epoch 13/24: 40.8% (790/1935)
[2025-11-17 17:34:57][INFO][Rank 0] - train Epoch 13/24: 41.3% (800/1935)
[2025-11-17 17:35:04][INFO][Rank 0] - train Epoch 13/24: 41.9% (810/1935)
[2025-11-17 17:35:05][INFO][Rank 0] - CUDA Memory [train][Step 810]: Device 0: Allocated: 3309.6 MB, Reserved: 117540.0 MB (Δ: +1687.0 MB)
[2025-11-17 17:35:11][INFO][Rank 0] - train Epoch 13/24: 42.4% (820/1935)
[2025-11-17 17:35:18][INFO][Rank 0] - train Epoch 13/24: 42.9% (830/1935)
[2025-11-17 17:35:25][INFO][Rank 0] - train Epoch 13/24: 43.4% (840/1935)
[2025-11-17 17:35:32][INFO][Rank 0] - train Epoch 13/24: 43.9% (850/1935)
[2025-11-17 17:35:39][INFO][Rank 0] - train Epoch 13/24: 44.4% (860/1935)
[2025-11-17 17:35:46][INFO][Rank 0] - train Epoch 13/24: 45.0% (870/1935)
[2025-11-17 17:35:53][INFO][Rank 0] - train Epoch 13/24: 45.5% (880/1935)
[2025-11-17 17:36:01][INFO][Rank 0] - train Epoch 13/24: 46.0% (890/1935)
[2025-11-17 17:36:08][INFO][Rank 0] - train Epoch 13/24: 46.5% (900/1935)
[2025-11-17 17:36:08][INFO][Rank 0] - CUDA Memory [train][Step 900]: Device 0: Allocated: 3309.6 MB, Reserved: 117540.0 MB (Δ: +1687.0 MB)
[2025-11-17 17:36:15][INFO][Rank 0] - train Epoch 13/24: 47.0% (910/1935)
[2025-11-17 17:36:22][INFO][Rank 0] - train Epoch 13/24: 47.5% (920/1935)
[2025-11-17 17:36:29][INFO][Rank 0] - train Epoch 13/24: 48.1% (930/1935)
[2025-11-17 17:36:36][INFO][Rank 0] - train Epoch 13/24: 48.6% (940/1935)
[2025-11-17 17:36:43][INFO][Rank 0] - train Epoch 13/24: 49.1% (950/1935)
[2025-11-17 17:36:50][INFO][Rank 0] - train Epoch 13/24: 49.6% (960/1935)
[2025-11-17 17:36:57][INFO][Rank 0] - train Epoch 13/24: 50.1% (970/1935)
[2025-11-17 17:37:04][INFO][Rank 0] - train Epoch 13/24: 50.6% (980/1935)
[2025-11-17 17:37:11][INFO][Rank 0] - train Epoch 13/24: 51.2% (990/1935)
[2025-11-17 17:37:12][INFO][Rank 0] - CUDA Memory [train][Step 990]: Device 0: Allocated: 3309.6 MB, Reserved: 117540.0 MB (Δ: +1687.0 MB)
[2025-11-17 17:37:18][INFO][Rank 0] - train Epoch 13/24: 51.7% (1000/1935)
[2025-11-17 17:37:26][INFO][Rank 0] - train Epoch 13/24: 52.2% (1010/1935)
[2025-11-17 17:37:33][INFO][Rank 0] - train Epoch 13/24: 52.7% (1020/1935)
[2025-11-17 17:37:40][INFO][Rank 0] - train Epoch 13/24: 53.2% (1030/1935)
[2025-11-17 17:37:47][INFO][Rank 0] - train Epoch 13/24: 53.7% (1040/1935)
[2025-11-17 17:37:54][INFO][Rank 0] - train Epoch 13/24: 54.3% (1050/1935)
[2025-11-17 17:38:01][INFO][Rank 0] - train Epoch 13/24: 54.8% (1060/1935)
[2025-11-17 17:38:08][INFO][Rank 0] - train Epoch 13/24: 55.3% (1070/1935)
[2025-11-17 17:38:15][INFO][Rank 0] - train Epoch 13/24: 55.8% (1080/1935)
[2025-11-17 17:38:16][INFO][Rank 0] - CUDA Memory [train][Step 1080]: Device 0: Allocated: 3309.6 MB, Reserved: 117540.0 MB (Δ: +1687.0 MB)
[2025-11-17 17:38:22][INFO][Rank 0] - train Epoch 13/24: 56.3% (1090/1935)
[2025-11-17 17:38:29][INFO][Rank 0] - train Epoch 13/24: 56.8% (1100/1935)
[2025-11-17 17:38:36][INFO][Rank 0] - train Epoch 13/24: 57.4% (1110/1935)
[2025-11-17 17:38:43][INFO][Rank 0] - train Epoch 13/24: 57.9% (1120/1935)
[2025-11-17 17:38:50][INFO][Rank 0] - train Epoch 13/24: 58.4% (1130/1935)
[2025-11-17 17:38:58][INFO][Rank 0] - train Epoch 13/24: 58.9% (1140/1935)
[2025-11-17 17:39:05][INFO][Rank 0] - train Epoch 13/24: 59.4% (1150/1935)
[2025-11-17 17:39:12][INFO][Rank 0] - train Epoch 13/24: 59.9% (1160/1935)
[2025-11-17 17:39:19][INFO][Rank 0] - train Epoch 13/24: 60.5% (1170/1935)
[2025-11-17 17:39:19][INFO][Rank 0] - CUDA Memory [train][Step 1170]: Device 0: Allocated: 3309.6 MB, Reserved: 117540.0 MB (Δ: +1687.0 MB)
[2025-11-17 17:39:26][INFO][Rank 0] - train Epoch 13/24: 61.0% (1180/1935)
[2025-11-17 17:39:33][INFO][Rank 0] - train Epoch 13/24: 61.5% (1190/1935)
[2025-11-17 17:39:40][INFO][Rank 0] - train Epoch 13/24: 62.0% (1200/1935)
[2025-11-17 17:39:47][INFO][Rank 0] - train Epoch 13/24: 62.5% (1210/1935)
[2025-11-17 17:39:54][INFO][Rank 0] - train Epoch 13/24: 63.0% (1220/1935)
[2025-11-17 17:40:01][INFO][Rank 0] - train Epoch 13/24: 63.6% (1230/1935)
[2025-11-17 17:40:08][INFO][Rank 0] - train Epoch 13/24: 64.1% (1240/1935)
[2025-11-17 17:40:15][INFO][Rank 0] - train Epoch 13/24: 64.6% (1250/1935)
[2025-11-17 17:40:22][INFO][Rank 0] - train Epoch 13/24: 65.1% (1260/1935)
[2025-11-17 17:40:23][INFO][Rank 0] - CUDA Memory [train][Step 1260]: Device 0: Allocated: 3309.6 MB, Reserved: 117540.0 MB (Δ: +1687.0 MB)
[2025-11-17 17:40:30][INFO][Rank 0] - train Epoch 13/24: 65.6% (1270/1935)
[2025-11-17 17:40:37][INFO][Rank 0] - train Epoch 13/24: 66.1% (1280/1935)
[2025-11-17 17:40:44][INFO][Rank 0] - train Epoch 13/24: 66.7% (1290/1935)
[2025-11-17 17:40:51][INFO][Rank 0] - train Epoch 13/24: 67.2% (1300/1935)
[2025-11-17 17:40:58][INFO][Rank 0] - train Epoch 13/24: 67.7% (1310/1935)
[2025-11-17 17:41:05][INFO][Rank 0] - train Epoch 13/24: 68.2% (1320/1935)
[2025-11-17 17:41:12][INFO][Rank 0] - train Epoch 13/24: 68.7% (1330/1935)
[2025-11-17 17:41:19][INFO][Rank 0] - train Epoch 13/24: 69.3% (1340/1935)
[2025-11-17 17:41:26][INFO][Rank 0] - train Epoch 13/24: 69.8% (1350/1935)
[2025-11-17 17:41:27][INFO][Rank 0] - CUDA Memory [train][Step 1350]: Device 0: Allocated: 3309.6 MB, Reserved: 117540.0 MB (Δ: +1687.0 MB)
[2025-11-17 17:41:33][INFO][Rank 0] - train Epoch 13/24: 70.3% (1360/1935)
[2025-11-17 17:41:40][INFO][Rank 0] - train Epoch 13/24: 70.8% (1370/1935)
[2025-11-17 17:41:47][INFO][Rank 0] - train Epoch 13/24: 71.3% (1380/1935)
[2025-11-17 17:41:54][INFO][Rank 0] - train Epoch 13/24: 71.8% (1390/1935)
[2025-11-17 17:42:02][INFO][Rank 0] - train Epoch 13/24: 72.4% (1400/1935)
[2025-11-17 17:42:09][INFO][Rank 0] - train Epoch 13/24: 72.9% (1410/1935)
[2025-11-17 17:42:16][INFO][Rank 0] - train Epoch 13/24: 73.4% (1420/1935)
[2025-11-17 17:42:23][INFO][Rank 0] - train Epoch 13/24: 73.9% (1430/1935)
[2025-11-17 17:42:30][INFO][Rank 0] - train Epoch 13/24: 74.4% (1440/1935)
[2025-11-17 17:42:31][INFO][Rank 0] - CUDA Memory [train][Step 1440]: Device 0: Allocated: 3309.6 MB, Reserved: 117540.0 MB (Δ: +1687.0 MB)
[2025-11-17 17:42:37][INFO][Rank 0] - train Epoch 13/24: 74.9% (1450/1935)
[2025-11-17 17:42:44][INFO][Rank 0] - train Epoch 13/24: 75.5% (1460/1935)
[2025-11-17 17:42:51][INFO][Rank 0] - train Epoch 13/24: 76.0% (1470/1935)
[2025-11-17 17:42:58][INFO][Rank 0] - train Epoch 13/24: 76.5% (1480/1935)
[2025-11-17 17:43:05][INFO][Rank 0] - train Epoch 13/24: 77.0% (1490/1935)
[2025-11-17 17:43:12][INFO][Rank 0] - train Epoch 13/24: 77.5% (1500/1935)
[2025-11-17 17:43:19][INFO][Rank 0] - train Epoch 13/24: 78.0% (1510/1935)
[2025-11-17 17:43:26][INFO][Rank 0] - train Epoch 13/24: 78.6% (1520/1935)
[2025-11-17 17:43:34][INFO][Rank 0] - train Epoch 13/24: 79.1% (1530/1935)
[2025-11-17 17:43:34][INFO][Rank 0] - CUDA Memory [train][Step 1530]: Device 0: Allocated: 3309.6 MB, Reserved: 117540.0 MB (Δ: +1687.0 MB)
[2025-11-17 17:43:41][INFO][Rank 0] - train Epoch 13/24: 79.6% (1540/1935)
[2025-11-17 17:43:48][INFO][Rank 0] - train Epoch 13/24: 80.1% (1550/1935)
[2025-11-17 17:43:55][INFO][Rank 0] - train Epoch 13/24: 80.6% (1560/1935)
[2025-11-17 17:44:02][INFO][Rank 0] - train Epoch 13/24: 81.1% (1570/1935)
[2025-11-17 17:44:09][INFO][Rank 0] - train Epoch 13/24: 81.7% (1580/1935)
[2025-11-17 17:44:16][INFO][Rank 0] - train Epoch 13/24: 82.2% (1590/1935)
[2025-11-17 17:44:23][INFO][Rank 0] - train Epoch 13/24: 82.7% (1600/1935)
[2025-11-17 17:44:30][INFO][Rank 0] - train Epoch 13/24: 83.2% (1610/1935)
[2025-11-17 17:44:37][INFO][Rank 0] - train Epoch 13/24: 83.7% (1620/1935)
[2025-11-17 17:44:38][INFO][Rank 0] - CUDA Memory [train][Step 1620]: Device 0: Allocated: 3309.6 MB, Reserved: 117540.0 MB (Δ: +1687.0 MB)
[2025-11-17 17:44:44][INFO][Rank 0] - train Epoch 13/24: 84.2% (1630/1935)
[2025-11-17 17:44:51][INFO][Rank 0] - train Epoch 13/24: 84.8% (1640/1935)
[2025-11-17 17:44:58][INFO][Rank 0] - train Epoch 13/24: 85.3% (1650/1935)
[2025-11-17 17:45:06][INFO][Rank 0] - train Epoch 13/24: 85.8% (1660/1935)
[2025-11-17 17:45:13][INFO][Rank 0] - train Epoch 13/24: 86.3% (1670/1935)
[2025-11-17 17:45:20][INFO][Rank 0] - train Epoch 13/24: 86.8% (1680/1935)
[2025-11-17 17:45:27][INFO][Rank 0] - train Epoch 13/24: 87.3% (1690/1935)
[2025-11-17 17:45:34][INFO][Rank 0] - train Epoch 13/24: 87.9% (1700/1935)
[2025-11-17 17:45:41][INFO][Rank 0] - train Epoch 13/24: 88.4% (1710/1935)
[2025-11-17 17:45:42][INFO][Rank 0] - CUDA Memory [train][Step 1710]: Device 0: Allocated: 3309.6 MB, Reserved: 117540.0 MB (Δ: +1687.0 MB)
[2025-11-17 17:45:48][INFO][Rank 0] - train Epoch 13/24: 88.9% (1720/1935)
[2025-11-17 17:45:55][INFO][Rank 0] - train Epoch 13/24: 89.4% (1730/1935)
[2025-11-17 17:46:02][INFO][Rank 0] - train Epoch 13/24: 89.9% (1740/1935)
[2025-11-17 17:46:09][INFO][Rank 0] - train Epoch 13/24: 90.4% (1750/1935)
[2025-11-17 17:46:16][INFO][Rank 0] - train Epoch 13/24: 91.0% (1760/1935)
[2025-11-17 17:46:23][INFO][Rank 0] - train Epoch 13/24: 91.5% (1770/1935)
[2025-11-17 17:46:30][INFO][Rank 0] - train Epoch 13/24: 92.0% (1780/1935)
[2025-11-17 17:46:38][INFO][Rank 0] - train Epoch 13/24: 92.5% (1790/1935)
[2025-11-17 17:46:45][INFO][Rank 0] - train Epoch 13/24: 93.0% (1800/1935)
[2025-11-17 17:46:45][INFO][Rank 0] - CUDA Memory [train][Step 1800]: Device 0: Allocated: 3309.6 MB, Reserved: 117540.0 MB (Δ: +1687.0 MB)
[2025-11-17 17:46:52][INFO][Rank 0] - train Epoch 13/24: 93.5% (1810/1935)
[2025-11-17 17:46:59][INFO][Rank 0] - train Epoch 13/24: 94.1% (1820/1935)
[2025-11-17 17:47:06][INFO][Rank 0] - train Epoch 13/24: 94.6% (1830/1935)
[2025-11-17 17:47:13][INFO][Rank 0] - train Epoch 13/24: 95.1% (1840/1935)
[2025-11-17 17:47:20][INFO][Rank 0] - train Epoch 13/24: 95.6% (1850/1935)
[2025-11-17 17:47:27][INFO][Rank 0] - train Epoch 13/24: 96.1% (1860/1935)
[2025-11-17 17:47:34][INFO][Rank 0] - train Epoch 13/24: 96.6% (1870/1935)
[2025-11-17 17:47:41][INFO][Rank 0] - train Epoch 13/24: 97.2% (1880/1935)
[2025-11-17 17:47:48][INFO][Rank 0] - train Epoch 13/24: 97.7% (1890/1935)
[2025-11-17 17:47:49][INFO][Rank 0] - CUDA Memory [train][Step 1890]: Device 0: Allocated: 3309.6 MB, Reserved: 117540.0 MB (Δ: +1687.0 MB)
[2025-11-17 17:47:55][INFO][Rank 0] - train Epoch 13/24: 98.2% (1900/1935)
[2025-11-17 17:48:02][INFO][Rank 0] - train Epoch 13/24: 98.7% (1910/1935)
[2025-11-17 17:48:10][INFO][Rank 0] - train Epoch 13/24: 99.2% (1920/1935)
[2025-11-17 17:48:17][INFO][Rank 0] - train Epoch 13/24: 99.7% (1930/1935)
[2025-11-17 17:48:19][INFO][Rank 0] - train Epoch 13/24: 99.9% (1934/1935)
[2025-11-17 17:48:20][INFO][Rank 0] - train Loss: 0.1468 Acc: 0.9752 F1: 0.9872
[2025-11-17 17:48:20][INFO][Rank 0] - train Balanced Acc: 0.8949 AUC-ROC: 0.9706
[2025-11-17 17:48:20][INFO][Rank 0] - train Sensitivity: 0.9793 Specificity: 0.8105
[2025-11-17 17:48:20][INFO][Rank 0] - train Confusion Matrix: TP=18485, FP=90, FN=390, TN=385
[2025-11-17 17:48:20][INFO][Rank 0] - train completed in 1370.15s
[2025-11-17 17:48:20][INFO][Rank 0] - Data loading time: 1.22s, Forward time: 278.74s, Backward time: 742.94s
[2025-11-17 17:48:20][INFO][Rank 0] - train cache: 0/1 items, hit rate: 0.00%
[2025-11-17 17:48:20][INFO][Rank 0] - CUDA Memory [val][Step 0]: Device 0: Allocated: 3309.6 MB, Reserved: 117540.0 MB (Δ: +1687.0 MB)
[2025-11-17 17:48:20][INFO][Rank 0] - val phase: total 412 batches
[2025-11-17 17:48:20][INFO][Rank 0] - val Epoch 13/24: 0.0% (0/412)
[2025-11-17 17:48:26][INFO][Rank 0] - val Epoch 13/24: 2.4% (10/412)
[2025-11-17 17:48:31][INFO][Rank 0] - val Epoch 13/24: 4.9% (20/412)
[2025-11-17 17:48:36][INFO][Rank 0] - val Epoch 13/24: 7.3% (30/412)
[2025-11-17 17:48:41][INFO][Rank 0] - val Epoch 13/24: 9.7% (40/412)
[2025-11-17 17:48:46][INFO][Rank 0] - val Epoch 13/24: 12.1% (50/412)
[2025-11-17 17:48:51][INFO][Rank 0] - val Epoch 13/24: 14.6% (60/412)
[2025-11-17 17:48:56][INFO][Rank 0] - val Epoch 13/24: 17.0% (70/412)
[2025-11-17 17:49:01][INFO][Rank 0] - val Epoch 13/24: 19.4% (80/412)
[2025-11-17 17:49:06][INFO][Rank 0] - val Epoch 13/24: 21.8% (90/412)
[2025-11-17 17:49:11][INFO][Rank 0] - val Epoch 13/24: 24.3% (100/412)
[2025-11-17 17:49:17][INFO][Rank 0] - val Epoch 13/24: 26.7% (110/412)
[2025-11-17 17:49:22][INFO][Rank 0] - val Epoch 13/24: 29.1% (120/412)
[2025-11-17 17:49:22][INFO][Rank 0] - CUDA Memory [val][Step 120]: Device 0: Allocated: 3309.6 MB, Reserved: 117540.0 MB (Δ: +1687.0 MB)
[2025-11-17 17:49:27][INFO][Rank 0] - val Epoch 13/24: 31.6% (130/412)
[2025-11-17 17:49:32][INFO][Rank 0] - val Epoch 13/24: 34.0% (140/412)
[2025-11-17 17:49:37][INFO][Rank 0] - val Epoch 13/24: 36.4% (150/412)
[2025-11-17 17:49:42][INFO][Rank 0] - val Epoch 13/24: 38.8% (160/412)
[2025-11-17 17:49:47][INFO][Rank 0] - val Epoch 13/24: 41.3% (170/412)
[2025-11-17 17:49:52][INFO][Rank 0] - val Epoch 13/24: 43.7% (180/412)
[2025-11-17 17:49:57][INFO][Rank 0] - val Epoch 13/24: 46.1% (190/412)
[2025-11-17 17:50:02][INFO][Rank 0] - val Epoch 13/24: 48.5% (200/412)
[2025-11-17 17:50:08][INFO][Rank 0] - val Epoch 13/24: 51.0% (210/412)
[2025-11-17 17:50:13][INFO][Rank 0] - val Epoch 13/24: 53.4% (220/412)
[2025-11-17 17:50:18][INFO][Rank 0] - val Epoch 13/24: 55.8% (230/412)
[2025-11-17 17:50:23][INFO][Rank 0] - val Epoch 13/24: 58.3% (240/412)
[2025-11-17 17:50:23][INFO][Rank 0] - CUDA Memory [val][Step 240]: Device 0: Allocated: 3309.6 MB, Reserved: 117540.0 MB (Δ: +1687.0 MB)
[2025-11-17 17:50:28][INFO][Rank 0] - val Epoch 13/24: 60.7% (250/412)
[2025-11-17 17:50:33][INFO][Rank 0] - val Epoch 13/24: 63.1% (260/412)
[2025-11-17 17:50:38][INFO][Rank 0] - val Epoch 13/24: 65.5% (270/412)
[2025-11-17 17:50:43][INFO][Rank 0] - val Epoch 13/24: 68.0% (280/412)
[2025-11-17 17:50:48][INFO][Rank 0] - val Epoch 13/24: 70.4% (290/412)
[2025-11-17 17:50:53][INFO][Rank 0] - val Epoch 13/24: 72.8% (300/412)
[2025-11-17 17:50:59][INFO][Rank 0] - val Epoch 13/24: 75.2% (310/412)
[2025-11-17 17:51:04][INFO][Rank 0] - val Epoch 13/24: 77.7% (320/412)
[2025-11-17 17:51:09][INFO][Rank 0] - val Epoch 13/24: 80.1% (330/412)
[2025-11-17 17:51:14][INFO][Rank 0] - val Epoch 13/24: 82.5% (340/412)
[2025-11-17 17:51:19][INFO][Rank 0] - val Epoch 13/24: 85.0% (350/412)
[2025-11-17 17:51:24][INFO][Rank 0] - val Epoch 13/24: 87.4% (360/412)
[2025-11-17 17:51:25][INFO][Rank 0] - CUDA Memory [val][Step 360]: Device 0: Allocated: 3309.6 MB, Reserved: 117540.0 MB (Δ: +1687.0 MB)
[2025-11-17 17:51:29][INFO][Rank 0] - val Epoch 13/24: 89.8% (370/412)
[2025-11-17 17:51:34][INFO][Rank 0] - val Epoch 13/24: 92.2% (380/412)
[2025-11-17 17:51:39][INFO][Rank 0] - val Epoch 13/24: 94.7% (390/412)
[2025-11-17 17:51:44][INFO][Rank 0] - val Epoch 13/24: 97.1% (400/412)
[2025-11-17 17:51:50][INFO][Rank 0] - val Epoch 13/24: 99.5% (410/412)
[2025-11-17 17:51:50][INFO][Rank 0] - val Epoch 13/24: 99.8% (411/412)
[2025-11-17 17:51:51][INFO][Rank 0] - val Loss: 0.1061 Acc: 0.9760 F1: 0.9876
[2025-11-17 17:51:51][INFO][Rank 0] - val Balanced Acc: 0.8558 AUC-ROC: 0.9804
[2025-11-17 17:51:51][INFO][Rank 0] - val Sensitivity: 0.9826 Specificity: 0.7290
[2025-11-17 17:51:51][INFO][Rank 0] - val Confusion Matrix: TP=3943, FP=29, FN=70, TN=78
[2025-11-17 17:51:51][INFO][Rank 0] - val completed in 210.36s
[2025-11-17 17:51:51][INFO][Rank 0] - val cache: 0/1 items, hit rate: 0.00%
[2025-11-17 17:51:54][INFO][Rank 0] - Saved new best balanced_acc model with balanced_acc: 0.8558 at /projects/retprogression/rgarridogarcia/checkpoints/cropped1024_cropped_centered_wt_allR_2/best_balanced_acc_model.pth
[2025-11-17 17:51:58][INFO][Rank 0] - Also saved as general best model at /projects/retprogression/rgarridogarcia/checkpoints/cropped1024_cropped_centered_wt_allR_2/best_model.pth
[2025-11-17 17:52:02][INFO][Rank 0] - Saved epoch checkpoint at /projects/retprogression/rgarridogarcia/checkpoints/cropped1024_cropped_centered_wt_allR_2/epoch_13.pth
[2025-11-17 17:52:02][INFO][Rank 0] - Epoch 13 summary:
[2025-11-17 17:52:02][INFO][Rank 0] -  Train Loss: 0.1468, Train Acc: 0.9752, Train F1: 0.9872
[2025-11-17 17:52:02][INFO][Rank 0] -  Train Balanced Acc: 0.8949, Train AUC: 0.9706
[2025-11-17 17:52:02][INFO][Rank 0] -  Train Sensitivity: 0.9793, Train Specificity: 0.8105
[2025-11-17 17:52:02][INFO][Rank 0] -  Val Loss: 0.1061, Val Acc: 0.9760, Val F1: 0.9876
[2025-11-17 17:52:02][INFO][Rank 0] -  Val Balanced Acc: 0.8558, Val AUC: 0.9804
[2025-11-17 17:52:02][INFO][Rank 0] -  Val Sensitivity: 0.9826, Val Specificity: 0.7290
[2025-11-17 17:52:02][INFO][Rank 0] -  Total Epoch Time: 1591.82s
[2025-11-17 17:52:02][INFO][Rank 0] - Epoch 14/24
[2025-11-17 17:52:02][INFO][Rank 0] - ----------
[2025-11-17 17:52:02][INFO][Rank 0] - CUDA Memory [train][Step 0]: Device 0: Allocated: 3309.6 MB, Reserved: 117540.0 MB (Δ: +1687.0 MB)
[2025-11-17 17:52:02][INFO][Rank 0] - train phase: total 1935 batches
[2025-11-17 17:52:02][INFO][Rank 0] - train Epoch 14/24: 0.0% (0/1935)
[2025-11-17 17:52:09][INFO][Rank 0] - train Epoch 14/24: 0.5% (10/1935)
[2025-11-17 17:52:16][INFO][Rank 0] - train Epoch 14/24: 1.0% (20/1935)
[2025-11-17 17:52:23][INFO][Rank 0] - train Epoch 14/24: 1.6% (30/1935)
[2025-11-17 17:52:30][INFO][Rank 0] - train Epoch 14/24: 2.1% (40/1935)
[2025-11-17 17:52:38][INFO][Rank 0] - train Epoch 14/24: 2.6% (50/1935)
[2025-11-17 17:52:45][INFO][Rank 0] - train Epoch 14/24: 3.1% (60/1935)
[2025-11-17 17:52:52][INFO][Rank 0] - train Epoch 14/24: 3.6% (70/1935)
[2025-11-17 17:52:59][INFO][Rank 0] - train Epoch 14/24: 4.1% (80/1935)
[2025-11-17 17:53:06][INFO][Rank 0] - train Epoch 14/24: 4.7% (90/1935)
[2025-11-17 17:53:07][INFO][Rank 0] - CUDA Memory [train][Step 90]: Device 0: Allocated: 3309.6 MB, Reserved: 117540.0 MB (Δ: +1687.0 MB)
[2025-11-17 17:53:13][INFO][Rank 0] - train Epoch 14/24: 5.2% (100/1935)
[2025-11-17 17:53:20][INFO][Rank 0] - train Epoch 14/24: 5.7% (110/1935)
[2025-11-17 17:53:27][INFO][Rank 0] - train Epoch 14/24: 6.2% (120/1935)
[2025-11-17 17:53:34][INFO][Rank 0] - train Epoch 14/24: 6.7% (130/1935)
[2025-11-17 17:53:41][INFO][Rank 0] - train Epoch 14/24: 7.2% (140/1935)
[2025-11-17 17:53:48][INFO][Rank 0] - train Epoch 14/24: 7.8% (150/1935)
[2025-11-17 17:53:55][INFO][Rank 0] - train Epoch 14/24: 8.3% (160/1935)
[2025-11-17 17:54:03][INFO][Rank 0] - train Epoch 14/24: 8.8% (170/1935)
[2025-11-17 17:54:10][INFO][Rank 0] - train Epoch 14/24: 9.3% (180/1935)
[2025-11-17 17:54:10][INFO][Rank 0] - CUDA Memory [train][Step 180]: Device 0: Allocated: 3309.6 MB, Reserved: 117540.0 MB (Δ: +1687.0 MB)
[2025-11-17 17:54:17][INFO][Rank 0] - train Epoch 14/24: 9.8% (190/1935)
[2025-11-17 17:54:24][INFO][Rank 0] - train Epoch 14/24: 10.3% (200/1935)
[2025-11-17 17:54:31][INFO][Rank 0] - train Epoch 14/24: 10.9% (210/1935)
[2025-11-17 17:54:38][INFO][Rank 0] - train Epoch 14/24: 11.4% (220/1935)
[2025-11-17 17:54:45][INFO][Rank 0] - train Epoch 14/24: 11.9% (230/1935)
[2025-11-17 17:54:52][INFO][Rank 0] - train Epoch 14/24: 12.4% (240/1935)
[2025-11-17 17:54:59][INFO][Rank 0] - train Epoch 14/24: 12.9% (250/1935)
[2025-11-17 17:55:06][INFO][Rank 0] - train Epoch 14/24: 13.4% (260/1935)
[2025-11-17 17:55:13][INFO][Rank 0] - train Epoch 14/24: 14.0% (270/1935)
[2025-11-17 17:55:14][INFO][Rank 0] - CUDA Memory [train][Step 270]: Device 0: Allocated: 3309.6 MB, Reserved: 117540.0 MB (Δ: +1687.0 MB)
[2025-11-17 17:55:21][INFO][Rank 0] - train Epoch 14/24: 14.5% (280/1935)
[2025-11-17 17:55:28][INFO][Rank 0] - train Epoch 14/24: 15.0% (290/1935)
[2025-11-17 17:55:35][INFO][Rank 0] - train Epoch 14/24: 15.5% (300/1935)
[2025-11-17 17:55:42][INFO][Rank 0] - train Epoch 14/24: 16.0% (310/1935)
[2025-11-17 17:55:49][INFO][Rank 0] - train Epoch 14/24: 16.5% (320/1935)
[2025-11-17 17:55:56][INFO][Rank 0] - train Epoch 14/24: 17.1% (330/1935)
[2025-11-17 17:56:03][INFO][Rank 0] - train Epoch 14/24: 17.6% (340/1935)
[2025-11-17 17:56:10][INFO][Rank 0] - train Epoch 14/24: 18.1% (350/1935)
[2025-11-17 17:56:17][INFO][Rank 0] - train Epoch 14/24: 18.6% (360/1935)
[2025-11-17 17:56:18][INFO][Rank 0] - CUDA Memory [train][Step 360]: Device 0: Allocated: 3309.6 MB, Reserved: 117540.0 MB (Δ: +1687.0 MB)
[2025-11-17 17:56:24][INFO][Rank 0] - train Epoch 14/24: 19.1% (370/1935)
[2025-11-17 17:56:31][INFO][Rank 0] - train Epoch 14/24: 19.6% (380/1935)
[2025-11-17 17:56:38][INFO][Rank 0] - train Epoch 14/24: 20.2% (390/1935)
[2025-11-17 17:56:46][INFO][Rank 0] - train Epoch 14/24: 20.7% (400/1935)
[2025-11-17 17:56:53][INFO][Rank 0] - train Epoch 14/24: 21.2% (410/1935)
[2025-11-17 17:57:00][INFO][Rank 0] - train Epoch 14/24: 21.7% (420/1935)
[2025-11-17 17:57:07][INFO][Rank 0] - train Epoch 14/24: 22.2% (430/1935)
[2025-11-17 17:57:14][INFO][Rank 0] - train Epoch 14/24: 22.7% (440/1935)
[2025-11-17 17:57:21][INFO][Rank 0] - train Epoch 14/24: 23.3% (450/1935)
[2025-11-17 17:57:22][INFO][Rank 0] - CUDA Memory [train][Step 450]: Device 0: Allocated: 3309.6 MB, Reserved: 117540.0 MB (Δ: +1687.0 MB)
[2025-11-17 17:57:28][INFO][Rank 0] - train Epoch 14/24: 23.8% (460/1935)
[2025-11-17 17:57:35][INFO][Rank 0] - train Epoch 14/24: 24.3% (470/1935)
[2025-11-17 17:57:42][INFO][Rank 0] - train Epoch 14/24: 24.8% (480/1935)
[2025-11-17 17:57:49][INFO][Rank 0] - train Epoch 14/24: 25.3% (490/1935)
[2025-11-17 17:57:56][INFO][Rank 0] - train Epoch 14/24: 25.8% (500/1935)
[2025-11-17 17:58:03][INFO][Rank 0] - train Epoch 14/24: 26.4% (510/1935)
[2025-11-17 17:58:10][INFO][Rank 0] - train Epoch 14/24: 26.9% (520/1935)
[2025-11-17 17:58:18][INFO][Rank 0] - train Epoch 14/24: 27.4% (530/1935)
[2025-11-17 17:58:25][INFO][Rank 0] - train Epoch 14/24: 27.9% (540/1935)
[2025-11-17 17:58:25][INFO][Rank 0] - CUDA Memory [train][Step 540]: Device 0: Allocated: 3309.6 MB, Reserved: 117540.0 MB (Δ: +1687.0 MB)
[2025-11-17 17:58:32][INFO][Rank 0] - train Epoch 14/24: 28.4% (550/1935)
[2025-11-17 17:58:39][INFO][Rank 0] - train Epoch 14/24: 28.9% (560/1935)
[2025-11-17 17:58:46][INFO][Rank 0] - train Epoch 14/24: 29.5% (570/1935)
[2025-11-17 17:58:53][INFO][Rank 0] - train Epoch 14/24: 30.0% (580/1935)
[2025-11-17 17:59:00][INFO][Rank 0] - train Epoch 14/24: 30.5% (590/1935)
[2025-11-17 17:59:07][INFO][Rank 0] - train Epoch 14/24: 31.0% (600/1935)
[2025-11-17 17:59:14][INFO][Rank 0] - train Epoch 14/24: 31.5% (610/1935)
[2025-11-17 17:59:21][INFO][Rank 0] - train Epoch 14/24: 32.0% (620/1935)
[2025-11-17 17:59:28][INFO][Rank 0] - train Epoch 14/24: 32.6% (630/1935)
[2025-11-17 17:59:29][INFO][Rank 0] - CUDA Memory [train][Step 630]: Device 0: Allocated: 3309.6 MB, Reserved: 117540.0 MB (Δ: +1687.0 MB)
[2025-11-17 17:59:35][INFO][Rank 0] - train Epoch 14/24: 33.1% (640/1935)
[2025-11-17 17:59:42][INFO][Rank 0] - train Epoch 14/24: 33.6% (650/1935)
[2025-11-17 17:59:50][INFO][Rank 0] - train Epoch 14/24: 34.1% (660/1935)
[2025-11-17 17:59:57][INFO][Rank 0] - train Epoch 14/24: 34.6% (670/1935)
[2025-11-17 18:00:04][INFO][Rank 0] - train Epoch 14/24: 35.1% (680/1935)
[2025-11-17 18:00:11][INFO][Rank 0] - train Epoch 14/24: 35.7% (690/1935)
[2025-11-17 18:00:18][INFO][Rank 0] - train Epoch 14/24: 36.2% (700/1935)
[2025-11-17 18:00:25][INFO][Rank 0] - train Epoch 14/24: 36.7% (710/1935)
[2025-11-17 18:00:32][INFO][Rank 0] - train Epoch 14/24: 37.2% (720/1935)
[2025-11-17 18:00:33][INFO][Rank 0] - CUDA Memory [train][Step 720]: Device 0: Allocated: 3309.6 MB, Reserved: 117540.0 MB (Δ: +1687.0 MB)
[2025-11-17 18:00:39][INFO][Rank 0] - train Epoch 14/24: 37.7% (730/1935)
[2025-11-17 18:00:46][INFO][Rank 0] - train Epoch 14/24: 38.2% (740/1935)
[2025-11-17 18:00:53][INFO][Rank 0] - train Epoch 14/24: 38.8% (750/1935)
[2025-11-17 18:01:00][INFO][Rank 0] - train Epoch 14/24: 39.3% (760/1935)
[2025-11-17 18:01:07][INFO][Rank 0] - train Epoch 14/24: 39.8% (770/1935)
[2025-11-17 18:01:14][INFO][Rank 0] - train Epoch 14/24: 40.3% (780/1935)
[2025-11-17 18:01:22][INFO][Rank 0] - train Epoch 14/24: 40.8% (790/1935)
[2025-11-17 18:01:29][INFO][Rank 0] - train Epoch 14/24: 41.3% (800/1935)
[2025-11-17 18:01:36][INFO][Rank 0] - train Epoch 14/24: 41.9% (810/1935)
[2025-11-17 18:01:36][INFO][Rank 0] - CUDA Memory [train][Step 810]: Device 0: Allocated: 3309.6 MB, Reserved: 117540.0 MB (Δ: +1687.0 MB)
[2025-11-17 18:01:43][INFO][Rank 0] - train Epoch 14/24: 42.4% (820/1935)
[2025-11-17 18:01:50][INFO][Rank 0] - train Epoch 14/24: 42.9% (830/1935)
[2025-11-17 18:01:57][INFO][Rank 0] - train Epoch 14/24: 43.4% (840/1935)
[2025-11-17 18:02:04][INFO][Rank 0] - train Epoch 14/24: 43.9% (850/1935)
[2025-11-17 18:02:11][INFO][Rank 0] - train Epoch 14/24: 44.4% (860/1935)
[2025-11-17 18:02:18][INFO][Rank 0] - train Epoch 14/24: 45.0% (870/1935)
[2025-11-17 18:02:25][INFO][Rank 0] - train Epoch 14/24: 45.5% (880/1935)
[2025-11-17 18:02:32][INFO][Rank 0] - train Epoch 14/24: 46.0% (890/1935)
[2025-11-17 18:02:39][INFO][Rank 0] - train Epoch 14/24: 46.5% (900/1935)
[2025-11-17 18:02:40][INFO][Rank 0] - CUDA Memory [train][Step 900]: Device 0: Allocated: 3309.6 MB, Reserved: 117540.0 MB (Δ: +1687.0 MB)
[2025-11-17 18:02:46][INFO][Rank 0] - train Epoch 14/24: 47.0% (910/1935)
[2025-11-17 18:02:54][INFO][Rank 0] - train Epoch 14/24: 47.5% (920/1935)
[2025-11-17 18:03:01][INFO][Rank 0] - train Epoch 14/24: 48.1% (930/1935)
[2025-11-17 18:03:08][INFO][Rank 0] - train Epoch 14/24: 48.6% (940/1935)
[2025-11-17 18:03:15][INFO][Rank 0] - train Epoch 14/24: 49.1% (950/1935)
[2025-11-17 18:03:22][INFO][Rank 0] - train Epoch 14/24: 49.6% (960/1935)
[2025-11-17 18:03:29][INFO][Rank 0] - train Epoch 14/24: 50.1% (970/1935)
[2025-11-17 18:03:36][INFO][Rank 0] - train Epoch 14/24: 50.6% (980/1935)
[2025-11-17 18:03:43][INFO][Rank 0] - train Epoch 14/24: 51.2% (990/1935)
[2025-11-17 18:03:44][INFO][Rank 0] - CUDA Memory [train][Step 990]: Device 0: Allocated: 3309.6 MB, Reserved: 117540.0 MB (Δ: +1687.0 MB)
[2025-11-17 18:03:50][INFO][Rank 0] - train Epoch 14/24: 51.7% (1000/1935)
[2025-11-17 18:03:57][INFO][Rank 0] - train Epoch 14/24: 52.2% (1010/1935)
[2025-11-17 18:04:04][INFO][Rank 0] - train Epoch 14/24: 52.7% (1020/1935)
[2025-11-17 18:04:11][INFO][Rank 0] - train Epoch 14/24: 53.2% (1030/1935)
[2025-11-17 18:04:18][INFO][Rank 0] - train Epoch 14/24: 53.7% (1040/1935)
[2025-11-17 18:04:25][INFO][Rank 0] - train Epoch 14/24: 54.3% (1050/1935)
[2025-11-17 18:04:33][INFO][Rank 0] - train Epoch 14/24: 54.8% (1060/1935)
[2025-11-17 18:04:40][INFO][Rank 0] - train Epoch 14/24: 55.3% (1070/1935)
[2025-11-17 18:04:47][INFO][Rank 0] - train Epoch 14/24: 55.8% (1080/1935)
[2025-11-17 18:04:47][INFO][Rank 0] - CUDA Memory [train][Step 1080]: Device 0: Allocated: 3309.6 MB, Reserved: 117540.0 MB (Δ: +1687.0 MB)
[2025-11-17 18:04:54][INFO][Rank 0] - train Epoch 14/24: 56.3% (1090/1935)
[2025-11-17 18:05:01][INFO][Rank 0] - train Epoch 14/24: 56.8% (1100/1935)
[2025-11-17 18:05:08][INFO][Rank 0] - train Epoch 14/24: 57.4% (1110/1935)
[2025-11-17 18:05:15][INFO][Rank 0] - train Epoch 14/24: 57.9% (1120/1935)
[2025-11-17 18:05:22][INFO][Rank 0] - train Epoch 14/24: 58.4% (1130/1935)
[2025-11-17 18:05:29][INFO][Rank 0] - train Epoch 14/24: 58.9% (1140/1935)
[2025-11-17 18:05:36][INFO][Rank 0] - train Epoch 14/24: 59.4% (1150/1935)
[2025-11-17 18:05:43][INFO][Rank 0] - train Epoch 14/24: 59.9% (1160/1935)
[2025-11-17 18:05:50][INFO][Rank 0] - train Epoch 14/24: 60.5% (1170/1935)
[2025-11-17 18:05:51][INFO][Rank 0] - CUDA Memory [train][Step 1170]: Device 0: Allocated: 3309.6 MB, Reserved: 117540.0 MB (Δ: +1687.0 MB)
[2025-11-17 18:05:57][INFO][Rank 0] - train Epoch 14/24: 61.0% (1180/1935)
[2025-11-17 18:06:04][INFO][Rank 0] - train Epoch 14/24: 61.5% (1190/1935)
[2025-11-17 18:06:12][INFO][Rank 0] - train Epoch 14/24: 62.0% (1200/1935)
[2025-11-17 18:06:19][INFO][Rank 0] - train Epoch 14/24: 62.5% (1210/1935)
[2025-11-17 18:06:26][INFO][Rank 0] - train Epoch 14/24: 63.0% (1220/1935)
[2025-11-17 18:06:33][INFO][Rank 0] - train Epoch 14/24: 63.6% (1230/1935)
[2025-11-17 18:06:40][INFO][Rank 0] - train Epoch 14/24: 64.1% (1240/1935)
[2025-11-17 18:06:47][INFO][Rank 0] - train Epoch 14/24: 64.6% (1250/1935)
[2025-11-17 18:06:54][INFO][Rank 0] - train Epoch 14/24: 65.1% (1260/1935)
[2025-11-17 18:06:55][INFO][Rank 0] - CUDA Memory [train][Step 1260]: Device 0: Allocated: 3309.6 MB, Reserved: 117540.0 MB (Δ: +1687.0 MB)
[2025-11-17 18:07:01][INFO][Rank 0] - train Epoch 14/24: 65.6% (1270/1935)
[2025-11-17 18:07:08][INFO][Rank 0] - train Epoch 14/24: 66.1% (1280/1935)
[2025-11-17 18:07:15][INFO][Rank 0] - train Epoch 14/24: 66.7% (1290/1935)
[2025-11-17 18:07:22][INFO][Rank 0] - train Epoch 14/24: 67.2% (1300/1935)
[2025-11-17 18:07:29][INFO][Rank 0] - train Epoch 14/24: 67.7% (1310/1935)
[2025-11-17 18:07:36][INFO][Rank 0] - train Epoch 14/24: 68.2% (1320/1935)
[2025-11-17 18:07:44][INFO][Rank 0] - train Epoch 14/24: 68.7% (1330/1935)
[2025-11-17 18:07:51][INFO][Rank 0] - train Epoch 14/24: 69.3% (1340/1935)
[2025-11-17 18:07:58][INFO][Rank 0] - train Epoch 14/24: 69.8% (1350/1935)
[2025-11-17 18:07:58][INFO][Rank 0] - CUDA Memory [train][Step 1350]: Device 0: Allocated: 3309.6 MB, Reserved: 117540.0 MB (Δ: +1687.0 MB)
[2025-11-17 18:08:05][INFO][Rank 0] - train Epoch 14/24: 70.3% (1360/1935)
[2025-11-17 18:08:12][INFO][Rank 0] - train Epoch 14/24: 70.8% (1370/1935)
[2025-11-17 18:08:19][INFO][Rank 0] - train Epoch 14/24: 71.3% (1380/1935)
[2025-11-17 18:08:26][INFO][Rank 0] - train Epoch 14/24: 71.8% (1390/1935)
[2025-11-17 18:08:33][INFO][Rank 0] - train Epoch 14/24: 72.4% (1400/1935)
[2025-11-17 18:08:40][INFO][Rank 0] - train Epoch 14/24: 72.9% (1410/1935)
[2025-11-17 18:08:47][INFO][Rank 0] - train Epoch 14/24: 73.4% (1420/1935)
[2025-11-17 18:08:54][INFO][Rank 0] - train Epoch 14/24: 73.9% (1430/1935)
[2025-11-17 18:09:01][INFO][Rank 0] - train Epoch 14/24: 74.4% (1440/1935)
[2025-11-17 18:09:02][INFO][Rank 0] - CUDA Memory [train][Step 1440]: Device 0: Allocated: 3309.6 MB, Reserved: 117540.0 MB (Δ: +1687.0 MB)
[2025-11-17 18:09:08][INFO][Rank 0] - train Epoch 14/24: 74.9% (1450/1935)
[2025-11-17 18:09:15][INFO][Rank 0] - train Epoch 14/24: 75.5% (1460/1935)
[2025-11-17 18:09:23][INFO][Rank 0] - train Epoch 14/24: 76.0% (1470/1935)
[2025-11-17 18:09:30][INFO][Rank 0] - train Epoch 14/24: 76.5% (1480/1935)
[2025-11-17 18:09:37][INFO][Rank 0] - train Epoch 14/24: 77.0% (1490/1935)
[2025-11-17 18:09:44][INFO][Rank 0] - train Epoch 14/24: 77.5% (1500/1935)
[2025-11-17 18:09:51][INFO][Rank 0] - train Epoch 14/24: 78.0% (1510/1935)
[2025-11-17 18:09:58][INFO][Rank 0] - train Epoch 14/24: 78.6% (1520/1935)
[2025-11-17 18:10:05][INFO][Rank 0] - train Epoch 14/24: 79.1% (1530/1935)
[2025-11-17 18:10:06][INFO][Rank 0] - CUDA Memory [train][Step 1530]: Device 0: Allocated: 3309.6 MB, Reserved: 117540.0 MB (Δ: +1687.0 MB)
[2025-11-17 18:10:12][INFO][Rank 0] - train Epoch 14/24: 79.6% (1540/1935)
[2025-11-17 18:10:19][INFO][Rank 0] - train Epoch 14/24: 80.1% (1550/1935)
[2025-11-17 18:10:26][INFO][Rank 0] - train Epoch 14/24: 80.6% (1560/1935)
[2025-11-17 18:10:33][INFO][Rank 0] - train Epoch 14/24: 81.1% (1570/1935)
[2025-11-17 18:10:40][INFO][Rank 0] - train Epoch 14/24: 81.7% (1580/1935)
[2025-11-17 18:10:47][INFO][Rank 0] - train Epoch 14/24: 82.2% (1590/1935)
[2025-11-17 18:10:54][INFO][Rank 0] - train Epoch 14/24: 82.7% (1600/1935)
[2025-11-17 18:11:02][INFO][Rank 0] - train Epoch 14/24: 83.2% (1610/1935)
[2025-11-17 18:11:09][INFO][Rank 0] - train Epoch 14/24: 83.7% (1620/1935)
[2025-11-17 18:11:09][INFO][Rank 0] - CUDA Memory [train][Step 1620]: Device 0: Allocated: 3309.6 MB, Reserved: 117540.0 MB (Δ: +1687.0 MB)
[2025-11-17 18:11:16][INFO][Rank 0] - train Epoch 14/24: 84.2% (1630/1935)
[2025-11-17 18:11:23][INFO][Rank 0] - train Epoch 14/24: 84.8% (1640/1935)
[2025-11-17 18:11:30][INFO][Rank 0] - train Epoch 14/24: 85.3% (1650/1935)
[2025-11-17 18:11:37][INFO][Rank 0] - train Epoch 14/24: 85.8% (1660/1935)
[2025-11-17 18:11:44][INFO][Rank 0] - train Epoch 14/24: 86.3% (1670/1935)
[2025-11-17 18:11:51][INFO][Rank 0] - train Epoch 14/24: 86.8% (1680/1935)
[2025-11-17 18:11:58][INFO][Rank 0] - train Epoch 14/24: 87.3% (1690/1935)
[2025-11-17 18:12:05][INFO][Rank 0] - train Epoch 14/24: 87.9% (1700/1935)
[2025-11-17 18:12:12][INFO][Rank 0] - train Epoch 14/24: 88.4% (1710/1935)
[2025-11-17 18:12:13][INFO][Rank 0] - CUDA Memory [train][Step 1710]: Device 0: Allocated: 3309.6 MB, Reserved: 117540.0 MB (Δ: +1687.0 MB)
[2025-11-17 18:12:19][INFO][Rank 0] - train Epoch 14/24: 88.9% (1720/1935)
[2025-11-17 18:12:26][INFO][Rank 0] - train Epoch 14/24: 89.4% (1730/1935)
[2025-11-17 18:12:34][INFO][Rank 0] - train Epoch 14/24: 89.9% (1740/1935)
[2025-11-17 18:12:41][INFO][Rank 0] - train Epoch 14/24: 90.4% (1750/1935)
[2025-11-17 18:12:48][INFO][Rank 0] - train Epoch 14/24: 91.0% (1760/1935)
[2025-11-17 18:12:55][INFO][Rank 0] - train Epoch 14/24: 91.5% (1770/1935)
[2025-11-17 18:13:02][INFO][Rank 0] - train Epoch 14/24: 92.0% (1780/1935)
[2025-11-17 18:13:09][INFO][Rank 0] - train Epoch 14/24: 92.5% (1790/1935)
[2025-11-17 18:13:16][INFO][Rank 0] - train Epoch 14/24: 93.0% (1800/1935)
[2025-11-17 18:13:17][INFO][Rank 0] - CUDA Memory [train][Step 1800]: Device 0: Allocated: 3309.6 MB, Reserved: 117540.0 MB (Δ: +1687.0 MB)
[2025-11-17 18:13:23][INFO][Rank 0] - train Epoch 14/24: 93.5% (1810/1935)
[2025-11-17 18:13:30][INFO][Rank 0] - train Epoch 14/24: 94.1% (1820/1935)
[2025-11-17 18:13:37][INFO][Rank 0] - train Epoch 14/24: 94.6% (1830/1935)
[2025-11-17 18:13:44][INFO][Rank 0] - train Epoch 14/24: 95.1% (1840/1935)
[2025-11-17 18:13:51][INFO][Rank 0] - train Epoch 14/24: 95.6% (1850/1935)
[2025-11-17 18:13:58][INFO][Rank 0] - train Epoch 14/24: 96.1% (1860/1935)
[2025-11-17 18:14:05][INFO][Rank 0] - train Epoch 14/24: 96.6% (1870/1935)
[2025-11-17 18:14:13][INFO][Rank 0] - train Epoch 14/24: 97.2% (1880/1935)
[2025-11-17 18:14:20][INFO][Rank 0] - train Epoch 14/24: 97.7% (1890/1935)
[2025-11-17 18:14:20][INFO][Rank 0] - CUDA Memory [train][Step 1890]: Device 0: Allocated: 3309.6 MB, Reserved: 117540.0 MB (Δ: +1687.0 MB)
[2025-11-17 18:14:27][INFO][Rank 0] - train Epoch 14/24: 98.2% (1900/1935)
[2025-11-17 18:14:34][INFO][Rank 0] - train Epoch 14/24: 98.7% (1910/1935)
[2025-11-17 18:14:41][INFO][Rank 0] - train Epoch 14/24: 99.2% (1920/1935)
[2025-11-17 18:14:48][INFO][Rank 0] - train Epoch 14/24: 99.7% (1930/1935)
[2025-11-17 18:14:51][INFO][Rank 0] - train Epoch 14/24: 99.9% (1934/1935)
[2025-11-17 18:14:51][INFO][Rank 0] - train Loss: 0.1443 Acc: 0.9750 F1: 0.9871
[2025-11-17 18:14:51][INFO][Rank 0] - train Balanced Acc: 0.9041 AUC-ROC: 0.9701
[2025-11-17 18:14:51][INFO][Rank 0] - train Sensitivity: 0.9786 Specificity: 0.8295
[2025-11-17 18:14:51][INFO][Rank 0] - train Confusion Matrix: TP=18472, FP=81, FN=403, TN=394
[2025-11-17 18:14:51][INFO][Rank 0] - train completed in 1369.59s
[2025-11-17 18:14:51][INFO][Rank 0] - Data loading time: 0.80s, Forward time: 278.63s, Backward time: 742.63s
[2025-11-17 18:14:51][INFO][Rank 0] - train cache: 0/1 items, hit rate: 0.00%
[2025-11-17 18:14:51][INFO][Rank 0] - CUDA Memory [val][Step 0]: Device 0: Allocated: 3309.6 MB, Reserved: 117540.0 MB (Δ: +1687.0 MB)
[2025-11-17 18:14:51][INFO][Rank 0] - val phase: total 412 batches
[2025-11-17 18:14:52][INFO][Rank 0] - val Epoch 14/24: 0.0% (0/412)
[2025-11-17 18:14:57][INFO][Rank 0] - val Epoch 14/24: 2.4% (10/412)
[2025-11-17 18:15:02][INFO][Rank 0] - val Epoch 14/24: 4.9% (20/412)
[2025-11-17 18:15:07][INFO][Rank 0] - val Epoch 14/24: 7.3% (30/412)
[2025-11-17 18:15:12][INFO][Rank 0] - val Epoch 14/24: 9.7% (40/412)
[2025-11-17 18:15:17][INFO][Rank 0] - val Epoch 14/24: 12.1% (50/412)
[2025-11-17 18:15:22][INFO][Rank 0] - val Epoch 14/24: 14.6% (60/412)
[2025-11-17 18:15:27][INFO][Rank 0] - val Epoch 14/24: 17.0% (70/412)
[2025-11-17 18:15:32][INFO][Rank 0] - val Epoch 14/24: 19.4% (80/412)
[2025-11-17 18:15:37][INFO][Rank 0] - val Epoch 14/24: 21.8% (90/412)
[2025-11-17 18:15:42][INFO][Rank 0] - val Epoch 14/24: 24.3% (100/412)
[2025-11-17 18:15:48][INFO][Rank 0] - val Epoch 14/24: 26.7% (110/412)
[2025-11-17 18:15:53][INFO][Rank 0] - val Epoch 14/24: 29.1% (120/412)
[2025-11-17 18:15:53][INFO][Rank 0] - CUDA Memory [val][Step 120]: Device 0: Allocated: 3309.6 MB, Reserved: 117540.0 MB (Δ: +1687.0 MB)
[2025-11-17 18:15:58][INFO][Rank 0] - val Epoch 14/24: 31.6% (130/412)
[2025-11-17 18:16:03][INFO][Rank 0] - val Epoch 14/24: 34.0% (140/412)
[2025-11-17 18:16:08][INFO][Rank 0] - val Epoch 14/24: 36.4% (150/412)
[2025-11-17 18:16:13][INFO][Rank 0] - val Epoch 14/24: 38.8% (160/412)
[2025-11-17 18:16:18][INFO][Rank 0] - val Epoch 14/24: 41.3% (170/412)
[2025-11-17 18:16:23][INFO][Rank 0] - val Epoch 14/24: 43.7% (180/412)
[2025-11-17 18:16:28][INFO][Rank 0] - val Epoch 14/24: 46.1% (190/412)
[2025-11-17 18:16:33][INFO][Rank 0] - val Epoch 14/24: 48.5% (200/412)
[2025-11-17 18:16:38][INFO][Rank 0] - val Epoch 14/24: 51.0% (210/412)
[2025-11-17 18:16:43][INFO][Rank 0] - val Epoch 14/24: 53.4% (220/412)
[2025-11-17 18:16:49][INFO][Rank 0] - val Epoch 14/24: 55.8% (230/412)
[2025-11-17 18:16:54][INFO][Rank 0] - val Epoch 14/24: 58.3% (240/412)
[2025-11-17 18:16:54][INFO][Rank 0] - CUDA Memory [val][Step 240]: Device 0: Allocated: 3309.6 MB, Reserved: 117540.0 MB (Δ: +1687.0 MB)
[2025-11-17 18:16:59][INFO][Rank 0] - val Epoch 14/24: 60.7% (250/412)
[2025-11-17 18:17:04][INFO][Rank 0] - val Epoch 14/24: 63.1% (260/412)
[2025-11-17 18:17:09][INFO][Rank 0] - val Epoch 14/24: 65.5% (270/412)
[2025-11-17 18:17:14][INFO][Rank 0] - val Epoch 14/24: 68.0% (280/412)
[2025-11-17 18:17:19][INFO][Rank 0] - val Epoch 14/24: 70.4% (290/412)
[2025-11-17 18:17:24][INFO][Rank 0] - val Epoch 14/24: 72.8% (300/412)
[2025-11-17 18:17:29][INFO][Rank 0] - val Epoch 14/24: 75.2% (310/412)
[2025-11-17 18:17:34][INFO][Rank 0] - val Epoch 14/24: 77.7% (320/412)
[2025-11-17 18:17:39][INFO][Rank 0] - val Epoch 14/24: 80.1% (330/412)
[2025-11-17 18:17:44][INFO][Rank 0] - val Epoch 14/24: 82.5% (340/412)
[2025-11-17 18:17:49][INFO][Rank 0] - val Epoch 14/24: 85.0% (350/412)
[2025-11-17 18:17:55][INFO][Rank 0] - val Epoch 14/24: 87.4% (360/412)
[2025-11-17 18:17:55][INFO][Rank 0] - CUDA Memory [val][Step 360]: Device 0: Allocated: 3309.6 MB, Reserved: 117540.0 MB (Δ: +1687.0 MB)
[2025-11-17 18:18:00][INFO][Rank 0] - val Epoch 14/24: 89.8% (370/412)
[2025-11-17 18:18:05][INFO][Rank 0] - val Epoch 14/24: 92.2% (380/412)
[2025-11-17 18:18:10][INFO][Rank 0] - val Epoch 14/24: 94.7% (390/412)
[2025-11-17 18:18:15][INFO][Rank 0] - val Epoch 14/24: 97.1% (400/412)
[2025-11-17 18:18:20][INFO][Rank 0] - val Epoch 14/24: 99.5% (410/412)
[2025-11-17 18:18:20][INFO][Rank 0] - val Epoch 14/24: 99.8% (411/412)
[2025-11-17 18:18:21][INFO][Rank 0] - val Loss: 0.1051 Acc: 0.9745 F1: 0.9868
[2025-11-17 18:18:21][INFO][Rank 0] - val Balanced Acc: 0.8596 AUC-ROC: 0.9804
[2025-11-17 18:18:21][INFO][Rank 0] - val Sensitivity: 0.9808 Specificity: 0.7383
[2025-11-17 18:18:21][INFO][Rank 0] - val Confusion Matrix: TP=3936, FP=28, FN=77, TN=79
[2025-11-17 18:18:21][INFO][Rank 0] - val completed in 209.48s
[2025-11-17 18:18:21][INFO][Rank 0] - val cache: 0/1 items, hit rate: 0.00%
[2025-11-17 18:18:25][INFO][Rank 0] - Saved new best balanced_acc model with balanced_acc: 0.8596 at /projects/retprogression/rgarridogarcia/checkpoints/cropped1024_cropped_centered_wt_allR_2/best_balanced_acc_model.pth
[2025-11-17 18:18:28][INFO][Rank 0] - Also saved as general best model at /projects/retprogression/rgarridogarcia/checkpoints/cropped1024_cropped_centered_wt_allR_2/best_model.pth
[2025-11-17 18:18:32][INFO][Rank 0] - Saved epoch checkpoint at /projects/retprogression/rgarridogarcia/checkpoints/cropped1024_cropped_centered_wt_allR_2/epoch_14.pth
[2025-11-17 18:18:32][INFO][Rank 0] - Epoch 14 summary:
[2025-11-17 18:18:32][INFO][Rank 0] -  Train Loss: 0.1443, Train Acc: 0.9750, Train F1: 0.9871
[2025-11-17 18:18:32][INFO][Rank 0] -  Train Balanced Acc: 0.9041, Train AUC: 0.9701
[2025-11-17 18:18:32][INFO][Rank 0] -  Train Sensitivity: 0.9786, Train Specificity: 0.8295
[2025-11-17 18:18:32][INFO][Rank 0] -  Val Loss: 0.1051, Val Acc: 0.9745, Val F1: 0.9868
[2025-11-17 18:18:32][INFO][Rank 0] -  Val Balanced Acc: 0.8596, Val AUC: 0.9804
[2025-11-17 18:18:32][INFO][Rank 0] -  Val Sensitivity: 0.9808, Val Specificity: 0.7383
[2025-11-17 18:18:32][INFO][Rank 0] -  Total Epoch Time: 1590.22s
[2025-11-17 18:18:32][INFO][Rank 0] - Epoch 15/24
[2025-11-17 18:18:32][INFO][Rank 0] - ----------
[2025-11-17 18:18:32][INFO][Rank 0] - CUDA Memory [train][Step 0]: Device 0: Allocated: 3309.6 MB, Reserved: 117540.0 MB (Δ: +1687.0 MB)
[2025-11-17 18:18:32][INFO][Rank 0] - train phase: total 1935 batches
[2025-11-17 18:18:32][INFO][Rank 0] - train Epoch 15/24: 0.0% (0/1935)
[2025-11-17 18:18:40][INFO][Rank 0] - train Epoch 15/24: 0.5% (10/1935)
[2025-11-17 18:18:47][INFO][Rank 0] - train Epoch 15/24: 1.0% (20/1935)
[2025-11-17 18:18:54][INFO][Rank 0] - train Epoch 15/24: 1.6% (30/1935)
[2025-11-17 18:19:01][INFO][Rank 0] - train Epoch 15/24: 2.1% (40/1935)
[2025-11-17 18:19:08][INFO][Rank 0] - train Epoch 15/24: 2.6% (50/1935)
[2025-11-17 18:19:15][INFO][Rank 0] - train Epoch 15/24: 3.1% (60/1935)
[2025-11-17 18:19:22][INFO][Rank 0] - train Epoch 15/24: 3.6% (70/1935)
[2025-11-17 18:19:29][INFO][Rank 0] - train Epoch 15/24: 4.1% (80/1935)
[2025-11-17 18:19:36][INFO][Rank 0] - train Epoch 15/24: 4.7% (90/1935)
[2025-11-17 18:19:37][INFO][Rank 0] - CUDA Memory [train][Step 90]: Device 0: Allocated: 3309.6 MB, Reserved: 117540.0 MB (Δ: +1687.0 MB)
[2025-11-17 18:19:43][INFO][Rank 0] - train Epoch 15/24: 5.2% (100/1935)
[2025-11-17 18:19:50][INFO][Rank 0] - train Epoch 15/24: 5.7% (110/1935)
[2025-11-17 18:19:57][INFO][Rank 0] - train Epoch 15/24: 6.2% (120/1935)
[2025-11-17 18:20:04][INFO][Rank 0] - train Epoch 15/24: 6.7% (130/1935)
[2025-11-17 18:20:11][INFO][Rank 0] - train Epoch 15/24: 7.2% (140/1935)
[2025-11-17 18:20:19][INFO][Rank 0] - train Epoch 15/24: 7.8% (150/1935)
[2025-11-17 18:20:26][INFO][Rank 0] - train Epoch 15/24: 8.3% (160/1935)
[2025-11-17 18:20:33][INFO][Rank 0] - train Epoch 15/24: 8.8% (170/1935)
[2025-11-17 18:20:40][INFO][Rank 0] - train Epoch 15/24: 9.3% (180/1935)
[2025-11-17 18:20:40][INFO][Rank 0] - CUDA Memory [train][Step 180]: Device 0: Allocated: 3309.6 MB, Reserved: 117540.0 MB (Δ: +1687.0 MB)
[2025-11-17 18:20:47][INFO][Rank 0] - train Epoch 15/24: 9.8% (190/1935)
[2025-11-17 18:20:54][INFO][Rank 0] - train Epoch 15/24: 10.3% (200/1935)
[2025-11-17 18:21:01][INFO][Rank 0] - train Epoch 15/24: 10.9% (210/1935)
[2025-11-17 18:21:08][INFO][Rank 0] - train Epoch 15/24: 11.4% (220/1935)
[2025-11-17 18:21:15][INFO][Rank 0] - train Epoch 15/24: 11.9% (230/1935)
[2025-11-17 18:21:22][INFO][Rank 0] - train Epoch 15/24: 12.4% (240/1935)
[2025-11-17 18:21:29][INFO][Rank 0] - train Epoch 15/24: 12.9% (250/1935)
[2025-11-17 18:21:36][INFO][Rank 0] - train Epoch 15/24: 13.4% (260/1935)
[2025-11-17 18:21:43][INFO][Rank 0] - train Epoch 15/24: 14.0% (270/1935)
[2025-11-17 18:21:44][INFO][Rank 0] - CUDA Memory [train][Step 270]: Device 0: Allocated: 3309.6 MB, Reserved: 117540.0 MB (Δ: +1687.0 MB)
[2025-11-17 18:21:50][INFO][Rank 0] - train Epoch 15/24: 14.5% (280/1935)
[2025-11-17 18:21:58][INFO][Rank 0] - train Epoch 15/24: 15.0% (290/1935)
[2025-11-17 18:22:05][INFO][Rank 0] - train Epoch 15/24: 15.5% (300/1935)
[2025-11-17 18:22:12][INFO][Rank 0] - train Epoch 15/24: 16.0% (310/1935)
[2025-11-17 18:22:19][INFO][Rank 0] - train Epoch 15/24: 16.5% (320/1935)
[2025-11-17 18:22:26][INFO][Rank 0] - train Epoch 15/24: 17.1% (330/1935)
[2025-11-17 18:22:33][INFO][Rank 0] - train Epoch 15/24: 17.6% (340/1935)
[2025-11-17 18:22:40][INFO][Rank 0] - train Epoch 15/24: 18.1% (350/1935)
[2025-11-17 18:22:47][INFO][Rank 0] - train Epoch 15/24: 18.6% (360/1935)
[2025-11-17 18:22:48][INFO][Rank 0] - CUDA Memory [train][Step 360]: Device 0: Allocated: 3309.6 MB, Reserved: 117540.0 MB (Δ: +1687.0 MB)
[2025-11-17 18:22:54][INFO][Rank 0] - train Epoch 15/24: 19.1% (370/1935)
[2025-11-17 18:23:01][INFO][Rank 0] - train Epoch 15/24: 19.6% (380/1935)
[2025-11-17 18:23:08][INFO][Rank 0] - train Epoch 15/24: 20.2% (390/1935)
[2025-11-17 18:23:15][INFO][Rank 0] - train Epoch 15/24: 20.7% (400/1935)
[2025-11-17 18:23:22][INFO][Rank 0] - train Epoch 15/24: 21.2% (410/1935)
[2025-11-17 18:23:29][INFO][Rank 0] - train Epoch 15/24: 21.7% (420/1935)
[2025-11-17 18:23:37][INFO][Rank 0] - train Epoch 15/24: 22.2% (430/1935)
[2025-11-17 18:23:44][INFO][Rank 0] - train Epoch 15/24: 22.7% (440/1935)
[2025-11-17 18:23:51][INFO][Rank 0] - train Epoch 15/24: 23.3% (450/1935)
[2025-11-17 18:23:51][INFO][Rank 0] - CUDA Memory [train][Step 450]: Device 0: Allocated: 3309.6 MB, Reserved: 117540.0 MB (Δ: +1687.0 MB)
[2025-11-17 18:23:58][INFO][Rank 0] - train Epoch 15/24: 23.8% (460/1935)
[2025-11-17 18:24:05][INFO][Rank 0] - train Epoch 15/24: 24.3% (470/1935)
[2025-11-17 18:24:12][INFO][Rank 0] - train Epoch 15/24: 24.8% (480/1935)
[2025-11-17 18:24:19][INFO][Rank 0] - train Epoch 15/24: 25.3% (490/1935)
[2025-11-17 18:24:26][INFO][Rank 0] - train Epoch 15/24: 25.8% (500/1935)
[2025-11-17 18:24:33][INFO][Rank 0] - train Epoch 15/24: 26.4% (510/1935)
[2025-11-17 18:24:40][INFO][Rank 0] - train Epoch 15/24: 26.9% (520/1935)
[2025-11-17 18:24:47][INFO][Rank 0] - train Epoch 15/24: 27.4% (530/1935)
[2025-11-17 18:24:54][INFO][Rank 0] - train Epoch 15/24: 27.9% (540/1935)
[2025-11-17 18:24:55][INFO][Rank 0] - CUDA Memory [train][Step 540]: Device 0: Allocated: 3309.6 MB, Reserved: 117540.0 MB (Δ: +1687.0 MB)
[2025-11-17 18:25:01][INFO][Rank 0] - train Epoch 15/24: 28.4% (550/1935)
[2025-11-17 18:25:09][INFO][Rank 0] - train Epoch 15/24: 28.9% (560/1935)
[2025-11-17 18:25:16][INFO][Rank 0] - train Epoch 15/24: 29.5% (570/1935)
[2025-11-17 18:25:23][INFO][Rank 0] - train Epoch 15/24: 30.0% (580/1935)
[2025-11-17 18:25:30][INFO][Rank 0] - train Epoch 15/24: 30.5% (590/1935)
[2025-11-17 18:25:37][INFO][Rank 0] - train Epoch 15/24: 31.0% (600/1935)
[2025-11-17 18:25:44][INFO][Rank 0] - train Epoch 15/24: 31.5% (610/1935)
[2025-11-17 18:25:51][INFO][Rank 0] - train Epoch 15/24: 32.0% (620/1935)
[2025-11-17 18:25:58][INFO][Rank 0] - train Epoch 15/24: 32.6% (630/1935)
[2025-11-17 18:25:59][INFO][Rank 0] - CUDA Memory [train][Step 630]: Device 0: Allocated: 3309.6 MB, Reserved: 117540.0 MB (Δ: +1687.0 MB)
[2025-11-17 18:26:05][INFO][Rank 0] - train Epoch 15/24: 33.1% (640/1935)
[2025-11-17 18:26:12][INFO][Rank 0] - train Epoch 15/24: 33.6% (650/1935)
[2025-11-17 18:26:19][INFO][Rank 0] - train Epoch 15/24: 34.1% (660/1935)
[2025-11-17 18:26:26][INFO][Rank 0] - train Epoch 15/24: 34.6% (670/1935)
[2025-11-17 18:26:33][INFO][Rank 0] - train Epoch 15/24: 35.1% (680/1935)
[2025-11-17 18:26:40][INFO][Rank 0] - train Epoch 15/24: 35.7% (690/1935)
[2025-11-17 18:26:48][INFO][Rank 0] - train Epoch 15/24: 36.2% (700/1935)
[2025-11-17 18:26:55][INFO][Rank 0] - train Epoch 15/24: 36.7% (710/1935)
[2025-11-17 18:27:02][INFO][Rank 0] - train Epoch 15/24: 37.2% (720/1935)
[2025-11-17 18:27:02][INFO][Rank 0] - CUDA Memory [train][Step 720]: Device 0: Allocated: 3309.6 MB, Reserved: 117540.0 MB (Δ: +1687.0 MB)
[2025-11-17 18:27:09][INFO][Rank 0] - train Epoch 15/24: 37.7% (730/1935)
[2025-11-17 18:27:16][INFO][Rank 0] - train Epoch 15/24: 38.2% (740/1935)
[2025-11-17 18:27:23][INFO][Rank 0] - train Epoch 15/24: 38.8% (750/1935)
[2025-11-17 18:27:30][INFO][Rank 0] - train Epoch 15/24: 39.3% (760/1935)
[2025-11-17 18:27:37][INFO][Rank 0] - train Epoch 15/24: 39.8% (770/1935)
[2025-11-17 18:27:44][INFO][Rank 0] - train Epoch 15/24: 40.3% (780/1935)
[2025-11-17 18:27:51][INFO][Rank 0] - train Epoch 15/24: 40.8% (790/1935)
[2025-11-17 18:27:58][INFO][Rank 0] - train Epoch 15/24: 41.3% (800/1935)
[2025-11-17 18:28:05][INFO][Rank 0] - train Epoch 15/24: 41.9% (810/1935)
[2025-11-17 18:28:06][INFO][Rank 0] - CUDA Memory [train][Step 810]: Device 0: Allocated: 3309.6 MB, Reserved: 117540.0 MB (Δ: +1687.0 MB)
[2025-11-17 18:28:12][INFO][Rank 0] - train Epoch 15/24: 42.4% (820/1935)
[2025-11-17 18:28:19][INFO][Rank 0] - train Epoch 15/24: 42.9% (830/1935)
[2025-11-17 18:28:27][INFO][Rank 0] - train Epoch 15/24: 43.4% (840/1935)
[2025-11-17 18:28:34][INFO][Rank 0] - train Epoch 15/24: 43.9% (850/1935)
[2025-11-17 18:28:41][INFO][Rank 0] - train Epoch 15/24: 44.4% (860/1935)
[2025-11-17 18:28:48][INFO][Rank 0] - train Epoch 15/24: 45.0% (870/1935)
[2025-11-17 18:28:55][INFO][Rank 0] - train Epoch 15/24: 45.5% (880/1935)
[2025-11-17 18:29:02][INFO][Rank 0] - train Epoch 15/24: 46.0% (890/1935)
[2025-11-17 18:29:09][INFO][Rank 0] - train Epoch 15/24: 46.5% (900/1935)
[2025-11-17 18:29:10][INFO][Rank 0] - CUDA Memory [train][Step 900]: Device 0: Allocated: 3309.6 MB, Reserved: 117540.0 MB (Δ: +1687.0 MB)
[2025-11-17 18:29:16][INFO][Rank 0] - train Epoch 15/24: 47.0% (910/1935)
[2025-11-17 18:29:23][INFO][Rank 0] - train Epoch 15/24: 47.5% (920/1935)
[2025-11-17 18:29:30][INFO][Rank 0] - train Epoch 15/24: 48.1% (930/1935)
[2025-11-17 18:29:37][INFO][Rank 0] - train Epoch 15/24: 48.6% (940/1935)
[2025-11-17 18:29:44][INFO][Rank 0] - train Epoch 15/24: 49.1% (950/1935)
[2025-11-17 18:29:51][INFO][Rank 0] - train Epoch 15/24: 49.6% (960/1935)
[2025-11-17 18:29:58][INFO][Rank 0] - train Epoch 15/24: 50.1% (970/1935)
[2025-11-17 18:30:06][INFO][Rank 0] - train Epoch 15/24: 50.6% (980/1935)
[2025-11-17 18:30:13][INFO][Rank 0] - train Epoch 15/24: 51.2% (990/1935)
[2025-11-17 18:30:13][INFO][Rank 0] - CUDA Memory [train][Step 990]: Device 0: Allocated: 3309.6 MB, Reserved: 117540.0 MB (Δ: +1687.0 MB)
[2025-11-17 18:30:20][INFO][Rank 0] - train Epoch 15/24: 51.7% (1000/1935)
[2025-11-17 18:30:27][INFO][Rank 0] - train Epoch 15/24: 52.2% (1010/1935)
[2025-11-17 18:30:34][INFO][Rank 0] - train Epoch 15/24: 52.7% (1020/1935)
[2025-11-17 18:30:41][INFO][Rank 0] - train Epoch 15/24: 53.2% (1030/1935)
[2025-11-17 18:30:48][INFO][Rank 0] - train Epoch 15/24: 53.7% (1040/1935)
[2025-11-17 18:30:55][INFO][Rank 0] - train Epoch 15/24: 54.3% (1050/1935)
[2025-11-17 18:31:02][INFO][Rank 0] - train Epoch 15/24: 54.8% (1060/1935)
[2025-11-17 18:31:09][INFO][Rank 0] - train Epoch 15/24: 55.3% (1070/1935)
[2025-11-17 18:31:16][INFO][Rank 0] - train Epoch 15/24: 55.8% (1080/1935)
[2025-11-17 18:31:17][INFO][Rank 0] - CUDA Memory [train][Step 1080]: Device 0: Allocated: 3309.6 MB, Reserved: 117540.0 MB (Δ: +1687.0 MB)
[2025-11-17 18:31:23][INFO][Rank 0] - train Epoch 15/24: 56.3% (1090/1935)
[2025-11-17 18:31:30][INFO][Rank 0] - train Epoch 15/24: 56.8% (1100/1935)
[2025-11-17 18:31:38][INFO][Rank 0] - train Epoch 15/24: 57.4% (1110/1935)
[2025-11-17 18:31:45][INFO][Rank 0] - train Epoch 15/24: 57.9% (1120/1935)
[2025-11-17 18:31:52][INFO][Rank 0] - train Epoch 15/24: 58.4% (1130/1935)
[2025-11-17 18:31:59][INFO][Rank 0] - train Epoch 15/24: 58.9% (1140/1935)
[2025-11-17 18:32:06][INFO][Rank 0] - train Epoch 15/24: 59.4% (1150/1935)
[2025-11-17 18:32:13][INFO][Rank 0] - train Epoch 15/24: 59.9% (1160/1935)
[2025-11-17 18:32:20][INFO][Rank 0] - train Epoch 15/24: 60.5% (1170/1935)
[2025-11-17 18:32:21][INFO][Rank 0] - CUDA Memory [train][Step 1170]: Device 0: Allocated: 3309.6 MB, Reserved: 117540.0 MB (Δ: +1687.0 MB)
[2025-11-17 18:32:27][INFO][Rank 0] - train Epoch 15/24: 61.0% (1180/1935)
[2025-11-17 18:32:34][INFO][Rank 0] - train Epoch 15/24: 61.5% (1190/1935)
[2025-11-17 18:32:41][INFO][Rank 0] - train Epoch 15/24: 62.0% (1200/1935)
[2025-11-17 18:32:48][INFO][Rank 0] - train Epoch 15/24: 62.5% (1210/1935)
[2025-11-17 18:32:55][INFO][Rank 0] - train Epoch 15/24: 63.0% (1220/1935)
[2025-11-17 18:33:02][INFO][Rank 0] - train Epoch 15/24: 63.6% (1230/1935)
[2025-11-17 18:33:09][INFO][Rank 0] - train Epoch 15/24: 64.1% (1240/1935)
[2025-11-17 18:33:17][INFO][Rank 0] - train Epoch 15/24: 64.6% (1250/1935)
[2025-11-17 18:33:24][INFO][Rank 0] - train Epoch 15/24: 65.1% (1260/1935)
[2025-11-17 18:33:24][INFO][Rank 0] - CUDA Memory [train][Step 1260]: Device 0: Allocated: 3309.6 MB, Reserved: 117540.0 MB (Δ: +1687.0 MB)
[2025-11-17 18:33:31][INFO][Rank 0] - train Epoch 15/24: 65.6% (1270/1935)
[2025-11-17 18:33:38][INFO][Rank 0] - train Epoch 15/24: 66.1% (1280/1935)
[2025-11-17 18:33:45][INFO][Rank 0] - train Epoch 15/24: 66.7% (1290/1935)
[2025-11-17 18:33:52][INFO][Rank 0] - train Epoch 15/24: 67.2% (1300/1935)
[2025-11-17 18:33:59][INFO][Rank 0] - train Epoch 15/24: 67.7% (1310/1935)
[2025-11-17 18:34:06][INFO][Rank 0] - train Epoch 15/24: 68.2% (1320/1935)
[2025-11-17 18:34:13][INFO][Rank 0] - train Epoch 15/24: 68.7% (1330/1935)
[2025-11-17 18:34:20][INFO][Rank 0] - train Epoch 15/24: 69.3% (1340/1935)
[2025-11-17 18:34:27][INFO][Rank 0] - train Epoch 15/24: 69.8% (1350/1935)
[2025-11-17 18:34:28][INFO][Rank 0] - CUDA Memory [train][Step 1350]: Device 0: Allocated: 3309.6 MB, Reserved: 117540.0 MB (Δ: +1687.0 MB)
[2025-11-17 18:34:34][INFO][Rank 0] - train Epoch 15/24: 70.3% (1360/1935)
[2025-11-17 18:34:41][INFO][Rank 0] - train Epoch 15/24: 70.8% (1370/1935)
[2025-11-17 18:34:48][INFO][Rank 0] - train Epoch 15/24: 71.3% (1380/1935)
[2025-11-17 18:34:56][INFO][Rank 0] - train Epoch 15/24: 71.8% (1390/1935)
[2025-11-17 18:35:03][INFO][Rank 0] - train Epoch 15/24: 72.4% (1400/1935)
[2025-11-17 18:35:10][INFO][Rank 0] - train Epoch 15/24: 72.9% (1410/1935)
[2025-11-17 18:35:17][INFO][Rank 0] - train Epoch 15/24: 73.4% (1420/1935)
[2025-11-17 18:35:24][INFO][Rank 0] - train Epoch 15/24: 73.9% (1430/1935)
[2025-11-17 18:35:31][INFO][Rank 0] - train Epoch 15/24: 74.4% (1440/1935)
[2025-11-17 18:35:32][INFO][Rank 0] - CUDA Memory [train][Step 1440]: Device 0: Allocated: 3309.6 MB, Reserved: 117540.0 MB (Δ: +1687.0 MB)
[2025-11-17 18:35:38][INFO][Rank 0] - train Epoch 15/24: 74.9% (1450/1935)
[2025-11-17 18:35:45][INFO][Rank 0] - train Epoch 15/24: 75.5% (1460/1935)
[2025-11-17 18:35:52][INFO][Rank 0] - train Epoch 15/24: 76.0% (1470/1935)
[2025-11-17 18:35:59][INFO][Rank 0] - train Epoch 15/24: 76.5% (1480/1935)
[2025-11-17 18:36:06][INFO][Rank 0] - train Epoch 15/24: 77.0% (1490/1935)
[2025-11-17 18:36:13][INFO][Rank 0] - train Epoch 15/24: 77.5% (1500/1935)
[2025-11-17 18:36:20][INFO][Rank 0] - train Epoch 15/24: 78.0% (1510/1935)
[2025-11-17 18:36:27][INFO][Rank 0] - train Epoch 15/24: 78.6% (1520/1935)
[2025-11-17 18:36:35][INFO][Rank 0] - train Epoch 15/24: 79.1% (1530/1935)
[2025-11-17 18:36:35][INFO][Rank 0] - CUDA Memory [train][Step 1530]: Device 0: Allocated: 3309.6 MB, Reserved: 117540.0 MB (Δ: +1687.0 MB)
[2025-11-17 18:36:42][INFO][Rank 0] - train Epoch 15/24: 79.6% (1540/1935)
[2025-11-17 18:36:49][INFO][Rank 0] - train Epoch 15/24: 80.1% (1550/1935)
[2025-11-17 18:36:56][INFO][Rank 0] - train Epoch 15/24: 80.6% (1560/1935)
[2025-11-17 18:37:03][INFO][Rank 0] - train Epoch 15/24: 81.1% (1570/1935)
[2025-11-17 18:37:10][INFO][Rank 0] - train Epoch 15/24: 81.7% (1580/1935)
[2025-11-17 18:37:17][INFO][Rank 0] - train Epoch 15/24: 82.2% (1590/1935)
[2025-11-17 18:37:24][INFO][Rank 0] - train Epoch 15/24: 82.7% (1600/1935)
[2025-11-17 18:37:31][INFO][Rank 0] - train Epoch 15/24: 83.2% (1610/1935)
[2025-11-17 18:37:38][INFO][Rank 0] - train Epoch 15/24: 83.7% (1620/1935)
[2025-11-17 18:37:39][INFO][Rank 0] - CUDA Memory [train][Step 1620]: Device 0: Allocated: 3309.6 MB, Reserved: 117540.0 MB (Δ: +1687.0 MB)
[2025-11-17 18:37:45][INFO][Rank 0] - train Epoch 15/24: 84.2% (1630/1935)
[2025-11-17 18:37:52][INFO][Rank 0] - train Epoch 15/24: 84.8% (1640/1935)
[2025-11-17 18:37:59][INFO][Rank 0] - train Epoch 15/24: 85.3% (1650/1935)
[2025-11-17 18:38:07][INFO][Rank 0] - train Epoch 15/24: 85.8% (1660/1935)
[2025-11-17 18:38:14][INFO][Rank 0] - train Epoch 15/24: 86.3% (1670/1935)
[2025-11-17 18:38:21][INFO][Rank 0] - train Epoch 15/24: 86.8% (1680/1935)
[2025-11-17 18:38:28][INFO][Rank 0] - train Epoch 15/24: 87.3% (1690/1935)
[2025-11-17 18:38:35][INFO][Rank 0] - train Epoch 15/24: 87.9% (1700/1935)
[2025-11-17 18:38:42][INFO][Rank 0] - train Epoch 15/24: 88.4% (1710/1935)
[2025-11-17 18:38:43][INFO][Rank 0] - CUDA Memory [train][Step 1710]: Device 0: Allocated: 3309.6 MB, Reserved: 117540.0 MB (Δ: +1687.0 MB)
[2025-11-17 18:38:49][INFO][Rank 0] - train Epoch 15/24: 88.9% (1720/1935)
[2025-11-17 18:38:56][INFO][Rank 0] - train Epoch 15/24: 89.4% (1730/1935)
[2025-11-17 18:39:03][INFO][Rank 0] - train Epoch 15/24: 89.9% (1740/1935)
[2025-11-17 18:39:10][INFO][Rank 0] - train Epoch 15/24: 90.4% (1750/1935)
[2025-11-17 18:39:17][INFO][Rank 0] - train Epoch 15/24: 91.0% (1760/1935)
[2025-11-17 18:39:24][INFO][Rank 0] - train Epoch 15/24: 91.5% (1770/1935)
[2025-11-17 18:39:31][INFO][Rank 0] - train Epoch 15/24: 92.0% (1780/1935)
[2025-11-17 18:39:38][INFO][Rank 0] - train Epoch 15/24: 92.5% (1790/1935)
[2025-11-17 18:39:46][INFO][Rank 0] - train Epoch 15/24: 93.0% (1800/1935)
[2025-11-17 18:39:46][INFO][Rank 0] - CUDA Memory [train][Step 1800]: Device 0: Allocated: 3309.6 MB, Reserved: 117540.0 MB (Δ: +1687.0 MB)
[2025-11-17 18:39:53][INFO][Rank 0] - train Epoch 15/24: 93.5% (1810/1935)
[2025-11-17 18:40:00][INFO][Rank 0] - train Epoch 15/24: 94.1% (1820/1935)
[2025-11-17 18:40:07][INFO][Rank 0] - train Epoch 15/24: 94.6% (1830/1935)
[2025-11-17 18:40:14][INFO][Rank 0] - train Epoch 15/24: 95.1% (1840/1935)
[2025-11-17 18:40:21][INFO][Rank 0] - train Epoch 15/24: 95.6% (1850/1935)
[2025-11-17 18:40:28][INFO][Rank 0] - train Epoch 15/24: 96.1% (1860/1935)
[2025-11-17 18:40:35][INFO][Rank 0] - train Epoch 15/24: 96.6% (1870/1935)
[2025-11-17 18:40:42][INFO][Rank 0] - train Epoch 15/24: 97.2% (1880/1935)
[2025-11-17 18:40:49][INFO][Rank 0] - train Epoch 15/24: 97.7% (1890/1935)
[2025-11-17 18:40:50][INFO][Rank 0] - CUDA Memory [train][Step 1890]: Device 0: Allocated: 3309.6 MB, Reserved: 117540.0 MB (Δ: +1687.0 MB)
[2025-11-17 18:40:56][INFO][Rank 0] - train Epoch 15/24: 98.2% (1900/1935)
[2025-11-17 18:41:03][INFO][Rank 0] - train Epoch 15/24: 98.7% (1910/1935)
[2025-11-17 18:41:10][INFO][Rank 0] - train Epoch 15/24: 99.2% (1920/1935)
[2025-11-17 18:41:17][INFO][Rank 0] - train Epoch 15/24: 99.7% (1930/1935)
[2025-11-17 18:41:20][INFO][Rank 0] - train Epoch 15/24: 99.9% (1934/1935)
[2025-11-17 18:41:21][INFO][Rank 0] - train Loss: 0.1437 Acc: 0.9759 F1: 0.9876
[2025-11-17 18:41:21][INFO][Rank 0] - train Balanced Acc: 0.9045 AUC-ROC: 0.9709
[2025-11-17 18:41:21][INFO][Rank 0] - train Sensitivity: 0.9796 Specificity: 0.8295
[2025-11-17 18:41:21][INFO][Rank 0] - train Confusion Matrix: TP=18490, FP=81, FN=385, TN=394
[2025-11-17 18:41:21][INFO][Rank 0] - train completed in 1368.95s
[2025-11-17 18:41:21][INFO][Rank 0] - Data loading time: 0.83s, Forward time: 278.43s, Backward time: 742.14s
[2025-11-17 18:41:21][INFO][Rank 0] - train cache: 0/1 items, hit rate: 0.00%
[2025-11-17 18:41:21][INFO][Rank 0] - CUDA Memory [val][Step 0]: Device 0: Allocated: 3309.6 MB, Reserved: 117540.0 MB (Δ: +1687.0 MB)
[2025-11-17 18:41:21][INFO][Rank 0] - val phase: total 412 batches
[2025-11-17 18:41:21][INFO][Rank 0] - val Epoch 15/24: 0.0% (0/412)
[2025-11-17 18:41:26][INFO][Rank 0] - val Epoch 15/24: 2.4% (10/412)
[2025-11-17 18:41:31][INFO][Rank 0] - val Epoch 15/24: 4.9% (20/412)
[2025-11-17 18:41:37][INFO][Rank 0] - val Epoch 15/24: 7.3% (30/412)
[2025-11-17 18:41:42][INFO][Rank 0] - val Epoch 15/24: 9.7% (40/412)
[2025-11-17 18:41:47][INFO][Rank 0] - val Epoch 15/24: 12.1% (50/412)
[2025-11-17 18:41:52][INFO][Rank 0] - val Epoch 15/24: 14.6% (60/412)
[2025-11-17 18:41:57][INFO][Rank 0] - val Epoch 15/24: 17.0% (70/412)
[2025-11-17 18:42:02][INFO][Rank 0] - val Epoch 15/24: 19.4% (80/412)
[2025-11-17 18:42:07][INFO][Rank 0] - val Epoch 15/24: 21.8% (90/412)
[2025-11-17 18:42:12][INFO][Rank 0] - val Epoch 15/24: 24.3% (100/412)
[2025-11-17 18:42:17][INFO][Rank 0] - val Epoch 15/24: 26.7% (110/412)
[2025-11-17 18:42:22][INFO][Rank 0] - val Epoch 15/24: 29.1% (120/412)
[2025-11-17 18:42:23][INFO][Rank 0] - CUDA Memory [val][Step 120]: Device 0: Allocated: 3309.6 MB, Reserved: 117540.0 MB (Δ: +1687.0 MB)
[2025-11-17 18:42:28][INFO][Rank 0] - val Epoch 15/24: 31.6% (130/412)
[2025-11-17 18:42:33][INFO][Rank 0] - val Epoch 15/24: 34.0% (140/412)
[2025-11-17 18:42:38][INFO][Rank 0] - val Epoch 15/24: 36.4% (150/412)
[2025-11-17 18:42:43][INFO][Rank 0] - val Epoch 15/24: 38.8% (160/412)
[2025-11-17 18:42:48][INFO][Rank 0] - val Epoch 15/24: 41.3% (170/412)
[2025-11-17 18:42:53][INFO][Rank 0] - val Epoch 15/24: 43.7% (180/412)
[2025-11-17 18:42:58][INFO][Rank 0] - val Epoch 15/24: 46.1% (190/412)
[2025-11-17 18:43:03][INFO][Rank 0] - val Epoch 15/24: 48.5% (200/412)
[2025-11-17 18:43:08][INFO][Rank 0] - val Epoch 15/24: 51.0% (210/412)
[2025-11-17 18:43:13][INFO][Rank 0] - val Epoch 15/24: 53.4% (220/412)
[2025-11-17 18:43:19][INFO][Rank 0] - val Epoch 15/24: 55.8% (230/412)
[2025-11-17 18:43:24][INFO][Rank 0] - val Epoch 15/24: 58.3% (240/412)
[2025-11-17 18:43:24][INFO][Rank 0] - CUDA Memory [val][Step 240]: Device 0: Allocated: 3309.6 MB, Reserved: 117540.0 MB (Δ: +1687.0 MB)
[2025-11-17 18:43:29][INFO][Rank 0] - val Epoch 15/24: 60.7% (250/412)
[2025-11-17 18:43:34][INFO][Rank 0] - val Epoch 15/24: 63.1% (260/412)
[2025-11-17 18:43:39][INFO][Rank 0] - val Epoch 15/24: 65.5% (270/412)
[2025-11-17 18:43:44][INFO][Rank 0] - val Epoch 15/24: 68.0% (280/412)
[2025-11-17 18:43:49][INFO][Rank 0] - val Epoch 15/24: 70.4% (290/412)
[2025-11-17 18:43:54][INFO][Rank 0] - val Epoch 15/24: 72.8% (300/412)
[2025-11-17 18:43:59][INFO][Rank 0] - val Epoch 15/24: 75.2% (310/412)
[2025-11-17 18:44:04][INFO][Rank 0] - val Epoch 15/24: 77.7% (320/412)
[2025-11-17 18:44:10][INFO][Rank 0] - val Epoch 15/24: 80.1% (330/412)
[2025-11-17 18:44:15][INFO][Rank 0] - val Epoch 15/24: 82.5% (340/412)
[2025-11-17 18:44:20][INFO][Rank 0] - val Epoch 15/24: 85.0% (350/412)
[2025-11-17 18:44:25][INFO][Rank 0] - val Epoch 15/24: 87.4% (360/412)
[2025-11-17 18:44:25][INFO][Rank 0] - CUDA Memory [val][Step 360]: Device 0: Allocated: 3309.6 MB, Reserved: 117540.0 MB (Δ: +1687.0 MB)
[2025-11-17 18:44:30][INFO][Rank 0] - val Epoch 15/24: 89.8% (370/412)
[2025-11-17 18:44:35][INFO][Rank 0] - val Epoch 15/24: 92.2% (380/412)
[2025-11-17 18:44:40][INFO][Rank 0] - val Epoch 15/24: 94.7% (390/412)
[2025-11-17 18:44:45][INFO][Rank 0] - val Epoch 15/24: 97.1% (400/412)
[2025-11-17 18:44:50][INFO][Rank 0] - val Epoch 15/24: 99.5% (410/412)
[2025-11-17 18:44:51][INFO][Rank 0] - val Epoch 15/24: 99.8% (411/412)
[2025-11-17 18:44:51][INFO][Rank 0] - val Loss: 0.1057 Acc: 0.9782 F1: 0.9887
[2025-11-17 18:44:51][INFO][Rank 0] - val Balanced Acc: 0.8478 AUC-ROC: 0.9807
[2025-11-17 18:44:51][INFO][Rank 0] - val Sensitivity: 0.9853 Specificity: 0.7103
[2025-11-17 18:44:51][INFO][Rank 0] - val Confusion Matrix: TP=3954, FP=31, FN=59, TN=76
[2025-11-17 18:44:51][INFO][Rank 0] - val completed in 210.27s
[2025-11-17 18:44:51][INFO][Rank 0] - val cache: 0/1 items, hit rate: 0.00%
[2025-11-17 18:44:55][INFO][Rank 0] - Saved new best auc model with auc: 0.9807 at /projects/retprogression/rgarridogarcia/checkpoints/cropped1024_cropped_centered_wt_allR_2/best_auc_model.pth
[2025-11-17 18:44:59][INFO][Rank 0] - Saved epoch checkpoint at /projects/retprogression/rgarridogarcia/checkpoints/cropped1024_cropped_centered_wt_allR_2/epoch_15.pth
[2025-11-17 18:44:59][INFO][Rank 0] - Epoch 15 summary:
[2025-11-17 18:44:59][INFO][Rank 0] -  Train Loss: 0.1437, Train Acc: 0.9759, Train F1: 0.9876
[2025-11-17 18:44:59][INFO][Rank 0] -  Train Balanced Acc: 0.9045, Train AUC: 0.9709
[2025-11-17 18:44:59][INFO][Rank 0] -  Train Sensitivity: 0.9796, Train Specificity: 0.8295
[2025-11-17 18:44:59][INFO][Rank 0] -  Val Loss: 0.1057, Val Acc: 0.9782, Val F1: 0.9887
[2025-11-17 18:44:59][INFO][Rank 0] -  Val Balanced Acc: 0.8478, Val AUC: 0.9807
[2025-11-17 18:44:59][INFO][Rank 0] -  Val Sensitivity: 0.9853, Val Specificity: 0.7103
[2025-11-17 18:44:59][INFO][Rank 0] -  Total Epoch Time: 1586.52s
[2025-11-17 18:44:59][INFO][Rank 0] - Epoch 16/24
[2025-11-17 18:44:59][INFO][Rank 0] - ----------
[2025-11-17 18:44:59][INFO][Rank 0] - CUDA Memory [train][Step 0]: Device 0: Allocated: 3309.6 MB, Reserved: 117540.0 MB (Δ: +1687.0 MB)
[2025-11-17 18:44:59][INFO][Rank 0] - train phase: total 1935 batches
[2025-11-17 18:44:59][INFO][Rank 0] - train Epoch 16/24: 0.0% (0/1935)
[2025-11-17 18:45:06][INFO][Rank 0] - train Epoch 16/24: 0.5% (10/1935)
[2025-11-17 18:45:13][INFO][Rank 0] - train Epoch 16/24: 1.0% (20/1935)
[2025-11-17 18:45:20][INFO][Rank 0] - train Epoch 16/24: 1.6% (30/1935)
[2025-11-17 18:45:27][INFO][Rank 0] - train Epoch 16/24: 2.1% (40/1935)
[2025-11-17 18:45:34][INFO][Rank 0] - train Epoch 16/24: 2.6% (50/1935)
[2025-11-17 18:45:42][INFO][Rank 0] - train Epoch 16/24: 3.1% (60/1935)
[2025-11-17 18:45:49][INFO][Rank 0] - train Epoch 16/24: 3.6% (70/1935)
[2025-11-17 18:45:56][INFO][Rank 0] - train Epoch 16/24: 4.1% (80/1935)
[2025-11-17 18:46:03][INFO][Rank 0] - train Epoch 16/24: 4.7% (90/1935)
[2025-11-17 18:46:03][INFO][Rank 0] - CUDA Memory [train][Step 90]: Device 0: Allocated: 3309.6 MB, Reserved: 117540.0 MB (Δ: +1687.0 MB)
[2025-11-17 18:46:10][INFO][Rank 0] - train Epoch 16/24: 5.2% (100/1935)
[2025-11-17 18:46:17][INFO][Rank 0] - train Epoch 16/24: 5.7% (110/1935)
[2025-11-17 18:46:24][INFO][Rank 0] - train Epoch 16/24: 6.2% (120/1935)
[2025-11-17 18:46:31][INFO][Rank 0] - train Epoch 16/24: 6.7% (130/1935)
[2025-11-17 18:46:38][INFO][Rank 0] - train Epoch 16/24: 7.2% (140/1935)
[2025-11-17 18:46:45][INFO][Rank 0] - train Epoch 16/24: 7.8% (150/1935)
[2025-11-17 18:46:52][INFO][Rank 0] - train Epoch 16/24: 8.3% (160/1935)
[2025-11-17 18:46:59][INFO][Rank 0] - train Epoch 16/24: 8.8% (170/1935)
[2025-11-17 18:47:07][INFO][Rank 0] - train Epoch 16/24: 9.3% (180/1935)
[2025-11-17 18:47:07][INFO][Rank 0] - CUDA Memory [train][Step 180]: Device 0: Allocated: 3309.6 MB, Reserved: 117540.0 MB (Δ: +1687.0 MB)
[2025-11-17 18:47:14][INFO][Rank 0] - train Epoch 16/24: 9.8% (190/1935)
[2025-11-17 18:47:21][INFO][Rank 0] - train Epoch 16/24: 10.3% (200/1935)
[2025-11-17 18:47:28][INFO][Rank 0] - train Epoch 16/24: 10.9% (210/1935)
[2025-11-17 18:47:35][INFO][Rank 0] - train Epoch 16/24: 11.4% (220/1935)
[2025-11-17 18:47:42][INFO][Rank 0] - train Epoch 16/24: 11.9% (230/1935)
[2025-11-17 18:47:49][INFO][Rank 0] - train Epoch 16/24: 12.4% (240/1935)
[2025-11-17 18:47:56][INFO][Rank 0] - train Epoch 16/24: 12.9% (250/1935)
[2025-11-17 18:48:03][INFO][Rank 0] - train Epoch 16/24: 13.4% (260/1935)
[2025-11-17 18:48:10][INFO][Rank 0] - train Epoch 16/24: 14.0% (270/1935)
[2025-11-17 18:48:11][INFO][Rank 0] - CUDA Memory [train][Step 270]: Device 0: Allocated: 3309.6 MB, Reserved: 117540.0 MB (Δ: +1687.0 MB)
[2025-11-17 18:48:17][INFO][Rank 0] - train Epoch 16/24: 14.5% (280/1935)
[2025-11-17 18:48:24][INFO][Rank 0] - train Epoch 16/24: 15.0% (290/1935)
[2025-11-17 18:48:31][INFO][Rank 0] - train Epoch 16/24: 15.5% (300/1935)
[2025-11-17 18:48:39][INFO][Rank 0] - train Epoch 16/24: 16.0% (310/1935)
[2025-11-17 18:48:46][INFO][Rank 0] - train Epoch 16/24: 16.5% (320/1935)
[2025-11-17 18:48:53][INFO][Rank 0] - train Epoch 16/24: 17.1% (330/1935)
[2025-11-17 18:49:00][INFO][Rank 0] - train Epoch 16/24: 17.6% (340/1935)
[2025-11-17 18:49:07][INFO][Rank 0] - train Epoch 16/24: 18.1% (350/1935)
[2025-11-17 18:49:14][INFO][Rank 0] - train Epoch 16/24: 18.6% (360/1935)
[2025-11-17 18:49:15][INFO][Rank 0] - CUDA Memory [train][Step 360]: Device 0: Allocated: 3309.6 MB, Reserved: 117540.0 MB (Δ: +1687.0 MB)
[2025-11-17 18:49:21][INFO][Rank 0] - train Epoch 16/24: 19.1% (370/1935)
[2025-11-17 18:49:28][INFO][Rank 0] - train Epoch 16/24: 19.6% (380/1935)
[2025-11-17 18:49:35][INFO][Rank 0] - train Epoch 16/24: 20.2% (390/1935)
[2025-11-17 18:49:42][INFO][Rank 0] - train Epoch 16/24: 20.7% (400/1935)
[2025-11-17 18:49:49][INFO][Rank 0] - train Epoch 16/24: 21.2% (410/1935)
[2025-11-17 18:49:56][INFO][Rank 0] - train Epoch 16/24: 21.7% (420/1935)
[2025-11-17 18:50:03][INFO][Rank 0] - train Epoch 16/24: 22.2% (430/1935)
[2025-11-17 18:50:11][INFO][Rank 0] - train Epoch 16/24: 22.7% (440/1935)
[2025-11-17 18:50:18][INFO][Rank 0] - train Epoch 16/24: 23.3% (450/1935)
[2025-11-17 18:50:18][INFO][Rank 0] - CUDA Memory [train][Step 450]: Device 0: Allocated: 3309.6 MB, Reserved: 117540.0 MB (Δ: +1687.0 MB)
[2025-11-17 18:50:25][INFO][Rank 0] - train Epoch 16/24: 23.8% (460/1935)
[2025-11-17 18:50:32][INFO][Rank 0] - train Epoch 16/24: 24.3% (470/1935)
[2025-11-17 18:50:39][INFO][Rank 0] - train Epoch 16/24: 24.8% (480/1935)
[2025-11-17 18:50:46][INFO][Rank 0] - train Epoch 16/24: 25.3% (490/1935)
[2025-11-17 18:50:53][INFO][Rank 0] - train Epoch 16/24: 25.8% (500/1935)
[2025-11-17 18:51:00][INFO][Rank 0] - train Epoch 16/24: 26.4% (510/1935)
[2025-11-17 18:51:07][INFO][Rank 0] - train Epoch 16/24: 26.9% (520/1935)
[2025-11-17 18:51:14][INFO][Rank 0] - train Epoch 16/24: 27.4% (530/1935)
[2025-11-17 18:51:21][INFO][Rank 0] - train Epoch 16/24: 27.9% (540/1935)
[2025-11-17 18:51:22][INFO][Rank 0] - CUDA Memory [train][Step 540]: Device 0: Allocated: 3309.6 MB, Reserved: 117540.0 MB (Δ: +1687.0 MB)
[2025-11-17 18:51:28][INFO][Rank 0] - train Epoch 16/24: 28.4% (550/1935)
[2025-11-17 18:51:35][INFO][Rank 0] - train Epoch 16/24: 28.9% (560/1935)
[2025-11-17 18:51:42][INFO][Rank 0] - train Epoch 16/24: 29.5% (570/1935)
[2025-11-17 18:51:50][INFO][Rank 0] - train Epoch 16/24: 30.0% (580/1935)
[2025-11-17 18:51:57][INFO][Rank 0] - train Epoch 16/24: 30.5% (590/1935)
[2025-11-17 18:52:04][INFO][Rank 0] - train Epoch 16/24: 31.0% (600/1935)
[2025-11-17 18:52:11][INFO][Rank 0] - train Epoch 16/24: 31.5% (610/1935)
[2025-11-17 18:52:18][INFO][Rank 0] - train Epoch 16/24: 32.0% (620/1935)
[2025-11-17 18:52:25][INFO][Rank 0] - train Epoch 16/24: 32.6% (630/1935)
[2025-11-17 18:52:26][INFO][Rank 0] - CUDA Memory [train][Step 630]: Device 0: Allocated: 3309.6 MB, Reserved: 117540.0 MB (Δ: +1687.0 MB)
[2025-11-17 18:52:32][INFO][Rank 0] - train Epoch 16/24: 33.1% (640/1935)
[2025-11-17 18:52:39][INFO][Rank 0] - train Epoch 16/24: 33.6% (650/1935)
[2025-11-17 18:52:46][INFO][Rank 0] - train Epoch 16/24: 34.1% (660/1935)
[2025-11-17 18:52:53][INFO][Rank 0] - train Epoch 16/24: 34.6% (670/1935)
[2025-11-17 18:53:00][INFO][Rank 0] - train Epoch 16/24: 35.1% (680/1935)
[2025-11-17 18:53:07][INFO][Rank 0] - train Epoch 16/24: 35.7% (690/1935)
[2025-11-17 18:53:14][INFO][Rank 0] - train Epoch 16/24: 36.2% (700/1935)
[2025-11-17 18:53:22][INFO][Rank 0] - train Epoch 16/24: 36.7% (710/1935)
[2025-11-17 18:53:29][INFO][Rank 0] - train Epoch 16/24: 37.2% (720/1935)
[2025-11-17 18:53:29][INFO][Rank 0] - CUDA Memory [train][Step 720]: Device 0: Allocated: 3309.6 MB, Reserved: 117540.0 MB (Δ: +1687.0 MB)
[2025-11-17 18:53:36][INFO][Rank 0] - train Epoch 16/24: 37.7% (730/1935)
[2025-11-17 18:53:43][INFO][Rank 0] - train Epoch 16/24: 38.2% (740/1935)
[2025-11-17 18:53:50][INFO][Rank 0] - train Epoch 16/24: 38.8% (750/1935)
[2025-11-17 18:53:57][INFO][Rank 0] - train Epoch 16/24: 39.3% (760/1935)
[2025-11-17 18:54:04][INFO][Rank 0] - train Epoch 16/24: 39.8% (770/1935)
[2025-11-17 18:54:11][INFO][Rank 0] - train Epoch 16/24: 40.3% (780/1935)
[2025-11-17 18:54:18][INFO][Rank 0] - train Epoch 16/24: 40.8% (790/1935)
[2025-11-17 18:54:25][INFO][Rank 0] - train Epoch 16/24: 41.3% (800/1935)
[2025-11-17 18:54:32][INFO][Rank 0] - train Epoch 16/24: 41.9% (810/1935)
[2025-11-17 18:54:33][INFO][Rank 0] - CUDA Memory [train][Step 810]: Device 0: Allocated: 3309.6 MB, Reserved: 117540.0 MB (Δ: +1687.0 MB)
[2025-11-17 18:54:39][INFO][Rank 0] - train Epoch 16/24: 42.4% (820/1935)
[2025-11-17 18:54:46][INFO][Rank 0] - train Epoch 16/24: 42.9% (830/1935)
[2025-11-17 18:54:53][INFO][Rank 0] - train Epoch 16/24: 43.4% (840/1935)
[2025-11-17 18:55:01][INFO][Rank 0] - train Epoch 16/24: 43.9% (850/1935)
[2025-11-17 18:55:08][INFO][Rank 0] - train Epoch 16/24: 44.4% (860/1935)
[2025-11-17 18:55:15][INFO][Rank 0] - train Epoch 16/24: 45.0% (870/1935)
[2025-11-17 18:55:22][INFO][Rank 0] - train Epoch 16/24: 45.5% (880/1935)
[2025-11-17 18:55:29][INFO][Rank 0] - train Epoch 16/24: 46.0% (890/1935)
[2025-11-17 18:55:36][INFO][Rank 0] - train Epoch 16/24: 46.5% (900/1935)
[2025-11-17 18:55:37][INFO][Rank 0] - CUDA Memory [train][Step 900]: Device 0: Allocated: 3309.6 MB, Reserved: 117540.0 MB (Δ: +1687.0 MB)
[2025-11-17 18:55:43][INFO][Rank 0] - train Epoch 16/24: 47.0% (910/1935)
[2025-11-17 18:55:50][INFO][Rank 0] - train Epoch 16/24: 47.5% (920/1935)
[2025-11-17 18:55:57][INFO][Rank 0] - train Epoch 16/24: 48.1% (930/1935)
[2025-11-17 18:56:04][INFO][Rank 0] - train Epoch 16/24: 48.6% (940/1935)
[2025-11-17 18:56:11][INFO][Rank 0] - train Epoch 16/24: 49.1% (950/1935)
[2025-11-17 18:56:18][INFO][Rank 0] - train Epoch 16/24: 49.6% (960/1935)
[2025-11-17 18:56:25][INFO][Rank 0] - train Epoch 16/24: 50.1% (970/1935)
[2025-11-17 18:56:32][INFO][Rank 0] - train Epoch 16/24: 50.6% (980/1935)
[2025-11-17 18:56:40][INFO][Rank 0] - train Epoch 16/24: 51.2% (990/1935)
[2025-11-17 18:56:40][INFO][Rank 0] - CUDA Memory [train][Step 990]: Device 0: Allocated: 3309.6 MB, Reserved: 117540.0 MB (Δ: +1687.0 MB)
[2025-11-17 18:56:47][INFO][Rank 0] - train Epoch 16/24: 51.7% (1000/1935)
[2025-11-17 18:56:54][INFO][Rank 0] - train Epoch 16/24: 52.2% (1010/1935)
[2025-11-17 18:57:01][INFO][Rank 0] - train Epoch 16/24: 52.7% (1020/1935)
[2025-11-17 18:57:08][INFO][Rank 0] - train Epoch 16/24: 53.2% (1030/1935)
[2025-11-17 18:57:15][INFO][Rank 0] - train Epoch 16/24: 53.7% (1040/1935)
[2025-11-17 18:57:22][INFO][Rank 0] - train Epoch 16/24: 54.3% (1050/1935)
[2025-11-17 18:57:29][INFO][Rank 0] - train Epoch 16/24: 54.8% (1060/1935)
[2025-11-17 18:57:36][INFO][Rank 0] - train Epoch 16/24: 55.3% (1070/1935)
[2025-11-17 18:57:43][INFO][Rank 0] - train Epoch 16/24: 55.8% (1080/1935)
[2025-11-17 18:57:44][INFO][Rank 0] - CUDA Memory [train][Step 1080]: Device 0: Allocated: 3309.6 MB, Reserved: 117540.0 MB (Δ: +1687.0 MB)
[2025-11-17 18:57:50][INFO][Rank 0] - train Epoch 16/24: 56.3% (1090/1935)
[2025-11-17 18:57:57][INFO][Rank 0] - train Epoch 16/24: 56.8% (1100/1935)
[2025-11-17 18:58:04][INFO][Rank 0] - train Epoch 16/24: 57.4% (1110/1935)
[2025-11-17 18:58:12][INFO][Rank 0] - train Epoch 16/24: 57.9% (1120/1935)
[2025-11-17 18:58:19][INFO][Rank 0] - train Epoch 16/24: 58.4% (1130/1935)
[2025-11-17 18:58:26][INFO][Rank 0] - train Epoch 16/24: 58.9% (1140/1935)
[2025-11-17 18:58:33][INFO][Rank 0] - train Epoch 16/24: 59.4% (1150/1935)
[2025-11-17 18:58:40][INFO][Rank 0] - train Epoch 16/24: 59.9% (1160/1935)
[2025-11-17 18:58:47][INFO][Rank 0] - train Epoch 16/24: 60.5% (1170/1935)
[2025-11-17 18:58:48][INFO][Rank 0] - CUDA Memory [train][Step 1170]: Device 0: Allocated: 3309.6 MB, Reserved: 117540.0 MB (Δ: +1687.0 MB)
[2025-11-17 18:58:54][INFO][Rank 0] - train Epoch 16/24: 61.0% (1180/1935)
[2025-11-17 18:59:01][INFO][Rank 0] - train Epoch 16/24: 61.5% (1190/1935)
[2025-11-17 18:59:08][INFO][Rank 0] - train Epoch 16/24: 62.0% (1200/1935)
[2025-11-17 18:59:15][INFO][Rank 0] - train Epoch 16/24: 62.5% (1210/1935)
[2025-11-17 18:59:22][INFO][Rank 0] - train Epoch 16/24: 63.0% (1220/1935)
[2025-11-17 18:59:29][INFO][Rank 0] - train Epoch 16/24: 63.6% (1230/1935)
[2025-11-17 18:59:36][INFO][Rank 0] - train Epoch 16/24: 64.1% (1240/1935)
[2025-11-17 18:59:43][INFO][Rank 0] - train Epoch 16/24: 64.6% (1250/1935)
[2025-11-17 18:59:51][INFO][Rank 0] - train Epoch 16/24: 65.1% (1260/1935)
[2025-11-17 18:59:51][INFO][Rank 0] - CUDA Memory [train][Step 1260]: Device 0: Allocated: 3309.6 MB, Reserved: 117540.0 MB (Δ: +1687.0 MB)
[2025-11-17 18:59:58][INFO][Rank 0] - train Epoch 16/24: 65.6% (1270/1935)
[2025-11-17 19:00:05][INFO][Rank 0] - train Epoch 16/24: 66.1% (1280/1935)
[2025-11-17 19:00:12][INFO][Rank 0] - train Epoch 16/24: 66.7% (1290/1935)
[2025-11-17 19:00:19][INFO][Rank 0] - train Epoch 16/24: 67.2% (1300/1935)
[2025-11-17 19:00:26][INFO][Rank 0] - train Epoch 16/24: 67.7% (1310/1935)
[2025-11-17 19:00:33][INFO][Rank 0] - train Epoch 16/24: 68.2% (1320/1935)
[2025-11-17 19:00:40][INFO][Rank 0] - train Epoch 16/24: 68.7% (1330/1935)
[2025-11-17 19:00:47][INFO][Rank 0] - train Epoch 16/24: 69.3% (1340/1935)
[2025-11-17 19:00:54][INFO][Rank 0] - train Epoch 16/24: 69.8% (1350/1935)
[2025-11-17 19:00:55][INFO][Rank 0] - CUDA Memory [train][Step 1350]: Device 0: Allocated: 3309.6 MB, Reserved: 117540.0 MB (Δ: +1687.0 MB)
[2025-11-17 19:01:01][INFO][Rank 0] - train Epoch 16/24: 70.3% (1360/1935)
[2025-11-17 19:01:08][INFO][Rank 0] - train Epoch 16/24: 70.8% (1370/1935)
[2025-11-17 19:01:15][INFO][Rank 0] - train Epoch 16/24: 71.3% (1380/1935)
[2025-11-17 19:01:22][INFO][Rank 0] - train Epoch 16/24: 71.8% (1390/1935)
[2025-11-17 19:01:30][INFO][Rank 0] - train Epoch 16/24: 72.4% (1400/1935)
[2025-11-17 19:01:37][INFO][Rank 0] - train Epoch 16/24: 72.9% (1410/1935)
[2025-11-17 19:01:44][INFO][Rank 0] - train Epoch 16/24: 73.4% (1420/1935)
[2025-11-17 19:01:51][INFO][Rank 0] - train Epoch 16/24: 73.9% (1430/1935)
[2025-11-17 19:01:58][INFO][Rank 0] - train Epoch 16/24: 74.4% (1440/1935)
[2025-11-17 19:01:59][INFO][Rank 0] - CUDA Memory [train][Step 1440]: Device 0: Allocated: 3309.6 MB, Reserved: 117540.0 MB (Δ: +1687.0 MB)
[2025-11-17 19:02:05][INFO][Rank 0] - train Epoch 16/24: 74.9% (1450/1935)
[2025-11-17 19:02:12][INFO][Rank 0] - train Epoch 16/24: 75.5% (1460/1935)
[2025-11-17 19:02:19][INFO][Rank 0] - train Epoch 16/24: 76.0% (1470/1935)
[2025-11-17 19:02:26][INFO][Rank 0] - train Epoch 16/24: 76.5% (1480/1935)
[2025-11-17 19:02:33][INFO][Rank 0] - train Epoch 16/24: 77.0% (1490/1935)
[2025-11-17 19:02:40][INFO][Rank 0] - train Epoch 16/24: 77.5% (1500/1935)
[2025-11-17 19:02:47][INFO][Rank 0] - train Epoch 16/24: 78.0% (1510/1935)
[2025-11-17 19:02:54][INFO][Rank 0] - train Epoch 16/24: 78.6% (1520/1935)
[2025-11-17 19:03:02][INFO][Rank 0] - train Epoch 16/24: 79.1% (1530/1935)
[2025-11-17 19:03:02][INFO][Rank 0] - CUDA Memory [train][Step 1530]: Device 0: Allocated: 3309.6 MB, Reserved: 117540.0 MB (Δ: +1687.0 MB)
[2025-11-17 19:03:09][INFO][Rank 0] - train Epoch 16/24: 79.6% (1540/1935)
[2025-11-17 19:03:16][INFO][Rank 0] - train Epoch 16/24: 80.1% (1550/1935)
[2025-11-17 19:03:23][INFO][Rank 0] - train Epoch 16/24: 80.6% (1560/1935)
[2025-11-17 19:03:30][INFO][Rank 0] - train Epoch 16/24: 81.1% (1570/1935)
[2025-11-17 19:03:37][INFO][Rank 0] - train Epoch 16/24: 81.7% (1580/1935)
[2025-11-17 19:03:44][INFO][Rank 0] - train Epoch 16/24: 82.2% (1590/1935)
[2025-11-17 19:03:51][INFO][Rank 0] - train Epoch 16/24: 82.7% (1600/1935)
[2025-11-17 19:03:58][INFO][Rank 0] - train Epoch 16/24: 83.2% (1610/1935)
[2025-11-17 19:04:05][INFO][Rank 0] - train Epoch 16/24: 83.7% (1620/1935)
[2025-11-17 19:04:06][INFO][Rank 0] - CUDA Memory [train][Step 1620]: Device 0: Allocated: 3309.6 MB, Reserved: 117540.0 MB (Δ: +1687.0 MB)
[2025-11-17 19:04:12][INFO][Rank 0] - train Epoch 16/24: 84.2% (1630/1935)
[2025-11-17 19:04:19][INFO][Rank 0] - train Epoch 16/24: 84.8% (1640/1935)
[2025-11-17 19:04:26][INFO][Rank 0] - train Epoch 16/24: 85.3% (1650/1935)
[2025-11-17 19:04:33][INFO][Rank 0] - train Epoch 16/24: 85.8% (1660/1935)
[2025-11-17 19:04:41][INFO][Rank 0] - train Epoch 16/24: 86.3% (1670/1935)
[2025-11-17 19:04:48][INFO][Rank 0] - train Epoch 16/24: 86.8% (1680/1935)
[2025-11-17 19:04:55][INFO][Rank 0] - train Epoch 16/24: 87.3% (1690/1935)
[2025-11-17 19:05:02][INFO][Rank 0] - train Epoch 16/24: 87.9% (1700/1935)
[2025-11-17 19:05:09][INFO][Rank 0] - train Epoch 16/24: 88.4% (1710/1935)
[2025-11-17 19:05:10][INFO][Rank 0] - CUDA Memory [train][Step 1710]: Device 0: Allocated: 3309.6 MB, Reserved: 117540.0 MB (Δ: +1687.0 MB)
[2025-11-17 19:05:16][INFO][Rank 0] - train Epoch 16/24: 88.9% (1720/1935)
[2025-11-17 19:05:23][INFO][Rank 0] - train Epoch 16/24: 89.4% (1730/1935)
[2025-11-17 19:05:30][INFO][Rank 0] - train Epoch 16/24: 89.9% (1740/1935)
[2025-11-17 19:05:37][INFO][Rank 0] - train Epoch 16/24: 90.4% (1750/1935)
[2025-11-17 19:05:44][INFO][Rank 0] - train Epoch 16/24: 91.0% (1760/1935)
[2025-11-17 19:05:51][INFO][Rank 0] - train Epoch 16/24: 91.5% (1770/1935)
[2025-11-17 19:05:58][INFO][Rank 0] - train Epoch 16/24: 92.0% (1780/1935)
[2025-11-17 19:06:05][INFO][Rank 0] - train Epoch 16/24: 92.5% (1790/1935)
[2025-11-17 19:06:12][INFO][Rank 0] - train Epoch 16/24: 93.0% (1800/1935)
[2025-11-17 19:06:13][INFO][Rank 0] - CUDA Memory [train][Step 1800]: Device 0: Allocated: 3309.6 MB, Reserved: 117540.0 MB (Δ: +1687.0 MB)
[2025-11-17 19:06:20][INFO][Rank 0] - train Epoch 16/24: 93.5% (1810/1935)
[2025-11-17 19:06:27][INFO][Rank 0] - train Epoch 16/24: 94.1% (1820/1935)
[2025-11-17 19:06:34][INFO][Rank 0] - train Epoch 16/24: 94.6% (1830/1935)
[2025-11-17 19:06:41][INFO][Rank 0] - train Epoch 16/24: 95.1% (1840/1935)
[2025-11-17 19:06:48][INFO][Rank 0] - train Epoch 16/24: 95.6% (1850/1935)
[2025-11-17 19:06:55][INFO][Rank 0] - train Epoch 16/24: 96.1% (1860/1935)
[2025-11-17 19:07:02][INFO][Rank 0] - train Epoch 16/24: 96.6% (1870/1935)
[2025-11-17 19:07:09][INFO][Rank 0] - train Epoch 16/24: 97.2% (1880/1935)
[2025-11-17 19:07:16][INFO][Rank 0] - train Epoch 16/24: 97.7% (1890/1935)
[2025-11-17 19:07:17][INFO][Rank 0] - CUDA Memory [train][Step 1890]: Device 0: Allocated: 3309.6 MB, Reserved: 117540.0 MB (Δ: +1687.0 MB)
[2025-11-17 19:07:23][INFO][Rank 0] - train Epoch 16/24: 98.2% (1900/1935)
[2025-11-17 19:07:30][INFO][Rank 0] - train Epoch 16/24: 98.7% (1910/1935)
[2025-11-17 19:07:37][INFO][Rank 0] - train Epoch 16/24: 99.2% (1920/1935)
[2025-11-17 19:07:44][INFO][Rank 0] - train Epoch 16/24: 99.7% (1930/1935)
[2025-11-17 19:07:47][INFO][Rank 0] - train Epoch 16/24: 99.9% (1934/1935)
[2025-11-17 19:07:48][INFO][Rank 0] - train Loss: 0.1431 Acc: 0.9781 F1: 0.9887
[2025-11-17 19:07:48][INFO][Rank 0] - train Balanced Acc: 0.8985 AUC-ROC: 0.9723
[2025-11-17 19:07:48][INFO][Rank 0] - train Sensitivity: 0.9822 Specificity: 0.8147
[2025-11-17 19:07:48][INFO][Rank 0] - train Confusion Matrix: TP=18539, FP=88, FN=336, TN=387
[2025-11-17 19:07:48][INFO][Rank 0] - train completed in 1369.35s
[2025-11-17 19:07:48][INFO][Rank 0] - Data loading time: 0.93s, Forward time: 278.52s, Backward time: 742.28s
[2025-11-17 19:07:48][INFO][Rank 0] - train cache: 0/1 items, hit rate: 0.00%
[2025-11-17 19:07:48][INFO][Rank 0] - CUDA Memory [val][Step 0]: Device 0: Allocated: 3309.6 MB, Reserved: 117540.0 MB (Δ: +1687.0 MB)
[2025-11-17 19:07:48][INFO][Rank 0] - val phase: total 412 batches
[2025-11-17 19:07:48][INFO][Rank 0] - val Epoch 16/24: 0.0% (0/412)
[2025-11-17 19:07:53][INFO][Rank 0] - val Epoch 16/24: 2.4% (10/412)
[2025-11-17 19:07:58][INFO][Rank 0] - val Epoch 16/24: 4.9% (20/412)
[2025-11-17 19:08:03][INFO][Rank 0] - val Epoch 16/24: 7.3% (30/412)
[2025-11-17 19:08:08][INFO][Rank 0] - val Epoch 16/24: 9.7% (40/412)
[2025-11-17 19:08:14][INFO][Rank 0] - val Epoch 16/24: 12.1% (50/412)
[2025-11-17 19:08:19][INFO][Rank 0] - val Epoch 16/24: 14.6% (60/412)
[2025-11-17 19:08:24][INFO][Rank 0] - val Epoch 16/24: 17.0% (70/412)
[2025-11-17 19:08:29][INFO][Rank 0] - val Epoch 16/24: 19.4% (80/412)
[2025-11-17 19:08:34][INFO][Rank 0] - val Epoch 16/24: 21.8% (90/412)
[2025-11-17 19:08:39][INFO][Rank 0] - val Epoch 16/24: 24.3% (100/412)
[2025-11-17 19:08:44][INFO][Rank 0] - val Epoch 16/24: 26.7% (110/412)
[2025-11-17 19:08:49][INFO][Rank 0] - val Epoch 16/24: 29.1% (120/412)
[2025-11-17 19:08:50][INFO][Rank 0] - CUDA Memory [val][Step 120]: Device 0: Allocated: 3309.6 MB, Reserved: 117540.0 MB (Δ: +1687.0 MB)
[2025-11-17 19:08:54][INFO][Rank 0] - val Epoch 16/24: 31.6% (130/412)
[2025-11-17 19:08:59][INFO][Rank 0] - val Epoch 16/24: 34.0% (140/412)
[2025-11-17 19:09:04][INFO][Rank 0] - val Epoch 16/24: 36.4% (150/412)
[2025-11-17 19:09:10][INFO][Rank 0] - val Epoch 16/24: 38.8% (160/412)
[2025-11-17 19:09:15][INFO][Rank 0] - val Epoch 16/24: 41.3% (170/412)
[2025-11-17 19:09:20][INFO][Rank 0] - val Epoch 16/24: 43.7% (180/412)
[2025-11-17 19:09:25][INFO][Rank 0] - val Epoch 16/24: 46.1% (190/412)
[2025-11-17 19:09:30][INFO][Rank 0] - val Epoch 16/24: 48.5% (200/412)
[2025-11-17 19:09:35][INFO][Rank 0] - val Epoch 16/24: 51.0% (210/412)
[2025-11-17 19:09:40][INFO][Rank 0] - val Epoch 16/24: 53.4% (220/412)
[2025-11-17 19:09:45][INFO][Rank 0] - val Epoch 16/24: 55.8% (230/412)
[2025-11-17 19:09:50][INFO][Rank 0] - val Epoch 16/24: 58.3% (240/412)
[2025-11-17 19:09:51][INFO][Rank 0] - CUDA Memory [val][Step 240]: Device 0: Allocated: 3309.6 MB, Reserved: 117540.0 MB (Δ: +1687.0 MB)
[2025-11-17 19:09:55][INFO][Rank 0] - val Epoch 16/24: 60.7% (250/412)
[2025-11-17 19:10:00][INFO][Rank 0] - val Epoch 16/24: 63.1% (260/412)
[2025-11-17 19:10:05][INFO][Rank 0] - val Epoch 16/24: 65.5% (270/412)
[2025-11-17 19:10:11][INFO][Rank 0] - val Epoch 16/24: 68.0% (280/412)
[2025-11-17 19:10:16][INFO][Rank 0] - val Epoch 16/24: 70.4% (290/412)
[2025-11-17 19:10:21][INFO][Rank 0] - val Epoch 16/24: 72.8% (300/412)
[2025-11-17 19:10:26][INFO][Rank 0] - val Epoch 16/24: 75.2% (310/412)
[2025-11-17 19:10:31][INFO][Rank 0] - val Epoch 16/24: 77.7% (320/412)
[2025-11-17 19:10:36][INFO][Rank 0] - val Epoch 16/24: 80.1% (330/412)
[2025-11-17 19:10:41][INFO][Rank 0] - val Epoch 16/24: 82.5% (340/412)
[2025-11-17 19:10:46][INFO][Rank 0] - val Epoch 16/24: 85.0% (350/412)
[2025-11-17 19:10:51][INFO][Rank 0] - val Epoch 16/24: 87.4% (360/412)
[2025-11-17 19:10:52][INFO][Rank 0] - CUDA Memory [val][Step 360]: Device 0: Allocated: 3309.6 MB, Reserved: 117540.0 MB (Δ: +1687.0 MB)
[2025-11-17 19:10:56][INFO][Rank 0] - val Epoch 16/24: 89.8% (370/412)
[2025-11-17 19:11:01][INFO][Rank 0] - val Epoch 16/24: 92.2% (380/412)
[2025-11-17 19:11:06][INFO][Rank 0] - val Epoch 16/24: 94.7% (390/412)
[2025-11-17 19:11:11][INFO][Rank 0] - val Epoch 16/24: 97.1% (400/412)
[2025-11-17 19:11:17][INFO][Rank 0] - val Epoch 16/24: 99.5% (410/412)
[2025-11-17 19:11:17][INFO][Rank 0] - val Epoch 16/24: 99.8% (411/412)
[2025-11-17 19:11:18][INFO][Rank 0] - val Loss: 0.1056 Acc: 0.9789 F1: 0.9891
[2025-11-17 19:11:18][INFO][Rank 0] - val Balanced Acc: 0.8482 AUC-ROC: 0.9806
[2025-11-17 19:11:18][INFO][Rank 0] - val Sensitivity: 0.9860 Specificity: 0.7103
[2025-11-17 19:11:18][INFO][Rank 0] - val Confusion Matrix: TP=3957, FP=31, FN=56, TN=76
[2025-11-17 19:11:18][INFO][Rank 0] - val completed in 209.62s
[2025-11-17 19:11:18][INFO][Rank 0] - val cache: 0/1 items, hit rate: 0.00%
[2025-11-17 19:11:21][INFO][Rank 0] - Saved epoch checkpoint at /projects/retprogression/rgarridogarcia/checkpoints/cropped1024_cropped_centered_wt_allR_2/epoch_16.pth
[2025-11-17 19:11:21][INFO][Rank 0] - Epoch 16 summary:
[2025-11-17 19:11:21][INFO][Rank 0] -  Train Loss: 0.1431, Train Acc: 0.9781, Train F1: 0.9887
[2025-11-17 19:11:21][INFO][Rank 0] -  Train Balanced Acc: 0.8985, Train AUC: 0.9723
[2025-11-17 19:11:21][INFO][Rank 0] -  Train Sensitivity: 0.9822, Train Specificity: 0.8147
[2025-11-17 19:11:21][INFO][Rank 0] -  Val Loss: 0.1056, Val Acc: 0.9789, Val F1: 0.9891
[2025-11-17 19:11:21][INFO][Rank 0] -  Val Balanced Acc: 0.8482, Val AUC: 0.9806
[2025-11-17 19:11:21][INFO][Rank 0] -  Val Sensitivity: 0.9860, Val Specificity: 0.7103
[2025-11-17 19:11:21][INFO][Rank 0] -  Total Epoch Time: 1582.53s
[2025-11-17 19:11:21][INFO][Rank 0] - Epoch 17/24
[2025-11-17 19:11:21][INFO][Rank 0] - ----------
[2025-11-17 19:11:21][INFO][Rank 0] - CUDA Memory [train][Step 0]: Device 0: Allocated: 3309.6 MB, Reserved: 117540.0 MB (Δ: +1687.0 MB)
[2025-11-17 19:11:21][INFO][Rank 0] - train phase: total 1935 batches
[2025-11-17 19:11:22][INFO][Rank 0] - train Epoch 17/24: 0.0% (0/1935)
[2025-11-17 19:11:29][INFO][Rank 0] - train Epoch 17/24: 0.5% (10/1935)
[2025-11-17 19:11:36][INFO][Rank 0] - train Epoch 17/24: 1.0% (20/1935)
[2025-11-17 19:11:43][INFO][Rank 0] - train Epoch 17/24: 1.6% (30/1935)
[2025-11-17 19:11:50][INFO][Rank 0] - train Epoch 17/24: 2.1% (40/1935)
[2025-11-17 19:11:57][INFO][Rank 0] - train Epoch 17/24: 2.6% (50/1935)
[2025-11-17 19:12:04][INFO][Rank 0] - train Epoch 17/24: 3.1% (60/1935)
[2025-11-17 19:12:11][INFO][Rank 0] - train Epoch 17/24: 3.6% (70/1935)
[2025-11-17 19:12:18][INFO][Rank 0] - train Epoch 17/24: 4.1% (80/1935)
[2025-11-17 19:12:25][INFO][Rank 0] - train Epoch 17/24: 4.7% (90/1935)
[2025-11-17 19:12:26][INFO][Rank 0] - CUDA Memory [train][Step 90]: Device 0: Allocated: 3309.6 MB, Reserved: 117540.0 MB (Δ: +1687.0 MB)
[2025-11-17 19:12:32][INFO][Rank 0] - train Epoch 17/24: 5.2% (100/1935)
[2025-11-17 19:12:40][INFO][Rank 0] - train Epoch 17/24: 5.7% (110/1935)
[2025-11-17 19:12:47][INFO][Rank 0] - train Epoch 17/24: 6.2% (120/1935)
[2025-11-17 19:12:54][INFO][Rank 0] - train Epoch 17/24: 6.7% (130/1935)
[2025-11-17 19:13:01][INFO][Rank 0] - train Epoch 17/24: 7.2% (140/1935)
[2025-11-17 19:13:08][INFO][Rank 0] - train Epoch 17/24: 7.8% (150/1935)
[2025-11-17 19:13:15][INFO][Rank 0] - train Epoch 17/24: 8.3% (160/1935)
[2025-11-17 19:13:22][INFO][Rank 0] - train Epoch 17/24: 8.8% (170/1935)
[2025-11-17 19:13:29][INFO][Rank 0] - train Epoch 17/24: 9.3% (180/1935)
[2025-11-17 19:13:30][INFO][Rank 0] - CUDA Memory [train][Step 180]: Device 0: Allocated: 3309.6 MB, Reserved: 117540.0 MB (Δ: +1687.0 MB)
[2025-11-17 19:13:36][INFO][Rank 0] - train Epoch 17/24: 9.8% (190/1935)
[2025-11-17 19:13:43][INFO][Rank 0] - train Epoch 17/24: 10.3% (200/1935)
[2025-11-17 19:13:50][INFO][Rank 0] - train Epoch 17/24: 10.9% (210/1935)
[2025-11-17 19:13:57][INFO][Rank 0] - train Epoch 17/24: 11.4% (220/1935)
[2025-11-17 19:14:04][INFO][Rank 0] - train Epoch 17/24: 11.9% (230/1935)
[2025-11-17 19:14:12][INFO][Rank 0] - train Epoch 17/24: 12.4% (240/1935)
[2025-11-17 19:14:19][INFO][Rank 0] - train Epoch 17/24: 12.9% (250/1935)
[2025-11-17 19:14:26][INFO][Rank 0] - train Epoch 17/24: 13.4% (260/1935)
[2025-11-17 19:14:33][INFO][Rank 0] - train Epoch 17/24: 14.0% (270/1935)
[2025-11-17 19:14:34][INFO][Rank 0] - CUDA Memory [train][Step 270]: Device 0: Allocated: 3309.6 MB, Reserved: 117540.0 MB (Δ: +1687.0 MB)
[2025-11-17 19:14:40][INFO][Rank 0] - train Epoch 17/24: 14.5% (280/1935)
[2025-11-17 19:14:47][INFO][Rank 0] - train Epoch 17/24: 15.0% (290/1935)
[2025-11-17 19:14:54][INFO][Rank 0] - train Epoch 17/24: 15.5% (300/1935)
[2025-11-17 19:15:01][INFO][Rank 0] - train Epoch 17/24: 16.0% (310/1935)
[2025-11-17 19:15:08][INFO][Rank 0] - train Epoch 17/24: 16.5% (320/1935)
[2025-11-17 19:15:15][INFO][Rank 0] - train Epoch 17/24: 17.1% (330/1935)
[2025-11-17 19:15:22][INFO][Rank 0] - train Epoch 17/24: 17.6% (340/1935)
[2025-11-17 19:15:29][INFO][Rank 0] - train Epoch 17/24: 18.1% (350/1935)
[2025-11-17 19:15:37][INFO][Rank 0] - train Epoch 17/24: 18.6% (360/1935)
[2025-11-17 19:15:37][INFO][Rank 0] - CUDA Memory [train][Step 360]: Device 0: Allocated: 3309.6 MB, Reserved: 117540.0 MB (Δ: +1687.0 MB)
[2025-11-17 19:15:44][INFO][Rank 0] - train Epoch 17/24: 19.1% (370/1935)
[2025-11-17 19:15:51][INFO][Rank 0] - train Epoch 17/24: 19.6% (380/1935)
[2025-11-17 19:15:58][INFO][Rank 0] - train Epoch 17/24: 20.2% (390/1935)
[2025-11-17 19:16:05][INFO][Rank 0] - train Epoch 17/24: 20.7% (400/1935)
[2025-11-17 19:16:12][INFO][Rank 0] - train Epoch 17/24: 21.2% (410/1935)
[2025-11-17 19:16:19][INFO][Rank 0] - train Epoch 17/24: 21.7% (420/1935)
[2025-11-17 19:16:26][INFO][Rank 0] - train Epoch 17/24: 22.2% (430/1935)
[2025-11-17 19:16:33][INFO][Rank 0] - train Epoch 17/24: 22.7% (440/1935)
[2025-11-17 19:16:40][INFO][Rank 0] - train Epoch 17/24: 23.3% (450/1935)
[2025-11-17 19:16:41][INFO][Rank 0] - CUDA Memory [train][Step 450]: Device 0: Allocated: 3309.6 MB, Reserved: 117540.0 MB (Δ: +1687.0 MB)
[2025-11-17 19:16:47][INFO][Rank 0] - train Epoch 17/24: 23.8% (460/1935)
[2025-11-17 19:16:54][INFO][Rank 0] - train Epoch 17/24: 24.3% (470/1935)
[2025-11-17 19:17:01][INFO][Rank 0] - train Epoch 17/24: 24.8% (480/1935)
[2025-11-17 19:17:08][INFO][Rank 0] - train Epoch 17/24: 25.3% (490/1935)
[2025-11-17 19:17:16][INFO][Rank 0] - train Epoch 17/24: 25.8% (500/1935)
[2025-11-17 19:17:23][INFO][Rank 0] - train Epoch 17/24: 26.4% (510/1935)
[2025-11-17 19:17:30][INFO][Rank 0] - train Epoch 17/24: 26.9% (520/1935)
[2025-11-17 19:17:37][INFO][Rank 0] - train Epoch 17/24: 27.4% (530/1935)
[2025-11-17 19:17:44][INFO][Rank 0] - train Epoch 17/24: 27.9% (540/1935)
[2025-11-17 19:17:45][INFO][Rank 0] - CUDA Memory [train][Step 540]: Device 0: Allocated: 3309.6 MB, Reserved: 117540.0 MB (Δ: +1687.0 MB)
[2025-11-17 19:17:51][INFO][Rank 0] - train Epoch 17/24: 28.4% (550/1935)
[2025-11-17 19:17:58][INFO][Rank 0] - train Epoch 17/24: 28.9% (560/1935)
[2025-11-17 19:18:05][INFO][Rank 0] - train Epoch 17/24: 29.5% (570/1935)
[2025-11-17 19:18:12][INFO][Rank 0] - train Epoch 17/24: 30.0% (580/1935)
[2025-11-17 19:18:19][INFO][Rank 0] - train Epoch 17/24: 30.5% (590/1935)
[2025-11-17 19:18:26][INFO][Rank 0] - train Epoch 17/24: 31.0% (600/1935)
[2025-11-17 19:18:33][INFO][Rank 0] - train Epoch 17/24: 31.5% (610/1935)
[2025-11-17 19:18:40][INFO][Rank 0] - train Epoch 17/24: 32.0% (620/1935)
[2025-11-17 19:18:48][INFO][Rank 0] - train Epoch 17/24: 32.6% (630/1935)
[2025-11-17 19:18:48][INFO][Rank 0] - CUDA Memory [train][Step 630]: Device 0: Allocated: 3309.6 MB, Reserved: 117540.0 MB (Δ: +1687.0 MB)
[2025-11-17 19:18:55][INFO][Rank 0] - train Epoch 17/24: 33.1% (640/1935)
[2025-11-17 19:19:02][INFO][Rank 0] - train Epoch 17/24: 33.6% (650/1935)
[2025-11-17 19:19:09][INFO][Rank 0] - train Epoch 17/24: 34.1% (660/1935)
[2025-11-17 19:19:16][INFO][Rank 0] - train Epoch 17/24: 34.6% (670/1935)
[2025-11-17 19:19:23][INFO][Rank 0] - train Epoch 17/24: 35.1% (680/1935)
[2025-11-17 19:19:30][INFO][Rank 0] - train Epoch 17/24: 35.7% (690/1935)
[2025-11-17 19:19:37][INFO][Rank 0] - train Epoch 17/24: 36.2% (700/1935)
[2025-11-17 19:19:44][INFO][Rank 0] - train Epoch 17/24: 36.7% (710/1935)
[2025-11-17 19:19:51][INFO][Rank 0] - train Epoch 17/24: 37.2% (720/1935)
[2025-11-17 19:19:52][INFO][Rank 0] - CUDA Memory [train][Step 720]: Device 0: Allocated: 3309.6 MB, Reserved: 117540.0 MB (Δ: +1687.0 MB)
[2025-11-17 19:19:58][INFO][Rank 0] - train Epoch 17/24: 37.7% (730/1935)
[2025-11-17 19:20:05][INFO][Rank 0] - train Epoch 17/24: 38.2% (740/1935)
[2025-11-17 19:20:12][INFO][Rank 0] - train Epoch 17/24: 38.8% (750/1935)
[2025-11-17 19:20:19][INFO][Rank 0] - train Epoch 17/24: 39.3% (760/1935)
[2025-11-17 19:20:27][INFO][Rank 0] - train Epoch 17/24: 39.8% (770/1935)
[2025-11-17 19:20:34][INFO][Rank 0] - train Epoch 17/24: 40.3% (780/1935)
[2025-11-17 19:20:41][INFO][Rank 0] - train Epoch 17/24: 40.8% (790/1935)
[2025-11-17 19:20:48][INFO][Rank 0] - train Epoch 17/24: 41.3% (800/1935)
[2025-11-17 19:20:55][INFO][Rank 0] - train Epoch 17/24: 41.9% (810/1935)
[2025-11-17 19:20:56][INFO][Rank 0] - CUDA Memory [train][Step 810]: Device 0: Allocated: 3309.6 MB, Reserved: 117540.0 MB (Δ: +1687.0 MB)
[2025-11-17 19:21:02][INFO][Rank 0] - train Epoch 17/24: 42.4% (820/1935)
[2025-11-17 19:21:09][INFO][Rank 0] - train Epoch 17/24: 42.9% (830/1935)
[2025-11-17 19:21:16][INFO][Rank 0] - train Epoch 17/24: 43.4% (840/1935)
[2025-11-17 19:21:23][INFO][Rank 0] - train Epoch 17/24: 43.9% (850/1935)
[2025-11-17 19:21:30][INFO][Rank 0] - train Epoch 17/24: 44.4% (860/1935)
[2025-11-17 19:21:37][INFO][Rank 0] - train Epoch 17/24: 45.0% (870/1935)
[2025-11-17 19:21:44][INFO][Rank 0] - train Epoch 17/24: 45.5% (880/1935)
[2025-11-17 19:21:51][INFO][Rank 0] - train Epoch 17/24: 46.0% (890/1935)
[2025-11-17 19:21:58][INFO][Rank 0] - train Epoch 17/24: 46.5% (900/1935)
[2025-11-17 19:21:59][INFO][Rank 0] - CUDA Memory [train][Step 900]: Device 0: Allocated: 3309.6 MB, Reserved: 117540.0 MB (Δ: +1687.0 MB)
[2025-11-17 19:22:06][INFO][Rank 0] - train Epoch 17/24: 47.0% (910/1935)
[2025-11-17 19:22:13][INFO][Rank 0] - train Epoch 17/24: 47.5% (920/1935)
[2025-11-17 19:22:20][INFO][Rank 0] - train Epoch 17/24: 48.1% (930/1935)
[2025-11-17 19:22:27][INFO][Rank 0] - train Epoch 17/24: 48.6% (940/1935)
[2025-11-17 19:22:34][INFO][Rank 0] - train Epoch 17/24: 49.1% (950/1935)
[2025-11-17 19:22:41][INFO][Rank 0] - train Epoch 17/24: 49.6% (960/1935)
[2025-11-17 19:22:48][INFO][Rank 0] - train Epoch 17/24: 50.1% (970/1935)
[2025-11-17 19:22:55][INFO][Rank 0] - train Epoch 17/24: 50.6% (980/1935)
[2025-11-17 19:23:02][INFO][Rank 0] - train Epoch 17/24: 51.2% (990/1935)
[2025-11-17 19:23:03][INFO][Rank 0] - CUDA Memory [train][Step 990]: Device 0: Allocated: 3309.6 MB, Reserved: 117540.0 MB (Δ: +1687.0 MB)
[2025-11-17 19:23:09][INFO][Rank 0] - train Epoch 17/24: 51.7% (1000/1935)
[2025-11-17 19:23:16][INFO][Rank 0] - train Epoch 17/24: 52.2% (1010/1935)
[2025-11-17 19:23:23][INFO][Rank 0] - train Epoch 17/24: 52.7% (1020/1935)
[2025-11-17 19:23:30][INFO][Rank 0] - train Epoch 17/24: 53.2% (1030/1935)
[2025-11-17 19:23:37][INFO][Rank 0] - train Epoch 17/24: 53.7% (1040/1935)
[2025-11-17 19:23:45][INFO][Rank 0] - train Epoch 17/24: 54.3% (1050/1935)
[2025-11-17 19:23:52][INFO][Rank 0] - train Epoch 17/24: 54.8% (1060/1935)
[2025-11-17 19:23:59][INFO][Rank 0] - train Epoch 17/24: 55.3% (1070/1935)
[2025-11-17 19:24:06][INFO][Rank 0] - train Epoch 17/24: 55.8% (1080/1935)
[2025-11-17 19:24:06][INFO][Rank 0] - CUDA Memory [train][Step 1080]: Device 0: Allocated: 3309.6 MB, Reserved: 117540.0 MB (Δ: +1687.0 MB)
[2025-11-17 19:24:13][INFO][Rank 0] - train Epoch 17/24: 56.3% (1090/1935)
[2025-11-17 19:24:20][INFO][Rank 0] - train Epoch 17/24: 56.8% (1100/1935)
[2025-11-17 19:24:27][INFO][Rank 0] - train Epoch 17/24: 57.4% (1110/1935)
[2025-11-17 19:24:34][INFO][Rank 0] - train Epoch 17/24: 57.9% (1120/1935)
[2025-11-17 19:24:41][INFO][Rank 0] - train Epoch 17/24: 58.4% (1130/1935)
[2025-11-17 19:24:48][INFO][Rank 0] - train Epoch 17/24: 58.9% (1140/1935)
[2025-11-17 19:24:55][INFO][Rank 0] - train Epoch 17/24: 59.4% (1150/1935)
[2025-11-17 19:25:02][INFO][Rank 0] - train Epoch 17/24: 59.9% (1160/1935)
[2025-11-17 19:25:09][INFO][Rank 0] - train Epoch 17/24: 60.5% (1170/1935)
[2025-11-17 19:25:10][INFO][Rank 0] - CUDA Memory [train][Step 1170]: Device 0: Allocated: 3309.6 MB, Reserved: 117540.0 MB (Δ: +1687.0 MB)
[2025-11-17 19:25:16][INFO][Rank 0] - train Epoch 17/24: 61.0% (1180/1935)
[2025-11-17 19:25:24][INFO][Rank 0] - train Epoch 17/24: 61.5% (1190/1935)
[2025-11-17 19:25:31][INFO][Rank 0] - train Epoch 17/24: 62.0% (1200/1935)
[2025-11-17 19:25:38][INFO][Rank 0] - train Epoch 17/24: 62.5% (1210/1935)
[2025-11-17 19:25:45][INFO][Rank 0] - train Epoch 17/24: 63.0% (1220/1935)
[2025-11-17 19:25:52][INFO][Rank 0] - train Epoch 17/24: 63.6% (1230/1935)
[2025-11-17 19:25:59][INFO][Rank 0] - train Epoch 17/24: 64.1% (1240/1935)
[2025-11-17 19:26:06][INFO][Rank 0] - train Epoch 17/24: 64.6% (1250/1935)
[2025-11-17 19:26:13][INFO][Rank 0] - train Epoch 17/24: 65.1% (1260/1935)
[2025-11-17 19:26:14][INFO][Rank 0] - CUDA Memory [train][Step 1260]: Device 0: Allocated: 3309.6 MB, Reserved: 117540.0 MB (Δ: +1687.0 MB)
[2025-11-17 19:26:20][INFO][Rank 0] - train Epoch 17/24: 65.6% (1270/1935)
[2025-11-17 19:26:27][INFO][Rank 0] - train Epoch 17/24: 66.1% (1280/1935)
[2025-11-17 19:26:34][INFO][Rank 0] - train Epoch 17/24: 66.7% (1290/1935)
[2025-11-17 19:26:41][INFO][Rank 0] - train Epoch 17/24: 67.2% (1300/1935)
[2025-11-17 19:26:48][INFO][Rank 0] - train Epoch 17/24: 67.7% (1310/1935)
[2025-11-17 19:26:56][INFO][Rank 0] - train Epoch 17/24: 68.2% (1320/1935)
[2025-11-17 19:27:03][INFO][Rank 0] - train Epoch 17/24: 68.7% (1330/1935)
[2025-11-17 19:27:10][INFO][Rank 0] - train Epoch 17/24: 69.3% (1340/1935)
[2025-11-17 19:27:17][INFO][Rank 0] - train Epoch 17/24: 69.8% (1350/1935)
[2025-11-17 19:27:17][INFO][Rank 0] - CUDA Memory [train][Step 1350]: Device 0: Allocated: 3309.6 MB, Reserved: 117540.0 MB (Δ: +1687.0 MB)
[2025-11-17 19:27:24][INFO][Rank 0] - train Epoch 17/24: 70.3% (1360/1935)
[2025-11-17 19:27:31][INFO][Rank 0] - train Epoch 17/24: 70.8% (1370/1935)
[2025-11-17 19:27:38][INFO][Rank 0] - train Epoch 17/24: 71.3% (1380/1935)
[2025-11-17 19:27:45][INFO][Rank 0] - train Epoch 17/24: 71.8% (1390/1935)
[2025-11-17 19:27:52][INFO][Rank 0] - train Epoch 17/24: 72.4% (1400/1935)
[2025-11-17 19:27:59][INFO][Rank 0] - train Epoch 17/24: 72.9% (1410/1935)
[2025-11-17 19:28:06][INFO][Rank 0] - train Epoch 17/24: 73.4% (1420/1935)
[2025-11-17 19:28:13][INFO][Rank 0] - train Epoch 17/24: 73.9% (1430/1935)
[2025-11-17 19:28:20][INFO][Rank 0] - train Epoch 17/24: 74.4% (1440/1935)
[2025-11-17 19:28:21][INFO][Rank 0] - CUDA Memory [train][Step 1440]: Device 0: Allocated: 3309.6 MB, Reserved: 117540.0 MB (Δ: +1687.0 MB)
[2025-11-17 19:28:27][INFO][Rank 0] - train Epoch 17/24: 74.9% (1450/1935)
[2025-11-17 19:28:35][INFO][Rank 0] - train Epoch 17/24: 75.5% (1460/1935)
[2025-11-17 19:28:42][INFO][Rank 0] - train Epoch 17/24: 76.0% (1470/1935)
[2025-11-17 19:28:49][INFO][Rank 0] - train Epoch 17/24: 76.5% (1480/1935)
[2025-11-17 19:28:56][INFO][Rank 0] - train Epoch 17/24: 77.0% (1490/1935)
[2025-11-17 19:29:03][INFO][Rank 0] - train Epoch 17/24: 77.5% (1500/1935)
[2025-11-17 19:29:10][INFO][Rank 0] - train Epoch 17/24: 78.0% (1510/1935)
[2025-11-17 19:29:17][INFO][Rank 0] - train Epoch 17/24: 78.6% (1520/1935)
[2025-11-17 19:29:24][INFO][Rank 0] - train Epoch 17/24: 79.1% (1530/1935)
[2025-11-17 19:29:25][INFO][Rank 0] - CUDA Memory [train][Step 1530]: Device 0: Allocated: 3309.6 MB, Reserved: 117540.0 MB (Δ: +1687.0 MB)
[2025-11-17 19:29:31][INFO][Rank 0] - train Epoch 17/24: 79.6% (1540/1935)
[2025-11-17 19:29:38][INFO][Rank 0] - train Epoch 17/24: 80.1% (1550/1935)
[2025-11-17 19:29:45][INFO][Rank 0] - train Epoch 17/24: 80.6% (1560/1935)
[2025-11-17 19:29:52][INFO][Rank 0] - train Epoch 17/24: 81.1% (1570/1935)
[2025-11-17 19:29:59][INFO][Rank 0] - train Epoch 17/24: 81.7% (1580/1935)
[2025-11-17 19:30:06][INFO][Rank 0] - train Epoch 17/24: 82.2% (1590/1935)
[2025-11-17 19:30:14][INFO][Rank 0] - train Epoch 17/24: 82.7% (1600/1935)
[2025-11-17 19:30:21][INFO][Rank 0] - train Epoch 17/24: 83.2% (1610/1935)
[2025-11-17 19:30:28][INFO][Rank 0] - train Epoch 17/24: 83.7% (1620/1935)
[2025-11-17 19:30:28][INFO][Rank 0] - CUDA Memory [train][Step 1620]: Device 0: Allocated: 3309.6 MB, Reserved: 117540.0 MB (Δ: +1687.0 MB)
[2025-11-17 19:30:35][INFO][Rank 0] - train Epoch 17/24: 84.2% (1630/1935)
[2025-11-17 19:30:42][INFO][Rank 0] - train Epoch 17/24: 84.8% (1640/1935)
[2025-11-17 19:30:49][INFO][Rank 0] - train Epoch 17/24: 85.3% (1650/1935)
[2025-11-17 19:30:56][INFO][Rank 0] - train Epoch 17/24: 85.8% (1660/1935)
[2025-11-17 19:31:03][INFO][Rank 0] - train Epoch 17/24: 86.3% (1670/1935)
[2025-11-17 19:31:10][INFO][Rank 0] - train Epoch 17/24: 86.8% (1680/1935)
[2025-11-17 19:31:17][INFO][Rank 0] - train Epoch 17/24: 87.3% (1690/1935)
[2025-11-17 19:31:24][INFO][Rank 0] - train Epoch 17/24: 87.9% (1700/1935)
[2025-11-17 19:31:31][INFO][Rank 0] - train Epoch 17/24: 88.4% (1710/1935)
[2025-11-17 19:31:32][INFO][Rank 0] - CUDA Memory [train][Step 1710]: Device 0: Allocated: 3309.6 MB, Reserved: 117540.0 MB (Δ: +1687.0 MB)
[2025-11-17 19:31:38][INFO][Rank 0] - train Epoch 17/24: 88.9% (1720/1935)
[2025-11-17 19:31:46][INFO][Rank 0] - train Epoch 17/24: 89.4% (1730/1935)
[2025-11-17 19:31:53][INFO][Rank 0] - train Epoch 17/24: 89.9% (1740/1935)
[2025-11-17 19:32:00][INFO][Rank 0] - train Epoch 17/24: 90.4% (1750/1935)
[2025-11-17 19:32:07][INFO][Rank 0] - train Epoch 17/24: 91.0% (1760/1935)
[2025-11-17 19:32:14][INFO][Rank 0] - train Epoch 17/24: 91.5% (1770/1935)
[2025-11-17 19:32:21][INFO][Rank 0] - train Epoch 17/24: 92.0% (1780/1935)
[2025-11-17 19:32:28][INFO][Rank 0] - train Epoch 17/24: 92.5% (1790/1935)
[2025-11-17 19:32:35][INFO][Rank 0] - train Epoch 17/24: 93.0% (1800/1935)
[2025-11-17 19:32:36][INFO][Rank 0] - CUDA Memory [train][Step 1800]: Device 0: Allocated: 3309.6 MB, Reserved: 117540.0 MB (Δ: +1687.0 MB)
[2025-11-17 19:32:42][INFO][Rank 0] - train Epoch 17/24: 93.5% (1810/1935)
[2025-11-17 19:32:49][INFO][Rank 0] - train Epoch 17/24: 94.1% (1820/1935)
[2025-11-17 19:32:56][INFO][Rank 0] - train Epoch 17/24: 94.6% (1830/1935)
[2025-11-17 19:33:03][INFO][Rank 0] - train Epoch 17/24: 95.1% (1840/1935)
[2025-11-17 19:33:10][INFO][Rank 0] - train Epoch 17/24: 95.6% (1850/1935)
[2025-11-17 19:33:17][INFO][Rank 0] - train Epoch 17/24: 96.1% (1860/1935)
[2025-11-17 19:33:25][INFO][Rank 0] - train Epoch 17/24: 96.6% (1870/1935)
[2025-11-17 19:33:32][INFO][Rank 0] - train Epoch 17/24: 97.2% (1880/1935)
[2025-11-17 19:33:39][INFO][Rank 0] - train Epoch 17/24: 97.7% (1890/1935)
[2025-11-17 19:33:39][INFO][Rank 0] - CUDA Memory [train][Step 1890]: Device 0: Allocated: 3309.6 MB, Reserved: 117540.0 MB (Δ: +1687.0 MB)
[2025-11-17 19:33:46][INFO][Rank 0] - train Epoch 17/24: 98.2% (1900/1935)
[2025-11-17 19:33:53][INFO][Rank 0] - train Epoch 17/24: 98.7% (1910/1935)
[2025-11-17 19:34:00][INFO][Rank 0] - train Epoch 17/24: 99.2% (1920/1935)
[2025-11-17 19:34:07][INFO][Rank 0] - train Epoch 17/24: 99.7% (1930/1935)
[2025-11-17 19:34:10][INFO][Rank 0] - train Epoch 17/24: 99.9% (1934/1935)
[2025-11-17 19:34:11][INFO][Rank 0] - train Loss: 0.1451 Acc: 0.9781 F1: 0.9887
[2025-11-17 19:34:11][INFO][Rank 0] - train Balanced Acc: 0.8995 AUC-ROC: 0.9715
[2025-11-17 19:34:11][INFO][Rank 0] - train Sensitivity: 0.9821 Specificity: 0.8168
[2025-11-17 19:34:11][INFO][Rank 0] - train Confusion Matrix: TP=18538, FP=87, FN=337, TN=388
[2025-11-17 19:34:11][INFO][Rank 0] - train completed in 1369.40s
[2025-11-17 19:34:11][INFO][Rank 0] - Data loading time: 0.98s, Forward time: 278.54s, Backward time: 742.19s
[2025-11-17 19:34:11][INFO][Rank 0] - train cache: 0/1 items, hit rate: 0.00%
[2025-11-17 19:34:11][INFO][Rank 0] - CUDA Memory [val][Step 0]: Device 0: Allocated: 3309.6 MB, Reserved: 117540.0 MB (Δ: +1687.0 MB)
[2025-11-17 19:34:11][INFO][Rank 0] - val phase: total 412 batches
[2025-11-17 19:34:11][INFO][Rank 0] - val Epoch 17/24: 0.0% (0/412)
[2025-11-17 19:34:16][INFO][Rank 0] - val Epoch 17/24: 2.4% (10/412)
[2025-11-17 19:34:21][INFO][Rank 0] - val Epoch 17/24: 4.9% (20/412)
[2025-11-17 19:34:26][INFO][Rank 0] - val Epoch 17/24: 7.3% (30/412)
[2025-11-17 19:34:31][INFO][Rank 0] - val Epoch 17/24: 9.7% (40/412)
[2025-11-17 19:34:36][INFO][Rank 0] - val Epoch 17/24: 12.1% (50/412)
[2025-11-17 19:34:41][INFO][Rank 0] - val Epoch 17/24: 14.6% (60/412)
[2025-11-17 19:34:46][INFO][Rank 0] - val Epoch 17/24: 17.0% (70/412)
[2025-11-17 19:34:52][INFO][Rank 0] - val Epoch 17/24: 19.4% (80/412)
[2025-11-17 19:34:57][INFO][Rank 0] - val Epoch 17/24: 21.8% (90/412)
[2025-11-17 19:35:02][INFO][Rank 0] - val Epoch 17/24: 24.3% (100/412)
[2025-11-17 19:35:07][INFO][Rank 0] - val Epoch 17/24: 26.7% (110/412)
[2025-11-17 19:35:12][INFO][Rank 0] - val Epoch 17/24: 29.1% (120/412)
[2025-11-17 19:35:12][INFO][Rank 0] - CUDA Memory [val][Step 120]: Device 0: Allocated: 3309.6 MB, Reserved: 117540.0 MB (Δ: +1687.0 MB)
[2025-11-17 19:35:17][INFO][Rank 0] - val Epoch 17/24: 31.6% (130/412)
[2025-11-17 19:35:22][INFO][Rank 0] - val Epoch 17/24: 34.0% (140/412)
[2025-11-17 19:35:27][INFO][Rank 0] - val Epoch 17/24: 36.4% (150/412)
[2025-11-17 19:35:32][INFO][Rank 0] - val Epoch 17/24: 38.8% (160/412)
[2025-11-17 19:35:37][INFO][Rank 0] - val Epoch 17/24: 41.3% (170/412)
[2025-11-17 19:35:43][INFO][Rank 0] - val Epoch 17/24: 43.7% (180/412)
[2025-11-17 19:35:48][INFO][Rank 0] - val Epoch 17/24: 46.1% (190/412)
[2025-11-17 19:35:53][INFO][Rank 0] - val Epoch 17/24: 48.5% (200/412)
[2025-11-17 19:35:58][INFO][Rank 0] - val Epoch 17/24: 51.0% (210/412)
[2025-11-17 19:36:03][INFO][Rank 0] - val Epoch 17/24: 53.4% (220/412)
[2025-11-17 19:36:08][INFO][Rank 0] - val Epoch 17/24: 55.8% (230/412)
[2025-11-17 19:36:13][INFO][Rank 0] - val Epoch 17/24: 58.3% (240/412)
[2025-11-17 19:36:14][INFO][Rank 0] - CUDA Memory [val][Step 240]: Device 0: Allocated: 3309.6 MB, Reserved: 117540.0 MB (Δ: +1687.0 MB)
[2025-11-17 19:36:18][INFO][Rank 0] - val Epoch 17/24: 60.7% (250/412)
[2025-11-17 19:36:23][INFO][Rank 0] - val Epoch 17/24: 63.1% (260/412)
[2025-11-17 19:36:28][INFO][Rank 0] - val Epoch 17/24: 65.5% (270/412)
[2025-11-17 19:36:33][INFO][Rank 0] - val Epoch 17/24: 68.0% (280/412)
[2025-11-17 19:36:39][INFO][Rank 0] - val Epoch 17/24: 70.4% (290/412)
[2025-11-17 19:36:44][INFO][Rank 0] - val Epoch 17/24: 72.8% (300/412)
[2025-11-17 19:36:49][INFO][Rank 0] - val Epoch 17/24: 75.2% (310/412)
[2025-11-17 19:36:54][INFO][Rank 0] - val Epoch 17/24: 77.7% (320/412)
[2025-11-17 19:36:59][INFO][Rank 0] - val Epoch 17/24: 80.1% (330/412)
[2025-11-17 19:37:04][INFO][Rank 0] - val Epoch 17/24: 82.5% (340/412)
[2025-11-17 19:37:09][INFO][Rank 0] - val Epoch 17/24: 85.0% (350/412)
[2025-11-17 19:37:14][INFO][Rank 0] - val Epoch 17/24: 87.4% (360/412)
[2025-11-17 19:37:15][INFO][Rank 0] - CUDA Memory [val][Step 360]: Device 0: Allocated: 3309.6 MB, Reserved: 117540.0 MB (Δ: +1687.0 MB)
[2025-11-17 19:37:19][INFO][Rank 0] - val Epoch 17/24: 89.8% (370/412)
[2025-11-17 19:37:25][INFO][Rank 0] - val Epoch 17/24: 92.2% (380/412)
[2025-11-17 19:37:30][INFO][Rank 0] - val Epoch 17/24: 94.7% (390/412)
[2025-11-17 19:37:35][INFO][Rank 0] - val Epoch 17/24: 97.1% (400/412)
[2025-11-17 19:37:40][INFO][Rank 0] - val Epoch 17/24: 99.5% (410/412)
[2025-11-17 19:37:40][INFO][Rank 0] - val Epoch 17/24: 99.8% (411/412)
[2025-11-17 19:37:41][INFO][Rank 0] - val Loss: 0.1026 Acc: 0.9752 F1: 0.9872
[2025-11-17 19:37:41][INFO][Rank 0] - val Balanced Acc: 0.8827 AUC-ROC: 0.9801
[2025-11-17 19:37:41][INFO][Rank 0] - val Sensitivity: 0.9803 Specificity: 0.7850
[2025-11-17 19:37:41][INFO][Rank 0] - val Confusion Matrix: TP=3934, FP=23, FN=79, TN=84
[2025-11-17 19:37:41][INFO][Rank 0] - val completed in 210.30s
[2025-11-17 19:37:41][INFO][Rank 0] - val cache: 0/1 items, hit rate: 0.00%
[2025-11-17 19:37:45][INFO][Rank 0] - Saved new best balanced_acc model with balanced_acc: 0.8827 at /projects/retprogression/rgarridogarcia/checkpoints/cropped1024_cropped_centered_wt_allR_2/best_balanced_acc_model.pth
[2025-11-17 19:37:50][INFO][Rank 0] - Also saved as general best model at /projects/retprogression/rgarridogarcia/checkpoints/cropped1024_cropped_centered_wt_allR_2/best_model.pth
[2025-11-17 19:37:54][INFO][Rank 0] - Saved epoch checkpoint at /projects/retprogression/rgarridogarcia/checkpoints/cropped1024_cropped_centered_wt_allR_2/epoch_17.pth
[2025-11-17 19:37:54][INFO][Rank 0] - Epoch 17 summary:
[2025-11-17 19:37:54][INFO][Rank 0] -  Train Loss: 0.1451, Train Acc: 0.9781, Train F1: 0.9887
[2025-11-17 19:37:54][INFO][Rank 0] -  Train Balanced Acc: 0.8995, Train AUC: 0.9715
[2025-11-17 19:37:54][INFO][Rank 0] -  Train Sensitivity: 0.9821, Train Specificity: 0.8168
[2025-11-17 19:37:54][INFO][Rank 0] -  Val Loss: 0.1026, Val Acc: 0.9752, Val F1: 0.9872
[2025-11-17 19:37:54][INFO][Rank 0] -  Val Balanced Acc: 0.8827, Val AUC: 0.9801
[2025-11-17 19:37:54][INFO][Rank 0] -  Val Sensitivity: 0.9803, Val Specificity: 0.7850
[2025-11-17 19:37:54][INFO][Rank 0] -  Total Epoch Time: 1592.51s
[2025-11-17 19:37:54][INFO][Rank 0] - Epoch 18/24
[2025-11-17 19:37:54][INFO][Rank 0] - ----------
[2025-11-17 19:37:54][INFO][Rank 0] - CUDA Memory [train][Step 0]: Device 0: Allocated: 3309.6 MB, Reserved: 117540.0 MB (Δ: +1687.0 MB)
[2025-11-17 19:37:54][INFO][Rank 0] - train phase: total 1935 batches
[2025-11-17 19:37:54][INFO][Rank 0] - train Epoch 18/24: 0.0% (0/1935)
[2025-11-17 19:38:01][INFO][Rank 0] - train Epoch 18/24: 0.5% (10/1935)
[2025-11-17 19:38:08][INFO][Rank 0] - train Epoch 18/24: 1.0% (20/1935)
[2025-11-17 19:38:15][INFO][Rank 0] - train Epoch 18/24: 1.6% (30/1935)
[2025-11-17 19:38:22][INFO][Rank 0] - train Epoch 18/24: 2.1% (40/1935)
[2025-11-17 19:38:29][INFO][Rank 0] - train Epoch 18/24: 2.6% (50/1935)
[2025-11-17 19:38:37][INFO][Rank 0] - train Epoch 18/24: 3.1% (60/1935)
[2025-11-17 19:38:44][INFO][Rank 0] - train Epoch 18/24: 3.6% (70/1935)
[2025-11-17 19:38:51][INFO][Rank 0] - train Epoch 18/24: 4.1% (80/1935)
[2025-11-17 19:38:58][INFO][Rank 0] - train Epoch 18/24: 4.7% (90/1935)
[2025-11-17 19:38:59][INFO][Rank 0] - CUDA Memory [train][Step 90]: Device 0: Allocated: 3309.6 MB, Reserved: 117540.0 MB (Δ: +1687.0 MB)
[2025-11-17 19:39:05][INFO][Rank 0] - train Epoch 18/24: 5.2% (100/1935)
[2025-11-17 19:39:12][INFO][Rank 0] - train Epoch 18/24: 5.7% (110/1935)
[2025-11-17 19:39:19][INFO][Rank 0] - train Epoch 18/24: 6.2% (120/1935)
[2025-11-17 19:39:26][INFO][Rank 0] - train Epoch 18/24: 6.7% (130/1935)
slurmstepd: error: *** JOB 2806871 ON d4052 CANCELLED AT 2025-11-17T19:39:30 DUE TO TIME LIMIT ***
