Python location: /projects/retprogression/pytorch_cu121_env/bin/python
CUDA available: True
GPU count: 1
Run ID: 1
Using port: 56333
Running experiment: experiment_res_1024
Using image resolution: 1024x1024
[2025-11-18 11:29:45,011][root][INFO] - Checkpoint directory prepared at /projects/retprogression/rgarridogarcia/checkpoints/cropped1024_cropped_centered_allR_1
[2025-11-18 11:29:45][INFO] - Starting training with configuration summary:
[2025-11-18 11:29:45][INFO] -  exp:
[2025-11-18 11:29:45][INFO] -  _metadata: ContainerMetadata(ref_type=typing.Any, object_type=<class 'dict'>, optional=True, key='exp', flags={}, flags_root=False, resolver_cache=defaultdict(<class 'dict'>, {}), key_type=typing.Any, element_type=typing.Any)
[2025-11-18 11:29:45][INFO] -  _parent: {'run_id': 1, 'caching': {'enabled': True, 'prefetch_factor': 2, 'train_cache_size': 1000, 'val_cache_size': 1000}, 'criterion': {'alpha': 0.25, 'weight_method': 'inverse_frequency', 'gamma': 2.0, 'type': 'cross_entropy', 'use_class_weights': True}, 'data': {'annotations_file_name': '/projects/retprogression/gradable_dr/clean_gradable_dr_1_', 'augmentation': {'enabled': False, 'type': 'none'}, 'batch_size': 10, 'class_labels': 'gradable_binary_DR', 'data_dir': '/projects/retprogression/', 'img_dir': 'complete_cropped_1024_centered_10272025_allRight', 'num_workers': 7, 'resolution': 1024, 'shuffle': True, 'weighted_sampler': {'enabled': False, 'generator_seed': 42, 'target_minority_ratio': 0.2}}, 'distributed': {'backend': 'nccl', 'world_size': 1}, 'early_stopping': {'enabled': False, 'metric': 'f1_score', 'min_delta': 0.001, 'mode': 'max', 'patience': 8}, 'exp': {'checkpoint_dir': '/projects/retprogression/rgarridogarcia/checkpoints/cropped1024_cropped_centered_allR_1', 'checkpoint_freq': 1, 'checkpoint_name': '', 'experiment_name': 'swinv2_res1024', 'master_port': 56333, 'num_epochs': 25}, 'experiment_res_1024': {'data': {'augmentation': {'enabled': False, 'type': 'none'}, 'batch_size': 10, 'resolution': 1024, 'img_dir': 'complete_cropped_1024_centered_10272025_allRight'}, 'exp': {'checkpoint_dir': '/projects/retprogression/rgarridogarcia/checkpoints/cropped1024_cropped_centered_allR_1', 'checkpoint_name': '', 'experiment_name': 'swinv2_res1024', 'num_epochs': 25}, 'lr_scheduler': {'type': 'cosine', 'warmup': {'enabled': True, 'min_lr': 1e-07, 'warmup_proportion': 0.15}}, 'model': {'img_size': 1024, 'name': 'swinv2_large_window12to16_192to256.ms_in22k_ft_in1k', 'pretrained': True, 'num_classes': 2}, 'optimization': {'amp_enabled': True, 'gradient_accumulation_steps': 16, 'gradient_clipping': 0.5}, 'optimizer': {'optimizer': None, 'name': 'adam', 'lr': 5e-06, 'weight_decay': 0.001, 'momentum': 0.9}}, 'experiment_res_1024_oversample_50': {'criterion': {'class_weights': [1.0, 1.0], 'type': 'cross_entropy', 'use_class_weights': True}, 'data': {'augmentation': {'strength': 'strong'}, 'batch_size': 4, 'resolution': 1024, 'weighted_sampler': {'enabled': True, 'generator_seed': 42, 'target_minority_ratio': 0.5}}, 'exp': {'checkpoint_dir': '/projects/retprogression/rgarridogarcia/checkpoints/relabled_clean_gradable_swinv2_resolution1024_oversample50_1', 'checkpoint_name': 'epoch_23.pth', 'experiment_name': 'swinv2_res1024', 'master_port': 23450, 'num_epochs': 25}, 'lr_scheduler': {'type': 'cosine', 'warmup': {'enabled': True, 'min_lr': 1e-07, 'warmup_proportion': 0.15}}, 'model': {'img_size': 1024, 'name': 'swinv2_large_window12to16_192to256.ms_in22k_ft_in1k'}, 'optimization': {'amp_enabled': True, 'gradient_accumulation_steps': 16, 'gradient_clipping': 0.5}, 'optimizer': {'lr': 5e-06}}, 'lr_scheduler': {'type': 'cosine', 'warmup': {'enabled': True, 'min_lr': 1e-07, 'warmup_proportion': 0.15}}, 'model': {'img_size': 1024, 'name': 'swinv2_large_window12to16_192to256.ms_in22k_ft_in1k', 'pretrained': True, 'num_classes': 2}, 'optimization': {'amp_enabled': True, 'gradient_accumulation_steps': 16, 'gradient_clipping': 0.5}, 'optimizer': {'optimizer': None, 'name': 'adam', 'lr': 5e-06, 'weight_decay': 0.001, 'momentum': 0.9}}
[2025-11-18 11:29:45][INFO] -  _flags_cache: {'struct': None, 'readonly': None, 'convert': None, 'allow_objects': None}
[2025-11-18 11:29:45][INFO] -  _content: {'checkpoint_dir': '/projects/retprogression/rgarridogarcia/checkpoints/cropped1024_cropped_centered_allR_1', 'checkpoint_freq': 1, 'checkpoint_name': '', 'experiment_name': 'swinv2_res1024', 'master_port': 56333, 'num_epochs': 25}
[2025-11-18 11:29:45][INFO] -  data:
[2025-11-18 11:29:45][INFO] -  _metadata: ContainerMetadata(ref_type=typing.Any, object_type=<class 'dict'>, optional=True, key='data', flags={}, flags_root=False, resolver_cache=defaultdict(<class 'dict'>, {}), key_type=typing.Any, element_type=typing.Any)
[2025-11-18 11:29:45][INFO] -  _parent: {'run_id': 1, 'caching': {'enabled': True, 'prefetch_factor': 2, 'train_cache_size': 1000, 'val_cache_size': 1000}, 'criterion': {'alpha': 0.25, 'weight_method': 'inverse_frequency', 'gamma': 2.0, 'type': 'cross_entropy', 'use_class_weights': True}, 'data': {'annotations_file_name': '/projects/retprogression/gradable_dr/clean_gradable_dr_1_', 'augmentation': {'enabled': False, 'type': 'none'}, 'batch_size': 10, 'class_labels': 'gradable_binary_DR', 'data_dir': '/projects/retprogression/', 'img_dir': 'complete_cropped_1024_centered_10272025_allRight', 'num_workers': 7, 'resolution': 1024, 'shuffle': True, 'weighted_sampler': {'enabled': False, 'generator_seed': 42, 'target_minority_ratio': 0.2}}, 'distributed': {'backend': 'nccl', 'world_size': 1}, 'early_stopping': {'enabled': False, 'metric': 'f1_score', 'min_delta': 0.001, 'mode': 'max', 'patience': 8}, 'exp': {'checkpoint_dir': '/projects/retprogression/rgarridogarcia/checkpoints/cropped1024_cropped_centered_allR_1', 'checkpoint_freq': 1, 'checkpoint_name': '', 'experiment_name': 'swinv2_res1024', 'master_port': 56333, 'num_epochs': 25}, 'experiment_res_1024': {'data': {'augmentation': {'enabled': False, 'type': 'none'}, 'batch_size': 10, 'resolution': 1024, 'img_dir': 'complete_cropped_1024_centered_10272025_allRight'}, 'exp': {'checkpoint_dir': '/projects/retprogression/rgarridogarcia/checkpoints/cropped1024_cropped_centered_allR_1', 'checkpoint_name': '', 'experiment_name': 'swinv2_res1024', 'num_epochs': 25}, 'lr_scheduler': {'type': 'cosine', 'warmup': {'enabled': True, 'min_lr': 1e-07, 'warmup_proportion': 0.15}}, 'model': {'img_size': 1024, 'name': 'swinv2_large_window12to16_192to256.ms_in22k_ft_in1k', 'pretrained': True, 'num_classes': 2}, 'optimization': {'amp_enabled': True, 'gradient_accumulation_steps': 16, 'gradient_clipping': 0.5}, 'optimizer': {'optimizer': None, 'name': 'adam', 'lr': 5e-06, 'weight_decay': 0.001, 'momentum': 0.9}}, 'experiment_res_1024_oversample_50': {'criterion': {'class_weights': [1.0, 1.0], 'type': 'cross_entropy', 'use_class_weights': True}, 'data': {'augmentation': {'strength': 'strong'}, 'batch_size': 4, 'resolution': 1024, 'weighted_sampler': {'enabled': True, 'generator_seed': 42, 'target_minority_ratio': 0.5}}, 'exp': {'checkpoint_dir': '/projects/retprogression/rgarridogarcia/checkpoints/relabled_clean_gradable_swinv2_resolution1024_oversample50_1', 'checkpoint_name': 'epoch_23.pth', 'experiment_name': 'swinv2_res1024', 'master_port': 23450, 'num_epochs': 25}, 'lr_scheduler': {'type': 'cosine', 'warmup': {'enabled': True, 'min_lr': 1e-07, 'warmup_proportion': 0.15}}, 'model': {'img_size': 1024, 'name': 'swinv2_large_window12to16_192to256.ms_in22k_ft_in1k'}, 'optimization': {'amp_enabled': True, 'gradient_accumulation_steps': 16, 'gradient_clipping': 0.5}, 'optimizer': {'lr': 5e-06}}, 'lr_scheduler': {'type': 'cosine', 'warmup': {'enabled': True, 'min_lr': 1e-07, 'warmup_proportion': 0.15}}, 'model': {'img_size': 1024, 'name': 'swinv2_large_window12to16_192to256.ms_in22k_ft_in1k', 'pretrained': True, 'num_classes': 2}, 'optimization': {'amp_enabled': True, 'gradient_accumulation_steps': 16, 'gradient_clipping': 0.5}, 'optimizer': {'optimizer': None, 'name': 'adam', 'lr': 5e-06, 'weight_decay': 0.001, 'momentum': 0.9}}
[2025-11-18 11:29:45][INFO] -  _flags_cache: {'struct': None, 'readonly': None, 'convert': None, 'allow_objects': None}
[2025-11-18 11:29:45][INFO] -  _content: {'annotations_file_name': '/projects/retprogression/gradable_dr/clean_gradable_dr_1_', 'augmentation': {'enabled': False, 'type': 'none'}, 'batch_size': 10, 'class_labels': 'gradable_binary_DR', 'data_dir': '/projects/retprogression/', 'img_dir': 'complete_cropped_1024_centered_10272025_allRight', 'num_workers': 7, 'resolution': 1024, 'shuffle': True, 'weighted_sampler': {'enabled': False, 'generator_seed': 42, 'target_minority_ratio': 0.2}}
[2025-11-18 11:29:45][INFO] -  model:
[2025-11-18 11:29:45][INFO] -  _metadata: ContainerMetadata(ref_type=typing.Any, object_type=<class 'dict'>, optional=True, key='model', flags={}, flags_root=False, resolver_cache=defaultdict(<class 'dict'>, {}), key_type=typing.Any, element_type=typing.Any)
[2025-11-18 11:29:45][INFO] -  _parent: {'run_id': 1, 'caching': {'enabled': True, 'prefetch_factor': 2, 'train_cache_size': 1000, 'val_cache_size': 1000}, 'criterion': {'alpha': 0.25, 'weight_method': 'inverse_frequency', 'gamma': 2.0, 'type': 'cross_entropy', 'use_class_weights': True}, 'data': {'annotations_file_name': '/projects/retprogression/gradable_dr/clean_gradable_dr_1_', 'augmentation': {'enabled': False, 'type': 'none'}, 'batch_size': 10, 'class_labels': 'gradable_binary_DR', 'data_dir': '/projects/retprogression/', 'img_dir': 'complete_cropped_1024_centered_10272025_allRight', 'num_workers': 7, 'resolution': 1024, 'shuffle': True, 'weighted_sampler': {'enabled': False, 'generator_seed': 42, 'target_minority_ratio': 0.2}}, 'distributed': {'backend': 'nccl', 'world_size': 1}, 'early_stopping': {'enabled': False, 'metric': 'f1_score', 'min_delta': 0.001, 'mode': 'max', 'patience': 8}, 'exp': {'checkpoint_dir': '/projects/retprogression/rgarridogarcia/checkpoints/cropped1024_cropped_centered_allR_1', 'checkpoint_freq': 1, 'checkpoint_name': '', 'experiment_name': 'swinv2_res1024', 'master_port': 56333, 'num_epochs': 25}, 'experiment_res_1024': {'data': {'augmentation': {'enabled': False, 'type': 'none'}, 'batch_size': 10, 'resolution': 1024, 'img_dir': 'complete_cropped_1024_centered_10272025_allRight'}, 'exp': {'checkpoint_dir': '/projects/retprogression/rgarridogarcia/checkpoints/cropped1024_cropped_centered_allR_1', 'checkpoint_name': '', 'experiment_name': 'swinv2_res1024', 'num_epochs': 25}, 'lr_scheduler': {'type': 'cosine', 'warmup': {'enabled': True, 'min_lr': 1e-07, 'warmup_proportion': 0.15}}, 'model': {'img_size': 1024, 'name': 'swinv2_large_window12to16_192to256.ms_in22k_ft_in1k', 'pretrained': True, 'num_classes': 2}, 'optimization': {'amp_enabled': True, 'gradient_accumulation_steps': 16, 'gradient_clipping': 0.5}, 'optimizer': {'optimizer': None, 'name': 'adam', 'lr': 5e-06, 'weight_decay': 0.001, 'momentum': 0.9}}, 'experiment_res_1024_oversample_50': {'criterion': {'class_weights': [1.0, 1.0], 'type': 'cross_entropy', 'use_class_weights': True}, 'data': {'augmentation': {'strength': 'strong'}, 'batch_size': 4, 'resolution': 1024, 'weighted_sampler': {'enabled': True, 'generator_seed': 42, 'target_minority_ratio': 0.5}}, 'exp': {'checkpoint_dir': '/projects/retprogression/rgarridogarcia/checkpoints/relabled_clean_gradable_swinv2_resolution1024_oversample50_1', 'checkpoint_name': 'epoch_23.pth', 'experiment_name': 'swinv2_res1024', 'master_port': 23450, 'num_epochs': 25}, 'lr_scheduler': {'type': 'cosine', 'warmup': {'enabled': True, 'min_lr': 1e-07, 'warmup_proportion': 0.15}}, 'model': {'img_size': 1024, 'name': 'swinv2_large_window12to16_192to256.ms_in22k_ft_in1k'}, 'optimization': {'amp_enabled': True, 'gradient_accumulation_steps': 16, 'gradient_clipping': 0.5}, 'optimizer': {'lr': 5e-06}}, 'lr_scheduler': {'type': 'cosine', 'warmup': {'enabled': True, 'min_lr': 1e-07, 'warmup_proportion': 0.15}}, 'model': {'img_size': 1024, 'name': 'swinv2_large_window12to16_192to256.ms_in22k_ft_in1k', 'pretrained': True, 'num_classes': 2}, 'optimization': {'amp_enabled': True, 'gradient_accumulation_steps': 16, 'gradient_clipping': 0.5}, 'optimizer': {'optimizer': None, 'name': 'adam', 'lr': 5e-06, 'weight_decay': 0.001, 'momentum': 0.9}}
[2025-11-18 11:29:45][INFO] -  _flags_cache: {'struct': None, 'readonly': None, 'convert': None, 'allow_objects': None}
[2025-11-18 11:29:45][INFO] -  _content: {'img_size': 1024, 'name': 'swinv2_large_window12to16_192to256.ms_in22k_ft_in1k', 'pretrained': True, 'num_classes': 2}
[2025-11-18 11:29:45][INFO] -  optimizer:
[2025-11-18 11:29:45][INFO] -  _metadata: ContainerMetadata(ref_type=typing.Any, object_type=<class 'dict'>, optional=True, key='optimizer', flags={}, flags_root=False, resolver_cache=defaultdict(<class 'dict'>, {}), key_type=typing.Any, element_type=typing.Any)
[2025-11-18 11:29:45][INFO] -  _parent: {'run_id': 1, 'caching': {'enabled': True, 'prefetch_factor': 2, 'train_cache_size': 1000, 'val_cache_size': 1000}, 'criterion': {'alpha': 0.25, 'weight_method': 'inverse_frequency', 'gamma': 2.0, 'type': 'cross_entropy', 'use_class_weights': True}, 'data': {'annotations_file_name': '/projects/retprogression/gradable_dr/clean_gradable_dr_1_', 'augmentation': {'enabled': False, 'type': 'none'}, 'batch_size': 10, 'class_labels': 'gradable_binary_DR', 'data_dir': '/projects/retprogression/', 'img_dir': 'complete_cropped_1024_centered_10272025_allRight', 'num_workers': 7, 'resolution': 1024, 'shuffle': True, 'weighted_sampler': {'enabled': False, 'generator_seed': 42, 'target_minority_ratio': 0.2}}, 'distributed': {'backend': 'nccl', 'world_size': 1}, 'early_stopping': {'enabled': False, 'metric': 'f1_score', 'min_delta': 0.001, 'mode': 'max', 'patience': 8}, 'exp': {'checkpoint_dir': '/projects/retprogression/rgarridogarcia/checkpoints/cropped1024_cropped_centered_allR_1', 'checkpoint_freq': 1, 'checkpoint_name': '', 'experiment_name': 'swinv2_res1024', 'master_port': 56333, 'num_epochs': 25}, 'experiment_res_1024': {'data': {'augmentation': {'enabled': False, 'type': 'none'}, 'batch_size': 10, 'resolution': 1024, 'img_dir': 'complete_cropped_1024_centered_10272025_allRight'}, 'exp': {'checkpoint_dir': '/projects/retprogression/rgarridogarcia/checkpoints/cropped1024_cropped_centered_allR_1', 'checkpoint_name': '', 'experiment_name': 'swinv2_res1024', 'num_epochs': 25}, 'lr_scheduler': {'type': 'cosine', 'warmup': {'enabled': True, 'min_lr': 1e-07, 'warmup_proportion': 0.15}}, 'model': {'img_size': 1024, 'name': 'swinv2_large_window12to16_192to256.ms_in22k_ft_in1k', 'pretrained': True, 'num_classes': 2}, 'optimization': {'amp_enabled': True, 'gradient_accumulation_steps': 16, 'gradient_clipping': 0.5}, 'optimizer': {'optimizer': None, 'name': 'adam', 'lr': 5e-06, 'weight_decay': 0.001, 'momentum': 0.9}}, 'experiment_res_1024_oversample_50': {'criterion': {'class_weights': [1.0, 1.0], 'type': 'cross_entropy', 'use_class_weights': True}, 'data': {'augmentation': {'strength': 'strong'}, 'batch_size': 4, 'resolution': 1024, 'weighted_sampler': {'enabled': True, 'generator_seed': 42, 'target_minority_ratio': 0.5}}, 'exp': {'checkpoint_dir': '/projects/retprogression/rgarridogarcia/checkpoints/relabled_clean_gradable_swinv2_resolution1024_oversample50_1', 'checkpoint_name': 'epoch_23.pth', 'experiment_name': 'swinv2_res1024', 'master_port': 23450, 'num_epochs': 25}, 'lr_scheduler': {'type': 'cosine', 'warmup': {'enabled': True, 'min_lr': 1e-07, 'warmup_proportion': 0.15}}, 'model': {'img_size': 1024, 'name': 'swinv2_large_window12to16_192to256.ms_in22k_ft_in1k'}, 'optimization': {'amp_enabled': True, 'gradient_accumulation_steps': 16, 'gradient_clipping': 0.5}, 'optimizer': {'lr': 5e-06}}, 'lr_scheduler': {'type': 'cosine', 'warmup': {'enabled': True, 'min_lr': 1e-07, 'warmup_proportion': 0.15}}, 'model': {'img_size': 1024, 'name': 'swinv2_large_window12to16_192to256.ms_in22k_ft_in1k', 'pretrained': True, 'num_classes': 2}, 'optimization': {'amp_enabled': True, 'gradient_accumulation_steps': 16, 'gradient_clipping': 0.5}, 'optimizer': {'optimizer': None, 'name': 'adam', 'lr': 5e-06, 'weight_decay': 0.001, 'momentum': 0.9}}
[2025-11-18 11:29:45][INFO] -  _flags_cache: {'struct': None, 'readonly': None, 'convert': None, 'allow_objects': None}
[2025-11-18 11:29:45][INFO] -  _content: {'optimizer': None, 'name': 'adam', 'lr': 5e-06, 'weight_decay': 0.001, 'momentum': 0.9}
[2025-11-18 11:29:45][INFO] -  lr_scheduler:
[2025-11-18 11:29:45][INFO] -  _metadata: ContainerMetadata(ref_type=typing.Any, object_type=<class 'dict'>, optional=True, key='lr_scheduler', flags={}, flags_root=False, resolver_cache=defaultdict(<class 'dict'>, {}), key_type=typing.Any, element_type=typing.Any)
[2025-11-18 11:29:45][INFO] -  _parent: {'run_id': 1, 'caching': {'enabled': True, 'prefetch_factor': 2, 'train_cache_size': 1000, 'val_cache_size': 1000}, 'criterion': {'alpha': 0.25, 'weight_method': 'inverse_frequency', 'gamma': 2.0, 'type': 'cross_entropy', 'use_class_weights': True}, 'data': {'annotations_file_name': '/projects/retprogression/gradable_dr/clean_gradable_dr_1_', 'augmentation': {'enabled': False, 'type': 'none'}, 'batch_size': 10, 'class_labels': 'gradable_binary_DR', 'data_dir': '/projects/retprogression/', 'img_dir': 'complete_cropped_1024_centered_10272025_allRight', 'num_workers': 7, 'resolution': 1024, 'shuffle': True, 'weighted_sampler': {'enabled': False, 'generator_seed': 42, 'target_minority_ratio': 0.2}}, 'distributed': {'backend': 'nccl', 'world_size': 1}, 'early_stopping': {'enabled': False, 'metric': 'f1_score', 'min_delta': 0.001, 'mode': 'max', 'patience': 8}, 'exp': {'checkpoint_dir': '/projects/retprogression/rgarridogarcia/checkpoints/cropped1024_cropped_centered_allR_1', 'checkpoint_freq': 1, 'checkpoint_name': '', 'experiment_name': 'swinv2_res1024', 'master_port': 56333, 'num_epochs': 25}, 'experiment_res_1024': {'data': {'augmentation': {'enabled': False, 'type': 'none'}, 'batch_size': 10, 'resolution': 1024, 'img_dir': 'complete_cropped_1024_centered_10272025_allRight'}, 'exp': {'checkpoint_dir': '/projects/retprogression/rgarridogarcia/checkpoints/cropped1024_cropped_centered_allR_1', 'checkpoint_name': '', 'experiment_name': 'swinv2_res1024', 'num_epochs': 25}, 'lr_scheduler': {'type': 'cosine', 'warmup': {'enabled': True, 'min_lr': 1e-07, 'warmup_proportion': 0.15}}, 'model': {'img_size': 1024, 'name': 'swinv2_large_window12to16_192to256.ms_in22k_ft_in1k', 'pretrained': True, 'num_classes': 2}, 'optimization': {'amp_enabled': True, 'gradient_accumulation_steps': 16, 'gradient_clipping': 0.5}, 'optimizer': {'optimizer': None, 'name': 'adam', 'lr': 5e-06, 'weight_decay': 0.001, 'momentum': 0.9}}, 'experiment_res_1024_oversample_50': {'criterion': {'class_weights': [1.0, 1.0], 'type': 'cross_entropy', 'use_class_weights': True}, 'data': {'augmentation': {'strength': 'strong'}, 'batch_size': 4, 'resolution': 1024, 'weighted_sampler': {'enabled': True, 'generator_seed': 42, 'target_minority_ratio': 0.5}}, 'exp': {'checkpoint_dir': '/projects/retprogression/rgarridogarcia/checkpoints/relabled_clean_gradable_swinv2_resolution1024_oversample50_1', 'checkpoint_name': 'epoch_23.pth', 'experiment_name': 'swinv2_res1024', 'master_port': 23450, 'num_epochs': 25}, 'lr_scheduler': {'type': 'cosine', 'warmup': {'enabled': True, 'min_lr': 1e-07, 'warmup_proportion': 0.15}}, 'model': {'img_size': 1024, 'name': 'swinv2_large_window12to16_192to256.ms_in22k_ft_in1k'}, 'optimization': {'amp_enabled': True, 'gradient_accumulation_steps': 16, 'gradient_clipping': 0.5}, 'optimizer': {'lr': 5e-06}}, 'lr_scheduler': {'type': 'cosine', 'warmup': {'enabled': True, 'min_lr': 1e-07, 'warmup_proportion': 0.15}}, 'model': {'img_size': 1024, 'name': 'swinv2_large_window12to16_192to256.ms_in22k_ft_in1k', 'pretrained': True, 'num_classes': 2}, 'optimization': {'amp_enabled': True, 'gradient_accumulation_steps': 16, 'gradient_clipping': 0.5}, 'optimizer': {'optimizer': None, 'name': 'adam', 'lr': 5e-06, 'weight_decay': 0.001, 'momentum': 0.9}}
[2025-11-18 11:29:45][INFO] -  _flags_cache: {'struct': None, 'readonly': None, 'convert': None, 'allow_objects': None}
[2025-11-18 11:29:45][INFO] -  _content: {'type': 'cosine', 'warmup': {'enabled': True, 'min_lr': 1e-07, 'warmup_proportion': 0.15}}
[2025-11-18 11:29:45][INFO] -  distributed:
[2025-11-18 11:29:45][INFO] -  _metadata: ContainerMetadata(ref_type=typing.Any, object_type=<class 'dict'>, optional=True, key='distributed', flags={}, flags_root=False, resolver_cache=defaultdict(<class 'dict'>, {}), key_type=typing.Any, element_type=typing.Any)
[2025-11-18 11:29:45][INFO] -  _parent: {'run_id': 1, 'caching': {'enabled': True, 'prefetch_factor': 2, 'train_cache_size': 1000, 'val_cache_size': 1000}, 'criterion': {'alpha': 0.25, 'weight_method': 'inverse_frequency', 'gamma': 2.0, 'type': 'cross_entropy', 'use_class_weights': True}, 'data': {'annotations_file_name': '/projects/retprogression/gradable_dr/clean_gradable_dr_1_', 'augmentation': {'enabled': False, 'type': 'none'}, 'batch_size': 10, 'class_labels': 'gradable_binary_DR', 'data_dir': '/projects/retprogression/', 'img_dir': 'complete_cropped_1024_centered_10272025_allRight', 'num_workers': 7, 'resolution': 1024, 'shuffle': True, 'weighted_sampler': {'enabled': False, 'generator_seed': 42, 'target_minority_ratio': 0.2}}, 'distributed': {'backend': 'nccl', 'world_size': 1}, 'early_stopping': {'enabled': False, 'metric': 'f1_score', 'min_delta': 0.001, 'mode': 'max', 'patience': 8}, 'exp': {'checkpoint_dir': '/projects/retprogression/rgarridogarcia/checkpoints/cropped1024_cropped_centered_allR_1', 'checkpoint_freq': 1, 'checkpoint_name': '', 'experiment_name': 'swinv2_res1024', 'master_port': 56333, 'num_epochs': 25}, 'experiment_res_1024': {'data': {'augmentation': {'enabled': False, 'type': 'none'}, 'batch_size': 10, 'resolution': 1024, 'img_dir': 'complete_cropped_1024_centered_10272025_allRight'}, 'exp': {'checkpoint_dir': '/projects/retprogression/rgarridogarcia/checkpoints/cropped1024_cropped_centered_allR_1', 'checkpoint_name': '', 'experiment_name': 'swinv2_res1024', 'num_epochs': 25}, 'lr_scheduler': {'type': 'cosine', 'warmup': {'enabled': True, 'min_lr': 1e-07, 'warmup_proportion': 0.15}}, 'model': {'img_size': 1024, 'name': 'swinv2_large_window12to16_192to256.ms_in22k_ft_in1k', 'pretrained': True, 'num_classes': 2}, 'optimization': {'amp_enabled': True, 'gradient_accumulation_steps': 16, 'gradient_clipping': 0.5}, 'optimizer': {'optimizer': None, 'name': 'adam', 'lr': 5e-06, 'weight_decay': 0.001, 'momentum': 0.9}}, 'experiment_res_1024_oversample_50': {'criterion': {'class_weights': [1.0, 1.0], 'type': 'cross_entropy', 'use_class_weights': True}, 'data': {'augmentation': {'strength': 'strong'}, 'batch_size': 4, 'resolution': 1024, 'weighted_sampler': {'enabled': True, 'generator_seed': 42, 'target_minority_ratio': 0.5}}, 'exp': {'checkpoint_dir': '/projects/retprogression/rgarridogarcia/checkpoints/relabled_clean_gradable_swinv2_resolution1024_oversample50_1', 'checkpoint_name': 'epoch_23.pth', 'experiment_name': 'swinv2_res1024', 'master_port': 23450, 'num_epochs': 25}, 'lr_scheduler': {'type': 'cosine', 'warmup': {'enabled': True, 'min_lr': 1e-07, 'warmup_proportion': 0.15}}, 'model': {'img_size': 1024, 'name': 'swinv2_large_window12to16_192to256.ms_in22k_ft_in1k'}, 'optimization': {'amp_enabled': True, 'gradient_accumulation_steps': 16, 'gradient_clipping': 0.5}, 'optimizer': {'lr': 5e-06}}, 'lr_scheduler': {'type': 'cosine', 'warmup': {'enabled': True, 'min_lr': 1e-07, 'warmup_proportion': 0.15}}, 'model': {'img_size': 1024, 'name': 'swinv2_large_window12to16_192to256.ms_in22k_ft_in1k', 'pretrained': True, 'num_classes': 2}, 'optimization': {'amp_enabled': True, 'gradient_accumulation_steps': 16, 'gradient_clipping': 0.5}, 'optimizer': {'optimizer': None, 'name': 'adam', 'lr': 5e-06, 'weight_decay': 0.001, 'momentum': 0.9}}
[2025-11-18 11:29:45][INFO] -  _flags_cache: None
[2025-11-18 11:29:45][INFO] -  _content: {'backend': 'nccl', 'world_size': 1}
[2025-11-18 11:29:45][INFO] -  early_stopping:
[2025-11-18 11:29:45][INFO] -  _metadata: ContainerMetadata(ref_type=typing.Any, object_type=<class 'dict'>, optional=True, key='early_stopping', flags={}, flags_root=False, resolver_cache=defaultdict(<class 'dict'>, {}), key_type=typing.Any, element_type=typing.Any)
[2025-11-18 11:29:45][INFO] -  _parent: {'run_id': 1, 'caching': {'enabled': True, 'prefetch_factor': 2, 'train_cache_size': 1000, 'val_cache_size': 1000}, 'criterion': {'alpha': 0.25, 'weight_method': 'inverse_frequency', 'gamma': 2.0, 'type': 'cross_entropy', 'use_class_weights': True}, 'data': {'annotations_file_name': '/projects/retprogression/gradable_dr/clean_gradable_dr_1_', 'augmentation': {'enabled': False, 'type': 'none'}, 'batch_size': 10, 'class_labels': 'gradable_binary_DR', 'data_dir': '/projects/retprogression/', 'img_dir': 'complete_cropped_1024_centered_10272025_allRight', 'num_workers': 7, 'resolution': 1024, 'shuffle': True, 'weighted_sampler': {'enabled': False, 'generator_seed': 42, 'target_minority_ratio': 0.2}}, 'distributed': {'backend': 'nccl', 'world_size': 1}, 'early_stopping': {'enabled': False, 'metric': 'f1_score', 'min_delta': 0.001, 'mode': 'max', 'patience': 8}, 'exp': {'checkpoint_dir': '/projects/retprogression/rgarridogarcia/checkpoints/cropped1024_cropped_centered_allR_1', 'checkpoint_freq': 1, 'checkpoint_name': '', 'experiment_name': 'swinv2_res1024', 'master_port': 56333, 'num_epochs': 25}, 'experiment_res_1024': {'data': {'augmentation': {'enabled': False, 'type': 'none'}, 'batch_size': 10, 'resolution': 1024, 'img_dir': 'complete_cropped_1024_centered_10272025_allRight'}, 'exp': {'checkpoint_dir': '/projects/retprogression/rgarridogarcia/checkpoints/cropped1024_cropped_centered_allR_1', 'checkpoint_name': '', 'experiment_name': 'swinv2_res1024', 'num_epochs': 25}, 'lr_scheduler': {'type': 'cosine', 'warmup': {'enabled': True, 'min_lr': 1e-07, 'warmup_proportion': 0.15}}, 'model': {'img_size': 1024, 'name': 'swinv2_large_window12to16_192to256.ms_in22k_ft_in1k', 'pretrained': True, 'num_classes': 2}, 'optimization': {'amp_enabled': True, 'gradient_accumulation_steps': 16, 'gradient_clipping': 0.5}, 'optimizer': {'optimizer': None, 'name': 'adam', 'lr': 5e-06, 'weight_decay': 0.001, 'momentum': 0.9}}, 'experiment_res_1024_oversample_50': {'criterion': {'class_weights': [1.0, 1.0], 'type': 'cross_entropy', 'use_class_weights': True}, 'data': {'augmentation': {'strength': 'strong'}, 'batch_size': 4, 'resolution': 1024, 'weighted_sampler': {'enabled': True, 'generator_seed': 42, 'target_minority_ratio': 0.5}}, 'exp': {'checkpoint_dir': '/projects/retprogression/rgarridogarcia/checkpoints/relabled_clean_gradable_swinv2_resolution1024_oversample50_1', 'checkpoint_name': 'epoch_23.pth', 'experiment_name': 'swinv2_res1024', 'master_port': 23450, 'num_epochs': 25}, 'lr_scheduler': {'type': 'cosine', 'warmup': {'enabled': True, 'min_lr': 1e-07, 'warmup_proportion': 0.15}}, 'model': {'img_size': 1024, 'name': 'swinv2_large_window12to16_192to256.ms_in22k_ft_in1k'}, 'optimization': {'amp_enabled': True, 'gradient_accumulation_steps': 16, 'gradient_clipping': 0.5}, 'optimizer': {'lr': 5e-06}}, 'lr_scheduler': {'type': 'cosine', 'warmup': {'enabled': True, 'min_lr': 1e-07, 'warmup_proportion': 0.15}}, 'model': {'img_size': 1024, 'name': 'swinv2_large_window12to16_192to256.ms_in22k_ft_in1k', 'pretrained': True, 'num_classes': 2}, 'optimization': {'amp_enabled': True, 'gradient_accumulation_steps': 16, 'gradient_clipping': 0.5}, 'optimizer': {'optimizer': None, 'name': 'adam', 'lr': 5e-06, 'weight_decay': 0.001, 'momentum': 0.9}}
[2025-11-18 11:29:45][INFO] -  _flags_cache: None
[2025-11-18 11:29:45][INFO] -  _content: {'enabled': False, 'metric': 'f1_score', 'min_delta': 0.001, 'mode': 'max', 'patience': 8}
[2025-11-18 11:29:45][INFO] -  criterion:
[2025-11-18 11:29:45][INFO] -  _metadata: ContainerMetadata(ref_type=typing.Any, object_type=<class 'dict'>, optional=True, key='criterion', flags={}, flags_root=False, resolver_cache=defaultdict(<class 'dict'>, {}), key_type=typing.Any, element_type=typing.Any)
[2025-11-18 11:29:45][INFO] -  _parent: {'run_id': 1, 'caching': {'enabled': True, 'prefetch_factor': 2, 'train_cache_size': 1000, 'val_cache_size': 1000}, 'criterion': {'alpha': 0.25, 'weight_method': 'inverse_frequency', 'gamma': 2.0, 'type': 'cross_entropy', 'use_class_weights': True}, 'data': {'annotations_file_name': '/projects/retprogression/gradable_dr/clean_gradable_dr_1_', 'augmentation': {'enabled': False, 'type': 'none'}, 'batch_size': 10, 'class_labels': 'gradable_binary_DR', 'data_dir': '/projects/retprogression/', 'img_dir': 'complete_cropped_1024_centered_10272025_allRight', 'num_workers': 7, 'resolution': 1024, 'shuffle': True, 'weighted_sampler': {'enabled': False, 'generator_seed': 42, 'target_minority_ratio': 0.2}}, 'distributed': {'backend': 'nccl', 'world_size': 1}, 'early_stopping': {'enabled': False, 'metric': 'f1_score', 'min_delta': 0.001, 'mode': 'max', 'patience': 8}, 'exp': {'checkpoint_dir': '/projects/retprogression/rgarridogarcia/checkpoints/cropped1024_cropped_centered_allR_1', 'checkpoint_freq': 1, 'checkpoint_name': '', 'experiment_name': 'swinv2_res1024', 'master_port': 56333, 'num_epochs': 25}, 'experiment_res_1024': {'data': {'augmentation': {'enabled': False, 'type': 'none'}, 'batch_size': 10, 'resolution': 1024, 'img_dir': 'complete_cropped_1024_centered_10272025_allRight'}, 'exp': {'checkpoint_dir': '/projects/retprogression/rgarridogarcia/checkpoints/cropped1024_cropped_centered_allR_1', 'checkpoint_name': '', 'experiment_name': 'swinv2_res1024', 'num_epochs': 25}, 'lr_scheduler': {'type': 'cosine', 'warmup': {'enabled': True, 'min_lr': 1e-07, 'warmup_proportion': 0.15}}, 'model': {'img_size': 1024, 'name': 'swinv2_large_window12to16_192to256.ms_in22k_ft_in1k', 'pretrained': True, 'num_classes': 2}, 'optimization': {'amp_enabled': True, 'gradient_accumulation_steps': 16, 'gradient_clipping': 0.5}, 'optimizer': {'optimizer': None, 'name': 'adam', 'lr': 5e-06, 'weight_decay': 0.001, 'momentum': 0.9}}, 'experiment_res_1024_oversample_50': {'criterion': {'class_weights': [1.0, 1.0], 'type': 'cross_entropy', 'use_class_weights': True}, 'data': {'augmentation': {'strength': 'strong'}, 'batch_size': 4, 'resolution': 1024, 'weighted_sampler': {'enabled': True, 'generator_seed': 42, 'target_minority_ratio': 0.5}}, 'exp': {'checkpoint_dir': '/projects/retprogression/rgarridogarcia/checkpoints/relabled_clean_gradable_swinv2_resolution1024_oversample50_1', 'checkpoint_name': 'epoch_23.pth', 'experiment_name': 'swinv2_res1024', 'master_port': 23450, 'num_epochs': 25}, 'lr_scheduler': {'type': 'cosine', 'warmup': {'enabled': True, 'min_lr': 1e-07, 'warmup_proportion': 0.15}}, 'model': {'img_size': 1024, 'name': 'swinv2_large_window12to16_192to256.ms_in22k_ft_in1k'}, 'optimization': {'amp_enabled': True, 'gradient_accumulation_steps': 16, 'gradient_clipping': 0.5}, 'optimizer': {'lr': 5e-06}}, 'lr_scheduler': {'type': 'cosine', 'warmup': {'enabled': True, 'min_lr': 1e-07, 'warmup_proportion': 0.15}}, 'model': {'img_size': 1024, 'name': 'swinv2_large_window12to16_192to256.ms_in22k_ft_in1k', 'pretrained': True, 'num_classes': 2}, 'optimization': {'amp_enabled': True, 'gradient_accumulation_steps': 16, 'gradient_clipping': 0.5}, 'optimizer': {'optimizer': None, 'name': 'adam', 'lr': 5e-06, 'weight_decay': 0.001, 'momentum': 0.9}}
[2025-11-18 11:29:45][INFO] -  _flags_cache: None
[2025-11-18 11:29:45][INFO] -  _content: {'alpha': 0.25, 'weight_method': 'inverse_frequency', 'gamma': 2.0, 'type': 'cross_entropy', 'use_class_weights': True}
[2025-11-18 11:29:45][INFO] - Number of available GPUs: 1
[2025-11-18 11:29:45][INFO] - Available GPUs:
[2025-11-18 11:29:45][INFO] -  GPU 0: NVIDIA H200
[2025-11-18 11:29:45][INFO] - Training with single GPU or CPU
[2025-11-18 11:29:45][INFO] - Initialized process group with world_size=1
[2025-11-18 11:29:45][INFO][Rank 0] - Running training on rank 0 with world size 1
[2025-11-18 11:29:45][INFO][Rank 0] - Training for 25 epochs
[2025-11-18 11:29:45][INFO][Rank 0] - Batch size: 10 (per GPU)
[2025-11-18 11:29:45][INFO][Rank 0] - Total effective batch size: 10
[2025-11-18 11:29:45][INFO][Rank 0] - Learning rate: 5e-06
[2025-11-18 11:29:45][INFO][Rank 0] - Experiment name: swinv2_res1024
[2025-11-18 11:29:45][INFO][Rank 0] - Data augmentation type: none
[2025-11-18 11:29:45][INFO][Rank 0] - Image resolution: 1024x1024
[2025-11-18 11:29:45][INFO][Rank 0] - Creating datasets...
[2025-11-18 11:29:45][INFO][Rank 0] - Using image directory: complete_cropped_1024_centered_10272025_allRight
[2025-11-18 11:29:58][INFO][Rank 0] - JoslinData: Loaded 19403 samples from /projects/retprogression/complete_cropped_1024_centered_10272025_allRight
[2025-11-18 11:29:58][INFO][Rank 0] - Class distribution: {1: '18890 (97.4%)', 0: '513 (2.6%)'}
[2025-11-18 11:30:01][INFO][Rank 0] - JoslinData: Loaded 4073 samples from /projects/retprogression/complete_cropped_1024_centered_10272025_allRight
[2025-11-18 11:30:01][INFO][Rank 0] - Class distribution: {1: '3987 (97.9%)', 0: '86 (2.1%)'}
[2025-11-18 11:30:01][INFO][Rank 0] - CachedDataset initialized for rank 0 with cache_size=1000
[2025-11-18 11:30:01][INFO][Rank 0] - CachedDataset initialized for rank 0 with cache_size=1000
[2025-11-18 11:30:01][INFO][Rank 0] - Datasets created in 15.82s
[2025-11-18 11:30:01][INFO][Rank 0] - Train dataset size: 19403
[2025-11-18 11:30:01][INFO][Rank 0] - Validation dataset size: 4073
[2025-11-18 11:30:01][INFO][Rank 0] - Caching enabled - Train cache size: 1000, Val cache size: 1000
[2025-11-18 11:30:01][INFO][Rank 0] - Creating dataloaders...
[2025-11-18 11:30:01][INFO][Rank 0] - Dataloaders created in 0.00s
[2025-11-18 11:30:01][INFO][Rank 0] - Workers per GPU: 7
[2025-11-18 11:30:01][INFO][Rank 0] - Prefetch factor: 2
[2025-11-18 11:30:01][INFO][Rank 0] - Drop last batch: True
[2025-11-18 11:30:01][INFO][Rank 0] - Creating model: swinv2_large_window12to16_192to256.ms_in22k_ft_in1k...
[2025-11-18 11:30:03][INFO][Rank 0] - Loading pretrained weights from Hugging Face hub (timm/swinv2_large_window12to16_192to256.ms_in22k_ft_in1k)
[2025-11-18 11:30:03][INFO][Rank 0] - [timm/swinv2_large_window12to16_192to256.ms_in22k_ft_in1k] Safe alternative available for 'pytorch_model.bin' (as 'model.safetensors'). Loading weights using safetensors.
[2025-11-18 11:30:05][INFO][Rank 0] - Missing keys (head.fc.weight, head.fc.bias) discovered while loading pretrained weights. This is expected if model is being adapted.
[2025-11-18 11:30:05][INFO][Rank 0] - Created ViT model with image size: 1024x1024
[2025-11-18 11:30:05][INFO][Rank 0] - Model parameters: 195,206,006 total, 195,206,006 trainable
[2025-11-18 11:30:05][INFO][Rank 0] - Model created and initialized in 4.36s
[2025-11-18 11:30:05][INFO][Rank 0] - Class weights explicitly set to: True
[2025-11-18 11:30:05][INFO][Rank 0] - Auto-computing class weights using method: inverse_frequency
[2025-11-18 11:30:05][INFO][Rank 0] - Class distribution:
[2025-11-18 11:30:05][INFO][Rank 0] -   Class 0: 513 samples (2.6%)
[2025-11-18 11:30:05][INFO][Rank 0] -   Class 1: 18890 samples (97.4%)
[2025-11-18 11:30:05][INFO][Rank 0] - Computed class weights (method=inverse_frequency):
[2025-11-18 11:30:05][INFO][Rank 0] -   Class 0: weight = 1.00
[2025-11-18 11:30:05][INFO][Rank 0] -   Class 1: weight = 0.03
[2025-11-18 11:30:05][INFO][Rank 0] - Imbalance ratio: 36.8:1
[2025-11-18 11:30:06][INFO][Rank 0] - Using weighted Cross Entropy loss with class weights: tensor([1.0000, 0.0272], device='cuda:0')
[2025-11-18 11:30:06][INFO][Rank 0] - Learning rate warmup enabled: 291 steps from 1e-07 to 5e-06
/projects/retprogression/pytorch_cu121_env/lib/python3.12/site-packages/torch/optim/lr_scheduler.py:60: UserWarning: The verbose parameter is deprecated. Please use get_last_lr() to access the learning rate.
  warnings.warn(
[2025-11-18 11:30:06][INFO][Rank 0] - Checkpoint path: /projects/retprogression/rgarridogarcia/checkpoints/cropped1024_cropped_centered_allR_1/
[2025-11-18 11:30:06][INFO][Rank 0] - ======= Starting Training =======
[2025-11-18 11:30:06][INFO][Rank 0] - Using gradient accumulation with 16 steps
[2025-11-18 11:30:06][INFO][Rank 0] - Automatic mixed precision (AMP) enabled
[2025-11-18 11:30:06][INFO][Rank 0] - Gradient clipping enabled with max norm 0.5
/home/r.garridogarcia/MIGHTE/retprogression/swinV2/RETProgression/src/utils.py:287: FutureWarning: `torch.cuda.amp.GradScaler(args...)` is deprecated. Please use `torch.amp.GradScaler('cuda', args...)` instead.
  scaler = torch.cuda.amp.GradScaler() if amp_enabled else None
[2025-11-18 11:30:06][INFO][Rank 0] - CUDA memory monitor initialized: {0: {'allocated': 1622.57568359375, 'reserved': 2196.0, 'active': 1622.57568359375}}
[2025-11-18 11:30:06][INFO][Rank 0] - ========== Starting Training ==========
[2025-11-18 11:30:06][INFO][Rank 0] - GPU 0: NVIDIA H200
[2025-11-18 11:30:06][INFO][Rank 0] - Epoch 0/24
[2025-11-18 11:30:06][INFO][Rank 0] - ----------
[2025-11-18 11:30:06][INFO][Rank 0] - CUDA Memory [train][Step 0]: Device 0: Allocated: 1622.6 MB, Reserved: 2196.0 MB (Δ: +0.0 MB)
[2025-11-18 11:30:06][INFO][Rank 0] - train phase: total 1940 batches
[2025-11-18 11:30:07][INFO][Rank 0] - train Epoch 0/24: 0.0% (0/1940)
[2025-11-18 11:30:07][INFO][Rank 0] - Input batch size: torch.Size([10, 3, 1024, 1024])
[2025-11-18 11:30:16][INFO][Rank 0] - train Epoch 0/24: 0.5% (10/1940)
[2025-11-18 11:30:23][INFO][Rank 0] - train Epoch 0/24: 1.0% (20/1940)
[2025-11-18 11:30:30][INFO][Rank 0] - train Epoch 0/24: 1.5% (30/1940)
[2025-11-18 11:30:37][INFO][Rank 0] - train Epoch 0/24: 2.1% (40/1940)
[2025-11-18 11:30:44][INFO][Rank 0] - train Epoch 0/24: 2.6% (50/1940)
[2025-11-18 11:30:51][INFO][Rank 0] - train Epoch 0/24: 3.1% (60/1940)
[2025-11-18 11:30:59][INFO][Rank 0] - train Epoch 0/24: 3.6% (70/1940)
[2025-11-18 11:31:06][INFO][Rank 0] - train Epoch 0/24: 4.1% (80/1940)
[2025-11-18 11:31:13][INFO][Rank 0] - train Epoch 0/24: 4.6% (90/1940)
[2025-11-18 11:31:13][INFO][Rank 0] - CUDA Memory [train][Step 90]: Device 0: Allocated: 3309.6 MB, Reserved: 117540.0 MB (Δ: +1687.0 MB)
[2025-11-18 11:31:20][INFO][Rank 0] - train Epoch 0/24: 5.2% (100/1940)
[2025-11-18 11:31:27][INFO][Rank 0] - train Epoch 0/24: 5.7% (110/1940)
[2025-11-18 11:31:34][INFO][Rank 0] - train Epoch 0/24: 6.2% (120/1940)
[2025-11-18 11:31:41][INFO][Rank 0] - train Epoch 0/24: 6.7% (130/1940)
[2025-11-18 11:31:48][INFO][Rank 0] - train Epoch 0/24: 7.2% (140/1940)
[2025-11-18 11:31:55][INFO][Rank 0] - train Epoch 0/24: 7.7% (150/1940)
[2025-11-18 11:32:02][INFO][Rank 0] - train Epoch 0/24: 8.2% (160/1940)
[2025-11-18 11:32:09][INFO][Rank 0] - train Epoch 0/24: 8.8% (170/1940)
[2025-11-18 11:32:16][INFO][Rank 0] - train Epoch 0/24: 9.3% (180/1940)
[2025-11-18 11:32:17][INFO][Rank 0] - CUDA Memory [train][Step 180]: Device 0: Allocated: 3309.6 MB, Reserved: 117540.0 MB (Δ: +1687.0 MB)
[2025-11-18 11:32:24][INFO][Rank 0] - train Epoch 0/24: 9.8% (190/1940)
[2025-11-18 11:32:31][INFO][Rank 0] - train Epoch 0/24: 10.3% (200/1940)
[2025-11-18 11:32:38][INFO][Rank 0] - train Epoch 0/24: 10.8% (210/1940)
[2025-11-18 11:32:45][INFO][Rank 0] - train Epoch 0/24: 11.3% (220/1940)
[2025-11-18 11:32:52][INFO][Rank 0] - train Epoch 0/24: 11.9% (230/1940)
[2025-11-18 11:32:59][INFO][Rank 0] - train Epoch 0/24: 12.4% (240/1940)
[2025-11-18 11:33:06][INFO][Rank 0] - train Epoch 0/24: 12.9% (250/1940)
[2025-11-18 11:33:13][INFO][Rank 0] - train Epoch 0/24: 13.4% (260/1940)
[2025-11-18 11:33:20][INFO][Rank 0] - train Epoch 0/24: 13.9% (270/1940)
[2025-11-18 11:33:21][INFO][Rank 0] - CUDA Memory [train][Step 270]: Device 0: Allocated: 3309.6 MB, Reserved: 117540.0 MB (Δ: +1687.0 MB)
[2025-11-18 11:33:27][INFO][Rank 0] - train Epoch 0/24: 14.4% (280/1940)
[2025-11-18 11:33:34][INFO][Rank 0] - train Epoch 0/24: 14.9% (290/1940)
[2025-11-18 11:33:41][INFO][Rank 0] - train Epoch 0/24: 15.5% (300/1940)
[2025-11-18 11:33:48][INFO][Rank 0] - train Epoch 0/24: 16.0% (310/1940)
[2025-11-18 11:33:56][INFO][Rank 0] - train Epoch 0/24: 16.5% (320/1940)
[2025-11-18 11:34:03][INFO][Rank 0] - train Epoch 0/24: 17.0% (330/1940)
[2025-11-18 11:34:10][INFO][Rank 0] - train Epoch 0/24: 17.5% (340/1940)
[2025-11-18 11:34:17][INFO][Rank 0] - train Epoch 0/24: 18.0% (350/1940)
[2025-11-18 11:34:24][INFO][Rank 0] - train Epoch 0/24: 18.6% (360/1940)
[2025-11-18 11:34:25][INFO][Rank 0] - CUDA Memory [train][Step 360]: Device 0: Allocated: 3309.6 MB, Reserved: 117540.0 MB (Δ: +1687.0 MB)
[2025-11-18 11:34:31][INFO][Rank 0] - train Epoch 0/24: 19.1% (370/1940)
[2025-11-18 11:34:38][INFO][Rank 0] - train Epoch 0/24: 19.6% (380/1940)
[2025-11-18 11:34:45][INFO][Rank 0] - train Epoch 0/24: 20.1% (390/1940)
[2025-11-18 11:34:52][INFO][Rank 0] - train Epoch 0/24: 20.6% (400/1940)
[2025-11-18 11:34:59][INFO][Rank 0] - train Epoch 0/24: 21.1% (410/1940)
[2025-11-18 11:35:06][INFO][Rank 0] - train Epoch 0/24: 21.6% (420/1940)
[2025-11-18 11:35:13][INFO][Rank 0] - train Epoch 0/24: 22.2% (430/1940)
[2025-11-18 11:35:21][INFO][Rank 0] - train Epoch 0/24: 22.7% (440/1940)
[2025-11-18 11:35:28][INFO][Rank 0] - train Epoch 0/24: 23.2% (450/1940)
[2025-11-18 11:35:28][INFO][Rank 0] - CUDA Memory [train][Step 450]: Device 0: Allocated: 3309.6 MB, Reserved: 117540.0 MB (Δ: +1687.0 MB)
[2025-11-18 11:35:35][INFO][Rank 0] - train Epoch 0/24: 23.7% (460/1940)
[2025-11-18 11:35:42][INFO][Rank 0] - train Epoch 0/24: 24.2% (470/1940)
[2025-11-18 11:35:49][INFO][Rank 0] - train Epoch 0/24: 24.7% (480/1940)
[2025-11-18 11:35:56][INFO][Rank 0] - train Epoch 0/24: 25.3% (490/1940)
[2025-11-18 11:36:03][INFO][Rank 0] - train Epoch 0/24: 25.8% (500/1940)
[2025-11-18 11:36:10][INFO][Rank 0] - train Epoch 0/24: 26.3% (510/1940)
[2025-11-18 11:36:17][INFO][Rank 0] - train Epoch 0/24: 26.8% (520/1940)
[2025-11-18 11:36:24][INFO][Rank 0] - train Epoch 0/24: 27.3% (530/1940)
[2025-11-18 11:36:31][INFO][Rank 0] - train Epoch 0/24: 27.8% (540/1940)
[2025-11-18 11:36:32][INFO][Rank 0] - CUDA Memory [train][Step 540]: Device 0: Allocated: 3309.6 MB, Reserved: 117540.0 MB (Δ: +1687.0 MB)
[2025-11-18 11:36:38][INFO][Rank 0] - train Epoch 0/24: 28.4% (550/1940)
[2025-11-18 11:36:46][INFO][Rank 0] - train Epoch 0/24: 28.9% (560/1940)
[2025-11-18 11:36:53][INFO][Rank 0] - train Epoch 0/24: 29.4% (570/1940)
[2025-11-18 11:37:00][INFO][Rank 0] - train Epoch 0/24: 29.9% (580/1940)
[2025-11-18 11:37:07][INFO][Rank 0] - train Epoch 0/24: 30.4% (590/1940)
[2025-11-18 11:37:14][INFO][Rank 0] - train Epoch 0/24: 30.9% (600/1940)
[2025-11-18 11:37:21][INFO][Rank 0] - train Epoch 0/24: 31.4% (610/1940)
[2025-11-18 11:37:28][INFO][Rank 0] - train Epoch 0/24: 32.0% (620/1940)
[2025-11-18 11:37:35][INFO][Rank 0] - train Epoch 0/24: 32.5% (630/1940)
[2025-11-18 11:37:36][INFO][Rank 0] - CUDA Memory [train][Step 630]: Device 0: Allocated: 3309.6 MB, Reserved: 117540.0 MB (Δ: +1687.0 MB)
[2025-11-18 11:37:42][INFO][Rank 0] - train Epoch 0/24: 33.0% (640/1940)
[2025-11-18 11:37:49][INFO][Rank 0] - train Epoch 0/24: 33.5% (650/1940)
[2025-11-18 11:37:56][INFO][Rank 0] - train Epoch 0/24: 34.0% (660/1940)
[2025-11-18 11:38:03][INFO][Rank 0] - train Epoch 0/24: 34.5% (670/1940)
[2025-11-18 11:38:10][INFO][Rank 0] - train Epoch 0/24: 35.1% (680/1940)
[2025-11-18 11:38:18][INFO][Rank 0] - train Epoch 0/24: 35.6% (690/1940)
[2025-11-18 11:38:25][INFO][Rank 0] - train Epoch 0/24: 36.1% (700/1940)
[2025-11-18 11:38:32][INFO][Rank 0] - train Epoch 0/24: 36.6% (710/1940)
[2025-11-18 11:38:39][INFO][Rank 0] - train Epoch 0/24: 37.1% (720/1940)
[2025-11-18 11:38:40][INFO][Rank 0] - CUDA Memory [train][Step 720]: Device 0: Allocated: 3309.6 MB, Reserved: 117540.0 MB (Δ: +1687.0 MB)
[2025-11-18 11:38:46][INFO][Rank 0] - train Epoch 0/24: 37.6% (730/1940)
[2025-11-18 11:38:53][INFO][Rank 0] - train Epoch 0/24: 38.1% (740/1940)
[2025-11-18 11:39:00][INFO][Rank 0] - train Epoch 0/24: 38.7% (750/1940)
[2025-11-18 11:39:07][INFO][Rank 0] - train Epoch 0/24: 39.2% (760/1940)
[2025-11-18 11:39:14][INFO][Rank 0] - train Epoch 0/24: 39.7% (770/1940)
[2025-11-18 11:39:21][INFO][Rank 0] - train Epoch 0/24: 40.2% (780/1940)
[2025-11-18 11:39:28][INFO][Rank 0] - train Epoch 0/24: 40.7% (790/1940)
[2025-11-18 11:39:36][INFO][Rank 0] - train Epoch 0/24: 41.2% (800/1940)
[2025-11-18 11:39:43][INFO][Rank 0] - train Epoch 0/24: 41.8% (810/1940)
[2025-11-18 11:39:43][INFO][Rank 0] - CUDA Memory [train][Step 810]: Device 0: Allocated: 3309.6 MB, Reserved: 117540.0 MB (Δ: +1687.0 MB)
[2025-11-18 11:39:50][INFO][Rank 0] - train Epoch 0/24: 42.3% (820/1940)
[2025-11-18 11:39:57][INFO][Rank 0] - train Epoch 0/24: 42.8% (830/1940)
[2025-11-18 11:40:04][INFO][Rank 0] - train Epoch 0/24: 43.3% (840/1940)
[2025-11-18 11:40:11][INFO][Rank 0] - train Epoch 0/24: 43.8% (850/1940)
[2025-11-18 11:40:18][INFO][Rank 0] - train Epoch 0/24: 44.3% (860/1940)
[2025-11-18 11:40:25][INFO][Rank 0] - train Epoch 0/24: 44.8% (870/1940)
[2025-11-18 11:40:32][INFO][Rank 0] - train Epoch 0/24: 45.4% (880/1940)
[2025-11-18 11:40:39][INFO][Rank 0] - train Epoch 0/24: 45.9% (890/1940)
[2025-11-18 11:40:46][INFO][Rank 0] - train Epoch 0/24: 46.4% (900/1940)
[2025-11-18 11:40:47][INFO][Rank 0] - CUDA Memory [train][Step 900]: Device 0: Allocated: 3309.6 MB, Reserved: 117540.0 MB (Δ: +1687.0 MB)
[2025-11-18 11:40:53][INFO][Rank 0] - train Epoch 0/24: 46.9% (910/1940)
[2025-11-18 11:41:01][INFO][Rank 0] - train Epoch 0/24: 47.4% (920/1940)
[2025-11-18 11:41:08][INFO][Rank 0] - train Epoch 0/24: 47.9% (930/1940)
[2025-11-18 11:41:15][INFO][Rank 0] - train Epoch 0/24: 48.5% (940/1940)
[2025-11-18 11:41:22][INFO][Rank 0] - train Epoch 0/24: 49.0% (950/1940)
[2025-11-18 11:41:29][INFO][Rank 0] - train Epoch 0/24: 49.5% (960/1940)
[2025-11-18 11:41:36][INFO][Rank 0] - train Epoch 0/24: 50.0% (970/1940)
[2025-11-18 11:41:43][INFO][Rank 0] - train Epoch 0/24: 50.5% (980/1940)
[2025-11-18 11:41:50][INFO][Rank 0] - train Epoch 0/24: 51.0% (990/1940)
[2025-11-18 11:41:51][INFO][Rank 0] - CUDA Memory [train][Step 990]: Device 0: Allocated: 3309.6 MB, Reserved: 117540.0 MB (Δ: +1687.0 MB)
[2025-11-18 11:41:57][INFO][Rank 0] - train Epoch 0/24: 51.5% (1000/1940)
[2025-11-18 11:42:04][INFO][Rank 0] - train Epoch 0/24: 52.1% (1010/1940)
[2025-11-18 11:42:11][INFO][Rank 0] - train Epoch 0/24: 52.6% (1020/1940)
[2025-11-18 11:42:18][INFO][Rank 0] - train Epoch 0/24: 53.1% (1030/1940)
[2025-11-18 11:42:26][INFO][Rank 0] - train Epoch 0/24: 53.6% (1040/1940)
[2025-11-18 11:42:33][INFO][Rank 0] - train Epoch 0/24: 54.1% (1050/1940)
[2025-11-18 11:42:40][INFO][Rank 0] - train Epoch 0/24: 54.6% (1060/1940)
[2025-11-18 11:42:47][INFO][Rank 0] - train Epoch 0/24: 55.2% (1070/1940)
[2025-11-18 11:42:54][INFO][Rank 0] - train Epoch 0/24: 55.7% (1080/1940)
[2025-11-18 11:42:55][INFO][Rank 0] - CUDA Memory [train][Step 1080]: Device 0: Allocated: 3309.6 MB, Reserved: 117540.0 MB (Δ: +1687.0 MB)
[2025-11-18 11:43:01][INFO][Rank 0] - train Epoch 0/24: 56.2% (1090/1940)
[2025-11-18 11:43:08][INFO][Rank 0] - train Epoch 0/24: 56.7% (1100/1940)
[2025-11-18 11:43:15][INFO][Rank 0] - train Epoch 0/24: 57.2% (1110/1940)
[2025-11-18 11:43:22][INFO][Rank 0] - train Epoch 0/24: 57.7% (1120/1940)
[2025-11-18 11:43:29][INFO][Rank 0] - train Epoch 0/24: 58.2% (1130/1940)
[2025-11-18 11:43:36][INFO][Rank 0] - train Epoch 0/24: 58.8% (1140/1940)
[2025-11-18 11:43:43][INFO][Rank 0] - train Epoch 0/24: 59.3% (1150/1940)
[2025-11-18 11:43:50][INFO][Rank 0] - train Epoch 0/24: 59.8% (1160/1940)
[2025-11-18 11:43:58][INFO][Rank 0] - train Epoch 0/24: 60.3% (1170/1940)
[2025-11-18 11:43:58][INFO][Rank 0] - CUDA Memory [train][Step 1170]: Device 0: Allocated: 3309.6 MB, Reserved: 117540.0 MB (Δ: +1687.0 MB)
[2025-11-18 11:44:05][INFO][Rank 0] - train Epoch 0/24: 60.8% (1180/1940)
[2025-11-18 11:44:12][INFO][Rank 0] - train Epoch 0/24: 61.3% (1190/1940)
[2025-11-18 11:44:19][INFO][Rank 0] - train Epoch 0/24: 61.9% (1200/1940)
[2025-11-18 11:44:26][INFO][Rank 0] - train Epoch 0/24: 62.4% (1210/1940)
[2025-11-18 11:44:33][INFO][Rank 0] - train Epoch 0/24: 62.9% (1220/1940)
[2025-11-18 11:44:40][INFO][Rank 0] - train Epoch 0/24: 63.4% (1230/1940)
[2025-11-18 11:44:47][INFO][Rank 0] - train Epoch 0/24: 63.9% (1240/1940)
[2025-11-18 11:44:54][INFO][Rank 0] - train Epoch 0/24: 64.4% (1250/1940)
[2025-11-18 11:45:01][INFO][Rank 0] - train Epoch 0/24: 64.9% (1260/1940)
[2025-11-18 11:45:02][INFO][Rank 0] - CUDA Memory [train][Step 1260]: Device 0: Allocated: 3309.6 MB, Reserved: 117540.0 MB (Δ: +1687.0 MB)
[2025-11-18 11:45:08][INFO][Rank 0] - train Epoch 0/24: 65.5% (1270/1940)
[2025-11-18 11:45:15][INFO][Rank 0] - train Epoch 0/24: 66.0% (1280/1940)
[2025-11-18 11:45:23][INFO][Rank 0] - train Epoch 0/24: 66.5% (1290/1940)
[2025-11-18 11:45:30][INFO][Rank 0] - train Epoch 0/24: 67.0% (1300/1940)
[2025-11-18 11:45:37][INFO][Rank 0] - train Epoch 0/24: 67.5% (1310/1940)
[2025-11-18 11:45:44][INFO][Rank 0] - train Epoch 0/24: 68.0% (1320/1940)
[2025-11-18 11:45:51][INFO][Rank 0] - train Epoch 0/24: 68.6% (1330/1940)
[2025-11-18 11:45:58][INFO][Rank 0] - train Epoch 0/24: 69.1% (1340/1940)
[2025-11-18 11:46:05][INFO][Rank 0] - train Epoch 0/24: 69.6% (1350/1940)
[2025-11-18 11:46:06][INFO][Rank 0] - CUDA Memory [train][Step 1350]: Device 0: Allocated: 3309.6 MB, Reserved: 117540.0 MB (Δ: +1687.0 MB)
[2025-11-18 11:46:12][INFO][Rank 0] - train Epoch 0/24: 70.1% (1360/1940)
[2025-11-18 11:46:19][INFO][Rank 0] - train Epoch 0/24: 70.6% (1370/1940)
[2025-11-18 11:46:26][INFO][Rank 0] - train Epoch 0/24: 71.1% (1380/1940)
[2025-11-18 11:46:33][INFO][Rank 0] - train Epoch 0/24: 71.6% (1390/1940)
[2025-11-18 11:46:40][INFO][Rank 0] - train Epoch 0/24: 72.2% (1400/1940)
[2025-11-18 11:46:48][INFO][Rank 0] - train Epoch 0/24: 72.7% (1410/1940)
[2025-11-18 11:46:55][INFO][Rank 0] - train Epoch 0/24: 73.2% (1420/1940)
[2025-11-18 11:47:02][INFO][Rank 0] - train Epoch 0/24: 73.7% (1430/1940)
[2025-11-18 11:47:09][INFO][Rank 0] - train Epoch 0/24: 74.2% (1440/1940)
[2025-11-18 11:47:10][INFO][Rank 0] - CUDA Memory [train][Step 1440]: Device 0: Allocated: 3309.6 MB, Reserved: 117540.0 MB (Δ: +1687.0 MB)
[2025-11-18 11:47:16][INFO][Rank 0] - train Epoch 0/24: 74.7% (1450/1940)
[2025-11-18 11:47:23][INFO][Rank 0] - train Epoch 0/24: 75.3% (1460/1940)
[2025-11-18 11:47:30][INFO][Rank 0] - train Epoch 0/24: 75.8% (1470/1940)
[2025-11-18 11:47:37][INFO][Rank 0] - train Epoch 0/24: 76.3% (1480/1940)
[2025-11-18 11:47:44][INFO][Rank 0] - train Epoch 0/24: 76.8% (1490/1940)
[2025-11-18 11:47:51][INFO][Rank 0] - train Epoch 0/24: 77.3% (1500/1940)
[2025-11-18 11:47:58][INFO][Rank 0] - train Epoch 0/24: 77.8% (1510/1940)
[2025-11-18 11:48:05][INFO][Rank 0] - train Epoch 0/24: 78.4% (1520/1940)
[2025-11-18 11:48:13][INFO][Rank 0] - train Epoch 0/24: 78.9% (1530/1940)
[2025-11-18 11:48:13][INFO][Rank 0] - CUDA Memory [train][Step 1530]: Device 0: Allocated: 3309.6 MB, Reserved: 117540.0 MB (Δ: +1687.0 MB)
[2025-11-18 11:48:20][INFO][Rank 0] - train Epoch 0/24: 79.4% (1540/1940)
[2025-11-18 11:48:27][INFO][Rank 0] - train Epoch 0/24: 79.9% (1550/1940)
[2025-11-18 11:48:34][INFO][Rank 0] - train Epoch 0/24: 80.4% (1560/1940)
[2025-11-18 11:48:41][INFO][Rank 0] - train Epoch 0/24: 80.9% (1570/1940)
[2025-11-18 11:48:48][INFO][Rank 0] - train Epoch 0/24: 81.4% (1580/1940)
[2025-11-18 11:48:55][INFO][Rank 0] - train Epoch 0/24: 82.0% (1590/1940)
[2025-11-18 11:49:02][INFO][Rank 0] - train Epoch 0/24: 82.5% (1600/1940)
[2025-11-18 11:49:09][INFO][Rank 0] - train Epoch 0/24: 83.0% (1610/1940)
[2025-11-18 11:49:16][INFO][Rank 0] - train Epoch 0/24: 83.5% (1620/1940)
[2025-11-18 11:49:17][INFO][Rank 0] - CUDA Memory [train][Step 1620]: Device 0: Allocated: 3309.6 MB, Reserved: 117540.0 MB (Δ: +1687.0 MB)
[2025-11-18 11:49:23][INFO][Rank 0] - train Epoch 0/24: 84.0% (1630/1940)
[2025-11-18 11:49:30][INFO][Rank 0] - train Epoch 0/24: 84.5% (1640/1940)
[2025-11-18 11:49:38][INFO][Rank 0] - train Epoch 0/24: 85.1% (1650/1940)
[2025-11-18 11:49:45][INFO][Rank 0] - train Epoch 0/24: 85.6% (1660/1940)
[2025-11-18 11:49:52][INFO][Rank 0] - train Epoch 0/24: 86.1% (1670/1940)
[2025-11-18 11:49:59][INFO][Rank 0] - train Epoch 0/24: 86.6% (1680/1940)
[2025-11-18 11:50:06][INFO][Rank 0] - train Epoch 0/24: 87.1% (1690/1940)
[2025-11-18 11:50:13][INFO][Rank 0] - train Epoch 0/24: 87.6% (1700/1940)
[2025-11-18 11:50:20][INFO][Rank 0] - train Epoch 0/24: 88.1% (1710/1940)
[2025-11-18 11:50:21][INFO][Rank 0] - CUDA Memory [train][Step 1710]: Device 0: Allocated: 3309.6 MB, Reserved: 117540.0 MB (Δ: +1687.0 MB)
[2025-11-18 11:50:27][INFO][Rank 0] - train Epoch 0/24: 88.7% (1720/1940)
[2025-11-18 11:50:34][INFO][Rank 0] - train Epoch 0/24: 89.2% (1730/1940)
[2025-11-18 11:50:41][INFO][Rank 0] - train Epoch 0/24: 89.7% (1740/1940)
[2025-11-18 11:50:48][INFO][Rank 0] - train Epoch 0/24: 90.2% (1750/1940)
[2025-11-18 11:50:55][INFO][Rank 0] - train Epoch 0/24: 90.7% (1760/1940)
[2025-11-18 11:51:03][INFO][Rank 0] - train Epoch 0/24: 91.2% (1770/1940)
[2025-11-18 11:51:10][INFO][Rank 0] - train Epoch 0/24: 91.8% (1780/1940)
[2025-11-18 11:51:17][INFO][Rank 0] - train Epoch 0/24: 92.3% (1790/1940)
[2025-11-18 11:51:24][INFO][Rank 0] - train Epoch 0/24: 92.8% (1800/1940)
[2025-11-18 11:51:25][INFO][Rank 0] - CUDA Memory [train][Step 1800]: Device 0: Allocated: 3309.6 MB, Reserved: 117540.0 MB (Δ: +1687.0 MB)
[2025-11-18 11:51:31][INFO][Rank 0] - train Epoch 0/24: 93.3% (1810/1940)
[2025-11-18 11:51:38][INFO][Rank 0] - train Epoch 0/24: 93.8% (1820/1940)
[2025-11-18 11:51:45][INFO][Rank 0] - train Epoch 0/24: 94.3% (1830/1940)
[2025-11-18 11:51:52][INFO][Rank 0] - train Epoch 0/24: 94.8% (1840/1940)
[2025-11-18 11:51:59][INFO][Rank 0] - train Epoch 0/24: 95.4% (1850/1940)
[2025-11-18 11:52:06][INFO][Rank 0] - train Epoch 0/24: 95.9% (1860/1940)
[2025-11-18 11:52:13][INFO][Rank 0] - train Epoch 0/24: 96.4% (1870/1940)
[2025-11-18 11:52:20][INFO][Rank 0] - train Epoch 0/24: 96.9% (1880/1940)
[2025-11-18 11:52:28][INFO][Rank 0] - train Epoch 0/24: 97.4% (1890/1940)
[2025-11-18 11:52:28][INFO][Rank 0] - CUDA Memory [train][Step 1890]: Device 0: Allocated: 3309.6 MB, Reserved: 117540.0 MB (Δ: +1687.0 MB)
[2025-11-18 11:52:35][INFO][Rank 0] - train Epoch 0/24: 97.9% (1900/1940)
[2025-11-18 11:52:42][INFO][Rank 0] - train Epoch 0/24: 98.5% (1910/1940)
[2025-11-18 11:52:49][INFO][Rank 0] - train Epoch 0/24: 99.0% (1920/1940)
[2025-11-18 11:52:56][INFO][Rank 0] - train Epoch 0/24: 99.5% (1930/1940)
[2025-11-18 11:53:02][INFO][Rank 0] - train Epoch 0/24: 99.9% (1939/1940)
[2025-11-18 11:53:03][INFO][Rank 0] - train Loss: 0.5100 Acc: 0.9164 F1: 0.9562
[2025-11-18 11:53:03][INFO][Rank 0] - train Balanced Acc: 0.5361 AUC-ROC: 0.7089
[2025-11-18 11:53:03][INFO][Rank 0] - train Sensitivity: 0.9376 Specificity: 0.1345
[2025-11-18 11:53:03][INFO][Rank 0] - train Confusion Matrix: TP=17709, FP=444, FN=1178, TN=69
[2025-11-18 11:53:03][INFO][Rank 0] - train completed in 1377.20s
[2025-11-18 11:53:03][INFO][Rank 0] - Data loading time: 2.33s, Forward time: 280.95s, Backward time: 745.70s
[2025-11-18 11:53:03][INFO][Rank 0] - train cache: 0/1 items, hit rate: 0.00%
[2025-11-18 11:53:03][INFO][Rank 0] - CUDA Memory [val][Step 0]: Device 0: Allocated: 3309.6 MB, Reserved: 117540.0 MB (Δ: +1687.0 MB)
[2025-11-18 11:53:03][INFO][Rank 0] - val phase: total 407 batches
[2025-11-18 11:53:04][INFO][Rank 0] - val Epoch 0/24: 0.0% (0/407)
[2025-11-18 11:53:09][INFO][Rank 0] - val Epoch 0/24: 2.5% (10/407)
[2025-11-18 11:53:14][INFO][Rank 0] - val Epoch 0/24: 4.9% (20/407)
[2025-11-18 11:53:19][INFO][Rank 0] - val Epoch 0/24: 7.4% (30/407)
[2025-11-18 11:53:24][INFO][Rank 0] - val Epoch 0/24: 9.8% (40/407)
[2025-11-18 11:53:29][INFO][Rank 0] - val Epoch 0/24: 12.3% (50/407)
[2025-11-18 11:53:34][INFO][Rank 0] - val Epoch 0/24: 14.7% (60/407)
[2025-11-18 11:53:39][INFO][Rank 0] - val Epoch 0/24: 17.2% (70/407)
[2025-11-18 11:53:44][INFO][Rank 0] - val Epoch 0/24: 19.7% (80/407)
[2025-11-18 11:53:49][INFO][Rank 0] - val Epoch 0/24: 22.1% (90/407)
[2025-11-18 11:53:54][INFO][Rank 0] - val Epoch 0/24: 24.6% (100/407)
[2025-11-18 11:53:59][INFO][Rank 0] - val Epoch 0/24: 27.0% (110/407)
[2025-11-18 11:54:04][INFO][Rank 0] - val Epoch 0/24: 29.5% (120/407)
[2025-11-18 11:54:04][INFO][Rank 0] - CUDA Memory [val][Step 120]: Device 0: Allocated: 3309.6 MB, Reserved: 117540.0 MB (Δ: +1687.0 MB)
[2025-11-18 11:54:09][INFO][Rank 0] - val Epoch 0/24: 31.9% (130/407)
[2025-11-18 11:54:14][INFO][Rank 0] - val Epoch 0/24: 34.4% (140/407)
[2025-11-18 11:54:19][INFO][Rank 0] - val Epoch 0/24: 36.9% (150/407)
[2025-11-18 11:54:24][INFO][Rank 0] - val Epoch 0/24: 39.3% (160/407)
[2025-11-18 11:54:28][INFO][Rank 0] - val Epoch 0/24: 41.8% (170/407)
[2025-11-18 11:54:33][INFO][Rank 0] - val Epoch 0/24: 44.2% (180/407)
[2025-11-18 11:54:38][INFO][Rank 0] - val Epoch 0/24: 46.7% (190/407)
[2025-11-18 11:54:43][INFO][Rank 0] - val Epoch 0/24: 49.1% (200/407)
[2025-11-18 11:54:48][INFO][Rank 0] - val Epoch 0/24: 51.6% (210/407)
[2025-11-18 11:54:53][INFO][Rank 0] - val Epoch 0/24: 54.1% (220/407)
[2025-11-18 11:54:58][INFO][Rank 0] - val Epoch 0/24: 56.5% (230/407)
[2025-11-18 11:55:03][INFO][Rank 0] - val Epoch 0/24: 59.0% (240/407)
[2025-11-18 11:55:08][INFO][Rank 0] - val Epoch 0/24: 61.4% (250/407)
[2025-11-18 11:55:13][INFO][Rank 0] - val Epoch 0/24: 63.9% (260/407)
[2025-11-18 11:55:18][INFO][Rank 0] - val Epoch 0/24: 66.3% (270/407)
[2025-11-18 11:55:19][INFO][Rank 0] - CUDA Memory [val][Step 270]: Device 0: Allocated: 3309.6 MB, Reserved: 117540.0 MB (Δ: +1687.0 MB)
[2025-11-18 11:55:23][INFO][Rank 0] - val Epoch 0/24: 68.8% (280/407)
[2025-11-18 11:55:28][INFO][Rank 0] - val Epoch 0/24: 71.3% (290/407)
[2025-11-18 11:55:33][INFO][Rank 0] - val Epoch 0/24: 73.7% (300/407)
[2025-11-18 11:55:38][INFO][Rank 0] - val Epoch 0/24: 76.2% (310/407)
[2025-11-18 11:55:43][INFO][Rank 0] - val Epoch 0/24: 78.6% (320/407)
[2025-11-18 11:55:48][INFO][Rank 0] - val Epoch 0/24: 81.1% (330/407)
[2025-11-18 11:55:53][INFO][Rank 0] - val Epoch 0/24: 83.5% (340/407)
[2025-11-18 11:55:58][INFO][Rank 0] - val Epoch 0/24: 86.0% (350/407)
[2025-11-18 11:56:03][INFO][Rank 0] - val Epoch 0/24: 88.5% (360/407)
[2025-11-18 11:56:08][INFO][Rank 0] - val Epoch 0/24: 90.9% (370/407)
[2025-11-18 11:56:13][INFO][Rank 0] - val Epoch 0/24: 93.4% (380/407)
[2025-11-18 11:56:18][INFO][Rank 0] - val Epoch 0/24: 95.8% (390/407)
[2025-11-18 11:56:23][INFO][Rank 0] - val Epoch 0/24: 98.3% (400/407)
[2025-11-18 11:56:26][INFO][Rank 0] - val Epoch 0/24: 99.8% (406/407)
[2025-11-18 11:56:26][INFO][Rank 0] - val Loss: 0.2863 Acc: 0.9791 F1: 0.9894
[2025-11-18 11:56:26][INFO][Rank 0] - val Balanced Acc: 0.5058 AUC-ROC: 0.9504
[2025-11-18 11:56:26][INFO][Rank 0] - val Sensitivity: 1.0000 Specificity: 0.0116
[2025-11-18 11:56:26][INFO][Rank 0] - val Confusion Matrix: TP=3984, FP=85, FN=0, TN=1
[2025-11-18 11:56:26][INFO][Rank 0] - val completed in 203.14s
[2025-11-18 11:56:26][INFO][Rank 0] - val cache: 0/1 items, hit rate: 0.00%
[2025-11-18 11:56:30][INFO][Rank 0] - Saved new best accuracy model with accuracy: 0.9791 at /projects/retprogression/rgarridogarcia/checkpoints/cropped1024_cropped_centered_allR_1/best_acc_model.pth
[2025-11-18 11:56:34][INFO][Rank 0] - Saved new best f1 model with f1: 0.9894 at /projects/retprogression/rgarridogarcia/checkpoints/cropped1024_cropped_centered_allR_1/best_f1_model.pth
[2025-11-18 11:56:38][INFO][Rank 0] - Saved new best balanced_acc model with balanced_acc: 0.5058 at /projects/retprogression/rgarridogarcia/checkpoints/cropped1024_cropped_centered_allR_1/best_balanced_acc_model.pth
[2025-11-18 11:56:42][INFO][Rank 0] - Also saved as general best model at /projects/retprogression/rgarridogarcia/checkpoints/cropped1024_cropped_centered_allR_1/best_model.pth
[2025-11-18 11:56:46][INFO][Rank 0] - Saved new best auc model with auc: 0.9504 at /projects/retprogression/rgarridogarcia/checkpoints/cropped1024_cropped_centered_allR_1/best_auc_model.pth
[2025-11-18 11:56:50][INFO][Rank 0] - Saved epoch checkpoint at /projects/retprogression/rgarridogarcia/checkpoints/cropped1024_cropped_centered_allR_1/epoch_0.pth
[2025-11-18 11:56:50][INFO][Rank 0] - Epoch 0 summary:
[2025-11-18 11:56:50][INFO][Rank 0] -  Train Loss: 0.5100, Train Acc: 0.9164, Train F1: 0.9562
[2025-11-18 11:56:50][INFO][Rank 0] -  Train Balanced Acc: 0.5361, Train AUC: 0.7089
[2025-11-18 11:56:50][INFO][Rank 0] -  Train Sensitivity: 0.9376, Train Specificity: 0.1345
[2025-11-18 11:56:50][INFO][Rank 0] -  Val Loss: 0.2863, Val Acc: 0.9791, Val F1: 0.9894
[2025-11-18 11:56:50][INFO][Rank 0] -  Val Balanced Acc: 0.5058, Val AUC: 0.9504
[2025-11-18 11:56:50][INFO][Rank 0] -  Val Sensitivity: 1.0000, Val Specificity: 0.0116
[2025-11-18 11:56:50][INFO][Rank 0] -  Total Epoch Time: 1604.19s
[2025-11-18 11:56:50][INFO][Rank 0] - Epoch 1/24
[2025-11-18 11:56:50][INFO][Rank 0] - ----------
[2025-11-18 11:56:50][INFO][Rank 0] - CUDA Memory [train][Step 0]: Device 0: Allocated: 3309.6 MB, Reserved: 117540.0 MB (Δ: +1687.0 MB)
[2025-11-18 11:56:50][INFO][Rank 0] - train phase: total 1940 batches
[2025-11-18 11:56:51][INFO][Rank 0] - train Epoch 1/24: 0.0% (0/1940)
[2025-11-18 11:56:58][INFO][Rank 0] - train Epoch 1/24: 0.5% (10/1940)
[2025-11-18 11:57:05][INFO][Rank 0] - train Epoch 1/24: 1.0% (20/1940)
[2025-11-18 11:57:12][INFO][Rank 0] - train Epoch 1/24: 1.5% (30/1940)
[2025-11-18 11:57:19][INFO][Rank 0] - train Epoch 1/24: 2.1% (40/1940)
[2025-11-18 11:57:26][INFO][Rank 0] - train Epoch 1/24: 2.6% (50/1940)
[2025-11-18 11:57:33][INFO][Rank 0] - train Epoch 1/24: 3.1% (60/1940)
[2025-11-18 11:57:40][INFO][Rank 0] - train Epoch 1/24: 3.6% (70/1940)
[2025-11-18 11:57:47][INFO][Rank 0] - train Epoch 1/24: 4.1% (80/1940)
[2025-11-18 11:57:54][INFO][Rank 0] - train Epoch 1/24: 4.6% (90/1940)
[2025-11-18 11:57:55][INFO][Rank 0] - CUDA Memory [train][Step 90]: Device 0: Allocated: 3309.6 MB, Reserved: 117540.0 MB (Δ: +1687.0 MB)
[2025-11-18 11:58:02][INFO][Rank 0] - train Epoch 1/24: 5.2% (100/1940)
[2025-11-18 11:58:09][INFO][Rank 0] - train Epoch 1/24: 5.7% (110/1940)
[2025-11-18 11:58:16][INFO][Rank 0] - train Epoch 1/24: 6.2% (120/1940)
[2025-11-18 11:58:23][INFO][Rank 0] - train Epoch 1/24: 6.7% (130/1940)
[2025-11-18 11:58:30][INFO][Rank 0] - train Epoch 1/24: 7.2% (140/1940)
[2025-11-18 11:58:37][INFO][Rank 0] - train Epoch 1/24: 7.7% (150/1940)
[2025-11-18 11:58:44][INFO][Rank 0] - train Epoch 1/24: 8.2% (160/1940)
[2025-11-18 11:58:51][INFO][Rank 0] - train Epoch 1/24: 8.8% (170/1940)
[2025-11-18 11:58:58][INFO][Rank 0] - train Epoch 1/24: 9.3% (180/1940)
[2025-11-18 11:58:59][INFO][Rank 0] - CUDA Memory [train][Step 180]: Device 0: Allocated: 3309.6 MB, Reserved: 117540.0 MB (Δ: +1687.0 MB)
[2025-11-18 11:59:05][INFO][Rank 0] - train Epoch 1/24: 9.8% (190/1940)
[2025-11-18 11:59:12][INFO][Rank 0] - train Epoch 1/24: 10.3% (200/1940)
[2025-11-18 11:59:19][INFO][Rank 0] - train Epoch 1/24: 10.8% (210/1940)
[2025-11-18 11:59:27][INFO][Rank 0] - train Epoch 1/24: 11.3% (220/1940)
[2025-11-18 11:59:34][INFO][Rank 0] - train Epoch 1/24: 11.9% (230/1940)
[2025-11-18 11:59:41][INFO][Rank 0] - train Epoch 1/24: 12.4% (240/1940)
[2025-11-18 11:59:48][INFO][Rank 0] - train Epoch 1/24: 12.9% (250/1940)
[2025-11-18 11:59:55][INFO][Rank 0] - train Epoch 1/24: 13.4% (260/1940)
[2025-11-18 12:00:02][INFO][Rank 0] - train Epoch 1/24: 13.9% (270/1940)
[2025-11-18 12:00:03][INFO][Rank 0] - CUDA Memory [train][Step 270]: Device 0: Allocated: 3309.6 MB, Reserved: 117540.0 MB (Δ: +1687.0 MB)
[2025-11-18 12:00:09][INFO][Rank 0] - train Epoch 1/24: 14.4% (280/1940)
[2025-11-18 12:00:16][INFO][Rank 0] - train Epoch 1/24: 14.9% (290/1940)
[2025-11-18 12:00:23][INFO][Rank 0] - train Epoch 1/24: 15.5% (300/1940)
[2025-11-18 12:00:30][INFO][Rank 0] - train Epoch 1/24: 16.0% (310/1940)
[2025-11-18 12:00:37][INFO][Rank 0] - train Epoch 1/24: 16.5% (320/1940)
[2025-11-18 12:00:44][INFO][Rank 0] - train Epoch 1/24: 17.0% (330/1940)
[2025-11-18 12:00:52][INFO][Rank 0] - train Epoch 1/24: 17.5% (340/1940)
[2025-11-18 12:00:59][INFO][Rank 0] - train Epoch 1/24: 18.0% (350/1940)
[2025-11-18 12:01:06][INFO][Rank 0] - train Epoch 1/24: 18.6% (360/1940)
[2025-11-18 12:01:06][INFO][Rank 0] - CUDA Memory [train][Step 360]: Device 0: Allocated: 3309.6 MB, Reserved: 117540.0 MB (Δ: +1687.0 MB)
[2025-11-18 12:01:13][INFO][Rank 0] - train Epoch 1/24: 19.1% (370/1940)
[2025-11-18 12:01:20][INFO][Rank 0] - train Epoch 1/24: 19.6% (380/1940)
[2025-11-18 12:01:27][INFO][Rank 0] - train Epoch 1/24: 20.1% (390/1940)
[2025-11-18 12:01:34][INFO][Rank 0] - train Epoch 1/24: 20.6% (400/1940)
[2025-11-18 12:01:41][INFO][Rank 0] - train Epoch 1/24: 21.1% (410/1940)
[2025-11-18 12:01:48][INFO][Rank 0] - train Epoch 1/24: 21.6% (420/1940)
[2025-11-18 12:01:55][INFO][Rank 0] - train Epoch 1/24: 22.2% (430/1940)
[2025-11-18 12:02:02][INFO][Rank 0] - train Epoch 1/24: 22.7% (440/1940)
[2025-11-18 12:02:09][INFO][Rank 0] - train Epoch 1/24: 23.2% (450/1940)
[2025-11-18 12:02:10][INFO][Rank 0] - CUDA Memory [train][Step 450]: Device 0: Allocated: 3309.6 MB, Reserved: 117540.0 MB (Δ: +1687.0 MB)
[2025-11-18 12:02:17][INFO][Rank 0] - train Epoch 1/24: 23.7% (460/1940)
[2025-11-18 12:02:24][INFO][Rank 0] - train Epoch 1/24: 24.2% (470/1940)
[2025-11-18 12:02:31][INFO][Rank 0] - train Epoch 1/24: 24.7% (480/1940)
[2025-11-18 12:02:38][INFO][Rank 0] - train Epoch 1/24: 25.3% (490/1940)
[2025-11-18 12:02:45][INFO][Rank 0] - train Epoch 1/24: 25.8% (500/1940)
[2025-11-18 12:02:52][INFO][Rank 0] - train Epoch 1/24: 26.3% (510/1940)
[2025-11-18 12:02:59][INFO][Rank 0] - train Epoch 1/24: 26.8% (520/1940)
[2025-11-18 12:03:06][INFO][Rank 0] - train Epoch 1/24: 27.3% (530/1940)
[2025-11-18 12:03:13][INFO][Rank 0] - train Epoch 1/24: 27.8% (540/1940)
[2025-11-18 12:03:14][INFO][Rank 0] - CUDA Memory [train][Step 540]: Device 0: Allocated: 3309.6 MB, Reserved: 117540.0 MB (Δ: +1687.0 MB)
[2025-11-18 12:03:20][INFO][Rank 0] - train Epoch 1/24: 28.4% (550/1940)
[2025-11-18 12:03:27][INFO][Rank 0] - train Epoch 1/24: 28.9% (560/1940)
[2025-11-18 12:03:34][INFO][Rank 0] - train Epoch 1/24: 29.4% (570/1940)
[2025-11-18 12:03:42][INFO][Rank 0] - train Epoch 1/24: 29.9% (580/1940)
[2025-11-18 12:03:49][INFO][Rank 0] - train Epoch 1/24: 30.4% (590/1940)
[2025-11-18 12:03:56][INFO][Rank 0] - train Epoch 1/24: 30.9% (600/1940)
[2025-11-18 12:04:03][INFO][Rank 0] - train Epoch 1/24: 31.4% (610/1940)
[2025-11-18 12:04:10][INFO][Rank 0] - train Epoch 1/24: 32.0% (620/1940)
[2025-11-18 12:04:17][INFO][Rank 0] - train Epoch 1/24: 32.5% (630/1940)
[2025-11-18 12:04:18][INFO][Rank 0] - CUDA Memory [train][Step 630]: Device 0: Allocated: 3309.6 MB, Reserved: 117540.0 MB (Δ: +1687.0 MB)
[2025-11-18 12:04:24][INFO][Rank 0] - train Epoch 1/24: 33.0% (640/1940)
[2025-11-18 12:04:31][INFO][Rank 0] - train Epoch 1/24: 33.5% (650/1940)
[2025-11-18 12:04:38][INFO][Rank 0] - train Epoch 1/24: 34.0% (660/1940)
[2025-11-18 12:04:45][INFO][Rank 0] - train Epoch 1/24: 34.5% (670/1940)
[2025-11-18 12:04:52][INFO][Rank 0] - train Epoch 1/24: 35.1% (680/1940)
[2025-11-18 12:04:59][INFO][Rank 0] - train Epoch 1/24: 35.6% (690/1940)
[2025-11-18 12:05:07][INFO][Rank 0] - train Epoch 1/24: 36.1% (700/1940)
[2025-11-18 12:05:14][INFO][Rank 0] - train Epoch 1/24: 36.6% (710/1940)
[2025-11-18 12:05:21][INFO][Rank 0] - train Epoch 1/24: 37.1% (720/1940)
[2025-11-18 12:05:21][INFO][Rank 0] - CUDA Memory [train][Step 720]: Device 0: Allocated: 3309.6 MB, Reserved: 117540.0 MB (Δ: +1687.0 MB)
[2025-11-18 12:05:28][INFO][Rank 0] - train Epoch 1/24: 37.6% (730/1940)
[2025-11-18 12:05:35][INFO][Rank 0] - train Epoch 1/24: 38.1% (740/1940)
[2025-11-18 12:05:42][INFO][Rank 0] - train Epoch 1/24: 38.7% (750/1940)
[2025-11-18 12:05:49][INFO][Rank 0] - train Epoch 1/24: 39.2% (760/1940)
[2025-11-18 12:05:56][INFO][Rank 0] - train Epoch 1/24: 39.7% (770/1940)
[2025-11-18 12:06:03][INFO][Rank 0] - train Epoch 1/24: 40.2% (780/1940)
[2025-11-18 12:06:10][INFO][Rank 0] - train Epoch 1/24: 40.7% (790/1940)
[2025-11-18 12:06:17][INFO][Rank 0] - train Epoch 1/24: 41.2% (800/1940)
[2025-11-18 12:06:25][INFO][Rank 0] - train Epoch 1/24: 41.8% (810/1940)
[2025-11-18 12:06:25][INFO][Rank 0] - CUDA Memory [train][Step 810]: Device 0: Allocated: 3309.6 MB, Reserved: 117540.0 MB (Δ: +1687.0 MB)
[2025-11-18 12:06:32][INFO][Rank 0] - train Epoch 1/24: 42.3% (820/1940)
[2025-11-18 12:06:39][INFO][Rank 0] - train Epoch 1/24: 42.8% (830/1940)
[2025-11-18 12:06:46][INFO][Rank 0] - train Epoch 1/24: 43.3% (840/1940)
[2025-11-18 12:06:53][INFO][Rank 0] - train Epoch 1/24: 43.8% (850/1940)
[2025-11-18 12:07:00][INFO][Rank 0] - train Epoch 1/24: 44.3% (860/1940)
[2025-11-18 12:07:07][INFO][Rank 0] - train Epoch 1/24: 44.8% (870/1940)
[2025-11-18 12:07:14][INFO][Rank 0] - train Epoch 1/24: 45.4% (880/1940)
[2025-11-18 12:07:21][INFO][Rank 0] - train Epoch 1/24: 45.9% (890/1940)
[2025-11-18 12:07:28][INFO][Rank 0] - train Epoch 1/24: 46.4% (900/1940)
[2025-11-18 12:07:29][INFO][Rank 0] - CUDA Memory [train][Step 900]: Device 0: Allocated: 3309.6 MB, Reserved: 117540.0 MB (Δ: +1687.0 MB)
[2025-11-18 12:07:35][INFO][Rank 0] - train Epoch 1/24: 46.9% (910/1940)
[2025-11-18 12:07:42][INFO][Rank 0] - train Epoch 1/24: 47.4% (920/1940)
[2025-11-18 12:07:49][INFO][Rank 0] - train Epoch 1/24: 47.9% (930/1940)
[2025-11-18 12:07:57][INFO][Rank 0] - train Epoch 1/24: 48.5% (940/1940)
[2025-11-18 12:08:04][INFO][Rank 0] - train Epoch 1/24: 49.0% (950/1940)
[2025-11-18 12:08:11][INFO][Rank 0] - train Epoch 1/24: 49.5% (960/1940)
[2025-11-18 12:08:18][INFO][Rank 0] - train Epoch 1/24: 50.0% (970/1940)
[2025-11-18 12:08:25][INFO][Rank 0] - train Epoch 1/24: 50.5% (980/1940)
[2025-11-18 12:08:32][INFO][Rank 0] - train Epoch 1/24: 51.0% (990/1940)
[2025-11-18 12:08:33][INFO][Rank 0] - CUDA Memory [train][Step 990]: Device 0: Allocated: 3309.6 MB, Reserved: 117540.0 MB (Δ: +1687.0 MB)
[2025-11-18 12:08:39][INFO][Rank 0] - train Epoch 1/24: 51.5% (1000/1940)
[2025-11-18 12:08:46][INFO][Rank 0] - train Epoch 1/24: 52.1% (1010/1940)
[2025-11-18 12:08:53][INFO][Rank 0] - train Epoch 1/24: 52.6% (1020/1940)
[2025-11-18 12:09:00][INFO][Rank 0] - train Epoch 1/24: 53.1% (1030/1940)
[2025-11-18 12:09:07][INFO][Rank 0] - train Epoch 1/24: 53.6% (1040/1940)
[2025-11-18 12:09:14][INFO][Rank 0] - train Epoch 1/24: 54.1% (1050/1940)
[2025-11-18 12:09:22][INFO][Rank 0] - train Epoch 1/24: 54.6% (1060/1940)
[2025-11-18 12:09:29][INFO][Rank 0] - train Epoch 1/24: 55.2% (1070/1940)
[2025-11-18 12:09:36][INFO][Rank 0] - train Epoch 1/24: 55.7% (1080/1940)
[2025-11-18 12:09:36][INFO][Rank 0] - CUDA Memory [train][Step 1080]: Device 0: Allocated: 3309.6 MB, Reserved: 117540.0 MB (Δ: +1687.0 MB)
[2025-11-18 12:09:43][INFO][Rank 0] - train Epoch 1/24: 56.2% (1090/1940)
[2025-11-18 12:09:50][INFO][Rank 0] - train Epoch 1/24: 56.7% (1100/1940)
[2025-11-18 12:09:57][INFO][Rank 0] - train Epoch 1/24: 57.2% (1110/1940)
[2025-11-18 12:10:04][INFO][Rank 0] - train Epoch 1/24: 57.7% (1120/1940)
[2025-11-18 12:10:11][INFO][Rank 0] - train Epoch 1/24: 58.2% (1130/1940)
[2025-11-18 12:10:18][INFO][Rank 0] - train Epoch 1/24: 58.8% (1140/1940)
[2025-11-18 12:10:25][INFO][Rank 0] - train Epoch 1/24: 59.3% (1150/1940)
[2025-11-18 12:10:32][INFO][Rank 0] - train Epoch 1/24: 59.8% (1160/1940)
[2025-11-18 12:10:39][INFO][Rank 0] - train Epoch 1/24: 60.3% (1170/1940)
[2025-11-18 12:10:40][INFO][Rank 0] - CUDA Memory [train][Step 1170]: Device 0: Allocated: 3309.6 MB, Reserved: 117540.0 MB (Δ: +1687.0 MB)
[2025-11-18 12:10:46][INFO][Rank 0] - train Epoch 1/24: 60.8% (1180/1940)
[2025-11-18 12:10:54][INFO][Rank 0] - train Epoch 1/24: 61.3% (1190/1940)
[2025-11-18 12:11:01][INFO][Rank 0] - train Epoch 1/24: 61.9% (1200/1940)
[2025-11-18 12:11:08][INFO][Rank 0] - train Epoch 1/24: 62.4% (1210/1940)
[2025-11-18 12:11:15][INFO][Rank 0] - train Epoch 1/24: 62.9% (1220/1940)
[2025-11-18 12:11:22][INFO][Rank 0] - train Epoch 1/24: 63.4% (1230/1940)
[2025-11-18 12:11:29][INFO][Rank 0] - train Epoch 1/24: 63.9% (1240/1940)
[2025-11-18 12:11:36][INFO][Rank 0] - train Epoch 1/24: 64.4% (1250/1940)
[2025-11-18 12:11:43][INFO][Rank 0] - train Epoch 1/24: 64.9% (1260/1940)
[2025-11-18 12:11:44][INFO][Rank 0] - CUDA Memory [train][Step 1260]: Device 0: Allocated: 3309.6 MB, Reserved: 117540.0 MB (Δ: +1687.0 MB)
[2025-11-18 12:11:50][INFO][Rank 0] - train Epoch 1/24: 65.5% (1270/1940)
[2025-11-18 12:11:57][INFO][Rank 0] - train Epoch 1/24: 66.0% (1280/1940)
[2025-11-18 12:12:04][INFO][Rank 0] - train Epoch 1/24: 66.5% (1290/1940)
[2025-11-18 12:12:11][INFO][Rank 0] - train Epoch 1/24: 67.0% (1300/1940)
[2025-11-18 12:12:19][INFO][Rank 0] - train Epoch 1/24: 67.5% (1310/1940)
[2025-11-18 12:12:26][INFO][Rank 0] - train Epoch 1/24: 68.0% (1320/1940)
[2025-11-18 12:12:33][INFO][Rank 0] - train Epoch 1/24: 68.6% (1330/1940)
[2025-11-18 12:12:40][INFO][Rank 0] - train Epoch 1/24: 69.1% (1340/1940)
[2025-11-18 12:12:47][INFO][Rank 0] - train Epoch 1/24: 69.6% (1350/1940)
[2025-11-18 12:12:48][INFO][Rank 0] - CUDA Memory [train][Step 1350]: Device 0: Allocated: 3309.6 MB, Reserved: 117540.0 MB (Δ: +1687.0 MB)
[2025-11-18 12:12:54][INFO][Rank 0] - train Epoch 1/24: 70.1% (1360/1940)
[2025-11-18 12:13:01][INFO][Rank 0] - train Epoch 1/24: 70.6% (1370/1940)
[2025-11-18 12:13:08][INFO][Rank 0] - train Epoch 1/24: 71.1% (1380/1940)
[2025-11-18 12:13:15][INFO][Rank 0] - train Epoch 1/24: 71.6% (1390/1940)
[2025-11-18 12:13:22][INFO][Rank 0] - train Epoch 1/24: 72.2% (1400/1940)
[2025-11-18 12:13:29][INFO][Rank 0] - train Epoch 1/24: 72.7% (1410/1940)
[2025-11-18 12:13:36][INFO][Rank 0] - train Epoch 1/24: 73.2% (1420/1940)
[2025-11-18 12:13:44][INFO][Rank 0] - train Epoch 1/24: 73.7% (1430/1940)
[2025-11-18 12:13:51][INFO][Rank 0] - train Epoch 1/24: 74.2% (1440/1940)
[2025-11-18 12:13:51][INFO][Rank 0] - CUDA Memory [train][Step 1440]: Device 0: Allocated: 3309.6 MB, Reserved: 117540.0 MB (Δ: +1687.0 MB)
[2025-11-18 12:13:58][INFO][Rank 0] - train Epoch 1/24: 74.7% (1450/1940)
[2025-11-18 12:14:05][INFO][Rank 0] - train Epoch 1/24: 75.3% (1460/1940)
[2025-11-18 12:14:12][INFO][Rank 0] - train Epoch 1/24: 75.8% (1470/1940)
[2025-11-18 12:14:19][INFO][Rank 0] - train Epoch 1/24: 76.3% (1480/1940)
[2025-11-18 12:14:26][INFO][Rank 0] - train Epoch 1/24: 76.8% (1490/1940)
[2025-11-18 12:14:33][INFO][Rank 0] - train Epoch 1/24: 77.3% (1500/1940)
[2025-11-18 12:14:40][INFO][Rank 0] - train Epoch 1/24: 77.8% (1510/1940)
[2025-11-18 12:14:47][INFO][Rank 0] - train Epoch 1/24: 78.4% (1520/1940)
[2025-11-18 12:14:54][INFO][Rank 0] - train Epoch 1/24: 78.9% (1530/1940)
[2025-11-18 12:14:55][INFO][Rank 0] - CUDA Memory [train][Step 1530]: Device 0: Allocated: 3309.6 MB, Reserved: 117540.0 MB (Δ: +1687.0 MB)
[2025-11-18 12:15:01][INFO][Rank 0] - train Epoch 1/24: 79.4% (1540/1940)
[2025-11-18 12:15:08][INFO][Rank 0] - train Epoch 1/24: 79.9% (1550/1940)
[2025-11-18 12:15:16][INFO][Rank 0] - train Epoch 1/24: 80.4% (1560/1940)
[2025-11-18 12:15:23][INFO][Rank 0] - train Epoch 1/24: 80.9% (1570/1940)
[2025-11-18 12:15:30][INFO][Rank 0] - train Epoch 1/24: 81.4% (1580/1940)
[2025-11-18 12:15:37][INFO][Rank 0] - train Epoch 1/24: 82.0% (1590/1940)
[2025-11-18 12:15:44][INFO][Rank 0] - train Epoch 1/24: 82.5% (1600/1940)
[2025-11-18 12:15:51][INFO][Rank 0] - train Epoch 1/24: 83.0% (1610/1940)
[2025-11-18 12:15:58][INFO][Rank 0] - train Epoch 1/24: 83.5% (1620/1940)
[2025-11-18 12:15:59][INFO][Rank 0] - CUDA Memory [train][Step 1620]: Device 0: Allocated: 3309.6 MB, Reserved: 117540.0 MB (Δ: +1687.0 MB)
[2025-11-18 12:16:05][INFO][Rank 0] - train Epoch 1/24: 84.0% (1630/1940)
[2025-11-18 12:16:12][INFO][Rank 0] - train Epoch 1/24: 84.5% (1640/1940)
[2025-11-18 12:16:19][INFO][Rank 0] - train Epoch 1/24: 85.1% (1650/1940)
[2025-11-18 12:16:26][INFO][Rank 0] - train Epoch 1/24: 85.6% (1660/1940)
[2025-11-18 12:16:33][INFO][Rank 0] - train Epoch 1/24: 86.1% (1670/1940)
[2025-11-18 12:16:41][INFO][Rank 0] - train Epoch 1/24: 86.6% (1680/1940)
[2025-11-18 12:16:48][INFO][Rank 0] - train Epoch 1/24: 87.1% (1690/1940)
[2025-11-18 12:16:55][INFO][Rank 0] - train Epoch 1/24: 87.6% (1700/1940)
[2025-11-18 12:17:02][INFO][Rank 0] - train Epoch 1/24: 88.1% (1710/1940)
[2025-11-18 12:17:02][INFO][Rank 0] - CUDA Memory [train][Step 1710]: Device 0: Allocated: 3309.6 MB, Reserved: 117540.0 MB (Δ: +1687.0 MB)
[2025-11-18 12:17:09][INFO][Rank 0] - train Epoch 1/24: 88.7% (1720/1940)
[2025-11-18 12:17:16][INFO][Rank 0] - train Epoch 1/24: 89.2% (1730/1940)
[2025-11-18 12:17:23][INFO][Rank 0] - train Epoch 1/24: 89.7% (1740/1940)
[2025-11-18 12:17:30][INFO][Rank 0] - train Epoch 1/24: 90.2% (1750/1940)
[2025-11-18 12:17:37][INFO][Rank 0] - train Epoch 1/24: 90.7% (1760/1940)
[2025-11-18 12:17:44][INFO][Rank 0] - train Epoch 1/24: 91.2% (1770/1940)
[2025-11-18 12:17:51][INFO][Rank 0] - train Epoch 1/24: 91.8% (1780/1940)
[2025-11-18 12:17:58][INFO][Rank 0] - train Epoch 1/24: 92.3% (1790/1940)
[2025-11-18 12:18:05][INFO][Rank 0] - train Epoch 1/24: 92.8% (1800/1940)
[2025-11-18 12:18:06][INFO][Rank 0] - CUDA Memory [train][Step 1800]: Device 0: Allocated: 3309.6 MB, Reserved: 117540.0 MB (Δ: +1687.0 MB)
[2025-11-18 12:18:13][INFO][Rank 0] - train Epoch 1/24: 93.3% (1810/1940)
[2025-11-18 12:18:20][INFO][Rank 0] - train Epoch 1/24: 93.8% (1820/1940)
[2025-11-18 12:18:27][INFO][Rank 0] - train Epoch 1/24: 94.3% (1830/1940)
[2025-11-18 12:18:34][INFO][Rank 0] - train Epoch 1/24: 94.8% (1840/1940)
[2025-11-18 12:18:41][INFO][Rank 0] - train Epoch 1/24: 95.4% (1850/1940)
[2025-11-18 12:18:48][INFO][Rank 0] - train Epoch 1/24: 95.9% (1860/1940)
[2025-11-18 12:18:55][INFO][Rank 0] - train Epoch 1/24: 96.4% (1870/1940)
[2025-11-18 12:19:02][INFO][Rank 0] - train Epoch 1/24: 96.9% (1880/1940)
[2025-11-18 12:19:09][INFO][Rank 0] - train Epoch 1/24: 97.4% (1890/1940)
[2025-11-18 12:19:10][INFO][Rank 0] - CUDA Memory [train][Step 1890]: Device 0: Allocated: 3309.6 MB, Reserved: 117540.0 MB (Δ: +1687.0 MB)
[2025-11-18 12:19:16][INFO][Rank 0] - train Epoch 1/24: 97.9% (1900/1940)
[2025-11-18 12:19:23][INFO][Rank 0] - train Epoch 1/24: 98.5% (1910/1940)
[2025-11-18 12:19:30][INFO][Rank 0] - train Epoch 1/24: 99.0% (1920/1940)
[2025-11-18 12:19:38][INFO][Rank 0] - train Epoch 1/24: 99.5% (1930/1940)
[2025-11-18 12:19:44][INFO][Rank 0] - train Epoch 1/24: 99.9% (1939/1940)
[2025-11-18 12:19:45][INFO][Rank 0] - train Loss: 0.3462 Acc: 0.9749 F1: 0.9873
[2025-11-18 12:19:45][INFO][Rank 0] - train Balanced Acc: 0.5377 AUC-ROC: 0.9324
[2025-11-18 12:19:45][INFO][Rank 0] - train Sensitivity: 0.9993 Specificity: 0.0760
[2025-11-18 12:19:45][INFO][Rank 0] - train Confusion Matrix: TP=18874, FP=474, FN=13, TN=39
[2025-11-18 12:19:45][INFO][Rank 0] - train completed in 1374.64s
[2025-11-18 12:19:45][INFO][Rank 0] - Data loading time: 1.66s, Forward time: 279.71s, Backward time: 744.81s
[2025-11-18 12:19:45][INFO][Rank 0] - train cache: 0/1 items, hit rate: 0.00%
[2025-11-18 12:19:45][INFO][Rank 0] - CUDA Memory [val][Step 0]: Device 0: Allocated: 3309.6 MB, Reserved: 117540.0 MB (Δ: +1687.0 MB)
[2025-11-18 12:19:45][INFO][Rank 0] - val phase: total 407 batches
[2025-11-18 12:19:45][INFO][Rank 0] - val Epoch 1/24: 0.0% (0/407)
[2025-11-18 12:19:50][INFO][Rank 0] - val Epoch 1/24: 2.5% (10/407)
[2025-11-18 12:19:55][INFO][Rank 0] - val Epoch 1/24: 4.9% (20/407)
[2025-11-18 12:20:00][INFO][Rank 0] - val Epoch 1/24: 7.4% (30/407)
[2025-11-18 12:20:05][INFO][Rank 0] - val Epoch 1/24: 9.8% (40/407)
[2025-11-18 12:20:10][INFO][Rank 0] - val Epoch 1/24: 12.3% (50/407)
[2025-11-18 12:20:15][INFO][Rank 0] - val Epoch 1/24: 14.7% (60/407)
[2025-11-18 12:20:20][INFO][Rank 0] - val Epoch 1/24: 17.2% (70/407)
[2025-11-18 12:20:25][INFO][Rank 0] - val Epoch 1/24: 19.7% (80/407)
[2025-11-18 12:20:30][INFO][Rank 0] - val Epoch 1/24: 22.1% (90/407)
[2025-11-18 12:20:35][INFO][Rank 0] - val Epoch 1/24: 24.6% (100/407)
[2025-11-18 12:20:39][INFO][Rank 0] - val Epoch 1/24: 27.0% (110/407)
[2025-11-18 12:20:44][INFO][Rank 0] - val Epoch 1/24: 29.5% (120/407)
[2025-11-18 12:20:45][INFO][Rank 0] - CUDA Memory [val][Step 120]: Device 0: Allocated: 3309.6 MB, Reserved: 117540.0 MB (Δ: +1687.0 MB)
[2025-11-18 12:20:49][INFO][Rank 0] - val Epoch 1/24: 31.9% (130/407)
[2025-11-18 12:20:54][INFO][Rank 0] - val Epoch 1/24: 34.4% (140/407)
[2025-11-18 12:20:59][INFO][Rank 0] - val Epoch 1/24: 36.9% (150/407)
[2025-11-18 12:21:04][INFO][Rank 0] - val Epoch 1/24: 39.3% (160/407)
[2025-11-18 12:21:09][INFO][Rank 0] - val Epoch 1/24: 41.8% (170/407)
[2025-11-18 12:21:14][INFO][Rank 0] - val Epoch 1/24: 44.2% (180/407)
[2025-11-18 12:21:19][INFO][Rank 0] - val Epoch 1/24: 46.7% (190/407)
[2025-11-18 12:21:24][INFO][Rank 0] - val Epoch 1/24: 49.1% (200/407)
[2025-11-18 12:21:29][INFO][Rank 0] - val Epoch 1/24: 51.6% (210/407)
[2025-11-18 12:21:34][INFO][Rank 0] - val Epoch 1/24: 54.1% (220/407)
[2025-11-18 12:21:39][INFO][Rank 0] - val Epoch 1/24: 56.5% (230/407)
[2025-11-18 12:21:44][INFO][Rank 0] - val Epoch 1/24: 59.0% (240/407)
[2025-11-18 12:21:49][INFO][Rank 0] - val Epoch 1/24: 61.4% (250/407)
[2025-11-18 12:21:54][INFO][Rank 0] - val Epoch 1/24: 63.9% (260/407)
[2025-11-18 12:21:59][INFO][Rank 0] - val Epoch 1/24: 66.3% (270/407)
[2025-11-18 12:21:59][INFO][Rank 0] - CUDA Memory [val][Step 270]: Device 0: Allocated: 3309.6 MB, Reserved: 117540.0 MB (Δ: +1687.0 MB)
[2025-11-18 12:22:04][INFO][Rank 0] - val Epoch 1/24: 68.8% (280/407)
[2025-11-18 12:22:09][INFO][Rank 0] - val Epoch 1/24: 71.3% (290/407)
[2025-11-18 12:22:14][INFO][Rank 0] - val Epoch 1/24: 73.7% (300/407)
[2025-11-18 12:22:18][INFO][Rank 0] - val Epoch 1/24: 76.2% (310/407)
[2025-11-18 12:22:23][INFO][Rank 0] - val Epoch 1/24: 78.6% (320/407)
[2025-11-18 12:22:28][INFO][Rank 0] - val Epoch 1/24: 81.1% (330/407)
[2025-11-18 12:22:33][INFO][Rank 0] - val Epoch 1/24: 83.5% (340/407)
[2025-11-18 12:22:38][INFO][Rank 0] - val Epoch 1/24: 86.0% (350/407)
[2025-11-18 12:22:43][INFO][Rank 0] - val Epoch 1/24: 88.5% (360/407)
[2025-11-18 12:22:48][INFO][Rank 0] - val Epoch 1/24: 90.9% (370/407)
[2025-11-18 12:22:53][INFO][Rank 0] - val Epoch 1/24: 93.4% (380/407)
[2025-11-18 12:22:58][INFO][Rank 0] - val Epoch 1/24: 95.8% (390/407)
[2025-11-18 12:23:03][INFO][Rank 0] - val Epoch 1/24: 98.3% (400/407)
[2025-11-18 12:23:06][INFO][Rank 0] - val Epoch 1/24: 99.8% (406/407)
[2025-11-18 12:23:06][INFO][Rank 0] - val Loss: 0.1939 Acc: 0.9808 F1: 0.9903
[2025-11-18 12:23:06][INFO][Rank 0] - val Balanced Acc: 0.5579 AUC-ROC: 0.9756
[2025-11-18 12:23:06][INFO][Rank 0] - val Sensitivity: 0.9995 Specificity: 0.1163
[2025-11-18 12:23:06][INFO][Rank 0] - val Confusion Matrix: TP=3982, FP=76, FN=2, TN=10
[2025-11-18 12:23:06][INFO][Rank 0] - val completed in 201.86s
[2025-11-18 12:23:06][INFO][Rank 0] - val cache: 0/1 items, hit rate: 0.00%
[2025-11-18 12:23:10][INFO][Rank 0] - Saved new best accuracy model with accuracy: 0.9808 at /projects/retprogression/rgarridogarcia/checkpoints/cropped1024_cropped_centered_allR_1/best_acc_model.pth
[2025-11-18 12:23:14][INFO][Rank 0] - Saved new best f1 model with f1: 0.9903 at /projects/retprogression/rgarridogarcia/checkpoints/cropped1024_cropped_centered_allR_1/best_f1_model.pth
[2025-11-18 12:23:18][INFO][Rank 0] - Saved new best balanced_acc model with balanced_acc: 0.5579 at /projects/retprogression/rgarridogarcia/checkpoints/cropped1024_cropped_centered_allR_1/best_balanced_acc_model.pth
[2025-11-18 12:23:23][INFO][Rank 0] - Also saved as general best model at /projects/retprogression/rgarridogarcia/checkpoints/cropped1024_cropped_centered_allR_1/best_model.pth
[2025-11-18 12:23:27][INFO][Rank 0] - Saved new best auc model with auc: 0.9756 at /projects/retprogression/rgarridogarcia/checkpoints/cropped1024_cropped_centered_allR_1/best_auc_model.pth
[2025-11-18 12:23:31][INFO][Rank 0] - Saved epoch checkpoint at /projects/retprogression/rgarridogarcia/checkpoints/cropped1024_cropped_centered_allR_1/epoch_1.pth
[2025-11-18 12:23:31][INFO][Rank 0] - Epoch 1 summary:
[2025-11-18 12:23:31][INFO][Rank 0] -  Train Loss: 0.3462, Train Acc: 0.9749, Train F1: 0.9873
[2025-11-18 12:23:31][INFO][Rank 0] -  Train Balanced Acc: 0.5377, Train AUC: 0.9324
[2025-11-18 12:23:31][INFO][Rank 0] -  Train Sensitivity: 0.9993, Train Specificity: 0.0760
[2025-11-18 12:23:31][INFO][Rank 0] -  Val Loss: 0.1939, Val Acc: 0.9808, Val F1: 0.9903
[2025-11-18 12:23:31][INFO][Rank 0] -  Val Balanced Acc: 0.5579, Val AUC: 0.9756
[2025-11-18 12:23:31][INFO][Rank 0] -  Val Sensitivity: 0.9995, Val Specificity: 0.1163
[2025-11-18 12:23:31][INFO][Rank 0] -  Total Epoch Time: 1600.63s
[2025-11-18 12:23:31][INFO][Rank 0] - Epoch 2/24
[2025-11-18 12:23:31][INFO][Rank 0] - ----------
[2025-11-18 12:23:31][INFO][Rank 0] - CUDA Memory [train][Step 0]: Device 0: Allocated: 3309.6 MB, Reserved: 117540.0 MB (Δ: +1687.0 MB)
[2025-11-18 12:23:31][INFO][Rank 0] - train phase: total 1940 batches
[2025-11-18 12:23:31][INFO][Rank 0] - train Epoch 2/24: 0.0% (0/1940)
[2025-11-18 12:23:38][INFO][Rank 0] - train Epoch 2/24: 0.5% (10/1940)
[2025-11-18 12:23:45][INFO][Rank 0] - train Epoch 2/24: 1.0% (20/1940)
[2025-11-18 12:23:52][INFO][Rank 0] - train Epoch 2/24: 1.5% (30/1940)
[2025-11-18 12:23:59][INFO][Rank 0] - train Epoch 2/24: 2.1% (40/1940)
[2025-11-18 12:24:06][INFO][Rank 0] - train Epoch 2/24: 2.6% (50/1940)
[2025-11-18 12:24:13][INFO][Rank 0] - train Epoch 2/24: 3.1% (60/1940)
[2025-11-18 12:24:20][INFO][Rank 0] - train Epoch 2/24: 3.6% (70/1940)
[2025-11-18 12:24:28][INFO][Rank 0] - train Epoch 2/24: 4.1% (80/1940)
[2025-11-18 12:24:35][INFO][Rank 0] - train Epoch 2/24: 4.6% (90/1940)
[2025-11-18 12:24:35][INFO][Rank 0] - CUDA Memory [train][Step 90]: Device 0: Allocated: 3309.6 MB, Reserved: 117540.0 MB (Δ: +1687.0 MB)
[2025-11-18 12:24:42][INFO][Rank 0] - train Epoch 2/24: 5.2% (100/1940)
[2025-11-18 12:24:49][INFO][Rank 0] - train Epoch 2/24: 5.7% (110/1940)
[2025-11-18 12:24:56][INFO][Rank 0] - train Epoch 2/24: 6.2% (120/1940)
[2025-11-18 12:25:03][INFO][Rank 0] - train Epoch 2/24: 6.7% (130/1940)
[2025-11-18 12:25:10][INFO][Rank 0] - train Epoch 2/24: 7.2% (140/1940)
[2025-11-18 12:25:17][INFO][Rank 0] - train Epoch 2/24: 7.7% (150/1940)
[2025-11-18 12:25:24][INFO][Rank 0] - train Epoch 2/24: 8.2% (160/1940)
[2025-11-18 12:25:31][INFO][Rank 0] - train Epoch 2/24: 8.8% (170/1940)
[2025-11-18 12:25:38][INFO][Rank 0] - train Epoch 2/24: 9.3% (180/1940)
[2025-11-18 12:25:39][INFO][Rank 0] - CUDA Memory [train][Step 180]: Device 0: Allocated: 3309.6 MB, Reserved: 117540.0 MB (Δ: +1687.0 MB)
[2025-11-18 12:25:45][INFO][Rank 0] - train Epoch 2/24: 9.8% (190/1940)
[2025-11-18 12:25:52][INFO][Rank 0] - train Epoch 2/24: 10.3% (200/1940)
[2025-11-18 12:26:00][INFO][Rank 0] - train Epoch 2/24: 10.8% (210/1940)
[2025-11-18 12:26:07][INFO][Rank 0] - train Epoch 2/24: 11.3% (220/1940)
[2025-11-18 12:26:14][INFO][Rank 0] - train Epoch 2/24: 11.9% (230/1940)
[2025-11-18 12:26:21][INFO][Rank 0] - train Epoch 2/24: 12.4% (240/1940)
[2025-11-18 12:26:28][INFO][Rank 0] - train Epoch 2/24: 12.9% (250/1940)
[2025-11-18 12:26:35][INFO][Rank 0] - train Epoch 2/24: 13.4% (260/1940)
[2025-11-18 12:26:42][INFO][Rank 0] - train Epoch 2/24: 13.9% (270/1940)
[2025-11-18 12:26:43][INFO][Rank 0] - CUDA Memory [train][Step 270]: Device 0: Allocated: 3309.6 MB, Reserved: 117540.0 MB (Δ: +1687.0 MB)
[2025-11-18 12:26:49][INFO][Rank 0] - train Epoch 2/24: 14.4% (280/1940)
[2025-11-18 12:26:56][INFO][Rank 0] - train Epoch 2/24: 14.9% (290/1940)
[2025-11-18 12:27:03][INFO][Rank 0] - train Epoch 2/24: 15.5% (300/1940)
[2025-11-18 12:27:10][INFO][Rank 0] - train Epoch 2/24: 16.0% (310/1940)
[2025-11-18 12:27:17][INFO][Rank 0] - train Epoch 2/24: 16.5% (320/1940)
[2025-11-18 12:27:25][INFO][Rank 0] - train Epoch 2/24: 17.0% (330/1940)
[2025-11-18 12:27:32][INFO][Rank 0] - train Epoch 2/24: 17.5% (340/1940)
[2025-11-18 12:27:39][INFO][Rank 0] - train Epoch 2/24: 18.0% (350/1940)
[2025-11-18 12:27:46][INFO][Rank 0] - train Epoch 2/24: 18.6% (360/1940)
[2025-11-18 12:27:46][INFO][Rank 0] - CUDA Memory [train][Step 360]: Device 0: Allocated: 3309.6 MB, Reserved: 117540.0 MB (Δ: +1687.0 MB)
[2025-11-18 12:27:53][INFO][Rank 0] - train Epoch 2/24: 19.1% (370/1940)
[2025-11-18 12:28:00][INFO][Rank 0] - train Epoch 2/24: 19.6% (380/1940)
[2025-11-18 12:28:07][INFO][Rank 0] - train Epoch 2/24: 20.1% (390/1940)
[2025-11-18 12:28:14][INFO][Rank 0] - train Epoch 2/24: 20.6% (400/1940)
[2025-11-18 12:28:21][INFO][Rank 0] - train Epoch 2/24: 21.1% (410/1940)
[2025-11-18 12:28:28][INFO][Rank 0] - train Epoch 2/24: 21.6% (420/1940)
[2025-11-18 12:28:35][INFO][Rank 0] - train Epoch 2/24: 22.2% (430/1940)
[2025-11-18 12:28:42][INFO][Rank 0] - train Epoch 2/24: 22.7% (440/1940)
[2025-11-18 12:28:49][INFO][Rank 0] - train Epoch 2/24: 23.2% (450/1940)
[2025-11-18 12:28:50][INFO][Rank 0] - CUDA Memory [train][Step 450]: Device 0: Allocated: 3309.6 MB, Reserved: 117540.0 MB (Δ: +1687.0 MB)
[2025-11-18 12:28:57][INFO][Rank 0] - train Epoch 2/24: 23.7% (460/1940)
[2025-11-18 12:29:04][INFO][Rank 0] - train Epoch 2/24: 24.2% (470/1940)
[2025-11-18 12:29:11][INFO][Rank 0] - train Epoch 2/24: 24.7% (480/1940)
[2025-11-18 12:29:18][INFO][Rank 0] - train Epoch 2/24: 25.3% (490/1940)
[2025-11-18 12:29:25][INFO][Rank 0] - train Epoch 2/24: 25.8% (500/1940)
[2025-11-18 12:29:32][INFO][Rank 0] - train Epoch 2/24: 26.3% (510/1940)
[2025-11-18 12:29:39][INFO][Rank 0] - train Epoch 2/24: 26.8% (520/1940)
[2025-11-18 12:29:46][INFO][Rank 0] - train Epoch 2/24: 27.3% (530/1940)
[2025-11-18 12:29:53][INFO][Rank 0] - train Epoch 2/24: 27.8% (540/1940)
[2025-11-18 12:29:54][INFO][Rank 0] - CUDA Memory [train][Step 540]: Device 0: Allocated: 3309.6 MB, Reserved: 117540.0 MB (Δ: +1687.0 MB)
[2025-11-18 12:30:00][INFO][Rank 0] - train Epoch 2/24: 28.4% (550/1940)
[2025-11-18 12:30:07][INFO][Rank 0] - train Epoch 2/24: 28.9% (560/1940)
[2025-11-18 12:30:14][INFO][Rank 0] - train Epoch 2/24: 29.4% (570/1940)
[2025-11-18 12:30:21][INFO][Rank 0] - train Epoch 2/24: 29.9% (580/1940)
[2025-11-18 12:30:29][INFO][Rank 0] - train Epoch 2/24: 30.4% (590/1940)
[2025-11-18 12:30:36][INFO][Rank 0] - train Epoch 2/24: 30.9% (600/1940)
[2025-11-18 12:30:43][INFO][Rank 0] - train Epoch 2/24: 31.4% (610/1940)
[2025-11-18 12:30:50][INFO][Rank 0] - train Epoch 2/24: 32.0% (620/1940)
[2025-11-18 12:30:57][INFO][Rank 0] - train Epoch 2/24: 32.5% (630/1940)
[2025-11-18 12:30:58][INFO][Rank 0] - CUDA Memory [train][Step 630]: Device 0: Allocated: 3309.6 MB, Reserved: 117540.0 MB (Δ: +1687.0 MB)
[2025-11-18 12:31:04][INFO][Rank 0] - train Epoch 2/24: 33.0% (640/1940)
[2025-11-18 12:31:11][INFO][Rank 0] - train Epoch 2/24: 33.5% (650/1940)
[2025-11-18 12:31:18][INFO][Rank 0] - train Epoch 2/24: 34.0% (660/1940)
[2025-11-18 12:31:25][INFO][Rank 0] - train Epoch 2/24: 34.5% (670/1940)
[2025-11-18 12:31:32][INFO][Rank 0] - train Epoch 2/24: 35.1% (680/1940)
[2025-11-18 12:31:39][INFO][Rank 0] - train Epoch 2/24: 35.6% (690/1940)
[2025-11-18 12:31:46][INFO][Rank 0] - train Epoch 2/24: 36.1% (700/1940)
[2025-11-18 12:31:53][INFO][Rank 0] - train Epoch 2/24: 36.6% (710/1940)
[2025-11-18 12:32:01][INFO][Rank 0] - train Epoch 2/24: 37.1% (720/1940)
[2025-11-18 12:32:01][INFO][Rank 0] - CUDA Memory [train][Step 720]: Device 0: Allocated: 3309.6 MB, Reserved: 117540.0 MB (Δ: +1687.0 MB)
[2025-11-18 12:32:08][INFO][Rank 0] - train Epoch 2/24: 37.6% (730/1940)
[2025-11-18 12:32:15][INFO][Rank 0] - train Epoch 2/24: 38.1% (740/1940)
[2025-11-18 12:32:22][INFO][Rank 0] - train Epoch 2/24: 38.7% (750/1940)
[2025-11-18 12:32:29][INFO][Rank 0] - train Epoch 2/24: 39.2% (760/1940)
[2025-11-18 12:32:36][INFO][Rank 0] - train Epoch 2/24: 39.7% (770/1940)
[2025-11-18 12:32:43][INFO][Rank 0] - train Epoch 2/24: 40.2% (780/1940)
[2025-11-18 12:32:50][INFO][Rank 0] - train Epoch 2/24: 40.7% (790/1940)
[2025-11-18 12:32:57][INFO][Rank 0] - train Epoch 2/24: 41.2% (800/1940)
[2025-11-18 12:33:04][INFO][Rank 0] - train Epoch 2/24: 41.8% (810/1940)
[2025-11-18 12:33:05][INFO][Rank 0] - CUDA Memory [train][Step 810]: Device 0: Allocated: 3309.6 MB, Reserved: 117540.0 MB (Δ: +1687.0 MB)
[2025-11-18 12:33:11][INFO][Rank 0] - train Epoch 2/24: 42.3% (820/1940)
[2025-11-18 12:33:18][INFO][Rank 0] - train Epoch 2/24: 42.8% (830/1940)
[2025-11-18 12:33:25][INFO][Rank 0] - train Epoch 2/24: 43.3% (840/1940)
[2025-11-18 12:33:33][INFO][Rank 0] - train Epoch 2/24: 43.8% (850/1940)
[2025-11-18 12:33:40][INFO][Rank 0] - train Epoch 2/24: 44.3% (860/1940)
[2025-11-18 12:33:47][INFO][Rank 0] - train Epoch 2/24: 44.8% (870/1940)
[2025-11-18 12:33:54][INFO][Rank 0] - train Epoch 2/24: 45.4% (880/1940)
[2025-11-18 12:34:01][INFO][Rank 0] - train Epoch 2/24: 45.9% (890/1940)
[2025-11-18 12:34:08][INFO][Rank 0] - train Epoch 2/24: 46.4% (900/1940)
[2025-11-18 12:34:09][INFO][Rank 0] - CUDA Memory [train][Step 900]: Device 0: Allocated: 3309.6 MB, Reserved: 117540.0 MB (Δ: +1687.0 MB)
[2025-11-18 12:34:15][INFO][Rank 0] - train Epoch 2/24: 46.9% (910/1940)
[2025-11-18 12:34:22][INFO][Rank 0] - train Epoch 2/24: 47.4% (920/1940)
[2025-11-18 12:34:29][INFO][Rank 0] - train Epoch 2/24: 47.9% (930/1940)
[2025-11-18 12:34:36][INFO][Rank 0] - train Epoch 2/24: 48.5% (940/1940)
[2025-11-18 12:34:43][INFO][Rank 0] - train Epoch 2/24: 49.0% (950/1940)
[2025-11-18 12:34:50][INFO][Rank 0] - train Epoch 2/24: 49.5% (960/1940)
[2025-11-18 12:34:57][INFO][Rank 0] - train Epoch 2/24: 50.0% (970/1940)
[2025-11-18 12:35:05][INFO][Rank 0] - train Epoch 2/24: 50.5% (980/1940)
[2025-11-18 12:35:12][INFO][Rank 0] - train Epoch 2/24: 51.0% (990/1940)
[2025-11-18 12:35:12][INFO][Rank 0] - CUDA Memory [train][Step 990]: Device 0: Allocated: 3309.6 MB, Reserved: 117540.0 MB (Δ: +1687.0 MB)
[2025-11-18 12:35:19][INFO][Rank 0] - train Epoch 2/24: 51.5% (1000/1940)
[2025-11-18 12:35:26][INFO][Rank 0] - train Epoch 2/24: 52.1% (1010/1940)
[2025-11-18 12:35:33][INFO][Rank 0] - train Epoch 2/24: 52.6% (1020/1940)
[2025-11-18 12:35:40][INFO][Rank 0] - train Epoch 2/24: 53.1% (1030/1940)
[2025-11-18 12:35:47][INFO][Rank 0] - train Epoch 2/24: 53.6% (1040/1940)
[2025-11-18 12:35:54][INFO][Rank 0] - train Epoch 2/24: 54.1% (1050/1940)
[2025-11-18 12:36:01][INFO][Rank 0] - train Epoch 2/24: 54.6% (1060/1940)
[2025-11-18 12:36:08][INFO][Rank 0] - train Epoch 2/24: 55.2% (1070/1940)
[2025-11-18 12:36:15][INFO][Rank 0] - train Epoch 2/24: 55.7% (1080/1940)
[2025-11-18 12:36:16][INFO][Rank 0] - CUDA Memory [train][Step 1080]: Device 0: Allocated: 3309.6 MB, Reserved: 117540.0 MB (Δ: +1687.0 MB)
[2025-11-18 12:36:22][INFO][Rank 0] - train Epoch 2/24: 56.2% (1090/1940)
[2025-11-18 12:36:29][INFO][Rank 0] - train Epoch 2/24: 56.7% (1100/1940)
[2025-11-18 12:36:37][INFO][Rank 0] - train Epoch 2/24: 57.2% (1110/1940)
[2025-11-18 12:36:44][INFO][Rank 0] - train Epoch 2/24: 57.7% (1120/1940)
[2025-11-18 12:36:51][INFO][Rank 0] - train Epoch 2/24: 58.2% (1130/1940)
[2025-11-18 12:36:58][INFO][Rank 0] - train Epoch 2/24: 58.8% (1140/1940)
[2025-11-18 12:37:05][INFO][Rank 0] - train Epoch 2/24: 59.3% (1150/1940)
[2025-11-18 12:37:12][INFO][Rank 0] - train Epoch 2/24: 59.8% (1160/1940)
[2025-11-18 12:37:19][INFO][Rank 0] - train Epoch 2/24: 60.3% (1170/1940)
[2025-11-18 12:37:20][INFO][Rank 0] - CUDA Memory [train][Step 1170]: Device 0: Allocated: 3309.6 MB, Reserved: 117540.0 MB (Δ: +1687.0 MB)
[2025-11-18 12:37:26][INFO][Rank 0] - train Epoch 2/24: 60.8% (1180/1940)
[2025-11-18 12:37:33][INFO][Rank 0] - train Epoch 2/24: 61.3% (1190/1940)
[2025-11-18 12:37:40][INFO][Rank 0] - train Epoch 2/24: 61.9% (1200/1940)
[2025-11-18 12:37:47][INFO][Rank 0] - train Epoch 2/24: 62.4% (1210/1940)
[2025-11-18 12:37:54][INFO][Rank 0] - train Epoch 2/24: 62.9% (1220/1940)
[2025-11-18 12:38:01][INFO][Rank 0] - train Epoch 2/24: 63.4% (1230/1940)
[2025-11-18 12:38:09][INFO][Rank 0] - train Epoch 2/24: 63.9% (1240/1940)
[2025-11-18 12:38:16][INFO][Rank 0] - train Epoch 2/24: 64.4% (1250/1940)
[2025-11-18 12:38:23][INFO][Rank 0] - train Epoch 2/24: 64.9% (1260/1940)
[2025-11-18 12:38:23][INFO][Rank 0] - CUDA Memory [train][Step 1260]: Device 0: Allocated: 3309.6 MB, Reserved: 117540.0 MB (Δ: +1687.0 MB)
[2025-11-18 12:38:30][INFO][Rank 0] - train Epoch 2/24: 65.5% (1270/1940)
[2025-11-18 12:38:37][INFO][Rank 0] - train Epoch 2/24: 66.0% (1280/1940)
[2025-11-18 12:38:44][INFO][Rank 0] - train Epoch 2/24: 66.5% (1290/1940)
[2025-11-18 12:38:51][INFO][Rank 0] - train Epoch 2/24: 67.0% (1300/1940)
[2025-11-18 12:38:58][INFO][Rank 0] - train Epoch 2/24: 67.5% (1310/1940)
[2025-11-18 12:39:05][INFO][Rank 0] - train Epoch 2/24: 68.0% (1320/1940)
[2025-11-18 12:39:12][INFO][Rank 0] - train Epoch 2/24: 68.6% (1330/1940)
[2025-11-18 12:39:19][INFO][Rank 0] - train Epoch 2/24: 69.1% (1340/1940)
[2025-11-18 12:39:26][INFO][Rank 0] - train Epoch 2/24: 69.6% (1350/1940)
[2025-11-18 12:39:27][INFO][Rank 0] - CUDA Memory [train][Step 1350]: Device 0: Allocated: 3309.6 MB, Reserved: 117540.0 MB (Δ: +1687.0 MB)
[2025-11-18 12:39:33][INFO][Rank 0] - train Epoch 2/24: 70.1% (1360/1940)
[2025-11-18 12:39:41][INFO][Rank 0] - train Epoch 2/24: 70.6% (1370/1940)
[2025-11-18 12:39:48][INFO][Rank 0] - train Epoch 2/24: 71.1% (1380/1940)
[2025-11-18 12:39:55][INFO][Rank 0] - train Epoch 2/24: 71.6% (1390/1940)
[2025-11-18 12:40:02][INFO][Rank 0] - train Epoch 2/24: 72.2% (1400/1940)
[2025-11-18 12:40:09][INFO][Rank 0] - train Epoch 2/24: 72.7% (1410/1940)
[2025-11-18 12:40:16][INFO][Rank 0] - train Epoch 2/24: 73.2% (1420/1940)
[2025-11-18 12:40:23][INFO][Rank 0] - train Epoch 2/24: 73.7% (1430/1940)
[2025-11-18 12:40:30][INFO][Rank 0] - train Epoch 2/24: 74.2% (1440/1940)
[2025-11-18 12:40:31][INFO][Rank 0] - CUDA Memory [train][Step 1440]: Device 0: Allocated: 3309.6 MB, Reserved: 117540.0 MB (Δ: +1687.0 MB)
[2025-11-18 12:40:37][INFO][Rank 0] - train Epoch 2/24: 74.7% (1450/1940)
[2025-11-18 12:40:44][INFO][Rank 0] - train Epoch 2/24: 75.3% (1460/1940)
[2025-11-18 12:40:51][INFO][Rank 0] - train Epoch 2/24: 75.8% (1470/1940)
[2025-11-18 12:40:58][INFO][Rank 0] - train Epoch 2/24: 76.3% (1480/1940)
[2025-11-18 12:41:05][INFO][Rank 0] - train Epoch 2/24: 76.8% (1490/1940)
[2025-11-18 12:41:13][INFO][Rank 0] - train Epoch 2/24: 77.3% (1500/1940)
[2025-11-18 12:41:20][INFO][Rank 0] - train Epoch 2/24: 77.8% (1510/1940)
[2025-11-18 12:41:27][INFO][Rank 0] - train Epoch 2/24: 78.4% (1520/1940)
[2025-11-18 12:41:34][INFO][Rank 0] - train Epoch 2/24: 78.9% (1530/1940)
[2025-11-18 12:41:34][INFO][Rank 0] - CUDA Memory [train][Step 1530]: Device 0: Allocated: 3309.6 MB, Reserved: 117540.0 MB (Δ: +1687.0 MB)
[2025-11-18 12:41:41][INFO][Rank 0] - train Epoch 2/24: 79.4% (1540/1940)
[2025-11-18 12:41:48][INFO][Rank 0] - train Epoch 2/24: 79.9% (1550/1940)
[2025-11-18 12:41:55][INFO][Rank 0] - train Epoch 2/24: 80.4% (1560/1940)
[2025-11-18 12:42:02][INFO][Rank 0] - train Epoch 2/24: 80.9% (1570/1940)
[2025-11-18 12:42:09][INFO][Rank 0] - train Epoch 2/24: 81.4% (1580/1940)
[2025-11-18 12:42:16][INFO][Rank 0] - train Epoch 2/24: 82.0% (1590/1940)
[2025-11-18 12:42:23][INFO][Rank 0] - train Epoch 2/24: 82.5% (1600/1940)
[2025-11-18 12:42:30][INFO][Rank 0] - train Epoch 2/24: 83.0% (1610/1940)
[2025-11-18 12:42:37][INFO][Rank 0] - train Epoch 2/24: 83.5% (1620/1940)
[2025-11-18 12:42:38][INFO][Rank 0] - CUDA Memory [train][Step 1620]: Device 0: Allocated: 3309.6 MB, Reserved: 117540.0 MB (Δ: +1687.0 MB)
[2025-11-18 12:42:45][INFO][Rank 0] - train Epoch 2/24: 84.0% (1630/1940)
[2025-11-18 12:42:52][INFO][Rank 0] - train Epoch 2/24: 84.5% (1640/1940)
[2025-11-18 12:42:59][INFO][Rank 0] - train Epoch 2/24: 85.1% (1650/1940)
[2025-11-18 12:43:06][INFO][Rank 0] - train Epoch 2/24: 85.6% (1660/1940)
[2025-11-18 12:43:13][INFO][Rank 0] - train Epoch 2/24: 86.1% (1670/1940)
[2025-11-18 12:43:20][INFO][Rank 0] - train Epoch 2/24: 86.6% (1680/1940)
[2025-11-18 12:43:27][INFO][Rank 0] - train Epoch 2/24: 87.1% (1690/1940)
[2025-11-18 12:43:34][INFO][Rank 0] - train Epoch 2/24: 87.6% (1700/1940)
[2025-11-18 12:43:41][INFO][Rank 0] - train Epoch 2/24: 88.1% (1710/1940)
[2025-11-18 12:43:42][INFO][Rank 0] - CUDA Memory [train][Step 1710]: Device 0: Allocated: 3309.6 MB, Reserved: 117540.0 MB (Δ: +1687.0 MB)
[2025-11-18 12:43:48][INFO][Rank 0] - train Epoch 2/24: 88.7% (1720/1940)
[2025-11-18 12:43:55][INFO][Rank 0] - train Epoch 2/24: 89.2% (1730/1940)
[2025-11-18 12:44:02][INFO][Rank 0] - train Epoch 2/24: 89.7% (1740/1940)
[2025-11-18 12:44:09][INFO][Rank 0] - train Epoch 2/24: 90.2% (1750/1940)
[2025-11-18 12:44:17][INFO][Rank 0] - train Epoch 2/24: 90.7% (1760/1940)
[2025-11-18 12:44:24][INFO][Rank 0] - train Epoch 2/24: 91.2% (1770/1940)
[2025-11-18 12:44:31][INFO][Rank 0] - train Epoch 2/24: 91.8% (1780/1940)
[2025-11-18 12:44:38][INFO][Rank 0] - train Epoch 2/24: 92.3% (1790/1940)
[2025-11-18 12:44:45][INFO][Rank 0] - train Epoch 2/24: 92.8% (1800/1940)
[2025-11-18 12:44:46][INFO][Rank 0] - CUDA Memory [train][Step 1800]: Device 0: Allocated: 3309.6 MB, Reserved: 117540.0 MB (Δ: +1687.0 MB)
[2025-11-18 12:44:52][INFO][Rank 0] - train Epoch 2/24: 93.3% (1810/1940)
[2025-11-18 12:44:59][INFO][Rank 0] - train Epoch 2/24: 93.8% (1820/1940)
[2025-11-18 12:45:06][INFO][Rank 0] - train Epoch 2/24: 94.3% (1830/1940)
[2025-11-18 12:45:13][INFO][Rank 0] - train Epoch 2/24: 94.8% (1840/1940)
[2025-11-18 12:45:20][INFO][Rank 0] - train Epoch 2/24: 95.4% (1850/1940)
[2025-11-18 12:45:27][INFO][Rank 0] - train Epoch 2/24: 95.9% (1860/1940)
[2025-11-18 12:45:34][INFO][Rank 0] - train Epoch 2/24: 96.4% (1870/1940)
[2025-11-18 12:45:41][INFO][Rank 0] - train Epoch 2/24: 96.9% (1880/1940)
[2025-11-18 12:45:49][INFO][Rank 0] - train Epoch 2/24: 97.4% (1890/1940)
[2025-11-18 12:45:49][INFO][Rank 0] - CUDA Memory [train][Step 1890]: Device 0: Allocated: 3309.6 MB, Reserved: 117540.0 MB (Δ: +1687.0 MB)
[2025-11-18 12:45:56][INFO][Rank 0] - train Epoch 2/24: 97.9% (1900/1940)
[2025-11-18 12:46:03][INFO][Rank 0] - train Epoch 2/24: 98.5% (1910/1940)
[2025-11-18 12:46:10][INFO][Rank 0] - train Epoch 2/24: 99.0% (1920/1940)
[2025-11-18 12:46:17][INFO][Rank 0] - train Epoch 2/24: 99.5% (1930/1940)
[2025-11-18 12:46:23][INFO][Rank 0] - train Epoch 2/24: 99.9% (1939/1940)
[2025-11-18 12:46:24][INFO][Rank 0] - train Loss: 0.2850 Acc: 0.9773 F1: 0.9884
[2025-11-18 12:46:24][INFO][Rank 0] - train Balanced Acc: 0.6365 AUC-ROC: 0.9534
[2025-11-18 12:46:24][INFO][Rank 0] - train Sensitivity: 0.9963 Specificity: 0.2768
[2025-11-18 12:46:24][INFO][Rank 0] - train Confusion Matrix: TP=18817, FP=371, FN=70, TN=142
[2025-11-18 12:46:24][INFO][Rank 0] - train completed in 1373.31s
[2025-11-18 12:46:24][INFO][Rank 0] - Data loading time: 1.16s, Forward time: 279.45s, Backward time: 744.41s
[2025-11-18 12:46:24][INFO][Rank 0] - train cache: 0/1 items, hit rate: 0.00%
[2025-11-18 12:46:24][INFO][Rank 0] - CUDA Memory [val][Step 0]: Device 0: Allocated: 3309.6 MB, Reserved: 117540.0 MB (Δ: +1687.0 MB)
[2025-11-18 12:46:24][INFO][Rank 0] - val phase: total 407 batches
[2025-11-18 12:46:24][INFO][Rank 0] - val Epoch 2/24: 0.0% (0/407)
[2025-11-18 12:46:29][INFO][Rank 0] - val Epoch 2/24: 2.5% (10/407)
[2025-11-18 12:46:34][INFO][Rank 0] - val Epoch 2/24: 4.9% (20/407)
[2025-11-18 12:46:39][INFO][Rank 0] - val Epoch 2/24: 7.4% (30/407)
[2025-11-18 12:46:44][INFO][Rank 0] - val Epoch 2/24: 9.8% (40/407)
[2025-11-18 12:46:49][INFO][Rank 0] - val Epoch 2/24: 12.3% (50/407)
[2025-11-18 12:46:54][INFO][Rank 0] - val Epoch 2/24: 14.7% (60/407)
[2025-11-18 12:46:59][INFO][Rank 0] - val Epoch 2/24: 17.2% (70/407)
[2025-11-18 12:47:04][INFO][Rank 0] - val Epoch 2/24: 19.7% (80/407)
[2025-11-18 12:47:09][INFO][Rank 0] - val Epoch 2/24: 22.1% (90/407)
[2025-11-18 12:47:14][INFO][Rank 0] - val Epoch 2/24: 24.6% (100/407)
[2025-11-18 12:47:19][INFO][Rank 0] - val Epoch 2/24: 27.0% (110/407)
[2025-11-18 12:47:24][INFO][Rank 0] - val Epoch 2/24: 29.5% (120/407)
[2025-11-18 12:47:24][INFO][Rank 0] - CUDA Memory [val][Step 120]: Device 0: Allocated: 3309.6 MB, Reserved: 117540.0 MB (Δ: +1687.0 MB)
[2025-11-18 12:47:29][INFO][Rank 0] - val Epoch 2/24: 31.9% (130/407)
[2025-11-18 12:47:34][INFO][Rank 0] - val Epoch 2/24: 34.4% (140/407)
[2025-11-18 12:47:39][INFO][Rank 0] - val Epoch 2/24: 36.9% (150/407)
[2025-11-18 12:47:43][INFO][Rank 0] - val Epoch 2/24: 39.3% (160/407)
[2025-11-18 12:47:48][INFO][Rank 0] - val Epoch 2/24: 41.8% (170/407)
[2025-11-18 12:47:53][INFO][Rank 0] - val Epoch 2/24: 44.2% (180/407)
[2025-11-18 12:47:58][INFO][Rank 0] - val Epoch 2/24: 46.7% (190/407)
[2025-11-18 12:48:03][INFO][Rank 0] - val Epoch 2/24: 49.1% (200/407)
[2025-11-18 12:48:08][INFO][Rank 0] - val Epoch 2/24: 51.6% (210/407)
[2025-11-18 12:48:13][INFO][Rank 0] - val Epoch 2/24: 54.1% (220/407)
[2025-11-18 12:48:18][INFO][Rank 0] - val Epoch 2/24: 56.5% (230/407)
[2025-11-18 12:48:23][INFO][Rank 0] - val Epoch 2/24: 59.0% (240/407)
[2025-11-18 12:48:28][INFO][Rank 0] - val Epoch 2/24: 61.4% (250/407)
[2025-11-18 12:48:33][INFO][Rank 0] - val Epoch 2/24: 63.9% (260/407)
[2025-11-18 12:48:38][INFO][Rank 0] - val Epoch 2/24: 66.3% (270/407)
[2025-11-18 12:48:38][INFO][Rank 0] - CUDA Memory [val][Step 270]: Device 0: Allocated: 3309.6 MB, Reserved: 117540.0 MB (Δ: +1687.0 MB)
[2025-11-18 12:48:43][INFO][Rank 0] - val Epoch 2/24: 68.8% (280/407)
[2025-11-18 12:48:48][INFO][Rank 0] - val Epoch 2/24: 71.3% (290/407)
[2025-11-18 12:48:53][INFO][Rank 0] - val Epoch 2/24: 73.7% (300/407)
[2025-11-18 12:48:58][INFO][Rank 0] - val Epoch 2/24: 76.2% (310/407)
[2025-11-18 12:49:03][INFO][Rank 0] - val Epoch 2/24: 78.6% (320/407)
[2025-11-18 12:49:08][INFO][Rank 0] - val Epoch 2/24: 81.1% (330/407)
[2025-11-18 12:49:13][INFO][Rank 0] - val Epoch 2/24: 83.5% (340/407)
[2025-11-18 12:49:18][INFO][Rank 0] - val Epoch 2/24: 86.0% (350/407)
[2025-11-18 12:49:23][INFO][Rank 0] - val Epoch 2/24: 88.5% (360/407)
[2025-11-18 12:49:27][INFO][Rank 0] - val Epoch 2/24: 90.9% (370/407)
[2025-11-18 12:49:32][INFO][Rank 0] - val Epoch 2/24: 93.4% (380/407)
[2025-11-18 12:49:37][INFO][Rank 0] - val Epoch 2/24: 95.8% (390/407)
[2025-11-18 12:49:42][INFO][Rank 0] - val Epoch 2/24: 98.3% (400/407)
[2025-11-18 12:49:45][INFO][Rank 0] - val Epoch 2/24: 99.8% (406/407)
[2025-11-18 12:49:46][INFO][Rank 0] - val Loss: 0.1608 Acc: 0.9813 F1: 0.9905
[2025-11-18 12:49:46][INFO][Rank 0] - val Balanced Acc: 0.7459 AUC-ROC: 0.9801
[2025-11-18 12:49:46][INFO][Rank 0] - val Sensitivity: 0.9917 Specificity: 0.5000
[2025-11-18 12:49:46][INFO][Rank 0] - val Confusion Matrix: TP=3951, FP=43, FN=33, TN=43
[2025-11-18 12:49:46][INFO][Rank 0] - val completed in 201.84s
[2025-11-18 12:49:46][INFO][Rank 0] - val cache: 0/1 items, hit rate: 0.00%
[2025-11-18 12:49:50][INFO][Rank 0] - Saved new best accuracy model with accuracy: 0.9813 at /projects/retprogression/rgarridogarcia/checkpoints/cropped1024_cropped_centered_allR_1/best_acc_model.pth
[2025-11-18 12:49:54][INFO][Rank 0] - Saved new best f1 model with f1: 0.9905 at /projects/retprogression/rgarridogarcia/checkpoints/cropped1024_cropped_centered_allR_1/best_f1_model.pth
[2025-11-18 12:49:57][INFO][Rank 0] - Saved new best balanced_acc model with balanced_acc: 0.7459 at /projects/retprogression/rgarridogarcia/checkpoints/cropped1024_cropped_centered_allR_1/best_balanced_acc_model.pth
[2025-11-18 12:50:01][INFO][Rank 0] - Also saved as general best model at /projects/retprogression/rgarridogarcia/checkpoints/cropped1024_cropped_centered_allR_1/best_model.pth
[2025-11-18 12:50:05][INFO][Rank 0] - Saved new best auc model with auc: 0.9801 at /projects/retprogression/rgarridogarcia/checkpoints/cropped1024_cropped_centered_allR_1/best_auc_model.pth
[2025-11-18 12:50:09][INFO][Rank 0] - Saved epoch checkpoint at /projects/retprogression/rgarridogarcia/checkpoints/cropped1024_cropped_centered_allR_1/epoch_2.pth
[2025-11-18 12:50:09][INFO][Rank 0] - Epoch 2 summary:
[2025-11-18 12:50:09][INFO][Rank 0] -  Train Loss: 0.2850, Train Acc: 0.9773, Train F1: 0.9884
[2025-11-18 12:50:09][INFO][Rank 0] -  Train Balanced Acc: 0.6365, Train AUC: 0.9534
[2025-11-18 12:50:09][INFO][Rank 0] -  Train Sensitivity: 0.9963, Train Specificity: 0.2768
[2025-11-18 12:50:09][INFO][Rank 0] -  Val Loss: 0.1608, Val Acc: 0.9813, Val F1: 0.9905
[2025-11-18 12:50:09][INFO][Rank 0] -  Val Balanced Acc: 0.7459, Val AUC: 0.9801
[2025-11-18 12:50:09][INFO][Rank 0] -  Val Sensitivity: 0.9917, Val Specificity: 0.5000
[2025-11-18 12:50:09][INFO][Rank 0] -  Total Epoch Time: 1598.62s
[2025-11-18 12:50:09][INFO][Rank 0] - Epoch 3/24
[2025-11-18 12:50:09][INFO][Rank 0] - ----------
[2025-11-18 12:50:09][INFO][Rank 0] - CUDA Memory [train][Step 0]: Device 0: Allocated: 3309.6 MB, Reserved: 117540.0 MB (Δ: +1687.0 MB)
[2025-11-18 12:50:09][INFO][Rank 0] - train phase: total 1940 batches
[2025-11-18 12:50:10][INFO][Rank 0] - train Epoch 3/24: 0.0% (0/1940)
[2025-11-18 12:50:17][INFO][Rank 0] - train Epoch 3/24: 0.5% (10/1940)
[2025-11-18 12:50:24][INFO][Rank 0] - train Epoch 3/24: 1.0% (20/1940)
[2025-11-18 12:50:31][INFO][Rank 0] - train Epoch 3/24: 1.5% (30/1940)
[2025-11-18 12:50:38][INFO][Rank 0] - train Epoch 3/24: 2.1% (40/1940)
[2025-11-18 12:50:45][INFO][Rank 0] - train Epoch 3/24: 2.6% (50/1940)
[2025-11-18 12:50:52][INFO][Rank 0] - train Epoch 3/24: 3.1% (60/1940)
[2025-11-18 12:50:59][INFO][Rank 0] - train Epoch 3/24: 3.6% (70/1940)
[2025-11-18 12:51:06][INFO][Rank 0] - train Epoch 3/24: 4.1% (80/1940)
[2025-11-18 12:51:13][INFO][Rank 0] - train Epoch 3/24: 4.6% (90/1940)
[2025-11-18 12:51:14][INFO][Rank 0] - CUDA Memory [train][Step 90]: Device 0: Allocated: 3309.6 MB, Reserved: 117540.0 MB (Δ: +1687.0 MB)
[2025-11-18 12:51:21][INFO][Rank 0] - train Epoch 3/24: 5.2% (100/1940)
[2025-11-18 12:51:28][INFO][Rank 0] - train Epoch 3/24: 5.7% (110/1940)
[2025-11-18 12:51:35][INFO][Rank 0] - train Epoch 3/24: 6.2% (120/1940)
[2025-11-18 12:51:42][INFO][Rank 0] - train Epoch 3/24: 6.7% (130/1940)
[2025-11-18 12:51:49][INFO][Rank 0] - train Epoch 3/24: 7.2% (140/1940)
[2025-11-18 12:51:56][INFO][Rank 0] - train Epoch 3/24: 7.7% (150/1940)
[2025-11-18 12:52:03][INFO][Rank 0] - train Epoch 3/24: 8.2% (160/1940)
[2025-11-18 12:52:10][INFO][Rank 0] - train Epoch 3/24: 8.8% (170/1940)
[2025-11-18 12:52:17][INFO][Rank 0] - train Epoch 3/24: 9.3% (180/1940)
[2025-11-18 12:52:18][INFO][Rank 0] - CUDA Memory [train][Step 180]: Device 0: Allocated: 3309.6 MB, Reserved: 117540.0 MB (Δ: +1687.0 MB)
[2025-11-18 12:52:24][INFO][Rank 0] - train Epoch 3/24: 9.8% (190/1940)
[2025-11-18 12:52:31][INFO][Rank 0] - train Epoch 3/24: 10.3% (200/1940)
[2025-11-18 12:52:38][INFO][Rank 0] - train Epoch 3/24: 10.8% (210/1940)
[2025-11-18 12:52:46][INFO][Rank 0] - train Epoch 3/24: 11.3% (220/1940)
[2025-11-18 12:52:53][INFO][Rank 0] - train Epoch 3/24: 11.9% (230/1940)
[2025-11-18 12:53:00][INFO][Rank 0] - train Epoch 3/24: 12.4% (240/1940)
[2025-11-18 12:53:07][INFO][Rank 0] - train Epoch 3/24: 12.9% (250/1940)
[2025-11-18 12:53:14][INFO][Rank 0] - train Epoch 3/24: 13.4% (260/1940)
[2025-11-18 12:53:21][INFO][Rank 0] - train Epoch 3/24: 13.9% (270/1940)
[2025-11-18 12:53:22][INFO][Rank 0] - CUDA Memory [train][Step 270]: Device 0: Allocated: 3309.6 MB, Reserved: 117540.0 MB (Δ: +1687.0 MB)
[2025-11-18 12:53:28][INFO][Rank 0] - train Epoch 3/24: 14.4% (280/1940)
[2025-11-18 12:53:35][INFO][Rank 0] - train Epoch 3/24: 14.9% (290/1940)
[2025-11-18 12:53:42][INFO][Rank 0] - train Epoch 3/24: 15.5% (300/1940)
[2025-11-18 12:53:49][INFO][Rank 0] - train Epoch 3/24: 16.0% (310/1940)
[2025-11-18 12:53:56][INFO][Rank 0] - train Epoch 3/24: 16.5% (320/1940)
[2025-11-18 12:54:03][INFO][Rank 0] - train Epoch 3/24: 17.0% (330/1940)
[2025-11-18 12:54:10][INFO][Rank 0] - train Epoch 3/24: 17.5% (340/1940)
[2025-11-18 12:54:18][INFO][Rank 0] - train Epoch 3/24: 18.0% (350/1940)
[2025-11-18 12:54:25][INFO][Rank 0] - train Epoch 3/24: 18.6% (360/1940)
[2025-11-18 12:54:25][INFO][Rank 0] - CUDA Memory [train][Step 360]: Device 0: Allocated: 3309.6 MB, Reserved: 117540.0 MB (Δ: +1687.0 MB)
[2025-11-18 12:54:32][INFO][Rank 0] - train Epoch 3/24: 19.1% (370/1940)
[2025-11-18 12:54:39][INFO][Rank 0] - train Epoch 3/24: 19.6% (380/1940)
[2025-11-18 12:54:46][INFO][Rank 0] - train Epoch 3/24: 20.1% (390/1940)
[2025-11-18 12:54:53][INFO][Rank 0] - train Epoch 3/24: 20.6% (400/1940)
[2025-11-18 12:55:00][INFO][Rank 0] - train Epoch 3/24: 21.1% (410/1940)
[2025-11-18 12:55:07][INFO][Rank 0] - train Epoch 3/24: 21.6% (420/1940)
[2025-11-18 12:55:14][INFO][Rank 0] - train Epoch 3/24: 22.2% (430/1940)
[2025-11-18 12:55:21][INFO][Rank 0] - train Epoch 3/24: 22.7% (440/1940)
[2025-11-18 12:55:28][INFO][Rank 0] - train Epoch 3/24: 23.2% (450/1940)
[2025-11-18 12:55:29][INFO][Rank 0] - CUDA Memory [train][Step 450]: Device 0: Allocated: 3309.6 MB, Reserved: 117540.0 MB (Δ: +1687.0 MB)
[2025-11-18 12:55:35][INFO][Rank 0] - train Epoch 3/24: 23.7% (460/1940)
[2025-11-18 12:55:43][INFO][Rank 0] - train Epoch 3/24: 24.2% (470/1940)
[2025-11-18 12:55:50][INFO][Rank 0] - train Epoch 3/24: 24.7% (480/1940)
[2025-11-18 12:55:57][INFO][Rank 0] - train Epoch 3/24: 25.3% (490/1940)
[2025-11-18 12:56:04][INFO][Rank 0] - train Epoch 3/24: 25.8% (500/1940)
[2025-11-18 12:56:11][INFO][Rank 0] - train Epoch 3/24: 26.3% (510/1940)
[2025-11-18 12:56:18][INFO][Rank 0] - train Epoch 3/24: 26.8% (520/1940)
[2025-11-18 12:56:25][INFO][Rank 0] - train Epoch 3/24: 27.3% (530/1940)
[2025-11-18 12:56:32][INFO][Rank 0] - train Epoch 3/24: 27.8% (540/1940)
[2025-11-18 12:56:33][INFO][Rank 0] - CUDA Memory [train][Step 540]: Device 0: Allocated: 3309.6 MB, Reserved: 117540.0 MB (Δ: +1687.0 MB)
[2025-11-18 12:56:39][INFO][Rank 0] - train Epoch 3/24: 28.4% (550/1940)
[2025-11-18 12:56:46][INFO][Rank 0] - train Epoch 3/24: 28.9% (560/1940)
[2025-11-18 12:56:53][INFO][Rank 0] - train Epoch 3/24: 29.4% (570/1940)
[2025-11-18 12:57:00][INFO][Rank 0] - train Epoch 3/24: 29.9% (580/1940)
[2025-11-18 12:57:08][INFO][Rank 0] - train Epoch 3/24: 30.4% (590/1940)
[2025-11-18 12:57:15][INFO][Rank 0] - train Epoch 3/24: 30.9% (600/1940)
[2025-11-18 12:57:22][INFO][Rank 0] - train Epoch 3/24: 31.4% (610/1940)
[2025-11-18 12:57:29][INFO][Rank 0] - train Epoch 3/24: 32.0% (620/1940)
[2025-11-18 12:57:36][INFO][Rank 0] - train Epoch 3/24: 32.5% (630/1940)
[2025-11-18 12:57:37][INFO][Rank 0] - CUDA Memory [train][Step 630]: Device 0: Allocated: 3309.6 MB, Reserved: 117540.0 MB (Δ: +1687.0 MB)
[2025-11-18 12:57:43][INFO][Rank 0] - train Epoch 3/24: 33.0% (640/1940)
[2025-11-18 12:57:50][INFO][Rank 0] - train Epoch 3/24: 33.5% (650/1940)
[2025-11-18 12:57:57][INFO][Rank 0] - train Epoch 3/24: 34.0% (660/1940)
[2025-11-18 12:58:04][INFO][Rank 0] - train Epoch 3/24: 34.5% (670/1940)
[2025-11-18 12:58:11][INFO][Rank 0] - train Epoch 3/24: 35.1% (680/1940)
[2025-11-18 12:58:18][INFO][Rank 0] - train Epoch 3/24: 35.6% (690/1940)
[2025-11-18 12:58:25][INFO][Rank 0] - train Epoch 3/24: 36.1% (700/1940)
[2025-11-18 12:58:33][INFO][Rank 0] - train Epoch 3/24: 36.6% (710/1940)
[2025-11-18 12:58:40][INFO][Rank 0] - train Epoch 3/24: 37.1% (720/1940)
[2025-11-18 12:58:40][INFO][Rank 0] - CUDA Memory [train][Step 720]: Device 0: Allocated: 3309.6 MB, Reserved: 117540.0 MB (Δ: +1687.0 MB)
[2025-11-18 12:58:47][INFO][Rank 0] - train Epoch 3/24: 37.6% (730/1940)
[2025-11-18 12:58:54][INFO][Rank 0] - train Epoch 3/24: 38.1% (740/1940)
[2025-11-18 12:59:01][INFO][Rank 0] - train Epoch 3/24: 38.7% (750/1940)
[2025-11-18 12:59:08][INFO][Rank 0] - train Epoch 3/24: 39.2% (760/1940)
[2025-11-18 12:59:15][INFO][Rank 0] - train Epoch 3/24: 39.7% (770/1940)
[2025-11-18 12:59:22][INFO][Rank 0] - train Epoch 3/24: 40.2% (780/1940)
[2025-11-18 12:59:29][INFO][Rank 0] - train Epoch 3/24: 40.7% (790/1940)
[2025-11-18 12:59:36][INFO][Rank 0] - train Epoch 3/24: 41.2% (800/1940)
[2025-11-18 12:59:43][INFO][Rank 0] - train Epoch 3/24: 41.8% (810/1940)
[2025-11-18 12:59:44][INFO][Rank 0] - CUDA Memory [train][Step 810]: Device 0: Allocated: 3309.6 MB, Reserved: 117540.0 MB (Δ: +1687.0 MB)
[2025-11-18 12:59:50][INFO][Rank 0] - train Epoch 3/24: 42.3% (820/1940)
[2025-11-18 12:59:58][INFO][Rank 0] - train Epoch 3/24: 42.8% (830/1940)
[2025-11-18 13:00:05][INFO][Rank 0] - train Epoch 3/24: 43.3% (840/1940)
[2025-11-18 13:00:12][INFO][Rank 0] - train Epoch 3/24: 43.8% (850/1940)
[2025-11-18 13:00:19][INFO][Rank 0] - train Epoch 3/24: 44.3% (860/1940)
[2025-11-18 13:00:26][INFO][Rank 0] - train Epoch 3/24: 44.8% (870/1940)
[2025-11-18 13:00:33][INFO][Rank 0] - train Epoch 3/24: 45.4% (880/1940)
[2025-11-18 13:00:40][INFO][Rank 0] - train Epoch 3/24: 45.9% (890/1940)
[2025-11-18 13:00:47][INFO][Rank 0] - train Epoch 3/24: 46.4% (900/1940)
[2025-11-18 13:00:48][INFO][Rank 0] - CUDA Memory [train][Step 900]: Device 0: Allocated: 3309.6 MB, Reserved: 117540.0 MB (Δ: +1687.0 MB)
[2025-11-18 13:00:54][INFO][Rank 0] - train Epoch 3/24: 46.9% (910/1940)
[2025-11-18 13:01:01][INFO][Rank 0] - train Epoch 3/24: 47.4% (920/1940)
[2025-11-18 13:01:08][INFO][Rank 0] - train Epoch 3/24: 47.9% (930/1940)
[2025-11-18 13:01:15][INFO][Rank 0] - train Epoch 3/24: 48.5% (940/1940)
[2025-11-18 13:01:23][INFO][Rank 0] - train Epoch 3/24: 49.0% (950/1940)
[2025-11-18 13:01:30][INFO][Rank 0] - train Epoch 3/24: 49.5% (960/1940)
[2025-11-18 13:01:37][INFO][Rank 0] - train Epoch 3/24: 50.0% (970/1940)
[2025-11-18 13:01:44][INFO][Rank 0] - train Epoch 3/24: 50.5% (980/1940)
[2025-11-18 13:01:51][INFO][Rank 0] - train Epoch 3/24: 51.0% (990/1940)
[2025-11-18 13:01:52][INFO][Rank 0] - CUDA Memory [train][Step 990]: Device 0: Allocated: 3309.6 MB, Reserved: 117540.0 MB (Δ: +1687.0 MB)
[2025-11-18 13:01:58][INFO][Rank 0] - train Epoch 3/24: 51.5% (1000/1940)
[2025-11-18 13:02:05][INFO][Rank 0] - train Epoch 3/24: 52.1% (1010/1940)
[2025-11-18 13:02:12][INFO][Rank 0] - train Epoch 3/24: 52.6% (1020/1940)
[2025-11-18 13:02:19][INFO][Rank 0] - train Epoch 3/24: 53.1% (1030/1940)
[2025-11-18 13:02:26][INFO][Rank 0] - train Epoch 3/24: 53.6% (1040/1940)
[2025-11-18 13:02:33][INFO][Rank 0] - train Epoch 3/24: 54.1% (1050/1940)
[2025-11-18 13:02:40][INFO][Rank 0] - train Epoch 3/24: 54.6% (1060/1940)
[2025-11-18 13:02:47][INFO][Rank 0] - train Epoch 3/24: 55.2% (1070/1940)
[2025-11-18 13:02:55][INFO][Rank 0] - train Epoch 3/24: 55.7% (1080/1940)
[2025-11-18 13:02:55][INFO][Rank 0] - CUDA Memory [train][Step 1080]: Device 0: Allocated: 3309.6 MB, Reserved: 117540.0 MB (Δ: +1687.0 MB)
[2025-11-18 13:03:02][INFO][Rank 0] - train Epoch 3/24: 56.2% (1090/1940)
[2025-11-18 13:03:09][INFO][Rank 0] - train Epoch 3/24: 56.7% (1100/1940)
[2025-11-18 13:03:16][INFO][Rank 0] - train Epoch 3/24: 57.2% (1110/1940)
[2025-11-18 13:03:23][INFO][Rank 0] - train Epoch 3/24: 57.7% (1120/1940)
[2025-11-18 13:03:30][INFO][Rank 0] - train Epoch 3/24: 58.2% (1130/1940)
[2025-11-18 13:03:37][INFO][Rank 0] - train Epoch 3/24: 58.8% (1140/1940)
[2025-11-18 13:03:44][INFO][Rank 0] - train Epoch 3/24: 59.3% (1150/1940)
[2025-11-18 13:03:51][INFO][Rank 0] - train Epoch 3/24: 59.8% (1160/1940)
[2025-11-18 13:03:58][INFO][Rank 0] - train Epoch 3/24: 60.3% (1170/1940)
[2025-11-18 13:03:59][INFO][Rank 0] - CUDA Memory [train][Step 1170]: Device 0: Allocated: 3309.6 MB, Reserved: 117540.0 MB (Δ: +1687.0 MB)
[2025-11-18 13:04:05][INFO][Rank 0] - train Epoch 3/24: 60.8% (1180/1940)
[2025-11-18 13:04:12][INFO][Rank 0] - train Epoch 3/24: 61.3% (1190/1940)
[2025-11-18 13:04:20][INFO][Rank 0] - train Epoch 3/24: 61.9% (1200/1940)
[2025-11-18 13:04:27][INFO][Rank 0] - train Epoch 3/24: 62.4% (1210/1940)
[2025-11-18 13:04:34][INFO][Rank 0] - train Epoch 3/24: 62.9% (1220/1940)
[2025-11-18 13:04:41][INFO][Rank 0] - train Epoch 3/24: 63.4% (1230/1940)
[2025-11-18 13:04:48][INFO][Rank 0] - train Epoch 3/24: 63.9% (1240/1940)
[2025-11-18 13:04:55][INFO][Rank 0] - train Epoch 3/24: 64.4% (1250/1940)
[2025-11-18 13:05:02][INFO][Rank 0] - train Epoch 3/24: 64.9% (1260/1940)
[2025-11-18 13:05:03][INFO][Rank 0] - CUDA Memory [train][Step 1260]: Device 0: Allocated: 3309.6 MB, Reserved: 117540.0 MB (Δ: +1687.0 MB)
[2025-11-18 13:05:09][INFO][Rank 0] - train Epoch 3/24: 65.5% (1270/1940)
[2025-11-18 13:05:16][INFO][Rank 0] - train Epoch 3/24: 66.0% (1280/1940)
[2025-11-18 13:05:23][INFO][Rank 0] - train Epoch 3/24: 66.5% (1290/1940)
[2025-11-18 13:05:30][INFO][Rank 0] - train Epoch 3/24: 67.0% (1300/1940)
[2025-11-18 13:05:37][INFO][Rank 0] - train Epoch 3/24: 67.5% (1310/1940)
[2025-11-18 13:05:45][INFO][Rank 0] - train Epoch 3/24: 68.0% (1320/1940)
[2025-11-18 13:05:52][INFO][Rank 0] - train Epoch 3/24: 68.6% (1330/1940)
[2025-11-18 13:05:59][INFO][Rank 0] - train Epoch 3/24: 69.1% (1340/1940)
[2025-11-18 13:06:06][INFO][Rank 0] - train Epoch 3/24: 69.6% (1350/1940)
[2025-11-18 13:06:06][INFO][Rank 0] - CUDA Memory [train][Step 1350]: Device 0: Allocated: 3309.6 MB, Reserved: 117540.0 MB (Δ: +1687.0 MB)
[2025-11-18 13:06:13][INFO][Rank 0] - train Epoch 3/24: 70.1% (1360/1940)
[2025-11-18 13:06:20][INFO][Rank 0] - train Epoch 3/24: 70.6% (1370/1940)
[2025-11-18 13:06:27][INFO][Rank 0] - train Epoch 3/24: 71.1% (1380/1940)
[2025-11-18 13:06:34][INFO][Rank 0] - train Epoch 3/24: 71.6% (1390/1940)
[2025-11-18 13:06:41][INFO][Rank 0] - train Epoch 3/24: 72.2% (1400/1940)
[2025-11-18 13:06:48][INFO][Rank 0] - train Epoch 3/24: 72.7% (1410/1940)
[2025-11-18 13:06:55][INFO][Rank 0] - train Epoch 3/24: 73.2% (1420/1940)
[2025-11-18 13:07:03][INFO][Rank 0] - train Epoch 3/24: 73.7% (1430/1940)
[2025-11-18 13:07:10][INFO][Rank 0] - train Epoch 3/24: 74.2% (1440/1940)
[2025-11-18 13:07:10][INFO][Rank 0] - CUDA Memory [train][Step 1440]: Device 0: Allocated: 3309.6 MB, Reserved: 117540.0 MB (Δ: +1687.0 MB)
[2025-11-18 13:07:17][INFO][Rank 0] - train Epoch 3/24: 74.7% (1450/1940)
[2025-11-18 13:07:24][INFO][Rank 0] - train Epoch 3/24: 75.3% (1460/1940)
[2025-11-18 13:07:31][INFO][Rank 0] - train Epoch 3/24: 75.8% (1470/1940)
[2025-11-18 13:07:38][INFO][Rank 0] - train Epoch 3/24: 76.3% (1480/1940)
[2025-11-18 13:07:45][INFO][Rank 0] - train Epoch 3/24: 76.8% (1490/1940)
[2025-11-18 13:07:52][INFO][Rank 0] - train Epoch 3/24: 77.3% (1500/1940)
[2025-11-18 13:07:59][INFO][Rank 0] - train Epoch 3/24: 77.8% (1510/1940)
[2025-11-18 13:08:06][INFO][Rank 0] - train Epoch 3/24: 78.4% (1520/1940)
[2025-11-18 13:08:13][INFO][Rank 0] - train Epoch 3/24: 78.9% (1530/1940)
[2025-11-18 13:08:14][INFO][Rank 0] - CUDA Memory [train][Step 1530]: Device 0: Allocated: 3309.6 MB, Reserved: 117540.0 MB (Δ: +1687.0 MB)
[2025-11-18 13:08:20][INFO][Rank 0] - train Epoch 3/24: 79.4% (1540/1940)
[2025-11-18 13:08:27][INFO][Rank 0] - train Epoch 3/24: 79.9% (1550/1940)
[2025-11-18 13:08:35][INFO][Rank 0] - train Epoch 3/24: 80.4% (1560/1940)
[2025-11-18 13:08:42][INFO][Rank 0] - train Epoch 3/24: 80.9% (1570/1940)
[2025-11-18 13:08:49][INFO][Rank 0] - train Epoch 3/24: 81.4% (1580/1940)
[2025-11-18 13:08:56][INFO][Rank 0] - train Epoch 3/24: 82.0% (1590/1940)
[2025-11-18 13:09:03][INFO][Rank 0] - train Epoch 3/24: 82.5% (1600/1940)
[2025-11-18 13:09:10][INFO][Rank 0] - train Epoch 3/24: 83.0% (1610/1940)
[2025-11-18 13:09:17][INFO][Rank 0] - train Epoch 3/24: 83.5% (1620/1940)
[2025-11-18 13:09:18][INFO][Rank 0] - CUDA Memory [train][Step 1620]: Device 0: Allocated: 3309.6 MB, Reserved: 117540.0 MB (Δ: +1687.0 MB)
[2025-11-18 13:09:24][INFO][Rank 0] - train Epoch 3/24: 84.0% (1630/1940)
[2025-11-18 13:09:31][INFO][Rank 0] - train Epoch 3/24: 84.5% (1640/1940)
[2025-11-18 13:09:38][INFO][Rank 0] - train Epoch 3/24: 85.1% (1650/1940)
[2025-11-18 13:09:45][INFO][Rank 0] - train Epoch 3/24: 85.6% (1660/1940)
[2025-11-18 13:09:52][INFO][Rank 0] - train Epoch 3/24: 86.1% (1670/1940)
[2025-11-18 13:10:00][INFO][Rank 0] - train Epoch 3/24: 86.6% (1680/1940)
[2025-11-18 13:10:07][INFO][Rank 0] - train Epoch 3/24: 87.1% (1690/1940)
[2025-11-18 13:10:14][INFO][Rank 0] - train Epoch 3/24: 87.6% (1700/1940)
[2025-11-18 13:10:21][INFO][Rank 0] - train Epoch 3/24: 88.1% (1710/1940)
[2025-11-18 13:10:22][INFO][Rank 0] - CUDA Memory [train][Step 1710]: Device 0: Allocated: 3309.6 MB, Reserved: 117540.0 MB (Δ: +1687.0 MB)
[2025-11-18 13:10:28][INFO][Rank 0] - train Epoch 3/24: 88.7% (1720/1940)
[2025-11-18 13:10:35][INFO][Rank 0] - train Epoch 3/24: 89.2% (1730/1940)
[2025-11-18 13:10:42][INFO][Rank 0] - train Epoch 3/24: 89.7% (1740/1940)
[2025-11-18 13:10:49][INFO][Rank 0] - train Epoch 3/24: 90.2% (1750/1940)
[2025-11-18 13:10:56][INFO][Rank 0] - train Epoch 3/24: 90.7% (1760/1940)
[2025-11-18 13:11:03][INFO][Rank 0] - train Epoch 3/24: 91.2% (1770/1940)
[2025-11-18 13:11:10][INFO][Rank 0] - train Epoch 3/24: 91.8% (1780/1940)
[2025-11-18 13:11:17][INFO][Rank 0] - train Epoch 3/24: 92.3% (1790/1940)
[2025-11-18 13:11:25][INFO][Rank 0] - train Epoch 3/24: 92.8% (1800/1940)
[2025-11-18 13:11:25][INFO][Rank 0] - CUDA Memory [train][Step 1800]: Device 0: Allocated: 3309.6 MB, Reserved: 117540.0 MB (Δ: +1687.0 MB)
[2025-11-18 13:11:32][INFO][Rank 0] - train Epoch 3/24: 93.3% (1810/1940)
[2025-11-18 13:11:39][INFO][Rank 0] - train Epoch 3/24: 93.8% (1820/1940)
[2025-11-18 13:11:46][INFO][Rank 0] - train Epoch 3/24: 94.3% (1830/1940)
[2025-11-18 13:11:53][INFO][Rank 0] - train Epoch 3/24: 94.8% (1840/1940)
[2025-11-18 13:12:00][INFO][Rank 0] - train Epoch 3/24: 95.4% (1850/1940)
[2025-11-18 13:12:07][INFO][Rank 0] - train Epoch 3/24: 95.9% (1860/1940)
[2025-11-18 13:12:14][INFO][Rank 0] - train Epoch 3/24: 96.4% (1870/1940)
[2025-11-18 13:12:21][INFO][Rank 0] - train Epoch 3/24: 96.9% (1880/1940)
[2025-11-18 13:12:28][INFO][Rank 0] - train Epoch 3/24: 97.4% (1890/1940)
[2025-11-18 13:12:29][INFO][Rank 0] - CUDA Memory [train][Step 1890]: Device 0: Allocated: 3309.6 MB, Reserved: 117540.0 MB (Δ: +1687.0 MB)
[2025-11-18 13:12:35][INFO][Rank 0] - train Epoch 3/24: 97.9% (1900/1940)
[2025-11-18 13:12:42][INFO][Rank 0] - train Epoch 3/24: 98.5% (1910/1940)
[2025-11-18 13:12:49][INFO][Rank 0] - train Epoch 3/24: 99.0% (1920/1940)
[2025-11-18 13:12:57][INFO][Rank 0] - train Epoch 3/24: 99.5% (1930/1940)
[2025-11-18 13:13:03][INFO][Rank 0] - train Epoch 3/24: 99.9% (1939/1940)
[2025-11-18 13:13:04][INFO][Rank 0] - train Loss: 0.2453 Acc: 0.9792 F1: 0.9893
[2025-11-18 13:13:04][INFO][Rank 0] - train Balanced Acc: 0.7627 AUC-ROC: 0.9577
[2025-11-18 13:13:04][INFO][Rank 0] - train Sensitivity: 0.9913 Specificity: 0.5341
[2025-11-18 13:13:04][INFO][Rank 0] - train Confusion Matrix: TP=18722, FP=239, FN=165, TN=274
[2025-11-18 13:13:04][INFO][Rank 0] - train completed in 1374.42s
[2025-11-18 13:13:04][INFO][Rank 0] - Data loading time: 1.34s, Forward time: 279.85s, Backward time: 744.92s
[2025-11-18 13:13:04][INFO][Rank 0] - train cache: 0/1 items, hit rate: 0.00%
[2025-11-18 13:13:04][INFO][Rank 0] - CUDA Memory [val][Step 0]: Device 0: Allocated: 3309.6 MB, Reserved: 117540.0 MB (Δ: +1687.0 MB)
[2025-11-18 13:13:04][INFO][Rank 0] - val phase: total 407 batches
[2025-11-18 13:13:04][INFO][Rank 0] - val Epoch 3/24: 0.0% (0/407)
[2025-11-18 13:13:09][INFO][Rank 0] - val Epoch 3/24: 2.5% (10/407)
[2025-11-18 13:13:14][INFO][Rank 0] - val Epoch 3/24: 4.9% (20/407)
[2025-11-18 13:13:19][INFO][Rank 0] - val Epoch 3/24: 7.4% (30/407)
[2025-11-18 13:13:24][INFO][Rank 0] - val Epoch 3/24: 9.8% (40/407)
[2025-11-18 13:13:29][INFO][Rank 0] - val Epoch 3/24: 12.3% (50/407)
[2025-11-18 13:13:34][INFO][Rank 0] - val Epoch 3/24: 14.7% (60/407)
[2025-11-18 13:13:39][INFO][Rank 0] - val Epoch 3/24: 17.2% (70/407)
[2025-11-18 13:13:44][INFO][Rank 0] - val Epoch 3/24: 19.7% (80/407)
[2025-11-18 13:13:49][INFO][Rank 0] - val Epoch 3/24: 22.1% (90/407)
[2025-11-18 13:13:54][INFO][Rank 0] - val Epoch 3/24: 24.6% (100/407)
[2025-11-18 13:13:59][INFO][Rank 0] - val Epoch 3/24: 27.0% (110/407)
[2025-11-18 13:14:04][INFO][Rank 0] - val Epoch 3/24: 29.5% (120/407)
[2025-11-18 13:14:04][INFO][Rank 0] - CUDA Memory [val][Step 120]: Device 0: Allocated: 3309.6 MB, Reserved: 117540.0 MB (Δ: +1687.0 MB)
[2025-11-18 13:14:09][INFO][Rank 0] - val Epoch 3/24: 31.9% (130/407)
[2025-11-18 13:14:14][INFO][Rank 0] - val Epoch 3/24: 34.4% (140/407)
[2025-11-18 13:14:19][INFO][Rank 0] - val Epoch 3/24: 36.9% (150/407)
[2025-11-18 13:14:24][INFO][Rank 0] - val Epoch 3/24: 39.3% (160/407)
[2025-11-18 13:14:29][INFO][Rank 0] - val Epoch 3/24: 41.8% (170/407)
[2025-11-18 13:14:34][INFO][Rank 0] - val Epoch 3/24: 44.2% (180/407)
[2025-11-18 13:14:39][INFO][Rank 0] - val Epoch 3/24: 46.7% (190/407)
[2025-11-18 13:14:43][INFO][Rank 0] - val Epoch 3/24: 49.1% (200/407)
[2025-11-18 13:14:48][INFO][Rank 0] - val Epoch 3/24: 51.6% (210/407)
[2025-11-18 13:14:53][INFO][Rank 0] - val Epoch 3/24: 54.1% (220/407)
[2025-11-18 13:14:58][INFO][Rank 0] - val Epoch 3/24: 56.5% (230/407)
[2025-11-18 13:15:03][INFO][Rank 0] - val Epoch 3/24: 59.0% (240/407)
[2025-11-18 13:15:08][INFO][Rank 0] - val Epoch 3/24: 61.4% (250/407)
[2025-11-18 13:15:13][INFO][Rank 0] - val Epoch 3/24: 63.9% (260/407)
[2025-11-18 13:15:18][INFO][Rank 0] - val Epoch 3/24: 66.3% (270/407)
[2025-11-18 13:15:19][INFO][Rank 0] - CUDA Memory [val][Step 270]: Device 0: Allocated: 3309.6 MB, Reserved: 117540.0 MB (Δ: +1687.0 MB)
[2025-11-18 13:15:23][INFO][Rank 0] - val Epoch 3/24: 68.8% (280/407)
[2025-11-18 13:15:28][INFO][Rank 0] - val Epoch 3/24: 71.3% (290/407)
[2025-11-18 13:15:33][INFO][Rank 0] - val Epoch 3/24: 73.7% (300/407)
[2025-11-18 13:15:38][INFO][Rank 0] - val Epoch 3/24: 76.2% (310/407)
[2025-11-18 13:15:43][INFO][Rank 0] - val Epoch 3/24: 78.6% (320/407)
[2025-11-18 13:15:48][INFO][Rank 0] - val Epoch 3/24: 81.1% (330/407)
[2025-11-18 13:15:53][INFO][Rank 0] - val Epoch 3/24: 83.5% (340/407)
[2025-11-18 13:15:58][INFO][Rank 0] - val Epoch 3/24: 86.0% (350/407)
[2025-11-18 13:16:03][INFO][Rank 0] - val Epoch 3/24: 88.5% (360/407)
[2025-11-18 13:16:08][INFO][Rank 0] - val Epoch 3/24: 90.9% (370/407)
[2025-11-18 13:16:13][INFO][Rank 0] - val Epoch 3/24: 93.4% (380/407)
[2025-11-18 13:16:18][INFO][Rank 0] - val Epoch 3/24: 95.8% (390/407)
[2025-11-18 13:16:22][INFO][Rank 0] - val Epoch 3/24: 98.3% (400/407)
[2025-11-18 13:16:25][INFO][Rank 0] - val Epoch 3/24: 99.8% (406/407)
[2025-11-18 13:16:26][INFO][Rank 0] - val Loss: 0.1330 Acc: 0.9808 F1: 0.9902
[2025-11-18 13:16:26][INFO][Rank 0] - val Balanced Acc: 0.8480 AUC-ROC: 0.9814
[2025-11-18 13:16:26][INFO][Rank 0] - val Sensitivity: 0.9867 Specificity: 0.7093
[2025-11-18 13:16:26][INFO][Rank 0] - val Confusion Matrix: TP=3931, FP=25, FN=53, TN=61
[2025-11-18 13:16:26][INFO][Rank 0] - val completed in 202.29s
[2025-11-18 13:16:26][INFO][Rank 0] - val cache: 0/1 items, hit rate: 0.00%
[2025-11-18 13:16:30][INFO][Rank 0] - Saved new best balanced_acc model with balanced_acc: 0.8480 at /projects/retprogression/rgarridogarcia/checkpoints/cropped1024_cropped_centered_allR_1/best_balanced_acc_model.pth
[2025-11-18 13:16:35][INFO][Rank 0] - Also saved as general best model at /projects/retprogression/rgarridogarcia/checkpoints/cropped1024_cropped_centered_allR_1/best_model.pth
[2025-11-18 13:16:39][INFO][Rank 0] - Saved new best auc model with auc: 0.9814 at /projects/retprogression/rgarridogarcia/checkpoints/cropped1024_cropped_centered_allR_1/best_auc_model.pth
[2025-11-18 13:16:43][INFO][Rank 0] - Saved epoch checkpoint at /projects/retprogression/rgarridogarcia/checkpoints/cropped1024_cropped_centered_allR_1/epoch_3.pth
[2025-11-18 13:16:43][INFO][Rank 0] - Epoch 3 summary:
[2025-11-18 13:16:43][INFO][Rank 0] -  Train Loss: 0.2453, Train Acc: 0.9792, Train F1: 0.9893
[2025-11-18 13:16:43][INFO][Rank 0] -  Train Balanced Acc: 0.7627, Train AUC: 0.9577
[2025-11-18 13:16:43][INFO][Rank 0] -  Train Sensitivity: 0.9913, Train Specificity: 0.5341
[2025-11-18 13:16:43][INFO][Rank 0] -  Val Loss: 0.1330, Val Acc: 0.9808, Val F1: 0.9902
[2025-11-18 13:16:43][INFO][Rank 0] -  Val Balanced Acc: 0.8480, Val AUC: 0.9814
[2025-11-18 13:16:43][INFO][Rank 0] -  Val Sensitivity: 0.9867, Val Specificity: 0.7093
[2025-11-18 13:16:43][INFO][Rank 0] -  Total Epoch Time: 1593.95s
[2025-11-18 13:16:43][INFO][Rank 0] - Epoch 4/24
[2025-11-18 13:16:43][INFO][Rank 0] - ----------
[2025-11-18 13:16:43][INFO][Rank 0] - CUDA Memory [train][Step 0]: Device 0: Allocated: 3309.6 MB, Reserved: 117540.0 MB (Δ: +1687.0 MB)
[2025-11-18 13:16:43][INFO][Rank 0] - train phase: total 1940 batches
[2025-11-18 13:16:44][INFO][Rank 0] - train Epoch 4/24: 0.0% (0/1940)
[2025-11-18 13:16:51][INFO][Rank 0] - train Epoch 4/24: 0.5% (10/1940)
[2025-11-18 13:16:58][INFO][Rank 0] - train Epoch 4/24: 1.0% (20/1940)
[2025-11-18 13:17:05][INFO][Rank 0] - train Epoch 4/24: 1.5% (30/1940)
[2025-11-18 13:17:12][INFO][Rank 0] - train Epoch 4/24: 2.1% (40/1940)
[2025-11-18 13:17:19][INFO][Rank 0] - train Epoch 4/24: 2.6% (50/1940)
[2025-11-18 13:17:26][INFO][Rank 0] - train Epoch 4/24: 3.1% (60/1940)
[2025-11-18 13:17:33][INFO][Rank 0] - train Epoch 4/24: 3.6% (70/1940)
[2025-11-18 13:17:41][INFO][Rank 0] - train Epoch 4/24: 4.1% (80/1940)
[2025-11-18 13:17:48][INFO][Rank 0] - train Epoch 4/24: 4.6% (90/1940)
[2025-11-18 13:17:48][INFO][Rank 0] - CUDA Memory [train][Step 90]: Device 0: Allocated: 3309.6 MB, Reserved: 117540.0 MB (Δ: +1687.0 MB)
[2025-11-18 13:17:55][INFO][Rank 0] - train Epoch 4/24: 5.2% (100/1940)
[2025-11-18 13:18:02][INFO][Rank 0] - train Epoch 4/24: 5.7% (110/1940)
[2025-11-18 13:18:09][INFO][Rank 0] - train Epoch 4/24: 6.2% (120/1940)
[2025-11-18 13:18:16][INFO][Rank 0] - train Epoch 4/24: 6.7% (130/1940)
[2025-11-18 13:18:23][INFO][Rank 0] - train Epoch 4/24: 7.2% (140/1940)
[2025-11-18 13:18:30][INFO][Rank 0] - train Epoch 4/24: 7.7% (150/1940)
[2025-11-18 13:18:37][INFO][Rank 0] - train Epoch 4/24: 8.2% (160/1940)
[2025-11-18 13:18:44][INFO][Rank 0] - train Epoch 4/24: 8.8% (170/1940)
[2025-11-18 13:18:51][INFO][Rank 0] - train Epoch 4/24: 9.3% (180/1940)
[2025-11-18 13:18:52][INFO][Rank 0] - CUDA Memory [train][Step 180]: Device 0: Allocated: 3309.6 MB, Reserved: 117540.0 MB (Δ: +1687.0 MB)
[2025-11-18 13:18:58][INFO][Rank 0] - train Epoch 4/24: 9.8% (190/1940)
[2025-11-18 13:19:06][INFO][Rank 0] - train Epoch 4/24: 10.3% (200/1940)
[2025-11-18 13:19:13][INFO][Rank 0] - train Epoch 4/24: 10.8% (210/1940)
[2025-11-18 13:19:20][INFO][Rank 0] - train Epoch 4/24: 11.3% (220/1940)
[2025-11-18 13:19:27][INFO][Rank 0] - train Epoch 4/24: 11.9% (230/1940)
[2025-11-18 13:19:34][INFO][Rank 0] - train Epoch 4/24: 12.4% (240/1940)
[2025-11-18 13:19:41][INFO][Rank 0] - train Epoch 4/24: 12.9% (250/1940)
[2025-11-18 13:19:48][INFO][Rank 0] - train Epoch 4/24: 13.4% (260/1940)
[2025-11-18 13:19:55][INFO][Rank 0] - train Epoch 4/24: 13.9% (270/1940)
[2025-11-18 13:19:56][INFO][Rank 0] - CUDA Memory [train][Step 270]: Device 0: Allocated: 3309.6 MB, Reserved: 117540.0 MB (Δ: +1687.0 MB)
[2025-11-18 13:20:02][INFO][Rank 0] - train Epoch 4/24: 14.4% (280/1940)
[2025-11-18 13:20:09][INFO][Rank 0] - train Epoch 4/24: 14.9% (290/1940)
[2025-11-18 13:20:16][INFO][Rank 0] - train Epoch 4/24: 15.5% (300/1940)
[2025-11-18 13:20:23][INFO][Rank 0] - train Epoch 4/24: 16.0% (310/1940)
[2025-11-18 13:20:31][INFO][Rank 0] - train Epoch 4/24: 16.5% (320/1940)
[2025-11-18 13:20:38][INFO][Rank 0] - train Epoch 4/24: 17.0% (330/1940)
[2025-11-18 13:20:45][INFO][Rank 0] - train Epoch 4/24: 17.5% (340/1940)
[2025-11-18 13:20:52][INFO][Rank 0] - train Epoch 4/24: 18.0% (350/1940)
[2025-11-18 13:20:59][INFO][Rank 0] - train Epoch 4/24: 18.6% (360/1940)
[2025-11-18 13:21:00][INFO][Rank 0] - CUDA Memory [train][Step 360]: Device 0: Allocated: 3309.6 MB, Reserved: 117540.0 MB (Δ: +1687.0 MB)
[2025-11-18 13:21:06][INFO][Rank 0] - train Epoch 4/24: 19.1% (370/1940)
[2025-11-18 13:21:13][INFO][Rank 0] - train Epoch 4/24: 19.6% (380/1940)
[2025-11-18 13:21:20][INFO][Rank 0] - train Epoch 4/24: 20.1% (390/1940)
[2025-11-18 13:21:27][INFO][Rank 0] - train Epoch 4/24: 20.6% (400/1940)
[2025-11-18 13:21:34][INFO][Rank 0] - train Epoch 4/24: 21.1% (410/1940)
[2025-11-18 13:21:41][INFO][Rank 0] - train Epoch 4/24: 21.6% (420/1940)
[2025-11-18 13:21:49][INFO][Rank 0] - train Epoch 4/24: 22.2% (430/1940)
[2025-11-18 13:21:56][INFO][Rank 0] - train Epoch 4/24: 22.7% (440/1940)
[2025-11-18 13:22:03][INFO][Rank 0] - train Epoch 4/24: 23.2% (450/1940)
[2025-11-18 13:22:03][INFO][Rank 0] - CUDA Memory [train][Step 450]: Device 0: Allocated: 3309.6 MB, Reserved: 117540.0 MB (Δ: +1687.0 MB)
[2025-11-18 13:22:10][INFO][Rank 0] - train Epoch 4/24: 23.7% (460/1940)
[2025-11-18 13:22:17][INFO][Rank 0] - train Epoch 4/24: 24.2% (470/1940)
[2025-11-18 13:22:24][INFO][Rank 0] - train Epoch 4/24: 24.7% (480/1940)
[2025-11-18 13:22:31][INFO][Rank 0] - train Epoch 4/24: 25.3% (490/1940)
[2025-11-18 13:22:38][INFO][Rank 0] - train Epoch 4/24: 25.8% (500/1940)
[2025-11-18 13:22:45][INFO][Rank 0] - train Epoch 4/24: 26.3% (510/1940)
[2025-11-18 13:22:52][INFO][Rank 0] - train Epoch 4/24: 26.8% (520/1940)
[2025-11-18 13:22:59][INFO][Rank 0] - train Epoch 4/24: 27.3% (530/1940)
[2025-11-18 13:23:07][INFO][Rank 0] - train Epoch 4/24: 27.8% (540/1940)
[2025-11-18 13:23:07][INFO][Rank 0] - CUDA Memory [train][Step 540]: Device 0: Allocated: 3309.6 MB, Reserved: 117540.0 MB (Δ: +1687.0 MB)
[2025-11-18 13:23:14][INFO][Rank 0] - train Epoch 4/24: 28.4% (550/1940)
[2025-11-18 13:23:21][INFO][Rank 0] - train Epoch 4/24: 28.9% (560/1940)
[2025-11-18 13:23:28][INFO][Rank 0] - train Epoch 4/24: 29.4% (570/1940)
[2025-11-18 13:23:35][INFO][Rank 0] - train Epoch 4/24: 29.9% (580/1940)
[2025-11-18 13:23:42][INFO][Rank 0] - train Epoch 4/24: 30.4% (590/1940)
[2025-11-18 13:23:49][INFO][Rank 0] - train Epoch 4/24: 30.9% (600/1940)
[2025-11-18 13:23:56][INFO][Rank 0] - train Epoch 4/24: 31.4% (610/1940)
[2025-11-18 13:24:03][INFO][Rank 0] - train Epoch 4/24: 32.0% (620/1940)
[2025-11-18 13:24:10][INFO][Rank 0] - train Epoch 4/24: 32.5% (630/1940)
[2025-11-18 13:24:11][INFO][Rank 0] - CUDA Memory [train][Step 630]: Device 0: Allocated: 3309.6 MB, Reserved: 117540.0 MB (Δ: +1687.0 MB)
[2025-11-18 13:24:17][INFO][Rank 0] - train Epoch 4/24: 33.0% (640/1940)
[2025-11-18 13:24:24][INFO][Rank 0] - train Epoch 4/24: 33.5% (650/1940)
[2025-11-18 13:24:32][INFO][Rank 0] - train Epoch 4/24: 34.0% (660/1940)
[2025-11-18 13:24:39][INFO][Rank 0] - train Epoch 4/24: 34.5% (670/1940)
[2025-11-18 13:24:46][INFO][Rank 0] - train Epoch 4/24: 35.1% (680/1940)
[2025-11-18 13:24:53][INFO][Rank 0] - train Epoch 4/24: 35.6% (690/1940)
[2025-11-18 13:25:00][INFO][Rank 0] - train Epoch 4/24: 36.1% (700/1940)
[2025-11-18 13:25:07][INFO][Rank 0] - train Epoch 4/24: 36.6% (710/1940)
[2025-11-18 13:25:14][INFO][Rank 0] - train Epoch 4/24: 37.1% (720/1940)
[2025-11-18 13:25:15][INFO][Rank 0] - CUDA Memory [train][Step 720]: Device 0: Allocated: 3309.6 MB, Reserved: 117540.0 MB (Δ: +1687.0 MB)
[2025-11-18 13:25:21][INFO][Rank 0] - train Epoch 4/24: 37.6% (730/1940)
[2025-11-18 13:25:28][INFO][Rank 0] - train Epoch 4/24: 38.1% (740/1940)
[2025-11-18 13:25:35][INFO][Rank 0] - train Epoch 4/24: 38.7% (750/1940)
[2025-11-18 13:25:42][INFO][Rank 0] - train Epoch 4/24: 39.2% (760/1940)
[2025-11-18 13:25:49][INFO][Rank 0] - train Epoch 4/24: 39.7% (770/1940)
[2025-11-18 13:25:57][INFO][Rank 0] - train Epoch 4/24: 40.2% (780/1940)
[2025-11-18 13:26:04][INFO][Rank 0] - train Epoch 4/24: 40.7% (790/1940)
[2025-11-18 13:26:11][INFO][Rank 0] - train Epoch 4/24: 41.2% (800/1940)
[2025-11-18 13:26:18][INFO][Rank 0] - train Epoch 4/24: 41.8% (810/1940)
[2025-11-18 13:26:18][INFO][Rank 0] - CUDA Memory [train][Step 810]: Device 0: Allocated: 3309.6 MB, Reserved: 117540.0 MB (Δ: +1687.0 MB)
[2025-11-18 13:26:25][INFO][Rank 0] - train Epoch 4/24: 42.3% (820/1940)
[2025-11-18 13:26:32][INFO][Rank 0] - train Epoch 4/24: 42.8% (830/1940)
[2025-11-18 13:26:39][INFO][Rank 0] - train Epoch 4/24: 43.3% (840/1940)
[2025-11-18 13:26:46][INFO][Rank 0] - train Epoch 4/24: 43.8% (850/1940)
[2025-11-18 13:26:53][INFO][Rank 0] - train Epoch 4/24: 44.3% (860/1940)
[2025-11-18 13:27:00][INFO][Rank 0] - train Epoch 4/24: 44.8% (870/1940)
[2025-11-18 13:27:07][INFO][Rank 0] - train Epoch 4/24: 45.4% (880/1940)
[2025-11-18 13:27:14][INFO][Rank 0] - train Epoch 4/24: 45.9% (890/1940)
[2025-11-18 13:27:22][INFO][Rank 0] - train Epoch 4/24: 46.4% (900/1940)
[2025-11-18 13:27:22][INFO][Rank 0] - CUDA Memory [train][Step 900]: Device 0: Allocated: 3309.6 MB, Reserved: 117540.0 MB (Δ: +1687.0 MB)
[2025-11-18 13:27:29][INFO][Rank 0] - train Epoch 4/24: 46.9% (910/1940)
[2025-11-18 13:27:36][INFO][Rank 0] - train Epoch 4/24: 47.4% (920/1940)
[2025-11-18 13:27:43][INFO][Rank 0] - train Epoch 4/24: 47.9% (930/1940)
[2025-11-18 13:27:50][INFO][Rank 0] - train Epoch 4/24: 48.5% (940/1940)
[2025-11-18 13:27:57][INFO][Rank 0] - train Epoch 4/24: 49.0% (950/1940)
[2025-11-18 13:28:04][INFO][Rank 0] - train Epoch 4/24: 49.5% (960/1940)
[2025-11-18 13:28:11][INFO][Rank 0] - train Epoch 4/24: 50.0% (970/1940)
[2025-11-18 13:28:18][INFO][Rank 0] - train Epoch 4/24: 50.5% (980/1940)
[2025-11-18 13:28:25][INFO][Rank 0] - train Epoch 4/24: 51.0% (990/1940)
[2025-11-18 13:28:26][INFO][Rank 0] - CUDA Memory [train][Step 990]: Device 0: Allocated: 3309.6 MB, Reserved: 117540.0 MB (Δ: +1687.0 MB)
[2025-11-18 13:28:32][INFO][Rank 0] - train Epoch 4/24: 51.5% (1000/1940)
[2025-11-18 13:28:39][INFO][Rank 0] - train Epoch 4/24: 52.1% (1010/1940)
[2025-11-18 13:28:47][INFO][Rank 0] - train Epoch 4/24: 52.6% (1020/1940)
[2025-11-18 13:28:54][INFO][Rank 0] - train Epoch 4/24: 53.1% (1030/1940)
[2025-11-18 13:29:01][INFO][Rank 0] - train Epoch 4/24: 53.6% (1040/1940)
[2025-11-18 13:29:08][INFO][Rank 0] - train Epoch 4/24: 54.1% (1050/1940)
[2025-11-18 13:29:15][INFO][Rank 0] - train Epoch 4/24: 54.6% (1060/1940)
[2025-11-18 13:29:22][INFO][Rank 0] - train Epoch 4/24: 55.2% (1070/1940)
[2025-11-18 13:29:29][INFO][Rank 0] - train Epoch 4/24: 55.7% (1080/1940)
[2025-11-18 13:29:30][INFO][Rank 0] - CUDA Memory [train][Step 1080]: Device 0: Allocated: 3309.6 MB, Reserved: 117540.0 MB (Δ: +1687.0 MB)
[2025-11-18 13:29:36][INFO][Rank 0] - train Epoch 4/24: 56.2% (1090/1940)
[2025-11-18 13:29:43][INFO][Rank 0] - train Epoch 4/24: 56.7% (1100/1940)
[2025-11-18 13:29:50][INFO][Rank 0] - train Epoch 4/24: 57.2% (1110/1940)
[2025-11-18 13:29:57][INFO][Rank 0] - train Epoch 4/24: 57.7% (1120/1940)
[2025-11-18 13:30:04][INFO][Rank 0] - train Epoch 4/24: 58.2% (1130/1940)
[2025-11-18 13:30:11][INFO][Rank 0] - train Epoch 4/24: 58.8% (1140/1940)
[2025-11-18 13:30:19][INFO][Rank 0] - train Epoch 4/24: 59.3% (1150/1940)
[2025-11-18 13:30:26][INFO][Rank 0] - train Epoch 4/24: 59.8% (1160/1940)
[2025-11-18 13:30:33][INFO][Rank 0] - train Epoch 4/24: 60.3% (1170/1940)
[2025-11-18 13:30:33][INFO][Rank 0] - CUDA Memory [train][Step 1170]: Device 0: Allocated: 3309.6 MB, Reserved: 117540.0 MB (Δ: +1687.0 MB)
[2025-11-18 13:30:40][INFO][Rank 0] - train Epoch 4/24: 60.8% (1180/1940)
[2025-11-18 13:30:47][INFO][Rank 0] - train Epoch 4/24: 61.3% (1190/1940)
[2025-11-18 13:30:54][INFO][Rank 0] - train Epoch 4/24: 61.9% (1200/1940)
[2025-11-18 13:31:01][INFO][Rank 0] - train Epoch 4/24: 62.4% (1210/1940)
[2025-11-18 13:31:08][INFO][Rank 0] - train Epoch 4/24: 62.9% (1220/1940)
[2025-11-18 13:31:15][INFO][Rank 0] - train Epoch 4/24: 63.4% (1230/1940)
[2025-11-18 13:31:22][INFO][Rank 0] - train Epoch 4/24: 63.9% (1240/1940)
[2025-11-18 13:31:29][INFO][Rank 0] - train Epoch 4/24: 64.4% (1250/1940)
[2025-11-18 13:31:36][INFO][Rank 0] - train Epoch 4/24: 64.9% (1260/1940)
[2025-11-18 13:31:37][INFO][Rank 0] - CUDA Memory [train][Step 1260]: Device 0: Allocated: 3309.6 MB, Reserved: 117540.0 MB (Δ: +1687.0 MB)
[2025-11-18 13:31:44][INFO][Rank 0] - train Epoch 4/24: 65.5% (1270/1940)
[2025-11-18 13:31:51][INFO][Rank 0] - train Epoch 4/24: 66.0% (1280/1940)
[2025-11-18 13:31:58][INFO][Rank 0] - train Epoch 4/24: 66.5% (1290/1940)
[2025-11-18 13:32:05][INFO][Rank 0] - train Epoch 4/24: 67.0% (1300/1940)
[2025-11-18 13:32:12][INFO][Rank 0] - train Epoch 4/24: 67.5% (1310/1940)
[2025-11-18 13:32:19][INFO][Rank 0] - train Epoch 4/24: 68.0% (1320/1940)
[2025-11-18 13:32:26][INFO][Rank 0] - train Epoch 4/24: 68.6% (1330/1940)
[2025-11-18 13:32:33][INFO][Rank 0] - train Epoch 4/24: 69.1% (1340/1940)
[2025-11-18 13:32:40][INFO][Rank 0] - train Epoch 4/24: 69.6% (1350/1940)
[2025-11-18 13:32:41][INFO][Rank 0] - CUDA Memory [train][Step 1350]: Device 0: Allocated: 3309.6 MB, Reserved: 117540.0 MB (Δ: +1687.0 MB)
[2025-11-18 13:32:47][INFO][Rank 0] - train Epoch 4/24: 70.1% (1360/1940)
[2025-11-18 13:32:54][INFO][Rank 0] - train Epoch 4/24: 70.6% (1370/1940)
[2025-11-18 13:33:01][INFO][Rank 0] - train Epoch 4/24: 71.1% (1380/1940)
[2025-11-18 13:33:09][INFO][Rank 0] - train Epoch 4/24: 71.6% (1390/1940)
[2025-11-18 13:33:16][INFO][Rank 0] - train Epoch 4/24: 72.2% (1400/1940)
[2025-11-18 13:33:23][INFO][Rank 0] - train Epoch 4/24: 72.7% (1410/1940)
[2025-11-18 13:33:30][INFO][Rank 0] - train Epoch 4/24: 73.2% (1420/1940)
[2025-11-18 13:33:37][INFO][Rank 0] - train Epoch 4/24: 73.7% (1430/1940)
[2025-11-18 13:33:44][INFO][Rank 0] - train Epoch 4/24: 74.2% (1440/1940)
[2025-11-18 13:33:45][INFO][Rank 0] - CUDA Memory [train][Step 1440]: Device 0: Allocated: 3309.6 MB, Reserved: 117540.0 MB (Δ: +1687.0 MB)
[2025-11-18 13:33:51][INFO][Rank 0] - train Epoch 4/24: 74.7% (1450/1940)
[2025-11-18 13:33:58][INFO][Rank 0] - train Epoch 4/24: 75.3% (1460/1940)
[2025-11-18 13:34:05][INFO][Rank 0] - train Epoch 4/24: 75.8% (1470/1940)
[2025-11-18 13:34:12][INFO][Rank 0] - train Epoch 4/24: 76.3% (1480/1940)
[2025-11-18 13:34:19][INFO][Rank 0] - train Epoch 4/24: 76.8% (1490/1940)
[2025-11-18 13:34:26][INFO][Rank 0] - train Epoch 4/24: 77.3% (1500/1940)
[2025-11-18 13:34:34][INFO][Rank 0] - train Epoch 4/24: 77.8% (1510/1940)
[2025-11-18 13:34:41][INFO][Rank 0] - train Epoch 4/24: 78.4% (1520/1940)
[2025-11-18 13:34:48][INFO][Rank 0] - train Epoch 4/24: 78.9% (1530/1940)
[2025-11-18 13:34:48][INFO][Rank 0] - CUDA Memory [train][Step 1530]: Device 0: Allocated: 3309.6 MB, Reserved: 117540.0 MB (Δ: +1687.0 MB)
[2025-11-18 13:34:55][INFO][Rank 0] - train Epoch 4/24: 79.4% (1540/1940)
[2025-11-18 13:35:02][INFO][Rank 0] - train Epoch 4/24: 79.9% (1550/1940)
[2025-11-18 13:35:09][INFO][Rank 0] - train Epoch 4/24: 80.4% (1560/1940)
[2025-11-18 13:35:16][INFO][Rank 0] - train Epoch 4/24: 80.9% (1570/1940)
[2025-11-18 13:35:23][INFO][Rank 0] - train Epoch 4/24: 81.4% (1580/1940)
[2025-11-18 13:35:30][INFO][Rank 0] - train Epoch 4/24: 82.0% (1590/1940)
[2025-11-18 13:35:37][INFO][Rank 0] - train Epoch 4/24: 82.5% (1600/1940)
[2025-11-18 13:35:44][INFO][Rank 0] - train Epoch 4/24: 83.0% (1610/1940)
[2025-11-18 13:35:51][INFO][Rank 0] - train Epoch 4/24: 83.5% (1620/1940)
[2025-11-18 13:35:52][INFO][Rank 0] - CUDA Memory [train][Step 1620]: Device 0: Allocated: 3309.6 MB, Reserved: 117540.0 MB (Δ: +1687.0 MB)
[2025-11-18 13:35:59][INFO][Rank 0] - train Epoch 4/24: 84.0% (1630/1940)
[2025-11-18 13:36:06][INFO][Rank 0] - train Epoch 4/24: 84.5% (1640/1940)
[2025-11-18 13:36:13][INFO][Rank 0] - train Epoch 4/24: 85.1% (1650/1940)
[2025-11-18 13:36:20][INFO][Rank 0] - train Epoch 4/24: 85.6% (1660/1940)
[2025-11-18 13:36:27][INFO][Rank 0] - train Epoch 4/24: 86.1% (1670/1940)
[2025-11-18 13:36:34][INFO][Rank 0] - train Epoch 4/24: 86.6% (1680/1940)
[2025-11-18 13:36:41][INFO][Rank 0] - train Epoch 4/24: 87.1% (1690/1940)
[2025-11-18 13:36:48][INFO][Rank 0] - train Epoch 4/24: 87.6% (1700/1940)
[2025-11-18 13:36:55][INFO][Rank 0] - train Epoch 4/24: 88.1% (1710/1940)
[2025-11-18 13:36:56][INFO][Rank 0] - CUDA Memory [train][Step 1710]: Device 0: Allocated: 3309.6 MB, Reserved: 117540.0 MB (Δ: +1687.0 MB)
[2025-11-18 13:37:02][INFO][Rank 0] - train Epoch 4/24: 88.7% (1720/1940)
[2025-11-18 13:37:09][INFO][Rank 0] - train Epoch 4/24: 89.2% (1730/1940)
[2025-11-18 13:37:16][INFO][Rank 0] - train Epoch 4/24: 89.7% (1740/1940)
[2025-11-18 13:37:23][INFO][Rank 0] - train Epoch 4/24: 90.2% (1750/1940)
[2025-11-18 13:37:31][INFO][Rank 0] - train Epoch 4/24: 90.7% (1760/1940)
[2025-11-18 13:37:38][INFO][Rank 0] - train Epoch 4/24: 91.2% (1770/1940)
[2025-11-18 13:37:45][INFO][Rank 0] - train Epoch 4/24: 91.8% (1780/1940)
[2025-11-18 13:37:52][INFO][Rank 0] - train Epoch 4/24: 92.3% (1790/1940)
[2025-11-18 13:37:59][INFO][Rank 0] - train Epoch 4/24: 92.8% (1800/1940)
[2025-11-18 13:38:00][INFO][Rank 0] - CUDA Memory [train][Step 1800]: Device 0: Allocated: 3309.6 MB, Reserved: 117540.0 MB (Δ: +1687.0 MB)
[2025-11-18 13:38:06][INFO][Rank 0] - train Epoch 4/24: 93.3% (1810/1940)
[2025-11-18 13:38:13][INFO][Rank 0] - train Epoch 4/24: 93.8% (1820/1940)
[2025-11-18 13:38:20][INFO][Rank 0] - train Epoch 4/24: 94.3% (1830/1940)
[2025-11-18 13:38:27][INFO][Rank 0] - train Epoch 4/24: 94.8% (1840/1940)
[2025-11-18 13:38:34][INFO][Rank 0] - train Epoch 4/24: 95.4% (1850/1940)
[2025-11-18 13:38:41][INFO][Rank 0] - train Epoch 4/24: 95.9% (1860/1940)
[2025-11-18 13:38:48][INFO][Rank 0] - train Epoch 4/24: 96.4% (1870/1940)
[2025-11-18 13:38:56][INFO][Rank 0] - train Epoch 4/24: 96.9% (1880/1940)
[2025-11-18 13:39:03][INFO][Rank 0] - train Epoch 4/24: 97.4% (1890/1940)
[2025-11-18 13:39:03][INFO][Rank 0] - CUDA Memory [train][Step 1890]: Device 0: Allocated: 3309.6 MB, Reserved: 117540.0 MB (Δ: +1687.0 MB)
[2025-11-18 13:39:10][INFO][Rank 0] - train Epoch 4/24: 97.9% (1900/1940)
[2025-11-18 13:39:17][INFO][Rank 0] - train Epoch 4/24: 98.5% (1910/1940)
[2025-11-18 13:39:24][INFO][Rank 0] - train Epoch 4/24: 99.0% (1920/1940)
[2025-11-18 13:39:31][INFO][Rank 0] - train Epoch 4/24: 99.5% (1930/1940)
[2025-11-18 13:39:37][INFO][Rank 0] - train Epoch 4/24: 99.9% (1939/1940)
[2025-11-18 13:39:38][INFO][Rank 0] - train Loss: 0.2086 Acc: 0.9773 F1: 0.9883
[2025-11-18 13:39:38][INFO][Rank 0] - train Balanced Acc: 0.8233 AUC-ROC: 0.9625
[2025-11-18 13:39:38][INFO][Rank 0] - train Sensitivity: 0.9859 Specificity: 0.6608
[2025-11-18 13:39:38][INFO][Rank 0] - train Confusion Matrix: TP=18620, FP=174, FN=267, TN=339
[2025-11-18 13:39:38][INFO][Rank 0] - train completed in 1374.87s
[2025-11-18 13:39:38][INFO][Rank 0] - Data loading time: 1.61s, Forward time: 279.90s, Backward time: 744.83s
[2025-11-18 13:39:38][INFO][Rank 0] - train cache: 0/1 items, hit rate: 0.00%
[2025-11-18 13:39:38][INFO][Rank 0] - CUDA Memory [val][Step 0]: Device 0: Allocated: 3309.6 MB, Reserved: 117540.0 MB (Δ: +1687.0 MB)
[2025-11-18 13:39:38][INFO][Rank 0] - val phase: total 407 batches
[2025-11-18 13:39:38][INFO][Rank 0] - val Epoch 4/24: 0.0% (0/407)
[2025-11-18 13:39:43][INFO][Rank 0] - val Epoch 4/24: 2.5% (10/407)
[2025-11-18 13:39:48][INFO][Rank 0] - val Epoch 4/24: 4.9% (20/407)
[2025-11-18 13:39:53][INFO][Rank 0] - val Epoch 4/24: 7.4% (30/407)
[2025-11-18 13:39:58][INFO][Rank 0] - val Epoch 4/24: 9.8% (40/407)
[2025-11-18 13:40:03][INFO][Rank 0] - val Epoch 4/24: 12.3% (50/407)
[2025-11-18 13:40:08][INFO][Rank 0] - val Epoch 4/24: 14.7% (60/407)
[2025-11-18 13:40:13][INFO][Rank 0] - val Epoch 4/24: 17.2% (70/407)
[2025-11-18 13:40:18][INFO][Rank 0] - val Epoch 4/24: 19.7% (80/407)
[2025-11-18 13:40:23][INFO][Rank 0] - val Epoch 4/24: 22.1% (90/407)
[2025-11-18 13:40:28][INFO][Rank 0] - val Epoch 4/24: 24.6% (100/407)
[2025-11-18 13:40:33][INFO][Rank 0] - val Epoch 4/24: 27.0% (110/407)
[2025-11-18 13:40:38][INFO][Rank 0] - val Epoch 4/24: 29.5% (120/407)
[2025-11-18 13:40:38][INFO][Rank 0] - CUDA Memory [val][Step 120]: Device 0: Allocated: 3309.6 MB, Reserved: 117540.0 MB (Δ: +1687.0 MB)
[2025-11-18 13:40:43][INFO][Rank 0] - val Epoch 4/24: 31.9% (130/407)
[2025-11-18 13:40:47][INFO][Rank 0] - val Epoch 4/24: 34.4% (140/407)
[2025-11-18 13:40:52][INFO][Rank 0] - val Epoch 4/24: 36.9% (150/407)
[2025-11-18 13:40:57][INFO][Rank 0] - val Epoch 4/24: 39.3% (160/407)
[2025-11-18 13:41:02][INFO][Rank 0] - val Epoch 4/24: 41.8% (170/407)
[2025-11-18 13:41:07][INFO][Rank 0] - val Epoch 4/24: 44.2% (180/407)
[2025-11-18 13:41:12][INFO][Rank 0] - val Epoch 4/24: 46.7% (190/407)
[2025-11-18 13:41:17][INFO][Rank 0] - val Epoch 4/24: 49.1% (200/407)
[2025-11-18 13:41:22][INFO][Rank 0] - val Epoch 4/24: 51.6% (210/407)
[2025-11-18 13:41:27][INFO][Rank 0] - val Epoch 4/24: 54.1% (220/407)
[2025-11-18 13:41:32][INFO][Rank 0] - val Epoch 4/24: 56.5% (230/407)
[2025-11-18 13:41:37][INFO][Rank 0] - val Epoch 4/24: 59.0% (240/407)
[2025-11-18 13:41:42][INFO][Rank 0] - val Epoch 4/24: 61.4% (250/407)
[2025-11-18 13:41:47][INFO][Rank 0] - val Epoch 4/24: 63.9% (260/407)
[2025-11-18 13:41:52][INFO][Rank 0] - val Epoch 4/24: 66.3% (270/407)
[2025-11-18 13:41:52][INFO][Rank 0] - CUDA Memory [val][Step 270]: Device 0: Allocated: 3309.6 MB, Reserved: 117540.0 MB (Δ: +1687.0 MB)
[2025-11-18 13:41:57][INFO][Rank 0] - val Epoch 4/24: 68.8% (280/407)
[2025-11-18 13:42:02][INFO][Rank 0] - val Epoch 4/24: 71.3% (290/407)
[2025-11-18 13:42:07][INFO][Rank 0] - val Epoch 4/24: 73.7% (300/407)
[2025-11-18 13:42:12][INFO][Rank 0] - val Epoch 4/24: 76.2% (310/407)
[2025-11-18 13:42:17][INFO][Rank 0] - val Epoch 4/24: 78.6% (320/407)
[2025-11-18 13:42:22][INFO][Rank 0] - val Epoch 4/24: 81.1% (330/407)
[2025-11-18 13:42:26][INFO][Rank 0] - val Epoch 4/24: 83.5% (340/407)
[2025-11-18 13:42:31][INFO][Rank 0] - val Epoch 4/24: 86.0% (350/407)
[2025-11-18 13:42:36][INFO][Rank 0] - val Epoch 4/24: 88.5% (360/407)
[2025-11-18 13:42:41][INFO][Rank 0] - val Epoch 4/24: 90.9% (370/407)
[2025-11-18 13:42:46][INFO][Rank 0] - val Epoch 4/24: 93.4% (380/407)
[2025-11-18 13:42:51][INFO][Rank 0] - val Epoch 4/24: 95.8% (390/407)
[2025-11-18 13:42:56][INFO][Rank 0] - val Epoch 4/24: 98.3% (400/407)
[2025-11-18 13:42:59][INFO][Rank 0] - val Epoch 4/24: 99.8% (406/407)
[2025-11-18 13:43:00][INFO][Rank 0] - val Loss: 0.1210 Acc: 0.9769 F1: 0.9881
[2025-11-18 13:43:00][INFO][Rank 0] - val Balanced Acc: 0.8858 AUC-ROC: 0.9822
[2025-11-18 13:43:00][INFO][Rank 0] - val Sensitivity: 0.9809 Specificity: 0.7907
[2025-11-18 13:43:00][INFO][Rank 0] - val Confusion Matrix: TP=3908, FP=18, FN=76, TN=68
[2025-11-18 13:43:00][INFO][Rank 0] - val completed in 201.57s
[2025-11-18 13:43:00][INFO][Rank 0] - val cache: 0/1 items, hit rate: 0.00%
[2025-11-18 13:43:04][INFO][Rank 0] - Saved new best balanced_acc model with balanced_acc: 0.8858 at /projects/retprogression/rgarridogarcia/checkpoints/cropped1024_cropped_centered_allR_1/best_balanced_acc_model.pth
[2025-11-18 13:43:08][INFO][Rank 0] - Also saved as general best model at /projects/retprogression/rgarridogarcia/checkpoints/cropped1024_cropped_centered_allR_1/best_model.pth
[2025-11-18 13:43:12][INFO][Rank 0] - Saved new best auc model with auc: 0.9822 at /projects/retprogression/rgarridogarcia/checkpoints/cropped1024_cropped_centered_allR_1/best_auc_model.pth
[2025-11-18 13:43:16][INFO][Rank 0] - Saved epoch checkpoint at /projects/retprogression/rgarridogarcia/checkpoints/cropped1024_cropped_centered_allR_1/epoch_4.pth
[2025-11-18 13:43:16][INFO][Rank 0] - Epoch 4 summary:
[2025-11-18 13:43:16][INFO][Rank 0] -  Train Loss: 0.2086, Train Acc: 0.9773, Train F1: 0.9883
[2025-11-18 13:43:16][INFO][Rank 0] -  Train Balanced Acc: 0.8233, Train AUC: 0.9625
[2025-11-18 13:43:16][INFO][Rank 0] -  Train Sensitivity: 0.9859, Train Specificity: 0.6608
[2025-11-18 13:43:16][INFO][Rank 0] -  Val Loss: 0.1210, Val Acc: 0.9769, Val F1: 0.9881
[2025-11-18 13:43:16][INFO][Rank 0] -  Val Balanced Acc: 0.8858, Val AUC: 0.9822
[2025-11-18 13:43:16][INFO][Rank 0] -  Val Sensitivity: 0.9809, Val Specificity: 0.7907
[2025-11-18 13:43:16][INFO][Rank 0] -  Total Epoch Time: 1592.50s
[2025-11-18 13:43:16][INFO][Rank 0] - Epoch 5/24
[2025-11-18 13:43:16][INFO][Rank 0] - ----------
[2025-11-18 13:43:16][INFO][Rank 0] - CUDA Memory [train][Step 0]: Device 0: Allocated: 3309.6 MB, Reserved: 117540.0 MB (Δ: +1687.0 MB)
[2025-11-18 13:43:16][INFO][Rank 0] - train phase: total 1940 batches
[2025-11-18 13:43:16][INFO][Rank 0] - train Epoch 5/24: 0.0% (0/1940)
[2025-11-18 13:43:23][INFO][Rank 0] - train Epoch 5/24: 0.5% (10/1940)
[2025-11-18 13:43:30][INFO][Rank 0] - train Epoch 5/24: 1.0% (20/1940)
[2025-11-18 13:43:37][INFO][Rank 0] - train Epoch 5/24: 1.5% (30/1940)
[2025-11-18 13:43:44][INFO][Rank 0] - train Epoch 5/24: 2.1% (40/1940)
[2025-11-18 13:43:52][INFO][Rank 0] - train Epoch 5/24: 2.6% (50/1940)
[2025-11-18 13:43:59][INFO][Rank 0] - train Epoch 5/24: 3.1% (60/1940)
[2025-11-18 13:44:06][INFO][Rank 0] - train Epoch 5/24: 3.6% (70/1940)
[2025-11-18 13:44:13][INFO][Rank 0] - train Epoch 5/24: 4.1% (80/1940)
[2025-11-18 13:44:20][INFO][Rank 0] - train Epoch 5/24: 4.6% (90/1940)
[2025-11-18 13:44:21][INFO][Rank 0] - CUDA Memory [train][Step 90]: Device 0: Allocated: 3309.6 MB, Reserved: 117540.0 MB (Δ: +1687.0 MB)
[2025-11-18 13:44:27][INFO][Rank 0] - train Epoch 5/24: 5.2% (100/1940)
[2025-11-18 13:44:34][INFO][Rank 0] - train Epoch 5/24: 5.7% (110/1940)
[2025-11-18 13:44:41][INFO][Rank 0] - train Epoch 5/24: 6.2% (120/1940)
[2025-11-18 13:44:48][INFO][Rank 0] - train Epoch 5/24: 6.7% (130/1940)
[2025-11-18 13:44:55][INFO][Rank 0] - train Epoch 5/24: 7.2% (140/1940)
[2025-11-18 13:45:02][INFO][Rank 0] - train Epoch 5/24: 7.7% (150/1940)
[2025-11-18 13:45:09][INFO][Rank 0] - train Epoch 5/24: 8.2% (160/1940)
[2025-11-18 13:45:17][INFO][Rank 0] - train Epoch 5/24: 8.8% (170/1940)
[2025-11-18 13:45:24][INFO][Rank 0] - train Epoch 5/24: 9.3% (180/1940)
[2025-11-18 13:45:24][INFO][Rank 0] - CUDA Memory [train][Step 180]: Device 0: Allocated: 3309.6 MB, Reserved: 117540.0 MB (Δ: +1687.0 MB)
[2025-11-18 13:45:31][INFO][Rank 0] - train Epoch 5/24: 9.8% (190/1940)
[2025-11-18 13:45:38][INFO][Rank 0] - train Epoch 5/24: 10.3% (200/1940)
[2025-11-18 13:45:45][INFO][Rank 0] - train Epoch 5/24: 10.8% (210/1940)
[2025-11-18 13:45:52][INFO][Rank 0] - train Epoch 5/24: 11.3% (220/1940)
[2025-11-18 13:45:59][INFO][Rank 0] - train Epoch 5/24: 11.9% (230/1940)
[2025-11-18 13:46:06][INFO][Rank 0] - train Epoch 5/24: 12.4% (240/1940)
[2025-11-18 13:46:13][INFO][Rank 0] - train Epoch 5/24: 12.9% (250/1940)
[2025-11-18 13:46:20][INFO][Rank 0] - train Epoch 5/24: 13.4% (260/1940)
[2025-11-18 13:46:27][INFO][Rank 0] - train Epoch 5/24: 13.9% (270/1940)
[2025-11-18 13:46:28][INFO][Rank 0] - CUDA Memory [train][Step 270]: Device 0: Allocated: 3309.6 MB, Reserved: 117540.0 MB (Δ: +1687.0 MB)
[2025-11-18 13:46:34][INFO][Rank 0] - train Epoch 5/24: 14.4% (280/1940)
[2025-11-18 13:46:42][INFO][Rank 0] - train Epoch 5/24: 14.9% (290/1940)
[2025-11-18 13:46:49][INFO][Rank 0] - train Epoch 5/24: 15.5% (300/1940)
[2025-11-18 13:46:56][INFO][Rank 0] - train Epoch 5/24: 16.0% (310/1940)
[2025-11-18 13:47:03][INFO][Rank 0] - train Epoch 5/24: 16.5% (320/1940)
[2025-11-18 13:47:10][INFO][Rank 0] - train Epoch 5/24: 17.0% (330/1940)
[2025-11-18 13:47:17][INFO][Rank 0] - train Epoch 5/24: 17.5% (340/1940)
[2025-11-18 13:47:24][INFO][Rank 0] - train Epoch 5/24: 18.0% (350/1940)
[2025-11-18 13:47:31][INFO][Rank 0] - train Epoch 5/24: 18.6% (360/1940)
[2025-11-18 13:47:32][INFO][Rank 0] - CUDA Memory [train][Step 360]: Device 0: Allocated: 3309.6 MB, Reserved: 117540.0 MB (Δ: +1687.0 MB)
[2025-11-18 13:47:38][INFO][Rank 0] - train Epoch 5/24: 19.1% (370/1940)
[2025-11-18 13:47:45][INFO][Rank 0] - train Epoch 5/24: 19.6% (380/1940)
[2025-11-18 13:47:52][INFO][Rank 0] - train Epoch 5/24: 20.1% (390/1940)
[2025-11-18 13:47:59][INFO][Rank 0] - train Epoch 5/24: 20.6% (400/1940)
[2025-11-18 13:48:07][INFO][Rank 0] - train Epoch 5/24: 21.1% (410/1940)
[2025-11-18 13:48:14][INFO][Rank 0] - train Epoch 5/24: 21.6% (420/1940)
[2025-11-18 13:48:21][INFO][Rank 0] - train Epoch 5/24: 22.2% (430/1940)
[2025-11-18 13:48:28][INFO][Rank 0] - train Epoch 5/24: 22.7% (440/1940)
[2025-11-18 13:48:35][INFO][Rank 0] - train Epoch 5/24: 23.2% (450/1940)
[2025-11-18 13:48:36][INFO][Rank 0] - CUDA Memory [train][Step 450]: Device 0: Allocated: 3309.6 MB, Reserved: 117540.0 MB (Δ: +1687.0 MB)
[2025-11-18 13:48:42][INFO][Rank 0] - train Epoch 5/24: 23.7% (460/1940)
[2025-11-18 13:48:49][INFO][Rank 0] - train Epoch 5/24: 24.2% (470/1940)
[2025-11-18 13:48:56][INFO][Rank 0] - train Epoch 5/24: 24.7% (480/1940)
[2025-11-18 13:49:03][INFO][Rank 0] - train Epoch 5/24: 25.3% (490/1940)
[2025-11-18 13:49:10][INFO][Rank 0] - train Epoch 5/24: 25.8% (500/1940)
[2025-11-18 13:49:17][INFO][Rank 0] - train Epoch 5/24: 26.3% (510/1940)
[2025-11-18 13:49:24][INFO][Rank 0] - train Epoch 5/24: 26.8% (520/1940)
[2025-11-18 13:49:32][INFO][Rank 0] - train Epoch 5/24: 27.3% (530/1940)
[2025-11-18 13:49:39][INFO][Rank 0] - train Epoch 5/24: 27.8% (540/1940)
[2025-11-18 13:49:39][INFO][Rank 0] - CUDA Memory [train][Step 540]: Device 0: Allocated: 3309.6 MB, Reserved: 117540.0 MB (Δ: +1687.0 MB)
[2025-11-18 13:49:46][INFO][Rank 0] - train Epoch 5/24: 28.4% (550/1940)
[2025-11-18 13:49:53][INFO][Rank 0] - train Epoch 5/24: 28.9% (560/1940)
[2025-11-18 13:50:00][INFO][Rank 0] - train Epoch 5/24: 29.4% (570/1940)
[2025-11-18 13:50:07][INFO][Rank 0] - train Epoch 5/24: 29.9% (580/1940)
[2025-11-18 13:50:14][INFO][Rank 0] - train Epoch 5/24: 30.4% (590/1940)
[2025-11-18 13:50:21][INFO][Rank 0] - train Epoch 5/24: 30.9% (600/1940)
[2025-11-18 13:50:28][INFO][Rank 0] - train Epoch 5/24: 31.4% (610/1940)
[2025-11-18 13:50:35][INFO][Rank 0] - train Epoch 5/24: 32.0% (620/1940)
[2025-11-18 13:50:42][INFO][Rank 0] - train Epoch 5/24: 32.5% (630/1940)
[2025-11-18 13:50:43][INFO][Rank 0] - CUDA Memory [train][Step 630]: Device 0: Allocated: 3309.6 MB, Reserved: 117540.0 MB (Δ: +1687.0 MB)
[2025-11-18 13:50:49][INFO][Rank 0] - train Epoch 5/24: 33.0% (640/1940)
[2025-11-18 13:50:57][INFO][Rank 0] - train Epoch 5/24: 33.5% (650/1940)
[2025-11-18 13:51:04][INFO][Rank 0] - train Epoch 5/24: 34.0% (660/1940)
[2025-11-18 13:51:11][INFO][Rank 0] - train Epoch 5/24: 34.5% (670/1940)
[2025-11-18 13:51:18][INFO][Rank 0] - train Epoch 5/24: 35.1% (680/1940)
[2025-11-18 13:51:25][INFO][Rank 0] - train Epoch 5/24: 35.6% (690/1940)
[2025-11-18 13:51:32][INFO][Rank 0] - train Epoch 5/24: 36.1% (700/1940)
[2025-11-18 13:51:39][INFO][Rank 0] - train Epoch 5/24: 36.6% (710/1940)
[2025-11-18 13:51:46][INFO][Rank 0] - train Epoch 5/24: 37.1% (720/1940)
[2025-11-18 13:51:47][INFO][Rank 0] - CUDA Memory [train][Step 720]: Device 0: Allocated: 3309.6 MB, Reserved: 117540.0 MB (Δ: +1687.0 MB)
[2025-11-18 13:51:53][INFO][Rank 0] - train Epoch 5/24: 37.6% (730/1940)
[2025-11-18 13:52:00][INFO][Rank 0] - train Epoch 5/24: 38.1% (740/1940)
[2025-11-18 13:52:07][INFO][Rank 0] - train Epoch 5/24: 38.7% (750/1940)
[2025-11-18 13:52:14][INFO][Rank 0] - train Epoch 5/24: 39.2% (760/1940)
[2025-11-18 13:52:22][INFO][Rank 0] - train Epoch 5/24: 39.7% (770/1940)
[2025-11-18 13:52:29][INFO][Rank 0] - train Epoch 5/24: 40.2% (780/1940)
[2025-11-18 13:52:36][INFO][Rank 0] - train Epoch 5/24: 40.7% (790/1940)
[2025-11-18 13:52:43][INFO][Rank 0] - train Epoch 5/24: 41.2% (800/1940)
[2025-11-18 13:52:50][INFO][Rank 0] - train Epoch 5/24: 41.8% (810/1940)
[2025-11-18 13:52:51][INFO][Rank 0] - CUDA Memory [train][Step 810]: Device 0: Allocated: 3309.6 MB, Reserved: 117540.0 MB (Δ: +1687.0 MB)
[2025-11-18 13:52:57][INFO][Rank 0] - train Epoch 5/24: 42.3% (820/1940)
[2025-11-18 13:53:04][INFO][Rank 0] - train Epoch 5/24: 42.8% (830/1940)
[2025-11-18 13:53:11][INFO][Rank 0] - train Epoch 5/24: 43.3% (840/1940)
[2025-11-18 13:53:18][INFO][Rank 0] - train Epoch 5/24: 43.8% (850/1940)
[2025-11-18 13:53:25][INFO][Rank 0] - train Epoch 5/24: 44.3% (860/1940)
[2025-11-18 13:53:32][INFO][Rank 0] - train Epoch 5/24: 44.8% (870/1940)
[2025-11-18 13:53:39][INFO][Rank 0] - train Epoch 5/24: 45.4% (880/1940)
[2025-11-18 13:53:46][INFO][Rank 0] - train Epoch 5/24: 45.9% (890/1940)
[2025-11-18 13:53:54][INFO][Rank 0] - train Epoch 5/24: 46.4% (900/1940)
[2025-11-18 13:53:54][INFO][Rank 0] - CUDA Memory [train][Step 900]: Device 0: Allocated: 3309.6 MB, Reserved: 117540.0 MB (Δ: +1687.0 MB)
[2025-11-18 13:54:01][INFO][Rank 0] - train Epoch 5/24: 46.9% (910/1940)
[2025-11-18 13:54:08][INFO][Rank 0] - train Epoch 5/24: 47.4% (920/1940)
[2025-11-18 13:54:15][INFO][Rank 0] - train Epoch 5/24: 47.9% (930/1940)
[2025-11-18 13:54:22][INFO][Rank 0] - train Epoch 5/24: 48.5% (940/1940)
[2025-11-18 13:54:29][INFO][Rank 0] - train Epoch 5/24: 49.0% (950/1940)
[2025-11-18 13:54:36][INFO][Rank 0] - train Epoch 5/24: 49.5% (960/1940)
[2025-11-18 13:54:43][INFO][Rank 0] - train Epoch 5/24: 50.0% (970/1940)
[2025-11-18 13:54:50][INFO][Rank 0] - train Epoch 5/24: 50.5% (980/1940)
[2025-11-18 13:54:57][INFO][Rank 0] - train Epoch 5/24: 51.0% (990/1940)
[2025-11-18 13:54:58][INFO][Rank 0] - CUDA Memory [train][Step 990]: Device 0: Allocated: 3309.6 MB, Reserved: 117540.0 MB (Δ: +1687.0 MB)
[2025-11-18 13:55:04][INFO][Rank 0] - train Epoch 5/24: 51.5% (1000/1940)
[2025-11-18 13:55:11][INFO][Rank 0] - train Epoch 5/24: 52.1% (1010/1940)
[2025-11-18 13:55:19][INFO][Rank 0] - train Epoch 5/24: 52.6% (1020/1940)
[2025-11-18 13:55:26][INFO][Rank 0] - train Epoch 5/24: 53.1% (1030/1940)
[2025-11-18 13:55:33][INFO][Rank 0] - train Epoch 5/24: 53.6% (1040/1940)
[2025-11-18 13:55:40][INFO][Rank 0] - train Epoch 5/24: 54.1% (1050/1940)
[2025-11-18 13:55:47][INFO][Rank 0] - train Epoch 5/24: 54.6% (1060/1940)
[2025-11-18 13:55:54][INFO][Rank 0] - train Epoch 5/24: 55.2% (1070/1940)
[2025-11-18 13:56:01][INFO][Rank 0] - train Epoch 5/24: 55.7% (1080/1940)
[2025-11-18 13:56:02][INFO][Rank 0] - CUDA Memory [train][Step 1080]: Device 0: Allocated: 3309.6 MB, Reserved: 117540.0 MB (Δ: +1687.0 MB)
[2025-11-18 13:56:08][INFO][Rank 0] - train Epoch 5/24: 56.2% (1090/1940)
[2025-11-18 13:56:15][INFO][Rank 0] - train Epoch 5/24: 56.7% (1100/1940)
[2025-11-18 13:56:22][INFO][Rank 0] - train Epoch 5/24: 57.2% (1110/1940)
[2025-11-18 13:56:29][INFO][Rank 0] - train Epoch 5/24: 57.7% (1120/1940)
[2025-11-18 13:56:36][INFO][Rank 0] - train Epoch 5/24: 58.2% (1130/1940)
[2025-11-18 13:56:44][INFO][Rank 0] - train Epoch 5/24: 58.8% (1140/1940)
[2025-11-18 13:56:51][INFO][Rank 0] - train Epoch 5/24: 59.3% (1150/1940)
[2025-11-18 13:56:58][INFO][Rank 0] - train Epoch 5/24: 59.8% (1160/1940)
[2025-11-18 13:57:05][INFO][Rank 0] - train Epoch 5/24: 60.3% (1170/1940)
[2025-11-18 13:57:06][INFO][Rank 0] - CUDA Memory [train][Step 1170]: Device 0: Allocated: 3309.6 MB, Reserved: 117540.0 MB (Δ: +1687.0 MB)
[2025-11-18 13:57:12][INFO][Rank 0] - train Epoch 5/24: 60.8% (1180/1940)
[2025-11-18 13:57:19][INFO][Rank 0] - train Epoch 5/24: 61.3% (1190/1940)
[2025-11-18 13:57:26][INFO][Rank 0] - train Epoch 5/24: 61.9% (1200/1940)
[2025-11-18 13:57:33][INFO][Rank 0] - train Epoch 5/24: 62.4% (1210/1940)
[2025-11-18 13:57:40][INFO][Rank 0] - train Epoch 5/24: 62.9% (1220/1940)
[2025-11-18 13:57:47][INFO][Rank 0] - train Epoch 5/24: 63.4% (1230/1940)
[2025-11-18 13:57:54][INFO][Rank 0] - train Epoch 5/24: 63.9% (1240/1940)
[2025-11-18 13:58:01][INFO][Rank 0] - train Epoch 5/24: 64.4% (1250/1940)
[2025-11-18 13:58:09][INFO][Rank 0] - train Epoch 5/24: 64.9% (1260/1940)
[2025-11-18 13:58:09][INFO][Rank 0] - CUDA Memory [train][Step 1260]: Device 0: Allocated: 3309.6 MB, Reserved: 117540.0 MB (Δ: +1687.0 MB)
[2025-11-18 13:58:16][INFO][Rank 0] - train Epoch 5/24: 65.5% (1270/1940)
[2025-11-18 13:58:23][INFO][Rank 0] - train Epoch 5/24: 66.0% (1280/1940)
[2025-11-18 13:58:30][INFO][Rank 0] - train Epoch 5/24: 66.5% (1290/1940)
[2025-11-18 13:58:37][INFO][Rank 0] - train Epoch 5/24: 67.0% (1300/1940)
[2025-11-18 13:58:44][INFO][Rank 0] - train Epoch 5/24: 67.5% (1310/1940)
[2025-11-18 13:58:51][INFO][Rank 0] - train Epoch 5/24: 68.0% (1320/1940)
[2025-11-18 13:58:58][INFO][Rank 0] - train Epoch 5/24: 68.6% (1330/1940)
[2025-11-18 13:59:05][INFO][Rank 0] - train Epoch 5/24: 69.1% (1340/1940)
[2025-11-18 13:59:12][INFO][Rank 0] - train Epoch 5/24: 69.6% (1350/1940)
[2025-11-18 13:59:13][INFO][Rank 0] - CUDA Memory [train][Step 1350]: Device 0: Allocated: 3309.6 MB, Reserved: 117540.0 MB (Δ: +1687.0 MB)
[2025-11-18 13:59:19][INFO][Rank 0] - train Epoch 5/24: 70.1% (1360/1940)
[2025-11-18 13:59:26][INFO][Rank 0] - train Epoch 5/24: 70.6% (1370/1940)
[2025-11-18 13:59:34][INFO][Rank 0] - train Epoch 5/24: 71.1% (1380/1940)
[2025-11-18 13:59:41][INFO][Rank 0] - train Epoch 5/24: 71.6% (1390/1940)
[2025-11-18 13:59:48][INFO][Rank 0] - train Epoch 5/24: 72.2% (1400/1940)
[2025-11-18 13:59:55][INFO][Rank 0] - train Epoch 5/24: 72.7% (1410/1940)
[2025-11-18 14:00:02][INFO][Rank 0] - train Epoch 5/24: 73.2% (1420/1940)
[2025-11-18 14:00:09][INFO][Rank 0] - train Epoch 5/24: 73.7% (1430/1940)
[2025-11-18 14:00:16][INFO][Rank 0] - train Epoch 5/24: 74.2% (1440/1940)
[2025-11-18 14:00:17][INFO][Rank 0] - CUDA Memory [train][Step 1440]: Device 0: Allocated: 3309.6 MB, Reserved: 117540.0 MB (Δ: +1687.0 MB)
[2025-11-18 14:00:23][INFO][Rank 0] - train Epoch 5/24: 74.7% (1450/1940)
[2025-11-18 14:00:30][INFO][Rank 0] - train Epoch 5/24: 75.3% (1460/1940)
[2025-11-18 14:00:37][INFO][Rank 0] - train Epoch 5/24: 75.8% (1470/1940)
[2025-11-18 14:00:44][INFO][Rank 0] - train Epoch 5/24: 76.3% (1480/1940)
[2025-11-18 14:00:51][INFO][Rank 0] - train Epoch 5/24: 76.8% (1490/1940)
[2025-11-18 14:00:59][INFO][Rank 0] - train Epoch 5/24: 77.3% (1500/1940)
[2025-11-18 14:01:06][INFO][Rank 0] - train Epoch 5/24: 77.8% (1510/1940)
[2025-11-18 14:01:13][INFO][Rank 0] - train Epoch 5/24: 78.4% (1520/1940)
[2025-11-18 14:01:20][INFO][Rank 0] - train Epoch 5/24: 78.9% (1530/1940)
[2025-11-18 14:01:20][INFO][Rank 0] - CUDA Memory [train][Step 1530]: Device 0: Allocated: 3309.6 MB, Reserved: 117540.0 MB (Δ: +1687.0 MB)
[2025-11-18 14:01:27][INFO][Rank 0] - train Epoch 5/24: 79.4% (1540/1940)
[2025-11-18 14:01:34][INFO][Rank 0] - train Epoch 5/24: 79.9% (1550/1940)
[2025-11-18 14:01:41][INFO][Rank 0] - train Epoch 5/24: 80.4% (1560/1940)
[2025-11-18 14:01:48][INFO][Rank 0] - train Epoch 5/24: 80.9% (1570/1940)
[2025-11-18 14:01:55][INFO][Rank 0] - train Epoch 5/24: 81.4% (1580/1940)
[2025-11-18 14:02:02][INFO][Rank 0] - train Epoch 5/24: 82.0% (1590/1940)
[2025-11-18 14:02:09][INFO][Rank 0] - train Epoch 5/24: 82.5% (1600/1940)
[2025-11-18 14:02:16][INFO][Rank 0] - train Epoch 5/24: 83.0% (1610/1940)
[2025-11-18 14:02:24][INFO][Rank 0] - train Epoch 5/24: 83.5% (1620/1940)
[2025-11-18 14:02:24][INFO][Rank 0] - CUDA Memory [train][Step 1620]: Device 0: Allocated: 3309.6 MB, Reserved: 117540.0 MB (Δ: +1687.0 MB)
[2025-11-18 14:02:31][INFO][Rank 0] - train Epoch 5/24: 84.0% (1630/1940)
[2025-11-18 14:02:38][INFO][Rank 0] - train Epoch 5/24: 84.5% (1640/1940)
[2025-11-18 14:02:45][INFO][Rank 0] - train Epoch 5/24: 85.1% (1650/1940)
[2025-11-18 14:02:52][INFO][Rank 0] - train Epoch 5/24: 85.6% (1660/1940)
[2025-11-18 14:02:59][INFO][Rank 0] - train Epoch 5/24: 86.1% (1670/1940)
[2025-11-18 14:03:06][INFO][Rank 0] - train Epoch 5/24: 86.6% (1680/1940)
[2025-11-18 14:03:13][INFO][Rank 0] - train Epoch 5/24: 87.1% (1690/1940)
[2025-11-18 14:03:20][INFO][Rank 0] - train Epoch 5/24: 87.6% (1700/1940)
[2025-11-18 14:03:27][INFO][Rank 0] - train Epoch 5/24: 88.1% (1710/1940)
[2025-11-18 14:03:28][INFO][Rank 0] - CUDA Memory [train][Step 1710]: Device 0: Allocated: 3309.6 MB, Reserved: 117540.0 MB (Δ: +1687.0 MB)
[2025-11-18 14:03:34][INFO][Rank 0] - train Epoch 5/24: 88.7% (1720/1940)
[2025-11-18 14:03:41][INFO][Rank 0] - train Epoch 5/24: 89.2% (1730/1940)
[2025-11-18 14:03:48][INFO][Rank 0] - train Epoch 5/24: 89.7% (1740/1940)
[2025-11-18 14:03:56][INFO][Rank 0] - train Epoch 5/24: 90.2% (1750/1940)
[2025-11-18 14:04:03][INFO][Rank 0] - train Epoch 5/24: 90.7% (1760/1940)
[2025-11-18 14:04:10][INFO][Rank 0] - train Epoch 5/24: 91.2% (1770/1940)
[2025-11-18 14:04:17][INFO][Rank 0] - train Epoch 5/24: 91.8% (1780/1940)
[2025-11-18 14:04:24][INFO][Rank 0] - train Epoch 5/24: 92.3% (1790/1940)
[2025-11-18 14:04:31][INFO][Rank 0] - train Epoch 5/24: 92.8% (1800/1940)
[2025-11-18 14:04:32][INFO][Rank 0] - CUDA Memory [train][Step 1800]: Device 0: Allocated: 3309.6 MB, Reserved: 117540.0 MB (Δ: +1687.0 MB)
[2025-11-18 14:04:38][INFO][Rank 0] - train Epoch 5/24: 93.3% (1810/1940)
[2025-11-18 14:04:45][INFO][Rank 0] - train Epoch 5/24: 93.8% (1820/1940)
[2025-11-18 14:04:52][INFO][Rank 0] - train Epoch 5/24: 94.3% (1830/1940)
[2025-11-18 14:04:59][INFO][Rank 0] - train Epoch 5/24: 94.8% (1840/1940)
[2025-11-18 14:05:06][INFO][Rank 0] - train Epoch 5/24: 95.4% (1850/1940)
[2025-11-18 14:05:13][INFO][Rank 0] - train Epoch 5/24: 95.9% (1860/1940)
[2025-11-18 14:05:20][INFO][Rank 0] - train Epoch 5/24: 96.4% (1870/1940)
[2025-11-18 14:05:27][INFO][Rank 0] - train Epoch 5/24: 96.9% (1880/1940)
[2025-11-18 14:05:35][INFO][Rank 0] - train Epoch 5/24: 97.4% (1890/1940)
[2025-11-18 14:05:35][INFO][Rank 0] - CUDA Memory [train][Step 1890]: Device 0: Allocated: 3309.6 MB, Reserved: 117540.0 MB (Δ: +1687.0 MB)
[2025-11-18 14:05:42][INFO][Rank 0] - train Epoch 5/24: 97.9% (1900/1940)
[2025-11-18 14:05:49][INFO][Rank 0] - train Epoch 5/24: 98.5% (1910/1940)
[2025-11-18 14:05:56][INFO][Rank 0] - train Epoch 5/24: 99.0% (1920/1940)
[2025-11-18 14:06:03][INFO][Rank 0] - train Epoch 5/24: 99.5% (1930/1940)
[2025-11-18 14:06:09][INFO][Rank 0] - train Epoch 5/24: 99.9% (1939/1940)
[2025-11-18 14:06:10][INFO][Rank 0] - train Loss: 0.1935 Acc: 0.9743 F1: 0.9867
[2025-11-18 14:06:10][INFO][Rank 0] - train Balanced Acc: 0.8531 AUC-ROC: 0.9626
[2025-11-18 14:06:10][INFO][Rank 0] - train Sensitivity: 0.9811 Specificity: 0.7251
[2025-11-18 14:06:10][INFO][Rank 0] - train Confusion Matrix: TP=18530, FP=141, FN=357, TN=372
[2025-11-18 14:06:10][INFO][Rank 0] - train completed in 1374.19s
[2025-11-18 14:06:10][INFO][Rank 0] - Data loading time: 1.35s, Forward time: 279.91s, Backward time: 744.53s
[2025-11-18 14:06:10][INFO][Rank 0] - train cache: 0/1 items, hit rate: 0.00%
[2025-11-18 14:06:10][INFO][Rank 0] - CUDA Memory [val][Step 0]: Device 0: Allocated: 3309.6 MB, Reserved: 117540.0 MB (Δ: +1687.0 MB)
[2025-11-18 14:06:10][INFO][Rank 0] - val phase: total 407 batches
[2025-11-18 14:06:10][INFO][Rank 0] - val Epoch 5/24: 0.0% (0/407)
[2025-11-18 14:06:15][INFO][Rank 0] - val Epoch 5/24: 2.5% (10/407)
[2025-11-18 14:06:20][INFO][Rank 0] - val Epoch 5/24: 4.9% (20/407)
[2025-11-18 14:06:25][INFO][Rank 0] - val Epoch 5/24: 7.4% (30/407)
[2025-11-18 14:06:30][INFO][Rank 0] - val Epoch 5/24: 9.8% (40/407)
[2025-11-18 14:06:35][INFO][Rank 0] - val Epoch 5/24: 12.3% (50/407)
[2025-11-18 14:06:40][INFO][Rank 0] - val Epoch 5/24: 14.7% (60/407)
[2025-11-18 14:06:45][INFO][Rank 0] - val Epoch 5/24: 17.2% (70/407)
[2025-11-18 14:06:50][INFO][Rank 0] - val Epoch 5/24: 19.7% (80/407)
[2025-11-18 14:06:55][INFO][Rank 0] - val Epoch 5/24: 22.1% (90/407)
[2025-11-18 14:07:00][INFO][Rank 0] - val Epoch 5/24: 24.6% (100/407)
[2025-11-18 14:07:04][INFO][Rank 0] - val Epoch 5/24: 27.0% (110/407)
[2025-11-18 14:07:09][INFO][Rank 0] - val Epoch 5/24: 29.5% (120/407)
[2025-11-18 14:07:10][INFO][Rank 0] - CUDA Memory [val][Step 120]: Device 0: Allocated: 3309.6 MB, Reserved: 117540.0 MB (Δ: +1687.0 MB)
[2025-11-18 14:07:14][INFO][Rank 0] - val Epoch 5/24: 31.9% (130/407)
[2025-11-18 14:07:19][INFO][Rank 0] - val Epoch 5/24: 34.4% (140/407)
[2025-11-18 14:07:24][INFO][Rank 0] - val Epoch 5/24: 36.9% (150/407)
[2025-11-18 14:07:29][INFO][Rank 0] - val Epoch 5/24: 39.3% (160/407)
[2025-11-18 14:07:34][INFO][Rank 0] - val Epoch 5/24: 41.8% (170/407)
[2025-11-18 14:07:39][INFO][Rank 0] - val Epoch 5/24: 44.2% (180/407)
[2025-11-18 14:07:44][INFO][Rank 0] - val Epoch 5/24: 46.7% (190/407)
[2025-11-18 14:07:49][INFO][Rank 0] - val Epoch 5/24: 49.1% (200/407)
[2025-11-18 14:07:54][INFO][Rank 0] - val Epoch 5/24: 51.6% (210/407)
[2025-11-18 14:07:59][INFO][Rank 0] - val Epoch 5/24: 54.1% (220/407)
[2025-11-18 14:08:04][INFO][Rank 0] - val Epoch 5/24: 56.5% (230/407)
[2025-11-18 14:08:09][INFO][Rank 0] - val Epoch 5/24: 59.0% (240/407)
[2025-11-18 14:08:14][INFO][Rank 0] - val Epoch 5/24: 61.4% (250/407)
[2025-11-18 14:08:19][INFO][Rank 0] - val Epoch 5/24: 63.9% (260/407)
[2025-11-18 14:08:24][INFO][Rank 0] - val Epoch 5/24: 66.3% (270/407)
[2025-11-18 14:08:24][INFO][Rank 0] - CUDA Memory [val][Step 270]: Device 0: Allocated: 3309.6 MB, Reserved: 117540.0 MB (Δ: +1687.0 MB)
[2025-11-18 14:08:29][INFO][Rank 0] - val Epoch 5/24: 68.8% (280/407)
[2025-11-18 14:08:33][INFO][Rank 0] - val Epoch 5/24: 71.3% (290/407)
[2025-11-18 14:08:38][INFO][Rank 0] - val Epoch 5/24: 73.7% (300/407)
[2025-11-18 14:08:43][INFO][Rank 0] - val Epoch 5/24: 76.2% (310/407)
[2025-11-18 14:08:48][INFO][Rank 0] - val Epoch 5/24: 78.6% (320/407)
[2025-11-18 14:08:53][INFO][Rank 0] - val Epoch 5/24: 81.1% (330/407)
[2025-11-18 14:08:58][INFO][Rank 0] - val Epoch 5/24: 83.5% (340/407)
[2025-11-18 14:09:03][INFO][Rank 0] - val Epoch 5/24: 86.0% (350/407)
[2025-11-18 14:09:08][INFO][Rank 0] - val Epoch 5/24: 88.5% (360/407)
[2025-11-18 14:09:13][INFO][Rank 0] - val Epoch 5/24: 90.9% (370/407)
[2025-11-18 14:09:18][INFO][Rank 0] - val Epoch 5/24: 93.4% (380/407)
[2025-11-18 14:09:23][INFO][Rank 0] - val Epoch 5/24: 95.8% (390/407)
[2025-11-18 14:09:28][INFO][Rank 0] - val Epoch 5/24: 98.3% (400/407)
[2025-11-18 14:09:31][INFO][Rank 0] - val Epoch 5/24: 99.8% (406/407)
[2025-11-18 14:09:31][INFO][Rank 0] - val Loss: 0.1032 Acc: 0.9771 F1: 0.9882
[2025-11-18 14:09:31][INFO][Rank 0] - val Balanced Acc: 0.8859 AUC-ROC: 0.9827
[2025-11-18 14:09:31][INFO][Rank 0] - val Sensitivity: 0.9812 Specificity: 0.7907
[2025-11-18 14:09:31][INFO][Rank 0] - val Confusion Matrix: TP=3909, FP=18, FN=75, TN=68
[2025-11-18 14:09:31][INFO][Rank 0] - val completed in 201.43s
[2025-11-18 14:09:31][INFO][Rank 0] - val cache: 0/1 items, hit rate: 0.00%
[2025-11-18 14:09:35][INFO][Rank 0] - Saved new best balanced_acc model with balanced_acc: 0.8859 at /projects/retprogression/rgarridogarcia/checkpoints/cropped1024_cropped_centered_allR_1/best_balanced_acc_model.pth
[2025-11-18 14:09:39][INFO][Rank 0] - Also saved as general best model at /projects/retprogression/rgarridogarcia/checkpoints/cropped1024_cropped_centered_allR_1/best_model.pth
[2025-11-18 14:09:43][INFO][Rank 0] - Saved new best auc model with auc: 0.9827 at /projects/retprogression/rgarridogarcia/checkpoints/cropped1024_cropped_centered_allR_1/best_auc_model.pth
[2025-11-18 14:09:46][INFO][Rank 0] - Saved epoch checkpoint at /projects/retprogression/rgarridogarcia/checkpoints/cropped1024_cropped_centered_allR_1/epoch_5.pth
[2025-11-18 14:09:46][INFO][Rank 0] - Epoch 5 summary:
[2025-11-18 14:09:46][INFO][Rank 0] -  Train Loss: 0.1935, Train Acc: 0.9743, Train F1: 0.9867
[2025-11-18 14:09:46][INFO][Rank 0] -  Train Balanced Acc: 0.8531, Train AUC: 0.9626
[2025-11-18 14:09:46][INFO][Rank 0] -  Train Sensitivity: 0.9811, Train Specificity: 0.7251
[2025-11-18 14:09:46][INFO][Rank 0] -  Val Loss: 0.1032, Val Acc: 0.9771, Val F1: 0.9882
[2025-11-18 14:09:46][INFO][Rank 0] -  Val Balanced Acc: 0.8859, Val AUC: 0.9827
[2025-11-18 14:09:46][INFO][Rank 0] -  Val Sensitivity: 0.9812, Val Specificity: 0.7907
[2025-11-18 14:09:46][INFO][Rank 0] -  Total Epoch Time: 1590.56s
[2025-11-18 14:09:46][INFO][Rank 0] - Epoch 6/24
[2025-11-18 14:09:46][INFO][Rank 0] - ----------
[2025-11-18 14:09:46][INFO][Rank 0] - CUDA Memory [train][Step 0]: Device 0: Allocated: 3309.6 MB, Reserved: 117540.0 MB (Δ: +1687.0 MB)
[2025-11-18 14:09:46][INFO][Rank 0] - train phase: total 1940 batches
[2025-11-18 14:09:47][INFO][Rank 0] - train Epoch 6/24: 0.0% (0/1940)
[2025-11-18 14:09:54][INFO][Rank 0] - train Epoch 6/24: 0.5% (10/1940)
[2025-11-18 14:10:01][INFO][Rank 0] - train Epoch 6/24: 1.0% (20/1940)
[2025-11-18 14:10:08][INFO][Rank 0] - train Epoch 6/24: 1.5% (30/1940)
[2025-11-18 14:10:15][INFO][Rank 0] - train Epoch 6/24: 2.1% (40/1940)
[2025-11-18 14:10:22][INFO][Rank 0] - train Epoch 6/24: 2.6% (50/1940)
[2025-11-18 14:10:29][INFO][Rank 0] - train Epoch 6/24: 3.1% (60/1940)
[2025-11-18 14:10:36][INFO][Rank 0] - train Epoch 6/24: 3.6% (70/1940)
[2025-11-18 14:10:43][INFO][Rank 0] - train Epoch 6/24: 4.1% (80/1940)
[2025-11-18 14:10:50][INFO][Rank 0] - train Epoch 6/24: 4.6% (90/1940)
[2025-11-18 14:10:51][INFO][Rank 0] - CUDA Memory [train][Step 90]: Device 0: Allocated: 3309.6 MB, Reserved: 117540.0 MB (Δ: +1687.0 MB)
[2025-11-18 14:10:57][INFO][Rank 0] - train Epoch 6/24: 5.2% (100/1940)
[2025-11-18 14:11:04][INFO][Rank 0] - train Epoch 6/24: 5.7% (110/1940)
[2025-11-18 14:11:11][INFO][Rank 0] - train Epoch 6/24: 6.2% (120/1940)
[2025-11-18 14:11:18][INFO][Rank 0] - train Epoch 6/24: 6.7% (130/1940)
[2025-11-18 14:11:26][INFO][Rank 0] - train Epoch 6/24: 7.2% (140/1940)
[2025-11-18 14:11:33][INFO][Rank 0] - train Epoch 6/24: 7.7% (150/1940)
[2025-11-18 14:11:40][INFO][Rank 0] - train Epoch 6/24: 8.2% (160/1940)
[2025-11-18 14:11:47][INFO][Rank 0] - train Epoch 6/24: 8.8% (170/1940)
[2025-11-18 14:11:54][INFO][Rank 0] - train Epoch 6/24: 9.3% (180/1940)
[2025-11-18 14:11:55][INFO][Rank 0] - CUDA Memory [train][Step 180]: Device 0: Allocated: 3309.6 MB, Reserved: 117540.0 MB (Δ: +1687.0 MB)
[2025-11-18 14:12:01][INFO][Rank 0] - train Epoch 6/24: 9.8% (190/1940)
[2025-11-18 14:12:08][INFO][Rank 0] - train Epoch 6/24: 10.3% (200/1940)
[2025-11-18 14:12:15][INFO][Rank 0] - train Epoch 6/24: 10.8% (210/1940)
[2025-11-18 14:12:22][INFO][Rank 0] - train Epoch 6/24: 11.3% (220/1940)
[2025-11-18 14:12:29][INFO][Rank 0] - train Epoch 6/24: 11.9% (230/1940)
[2025-11-18 14:12:36][INFO][Rank 0] - train Epoch 6/24: 12.4% (240/1940)
[2025-11-18 14:12:43][INFO][Rank 0] - train Epoch 6/24: 12.9% (250/1940)
[2025-11-18 14:12:50][INFO][Rank 0] - train Epoch 6/24: 13.4% (260/1940)
[2025-11-18 14:12:57][INFO][Rank 0] - train Epoch 6/24: 13.9% (270/1940)
[2025-11-18 14:12:58][INFO][Rank 0] - CUDA Memory [train][Step 270]: Device 0: Allocated: 3309.6 MB, Reserved: 117540.0 MB (Δ: +1687.0 MB)
[2025-11-18 14:13:04][INFO][Rank 0] - train Epoch 6/24: 14.4% (280/1940)
[2025-11-18 14:13:12][INFO][Rank 0] - train Epoch 6/24: 14.9% (290/1940)
[2025-11-18 14:13:19][INFO][Rank 0] - train Epoch 6/24: 15.5% (300/1940)
[2025-11-18 14:13:26][INFO][Rank 0] - train Epoch 6/24: 16.0% (310/1940)
[2025-11-18 14:13:33][INFO][Rank 0] - train Epoch 6/24: 16.5% (320/1940)
[2025-11-18 14:13:40][INFO][Rank 0] - train Epoch 6/24: 17.0% (330/1940)
[2025-11-18 14:13:47][INFO][Rank 0] - train Epoch 6/24: 17.5% (340/1940)
[2025-11-18 14:13:54][INFO][Rank 0] - train Epoch 6/24: 18.0% (350/1940)
[2025-11-18 14:14:01][INFO][Rank 0] - train Epoch 6/24: 18.6% (360/1940)
[2025-11-18 14:14:02][INFO][Rank 0] - CUDA Memory [train][Step 360]: Device 0: Allocated: 3309.6 MB, Reserved: 117540.0 MB (Δ: +1687.0 MB)
[2025-11-18 14:14:08][INFO][Rank 0] - train Epoch 6/24: 19.1% (370/1940)
[2025-11-18 14:14:15][INFO][Rank 0] - train Epoch 6/24: 19.6% (380/1940)
[2025-11-18 14:14:22][INFO][Rank 0] - train Epoch 6/24: 20.1% (390/1940)
[2025-11-18 14:14:29][INFO][Rank 0] - train Epoch 6/24: 20.6% (400/1940)
[2025-11-18 14:14:36][INFO][Rank 0] - train Epoch 6/24: 21.1% (410/1940)
[2025-11-18 14:14:43][INFO][Rank 0] - train Epoch 6/24: 21.6% (420/1940)
[2025-11-18 14:14:50][INFO][Rank 0] - train Epoch 6/24: 22.2% (430/1940)
[2025-11-18 14:14:57][INFO][Rank 0] - train Epoch 6/24: 22.7% (440/1940)
[2025-11-18 14:15:05][INFO][Rank 0] - train Epoch 6/24: 23.2% (450/1940)
[2025-11-18 14:15:05][INFO][Rank 0] - CUDA Memory [train][Step 450]: Device 0: Allocated: 3309.6 MB, Reserved: 117540.0 MB (Δ: +1687.0 MB)
[2025-11-18 14:15:12][INFO][Rank 0] - train Epoch 6/24: 23.7% (460/1940)
[2025-11-18 14:15:19][INFO][Rank 0] - train Epoch 6/24: 24.2% (470/1940)
[2025-11-18 14:15:26][INFO][Rank 0] - train Epoch 6/24: 24.7% (480/1940)
[2025-11-18 14:15:33][INFO][Rank 0] - train Epoch 6/24: 25.3% (490/1940)
[2025-11-18 14:15:40][INFO][Rank 0] - train Epoch 6/24: 25.8% (500/1940)
[2025-11-18 14:15:47][INFO][Rank 0] - train Epoch 6/24: 26.3% (510/1940)
[2025-11-18 14:15:54][INFO][Rank 0] - train Epoch 6/24: 26.8% (520/1940)
[2025-11-18 14:16:01][INFO][Rank 0] - train Epoch 6/24: 27.3% (530/1940)
[2025-11-18 14:16:08][INFO][Rank 0] - train Epoch 6/24: 27.8% (540/1940)
[2025-11-18 14:16:09][INFO][Rank 0] - CUDA Memory [train][Step 540]: Device 0: Allocated: 3309.6 MB, Reserved: 117540.0 MB (Δ: +1687.0 MB)
[2025-11-18 14:16:15][INFO][Rank 0] - train Epoch 6/24: 28.4% (550/1940)
[2025-11-18 14:16:22][INFO][Rank 0] - train Epoch 6/24: 28.9% (560/1940)
[2025-11-18 14:16:29][INFO][Rank 0] - train Epoch 6/24: 29.4% (570/1940)
[2025-11-18 14:16:36][INFO][Rank 0] - train Epoch 6/24: 29.9% (580/1940)
[2025-11-18 14:16:43][INFO][Rank 0] - train Epoch 6/24: 30.4% (590/1940)
[2025-11-18 14:16:51][INFO][Rank 0] - train Epoch 6/24: 30.9% (600/1940)
[2025-11-18 14:16:58][INFO][Rank 0] - train Epoch 6/24: 31.4% (610/1940)
[2025-11-18 14:17:05][INFO][Rank 0] - train Epoch 6/24: 32.0% (620/1940)
[2025-11-18 14:17:12][INFO][Rank 0] - train Epoch 6/24: 32.5% (630/1940)
[2025-11-18 14:17:12][INFO][Rank 0] - CUDA Memory [train][Step 630]: Device 0: Allocated: 3309.6 MB, Reserved: 117540.0 MB (Δ: +1687.0 MB)
[2025-11-18 14:17:19][INFO][Rank 0] - train Epoch 6/24: 33.0% (640/1940)
[2025-11-18 14:17:26][INFO][Rank 0] - train Epoch 6/24: 33.5% (650/1940)
[2025-11-18 14:17:33][INFO][Rank 0] - train Epoch 6/24: 34.0% (660/1940)
[2025-11-18 14:17:40][INFO][Rank 0] - train Epoch 6/24: 34.5% (670/1940)
[2025-11-18 14:17:47][INFO][Rank 0] - train Epoch 6/24: 35.1% (680/1940)
[2025-11-18 14:17:54][INFO][Rank 0] - train Epoch 6/24: 35.6% (690/1940)
[2025-11-18 14:18:01][INFO][Rank 0] - train Epoch 6/24: 36.1% (700/1940)
[2025-11-18 14:18:08][INFO][Rank 0] - train Epoch 6/24: 36.6% (710/1940)
[2025-11-18 14:18:15][INFO][Rank 0] - train Epoch 6/24: 37.1% (720/1940)
[2025-11-18 14:18:16][INFO][Rank 0] - CUDA Memory [train][Step 720]: Device 0: Allocated: 3309.6 MB, Reserved: 117540.0 MB (Δ: +1687.0 MB)
[2025-11-18 14:18:22][INFO][Rank 0] - train Epoch 6/24: 37.6% (730/1940)
[2025-11-18 14:18:29][INFO][Rank 0] - train Epoch 6/24: 38.1% (740/1940)
[2025-11-18 14:18:37][INFO][Rank 0] - train Epoch 6/24: 38.7% (750/1940)
[2025-11-18 14:18:44][INFO][Rank 0] - train Epoch 6/24: 39.2% (760/1940)
[2025-11-18 14:18:51][INFO][Rank 0] - train Epoch 6/24: 39.7% (770/1940)
[2025-11-18 14:18:58][INFO][Rank 0] - train Epoch 6/24: 40.2% (780/1940)
[2025-11-18 14:19:05][INFO][Rank 0] - train Epoch 6/24: 40.7% (790/1940)
[2025-11-18 14:19:12][INFO][Rank 0] - train Epoch 6/24: 41.2% (800/1940)
[2025-11-18 14:19:19][INFO][Rank 0] - train Epoch 6/24: 41.8% (810/1940)
[2025-11-18 14:19:20][INFO][Rank 0] - CUDA Memory [train][Step 810]: Device 0: Allocated: 3309.6 MB, Reserved: 117540.0 MB (Δ: +1687.0 MB)
[2025-11-18 14:19:26][INFO][Rank 0] - train Epoch 6/24: 42.3% (820/1940)
[2025-11-18 14:19:33][INFO][Rank 0] - train Epoch 6/24: 42.8% (830/1940)
[2025-11-18 14:19:40][INFO][Rank 0] - train Epoch 6/24: 43.3% (840/1940)
[2025-11-18 14:19:47][INFO][Rank 0] - train Epoch 6/24: 43.8% (850/1940)
[2025-11-18 14:19:54][INFO][Rank 0] - train Epoch 6/24: 44.3% (860/1940)
[2025-11-18 14:20:01][INFO][Rank 0] - train Epoch 6/24: 44.8% (870/1940)
[2025-11-18 14:20:08][INFO][Rank 0] - train Epoch 6/24: 45.4% (880/1940)
[2025-11-18 14:20:15][INFO][Rank 0] - train Epoch 6/24: 45.9% (890/1940)
[2025-11-18 14:20:22][INFO][Rank 0] - train Epoch 6/24: 46.4% (900/1940)
[2025-11-18 14:20:23][INFO][Rank 0] - CUDA Memory [train][Step 900]: Device 0: Allocated: 3309.6 MB, Reserved: 117540.0 MB (Δ: +1687.0 MB)
[2025-11-18 14:20:30][INFO][Rank 0] - train Epoch 6/24: 46.9% (910/1940)
[2025-11-18 14:20:37][INFO][Rank 0] - train Epoch 6/24: 47.4% (920/1940)
[2025-11-18 14:20:44][INFO][Rank 0] - train Epoch 6/24: 47.9% (930/1940)
[2025-11-18 14:20:51][INFO][Rank 0] - train Epoch 6/24: 48.5% (940/1940)
[2025-11-18 14:20:58][INFO][Rank 0] - train Epoch 6/24: 49.0% (950/1940)
[2025-11-18 14:21:05][INFO][Rank 0] - train Epoch 6/24: 49.5% (960/1940)
[2025-11-18 14:21:12][INFO][Rank 0] - train Epoch 6/24: 50.0% (970/1940)
[2025-11-18 14:21:19][INFO][Rank 0] - train Epoch 6/24: 50.5% (980/1940)
[2025-11-18 14:21:26][INFO][Rank 0] - train Epoch 6/24: 51.0% (990/1940)
[2025-11-18 14:21:27][INFO][Rank 0] - CUDA Memory [train][Step 990]: Device 0: Allocated: 3309.6 MB, Reserved: 117540.0 MB (Δ: +1687.0 MB)
[2025-11-18 14:21:33][INFO][Rank 0] - train Epoch 6/24: 51.5% (1000/1940)
[2025-11-18 14:21:40][INFO][Rank 0] - train Epoch 6/24: 52.1% (1010/1940)
[2025-11-18 14:21:47][INFO][Rank 0] - train Epoch 6/24: 52.6% (1020/1940)
[2025-11-18 14:21:54][INFO][Rank 0] - train Epoch 6/24: 53.1% (1030/1940)
[2025-11-18 14:22:01][INFO][Rank 0] - train Epoch 6/24: 53.6% (1040/1940)
[2025-11-18 14:22:08][INFO][Rank 0] - train Epoch 6/24: 54.1% (1050/1940)
[2025-11-18 14:22:16][INFO][Rank 0] - train Epoch 6/24: 54.6% (1060/1940)
[2025-11-18 14:22:23][INFO][Rank 0] - train Epoch 6/24: 55.2% (1070/1940)
[2025-11-18 14:22:30][INFO][Rank 0] - train Epoch 6/24: 55.7% (1080/1940)
[2025-11-18 14:22:30][INFO][Rank 0] - CUDA Memory [train][Step 1080]: Device 0: Allocated: 3309.6 MB, Reserved: 117540.0 MB (Δ: +1687.0 MB)
[2025-11-18 14:22:37][INFO][Rank 0] - train Epoch 6/24: 56.2% (1090/1940)
[2025-11-18 14:22:44][INFO][Rank 0] - train Epoch 6/24: 56.7% (1100/1940)
[2025-11-18 14:22:51][INFO][Rank 0] - train Epoch 6/24: 57.2% (1110/1940)
[2025-11-18 14:22:58][INFO][Rank 0] - train Epoch 6/24: 57.7% (1120/1940)
[2025-11-18 14:23:05][INFO][Rank 0] - train Epoch 6/24: 58.2% (1130/1940)
[2025-11-18 14:23:12][INFO][Rank 0] - train Epoch 6/24: 58.8% (1140/1940)
[2025-11-18 14:23:19][INFO][Rank 0] - train Epoch 6/24: 59.3% (1150/1940)
[2025-11-18 14:23:26][INFO][Rank 0] - train Epoch 6/24: 59.8% (1160/1940)
[2025-11-18 14:23:33][INFO][Rank 0] - train Epoch 6/24: 60.3% (1170/1940)
[2025-11-18 14:23:34][INFO][Rank 0] - CUDA Memory [train][Step 1170]: Device 0: Allocated: 3309.6 MB, Reserved: 117540.0 MB (Δ: +1687.0 MB)
[2025-11-18 14:23:40][INFO][Rank 0] - train Epoch 6/24: 60.8% (1180/1940)
[2025-11-18 14:23:47][INFO][Rank 0] - train Epoch 6/24: 61.3% (1190/1940)
[2025-11-18 14:23:54][INFO][Rank 0] - train Epoch 6/24: 61.9% (1200/1940)
[2025-11-18 14:24:02][INFO][Rank 0] - train Epoch 6/24: 62.4% (1210/1940)
[2025-11-18 14:24:09][INFO][Rank 0] - train Epoch 6/24: 62.9% (1220/1940)
[2025-11-18 14:24:16][INFO][Rank 0] - train Epoch 6/24: 63.4% (1230/1940)
[2025-11-18 14:24:23][INFO][Rank 0] - train Epoch 6/24: 63.9% (1240/1940)
[2025-11-18 14:24:30][INFO][Rank 0] - train Epoch 6/24: 64.4% (1250/1940)
[2025-11-18 14:24:37][INFO][Rank 0] - train Epoch 6/24: 64.9% (1260/1940)
[2025-11-18 14:24:38][INFO][Rank 0] - CUDA Memory [train][Step 1260]: Device 0: Allocated: 3309.6 MB, Reserved: 117540.0 MB (Δ: +1687.0 MB)
[2025-11-18 14:24:44][INFO][Rank 0] - train Epoch 6/24: 65.5% (1270/1940)
[2025-11-18 14:24:51][INFO][Rank 0] - train Epoch 6/24: 66.0% (1280/1940)
[2025-11-18 14:24:58][INFO][Rank 0] - train Epoch 6/24: 66.5% (1290/1940)
[2025-11-18 14:25:05][INFO][Rank 0] - train Epoch 6/24: 67.0% (1300/1940)
[2025-11-18 14:25:12][INFO][Rank 0] - train Epoch 6/24: 67.5% (1310/1940)
[2025-11-18 14:25:19][INFO][Rank 0] - train Epoch 6/24: 68.0% (1320/1940)
[2025-11-18 14:25:26][INFO][Rank 0] - train Epoch 6/24: 68.6% (1330/1940)
[2025-11-18 14:25:33][INFO][Rank 0] - train Epoch 6/24: 69.1% (1340/1940)
[2025-11-18 14:25:40][INFO][Rank 0] - train Epoch 6/24: 69.6% (1350/1940)
[2025-11-18 14:25:41][INFO][Rank 0] - CUDA Memory [train][Step 1350]: Device 0: Allocated: 3309.6 MB, Reserved: 117540.0 MB (Δ: +1687.0 MB)
[2025-11-18 14:25:47][INFO][Rank 0] - train Epoch 6/24: 70.1% (1360/1940)
[2025-11-18 14:25:55][INFO][Rank 0] - train Epoch 6/24: 70.6% (1370/1940)
[2025-11-18 14:26:02][INFO][Rank 0] - train Epoch 6/24: 71.1% (1380/1940)
[2025-11-18 14:26:09][INFO][Rank 0] - train Epoch 6/24: 71.6% (1390/1940)
[2025-11-18 14:26:16][INFO][Rank 0] - train Epoch 6/24: 72.2% (1400/1940)
[2025-11-18 14:26:23][INFO][Rank 0] - train Epoch 6/24: 72.7% (1410/1940)
[2025-11-18 14:26:30][INFO][Rank 0] - train Epoch 6/24: 73.2% (1420/1940)
[2025-11-18 14:26:37][INFO][Rank 0] - train Epoch 6/24: 73.7% (1430/1940)
[2025-11-18 14:26:44][INFO][Rank 0] - train Epoch 6/24: 74.2% (1440/1940)
[2025-11-18 14:26:45][INFO][Rank 0] - CUDA Memory [train][Step 1440]: Device 0: Allocated: 3309.6 MB, Reserved: 117540.0 MB (Δ: +1687.0 MB)
[2025-11-18 14:26:51][INFO][Rank 0] - train Epoch 6/24: 74.7% (1450/1940)
[2025-11-18 14:26:58][INFO][Rank 0] - train Epoch 6/24: 75.3% (1460/1940)
[2025-11-18 14:27:05][INFO][Rank 0] - train Epoch 6/24: 75.8% (1470/1940)
[2025-11-18 14:27:12][INFO][Rank 0] - train Epoch 6/24: 76.3% (1480/1940)
[2025-11-18 14:27:19][INFO][Rank 0] - train Epoch 6/24: 76.8% (1490/1940)
[2025-11-18 14:27:26][INFO][Rank 0] - train Epoch 6/24: 77.3% (1500/1940)
[2025-11-18 14:27:33][INFO][Rank 0] - train Epoch 6/24: 77.8% (1510/1940)
[2025-11-18 14:27:41][INFO][Rank 0] - train Epoch 6/24: 78.4% (1520/1940)
[2025-11-18 14:27:48][INFO][Rank 0] - train Epoch 6/24: 78.9% (1530/1940)
[2025-11-18 14:27:48][INFO][Rank 0] - CUDA Memory [train][Step 1530]: Device 0: Allocated: 3309.6 MB, Reserved: 117540.0 MB (Δ: +1687.0 MB)
[2025-11-18 14:27:55][INFO][Rank 0] - train Epoch 6/24: 79.4% (1540/1940)
[2025-11-18 14:28:02][INFO][Rank 0] - train Epoch 6/24: 79.9% (1550/1940)
[2025-11-18 14:28:09][INFO][Rank 0] - train Epoch 6/24: 80.4% (1560/1940)
[2025-11-18 14:28:16][INFO][Rank 0] - train Epoch 6/24: 80.9% (1570/1940)
[2025-11-18 14:28:23][INFO][Rank 0] - train Epoch 6/24: 81.4% (1580/1940)
[2025-11-18 14:28:30][INFO][Rank 0] - train Epoch 6/24: 82.0% (1590/1940)
[2025-11-18 14:28:37][INFO][Rank 0] - train Epoch 6/24: 82.5% (1600/1940)
[2025-11-18 14:28:44][INFO][Rank 0] - train Epoch 6/24: 83.0% (1610/1940)
[2025-11-18 14:28:51][INFO][Rank 0] - train Epoch 6/24: 83.5% (1620/1940)
[2025-11-18 14:28:52][INFO][Rank 0] - CUDA Memory [train][Step 1620]: Device 0: Allocated: 3309.6 MB, Reserved: 117540.0 MB (Δ: +1687.0 MB)
[2025-11-18 14:28:58][INFO][Rank 0] - train Epoch 6/24: 84.0% (1630/1940)
[2025-11-18 14:29:05][INFO][Rank 0] - train Epoch 6/24: 84.5% (1640/1940)
[2025-11-18 14:29:12][INFO][Rank 0] - train Epoch 6/24: 85.1% (1650/1940)
[2025-11-18 14:29:19][INFO][Rank 0] - train Epoch 6/24: 85.6% (1660/1940)
[2025-11-18 14:29:26][INFO][Rank 0] - train Epoch 6/24: 86.1% (1670/1940)
[2025-11-18 14:29:34][INFO][Rank 0] - train Epoch 6/24: 86.6% (1680/1940)
[2025-11-18 14:29:41][INFO][Rank 0] - train Epoch 6/24: 87.1% (1690/1940)
[2025-11-18 14:29:48][INFO][Rank 0] - train Epoch 6/24: 87.6% (1700/1940)
[2025-11-18 14:29:55][INFO][Rank 0] - train Epoch 6/24: 88.1% (1710/1940)
[2025-11-18 14:29:55][INFO][Rank 0] - CUDA Memory [train][Step 1710]: Device 0: Allocated: 3309.6 MB, Reserved: 117540.0 MB (Δ: +1687.0 MB)
[2025-11-18 14:30:02][INFO][Rank 0] - train Epoch 6/24: 88.7% (1720/1940)
[2025-11-18 14:30:09][INFO][Rank 0] - train Epoch 6/24: 89.2% (1730/1940)
[2025-11-18 14:30:16][INFO][Rank 0] - train Epoch 6/24: 89.7% (1740/1940)
[2025-11-18 14:30:23][INFO][Rank 0] - train Epoch 6/24: 90.2% (1750/1940)
[2025-11-18 14:30:30][INFO][Rank 0] - train Epoch 6/24: 90.7% (1760/1940)
[2025-11-18 14:30:37][INFO][Rank 0] - train Epoch 6/24: 91.2% (1770/1940)
[2025-11-18 14:30:44][INFO][Rank 0] - train Epoch 6/24: 91.8% (1780/1940)
[2025-11-18 14:30:51][INFO][Rank 0] - train Epoch 6/24: 92.3% (1790/1940)
[2025-11-18 14:30:58][INFO][Rank 0] - train Epoch 6/24: 92.8% (1800/1940)
[2025-11-18 14:30:59][INFO][Rank 0] - CUDA Memory [train][Step 1800]: Device 0: Allocated: 3309.6 MB, Reserved: 117540.0 MB (Δ: +1687.0 MB)
[2025-11-18 14:31:05][INFO][Rank 0] - train Epoch 6/24: 93.3% (1810/1940)
[2025-11-18 14:31:12][INFO][Rank 0] - train Epoch 6/24: 93.8% (1820/1940)
[2025-11-18 14:31:20][INFO][Rank 0] - train Epoch 6/24: 94.3% (1830/1940)
[2025-11-18 14:31:27][INFO][Rank 0] - train Epoch 6/24: 94.8% (1840/1940)
[2025-11-18 14:31:34][INFO][Rank 0] - train Epoch 6/24: 95.4% (1850/1940)
[2025-11-18 14:31:41][INFO][Rank 0] - train Epoch 6/24: 95.9% (1860/1940)
[2025-11-18 14:31:48][INFO][Rank 0] - train Epoch 6/24: 96.4% (1870/1940)
[2025-11-18 14:31:55][INFO][Rank 0] - train Epoch 6/24: 96.9% (1880/1940)
[2025-11-18 14:32:02][INFO][Rank 0] - train Epoch 6/24: 97.4% (1890/1940)
[2025-11-18 14:32:03][INFO][Rank 0] - CUDA Memory [train][Step 1890]: Device 0: Allocated: 3309.6 MB, Reserved: 117540.0 MB (Δ: +1687.0 MB)
[2025-11-18 14:32:09][INFO][Rank 0] - train Epoch 6/24: 97.9% (1900/1940)
[2025-11-18 14:32:16][INFO][Rank 0] - train Epoch 6/24: 98.5% (1910/1940)
[2025-11-18 14:32:23][INFO][Rank 0] - train Epoch 6/24: 99.0% (1920/1940)
[2025-11-18 14:32:30][INFO][Rank 0] - train Epoch 6/24: 99.5% (1930/1940)
[2025-11-18 14:32:37][INFO][Rank 0] - train Epoch 6/24: 99.9% (1939/1940)
[2025-11-18 14:32:37][INFO][Rank 0] - train Loss: 0.1780 Acc: 0.9731 F1: 0.9861
[2025-11-18 14:32:37][INFO][Rank 0] - train Balanced Acc: 0.8715 AUC-ROC: 0.9659
[2025-11-18 14:32:37][INFO][Rank 0] - train Sensitivity: 0.9788 Specificity: 0.7641
[2025-11-18 14:32:37][INFO][Rank 0] - train Confusion Matrix: TP=18487, FP=121, FN=400, TN=392
[2025-11-18 14:32:37][INFO][Rank 0] - train completed in 1370.97s
[2025-11-18 14:32:37][INFO][Rank 0] - Data loading time: 0.82s, Forward time: 278.83s, Backward time: 742.89s
[2025-11-18 14:32:37][INFO][Rank 0] - train cache: 0/1 items, hit rate: 0.00%
[2025-11-18 14:32:37][INFO][Rank 0] - CUDA Memory [val][Step 0]: Device 0: Allocated: 3309.6 MB, Reserved: 117540.0 MB (Δ: +1687.0 MB)
[2025-11-18 14:32:37][INFO][Rank 0] - val phase: total 407 batches
[2025-11-18 14:32:38][INFO][Rank 0] - val Epoch 6/24: 0.0% (0/407)
[2025-11-18 14:32:43][INFO][Rank 0] - val Epoch 6/24: 2.5% (10/407)
[2025-11-18 14:32:47][INFO][Rank 0] - val Epoch 6/24: 4.9% (20/407)
[2025-11-18 14:32:52][INFO][Rank 0] - val Epoch 6/24: 7.4% (30/407)
[2025-11-18 14:32:57][INFO][Rank 0] - val Epoch 6/24: 9.8% (40/407)
[2025-11-18 14:33:02][INFO][Rank 0] - val Epoch 6/24: 12.3% (50/407)
[2025-11-18 14:33:07][INFO][Rank 0] - val Epoch 6/24: 14.7% (60/407)
[2025-11-18 14:33:12][INFO][Rank 0] - val Epoch 6/24: 17.2% (70/407)
[2025-11-18 14:33:17][INFO][Rank 0] - val Epoch 6/24: 19.7% (80/407)
[2025-11-18 14:33:22][INFO][Rank 0] - val Epoch 6/24: 22.1% (90/407)
[2025-11-18 14:33:27][INFO][Rank 0] - val Epoch 6/24: 24.6% (100/407)
[2025-11-18 14:33:32][INFO][Rank 0] - val Epoch 6/24: 27.0% (110/407)
[2025-11-18 14:33:37][INFO][Rank 0] - val Epoch 6/24: 29.5% (120/407)
[2025-11-18 14:33:37][INFO][Rank 0] - CUDA Memory [val][Step 120]: Device 0: Allocated: 3309.6 MB, Reserved: 117540.0 MB (Δ: +1687.0 MB)
[2025-11-18 14:33:42][INFO][Rank 0] - val Epoch 6/24: 31.9% (130/407)
[2025-11-18 14:33:47][INFO][Rank 0] - val Epoch 6/24: 34.4% (140/407)
[2025-11-18 14:33:52][INFO][Rank 0] - val Epoch 6/24: 36.9% (150/407)
[2025-11-18 14:33:57][INFO][Rank 0] - val Epoch 6/24: 39.3% (160/407)
[2025-11-18 14:34:02][INFO][Rank 0] - val Epoch 6/24: 41.8% (170/407)
[2025-11-18 14:34:07][INFO][Rank 0] - val Epoch 6/24: 44.2% (180/407)
[2025-11-18 14:34:12][INFO][Rank 0] - val Epoch 6/24: 46.7% (190/407)
[2025-11-18 14:34:17][INFO][Rank 0] - val Epoch 6/24: 49.1% (200/407)
[2025-11-18 14:34:21][INFO][Rank 0] - val Epoch 6/24: 51.6% (210/407)
[2025-11-18 14:34:26][INFO][Rank 0] - val Epoch 6/24: 54.1% (220/407)
[2025-11-18 14:34:31][INFO][Rank 0] - val Epoch 6/24: 56.5% (230/407)
[2025-11-18 14:34:36][INFO][Rank 0] - val Epoch 6/24: 59.0% (240/407)
[2025-11-18 14:34:41][INFO][Rank 0] - val Epoch 6/24: 61.4% (250/407)
[2025-11-18 14:34:46][INFO][Rank 0] - val Epoch 6/24: 63.9% (260/407)
[2025-11-18 14:34:51][INFO][Rank 0] - val Epoch 6/24: 66.3% (270/407)
[2025-11-18 14:34:52][INFO][Rank 0] - CUDA Memory [val][Step 270]: Device 0: Allocated: 3309.6 MB, Reserved: 117540.0 MB (Δ: +1687.0 MB)
[2025-11-18 14:34:56][INFO][Rank 0] - val Epoch 6/24: 68.8% (280/407)
[2025-11-18 14:35:01][INFO][Rank 0] - val Epoch 6/24: 71.3% (290/407)
[2025-11-18 14:35:06][INFO][Rank 0] - val Epoch 6/24: 73.7% (300/407)
[2025-11-18 14:35:11][INFO][Rank 0] - val Epoch 6/24: 76.2% (310/407)
[2025-11-18 14:35:16][INFO][Rank 0] - val Epoch 6/24: 78.6% (320/407)
[2025-11-18 14:35:21][INFO][Rank 0] - val Epoch 6/24: 81.1% (330/407)
[2025-11-18 14:35:26][INFO][Rank 0] - val Epoch 6/24: 83.5% (340/407)
[2025-11-18 14:35:31][INFO][Rank 0] - val Epoch 6/24: 86.0% (350/407)
[2025-11-18 14:35:36][INFO][Rank 0] - val Epoch 6/24: 88.5% (360/407)
[2025-11-18 14:35:41][INFO][Rank 0] - val Epoch 6/24: 90.9% (370/407)
[2025-11-18 14:35:46][INFO][Rank 0] - val Epoch 6/24: 93.4% (380/407)
[2025-11-18 14:35:51][INFO][Rank 0] - val Epoch 6/24: 95.8% (390/407)
[2025-11-18 14:35:55][INFO][Rank 0] - val Epoch 6/24: 98.3% (400/407)
[2025-11-18 14:35:58][INFO][Rank 0] - val Epoch 6/24: 99.8% (406/407)
[2025-11-18 14:35:59][INFO][Rank 0] - val Loss: 0.0999 Acc: 0.9757 F1: 0.9875
[2025-11-18 14:35:59][INFO][Rank 0] - val Balanced Acc: 0.8966 AUC-ROC: 0.9830
[2025-11-18 14:35:59][INFO][Rank 0] - val Sensitivity: 0.9792 Specificity: 0.8140
[2025-11-18 14:35:59][INFO][Rank 0] - val Confusion Matrix: TP=3901, FP=16, FN=83, TN=70
[2025-11-18 14:35:59][INFO][Rank 0] - val completed in 201.69s
[2025-11-18 14:35:59][INFO][Rank 0] - val cache: 0/1 items, hit rate: 0.00%
[2025-11-18 14:36:03][INFO][Rank 0] - Saved new best balanced_acc model with balanced_acc: 0.8966 at /projects/retprogression/rgarridogarcia/checkpoints/cropped1024_cropped_centered_allR_1/best_balanced_acc_model.pth
[2025-11-18 14:36:06][INFO][Rank 0] - Also saved as general best model at /projects/retprogression/rgarridogarcia/checkpoints/cropped1024_cropped_centered_allR_1/best_model.pth
[2025-11-18 14:36:10][INFO][Rank 0] - Saved new best auc model with auc: 0.9830 at /projects/retprogression/rgarridogarcia/checkpoints/cropped1024_cropped_centered_allR_1/best_auc_model.pth
[2025-11-18 14:36:14][INFO][Rank 0] - Saved epoch checkpoint at /projects/retprogression/rgarridogarcia/checkpoints/cropped1024_cropped_centered_allR_1/epoch_6.pth
[2025-11-18 14:36:14][INFO][Rank 0] - Epoch 6 summary:
[2025-11-18 14:36:14][INFO][Rank 0] -  Train Loss: 0.1780, Train Acc: 0.9731, Train F1: 0.9861
[2025-11-18 14:36:14][INFO][Rank 0] -  Train Balanced Acc: 0.8715, Train AUC: 0.9659
[2025-11-18 14:36:14][INFO][Rank 0] -  Train Sensitivity: 0.9788, Train Specificity: 0.7641
[2025-11-18 14:36:14][INFO][Rank 0] -  Val Loss: 0.0999, Val Acc: 0.9757, Val F1: 0.9875
[2025-11-18 14:36:14][INFO][Rank 0] -  Val Balanced Acc: 0.8966, Val AUC: 0.9830
[2025-11-18 14:36:14][INFO][Rank 0] -  Val Sensitivity: 0.9792, Val Specificity: 0.8140
[2025-11-18 14:36:14][INFO][Rank 0] -  Total Epoch Time: 1587.35s
[2025-11-18 14:36:14][INFO][Rank 0] - Epoch 7/24
[2025-11-18 14:36:14][INFO][Rank 0] - ----------
[2025-11-18 14:36:14][INFO][Rank 0] - CUDA Memory [train][Step 0]: Device 0: Allocated: 3309.6 MB, Reserved: 117540.0 MB (Δ: +1687.0 MB)
[2025-11-18 14:36:14][INFO][Rank 0] - train phase: total 1940 batches
[2025-11-18 14:36:14][INFO][Rank 0] - train Epoch 7/24: 0.0% (0/1940)
[2025-11-18 14:36:21][INFO][Rank 0] - train Epoch 7/24: 0.5% (10/1940)
[2025-11-18 14:36:28][INFO][Rank 0] - train Epoch 7/24: 1.0% (20/1940)
[2025-11-18 14:36:35][INFO][Rank 0] - train Epoch 7/24: 1.5% (30/1940)
[2025-11-18 14:36:42][INFO][Rank 0] - train Epoch 7/24: 2.1% (40/1940)
[2025-11-18 14:36:49][INFO][Rank 0] - train Epoch 7/24: 2.6% (50/1940)
[2025-11-18 14:36:56][INFO][Rank 0] - train Epoch 7/24: 3.1% (60/1940)
[2025-11-18 14:37:03][INFO][Rank 0] - train Epoch 7/24: 3.6% (70/1940)
[2025-11-18 14:37:10][INFO][Rank 0] - train Epoch 7/24: 4.1% (80/1940)
[2025-11-18 14:37:17][INFO][Rank 0] - train Epoch 7/24: 4.6% (90/1940)
[2025-11-18 14:37:18][INFO][Rank 0] - CUDA Memory [train][Step 90]: Device 0: Allocated: 3309.6 MB, Reserved: 117540.0 MB (Δ: +1687.0 MB)
[2025-11-18 14:37:25][INFO][Rank 0] - train Epoch 7/24: 5.2% (100/1940)
[2025-11-18 14:37:32][INFO][Rank 0] - train Epoch 7/24: 5.7% (110/1940)
[2025-11-18 14:37:39][INFO][Rank 0] - train Epoch 7/24: 6.2% (120/1940)
[2025-11-18 14:37:46][INFO][Rank 0] - train Epoch 7/24: 6.7% (130/1940)
[2025-11-18 14:37:53][INFO][Rank 0] - train Epoch 7/24: 7.2% (140/1940)
[2025-11-18 14:38:00][INFO][Rank 0] - train Epoch 7/24: 7.7% (150/1940)
[2025-11-18 14:38:07][INFO][Rank 0] - train Epoch 7/24: 8.2% (160/1940)
[2025-11-18 14:38:14][INFO][Rank 0] - train Epoch 7/24: 8.8% (170/1940)
[2025-11-18 14:38:21][INFO][Rank 0] - train Epoch 7/24: 9.3% (180/1940)
[2025-11-18 14:38:22][INFO][Rank 0] - CUDA Memory [train][Step 180]: Device 0: Allocated: 3309.6 MB, Reserved: 117540.0 MB (Δ: +1687.0 MB)
[2025-11-18 14:38:28][INFO][Rank 0] - train Epoch 7/24: 9.8% (190/1940)
[2025-11-18 14:38:35][INFO][Rank 0] - train Epoch 7/24: 10.3% (200/1940)
[2025-11-18 14:38:42][INFO][Rank 0] - train Epoch 7/24: 10.8% (210/1940)
[2025-11-18 14:38:49][INFO][Rank 0] - train Epoch 7/24: 11.3% (220/1940)
[2025-11-18 14:38:56][INFO][Rank 0] - train Epoch 7/24: 11.9% (230/1940)
[2025-11-18 14:39:04][INFO][Rank 0] - train Epoch 7/24: 12.4% (240/1940)
[2025-11-18 14:39:11][INFO][Rank 0] - train Epoch 7/24: 12.9% (250/1940)
[2025-11-18 14:39:18][INFO][Rank 0] - train Epoch 7/24: 13.4% (260/1940)
[2025-11-18 14:39:25][INFO][Rank 0] - train Epoch 7/24: 13.9% (270/1940)
[2025-11-18 14:39:25][INFO][Rank 0] - CUDA Memory [train][Step 270]: Device 0: Allocated: 3309.6 MB, Reserved: 117540.0 MB (Δ: +1687.0 MB)
[2025-11-18 14:39:32][INFO][Rank 0] - train Epoch 7/24: 14.4% (280/1940)
[2025-11-18 14:39:39][INFO][Rank 0] - train Epoch 7/24: 14.9% (290/1940)
[2025-11-18 14:39:46][INFO][Rank 0] - train Epoch 7/24: 15.5% (300/1940)
[2025-11-18 14:39:53][INFO][Rank 0] - train Epoch 7/24: 16.0% (310/1940)
[2025-11-18 14:40:00][INFO][Rank 0] - train Epoch 7/24: 16.5% (320/1940)
[2025-11-18 14:40:07][INFO][Rank 0] - train Epoch 7/24: 17.0% (330/1940)
[2025-11-18 14:40:14][INFO][Rank 0] - train Epoch 7/24: 17.5% (340/1940)
[2025-11-18 14:40:21][INFO][Rank 0] - train Epoch 7/24: 18.0% (350/1940)
[2025-11-18 14:40:28][INFO][Rank 0] - train Epoch 7/24: 18.6% (360/1940)
[2025-11-18 14:40:29][INFO][Rank 0] - CUDA Memory [train][Step 360]: Device 0: Allocated: 3309.6 MB, Reserved: 117540.0 MB (Δ: +1687.0 MB)
[2025-11-18 14:40:35][INFO][Rank 0] - train Epoch 7/24: 19.1% (370/1940)
[2025-11-18 14:40:42][INFO][Rank 0] - train Epoch 7/24: 19.6% (380/1940)
[2025-11-18 14:40:49][INFO][Rank 0] - train Epoch 7/24: 20.1% (390/1940)
[2025-11-18 14:40:57][INFO][Rank 0] - train Epoch 7/24: 20.6% (400/1940)
[2025-11-18 14:41:04][INFO][Rank 0] - train Epoch 7/24: 21.1% (410/1940)
[2025-11-18 14:41:11][INFO][Rank 0] - train Epoch 7/24: 21.6% (420/1940)
[2025-11-18 14:41:18][INFO][Rank 0] - train Epoch 7/24: 22.2% (430/1940)
[2025-11-18 14:41:25][INFO][Rank 0] - train Epoch 7/24: 22.7% (440/1940)
[2025-11-18 14:41:32][INFO][Rank 0] - train Epoch 7/24: 23.2% (450/1940)
[2025-11-18 14:41:33][INFO][Rank 0] - CUDA Memory [train][Step 450]: Device 0: Allocated: 3309.6 MB, Reserved: 117540.0 MB (Δ: +1687.0 MB)
[2025-11-18 14:41:39][INFO][Rank 0] - train Epoch 7/24: 23.7% (460/1940)
[2025-11-18 14:41:46][INFO][Rank 0] - train Epoch 7/24: 24.2% (470/1940)
[2025-11-18 14:41:53][INFO][Rank 0] - train Epoch 7/24: 24.7% (480/1940)
[2025-11-18 14:42:00][INFO][Rank 0] - train Epoch 7/24: 25.3% (490/1940)
[2025-11-18 14:42:07][INFO][Rank 0] - train Epoch 7/24: 25.8% (500/1940)
[2025-11-18 14:42:14][INFO][Rank 0] - train Epoch 7/24: 26.3% (510/1940)
[2025-11-18 14:42:21][INFO][Rank 0] - train Epoch 7/24: 26.8% (520/1940)
[2025-11-18 14:42:28][INFO][Rank 0] - train Epoch 7/24: 27.3% (530/1940)
[2025-11-18 14:42:35][INFO][Rank 0] - train Epoch 7/24: 27.8% (540/1940)
[2025-11-18 14:42:36][INFO][Rank 0] - CUDA Memory [train][Step 540]: Device 0: Allocated: 3309.6 MB, Reserved: 117540.0 MB (Δ: +1687.0 MB)
[2025-11-18 14:42:42][INFO][Rank 0] - train Epoch 7/24: 28.4% (550/1940)
[2025-11-18 14:42:50][INFO][Rank 0] - train Epoch 7/24: 28.9% (560/1940)
[2025-11-18 14:42:57][INFO][Rank 0] - train Epoch 7/24: 29.4% (570/1940)
[2025-11-18 14:43:04][INFO][Rank 0] - train Epoch 7/24: 29.9% (580/1940)
[2025-11-18 14:43:11][INFO][Rank 0] - train Epoch 7/24: 30.4% (590/1940)
[2025-11-18 14:43:18][INFO][Rank 0] - train Epoch 7/24: 30.9% (600/1940)
[2025-11-18 14:43:25][INFO][Rank 0] - train Epoch 7/24: 31.4% (610/1940)
[2025-11-18 14:43:32][INFO][Rank 0] - train Epoch 7/24: 32.0% (620/1940)
[2025-11-18 14:43:39][INFO][Rank 0] - train Epoch 7/24: 32.5% (630/1940)
[2025-11-18 14:43:40][INFO][Rank 0] - CUDA Memory [train][Step 630]: Device 0: Allocated: 3309.6 MB, Reserved: 117540.0 MB (Δ: +1687.0 MB)
[2025-11-18 14:43:46][INFO][Rank 0] - train Epoch 7/24: 33.0% (640/1940)
[2025-11-18 14:43:53][INFO][Rank 0] - train Epoch 7/24: 33.5% (650/1940)
[2025-11-18 14:44:00][INFO][Rank 0] - train Epoch 7/24: 34.0% (660/1940)
[2025-11-18 14:44:07][INFO][Rank 0] - train Epoch 7/24: 34.5% (670/1940)
[2025-11-18 14:44:14][INFO][Rank 0] - train Epoch 7/24: 35.1% (680/1940)
[2025-11-18 14:44:21][INFO][Rank 0] - train Epoch 7/24: 35.6% (690/1940)
[2025-11-18 14:44:28][INFO][Rank 0] - train Epoch 7/24: 36.1% (700/1940)
[2025-11-18 14:44:36][INFO][Rank 0] - train Epoch 7/24: 36.6% (710/1940)
[2025-11-18 14:44:43][INFO][Rank 0] - train Epoch 7/24: 37.1% (720/1940)
[2025-11-18 14:44:43][INFO][Rank 0] - CUDA Memory [train][Step 720]: Device 0: Allocated: 3309.6 MB, Reserved: 117540.0 MB (Δ: +1687.0 MB)
[2025-11-18 14:44:50][INFO][Rank 0] - train Epoch 7/24: 37.6% (730/1940)
[2025-11-18 14:44:57][INFO][Rank 0] - train Epoch 7/24: 38.1% (740/1940)
[2025-11-18 14:45:04][INFO][Rank 0] - train Epoch 7/24: 38.7% (750/1940)
[2025-11-18 14:45:11][INFO][Rank 0] - train Epoch 7/24: 39.2% (760/1940)
[2025-11-18 14:45:18][INFO][Rank 0] - train Epoch 7/24: 39.7% (770/1940)
[2025-11-18 14:45:25][INFO][Rank 0] - train Epoch 7/24: 40.2% (780/1940)
[2025-11-18 14:45:32][INFO][Rank 0] - train Epoch 7/24: 40.7% (790/1940)
[2025-11-18 14:45:39][INFO][Rank 0] - train Epoch 7/24: 41.2% (800/1940)
[2025-11-18 14:45:46][INFO][Rank 0] - train Epoch 7/24: 41.8% (810/1940)
[2025-11-18 14:45:47][INFO][Rank 0] - CUDA Memory [train][Step 810]: Device 0: Allocated: 3309.6 MB, Reserved: 117540.0 MB (Δ: +1687.0 MB)
[2025-11-18 14:45:53][INFO][Rank 0] - train Epoch 7/24: 42.3% (820/1940)
[2025-11-18 14:46:00][INFO][Rank 0] - train Epoch 7/24: 42.8% (830/1940)
[2025-11-18 14:46:07][INFO][Rank 0] - train Epoch 7/24: 43.3% (840/1940)
[2025-11-18 14:46:14][INFO][Rank 0] - train Epoch 7/24: 43.8% (850/1940)
[2025-11-18 14:46:21][INFO][Rank 0] - train Epoch 7/24: 44.3% (860/1940)
[2025-11-18 14:46:29][INFO][Rank 0] - train Epoch 7/24: 44.8% (870/1940)
[2025-11-18 14:46:36][INFO][Rank 0] - train Epoch 7/24: 45.4% (880/1940)
[2025-11-18 14:46:43][INFO][Rank 0] - train Epoch 7/24: 45.9% (890/1940)
[2025-11-18 14:46:50][INFO][Rank 0] - train Epoch 7/24: 46.4% (900/1940)
[2025-11-18 14:46:50][INFO][Rank 0] - CUDA Memory [train][Step 900]: Device 0: Allocated: 3309.6 MB, Reserved: 117540.0 MB (Δ: +1687.0 MB)
[2025-11-18 14:46:57][INFO][Rank 0] - train Epoch 7/24: 46.9% (910/1940)
[2025-11-18 14:47:04][INFO][Rank 0] - train Epoch 7/24: 47.4% (920/1940)
[2025-11-18 14:47:11][INFO][Rank 0] - train Epoch 7/24: 47.9% (930/1940)
[2025-11-18 14:47:18][INFO][Rank 0] - train Epoch 7/24: 48.5% (940/1940)
[2025-11-18 14:47:25][INFO][Rank 0] - train Epoch 7/24: 49.0% (950/1940)
[2025-11-18 14:47:32][INFO][Rank 0] - train Epoch 7/24: 49.5% (960/1940)
[2025-11-18 14:47:39][INFO][Rank 0] - train Epoch 7/24: 50.0% (970/1940)
[2025-11-18 14:47:46][INFO][Rank 0] - train Epoch 7/24: 50.5% (980/1940)
[2025-11-18 14:47:53][INFO][Rank 0] - train Epoch 7/24: 51.0% (990/1940)
[2025-11-18 14:47:54][INFO][Rank 0] - CUDA Memory [train][Step 990]: Device 0: Allocated: 3309.6 MB, Reserved: 117540.0 MB (Δ: +1687.0 MB)
[2025-11-18 14:48:00][INFO][Rank 0] - train Epoch 7/24: 51.5% (1000/1940)
[2025-11-18 14:48:07][INFO][Rank 0] - train Epoch 7/24: 52.1% (1010/1940)
[2025-11-18 14:48:15][INFO][Rank 0] - train Epoch 7/24: 52.6% (1020/1940)
[2025-11-18 14:48:22][INFO][Rank 0] - train Epoch 7/24: 53.1% (1030/1940)
[2025-11-18 14:48:29][INFO][Rank 0] - train Epoch 7/24: 53.6% (1040/1940)
[2025-11-18 14:48:36][INFO][Rank 0] - train Epoch 7/24: 54.1% (1050/1940)
[2025-11-18 14:48:43][INFO][Rank 0] - train Epoch 7/24: 54.6% (1060/1940)
[2025-11-18 14:48:50][INFO][Rank 0] - train Epoch 7/24: 55.2% (1070/1940)
[2025-11-18 14:48:57][INFO][Rank 0] - train Epoch 7/24: 55.7% (1080/1940)
[2025-11-18 14:48:58][INFO][Rank 0] - CUDA Memory [train][Step 1080]: Device 0: Allocated: 3309.6 MB, Reserved: 117540.0 MB (Δ: +1687.0 MB)
[2025-11-18 14:49:04][INFO][Rank 0] - train Epoch 7/24: 56.2% (1090/1940)
[2025-11-18 14:49:11][INFO][Rank 0] - train Epoch 7/24: 56.7% (1100/1940)
[2025-11-18 14:49:18][INFO][Rank 0] - train Epoch 7/24: 57.2% (1110/1940)
[2025-11-18 14:49:25][INFO][Rank 0] - train Epoch 7/24: 57.7% (1120/1940)
[2025-11-18 14:49:32][INFO][Rank 0] - train Epoch 7/24: 58.2% (1130/1940)
[2025-11-18 14:49:39][INFO][Rank 0] - train Epoch 7/24: 58.8% (1140/1940)
[2025-11-18 14:49:46][INFO][Rank 0] - train Epoch 7/24: 59.3% (1150/1940)
[2025-11-18 14:49:53][INFO][Rank 0] - train Epoch 7/24: 59.8% (1160/1940)
[2025-11-18 14:50:00][INFO][Rank 0] - train Epoch 7/24: 60.3% (1170/1940)
[2025-11-18 14:50:01][INFO][Rank 0] - CUDA Memory [train][Step 1170]: Device 0: Allocated: 3309.6 MB, Reserved: 117540.0 MB (Δ: +1687.0 MB)
[2025-11-18 14:50:08][INFO][Rank 0] - train Epoch 7/24: 60.8% (1180/1940)
[2025-11-18 14:50:15][INFO][Rank 0] - train Epoch 7/24: 61.3% (1190/1940)
[2025-11-18 14:50:22][INFO][Rank 0] - train Epoch 7/24: 61.9% (1200/1940)
[2025-11-18 14:50:29][INFO][Rank 0] - train Epoch 7/24: 62.4% (1210/1940)
[2025-11-18 14:50:36][INFO][Rank 0] - train Epoch 7/24: 62.9% (1220/1940)
[2025-11-18 14:50:43][INFO][Rank 0] - train Epoch 7/24: 63.4% (1230/1940)
[2025-11-18 14:50:50][INFO][Rank 0] - train Epoch 7/24: 63.9% (1240/1940)
[2025-11-18 14:50:57][INFO][Rank 0] - train Epoch 7/24: 64.4% (1250/1940)
[2025-11-18 14:51:04][INFO][Rank 0] - train Epoch 7/24: 64.9% (1260/1940)
[2025-11-18 14:51:05][INFO][Rank 0] - CUDA Memory [train][Step 1260]: Device 0: Allocated: 3309.6 MB, Reserved: 117540.0 MB (Δ: +1687.0 MB)
[2025-11-18 14:51:11][INFO][Rank 0] - train Epoch 7/24: 65.5% (1270/1940)
[2025-11-18 14:51:18][INFO][Rank 0] - train Epoch 7/24: 66.0% (1280/1940)
[2025-11-18 14:51:25][INFO][Rank 0] - train Epoch 7/24: 66.5% (1290/1940)
[2025-11-18 14:51:32][INFO][Rank 0] - train Epoch 7/24: 67.0% (1300/1940)
[2025-11-18 14:51:39][INFO][Rank 0] - train Epoch 7/24: 67.5% (1310/1940)
[2025-11-18 14:51:46][INFO][Rank 0] - train Epoch 7/24: 68.0% (1320/1940)
[2025-11-18 14:51:54][INFO][Rank 0] - train Epoch 7/24: 68.6% (1330/1940)
[2025-11-18 14:52:01][INFO][Rank 0] - train Epoch 7/24: 69.1% (1340/1940)
[2025-11-18 14:52:08][INFO][Rank 0] - train Epoch 7/24: 69.6% (1350/1940)
[2025-11-18 14:52:08][INFO][Rank 0] - CUDA Memory [train][Step 1350]: Device 0: Allocated: 3309.6 MB, Reserved: 117540.0 MB (Δ: +1687.0 MB)
[2025-11-18 14:52:15][INFO][Rank 0] - train Epoch 7/24: 70.1% (1360/1940)
[2025-11-18 14:52:22][INFO][Rank 0] - train Epoch 7/24: 70.6% (1370/1940)
[2025-11-18 14:52:29][INFO][Rank 0] - train Epoch 7/24: 71.1% (1380/1940)
[2025-11-18 14:52:36][INFO][Rank 0] - train Epoch 7/24: 71.6% (1390/1940)
[2025-11-18 14:52:43][INFO][Rank 0] - train Epoch 7/24: 72.2% (1400/1940)
[2025-11-18 14:52:50][INFO][Rank 0] - train Epoch 7/24: 72.7% (1410/1940)
[2025-11-18 14:52:57][INFO][Rank 0] - train Epoch 7/24: 73.2% (1420/1940)
[2025-11-18 14:53:04][INFO][Rank 0] - train Epoch 7/24: 73.7% (1430/1940)
[2025-11-18 14:53:11][INFO][Rank 0] - train Epoch 7/24: 74.2% (1440/1940)
[2025-11-18 14:53:12][INFO][Rank 0] - CUDA Memory [train][Step 1440]: Device 0: Allocated: 3309.6 MB, Reserved: 117540.0 MB (Δ: +1687.0 MB)
[2025-11-18 14:53:18][INFO][Rank 0] - train Epoch 7/24: 74.7% (1450/1940)
[2025-11-18 14:53:25][INFO][Rank 0] - train Epoch 7/24: 75.3% (1460/1940)
[2025-11-18 14:53:32][INFO][Rank 0] - train Epoch 7/24: 75.8% (1470/1940)
[2025-11-18 14:53:39][INFO][Rank 0] - train Epoch 7/24: 76.3% (1480/1940)
[2025-11-18 14:53:47][INFO][Rank 0] - train Epoch 7/24: 76.8% (1490/1940)
[2025-11-18 14:53:54][INFO][Rank 0] - train Epoch 7/24: 77.3% (1500/1940)
[2025-11-18 14:54:01][INFO][Rank 0] - train Epoch 7/24: 77.8% (1510/1940)
[2025-11-18 14:54:08][INFO][Rank 0] - train Epoch 7/24: 78.4% (1520/1940)
[2025-11-18 14:54:15][INFO][Rank 0] - train Epoch 7/24: 78.9% (1530/1940)
[2025-11-18 14:54:16][INFO][Rank 0] - CUDA Memory [train][Step 1530]: Device 0: Allocated: 3309.6 MB, Reserved: 117540.0 MB (Δ: +1687.0 MB)
[2025-11-18 14:54:22][INFO][Rank 0] - train Epoch 7/24: 79.4% (1540/1940)
[2025-11-18 14:54:29][INFO][Rank 0] - train Epoch 7/24: 79.9% (1550/1940)
[2025-11-18 14:54:36][INFO][Rank 0] - train Epoch 7/24: 80.4% (1560/1940)
[2025-11-18 14:54:43][INFO][Rank 0] - train Epoch 7/24: 80.9% (1570/1940)
[2025-11-18 14:54:50][INFO][Rank 0] - train Epoch 7/24: 81.4% (1580/1940)
[2025-11-18 14:54:57][INFO][Rank 0] - train Epoch 7/24: 82.0% (1590/1940)
[2025-11-18 14:55:04][INFO][Rank 0] - train Epoch 7/24: 82.5% (1600/1940)
[2025-11-18 14:55:11][INFO][Rank 0] - train Epoch 7/24: 83.0% (1610/1940)
[2025-11-18 14:55:18][INFO][Rank 0] - train Epoch 7/24: 83.5% (1620/1940)
[2025-11-18 14:55:19][INFO][Rank 0] - CUDA Memory [train][Step 1620]: Device 0: Allocated: 3309.6 MB, Reserved: 117540.0 MB (Δ: +1687.0 MB)
[2025-11-18 14:55:25][INFO][Rank 0] - train Epoch 7/24: 84.0% (1630/1940)
[2025-11-18 14:55:32][INFO][Rank 0] - train Epoch 7/24: 84.5% (1640/1940)
[2025-11-18 14:55:40][INFO][Rank 0] - train Epoch 7/24: 85.1% (1650/1940)
[2025-11-18 14:55:47][INFO][Rank 0] - train Epoch 7/24: 85.6% (1660/1940)
[2025-11-18 14:55:54][INFO][Rank 0] - train Epoch 7/24: 86.1% (1670/1940)
[2025-11-18 14:56:01][INFO][Rank 0] - train Epoch 7/24: 86.6% (1680/1940)
[2025-11-18 14:56:08][INFO][Rank 0] - train Epoch 7/24: 87.1% (1690/1940)
[2025-11-18 14:56:15][INFO][Rank 0] - train Epoch 7/24: 87.6% (1700/1940)
[2025-11-18 14:56:22][INFO][Rank 0] - train Epoch 7/24: 88.1% (1710/1940)
[2025-11-18 14:56:23][INFO][Rank 0] - CUDA Memory [train][Step 1710]: Device 0: Allocated: 3309.6 MB, Reserved: 117540.0 MB (Δ: +1687.0 MB)
[2025-11-18 14:56:29][INFO][Rank 0] - train Epoch 7/24: 88.7% (1720/1940)
[2025-11-18 14:56:36][INFO][Rank 0] - train Epoch 7/24: 89.2% (1730/1940)
[2025-11-18 14:56:43][INFO][Rank 0] - train Epoch 7/24: 89.7% (1740/1940)
[2025-11-18 14:56:50][INFO][Rank 0] - train Epoch 7/24: 90.2% (1750/1940)
[2025-11-18 14:56:57][INFO][Rank 0] - train Epoch 7/24: 90.7% (1760/1940)
[2025-11-18 14:57:04][INFO][Rank 0] - train Epoch 7/24: 91.2% (1770/1940)
[2025-11-18 14:57:11][INFO][Rank 0] - train Epoch 7/24: 91.8% (1780/1940)
[2025-11-18 14:57:18][INFO][Rank 0] - train Epoch 7/24: 92.3% (1790/1940)
[2025-11-18 14:57:26][INFO][Rank 0] - train Epoch 7/24: 92.8% (1800/1940)
[2025-11-18 14:57:26][INFO][Rank 0] - CUDA Memory [train][Step 1800]: Device 0: Allocated: 3309.6 MB, Reserved: 117540.0 MB (Δ: +1687.0 MB)
[2025-11-18 14:57:33][INFO][Rank 0] - train Epoch 7/24: 93.3% (1810/1940)
[2025-11-18 14:57:40][INFO][Rank 0] - train Epoch 7/24: 93.8% (1820/1940)
[2025-11-18 14:57:47][INFO][Rank 0] - train Epoch 7/24: 94.3% (1830/1940)
[2025-11-18 14:57:54][INFO][Rank 0] - train Epoch 7/24: 94.8% (1840/1940)
[2025-11-18 14:58:01][INFO][Rank 0] - train Epoch 7/24: 95.4% (1850/1940)
[2025-11-18 14:58:08][INFO][Rank 0] - train Epoch 7/24: 95.9% (1860/1940)
[2025-11-18 14:58:15][INFO][Rank 0] - train Epoch 7/24: 96.4% (1870/1940)
[2025-11-18 14:58:22][INFO][Rank 0] - train Epoch 7/24: 96.9% (1880/1940)
[2025-11-18 14:58:29][INFO][Rank 0] - train Epoch 7/24: 97.4% (1890/1940)
[2025-11-18 14:58:30][INFO][Rank 0] - CUDA Memory [train][Step 1890]: Device 0: Allocated: 3309.6 MB, Reserved: 117540.0 MB (Δ: +1687.0 MB)
[2025-11-18 14:58:36][INFO][Rank 0] - train Epoch 7/24: 97.9% (1900/1940)
[2025-11-18 14:58:43][INFO][Rank 0] - train Epoch 7/24: 98.5% (1910/1940)
[2025-11-18 14:58:50][INFO][Rank 0] - train Epoch 7/24: 99.0% (1920/1940)
[2025-11-18 14:58:57][INFO][Rank 0] - train Epoch 7/24: 99.5% (1930/1940)
[2025-11-18 14:59:04][INFO][Rank 0] - train Epoch 7/24: 99.9% (1939/1940)
[2025-11-18 14:59:04][INFO][Rank 0] - train Loss: 0.1672 Acc: 0.9721 F1: 0.9855
[2025-11-18 14:59:04][INFO][Rank 0] - train Balanced Acc: 0.8880 AUC-ROC: 0.9687
[2025-11-18 14:59:04][INFO][Rank 0] - train Sensitivity: 0.9768 Specificity: 0.7992
[2025-11-18 14:59:04][INFO][Rank 0] - train Confusion Matrix: TP=18448, FP=103, FN=439, TN=410
[2025-11-18 14:59:04][INFO][Rank 0] - train completed in 1370.82s
[2025-11-18 14:59:04][INFO][Rank 0] - Data loading time: 0.78s, Forward time: 278.82s, Backward time: 742.78s
[2025-11-18 14:59:04][INFO][Rank 0] - train cache: 0/1 items, hit rate: 0.00%
[2025-11-18 14:59:04][INFO][Rank 0] - CUDA Memory [val][Step 0]: Device 0: Allocated: 3309.6 MB, Reserved: 117540.0 MB (Δ: +1687.0 MB)
[2025-11-18 14:59:04][INFO][Rank 0] - val phase: total 407 batches
[2025-11-18 14:59:05][INFO][Rank 0] - val Epoch 7/24: 0.0% (0/407)
[2025-11-18 14:59:10][INFO][Rank 0] - val Epoch 7/24: 2.5% (10/407)
[2025-11-18 14:59:15][INFO][Rank 0] - val Epoch 7/24: 4.9% (20/407)
[2025-11-18 14:59:20][INFO][Rank 0] - val Epoch 7/24: 7.4% (30/407)
[2025-11-18 14:59:25][INFO][Rank 0] - val Epoch 7/24: 9.8% (40/407)
[2025-11-18 14:59:30][INFO][Rank 0] - val Epoch 7/24: 12.3% (50/407)
[2025-11-18 14:59:35][INFO][Rank 0] - val Epoch 7/24: 14.7% (60/407)
[2025-11-18 14:59:40][INFO][Rank 0] - val Epoch 7/24: 17.2% (70/407)
[2025-11-18 14:59:44][INFO][Rank 0] - val Epoch 7/24: 19.7% (80/407)
[2025-11-18 14:59:49][INFO][Rank 0] - val Epoch 7/24: 22.1% (90/407)
[2025-11-18 14:59:54][INFO][Rank 0] - val Epoch 7/24: 24.6% (100/407)
[2025-11-18 14:59:59][INFO][Rank 0] - val Epoch 7/24: 27.0% (110/407)
[2025-11-18 15:00:04][INFO][Rank 0] - val Epoch 7/24: 29.5% (120/407)
[2025-11-18 15:00:05][INFO][Rank 0] - CUDA Memory [val][Step 120]: Device 0: Allocated: 3309.6 MB, Reserved: 117540.0 MB (Δ: +1687.0 MB)
[2025-11-18 15:00:09][INFO][Rank 0] - val Epoch 7/24: 31.9% (130/407)
[2025-11-18 15:00:14][INFO][Rank 0] - val Epoch 7/24: 34.4% (140/407)
[2025-11-18 15:00:19][INFO][Rank 0] - val Epoch 7/24: 36.9% (150/407)
[2025-11-18 15:00:24][INFO][Rank 0] - val Epoch 7/24: 39.3% (160/407)
[2025-11-18 15:00:29][INFO][Rank 0] - val Epoch 7/24: 41.8% (170/407)
[2025-11-18 15:00:34][INFO][Rank 0] - val Epoch 7/24: 44.2% (180/407)
[2025-11-18 15:00:39][INFO][Rank 0] - val Epoch 7/24: 46.7% (190/407)
[2025-11-18 15:00:44][INFO][Rank 0] - val Epoch 7/24: 49.1% (200/407)
[2025-11-18 15:00:49][INFO][Rank 0] - val Epoch 7/24: 51.6% (210/407)
[2025-11-18 15:00:54][INFO][Rank 0] - val Epoch 7/24: 54.1% (220/407)
[2025-11-18 15:00:59][INFO][Rank 0] - val Epoch 7/24: 56.5% (230/407)
[2025-11-18 15:01:04][INFO][Rank 0] - val Epoch 7/24: 59.0% (240/407)
[2025-11-18 15:01:09][INFO][Rank 0] - val Epoch 7/24: 61.4% (250/407)
[2025-11-18 15:01:14][INFO][Rank 0] - val Epoch 7/24: 63.9% (260/407)
[2025-11-18 15:01:19][INFO][Rank 0] - val Epoch 7/24: 66.3% (270/407)
[2025-11-18 15:01:19][INFO][Rank 0] - CUDA Memory [val][Step 270]: Device 0: Allocated: 3309.6 MB, Reserved: 117540.0 MB (Δ: +1687.0 MB)
[2025-11-18 15:01:24][INFO][Rank 0] - val Epoch 7/24: 68.8% (280/407)
[2025-11-18 15:01:29][INFO][Rank 0] - val Epoch 7/24: 71.3% (290/407)
[2025-11-18 15:01:34][INFO][Rank 0] - val Epoch 7/24: 73.7% (300/407)
[2025-11-18 15:01:39][INFO][Rank 0] - val Epoch 7/24: 76.2% (310/407)
[2025-11-18 15:01:43][INFO][Rank 0] - val Epoch 7/24: 78.6% (320/407)
[2025-11-18 15:01:48][INFO][Rank 0] - val Epoch 7/24: 81.1% (330/407)
[2025-11-18 15:01:53][INFO][Rank 0] - val Epoch 7/24: 83.5% (340/407)
[2025-11-18 15:01:58][INFO][Rank 0] - val Epoch 7/24: 86.0% (350/407)
[2025-11-18 15:02:03][INFO][Rank 0] - val Epoch 7/24: 88.5% (360/407)
[2025-11-18 15:02:08][INFO][Rank 0] - val Epoch 7/24: 90.9% (370/407)
[2025-11-18 15:02:13][INFO][Rank 0] - val Epoch 7/24: 93.4% (380/407)
[2025-11-18 15:02:18][INFO][Rank 0] - val Epoch 7/24: 95.8% (390/407)
[2025-11-18 15:02:23][INFO][Rank 0] - val Epoch 7/24: 98.3% (400/407)
[2025-11-18 15:02:26][INFO][Rank 0] - val Epoch 7/24: 99.8% (406/407)
[2025-11-18 15:02:26][INFO][Rank 0] - val Loss: 0.0993 Acc: 0.9722 F1: 0.9857
[2025-11-18 15:02:26][INFO][Rank 0] - val Balanced Acc: 0.9005 AUC-ROC: 0.9833
[2025-11-18 15:02:26][INFO][Rank 0] - val Sensitivity: 0.9754 Specificity: 0.8256
[2025-11-18 15:02:26][INFO][Rank 0] - val Confusion Matrix: TP=3886, FP=15, FN=98, TN=71
[2025-11-18 15:02:26][INFO][Rank 0] - val completed in 202.07s
[2025-11-18 15:02:26][INFO][Rank 0] - val cache: 0/1 items, hit rate: 0.00%
[2025-11-18 15:02:30][INFO][Rank 0] - Saved new best balanced_acc model with balanced_acc: 0.9005 at /projects/retprogression/rgarridogarcia/checkpoints/cropped1024_cropped_centered_allR_1/best_balanced_acc_model.pth
[2025-11-18 15:02:34][INFO][Rank 0] - Also saved as general best model at /projects/retprogression/rgarridogarcia/checkpoints/cropped1024_cropped_centered_allR_1/best_model.pth
[2025-11-18 15:02:38][INFO][Rank 0] - Saved new best auc model with auc: 0.9833 at /projects/retprogression/rgarridogarcia/checkpoints/cropped1024_cropped_centered_allR_1/best_auc_model.pth
[2025-11-18 15:02:41][INFO][Rank 0] - Saved epoch checkpoint at /projects/retprogression/rgarridogarcia/checkpoints/cropped1024_cropped_centered_allR_1/epoch_7.pth
[2025-11-18 15:02:41][INFO][Rank 0] - Epoch 7 summary:
[2025-11-18 15:02:41][INFO][Rank 0] -  Train Loss: 0.1672, Train Acc: 0.9721, Train F1: 0.9855
[2025-11-18 15:02:41][INFO][Rank 0] -  Train Balanced Acc: 0.8880, Train AUC: 0.9687
[2025-11-18 15:02:41][INFO][Rank 0] -  Train Sensitivity: 0.9768, Train Specificity: 0.7992
[2025-11-18 15:02:41][INFO][Rank 0] -  Val Loss: 0.0993, Val Acc: 0.9722, Val F1: 0.9857
[2025-11-18 15:02:41][INFO][Rank 0] -  Val Balanced Acc: 0.9005, Val AUC: 0.9833
[2025-11-18 15:02:41][INFO][Rank 0] -  Val Sensitivity: 0.9754, Val Specificity: 0.8256
[2025-11-18 15:02:41][INFO][Rank 0] -  Total Epoch Time: 1587.68s
[2025-11-18 15:02:41][INFO][Rank 0] - Epoch 8/24
[2025-11-18 15:02:41][INFO][Rank 0] - ----------
[2025-11-18 15:02:41][INFO][Rank 0] - CUDA Memory [train][Step 0]: Device 0: Allocated: 3309.6 MB, Reserved: 117540.0 MB (Δ: +1687.0 MB)
[2025-11-18 15:02:41][INFO][Rank 0] - train phase: total 1940 batches
[2025-11-18 15:02:42][INFO][Rank 0] - train Epoch 8/24: 0.0% (0/1940)
[2025-11-18 15:02:49][INFO][Rank 0] - train Epoch 8/24: 0.5% (10/1940)
[2025-11-18 15:02:56][INFO][Rank 0] - train Epoch 8/24: 1.0% (20/1940)
[2025-11-18 15:03:03][INFO][Rank 0] - train Epoch 8/24: 1.5% (30/1940)
[2025-11-18 15:03:10][INFO][Rank 0] - train Epoch 8/24: 2.1% (40/1940)
[2025-11-18 15:03:17][INFO][Rank 0] - train Epoch 8/24: 2.6% (50/1940)
[2025-11-18 15:03:24][INFO][Rank 0] - train Epoch 8/24: 3.1% (60/1940)
[2025-11-18 15:03:31][INFO][Rank 0] - train Epoch 8/24: 3.6% (70/1940)
[2025-11-18 15:03:38][INFO][Rank 0] - train Epoch 8/24: 4.1% (80/1940)
[2025-11-18 15:03:45][INFO][Rank 0] - train Epoch 8/24: 4.6% (90/1940)
[2025-11-18 15:03:46][INFO][Rank 0] - CUDA Memory [train][Step 90]: Device 0: Allocated: 3309.6 MB, Reserved: 117540.0 MB (Δ: +1687.0 MB)
[2025-11-18 15:03:52][INFO][Rank 0] - train Epoch 8/24: 5.2% (100/1940)
[2025-11-18 15:03:59][INFO][Rank 0] - train Epoch 8/24: 5.7% (110/1940)
[2025-11-18 15:04:07][INFO][Rank 0] - train Epoch 8/24: 6.2% (120/1940)
[2025-11-18 15:04:14][INFO][Rank 0] - train Epoch 8/24: 6.7% (130/1940)
[2025-11-18 15:04:21][INFO][Rank 0] - train Epoch 8/24: 7.2% (140/1940)
[2025-11-18 15:04:28][INFO][Rank 0] - train Epoch 8/24: 7.7% (150/1940)
[2025-11-18 15:04:35][INFO][Rank 0] - train Epoch 8/24: 8.2% (160/1940)
[2025-11-18 15:04:42][INFO][Rank 0] - train Epoch 8/24: 8.8% (170/1940)
[2025-11-18 15:04:49][INFO][Rank 0] - train Epoch 8/24: 9.3% (180/1940)
[2025-11-18 15:04:50][INFO][Rank 0] - CUDA Memory [train][Step 180]: Device 0: Allocated: 3309.6 MB, Reserved: 117540.0 MB (Δ: +1687.0 MB)
[2025-11-18 15:04:56][INFO][Rank 0] - train Epoch 8/24: 9.8% (190/1940)
[2025-11-18 15:05:03][INFO][Rank 0] - train Epoch 8/24: 10.3% (200/1940)
[2025-11-18 15:05:10][INFO][Rank 0] - train Epoch 8/24: 10.8% (210/1940)
[2025-11-18 15:05:17][INFO][Rank 0] - train Epoch 8/24: 11.3% (220/1940)
[2025-11-18 15:05:24][INFO][Rank 0] - train Epoch 8/24: 11.9% (230/1940)
[2025-11-18 15:05:31][INFO][Rank 0] - train Epoch 8/24: 12.4% (240/1940)
[2025-11-18 15:05:38][INFO][Rank 0] - train Epoch 8/24: 12.9% (250/1940)
[2025-11-18 15:05:45][INFO][Rank 0] - train Epoch 8/24: 13.4% (260/1940)
[2025-11-18 15:05:53][INFO][Rank 0] - train Epoch 8/24: 13.9% (270/1940)
[2025-11-18 15:05:53][INFO][Rank 0] - CUDA Memory [train][Step 270]: Device 0: Allocated: 3309.6 MB, Reserved: 117540.0 MB (Δ: +1687.0 MB)
[2025-11-18 15:06:00][INFO][Rank 0] - train Epoch 8/24: 14.4% (280/1940)
[2025-11-18 15:06:07][INFO][Rank 0] - train Epoch 8/24: 14.9% (290/1940)
[2025-11-18 15:06:14][INFO][Rank 0] - train Epoch 8/24: 15.5% (300/1940)
[2025-11-18 15:06:21][INFO][Rank 0] - train Epoch 8/24: 16.0% (310/1940)
[2025-11-18 15:06:28][INFO][Rank 0] - train Epoch 8/24: 16.5% (320/1940)
[2025-11-18 15:06:35][INFO][Rank 0] - train Epoch 8/24: 17.0% (330/1940)
[2025-11-18 15:06:42][INFO][Rank 0] - train Epoch 8/24: 17.5% (340/1940)
[2025-11-18 15:06:49][INFO][Rank 0] - train Epoch 8/24: 18.0% (350/1940)
[2025-11-18 15:06:56][INFO][Rank 0] - train Epoch 8/24: 18.6% (360/1940)
[2025-11-18 15:06:57][INFO][Rank 0] - CUDA Memory [train][Step 360]: Device 0: Allocated: 3309.6 MB, Reserved: 117540.0 MB (Δ: +1687.0 MB)
[2025-11-18 15:07:03][INFO][Rank 0] - train Epoch 8/24: 19.1% (370/1940)
[2025-11-18 15:07:10][INFO][Rank 0] - train Epoch 8/24: 19.6% (380/1940)
[2025-11-18 15:07:17][INFO][Rank 0] - train Epoch 8/24: 20.1% (390/1940)
[2025-11-18 15:07:24][INFO][Rank 0] - train Epoch 8/24: 20.6% (400/1940)
[2025-11-18 15:07:32][INFO][Rank 0] - train Epoch 8/24: 21.1% (410/1940)
[2025-11-18 15:07:39][INFO][Rank 0] - train Epoch 8/24: 21.6% (420/1940)
[2025-11-18 15:07:46][INFO][Rank 0] - train Epoch 8/24: 22.2% (430/1940)
[2025-11-18 15:07:53][INFO][Rank 0] - train Epoch 8/24: 22.7% (440/1940)
[2025-11-18 15:08:00][INFO][Rank 0] - train Epoch 8/24: 23.2% (450/1940)
[2025-11-18 15:08:01][INFO][Rank 0] - CUDA Memory [train][Step 450]: Device 0: Allocated: 3309.6 MB, Reserved: 117540.0 MB (Δ: +1687.0 MB)
[2025-11-18 15:08:07][INFO][Rank 0] - train Epoch 8/24: 23.7% (460/1940)
[2025-11-18 15:08:14][INFO][Rank 0] - train Epoch 8/24: 24.2% (470/1940)
[2025-11-18 15:08:21][INFO][Rank 0] - train Epoch 8/24: 24.7% (480/1940)
[2025-11-18 15:08:28][INFO][Rank 0] - train Epoch 8/24: 25.3% (490/1940)
[2025-11-18 15:08:35][INFO][Rank 0] - train Epoch 8/24: 25.8% (500/1940)
[2025-11-18 15:08:42][INFO][Rank 0] - train Epoch 8/24: 26.3% (510/1940)
[2025-11-18 15:08:49][INFO][Rank 0] - train Epoch 8/24: 26.8% (520/1940)
[2025-11-18 15:08:56][INFO][Rank 0] - train Epoch 8/24: 27.3% (530/1940)
[2025-11-18 15:09:03][INFO][Rank 0] - train Epoch 8/24: 27.8% (540/1940)
[2025-11-18 15:09:04][INFO][Rank 0] - CUDA Memory [train][Step 540]: Device 0: Allocated: 3309.6 MB, Reserved: 117540.0 MB (Δ: +1687.0 MB)
[2025-11-18 15:09:10][INFO][Rank 0] - train Epoch 8/24: 28.4% (550/1940)
[2025-11-18 15:09:18][INFO][Rank 0] - train Epoch 8/24: 28.9% (560/1940)
[2025-11-18 15:09:25][INFO][Rank 0] - train Epoch 8/24: 29.4% (570/1940)
[2025-11-18 15:09:32][INFO][Rank 0] - train Epoch 8/24: 29.9% (580/1940)
[2025-11-18 15:09:39][INFO][Rank 0] - train Epoch 8/24: 30.4% (590/1940)
[2025-11-18 15:09:46][INFO][Rank 0] - train Epoch 8/24: 30.9% (600/1940)
[2025-11-18 15:09:53][INFO][Rank 0] - train Epoch 8/24: 31.4% (610/1940)
[2025-11-18 15:10:00][INFO][Rank 0] - train Epoch 8/24: 32.0% (620/1940)
[2025-11-18 15:10:07][INFO][Rank 0] - train Epoch 8/24: 32.5% (630/1940)
[2025-11-18 15:10:08][INFO][Rank 0] - CUDA Memory [train][Step 630]: Device 0: Allocated: 3309.6 MB, Reserved: 117540.0 MB (Δ: +1687.0 MB)
[2025-11-18 15:10:14][INFO][Rank 0] - train Epoch 8/24: 33.0% (640/1940)
[2025-11-18 15:10:21][INFO][Rank 0] - train Epoch 8/24: 33.5% (650/1940)
[2025-11-18 15:10:28][INFO][Rank 0] - train Epoch 8/24: 34.0% (660/1940)
[2025-11-18 15:10:35][INFO][Rank 0] - train Epoch 8/24: 34.5% (670/1940)
[2025-11-18 15:10:42][INFO][Rank 0] - train Epoch 8/24: 35.1% (680/1940)
[2025-11-18 15:10:49][INFO][Rank 0] - train Epoch 8/24: 35.6% (690/1940)
[2025-11-18 15:10:57][INFO][Rank 0] - train Epoch 8/24: 36.1% (700/1940)
[2025-11-18 15:11:04][INFO][Rank 0] - train Epoch 8/24: 36.6% (710/1940)
[2025-11-18 15:11:11][INFO][Rank 0] - train Epoch 8/24: 37.1% (720/1940)
[2025-11-18 15:11:11][INFO][Rank 0] - CUDA Memory [train][Step 720]: Device 0: Allocated: 3309.6 MB, Reserved: 117540.0 MB (Δ: +1687.0 MB)
[2025-11-18 15:11:18][INFO][Rank 0] - train Epoch 8/24: 37.6% (730/1940)
[2025-11-18 15:11:25][INFO][Rank 0] - train Epoch 8/24: 38.1% (740/1940)
[2025-11-18 15:11:32][INFO][Rank 0] - train Epoch 8/24: 38.7% (750/1940)
[2025-11-18 15:11:39][INFO][Rank 0] - train Epoch 8/24: 39.2% (760/1940)
[2025-11-18 15:11:46][INFO][Rank 0] - train Epoch 8/24: 39.7% (770/1940)
[2025-11-18 15:11:53][INFO][Rank 0] - train Epoch 8/24: 40.2% (780/1940)
[2025-11-18 15:12:00][INFO][Rank 0] - train Epoch 8/24: 40.7% (790/1940)
[2025-11-18 15:12:07][INFO][Rank 0] - train Epoch 8/24: 41.2% (800/1940)
[2025-11-18 15:12:14][INFO][Rank 0] - train Epoch 8/24: 41.8% (810/1940)
[2025-11-18 15:12:15][INFO][Rank 0] - CUDA Memory [train][Step 810]: Device 0: Allocated: 3309.6 MB, Reserved: 117540.0 MB (Δ: +1687.0 MB)
[2025-11-18 15:12:21][INFO][Rank 0] - train Epoch 8/24: 42.3% (820/1940)
[2025-11-18 15:12:28][INFO][Rank 0] - train Epoch 8/24: 42.8% (830/1940)
[2025-11-18 15:12:36][INFO][Rank 0] - train Epoch 8/24: 43.3% (840/1940)
[2025-11-18 15:12:43][INFO][Rank 0] - train Epoch 8/24: 43.8% (850/1940)
[2025-11-18 15:12:50][INFO][Rank 0] - train Epoch 8/24: 44.3% (860/1940)
[2025-11-18 15:12:57][INFO][Rank 0] - train Epoch 8/24: 44.8% (870/1940)
[2025-11-18 15:13:04][INFO][Rank 0] - train Epoch 8/24: 45.4% (880/1940)
[2025-11-18 15:13:11][INFO][Rank 0] - train Epoch 8/24: 45.9% (890/1940)
[2025-11-18 15:13:18][INFO][Rank 0] - train Epoch 8/24: 46.4% (900/1940)
[2025-11-18 15:13:19][INFO][Rank 0] - CUDA Memory [train][Step 900]: Device 0: Allocated: 3309.6 MB, Reserved: 117540.0 MB (Δ: +1687.0 MB)
[2025-11-18 15:13:25][INFO][Rank 0] - train Epoch 8/24: 46.9% (910/1940)
[2025-11-18 15:13:32][INFO][Rank 0] - train Epoch 8/24: 47.4% (920/1940)
[2025-11-18 15:13:39][INFO][Rank 0] - train Epoch 8/24: 47.9% (930/1940)
[2025-11-18 15:13:46][INFO][Rank 0] - train Epoch 8/24: 48.5% (940/1940)
[2025-11-18 15:13:53][INFO][Rank 0] - train Epoch 8/24: 49.0% (950/1940)
[2025-11-18 15:14:00][INFO][Rank 0] - train Epoch 8/24: 49.5% (960/1940)
[2025-11-18 15:14:07][INFO][Rank 0] - train Epoch 8/24: 50.0% (970/1940)
[2025-11-18 15:14:14][INFO][Rank 0] - train Epoch 8/24: 50.5% (980/1940)
[2025-11-18 15:14:22][INFO][Rank 0] - train Epoch 8/24: 51.0% (990/1940)
[2025-11-18 15:14:22][INFO][Rank 0] - CUDA Memory [train][Step 990]: Device 0: Allocated: 3309.6 MB, Reserved: 117540.0 MB (Δ: +1687.0 MB)
[2025-11-18 15:14:29][INFO][Rank 0] - train Epoch 8/24: 51.5% (1000/1940)
[2025-11-18 15:14:36][INFO][Rank 0] - train Epoch 8/24: 52.1% (1010/1940)
[2025-11-18 15:14:43][INFO][Rank 0] - train Epoch 8/24: 52.6% (1020/1940)
[2025-11-18 15:14:50][INFO][Rank 0] - train Epoch 8/24: 53.1% (1030/1940)
[2025-11-18 15:14:57][INFO][Rank 0] - train Epoch 8/24: 53.6% (1040/1940)
[2025-11-18 15:15:04][INFO][Rank 0] - train Epoch 8/24: 54.1% (1050/1940)
[2025-11-18 15:15:11][INFO][Rank 0] - train Epoch 8/24: 54.6% (1060/1940)
[2025-11-18 15:15:18][INFO][Rank 0] - train Epoch 8/24: 55.2% (1070/1940)
[2025-11-18 15:15:25][INFO][Rank 0] - train Epoch 8/24: 55.7% (1080/1940)
[2025-11-18 15:15:26][INFO][Rank 0] - CUDA Memory [train][Step 1080]: Device 0: Allocated: 3309.6 MB, Reserved: 117540.0 MB (Δ: +1687.0 MB)
[2025-11-18 15:15:32][INFO][Rank 0] - train Epoch 8/24: 56.2% (1090/1940)
[2025-11-18 15:15:39][INFO][Rank 0] - train Epoch 8/24: 56.7% (1100/1940)
[2025-11-18 15:15:46][INFO][Rank 0] - train Epoch 8/24: 57.2% (1110/1940)
[2025-11-18 15:15:53][INFO][Rank 0] - train Epoch 8/24: 57.7% (1120/1940)
[2025-11-18 15:16:01][INFO][Rank 0] - train Epoch 8/24: 58.2% (1130/1940)
[2025-11-18 15:16:08][INFO][Rank 0] - train Epoch 8/24: 58.8% (1140/1940)
[2025-11-18 15:16:15][INFO][Rank 0] - train Epoch 8/24: 59.3% (1150/1940)
[2025-11-18 15:16:22][INFO][Rank 0] - train Epoch 8/24: 59.8% (1160/1940)
[2025-11-18 15:16:29][INFO][Rank 0] - train Epoch 8/24: 60.3% (1170/1940)
[2025-11-18 15:16:29][INFO][Rank 0] - CUDA Memory [train][Step 1170]: Device 0: Allocated: 3309.6 MB, Reserved: 117540.0 MB (Δ: +1687.0 MB)
[2025-11-18 15:16:36][INFO][Rank 0] - train Epoch 8/24: 60.8% (1180/1940)
[2025-11-18 15:16:43][INFO][Rank 0] - train Epoch 8/24: 61.3% (1190/1940)
[2025-11-18 15:16:50][INFO][Rank 0] - train Epoch 8/24: 61.9% (1200/1940)
[2025-11-18 15:16:57][INFO][Rank 0] - train Epoch 8/24: 62.4% (1210/1940)
[2025-11-18 15:17:04][INFO][Rank 0] - train Epoch 8/24: 62.9% (1220/1940)
[2025-11-18 15:17:11][INFO][Rank 0] - train Epoch 8/24: 63.4% (1230/1940)
[2025-11-18 15:17:18][INFO][Rank 0] - train Epoch 8/24: 63.9% (1240/1940)
[2025-11-18 15:17:25][INFO][Rank 0] - train Epoch 8/24: 64.4% (1250/1940)
[2025-11-18 15:17:32][INFO][Rank 0] - train Epoch 8/24: 64.9% (1260/1940)
[2025-11-18 15:17:33][INFO][Rank 0] - CUDA Memory [train][Step 1260]: Device 0: Allocated: 3309.6 MB, Reserved: 117540.0 MB (Δ: +1687.0 MB)
[2025-11-18 15:17:39][INFO][Rank 0] - train Epoch 8/24: 65.5% (1270/1940)
[2025-11-18 15:17:47][INFO][Rank 0] - train Epoch 8/24: 66.0% (1280/1940)
[2025-11-18 15:17:54][INFO][Rank 0] - train Epoch 8/24: 66.5% (1290/1940)
[2025-11-18 15:18:01][INFO][Rank 0] - train Epoch 8/24: 67.0% (1300/1940)
[2025-11-18 15:18:08][INFO][Rank 0] - train Epoch 8/24: 67.5% (1310/1940)
[2025-11-18 15:18:15][INFO][Rank 0] - train Epoch 8/24: 68.0% (1320/1940)
[2025-11-18 15:18:22][INFO][Rank 0] - train Epoch 8/24: 68.6% (1330/1940)
[2025-11-18 15:18:29][INFO][Rank 0] - train Epoch 8/24: 69.1% (1340/1940)
[2025-11-18 15:18:36][INFO][Rank 0] - train Epoch 8/24: 69.6% (1350/1940)
[2025-11-18 15:18:37][INFO][Rank 0] - CUDA Memory [train][Step 1350]: Device 0: Allocated: 3309.6 MB, Reserved: 117540.0 MB (Δ: +1687.0 MB)
[2025-11-18 15:18:43][INFO][Rank 0] - train Epoch 8/24: 70.1% (1360/1940)
[2025-11-18 15:18:50][INFO][Rank 0] - train Epoch 8/24: 70.6% (1370/1940)
[2025-11-18 15:18:57][INFO][Rank 0] - train Epoch 8/24: 71.1% (1380/1940)
[2025-11-18 15:19:04][INFO][Rank 0] - train Epoch 8/24: 71.6% (1390/1940)
[2025-11-18 15:19:11][INFO][Rank 0] - train Epoch 8/24: 72.2% (1400/1940)
[2025-11-18 15:19:18][INFO][Rank 0] - train Epoch 8/24: 72.7% (1410/1940)
[2025-11-18 15:19:26][INFO][Rank 0] - train Epoch 8/24: 73.2% (1420/1940)
[2025-11-18 15:19:33][INFO][Rank 0] - train Epoch 8/24: 73.7% (1430/1940)
[2025-11-18 15:19:40][INFO][Rank 0] - train Epoch 8/24: 74.2% (1440/1940)
[2025-11-18 15:19:40][INFO][Rank 0] - CUDA Memory [train][Step 1440]: Device 0: Allocated: 3309.6 MB, Reserved: 117540.0 MB (Δ: +1687.0 MB)
[2025-11-18 15:19:47][INFO][Rank 0] - train Epoch 8/24: 74.7% (1450/1940)
[2025-11-18 15:19:54][INFO][Rank 0] - train Epoch 8/24: 75.3% (1460/1940)
[2025-11-18 15:20:01][INFO][Rank 0] - train Epoch 8/24: 75.8% (1470/1940)
[2025-11-18 15:20:08][INFO][Rank 0] - train Epoch 8/24: 76.3% (1480/1940)
[2025-11-18 15:20:15][INFO][Rank 0] - train Epoch 8/24: 76.8% (1490/1940)
[2025-11-18 15:20:22][INFO][Rank 0] - train Epoch 8/24: 77.3% (1500/1940)
[2025-11-18 15:20:29][INFO][Rank 0] - train Epoch 8/24: 77.8% (1510/1940)
[2025-11-18 15:20:36][INFO][Rank 0] - train Epoch 8/24: 78.4% (1520/1940)
[2025-11-18 15:20:43][INFO][Rank 0] - train Epoch 8/24: 78.9% (1530/1940)
[2025-11-18 15:20:44][INFO][Rank 0] - CUDA Memory [train][Step 1530]: Device 0: Allocated: 3309.6 MB, Reserved: 117540.0 MB (Δ: +1687.0 MB)
[2025-11-18 15:20:50][INFO][Rank 0] - train Epoch 8/24: 79.4% (1540/1940)
[2025-11-18 15:20:57][INFO][Rank 0] - train Epoch 8/24: 79.9% (1550/1940)
[2025-11-18 15:21:04][INFO][Rank 0] - train Epoch 8/24: 80.4% (1560/1940)
[2025-11-18 15:21:12][INFO][Rank 0] - train Epoch 8/24: 80.9% (1570/1940)
[2025-11-18 15:21:19][INFO][Rank 0] - train Epoch 8/24: 81.4% (1580/1940)
[2025-11-18 15:21:26][INFO][Rank 0] - train Epoch 8/24: 82.0% (1590/1940)
[2025-11-18 15:21:33][INFO][Rank 0] - train Epoch 8/24: 82.5% (1600/1940)
[2025-11-18 15:21:40][INFO][Rank 0] - train Epoch 8/24: 83.0% (1610/1940)
[2025-11-18 15:21:47][INFO][Rank 0] - train Epoch 8/24: 83.5% (1620/1940)
[2025-11-18 15:21:48][INFO][Rank 0] - CUDA Memory [train][Step 1620]: Device 0: Allocated: 3309.6 MB, Reserved: 117540.0 MB (Δ: +1687.0 MB)
[2025-11-18 15:21:54][INFO][Rank 0] - train Epoch 8/24: 84.0% (1630/1940)
[2025-11-18 15:22:01][INFO][Rank 0] - train Epoch 8/24: 84.5% (1640/1940)
[2025-11-18 15:22:08][INFO][Rank 0] - train Epoch 8/24: 85.1% (1650/1940)
[2025-11-18 15:22:15][INFO][Rank 0] - train Epoch 8/24: 85.6% (1660/1940)
[2025-11-18 15:22:22][INFO][Rank 0] - train Epoch 8/24: 86.1% (1670/1940)
[2025-11-18 15:22:29][INFO][Rank 0] - train Epoch 8/24: 86.6% (1680/1940)
[2025-11-18 15:22:36][INFO][Rank 0] - train Epoch 8/24: 87.1% (1690/1940)
[2025-11-18 15:22:43][INFO][Rank 0] - train Epoch 8/24: 87.6% (1700/1940)
[2025-11-18 15:22:51][INFO][Rank 0] - train Epoch 8/24: 88.1% (1710/1940)
[2025-11-18 15:22:51][INFO][Rank 0] - CUDA Memory [train][Step 1710]: Device 0: Allocated: 3309.6 MB, Reserved: 117540.0 MB (Δ: +1687.0 MB)
[2025-11-18 15:22:58][INFO][Rank 0] - train Epoch 8/24: 88.7% (1720/1940)
[2025-11-18 15:23:05][INFO][Rank 0] - train Epoch 8/24: 89.2% (1730/1940)
[2025-11-18 15:23:12][INFO][Rank 0] - train Epoch 8/24: 89.7% (1740/1940)
[2025-11-18 15:23:19][INFO][Rank 0] - train Epoch 8/24: 90.2% (1750/1940)
[2025-11-18 15:23:26][INFO][Rank 0] - train Epoch 8/24: 90.7% (1760/1940)
[2025-11-18 15:23:33][INFO][Rank 0] - train Epoch 8/24: 91.2% (1770/1940)
[2025-11-18 15:23:40][INFO][Rank 0] - train Epoch 8/24: 91.8% (1780/1940)
[2025-11-18 15:23:47][INFO][Rank 0] - train Epoch 8/24: 92.3% (1790/1940)
[2025-11-18 15:23:54][INFO][Rank 0] - train Epoch 8/24: 92.8% (1800/1940)
[2025-11-18 15:23:55][INFO][Rank 0] - CUDA Memory [train][Step 1800]: Device 0: Allocated: 3309.6 MB, Reserved: 117540.0 MB (Δ: +1687.0 MB)
[2025-11-18 15:24:01][INFO][Rank 0] - train Epoch 8/24: 93.3% (1810/1940)
[2025-11-18 15:24:08][INFO][Rank 0] - train Epoch 8/24: 93.8% (1820/1940)
[2025-11-18 15:24:15][INFO][Rank 0] - train Epoch 8/24: 94.3% (1830/1940)
[2025-11-18 15:24:22][INFO][Rank 0] - train Epoch 8/24: 94.8% (1840/1940)
[2025-11-18 15:24:29][INFO][Rank 0] - train Epoch 8/24: 95.4% (1850/1940)
[2025-11-18 15:24:37][INFO][Rank 0] - train Epoch 8/24: 95.9% (1860/1940)
[2025-11-18 15:24:44][INFO][Rank 0] - train Epoch 8/24: 96.4% (1870/1940)
[2025-11-18 15:24:51][INFO][Rank 0] - train Epoch 8/24: 96.9% (1880/1940)
[2025-11-18 15:24:58][INFO][Rank 0] - train Epoch 8/24: 97.4% (1890/1940)
[2025-11-18 15:24:58][INFO][Rank 0] - CUDA Memory [train][Step 1890]: Device 0: Allocated: 3309.6 MB, Reserved: 117540.0 MB (Δ: +1687.0 MB)
[2025-11-18 15:25:05][INFO][Rank 0] - train Epoch 8/24: 97.9% (1900/1940)
[2025-11-18 15:25:12][INFO][Rank 0] - train Epoch 8/24: 98.5% (1910/1940)
[2025-11-18 15:25:19][INFO][Rank 0] - train Epoch 8/24: 99.0% (1920/1940)
[2025-11-18 15:25:26][INFO][Rank 0] - train Epoch 8/24: 99.5% (1930/1940)
[2025-11-18 15:25:32][INFO][Rank 0] - train Epoch 8/24: 99.9% (1939/1940)
[2025-11-18 15:25:33][INFO][Rank 0] - train Loss: 0.1689 Acc: 0.9706 F1: 0.9847
[2025-11-18 15:25:33][INFO][Rank 0] - train Balanced Acc: 0.8844 AUC-ROC: 0.9659
[2025-11-18 15:25:33][INFO][Rank 0] - train Sensitivity: 0.9754 Specificity: 0.7934
[2025-11-18 15:25:33][INFO][Rank 0] - train Confusion Matrix: TP=18422, FP=106, FN=465, TN=407
[2025-11-18 15:25:33][INFO][Rank 0] - train completed in 1371.85s
[2025-11-18 15:25:33][INFO][Rank 0] - Data loading time: 0.88s, Forward time: 279.02s, Backward time: 743.21s
[2025-11-18 15:25:33][INFO][Rank 0] - train cache: 0/1 items, hit rate: 0.00%
[2025-11-18 15:25:33][INFO][Rank 0] - CUDA Memory [val][Step 0]: Device 0: Allocated: 3309.6 MB, Reserved: 117540.0 MB (Δ: +1687.0 MB)
[2025-11-18 15:25:33][INFO][Rank 0] - val phase: total 407 batches
[2025-11-18 15:25:33][INFO][Rank 0] - val Epoch 8/24: 0.0% (0/407)
[2025-11-18 15:25:38][INFO][Rank 0] - val Epoch 8/24: 2.5% (10/407)
[2025-11-18 15:25:43][INFO][Rank 0] - val Epoch 8/24: 4.9% (20/407)
[2025-11-18 15:25:48][INFO][Rank 0] - val Epoch 8/24: 7.4% (30/407)
[2025-11-18 15:25:53][INFO][Rank 0] - val Epoch 8/24: 9.8% (40/407)
[2025-11-18 15:25:58][INFO][Rank 0] - val Epoch 8/24: 12.3% (50/407)
[2025-11-18 15:26:03][INFO][Rank 0] - val Epoch 8/24: 14.7% (60/407)
[2025-11-18 15:26:08][INFO][Rank 0] - val Epoch 8/24: 17.2% (70/407)
[2025-11-18 15:26:13][INFO][Rank 0] - val Epoch 8/24: 19.7% (80/407)
[2025-11-18 15:26:18][INFO][Rank 0] - val Epoch 8/24: 22.1% (90/407)
[2025-11-18 15:26:23][INFO][Rank 0] - val Epoch 8/24: 24.6% (100/407)
[2025-11-18 15:26:28][INFO][Rank 0] - val Epoch 8/24: 27.0% (110/407)
[2025-11-18 15:26:33][INFO][Rank 0] - val Epoch 8/24: 29.5% (120/407)
[2025-11-18 15:26:33][INFO][Rank 0] - CUDA Memory [val][Step 120]: Device 0: Allocated: 3309.6 MB, Reserved: 117540.0 MB (Δ: +1687.0 MB)
[2025-11-18 15:26:38][INFO][Rank 0] - val Epoch 8/24: 31.9% (130/407)
[2025-11-18 15:26:43][INFO][Rank 0] - val Epoch 8/24: 34.4% (140/407)
[2025-11-18 15:26:48][INFO][Rank 0] - val Epoch 8/24: 36.9% (150/407)
[2025-11-18 15:26:53][INFO][Rank 0] - val Epoch 8/24: 39.3% (160/407)
[2025-11-18 15:26:58][INFO][Rank 0] - val Epoch 8/24: 41.8% (170/407)
[2025-11-18 15:27:03][INFO][Rank 0] - val Epoch 8/24: 44.2% (180/407)
[2025-11-18 15:27:08][INFO][Rank 0] - val Epoch 8/24: 46.7% (190/407)
[2025-11-18 15:27:13][INFO][Rank 0] - val Epoch 8/24: 49.1% (200/407)
[2025-11-18 15:27:17][INFO][Rank 0] - val Epoch 8/24: 51.6% (210/407)
[2025-11-18 15:27:22][INFO][Rank 0] - val Epoch 8/24: 54.1% (220/407)
[2025-11-18 15:27:27][INFO][Rank 0] - val Epoch 8/24: 56.5% (230/407)
[2025-11-18 15:27:32][INFO][Rank 0] - val Epoch 8/24: 59.0% (240/407)
[2025-11-18 15:27:37][INFO][Rank 0] - val Epoch 8/24: 61.4% (250/407)
[2025-11-18 15:27:42][INFO][Rank 0] - val Epoch 8/24: 63.9% (260/407)
[2025-11-18 15:27:47][INFO][Rank 0] - val Epoch 8/24: 66.3% (270/407)
[2025-11-18 15:27:48][INFO][Rank 0] - CUDA Memory [val][Step 270]: Device 0: Allocated: 3309.6 MB, Reserved: 117540.0 MB (Δ: +1687.0 MB)
[2025-11-18 15:27:52][INFO][Rank 0] - val Epoch 8/24: 68.8% (280/407)
[2025-11-18 15:27:57][INFO][Rank 0] - val Epoch 8/24: 71.3% (290/407)
[2025-11-18 15:28:02][INFO][Rank 0] - val Epoch 8/24: 73.7% (300/407)
[2025-11-18 15:28:07][INFO][Rank 0] - val Epoch 8/24: 76.2% (310/407)
[2025-11-18 15:28:12][INFO][Rank 0] - val Epoch 8/24: 78.6% (320/407)
[2025-11-18 15:28:17][INFO][Rank 0] - val Epoch 8/24: 81.1% (330/407)
[2025-11-18 15:28:22][INFO][Rank 0] - val Epoch 8/24: 83.5% (340/407)
[2025-11-18 15:28:27][INFO][Rank 0] - val Epoch 8/24: 86.0% (350/407)
[2025-11-18 15:28:32][INFO][Rank 0] - val Epoch 8/24: 88.5% (360/407)
[2025-11-18 15:28:37][INFO][Rank 0] - val Epoch 8/24: 90.9% (370/407)
[2025-11-18 15:28:42][INFO][Rank 0] - val Epoch 8/24: 93.4% (380/407)
[2025-11-18 15:28:47][INFO][Rank 0] - val Epoch 8/24: 95.8% (390/407)
[2025-11-18 15:28:52][INFO][Rank 0] - val Epoch 8/24: 98.3% (400/407)
[2025-11-18 15:28:55][INFO][Rank 0] - val Epoch 8/24: 99.8% (406/407)
[2025-11-18 15:28:55][INFO][Rank 0] - val Loss: 0.0981 Acc: 0.9708 F1: 0.9849
[2025-11-18 15:28:55][INFO][Rank 0] - val Balanced Acc: 0.8997 AUC-ROC: 0.9834
[2025-11-18 15:28:55][INFO][Rank 0] - val Sensitivity: 0.9739 Specificity: 0.8256
[2025-11-18 15:28:55][INFO][Rank 0] - val Confusion Matrix: TP=3880, FP=15, FN=104, TN=71
[2025-11-18 15:28:55][INFO][Rank 0] - val completed in 202.13s
[2025-11-18 15:28:55][INFO][Rank 0] - val cache: 0/1 items, hit rate: 0.00%
[2025-11-18 15:28:59][INFO][Rank 0] - Saved new best auc model with auc: 0.9834 at /projects/retprogression/rgarridogarcia/checkpoints/cropped1024_cropped_centered_allR_1/best_auc_model.pth
[2025-11-18 15:29:03][INFO][Rank 0] - Saved epoch checkpoint at /projects/retprogression/rgarridogarcia/checkpoints/cropped1024_cropped_centered_allR_1/epoch_8.pth
[2025-11-18 15:29:03][INFO][Rank 0] - Epoch 8 summary:
[2025-11-18 15:29:03][INFO][Rank 0] -  Train Loss: 0.1689, Train Acc: 0.9706, Train F1: 0.9847
[2025-11-18 15:29:03][INFO][Rank 0] -  Train Balanced Acc: 0.8844, Train AUC: 0.9659
[2025-11-18 15:29:03][INFO][Rank 0] -  Train Sensitivity: 0.9754, Train Specificity: 0.7934
[2025-11-18 15:29:03][INFO][Rank 0] -  Val Loss: 0.0981, Val Acc: 0.9708, Val F1: 0.9849
[2025-11-18 15:29:03][INFO][Rank 0] -  Val Balanced Acc: 0.8997, Val AUC: 0.9834
[2025-11-18 15:29:03][INFO][Rank 0] -  Val Sensitivity: 0.9739, Val Specificity: 0.8256
[2025-11-18 15:29:03][INFO][Rank 0] -  Total Epoch Time: 1581.24s
[2025-11-18 15:29:03][INFO][Rank 0] - Epoch 9/24
[2025-11-18 15:29:03][INFO][Rank 0] - ----------
[2025-11-18 15:29:03][INFO][Rank 0] - CUDA Memory [train][Step 0]: Device 0: Allocated: 3309.6 MB, Reserved: 117540.0 MB (Δ: +1687.0 MB)
[2025-11-18 15:29:03][INFO][Rank 0] - train phase: total 1940 batches
[2025-11-18 15:29:03][INFO][Rank 0] - train Epoch 9/24: 0.0% (0/1940)
[2025-11-18 15:29:10][INFO][Rank 0] - train Epoch 9/24: 0.5% (10/1940)
[2025-11-18 15:29:17][INFO][Rank 0] - train Epoch 9/24: 1.0% (20/1940)
[2025-11-18 15:29:24][INFO][Rank 0] - train Epoch 9/24: 1.5% (30/1940)
[2025-11-18 15:29:31][INFO][Rank 0] - train Epoch 9/24: 2.1% (40/1940)
[2025-11-18 15:29:38][INFO][Rank 0] - train Epoch 9/24: 2.6% (50/1940)
[2025-11-18 15:29:45][INFO][Rank 0] - train Epoch 9/24: 3.1% (60/1940)
[2025-11-18 15:29:52][INFO][Rank 0] - train Epoch 9/24: 3.6% (70/1940)
[2025-11-18 15:29:59][INFO][Rank 0] - train Epoch 9/24: 4.1% (80/1940)
[2025-11-18 15:30:06][INFO][Rank 0] - train Epoch 9/24: 4.6% (90/1940)
[2025-11-18 15:30:07][INFO][Rank 0] - CUDA Memory [train][Step 90]: Device 0: Allocated: 3309.6 MB, Reserved: 117540.0 MB (Δ: +1687.0 MB)
[2025-11-18 15:30:14][INFO][Rank 0] - train Epoch 9/24: 5.2% (100/1940)
[2025-11-18 15:30:21][INFO][Rank 0] - train Epoch 9/24: 5.7% (110/1940)
[2025-11-18 15:30:28][INFO][Rank 0] - train Epoch 9/24: 6.2% (120/1940)
[2025-11-18 15:30:35][INFO][Rank 0] - train Epoch 9/24: 6.7% (130/1940)
[2025-11-18 15:30:42][INFO][Rank 0] - train Epoch 9/24: 7.2% (140/1940)
[2025-11-18 15:30:49][INFO][Rank 0] - train Epoch 9/24: 7.7% (150/1940)
[2025-11-18 15:30:56][INFO][Rank 0] - train Epoch 9/24: 8.2% (160/1940)
[2025-11-18 15:31:03][INFO][Rank 0] - train Epoch 9/24: 8.8% (170/1940)
[2025-11-18 15:31:10][INFO][Rank 0] - train Epoch 9/24: 9.3% (180/1940)
[2025-11-18 15:31:11][INFO][Rank 0] - CUDA Memory [train][Step 180]: Device 0: Allocated: 3309.6 MB, Reserved: 117540.0 MB (Δ: +1687.0 MB)
[2025-11-18 15:31:17][INFO][Rank 0] - train Epoch 9/24: 9.8% (190/1940)
[2025-11-18 15:31:24][INFO][Rank 0] - train Epoch 9/24: 10.3% (200/1940)
[2025-11-18 15:31:31][INFO][Rank 0] - train Epoch 9/24: 10.8% (210/1940)
[2025-11-18 15:31:38][INFO][Rank 0] - train Epoch 9/24: 11.3% (220/1940)
[2025-11-18 15:31:45][INFO][Rank 0] - train Epoch 9/24: 11.9% (230/1940)
[2025-11-18 15:31:53][INFO][Rank 0] - train Epoch 9/24: 12.4% (240/1940)
[2025-11-18 15:32:00][INFO][Rank 0] - train Epoch 9/24: 12.9% (250/1940)
[2025-11-18 15:32:07][INFO][Rank 0] - train Epoch 9/24: 13.4% (260/1940)
[2025-11-18 15:32:14][INFO][Rank 0] - train Epoch 9/24: 13.9% (270/1940)
[2025-11-18 15:32:14][INFO][Rank 0] - CUDA Memory [train][Step 270]: Device 0: Allocated: 3309.6 MB, Reserved: 117540.0 MB (Δ: +1687.0 MB)
[2025-11-18 15:32:21][INFO][Rank 0] - train Epoch 9/24: 14.4% (280/1940)
[2025-11-18 15:32:28][INFO][Rank 0] - train Epoch 9/24: 14.9% (290/1940)
[2025-11-18 15:32:35][INFO][Rank 0] - train Epoch 9/24: 15.5% (300/1940)
[2025-11-18 15:32:42][INFO][Rank 0] - train Epoch 9/24: 16.0% (310/1940)
[2025-11-18 15:32:49][INFO][Rank 0] - train Epoch 9/24: 16.5% (320/1940)
[2025-11-18 15:32:56][INFO][Rank 0] - train Epoch 9/24: 17.0% (330/1940)
[2025-11-18 15:33:03][INFO][Rank 0] - train Epoch 9/24: 17.5% (340/1940)
[2025-11-18 15:33:10][INFO][Rank 0] - train Epoch 9/24: 18.0% (350/1940)
[2025-11-18 15:33:17][INFO][Rank 0] - train Epoch 9/24: 18.6% (360/1940)
[2025-11-18 15:33:18][INFO][Rank 0] - CUDA Memory [train][Step 360]: Device 0: Allocated: 3309.6 MB, Reserved: 117540.0 MB (Δ: +1687.0 MB)
[2025-11-18 15:33:24][INFO][Rank 0] - train Epoch 9/24: 19.1% (370/1940)
[2025-11-18 15:33:31][INFO][Rank 0] - train Epoch 9/24: 19.6% (380/1940)
[2025-11-18 15:33:38][INFO][Rank 0] - train Epoch 9/24: 20.1% (390/1940)
[2025-11-18 15:33:46][INFO][Rank 0] - train Epoch 9/24: 20.6% (400/1940)
[2025-11-18 15:33:53][INFO][Rank 0] - train Epoch 9/24: 21.1% (410/1940)
[2025-11-18 15:34:00][INFO][Rank 0] - train Epoch 9/24: 21.6% (420/1940)
[2025-11-18 15:34:07][INFO][Rank 0] - train Epoch 9/24: 22.2% (430/1940)
[2025-11-18 15:34:14][INFO][Rank 0] - train Epoch 9/24: 22.7% (440/1940)
[2025-11-18 15:34:21][INFO][Rank 0] - train Epoch 9/24: 23.2% (450/1940)
[2025-11-18 15:34:22][INFO][Rank 0] - CUDA Memory [train][Step 450]: Device 0: Allocated: 3309.6 MB, Reserved: 117540.0 MB (Δ: +1687.0 MB)
[2025-11-18 15:34:28][INFO][Rank 0] - train Epoch 9/24: 23.7% (460/1940)
[2025-11-18 15:34:35][INFO][Rank 0] - train Epoch 9/24: 24.2% (470/1940)
[2025-11-18 15:34:42][INFO][Rank 0] - train Epoch 9/24: 24.7% (480/1940)
[2025-11-18 15:34:49][INFO][Rank 0] - train Epoch 9/24: 25.3% (490/1940)
[2025-11-18 15:34:56][INFO][Rank 0] - train Epoch 9/24: 25.8% (500/1940)
[2025-11-18 15:35:03][INFO][Rank 0] - train Epoch 9/24: 26.3% (510/1940)
[2025-11-18 15:35:10][INFO][Rank 0] - train Epoch 9/24: 26.8% (520/1940)
[2025-11-18 15:35:17][INFO][Rank 0] - train Epoch 9/24: 27.3% (530/1940)
[2025-11-18 15:35:24][INFO][Rank 0] - train Epoch 9/24: 27.8% (540/1940)
[2025-11-18 15:35:25][INFO][Rank 0] - CUDA Memory [train][Step 540]: Device 0: Allocated: 3309.6 MB, Reserved: 117540.0 MB (Δ: +1687.0 MB)
[2025-11-18 15:35:32][INFO][Rank 0] - train Epoch 9/24: 28.4% (550/1940)
[2025-11-18 15:35:39][INFO][Rank 0] - train Epoch 9/24: 28.9% (560/1940)
[2025-11-18 15:35:46][INFO][Rank 0] - train Epoch 9/24: 29.4% (570/1940)
[2025-11-18 15:35:53][INFO][Rank 0] - train Epoch 9/24: 29.9% (580/1940)
[2025-11-18 15:36:00][INFO][Rank 0] - train Epoch 9/24: 30.4% (590/1940)
[2025-11-18 15:36:07][INFO][Rank 0] - train Epoch 9/24: 30.9% (600/1940)
[2025-11-18 15:36:14][INFO][Rank 0] - train Epoch 9/24: 31.4% (610/1940)
[2025-11-18 15:36:21][INFO][Rank 0] - train Epoch 9/24: 32.0% (620/1940)
[2025-11-18 15:36:28][INFO][Rank 0] - train Epoch 9/24: 32.5% (630/1940)
[2025-11-18 15:36:29][INFO][Rank 0] - CUDA Memory [train][Step 630]: Device 0: Allocated: 3309.6 MB, Reserved: 117540.0 MB (Δ: +1687.0 MB)
[2025-11-18 15:36:35][INFO][Rank 0] - train Epoch 9/24: 33.0% (640/1940)
[2025-11-18 15:36:42][INFO][Rank 0] - train Epoch 9/24: 33.5% (650/1940)
[2025-11-18 15:36:49][INFO][Rank 0] - train Epoch 9/24: 34.0% (660/1940)
[2025-11-18 15:36:56][INFO][Rank 0] - train Epoch 9/24: 34.5% (670/1940)
[2025-11-18 15:37:03][INFO][Rank 0] - train Epoch 9/24: 35.1% (680/1940)
[2025-11-18 15:37:10][INFO][Rank 0] - train Epoch 9/24: 35.6% (690/1940)
[2025-11-18 15:37:17][INFO][Rank 0] - train Epoch 9/24: 36.1% (700/1940)
[2025-11-18 15:37:25][INFO][Rank 0] - train Epoch 9/24: 36.6% (710/1940)
[2025-11-18 15:37:32][INFO][Rank 0] - train Epoch 9/24: 37.1% (720/1940)
[2025-11-18 15:37:32][INFO][Rank 0] - CUDA Memory [train][Step 720]: Device 0: Allocated: 3309.6 MB, Reserved: 117540.0 MB (Δ: +1687.0 MB)
[2025-11-18 15:37:39][INFO][Rank 0] - train Epoch 9/24: 37.6% (730/1940)
[2025-11-18 15:37:46][INFO][Rank 0] - train Epoch 9/24: 38.1% (740/1940)
[2025-11-18 15:37:53][INFO][Rank 0] - train Epoch 9/24: 38.7% (750/1940)
[2025-11-18 15:38:00][INFO][Rank 0] - train Epoch 9/24: 39.2% (760/1940)
[2025-11-18 15:38:07][INFO][Rank 0] - train Epoch 9/24: 39.7% (770/1940)
[2025-11-18 15:38:14][INFO][Rank 0] - train Epoch 9/24: 40.2% (780/1940)
[2025-11-18 15:38:21][INFO][Rank 0] - train Epoch 9/24: 40.7% (790/1940)
[2025-11-18 15:38:28][INFO][Rank 0] - train Epoch 9/24: 41.2% (800/1940)
[2025-11-18 15:38:35][INFO][Rank 0] - train Epoch 9/24: 41.8% (810/1940)
[2025-11-18 15:38:36][INFO][Rank 0] - CUDA Memory [train][Step 810]: Device 0: Allocated: 3309.6 MB, Reserved: 117540.0 MB (Δ: +1687.0 MB)
[2025-11-18 15:38:42][INFO][Rank 0] - train Epoch 9/24: 42.3% (820/1940)
[2025-11-18 15:38:49][INFO][Rank 0] - train Epoch 9/24: 42.8% (830/1940)
[2025-11-18 15:38:56][INFO][Rank 0] - train Epoch 9/24: 43.3% (840/1940)
[2025-11-18 15:39:03][INFO][Rank 0] - train Epoch 9/24: 43.8% (850/1940)
[2025-11-18 15:39:10][INFO][Rank 0] - train Epoch 9/24: 44.3% (860/1940)
[2025-11-18 15:39:18][INFO][Rank 0] - train Epoch 9/24: 44.8% (870/1940)
[2025-11-18 15:39:25][INFO][Rank 0] - train Epoch 9/24: 45.4% (880/1940)
[2025-11-18 15:39:32][INFO][Rank 0] - train Epoch 9/24: 45.9% (890/1940)
[2025-11-18 15:39:39][INFO][Rank 0] - train Epoch 9/24: 46.4% (900/1940)
[2025-11-18 15:39:39][INFO][Rank 0] - CUDA Memory [train][Step 900]: Device 0: Allocated: 3309.6 MB, Reserved: 117540.0 MB (Δ: +1687.0 MB)
[2025-11-18 15:39:46][INFO][Rank 0] - train Epoch 9/24: 46.9% (910/1940)
[2025-11-18 15:39:53][INFO][Rank 0] - train Epoch 9/24: 47.4% (920/1940)
[2025-11-18 15:40:00][INFO][Rank 0] - train Epoch 9/24: 47.9% (930/1940)
[2025-11-18 15:40:07][INFO][Rank 0] - train Epoch 9/24: 48.5% (940/1940)
[2025-11-18 15:40:14][INFO][Rank 0] - train Epoch 9/24: 49.0% (950/1940)
[2025-11-18 15:40:21][INFO][Rank 0] - train Epoch 9/24: 49.5% (960/1940)
[2025-11-18 15:40:28][INFO][Rank 0] - train Epoch 9/24: 50.0% (970/1940)
[2025-11-18 15:40:35][INFO][Rank 0] - train Epoch 9/24: 50.5% (980/1940)
[2025-11-18 15:40:42][INFO][Rank 0] - train Epoch 9/24: 51.0% (990/1940)
[2025-11-18 15:40:43][INFO][Rank 0] - CUDA Memory [train][Step 990]: Device 0: Allocated: 3309.6 MB, Reserved: 117540.0 MB (Δ: +1687.0 MB)
[2025-11-18 15:40:49][INFO][Rank 0] - train Epoch 9/24: 51.5% (1000/1940)
[2025-11-18 15:40:56][INFO][Rank 0] - train Epoch 9/24: 52.1% (1010/1940)
[2025-11-18 15:41:04][INFO][Rank 0] - train Epoch 9/24: 52.6% (1020/1940)
[2025-11-18 15:41:11][INFO][Rank 0] - train Epoch 9/24: 53.1% (1030/1940)
[2025-11-18 15:41:18][INFO][Rank 0] - train Epoch 9/24: 53.6% (1040/1940)
[2025-11-18 15:41:25][INFO][Rank 0] - train Epoch 9/24: 54.1% (1050/1940)
[2025-11-18 15:41:32][INFO][Rank 0] - train Epoch 9/24: 54.6% (1060/1940)
[2025-11-18 15:41:39][INFO][Rank 0] - train Epoch 9/24: 55.2% (1070/1940)
[2025-11-18 15:41:46][INFO][Rank 0] - train Epoch 9/24: 55.7% (1080/1940)
[2025-11-18 15:41:47][INFO][Rank 0] - CUDA Memory [train][Step 1080]: Device 0: Allocated: 3309.6 MB, Reserved: 117540.0 MB (Δ: +1687.0 MB)
[2025-11-18 15:41:53][INFO][Rank 0] - train Epoch 9/24: 56.2% (1090/1940)
[2025-11-18 15:42:00][INFO][Rank 0] - train Epoch 9/24: 56.7% (1100/1940)
[2025-11-18 15:42:07][INFO][Rank 0] - train Epoch 9/24: 57.2% (1110/1940)
[2025-11-18 15:42:14][INFO][Rank 0] - train Epoch 9/24: 57.7% (1120/1940)
[2025-11-18 15:42:21][INFO][Rank 0] - train Epoch 9/24: 58.2% (1130/1940)
[2025-11-18 15:42:28][INFO][Rank 0] - train Epoch 9/24: 58.8% (1140/1940)
[2025-11-18 15:42:35][INFO][Rank 0] - train Epoch 9/24: 59.3% (1150/1940)
[2025-11-18 15:42:42][INFO][Rank 0] - train Epoch 9/24: 59.8% (1160/1940)
[2025-11-18 15:42:49][INFO][Rank 0] - train Epoch 9/24: 60.3% (1170/1940)
[2025-11-18 15:42:50][INFO][Rank 0] - CUDA Memory [train][Step 1170]: Device 0: Allocated: 3309.6 MB, Reserved: 117540.0 MB (Δ: +1687.0 MB)
[2025-11-18 15:42:57][INFO][Rank 0] - train Epoch 9/24: 60.8% (1180/1940)
[2025-11-18 15:43:04][INFO][Rank 0] - train Epoch 9/24: 61.3% (1190/1940)
[2025-11-18 15:43:11][INFO][Rank 0] - train Epoch 9/24: 61.9% (1200/1940)
[2025-11-18 15:43:18][INFO][Rank 0] - train Epoch 9/24: 62.4% (1210/1940)
[2025-11-18 15:43:25][INFO][Rank 0] - train Epoch 9/24: 62.9% (1220/1940)
[2025-11-18 15:43:32][INFO][Rank 0] - train Epoch 9/24: 63.4% (1230/1940)
[2025-11-18 15:43:39][INFO][Rank 0] - train Epoch 9/24: 63.9% (1240/1940)
[2025-11-18 15:43:46][INFO][Rank 0] - train Epoch 9/24: 64.4% (1250/1940)
[2025-11-18 15:43:53][INFO][Rank 0] - train Epoch 9/24: 64.9% (1260/1940)
[2025-11-18 15:43:54][INFO][Rank 0] - CUDA Memory [train][Step 1260]: Device 0: Allocated: 3309.6 MB, Reserved: 117540.0 MB (Δ: +1687.0 MB)
[2025-11-18 15:44:00][INFO][Rank 0] - train Epoch 9/24: 65.5% (1270/1940)
[2025-11-18 15:44:07][INFO][Rank 0] - train Epoch 9/24: 66.0% (1280/1940)
[2025-11-18 15:44:14][INFO][Rank 0] - train Epoch 9/24: 66.5% (1290/1940)
[2025-11-18 15:44:21][INFO][Rank 0] - train Epoch 9/24: 67.0% (1300/1940)
[2025-11-18 15:44:28][INFO][Rank 0] - train Epoch 9/24: 67.5% (1310/1940)
[2025-11-18 15:44:35][INFO][Rank 0] - train Epoch 9/24: 68.0% (1320/1940)
[2025-11-18 15:44:43][INFO][Rank 0] - train Epoch 9/24: 68.6% (1330/1940)
[2025-11-18 15:44:50][INFO][Rank 0] - train Epoch 9/24: 69.1% (1340/1940)
[2025-11-18 15:44:57][INFO][Rank 0] - train Epoch 9/24: 69.6% (1350/1940)
[2025-11-18 15:44:57][INFO][Rank 0] - CUDA Memory [train][Step 1350]: Device 0: Allocated: 3309.6 MB, Reserved: 117540.0 MB (Δ: +1687.0 MB)
[2025-11-18 15:45:04][INFO][Rank 0] - train Epoch 9/24: 70.1% (1360/1940)
[2025-11-18 15:45:11][INFO][Rank 0] - train Epoch 9/24: 70.6% (1370/1940)
[2025-11-18 15:45:18][INFO][Rank 0] - train Epoch 9/24: 71.1% (1380/1940)
[2025-11-18 15:45:25][INFO][Rank 0] - train Epoch 9/24: 71.6% (1390/1940)
[2025-11-18 15:45:32][INFO][Rank 0] - train Epoch 9/24: 72.2% (1400/1940)
[2025-11-18 15:45:39][INFO][Rank 0] - train Epoch 9/24: 72.7% (1410/1940)
[2025-11-18 15:45:46][INFO][Rank 0] - train Epoch 9/24: 73.2% (1420/1940)
[2025-11-18 15:45:53][INFO][Rank 0] - train Epoch 9/24: 73.7% (1430/1940)
[2025-11-18 15:46:00][INFO][Rank 0] - train Epoch 9/24: 74.2% (1440/1940)
[2025-11-18 15:46:01][INFO][Rank 0] - CUDA Memory [train][Step 1440]: Device 0: Allocated: 3309.6 MB, Reserved: 117540.0 MB (Δ: +1687.0 MB)
[2025-11-18 15:46:07][INFO][Rank 0] - train Epoch 9/24: 74.7% (1450/1940)
[2025-11-18 15:46:14][INFO][Rank 0] - train Epoch 9/24: 75.3% (1460/1940)
[2025-11-18 15:46:21][INFO][Rank 0] - train Epoch 9/24: 75.8% (1470/1940)
[2025-11-18 15:46:29][INFO][Rank 0] - train Epoch 9/24: 76.3% (1480/1940)
[2025-11-18 15:46:36][INFO][Rank 0] - train Epoch 9/24: 76.8% (1490/1940)
[2025-11-18 15:46:43][INFO][Rank 0] - train Epoch 9/24: 77.3% (1500/1940)
[2025-11-18 15:46:50][INFO][Rank 0] - train Epoch 9/24: 77.8% (1510/1940)
[2025-11-18 15:46:57][INFO][Rank 0] - train Epoch 9/24: 78.4% (1520/1940)
[2025-11-18 15:47:04][INFO][Rank 0] - train Epoch 9/24: 78.9% (1530/1940)
[2025-11-18 15:47:05][INFO][Rank 0] - CUDA Memory [train][Step 1530]: Device 0: Allocated: 3309.6 MB, Reserved: 117540.0 MB (Δ: +1687.0 MB)
[2025-11-18 15:47:11][INFO][Rank 0] - train Epoch 9/24: 79.4% (1540/1940)
[2025-11-18 15:47:18][INFO][Rank 0] - train Epoch 9/24: 79.9% (1550/1940)
[2025-11-18 15:47:25][INFO][Rank 0] - train Epoch 9/24: 80.4% (1560/1940)
[2025-11-18 15:47:32][INFO][Rank 0] - train Epoch 9/24: 80.9% (1570/1940)
[2025-11-18 15:47:39][INFO][Rank 0] - train Epoch 9/24: 81.4% (1580/1940)
[2025-11-18 15:47:46][INFO][Rank 0] - train Epoch 9/24: 82.0% (1590/1940)
[2025-11-18 15:47:53][INFO][Rank 0] - train Epoch 9/24: 82.5% (1600/1940)
[2025-11-18 15:48:00][INFO][Rank 0] - train Epoch 9/24: 83.0% (1610/1940)
[2025-11-18 15:48:07][INFO][Rank 0] - train Epoch 9/24: 83.5% (1620/1940)
[2025-11-18 15:48:08][INFO][Rank 0] - CUDA Memory [train][Step 1620]: Device 0: Allocated: 3309.6 MB, Reserved: 117540.0 MB (Δ: +1687.0 MB)
[2025-11-18 15:48:14][INFO][Rank 0] - train Epoch 9/24: 84.0% (1630/1940)
[2025-11-18 15:48:22][INFO][Rank 0] - train Epoch 9/24: 84.5% (1640/1940)
[2025-11-18 15:48:29][INFO][Rank 0] - train Epoch 9/24: 85.1% (1650/1940)
[2025-11-18 15:48:36][INFO][Rank 0] - train Epoch 9/24: 85.6% (1660/1940)
[2025-11-18 15:48:43][INFO][Rank 0] - train Epoch 9/24: 86.1% (1670/1940)
[2025-11-18 15:48:50][INFO][Rank 0] - train Epoch 9/24: 86.6% (1680/1940)
[2025-11-18 15:48:57][INFO][Rank 0] - train Epoch 9/24: 87.1% (1690/1940)
[2025-11-18 15:49:04][INFO][Rank 0] - train Epoch 9/24: 87.6% (1700/1940)
[2025-11-18 15:49:11][INFO][Rank 0] - train Epoch 9/24: 88.1% (1710/1940)
[2025-11-18 15:49:12][INFO][Rank 0] - CUDA Memory [train][Step 1710]: Device 0: Allocated: 3309.6 MB, Reserved: 117540.0 MB (Δ: +1687.0 MB)
[2025-11-18 15:49:18][INFO][Rank 0] - train Epoch 9/24: 88.7% (1720/1940)
[2025-11-18 15:49:25][INFO][Rank 0] - train Epoch 9/24: 89.2% (1730/1940)
[2025-11-18 15:49:32][INFO][Rank 0] - train Epoch 9/24: 89.7% (1740/1940)
[2025-11-18 15:49:39][INFO][Rank 0] - train Epoch 9/24: 90.2% (1750/1940)
[2025-11-18 15:49:46][INFO][Rank 0] - train Epoch 9/24: 90.7% (1760/1940)
[2025-11-18 15:49:53][INFO][Rank 0] - train Epoch 9/24: 91.2% (1770/1940)
[2025-11-18 15:50:00][INFO][Rank 0] - train Epoch 9/24: 91.8% (1780/1940)
[2025-11-18 15:50:08][INFO][Rank 0] - train Epoch 9/24: 92.3% (1790/1940)
[2025-11-18 15:50:15][INFO][Rank 0] - train Epoch 9/24: 92.8% (1800/1940)
[2025-11-18 15:50:15][INFO][Rank 0] - CUDA Memory [train][Step 1800]: Device 0: Allocated: 3309.6 MB, Reserved: 117540.0 MB (Δ: +1687.0 MB)
[2025-11-18 15:50:22][INFO][Rank 0] - train Epoch 9/24: 93.3% (1810/1940)
[2025-11-18 15:50:29][INFO][Rank 0] - train Epoch 9/24: 93.8% (1820/1940)
[2025-11-18 15:50:36][INFO][Rank 0] - train Epoch 9/24: 94.3% (1830/1940)
[2025-11-18 15:50:43][INFO][Rank 0] - train Epoch 9/24: 94.8% (1840/1940)
[2025-11-18 15:50:50][INFO][Rank 0] - train Epoch 9/24: 95.4% (1850/1940)
[2025-11-18 15:50:57][INFO][Rank 0] - train Epoch 9/24: 95.9% (1860/1940)
[2025-11-18 15:51:04][INFO][Rank 0] - train Epoch 9/24: 96.4% (1870/1940)
[2025-11-18 15:51:11][INFO][Rank 0] - train Epoch 9/24: 96.9% (1880/1940)
[2025-11-18 15:51:18][INFO][Rank 0] - train Epoch 9/24: 97.4% (1890/1940)
[2025-11-18 15:51:19][INFO][Rank 0] - CUDA Memory [train][Step 1890]: Device 0: Allocated: 3309.6 MB, Reserved: 117540.0 MB (Δ: +1687.0 MB)
[2025-11-18 15:51:25][INFO][Rank 0] - train Epoch 9/24: 97.9% (1900/1940)
[2025-11-18 15:51:32][INFO][Rank 0] - train Epoch 9/24: 98.5% (1910/1940)
[2025-11-18 15:51:39][INFO][Rank 0] - train Epoch 9/24: 99.0% (1920/1940)
[2025-11-18 15:51:46][INFO][Rank 0] - train Epoch 9/24: 99.5% (1930/1940)
[2025-11-18 15:51:53][INFO][Rank 0] - train Epoch 9/24: 99.9% (1939/1940)
[2025-11-18 15:51:54][INFO][Rank 0] - train Loss: 0.1649 Acc: 0.9707 F1: 0.9848
[2025-11-18 15:51:54][INFO][Rank 0] - train Balanced Acc: 0.8864 AUC-ROC: 0.9679
[2025-11-18 15:51:54][INFO][Rank 0] - train Sensitivity: 0.9754 Specificity: 0.7973
[2025-11-18 15:51:54][INFO][Rank 0] - train Confusion Matrix: TP=18423, FP=104, FN=464, TN=409
[2025-11-18 15:51:54][INFO][Rank 0] - train completed in 1370.98s
[2025-11-18 15:51:54][INFO][Rank 0] - Data loading time: 0.85s, Forward time: 278.84s, Backward time: 742.78s
[2025-11-18 15:51:54][INFO][Rank 0] - train cache: 0/1 items, hit rate: 0.00%
[2025-11-18 15:51:54][INFO][Rank 0] - CUDA Memory [val][Step 0]: Device 0: Allocated: 3309.6 MB, Reserved: 117540.0 MB (Δ: +1687.0 MB)
[2025-11-18 15:51:54][INFO][Rank 0] - val phase: total 407 batches
[2025-11-18 15:51:54][INFO][Rank 0] - val Epoch 9/24: 0.0% (0/407)
[2025-11-18 15:51:59][INFO][Rank 0] - val Epoch 9/24: 2.5% (10/407)
[2025-11-18 15:52:04][INFO][Rank 0] - val Epoch 9/24: 4.9% (20/407)
[2025-11-18 15:52:09][INFO][Rank 0] - val Epoch 9/24: 7.4% (30/407)
[2025-11-18 15:52:14][INFO][Rank 0] - val Epoch 9/24: 9.8% (40/407)
[2025-11-18 15:52:19][INFO][Rank 0] - val Epoch 9/24: 12.3% (50/407)
[2025-11-18 15:52:24][INFO][Rank 0] - val Epoch 9/24: 14.7% (60/407)
[2025-11-18 15:52:29][INFO][Rank 0] - val Epoch 9/24: 17.2% (70/407)
[2025-11-18 15:52:34][INFO][Rank 0] - val Epoch 9/24: 19.7% (80/407)
[2025-11-18 15:52:38][INFO][Rank 0] - val Epoch 9/24: 22.1% (90/407)
[2025-11-18 15:52:43][INFO][Rank 0] - val Epoch 9/24: 24.6% (100/407)
[2025-11-18 15:52:48][INFO][Rank 0] - val Epoch 9/24: 27.0% (110/407)
[2025-11-18 15:52:53][INFO][Rank 0] - val Epoch 9/24: 29.5% (120/407)
[2025-11-18 15:52:54][INFO][Rank 0] - CUDA Memory [val][Step 120]: Device 0: Allocated: 3309.6 MB, Reserved: 117540.0 MB (Δ: +1687.0 MB)
[2025-11-18 15:52:58][INFO][Rank 0] - val Epoch 9/24: 31.9% (130/407)
[2025-11-18 15:53:03][INFO][Rank 0] - val Epoch 9/24: 34.4% (140/407)
[2025-11-18 15:53:08][INFO][Rank 0] - val Epoch 9/24: 36.9% (150/407)
[2025-11-18 15:53:13][INFO][Rank 0] - val Epoch 9/24: 39.3% (160/407)
[2025-11-18 15:53:18][INFO][Rank 0] - val Epoch 9/24: 41.8% (170/407)
[2025-11-18 15:53:23][INFO][Rank 0] - val Epoch 9/24: 44.2% (180/407)
[2025-11-18 15:53:28][INFO][Rank 0] - val Epoch 9/24: 46.7% (190/407)
[2025-11-18 15:53:33][INFO][Rank 0] - val Epoch 9/24: 49.1% (200/407)
[2025-11-18 15:53:38][INFO][Rank 0] - val Epoch 9/24: 51.6% (210/407)
[2025-11-18 15:53:43][INFO][Rank 0] - val Epoch 9/24: 54.1% (220/407)
[2025-11-18 15:53:48][INFO][Rank 0] - val Epoch 9/24: 56.5% (230/407)
[2025-11-18 15:53:53][INFO][Rank 0] - val Epoch 9/24: 59.0% (240/407)
[2025-11-18 15:53:58][INFO][Rank 0] - val Epoch 9/24: 61.4% (250/407)
[2025-11-18 15:54:03][INFO][Rank 0] - val Epoch 9/24: 63.9% (260/407)
[2025-11-18 15:54:08][INFO][Rank 0] - val Epoch 9/24: 66.3% (270/407)
[2025-11-18 15:54:08][INFO][Rank 0] - CUDA Memory [val][Step 270]: Device 0: Allocated: 3309.6 MB, Reserved: 117540.0 MB (Δ: +1687.0 MB)
[2025-11-18 15:54:13][INFO][Rank 0] - val Epoch 9/24: 68.8% (280/407)
[2025-11-18 15:54:18][INFO][Rank 0] - val Epoch 9/24: 71.3% (290/407)
[2025-11-18 15:54:23][INFO][Rank 0] - val Epoch 9/24: 73.7% (300/407)
[2025-11-18 15:54:28][INFO][Rank 0] - val Epoch 9/24: 76.2% (310/407)
[2025-11-18 15:54:33][INFO][Rank 0] - val Epoch 9/24: 78.6% (320/407)
[2025-11-18 15:54:37][INFO][Rank 0] - val Epoch 9/24: 81.1% (330/407)
[2025-11-18 15:54:42][INFO][Rank 0] - val Epoch 9/24: 83.5% (340/407)
[2025-11-18 15:54:47][INFO][Rank 0] - val Epoch 9/24: 86.0% (350/407)
[2025-11-18 15:54:52][INFO][Rank 0] - val Epoch 9/24: 88.5% (360/407)
[2025-11-18 15:54:57][INFO][Rank 0] - val Epoch 9/24: 90.9% (370/407)
[2025-11-18 15:55:02][INFO][Rank 0] - val Epoch 9/24: 93.4% (380/407)
[2025-11-18 15:55:07][INFO][Rank 0] - val Epoch 9/24: 95.8% (390/407)
[2025-11-18 15:55:12][INFO][Rank 0] - val Epoch 9/24: 98.3% (400/407)
[2025-11-18 15:55:15][INFO][Rank 0] - val Epoch 9/24: 99.8% (406/407)
[2025-11-18 15:55:16][INFO][Rank 0] - val Loss: 0.0883 Acc: 0.9767 F1: 0.9880
[2025-11-18 15:55:16][INFO][Rank 0] - val Balanced Acc: 0.8971 AUC-ROC: 0.9834
[2025-11-18 15:55:16][INFO][Rank 0] - val Sensitivity: 0.9802 Specificity: 0.8140
[2025-11-18 15:55:16][INFO][Rank 0] - val Confusion Matrix: TP=3905, FP=16, FN=79, TN=70
[2025-11-18 15:55:16][INFO][Rank 0] - val completed in 202.13s
[2025-11-18 15:55:16][INFO][Rank 0] - val cache: 0/1 items, hit rate: 0.00%
[2025-11-18 15:55:19][INFO][Rank 0] - Saved new best auc model with auc: 0.9834 at /projects/retprogression/rgarridogarcia/checkpoints/cropped1024_cropped_centered_allR_1/best_auc_model.pth
[2025-11-18 15:55:23][INFO][Rank 0] - Saved epoch checkpoint at /projects/retprogression/rgarridogarcia/checkpoints/cropped1024_cropped_centered_allR_1/epoch_9.pth
[2025-11-18 15:55:23][INFO][Rank 0] - Epoch 9 summary:
[2025-11-18 15:55:23][INFO][Rank 0] -  Train Loss: 0.1649, Train Acc: 0.9707, Train F1: 0.9848
[2025-11-18 15:55:23][INFO][Rank 0] -  Train Balanced Acc: 0.8864, Train AUC: 0.9679
[2025-11-18 15:55:23][INFO][Rank 0] -  Train Sensitivity: 0.9754, Train Specificity: 0.7973
[2025-11-18 15:55:23][INFO][Rank 0] -  Val Loss: 0.0883, Val Acc: 0.9767, Val F1: 0.9880
[2025-11-18 15:55:23][INFO][Rank 0] -  Val Balanced Acc: 0.8971, Val AUC: 0.9834
[2025-11-18 15:55:23][INFO][Rank 0] -  Val Sensitivity: 0.9802, Val Specificity: 0.8140
[2025-11-18 15:55:23][INFO][Rank 0] -  Total Epoch Time: 1580.48s
[2025-11-18 15:55:23][INFO][Rank 0] - Epoch 10/24
[2025-11-18 15:55:23][INFO][Rank 0] - ----------
[2025-11-18 15:55:23][INFO][Rank 0] - CUDA Memory [train][Step 0]: Device 0: Allocated: 3309.6 MB, Reserved: 117540.0 MB (Δ: +1687.0 MB)
[2025-11-18 15:55:23][INFO][Rank 0] - train phase: total 1940 batches
[2025-11-18 15:55:24][INFO][Rank 0] - train Epoch 10/24: 0.0% (0/1940)
[2025-11-18 15:55:31][INFO][Rank 0] - train Epoch 10/24: 0.5% (10/1940)
[2025-11-18 15:55:38][INFO][Rank 0] - train Epoch 10/24: 1.0% (20/1940)
[2025-11-18 15:55:45][INFO][Rank 0] - train Epoch 10/24: 1.5% (30/1940)
[2025-11-18 15:55:52][INFO][Rank 0] - train Epoch 10/24: 2.1% (40/1940)
[2025-11-18 15:55:59][INFO][Rank 0] - train Epoch 10/24: 2.6% (50/1940)
[2025-11-18 15:56:06][INFO][Rank 0] - train Epoch 10/24: 3.1% (60/1940)
[2025-11-18 15:56:13][INFO][Rank 0] - train Epoch 10/24: 3.6% (70/1940)
[2025-11-18 15:56:20][INFO][Rank 0] - train Epoch 10/24: 4.1% (80/1940)
[2025-11-18 15:56:27][INFO][Rank 0] - train Epoch 10/24: 4.6% (90/1940)
[2025-11-18 15:56:28][INFO][Rank 0] - CUDA Memory [train][Step 90]: Device 0: Allocated: 3309.6 MB, Reserved: 117540.0 MB (Δ: +1687.0 MB)
[2025-11-18 15:56:34][INFO][Rank 0] - train Epoch 10/24: 5.2% (100/1940)
[2025-11-18 15:56:41][INFO][Rank 0] - train Epoch 10/24: 5.7% (110/1940)
[2025-11-18 15:56:48][INFO][Rank 0] - train Epoch 10/24: 6.2% (120/1940)
[2025-11-18 15:56:55][INFO][Rank 0] - train Epoch 10/24: 6.7% (130/1940)
[2025-11-18 15:57:03][INFO][Rank 0] - train Epoch 10/24: 7.2% (140/1940)
[2025-11-18 15:57:10][INFO][Rank 0] - train Epoch 10/24: 7.7% (150/1940)
[2025-11-18 15:57:17][INFO][Rank 0] - train Epoch 10/24: 8.2% (160/1940)
[2025-11-18 15:57:24][INFO][Rank 0] - train Epoch 10/24: 8.8% (170/1940)
[2025-11-18 15:57:31][INFO][Rank 0] - train Epoch 10/24: 9.3% (180/1940)
[2025-11-18 15:57:31][INFO][Rank 0] - CUDA Memory [train][Step 180]: Device 0: Allocated: 3309.6 MB, Reserved: 117540.0 MB (Δ: +1687.0 MB)
[2025-11-18 15:57:38][INFO][Rank 0] - train Epoch 10/24: 9.8% (190/1940)
[2025-11-18 15:57:45][INFO][Rank 0] - train Epoch 10/24: 10.3% (200/1940)
[2025-11-18 15:57:52][INFO][Rank 0] - train Epoch 10/24: 10.8% (210/1940)
[2025-11-18 15:57:59][INFO][Rank 0] - train Epoch 10/24: 11.3% (220/1940)
[2025-11-18 15:58:06][INFO][Rank 0] - train Epoch 10/24: 11.9% (230/1940)
[2025-11-18 15:58:13][INFO][Rank 0] - train Epoch 10/24: 12.4% (240/1940)
[2025-11-18 15:58:20][INFO][Rank 0] - train Epoch 10/24: 12.9% (250/1940)
[2025-11-18 15:58:27][INFO][Rank 0] - train Epoch 10/24: 13.4% (260/1940)
[2025-11-18 15:58:34][INFO][Rank 0] - train Epoch 10/24: 13.9% (270/1940)
[2025-11-18 15:58:35][INFO][Rank 0] - CUDA Memory [train][Step 270]: Device 0: Allocated: 3309.6 MB, Reserved: 117540.0 MB (Δ: +1687.0 MB)
[2025-11-18 15:58:41][INFO][Rank 0] - train Epoch 10/24: 14.4% (280/1940)
[2025-11-18 15:58:49][INFO][Rank 0] - train Epoch 10/24: 14.9% (290/1940)
[2025-11-18 15:58:56][INFO][Rank 0] - train Epoch 10/24: 15.5% (300/1940)
[2025-11-18 15:59:03][INFO][Rank 0] - train Epoch 10/24: 16.0% (310/1940)
[2025-11-18 15:59:10][INFO][Rank 0] - train Epoch 10/24: 16.5% (320/1940)
[2025-11-18 15:59:17][INFO][Rank 0] - train Epoch 10/24: 17.0% (330/1940)
[2025-11-18 15:59:24][INFO][Rank 0] - train Epoch 10/24: 17.5% (340/1940)
[2025-11-18 15:59:31][INFO][Rank 0] - train Epoch 10/24: 18.0% (350/1940)
[2025-11-18 15:59:38][INFO][Rank 0] - train Epoch 10/24: 18.6% (360/1940)
[2025-11-18 15:59:39][INFO][Rank 0] - CUDA Memory [train][Step 360]: Device 0: Allocated: 3309.6 MB, Reserved: 117540.0 MB (Δ: +1687.0 MB)
[2025-11-18 15:59:45][INFO][Rank 0] - train Epoch 10/24: 19.1% (370/1940)
[2025-11-18 15:59:52][INFO][Rank 0] - train Epoch 10/24: 19.6% (380/1940)
[2025-11-18 15:59:59][INFO][Rank 0] - train Epoch 10/24: 20.1% (390/1940)
[2025-11-18 16:00:06][INFO][Rank 0] - train Epoch 10/24: 20.6% (400/1940)
[2025-11-18 16:00:13][INFO][Rank 0] - train Epoch 10/24: 21.1% (410/1940)
[2025-11-18 16:00:20][INFO][Rank 0] - train Epoch 10/24: 21.6% (420/1940)
[2025-11-18 16:00:28][INFO][Rank 0] - train Epoch 10/24: 22.2% (430/1940)
[2025-11-18 16:00:35][INFO][Rank 0] - train Epoch 10/24: 22.7% (440/1940)
[2025-11-18 16:00:42][INFO][Rank 0] - train Epoch 10/24: 23.2% (450/1940)
[2025-11-18 16:00:42][INFO][Rank 0] - CUDA Memory [train][Step 450]: Device 0: Allocated: 3309.6 MB, Reserved: 117540.0 MB (Δ: +1687.0 MB)
[2025-11-18 16:00:49][INFO][Rank 0] - train Epoch 10/24: 23.7% (460/1940)
[2025-11-18 16:00:56][INFO][Rank 0] - train Epoch 10/24: 24.2% (470/1940)
[2025-11-18 16:01:03][INFO][Rank 0] - train Epoch 10/24: 24.7% (480/1940)
[2025-11-18 16:01:10][INFO][Rank 0] - train Epoch 10/24: 25.3% (490/1940)
[2025-11-18 16:01:17][INFO][Rank 0] - train Epoch 10/24: 25.8% (500/1940)
[2025-11-18 16:01:24][INFO][Rank 0] - train Epoch 10/24: 26.3% (510/1940)
[2025-11-18 16:01:31][INFO][Rank 0] - train Epoch 10/24: 26.8% (520/1940)
[2025-11-18 16:01:38][INFO][Rank 0] - train Epoch 10/24: 27.3% (530/1940)
[2025-11-18 16:01:45][INFO][Rank 0] - train Epoch 10/24: 27.8% (540/1940)
[2025-11-18 16:01:46][INFO][Rank 0] - CUDA Memory [train][Step 540]: Device 0: Allocated: 3309.6 MB, Reserved: 117540.0 MB (Δ: +1687.0 MB)
[2025-11-18 16:01:52][INFO][Rank 0] - train Epoch 10/24: 28.4% (550/1940)
[2025-11-18 16:01:59][INFO][Rank 0] - train Epoch 10/24: 28.9% (560/1940)
[2025-11-18 16:02:07][INFO][Rank 0] - train Epoch 10/24: 29.4% (570/1940)
[2025-11-18 16:02:14][INFO][Rank 0] - train Epoch 10/24: 29.9% (580/1940)
[2025-11-18 16:02:21][INFO][Rank 0] - train Epoch 10/24: 30.4% (590/1940)
[2025-11-18 16:02:28][INFO][Rank 0] - train Epoch 10/24: 30.9% (600/1940)
[2025-11-18 16:02:35][INFO][Rank 0] - train Epoch 10/24: 31.4% (610/1940)
[2025-11-18 16:02:42][INFO][Rank 0] - train Epoch 10/24: 32.0% (620/1940)
[2025-11-18 16:02:49][INFO][Rank 0] - train Epoch 10/24: 32.5% (630/1940)
[2025-11-18 16:02:50][INFO][Rank 0] - CUDA Memory [train][Step 630]: Device 0: Allocated: 3309.6 MB, Reserved: 117540.0 MB (Δ: +1687.0 MB)
[2025-11-18 16:02:56][INFO][Rank 0] - train Epoch 10/24: 33.0% (640/1940)
[2025-11-18 16:03:03][INFO][Rank 0] - train Epoch 10/24: 33.5% (650/1940)
[2025-11-18 16:03:10][INFO][Rank 0] - train Epoch 10/24: 34.0% (660/1940)
[2025-11-18 16:03:17][INFO][Rank 0] - train Epoch 10/24: 34.5% (670/1940)
[2025-11-18 16:03:24][INFO][Rank 0] - train Epoch 10/24: 35.1% (680/1940)
[2025-11-18 16:03:31][INFO][Rank 0] - train Epoch 10/24: 35.6% (690/1940)
[2025-11-18 16:03:38][INFO][Rank 0] - train Epoch 10/24: 36.1% (700/1940)
[2025-11-18 16:03:45][INFO][Rank 0] - train Epoch 10/24: 36.6% (710/1940)
[2025-11-18 16:03:53][INFO][Rank 0] - train Epoch 10/24: 37.1% (720/1940)
[2025-11-18 16:03:53][INFO][Rank 0] - CUDA Memory [train][Step 720]: Device 0: Allocated: 3309.6 MB, Reserved: 117540.0 MB (Δ: +1687.0 MB)
[2025-11-18 16:04:00][INFO][Rank 0] - train Epoch 10/24: 37.6% (730/1940)
[2025-11-18 16:04:07][INFO][Rank 0] - train Epoch 10/24: 38.1% (740/1940)
[2025-11-18 16:04:14][INFO][Rank 0] - train Epoch 10/24: 38.7% (750/1940)
[2025-11-18 16:04:21][INFO][Rank 0] - train Epoch 10/24: 39.2% (760/1940)
[2025-11-18 16:04:28][INFO][Rank 0] - train Epoch 10/24: 39.7% (770/1940)
[2025-11-18 16:04:35][INFO][Rank 0] - train Epoch 10/24: 40.2% (780/1940)
[2025-11-18 16:04:42][INFO][Rank 0] - train Epoch 10/24: 40.7% (790/1940)
[2025-11-18 16:04:49][INFO][Rank 0] - train Epoch 10/24: 41.2% (800/1940)
[2025-11-18 16:04:56][INFO][Rank 0] - train Epoch 10/24: 41.8% (810/1940)
[2025-11-18 16:04:57][INFO][Rank 0] - CUDA Memory [train][Step 810]: Device 0: Allocated: 3309.6 MB, Reserved: 117540.0 MB (Δ: +1687.0 MB)
[2025-11-18 16:05:03][INFO][Rank 0] - train Epoch 10/24: 42.3% (820/1940)
[2025-11-18 16:05:10][INFO][Rank 0] - train Epoch 10/24: 42.8% (830/1940)
[2025-11-18 16:05:17][INFO][Rank 0] - train Epoch 10/24: 43.3% (840/1940)
[2025-11-18 16:05:24][INFO][Rank 0] - train Epoch 10/24: 43.8% (850/1940)
[2025-11-18 16:05:32][INFO][Rank 0] - train Epoch 10/24: 44.3% (860/1940)
[2025-11-18 16:05:39][INFO][Rank 0] - train Epoch 10/24: 44.8% (870/1940)
[2025-11-18 16:05:46][INFO][Rank 0] - train Epoch 10/24: 45.4% (880/1940)
[2025-11-18 16:05:53][INFO][Rank 0] - train Epoch 10/24: 45.9% (890/1940)
[2025-11-18 16:06:00][INFO][Rank 0] - train Epoch 10/24: 46.4% (900/1940)
[2025-11-18 16:06:01][INFO][Rank 0] - CUDA Memory [train][Step 900]: Device 0: Allocated: 3309.6 MB, Reserved: 117540.0 MB (Δ: +1687.0 MB)
[2025-11-18 16:06:07][INFO][Rank 0] - train Epoch 10/24: 46.9% (910/1940)
[2025-11-18 16:06:14][INFO][Rank 0] - train Epoch 10/24: 47.4% (920/1940)
[2025-11-18 16:06:21][INFO][Rank 0] - train Epoch 10/24: 47.9% (930/1940)
[2025-11-18 16:06:28][INFO][Rank 0] - train Epoch 10/24: 48.5% (940/1940)
[2025-11-18 16:06:35][INFO][Rank 0] - train Epoch 10/24: 49.0% (950/1940)
[2025-11-18 16:06:42][INFO][Rank 0] - train Epoch 10/24: 49.5% (960/1940)
[2025-11-18 16:06:49][INFO][Rank 0] - train Epoch 10/24: 50.0% (970/1940)
[2025-11-18 16:06:56][INFO][Rank 0] - train Epoch 10/24: 50.5% (980/1940)
[2025-11-18 16:07:03][INFO][Rank 0] - train Epoch 10/24: 51.0% (990/1940)
[2025-11-18 16:07:04][INFO][Rank 0] - CUDA Memory [train][Step 990]: Device 0: Allocated: 3309.6 MB, Reserved: 117540.0 MB (Δ: +1687.0 MB)
[2025-11-18 16:07:11][INFO][Rank 0] - train Epoch 10/24: 51.5% (1000/1940)
[2025-11-18 16:07:18][INFO][Rank 0] - train Epoch 10/24: 52.1% (1010/1940)
[2025-11-18 16:07:25][INFO][Rank 0] - train Epoch 10/24: 52.6% (1020/1940)
[2025-11-18 16:07:32][INFO][Rank 0] - train Epoch 10/24: 53.1% (1030/1940)
[2025-11-18 16:07:39][INFO][Rank 0] - train Epoch 10/24: 53.6% (1040/1940)
[2025-11-18 16:07:46][INFO][Rank 0] - train Epoch 10/24: 54.1% (1050/1940)
[2025-11-18 16:07:53][INFO][Rank 0] - train Epoch 10/24: 54.6% (1060/1940)
[2025-11-18 16:08:00][INFO][Rank 0] - train Epoch 10/24: 55.2% (1070/1940)
[2025-11-18 16:08:07][INFO][Rank 0] - train Epoch 10/24: 55.7% (1080/1940)
[2025-11-18 16:08:08][INFO][Rank 0] - CUDA Memory [train][Step 1080]: Device 0: Allocated: 3309.6 MB, Reserved: 117540.0 MB (Δ: +1687.0 MB)
[2025-11-18 16:08:14][INFO][Rank 0] - train Epoch 10/24: 56.2% (1090/1940)
[2025-11-18 16:08:21][INFO][Rank 0] - train Epoch 10/24: 56.7% (1100/1940)
[2025-11-18 16:08:28][INFO][Rank 0] - train Epoch 10/24: 57.2% (1110/1940)
[2025-11-18 16:08:35][INFO][Rank 0] - train Epoch 10/24: 57.7% (1120/1940)
[2025-11-18 16:08:42][INFO][Rank 0] - train Epoch 10/24: 58.2% (1130/1940)
[2025-11-18 16:08:50][INFO][Rank 0] - train Epoch 10/24: 58.8% (1140/1940)
[2025-11-18 16:08:57][INFO][Rank 0] - train Epoch 10/24: 59.3% (1150/1940)
[2025-11-18 16:09:04][INFO][Rank 0] - train Epoch 10/24: 59.8% (1160/1940)
[2025-11-18 16:09:11][INFO][Rank 0] - train Epoch 10/24: 60.3% (1170/1940)
[2025-11-18 16:09:11][INFO][Rank 0] - CUDA Memory [train][Step 1170]: Device 0: Allocated: 3309.6 MB, Reserved: 117540.0 MB (Δ: +1687.0 MB)
[2025-11-18 16:09:18][INFO][Rank 0] - train Epoch 10/24: 60.8% (1180/1940)
[2025-11-18 16:09:25][INFO][Rank 0] - train Epoch 10/24: 61.3% (1190/1940)
[2025-11-18 16:09:32][INFO][Rank 0] - train Epoch 10/24: 61.9% (1200/1940)
[2025-11-18 16:09:39][INFO][Rank 0] - train Epoch 10/24: 62.4% (1210/1940)
[2025-11-18 16:09:46][INFO][Rank 0] - train Epoch 10/24: 62.9% (1220/1940)
[2025-11-18 16:09:53][INFO][Rank 0] - train Epoch 10/24: 63.4% (1230/1940)
[2025-11-18 16:10:00][INFO][Rank 0] - train Epoch 10/24: 63.9% (1240/1940)
[2025-11-18 16:10:07][INFO][Rank 0] - train Epoch 10/24: 64.4% (1250/1940)
[2025-11-18 16:10:14][INFO][Rank 0] - train Epoch 10/24: 64.9% (1260/1940)
[2025-11-18 16:10:15][INFO][Rank 0] - CUDA Memory [train][Step 1260]: Device 0: Allocated: 3309.6 MB, Reserved: 117540.0 MB (Δ: +1687.0 MB)
[2025-11-18 16:10:21][INFO][Rank 0] - train Epoch 10/24: 65.5% (1270/1940)
[2025-11-18 16:10:28][INFO][Rank 0] - train Epoch 10/24: 66.0% (1280/1940)
[2025-11-18 16:10:36][INFO][Rank 0] - train Epoch 10/24: 66.5% (1290/1940)
[2025-11-18 16:10:43][INFO][Rank 0] - train Epoch 10/24: 67.0% (1300/1940)
[2025-11-18 16:10:50][INFO][Rank 0] - train Epoch 10/24: 67.5% (1310/1940)
[2025-11-18 16:10:57][INFO][Rank 0] - train Epoch 10/24: 68.0% (1320/1940)
[2025-11-18 16:11:04][INFO][Rank 0] - train Epoch 10/24: 68.6% (1330/1940)
[2025-11-18 16:11:11][INFO][Rank 0] - train Epoch 10/24: 69.1% (1340/1940)
[2025-11-18 16:11:18][INFO][Rank 0] - train Epoch 10/24: 69.6% (1350/1940)
[2025-11-18 16:11:19][INFO][Rank 0] - CUDA Memory [train][Step 1350]: Device 0: Allocated: 3309.6 MB, Reserved: 117540.0 MB (Δ: +1687.0 MB)
[2025-11-18 16:11:25][INFO][Rank 0] - train Epoch 10/24: 70.1% (1360/1940)
[2025-11-18 16:11:32][INFO][Rank 0] - train Epoch 10/24: 70.6% (1370/1940)
[2025-11-18 16:11:39][INFO][Rank 0] - train Epoch 10/24: 71.1% (1380/1940)
[2025-11-18 16:11:46][INFO][Rank 0] - train Epoch 10/24: 71.6% (1390/1940)
[2025-11-18 16:11:53][INFO][Rank 0] - train Epoch 10/24: 72.2% (1400/1940)
[2025-11-18 16:12:00][INFO][Rank 0] - train Epoch 10/24: 72.7% (1410/1940)
[2025-11-18 16:12:07][INFO][Rank 0] - train Epoch 10/24: 73.2% (1420/1940)
[2025-11-18 16:12:15][INFO][Rank 0] - train Epoch 10/24: 73.7% (1430/1940)
[2025-11-18 16:12:22][INFO][Rank 0] - train Epoch 10/24: 74.2% (1440/1940)
[2025-11-18 16:12:22][INFO][Rank 0] - CUDA Memory [train][Step 1440]: Device 0: Allocated: 3309.6 MB, Reserved: 117540.0 MB (Δ: +1687.0 MB)
[2025-11-18 16:12:29][INFO][Rank 0] - train Epoch 10/24: 74.7% (1450/1940)
[2025-11-18 16:12:36][INFO][Rank 0] - train Epoch 10/24: 75.3% (1460/1940)
[2025-11-18 16:12:43][INFO][Rank 0] - train Epoch 10/24: 75.8% (1470/1940)
[2025-11-18 16:12:50][INFO][Rank 0] - train Epoch 10/24: 76.3% (1480/1940)
[2025-11-18 16:12:57][INFO][Rank 0] - train Epoch 10/24: 76.8% (1490/1940)
[2025-11-18 16:13:04][INFO][Rank 0] - train Epoch 10/24: 77.3% (1500/1940)
[2025-11-18 16:13:11][INFO][Rank 0] - train Epoch 10/24: 77.8% (1510/1940)
[2025-11-18 16:13:18][INFO][Rank 0] - train Epoch 10/24: 78.4% (1520/1940)
[2025-11-18 16:13:25][INFO][Rank 0] - train Epoch 10/24: 78.9% (1530/1940)
[2025-11-18 16:13:26][INFO][Rank 0] - CUDA Memory [train][Step 1530]: Device 0: Allocated: 3309.6 MB, Reserved: 117540.0 MB (Δ: +1687.0 MB)
[2025-11-18 16:13:32][INFO][Rank 0] - train Epoch 10/24: 79.4% (1540/1940)
[2025-11-18 16:13:39][INFO][Rank 0] - train Epoch 10/24: 79.9% (1550/1940)
[2025-11-18 16:13:46][INFO][Rank 0] - train Epoch 10/24: 80.4% (1560/1940)
[2025-11-18 16:13:54][INFO][Rank 0] - train Epoch 10/24: 80.9% (1570/1940)
[2025-11-18 16:14:01][INFO][Rank 0] - train Epoch 10/24: 81.4% (1580/1940)
[2025-11-18 16:14:08][INFO][Rank 0] - train Epoch 10/24: 82.0% (1590/1940)
[2025-11-18 16:14:15][INFO][Rank 0] - train Epoch 10/24: 82.5% (1600/1940)
[2025-11-18 16:14:22][INFO][Rank 0] - train Epoch 10/24: 83.0% (1610/1940)
[2025-11-18 16:14:29][INFO][Rank 0] - train Epoch 10/24: 83.5% (1620/1940)
[2025-11-18 16:14:30][INFO][Rank 0] - CUDA Memory [train][Step 1620]: Device 0: Allocated: 3309.6 MB, Reserved: 117540.0 MB (Δ: +1687.0 MB)
[2025-11-18 16:14:36][INFO][Rank 0] - train Epoch 10/24: 84.0% (1630/1940)
[2025-11-18 16:14:43][INFO][Rank 0] - train Epoch 10/24: 84.5% (1640/1940)
[2025-11-18 16:14:50][INFO][Rank 0] - train Epoch 10/24: 85.1% (1650/1940)
[2025-11-18 16:14:57][INFO][Rank 0] - train Epoch 10/24: 85.6% (1660/1940)
[2025-11-18 16:15:04][INFO][Rank 0] - train Epoch 10/24: 86.1% (1670/1940)
[2025-11-18 16:15:11][INFO][Rank 0] - train Epoch 10/24: 86.6% (1680/1940)
[2025-11-18 16:15:18][INFO][Rank 0] - train Epoch 10/24: 87.1% (1690/1940)
[2025-11-18 16:15:25][INFO][Rank 0] - train Epoch 10/24: 87.6% (1700/1940)
[2025-11-18 16:15:33][INFO][Rank 0] - train Epoch 10/24: 88.1% (1710/1940)
[2025-11-18 16:15:33][INFO][Rank 0] - CUDA Memory [train][Step 1710]: Device 0: Allocated: 3309.6 MB, Reserved: 117540.0 MB (Δ: +1687.0 MB)
[2025-11-18 16:15:40][INFO][Rank 0] - train Epoch 10/24: 88.7% (1720/1940)
[2025-11-18 16:15:47][INFO][Rank 0] - train Epoch 10/24: 89.2% (1730/1940)
[2025-11-18 16:15:54][INFO][Rank 0] - train Epoch 10/24: 89.7% (1740/1940)
[2025-11-18 16:16:01][INFO][Rank 0] - train Epoch 10/24: 90.2% (1750/1940)
[2025-11-18 16:16:08][INFO][Rank 0] - train Epoch 10/24: 90.7% (1760/1940)
[2025-11-18 16:16:15][INFO][Rank 0] - train Epoch 10/24: 91.2% (1770/1940)
[2025-11-18 16:16:22][INFO][Rank 0] - train Epoch 10/24: 91.8% (1780/1940)
[2025-11-18 16:16:29][INFO][Rank 0] - train Epoch 10/24: 92.3% (1790/1940)
[2025-11-18 16:16:36][INFO][Rank 0] - train Epoch 10/24: 92.8% (1800/1940)
[2025-11-18 16:16:37][INFO][Rank 0] - CUDA Memory [train][Step 1800]: Device 0: Allocated: 3309.6 MB, Reserved: 117540.0 MB (Δ: +1687.0 MB)
[2025-11-18 16:16:43][INFO][Rank 0] - train Epoch 10/24: 93.3% (1810/1940)
[2025-11-18 16:16:50][INFO][Rank 0] - train Epoch 10/24: 93.8% (1820/1940)
[2025-11-18 16:16:57][INFO][Rank 0] - train Epoch 10/24: 94.3% (1830/1940)
[2025-11-18 16:17:04][INFO][Rank 0] - train Epoch 10/24: 94.8% (1840/1940)
[2025-11-18 16:17:12][INFO][Rank 0] - train Epoch 10/24: 95.4% (1850/1940)
[2025-11-18 16:17:19][INFO][Rank 0] - train Epoch 10/24: 95.9% (1860/1940)
[2025-11-18 16:17:26][INFO][Rank 0] - train Epoch 10/24: 96.4% (1870/1940)
[2025-11-18 16:17:33][INFO][Rank 0] - train Epoch 10/24: 96.9% (1880/1940)
[2025-11-18 16:17:40][INFO][Rank 0] - train Epoch 10/24: 97.4% (1890/1940)
[2025-11-18 16:17:41][INFO][Rank 0] - CUDA Memory [train][Step 1890]: Device 0: Allocated: 3309.6 MB, Reserved: 117540.0 MB (Δ: +1687.0 MB)
[2025-11-18 16:17:47][INFO][Rank 0] - train Epoch 10/24: 97.9% (1900/1940)
[2025-11-18 16:17:54][INFO][Rank 0] - train Epoch 10/24: 98.5% (1910/1940)
[2025-11-18 16:18:01][INFO][Rank 0] - train Epoch 10/24: 99.0% (1920/1940)
[2025-11-18 16:18:08][INFO][Rank 0] - train Epoch 10/24: 99.5% (1930/1940)
[2025-11-18 16:18:14][INFO][Rank 0] - train Epoch 10/24: 99.9% (1939/1940)
[2025-11-18 16:18:15][INFO][Rank 0] - train Loss: 0.1585 Acc: 0.9712 F1: 0.9851
[2025-11-18 16:18:15][INFO][Rank 0] - train Balanced Acc: 0.8866 AUC-ROC: 0.9678
[2025-11-18 16:18:15][INFO][Rank 0] - train Sensitivity: 0.9760 Specificity: 0.7973
[2025-11-18 16:18:15][INFO][Rank 0] - train Confusion Matrix: TP=18433, FP=104, FN=454, TN=409
[2025-11-18 16:18:15][INFO][Rank 0] - train completed in 1372.15s
[2025-11-18 16:18:15][INFO][Rank 0] - Data loading time: 1.03s, Forward time: 279.10s, Backward time: 743.32s
[2025-11-18 16:18:15][INFO][Rank 0] - train cache: 0/1 items, hit rate: 0.00%
[2025-11-18 16:18:15][INFO][Rank 0] - CUDA Memory [val][Step 0]: Device 0: Allocated: 3309.6 MB, Reserved: 117540.0 MB (Δ: +1687.0 MB)
[2025-11-18 16:18:15][INFO][Rank 0] - val phase: total 407 batches
[2025-11-18 16:18:15][INFO][Rank 0] - val Epoch 10/24: 0.0% (0/407)
[2025-11-18 16:18:20][INFO][Rank 0] - val Epoch 10/24: 2.5% (10/407)
[2025-11-18 16:18:25][INFO][Rank 0] - val Epoch 10/24: 4.9% (20/407)
[2025-11-18 16:18:30][INFO][Rank 0] - val Epoch 10/24: 7.4% (30/407)
[2025-11-18 16:18:35][INFO][Rank 0] - val Epoch 10/24: 9.8% (40/407)
[2025-11-18 16:18:40][INFO][Rank 0] - val Epoch 10/24: 12.3% (50/407)
[2025-11-18 16:18:45][INFO][Rank 0] - val Epoch 10/24: 14.7% (60/407)
[2025-11-18 16:18:50][INFO][Rank 0] - val Epoch 10/24: 17.2% (70/407)
[2025-11-18 16:18:55][INFO][Rank 0] - val Epoch 10/24: 19.7% (80/407)
[2025-11-18 16:19:00][INFO][Rank 0] - val Epoch 10/24: 22.1% (90/407)
[2025-11-18 16:19:05][INFO][Rank 0] - val Epoch 10/24: 24.6% (100/407)
[2025-11-18 16:19:10][INFO][Rank 0] - val Epoch 10/24: 27.0% (110/407)
[2025-11-18 16:19:15][INFO][Rank 0] - val Epoch 10/24: 29.5% (120/407)
[2025-11-18 16:19:15][INFO][Rank 0] - CUDA Memory [val][Step 120]: Device 0: Allocated: 3309.6 MB, Reserved: 117540.0 MB (Δ: +1687.0 MB)
[2025-11-18 16:19:20][INFO][Rank 0] - val Epoch 10/24: 31.9% (130/407)
[2025-11-18 16:19:25][INFO][Rank 0] - val Epoch 10/24: 34.4% (140/407)
[2025-11-18 16:19:30][INFO][Rank 0] - val Epoch 10/24: 36.9% (150/407)
[2025-11-18 16:19:35][INFO][Rank 0] - val Epoch 10/24: 39.3% (160/407)
[2025-11-18 16:19:40][INFO][Rank 0] - val Epoch 10/24: 41.8% (170/407)
[2025-11-18 16:19:45][INFO][Rank 0] - val Epoch 10/24: 44.2% (180/407)
[2025-11-18 16:19:50][INFO][Rank 0] - val Epoch 10/24: 46.7% (190/407)
[2025-11-18 16:19:55][INFO][Rank 0] - val Epoch 10/24: 49.1% (200/407)
[2025-11-18 16:20:00][INFO][Rank 0] - val Epoch 10/24: 51.6% (210/407)
[2025-11-18 16:20:05][INFO][Rank 0] - val Epoch 10/24: 54.1% (220/407)
[2025-11-18 16:20:09][INFO][Rank 0] - val Epoch 10/24: 56.5% (230/407)
[2025-11-18 16:20:14][INFO][Rank 0] - val Epoch 10/24: 59.0% (240/407)
[2025-11-18 16:20:19][INFO][Rank 0] - val Epoch 10/24: 61.4% (250/407)
[2025-11-18 16:20:24][INFO][Rank 0] - val Epoch 10/24: 63.9% (260/407)
[2025-11-18 16:20:29][INFO][Rank 0] - val Epoch 10/24: 66.3% (270/407)
[2025-11-18 16:20:30][INFO][Rank 0] - CUDA Memory [val][Step 270]: Device 0: Allocated: 3309.6 MB, Reserved: 117540.0 MB (Δ: +1687.0 MB)
[2025-11-18 16:20:34][INFO][Rank 0] - val Epoch 10/24: 68.8% (280/407)
[2025-11-18 16:20:39][INFO][Rank 0] - val Epoch 10/24: 71.3% (290/407)
[2025-11-18 16:20:44][INFO][Rank 0] - val Epoch 10/24: 73.7% (300/407)
[2025-11-18 16:20:49][INFO][Rank 0] - val Epoch 10/24: 76.2% (310/407)
[2025-11-18 16:20:54][INFO][Rank 0] - val Epoch 10/24: 78.6% (320/407)
[2025-11-18 16:20:59][INFO][Rank 0] - val Epoch 10/24: 81.1% (330/407)
[2025-11-18 16:21:04][INFO][Rank 0] - val Epoch 10/24: 83.5% (340/407)
[2025-11-18 16:21:09][INFO][Rank 0] - val Epoch 10/24: 86.0% (350/407)
[2025-11-18 16:21:14][INFO][Rank 0] - val Epoch 10/24: 88.5% (360/407)
[2025-11-18 16:21:19][INFO][Rank 0] - val Epoch 10/24: 90.9% (370/407)
[2025-11-18 16:21:24][INFO][Rank 0] - val Epoch 10/24: 93.4% (380/407)
[2025-11-18 16:21:29][INFO][Rank 0] - val Epoch 10/24: 95.8% (390/407)
[2025-11-18 16:21:34][INFO][Rank 0] - val Epoch 10/24: 98.3% (400/407)
[2025-11-18 16:21:37][INFO][Rank 0] - val Epoch 10/24: 99.8% (406/407)
[2025-11-18 16:21:37][INFO][Rank 0] - val Loss: 0.0927 Acc: 0.9730 F1: 0.9860
[2025-11-18 16:21:37][INFO][Rank 0] - val Balanced Acc: 0.9122 AUC-ROC: 0.9836
[2025-11-18 16:21:37][INFO][Rank 0] - val Sensitivity: 0.9757 Specificity: 0.8488
[2025-11-18 16:21:37][INFO][Rank 0] - val Confusion Matrix: TP=3887, FP=13, FN=97, TN=73
[2025-11-18 16:21:37][INFO][Rank 0] - val completed in 202.06s
[2025-11-18 16:21:37][INFO][Rank 0] - val cache: 0/1 items, hit rate: 0.00%
[2025-11-18 16:21:41][INFO][Rank 0] - Saved new best balanced_acc model with balanced_acc: 0.9122 at /projects/retprogression/rgarridogarcia/checkpoints/cropped1024_cropped_centered_allR_1/best_balanced_acc_model.pth
[2025-11-18 16:21:45][INFO][Rank 0] - Also saved as general best model at /projects/retprogression/rgarridogarcia/checkpoints/cropped1024_cropped_centered_allR_1/best_model.pth
[2025-11-18 16:21:49][INFO][Rank 0] - Saved new best auc model with auc: 0.9836 at /projects/retprogression/rgarridogarcia/checkpoints/cropped1024_cropped_centered_allR_1/best_auc_model.pth
[2025-11-18 16:21:52][INFO][Rank 0] - Saved epoch checkpoint at /projects/retprogression/rgarridogarcia/checkpoints/cropped1024_cropped_centered_allR_1/epoch_10.pth
[2025-11-18 16:21:52][INFO][Rank 0] - Epoch 10 summary:
[2025-11-18 16:21:52][INFO][Rank 0] -  Train Loss: 0.1585, Train Acc: 0.9712, Train F1: 0.9851
[2025-11-18 16:21:52][INFO][Rank 0] -  Train Balanced Acc: 0.8866, Train AUC: 0.9678
[2025-11-18 16:21:52][INFO][Rank 0] -  Train Sensitivity: 0.9760, Train Specificity: 0.7973
[2025-11-18 16:21:52][INFO][Rank 0] -  Val Loss: 0.0927, Val Acc: 0.9730, Val F1: 0.9860
[2025-11-18 16:21:52][INFO][Rank 0] -  Val Balanced Acc: 0.9122, Val AUC: 0.9836
[2025-11-18 16:21:52][INFO][Rank 0] -  Val Sensitivity: 0.9757, Val Specificity: 0.8488
[2025-11-18 16:21:52][INFO][Rank 0] -  Total Epoch Time: 1589.22s
[2025-11-18 16:21:52][INFO][Rank 0] - Epoch 11/24
[2025-11-18 16:21:52][INFO][Rank 0] - ----------
[2025-11-18 16:21:52][INFO][Rank 0] - CUDA Memory [train][Step 0]: Device 0: Allocated: 3309.6 MB, Reserved: 117540.0 MB (Δ: +1687.0 MB)
[2025-11-18 16:21:52][INFO][Rank 0] - train phase: total 1940 batches
[2025-11-18 16:21:53][INFO][Rank 0] - train Epoch 11/24: 0.0% (0/1940)
[2025-11-18 16:22:00][INFO][Rank 0] - train Epoch 11/24: 0.5% (10/1940)
[2025-11-18 16:22:07][INFO][Rank 0] - train Epoch 11/24: 1.0% (20/1940)
[2025-11-18 16:22:14][INFO][Rank 0] - train Epoch 11/24: 1.5% (30/1940)
[2025-11-18 16:22:21][INFO][Rank 0] - train Epoch 11/24: 2.1% (40/1940)
[2025-11-18 16:22:28][INFO][Rank 0] - train Epoch 11/24: 2.6% (50/1940)
[2025-11-18 16:22:35][INFO][Rank 0] - train Epoch 11/24: 3.1% (60/1940)
[2025-11-18 16:22:42][INFO][Rank 0] - train Epoch 11/24: 3.6% (70/1940)
[2025-11-18 16:22:49][INFO][Rank 0] - train Epoch 11/24: 4.1% (80/1940)
[2025-11-18 16:22:56][INFO][Rank 0] - train Epoch 11/24: 4.6% (90/1940)
[2025-11-18 16:22:57][INFO][Rank 0] - CUDA Memory [train][Step 90]: Device 0: Allocated: 3309.6 MB, Reserved: 117540.0 MB (Δ: +1687.0 MB)
[2025-11-18 16:23:04][INFO][Rank 0] - train Epoch 11/24: 5.2% (100/1940)
[2025-11-18 16:23:11][INFO][Rank 0] - train Epoch 11/24: 5.7% (110/1940)
[2025-11-18 16:23:18][INFO][Rank 0] - train Epoch 11/24: 6.2% (120/1940)
[2025-11-18 16:23:25][INFO][Rank 0] - train Epoch 11/24: 6.7% (130/1940)
[2025-11-18 16:23:32][INFO][Rank 0] - train Epoch 11/24: 7.2% (140/1940)
[2025-11-18 16:23:39][INFO][Rank 0] - train Epoch 11/24: 7.7% (150/1940)
[2025-11-18 16:23:46][INFO][Rank 0] - train Epoch 11/24: 8.2% (160/1940)
[2025-11-18 16:23:53][INFO][Rank 0] - train Epoch 11/24: 8.8% (170/1940)
[2025-11-18 16:24:00][INFO][Rank 0] - train Epoch 11/24: 9.3% (180/1940)
[2025-11-18 16:24:01][INFO][Rank 0] - CUDA Memory [train][Step 180]: Device 0: Allocated: 3309.6 MB, Reserved: 117540.0 MB (Δ: +1687.0 MB)
[2025-11-18 16:24:07][INFO][Rank 0] - train Epoch 11/24: 9.8% (190/1940)
[2025-11-18 16:24:14][INFO][Rank 0] - train Epoch 11/24: 10.3% (200/1940)
[2025-11-18 16:24:21][INFO][Rank 0] - train Epoch 11/24: 10.8% (210/1940)
[2025-11-18 16:24:28][INFO][Rank 0] - train Epoch 11/24: 11.3% (220/1940)
[2025-11-18 16:24:35][INFO][Rank 0] - train Epoch 11/24: 11.9% (230/1940)
[2025-11-18 16:24:43][INFO][Rank 0] - train Epoch 11/24: 12.4% (240/1940)
[2025-11-18 16:24:50][INFO][Rank 0] - train Epoch 11/24: 12.9% (250/1940)
[2025-11-18 16:24:57][INFO][Rank 0] - train Epoch 11/24: 13.4% (260/1940)
[2025-11-18 16:25:04][INFO][Rank 0] - train Epoch 11/24: 13.9% (270/1940)
[2025-11-18 16:25:04][INFO][Rank 0] - CUDA Memory [train][Step 270]: Device 0: Allocated: 3309.6 MB, Reserved: 117540.0 MB (Δ: +1687.0 MB)
[2025-11-18 16:25:11][INFO][Rank 0] - train Epoch 11/24: 14.4% (280/1940)
[2025-11-18 16:25:18][INFO][Rank 0] - train Epoch 11/24: 14.9% (290/1940)
[2025-11-18 16:25:25][INFO][Rank 0] - train Epoch 11/24: 15.5% (300/1940)
[2025-11-18 16:25:32][INFO][Rank 0] - train Epoch 11/24: 16.0% (310/1940)
[2025-11-18 16:25:39][INFO][Rank 0] - train Epoch 11/24: 16.5% (320/1940)
[2025-11-18 16:25:46][INFO][Rank 0] - train Epoch 11/24: 17.0% (330/1940)
[2025-11-18 16:25:53][INFO][Rank 0] - train Epoch 11/24: 17.5% (340/1940)
[2025-11-18 16:26:00][INFO][Rank 0] - train Epoch 11/24: 18.0% (350/1940)
[2025-11-18 16:26:07][INFO][Rank 0] - train Epoch 11/24: 18.6% (360/1940)
[2025-11-18 16:26:08][INFO][Rank 0] - CUDA Memory [train][Step 360]: Device 0: Allocated: 3309.6 MB, Reserved: 117540.0 MB (Δ: +1687.0 MB)
[2025-11-18 16:26:14][INFO][Rank 0] - train Epoch 11/24: 19.1% (370/1940)
[2025-11-18 16:26:22][INFO][Rank 0] - train Epoch 11/24: 19.6% (380/1940)
[2025-11-18 16:26:29][INFO][Rank 0] - train Epoch 11/24: 20.1% (390/1940)
[2025-11-18 16:26:36][INFO][Rank 0] - train Epoch 11/24: 20.6% (400/1940)
[2025-11-18 16:26:43][INFO][Rank 0] - train Epoch 11/24: 21.1% (410/1940)
[2025-11-18 16:26:50][INFO][Rank 0] - train Epoch 11/24: 21.6% (420/1940)
[2025-11-18 16:26:57][INFO][Rank 0] - train Epoch 11/24: 22.2% (430/1940)
[2025-11-18 16:27:04][INFO][Rank 0] - train Epoch 11/24: 22.7% (440/1940)
[2025-11-18 16:27:11][INFO][Rank 0] - train Epoch 11/24: 23.2% (450/1940)
[2025-11-18 16:27:12][INFO][Rank 0] - CUDA Memory [train][Step 450]: Device 0: Allocated: 3309.6 MB, Reserved: 117540.0 MB (Δ: +1687.0 MB)
[2025-11-18 16:27:18][INFO][Rank 0] - train Epoch 11/24: 23.7% (460/1940)
[2025-11-18 16:27:25][INFO][Rank 0] - train Epoch 11/24: 24.2% (470/1940)
[2025-11-18 16:27:32][INFO][Rank 0] - train Epoch 11/24: 24.7% (480/1940)
[2025-11-18 16:27:39][INFO][Rank 0] - train Epoch 11/24: 25.3% (490/1940)
[2025-11-18 16:27:46][INFO][Rank 0] - train Epoch 11/24: 25.8% (500/1940)
[2025-11-18 16:27:53][INFO][Rank 0] - train Epoch 11/24: 26.3% (510/1940)
[2025-11-18 16:28:00][INFO][Rank 0] - train Epoch 11/24: 26.8% (520/1940)
[2025-11-18 16:28:08][INFO][Rank 0] - train Epoch 11/24: 27.3% (530/1940)
[2025-11-18 16:28:15][INFO][Rank 0] - train Epoch 11/24: 27.8% (540/1940)
[2025-11-18 16:28:15][INFO][Rank 0] - CUDA Memory [train][Step 540]: Device 0: Allocated: 3309.6 MB, Reserved: 117540.0 MB (Δ: +1687.0 MB)
[2025-11-18 16:28:22][INFO][Rank 0] - train Epoch 11/24: 28.4% (550/1940)
[2025-11-18 16:28:29][INFO][Rank 0] - train Epoch 11/24: 28.9% (560/1940)
[2025-11-18 16:28:36][INFO][Rank 0] - train Epoch 11/24: 29.4% (570/1940)
[2025-11-18 16:28:43][INFO][Rank 0] - train Epoch 11/24: 29.9% (580/1940)
[2025-11-18 16:28:50][INFO][Rank 0] - train Epoch 11/24: 30.4% (590/1940)
[2025-11-18 16:28:57][INFO][Rank 0] - train Epoch 11/24: 30.9% (600/1940)
[2025-11-18 16:29:04][INFO][Rank 0] - train Epoch 11/24: 31.4% (610/1940)
[2025-11-18 16:29:11][INFO][Rank 0] - train Epoch 11/24: 32.0% (620/1940)
[2025-11-18 16:29:18][INFO][Rank 0] - train Epoch 11/24: 32.5% (630/1940)
[2025-11-18 16:29:19][INFO][Rank 0] - CUDA Memory [train][Step 630]: Device 0: Allocated: 3309.6 MB, Reserved: 117540.0 MB (Δ: +1687.0 MB)
[2025-11-18 16:29:25][INFO][Rank 0] - train Epoch 11/24: 33.0% (640/1940)
[2025-11-18 16:29:32][INFO][Rank 0] - train Epoch 11/24: 33.5% (650/1940)
[2025-11-18 16:29:40][INFO][Rank 0] - train Epoch 11/24: 34.0% (660/1940)
[2025-11-18 16:29:47][INFO][Rank 0] - train Epoch 11/24: 34.5% (670/1940)
[2025-11-18 16:29:54][INFO][Rank 0] - train Epoch 11/24: 35.1% (680/1940)
[2025-11-18 16:30:01][INFO][Rank 0] - train Epoch 11/24: 35.6% (690/1940)
[2025-11-18 16:30:08][INFO][Rank 0] - train Epoch 11/24: 36.1% (700/1940)
[2025-11-18 16:30:15][INFO][Rank 0] - train Epoch 11/24: 36.6% (710/1940)
[2025-11-18 16:30:22][INFO][Rank 0] - train Epoch 11/24: 37.1% (720/1940)
[2025-11-18 16:30:23][INFO][Rank 0] - CUDA Memory [train][Step 720]: Device 0: Allocated: 3309.6 MB, Reserved: 117540.0 MB (Δ: +1687.0 MB)
[2025-11-18 16:30:29][INFO][Rank 0] - train Epoch 11/24: 37.6% (730/1940)
[2025-11-18 16:30:36][INFO][Rank 0] - train Epoch 11/24: 38.1% (740/1940)
[2025-11-18 16:30:43][INFO][Rank 0] - train Epoch 11/24: 38.7% (750/1940)
[2025-11-18 16:30:50][INFO][Rank 0] - train Epoch 11/24: 39.2% (760/1940)
[2025-11-18 16:30:57][INFO][Rank 0] - train Epoch 11/24: 39.7% (770/1940)
[2025-11-18 16:31:04][INFO][Rank 0] - train Epoch 11/24: 40.2% (780/1940)
[2025-11-18 16:31:11][INFO][Rank 0] - train Epoch 11/24: 40.7% (790/1940)
[2025-11-18 16:31:19][INFO][Rank 0] - train Epoch 11/24: 41.2% (800/1940)
[2025-11-18 16:31:26][INFO][Rank 0] - train Epoch 11/24: 41.8% (810/1940)
[2025-11-18 16:31:26][INFO][Rank 0] - CUDA Memory [train][Step 810]: Device 0: Allocated: 3309.6 MB, Reserved: 117540.0 MB (Δ: +1687.0 MB)
[2025-11-18 16:31:33][INFO][Rank 0] - train Epoch 11/24: 42.3% (820/1940)
[2025-11-18 16:31:40][INFO][Rank 0] - train Epoch 11/24: 42.8% (830/1940)
[2025-11-18 16:31:47][INFO][Rank 0] - train Epoch 11/24: 43.3% (840/1940)
[2025-11-18 16:31:54][INFO][Rank 0] - train Epoch 11/24: 43.8% (850/1940)
[2025-11-18 16:32:01][INFO][Rank 0] - train Epoch 11/24: 44.3% (860/1940)
[2025-11-18 16:32:08][INFO][Rank 0] - train Epoch 11/24: 44.8% (870/1940)
[2025-11-18 16:32:15][INFO][Rank 0] - train Epoch 11/24: 45.4% (880/1940)
[2025-11-18 16:32:22][INFO][Rank 0] - train Epoch 11/24: 45.9% (890/1940)
[2025-11-18 16:32:29][INFO][Rank 0] - train Epoch 11/24: 46.4% (900/1940)
[2025-11-18 16:32:30][INFO][Rank 0] - CUDA Memory [train][Step 900]: Device 0: Allocated: 3309.6 MB, Reserved: 117540.0 MB (Δ: +1687.0 MB)
[2025-11-18 16:32:36][INFO][Rank 0] - train Epoch 11/24: 46.9% (910/1940)
[2025-11-18 16:32:43][INFO][Rank 0] - train Epoch 11/24: 47.4% (920/1940)
[2025-11-18 16:32:50][INFO][Rank 0] - train Epoch 11/24: 47.9% (930/1940)
[2025-11-18 16:32:57][INFO][Rank 0] - train Epoch 11/24: 48.5% (940/1940)
[2025-11-18 16:33:05][INFO][Rank 0] - train Epoch 11/24: 49.0% (950/1940)
[2025-11-18 16:33:12][INFO][Rank 0] - train Epoch 11/24: 49.5% (960/1940)
[2025-11-18 16:33:19][INFO][Rank 0] - train Epoch 11/24: 50.0% (970/1940)
[2025-11-18 16:33:26][INFO][Rank 0] - train Epoch 11/24: 50.5% (980/1940)
[2025-11-18 16:33:33][INFO][Rank 0] - train Epoch 11/24: 51.0% (990/1940)
[2025-11-18 16:33:34][INFO][Rank 0] - CUDA Memory [train][Step 990]: Device 0: Allocated: 3309.6 MB, Reserved: 117540.0 MB (Δ: +1687.0 MB)
[2025-11-18 16:33:40][INFO][Rank 0] - train Epoch 11/24: 51.5% (1000/1940)
[2025-11-18 16:33:47][INFO][Rank 0] - train Epoch 11/24: 52.1% (1010/1940)
[2025-11-18 16:33:54][INFO][Rank 0] - train Epoch 11/24: 52.6% (1020/1940)
[2025-11-18 16:34:01][INFO][Rank 0] - train Epoch 11/24: 53.1% (1030/1940)
[2025-11-18 16:34:08][INFO][Rank 0] - train Epoch 11/24: 53.6% (1040/1940)
[2025-11-18 16:34:15][INFO][Rank 0] - train Epoch 11/24: 54.1% (1050/1940)
[2025-11-18 16:34:22][INFO][Rank 0] - train Epoch 11/24: 54.6% (1060/1940)
[2025-11-18 16:34:29][INFO][Rank 0] - train Epoch 11/24: 55.2% (1070/1940)
[2025-11-18 16:34:36][INFO][Rank 0] - train Epoch 11/24: 55.7% (1080/1940)
[2025-11-18 16:34:37][INFO][Rank 0] - CUDA Memory [train][Step 1080]: Device 0: Allocated: 3309.6 MB, Reserved: 117540.0 MB (Δ: +1687.0 MB)
[2025-11-18 16:34:44][INFO][Rank 0] - train Epoch 11/24: 56.2% (1090/1940)
[2025-11-18 16:34:51][INFO][Rank 0] - train Epoch 11/24: 56.7% (1100/1940)
[2025-11-18 16:34:58][INFO][Rank 0] - train Epoch 11/24: 57.2% (1110/1940)
[2025-11-18 16:35:05][INFO][Rank 0] - train Epoch 11/24: 57.7% (1120/1940)
[2025-11-18 16:35:12][INFO][Rank 0] - train Epoch 11/24: 58.2% (1130/1940)
[2025-11-18 16:35:19][INFO][Rank 0] - train Epoch 11/24: 58.8% (1140/1940)
[2025-11-18 16:35:26][INFO][Rank 0] - train Epoch 11/24: 59.3% (1150/1940)
[2025-11-18 16:35:33][INFO][Rank 0] - train Epoch 11/24: 59.8% (1160/1940)
[2025-11-18 16:35:40][INFO][Rank 0] - train Epoch 11/24: 60.3% (1170/1940)
[2025-11-18 16:35:41][INFO][Rank 0] - CUDA Memory [train][Step 1170]: Device 0: Allocated: 3309.6 MB, Reserved: 117540.0 MB (Δ: +1687.0 MB)
[2025-11-18 16:35:47][INFO][Rank 0] - train Epoch 11/24: 60.8% (1180/1940)
[2025-11-18 16:35:54][INFO][Rank 0] - train Epoch 11/24: 61.3% (1190/1940)
[2025-11-18 16:36:01][INFO][Rank 0] - train Epoch 11/24: 61.9% (1200/1940)
[2025-11-18 16:36:08][INFO][Rank 0] - train Epoch 11/24: 62.4% (1210/1940)
[2025-11-18 16:36:15][INFO][Rank 0] - train Epoch 11/24: 62.9% (1220/1940)
[2025-11-18 16:36:23][INFO][Rank 0] - train Epoch 11/24: 63.4% (1230/1940)
[2025-11-18 16:36:30][INFO][Rank 0] - train Epoch 11/24: 63.9% (1240/1940)
[2025-11-18 16:36:37][INFO][Rank 0] - train Epoch 11/24: 64.4% (1250/1940)
[2025-11-18 16:36:44][INFO][Rank 0] - train Epoch 11/24: 64.9% (1260/1940)
[2025-11-18 16:36:44][INFO][Rank 0] - CUDA Memory [train][Step 1260]: Device 0: Allocated: 3309.6 MB, Reserved: 117540.0 MB (Δ: +1687.0 MB)
[2025-11-18 16:36:51][INFO][Rank 0] - train Epoch 11/24: 65.5% (1270/1940)
[2025-11-18 16:36:58][INFO][Rank 0] - train Epoch 11/24: 66.0% (1280/1940)
[2025-11-18 16:37:05][INFO][Rank 0] - train Epoch 11/24: 66.5% (1290/1940)
[2025-11-18 16:37:12][INFO][Rank 0] - train Epoch 11/24: 67.0% (1300/1940)
[2025-11-18 16:37:19][INFO][Rank 0] - train Epoch 11/24: 67.5% (1310/1940)
[2025-11-18 16:37:26][INFO][Rank 0] - train Epoch 11/24: 68.0% (1320/1940)
[2025-11-18 16:37:33][INFO][Rank 0] - train Epoch 11/24: 68.6% (1330/1940)
[2025-11-18 16:37:40][INFO][Rank 0] - train Epoch 11/24: 69.1% (1340/1940)
[2025-11-18 16:37:47][INFO][Rank 0] - train Epoch 11/24: 69.6% (1350/1940)
[2025-11-18 16:37:48][INFO][Rank 0] - CUDA Memory [train][Step 1350]: Device 0: Allocated: 3309.6 MB, Reserved: 117540.0 MB (Δ: +1687.0 MB)
[2025-11-18 16:37:54][INFO][Rank 0] - train Epoch 11/24: 70.1% (1360/1940)
[2025-11-18 16:38:02][INFO][Rank 0] - train Epoch 11/24: 70.6% (1370/1940)
[2025-11-18 16:38:09][INFO][Rank 0] - train Epoch 11/24: 71.1% (1380/1940)
[2025-11-18 16:38:16][INFO][Rank 0] - train Epoch 11/24: 71.6% (1390/1940)
[2025-11-18 16:38:23][INFO][Rank 0] - train Epoch 11/24: 72.2% (1400/1940)
[2025-11-18 16:38:30][INFO][Rank 0] - train Epoch 11/24: 72.7% (1410/1940)
[2025-11-18 16:38:37][INFO][Rank 0] - train Epoch 11/24: 73.2% (1420/1940)
[2025-11-18 16:38:44][INFO][Rank 0] - train Epoch 11/24: 73.7% (1430/1940)
[2025-11-18 16:38:51][INFO][Rank 0] - train Epoch 11/24: 74.2% (1440/1940)
[2025-11-18 16:38:52][INFO][Rank 0] - CUDA Memory [train][Step 1440]: Device 0: Allocated: 3309.6 MB, Reserved: 117540.0 MB (Δ: +1687.0 MB)
[2025-11-18 16:38:58][INFO][Rank 0] - train Epoch 11/24: 74.7% (1450/1940)
[2025-11-18 16:39:05][INFO][Rank 0] - train Epoch 11/24: 75.3% (1460/1940)
[2025-11-18 16:39:12][INFO][Rank 0] - train Epoch 11/24: 75.8% (1470/1940)
[2025-11-18 16:39:19][INFO][Rank 0] - train Epoch 11/24: 76.3% (1480/1940)
[2025-11-18 16:39:26][INFO][Rank 0] - train Epoch 11/24: 76.8% (1490/1940)
[2025-11-18 16:39:33][INFO][Rank 0] - train Epoch 11/24: 77.3% (1500/1940)
[2025-11-18 16:39:41][INFO][Rank 0] - train Epoch 11/24: 77.8% (1510/1940)
[2025-11-18 16:39:48][INFO][Rank 0] - train Epoch 11/24: 78.4% (1520/1940)
[2025-11-18 16:39:55][INFO][Rank 0] - train Epoch 11/24: 78.9% (1530/1940)
[2025-11-18 16:39:55][INFO][Rank 0] - CUDA Memory [train][Step 1530]: Device 0: Allocated: 3309.6 MB, Reserved: 117540.0 MB (Δ: +1687.0 MB)
[2025-11-18 16:40:02][INFO][Rank 0] - train Epoch 11/24: 79.4% (1540/1940)
[2025-11-18 16:40:09][INFO][Rank 0] - train Epoch 11/24: 79.9% (1550/1940)
[2025-11-18 16:40:16][INFO][Rank 0] - train Epoch 11/24: 80.4% (1560/1940)
[2025-11-18 16:40:23][INFO][Rank 0] - train Epoch 11/24: 80.9% (1570/1940)
[2025-11-18 16:40:30][INFO][Rank 0] - train Epoch 11/24: 81.4% (1580/1940)
[2025-11-18 16:40:37][INFO][Rank 0] - train Epoch 11/24: 82.0% (1590/1940)
[2025-11-18 16:40:44][INFO][Rank 0] - train Epoch 11/24: 82.5% (1600/1940)
[2025-11-18 16:40:51][INFO][Rank 0] - train Epoch 11/24: 83.0% (1610/1940)
[2025-11-18 16:40:58][INFO][Rank 0] - train Epoch 11/24: 83.5% (1620/1940)
[2025-11-18 16:40:59][INFO][Rank 0] - CUDA Memory [train][Step 1620]: Device 0: Allocated: 3309.6 MB, Reserved: 117540.0 MB (Δ: +1687.0 MB)
[2025-11-18 16:41:05][INFO][Rank 0] - train Epoch 11/24: 84.0% (1630/1940)
[2025-11-18 16:41:12][INFO][Rank 0] - train Epoch 11/24: 84.5% (1640/1940)
[2025-11-18 16:41:19][INFO][Rank 0] - train Epoch 11/24: 85.1% (1650/1940)
[2025-11-18 16:41:27][INFO][Rank 0] - train Epoch 11/24: 85.6% (1660/1940)
[2025-11-18 16:41:34][INFO][Rank 0] - train Epoch 11/24: 86.1% (1670/1940)
[2025-11-18 16:41:41][INFO][Rank 0] - train Epoch 11/24: 86.6% (1680/1940)
[2025-11-18 16:41:48][INFO][Rank 0] - train Epoch 11/24: 87.1% (1690/1940)
[2025-11-18 16:41:55][INFO][Rank 0] - train Epoch 11/24: 87.6% (1700/1940)
[2025-11-18 16:42:02][INFO][Rank 0] - train Epoch 11/24: 88.1% (1710/1940)
[2025-11-18 16:42:03][INFO][Rank 0] - CUDA Memory [train][Step 1710]: Device 0: Allocated: 3309.6 MB, Reserved: 117540.0 MB (Δ: +1687.0 MB)
[2025-11-18 16:42:09][INFO][Rank 0] - train Epoch 11/24: 88.7% (1720/1940)
[2025-11-18 16:42:16][INFO][Rank 0] - train Epoch 11/24: 89.2% (1730/1940)
[2025-11-18 16:42:23][INFO][Rank 0] - train Epoch 11/24: 89.7% (1740/1940)
[2025-11-18 16:42:30][INFO][Rank 0] - train Epoch 11/24: 90.2% (1750/1940)
[2025-11-18 16:42:37][INFO][Rank 0] - train Epoch 11/24: 90.7% (1760/1940)
[2025-11-18 16:42:44][INFO][Rank 0] - train Epoch 11/24: 91.2% (1770/1940)
[2025-11-18 16:42:51][INFO][Rank 0] - train Epoch 11/24: 91.8% (1780/1940)
[2025-11-18 16:42:58][INFO][Rank 0] - train Epoch 11/24: 92.3% (1790/1940)
[2025-11-18 16:43:06][INFO][Rank 0] - train Epoch 11/24: 92.8% (1800/1940)
[2025-11-18 16:43:06][INFO][Rank 0] - CUDA Memory [train][Step 1800]: Device 0: Allocated: 3309.6 MB, Reserved: 117540.0 MB (Δ: +1687.0 MB)
[2025-11-18 16:43:13][INFO][Rank 0] - train Epoch 11/24: 93.3% (1810/1940)
[2025-11-18 16:43:20][INFO][Rank 0] - train Epoch 11/24: 93.8% (1820/1940)
[2025-11-18 16:43:27][INFO][Rank 0] - train Epoch 11/24: 94.3% (1830/1940)
[2025-11-18 16:43:34][INFO][Rank 0] - train Epoch 11/24: 94.8% (1840/1940)
[2025-11-18 16:43:41][INFO][Rank 0] - train Epoch 11/24: 95.4% (1850/1940)
[2025-11-18 16:43:48][INFO][Rank 0] - train Epoch 11/24: 95.9% (1860/1940)
[2025-11-18 16:43:55][INFO][Rank 0] - train Epoch 11/24: 96.4% (1870/1940)
[2025-11-18 16:44:02][INFO][Rank 0] - train Epoch 11/24: 96.9% (1880/1940)
[2025-11-18 16:44:09][INFO][Rank 0] - train Epoch 11/24: 97.4% (1890/1940)
[2025-11-18 16:44:10][INFO][Rank 0] - CUDA Memory [train][Step 1890]: Device 0: Allocated: 3309.6 MB, Reserved: 117540.0 MB (Δ: +1687.0 MB)
[2025-11-18 16:44:16][INFO][Rank 0] - train Epoch 11/24: 97.9% (1900/1940)
[2025-11-18 16:44:23][INFO][Rank 0] - train Epoch 11/24: 98.5% (1910/1940)
[2025-11-18 16:44:30][INFO][Rank 0] - train Epoch 11/24: 99.0% (1920/1940)
[2025-11-18 16:44:37][INFO][Rank 0] - train Epoch 11/24: 99.5% (1930/1940)
[2025-11-18 16:44:44][INFO][Rank 0] - train Epoch 11/24: 99.9% (1939/1940)
[2025-11-18 16:44:45][INFO][Rank 0] - train Loss: 0.1568 Acc: 0.9726 F1: 0.9858
[2025-11-18 16:44:45][INFO][Rank 0] - train Balanced Acc: 0.8928 AUC-ROC: 0.9685
[2025-11-18 16:44:45][INFO][Rank 0] - train Sensitivity: 0.9770 Specificity: 0.8086
[2025-11-18 16:44:45][INFO][Rank 0] - train Confusion Matrix: TP=18454, FP=98, FN=434, TN=414
[2025-11-18 16:44:45][INFO][Rank 0] - train completed in 1372.28s
[2025-11-18 16:44:45][INFO][Rank 0] - Data loading time: 1.12s, Forward time: 279.10s, Backward time: 743.36s
[2025-11-18 16:44:45][INFO][Rank 0] - train cache: 0/1 items, hit rate: 0.00%
[2025-11-18 16:44:45][INFO][Rank 0] - CUDA Memory [val][Step 0]: Device 0: Allocated: 3309.6 MB, Reserved: 117540.0 MB (Δ: +1687.0 MB)
[2025-11-18 16:44:45][INFO][Rank 0] - val phase: total 407 batches
[2025-11-18 16:44:45][INFO][Rank 0] - val Epoch 11/24: 0.0% (0/407)
[2025-11-18 16:44:50][INFO][Rank 0] - val Epoch 11/24: 2.5% (10/407)
[2025-11-18 16:44:55][INFO][Rank 0] - val Epoch 11/24: 4.9% (20/407)
[2025-11-18 16:44:59][INFO][Rank 0] - val Epoch 11/24: 7.4% (30/407)
[2025-11-18 16:45:04][INFO][Rank 0] - val Epoch 11/24: 9.8% (40/407)
[2025-11-18 16:45:09][INFO][Rank 0] - val Epoch 11/24: 12.3% (50/407)
[2025-11-18 16:45:14][INFO][Rank 0] - val Epoch 11/24: 14.7% (60/407)
[2025-11-18 16:45:19][INFO][Rank 0] - val Epoch 11/24: 17.2% (70/407)
[2025-11-18 16:45:24][INFO][Rank 0] - val Epoch 11/24: 19.7% (80/407)
[2025-11-18 16:45:29][INFO][Rank 0] - val Epoch 11/24: 22.1% (90/407)
[2025-11-18 16:45:34][INFO][Rank 0] - val Epoch 11/24: 24.6% (100/407)
[2025-11-18 16:45:39][INFO][Rank 0] - val Epoch 11/24: 27.0% (110/407)
[2025-11-18 16:45:44][INFO][Rank 0] - val Epoch 11/24: 29.5% (120/407)
[2025-11-18 16:45:49][INFO][Rank 0] - val Epoch 11/24: 31.9% (130/407)
[2025-11-18 16:45:54][INFO][Rank 0] - val Epoch 11/24: 34.4% (140/407)
[2025-11-18 16:45:59][INFO][Rank 0] - val Epoch 11/24: 36.9% (150/407)
[2025-11-18 16:45:59][INFO][Rank 0] - CUDA Memory [val][Step 150]: Device 0: Allocated: 3309.6 MB, Reserved: 117540.0 MB (Δ: +1687.0 MB)
[2025-11-18 16:46:04][INFO][Rank 0] - val Epoch 11/24: 39.3% (160/407)
[2025-11-18 16:46:09][INFO][Rank 0] - val Epoch 11/24: 41.8% (170/407)
[2025-11-18 16:46:14][INFO][Rank 0] - val Epoch 11/24: 44.2% (180/407)
[2025-11-18 16:46:19][INFO][Rank 0] - val Epoch 11/24: 46.7% (190/407)
[2025-11-18 16:46:24][INFO][Rank 0] - val Epoch 11/24: 49.1% (200/407)
[2025-11-18 16:46:29][INFO][Rank 0] - val Epoch 11/24: 51.6% (210/407)
[2025-11-18 16:46:34][INFO][Rank 0] - val Epoch 11/24: 54.1% (220/407)
[2025-11-18 16:46:38][INFO][Rank 0] - val Epoch 11/24: 56.5% (230/407)
[2025-11-18 16:46:43][INFO][Rank 0] - val Epoch 11/24: 59.0% (240/407)
[2025-11-18 16:46:48][INFO][Rank 0] - val Epoch 11/24: 61.4% (250/407)
[2025-11-18 16:46:53][INFO][Rank 0] - val Epoch 11/24: 63.9% (260/407)
[2025-11-18 16:46:58][INFO][Rank 0] - val Epoch 11/24: 66.3% (270/407)
[2025-11-18 16:47:03][INFO][Rank 0] - val Epoch 11/24: 68.8% (280/407)
[2025-11-18 16:47:08][INFO][Rank 0] - val Epoch 11/24: 71.3% (290/407)
[2025-11-18 16:47:13][INFO][Rank 0] - val Epoch 11/24: 73.7% (300/407)
[2025-11-18 16:47:14][INFO][Rank 0] - CUDA Memory [val][Step 300]: Device 0: Allocated: 3309.6 MB, Reserved: 117540.0 MB (Δ: +1687.0 MB)
[2025-11-18 16:47:18][INFO][Rank 0] - val Epoch 11/24: 76.2% (310/407)
[2025-11-18 16:47:23][INFO][Rank 0] - val Epoch 11/24: 78.6% (320/407)
[2025-11-18 16:47:28][INFO][Rank 0] - val Epoch 11/24: 81.1% (330/407)
[2025-11-18 16:47:33][INFO][Rank 0] - val Epoch 11/24: 83.5% (340/407)
[2025-11-18 16:47:38][INFO][Rank 0] - val Epoch 11/24: 86.0% (350/407)
[2025-11-18 16:47:43][INFO][Rank 0] - val Epoch 11/24: 88.5% (360/407)
[2025-11-18 16:47:48][INFO][Rank 0] - val Epoch 11/24: 90.9% (370/407)
[2025-11-18 16:47:53][INFO][Rank 0] - val Epoch 11/24: 93.4% (380/407)
[2025-11-18 16:47:58][INFO][Rank 0] - val Epoch 11/24: 95.8% (390/407)
[2025-11-18 16:48:03][INFO][Rank 0] - val Epoch 11/24: 98.3% (400/407)
[2025-11-18 16:48:06][INFO][Rank 0] - val Epoch 11/24: 99.8% (406/407)
[2025-11-18 16:48:06][INFO][Rank 0] - val Loss: 0.0875 Acc: 0.9767 F1: 0.9880
[2025-11-18 16:48:06][INFO][Rank 0] - val Balanced Acc: 0.9084 AUC-ROC: 0.9836
[2025-11-18 16:48:06][INFO][Rank 0] - val Sensitivity: 0.9797 Specificity: 0.8372
[2025-11-18 16:48:06][INFO][Rank 0] - val Confusion Matrix: TP=3903, FP=14, FN=81, TN=72
[2025-11-18 16:48:06][INFO][Rank 0] - val completed in 201.56s
[2025-11-18 16:48:06][INFO][Rank 0] - val cache: 0/1 items, hit rate: 0.00%
[2025-11-18 16:48:10][INFO][Rank 0] - Saved epoch checkpoint at /projects/retprogression/rgarridogarcia/checkpoints/cropped1024_cropped_centered_allR_1/epoch_11.pth
[2025-11-18 16:48:10][INFO][Rank 0] - Epoch 11 summary:
[2025-11-18 16:48:10][INFO][Rank 0] -  Train Loss: 0.1568, Train Acc: 0.9726, Train F1: 0.9858
[2025-11-18 16:48:10][INFO][Rank 0] -  Train Balanced Acc: 0.8928, Train AUC: 0.9685
[2025-11-18 16:48:10][INFO][Rank 0] -  Train Sensitivity: 0.9770, Train Specificity: 0.8086
[2025-11-18 16:48:10][INFO][Rank 0] -  Val Loss: 0.0875, Val Acc: 0.9767, Val F1: 0.9880
[2025-11-18 16:48:10][INFO][Rank 0] -  Val Balanced Acc: 0.9084, Val AUC: 0.9836
[2025-11-18 16:48:10][INFO][Rank 0] -  Val Sensitivity: 0.9797, Val Specificity: 0.8372
[2025-11-18 16:48:10][INFO][Rank 0] -  Total Epoch Time: 1577.47s
[2025-11-18 16:48:10][INFO][Rank 0] - Epoch 12/24
[2025-11-18 16:48:10][INFO][Rank 0] - ----------
[2025-11-18 16:48:10][INFO][Rank 0] - CUDA Memory [train][Step 0]: Device 0: Allocated: 3309.6 MB, Reserved: 117540.0 MB (Δ: +1687.0 MB)
[2025-11-18 16:48:10][INFO][Rank 0] - train phase: total 1940 batches
[2025-11-18 16:48:10][INFO][Rank 0] - train Epoch 12/24: 0.0% (0/1940)
[2025-11-18 16:48:17][INFO][Rank 0] - train Epoch 12/24: 0.5% (10/1940)
[2025-11-18 16:48:24][INFO][Rank 0] - train Epoch 12/24: 1.0% (20/1940)
[2025-11-18 16:48:32][INFO][Rank 0] - train Epoch 12/24: 1.5% (30/1940)
[2025-11-18 16:48:39][INFO][Rank 0] - train Epoch 12/24: 2.1% (40/1940)
[2025-11-18 16:48:46][INFO][Rank 0] - train Epoch 12/24: 2.6% (50/1940)
[2025-11-18 16:48:53][INFO][Rank 0] - train Epoch 12/24: 3.1% (60/1940)
[2025-11-18 16:49:00][INFO][Rank 0] - train Epoch 12/24: 3.6% (70/1940)
[2025-11-18 16:49:07][INFO][Rank 0] - train Epoch 12/24: 4.1% (80/1940)
[2025-11-18 16:49:14][INFO][Rank 0] - train Epoch 12/24: 4.6% (90/1940)
[2025-11-18 16:49:15][INFO][Rank 0] - CUDA Memory [train][Step 90]: Device 0: Allocated: 3309.6 MB, Reserved: 117540.0 MB (Δ: +1687.0 MB)
[2025-11-18 16:49:21][INFO][Rank 0] - train Epoch 12/24: 5.2% (100/1940)
[2025-11-18 16:49:28][INFO][Rank 0] - train Epoch 12/24: 5.7% (110/1940)
[2025-11-18 16:49:35][INFO][Rank 0] - train Epoch 12/24: 6.2% (120/1940)
[2025-11-18 16:49:42][INFO][Rank 0] - train Epoch 12/24: 6.7% (130/1940)
[2025-11-18 16:49:49][INFO][Rank 0] - train Epoch 12/24: 7.2% (140/1940)
[2025-11-18 16:49:56][INFO][Rank 0] - train Epoch 12/24: 7.7% (150/1940)
[2025-11-18 16:50:03][INFO][Rank 0] - train Epoch 12/24: 8.2% (160/1940)
[2025-11-18 16:50:11][INFO][Rank 0] - train Epoch 12/24: 8.8% (170/1940)
[2025-11-18 16:50:18][INFO][Rank 0] - train Epoch 12/24: 9.3% (180/1940)
[2025-11-18 16:50:18][INFO][Rank 0] - CUDA Memory [train][Step 180]: Device 0: Allocated: 3309.6 MB, Reserved: 117540.0 MB (Δ: +1687.0 MB)
[2025-11-18 16:50:25][INFO][Rank 0] - train Epoch 12/24: 9.8% (190/1940)
[2025-11-18 16:50:32][INFO][Rank 0] - train Epoch 12/24: 10.3% (200/1940)
[2025-11-18 16:50:39][INFO][Rank 0] - train Epoch 12/24: 10.8% (210/1940)
[2025-11-18 16:50:46][INFO][Rank 0] - train Epoch 12/24: 11.3% (220/1940)
[2025-11-18 16:50:53][INFO][Rank 0] - train Epoch 12/24: 11.9% (230/1940)
[2025-11-18 16:51:00][INFO][Rank 0] - train Epoch 12/24: 12.4% (240/1940)
[2025-11-18 16:51:07][INFO][Rank 0] - train Epoch 12/24: 12.9% (250/1940)
[2025-11-18 16:51:14][INFO][Rank 0] - train Epoch 12/24: 13.4% (260/1940)
[2025-11-18 16:51:21][INFO][Rank 0] - train Epoch 12/24: 13.9% (270/1940)
[2025-11-18 16:51:22][INFO][Rank 0] - CUDA Memory [train][Step 270]: Device 0: Allocated: 3309.6 MB, Reserved: 117540.0 MB (Δ: +1687.0 MB)
[2025-11-18 16:51:28][INFO][Rank 0] - train Epoch 12/24: 14.4% (280/1940)
[2025-11-18 16:51:35][INFO][Rank 0] - train Epoch 12/24: 14.9% (290/1940)
[2025-11-18 16:51:42][INFO][Rank 0] - train Epoch 12/24: 15.5% (300/1940)
[2025-11-18 16:51:50][INFO][Rank 0] - train Epoch 12/24: 16.0% (310/1940)
[2025-11-18 16:51:57][INFO][Rank 0] - train Epoch 12/24: 16.5% (320/1940)
[2025-11-18 16:52:04][INFO][Rank 0] - train Epoch 12/24: 17.0% (330/1940)
[2025-11-18 16:52:11][INFO][Rank 0] - train Epoch 12/24: 17.5% (340/1940)
[2025-11-18 16:52:18][INFO][Rank 0] - train Epoch 12/24: 18.0% (350/1940)
[2025-11-18 16:52:25][INFO][Rank 0] - train Epoch 12/24: 18.6% (360/1940)
[2025-11-18 16:52:26][INFO][Rank 0] - CUDA Memory [train][Step 360]: Device 0: Allocated: 3309.6 MB, Reserved: 117540.0 MB (Δ: +1687.0 MB)
[2025-11-18 16:52:32][INFO][Rank 0] - train Epoch 12/24: 19.1% (370/1940)
[2025-11-18 16:52:39][INFO][Rank 0] - train Epoch 12/24: 19.6% (380/1940)
[2025-11-18 16:52:46][INFO][Rank 0] - train Epoch 12/24: 20.1% (390/1940)
[2025-11-18 16:52:53][INFO][Rank 0] - train Epoch 12/24: 20.6% (400/1940)
[2025-11-18 16:53:00][INFO][Rank 0] - train Epoch 12/24: 21.1% (410/1940)
[2025-11-18 16:53:07][INFO][Rank 0] - train Epoch 12/24: 21.6% (420/1940)
[2025-11-18 16:53:14][INFO][Rank 0] - train Epoch 12/24: 22.2% (430/1940)
[2025-11-18 16:53:21][INFO][Rank 0] - train Epoch 12/24: 22.7% (440/1940)
[2025-11-18 16:53:29][INFO][Rank 0] - train Epoch 12/24: 23.2% (450/1940)
[2025-11-18 16:53:29][INFO][Rank 0] - CUDA Memory [train][Step 450]: Device 0: Allocated: 3309.6 MB, Reserved: 117540.0 MB (Δ: +1687.0 MB)
[2025-11-18 16:53:36][INFO][Rank 0] - train Epoch 12/24: 23.7% (460/1940)
[2025-11-18 16:53:43][INFO][Rank 0] - train Epoch 12/24: 24.2% (470/1940)
[2025-11-18 16:53:50][INFO][Rank 0] - train Epoch 12/24: 24.7% (480/1940)
[2025-11-18 16:53:57][INFO][Rank 0] - train Epoch 12/24: 25.3% (490/1940)
[2025-11-18 16:54:04][INFO][Rank 0] - train Epoch 12/24: 25.8% (500/1940)
[2025-11-18 16:54:11][INFO][Rank 0] - train Epoch 12/24: 26.3% (510/1940)
[2025-11-18 16:54:18][INFO][Rank 0] - train Epoch 12/24: 26.8% (520/1940)
[2025-11-18 16:54:25][INFO][Rank 0] - train Epoch 12/24: 27.3% (530/1940)
[2025-11-18 16:54:32][INFO][Rank 0] - train Epoch 12/24: 27.8% (540/1940)
[2025-11-18 16:54:33][INFO][Rank 0] - CUDA Memory [train][Step 540]: Device 0: Allocated: 3309.6 MB, Reserved: 117540.0 MB (Δ: +1687.0 MB)
[2025-11-18 16:54:39][INFO][Rank 0] - train Epoch 12/24: 28.4% (550/1940)
[2025-11-18 16:54:46][INFO][Rank 0] - train Epoch 12/24: 28.9% (560/1940)
[2025-11-18 16:54:53][INFO][Rank 0] - train Epoch 12/24: 29.4% (570/1940)
[2025-11-18 16:55:00][INFO][Rank 0] - train Epoch 12/24: 29.9% (580/1940)
[2025-11-18 16:55:08][INFO][Rank 0] - train Epoch 12/24: 30.4% (590/1940)
[2025-11-18 16:55:15][INFO][Rank 0] - train Epoch 12/24: 30.9% (600/1940)
[2025-11-18 16:55:22][INFO][Rank 0] - train Epoch 12/24: 31.4% (610/1940)
[2025-11-18 16:55:29][INFO][Rank 0] - train Epoch 12/24: 32.0% (620/1940)
[2025-11-18 16:55:36][INFO][Rank 0] - train Epoch 12/24: 32.5% (630/1940)
[2025-11-18 16:55:37][INFO][Rank 0] - CUDA Memory [train][Step 630]: Device 0: Allocated: 3309.6 MB, Reserved: 117540.0 MB (Δ: +1687.0 MB)
[2025-11-18 16:55:43][INFO][Rank 0] - train Epoch 12/24: 33.0% (640/1940)
[2025-11-18 16:55:50][INFO][Rank 0] - train Epoch 12/24: 33.5% (650/1940)
[2025-11-18 16:55:57][INFO][Rank 0] - train Epoch 12/24: 34.0% (660/1940)
[2025-11-18 16:56:04][INFO][Rank 0] - train Epoch 12/24: 34.5% (670/1940)
[2025-11-18 16:56:11][INFO][Rank 0] - train Epoch 12/24: 35.1% (680/1940)
[2025-11-18 16:56:18][INFO][Rank 0] - train Epoch 12/24: 35.6% (690/1940)
[2025-11-18 16:56:25][INFO][Rank 0] - train Epoch 12/24: 36.1% (700/1940)
[2025-11-18 16:56:32][INFO][Rank 0] - train Epoch 12/24: 36.6% (710/1940)
[2025-11-18 16:56:39][INFO][Rank 0] - train Epoch 12/24: 37.1% (720/1940)
[2025-11-18 16:56:40][INFO][Rank 0] - CUDA Memory [train][Step 720]: Device 0: Allocated: 3309.6 MB, Reserved: 117540.0 MB (Δ: +1687.0 MB)
[2025-11-18 16:56:46][INFO][Rank 0] - train Epoch 12/24: 37.6% (730/1940)
[2025-11-18 16:56:54][INFO][Rank 0] - train Epoch 12/24: 38.1% (740/1940)
[2025-11-18 16:57:01][INFO][Rank 0] - train Epoch 12/24: 38.7% (750/1940)
[2025-11-18 16:57:08][INFO][Rank 0] - train Epoch 12/24: 39.2% (760/1940)
[2025-11-18 16:57:15][INFO][Rank 0] - train Epoch 12/24: 39.7% (770/1940)
[2025-11-18 16:57:22][INFO][Rank 0] - train Epoch 12/24: 40.2% (780/1940)
[2025-11-18 16:57:29][INFO][Rank 0] - train Epoch 12/24: 40.7% (790/1940)
[2025-11-18 16:57:36][INFO][Rank 0] - train Epoch 12/24: 41.2% (800/1940)
[2025-11-18 16:57:43][INFO][Rank 0] - train Epoch 12/24: 41.8% (810/1940)
[2025-11-18 16:57:44][INFO][Rank 0] - CUDA Memory [train][Step 810]: Device 0: Allocated: 3309.6 MB, Reserved: 117540.0 MB (Δ: +1687.0 MB)
[2025-11-18 16:57:50][INFO][Rank 0] - train Epoch 12/24: 42.3% (820/1940)
[2025-11-18 16:57:57][INFO][Rank 0] - train Epoch 12/24: 42.8% (830/1940)
[2025-11-18 16:58:04][INFO][Rank 0] - train Epoch 12/24: 43.3% (840/1940)
[2025-11-18 16:58:11][INFO][Rank 0] - train Epoch 12/24: 43.8% (850/1940)
[2025-11-18 16:58:18][INFO][Rank 0] - train Epoch 12/24: 44.3% (860/1940)
[2025-11-18 16:58:25][INFO][Rank 0] - train Epoch 12/24: 44.8% (870/1940)
[2025-11-18 16:58:32][INFO][Rank 0] - train Epoch 12/24: 45.4% (880/1940)
[2025-11-18 16:58:40][INFO][Rank 0] - train Epoch 12/24: 45.9% (890/1940)
[2025-11-18 16:58:47][INFO][Rank 0] - train Epoch 12/24: 46.4% (900/1940)
[2025-11-18 16:58:47][INFO][Rank 0] - CUDA Memory [train][Step 900]: Device 0: Allocated: 3309.6 MB, Reserved: 117540.0 MB (Δ: +1687.0 MB)
[2025-11-18 16:58:54][INFO][Rank 0] - train Epoch 12/24: 46.9% (910/1940)
[2025-11-18 16:59:01][INFO][Rank 0] - train Epoch 12/24: 47.4% (920/1940)
[2025-11-18 16:59:08][INFO][Rank 0] - train Epoch 12/24: 47.9% (930/1940)
[2025-11-18 16:59:15][INFO][Rank 0] - train Epoch 12/24: 48.5% (940/1940)
[2025-11-18 16:59:22][INFO][Rank 0] - train Epoch 12/24: 49.0% (950/1940)
[2025-11-18 16:59:29][INFO][Rank 0] - train Epoch 12/24: 49.5% (960/1940)
[2025-11-18 16:59:36][INFO][Rank 0] - train Epoch 12/24: 50.0% (970/1940)
[2025-11-18 16:59:43][INFO][Rank 0] - train Epoch 12/24: 50.5% (980/1940)
[2025-11-18 16:59:50][INFO][Rank 0] - train Epoch 12/24: 51.0% (990/1940)
[2025-11-18 16:59:51][INFO][Rank 0] - CUDA Memory [train][Step 990]: Device 0: Allocated: 3309.6 MB, Reserved: 117540.0 MB (Δ: +1687.0 MB)
[2025-11-18 16:59:57][INFO][Rank 0] - train Epoch 12/24: 51.5% (1000/1940)
[2025-11-18 17:00:04][INFO][Rank 0] - train Epoch 12/24: 52.1% (1010/1940)
[2025-11-18 17:00:11][INFO][Rank 0] - train Epoch 12/24: 52.6% (1020/1940)
[2025-11-18 17:00:18][INFO][Rank 0] - train Epoch 12/24: 53.1% (1030/1940)
[2025-11-18 17:00:26][INFO][Rank 0] - train Epoch 12/24: 53.6% (1040/1940)
[2025-11-18 17:00:33][INFO][Rank 0] - train Epoch 12/24: 54.1% (1050/1940)
[2025-11-18 17:00:40][INFO][Rank 0] - train Epoch 12/24: 54.6% (1060/1940)
[2025-11-18 17:00:47][INFO][Rank 0] - train Epoch 12/24: 55.2% (1070/1940)
[2025-11-18 17:00:54][INFO][Rank 0] - train Epoch 12/24: 55.7% (1080/1940)
[2025-11-18 17:00:54][INFO][Rank 0] - CUDA Memory [train][Step 1080]: Device 0: Allocated: 3309.6 MB, Reserved: 117540.0 MB (Δ: +1687.0 MB)
[2025-11-18 17:01:01][INFO][Rank 0] - train Epoch 12/24: 56.2% (1090/1940)
[2025-11-18 17:01:08][INFO][Rank 0] - train Epoch 12/24: 56.7% (1100/1940)
[2025-11-18 17:01:15][INFO][Rank 0] - train Epoch 12/24: 57.2% (1110/1940)
[2025-11-18 17:01:22][INFO][Rank 0] - train Epoch 12/24: 57.7% (1120/1940)
[2025-11-18 17:01:29][INFO][Rank 0] - train Epoch 12/24: 58.2% (1130/1940)
[2025-11-18 17:01:36][INFO][Rank 0] - train Epoch 12/24: 58.8% (1140/1940)
[2025-11-18 17:01:43][INFO][Rank 0] - train Epoch 12/24: 59.3% (1150/1940)
[2025-11-18 17:01:50][INFO][Rank 0] - train Epoch 12/24: 59.8% (1160/1940)
[2025-11-18 17:01:57][INFO][Rank 0] - train Epoch 12/24: 60.3% (1170/1940)
[2025-11-18 17:01:58][INFO][Rank 0] - CUDA Memory [train][Step 1170]: Device 0: Allocated: 3309.6 MB, Reserved: 117540.0 MB (Δ: +1687.0 MB)
[2025-11-18 17:02:04][INFO][Rank 0] - train Epoch 12/24: 60.8% (1180/1940)
[2025-11-18 17:02:11][INFO][Rank 0] - train Epoch 12/24: 61.3% (1190/1940)
[2025-11-18 17:02:19][INFO][Rank 0] - train Epoch 12/24: 61.9% (1200/1940)
[2025-11-18 17:02:26][INFO][Rank 0] - train Epoch 12/24: 62.4% (1210/1940)
[2025-11-18 17:02:33][INFO][Rank 0] - train Epoch 12/24: 62.9% (1220/1940)
[2025-11-18 17:02:40][INFO][Rank 0] - train Epoch 12/24: 63.4% (1230/1940)
[2025-11-18 17:02:47][INFO][Rank 0] - train Epoch 12/24: 63.9% (1240/1940)
[2025-11-18 17:02:54][INFO][Rank 0] - train Epoch 12/24: 64.4% (1250/1940)
[2025-11-18 17:03:01][INFO][Rank 0] - train Epoch 12/24: 64.9% (1260/1940)
[2025-11-18 17:03:02][INFO][Rank 0] - CUDA Memory [train][Step 1260]: Device 0: Allocated: 3309.6 MB, Reserved: 117540.0 MB (Δ: +1687.0 MB)
[2025-11-18 17:03:08][INFO][Rank 0] - train Epoch 12/24: 65.5% (1270/1940)
[2025-11-18 17:03:15][INFO][Rank 0] - train Epoch 12/24: 66.0% (1280/1940)
[2025-11-18 17:03:22][INFO][Rank 0] - train Epoch 12/24: 66.5% (1290/1940)
[2025-11-18 17:03:29][INFO][Rank 0] - train Epoch 12/24: 67.0% (1300/1940)
[2025-11-18 17:03:36][INFO][Rank 0] - train Epoch 12/24: 67.5% (1310/1940)
[2025-11-18 17:03:43][INFO][Rank 0] - train Epoch 12/24: 68.0% (1320/1940)
[2025-11-18 17:03:50][INFO][Rank 0] - train Epoch 12/24: 68.6% (1330/1940)
[2025-11-18 17:03:58][INFO][Rank 0] - train Epoch 12/24: 69.1% (1340/1940)
[2025-11-18 17:04:05][INFO][Rank 0] - train Epoch 12/24: 69.6% (1350/1940)
[2025-11-18 17:04:05][INFO][Rank 0] - CUDA Memory [train][Step 1350]: Device 0: Allocated: 3309.6 MB, Reserved: 117540.0 MB (Δ: +1687.0 MB)
[2025-11-18 17:04:12][INFO][Rank 0] - train Epoch 12/24: 70.1% (1360/1940)
[2025-11-18 17:04:19][INFO][Rank 0] - train Epoch 12/24: 70.6% (1370/1940)
[2025-11-18 17:04:26][INFO][Rank 0] - train Epoch 12/24: 71.1% (1380/1940)
[2025-11-18 17:04:33][INFO][Rank 0] - train Epoch 12/24: 71.6% (1390/1940)
[2025-11-18 17:04:40][INFO][Rank 0] - train Epoch 12/24: 72.2% (1400/1940)
[2025-11-18 17:04:47][INFO][Rank 0] - train Epoch 12/24: 72.7% (1410/1940)
[2025-11-18 17:04:54][INFO][Rank 0] - train Epoch 12/24: 73.2% (1420/1940)
[2025-11-18 17:05:01][INFO][Rank 0] - train Epoch 12/24: 73.7% (1430/1940)
[2025-11-18 17:05:08][INFO][Rank 0] - train Epoch 12/24: 74.2% (1440/1940)
[2025-11-18 17:05:09][INFO][Rank 0] - CUDA Memory [train][Step 1440]: Device 0: Allocated: 3309.6 MB, Reserved: 117540.0 MB (Δ: +1687.0 MB)
[2025-11-18 17:05:15][INFO][Rank 0] - train Epoch 12/24: 74.7% (1450/1940)
[2025-11-18 17:05:22][INFO][Rank 0] - train Epoch 12/24: 75.3% (1460/1940)
[2025-11-18 17:05:29][INFO][Rank 0] - train Epoch 12/24: 75.8% (1470/1940)
[2025-11-18 17:05:36][INFO][Rank 0] - train Epoch 12/24: 76.3% (1480/1940)
[2025-11-18 17:05:44][INFO][Rank 0] - train Epoch 12/24: 76.8% (1490/1940)
[2025-11-18 17:05:51][INFO][Rank 0] - train Epoch 12/24: 77.3% (1500/1940)
[2025-11-18 17:05:58][INFO][Rank 0] - train Epoch 12/24: 77.8% (1510/1940)
[2025-11-18 17:06:05][INFO][Rank 0] - train Epoch 12/24: 78.4% (1520/1940)
[2025-11-18 17:06:12][INFO][Rank 0] - train Epoch 12/24: 78.9% (1530/1940)
[2025-11-18 17:06:13][INFO][Rank 0] - CUDA Memory [train][Step 1530]: Device 0: Allocated: 3309.6 MB, Reserved: 117540.0 MB (Δ: +1687.0 MB)
[2025-11-18 17:06:19][INFO][Rank 0] - train Epoch 12/24: 79.4% (1540/1940)
[2025-11-18 17:06:26][INFO][Rank 0] - train Epoch 12/24: 79.9% (1550/1940)
[2025-11-18 17:06:33][INFO][Rank 0] - train Epoch 12/24: 80.4% (1560/1940)
[2025-11-18 17:06:40][INFO][Rank 0] - train Epoch 12/24: 80.9% (1570/1940)
[2025-11-18 17:06:47][INFO][Rank 0] - train Epoch 12/24: 81.4% (1580/1940)
[2025-11-18 17:06:54][INFO][Rank 0] - train Epoch 12/24: 82.0% (1590/1940)
[2025-11-18 17:07:01][INFO][Rank 0] - train Epoch 12/24: 82.5% (1600/1940)
[2025-11-18 17:07:08][INFO][Rank 0] - train Epoch 12/24: 83.0% (1610/1940)
[2025-11-18 17:07:15][INFO][Rank 0] - train Epoch 12/24: 83.5% (1620/1940)
[2025-11-18 17:07:16][INFO][Rank 0] - CUDA Memory [train][Step 1620]: Device 0: Allocated: 3309.6 MB, Reserved: 117540.0 MB (Δ: +1687.0 MB)
[2025-11-18 17:07:23][INFO][Rank 0] - train Epoch 12/24: 84.0% (1630/1940)
[2025-11-18 17:07:30][INFO][Rank 0] - train Epoch 12/24: 84.5% (1640/1940)
[2025-11-18 17:07:37][INFO][Rank 0] - train Epoch 12/24: 85.1% (1650/1940)
[2025-11-18 17:07:44][INFO][Rank 0] - train Epoch 12/24: 85.6% (1660/1940)
[2025-11-18 17:07:51][INFO][Rank 0] - train Epoch 12/24: 86.1% (1670/1940)
[2025-11-18 17:07:58][INFO][Rank 0] - train Epoch 12/24: 86.6% (1680/1940)
[2025-11-18 17:08:05][INFO][Rank 0] - train Epoch 12/24: 87.1% (1690/1940)
[2025-11-18 17:08:12][INFO][Rank 0] - train Epoch 12/24: 87.6% (1700/1940)
[2025-11-18 17:08:19][INFO][Rank 0] - train Epoch 12/24: 88.1% (1710/1940)
[2025-11-18 17:08:20][INFO][Rank 0] - CUDA Memory [train][Step 1710]: Device 0: Allocated: 3309.6 MB, Reserved: 117540.0 MB (Δ: +1687.0 MB)
[2025-11-18 17:08:26][INFO][Rank 0] - train Epoch 12/24: 88.7% (1720/1940)
[2025-11-18 17:08:33][INFO][Rank 0] - train Epoch 12/24: 89.2% (1730/1940)
[2025-11-18 17:08:40][INFO][Rank 0] - train Epoch 12/24: 89.7% (1740/1940)
[2025-11-18 17:08:47][INFO][Rank 0] - train Epoch 12/24: 90.2% (1750/1940)
[2025-11-18 17:08:54][INFO][Rank 0] - train Epoch 12/24: 90.7% (1760/1940)
[2025-11-18 17:09:02][INFO][Rank 0] - train Epoch 12/24: 91.2% (1770/1940)
[2025-11-18 17:09:09][INFO][Rank 0] - train Epoch 12/24: 91.8% (1780/1940)
[2025-11-18 17:09:16][INFO][Rank 0] - train Epoch 12/24: 92.3% (1790/1940)
[2025-11-18 17:09:23][INFO][Rank 0] - train Epoch 12/24: 92.8% (1800/1940)
[2025-11-18 17:09:23][INFO][Rank 0] - CUDA Memory [train][Step 1800]: Device 0: Allocated: 3309.6 MB, Reserved: 117540.0 MB (Δ: +1687.0 MB)
[2025-11-18 17:09:30][INFO][Rank 0] - train Epoch 12/24: 93.3% (1810/1940)
[2025-11-18 17:09:37][INFO][Rank 0] - train Epoch 12/24: 93.8% (1820/1940)
[2025-11-18 17:09:44][INFO][Rank 0] - train Epoch 12/24: 94.3% (1830/1940)
[2025-11-18 17:09:51][INFO][Rank 0] - train Epoch 12/24: 94.8% (1840/1940)
[2025-11-18 17:09:58][INFO][Rank 0] - train Epoch 12/24: 95.4% (1850/1940)
[2025-11-18 17:10:05][INFO][Rank 0] - train Epoch 12/24: 95.9% (1860/1940)
[2025-11-18 17:10:12][INFO][Rank 0] - train Epoch 12/24: 96.4% (1870/1940)
[2025-11-18 17:10:19][INFO][Rank 0] - train Epoch 12/24: 96.9% (1880/1940)
[2025-11-18 17:10:26][INFO][Rank 0] - train Epoch 12/24: 97.4% (1890/1940)
[2025-11-18 17:10:27][INFO][Rank 0] - CUDA Memory [train][Step 1890]: Device 0: Allocated: 3309.6 MB, Reserved: 117540.0 MB (Δ: +1687.0 MB)
[2025-11-18 17:10:33][INFO][Rank 0] - train Epoch 12/24: 97.9% (1900/1940)
[2025-11-18 17:10:40][INFO][Rank 0] - train Epoch 12/24: 98.5% (1910/1940)
[2025-11-18 17:10:48][INFO][Rank 0] - train Epoch 12/24: 99.0% (1920/1940)
[2025-11-18 17:10:55][INFO][Rank 0] - train Epoch 12/24: 99.5% (1930/1940)
[2025-11-18 17:11:01][INFO][Rank 0] - train Epoch 12/24: 99.9% (1939/1940)
[2025-11-18 17:11:02][INFO][Rank 0] - train Loss: 0.1561 Acc: 0.9726 F1: 0.9858
[2025-11-18 17:11:02][INFO][Rank 0] - train Balanced Acc: 0.8892 AUC-ROC: 0.9679
[2025-11-18 17:11:02][INFO][Rank 0] - train Sensitivity: 0.9773 Specificity: 0.8012
[2025-11-18 17:11:02][INFO][Rank 0] - train Confusion Matrix: TP=18458, FP=102, FN=429, TN=411
[2025-11-18 17:11:02][INFO][Rank 0] - train completed in 1372.00s
[2025-11-18 17:11:02][INFO][Rank 0] - Data loading time: 1.15s, Forward time: 279.07s, Backward time: 743.16s
[2025-11-18 17:11:02][INFO][Rank 0] - train cache: 0/1 items, hit rate: 0.00%
[2025-11-18 17:11:02][INFO][Rank 0] - CUDA Memory [val][Step 0]: Device 0: Allocated: 3309.6 MB, Reserved: 117540.0 MB (Δ: +1687.0 MB)
[2025-11-18 17:11:02][INFO][Rank 0] - val phase: total 407 batches
[2025-11-18 17:11:02][INFO][Rank 0] - val Epoch 12/24: 0.0% (0/407)
[2025-11-18 17:11:07][INFO][Rank 0] - val Epoch 12/24: 2.5% (10/407)
[2025-11-18 17:11:12][INFO][Rank 0] - val Epoch 12/24: 4.9% (20/407)
[2025-11-18 17:11:17][INFO][Rank 0] - val Epoch 12/24: 7.4% (30/407)
[2025-11-18 17:11:22][INFO][Rank 0] - val Epoch 12/24: 9.8% (40/407)
[2025-11-18 17:11:27][INFO][Rank 0] - val Epoch 12/24: 12.3% (50/407)
[2025-11-18 17:11:32][INFO][Rank 0] - val Epoch 12/24: 14.7% (60/407)
[2025-11-18 17:11:37][INFO][Rank 0] - val Epoch 12/24: 17.2% (70/407)
[2025-11-18 17:11:42][INFO][Rank 0] - val Epoch 12/24: 19.7% (80/407)
[2025-11-18 17:11:47][INFO][Rank 0] - val Epoch 12/24: 22.1% (90/407)
[2025-11-18 17:11:51][INFO][Rank 0] - val Epoch 12/24: 24.6% (100/407)
[2025-11-18 17:11:56][INFO][Rank 0] - val Epoch 12/24: 27.0% (110/407)
[2025-11-18 17:12:01][INFO][Rank 0] - val Epoch 12/24: 29.5% (120/407)
[2025-11-18 17:12:02][INFO][Rank 0] - CUDA Memory [val][Step 120]: Device 0: Allocated: 3309.6 MB, Reserved: 117540.0 MB (Δ: +1687.0 MB)
[2025-11-18 17:12:06][INFO][Rank 0] - val Epoch 12/24: 31.9% (130/407)
[2025-11-18 17:12:11][INFO][Rank 0] - val Epoch 12/24: 34.4% (140/407)
[2025-11-18 17:12:16][INFO][Rank 0] - val Epoch 12/24: 36.9% (150/407)
[2025-11-18 17:12:21][INFO][Rank 0] - val Epoch 12/24: 39.3% (160/407)
[2025-11-18 17:12:26][INFO][Rank 0] - val Epoch 12/24: 41.8% (170/407)
[2025-11-18 17:12:31][INFO][Rank 0] - val Epoch 12/24: 44.2% (180/407)
[2025-11-18 17:12:36][INFO][Rank 0] - val Epoch 12/24: 46.7% (190/407)
[2025-11-18 17:12:41][INFO][Rank 0] - val Epoch 12/24: 49.1% (200/407)
[2025-11-18 17:12:46][INFO][Rank 0] - val Epoch 12/24: 51.6% (210/407)
[2025-11-18 17:12:51][INFO][Rank 0] - val Epoch 12/24: 54.1% (220/407)
[2025-11-18 17:12:56][INFO][Rank 0] - val Epoch 12/24: 56.5% (230/407)
[2025-11-18 17:13:01][INFO][Rank 0] - val Epoch 12/24: 59.0% (240/407)
[2025-11-18 17:13:06][INFO][Rank 0] - val Epoch 12/24: 61.4% (250/407)
[2025-11-18 17:13:11][INFO][Rank 0] - val Epoch 12/24: 63.9% (260/407)
[2025-11-18 17:13:16][INFO][Rank 0] - val Epoch 12/24: 66.3% (270/407)
[2025-11-18 17:13:16][INFO][Rank 0] - CUDA Memory [val][Step 270]: Device 0: Allocated: 3309.6 MB, Reserved: 117540.0 MB (Δ: +1687.0 MB)
[2025-11-18 17:13:21][INFO][Rank 0] - val Epoch 12/24: 68.8% (280/407)
[2025-11-18 17:13:26][INFO][Rank 0] - val Epoch 12/24: 71.3% (290/407)
[2025-11-18 17:13:30][INFO][Rank 0] - val Epoch 12/24: 73.7% (300/407)
[2025-11-18 17:13:35][INFO][Rank 0] - val Epoch 12/24: 76.2% (310/407)
[2025-11-18 17:13:40][INFO][Rank 0] - val Epoch 12/24: 78.6% (320/407)
[2025-11-18 17:13:45][INFO][Rank 0] - val Epoch 12/24: 81.1% (330/407)
[2025-11-18 17:13:50][INFO][Rank 0] - val Epoch 12/24: 83.5% (340/407)
[2025-11-18 17:13:55][INFO][Rank 0] - val Epoch 12/24: 86.0% (350/407)
[2025-11-18 17:14:00][INFO][Rank 0] - val Epoch 12/24: 88.5% (360/407)
[2025-11-18 17:14:05][INFO][Rank 0] - val Epoch 12/24: 90.9% (370/407)
[2025-11-18 17:14:10][INFO][Rank 0] - val Epoch 12/24: 93.4% (380/407)
[2025-11-18 17:14:15][INFO][Rank 0] - val Epoch 12/24: 95.8% (390/407)
[2025-11-18 17:14:20][INFO][Rank 0] - val Epoch 12/24: 98.3% (400/407)
[2025-11-18 17:14:23][INFO][Rank 0] - val Epoch 12/24: 99.8% (406/407)
[2025-11-18 17:14:23][INFO][Rank 0] - val Loss: 0.0873 Acc: 0.9757 F1: 0.9875
[2025-11-18 17:14:23][INFO][Rank 0] - val Balanced Acc: 0.9079 AUC-ROC: 0.9837
[2025-11-18 17:14:23][INFO][Rank 0] - val Sensitivity: 0.9787 Specificity: 0.8372
[2025-11-18 17:14:23][INFO][Rank 0] - val Confusion Matrix: TP=3899, FP=14, FN=85, TN=72
[2025-11-18 17:14:23][INFO][Rank 0] - val completed in 201.75s
[2025-11-18 17:14:23][INFO][Rank 0] - val cache: 0/1 items, hit rate: 0.00%
[2025-11-18 17:14:27][INFO][Rank 0] - Saved new best auc model with auc: 0.9837 at /projects/retprogression/rgarridogarcia/checkpoints/cropped1024_cropped_centered_allR_1/best_auc_model.pth
[2025-11-18 17:14:31][INFO][Rank 0] - Saved epoch checkpoint at /projects/retprogression/rgarridogarcia/checkpoints/cropped1024_cropped_centered_allR_1/epoch_12.pth
[2025-11-18 17:14:31][INFO][Rank 0] - Epoch 12 summary:
[2025-11-18 17:14:31][INFO][Rank 0] -  Train Loss: 0.1561, Train Acc: 0.9726, Train F1: 0.9858
[2025-11-18 17:14:31][INFO][Rank 0] -  Train Balanced Acc: 0.8892, Train AUC: 0.9679
[2025-11-18 17:14:31][INFO][Rank 0] -  Train Sensitivity: 0.9773, Train Specificity: 0.8012
[2025-11-18 17:14:31][INFO][Rank 0] -  Val Loss: 0.0873, Val Acc: 0.9757, Val F1: 0.9875
[2025-11-18 17:14:31][INFO][Rank 0] -  Val Balanced Acc: 0.9079, Val AUC: 0.9837
[2025-11-18 17:14:31][INFO][Rank 0] -  Val Sensitivity: 0.9787, Val Specificity: 0.8372
[2025-11-18 17:14:31][INFO][Rank 0] -  Total Epoch Time: 1581.05s
[2025-11-18 17:14:31][INFO][Rank 0] - Epoch 13/24
[2025-11-18 17:14:31][INFO][Rank 0] - ----------
[2025-11-18 17:14:31][INFO][Rank 0] - CUDA Memory [train][Step 0]: Device 0: Allocated: 3309.6 MB, Reserved: 117540.0 MB (Δ: +1687.0 MB)
[2025-11-18 17:14:31][INFO][Rank 0] - train phase: total 1940 batches
[2025-11-18 17:14:31][INFO][Rank 0] - train Epoch 13/24: 0.0% (0/1940)
[2025-11-18 17:14:38][INFO][Rank 0] - train Epoch 13/24: 0.5% (10/1940)
[2025-11-18 17:14:45][INFO][Rank 0] - train Epoch 13/24: 1.0% (20/1940)
[2025-11-18 17:14:53][INFO][Rank 0] - train Epoch 13/24: 1.5% (30/1940)
[2025-11-18 17:15:00][INFO][Rank 0] - train Epoch 13/24: 2.1% (40/1940)
[2025-11-18 17:15:07][INFO][Rank 0] - train Epoch 13/24: 2.6% (50/1940)
[2025-11-18 17:15:14][INFO][Rank 0] - train Epoch 13/24: 3.1% (60/1940)
[2025-11-18 17:15:21][INFO][Rank 0] - train Epoch 13/24: 3.6% (70/1940)
[2025-11-18 17:15:28][INFO][Rank 0] - train Epoch 13/24: 4.1% (80/1940)
[2025-11-18 17:15:35][INFO][Rank 0] - train Epoch 13/24: 4.6% (90/1940)
[2025-11-18 17:15:36][INFO][Rank 0] - CUDA Memory [train][Step 90]: Device 0: Allocated: 3309.6 MB, Reserved: 117540.0 MB (Δ: +1687.0 MB)
[2025-11-18 17:15:42][INFO][Rank 0] - train Epoch 13/24: 5.2% (100/1940)
[2025-11-18 17:15:49][INFO][Rank 0] - train Epoch 13/24: 5.7% (110/1940)
[2025-11-18 17:15:56][INFO][Rank 0] - train Epoch 13/24: 6.2% (120/1940)
[2025-11-18 17:16:03][INFO][Rank 0] - train Epoch 13/24: 6.7% (130/1940)
[2025-11-18 17:16:10][INFO][Rank 0] - train Epoch 13/24: 7.2% (140/1940)
[2025-11-18 17:16:17][INFO][Rank 0] - train Epoch 13/24: 7.7% (150/1940)
[2025-11-18 17:16:24][INFO][Rank 0] - train Epoch 13/24: 8.2% (160/1940)
[2025-11-18 17:16:31][INFO][Rank 0] - train Epoch 13/24: 8.8% (170/1940)
[2025-11-18 17:16:39][INFO][Rank 0] - train Epoch 13/24: 9.3% (180/1940)
[2025-11-18 17:16:39][INFO][Rank 0] - CUDA Memory [train][Step 180]: Device 0: Allocated: 3309.6 MB, Reserved: 117540.0 MB (Δ: +1687.0 MB)
[2025-11-18 17:16:46][INFO][Rank 0] - train Epoch 13/24: 9.8% (190/1940)
[2025-11-18 17:16:53][INFO][Rank 0] - train Epoch 13/24: 10.3% (200/1940)
[2025-11-18 17:17:00][INFO][Rank 0] - train Epoch 13/24: 10.8% (210/1940)
[2025-11-18 17:17:07][INFO][Rank 0] - train Epoch 13/24: 11.3% (220/1940)
[2025-11-18 17:17:14][INFO][Rank 0] - train Epoch 13/24: 11.9% (230/1940)
[2025-11-18 17:17:21][INFO][Rank 0] - train Epoch 13/24: 12.4% (240/1940)
[2025-11-18 17:17:28][INFO][Rank 0] - train Epoch 13/24: 12.9% (250/1940)
[2025-11-18 17:17:35][INFO][Rank 0] - train Epoch 13/24: 13.4% (260/1940)
[2025-11-18 17:17:42][INFO][Rank 0] - train Epoch 13/24: 13.9% (270/1940)
[2025-11-18 17:17:43][INFO][Rank 0] - CUDA Memory [train][Step 270]: Device 0: Allocated: 3309.6 MB, Reserved: 117540.0 MB (Δ: +1687.0 MB)
[2025-11-18 17:17:49][INFO][Rank 0] - train Epoch 13/24: 14.4% (280/1940)
[2025-11-18 17:17:56][INFO][Rank 0] - train Epoch 13/24: 14.9% (290/1940)
[2025-11-18 17:18:03][INFO][Rank 0] - train Epoch 13/24: 15.5% (300/1940)
[2025-11-18 17:18:10][INFO][Rank 0] - train Epoch 13/24: 16.0% (310/1940)
[2025-11-18 17:18:17][INFO][Rank 0] - train Epoch 13/24: 16.5% (320/1940)
[2025-11-18 17:18:25][INFO][Rank 0] - train Epoch 13/24: 17.0% (330/1940)
[2025-11-18 17:18:32][INFO][Rank 0] - train Epoch 13/24: 17.5% (340/1940)
[2025-11-18 17:18:39][INFO][Rank 0] - train Epoch 13/24: 18.0% (350/1940)
[2025-11-18 17:18:46][INFO][Rank 0] - train Epoch 13/24: 18.6% (360/1940)
[2025-11-18 17:18:46][INFO][Rank 0] - CUDA Memory [train][Step 360]: Device 0: Allocated: 3309.6 MB, Reserved: 117540.0 MB (Δ: +1687.0 MB)
[2025-11-18 17:18:53][INFO][Rank 0] - train Epoch 13/24: 19.1% (370/1940)
[2025-11-18 17:19:00][INFO][Rank 0] - train Epoch 13/24: 19.6% (380/1940)
[2025-11-18 17:19:07][INFO][Rank 0] - train Epoch 13/24: 20.1% (390/1940)
[2025-11-18 17:19:14][INFO][Rank 0] - train Epoch 13/24: 20.6% (400/1940)
[2025-11-18 17:19:21][INFO][Rank 0] - train Epoch 13/24: 21.1% (410/1940)
[2025-11-18 17:19:28][INFO][Rank 0] - train Epoch 13/24: 21.6% (420/1940)
[2025-11-18 17:19:35][INFO][Rank 0] - train Epoch 13/24: 22.2% (430/1940)
[2025-11-18 17:19:42][INFO][Rank 0] - train Epoch 13/24: 22.7% (440/1940)
[2025-11-18 17:19:49][INFO][Rank 0] - train Epoch 13/24: 23.2% (450/1940)
[2025-11-18 17:19:50][INFO][Rank 0] - CUDA Memory [train][Step 450]: Device 0: Allocated: 3309.6 MB, Reserved: 117540.0 MB (Δ: +1687.0 MB)
[2025-11-18 17:19:56][INFO][Rank 0] - train Epoch 13/24: 23.7% (460/1940)
[2025-11-18 17:20:03][INFO][Rank 0] - train Epoch 13/24: 24.2% (470/1940)
[2025-11-18 17:20:10][INFO][Rank 0] - train Epoch 13/24: 24.7% (480/1940)
[2025-11-18 17:20:18][INFO][Rank 0] - train Epoch 13/24: 25.3% (490/1940)
[2025-11-18 17:20:25][INFO][Rank 0] - train Epoch 13/24: 25.8% (500/1940)
[2025-11-18 17:20:32][INFO][Rank 0] - train Epoch 13/24: 26.3% (510/1940)
[2025-11-18 17:20:39][INFO][Rank 0] - train Epoch 13/24: 26.8% (520/1940)
[2025-11-18 17:20:46][INFO][Rank 0] - train Epoch 13/24: 27.3% (530/1940)
[2025-11-18 17:20:53][INFO][Rank 0] - train Epoch 13/24: 27.8% (540/1940)
[2025-11-18 17:20:54][INFO][Rank 0] - CUDA Memory [train][Step 540]: Device 0: Allocated: 3309.6 MB, Reserved: 117540.0 MB (Δ: +1687.0 MB)
[2025-11-18 17:21:00][INFO][Rank 0] - train Epoch 13/24: 28.4% (550/1940)
[2025-11-18 17:21:07][INFO][Rank 0] - train Epoch 13/24: 28.9% (560/1940)
[2025-11-18 17:21:14][INFO][Rank 0] - train Epoch 13/24: 29.4% (570/1940)
[2025-11-18 17:21:21][INFO][Rank 0] - train Epoch 13/24: 29.9% (580/1940)
[2025-11-18 17:21:28][INFO][Rank 0] - train Epoch 13/24: 30.4% (590/1940)
[2025-11-18 17:21:35][INFO][Rank 0] - train Epoch 13/24: 30.9% (600/1940)
[2025-11-18 17:21:42][INFO][Rank 0] - train Epoch 13/24: 31.4% (610/1940)
[2025-11-18 17:21:49][INFO][Rank 0] - train Epoch 13/24: 32.0% (620/1940)
[2025-11-18 17:21:56][INFO][Rank 0] - train Epoch 13/24: 32.5% (630/1940)
[2025-11-18 17:21:57][INFO][Rank 0] - CUDA Memory [train][Step 630]: Device 0: Allocated: 3309.6 MB, Reserved: 117540.0 MB (Δ: +1687.0 MB)
[2025-11-18 17:22:03][INFO][Rank 0] - train Epoch 13/24: 33.0% (640/1940)
[2025-11-18 17:22:11][INFO][Rank 0] - train Epoch 13/24: 33.5% (650/1940)
[2025-11-18 17:22:18][INFO][Rank 0] - train Epoch 13/24: 34.0% (660/1940)
[2025-11-18 17:22:25][INFO][Rank 0] - train Epoch 13/24: 34.5% (670/1940)
[2025-11-18 17:22:32][INFO][Rank 0] - train Epoch 13/24: 35.1% (680/1940)
[2025-11-18 17:22:39][INFO][Rank 0] - train Epoch 13/24: 35.6% (690/1940)
[2025-11-18 17:22:46][INFO][Rank 0] - train Epoch 13/24: 36.1% (700/1940)
[2025-11-18 17:22:53][INFO][Rank 0] - train Epoch 13/24: 36.6% (710/1940)
[2025-11-18 17:23:00][INFO][Rank 0] - train Epoch 13/24: 37.1% (720/1940)
[2025-11-18 17:23:01][INFO][Rank 0] - CUDA Memory [train][Step 720]: Device 0: Allocated: 3309.6 MB, Reserved: 117540.0 MB (Δ: +1687.0 MB)
[2025-11-18 17:23:07][INFO][Rank 0] - train Epoch 13/24: 37.6% (730/1940)
[2025-11-18 17:23:14][INFO][Rank 0] - train Epoch 13/24: 38.1% (740/1940)
[2025-11-18 17:23:21][INFO][Rank 0] - train Epoch 13/24: 38.7% (750/1940)
[2025-11-18 17:23:28][INFO][Rank 0] - train Epoch 13/24: 39.2% (760/1940)
[2025-11-18 17:23:35][INFO][Rank 0] - train Epoch 13/24: 39.7% (770/1940)
[2025-11-18 17:23:42][INFO][Rank 0] - train Epoch 13/24: 40.2% (780/1940)
[2025-11-18 17:23:49][INFO][Rank 0] - train Epoch 13/24: 40.7% (790/1940)
[2025-11-18 17:23:57][INFO][Rank 0] - train Epoch 13/24: 41.2% (800/1940)
[2025-11-18 17:24:04][INFO][Rank 0] - train Epoch 13/24: 41.8% (810/1940)
[2025-11-18 17:24:04][INFO][Rank 0] - CUDA Memory [train][Step 810]: Device 0: Allocated: 3309.6 MB, Reserved: 117540.0 MB (Δ: +1687.0 MB)
[2025-11-18 17:24:11][INFO][Rank 0] - train Epoch 13/24: 42.3% (820/1940)
[2025-11-18 17:24:18][INFO][Rank 0] - train Epoch 13/24: 42.8% (830/1940)
[2025-11-18 17:24:25][INFO][Rank 0] - train Epoch 13/24: 43.3% (840/1940)
[2025-11-18 17:24:32][INFO][Rank 0] - train Epoch 13/24: 43.8% (850/1940)
[2025-11-18 17:24:39][INFO][Rank 0] - train Epoch 13/24: 44.3% (860/1940)
[2025-11-18 17:24:46][INFO][Rank 0] - train Epoch 13/24: 44.8% (870/1940)
[2025-11-18 17:24:53][INFO][Rank 0] - train Epoch 13/24: 45.4% (880/1940)
[2025-11-18 17:25:00][INFO][Rank 0] - train Epoch 13/24: 45.9% (890/1940)
[2025-11-18 17:25:07][INFO][Rank 0] - train Epoch 13/24: 46.4% (900/1940)
[2025-11-18 17:25:08][INFO][Rank 0] - CUDA Memory [train][Step 900]: Device 0: Allocated: 3309.6 MB, Reserved: 117540.0 MB (Δ: +1687.0 MB)
[2025-11-18 17:25:14][INFO][Rank 0] - train Epoch 13/24: 46.9% (910/1940)
[2025-11-18 17:25:21][INFO][Rank 0] - train Epoch 13/24: 47.4% (920/1940)
[2025-11-18 17:25:28][INFO][Rank 0] - train Epoch 13/24: 47.9% (930/1940)
[2025-11-18 17:25:35][INFO][Rank 0] - train Epoch 13/24: 48.5% (940/1940)
[2025-11-18 17:25:42][INFO][Rank 0] - train Epoch 13/24: 49.0% (950/1940)
[2025-11-18 17:25:50][INFO][Rank 0] - train Epoch 13/24: 49.5% (960/1940)
[2025-11-18 17:25:57][INFO][Rank 0] - train Epoch 13/24: 50.0% (970/1940)
[2025-11-18 17:26:04][INFO][Rank 0] - train Epoch 13/24: 50.5% (980/1940)
[2025-11-18 17:26:11][INFO][Rank 0] - train Epoch 13/24: 51.0% (990/1940)
[2025-11-18 17:26:11][INFO][Rank 0] - CUDA Memory [train][Step 990]: Device 0: Allocated: 3309.6 MB, Reserved: 117540.0 MB (Δ: +1687.0 MB)
[2025-11-18 17:26:18][INFO][Rank 0] - train Epoch 13/24: 51.5% (1000/1940)
[2025-11-18 17:26:25][INFO][Rank 0] - train Epoch 13/24: 52.1% (1010/1940)
[2025-11-18 17:26:32][INFO][Rank 0] - train Epoch 13/24: 52.6% (1020/1940)
[2025-11-18 17:26:39][INFO][Rank 0] - train Epoch 13/24: 53.1% (1030/1940)
[2025-11-18 17:26:46][INFO][Rank 0] - train Epoch 13/24: 53.6% (1040/1940)
[2025-11-18 17:26:53][INFO][Rank 0] - train Epoch 13/24: 54.1% (1050/1940)
[2025-11-18 17:27:00][INFO][Rank 0] - train Epoch 13/24: 54.6% (1060/1940)
[2025-11-18 17:27:07][INFO][Rank 0] - train Epoch 13/24: 55.2% (1070/1940)
[2025-11-18 17:27:14][INFO][Rank 0] - train Epoch 13/24: 55.7% (1080/1940)
[2025-11-18 17:27:15][INFO][Rank 0] - CUDA Memory [train][Step 1080]: Device 0: Allocated: 3309.6 MB, Reserved: 117540.0 MB (Δ: +1687.0 MB)
[2025-11-18 17:27:21][INFO][Rank 0] - train Epoch 13/24: 56.2% (1090/1940)
[2025-11-18 17:27:28][INFO][Rank 0] - train Epoch 13/24: 56.7% (1100/1940)
[2025-11-18 17:27:36][INFO][Rank 0] - train Epoch 13/24: 57.2% (1110/1940)
[2025-11-18 17:27:43][INFO][Rank 0] - train Epoch 13/24: 57.7% (1120/1940)
[2025-11-18 17:27:50][INFO][Rank 0] - train Epoch 13/24: 58.2% (1130/1940)
[2025-11-18 17:27:57][INFO][Rank 0] - train Epoch 13/24: 58.8% (1140/1940)
[2025-11-18 17:28:04][INFO][Rank 0] - train Epoch 13/24: 59.3% (1150/1940)
[2025-11-18 17:28:11][INFO][Rank 0] - train Epoch 13/24: 59.8% (1160/1940)
[2025-11-18 17:28:18][INFO][Rank 0] - train Epoch 13/24: 60.3% (1170/1940)
[2025-11-18 17:28:19][INFO][Rank 0] - CUDA Memory [train][Step 1170]: Device 0: Allocated: 3309.6 MB, Reserved: 117540.0 MB (Δ: +1687.0 MB)
[2025-11-18 17:28:25][INFO][Rank 0] - train Epoch 13/24: 60.8% (1180/1940)
[2025-11-18 17:28:32][INFO][Rank 0] - train Epoch 13/24: 61.3% (1190/1940)
[2025-11-18 17:28:39][INFO][Rank 0] - train Epoch 13/24: 61.9% (1200/1940)
[2025-11-18 17:28:46][INFO][Rank 0] - train Epoch 13/24: 62.4% (1210/1940)
[2025-11-18 17:28:53][INFO][Rank 0] - train Epoch 13/24: 62.9% (1220/1940)
[2025-11-18 17:29:00][INFO][Rank 0] - train Epoch 13/24: 63.4% (1230/1940)
[2025-11-18 17:29:07][INFO][Rank 0] - train Epoch 13/24: 63.9% (1240/1940)
[2025-11-18 17:29:14][INFO][Rank 0] - train Epoch 13/24: 64.4% (1250/1940)
[2025-11-18 17:29:21][INFO][Rank 0] - train Epoch 13/24: 64.9% (1260/1940)
[2025-11-18 17:29:22][INFO][Rank 0] - CUDA Memory [train][Step 1260]: Device 0: Allocated: 3309.6 MB, Reserved: 117540.0 MB (Δ: +1687.0 MB)
[2025-11-18 17:29:28][INFO][Rank 0] - train Epoch 13/24: 65.5% (1270/1940)
[2025-11-18 17:29:36][INFO][Rank 0] - train Epoch 13/24: 66.0% (1280/1940)
[2025-11-18 17:29:43][INFO][Rank 0] - train Epoch 13/24: 66.5% (1290/1940)
[2025-11-18 17:29:50][INFO][Rank 0] - train Epoch 13/24: 67.0% (1300/1940)
[2025-11-18 17:29:57][INFO][Rank 0] - train Epoch 13/24: 67.5% (1310/1940)
[2025-11-18 17:30:04][INFO][Rank 0] - train Epoch 13/24: 68.0% (1320/1940)
[2025-11-18 17:30:11][INFO][Rank 0] - train Epoch 13/24: 68.6% (1330/1940)
[2025-11-18 17:30:18][INFO][Rank 0] - train Epoch 13/24: 69.1% (1340/1940)
[2025-11-18 17:30:25][INFO][Rank 0] - train Epoch 13/24: 69.6% (1350/1940)
[2025-11-18 17:30:26][INFO][Rank 0] - CUDA Memory [train][Step 1350]: Device 0: Allocated: 3309.6 MB, Reserved: 117540.0 MB (Δ: +1687.0 MB)
[2025-11-18 17:30:32][INFO][Rank 0] - train Epoch 13/24: 70.1% (1360/1940)
[2025-11-18 17:30:39][INFO][Rank 0] - train Epoch 13/24: 70.6% (1370/1940)
[2025-11-18 17:30:46][INFO][Rank 0] - train Epoch 13/24: 71.1% (1380/1940)
[2025-11-18 17:30:53][INFO][Rank 0] - train Epoch 13/24: 71.6% (1390/1940)
[2025-11-18 17:31:00][INFO][Rank 0] - train Epoch 13/24: 72.2% (1400/1940)
[2025-11-18 17:31:07][INFO][Rank 0] - train Epoch 13/24: 72.7% (1410/1940)
[2025-11-18 17:31:14][INFO][Rank 0] - train Epoch 13/24: 73.2% (1420/1940)
[2025-11-18 17:31:22][INFO][Rank 0] - train Epoch 13/24: 73.7% (1430/1940)
[2025-11-18 17:31:29][INFO][Rank 0] - train Epoch 13/24: 74.2% (1440/1940)
[2025-11-18 17:31:29][INFO][Rank 0] - CUDA Memory [train][Step 1440]: Device 0: Allocated: 3309.6 MB, Reserved: 117540.0 MB (Δ: +1687.0 MB)
[2025-11-18 17:31:36][INFO][Rank 0] - train Epoch 13/24: 74.7% (1450/1940)
[2025-11-18 17:31:43][INFO][Rank 0] - train Epoch 13/24: 75.3% (1460/1940)
[2025-11-18 17:31:50][INFO][Rank 0] - train Epoch 13/24: 75.8% (1470/1940)
[2025-11-18 17:31:57][INFO][Rank 0] - train Epoch 13/24: 76.3% (1480/1940)
[2025-11-18 17:32:04][INFO][Rank 0] - train Epoch 13/24: 76.8% (1490/1940)
[2025-11-18 17:32:11][INFO][Rank 0] - train Epoch 13/24: 77.3% (1500/1940)
[2025-11-18 17:32:18][INFO][Rank 0] - train Epoch 13/24: 77.8% (1510/1940)
[2025-11-18 17:32:25][INFO][Rank 0] - train Epoch 13/24: 78.4% (1520/1940)
[2025-11-18 17:32:32][INFO][Rank 0] - train Epoch 13/24: 78.9% (1530/1940)
[2025-11-18 17:32:33][INFO][Rank 0] - CUDA Memory [train][Step 1530]: Device 0: Allocated: 3309.6 MB, Reserved: 117540.0 MB (Δ: +1687.0 MB)
[2025-11-18 17:32:39][INFO][Rank 0] - train Epoch 13/24: 79.4% (1540/1940)
[2025-11-18 17:32:46][INFO][Rank 0] - train Epoch 13/24: 79.9% (1550/1940)
[2025-11-18 17:32:53][INFO][Rank 0] - train Epoch 13/24: 80.4% (1560/1940)
[2025-11-18 17:33:00][INFO][Rank 0] - train Epoch 13/24: 80.9% (1570/1940)
[2025-11-18 17:33:07][INFO][Rank 0] - train Epoch 13/24: 81.4% (1580/1940)
[2025-11-18 17:33:15][INFO][Rank 0] - train Epoch 13/24: 82.0% (1590/1940)
[2025-11-18 17:33:22][INFO][Rank 0] - train Epoch 13/24: 82.5% (1600/1940)
[2025-11-18 17:33:29][INFO][Rank 0] - train Epoch 13/24: 83.0% (1610/1940)
[2025-11-18 17:33:36][INFO][Rank 0] - train Epoch 13/24: 83.5% (1620/1940)
[2025-11-18 17:33:36][INFO][Rank 0] - CUDA Memory [train][Step 1620]: Device 0: Allocated: 3309.6 MB, Reserved: 117540.0 MB (Δ: +1687.0 MB)
[2025-11-18 17:33:43][INFO][Rank 0] - train Epoch 13/24: 84.0% (1630/1940)
[2025-11-18 17:33:50][INFO][Rank 0] - train Epoch 13/24: 84.5% (1640/1940)
[2025-11-18 17:33:57][INFO][Rank 0] - train Epoch 13/24: 85.1% (1650/1940)
[2025-11-18 17:34:04][INFO][Rank 0] - train Epoch 13/24: 85.6% (1660/1940)
[2025-11-18 17:34:11][INFO][Rank 0] - train Epoch 13/24: 86.1% (1670/1940)
[2025-11-18 17:34:18][INFO][Rank 0] - train Epoch 13/24: 86.6% (1680/1940)
[2025-11-18 17:34:25][INFO][Rank 0] - train Epoch 13/24: 87.1% (1690/1940)
[2025-11-18 17:34:32][INFO][Rank 0] - train Epoch 13/24: 87.6% (1700/1940)
[2025-11-18 17:34:39][INFO][Rank 0] - train Epoch 13/24: 88.1% (1710/1940)
[2025-11-18 17:34:40][INFO][Rank 0] - CUDA Memory [train][Step 1710]: Device 0: Allocated: 3309.6 MB, Reserved: 117540.0 MB (Δ: +1687.0 MB)
[2025-11-18 17:34:46][INFO][Rank 0] - train Epoch 13/24: 88.7% (1720/1940)
[2025-11-18 17:34:53][INFO][Rank 0] - train Epoch 13/24: 89.2% (1730/1940)
[2025-11-18 17:35:00][INFO][Rank 0] - train Epoch 13/24: 89.7% (1740/1940)
[2025-11-18 17:35:08][INFO][Rank 0] - train Epoch 13/24: 90.2% (1750/1940)
[2025-11-18 17:35:15][INFO][Rank 0] - train Epoch 13/24: 90.7% (1760/1940)
[2025-11-18 17:35:22][INFO][Rank 0] - train Epoch 13/24: 91.2% (1770/1940)
[2025-11-18 17:35:29][INFO][Rank 0] - train Epoch 13/24: 91.8% (1780/1940)
[2025-11-18 17:35:36][INFO][Rank 0] - train Epoch 13/24: 92.3% (1790/1940)
[2025-11-18 17:35:43][INFO][Rank 0] - train Epoch 13/24: 92.8% (1800/1940)
[2025-11-18 17:35:44][INFO][Rank 0] - CUDA Memory [train][Step 1800]: Device 0: Allocated: 3309.6 MB, Reserved: 117540.0 MB (Δ: +1687.0 MB)
[2025-11-18 17:35:50][INFO][Rank 0] - train Epoch 13/24: 93.3% (1810/1940)
[2025-11-18 17:35:57][INFO][Rank 0] - train Epoch 13/24: 93.8% (1820/1940)
[2025-11-18 17:36:04][INFO][Rank 0] - train Epoch 13/24: 94.3% (1830/1940)
[2025-11-18 17:36:11][INFO][Rank 0] - train Epoch 13/24: 94.8% (1840/1940)
[2025-11-18 17:36:18][INFO][Rank 0] - train Epoch 13/24: 95.4% (1850/1940)
[2025-11-18 17:36:25][INFO][Rank 0] - train Epoch 13/24: 95.9% (1860/1940)
[2025-11-18 17:36:32][INFO][Rank 0] - train Epoch 13/24: 96.4% (1870/1940)
[2025-11-18 17:36:39][INFO][Rank 0] - train Epoch 13/24: 96.9% (1880/1940)
[2025-11-18 17:36:46][INFO][Rank 0] - train Epoch 13/24: 97.4% (1890/1940)
[2025-11-18 17:36:47][INFO][Rank 0] - CUDA Memory [train][Step 1890]: Device 0: Allocated: 3309.6 MB, Reserved: 117540.0 MB (Δ: +1687.0 MB)
[2025-11-18 17:36:54][INFO][Rank 0] - train Epoch 13/24: 97.9% (1900/1940)
[2025-11-18 17:37:01][INFO][Rank 0] - train Epoch 13/24: 98.5% (1910/1940)
[2025-11-18 17:37:08][INFO][Rank 0] - train Epoch 13/24: 99.0% (1920/1940)
[2025-11-18 17:37:15][INFO][Rank 0] - train Epoch 13/24: 99.5% (1930/1940)
[2025-11-18 17:37:21][INFO][Rank 0] - train Epoch 13/24: 99.9% (1939/1940)
[2025-11-18 17:37:22][INFO][Rank 0] - train Loss: 0.1566 Acc: 0.9719 F1: 0.9854
[2025-11-18 17:37:22][INFO][Rank 0] - train Balanced Acc: 0.8945 AUC-ROC: 0.9696
[2025-11-18 17:37:22][INFO][Rank 0] - train Sensitivity: 0.9762 Specificity: 0.8129
[2025-11-18 17:37:22][INFO][Rank 0] - train Confusion Matrix: TP=18437, FP=96, FN=450, TN=417
[2025-11-18 17:37:22][INFO][Rank 0] - train completed in 1371.04s
[2025-11-18 17:37:22][INFO][Rank 0] - Data loading time: 1.05s, Forward time: 278.79s, Backward time: 742.67s
[2025-11-18 17:37:22][INFO][Rank 0] - train cache: 0/1 items, hit rate: 0.00%
[2025-11-18 17:37:22][INFO][Rank 0] - CUDA Memory [val][Step 0]: Device 0: Allocated: 3309.6 MB, Reserved: 117540.0 MB (Δ: +1687.0 MB)
[2025-11-18 17:37:22][INFO][Rank 0] - val phase: total 407 batches
[2025-11-18 17:37:22][INFO][Rank 0] - val Epoch 13/24: 0.0% (0/407)
[2025-11-18 17:37:27][INFO][Rank 0] - val Epoch 13/24: 2.5% (10/407)
[2025-11-18 17:37:32][INFO][Rank 0] - val Epoch 13/24: 4.9% (20/407)
[2025-11-18 17:37:37][INFO][Rank 0] - val Epoch 13/24: 7.4% (30/407)
[2025-11-18 17:37:42][INFO][Rank 0] - val Epoch 13/24: 9.8% (40/407)
[2025-11-18 17:37:47][INFO][Rank 0] - val Epoch 13/24: 12.3% (50/407)
[2025-11-18 17:37:52][INFO][Rank 0] - val Epoch 13/24: 14.7% (60/407)
[2025-11-18 17:37:57][INFO][Rank 0] - val Epoch 13/24: 17.2% (70/407)
[2025-11-18 17:38:02][INFO][Rank 0] - val Epoch 13/24: 19.7% (80/407)
[2025-11-18 17:38:07][INFO][Rank 0] - val Epoch 13/24: 22.1% (90/407)
[2025-11-18 17:38:12][INFO][Rank 0] - val Epoch 13/24: 24.6% (100/407)
[2025-11-18 17:38:17][INFO][Rank 0] - val Epoch 13/24: 27.0% (110/407)
[2025-11-18 17:38:22][INFO][Rank 0] - val Epoch 13/24: 29.5% (120/407)
[2025-11-18 17:38:22][INFO][Rank 0] - CUDA Memory [val][Step 120]: Device 0: Allocated: 3309.6 MB, Reserved: 117540.0 MB (Δ: +1687.0 MB)
[2025-11-18 17:38:27][INFO][Rank 0] - val Epoch 13/24: 31.9% (130/407)
[2025-11-18 17:38:32][INFO][Rank 0] - val Epoch 13/24: 34.4% (140/407)
[2025-11-18 17:38:36][INFO][Rank 0] - val Epoch 13/24: 36.9% (150/407)
[2025-11-18 17:38:41][INFO][Rank 0] - val Epoch 13/24: 39.3% (160/407)
[2025-11-18 17:38:46][INFO][Rank 0] - val Epoch 13/24: 41.8% (170/407)
[2025-11-18 17:38:51][INFO][Rank 0] - val Epoch 13/24: 44.2% (180/407)
[2025-11-18 17:38:56][INFO][Rank 0] - val Epoch 13/24: 46.7% (190/407)
[2025-11-18 17:39:01][INFO][Rank 0] - val Epoch 13/24: 49.1% (200/407)
[2025-11-18 17:39:06][INFO][Rank 0] - val Epoch 13/24: 51.6% (210/407)
[2025-11-18 17:39:11][INFO][Rank 0] - val Epoch 13/24: 54.1% (220/407)
[2025-11-18 17:39:16][INFO][Rank 0] - val Epoch 13/24: 56.5% (230/407)
[2025-11-18 17:39:21][INFO][Rank 0] - val Epoch 13/24: 59.0% (240/407)
[2025-11-18 17:39:26][INFO][Rank 0] - val Epoch 13/24: 61.4% (250/407)
[2025-11-18 17:39:31][INFO][Rank 0] - val Epoch 13/24: 63.9% (260/407)
[2025-11-18 17:39:36][INFO][Rank 0] - val Epoch 13/24: 66.3% (270/407)
[2025-11-18 17:39:37][INFO][Rank 0] - CUDA Memory [val][Step 270]: Device 0: Allocated: 3309.6 MB, Reserved: 117540.0 MB (Δ: +1687.0 MB)
[2025-11-18 17:39:41][INFO][Rank 0] - val Epoch 13/24: 68.8% (280/407)
[2025-11-18 17:39:46][INFO][Rank 0] - val Epoch 13/24: 71.3% (290/407)
[2025-11-18 17:39:51][INFO][Rank 0] - val Epoch 13/24: 73.7% (300/407)
[2025-11-18 17:39:56][INFO][Rank 0] - val Epoch 13/24: 76.2% (310/407)
[2025-11-18 17:40:01][INFO][Rank 0] - val Epoch 13/24: 78.6% (320/407)
[2025-11-18 17:40:06][INFO][Rank 0] - val Epoch 13/24: 81.1% (330/407)
[2025-11-18 17:40:11][INFO][Rank 0] - val Epoch 13/24: 83.5% (340/407)
[2025-11-18 17:40:16][INFO][Rank 0] - val Epoch 13/24: 86.0% (350/407)
[2025-11-18 17:40:21][INFO][Rank 0] - val Epoch 13/24: 88.5% (360/407)
[2025-11-18 17:40:26][INFO][Rank 0] - val Epoch 13/24: 90.9% (370/407)
[2025-11-18 17:40:31][INFO][Rank 0] - val Epoch 13/24: 93.4% (380/407)
[2025-11-18 17:40:36][INFO][Rank 0] - val Epoch 13/24: 95.8% (390/407)
[2025-11-18 17:40:41][INFO][Rank 0] - val Epoch 13/24: 98.3% (400/407)
[2025-11-18 17:40:44][INFO][Rank 0] - val Epoch 13/24: 99.8% (406/407)
[2025-11-18 17:40:44][INFO][Rank 0] - val Loss: 0.1043 Acc: 0.9641 F1: 0.9814
[2025-11-18 17:40:44][INFO][Rank 0] - val Balanced Acc: 0.9362 AUC-ROC: 0.9839
[2025-11-18 17:40:44][INFO][Rank 0] - val Sensitivity: 0.9654 Specificity: 0.9070
[2025-11-18 17:40:44][INFO][Rank 0] - val Confusion Matrix: TP=3846, FP=8, FN=138, TN=78
[2025-11-18 17:40:44][INFO][Rank 0] - val completed in 202.23s
[2025-11-18 17:40:44][INFO][Rank 0] - val cache: 0/1 items, hit rate: 0.00%
[2025-11-18 17:40:49][INFO][Rank 0] - Saved new best balanced_acc model with balanced_acc: 0.9362 at /projects/retprogression/rgarridogarcia/checkpoints/cropped1024_cropped_centered_allR_1/best_balanced_acc_model.pth
[2025-11-18 17:40:54][INFO][Rank 0] - Also saved as general best model at /projects/retprogression/rgarridogarcia/checkpoints/cropped1024_cropped_centered_allR_1/best_model.pth
[2025-11-18 17:40:59][INFO][Rank 0] - Saved new best auc model with auc: 0.9839 at /projects/retprogression/rgarridogarcia/checkpoints/cropped1024_cropped_centered_allR_1/best_auc_model.pth
[2025-11-18 17:41:03][INFO][Rank 0] - Saved epoch checkpoint at /projects/retprogression/rgarridogarcia/checkpoints/cropped1024_cropped_centered_allR_1/epoch_13.pth
[2025-11-18 17:41:03][INFO][Rank 0] - Epoch 13 summary:
[2025-11-18 17:41:03][INFO][Rank 0] -  Train Loss: 0.1566, Train Acc: 0.9719, Train F1: 0.9854
[2025-11-18 17:41:03][INFO][Rank 0] -  Train Balanced Acc: 0.8945, Train AUC: 0.9696
[2025-11-18 17:41:03][INFO][Rank 0] -  Train Sensitivity: 0.9762, Train Specificity: 0.8129
[2025-11-18 17:41:03][INFO][Rank 0] -  Val Loss: 0.1043, Val Acc: 0.9641, Val F1: 0.9814
[2025-11-18 17:41:03][INFO][Rank 0] -  Val Balanced Acc: 0.9362, Val AUC: 0.9839
[2025-11-18 17:41:03][INFO][Rank 0] -  Val Sensitivity: 0.9654, Val Specificity: 0.9070
[2025-11-18 17:41:03][INFO][Rank 0] -  Total Epoch Time: 1592.63s
[2025-11-18 17:41:03][INFO][Rank 0] - Epoch 14/24
[2025-11-18 17:41:03][INFO][Rank 0] - ----------
[2025-11-18 17:41:03][INFO][Rank 0] - CUDA Memory [train][Step 0]: Device 0: Allocated: 3309.6 MB, Reserved: 117540.0 MB (Δ: +1687.0 MB)
[2025-11-18 17:41:03][INFO][Rank 0] - train phase: total 1940 batches
[2025-11-18 17:41:04][INFO][Rank 0] - train Epoch 14/24: 0.0% (0/1940)
[2025-11-18 17:41:11][INFO][Rank 0] - train Epoch 14/24: 0.5% (10/1940)
[2025-11-18 17:41:18][INFO][Rank 0] - train Epoch 14/24: 1.0% (20/1940)
[2025-11-18 17:41:25][INFO][Rank 0] - train Epoch 14/24: 1.5% (30/1940)
[2025-11-18 17:41:32][INFO][Rank 0] - train Epoch 14/24: 2.1% (40/1940)
[2025-11-18 17:41:39][INFO][Rank 0] - train Epoch 14/24: 2.6% (50/1940)
[2025-11-18 17:41:47][INFO][Rank 0] - train Epoch 14/24: 3.1% (60/1940)
[2025-11-18 17:41:54][INFO][Rank 0] - train Epoch 14/24: 3.6% (70/1940)
[2025-11-18 17:42:01][INFO][Rank 0] - train Epoch 14/24: 4.1% (80/1940)
[2025-11-18 17:42:08][INFO][Rank 0] - train Epoch 14/24: 4.6% (90/1940)
[2025-11-18 17:42:08][INFO][Rank 0] - CUDA Memory [train][Step 90]: Device 0: Allocated: 3309.6 MB, Reserved: 117540.0 MB (Δ: +1687.0 MB)
[2025-11-18 17:42:15][INFO][Rank 0] - train Epoch 14/24: 5.2% (100/1940)
[2025-11-18 17:42:22][INFO][Rank 0] - train Epoch 14/24: 5.7% (110/1940)
[2025-11-18 17:42:29][INFO][Rank 0] - train Epoch 14/24: 6.2% (120/1940)
[2025-11-18 17:42:36][INFO][Rank 0] - train Epoch 14/24: 6.7% (130/1940)
[2025-11-18 17:42:43][INFO][Rank 0] - train Epoch 14/24: 7.2% (140/1940)
[2025-11-18 17:42:50][INFO][Rank 0] - train Epoch 14/24: 7.7% (150/1940)
[2025-11-18 17:42:57][INFO][Rank 0] - train Epoch 14/24: 8.2% (160/1940)
[2025-11-18 17:43:05][INFO][Rank 0] - train Epoch 14/24: 8.8% (170/1940)
[2025-11-18 17:43:12][INFO][Rank 0] - train Epoch 14/24: 9.3% (180/1940)
[2025-11-18 17:43:12][INFO][Rank 0] - CUDA Memory [train][Step 180]: Device 0: Allocated: 3309.6 MB, Reserved: 117540.0 MB (Δ: +1687.0 MB)
[2025-11-18 17:43:19][INFO][Rank 0] - train Epoch 14/24: 9.8% (190/1940)
[2025-11-18 17:43:26][INFO][Rank 0] - train Epoch 14/24: 10.3% (200/1940)
[2025-11-18 17:43:33][INFO][Rank 0] - train Epoch 14/24: 10.8% (210/1940)
[2025-11-18 17:43:40][INFO][Rank 0] - train Epoch 14/24: 11.3% (220/1940)
[2025-11-18 17:43:47][INFO][Rank 0] - train Epoch 14/24: 11.9% (230/1940)
[2025-11-18 17:43:54][INFO][Rank 0] - train Epoch 14/24: 12.4% (240/1940)
[2025-11-18 17:44:01][INFO][Rank 0] - train Epoch 14/24: 12.9% (250/1940)
[2025-11-18 17:44:08][INFO][Rank 0] - train Epoch 14/24: 13.4% (260/1940)
[2025-11-18 17:44:15][INFO][Rank 0] - train Epoch 14/24: 13.9% (270/1940)
[2025-11-18 17:44:16][INFO][Rank 0] - CUDA Memory [train][Step 270]: Device 0: Allocated: 3309.6 MB, Reserved: 117540.0 MB (Δ: +1687.0 MB)
[2025-11-18 17:44:22][INFO][Rank 0] - train Epoch 14/24: 14.4% (280/1940)
[2025-11-18 17:44:29][INFO][Rank 0] - train Epoch 14/24: 14.9% (290/1940)
[2025-11-18 17:44:36][INFO][Rank 0] - train Epoch 14/24: 15.5% (300/1940)
[2025-11-18 17:44:44][INFO][Rank 0] - train Epoch 14/24: 16.0% (310/1940)
[2025-11-18 17:44:51][INFO][Rank 0] - train Epoch 14/24: 16.5% (320/1940)
[2025-11-18 17:44:58][INFO][Rank 0] - train Epoch 14/24: 17.0% (330/1940)
[2025-11-18 17:45:05][INFO][Rank 0] - train Epoch 14/24: 17.5% (340/1940)
[2025-11-18 17:45:12][INFO][Rank 0] - train Epoch 14/24: 18.0% (350/1940)
[2025-11-18 17:45:19][INFO][Rank 0] - train Epoch 14/24: 18.6% (360/1940)
[2025-11-18 17:45:20][INFO][Rank 0] - CUDA Memory [train][Step 360]: Device 0: Allocated: 3309.6 MB, Reserved: 117540.0 MB (Δ: +1687.0 MB)
[2025-11-18 17:45:26][INFO][Rank 0] - train Epoch 14/24: 19.1% (370/1940)
[2025-11-18 17:45:33][INFO][Rank 0] - train Epoch 14/24: 19.6% (380/1940)
[2025-11-18 17:45:40][INFO][Rank 0] - train Epoch 14/24: 20.1% (390/1940)
[2025-11-18 17:45:47][INFO][Rank 0] - train Epoch 14/24: 20.6% (400/1940)
[2025-11-18 17:45:54][INFO][Rank 0] - train Epoch 14/24: 21.1% (410/1940)
[2025-11-18 17:46:01][INFO][Rank 0] - train Epoch 14/24: 21.6% (420/1940)
[2025-11-18 17:46:08][INFO][Rank 0] - train Epoch 14/24: 22.2% (430/1940)
[2025-11-18 17:46:15][INFO][Rank 0] - train Epoch 14/24: 22.7% (440/1940)
[2025-11-18 17:46:23][INFO][Rank 0] - train Epoch 14/24: 23.2% (450/1940)
[2025-11-18 17:46:23][INFO][Rank 0] - CUDA Memory [train][Step 450]: Device 0: Allocated: 3309.6 MB, Reserved: 117540.0 MB (Δ: +1687.0 MB)
[2025-11-18 17:46:30][INFO][Rank 0] - train Epoch 14/24: 23.7% (460/1940)
[2025-11-18 17:46:37][INFO][Rank 0] - train Epoch 14/24: 24.2% (470/1940)
[2025-11-18 17:46:44][INFO][Rank 0] - train Epoch 14/24: 24.7% (480/1940)
[2025-11-18 17:46:51][INFO][Rank 0] - train Epoch 14/24: 25.3% (490/1940)
[2025-11-18 17:46:58][INFO][Rank 0] - train Epoch 14/24: 25.8% (500/1940)
[2025-11-18 17:47:05][INFO][Rank 0] - train Epoch 14/24: 26.3% (510/1940)
[2025-11-18 17:47:12][INFO][Rank 0] - train Epoch 14/24: 26.8% (520/1940)
[2025-11-18 17:47:19][INFO][Rank 0] - train Epoch 14/24: 27.3% (530/1940)
[2025-11-18 17:47:26][INFO][Rank 0] - train Epoch 14/24: 27.8% (540/1940)
[2025-11-18 17:47:27][INFO][Rank 0] - CUDA Memory [train][Step 540]: Device 0: Allocated: 3309.6 MB, Reserved: 117540.0 MB (Δ: +1687.0 MB)
[2025-11-18 17:47:33][INFO][Rank 0] - train Epoch 14/24: 28.4% (550/1940)
[2025-11-18 17:47:40][INFO][Rank 0] - train Epoch 14/24: 28.9% (560/1940)
[2025-11-18 17:47:47][INFO][Rank 0] - train Epoch 14/24: 29.4% (570/1940)
[2025-11-18 17:47:54][INFO][Rank 0] - train Epoch 14/24: 29.9% (580/1940)
[2025-11-18 17:48:02][INFO][Rank 0] - train Epoch 14/24: 30.4% (590/1940)
[2025-11-18 17:48:09][INFO][Rank 0] - train Epoch 14/24: 30.9% (600/1940)
[2025-11-18 17:48:16][INFO][Rank 0] - train Epoch 14/24: 31.4% (610/1940)
[2025-11-18 17:48:23][INFO][Rank 0] - train Epoch 14/24: 32.0% (620/1940)
[2025-11-18 17:48:30][INFO][Rank 0] - train Epoch 14/24: 32.5% (630/1940)
[2025-11-18 17:48:31][INFO][Rank 0] - CUDA Memory [train][Step 630]: Device 0: Allocated: 3309.6 MB, Reserved: 117540.0 MB (Δ: +1687.0 MB)
[2025-11-18 17:48:37][INFO][Rank 0] - train Epoch 14/24: 33.0% (640/1940)
[2025-11-18 17:48:44][INFO][Rank 0] - train Epoch 14/24: 33.5% (650/1940)
[2025-11-18 17:48:51][INFO][Rank 0] - train Epoch 14/24: 34.0% (660/1940)
[2025-11-18 17:48:58][INFO][Rank 0] - train Epoch 14/24: 34.5% (670/1940)
[2025-11-18 17:49:05][INFO][Rank 0] - train Epoch 14/24: 35.1% (680/1940)
[2025-11-18 17:49:12][INFO][Rank 0] - train Epoch 14/24: 35.6% (690/1940)
[2025-11-18 17:49:19][INFO][Rank 0] - train Epoch 14/24: 36.1% (700/1940)
[2025-11-18 17:49:26][INFO][Rank 0] - train Epoch 14/24: 36.6% (710/1940)
[2025-11-18 17:49:33][INFO][Rank 0] - train Epoch 14/24: 37.1% (720/1940)
[2025-11-18 17:49:34][INFO][Rank 0] - CUDA Memory [train][Step 720]: Device 0: Allocated: 3309.6 MB, Reserved: 117540.0 MB (Δ: +1687.0 MB)
[2025-11-18 17:49:41][INFO][Rank 0] - train Epoch 14/24: 37.6% (730/1940)
[2025-11-18 17:49:48][INFO][Rank 0] - train Epoch 14/24: 38.1% (740/1940)
[2025-11-18 17:49:55][INFO][Rank 0] - train Epoch 14/24: 38.7% (750/1940)
[2025-11-18 17:50:02][INFO][Rank 0] - train Epoch 14/24: 39.2% (760/1940)
[2025-11-18 17:50:09][INFO][Rank 0] - train Epoch 14/24: 39.7% (770/1940)
[2025-11-18 17:50:16][INFO][Rank 0] - train Epoch 14/24: 40.2% (780/1940)
[2025-11-18 17:50:23][INFO][Rank 0] - train Epoch 14/24: 40.7% (790/1940)
[2025-11-18 17:50:30][INFO][Rank 0] - train Epoch 14/24: 41.2% (800/1940)
[2025-11-18 17:50:37][INFO][Rank 0] - train Epoch 14/24: 41.8% (810/1940)
[2025-11-18 17:50:38][INFO][Rank 0] - CUDA Memory [train][Step 810]: Device 0: Allocated: 3309.6 MB, Reserved: 117540.0 MB (Δ: +1687.0 MB)
[2025-11-18 17:50:44][INFO][Rank 0] - train Epoch 14/24: 42.3% (820/1940)
[2025-11-18 17:50:51][INFO][Rank 0] - train Epoch 14/24: 42.8% (830/1940)
[2025-11-18 17:50:58][INFO][Rank 0] - train Epoch 14/24: 43.3% (840/1940)
[2025-11-18 17:51:05][INFO][Rank 0] - train Epoch 14/24: 43.8% (850/1940)
[2025-11-18 17:51:12][INFO][Rank 0] - train Epoch 14/24: 44.3% (860/1940)
[2025-11-18 17:51:19][INFO][Rank 0] - train Epoch 14/24: 44.8% (870/1940)
[2025-11-18 17:51:27][INFO][Rank 0] - train Epoch 14/24: 45.4% (880/1940)
[2025-11-18 17:51:34][INFO][Rank 0] - train Epoch 14/24: 45.9% (890/1940)
[2025-11-18 17:51:41][INFO][Rank 0] - train Epoch 14/24: 46.4% (900/1940)
[2025-11-18 17:51:41][INFO][Rank 0] - CUDA Memory [train][Step 900]: Device 0: Allocated: 3309.6 MB, Reserved: 117540.0 MB (Δ: +1687.0 MB)
[2025-11-18 17:51:48][INFO][Rank 0] - train Epoch 14/24: 46.9% (910/1940)
[2025-11-18 17:51:55][INFO][Rank 0] - train Epoch 14/24: 47.4% (920/1940)
[2025-11-18 17:52:02][INFO][Rank 0] - train Epoch 14/24: 47.9% (930/1940)
[2025-11-18 17:52:09][INFO][Rank 0] - train Epoch 14/24: 48.5% (940/1940)
[2025-11-18 17:52:16][INFO][Rank 0] - train Epoch 14/24: 49.0% (950/1940)
[2025-11-18 17:52:23][INFO][Rank 0] - train Epoch 14/24: 49.5% (960/1940)
[2025-11-18 17:52:30][INFO][Rank 0] - train Epoch 14/24: 50.0% (970/1940)
[2025-11-18 17:52:37][INFO][Rank 0] - train Epoch 14/24: 50.5% (980/1940)
[2025-11-18 17:52:44][INFO][Rank 0] - train Epoch 14/24: 51.0% (990/1940)
[2025-11-18 17:52:45][INFO][Rank 0] - CUDA Memory [train][Step 990]: Device 0: Allocated: 3309.6 MB, Reserved: 117540.0 MB (Δ: +1687.0 MB)
[2025-11-18 17:52:51][INFO][Rank 0] - train Epoch 14/24: 51.5% (1000/1940)
[2025-11-18 17:52:58][INFO][Rank 0] - train Epoch 14/24: 52.1% (1010/1940)
[2025-11-18 17:53:06][INFO][Rank 0] - train Epoch 14/24: 52.6% (1020/1940)
[2025-11-18 17:53:13][INFO][Rank 0] - train Epoch 14/24: 53.1% (1030/1940)
[2025-11-18 17:53:20][INFO][Rank 0] - train Epoch 14/24: 53.6% (1040/1940)
[2025-11-18 17:53:27][INFO][Rank 0] - train Epoch 14/24: 54.1% (1050/1940)
[2025-11-18 17:53:34][INFO][Rank 0] - train Epoch 14/24: 54.6% (1060/1940)
[2025-11-18 17:53:41][INFO][Rank 0] - train Epoch 14/24: 55.2% (1070/1940)
[2025-11-18 17:53:48][INFO][Rank 0] - train Epoch 14/24: 55.7% (1080/1940)
[2025-11-18 17:53:49][INFO][Rank 0] - CUDA Memory [train][Step 1080]: Device 0: Allocated: 3309.6 MB, Reserved: 117540.0 MB (Δ: +1687.0 MB)
[2025-11-18 17:53:55][INFO][Rank 0] - train Epoch 14/24: 56.2% (1090/1940)
[2025-11-18 17:54:02][INFO][Rank 0] - train Epoch 14/24: 56.7% (1100/1940)
[2025-11-18 17:54:09][INFO][Rank 0] - train Epoch 14/24: 57.2% (1110/1940)
[2025-11-18 17:54:16][INFO][Rank 0] - train Epoch 14/24: 57.7% (1120/1940)
[2025-11-18 17:54:23][INFO][Rank 0] - train Epoch 14/24: 58.2% (1130/1940)
[2025-11-18 17:54:30][INFO][Rank 0] - train Epoch 14/24: 58.8% (1140/1940)
[2025-11-18 17:54:38][INFO][Rank 0] - train Epoch 14/24: 59.3% (1150/1940)
[2025-11-18 17:54:45][INFO][Rank 0] - train Epoch 14/24: 59.8% (1160/1940)
[2025-11-18 17:54:52][INFO][Rank 0] - train Epoch 14/24: 60.3% (1170/1940)
[2025-11-18 17:54:52][INFO][Rank 0] - CUDA Memory [train][Step 1170]: Device 0: Allocated: 3309.6 MB, Reserved: 117540.0 MB (Δ: +1687.0 MB)
[2025-11-18 17:54:59][INFO][Rank 0] - train Epoch 14/24: 60.8% (1180/1940)
[2025-11-18 17:55:06][INFO][Rank 0] - train Epoch 14/24: 61.3% (1190/1940)
[2025-11-18 17:55:13][INFO][Rank 0] - train Epoch 14/24: 61.9% (1200/1940)
[2025-11-18 17:55:20][INFO][Rank 0] - train Epoch 14/24: 62.4% (1210/1940)
[2025-11-18 17:55:27][INFO][Rank 0] - train Epoch 14/24: 62.9% (1220/1940)
[2025-11-18 17:55:34][INFO][Rank 0] - train Epoch 14/24: 63.4% (1230/1940)
[2025-11-18 17:55:41][INFO][Rank 0] - train Epoch 14/24: 63.9% (1240/1940)
[2025-11-18 17:55:48][INFO][Rank 0] - train Epoch 14/24: 64.4% (1250/1940)
[2025-11-18 17:55:56][INFO][Rank 0] - train Epoch 14/24: 64.9% (1260/1940)
[2025-11-18 17:55:56][INFO][Rank 0] - CUDA Memory [train][Step 1260]: Device 0: Allocated: 3309.6 MB, Reserved: 117540.0 MB (Δ: +1687.0 MB)
[2025-11-18 17:56:03][INFO][Rank 0] - train Epoch 14/24: 65.5% (1270/1940)
[2025-11-18 17:56:10][INFO][Rank 0] - train Epoch 14/24: 66.0% (1280/1940)
[2025-11-18 17:56:17][INFO][Rank 0] - train Epoch 14/24: 66.5% (1290/1940)
[2025-11-18 17:56:24][INFO][Rank 0] - train Epoch 14/24: 67.0% (1300/1940)
[2025-11-18 17:56:31][INFO][Rank 0] - train Epoch 14/24: 67.5% (1310/1940)
[2025-11-18 17:56:38][INFO][Rank 0] - train Epoch 14/24: 68.0% (1320/1940)
[2025-11-18 17:56:45][INFO][Rank 0] - train Epoch 14/24: 68.6% (1330/1940)
[2025-11-18 17:56:52][INFO][Rank 0] - train Epoch 14/24: 69.1% (1340/1940)
[2025-11-18 17:56:59][INFO][Rank 0] - train Epoch 14/24: 69.6% (1350/1940)
[2025-11-18 17:57:00][INFO][Rank 0] - CUDA Memory [train][Step 1350]: Device 0: Allocated: 3309.6 MB, Reserved: 117540.0 MB (Δ: +1687.0 MB)
[2025-11-18 17:57:06][INFO][Rank 0] - train Epoch 14/24: 70.1% (1360/1940)
[2025-11-18 17:57:14][INFO][Rank 0] - train Epoch 14/24: 70.6% (1370/1940)
[2025-11-18 17:57:21][INFO][Rank 0] - train Epoch 14/24: 71.1% (1380/1940)
[2025-11-18 17:57:28][INFO][Rank 0] - train Epoch 14/24: 71.6% (1390/1940)
[2025-11-18 17:57:35][INFO][Rank 0] - train Epoch 14/24: 72.2% (1400/1940)
[2025-11-18 17:57:42][INFO][Rank 0] - train Epoch 14/24: 72.7% (1410/1940)
[2025-11-18 17:57:49][INFO][Rank 0] - train Epoch 14/24: 73.2% (1420/1940)
[2025-11-18 17:57:56][INFO][Rank 0] - train Epoch 14/24: 73.7% (1430/1940)
[2025-11-18 17:58:03][INFO][Rank 0] - train Epoch 14/24: 74.2% (1440/1940)
[2025-11-18 17:58:04][INFO][Rank 0] - CUDA Memory [train][Step 1440]: Device 0: Allocated: 3309.6 MB, Reserved: 117540.0 MB (Δ: +1687.0 MB)
[2025-11-18 17:58:11][INFO][Rank 0] - train Epoch 14/24: 74.7% (1450/1940)
[2025-11-18 17:58:18][INFO][Rank 0] - train Epoch 14/24: 75.3% (1460/1940)
[2025-11-18 17:58:25][INFO][Rank 0] - train Epoch 14/24: 75.8% (1470/1940)
[2025-11-18 17:58:32][INFO][Rank 0] - train Epoch 14/24: 76.3% (1480/1940)
[2025-11-18 17:58:40][INFO][Rank 0] - train Epoch 14/24: 76.8% (1490/1940)
[2025-11-18 17:58:47][INFO][Rank 0] - train Epoch 14/24: 77.3% (1500/1940)
[2025-11-18 17:58:55][INFO][Rank 0] - train Epoch 14/24: 77.8% (1510/1940)
[2025-11-18 17:59:02][INFO][Rank 0] - train Epoch 14/24: 78.4% (1520/1940)
[2025-11-18 17:59:09][INFO][Rank 0] - train Epoch 14/24: 78.9% (1530/1940)
[2025-11-18 17:59:10][INFO][Rank 0] - CUDA Memory [train][Step 1530]: Device 0: Allocated: 3309.6 MB, Reserved: 117540.0 MB (Δ: +1687.0 MB)
[2025-11-18 17:59:16][INFO][Rank 0] - train Epoch 14/24: 79.4% (1540/1940)
[2025-11-18 17:59:24][INFO][Rank 0] - train Epoch 14/24: 79.9% (1550/1940)
[2025-11-18 17:59:31][INFO][Rank 0] - train Epoch 14/24: 80.4% (1560/1940)
[2025-11-18 17:59:38][INFO][Rank 0] - train Epoch 14/24: 80.9% (1570/1940)
[2025-11-18 17:59:45][INFO][Rank 0] - train Epoch 14/24: 81.4% (1580/1940)
[2025-11-18 17:59:53][INFO][Rank 0] - train Epoch 14/24: 82.0% (1590/1940)
[2025-11-18 18:00:00][INFO][Rank 0] - train Epoch 14/24: 82.5% (1600/1940)
[2025-11-18 18:00:11][INFO][Rank 0] - train Epoch 14/24: 83.0% (1610/1940)
[2025-11-18 18:00:18][INFO][Rank 0] - train Epoch 14/24: 83.5% (1620/1940)
[2025-11-18 18:00:19][INFO][Rank 0] - CUDA Memory [train][Step 1620]: Device 0: Allocated: 3309.6 MB, Reserved: 117540.0 MB (Δ: +1687.0 MB)
[2025-11-18 18:00:25][INFO][Rank 0] - train Epoch 14/24: 84.0% (1630/1940)
[2025-11-18 18:00:32][INFO][Rank 0] - train Epoch 14/24: 84.5% (1640/1940)
[2025-11-18 18:00:39][INFO][Rank 0] - train Epoch 14/24: 85.1% (1650/1940)
[2025-11-18 18:00:46][INFO][Rank 0] - train Epoch 14/24: 85.6% (1660/1940)
[2025-11-18 18:00:54][INFO][Rank 0] - train Epoch 14/24: 86.1% (1670/1940)
[2025-11-18 18:01:01][INFO][Rank 0] - train Epoch 14/24: 86.6% (1680/1940)
[2025-11-18 18:01:08][INFO][Rank 0] - train Epoch 14/24: 87.1% (1690/1940)
[2025-11-18 18:01:15][INFO][Rank 0] - train Epoch 14/24: 87.6% (1700/1940)
[2025-11-18 18:01:22][INFO][Rank 0] - train Epoch 14/24: 88.1% (1710/1940)
[2025-11-18 18:01:23][INFO][Rank 0] - CUDA Memory [train][Step 1710]: Device 0: Allocated: 3309.6 MB, Reserved: 117540.0 MB (Δ: +1687.0 MB)
[2025-11-18 18:01:29][INFO][Rank 0] - train Epoch 14/24: 88.7% (1720/1940)
[2025-11-18 18:01:36][INFO][Rank 0] - train Epoch 14/24: 89.2% (1730/1940)
[2025-11-18 18:01:44][INFO][Rank 0] - train Epoch 14/24: 89.7% (1740/1940)
[2025-11-18 18:01:51][INFO][Rank 0] - train Epoch 14/24: 90.2% (1750/1940)
[2025-11-18 18:01:58][INFO][Rank 0] - train Epoch 14/24: 90.7% (1760/1940)
[2025-11-18 18:02:05][INFO][Rank 0] - train Epoch 14/24: 91.2% (1770/1940)
[2025-11-18 18:02:12][INFO][Rank 0] - train Epoch 14/24: 91.8% (1780/1940)
[2025-11-18 18:02:20][INFO][Rank 0] - train Epoch 14/24: 92.3% (1790/1940)
[2025-11-18 18:02:28][INFO][Rank 0] - train Epoch 14/24: 92.8% (1800/1940)
[2025-11-18 18:02:29][INFO][Rank 0] - CUDA Memory [train][Step 1800]: Device 0: Allocated: 3309.6 MB, Reserved: 117540.0 MB (Δ: +1687.0 MB)
[2025-11-18 18:02:36][INFO][Rank 0] - train Epoch 14/24: 93.3% (1810/1940)
[2025-11-18 18:02:43][INFO][Rank 0] - train Epoch 14/24: 93.8% (1820/1940)
[2025-11-18 18:02:51][INFO][Rank 0] - train Epoch 14/24: 94.3% (1830/1940)
[2025-11-18 18:02:58][INFO][Rank 0] - train Epoch 14/24: 94.8% (1840/1940)
[2025-11-18 18:03:05][INFO][Rank 0] - train Epoch 14/24: 95.4% (1850/1940)
[2025-11-18 18:03:12][INFO][Rank 0] - train Epoch 14/24: 95.9% (1860/1940)
[2025-11-18 18:03:19][INFO][Rank 0] - train Epoch 14/24: 96.4% (1870/1940)
[2025-11-18 18:03:26][INFO][Rank 0] - train Epoch 14/24: 96.9% (1880/1940)
[2025-11-18 18:03:33][INFO][Rank 0] - train Epoch 14/24: 97.4% (1890/1940)
[2025-11-18 18:03:34][INFO][Rank 0] - CUDA Memory [train][Step 1890]: Device 0: Allocated: 3309.6 MB, Reserved: 117540.0 MB (Δ: +1687.0 MB)
[2025-11-18 18:03:40][INFO][Rank 0] - train Epoch 14/24: 97.9% (1900/1940)
[2025-11-18 18:03:47][INFO][Rank 0] - train Epoch 14/24: 98.5% (1910/1940)
[2025-11-18 18:03:54][INFO][Rank 0] - train Epoch 14/24: 99.0% (1920/1940)
[2025-11-18 18:04:01][INFO][Rank 0] - train Epoch 14/24: 99.5% (1930/1940)
[2025-11-18 18:04:08][INFO][Rank 0] - train Epoch 14/24: 99.9% (1939/1940)
[2025-11-18 18:04:09][INFO][Rank 0] - train Loss: 0.1531 Acc: 0.9712 F1: 0.9851
[2025-11-18 18:04:09][INFO][Rank 0] - train Balanced Acc: 0.8952 AUC-ROC: 0.9700
[2025-11-18 18:04:09][INFO][Rank 0] - train Sensitivity: 0.9755 Specificity: 0.8148
[2025-11-18 18:04:09][INFO][Rank 0] - train Confusion Matrix: TP=18424, FP=95, FN=463, TN=418
[2025-11-18 18:04:09][INFO][Rank 0] - train completed in 1385.13s
[2025-11-18 18:04:09][INFO][Rank 0] - Data loading time: 1.94s, Forward time: 283.21s, Backward time: 751.46s
[2025-11-18 18:04:09][INFO][Rank 0] - train cache: 0/1 items, hit rate: 0.00%
[2025-11-18 18:04:09][INFO][Rank 0] - CUDA Memory [val][Step 0]: Device 0: Allocated: 3309.6 MB, Reserved: 117540.0 MB (Δ: +1687.0 MB)
[2025-11-18 18:04:09][INFO][Rank 0] - val phase: total 407 batches
[2025-11-18 18:04:09][INFO][Rank 0] - val Epoch 14/24: 0.0% (0/407)
[2025-11-18 18:04:14][INFO][Rank 0] - val Epoch 14/24: 2.5% (10/407)
[2025-11-18 18:04:19][INFO][Rank 0] - val Epoch 14/24: 4.9% (20/407)
[2025-11-18 18:04:24][INFO][Rank 0] - val Epoch 14/24: 7.4% (30/407)
[2025-11-18 18:04:29][INFO][Rank 0] - val Epoch 14/24: 9.8% (40/407)
[2025-11-18 18:04:34][INFO][Rank 0] - val Epoch 14/24: 12.3% (50/407)
[2025-11-18 18:04:39][INFO][Rank 0] - val Epoch 14/24: 14.7% (60/407)
[2025-11-18 18:04:44][INFO][Rank 0] - val Epoch 14/24: 17.2% (70/407)
[2025-11-18 18:04:49][INFO][Rank 0] - val Epoch 14/24: 19.7% (80/407)
[2025-11-18 18:04:54][INFO][Rank 0] - val Epoch 14/24: 22.1% (90/407)
[2025-11-18 18:04:59][INFO][Rank 0] - val Epoch 14/24: 24.6% (100/407)
[2025-11-18 18:05:04][INFO][Rank 0] - val Epoch 14/24: 27.0% (110/407)
[2025-11-18 18:05:10][INFO][Rank 0] - val Epoch 14/24: 29.5% (120/407)
[2025-11-18 18:05:10][INFO][Rank 0] - CUDA Memory [val][Step 120]: Device 0: Allocated: 3309.6 MB, Reserved: 117540.0 MB (Δ: +1687.0 MB)
[2025-11-18 18:05:15][INFO][Rank 0] - val Epoch 14/24: 31.9% (130/407)
[2025-11-18 18:05:20][INFO][Rank 0] - val Epoch 14/24: 34.4% (140/407)
[2025-11-18 18:05:24][INFO][Rank 0] - val Epoch 14/24: 36.9% (150/407)
[2025-11-18 18:05:29][INFO][Rank 0] - val Epoch 14/24: 39.3% (160/407)
[2025-11-18 18:05:34][INFO][Rank 0] - val Epoch 14/24: 41.8% (170/407)
[2025-11-18 18:05:40][INFO][Rank 0] - val Epoch 14/24: 44.2% (180/407)
[2025-11-18 18:05:45][INFO][Rank 0] - val Epoch 14/24: 46.7% (190/407)
[2025-11-18 18:05:50][INFO][Rank 0] - val Epoch 14/24: 49.1% (200/407)
[2025-11-18 18:05:55][INFO][Rank 0] - val Epoch 14/24: 51.6% (210/407)
[2025-11-18 18:06:00][INFO][Rank 0] - val Epoch 14/24: 54.1% (220/407)
[2025-11-18 18:06:05][INFO][Rank 0] - val Epoch 14/24: 56.5% (230/407)
[2025-11-18 18:06:10][INFO][Rank 0] - val Epoch 14/24: 59.0% (240/407)
[2025-11-18 18:06:10][INFO][Rank 0] - CUDA Memory [val][Step 240]: Device 0: Allocated: 3309.6 MB, Reserved: 117540.0 MB (Δ: +1687.0 MB)
[2025-11-18 18:06:15][INFO][Rank 0] - val Epoch 14/24: 61.4% (250/407)
[2025-11-18 18:06:20][INFO][Rank 0] - val Epoch 14/24: 63.9% (260/407)
[2025-11-18 18:06:25][INFO][Rank 0] - val Epoch 14/24: 66.3% (270/407)
[2025-11-18 18:06:30][INFO][Rank 0] - val Epoch 14/24: 68.8% (280/407)
[2025-11-18 18:06:35][INFO][Rank 0] - val Epoch 14/24: 71.3% (290/407)
[2025-11-18 18:06:40][INFO][Rank 0] - val Epoch 14/24: 73.7% (300/407)
[2025-11-18 18:06:45][INFO][Rank 0] - val Epoch 14/24: 76.2% (310/407)
[2025-11-18 18:06:50][INFO][Rank 0] - val Epoch 14/24: 78.6% (320/407)
[2025-11-18 18:06:54][INFO][Rank 0] - val Epoch 14/24: 81.1% (330/407)
[2025-11-18 18:06:59][INFO][Rank 0] - val Epoch 14/24: 83.5% (340/407)
[2025-11-18 18:07:04][INFO][Rank 0] - val Epoch 14/24: 86.0% (350/407)
[2025-11-18 18:07:09][INFO][Rank 0] - val Epoch 14/24: 88.5% (360/407)
[2025-11-18 18:07:14][INFO][Rank 0] - val Epoch 14/24: 90.9% (370/407)
