Python location: /projects/retprogression/pytorch_cu121_env/bin/python
CUDA available: True
GPU count: 1
Run ID: 4
Using port: 33945
Running experiment: experiment_res_1024
Using image resolution: 1024x1024
[2025-11-18 11:37:13,237][root][INFO] - Checkpoint directory prepared at /projects/retprogression/rgarridogarcia/checkpoints/cropped1024_cropped_centered_allR_4
[2025-11-18 11:37:13][INFO] - Starting training with configuration summary:
[2025-11-18 11:37:13][INFO] -  exp:
[2025-11-18 11:37:13][INFO] -  _metadata: ContainerMetadata(ref_type=typing.Any, object_type=<class 'dict'>, optional=True, key='exp', flags={}, flags_root=False, resolver_cache=defaultdict(<class 'dict'>, {}), key_type=typing.Any, element_type=typing.Any)
[2025-11-18 11:37:13][INFO] -  _parent: {'run_id': 4, 'caching': {'enabled': True, 'prefetch_factor': 2, 'train_cache_size': 1000, 'val_cache_size': 1000}, 'criterion': {'alpha': 0.25, 'weight_method': 'inverse_frequency', 'gamma': 2.0, 'type': 'cross_entropy', 'use_class_weights': True}, 'data': {'annotations_file_name': '/projects/retprogression/gradable_dr/clean_gradable_dr_4_', 'augmentation': {'enabled': False, 'type': 'none'}, 'batch_size': 10, 'class_labels': 'gradable_binary_DR', 'data_dir': '/projects/retprogression/', 'img_dir': 'complete_cropped_1024_centered_10272025_allRight', 'num_workers': 7, 'resolution': 1024, 'shuffle': True, 'weighted_sampler': {'enabled': False, 'generator_seed': 42, 'target_minority_ratio': 0.2}}, 'distributed': {'backend': 'nccl', 'world_size': 1}, 'early_stopping': {'enabled': False, 'metric': 'f1_score', 'min_delta': 0.001, 'mode': 'max', 'patience': 8}, 'exp': {'checkpoint_dir': '/projects/retprogression/rgarridogarcia/checkpoints/cropped1024_cropped_centered_allR_4', 'checkpoint_freq': 1, 'checkpoint_name': '', 'experiment_name': 'swinv2_res1024', 'master_port': 33945, 'num_epochs': 25}, 'experiment_res_1024': {'data': {'augmentation': {'enabled': False, 'type': 'none'}, 'batch_size': 10, 'resolution': 1024, 'img_dir': 'complete_cropped_1024_centered_10272025_allRight'}, 'exp': {'checkpoint_dir': '/projects/retprogression/rgarridogarcia/checkpoints/cropped1024_cropped_centered_allR_4', 'checkpoint_name': '', 'experiment_name': 'swinv2_res1024', 'num_epochs': 25}, 'lr_scheduler': {'type': 'cosine', 'warmup': {'enabled': True, 'min_lr': 1e-07, 'warmup_proportion': 0.15}}, 'model': {'img_size': 1024, 'name': 'swinv2_large_window12to16_192to256.ms_in22k_ft_in1k', 'pretrained': True, 'num_classes': 2}, 'optimization': {'amp_enabled': True, 'gradient_accumulation_steps': 16, 'gradient_clipping': 0.5}, 'optimizer': {'optimizer': None, 'name': 'adam', 'lr': 5e-06, 'weight_decay': 0.001, 'momentum': 0.9}}, 'experiment_res_1024_oversample_50': {'criterion': {'class_weights': [1.0, 1.0], 'type': 'cross_entropy', 'use_class_weights': True}, 'data': {'augmentation': {'strength': 'strong'}, 'batch_size': 4, 'resolution': 1024, 'weighted_sampler': {'enabled': True, 'generator_seed': 42, 'target_minority_ratio': 0.5}}, 'exp': {'checkpoint_dir': '/projects/retprogression/rgarridogarcia/checkpoints/relabled_clean_gradable_swinv2_resolution1024_oversample50_4', 'checkpoint_name': 'epoch_23.pth', 'experiment_name': 'swinv2_res1024', 'master_port': 23450, 'num_epochs': 25}, 'lr_scheduler': {'type': 'cosine', 'warmup': {'enabled': True, 'min_lr': 1e-07, 'warmup_proportion': 0.15}}, 'model': {'img_size': 1024, 'name': 'swinv2_large_window12to16_192to256.ms_in22k_ft_in1k'}, 'optimization': {'amp_enabled': True, 'gradient_accumulation_steps': 16, 'gradient_clipping': 0.5}, 'optimizer': {'lr': 5e-06}}, 'lr_scheduler': {'type': 'cosine', 'warmup': {'enabled': True, 'min_lr': 1e-07, 'warmup_proportion': 0.15}}, 'model': {'img_size': 1024, 'name': 'swinv2_large_window12to16_192to256.ms_in22k_ft_in1k', 'pretrained': True, 'num_classes': 2}, 'optimization': {'amp_enabled': True, 'gradient_accumulation_steps': 16, 'gradient_clipping': 0.5}, 'optimizer': {'optimizer': None, 'name': 'adam', 'lr': 5e-06, 'weight_decay': 0.001, 'momentum': 0.9}}
[2025-11-18 11:37:13][INFO] -  _flags_cache: {'struct': None, 'readonly': None, 'convert': None, 'allow_objects': None}
[2025-11-18 11:37:13][INFO] -  _content: {'checkpoint_dir': '/projects/retprogression/rgarridogarcia/checkpoints/cropped1024_cropped_centered_allR_4', 'checkpoint_freq': 1, 'checkpoint_name': '', 'experiment_name': 'swinv2_res1024', 'master_port': 33945, 'num_epochs': 25}
[2025-11-18 11:37:13][INFO] -  data:
[2025-11-18 11:37:13][INFO] -  _metadata: ContainerMetadata(ref_type=typing.Any, object_type=<class 'dict'>, optional=True, key='data', flags={}, flags_root=False, resolver_cache=defaultdict(<class 'dict'>, {}), key_type=typing.Any, element_type=typing.Any)
[2025-11-18 11:37:13][INFO] -  _parent: {'run_id': 4, 'caching': {'enabled': True, 'prefetch_factor': 2, 'train_cache_size': 1000, 'val_cache_size': 1000}, 'criterion': {'alpha': 0.25, 'weight_method': 'inverse_frequency', 'gamma': 2.0, 'type': 'cross_entropy', 'use_class_weights': True}, 'data': {'annotations_file_name': '/projects/retprogression/gradable_dr/clean_gradable_dr_4_', 'augmentation': {'enabled': False, 'type': 'none'}, 'batch_size': 10, 'class_labels': 'gradable_binary_DR', 'data_dir': '/projects/retprogression/', 'img_dir': 'complete_cropped_1024_centered_10272025_allRight', 'num_workers': 7, 'resolution': 1024, 'shuffle': True, 'weighted_sampler': {'enabled': False, 'generator_seed': 42, 'target_minority_ratio': 0.2}}, 'distributed': {'backend': 'nccl', 'world_size': 1}, 'early_stopping': {'enabled': False, 'metric': 'f1_score', 'min_delta': 0.001, 'mode': 'max', 'patience': 8}, 'exp': {'checkpoint_dir': '/projects/retprogression/rgarridogarcia/checkpoints/cropped1024_cropped_centered_allR_4', 'checkpoint_freq': 1, 'checkpoint_name': '', 'experiment_name': 'swinv2_res1024', 'master_port': 33945, 'num_epochs': 25}, 'experiment_res_1024': {'data': {'augmentation': {'enabled': False, 'type': 'none'}, 'batch_size': 10, 'resolution': 1024, 'img_dir': 'complete_cropped_1024_centered_10272025_allRight'}, 'exp': {'checkpoint_dir': '/projects/retprogression/rgarridogarcia/checkpoints/cropped1024_cropped_centered_allR_4', 'checkpoint_name': '', 'experiment_name': 'swinv2_res1024', 'num_epochs': 25}, 'lr_scheduler': {'type': 'cosine', 'warmup': {'enabled': True, 'min_lr': 1e-07, 'warmup_proportion': 0.15}}, 'model': {'img_size': 1024, 'name': 'swinv2_large_window12to16_192to256.ms_in22k_ft_in1k', 'pretrained': True, 'num_classes': 2}, 'optimization': {'amp_enabled': True, 'gradient_accumulation_steps': 16, 'gradient_clipping': 0.5}, 'optimizer': {'optimizer': None, 'name': 'adam', 'lr': 5e-06, 'weight_decay': 0.001, 'momentum': 0.9}}, 'experiment_res_1024_oversample_50': {'criterion': {'class_weights': [1.0, 1.0], 'type': 'cross_entropy', 'use_class_weights': True}, 'data': {'augmentation': {'strength': 'strong'}, 'batch_size': 4, 'resolution': 1024, 'weighted_sampler': {'enabled': True, 'generator_seed': 42, 'target_minority_ratio': 0.5}}, 'exp': {'checkpoint_dir': '/projects/retprogression/rgarridogarcia/checkpoints/relabled_clean_gradable_swinv2_resolution1024_oversample50_4', 'checkpoint_name': 'epoch_23.pth', 'experiment_name': 'swinv2_res1024', 'master_port': 23450, 'num_epochs': 25}, 'lr_scheduler': {'type': 'cosine', 'warmup': {'enabled': True, 'min_lr': 1e-07, 'warmup_proportion': 0.15}}, 'model': {'img_size': 1024, 'name': 'swinv2_large_window12to16_192to256.ms_in22k_ft_in1k'}, 'optimization': {'amp_enabled': True, 'gradient_accumulation_steps': 16, 'gradient_clipping': 0.5}, 'optimizer': {'lr': 5e-06}}, 'lr_scheduler': {'type': 'cosine', 'warmup': {'enabled': True, 'min_lr': 1e-07, 'warmup_proportion': 0.15}}, 'model': {'img_size': 1024, 'name': 'swinv2_large_window12to16_192to256.ms_in22k_ft_in1k', 'pretrained': True, 'num_classes': 2}, 'optimization': {'amp_enabled': True, 'gradient_accumulation_steps': 16, 'gradient_clipping': 0.5}, 'optimizer': {'optimizer': None, 'name': 'adam', 'lr': 5e-06, 'weight_decay': 0.001, 'momentum': 0.9}}
[2025-11-18 11:37:13][INFO] -  _flags_cache: {'struct': None, 'readonly': None, 'convert': None, 'allow_objects': None}
[2025-11-18 11:37:13][INFO] -  _content: {'annotations_file_name': '/projects/retprogression/gradable_dr/clean_gradable_dr_4_', 'augmentation': {'enabled': False, 'type': 'none'}, 'batch_size': 10, 'class_labels': 'gradable_binary_DR', 'data_dir': '/projects/retprogression/', 'img_dir': 'complete_cropped_1024_centered_10272025_allRight', 'num_workers': 7, 'resolution': 1024, 'shuffle': True, 'weighted_sampler': {'enabled': False, 'generator_seed': 42, 'target_minority_ratio': 0.2}}
[2025-11-18 11:37:13][INFO] -  model:
[2025-11-18 11:37:13][INFO] -  _metadata: ContainerMetadata(ref_type=typing.Any, object_type=<class 'dict'>, optional=True, key='model', flags={}, flags_root=False, resolver_cache=defaultdict(<class 'dict'>, {}), key_type=typing.Any, element_type=typing.Any)
[2025-11-18 11:37:13][INFO] -  _parent: {'run_id': 4, 'caching': {'enabled': True, 'prefetch_factor': 2, 'train_cache_size': 1000, 'val_cache_size': 1000}, 'criterion': {'alpha': 0.25, 'weight_method': 'inverse_frequency', 'gamma': 2.0, 'type': 'cross_entropy', 'use_class_weights': True}, 'data': {'annotations_file_name': '/projects/retprogression/gradable_dr/clean_gradable_dr_4_', 'augmentation': {'enabled': False, 'type': 'none'}, 'batch_size': 10, 'class_labels': 'gradable_binary_DR', 'data_dir': '/projects/retprogression/', 'img_dir': 'complete_cropped_1024_centered_10272025_allRight', 'num_workers': 7, 'resolution': 1024, 'shuffle': True, 'weighted_sampler': {'enabled': False, 'generator_seed': 42, 'target_minority_ratio': 0.2}}, 'distributed': {'backend': 'nccl', 'world_size': 1}, 'early_stopping': {'enabled': False, 'metric': 'f1_score', 'min_delta': 0.001, 'mode': 'max', 'patience': 8}, 'exp': {'checkpoint_dir': '/projects/retprogression/rgarridogarcia/checkpoints/cropped1024_cropped_centered_allR_4', 'checkpoint_freq': 1, 'checkpoint_name': '', 'experiment_name': 'swinv2_res1024', 'master_port': 33945, 'num_epochs': 25}, 'experiment_res_1024': {'data': {'augmentation': {'enabled': False, 'type': 'none'}, 'batch_size': 10, 'resolution': 1024, 'img_dir': 'complete_cropped_1024_centered_10272025_allRight'}, 'exp': {'checkpoint_dir': '/projects/retprogression/rgarridogarcia/checkpoints/cropped1024_cropped_centered_allR_4', 'checkpoint_name': '', 'experiment_name': 'swinv2_res1024', 'num_epochs': 25}, 'lr_scheduler': {'type': 'cosine', 'warmup': {'enabled': True, 'min_lr': 1e-07, 'warmup_proportion': 0.15}}, 'model': {'img_size': 1024, 'name': 'swinv2_large_window12to16_192to256.ms_in22k_ft_in1k', 'pretrained': True, 'num_classes': 2}, 'optimization': {'amp_enabled': True, 'gradient_accumulation_steps': 16, 'gradient_clipping': 0.5}, 'optimizer': {'optimizer': None, 'name': 'adam', 'lr': 5e-06, 'weight_decay': 0.001, 'momentum': 0.9}}, 'experiment_res_1024_oversample_50': {'criterion': {'class_weights': [1.0, 1.0], 'type': 'cross_entropy', 'use_class_weights': True}, 'data': {'augmentation': {'strength': 'strong'}, 'batch_size': 4, 'resolution': 1024, 'weighted_sampler': {'enabled': True, 'generator_seed': 42, 'target_minority_ratio': 0.5}}, 'exp': {'checkpoint_dir': '/projects/retprogression/rgarridogarcia/checkpoints/relabled_clean_gradable_swinv2_resolution1024_oversample50_4', 'checkpoint_name': 'epoch_23.pth', 'experiment_name': 'swinv2_res1024', 'master_port': 23450, 'num_epochs': 25}, 'lr_scheduler': {'type': 'cosine', 'warmup': {'enabled': True, 'min_lr': 1e-07, 'warmup_proportion': 0.15}}, 'model': {'img_size': 1024, 'name': 'swinv2_large_window12to16_192to256.ms_in22k_ft_in1k'}, 'optimization': {'amp_enabled': True, 'gradient_accumulation_steps': 16, 'gradient_clipping': 0.5}, 'optimizer': {'lr': 5e-06}}, 'lr_scheduler': {'type': 'cosine', 'warmup': {'enabled': True, 'min_lr': 1e-07, 'warmup_proportion': 0.15}}, 'model': {'img_size': 1024, 'name': 'swinv2_large_window12to16_192to256.ms_in22k_ft_in1k', 'pretrained': True, 'num_classes': 2}, 'optimization': {'amp_enabled': True, 'gradient_accumulation_steps': 16, 'gradient_clipping': 0.5}, 'optimizer': {'optimizer': None, 'name': 'adam', 'lr': 5e-06, 'weight_decay': 0.001, 'momentum': 0.9}}
[2025-11-18 11:37:13][INFO] -  _flags_cache: {'struct': None, 'readonly': None, 'convert': None, 'allow_objects': None}
[2025-11-18 11:37:13][INFO] -  _content: {'img_size': 1024, 'name': 'swinv2_large_window12to16_192to256.ms_in22k_ft_in1k', 'pretrained': True, 'num_classes': 2}
[2025-11-18 11:37:13][INFO] -  optimizer:
[2025-11-18 11:37:13][INFO] -  _metadata: ContainerMetadata(ref_type=typing.Any, object_type=<class 'dict'>, optional=True, key='optimizer', flags={}, flags_root=False, resolver_cache=defaultdict(<class 'dict'>, {}), key_type=typing.Any, element_type=typing.Any)
[2025-11-18 11:37:13][INFO] -  _parent: {'run_id': 4, 'caching': {'enabled': True, 'prefetch_factor': 2, 'train_cache_size': 1000, 'val_cache_size': 1000}, 'criterion': {'alpha': 0.25, 'weight_method': 'inverse_frequency', 'gamma': 2.0, 'type': 'cross_entropy', 'use_class_weights': True}, 'data': {'annotations_file_name': '/projects/retprogression/gradable_dr/clean_gradable_dr_4_', 'augmentation': {'enabled': False, 'type': 'none'}, 'batch_size': 10, 'class_labels': 'gradable_binary_DR', 'data_dir': '/projects/retprogression/', 'img_dir': 'complete_cropped_1024_centered_10272025_allRight', 'num_workers': 7, 'resolution': 1024, 'shuffle': True, 'weighted_sampler': {'enabled': False, 'generator_seed': 42, 'target_minority_ratio': 0.2}}, 'distributed': {'backend': 'nccl', 'world_size': 1}, 'early_stopping': {'enabled': False, 'metric': 'f1_score', 'min_delta': 0.001, 'mode': 'max', 'patience': 8}, 'exp': {'checkpoint_dir': '/projects/retprogression/rgarridogarcia/checkpoints/cropped1024_cropped_centered_allR_4', 'checkpoint_freq': 1, 'checkpoint_name': '', 'experiment_name': 'swinv2_res1024', 'master_port': 33945, 'num_epochs': 25}, 'experiment_res_1024': {'data': {'augmentation': {'enabled': False, 'type': 'none'}, 'batch_size': 10, 'resolution': 1024, 'img_dir': 'complete_cropped_1024_centered_10272025_allRight'}, 'exp': {'checkpoint_dir': '/projects/retprogression/rgarridogarcia/checkpoints/cropped1024_cropped_centered_allR_4', 'checkpoint_name': '', 'experiment_name': 'swinv2_res1024', 'num_epochs': 25}, 'lr_scheduler': {'type': 'cosine', 'warmup': {'enabled': True, 'min_lr': 1e-07, 'warmup_proportion': 0.15}}, 'model': {'img_size': 1024, 'name': 'swinv2_large_window12to16_192to256.ms_in22k_ft_in1k', 'pretrained': True, 'num_classes': 2}, 'optimization': {'amp_enabled': True, 'gradient_accumulation_steps': 16, 'gradient_clipping': 0.5}, 'optimizer': {'optimizer': None, 'name': 'adam', 'lr': 5e-06, 'weight_decay': 0.001, 'momentum': 0.9}}, 'experiment_res_1024_oversample_50': {'criterion': {'class_weights': [1.0, 1.0], 'type': 'cross_entropy', 'use_class_weights': True}, 'data': {'augmentation': {'strength': 'strong'}, 'batch_size': 4, 'resolution': 1024, 'weighted_sampler': {'enabled': True, 'generator_seed': 42, 'target_minority_ratio': 0.5}}, 'exp': {'checkpoint_dir': '/projects/retprogression/rgarridogarcia/checkpoints/relabled_clean_gradable_swinv2_resolution1024_oversample50_4', 'checkpoint_name': 'epoch_23.pth', 'experiment_name': 'swinv2_res1024', 'master_port': 23450, 'num_epochs': 25}, 'lr_scheduler': {'type': 'cosine', 'warmup': {'enabled': True, 'min_lr': 1e-07, 'warmup_proportion': 0.15}}, 'model': {'img_size': 1024, 'name': 'swinv2_large_window12to16_192to256.ms_in22k_ft_in1k'}, 'optimization': {'amp_enabled': True, 'gradient_accumulation_steps': 16, 'gradient_clipping': 0.5}, 'optimizer': {'lr': 5e-06}}, 'lr_scheduler': {'type': 'cosine', 'warmup': {'enabled': True, 'min_lr': 1e-07, 'warmup_proportion': 0.15}}, 'model': {'img_size': 1024, 'name': 'swinv2_large_window12to16_192to256.ms_in22k_ft_in1k', 'pretrained': True, 'num_classes': 2}, 'optimization': {'amp_enabled': True, 'gradient_accumulation_steps': 16, 'gradient_clipping': 0.5}, 'optimizer': {'optimizer': None, 'name': 'adam', 'lr': 5e-06, 'weight_decay': 0.001, 'momentum': 0.9}}
[2025-11-18 11:37:13][INFO] -  _flags_cache: {'struct': None, 'readonly': None, 'convert': None, 'allow_objects': None}
[2025-11-18 11:37:13][INFO] -  _content: {'optimizer': None, 'name': 'adam', 'lr': 5e-06, 'weight_decay': 0.001, 'momentum': 0.9}
[2025-11-18 11:37:13][INFO] -  lr_scheduler:
[2025-11-18 11:37:13][INFO] -  _metadata: ContainerMetadata(ref_type=typing.Any, object_type=<class 'dict'>, optional=True, key='lr_scheduler', flags={}, flags_root=False, resolver_cache=defaultdict(<class 'dict'>, {}), key_type=typing.Any, element_type=typing.Any)
[2025-11-18 11:37:13][INFO] -  _parent: {'run_id': 4, 'caching': {'enabled': True, 'prefetch_factor': 2, 'train_cache_size': 1000, 'val_cache_size': 1000}, 'criterion': {'alpha': 0.25, 'weight_method': 'inverse_frequency', 'gamma': 2.0, 'type': 'cross_entropy', 'use_class_weights': True}, 'data': {'annotations_file_name': '/projects/retprogression/gradable_dr/clean_gradable_dr_4_', 'augmentation': {'enabled': False, 'type': 'none'}, 'batch_size': 10, 'class_labels': 'gradable_binary_DR', 'data_dir': '/projects/retprogression/', 'img_dir': 'complete_cropped_1024_centered_10272025_allRight', 'num_workers': 7, 'resolution': 1024, 'shuffle': True, 'weighted_sampler': {'enabled': False, 'generator_seed': 42, 'target_minority_ratio': 0.2}}, 'distributed': {'backend': 'nccl', 'world_size': 1}, 'early_stopping': {'enabled': False, 'metric': 'f1_score', 'min_delta': 0.001, 'mode': 'max', 'patience': 8}, 'exp': {'checkpoint_dir': '/projects/retprogression/rgarridogarcia/checkpoints/cropped1024_cropped_centered_allR_4', 'checkpoint_freq': 1, 'checkpoint_name': '', 'experiment_name': 'swinv2_res1024', 'master_port': 33945, 'num_epochs': 25}, 'experiment_res_1024': {'data': {'augmentation': {'enabled': False, 'type': 'none'}, 'batch_size': 10, 'resolution': 1024, 'img_dir': 'complete_cropped_1024_centered_10272025_allRight'}, 'exp': {'checkpoint_dir': '/projects/retprogression/rgarridogarcia/checkpoints/cropped1024_cropped_centered_allR_4', 'checkpoint_name': '', 'experiment_name': 'swinv2_res1024', 'num_epochs': 25}, 'lr_scheduler': {'type': 'cosine', 'warmup': {'enabled': True, 'min_lr': 1e-07, 'warmup_proportion': 0.15}}, 'model': {'img_size': 1024, 'name': 'swinv2_large_window12to16_192to256.ms_in22k_ft_in1k', 'pretrained': True, 'num_classes': 2}, 'optimization': {'amp_enabled': True, 'gradient_accumulation_steps': 16, 'gradient_clipping': 0.5}, 'optimizer': {'optimizer': None, 'name': 'adam', 'lr': 5e-06, 'weight_decay': 0.001, 'momentum': 0.9}}, 'experiment_res_1024_oversample_50': {'criterion': {'class_weights': [1.0, 1.0], 'type': 'cross_entropy', 'use_class_weights': True}, 'data': {'augmentation': {'strength': 'strong'}, 'batch_size': 4, 'resolution': 1024, 'weighted_sampler': {'enabled': True, 'generator_seed': 42, 'target_minority_ratio': 0.5}}, 'exp': {'checkpoint_dir': '/projects/retprogression/rgarridogarcia/checkpoints/relabled_clean_gradable_swinv2_resolution1024_oversample50_4', 'checkpoint_name': 'epoch_23.pth', 'experiment_name': 'swinv2_res1024', 'master_port': 23450, 'num_epochs': 25}, 'lr_scheduler': {'type': 'cosine', 'warmup': {'enabled': True, 'min_lr': 1e-07, 'warmup_proportion': 0.15}}, 'model': {'img_size': 1024, 'name': 'swinv2_large_window12to16_192to256.ms_in22k_ft_in1k'}, 'optimization': {'amp_enabled': True, 'gradient_accumulation_steps': 16, 'gradient_clipping': 0.5}, 'optimizer': {'lr': 5e-06}}, 'lr_scheduler': {'type': 'cosine', 'warmup': {'enabled': True, 'min_lr': 1e-07, 'warmup_proportion': 0.15}}, 'model': {'img_size': 1024, 'name': 'swinv2_large_window12to16_192to256.ms_in22k_ft_in1k', 'pretrained': True, 'num_classes': 2}, 'optimization': {'amp_enabled': True, 'gradient_accumulation_steps': 16, 'gradient_clipping': 0.5}, 'optimizer': {'optimizer': None, 'name': 'adam', 'lr': 5e-06, 'weight_decay': 0.001, 'momentum': 0.9}}
[2025-11-18 11:37:13][INFO] -  _flags_cache: {'struct': None, 'readonly': None, 'convert': None, 'allow_objects': None}
[2025-11-18 11:37:13][INFO] -  _content: {'type': 'cosine', 'warmup': {'enabled': True, 'min_lr': 1e-07, 'warmup_proportion': 0.15}}
[2025-11-18 11:37:13][INFO] -  distributed:
[2025-11-18 11:37:13][INFO] -  _metadata: ContainerMetadata(ref_type=typing.Any, object_type=<class 'dict'>, optional=True, key='distributed', flags={}, flags_root=False, resolver_cache=defaultdict(<class 'dict'>, {}), key_type=typing.Any, element_type=typing.Any)
[2025-11-18 11:37:13][INFO] -  _parent: {'run_id': 4, 'caching': {'enabled': True, 'prefetch_factor': 2, 'train_cache_size': 1000, 'val_cache_size': 1000}, 'criterion': {'alpha': 0.25, 'weight_method': 'inverse_frequency', 'gamma': 2.0, 'type': 'cross_entropy', 'use_class_weights': True}, 'data': {'annotations_file_name': '/projects/retprogression/gradable_dr/clean_gradable_dr_4_', 'augmentation': {'enabled': False, 'type': 'none'}, 'batch_size': 10, 'class_labels': 'gradable_binary_DR', 'data_dir': '/projects/retprogression/', 'img_dir': 'complete_cropped_1024_centered_10272025_allRight', 'num_workers': 7, 'resolution': 1024, 'shuffle': True, 'weighted_sampler': {'enabled': False, 'generator_seed': 42, 'target_minority_ratio': 0.2}}, 'distributed': {'backend': 'nccl', 'world_size': 1}, 'early_stopping': {'enabled': False, 'metric': 'f1_score', 'min_delta': 0.001, 'mode': 'max', 'patience': 8}, 'exp': {'checkpoint_dir': '/projects/retprogression/rgarridogarcia/checkpoints/cropped1024_cropped_centered_allR_4', 'checkpoint_freq': 1, 'checkpoint_name': '', 'experiment_name': 'swinv2_res1024', 'master_port': 33945, 'num_epochs': 25}, 'experiment_res_1024': {'data': {'augmentation': {'enabled': False, 'type': 'none'}, 'batch_size': 10, 'resolution': 1024, 'img_dir': 'complete_cropped_1024_centered_10272025_allRight'}, 'exp': {'checkpoint_dir': '/projects/retprogression/rgarridogarcia/checkpoints/cropped1024_cropped_centered_allR_4', 'checkpoint_name': '', 'experiment_name': 'swinv2_res1024', 'num_epochs': 25}, 'lr_scheduler': {'type': 'cosine', 'warmup': {'enabled': True, 'min_lr': 1e-07, 'warmup_proportion': 0.15}}, 'model': {'img_size': 1024, 'name': 'swinv2_large_window12to16_192to256.ms_in22k_ft_in1k', 'pretrained': True, 'num_classes': 2}, 'optimization': {'amp_enabled': True, 'gradient_accumulation_steps': 16, 'gradient_clipping': 0.5}, 'optimizer': {'optimizer': None, 'name': 'adam', 'lr': 5e-06, 'weight_decay': 0.001, 'momentum': 0.9}}, 'experiment_res_1024_oversample_50': {'criterion': {'class_weights': [1.0, 1.0], 'type': 'cross_entropy', 'use_class_weights': True}, 'data': {'augmentation': {'strength': 'strong'}, 'batch_size': 4, 'resolution': 1024, 'weighted_sampler': {'enabled': True, 'generator_seed': 42, 'target_minority_ratio': 0.5}}, 'exp': {'checkpoint_dir': '/projects/retprogression/rgarridogarcia/checkpoints/relabled_clean_gradable_swinv2_resolution1024_oversample50_4', 'checkpoint_name': 'epoch_23.pth', 'experiment_name': 'swinv2_res1024', 'master_port': 23450, 'num_epochs': 25}, 'lr_scheduler': {'type': 'cosine', 'warmup': {'enabled': True, 'min_lr': 1e-07, 'warmup_proportion': 0.15}}, 'model': {'img_size': 1024, 'name': 'swinv2_large_window12to16_192to256.ms_in22k_ft_in1k'}, 'optimization': {'amp_enabled': True, 'gradient_accumulation_steps': 16, 'gradient_clipping': 0.5}, 'optimizer': {'lr': 5e-06}}, 'lr_scheduler': {'type': 'cosine', 'warmup': {'enabled': True, 'min_lr': 1e-07, 'warmup_proportion': 0.15}}, 'model': {'img_size': 1024, 'name': 'swinv2_large_window12to16_192to256.ms_in22k_ft_in1k', 'pretrained': True, 'num_classes': 2}, 'optimization': {'amp_enabled': True, 'gradient_accumulation_steps': 16, 'gradient_clipping': 0.5}, 'optimizer': {'optimizer': None, 'name': 'adam', 'lr': 5e-06, 'weight_decay': 0.001, 'momentum': 0.9}}
[2025-11-18 11:37:13][INFO] -  _flags_cache: None
[2025-11-18 11:37:13][INFO] -  _content: {'backend': 'nccl', 'world_size': 1}
[2025-11-18 11:37:13][INFO] -  early_stopping:
[2025-11-18 11:37:13][INFO] -  _metadata: ContainerMetadata(ref_type=typing.Any, object_type=<class 'dict'>, optional=True, key='early_stopping', flags={}, flags_root=False, resolver_cache=defaultdict(<class 'dict'>, {}), key_type=typing.Any, element_type=typing.Any)
[2025-11-18 11:37:13][INFO] -  _parent: {'run_id': 4, 'caching': {'enabled': True, 'prefetch_factor': 2, 'train_cache_size': 1000, 'val_cache_size': 1000}, 'criterion': {'alpha': 0.25, 'weight_method': 'inverse_frequency', 'gamma': 2.0, 'type': 'cross_entropy', 'use_class_weights': True}, 'data': {'annotations_file_name': '/projects/retprogression/gradable_dr/clean_gradable_dr_4_', 'augmentation': {'enabled': False, 'type': 'none'}, 'batch_size': 10, 'class_labels': 'gradable_binary_DR', 'data_dir': '/projects/retprogression/', 'img_dir': 'complete_cropped_1024_centered_10272025_allRight', 'num_workers': 7, 'resolution': 1024, 'shuffle': True, 'weighted_sampler': {'enabled': False, 'generator_seed': 42, 'target_minority_ratio': 0.2}}, 'distributed': {'backend': 'nccl', 'world_size': 1}, 'early_stopping': {'enabled': False, 'metric': 'f1_score', 'min_delta': 0.001, 'mode': 'max', 'patience': 8}, 'exp': {'checkpoint_dir': '/projects/retprogression/rgarridogarcia/checkpoints/cropped1024_cropped_centered_allR_4', 'checkpoint_freq': 1, 'checkpoint_name': '', 'experiment_name': 'swinv2_res1024', 'master_port': 33945, 'num_epochs': 25}, 'experiment_res_1024': {'data': {'augmentation': {'enabled': False, 'type': 'none'}, 'batch_size': 10, 'resolution': 1024, 'img_dir': 'complete_cropped_1024_centered_10272025_allRight'}, 'exp': {'checkpoint_dir': '/projects/retprogression/rgarridogarcia/checkpoints/cropped1024_cropped_centered_allR_4', 'checkpoint_name': '', 'experiment_name': 'swinv2_res1024', 'num_epochs': 25}, 'lr_scheduler': {'type': 'cosine', 'warmup': {'enabled': True, 'min_lr': 1e-07, 'warmup_proportion': 0.15}}, 'model': {'img_size': 1024, 'name': 'swinv2_large_window12to16_192to256.ms_in22k_ft_in1k', 'pretrained': True, 'num_classes': 2}, 'optimization': {'amp_enabled': True, 'gradient_accumulation_steps': 16, 'gradient_clipping': 0.5}, 'optimizer': {'optimizer': None, 'name': 'adam', 'lr': 5e-06, 'weight_decay': 0.001, 'momentum': 0.9}}, 'experiment_res_1024_oversample_50': {'criterion': {'class_weights': [1.0, 1.0], 'type': 'cross_entropy', 'use_class_weights': True}, 'data': {'augmentation': {'strength': 'strong'}, 'batch_size': 4, 'resolution': 1024, 'weighted_sampler': {'enabled': True, 'generator_seed': 42, 'target_minority_ratio': 0.5}}, 'exp': {'checkpoint_dir': '/projects/retprogression/rgarridogarcia/checkpoints/relabled_clean_gradable_swinv2_resolution1024_oversample50_4', 'checkpoint_name': 'epoch_23.pth', 'experiment_name': 'swinv2_res1024', 'master_port': 23450, 'num_epochs': 25}, 'lr_scheduler': {'type': 'cosine', 'warmup': {'enabled': True, 'min_lr': 1e-07, 'warmup_proportion': 0.15}}, 'model': {'img_size': 1024, 'name': 'swinv2_large_window12to16_192to256.ms_in22k_ft_in1k'}, 'optimization': {'amp_enabled': True, 'gradient_accumulation_steps': 16, 'gradient_clipping': 0.5}, 'optimizer': {'lr': 5e-06}}, 'lr_scheduler': {'type': 'cosine', 'warmup': {'enabled': True, 'min_lr': 1e-07, 'warmup_proportion': 0.15}}, 'model': {'img_size': 1024, 'name': 'swinv2_large_window12to16_192to256.ms_in22k_ft_in1k', 'pretrained': True, 'num_classes': 2}, 'optimization': {'amp_enabled': True, 'gradient_accumulation_steps': 16, 'gradient_clipping': 0.5}, 'optimizer': {'optimizer': None, 'name': 'adam', 'lr': 5e-06, 'weight_decay': 0.001, 'momentum': 0.9}}
[2025-11-18 11:37:13][INFO] -  _flags_cache: None
[2025-11-18 11:37:13][INFO] -  _content: {'enabled': False, 'metric': 'f1_score', 'min_delta': 0.001, 'mode': 'max', 'patience': 8}
[2025-11-18 11:37:13][INFO] -  criterion:
[2025-11-18 11:37:13][INFO] -  _metadata: ContainerMetadata(ref_type=typing.Any, object_type=<class 'dict'>, optional=True, key='criterion', flags={}, flags_root=False, resolver_cache=defaultdict(<class 'dict'>, {}), key_type=typing.Any, element_type=typing.Any)
[2025-11-18 11:37:13][INFO] -  _parent: {'run_id': 4, 'caching': {'enabled': True, 'prefetch_factor': 2, 'train_cache_size': 1000, 'val_cache_size': 1000}, 'criterion': {'alpha': 0.25, 'weight_method': 'inverse_frequency', 'gamma': 2.0, 'type': 'cross_entropy', 'use_class_weights': True}, 'data': {'annotations_file_name': '/projects/retprogression/gradable_dr/clean_gradable_dr_4_', 'augmentation': {'enabled': False, 'type': 'none'}, 'batch_size': 10, 'class_labels': 'gradable_binary_DR', 'data_dir': '/projects/retprogression/', 'img_dir': 'complete_cropped_1024_centered_10272025_allRight', 'num_workers': 7, 'resolution': 1024, 'shuffle': True, 'weighted_sampler': {'enabled': False, 'generator_seed': 42, 'target_minority_ratio': 0.2}}, 'distributed': {'backend': 'nccl', 'world_size': 1}, 'early_stopping': {'enabled': False, 'metric': 'f1_score', 'min_delta': 0.001, 'mode': 'max', 'patience': 8}, 'exp': {'checkpoint_dir': '/projects/retprogression/rgarridogarcia/checkpoints/cropped1024_cropped_centered_allR_4', 'checkpoint_freq': 1, 'checkpoint_name': '', 'experiment_name': 'swinv2_res1024', 'master_port': 33945, 'num_epochs': 25}, 'experiment_res_1024': {'data': {'augmentation': {'enabled': False, 'type': 'none'}, 'batch_size': 10, 'resolution': 1024, 'img_dir': 'complete_cropped_1024_centered_10272025_allRight'}, 'exp': {'checkpoint_dir': '/projects/retprogression/rgarridogarcia/checkpoints/cropped1024_cropped_centered_allR_4', 'checkpoint_name': '', 'experiment_name': 'swinv2_res1024', 'num_epochs': 25}, 'lr_scheduler': {'type': 'cosine', 'warmup': {'enabled': True, 'min_lr': 1e-07, 'warmup_proportion': 0.15}}, 'model': {'img_size': 1024, 'name': 'swinv2_large_window12to16_192to256.ms_in22k_ft_in1k', 'pretrained': True, 'num_classes': 2}, 'optimization': {'amp_enabled': True, 'gradient_accumulation_steps': 16, 'gradient_clipping': 0.5}, 'optimizer': {'optimizer': None, 'name': 'adam', 'lr': 5e-06, 'weight_decay': 0.001, 'momentum': 0.9}}, 'experiment_res_1024_oversample_50': {'criterion': {'class_weights': [1.0, 1.0], 'type': 'cross_entropy', 'use_class_weights': True}, 'data': {'augmentation': {'strength': 'strong'}, 'batch_size': 4, 'resolution': 1024, 'weighted_sampler': {'enabled': True, 'generator_seed': 42, 'target_minority_ratio': 0.5}}, 'exp': {'checkpoint_dir': '/projects/retprogression/rgarridogarcia/checkpoints/relabled_clean_gradable_swinv2_resolution1024_oversample50_4', 'checkpoint_name': 'epoch_23.pth', 'experiment_name': 'swinv2_res1024', 'master_port': 23450, 'num_epochs': 25}, 'lr_scheduler': {'type': 'cosine', 'warmup': {'enabled': True, 'min_lr': 1e-07, 'warmup_proportion': 0.15}}, 'model': {'img_size': 1024, 'name': 'swinv2_large_window12to16_192to256.ms_in22k_ft_in1k'}, 'optimization': {'amp_enabled': True, 'gradient_accumulation_steps': 16, 'gradient_clipping': 0.5}, 'optimizer': {'lr': 5e-06}}, 'lr_scheduler': {'type': 'cosine', 'warmup': {'enabled': True, 'min_lr': 1e-07, 'warmup_proportion': 0.15}}, 'model': {'img_size': 1024, 'name': 'swinv2_large_window12to16_192to256.ms_in22k_ft_in1k', 'pretrained': True, 'num_classes': 2}, 'optimization': {'amp_enabled': True, 'gradient_accumulation_steps': 16, 'gradient_clipping': 0.5}, 'optimizer': {'optimizer': None, 'name': 'adam', 'lr': 5e-06, 'weight_decay': 0.001, 'momentum': 0.9}}
[2025-11-18 11:37:13][INFO] -  _flags_cache: None
[2025-11-18 11:37:13][INFO] -  _content: {'alpha': 0.25, 'weight_method': 'inverse_frequency', 'gamma': 2.0, 'type': 'cross_entropy', 'use_class_weights': True}
[2025-11-18 11:37:13][INFO] - Number of available GPUs: 1
[2025-11-18 11:37:13][INFO] - Available GPUs:
[2025-11-18 11:37:13][INFO] -  GPU 0: NVIDIA H200
[2025-11-18 11:37:13][INFO] - Training with single GPU or CPU
[2025-11-18 11:37:13][INFO] - Initialized process group with world_size=1
[2025-11-18 11:37:13][INFO][Rank 0] - Running training on rank 0 with world size 1
[2025-11-18 11:37:13][INFO][Rank 0] - Training for 25 epochs
[2025-11-18 11:37:13][INFO][Rank 0] - Batch size: 10 (per GPU)
[2025-11-18 11:37:13][INFO][Rank 0] - Total effective batch size: 10
[2025-11-18 11:37:13][INFO][Rank 0] - Learning rate: 5e-06
[2025-11-18 11:37:13][INFO][Rank 0] - Experiment name: swinv2_res1024
[2025-11-18 11:37:13][INFO][Rank 0] - Data augmentation type: none
[2025-11-18 11:37:13][INFO][Rank 0] - Image resolution: 1024x1024
[2025-11-18 11:37:13][INFO][Rank 0] - Creating datasets...
[2025-11-18 11:37:13][INFO][Rank 0] - Using image directory: complete_cropped_1024_centered_10272025_allRight
[2025-11-18 11:37:22][INFO][Rank 0] - JoslinData: Loaded 19369 samples from /projects/retprogression/complete_cropped_1024_centered_10272025_allRight
[2025-11-18 11:37:22][INFO][Rank 0] - Class distribution: {1: '18867 (97.4%)', 0: '502 (2.6%)'}
[2025-11-18 11:37:23][INFO][Rank 0] - JoslinData: Loaded 4183 samples from /projects/retprogression/complete_cropped_1024_centered_10272025_allRight
[2025-11-18 11:37:23][INFO][Rank 0] - Class distribution: {1: '4070 (97.3%)', 0: '113 (2.7%)'}
[2025-11-18 11:37:23][INFO][Rank 0] - CachedDataset initialized for rank 0 with cache_size=1000
[2025-11-18 11:37:23][INFO][Rank 0] - CachedDataset initialized for rank 0 with cache_size=1000
[2025-11-18 11:37:23][INFO][Rank 0] - Datasets created in 9.82s
[2025-11-18 11:37:23][INFO][Rank 0] - Train dataset size: 19369
[2025-11-18 11:37:23][INFO][Rank 0] - Validation dataset size: 4183
[2025-11-18 11:37:23][INFO][Rank 0] - Caching enabled - Train cache size: 1000, Val cache size: 1000
[2025-11-18 11:37:23][INFO][Rank 0] - Creating dataloaders...
[2025-11-18 11:37:23][INFO][Rank 0] - Dataloaders created in 0.00s
[2025-11-18 11:37:23][INFO][Rank 0] - Workers per GPU: 7
[2025-11-18 11:37:23][INFO][Rank 0] - Prefetch factor: 2
[2025-11-18 11:37:23][INFO][Rank 0] - Drop last batch: True
[2025-11-18 11:37:23][INFO][Rank 0] - Creating model: swinv2_large_window12to16_192to256.ms_in22k_ft_in1k...
[2025-11-18 11:37:25][INFO][Rank 0] - Loading pretrained weights from Hugging Face hub (timm/swinv2_large_window12to16_192to256.ms_in22k_ft_in1k)
[2025-11-18 11:37:25][INFO][Rank 0] - [timm/swinv2_large_window12to16_192to256.ms_in22k_ft_in1k] Safe alternative available for 'pytorch_model.bin' (as 'model.safetensors'). Loading weights using safetensors.
[2025-11-18 11:37:25][INFO][Rank 0] - Missing keys (head.fc.weight, head.fc.bias) discovered while loading pretrained weights. This is expected if model is being adapted.
[2025-11-18 11:37:25][INFO][Rank 0] - Created ViT model with image size: 1024x1024
[2025-11-18 11:37:25][INFO][Rank 0] - Model parameters: 195,206,006 total, 195,206,006 trainable
[2025-11-18 11:37:26][INFO][Rank 0] - Model created and initialized in 2.46s
[2025-11-18 11:37:26][INFO][Rank 0] - Class weights explicitly set to: True
[2025-11-18 11:37:26][INFO][Rank 0] - Auto-computing class weights using method: inverse_frequency
[2025-11-18 11:37:26][INFO][Rank 0] - Class distribution:
[2025-11-18 11:37:26][INFO][Rank 0] -   Class 0: 502 samples (2.6%)
[2025-11-18 11:37:26][INFO][Rank 0] -   Class 1: 18867 samples (97.4%)
[2025-11-18 11:37:26][INFO][Rank 0] - Computed class weights (method=inverse_frequency):
[2025-11-18 11:37:26][INFO][Rank 0] -   Class 0: weight = 1.00
[2025-11-18 11:37:26][INFO][Rank 0] -   Class 1: weight = 0.03
[2025-11-18 11:37:26][INFO][Rank 0] - Imbalance ratio: 37.6:1
[2025-11-18 11:37:26][INFO][Rank 0] - Using weighted Cross Entropy loss with class weights: tensor([1.0000, 0.0266], device='cuda:0')
[2025-11-18 11:37:26][INFO][Rank 0] - Learning rate warmup enabled: 290 steps from 1e-07 to 5e-06
/projects/retprogression/pytorch_cu121_env/lib/python3.12/site-packages/torch/optim/lr_scheduler.py:60: UserWarning: The verbose parameter is deprecated. Please use get_last_lr() to access the learning rate.
  warnings.warn(
[2025-11-18 11:37:26][INFO][Rank 0] - Checkpoint path: /projects/retprogression/rgarridogarcia/checkpoints/cropped1024_cropped_centered_allR_4/
[2025-11-18 11:37:26][INFO][Rank 0] - ======= Starting Training =======
[2025-11-18 11:37:26][INFO][Rank 0] - Using gradient accumulation with 16 steps
[2025-11-18 11:37:26][INFO][Rank 0] - Automatic mixed precision (AMP) enabled
[2025-11-18 11:37:26][INFO][Rank 0] - Gradient clipping enabled with max norm 0.5
/home/r.garridogarcia/MIGHTE/retprogression/swinV2/RETProgression/src/utils.py:287: FutureWarning: `torch.cuda.amp.GradScaler(args...)` is deprecated. Please use `torch.amp.GradScaler('cuda', args...)` instead.
  scaler = torch.cuda.amp.GradScaler() if amp_enabled else None
[2025-11-18 11:37:26][INFO][Rank 0] - CUDA memory monitor initialized: {0: {'allocated': 1622.57568359375, 'reserved': 2196.0, 'active': 1622.57568359375}}
[2025-11-18 11:37:26][INFO][Rank 0] - ========== Starting Training ==========
[2025-11-18 11:37:26][INFO][Rank 0] - GPU 0: NVIDIA H200
[2025-11-18 11:37:26][INFO][Rank 0] - Epoch 0/24
[2025-11-18 11:37:26][INFO][Rank 0] - ----------
[2025-11-18 11:37:26][INFO][Rank 0] - CUDA Memory [train][Step 0]: Device 0: Allocated: 1622.6 MB, Reserved: 2196.0 MB (Δ: +0.0 MB)
[2025-11-18 11:37:26][INFO][Rank 0] - train phase: total 1936 batches
[2025-11-18 11:37:27][INFO][Rank 0] - train Epoch 0/24: 0.0% (0/1936)
[2025-11-18 11:37:27][INFO][Rank 0] - Input batch size: torch.Size([10, 3, 1024, 1024])
[2025-11-18 11:37:35][INFO][Rank 0] - train Epoch 0/24: 0.5% (10/1936)
[2025-11-18 11:37:42][INFO][Rank 0] - train Epoch 0/24: 1.0% (20/1936)
[2025-11-18 11:37:49][INFO][Rank 0] - train Epoch 0/24: 1.5% (30/1936)
[2025-11-18 11:37:56][INFO][Rank 0] - train Epoch 0/24: 2.1% (40/1936)
[2025-11-18 11:38:03][INFO][Rank 0] - train Epoch 0/24: 2.6% (50/1936)
[2025-11-18 11:38:10][INFO][Rank 0] - train Epoch 0/24: 3.1% (60/1936)
[2025-11-18 11:38:17][INFO][Rank 0] - train Epoch 0/24: 3.6% (70/1936)
[2025-11-18 11:38:24][INFO][Rank 0] - train Epoch 0/24: 4.1% (80/1936)
[2025-11-18 11:38:32][INFO][Rank 0] - train Epoch 0/24: 4.6% (90/1936)
[2025-11-18 11:38:32][INFO][Rank 0] - CUDA Memory [train][Step 90]: Device 0: Allocated: 3309.6 MB, Reserved: 117540.0 MB (Δ: +1687.0 MB)
[2025-11-18 11:38:39][INFO][Rank 0] - train Epoch 0/24: 5.2% (100/1936)
[2025-11-18 11:38:46][INFO][Rank 0] - train Epoch 0/24: 5.7% (110/1936)
[2025-11-18 11:38:53][INFO][Rank 0] - train Epoch 0/24: 6.2% (120/1936)
[2025-11-18 11:39:00][INFO][Rank 0] - train Epoch 0/24: 6.7% (130/1936)
[2025-11-18 11:39:07][INFO][Rank 0] - train Epoch 0/24: 7.2% (140/1936)
[2025-11-18 11:39:14][INFO][Rank 0] - train Epoch 0/24: 7.7% (150/1936)
[2025-11-18 11:39:21][INFO][Rank 0] - train Epoch 0/24: 8.3% (160/1936)
[2025-11-18 11:39:28][INFO][Rank 0] - train Epoch 0/24: 8.8% (170/1936)
[2025-11-18 11:39:35][INFO][Rank 0] - train Epoch 0/24: 9.3% (180/1936)
[2025-11-18 11:39:36][INFO][Rank 0] - CUDA Memory [train][Step 180]: Device 0: Allocated: 3309.6 MB, Reserved: 117540.0 MB (Δ: +1687.0 MB)
[2025-11-18 11:39:42][INFO][Rank 0] - train Epoch 0/24: 9.8% (190/1936)
[2025-11-18 11:39:49][INFO][Rank 0] - train Epoch 0/24: 10.3% (200/1936)
[2025-11-18 11:39:56][INFO][Rank 0] - train Epoch 0/24: 10.8% (210/1936)
[2025-11-18 11:40:03][INFO][Rank 0] - train Epoch 0/24: 11.4% (220/1936)
[2025-11-18 11:40:10][INFO][Rank 0] - train Epoch 0/24: 11.9% (230/1936)
[2025-11-18 11:40:17][INFO][Rank 0] - train Epoch 0/24: 12.4% (240/1936)
[2025-11-18 11:40:24][INFO][Rank 0] - train Epoch 0/24: 12.9% (250/1936)
[2025-11-18 11:40:32][INFO][Rank 0] - train Epoch 0/24: 13.4% (260/1936)
[2025-11-18 11:40:39][INFO][Rank 0] - train Epoch 0/24: 13.9% (270/1936)
[2025-11-18 11:40:39][INFO][Rank 0] - CUDA Memory [train][Step 270]: Device 0: Allocated: 3309.6 MB, Reserved: 117540.0 MB (Δ: +1687.0 MB)
[2025-11-18 11:40:46][INFO][Rank 0] - train Epoch 0/24: 14.5% (280/1936)
[2025-11-18 11:40:53][INFO][Rank 0] - train Epoch 0/24: 15.0% (290/1936)
[2025-11-18 11:41:00][INFO][Rank 0] - train Epoch 0/24: 15.5% (300/1936)
[2025-11-18 11:41:07][INFO][Rank 0] - train Epoch 0/24: 16.0% (310/1936)
[2025-11-18 11:41:14][INFO][Rank 0] - train Epoch 0/24: 16.5% (320/1936)
[2025-11-18 11:41:21][INFO][Rank 0] - train Epoch 0/24: 17.0% (330/1936)
[2025-11-18 11:41:28][INFO][Rank 0] - train Epoch 0/24: 17.6% (340/1936)
[2025-11-18 11:41:35][INFO][Rank 0] - train Epoch 0/24: 18.1% (350/1936)
[2025-11-18 11:41:42][INFO][Rank 0] - train Epoch 0/24: 18.6% (360/1936)
[2025-11-18 11:41:43][INFO][Rank 0] - CUDA Memory [train][Step 360]: Device 0: Allocated: 3309.6 MB, Reserved: 117540.0 MB (Δ: +1687.0 MB)
[2025-11-18 11:41:49][INFO][Rank 0] - train Epoch 0/24: 19.1% (370/1936)
[2025-11-18 11:41:56][INFO][Rank 0] - train Epoch 0/24: 19.6% (380/1936)
[2025-11-18 11:42:03][INFO][Rank 0] - train Epoch 0/24: 20.1% (390/1936)
[2025-11-18 11:42:10][INFO][Rank 0] - train Epoch 0/24: 20.7% (400/1936)
[2025-11-18 11:42:17][INFO][Rank 0] - train Epoch 0/24: 21.2% (410/1936)
[2025-11-18 11:42:24][INFO][Rank 0] - train Epoch 0/24: 21.7% (420/1936)
[2025-11-18 11:42:32][INFO][Rank 0] - train Epoch 0/24: 22.2% (430/1936)
[2025-11-18 11:42:39][INFO][Rank 0] - train Epoch 0/24: 22.7% (440/1936)
[2025-11-18 11:42:46][INFO][Rank 0] - train Epoch 0/24: 23.2% (450/1936)
[2025-11-18 11:42:46][INFO][Rank 0] - CUDA Memory [train][Step 450]: Device 0: Allocated: 3309.6 MB, Reserved: 117540.0 MB (Δ: +1687.0 MB)
[2025-11-18 11:42:53][INFO][Rank 0] - train Epoch 0/24: 23.8% (460/1936)
[2025-11-18 11:43:00][INFO][Rank 0] - train Epoch 0/24: 24.3% (470/1936)
[2025-11-18 11:43:07][INFO][Rank 0] - train Epoch 0/24: 24.8% (480/1936)
[2025-11-18 11:43:14][INFO][Rank 0] - train Epoch 0/24: 25.3% (490/1936)
[2025-11-18 11:43:21][INFO][Rank 0] - train Epoch 0/24: 25.8% (500/1936)
[2025-11-18 11:43:28][INFO][Rank 0] - train Epoch 0/24: 26.3% (510/1936)
[2025-11-18 11:43:35][INFO][Rank 0] - train Epoch 0/24: 26.9% (520/1936)
[2025-11-18 11:43:42][INFO][Rank 0] - train Epoch 0/24: 27.4% (530/1936)
[2025-11-18 11:43:49][INFO][Rank 0] - train Epoch 0/24: 27.9% (540/1936)
[2025-11-18 11:43:50][INFO][Rank 0] - CUDA Memory [train][Step 540]: Device 0: Allocated: 3309.6 MB, Reserved: 117540.0 MB (Δ: +1687.0 MB)
[2025-11-18 11:43:56][INFO][Rank 0] - train Epoch 0/24: 28.4% (550/1936)
[2025-11-18 11:44:03][INFO][Rank 0] - train Epoch 0/24: 28.9% (560/1936)
[2025-11-18 11:44:10][INFO][Rank 0] - train Epoch 0/24: 29.4% (570/1936)
[2025-11-18 11:44:17][INFO][Rank 0] - train Epoch 0/24: 30.0% (580/1936)
[2025-11-18 11:44:25][INFO][Rank 0] - train Epoch 0/24: 30.5% (590/1936)
[2025-11-18 11:44:32][INFO][Rank 0] - train Epoch 0/24: 31.0% (600/1936)
[2025-11-18 11:44:39][INFO][Rank 0] - train Epoch 0/24: 31.5% (610/1936)
[2025-11-18 11:44:46][INFO][Rank 0] - train Epoch 0/24: 32.0% (620/1936)
[2025-11-18 11:44:53][INFO][Rank 0] - train Epoch 0/24: 32.5% (630/1936)
[2025-11-18 11:44:54][INFO][Rank 0] - CUDA Memory [train][Step 630]: Device 0: Allocated: 3309.6 MB, Reserved: 117540.0 MB (Δ: +1687.0 MB)
[2025-11-18 11:45:00][INFO][Rank 0] - train Epoch 0/24: 33.1% (640/1936)
[2025-11-18 11:45:07][INFO][Rank 0] - train Epoch 0/24: 33.6% (650/1936)
[2025-11-18 11:45:14][INFO][Rank 0] - train Epoch 0/24: 34.1% (660/1936)
[2025-11-18 11:45:21][INFO][Rank 0] - train Epoch 0/24: 34.6% (670/1936)
[2025-11-18 11:45:28][INFO][Rank 0] - train Epoch 0/24: 35.1% (680/1936)
[2025-11-18 11:45:35][INFO][Rank 0] - train Epoch 0/24: 35.6% (690/1936)
[2025-11-18 11:45:42][INFO][Rank 0] - train Epoch 0/24: 36.2% (700/1936)
[2025-11-18 11:45:49][INFO][Rank 0] - train Epoch 0/24: 36.7% (710/1936)
[2025-11-18 11:45:56][INFO][Rank 0] - train Epoch 0/24: 37.2% (720/1936)
[2025-11-18 11:45:57][INFO][Rank 0] - CUDA Memory [train][Step 720]: Device 0: Allocated: 3309.6 MB, Reserved: 117540.0 MB (Δ: +1687.0 MB)
[2025-11-18 11:46:03][INFO][Rank 0] - train Epoch 0/24: 37.7% (730/1936)
[2025-11-18 11:46:10][INFO][Rank 0] - train Epoch 0/24: 38.2% (740/1936)
[2025-11-18 11:46:18][INFO][Rank 0] - train Epoch 0/24: 38.7% (750/1936)
[2025-11-18 11:46:25][INFO][Rank 0] - train Epoch 0/24: 39.3% (760/1936)
[2025-11-18 11:46:32][INFO][Rank 0] - train Epoch 0/24: 39.8% (770/1936)
[2025-11-18 11:46:39][INFO][Rank 0] - train Epoch 0/24: 40.3% (780/1936)
[2025-11-18 11:46:46][INFO][Rank 0] - train Epoch 0/24: 40.8% (790/1936)
[2025-11-18 11:46:53][INFO][Rank 0] - train Epoch 0/24: 41.3% (800/1936)
[2025-11-18 11:47:00][INFO][Rank 0] - train Epoch 0/24: 41.8% (810/1936)
[2025-11-18 11:47:01][INFO][Rank 0] - CUDA Memory [train][Step 810]: Device 0: Allocated: 3309.6 MB, Reserved: 117540.0 MB (Δ: +1687.0 MB)
[2025-11-18 11:47:07][INFO][Rank 0] - train Epoch 0/24: 42.4% (820/1936)
[2025-11-18 11:47:14][INFO][Rank 0] - train Epoch 0/24: 42.9% (830/1936)
[2025-11-18 11:47:21][INFO][Rank 0] - train Epoch 0/24: 43.4% (840/1936)
[2025-11-18 11:47:28][INFO][Rank 0] - train Epoch 0/24: 43.9% (850/1936)
[2025-11-18 11:47:35][INFO][Rank 0] - train Epoch 0/24: 44.4% (860/1936)
[2025-11-18 11:47:42][INFO][Rank 0] - train Epoch 0/24: 44.9% (870/1936)
[2025-11-18 11:47:49][INFO][Rank 0] - train Epoch 0/24: 45.5% (880/1936)
[2025-11-18 11:47:56][INFO][Rank 0] - train Epoch 0/24: 46.0% (890/1936)
[2025-11-18 11:48:03][INFO][Rank 0] - train Epoch 0/24: 46.5% (900/1936)
[2025-11-18 11:48:04][INFO][Rank 0] - CUDA Memory [train][Step 900]: Device 0: Allocated: 3309.6 MB, Reserved: 117540.0 MB (Δ: +1687.0 MB)
[2025-11-18 11:48:10][INFO][Rank 0] - train Epoch 0/24: 47.0% (910/1936)
[2025-11-18 11:48:18][INFO][Rank 0] - train Epoch 0/24: 47.5% (920/1936)
[2025-11-18 11:48:25][INFO][Rank 0] - train Epoch 0/24: 48.0% (930/1936)
[2025-11-18 11:48:32][INFO][Rank 0] - train Epoch 0/24: 48.6% (940/1936)
[2025-11-18 11:48:39][INFO][Rank 0] - train Epoch 0/24: 49.1% (950/1936)
[2025-11-18 11:48:46][INFO][Rank 0] - train Epoch 0/24: 49.6% (960/1936)
[2025-11-18 11:48:53][INFO][Rank 0] - train Epoch 0/24: 50.1% (970/1936)
[2025-11-18 11:49:00][INFO][Rank 0] - train Epoch 0/24: 50.6% (980/1936)
[2025-11-18 11:49:07][INFO][Rank 0] - train Epoch 0/24: 51.1% (990/1936)
[2025-11-18 11:49:08][INFO][Rank 0] - CUDA Memory [train][Step 990]: Device 0: Allocated: 3309.6 MB, Reserved: 117540.0 MB (Δ: +1687.0 MB)
[2025-11-18 11:49:14][INFO][Rank 0] - train Epoch 0/24: 51.7% (1000/1936)
[2025-11-18 11:49:21][INFO][Rank 0] - train Epoch 0/24: 52.2% (1010/1936)
[2025-11-18 11:49:28][INFO][Rank 0] - train Epoch 0/24: 52.7% (1020/1936)
[2025-11-18 11:49:35][INFO][Rank 0] - train Epoch 0/24: 53.2% (1030/1936)
[2025-11-18 11:49:42][INFO][Rank 0] - train Epoch 0/24: 53.7% (1040/1936)
[2025-11-18 11:49:49][INFO][Rank 0] - train Epoch 0/24: 54.2% (1050/1936)
[2025-11-18 11:49:56][INFO][Rank 0] - train Epoch 0/24: 54.8% (1060/1936)
[2025-11-18 11:50:03][INFO][Rank 0] - train Epoch 0/24: 55.3% (1070/1936)
[2025-11-18 11:50:11][INFO][Rank 0] - train Epoch 0/24: 55.8% (1080/1936)
[2025-11-18 11:50:11][INFO][Rank 0] - CUDA Memory [train][Step 1080]: Device 0: Allocated: 3309.6 MB, Reserved: 117540.0 MB (Δ: +1687.0 MB)
[2025-11-18 11:50:18][INFO][Rank 0] - train Epoch 0/24: 56.3% (1090/1936)
[2025-11-18 11:50:25][INFO][Rank 0] - train Epoch 0/24: 56.8% (1100/1936)
[2025-11-18 11:50:32][INFO][Rank 0] - train Epoch 0/24: 57.3% (1110/1936)
[2025-11-18 11:50:39][INFO][Rank 0] - train Epoch 0/24: 57.9% (1120/1936)
[2025-11-18 11:50:46][INFO][Rank 0] - train Epoch 0/24: 58.4% (1130/1936)
[2025-11-18 11:50:53][INFO][Rank 0] - train Epoch 0/24: 58.9% (1140/1936)
[2025-11-18 11:51:00][INFO][Rank 0] - train Epoch 0/24: 59.4% (1150/1936)
[2025-11-18 11:51:07][INFO][Rank 0] - train Epoch 0/24: 59.9% (1160/1936)
[2025-11-18 11:51:14][INFO][Rank 0] - train Epoch 0/24: 60.4% (1170/1936)
[2025-11-18 11:51:15][INFO][Rank 0] - CUDA Memory [train][Step 1170]: Device 0: Allocated: 3309.6 MB, Reserved: 117540.0 MB (Δ: +1687.0 MB)
[2025-11-18 11:51:21][INFO][Rank 0] - train Epoch 0/24: 61.0% (1180/1936)
[2025-11-18 11:51:28][INFO][Rank 0] - train Epoch 0/24: 61.5% (1190/1936)
[2025-11-18 11:51:35][INFO][Rank 0] - train Epoch 0/24: 62.0% (1200/1936)
[2025-11-18 11:51:42][INFO][Rank 0] - train Epoch 0/24: 62.5% (1210/1936)
[2025-11-18 11:51:49][INFO][Rank 0] - train Epoch 0/24: 63.0% (1220/1936)
[2025-11-18 11:51:56][INFO][Rank 0] - train Epoch 0/24: 63.5% (1230/1936)
[2025-11-18 11:52:03][INFO][Rank 0] - train Epoch 0/24: 64.0% (1240/1936)
[2025-11-18 11:52:11][INFO][Rank 0] - train Epoch 0/24: 64.6% (1250/1936)
[2025-11-18 11:52:18][INFO][Rank 0] - train Epoch 0/24: 65.1% (1260/1936)
[2025-11-18 11:52:18][INFO][Rank 0] - CUDA Memory [train][Step 1260]: Device 0: Allocated: 3309.6 MB, Reserved: 117540.0 MB (Δ: +1687.0 MB)
[2025-11-18 11:52:25][INFO][Rank 0] - train Epoch 0/24: 65.6% (1270/1936)
[2025-11-18 11:52:32][INFO][Rank 0] - train Epoch 0/24: 66.1% (1280/1936)
[2025-11-18 11:52:39][INFO][Rank 0] - train Epoch 0/24: 66.6% (1290/1936)
[2025-11-18 11:52:46][INFO][Rank 0] - train Epoch 0/24: 67.1% (1300/1936)
[2025-11-18 11:52:53][INFO][Rank 0] - train Epoch 0/24: 67.7% (1310/1936)
[2025-11-18 11:53:00][INFO][Rank 0] - train Epoch 0/24: 68.2% (1320/1936)
[2025-11-18 11:53:07][INFO][Rank 0] - train Epoch 0/24: 68.7% (1330/1936)
[2025-11-18 11:53:14][INFO][Rank 0] - train Epoch 0/24: 69.2% (1340/1936)
[2025-11-18 11:53:21][INFO][Rank 0] - train Epoch 0/24: 69.7% (1350/1936)
[2025-11-18 11:53:22][INFO][Rank 0] - CUDA Memory [train][Step 1350]: Device 0: Allocated: 3309.6 MB, Reserved: 117540.0 MB (Δ: +1687.0 MB)
[2025-11-18 11:53:28][INFO][Rank 0] - train Epoch 0/24: 70.2% (1360/1936)
[2025-11-18 11:53:35][INFO][Rank 0] - train Epoch 0/24: 70.8% (1370/1936)
[2025-11-18 11:53:42][INFO][Rank 0] - train Epoch 0/24: 71.3% (1380/1936)
[2025-11-18 11:53:49][INFO][Rank 0] - train Epoch 0/24: 71.8% (1390/1936)
[2025-11-18 11:53:56][INFO][Rank 0] - train Epoch 0/24: 72.3% (1400/1936)
[2025-11-18 11:54:04][INFO][Rank 0] - train Epoch 0/24: 72.8% (1410/1936)
[2025-11-18 11:54:11][INFO][Rank 0] - train Epoch 0/24: 73.3% (1420/1936)
[2025-11-18 11:54:18][INFO][Rank 0] - train Epoch 0/24: 73.9% (1430/1936)
[2025-11-18 11:54:25][INFO][Rank 0] - train Epoch 0/24: 74.4% (1440/1936)
[2025-11-18 11:54:25][INFO][Rank 0] - CUDA Memory [train][Step 1440]: Device 0: Allocated: 3309.6 MB, Reserved: 117540.0 MB (Δ: +1687.0 MB)
[2025-11-18 11:54:32][INFO][Rank 0] - train Epoch 0/24: 74.9% (1450/1936)
[2025-11-18 11:54:39][INFO][Rank 0] - train Epoch 0/24: 75.4% (1460/1936)
[2025-11-18 11:54:46][INFO][Rank 0] - train Epoch 0/24: 75.9% (1470/1936)
[2025-11-18 11:54:53][INFO][Rank 0] - train Epoch 0/24: 76.4% (1480/1936)
[2025-11-18 11:55:00][INFO][Rank 0] - train Epoch 0/24: 77.0% (1490/1936)
[2025-11-18 11:55:07][INFO][Rank 0] - train Epoch 0/24: 77.5% (1500/1936)
[2025-11-18 11:55:14][INFO][Rank 0] - train Epoch 0/24: 78.0% (1510/1936)
[2025-11-18 11:55:21][INFO][Rank 0] - train Epoch 0/24: 78.5% (1520/1936)
[2025-11-18 11:55:28][INFO][Rank 0] - train Epoch 0/24: 79.0% (1530/1936)
[2025-11-18 11:55:29][INFO][Rank 0] - CUDA Memory [train][Step 1530]: Device 0: Allocated: 3309.6 MB, Reserved: 117540.0 MB (Δ: +1687.0 MB)
[2025-11-18 11:55:35][INFO][Rank 0] - train Epoch 0/24: 79.5% (1540/1936)
[2025-11-18 11:55:42][INFO][Rank 0] - train Epoch 0/24: 80.1% (1550/1936)
[2025-11-18 11:55:49][INFO][Rank 0] - train Epoch 0/24: 80.6% (1560/1936)
[2025-11-18 11:55:56][INFO][Rank 0] - train Epoch 0/24: 81.1% (1570/1936)
[2025-11-18 11:56:04][INFO][Rank 0] - train Epoch 0/24: 81.6% (1580/1936)
[2025-11-18 11:56:11][INFO][Rank 0] - train Epoch 0/24: 82.1% (1590/1936)
[2025-11-18 11:56:18][INFO][Rank 0] - train Epoch 0/24: 82.6% (1600/1936)
[2025-11-18 11:56:25][INFO][Rank 0] - train Epoch 0/24: 83.2% (1610/1936)
[2025-11-18 11:56:32][INFO][Rank 0] - train Epoch 0/24: 83.7% (1620/1936)
[2025-11-18 11:56:33][INFO][Rank 0] - CUDA Memory [train][Step 1620]: Device 0: Allocated: 3309.6 MB, Reserved: 117540.0 MB (Δ: +1687.0 MB)
[2025-11-18 11:56:39][INFO][Rank 0] - train Epoch 0/24: 84.2% (1630/1936)
[2025-11-18 11:56:46][INFO][Rank 0] - train Epoch 0/24: 84.7% (1640/1936)
[2025-11-18 11:56:53][INFO][Rank 0] - train Epoch 0/24: 85.2% (1650/1936)
[2025-11-18 11:57:00][INFO][Rank 0] - train Epoch 0/24: 85.7% (1660/1936)
[2025-11-18 11:57:07][INFO][Rank 0] - train Epoch 0/24: 86.3% (1670/1936)
[2025-11-18 11:57:14][INFO][Rank 0] - train Epoch 0/24: 86.8% (1680/1936)
[2025-11-18 11:57:21][INFO][Rank 0] - train Epoch 0/24: 87.3% (1690/1936)
[2025-11-18 11:57:28][INFO][Rank 0] - train Epoch 0/24: 87.8% (1700/1936)
[2025-11-18 11:57:35][INFO][Rank 0] - train Epoch 0/24: 88.3% (1710/1936)
[2025-11-18 11:57:36][INFO][Rank 0] - CUDA Memory [train][Step 1710]: Device 0: Allocated: 3309.6 MB, Reserved: 117540.0 MB (Δ: +1687.0 MB)
[2025-11-18 11:57:42][INFO][Rank 0] - train Epoch 0/24: 88.8% (1720/1936)
[2025-11-18 11:57:49][INFO][Rank 0] - train Epoch 0/24: 89.4% (1730/1936)
[2025-11-18 11:57:57][INFO][Rank 0] - train Epoch 0/24: 89.9% (1740/1936)
[2025-11-18 11:58:04][INFO][Rank 0] - train Epoch 0/24: 90.4% (1750/1936)
[2025-11-18 11:58:11][INFO][Rank 0] - train Epoch 0/24: 90.9% (1760/1936)
[2025-11-18 11:58:18][INFO][Rank 0] - train Epoch 0/24: 91.4% (1770/1936)
[2025-11-18 11:58:25][INFO][Rank 0] - train Epoch 0/24: 91.9% (1780/1936)
[2025-11-18 11:58:32][INFO][Rank 0] - train Epoch 0/24: 92.5% (1790/1936)
[2025-11-18 11:58:39][INFO][Rank 0] - train Epoch 0/24: 93.0% (1800/1936)
[2025-11-18 11:58:40][INFO][Rank 0] - CUDA Memory [train][Step 1800]: Device 0: Allocated: 3309.6 MB, Reserved: 117540.0 MB (Δ: +1687.0 MB)
[2025-11-18 11:58:46][INFO][Rank 0] - train Epoch 0/24: 93.5% (1810/1936)
[2025-11-18 11:58:53][INFO][Rank 0] - train Epoch 0/24: 94.0% (1820/1936)
[2025-11-18 11:59:00][INFO][Rank 0] - train Epoch 0/24: 94.5% (1830/1936)
[2025-11-18 11:59:07][INFO][Rank 0] - train Epoch 0/24: 95.0% (1840/1936)
[2025-11-18 11:59:14][INFO][Rank 0] - train Epoch 0/24: 95.6% (1850/1936)
[2025-11-18 11:59:21][INFO][Rank 0] - train Epoch 0/24: 96.1% (1860/1936)
[2025-11-18 11:59:28][INFO][Rank 0] - train Epoch 0/24: 96.6% (1870/1936)
[2025-11-18 11:59:35][INFO][Rank 0] - train Epoch 0/24: 97.1% (1880/1936)
[2025-11-18 11:59:42][INFO][Rank 0] - train Epoch 0/24: 97.6% (1890/1936)
[2025-11-18 11:59:43][INFO][Rank 0] - CUDA Memory [train][Step 1890]: Device 0: Allocated: 3309.6 MB, Reserved: 117540.0 MB (Δ: +1687.0 MB)
[2025-11-18 11:59:50][INFO][Rank 0] - train Epoch 0/24: 98.1% (1900/1936)
[2025-11-18 11:59:57][INFO][Rank 0] - train Epoch 0/24: 98.7% (1910/1936)
[2025-11-18 12:00:04][INFO][Rank 0] - train Epoch 0/24: 99.2% (1920/1936)
[2025-11-18 12:00:11][INFO][Rank 0] - train Epoch 0/24: 99.7% (1930/1936)
[2025-11-18 12:00:14][INFO][Rank 0] - train Epoch 0/24: 99.9% (1935/1936)
[2025-11-18 12:00:15][INFO][Rank 0] - train Loss: 0.5371 Acc: 0.8517 F1: 0.9192
[2025-11-18 12:00:15][INFO][Rank 0] - train Balanced Acc: 0.5739 AUC-ROC: 0.6802
[2025-11-18 12:00:15][INFO][Rank 0] - train Sensitivity: 0.8668 Specificity: 0.2809
[2025-11-18 12:00:15][INFO][Rank 0] - train Confusion Matrix: TP=16347, FP=361, FN=2511, TN=141
[2025-11-18 12:00:15][INFO][Rank 0] - train completed in 1369.12s
[2025-11-18 12:00:15][INFO][Rank 0] - Data loading time: 1.69s, Forward time: 279.09s, Backward time: 741.37s
[2025-11-18 12:00:15][INFO][Rank 0] - train cache: 0/1 items, hit rate: 0.00%
[2025-11-18 12:00:15][INFO][Rank 0] - CUDA Memory [val][Step 0]: Device 0: Allocated: 3309.6 MB, Reserved: 117540.0 MB (Δ: +1687.0 MB)
[2025-11-18 12:00:15][INFO][Rank 0] - val phase: total 418 batches
[2025-11-18 12:00:16][INFO][Rank 0] - val Epoch 0/24: 0.0% (0/418)
[2025-11-18 12:00:21][INFO][Rank 0] - val Epoch 0/24: 2.4% (10/418)
[2025-11-18 12:00:26][INFO][Rank 0] - val Epoch 0/24: 4.8% (20/418)
[2025-11-18 12:00:31][INFO][Rank 0] - val Epoch 0/24: 7.2% (30/418)
[2025-11-18 12:00:36][INFO][Rank 0] - val Epoch 0/24: 9.6% (40/418)
[2025-11-18 12:00:41][INFO][Rank 0] - val Epoch 0/24: 12.0% (50/418)
[2025-11-18 12:00:46][INFO][Rank 0] - val Epoch 0/24: 14.4% (60/418)
[2025-11-18 12:00:51][INFO][Rank 0] - val Epoch 0/24: 16.7% (70/418)
[2025-11-18 12:00:56][INFO][Rank 0] - val Epoch 0/24: 19.1% (80/418)
[2025-11-18 12:01:01][INFO][Rank 0] - val Epoch 0/24: 21.5% (90/418)
[2025-11-18 12:01:06][INFO][Rank 0] - val Epoch 0/24: 23.9% (100/418)
[2025-11-18 12:01:11][INFO][Rank 0] - val Epoch 0/24: 26.3% (110/418)
[2025-11-18 12:01:16][INFO][Rank 0] - val Epoch 0/24: 28.7% (120/418)
[2025-11-18 12:01:17][INFO][Rank 0] - CUDA Memory [val][Step 120]: Device 0: Allocated: 3309.6 MB, Reserved: 117540.0 MB (Δ: +1687.0 MB)
[2025-11-18 12:01:21][INFO][Rank 0] - val Epoch 0/24: 31.1% (130/418)
[2025-11-18 12:01:26][INFO][Rank 0] - val Epoch 0/24: 33.5% (140/418)
[2025-11-18 12:01:31][INFO][Rank 0] - val Epoch 0/24: 35.9% (150/418)
[2025-11-18 12:01:36][INFO][Rank 0] - val Epoch 0/24: 38.3% (160/418)
[2025-11-18 12:01:41][INFO][Rank 0] - val Epoch 0/24: 40.7% (170/418)
[2025-11-18 12:01:46][INFO][Rank 0] - val Epoch 0/24: 43.1% (180/418)
[2025-11-18 12:01:51][INFO][Rank 0] - val Epoch 0/24: 45.5% (190/418)
[2025-11-18 12:01:57][INFO][Rank 0] - val Epoch 0/24: 47.8% (200/418)
[2025-11-18 12:02:02][INFO][Rank 0] - val Epoch 0/24: 50.2% (210/418)
[2025-11-18 12:02:07][INFO][Rank 0] - val Epoch 0/24: 52.6% (220/418)
[2025-11-18 12:02:12][INFO][Rank 0] - val Epoch 0/24: 55.0% (230/418)
[2025-11-18 12:02:17][INFO][Rank 0] - val Epoch 0/24: 57.4% (240/418)
[2025-11-18 12:02:17][INFO][Rank 0] - CUDA Memory [val][Step 240]: Device 0: Allocated: 3309.6 MB, Reserved: 117540.0 MB (Δ: +1687.0 MB)
[2025-11-18 12:02:22][INFO][Rank 0] - val Epoch 0/24: 59.8% (250/418)
[2025-11-18 12:02:27][INFO][Rank 0] - val Epoch 0/24: 62.2% (260/418)
[2025-11-18 12:02:32][INFO][Rank 0] - val Epoch 0/24: 64.6% (270/418)
[2025-11-18 12:02:37][INFO][Rank 0] - val Epoch 0/24: 67.0% (280/418)
[2025-11-18 12:02:42][INFO][Rank 0] - val Epoch 0/24: 69.4% (290/418)
[2025-11-18 12:02:47][INFO][Rank 0] - val Epoch 0/24: 71.8% (300/418)
[2025-11-18 12:02:52][INFO][Rank 0] - val Epoch 0/24: 74.2% (310/418)
[2025-11-18 12:02:57][INFO][Rank 0] - val Epoch 0/24: 76.6% (320/418)
[2025-11-18 12:03:02][INFO][Rank 0] - val Epoch 0/24: 78.9% (330/418)
[2025-11-18 12:03:07][INFO][Rank 0] - val Epoch 0/24: 81.3% (340/418)
[2025-11-18 12:03:12][INFO][Rank 0] - val Epoch 0/24: 83.7% (350/418)
[2025-11-18 12:03:17][INFO][Rank 0] - val Epoch 0/24: 86.1% (360/418)
[2025-11-18 12:03:18][INFO][Rank 0] - CUDA Memory [val][Step 360]: Device 0: Allocated: 3309.6 MB, Reserved: 117540.0 MB (Δ: +1687.0 MB)
[2025-11-18 12:03:22][INFO][Rank 0] - val Epoch 0/24: 88.5% (370/418)
[2025-11-18 12:03:27][INFO][Rank 0] - val Epoch 0/24: 90.9% (380/418)
[2025-11-18 12:03:32][INFO][Rank 0] - val Epoch 0/24: 93.3% (390/418)
[2025-11-18 12:03:37][INFO][Rank 0] - val Epoch 0/24: 95.7% (400/418)
[2025-11-18 12:03:42][INFO][Rank 0] - val Epoch 0/24: 98.1% (410/418)
[2025-11-18 12:03:46][INFO][Rank 0] - val Epoch 0/24: 99.8% (417/418)
[2025-11-18 12:03:46][INFO][Rank 0] - val Loss: 0.3300 Acc: 0.9766 F1: 0.9881
[2025-11-18 12:03:46][INFO][Rank 0] - val Balanced Acc: 0.5707 AUC-ROC: 0.9188
[2025-11-18 12:03:46][INFO][Rank 0] - val Sensitivity: 0.9998 Specificity: 0.1416
[2025-11-18 12:03:46][INFO][Rank 0] - val Confusion Matrix: TP=4066, FP=97, FN=1, TN=16
[2025-11-18 12:03:46][INFO][Rank 0] - val completed in 211.52s
[2025-11-18 12:03:46][INFO][Rank 0] - val cache: 0/1 items, hit rate: 0.00%
[2025-11-18 12:03:51][INFO][Rank 0] - Saved new best accuracy model with accuracy: 0.9766 at /projects/retprogression/rgarridogarcia/checkpoints/cropped1024_cropped_centered_allR_4/best_acc_model.pth
[2025-11-18 12:03:55][INFO][Rank 0] - Saved new best f1 model with f1: 0.9881 at /projects/retprogression/rgarridogarcia/checkpoints/cropped1024_cropped_centered_allR_4/best_f1_model.pth
[2025-11-18 12:03:59][INFO][Rank 0] - Saved new best balanced_acc model with balanced_acc: 0.5707 at /projects/retprogression/rgarridogarcia/checkpoints/cropped1024_cropped_centered_allR_4/best_balanced_acc_model.pth
[2025-11-18 12:04:03][INFO][Rank 0] - Also saved as general best model at /projects/retprogression/rgarridogarcia/checkpoints/cropped1024_cropped_centered_allR_4/best_model.pth
[2025-11-18 12:04:08][INFO][Rank 0] - Saved new best auc model with auc: 0.9188 at /projects/retprogression/rgarridogarcia/checkpoints/cropped1024_cropped_centered_allR_4/best_auc_model.pth
[2025-11-18 12:04:12][INFO][Rank 0] - Saved epoch checkpoint at /projects/retprogression/rgarridogarcia/checkpoints/cropped1024_cropped_centered_allR_4/epoch_0.pth
[2025-11-18 12:04:12][INFO][Rank 0] - Epoch 0 summary:
[2025-11-18 12:04:12][INFO][Rank 0] -  Train Loss: 0.5371, Train Acc: 0.8517, Train F1: 0.9192
[2025-11-18 12:04:12][INFO][Rank 0] -  Train Balanced Acc: 0.5739, Train AUC: 0.6802
[2025-11-18 12:04:12][INFO][Rank 0] -  Train Sensitivity: 0.8668, Train Specificity: 0.2809
[2025-11-18 12:04:12][INFO][Rank 0] -  Val Loss: 0.3300, Val Acc: 0.9766, Val F1: 0.9881
[2025-11-18 12:04:12][INFO][Rank 0] -  Val Balanced Acc: 0.5707, Val AUC: 0.9188
[2025-11-18 12:04:12][INFO][Rank 0] -  Val Sensitivity: 0.9998, Val Specificity: 0.1416
[2025-11-18 12:04:12][INFO][Rank 0] -  Total Epoch Time: 1605.76s
[2025-11-18 12:04:12][INFO][Rank 0] - Epoch 1/24
[2025-11-18 12:04:12][INFO][Rank 0] - ----------
[2025-11-18 12:04:12][INFO][Rank 0] - CUDA Memory [train][Step 0]: Device 0: Allocated: 3309.6 MB, Reserved: 117540.0 MB (Δ: +1687.0 MB)
[2025-11-18 12:04:12][INFO][Rank 0] - train phase: total 1936 batches
[2025-11-18 12:04:12][INFO][Rank 0] - train Epoch 1/24: 0.0% (0/1936)
[2025-11-18 12:04:19][INFO][Rank 0] - train Epoch 1/24: 0.5% (10/1936)
[2025-11-18 12:04:26][INFO][Rank 0] - train Epoch 1/24: 1.0% (20/1936)
[2025-11-18 12:04:33][INFO][Rank 0] - train Epoch 1/24: 1.5% (30/1936)
[2025-11-18 12:04:40][INFO][Rank 0] - train Epoch 1/24: 2.1% (40/1936)
[2025-11-18 12:04:48][INFO][Rank 0] - train Epoch 1/24: 2.6% (50/1936)
[2025-11-18 12:04:55][INFO][Rank 0] - train Epoch 1/24: 3.1% (60/1936)
[2025-11-18 12:05:02][INFO][Rank 0] - train Epoch 1/24: 3.6% (70/1936)
[2025-11-18 12:05:09][INFO][Rank 0] - train Epoch 1/24: 4.1% (80/1936)
[2025-11-18 12:05:16][INFO][Rank 0] - train Epoch 1/24: 4.6% (90/1936)
[2025-11-18 12:05:16][INFO][Rank 0] - CUDA Memory [train][Step 90]: Device 0: Allocated: 3309.6 MB, Reserved: 117540.0 MB (Δ: +1687.0 MB)
[2025-11-18 12:05:23][INFO][Rank 0] - train Epoch 1/24: 5.2% (100/1936)
[2025-11-18 12:05:30][INFO][Rank 0] - train Epoch 1/24: 5.7% (110/1936)
[2025-11-18 12:05:37][INFO][Rank 0] - train Epoch 1/24: 6.2% (120/1936)
[2025-11-18 12:05:44][INFO][Rank 0] - train Epoch 1/24: 6.7% (130/1936)
[2025-11-18 12:05:51][INFO][Rank 0] - train Epoch 1/24: 7.2% (140/1936)
[2025-11-18 12:05:58][INFO][Rank 0] - train Epoch 1/24: 7.7% (150/1936)
[2025-11-18 12:06:05][INFO][Rank 0] - train Epoch 1/24: 8.3% (160/1936)
[2025-11-18 12:06:12][INFO][Rank 0] - train Epoch 1/24: 8.8% (170/1936)
[2025-11-18 12:06:19][INFO][Rank 0] - train Epoch 1/24: 9.3% (180/1936)
[2025-11-18 12:06:20][INFO][Rank 0] - CUDA Memory [train][Step 180]: Device 0: Allocated: 3309.6 MB, Reserved: 117540.0 MB (Δ: +1687.0 MB)
[2025-11-18 12:06:26][INFO][Rank 0] - train Epoch 1/24: 9.8% (190/1936)
[2025-11-18 12:06:33][INFO][Rank 0] - train Epoch 1/24: 10.3% (200/1936)
[2025-11-18 12:06:40][INFO][Rank 0] - train Epoch 1/24: 10.8% (210/1936)
[2025-11-18 12:06:47][INFO][Rank 0] - train Epoch 1/24: 11.4% (220/1936)
[2025-11-18 12:06:55][INFO][Rank 0] - train Epoch 1/24: 11.9% (230/1936)
[2025-11-18 12:07:02][INFO][Rank 0] - train Epoch 1/24: 12.4% (240/1936)
[2025-11-18 12:07:09][INFO][Rank 0] - train Epoch 1/24: 12.9% (250/1936)
[2025-11-18 12:07:16][INFO][Rank 0] - train Epoch 1/24: 13.4% (260/1936)
[2025-11-18 12:07:23][INFO][Rank 0] - train Epoch 1/24: 13.9% (270/1936)
[2025-11-18 12:07:23][INFO][Rank 0] - CUDA Memory [train][Step 270]: Device 0: Allocated: 3309.6 MB, Reserved: 117540.0 MB (Δ: +1687.0 MB)
[2025-11-18 12:07:30][INFO][Rank 0] - train Epoch 1/24: 14.5% (280/1936)
[2025-11-18 12:07:37][INFO][Rank 0] - train Epoch 1/24: 15.0% (290/1936)
[2025-11-18 12:07:44][INFO][Rank 0] - train Epoch 1/24: 15.5% (300/1936)
[2025-11-18 12:07:51][INFO][Rank 0] - train Epoch 1/24: 16.0% (310/1936)
[2025-11-18 12:07:58][INFO][Rank 0] - train Epoch 1/24: 16.5% (320/1936)
[2025-11-18 12:08:05][INFO][Rank 0] - train Epoch 1/24: 17.0% (330/1936)
[2025-11-18 12:08:12][INFO][Rank 0] - train Epoch 1/24: 17.6% (340/1936)
[2025-11-18 12:08:19][INFO][Rank 0] - train Epoch 1/24: 18.1% (350/1936)
[2025-11-18 12:08:26][INFO][Rank 0] - train Epoch 1/24: 18.6% (360/1936)
[2025-11-18 12:08:27][INFO][Rank 0] - CUDA Memory [train][Step 360]: Device 0: Allocated: 3309.6 MB, Reserved: 117540.0 MB (Δ: +1687.0 MB)
[2025-11-18 12:08:33][INFO][Rank 0] - train Epoch 1/24: 19.1% (370/1936)
[2025-11-18 12:08:40][INFO][Rank 0] - train Epoch 1/24: 19.6% (380/1936)
[2025-11-18 12:08:47][INFO][Rank 0] - train Epoch 1/24: 20.1% (390/1936)
[2025-11-18 12:08:55][INFO][Rank 0] - train Epoch 1/24: 20.7% (400/1936)
[2025-11-18 12:09:02][INFO][Rank 0] - train Epoch 1/24: 21.2% (410/1936)
[2025-11-18 12:09:09][INFO][Rank 0] - train Epoch 1/24: 21.7% (420/1936)
[2025-11-18 12:09:16][INFO][Rank 0] - train Epoch 1/24: 22.2% (430/1936)
[2025-11-18 12:09:23][INFO][Rank 0] - train Epoch 1/24: 22.7% (440/1936)
[2025-11-18 12:09:30][INFO][Rank 0] - train Epoch 1/24: 23.2% (450/1936)
[2025-11-18 12:09:31][INFO][Rank 0] - CUDA Memory [train][Step 450]: Device 0: Allocated: 3309.6 MB, Reserved: 117540.0 MB (Δ: +1687.0 MB)
[2025-11-18 12:09:37][INFO][Rank 0] - train Epoch 1/24: 23.8% (460/1936)
[2025-11-18 12:09:44][INFO][Rank 0] - train Epoch 1/24: 24.3% (470/1936)
[2025-11-18 12:09:51][INFO][Rank 0] - train Epoch 1/24: 24.8% (480/1936)
[2025-11-18 12:09:58][INFO][Rank 0] - train Epoch 1/24: 25.3% (490/1936)
[2025-11-18 12:10:05][INFO][Rank 0] - train Epoch 1/24: 25.8% (500/1936)
[2025-11-18 12:10:12][INFO][Rank 0] - train Epoch 1/24: 26.3% (510/1936)
[2025-11-18 12:10:19][INFO][Rank 0] - train Epoch 1/24: 26.9% (520/1936)
[2025-11-18 12:10:26][INFO][Rank 0] - train Epoch 1/24: 27.4% (530/1936)
[2025-11-18 12:10:33][INFO][Rank 0] - train Epoch 1/24: 27.9% (540/1936)
[2025-11-18 12:10:34][INFO][Rank 0] - CUDA Memory [train][Step 540]: Device 0: Allocated: 3309.6 MB, Reserved: 117540.0 MB (Δ: +1687.0 MB)
[2025-11-18 12:10:40][INFO][Rank 0] - train Epoch 1/24: 28.4% (550/1936)
[2025-11-18 12:10:47][INFO][Rank 0] - train Epoch 1/24: 28.9% (560/1936)
[2025-11-18 12:10:55][INFO][Rank 0] - train Epoch 1/24: 29.4% (570/1936)
[2025-11-18 12:11:02][INFO][Rank 0] - train Epoch 1/24: 30.0% (580/1936)
[2025-11-18 12:11:09][INFO][Rank 0] - train Epoch 1/24: 30.5% (590/1936)
[2025-11-18 12:11:16][INFO][Rank 0] - train Epoch 1/24: 31.0% (600/1936)
[2025-11-18 12:11:23][INFO][Rank 0] - train Epoch 1/24: 31.5% (610/1936)
[2025-11-18 12:11:30][INFO][Rank 0] - train Epoch 1/24: 32.0% (620/1936)
[2025-11-18 12:11:37][INFO][Rank 0] - train Epoch 1/24: 32.5% (630/1936)
[2025-11-18 12:11:38][INFO][Rank 0] - CUDA Memory [train][Step 630]: Device 0: Allocated: 3309.6 MB, Reserved: 117540.0 MB (Δ: +1687.0 MB)
[2025-11-18 12:11:44][INFO][Rank 0] - train Epoch 1/24: 33.1% (640/1936)
[2025-11-18 12:11:51][INFO][Rank 0] - train Epoch 1/24: 33.6% (650/1936)
[2025-11-18 12:11:58][INFO][Rank 0] - train Epoch 1/24: 34.1% (660/1936)
[2025-11-18 12:12:05][INFO][Rank 0] - train Epoch 1/24: 34.6% (670/1936)
[2025-11-18 12:12:12][INFO][Rank 0] - train Epoch 1/24: 35.1% (680/1936)
[2025-11-18 12:12:19][INFO][Rank 0] - train Epoch 1/24: 35.6% (690/1936)
[2025-11-18 12:12:26][INFO][Rank 0] - train Epoch 1/24: 36.2% (700/1936)
[2025-11-18 12:12:33][INFO][Rank 0] - train Epoch 1/24: 36.7% (710/1936)
[2025-11-18 12:12:40][INFO][Rank 0] - train Epoch 1/24: 37.2% (720/1936)
[2025-11-18 12:12:41][INFO][Rank 0] - CUDA Memory [train][Step 720]: Device 0: Allocated: 3309.6 MB, Reserved: 117540.0 MB (Δ: +1687.0 MB)
[2025-11-18 12:12:47][INFO][Rank 0] - train Epoch 1/24: 37.7% (730/1936)
[2025-11-18 12:12:55][INFO][Rank 0] - train Epoch 1/24: 38.2% (740/1936)
[2025-11-18 12:13:02][INFO][Rank 0] - train Epoch 1/24: 38.7% (750/1936)
[2025-11-18 12:13:09][INFO][Rank 0] - train Epoch 1/24: 39.3% (760/1936)
[2025-11-18 12:13:16][INFO][Rank 0] - train Epoch 1/24: 39.8% (770/1936)
[2025-11-18 12:13:23][INFO][Rank 0] - train Epoch 1/24: 40.3% (780/1936)
[2025-11-18 12:13:30][INFO][Rank 0] - train Epoch 1/24: 40.8% (790/1936)
[2025-11-18 12:13:37][INFO][Rank 0] - train Epoch 1/24: 41.3% (800/1936)
[2025-11-18 12:13:44][INFO][Rank 0] - train Epoch 1/24: 41.8% (810/1936)
[2025-11-18 12:13:45][INFO][Rank 0] - CUDA Memory [train][Step 810]: Device 0: Allocated: 3309.6 MB, Reserved: 117540.0 MB (Δ: +1687.0 MB)
[2025-11-18 12:13:51][INFO][Rank 0] - train Epoch 1/24: 42.4% (820/1936)
[2025-11-18 12:13:58][INFO][Rank 0] - train Epoch 1/24: 42.9% (830/1936)
[2025-11-18 12:14:05][INFO][Rank 0] - train Epoch 1/24: 43.4% (840/1936)
[2025-11-18 12:14:12][INFO][Rank 0] - train Epoch 1/24: 43.9% (850/1936)
[2025-11-18 12:14:19][INFO][Rank 0] - train Epoch 1/24: 44.4% (860/1936)
[2025-11-18 12:14:26][INFO][Rank 0] - train Epoch 1/24: 44.9% (870/1936)
[2025-11-18 12:14:33][INFO][Rank 0] - train Epoch 1/24: 45.5% (880/1936)
[2025-11-18 12:14:40][INFO][Rank 0] - train Epoch 1/24: 46.0% (890/1936)
[2025-11-18 12:14:47][INFO][Rank 0] - train Epoch 1/24: 46.5% (900/1936)
[2025-11-18 12:14:48][INFO][Rank 0] - CUDA Memory [train][Step 900]: Device 0: Allocated: 3309.6 MB, Reserved: 117540.0 MB (Δ: +1687.0 MB)
[2025-11-18 12:14:55][INFO][Rank 0] - train Epoch 1/24: 47.0% (910/1936)
[2025-11-18 12:15:02][INFO][Rank 0] - train Epoch 1/24: 47.5% (920/1936)
[2025-11-18 12:15:09][INFO][Rank 0] - train Epoch 1/24: 48.0% (930/1936)
[2025-11-18 12:15:16][INFO][Rank 0] - train Epoch 1/24: 48.6% (940/1936)
[2025-11-18 12:15:23][INFO][Rank 0] - train Epoch 1/24: 49.1% (950/1936)
[2025-11-18 12:15:30][INFO][Rank 0] - train Epoch 1/24: 49.6% (960/1936)
[2025-11-18 12:15:37][INFO][Rank 0] - train Epoch 1/24: 50.1% (970/1936)
[2025-11-18 12:15:44][INFO][Rank 0] - train Epoch 1/24: 50.6% (980/1936)
[2025-11-18 12:15:51][INFO][Rank 0] - train Epoch 1/24: 51.1% (990/1936)
[2025-11-18 12:15:52][INFO][Rank 0] - CUDA Memory [train][Step 990]: Device 0: Allocated: 3309.6 MB, Reserved: 117540.0 MB (Δ: +1687.0 MB)
[2025-11-18 12:15:58][INFO][Rank 0] - train Epoch 1/24: 51.7% (1000/1936)
[2025-11-18 12:16:05][INFO][Rank 0] - train Epoch 1/24: 52.2% (1010/1936)
[2025-11-18 12:16:12][INFO][Rank 0] - train Epoch 1/24: 52.7% (1020/1936)
[2025-11-18 12:16:19][INFO][Rank 0] - train Epoch 1/24: 53.2% (1030/1936)
[2025-11-18 12:16:26][INFO][Rank 0] - train Epoch 1/24: 53.7% (1040/1936)
[2025-11-18 12:16:33][INFO][Rank 0] - train Epoch 1/24: 54.2% (1050/1936)
[2025-11-18 12:16:40][INFO][Rank 0] - train Epoch 1/24: 54.8% (1060/1936)
[2025-11-18 12:16:47][INFO][Rank 0] - train Epoch 1/24: 55.3% (1070/1936)
[2025-11-18 12:16:55][INFO][Rank 0] - train Epoch 1/24: 55.8% (1080/1936)
[2025-11-18 12:16:55][INFO][Rank 0] - CUDA Memory [train][Step 1080]: Device 0: Allocated: 3309.6 MB, Reserved: 117540.0 MB (Δ: +1687.0 MB)
[2025-11-18 12:17:02][INFO][Rank 0] - train Epoch 1/24: 56.3% (1090/1936)
[2025-11-18 12:17:09][INFO][Rank 0] - train Epoch 1/24: 56.8% (1100/1936)
[2025-11-18 12:17:16][INFO][Rank 0] - train Epoch 1/24: 57.3% (1110/1936)
[2025-11-18 12:17:23][INFO][Rank 0] - train Epoch 1/24: 57.9% (1120/1936)
[2025-11-18 12:17:30][INFO][Rank 0] - train Epoch 1/24: 58.4% (1130/1936)
[2025-11-18 12:17:37][INFO][Rank 0] - train Epoch 1/24: 58.9% (1140/1936)
[2025-11-18 12:17:44][INFO][Rank 0] - train Epoch 1/24: 59.4% (1150/1936)
[2025-11-18 12:17:51][INFO][Rank 0] - train Epoch 1/24: 59.9% (1160/1936)
[2025-11-18 12:17:58][INFO][Rank 0] - train Epoch 1/24: 60.4% (1170/1936)
[2025-11-18 12:17:59][INFO][Rank 0] - CUDA Memory [train][Step 1170]: Device 0: Allocated: 3309.6 MB, Reserved: 117540.0 MB (Δ: +1687.0 MB)
[2025-11-18 12:18:05][INFO][Rank 0] - train Epoch 1/24: 61.0% (1180/1936)
[2025-11-18 12:18:12][INFO][Rank 0] - train Epoch 1/24: 61.5% (1190/1936)
[2025-11-18 12:18:19][INFO][Rank 0] - train Epoch 1/24: 62.0% (1200/1936)
[2025-11-18 12:18:26][INFO][Rank 0] - train Epoch 1/24: 62.5% (1210/1936)
[2025-11-18 12:18:33][INFO][Rank 0] - train Epoch 1/24: 63.0% (1220/1936)
[2025-11-18 12:18:40][INFO][Rank 0] - train Epoch 1/24: 63.5% (1230/1936)
[2025-11-18 12:18:47][INFO][Rank 0] - train Epoch 1/24: 64.0% (1240/1936)
[2025-11-18 12:18:55][INFO][Rank 0] - train Epoch 1/24: 64.6% (1250/1936)
[2025-11-18 12:19:02][INFO][Rank 0] - train Epoch 1/24: 65.1% (1260/1936)
[2025-11-18 12:19:02][INFO][Rank 0] - CUDA Memory [train][Step 1260]: Device 0: Allocated: 3309.6 MB, Reserved: 117540.0 MB (Δ: +1687.0 MB)
[2025-11-18 12:19:09][INFO][Rank 0] - train Epoch 1/24: 65.6% (1270/1936)
[2025-11-18 12:19:16][INFO][Rank 0] - train Epoch 1/24: 66.1% (1280/1936)
[2025-11-18 12:19:23][INFO][Rank 0] - train Epoch 1/24: 66.6% (1290/1936)
[2025-11-18 12:19:30][INFO][Rank 0] - train Epoch 1/24: 67.1% (1300/1936)
[2025-11-18 12:19:37][INFO][Rank 0] - train Epoch 1/24: 67.7% (1310/1936)
[2025-11-18 12:19:44][INFO][Rank 0] - train Epoch 1/24: 68.2% (1320/1936)
[2025-11-18 12:19:51][INFO][Rank 0] - train Epoch 1/24: 68.7% (1330/1936)
[2025-11-18 12:19:58][INFO][Rank 0] - train Epoch 1/24: 69.2% (1340/1936)
[2025-11-18 12:20:05][INFO][Rank 0] - train Epoch 1/24: 69.7% (1350/1936)
[2025-11-18 12:20:06][INFO][Rank 0] - CUDA Memory [train][Step 1350]: Device 0: Allocated: 3309.6 MB, Reserved: 117540.0 MB (Δ: +1687.0 MB)
[2025-11-18 12:20:12][INFO][Rank 0] - train Epoch 1/24: 70.2% (1360/1936)
[2025-11-18 12:20:19][INFO][Rank 0] - train Epoch 1/24: 70.8% (1370/1936)
[2025-11-18 12:20:26][INFO][Rank 0] - train Epoch 1/24: 71.3% (1380/1936)
[2025-11-18 12:20:33][INFO][Rank 0] - train Epoch 1/24: 71.8% (1390/1936)
[2025-11-18 12:20:40][INFO][Rank 0] - train Epoch 1/24: 72.3% (1400/1936)
[2025-11-18 12:20:47][INFO][Rank 0] - train Epoch 1/24: 72.8% (1410/1936)
[2025-11-18 12:20:55][INFO][Rank 0] - train Epoch 1/24: 73.3% (1420/1936)
[2025-11-18 12:21:02][INFO][Rank 0] - train Epoch 1/24: 73.9% (1430/1936)
[2025-11-18 12:21:09][INFO][Rank 0] - train Epoch 1/24: 74.4% (1440/1936)
[2025-11-18 12:21:09][INFO][Rank 0] - CUDA Memory [train][Step 1440]: Device 0: Allocated: 3309.6 MB, Reserved: 117540.0 MB (Δ: +1687.0 MB)
[2025-11-18 12:21:16][INFO][Rank 0] - train Epoch 1/24: 74.9% (1450/1936)
[2025-11-18 12:21:23][INFO][Rank 0] - train Epoch 1/24: 75.4% (1460/1936)
[2025-11-18 12:21:30][INFO][Rank 0] - train Epoch 1/24: 75.9% (1470/1936)
[2025-11-18 12:21:37][INFO][Rank 0] - train Epoch 1/24: 76.4% (1480/1936)
[2025-11-18 12:21:44][INFO][Rank 0] - train Epoch 1/24: 77.0% (1490/1936)
[2025-11-18 12:21:51][INFO][Rank 0] - train Epoch 1/24: 77.5% (1500/1936)
[2025-11-18 12:21:58][INFO][Rank 0] - train Epoch 1/24: 78.0% (1510/1936)
[2025-11-18 12:22:05][INFO][Rank 0] - train Epoch 1/24: 78.5% (1520/1936)
[2025-11-18 12:22:12][INFO][Rank 0] - train Epoch 1/24: 79.0% (1530/1936)
[2025-11-18 12:22:13][INFO][Rank 0] - CUDA Memory [train][Step 1530]: Device 0: Allocated: 3309.6 MB, Reserved: 117540.0 MB (Δ: +1687.0 MB)
[2025-11-18 12:22:19][INFO][Rank 0] - train Epoch 1/24: 79.5% (1540/1936)
[2025-11-18 12:22:26][INFO][Rank 0] - train Epoch 1/24: 80.1% (1550/1936)
[2025-11-18 12:22:33][INFO][Rank 0] - train Epoch 1/24: 80.6% (1560/1936)
[2025-11-18 12:22:40][INFO][Rank 0] - train Epoch 1/24: 81.1% (1570/1936)
[2025-11-18 12:22:47][INFO][Rank 0] - train Epoch 1/24: 81.6% (1580/1936)
[2025-11-18 12:22:54][INFO][Rank 0] - train Epoch 1/24: 82.1% (1590/1936)
[2025-11-18 12:23:02][INFO][Rank 0] - train Epoch 1/24: 82.6% (1600/1936)
[2025-11-18 12:23:09][INFO][Rank 0] - train Epoch 1/24: 83.2% (1610/1936)
[2025-11-18 12:23:16][INFO][Rank 0] - train Epoch 1/24: 83.7% (1620/1936)
[2025-11-18 12:23:16][INFO][Rank 0] - CUDA Memory [train][Step 1620]: Device 0: Allocated: 3309.6 MB, Reserved: 117540.0 MB (Δ: +1687.0 MB)
[2025-11-18 12:23:23][INFO][Rank 0] - train Epoch 1/24: 84.2% (1630/1936)
[2025-11-18 12:23:30][INFO][Rank 0] - train Epoch 1/24: 84.7% (1640/1936)
[2025-11-18 12:23:37][INFO][Rank 0] - train Epoch 1/24: 85.2% (1650/1936)
[2025-11-18 12:23:44][INFO][Rank 0] - train Epoch 1/24: 85.7% (1660/1936)
[2025-11-18 12:23:51][INFO][Rank 0] - train Epoch 1/24: 86.3% (1670/1936)
[2025-11-18 12:23:58][INFO][Rank 0] - train Epoch 1/24: 86.8% (1680/1936)
[2025-11-18 12:24:05][INFO][Rank 0] - train Epoch 1/24: 87.3% (1690/1936)
[2025-11-18 12:24:12][INFO][Rank 0] - train Epoch 1/24: 87.8% (1700/1936)
[2025-11-18 12:24:19][INFO][Rank 0] - train Epoch 1/24: 88.3% (1710/1936)
[2025-11-18 12:24:20][INFO][Rank 0] - CUDA Memory [train][Step 1710]: Device 0: Allocated: 3309.6 MB, Reserved: 117540.0 MB (Δ: +1687.0 MB)
[2025-11-18 12:24:26][INFO][Rank 0] - train Epoch 1/24: 88.8% (1720/1936)
[2025-11-18 12:24:33][INFO][Rank 0] - train Epoch 1/24: 89.4% (1730/1936)
[2025-11-18 12:24:40][INFO][Rank 0] - train Epoch 1/24: 89.9% (1740/1936)
[2025-11-18 12:24:47][INFO][Rank 0] - train Epoch 1/24: 90.4% (1750/1936)
[2025-11-18 12:24:54][INFO][Rank 0] - train Epoch 1/24: 90.9% (1760/1936)
[2025-11-18 12:25:02][INFO][Rank 0] - train Epoch 1/24: 91.4% (1770/1936)
[2025-11-18 12:25:09][INFO][Rank 0] - train Epoch 1/24: 91.9% (1780/1936)
[2025-11-18 12:25:16][INFO][Rank 0] - train Epoch 1/24: 92.5% (1790/1936)
[2025-11-18 12:25:23][INFO][Rank 0] - train Epoch 1/24: 93.0% (1800/1936)
[2025-11-18 12:25:23][INFO][Rank 0] - CUDA Memory [train][Step 1800]: Device 0: Allocated: 3309.6 MB, Reserved: 117540.0 MB (Δ: +1687.0 MB)
[2025-11-18 12:25:30][INFO][Rank 0] - train Epoch 1/24: 93.5% (1810/1936)
[2025-11-18 12:25:37][INFO][Rank 0] - train Epoch 1/24: 94.0% (1820/1936)
[2025-11-18 12:25:44][INFO][Rank 0] - train Epoch 1/24: 94.5% (1830/1936)
[2025-11-18 12:25:51][INFO][Rank 0] - train Epoch 1/24: 95.0% (1840/1936)
[2025-11-18 12:25:58][INFO][Rank 0] - train Epoch 1/24: 95.6% (1850/1936)
[2025-11-18 12:26:05][INFO][Rank 0] - train Epoch 1/24: 96.1% (1860/1936)
[2025-11-18 12:26:12][INFO][Rank 0] - train Epoch 1/24: 96.6% (1870/1936)
[2025-11-18 12:26:19][INFO][Rank 0] - train Epoch 1/24: 97.1% (1880/1936)
[2025-11-18 12:26:26][INFO][Rank 0] - train Epoch 1/24: 97.6% (1890/1936)
[2025-11-18 12:26:27][INFO][Rank 0] - CUDA Memory [train][Step 1890]: Device 0: Allocated: 3309.6 MB, Reserved: 117540.0 MB (Δ: +1687.0 MB)
[2025-11-18 12:26:33][INFO][Rank 0] - train Epoch 1/24: 98.1% (1900/1936)
[2025-11-18 12:26:40][INFO][Rank 0] - train Epoch 1/24: 98.7% (1910/1936)
[2025-11-18 12:26:47][INFO][Rank 0] - train Epoch 1/24: 99.2% (1920/1936)
[2025-11-18 12:26:54][INFO][Rank 0] - train Epoch 1/24: 99.7% (1930/1936)
[2025-11-18 12:26:58][INFO][Rank 0] - train Epoch 1/24: 99.9% (1935/1936)
[2025-11-18 12:26:59][INFO][Rank 0] - train Loss: 0.3558 Acc: 0.9760 F1: 0.9878
[2025-11-18 12:26:59][INFO][Rank 0] - train Balanced Acc: 0.5718 AUC-ROC: 0.9151
[2025-11-18 12:26:59][INFO][Rank 0] - train Sensitivity: 0.9981 Specificity: 0.1454
[2025-11-18 12:26:59][INFO][Rank 0] - train Confusion Matrix: TP=18822, FP=429, FN=36, TN=73
[2025-11-18 12:26:59][INFO][Rank 0] - train completed in 1367.12s
[2025-11-18 12:26:59][INFO][Rank 0] - Data loading time: 1.15s, Forward time: 278.13s, Backward time: 740.75s
[2025-11-18 12:26:59][INFO][Rank 0] - train cache: 0/1 items, hit rate: 0.00%
[2025-11-18 12:26:59][INFO][Rank 0] - CUDA Memory [val][Step 0]: Device 0: Allocated: 3309.6 MB, Reserved: 117540.0 MB (Δ: +1687.0 MB)
[2025-11-18 12:26:59][INFO][Rank 0] - val phase: total 418 batches
[2025-11-18 12:26:59][INFO][Rank 0] - val Epoch 1/24: 0.0% (0/418)
[2025-11-18 12:27:04][INFO][Rank 0] - val Epoch 1/24: 2.4% (10/418)
[2025-11-18 12:27:09][INFO][Rank 0] - val Epoch 1/24: 4.8% (20/418)
[2025-11-18 12:27:14][INFO][Rank 0] - val Epoch 1/24: 7.2% (30/418)
[2025-11-18 12:27:19][INFO][Rank 0] - val Epoch 1/24: 9.6% (40/418)
[2025-11-18 12:27:24][INFO][Rank 0] - val Epoch 1/24: 12.0% (50/418)
[2025-11-18 12:27:29][INFO][Rank 0] - val Epoch 1/24: 14.4% (60/418)
[2025-11-18 12:27:34][INFO][Rank 0] - val Epoch 1/24: 16.7% (70/418)
[2025-11-18 12:27:39][INFO][Rank 0] - val Epoch 1/24: 19.1% (80/418)
[2025-11-18 12:27:44][INFO][Rank 0] - val Epoch 1/24: 21.5% (90/418)
[2025-11-18 12:27:49][INFO][Rank 0] - val Epoch 1/24: 23.9% (100/418)
[2025-11-18 12:27:54][INFO][Rank 0] - val Epoch 1/24: 26.3% (110/418)
[2025-11-18 12:27:59][INFO][Rank 0] - val Epoch 1/24: 28.7% (120/418)
[2025-11-18 12:28:00][INFO][Rank 0] - CUDA Memory [val][Step 120]: Device 0: Allocated: 3309.6 MB, Reserved: 117540.0 MB (Δ: +1687.0 MB)
[2025-11-18 12:28:04][INFO][Rank 0] - val Epoch 1/24: 31.1% (130/418)
[2025-11-18 12:28:09][INFO][Rank 0] - val Epoch 1/24: 33.5% (140/418)
[2025-11-18 12:28:15][INFO][Rank 0] - val Epoch 1/24: 35.9% (150/418)
[2025-11-18 12:28:20][INFO][Rank 0] - val Epoch 1/24: 38.3% (160/418)
[2025-11-18 12:28:25][INFO][Rank 0] - val Epoch 1/24: 40.7% (170/418)
[2025-11-18 12:28:30][INFO][Rank 0] - val Epoch 1/24: 43.1% (180/418)
[2025-11-18 12:28:35][INFO][Rank 0] - val Epoch 1/24: 45.5% (190/418)
[2025-11-18 12:28:40][INFO][Rank 0] - val Epoch 1/24: 47.8% (200/418)
[2025-11-18 12:28:45][INFO][Rank 0] - val Epoch 1/24: 50.2% (210/418)
[2025-11-18 12:28:50][INFO][Rank 0] - val Epoch 1/24: 52.6% (220/418)
[2025-11-18 12:28:55][INFO][Rank 0] - val Epoch 1/24: 55.0% (230/418)
[2025-11-18 12:29:00][INFO][Rank 0] - val Epoch 1/24: 57.4% (240/418)
[2025-11-18 12:29:00][INFO][Rank 0] - CUDA Memory [val][Step 240]: Device 0: Allocated: 3309.6 MB, Reserved: 117540.0 MB (Δ: +1687.0 MB)
[2025-11-18 12:29:05][INFO][Rank 0] - val Epoch 1/24: 59.8% (250/418)
[2025-11-18 12:29:10][INFO][Rank 0] - val Epoch 1/24: 62.2% (260/418)
[2025-11-18 12:29:15][INFO][Rank 0] - val Epoch 1/24: 64.6% (270/418)
[2025-11-18 12:29:20][INFO][Rank 0] - val Epoch 1/24: 67.0% (280/418)
[2025-11-18 12:29:25][INFO][Rank 0] - val Epoch 1/24: 69.4% (290/418)
[2025-11-18 12:29:30][INFO][Rank 0] - val Epoch 1/24: 71.8% (300/418)
[2025-11-18 12:29:35][INFO][Rank 0] - val Epoch 1/24: 74.2% (310/418)
[2025-11-18 12:29:40][INFO][Rank 0] - val Epoch 1/24: 76.6% (320/418)
[2025-11-18 12:29:45][INFO][Rank 0] - val Epoch 1/24: 78.9% (330/418)
[2025-11-18 12:29:50][INFO][Rank 0] - val Epoch 1/24: 81.3% (340/418)
[2025-11-18 12:29:55][INFO][Rank 0] - val Epoch 1/24: 83.7% (350/418)
[2025-11-18 12:30:00][INFO][Rank 0] - val Epoch 1/24: 86.1% (360/418)
[2025-11-18 12:30:01][INFO][Rank 0] - CUDA Memory [val][Step 360]: Device 0: Allocated: 3309.6 MB, Reserved: 117540.0 MB (Δ: +1687.0 MB)
[2025-11-18 12:30:05][INFO][Rank 0] - val Epoch 1/24: 88.5% (370/418)
[2025-11-18 12:30:10][INFO][Rank 0] - val Epoch 1/24: 90.9% (380/418)
[2025-11-18 12:30:15][INFO][Rank 0] - val Epoch 1/24: 93.3% (390/418)
[2025-11-18 12:30:20][INFO][Rank 0] - val Epoch 1/24: 95.7% (400/418)
[2025-11-18 12:30:25][INFO][Rank 0] - val Epoch 1/24: 98.1% (410/418)
[2025-11-18 12:30:29][INFO][Rank 0] - val Epoch 1/24: 99.8% (417/418)
[2025-11-18 12:30:29][INFO][Rank 0] - val Loss: 0.2284 Acc: 0.9775 F1: 0.9886
[2025-11-18 12:30:29][INFO][Rank 0] - val Balanced Acc: 0.6099 AUC-ROC: 0.9673
[2025-11-18 12:30:29][INFO][Rank 0] - val Sensitivity: 0.9985 Specificity: 0.2212
[2025-11-18 12:30:29][INFO][Rank 0] - val Confusion Matrix: TP=4061, FP=88, FN=6, TN=25
[2025-11-18 12:30:29][INFO][Rank 0] - val completed in 210.66s
[2025-11-18 12:30:29][INFO][Rank 0] - val cache: 0/1 items, hit rate: 0.00%
[2025-11-18 12:30:33][INFO][Rank 0] - Saved new best accuracy model with accuracy: 0.9775 at /projects/retprogression/rgarridogarcia/checkpoints/cropped1024_cropped_centered_allR_4/best_acc_model.pth
[2025-11-18 12:30:37][INFO][Rank 0] - Saved new best f1 model with f1: 0.9886 at /projects/retprogression/rgarridogarcia/checkpoints/cropped1024_cropped_centered_allR_4/best_f1_model.pth
[2025-11-18 12:30:41][INFO][Rank 0] - Saved new best balanced_acc model with balanced_acc: 0.6099 at /projects/retprogression/rgarridogarcia/checkpoints/cropped1024_cropped_centered_allR_4/best_balanced_acc_model.pth
[2025-11-18 12:30:44][INFO][Rank 0] - Also saved as general best model at /projects/retprogression/rgarridogarcia/checkpoints/cropped1024_cropped_centered_allR_4/best_model.pth
[2025-11-18 12:30:48][INFO][Rank 0] - Saved new best auc model with auc: 0.9673 at /projects/retprogression/rgarridogarcia/checkpoints/cropped1024_cropped_centered_allR_4/best_auc_model.pth
[2025-11-18 12:30:53][INFO][Rank 0] - Saved epoch checkpoint at /projects/retprogression/rgarridogarcia/checkpoints/cropped1024_cropped_centered_allR_4/epoch_1.pth
[2025-11-18 12:30:53][INFO][Rank 0] - Epoch 1 summary:
[2025-11-18 12:30:53][INFO][Rank 0] -  Train Loss: 0.3558, Train Acc: 0.9760, Train F1: 0.9878
[2025-11-18 12:30:53][INFO][Rank 0] -  Train Balanced Acc: 0.5718, Train AUC: 0.9151
[2025-11-18 12:30:53][INFO][Rank 0] -  Train Sensitivity: 0.9981, Train Specificity: 0.1454
[2025-11-18 12:30:53][INFO][Rank 0] -  Val Loss: 0.2284, Val Acc: 0.9775, Val F1: 0.9886
[2025-11-18 12:30:53][INFO][Rank 0] -  Val Balanced Acc: 0.6099, Val AUC: 0.9673
[2025-11-18 12:30:53][INFO][Rank 0] -  Val Sensitivity: 0.9985, Val Specificity: 0.2212
[2025-11-18 12:30:53][INFO][Rank 0] -  Total Epoch Time: 1600.97s
[2025-11-18 12:30:53][INFO][Rank 0] - Epoch 2/24
[2025-11-18 12:30:53][INFO][Rank 0] - ----------
[2025-11-18 12:30:53][INFO][Rank 0] - CUDA Memory [train][Step 0]: Device 0: Allocated: 3309.6 MB, Reserved: 117540.0 MB (Δ: +1687.0 MB)
[2025-11-18 12:30:53][INFO][Rank 0] - train phase: total 1936 batches
[2025-11-18 12:30:53][INFO][Rank 0] - train Epoch 2/24: 0.0% (0/1936)
[2025-11-18 12:31:01][INFO][Rank 0] - train Epoch 2/24: 0.5% (10/1936)
[2025-11-18 12:31:08][INFO][Rank 0] - train Epoch 2/24: 1.0% (20/1936)
[2025-11-18 12:31:15][INFO][Rank 0] - train Epoch 2/24: 1.5% (30/1936)
[2025-11-18 12:31:22][INFO][Rank 0] - train Epoch 2/24: 2.1% (40/1936)
[2025-11-18 12:31:29][INFO][Rank 0] - train Epoch 2/24: 2.6% (50/1936)
[2025-11-18 12:31:36][INFO][Rank 0] - train Epoch 2/24: 3.1% (60/1936)
[2025-11-18 12:31:43][INFO][Rank 0] - train Epoch 2/24: 3.6% (70/1936)
[2025-11-18 12:31:50][INFO][Rank 0] - train Epoch 2/24: 4.1% (80/1936)
[2025-11-18 12:31:57][INFO][Rank 0] - train Epoch 2/24: 4.6% (90/1936)
[2025-11-18 12:31:58][INFO][Rank 0] - CUDA Memory [train][Step 90]: Device 0: Allocated: 3309.6 MB, Reserved: 117540.0 MB (Δ: +1687.0 MB)
[2025-11-18 12:32:04][INFO][Rank 0] - train Epoch 2/24: 5.2% (100/1936)
[2025-11-18 12:32:11][INFO][Rank 0] - train Epoch 2/24: 5.7% (110/1936)
[2025-11-18 12:32:18][INFO][Rank 0] - train Epoch 2/24: 6.2% (120/1936)
[2025-11-18 12:32:25][INFO][Rank 0] - train Epoch 2/24: 6.7% (130/1936)
[2025-11-18 12:32:32][INFO][Rank 0] - train Epoch 2/24: 7.2% (140/1936)
[2025-11-18 12:32:39][INFO][Rank 0] - train Epoch 2/24: 7.7% (150/1936)
[2025-11-18 12:32:46][INFO][Rank 0] - train Epoch 2/24: 8.3% (160/1936)
[2025-11-18 12:32:53][INFO][Rank 0] - train Epoch 2/24: 8.8% (170/1936)
[2025-11-18 12:33:01][INFO][Rank 0] - train Epoch 2/24: 9.3% (180/1936)
[2025-11-18 12:33:01][INFO][Rank 0] - CUDA Memory [train][Step 180]: Device 0: Allocated: 3309.6 MB, Reserved: 117540.0 MB (Δ: +1687.0 MB)
[2025-11-18 12:33:08][INFO][Rank 0] - train Epoch 2/24: 9.8% (190/1936)
[2025-11-18 12:33:15][INFO][Rank 0] - train Epoch 2/24: 10.3% (200/1936)
[2025-11-18 12:33:22][INFO][Rank 0] - train Epoch 2/24: 10.8% (210/1936)
[2025-11-18 12:33:29][INFO][Rank 0] - train Epoch 2/24: 11.4% (220/1936)
[2025-11-18 12:33:36][INFO][Rank 0] - train Epoch 2/24: 11.9% (230/1936)
[2025-11-18 12:33:43][INFO][Rank 0] - train Epoch 2/24: 12.4% (240/1936)
[2025-11-18 12:33:50][INFO][Rank 0] - train Epoch 2/24: 12.9% (250/1936)
[2025-11-18 12:33:57][INFO][Rank 0] - train Epoch 2/24: 13.4% (260/1936)
[2025-11-18 12:34:04][INFO][Rank 0] - train Epoch 2/24: 13.9% (270/1936)
[2025-11-18 12:34:05][INFO][Rank 0] - CUDA Memory [train][Step 270]: Device 0: Allocated: 3309.6 MB, Reserved: 117540.0 MB (Δ: +1687.0 MB)
[2025-11-18 12:34:11][INFO][Rank 0] - train Epoch 2/24: 14.5% (280/1936)
[2025-11-18 12:34:18][INFO][Rank 0] - train Epoch 2/24: 15.0% (290/1936)
[2025-11-18 12:34:25][INFO][Rank 0] - train Epoch 2/24: 15.5% (300/1936)
[2025-11-18 12:34:32][INFO][Rank 0] - train Epoch 2/24: 16.0% (310/1936)
[2025-11-18 12:34:39][INFO][Rank 0] - train Epoch 2/24: 16.5% (320/1936)
[2025-11-18 12:34:46][INFO][Rank 0] - train Epoch 2/24: 17.0% (330/1936)
[2025-11-18 12:34:53][INFO][Rank 0] - train Epoch 2/24: 17.6% (340/1936)
[2025-11-18 12:35:01][INFO][Rank 0] - train Epoch 2/24: 18.1% (350/1936)
[2025-11-18 12:35:08][INFO][Rank 0] - train Epoch 2/24: 18.6% (360/1936)
[2025-11-18 12:35:08][INFO][Rank 0] - CUDA Memory [train][Step 360]: Device 0: Allocated: 3309.6 MB, Reserved: 117540.0 MB (Δ: +1687.0 MB)
[2025-11-18 12:35:15][INFO][Rank 0] - train Epoch 2/24: 19.1% (370/1936)
[2025-11-18 12:35:22][INFO][Rank 0] - train Epoch 2/24: 19.6% (380/1936)
[2025-11-18 12:35:29][INFO][Rank 0] - train Epoch 2/24: 20.1% (390/1936)
[2025-11-18 12:35:36][INFO][Rank 0] - train Epoch 2/24: 20.7% (400/1936)
[2025-11-18 12:35:43][INFO][Rank 0] - train Epoch 2/24: 21.2% (410/1936)
[2025-11-18 12:35:50][INFO][Rank 0] - train Epoch 2/24: 21.7% (420/1936)
[2025-11-18 12:35:57][INFO][Rank 0] - train Epoch 2/24: 22.2% (430/1936)
[2025-11-18 12:36:04][INFO][Rank 0] - train Epoch 2/24: 22.7% (440/1936)
[2025-11-18 12:36:11][INFO][Rank 0] - train Epoch 2/24: 23.2% (450/1936)
[2025-11-18 12:36:12][INFO][Rank 0] - CUDA Memory [train][Step 450]: Device 0: Allocated: 3309.6 MB, Reserved: 117540.0 MB (Δ: +1687.0 MB)
[2025-11-18 12:36:18][INFO][Rank 0] - train Epoch 2/24: 23.8% (460/1936)
[2025-11-18 12:36:25][INFO][Rank 0] - train Epoch 2/24: 24.3% (470/1936)
[2025-11-18 12:36:32][INFO][Rank 0] - train Epoch 2/24: 24.8% (480/1936)
[2025-11-18 12:36:39][INFO][Rank 0] - train Epoch 2/24: 25.3% (490/1936)
[2025-11-18 12:36:46][INFO][Rank 0] - train Epoch 2/24: 25.8% (500/1936)
[2025-11-18 12:36:53][INFO][Rank 0] - train Epoch 2/24: 26.3% (510/1936)
[2025-11-18 12:37:01][INFO][Rank 0] - train Epoch 2/24: 26.9% (520/1936)
[2025-11-18 12:37:08][INFO][Rank 0] - train Epoch 2/24: 27.4% (530/1936)
[2025-11-18 12:37:15][INFO][Rank 0] - train Epoch 2/24: 27.9% (540/1936)
[2025-11-18 12:37:15][INFO][Rank 0] - CUDA Memory [train][Step 540]: Device 0: Allocated: 3309.6 MB, Reserved: 117540.0 MB (Δ: +1687.0 MB)
[2025-11-18 12:37:22][INFO][Rank 0] - train Epoch 2/24: 28.4% (550/1936)
[2025-11-18 12:37:29][INFO][Rank 0] - train Epoch 2/24: 28.9% (560/1936)
[2025-11-18 12:37:36][INFO][Rank 0] - train Epoch 2/24: 29.4% (570/1936)
[2025-11-18 12:37:43][INFO][Rank 0] - train Epoch 2/24: 30.0% (580/1936)
[2025-11-18 12:37:50][INFO][Rank 0] - train Epoch 2/24: 30.5% (590/1936)
[2025-11-18 12:37:57][INFO][Rank 0] - train Epoch 2/24: 31.0% (600/1936)
[2025-11-18 12:38:04][INFO][Rank 0] - train Epoch 2/24: 31.5% (610/1936)
[2025-11-18 12:38:11][INFO][Rank 0] - train Epoch 2/24: 32.0% (620/1936)
[2025-11-18 12:38:18][INFO][Rank 0] - train Epoch 2/24: 32.5% (630/1936)
[2025-11-18 12:38:19][INFO][Rank 0] - CUDA Memory [train][Step 630]: Device 0: Allocated: 3309.6 MB, Reserved: 117540.0 MB (Δ: +1687.0 MB)
[2025-11-18 12:38:25][INFO][Rank 0] - train Epoch 2/24: 33.1% (640/1936)
[2025-11-18 12:38:32][INFO][Rank 0] - train Epoch 2/24: 33.6% (650/1936)
[2025-11-18 12:38:39][INFO][Rank 0] - train Epoch 2/24: 34.1% (660/1936)
[2025-11-18 12:38:46][INFO][Rank 0] - train Epoch 2/24: 34.6% (670/1936)
[2025-11-18 12:38:53][INFO][Rank 0] - train Epoch 2/24: 35.1% (680/1936)
[2025-11-18 12:39:01][INFO][Rank 0] - train Epoch 2/24: 35.6% (690/1936)
[2025-11-18 12:39:08][INFO][Rank 0] - train Epoch 2/24: 36.2% (700/1936)
[2025-11-18 12:39:15][INFO][Rank 0] - train Epoch 2/24: 36.7% (710/1936)
[2025-11-18 12:39:22][INFO][Rank 0] - train Epoch 2/24: 37.2% (720/1936)
[2025-11-18 12:39:22][INFO][Rank 0] - CUDA Memory [train][Step 720]: Device 0: Allocated: 3309.6 MB, Reserved: 117540.0 MB (Δ: +1687.0 MB)
[2025-11-18 12:39:29][INFO][Rank 0] - train Epoch 2/24: 37.7% (730/1936)
[2025-11-18 12:39:36][INFO][Rank 0] - train Epoch 2/24: 38.2% (740/1936)
[2025-11-18 12:39:43][INFO][Rank 0] - train Epoch 2/24: 38.7% (750/1936)
[2025-11-18 12:39:50][INFO][Rank 0] - train Epoch 2/24: 39.3% (760/1936)
[2025-11-18 12:39:57][INFO][Rank 0] - train Epoch 2/24: 39.8% (770/1936)
[2025-11-18 12:40:04][INFO][Rank 0] - train Epoch 2/24: 40.3% (780/1936)
[2025-11-18 12:40:11][INFO][Rank 0] - train Epoch 2/24: 40.8% (790/1936)
[2025-11-18 12:40:18][INFO][Rank 0] - train Epoch 2/24: 41.3% (800/1936)
[2025-11-18 12:40:25][INFO][Rank 0] - train Epoch 2/24: 41.8% (810/1936)
[2025-11-18 12:40:26][INFO][Rank 0] - CUDA Memory [train][Step 810]: Device 0: Allocated: 3309.6 MB, Reserved: 117540.0 MB (Δ: +1687.0 MB)
[2025-11-18 12:40:32][INFO][Rank 0] - train Epoch 2/24: 42.4% (820/1936)
[2025-11-18 12:40:39][INFO][Rank 0] - train Epoch 2/24: 42.9% (830/1936)
[2025-11-18 12:40:46][INFO][Rank 0] - train Epoch 2/24: 43.4% (840/1936)
[2025-11-18 12:40:53][INFO][Rank 0] - train Epoch 2/24: 43.9% (850/1936)
[2025-11-18 12:41:01][INFO][Rank 0] - train Epoch 2/24: 44.4% (860/1936)
[2025-11-18 12:41:08][INFO][Rank 0] - train Epoch 2/24: 44.9% (870/1936)
[2025-11-18 12:41:15][INFO][Rank 0] - train Epoch 2/24: 45.5% (880/1936)
[2025-11-18 12:41:22][INFO][Rank 0] - train Epoch 2/24: 46.0% (890/1936)
[2025-11-18 12:41:29][INFO][Rank 0] - train Epoch 2/24: 46.5% (900/1936)
[2025-11-18 12:41:29][INFO][Rank 0] - CUDA Memory [train][Step 900]: Device 0: Allocated: 3309.6 MB, Reserved: 117540.0 MB (Δ: +1687.0 MB)
[2025-11-18 12:41:36][INFO][Rank 0] - train Epoch 2/24: 47.0% (910/1936)
[2025-11-18 12:41:43][INFO][Rank 0] - train Epoch 2/24: 47.5% (920/1936)
[2025-11-18 12:41:50][INFO][Rank 0] - train Epoch 2/24: 48.0% (930/1936)
[2025-11-18 12:41:57][INFO][Rank 0] - train Epoch 2/24: 48.6% (940/1936)
[2025-11-18 12:42:04][INFO][Rank 0] - train Epoch 2/24: 49.1% (950/1936)
[2025-11-18 12:42:11][INFO][Rank 0] - train Epoch 2/24: 49.6% (960/1936)
[2025-11-18 12:42:18][INFO][Rank 0] - train Epoch 2/24: 50.1% (970/1936)
[2025-11-18 12:42:25][INFO][Rank 0] - train Epoch 2/24: 50.6% (980/1936)
[2025-11-18 12:42:32][INFO][Rank 0] - train Epoch 2/24: 51.1% (990/1936)
[2025-11-18 12:42:33][INFO][Rank 0] - CUDA Memory [train][Step 990]: Device 0: Allocated: 3309.6 MB, Reserved: 117540.0 MB (Δ: +1687.0 MB)
[2025-11-18 12:42:39][INFO][Rank 0] - train Epoch 2/24: 51.7% (1000/1936)
[2025-11-18 12:42:46][INFO][Rank 0] - train Epoch 2/24: 52.2% (1010/1936)
[2025-11-18 12:42:53][INFO][Rank 0] - train Epoch 2/24: 52.7% (1020/1936)
[2025-11-18 12:43:01][INFO][Rank 0] - train Epoch 2/24: 53.2% (1030/1936)
[2025-11-18 12:43:08][INFO][Rank 0] - train Epoch 2/24: 53.7% (1040/1936)
[2025-11-18 12:43:15][INFO][Rank 0] - train Epoch 2/24: 54.2% (1050/1936)
[2025-11-18 12:43:22][INFO][Rank 0] - train Epoch 2/24: 54.8% (1060/1936)
[2025-11-18 12:43:29][INFO][Rank 0] - train Epoch 2/24: 55.3% (1070/1936)
[2025-11-18 12:43:36][INFO][Rank 0] - train Epoch 2/24: 55.8% (1080/1936)
[2025-11-18 12:43:36][INFO][Rank 0] - CUDA Memory [train][Step 1080]: Device 0: Allocated: 3309.6 MB, Reserved: 117540.0 MB (Δ: +1687.0 MB)
[2025-11-18 12:43:43][INFO][Rank 0] - train Epoch 2/24: 56.3% (1090/1936)
[2025-11-18 12:43:50][INFO][Rank 0] - train Epoch 2/24: 56.8% (1100/1936)
[2025-11-18 12:43:57][INFO][Rank 0] - train Epoch 2/24: 57.3% (1110/1936)
[2025-11-18 12:44:04][INFO][Rank 0] - train Epoch 2/24: 57.9% (1120/1936)
[2025-11-18 12:44:11][INFO][Rank 0] - train Epoch 2/24: 58.4% (1130/1936)
[2025-11-18 12:44:18][INFO][Rank 0] - train Epoch 2/24: 58.9% (1140/1936)
[2025-11-18 12:44:25][INFO][Rank 0] - train Epoch 2/24: 59.4% (1150/1936)
[2025-11-18 12:44:32][INFO][Rank 0] - train Epoch 2/24: 59.9% (1160/1936)
[2025-11-18 12:44:39][INFO][Rank 0] - train Epoch 2/24: 60.4% (1170/1936)
[2025-11-18 12:44:40][INFO][Rank 0] - CUDA Memory [train][Step 1170]: Device 0: Allocated: 3309.6 MB, Reserved: 117540.0 MB (Δ: +1687.0 MB)
[2025-11-18 12:44:46][INFO][Rank 0] - train Epoch 2/24: 61.0% (1180/1936)
[2025-11-18 12:44:53][INFO][Rank 0] - train Epoch 2/24: 61.5% (1190/1936)
[2025-11-18 12:45:01][INFO][Rank 0] - train Epoch 2/24: 62.0% (1200/1936)
[2025-11-18 12:45:08][INFO][Rank 0] - train Epoch 2/24: 62.5% (1210/1936)
[2025-11-18 12:45:15][INFO][Rank 0] - train Epoch 2/24: 63.0% (1220/1936)
[2025-11-18 12:45:22][INFO][Rank 0] - train Epoch 2/24: 63.5% (1230/1936)
[2025-11-18 12:45:29][INFO][Rank 0] - train Epoch 2/24: 64.0% (1240/1936)
[2025-11-18 12:45:36][INFO][Rank 0] - train Epoch 2/24: 64.6% (1250/1936)
[2025-11-18 12:45:43][INFO][Rank 0] - train Epoch 2/24: 65.1% (1260/1936)
[2025-11-18 12:45:44][INFO][Rank 0] - CUDA Memory [train][Step 1260]: Device 0: Allocated: 3309.6 MB, Reserved: 117540.0 MB (Δ: +1687.0 MB)
[2025-11-18 12:45:50][INFO][Rank 0] - train Epoch 2/24: 65.6% (1270/1936)
[2025-11-18 12:45:57][INFO][Rank 0] - train Epoch 2/24: 66.1% (1280/1936)
[2025-11-18 12:46:04][INFO][Rank 0] - train Epoch 2/24: 66.6% (1290/1936)
[2025-11-18 12:46:11][INFO][Rank 0] - train Epoch 2/24: 67.1% (1300/1936)
[2025-11-18 12:46:18][INFO][Rank 0] - train Epoch 2/24: 67.7% (1310/1936)
[2025-11-18 12:46:25][INFO][Rank 0] - train Epoch 2/24: 68.2% (1320/1936)
[2025-11-18 12:46:32][INFO][Rank 0] - train Epoch 2/24: 68.7% (1330/1936)
[2025-11-18 12:46:39][INFO][Rank 0] - train Epoch 2/24: 69.2% (1340/1936)
[2025-11-18 12:46:46][INFO][Rank 0] - train Epoch 2/24: 69.7% (1350/1936)
[2025-11-18 12:46:47][INFO][Rank 0] - CUDA Memory [train][Step 1350]: Device 0: Allocated: 3309.6 MB, Reserved: 117540.0 MB (Δ: +1687.0 MB)
[2025-11-18 12:46:53][INFO][Rank 0] - train Epoch 2/24: 70.2% (1360/1936)
[2025-11-18 12:47:01][INFO][Rank 0] - train Epoch 2/24: 70.8% (1370/1936)
[2025-11-18 12:47:08][INFO][Rank 0] - train Epoch 2/24: 71.3% (1380/1936)
[2025-11-18 12:47:15][INFO][Rank 0] - train Epoch 2/24: 71.8% (1390/1936)
[2025-11-18 12:47:22][INFO][Rank 0] - train Epoch 2/24: 72.3% (1400/1936)
[2025-11-18 12:47:29][INFO][Rank 0] - train Epoch 2/24: 72.8% (1410/1936)
[2025-11-18 12:47:36][INFO][Rank 0] - train Epoch 2/24: 73.3% (1420/1936)
[2025-11-18 12:47:43][INFO][Rank 0] - train Epoch 2/24: 73.9% (1430/1936)
[2025-11-18 12:47:50][INFO][Rank 0] - train Epoch 2/24: 74.4% (1440/1936)
[2025-11-18 12:47:51][INFO][Rank 0] - CUDA Memory [train][Step 1440]: Device 0: Allocated: 3309.6 MB, Reserved: 117540.0 MB (Δ: +1687.0 MB)
[2025-11-18 12:47:57][INFO][Rank 0] - train Epoch 2/24: 74.9% (1450/1936)
[2025-11-18 12:48:04][INFO][Rank 0] - train Epoch 2/24: 75.4% (1460/1936)
[2025-11-18 12:48:11][INFO][Rank 0] - train Epoch 2/24: 75.9% (1470/1936)
[2025-11-18 12:48:18][INFO][Rank 0] - train Epoch 2/24: 76.4% (1480/1936)
[2025-11-18 12:48:25][INFO][Rank 0] - train Epoch 2/24: 77.0% (1490/1936)
[2025-11-18 12:48:32][INFO][Rank 0] - train Epoch 2/24: 77.5% (1500/1936)
[2025-11-18 12:48:39][INFO][Rank 0] - train Epoch 2/24: 78.0% (1510/1936)
[2025-11-18 12:48:46][INFO][Rank 0] - train Epoch 2/24: 78.5% (1520/1936)
[2025-11-18 12:48:53][INFO][Rank 0] - train Epoch 2/24: 79.0% (1530/1936)
[2025-11-18 12:48:54][INFO][Rank 0] - CUDA Memory [train][Step 1530]: Device 0: Allocated: 3309.6 MB, Reserved: 117540.0 MB (Δ: +1687.0 MB)
[2025-11-18 12:49:00][INFO][Rank 0] - train Epoch 2/24: 79.5% (1540/1936)
[2025-11-18 12:49:08][INFO][Rank 0] - train Epoch 2/24: 80.1% (1550/1936)
[2025-11-18 12:49:15][INFO][Rank 0] - train Epoch 2/24: 80.6% (1560/1936)
[2025-11-18 12:49:22][INFO][Rank 0] - train Epoch 2/24: 81.1% (1570/1936)
[2025-11-18 12:49:29][INFO][Rank 0] - train Epoch 2/24: 81.6% (1580/1936)
[2025-11-18 12:49:36][INFO][Rank 0] - train Epoch 2/24: 82.1% (1590/1936)
[2025-11-18 12:49:43][INFO][Rank 0] - train Epoch 2/24: 82.6% (1600/1936)
[2025-11-18 12:49:50][INFO][Rank 0] - train Epoch 2/24: 83.2% (1610/1936)
[2025-11-18 12:49:57][INFO][Rank 0] - train Epoch 2/24: 83.7% (1620/1936)
[2025-11-18 12:49:58][INFO][Rank 0] - CUDA Memory [train][Step 1620]: Device 0: Allocated: 3309.6 MB, Reserved: 117540.0 MB (Δ: +1687.0 MB)
[2025-11-18 12:50:04][INFO][Rank 0] - train Epoch 2/24: 84.2% (1630/1936)
[2025-11-18 12:50:11][INFO][Rank 0] - train Epoch 2/24: 84.7% (1640/1936)
[2025-11-18 12:50:18][INFO][Rank 0] - train Epoch 2/24: 85.2% (1650/1936)
[2025-11-18 12:50:25][INFO][Rank 0] - train Epoch 2/24: 85.7% (1660/1936)
[2025-11-18 12:50:32][INFO][Rank 0] - train Epoch 2/24: 86.3% (1670/1936)
[2025-11-18 12:50:39][INFO][Rank 0] - train Epoch 2/24: 86.8% (1680/1936)
[2025-11-18 12:50:46][INFO][Rank 0] - train Epoch 2/24: 87.3% (1690/1936)
[2025-11-18 12:50:53][INFO][Rank 0] - train Epoch 2/24: 87.8% (1700/1936)
[2025-11-18 12:51:00][INFO][Rank 0] - train Epoch 2/24: 88.3% (1710/1936)
[2025-11-18 12:51:01][INFO][Rank 0] - CUDA Memory [train][Step 1710]: Device 0: Allocated: 3309.6 MB, Reserved: 117540.0 MB (Δ: +1687.0 MB)
[2025-11-18 12:51:07][INFO][Rank 0] - train Epoch 2/24: 88.8% (1720/1936)
[2025-11-18 12:51:15][INFO][Rank 0] - train Epoch 2/24: 89.4% (1730/1936)
[2025-11-18 12:51:22][INFO][Rank 0] - train Epoch 2/24: 89.9% (1740/1936)
[2025-11-18 12:51:29][INFO][Rank 0] - train Epoch 2/24: 90.4% (1750/1936)
[2025-11-18 12:51:36][INFO][Rank 0] - train Epoch 2/24: 90.9% (1760/1936)
[2025-11-18 12:51:43][INFO][Rank 0] - train Epoch 2/24: 91.4% (1770/1936)
[2025-11-18 12:51:50][INFO][Rank 0] - train Epoch 2/24: 91.9% (1780/1936)
[2025-11-18 12:51:57][INFO][Rank 0] - train Epoch 2/24: 92.5% (1790/1936)
[2025-11-18 12:52:04][INFO][Rank 0] - train Epoch 2/24: 93.0% (1800/1936)
[2025-11-18 12:52:05][INFO][Rank 0] - CUDA Memory [train][Step 1800]: Device 0: Allocated: 3309.6 MB, Reserved: 117540.0 MB (Δ: +1687.0 MB)
[2025-11-18 12:52:11][INFO][Rank 0] - train Epoch 2/24: 93.5% (1810/1936)
[2025-11-18 12:52:18][INFO][Rank 0] - train Epoch 2/24: 94.0% (1820/1936)
[2025-11-18 12:52:25][INFO][Rank 0] - train Epoch 2/24: 94.5% (1830/1936)
[2025-11-18 12:52:32][INFO][Rank 0] - train Epoch 2/24: 95.0% (1840/1936)
[2025-11-18 12:52:39][INFO][Rank 0] - train Epoch 2/24: 95.6% (1850/1936)
[2025-11-18 12:52:46][INFO][Rank 0] - train Epoch 2/24: 96.1% (1860/1936)
[2025-11-18 12:52:53][INFO][Rank 0] - train Epoch 2/24: 96.6% (1870/1936)
[2025-11-18 12:53:00][INFO][Rank 0] - train Epoch 2/24: 97.1% (1880/1936)
[2025-11-18 12:53:07][INFO][Rank 0] - train Epoch 2/24: 97.6% (1890/1936)
[2025-11-18 12:53:08][INFO][Rank 0] - CUDA Memory [train][Step 1890]: Device 0: Allocated: 3309.6 MB, Reserved: 117540.0 MB (Δ: +1687.0 MB)
[2025-11-18 12:53:15][INFO][Rank 0] - train Epoch 2/24: 98.1% (1900/1936)
[2025-11-18 12:53:22][INFO][Rank 0] - train Epoch 2/24: 98.7% (1910/1936)
[2025-11-18 12:53:29][INFO][Rank 0] - train Epoch 2/24: 99.2% (1920/1936)
[2025-11-18 12:53:36][INFO][Rank 0] - train Epoch 2/24: 99.7% (1930/1936)
[2025-11-18 12:53:39][INFO][Rank 0] - train Epoch 2/24: 99.9% (1935/1936)
[2025-11-18 12:53:40][INFO][Rank 0] - train Loss: 0.2849 Acc: 0.9793 F1: 0.9895
[2025-11-18 12:53:40][INFO][Rank 0] - train Balanced Acc: 0.6821 AUC-ROC: 0.9501
[2025-11-18 12:53:40][INFO][Rank 0] - train Sensitivity: 0.9956 Specificity: 0.3685
[2025-11-18 12:53:40][INFO][Rank 0] - train Confusion Matrix: TP=18775, FP=317, FN=83, TN=185
[2025-11-18 12:53:40][INFO][Rank 0] - train completed in 1367.39s
[2025-11-18 12:53:40][INFO][Rank 0] - Data loading time: 1.46s, Forward time: 278.26s, Backward time: 740.68s
[2025-11-18 12:53:40][INFO][Rank 0] - train cache: 0/1 items, hit rate: 0.00%
[2025-11-18 12:53:40][INFO][Rank 0] - CUDA Memory [val][Step 0]: Device 0: Allocated: 3309.6 MB, Reserved: 117540.0 MB (Δ: +1687.0 MB)
[2025-11-18 12:53:40][INFO][Rank 0] - val phase: total 418 batches
[2025-11-18 12:53:40][INFO][Rank 0] - val Epoch 2/24: 0.0% (0/418)
[2025-11-18 12:53:45][INFO][Rank 0] - val Epoch 2/24: 2.4% (10/418)
[2025-11-18 12:53:50][INFO][Rank 0] - val Epoch 2/24: 4.8% (20/418)
[2025-11-18 12:53:55][INFO][Rank 0] - val Epoch 2/24: 7.2% (30/418)
[2025-11-18 12:54:00][INFO][Rank 0] - val Epoch 2/24: 9.6% (40/418)
[2025-11-18 12:54:06][INFO][Rank 0] - val Epoch 2/24: 12.0% (50/418)
[2025-11-18 12:54:11][INFO][Rank 0] - val Epoch 2/24: 14.4% (60/418)
[2025-11-18 12:54:16][INFO][Rank 0] - val Epoch 2/24: 16.7% (70/418)
[2025-11-18 12:54:21][INFO][Rank 0] - val Epoch 2/24: 19.1% (80/418)
[2025-11-18 12:54:26][INFO][Rank 0] - val Epoch 2/24: 21.5% (90/418)
[2025-11-18 12:54:31][INFO][Rank 0] - val Epoch 2/24: 23.9% (100/418)
[2025-11-18 12:54:36][INFO][Rank 0] - val Epoch 2/24: 26.3% (110/418)
[2025-11-18 12:54:41][INFO][Rank 0] - val Epoch 2/24: 28.7% (120/418)
[2025-11-18 12:54:41][INFO][Rank 0] - CUDA Memory [val][Step 120]: Device 0: Allocated: 3309.6 MB, Reserved: 117540.0 MB (Δ: +1687.0 MB)
[2025-11-18 12:54:46][INFO][Rank 0] - val Epoch 2/24: 31.1% (130/418)
[2025-11-18 12:54:51][INFO][Rank 0] - val Epoch 2/24: 33.5% (140/418)
[2025-11-18 12:54:56][INFO][Rank 0] - val Epoch 2/24: 35.9% (150/418)
[2025-11-18 12:55:01][INFO][Rank 0] - val Epoch 2/24: 38.3% (160/418)
[2025-11-18 12:55:06][INFO][Rank 0] - val Epoch 2/24: 40.7% (170/418)
[2025-11-18 12:55:11][INFO][Rank 0] - val Epoch 2/24: 43.1% (180/418)
[2025-11-18 12:55:16][INFO][Rank 0] - val Epoch 2/24: 45.5% (190/418)
[2025-11-18 12:55:21][INFO][Rank 0] - val Epoch 2/24: 47.8% (200/418)
[2025-11-18 12:55:26][INFO][Rank 0] - val Epoch 2/24: 50.2% (210/418)
[2025-11-18 12:55:31][INFO][Rank 0] - val Epoch 2/24: 52.6% (220/418)
[2025-11-18 12:55:36][INFO][Rank 0] - val Epoch 2/24: 55.0% (230/418)
[2025-11-18 12:55:41][INFO][Rank 0] - val Epoch 2/24: 57.4% (240/418)
[2025-11-18 12:55:42][INFO][Rank 0] - CUDA Memory [val][Step 240]: Device 0: Allocated: 3309.6 MB, Reserved: 117540.0 MB (Δ: +1687.0 MB)
[2025-11-18 12:55:46][INFO][Rank 0] - val Epoch 2/24: 59.8% (250/418)
[2025-11-18 12:55:51][INFO][Rank 0] - val Epoch 2/24: 62.2% (260/418)
[2025-11-18 12:55:56][INFO][Rank 0] - val Epoch 2/24: 64.6% (270/418)
[2025-11-18 12:56:01][INFO][Rank 0] - val Epoch 2/24: 67.0% (280/418)
[2025-11-18 12:56:06][INFO][Rank 0] - val Epoch 2/24: 69.4% (290/418)
[2025-11-18 12:56:11][INFO][Rank 0] - val Epoch 2/24: 71.8% (300/418)
[2025-11-18 12:56:17][INFO][Rank 0] - val Epoch 2/24: 74.2% (310/418)
[2025-11-18 12:56:22][INFO][Rank 0] - val Epoch 2/24: 76.6% (320/418)
[2025-11-18 12:56:27][INFO][Rank 0] - val Epoch 2/24: 78.9% (330/418)
[2025-11-18 12:56:32][INFO][Rank 0] - val Epoch 2/24: 81.3% (340/418)
[2025-11-18 12:56:37][INFO][Rank 0] - val Epoch 2/24: 83.7% (350/418)
[2025-11-18 12:56:42][INFO][Rank 0] - val Epoch 2/24: 86.1% (360/418)
[2025-11-18 12:56:42][INFO][Rank 0] - CUDA Memory [val][Step 360]: Device 0: Allocated: 3309.6 MB, Reserved: 117540.0 MB (Δ: +1687.0 MB)
[2025-11-18 12:56:47][INFO][Rank 0] - val Epoch 2/24: 88.5% (370/418)
[2025-11-18 12:56:52][INFO][Rank 0] - val Epoch 2/24: 90.9% (380/418)
[2025-11-18 12:56:57][INFO][Rank 0] - val Epoch 2/24: 93.3% (390/418)
[2025-11-18 12:57:02][INFO][Rank 0] - val Epoch 2/24: 95.7% (400/418)
[2025-11-18 12:57:07][INFO][Rank 0] - val Epoch 2/24: 98.1% (410/418)
[2025-11-18 12:57:10][INFO][Rank 0] - val Epoch 2/24: 99.8% (417/418)
[2025-11-18 12:57:11][INFO][Rank 0] - val Loss: 0.1835 Acc: 0.9754 F1: 0.9874
[2025-11-18 12:57:11][INFO][Rank 0] - val Balanced Acc: 0.6948 AUC-ROC: 0.9722
[2025-11-18 12:57:11][INFO][Rank 0] - val Sensitivity: 0.9914 Specificity: 0.3982
[2025-11-18 12:57:11][INFO][Rank 0] - val Confusion Matrix: TP=4032, FP=68, FN=35, TN=45
[2025-11-18 12:57:11][INFO][Rank 0] - val completed in 210.97s
[2025-11-18 12:57:11][INFO][Rank 0] - val cache: 0/1 items, hit rate: 0.00%
[2025-11-18 12:57:15][INFO][Rank 0] - Saved new best balanced_acc model with balanced_acc: 0.6948 at /projects/retprogression/rgarridogarcia/checkpoints/cropped1024_cropped_centered_allR_4/best_balanced_acc_model.pth
[2025-11-18 12:57:19][INFO][Rank 0] - Also saved as general best model at /projects/retprogression/rgarridogarcia/checkpoints/cropped1024_cropped_centered_allR_4/best_model.pth
[2025-11-18 12:57:23][INFO][Rank 0] - Saved new best auc model with auc: 0.9722 at /projects/retprogression/rgarridogarcia/checkpoints/cropped1024_cropped_centered_allR_4/best_auc_model.pth
[2025-11-18 12:57:26][INFO][Rank 0] - Saved epoch checkpoint at /projects/retprogression/rgarridogarcia/checkpoints/cropped1024_cropped_centered_allR_4/epoch_2.pth
[2025-11-18 12:57:26][INFO][Rank 0] - Epoch 2 summary:
[2025-11-18 12:57:26][INFO][Rank 0] -  Train Loss: 0.2849, Train Acc: 0.9793, Train F1: 0.9895
[2025-11-18 12:57:26][INFO][Rank 0] -  Train Balanced Acc: 0.6821, Train AUC: 0.9501
[2025-11-18 12:57:26][INFO][Rank 0] -  Train Sensitivity: 0.9956, Train Specificity: 0.3685
[2025-11-18 12:57:26][INFO][Rank 0] -  Val Loss: 0.1835, Val Acc: 0.9754, Val F1: 0.9874
[2025-11-18 12:57:26][INFO][Rank 0] -  Val Balanced Acc: 0.6948, Val AUC: 0.9722
[2025-11-18 12:57:26][INFO][Rank 0] -  Val Sensitivity: 0.9914, Val Specificity: 0.3982
[2025-11-18 12:57:26][INFO][Rank 0] -  Total Epoch Time: 1593.66s
[2025-11-18 12:57:26][INFO][Rank 0] - Epoch 3/24
[2025-11-18 12:57:26][INFO][Rank 0] - ----------
[2025-11-18 12:57:26][INFO][Rank 0] - CUDA Memory [train][Step 0]: Device 0: Allocated: 3309.6 MB, Reserved: 117540.0 MB (Δ: +1687.0 MB)
[2025-11-18 12:57:26][INFO][Rank 0] - train phase: total 1936 batches
[2025-11-18 12:57:27][INFO][Rank 0] - train Epoch 3/24: 0.0% (0/1936)
[2025-11-18 12:57:34][INFO][Rank 0] - train Epoch 3/24: 0.5% (10/1936)
[2025-11-18 12:57:41][INFO][Rank 0] - train Epoch 3/24: 1.0% (20/1936)
[2025-11-18 12:57:48][INFO][Rank 0] - train Epoch 3/24: 1.5% (30/1936)
[2025-11-18 12:57:55][INFO][Rank 0] - train Epoch 3/24: 2.1% (40/1936)
[2025-11-18 12:58:02][INFO][Rank 0] - train Epoch 3/24: 2.6% (50/1936)
[2025-11-18 12:58:09][INFO][Rank 0] - train Epoch 3/24: 3.1% (60/1936)
[2025-11-18 12:58:16][INFO][Rank 0] - train Epoch 3/24: 3.6% (70/1936)
[2025-11-18 12:58:23][INFO][Rank 0] - train Epoch 3/24: 4.1% (80/1936)
[2025-11-18 12:58:30][INFO][Rank 0] - train Epoch 3/24: 4.6% (90/1936)
[2025-11-18 12:58:31][INFO][Rank 0] - CUDA Memory [train][Step 90]: Device 0: Allocated: 3309.6 MB, Reserved: 117540.0 MB (Δ: +1687.0 MB)
[2025-11-18 12:58:37][INFO][Rank 0] - train Epoch 3/24: 5.2% (100/1936)
[2025-11-18 12:58:44][INFO][Rank 0] - train Epoch 3/24: 5.7% (110/1936)
[2025-11-18 12:58:52][INFO][Rank 0] - train Epoch 3/24: 6.2% (120/1936)
[2025-11-18 12:58:59][INFO][Rank 0] - train Epoch 3/24: 6.7% (130/1936)
[2025-11-18 12:59:06][INFO][Rank 0] - train Epoch 3/24: 7.2% (140/1936)
[2025-11-18 12:59:13][INFO][Rank 0] - train Epoch 3/24: 7.7% (150/1936)
[2025-11-18 12:59:20][INFO][Rank 0] - train Epoch 3/24: 8.3% (160/1936)
[2025-11-18 12:59:27][INFO][Rank 0] - train Epoch 3/24: 8.8% (170/1936)
[2025-11-18 12:59:34][INFO][Rank 0] - train Epoch 3/24: 9.3% (180/1936)
[2025-11-18 12:59:35][INFO][Rank 0] - CUDA Memory [train][Step 180]: Device 0: Allocated: 3309.6 MB, Reserved: 117540.0 MB (Δ: +1687.0 MB)
[2025-11-18 12:59:41][INFO][Rank 0] - train Epoch 3/24: 9.8% (190/1936)
[2025-11-18 12:59:48][INFO][Rank 0] - train Epoch 3/24: 10.3% (200/1936)
[2025-11-18 12:59:55][INFO][Rank 0] - train Epoch 3/24: 10.8% (210/1936)
[2025-11-18 13:00:02][INFO][Rank 0] - train Epoch 3/24: 11.4% (220/1936)
[2025-11-18 13:00:09][INFO][Rank 0] - train Epoch 3/24: 11.9% (230/1936)
[2025-11-18 13:00:16][INFO][Rank 0] - train Epoch 3/24: 12.4% (240/1936)
[2025-11-18 13:00:23][INFO][Rank 0] - train Epoch 3/24: 12.9% (250/1936)
[2025-11-18 13:00:30][INFO][Rank 0] - train Epoch 3/24: 13.4% (260/1936)
[2025-11-18 13:00:37][INFO][Rank 0] - train Epoch 3/24: 13.9% (270/1936)
[2025-11-18 13:00:38][INFO][Rank 0] - CUDA Memory [train][Step 270]: Device 0: Allocated: 3309.6 MB, Reserved: 117540.0 MB (Δ: +1687.0 MB)
[2025-11-18 13:00:44][INFO][Rank 0] - train Epoch 3/24: 14.5% (280/1936)
[2025-11-18 13:00:52][INFO][Rank 0] - train Epoch 3/24: 15.0% (290/1936)
[2025-11-18 13:00:59][INFO][Rank 0] - train Epoch 3/24: 15.5% (300/1936)
[2025-11-18 13:01:06][INFO][Rank 0] - train Epoch 3/24: 16.0% (310/1936)
[2025-11-18 13:01:13][INFO][Rank 0] - train Epoch 3/24: 16.5% (320/1936)
[2025-11-18 13:01:20][INFO][Rank 0] - train Epoch 3/24: 17.0% (330/1936)
[2025-11-18 13:01:27][INFO][Rank 0] - train Epoch 3/24: 17.6% (340/1936)
[2025-11-18 13:01:34][INFO][Rank 0] - train Epoch 3/24: 18.1% (350/1936)
[2025-11-18 13:01:41][INFO][Rank 0] - train Epoch 3/24: 18.6% (360/1936)
[2025-11-18 13:01:42][INFO][Rank 0] - CUDA Memory [train][Step 360]: Device 0: Allocated: 3309.6 MB, Reserved: 117540.0 MB (Δ: +1687.0 MB)
[2025-11-18 13:01:48][INFO][Rank 0] - train Epoch 3/24: 19.1% (370/1936)
[2025-11-18 13:01:55][INFO][Rank 0] - train Epoch 3/24: 19.6% (380/1936)
[2025-11-18 13:02:02][INFO][Rank 0] - train Epoch 3/24: 20.1% (390/1936)
[2025-11-18 13:02:09][INFO][Rank 0] - train Epoch 3/24: 20.7% (400/1936)
[2025-11-18 13:02:16][INFO][Rank 0] - train Epoch 3/24: 21.2% (410/1936)
[2025-11-18 13:02:23][INFO][Rank 0] - train Epoch 3/24: 21.7% (420/1936)
[2025-11-18 13:02:30][INFO][Rank 0] - train Epoch 3/24: 22.2% (430/1936)
[2025-11-18 13:02:37][INFO][Rank 0] - train Epoch 3/24: 22.7% (440/1936)
[2025-11-18 13:02:44][INFO][Rank 0] - train Epoch 3/24: 23.2% (450/1936)
[2025-11-18 13:02:45][INFO][Rank 0] - CUDA Memory [train][Step 450]: Device 0: Allocated: 3309.6 MB, Reserved: 117540.0 MB (Δ: +1687.0 MB)
[2025-11-18 13:02:52][INFO][Rank 0] - train Epoch 3/24: 23.8% (460/1936)
[2025-11-18 13:02:59][INFO][Rank 0] - train Epoch 3/24: 24.3% (470/1936)
[2025-11-18 13:03:06][INFO][Rank 0] - train Epoch 3/24: 24.8% (480/1936)
[2025-11-18 13:03:13][INFO][Rank 0] - train Epoch 3/24: 25.3% (490/1936)
[2025-11-18 13:03:20][INFO][Rank 0] - train Epoch 3/24: 25.8% (500/1936)
[2025-11-18 13:03:27][INFO][Rank 0] - train Epoch 3/24: 26.3% (510/1936)
[2025-11-18 13:03:34][INFO][Rank 0] - train Epoch 3/24: 26.9% (520/1936)
[2025-11-18 13:03:41][INFO][Rank 0] - train Epoch 3/24: 27.4% (530/1936)
[2025-11-18 13:03:48][INFO][Rank 0] - train Epoch 3/24: 27.9% (540/1936)
[2025-11-18 13:03:49][INFO][Rank 0] - CUDA Memory [train][Step 540]: Device 0: Allocated: 3309.6 MB, Reserved: 117540.0 MB (Δ: +1687.0 MB)
[2025-11-18 13:03:55][INFO][Rank 0] - train Epoch 3/24: 28.4% (550/1936)
[2025-11-18 13:04:02][INFO][Rank 0] - train Epoch 3/24: 28.9% (560/1936)
[2025-11-18 13:04:09][INFO][Rank 0] - train Epoch 3/24: 29.4% (570/1936)
[2025-11-18 13:04:16][INFO][Rank 0] - train Epoch 3/24: 30.0% (580/1936)
[2025-11-18 13:04:23][INFO][Rank 0] - train Epoch 3/24: 30.5% (590/1936)
[2025-11-18 13:04:30][INFO][Rank 0] - train Epoch 3/24: 31.0% (600/1936)
[2025-11-18 13:04:37][INFO][Rank 0] - train Epoch 3/24: 31.5% (610/1936)
[2025-11-18 13:04:44][INFO][Rank 0] - train Epoch 3/24: 32.0% (620/1936)
[2025-11-18 13:04:52][INFO][Rank 0] - train Epoch 3/24: 32.5% (630/1936)
[2025-11-18 13:04:52][INFO][Rank 0] - CUDA Memory [train][Step 630]: Device 0: Allocated: 3309.6 MB, Reserved: 117540.0 MB (Δ: +1687.0 MB)
[2025-11-18 13:04:59][INFO][Rank 0] - train Epoch 3/24: 33.1% (640/1936)
[2025-11-18 13:05:06][INFO][Rank 0] - train Epoch 3/24: 33.6% (650/1936)
[2025-11-18 13:05:13][INFO][Rank 0] - train Epoch 3/24: 34.1% (660/1936)
[2025-11-18 13:05:20][INFO][Rank 0] - train Epoch 3/24: 34.6% (670/1936)
[2025-11-18 13:05:27][INFO][Rank 0] - train Epoch 3/24: 35.1% (680/1936)
[2025-11-18 13:05:34][INFO][Rank 0] - train Epoch 3/24: 35.6% (690/1936)
[2025-11-18 13:05:41][INFO][Rank 0] - train Epoch 3/24: 36.2% (700/1936)
[2025-11-18 13:05:48][INFO][Rank 0] - train Epoch 3/24: 36.7% (710/1936)
[2025-11-18 13:05:55][INFO][Rank 0] - train Epoch 3/24: 37.2% (720/1936)
[2025-11-18 13:05:56][INFO][Rank 0] - CUDA Memory [train][Step 720]: Device 0: Allocated: 3309.6 MB, Reserved: 117540.0 MB (Δ: +1687.0 MB)
[2025-11-18 13:06:02][INFO][Rank 0] - train Epoch 3/24: 37.7% (730/1936)
[2025-11-18 13:06:09][INFO][Rank 0] - train Epoch 3/24: 38.2% (740/1936)
[2025-11-18 13:06:16][INFO][Rank 0] - train Epoch 3/24: 38.7% (750/1936)
[2025-11-18 13:06:23][INFO][Rank 0] - train Epoch 3/24: 39.3% (760/1936)
[2025-11-18 13:06:30][INFO][Rank 0] - train Epoch 3/24: 39.8% (770/1936)
[2025-11-18 13:06:37][INFO][Rank 0] - train Epoch 3/24: 40.3% (780/1936)
[2025-11-18 13:06:45][INFO][Rank 0] - train Epoch 3/24: 40.8% (790/1936)
[2025-11-18 13:06:52][INFO][Rank 0] - train Epoch 3/24: 41.3% (800/1936)
[2025-11-18 13:06:59][INFO][Rank 0] - train Epoch 3/24: 41.8% (810/1936)
[2025-11-18 13:06:59][INFO][Rank 0] - CUDA Memory [train][Step 810]: Device 0: Allocated: 3309.6 MB, Reserved: 117540.0 MB (Δ: +1687.0 MB)
[2025-11-18 13:07:06][INFO][Rank 0] - train Epoch 3/24: 42.4% (820/1936)
[2025-11-18 13:07:13][INFO][Rank 0] - train Epoch 3/24: 42.9% (830/1936)
[2025-11-18 13:07:20][INFO][Rank 0] - train Epoch 3/24: 43.4% (840/1936)
[2025-11-18 13:07:27][INFO][Rank 0] - train Epoch 3/24: 43.9% (850/1936)
[2025-11-18 13:07:34][INFO][Rank 0] - train Epoch 3/24: 44.4% (860/1936)
[2025-11-18 13:07:41][INFO][Rank 0] - train Epoch 3/24: 44.9% (870/1936)
[2025-11-18 13:07:48][INFO][Rank 0] - train Epoch 3/24: 45.5% (880/1936)
[2025-11-18 13:07:55][INFO][Rank 0] - train Epoch 3/24: 46.0% (890/1936)
[2025-11-18 13:08:02][INFO][Rank 0] - train Epoch 3/24: 46.5% (900/1936)
[2025-11-18 13:08:03][INFO][Rank 0] - CUDA Memory [train][Step 900]: Device 0: Allocated: 3309.6 MB, Reserved: 117540.0 MB (Δ: +1687.0 MB)
[2025-11-18 13:08:09][INFO][Rank 0] - train Epoch 3/24: 47.0% (910/1936)
[2025-11-18 13:08:16][INFO][Rank 0] - train Epoch 3/24: 47.5% (920/1936)
[2025-11-18 13:08:23][INFO][Rank 0] - train Epoch 3/24: 48.0% (930/1936)
[2025-11-18 13:08:30][INFO][Rank 0] - train Epoch 3/24: 48.6% (940/1936)
[2025-11-18 13:08:37][INFO][Rank 0] - train Epoch 3/24: 49.1% (950/1936)
[2025-11-18 13:08:45][INFO][Rank 0] - train Epoch 3/24: 49.6% (960/1936)
[2025-11-18 13:08:52][INFO][Rank 0] - train Epoch 3/24: 50.1% (970/1936)
[2025-11-18 13:08:59][INFO][Rank 0] - train Epoch 3/24: 50.6% (980/1936)
[2025-11-18 13:09:06][INFO][Rank 0] - train Epoch 3/24: 51.1% (990/1936)
[2025-11-18 13:09:06][INFO][Rank 0] - CUDA Memory [train][Step 990]: Device 0: Allocated: 3309.6 MB, Reserved: 117540.0 MB (Δ: +1687.0 MB)
[2025-11-18 13:09:13][INFO][Rank 0] - train Epoch 3/24: 51.7% (1000/1936)
[2025-11-18 13:09:20][INFO][Rank 0] - train Epoch 3/24: 52.2% (1010/1936)
[2025-11-18 13:09:27][INFO][Rank 0] - train Epoch 3/24: 52.7% (1020/1936)
[2025-11-18 13:09:34][INFO][Rank 0] - train Epoch 3/24: 53.2% (1030/1936)
[2025-11-18 13:09:41][INFO][Rank 0] - train Epoch 3/24: 53.7% (1040/1936)
[2025-11-18 13:09:48][INFO][Rank 0] - train Epoch 3/24: 54.2% (1050/1936)
[2025-11-18 13:09:55][INFO][Rank 0] - train Epoch 3/24: 54.8% (1060/1936)
[2025-11-18 13:10:02][INFO][Rank 0] - train Epoch 3/24: 55.3% (1070/1936)
[2025-11-18 13:10:09][INFO][Rank 0] - train Epoch 3/24: 55.8% (1080/1936)
[2025-11-18 13:10:10][INFO][Rank 0] - CUDA Memory [train][Step 1080]: Device 0: Allocated: 3309.6 MB, Reserved: 117540.0 MB (Δ: +1687.0 MB)
[2025-11-18 13:10:16][INFO][Rank 0] - train Epoch 3/24: 56.3% (1090/1936)
[2025-11-18 13:10:23][INFO][Rank 0] - train Epoch 3/24: 56.8% (1100/1936)
[2025-11-18 13:10:30][INFO][Rank 0] - train Epoch 3/24: 57.3% (1110/1936)
[2025-11-18 13:10:38][INFO][Rank 0] - train Epoch 3/24: 57.9% (1120/1936)
[2025-11-18 13:10:45][INFO][Rank 0] - train Epoch 3/24: 58.4% (1130/1936)
[2025-11-18 13:10:52][INFO][Rank 0] - train Epoch 3/24: 58.9% (1140/1936)
[2025-11-18 13:10:59][INFO][Rank 0] - train Epoch 3/24: 59.4% (1150/1936)
[2025-11-18 13:11:06][INFO][Rank 0] - train Epoch 3/24: 59.9% (1160/1936)
[2025-11-18 13:11:13][INFO][Rank 0] - train Epoch 3/24: 60.4% (1170/1936)
[2025-11-18 13:11:13][INFO][Rank 0] - CUDA Memory [train][Step 1170]: Device 0: Allocated: 3309.6 MB, Reserved: 117540.0 MB (Δ: +1687.0 MB)
[2025-11-18 13:11:20][INFO][Rank 0] - train Epoch 3/24: 61.0% (1180/1936)
[2025-11-18 13:11:27][INFO][Rank 0] - train Epoch 3/24: 61.5% (1190/1936)
[2025-11-18 13:11:34][INFO][Rank 0] - train Epoch 3/24: 62.0% (1200/1936)
[2025-11-18 13:11:41][INFO][Rank 0] - train Epoch 3/24: 62.5% (1210/1936)
[2025-11-18 13:11:48][INFO][Rank 0] - train Epoch 3/24: 63.0% (1220/1936)
[2025-11-18 13:11:55][INFO][Rank 0] - train Epoch 3/24: 63.5% (1230/1936)
[2025-11-18 13:12:02][INFO][Rank 0] - train Epoch 3/24: 64.0% (1240/1936)
[2025-11-18 13:12:09][INFO][Rank 0] - train Epoch 3/24: 64.6% (1250/1936)
[2025-11-18 13:12:16][INFO][Rank 0] - train Epoch 3/24: 65.1% (1260/1936)
[2025-11-18 13:12:17][INFO][Rank 0] - CUDA Memory [train][Step 1260]: Device 0: Allocated: 3309.6 MB, Reserved: 117540.0 MB (Δ: +1687.0 MB)
[2025-11-18 13:12:23][INFO][Rank 0] - train Epoch 3/24: 65.6% (1270/1936)
[2025-11-18 13:12:30][INFO][Rank 0] - train Epoch 3/24: 66.1% (1280/1936)
[2025-11-18 13:12:37][INFO][Rank 0] - train Epoch 3/24: 66.6% (1290/1936)
[2025-11-18 13:12:45][INFO][Rank 0] - train Epoch 3/24: 67.1% (1300/1936)
[2025-11-18 13:12:52][INFO][Rank 0] - train Epoch 3/24: 67.7% (1310/1936)
[2025-11-18 13:12:59][INFO][Rank 0] - train Epoch 3/24: 68.2% (1320/1936)
[2025-11-18 13:13:06][INFO][Rank 0] - train Epoch 3/24: 68.7% (1330/1936)
[2025-11-18 13:13:13][INFO][Rank 0] - train Epoch 3/24: 69.2% (1340/1936)
[2025-11-18 13:13:20][INFO][Rank 0] - train Epoch 3/24: 69.7% (1350/1936)
[2025-11-18 13:13:21][INFO][Rank 0] - CUDA Memory [train][Step 1350]: Device 0: Allocated: 3309.6 MB, Reserved: 117540.0 MB (Δ: +1687.0 MB)
[2025-11-18 13:13:27][INFO][Rank 0] - train Epoch 3/24: 70.2% (1360/1936)
[2025-11-18 13:13:34][INFO][Rank 0] - train Epoch 3/24: 70.8% (1370/1936)
[2025-11-18 13:13:41][INFO][Rank 0] - train Epoch 3/24: 71.3% (1380/1936)
[2025-11-18 13:13:48][INFO][Rank 0] - train Epoch 3/24: 71.8% (1390/1936)
[2025-11-18 13:13:55][INFO][Rank 0] - train Epoch 3/24: 72.3% (1400/1936)
[2025-11-18 13:14:02][INFO][Rank 0] - train Epoch 3/24: 72.8% (1410/1936)
[2025-11-18 13:14:09][INFO][Rank 0] - train Epoch 3/24: 73.3% (1420/1936)
[2025-11-18 13:14:16][INFO][Rank 0] - train Epoch 3/24: 73.9% (1430/1936)
[2025-11-18 13:14:23][INFO][Rank 0] - train Epoch 3/24: 74.4% (1440/1936)
[2025-11-18 13:14:24][INFO][Rank 0] - CUDA Memory [train][Step 1440]: Device 0: Allocated: 3309.6 MB, Reserved: 117540.0 MB (Δ: +1687.0 MB)
[2025-11-18 13:14:30][INFO][Rank 0] - train Epoch 3/24: 74.9% (1450/1936)
[2025-11-18 13:14:37][INFO][Rank 0] - train Epoch 3/24: 75.4% (1460/1936)
[2025-11-18 13:14:45][INFO][Rank 0] - train Epoch 3/24: 75.9% (1470/1936)
[2025-11-18 13:14:52][INFO][Rank 0] - train Epoch 3/24: 76.4% (1480/1936)
[2025-11-18 13:14:59][INFO][Rank 0] - train Epoch 3/24: 77.0% (1490/1936)
[2025-11-18 13:15:06][INFO][Rank 0] - train Epoch 3/24: 77.5% (1500/1936)
[2025-11-18 13:15:13][INFO][Rank 0] - train Epoch 3/24: 78.0% (1510/1936)
[2025-11-18 13:15:20][INFO][Rank 0] - train Epoch 3/24: 78.5% (1520/1936)
[2025-11-18 13:15:27][INFO][Rank 0] - train Epoch 3/24: 79.0% (1530/1936)
[2025-11-18 13:15:28][INFO][Rank 0] - CUDA Memory [train][Step 1530]: Device 0: Allocated: 3309.6 MB, Reserved: 117540.0 MB (Δ: +1687.0 MB)
[2025-11-18 13:15:34][INFO][Rank 0] - train Epoch 3/24: 79.5% (1540/1936)
[2025-11-18 13:15:41][INFO][Rank 0] - train Epoch 3/24: 80.1% (1550/1936)
[2025-11-18 13:15:48][INFO][Rank 0] - train Epoch 3/24: 80.6% (1560/1936)
[2025-11-18 13:15:55][INFO][Rank 0] - train Epoch 3/24: 81.1% (1570/1936)
[2025-11-18 13:16:02][INFO][Rank 0] - train Epoch 3/24: 81.6% (1580/1936)
[2025-11-18 13:16:09][INFO][Rank 0] - train Epoch 3/24: 82.1% (1590/1936)
[2025-11-18 13:16:16][INFO][Rank 0] - train Epoch 3/24: 82.6% (1600/1936)
[2025-11-18 13:16:23][INFO][Rank 0] - train Epoch 3/24: 83.2% (1610/1936)
[2025-11-18 13:16:30][INFO][Rank 0] - train Epoch 3/24: 83.7% (1620/1936)
[2025-11-18 13:16:31][INFO][Rank 0] - CUDA Memory [train][Step 1620]: Device 0: Allocated: 3309.6 MB, Reserved: 117540.0 MB (Δ: +1687.0 MB)
[2025-11-18 13:16:37][INFO][Rank 0] - train Epoch 3/24: 84.2% (1630/1936)
[2025-11-18 13:16:44][INFO][Rank 0] - train Epoch 3/24: 84.7% (1640/1936)
[2025-11-18 13:16:52][INFO][Rank 0] - train Epoch 3/24: 85.2% (1650/1936)
[2025-11-18 13:16:59][INFO][Rank 0] - train Epoch 3/24: 85.7% (1660/1936)
[2025-11-18 13:17:06][INFO][Rank 0] - train Epoch 3/24: 86.3% (1670/1936)
[2025-11-18 13:17:13][INFO][Rank 0] - train Epoch 3/24: 86.8% (1680/1936)
[2025-11-18 13:17:20][INFO][Rank 0] - train Epoch 3/24: 87.3% (1690/1936)
[2025-11-18 13:17:27][INFO][Rank 0] - train Epoch 3/24: 87.8% (1700/1936)
[2025-11-18 13:17:34][INFO][Rank 0] - train Epoch 3/24: 88.3% (1710/1936)
[2025-11-18 13:17:35][INFO][Rank 0] - CUDA Memory [train][Step 1710]: Device 0: Allocated: 3309.6 MB, Reserved: 117540.0 MB (Δ: +1687.0 MB)
[2025-11-18 13:17:41][INFO][Rank 0] - train Epoch 3/24: 88.8% (1720/1936)
[2025-11-18 13:17:48][INFO][Rank 0] - train Epoch 3/24: 89.4% (1730/1936)
[2025-11-18 13:17:55][INFO][Rank 0] - train Epoch 3/24: 89.9% (1740/1936)
[2025-11-18 13:18:02][INFO][Rank 0] - train Epoch 3/24: 90.4% (1750/1936)
[2025-11-18 13:18:09][INFO][Rank 0] - train Epoch 3/24: 90.9% (1760/1936)
[2025-11-18 13:18:16][INFO][Rank 0] - train Epoch 3/24: 91.4% (1770/1936)
[2025-11-18 13:18:23][INFO][Rank 0] - train Epoch 3/24: 91.9% (1780/1936)
[2025-11-18 13:18:30][INFO][Rank 0] - train Epoch 3/24: 92.5% (1790/1936)
[2025-11-18 13:18:37][INFO][Rank 0] - train Epoch 3/24: 93.0% (1800/1936)
[2025-11-18 13:18:38][INFO][Rank 0] - CUDA Memory [train][Step 1800]: Device 0: Allocated: 3309.6 MB, Reserved: 117540.0 MB (Δ: +1687.0 MB)
[2025-11-18 13:18:44][INFO][Rank 0] - train Epoch 3/24: 93.5% (1810/1936)
[2025-11-18 13:18:52][INFO][Rank 0] - train Epoch 3/24: 94.0% (1820/1936)
[2025-11-18 13:18:59][INFO][Rank 0] - train Epoch 3/24: 94.5% (1830/1936)
[2025-11-18 13:19:06][INFO][Rank 0] - train Epoch 3/24: 95.0% (1840/1936)
[2025-11-18 13:19:13][INFO][Rank 0] - train Epoch 3/24: 95.6% (1850/1936)
[2025-11-18 13:19:20][INFO][Rank 0] - train Epoch 3/24: 96.1% (1860/1936)
[2025-11-18 13:19:27][INFO][Rank 0] - train Epoch 3/24: 96.6% (1870/1936)
[2025-11-18 13:19:34][INFO][Rank 0] - train Epoch 3/24: 97.1% (1880/1936)
[2025-11-18 13:19:41][INFO][Rank 0] - train Epoch 3/24: 97.6% (1890/1936)
[2025-11-18 13:19:42][INFO][Rank 0] - CUDA Memory [train][Step 1890]: Device 0: Allocated: 3309.6 MB, Reserved: 117540.0 MB (Δ: +1687.0 MB)
[2025-11-18 13:19:48][INFO][Rank 0] - train Epoch 3/24: 98.1% (1900/1936)
[2025-11-18 13:19:55][INFO][Rank 0] - train Epoch 3/24: 98.7% (1910/1936)
[2025-11-18 13:20:02][INFO][Rank 0] - train Epoch 3/24: 99.2% (1920/1936)
[2025-11-18 13:20:09][INFO][Rank 0] - train Epoch 3/24: 99.7% (1930/1936)
[2025-11-18 13:20:13][INFO][Rank 0] - train Epoch 3/24: 99.9% (1935/1936)
[2025-11-18 13:20:13][INFO][Rank 0] - train Loss: 0.2425 Acc: 0.9787 F1: 0.9891
[2025-11-18 13:20:13][INFO][Rank 0] - train Balanced Acc: 0.7477 AUC-ROC: 0.9580
[2025-11-18 13:20:13][INFO][Rank 0] - train Sensitivity: 0.9914 Specificity: 0.5040
[2025-11-18 13:20:13][INFO][Rank 0] - train Confusion Matrix: TP=18695, FP=249, FN=163, TN=253
[2025-11-18 13:20:13][INFO][Rank 0] - train completed in 1367.24s
[2025-11-18 13:20:13][INFO][Rank 0] - Data loading time: 1.21s, Forward time: 278.29s, Backward time: 740.74s
[2025-11-18 13:20:13][INFO][Rank 0] - train cache: 0/1 items, hit rate: 0.00%
[2025-11-18 13:20:13][INFO][Rank 0] - CUDA Memory [val][Step 0]: Device 0: Allocated: 3309.6 MB, Reserved: 117540.0 MB (Δ: +1687.0 MB)
[2025-11-18 13:20:13][INFO][Rank 0] - val phase: total 418 batches
[2025-11-18 13:20:14][INFO][Rank 0] - val Epoch 3/24: 0.0% (0/418)
[2025-11-18 13:20:19][INFO][Rank 0] - val Epoch 3/24: 2.4% (10/418)
[2025-11-18 13:20:24][INFO][Rank 0] - val Epoch 3/24: 4.8% (20/418)
[2025-11-18 13:20:29][INFO][Rank 0] - val Epoch 3/24: 7.2% (30/418)
[2025-11-18 13:20:34][INFO][Rank 0] - val Epoch 3/24: 9.6% (40/418)
[2025-11-18 13:20:39][INFO][Rank 0] - val Epoch 3/24: 12.0% (50/418)
[2025-11-18 13:20:44][INFO][Rank 0] - val Epoch 3/24: 14.4% (60/418)
[2025-11-18 13:20:49][INFO][Rank 0] - val Epoch 3/24: 16.7% (70/418)
[2025-11-18 13:20:54][INFO][Rank 0] - val Epoch 3/24: 19.1% (80/418)
[2025-11-18 13:20:59][INFO][Rank 0] - val Epoch 3/24: 21.5% (90/418)
[2025-11-18 13:21:04][INFO][Rank 0] - val Epoch 3/24: 23.9% (100/418)
[2025-11-18 13:21:09][INFO][Rank 0] - val Epoch 3/24: 26.3% (110/418)
[2025-11-18 13:21:14][INFO][Rank 0] - val Epoch 3/24: 28.7% (120/418)
[2025-11-18 13:21:15][INFO][Rank 0] - CUDA Memory [val][Step 120]: Device 0: Allocated: 3309.6 MB, Reserved: 117540.0 MB (Δ: +1687.0 MB)
[2025-11-18 13:21:19][INFO][Rank 0] - val Epoch 3/24: 31.1% (130/418)
[2025-11-18 13:21:24][INFO][Rank 0] - val Epoch 3/24: 33.5% (140/418)
[2025-11-18 13:21:29][INFO][Rank 0] - val Epoch 3/24: 35.9% (150/418)
[2025-11-18 13:21:34][INFO][Rank 0] - val Epoch 3/24: 38.3% (160/418)
[2025-11-18 13:21:39][INFO][Rank 0] - val Epoch 3/24: 40.7% (170/418)
[2025-11-18 13:21:45][INFO][Rank 0] - val Epoch 3/24: 43.1% (180/418)
[2025-11-18 13:21:50][INFO][Rank 0] - val Epoch 3/24: 45.5% (190/418)
[2025-11-18 13:21:55][INFO][Rank 0] - val Epoch 3/24: 47.8% (200/418)
[2025-11-18 13:22:00][INFO][Rank 0] - val Epoch 3/24: 50.2% (210/418)
[2025-11-18 13:22:05][INFO][Rank 0] - val Epoch 3/24: 52.6% (220/418)
[2025-11-18 13:22:10][INFO][Rank 0] - val Epoch 3/24: 55.0% (230/418)
[2025-11-18 13:22:15][INFO][Rank 0] - val Epoch 3/24: 57.4% (240/418)
[2025-11-18 13:22:15][INFO][Rank 0] - CUDA Memory [val][Step 240]: Device 0: Allocated: 3309.6 MB, Reserved: 117540.0 MB (Δ: +1687.0 MB)
[2025-11-18 13:22:20][INFO][Rank 0] - val Epoch 3/24: 59.8% (250/418)
[2025-11-18 13:22:25][INFO][Rank 0] - val Epoch 3/24: 62.2% (260/418)
[2025-11-18 13:22:30][INFO][Rank 0] - val Epoch 3/24: 64.6% (270/418)
[2025-11-18 13:22:35][INFO][Rank 0] - val Epoch 3/24: 67.0% (280/418)
[2025-11-18 13:22:40][INFO][Rank 0] - val Epoch 3/24: 69.4% (290/418)
[2025-11-18 13:22:45][INFO][Rank 0] - val Epoch 3/24: 71.8% (300/418)
[2025-11-18 13:22:50][INFO][Rank 0] - val Epoch 3/24: 74.2% (310/418)
[2025-11-18 13:22:55][INFO][Rank 0] - val Epoch 3/24: 76.6% (320/418)
[2025-11-18 13:23:00][INFO][Rank 0] - val Epoch 3/24: 78.9% (330/418)
[2025-11-18 13:23:05][INFO][Rank 0] - val Epoch 3/24: 81.3% (340/418)
[2025-11-18 13:23:10][INFO][Rank 0] - val Epoch 3/24: 83.7% (350/418)
[2025-11-18 13:23:15][INFO][Rank 0] - val Epoch 3/24: 86.1% (360/418)
[2025-11-18 13:23:16][INFO][Rank 0] - CUDA Memory [val][Step 360]: Device 0: Allocated: 3309.6 MB, Reserved: 117540.0 MB (Δ: +1687.0 MB)
[2025-11-18 13:23:20][INFO][Rank 0] - val Epoch 3/24: 88.5% (370/418)
[2025-11-18 13:23:25][INFO][Rank 0] - val Epoch 3/24: 90.9% (380/418)
[2025-11-18 13:23:30][INFO][Rank 0] - val Epoch 3/24: 93.3% (390/418)
[2025-11-18 13:23:35][INFO][Rank 0] - val Epoch 3/24: 95.7% (400/418)
[2025-11-18 13:23:40][INFO][Rank 0] - val Epoch 3/24: 98.1% (410/418)
[2025-11-18 13:23:44][INFO][Rank 0] - val Epoch 3/24: 99.8% (417/418)
[2025-11-18 13:23:44][INFO][Rank 0] - val Loss: 0.1564 Acc: 0.9756 F1: 0.9875
[2025-11-18 13:23:44][INFO][Rank 0] - val Balanced Acc: 0.7681 AUC-ROC: 0.9744
[2025-11-18 13:23:44][INFO][Rank 0] - val Sensitivity: 0.9875 Specificity: 0.5487
[2025-11-18 13:23:44][INFO][Rank 0] - val Confusion Matrix: TP=4016, FP=51, FN=51, TN=62
[2025-11-18 13:23:44][INFO][Rank 0] - val completed in 210.84s
[2025-11-18 13:23:44][INFO][Rank 0] - val cache: 0/1 items, hit rate: 0.00%
[2025-11-18 13:23:48][INFO][Rank 0] - Saved new best balanced_acc model with balanced_acc: 0.7681 at /projects/retprogression/rgarridogarcia/checkpoints/cropped1024_cropped_centered_allR_4/best_balanced_acc_model.pth
[2025-11-18 13:23:52][INFO][Rank 0] - Also saved as general best model at /projects/retprogression/rgarridogarcia/checkpoints/cropped1024_cropped_centered_allR_4/best_model.pth
[2025-11-18 13:23:56][INFO][Rank 0] - Saved new best auc model with auc: 0.9744 at /projects/retprogression/rgarridogarcia/checkpoints/cropped1024_cropped_centered_allR_4/best_auc_model.pth
[2025-11-18 13:24:00][INFO][Rank 0] - Saved epoch checkpoint at /projects/retprogression/rgarridogarcia/checkpoints/cropped1024_cropped_centered_allR_4/epoch_3.pth
[2025-11-18 13:24:00][INFO][Rank 0] - Epoch 3 summary:
[2025-11-18 13:24:00][INFO][Rank 0] -  Train Loss: 0.2425, Train Acc: 0.9787, Train F1: 0.9891
[2025-11-18 13:24:00][INFO][Rank 0] -  Train Balanced Acc: 0.7477, Train AUC: 0.9580
[2025-11-18 13:24:00][INFO][Rank 0] -  Train Sensitivity: 0.9914, Train Specificity: 0.5040
[2025-11-18 13:24:00][INFO][Rank 0] -  Val Loss: 0.1564, Val Acc: 0.9756, Val F1: 0.9875
[2025-11-18 13:24:00][INFO][Rank 0] -  Val Balanced Acc: 0.7681, Val AUC: 0.9744
[2025-11-18 13:24:00][INFO][Rank 0] -  Val Sensitivity: 0.9875, Val Specificity: 0.5487
[2025-11-18 13:24:00][INFO][Rank 0] -  Total Epoch Time: 1593.68s
[2025-11-18 13:24:00][INFO][Rank 0] - Epoch 4/24
[2025-11-18 13:24:00][INFO][Rank 0] - ----------
[2025-11-18 13:24:00][INFO][Rank 0] - CUDA Memory [train][Step 0]: Device 0: Allocated: 3309.6 MB, Reserved: 117540.0 MB (Δ: +1687.0 MB)
[2025-11-18 13:24:00][INFO][Rank 0] - train phase: total 1936 batches
[2025-11-18 13:24:00][INFO][Rank 0] - train Epoch 4/24: 0.0% (0/1936)
[2025-11-18 13:24:07][INFO][Rank 0] - train Epoch 4/24: 0.5% (10/1936)
[2025-11-18 13:24:14][INFO][Rank 0] - train Epoch 4/24: 1.0% (20/1936)
[2025-11-18 13:24:21][INFO][Rank 0] - train Epoch 4/24: 1.5% (30/1936)
[2025-11-18 13:24:28][INFO][Rank 0] - train Epoch 4/24: 2.1% (40/1936)
[2025-11-18 13:24:36][INFO][Rank 0] - train Epoch 4/24: 2.6% (50/1936)
[2025-11-18 13:24:43][INFO][Rank 0] - train Epoch 4/24: 3.1% (60/1936)
[2025-11-18 13:24:50][INFO][Rank 0] - train Epoch 4/24: 3.6% (70/1936)
[2025-11-18 13:24:57][INFO][Rank 0] - train Epoch 4/24: 4.1% (80/1936)
[2025-11-18 13:25:04][INFO][Rank 0] - train Epoch 4/24: 4.6% (90/1936)
[2025-11-18 13:25:04][INFO][Rank 0] - CUDA Memory [train][Step 90]: Device 0: Allocated: 3309.6 MB, Reserved: 117540.0 MB (Δ: +1687.0 MB)
[2025-11-18 13:25:11][INFO][Rank 0] - train Epoch 4/24: 5.2% (100/1936)
[2025-11-18 13:25:18][INFO][Rank 0] - train Epoch 4/24: 5.7% (110/1936)
[2025-11-18 13:25:25][INFO][Rank 0] - train Epoch 4/24: 6.2% (120/1936)
[2025-11-18 13:25:32][INFO][Rank 0] - train Epoch 4/24: 6.7% (130/1936)
[2025-11-18 13:25:39][INFO][Rank 0] - train Epoch 4/24: 7.2% (140/1936)
[2025-11-18 13:25:46][INFO][Rank 0] - train Epoch 4/24: 7.7% (150/1936)
[2025-11-18 13:25:53][INFO][Rank 0] - train Epoch 4/24: 8.3% (160/1936)
[2025-11-18 13:26:00][INFO][Rank 0] - train Epoch 4/24: 8.8% (170/1936)
[2025-11-18 13:26:07][INFO][Rank 0] - train Epoch 4/24: 9.3% (180/1936)
[2025-11-18 13:26:08][INFO][Rank 0] - CUDA Memory [train][Step 180]: Device 0: Allocated: 3309.6 MB, Reserved: 117540.0 MB (Δ: +1687.0 MB)
[2025-11-18 13:26:14][INFO][Rank 0] - train Epoch 4/24: 9.8% (190/1936)
[2025-11-18 13:26:21][INFO][Rank 0] - train Epoch 4/24: 10.3% (200/1936)
[2025-11-18 13:26:28][INFO][Rank 0] - train Epoch 4/24: 10.8% (210/1936)
[2025-11-18 13:26:36][INFO][Rank 0] - train Epoch 4/24: 11.4% (220/1936)
[2025-11-18 13:26:43][INFO][Rank 0] - train Epoch 4/24: 11.9% (230/1936)
[2025-11-18 13:26:50][INFO][Rank 0] - train Epoch 4/24: 12.4% (240/1936)
[2025-11-18 13:26:57][INFO][Rank 0] - train Epoch 4/24: 12.9% (250/1936)
[2025-11-18 13:27:04][INFO][Rank 0] - train Epoch 4/24: 13.4% (260/1936)
[2025-11-18 13:27:11][INFO][Rank 0] - train Epoch 4/24: 13.9% (270/1936)
[2025-11-18 13:27:12][INFO][Rank 0] - CUDA Memory [train][Step 270]: Device 0: Allocated: 3309.6 MB, Reserved: 117540.0 MB (Δ: +1687.0 MB)
[2025-11-18 13:27:18][INFO][Rank 0] - train Epoch 4/24: 14.5% (280/1936)
[2025-11-18 13:27:25][INFO][Rank 0] - train Epoch 4/24: 15.0% (290/1936)
[2025-11-18 13:27:32][INFO][Rank 0] - train Epoch 4/24: 15.5% (300/1936)
[2025-11-18 13:27:39][INFO][Rank 0] - train Epoch 4/24: 16.0% (310/1936)
[2025-11-18 13:27:46][INFO][Rank 0] - train Epoch 4/24: 16.5% (320/1936)
[2025-11-18 13:27:53][INFO][Rank 0] - train Epoch 4/24: 17.0% (330/1936)
[2025-11-18 13:28:00][INFO][Rank 0] - train Epoch 4/24: 17.6% (340/1936)
[2025-11-18 13:28:07][INFO][Rank 0] - train Epoch 4/24: 18.1% (350/1936)
[2025-11-18 13:28:14][INFO][Rank 0] - train Epoch 4/24: 18.6% (360/1936)
[2025-11-18 13:28:15][INFO][Rank 0] - CUDA Memory [train][Step 360]: Device 0: Allocated: 3309.6 MB, Reserved: 117540.0 MB (Δ: +1687.0 MB)
[2025-11-18 13:28:21][INFO][Rank 0] - train Epoch 4/24: 19.1% (370/1936)
[2025-11-18 13:28:28][INFO][Rank 0] - train Epoch 4/24: 19.6% (380/1936)
[2025-11-18 13:28:36][INFO][Rank 0] - train Epoch 4/24: 20.1% (390/1936)
[2025-11-18 13:28:43][INFO][Rank 0] - train Epoch 4/24: 20.7% (400/1936)
[2025-11-18 13:28:50][INFO][Rank 0] - train Epoch 4/24: 21.2% (410/1936)
[2025-11-18 13:28:57][INFO][Rank 0] - train Epoch 4/24: 21.7% (420/1936)
[2025-11-18 13:29:04][INFO][Rank 0] - train Epoch 4/24: 22.2% (430/1936)
[2025-11-18 13:29:11][INFO][Rank 0] - train Epoch 4/24: 22.7% (440/1936)
[2025-11-18 13:29:18][INFO][Rank 0] - train Epoch 4/24: 23.2% (450/1936)
[2025-11-18 13:29:19][INFO][Rank 0] - CUDA Memory [train][Step 450]: Device 0: Allocated: 3309.6 MB, Reserved: 117540.0 MB (Δ: +1687.0 MB)
[2025-11-18 13:29:25][INFO][Rank 0] - train Epoch 4/24: 23.8% (460/1936)
[2025-11-18 13:29:32][INFO][Rank 0] - train Epoch 4/24: 24.3% (470/1936)
[2025-11-18 13:29:39][INFO][Rank 0] - train Epoch 4/24: 24.8% (480/1936)
[2025-11-18 13:29:46][INFO][Rank 0] - train Epoch 4/24: 25.3% (490/1936)
[2025-11-18 13:29:53][INFO][Rank 0] - train Epoch 4/24: 25.8% (500/1936)
[2025-11-18 13:30:00][INFO][Rank 0] - train Epoch 4/24: 26.3% (510/1936)
[2025-11-18 13:30:07][INFO][Rank 0] - train Epoch 4/24: 26.9% (520/1936)
[2025-11-18 13:30:14][INFO][Rank 0] - train Epoch 4/24: 27.4% (530/1936)
[2025-11-18 13:30:21][INFO][Rank 0] - train Epoch 4/24: 27.9% (540/1936)
[2025-11-18 13:30:22][INFO][Rank 0] - CUDA Memory [train][Step 540]: Device 0: Allocated: 3309.6 MB, Reserved: 117540.0 MB (Δ: +1687.0 MB)
[2025-11-18 13:30:28][INFO][Rank 0] - train Epoch 4/24: 28.4% (550/1936)
[2025-11-18 13:30:36][INFO][Rank 0] - train Epoch 4/24: 28.9% (560/1936)
[2025-11-18 13:30:43][INFO][Rank 0] - train Epoch 4/24: 29.4% (570/1936)
[2025-11-18 13:30:50][INFO][Rank 0] - train Epoch 4/24: 30.0% (580/1936)
[2025-11-18 13:30:57][INFO][Rank 0] - train Epoch 4/24: 30.5% (590/1936)
[2025-11-18 13:31:04][INFO][Rank 0] - train Epoch 4/24: 31.0% (600/1936)
[2025-11-18 13:31:11][INFO][Rank 0] - train Epoch 4/24: 31.5% (610/1936)
[2025-11-18 13:31:18][INFO][Rank 0] - train Epoch 4/24: 32.0% (620/1936)
[2025-11-18 13:31:25][INFO][Rank 0] - train Epoch 4/24: 32.5% (630/1936)
[2025-11-18 13:31:26][INFO][Rank 0] - CUDA Memory [train][Step 630]: Device 0: Allocated: 3309.6 MB, Reserved: 117540.0 MB (Δ: +1687.0 MB)
[2025-11-18 13:31:32][INFO][Rank 0] - train Epoch 4/24: 33.1% (640/1936)
[2025-11-18 13:31:39][INFO][Rank 0] - train Epoch 4/24: 33.6% (650/1936)
[2025-11-18 13:31:46][INFO][Rank 0] - train Epoch 4/24: 34.1% (660/1936)
[2025-11-18 13:31:53][INFO][Rank 0] - train Epoch 4/24: 34.6% (670/1936)
[2025-11-18 13:32:00][INFO][Rank 0] - train Epoch 4/24: 35.1% (680/1936)
[2025-11-18 13:32:07][INFO][Rank 0] - train Epoch 4/24: 35.6% (690/1936)
[2025-11-18 13:32:14][INFO][Rank 0] - train Epoch 4/24: 36.2% (700/1936)
[2025-11-18 13:32:21][INFO][Rank 0] - train Epoch 4/24: 36.7% (710/1936)
[2025-11-18 13:32:28][INFO][Rank 0] - train Epoch 4/24: 37.2% (720/1936)
[2025-11-18 13:32:29][INFO][Rank 0] - CUDA Memory [train][Step 720]: Device 0: Allocated: 3309.6 MB, Reserved: 117540.0 MB (Δ: +1687.0 MB)
[2025-11-18 13:32:36][INFO][Rank 0] - train Epoch 4/24: 37.7% (730/1936)
[2025-11-18 13:32:43][INFO][Rank 0] - train Epoch 4/24: 38.2% (740/1936)
[2025-11-18 13:32:50][INFO][Rank 0] - train Epoch 4/24: 38.7% (750/1936)
[2025-11-18 13:32:57][INFO][Rank 0] - train Epoch 4/24: 39.3% (760/1936)
[2025-11-18 13:33:04][INFO][Rank 0] - train Epoch 4/24: 39.8% (770/1936)
[2025-11-18 13:33:11][INFO][Rank 0] - train Epoch 4/24: 40.3% (780/1936)
[2025-11-18 13:33:18][INFO][Rank 0] - train Epoch 4/24: 40.8% (790/1936)
[2025-11-18 13:33:25][INFO][Rank 0] - train Epoch 4/24: 41.3% (800/1936)
[2025-11-18 13:33:32][INFO][Rank 0] - train Epoch 4/24: 41.8% (810/1936)
[2025-11-18 13:33:33][INFO][Rank 0] - CUDA Memory [train][Step 810]: Device 0: Allocated: 3309.6 MB, Reserved: 117540.0 MB (Δ: +1687.0 MB)
[2025-11-18 13:33:39][INFO][Rank 0] - train Epoch 4/24: 42.4% (820/1936)
[2025-11-18 13:33:46][INFO][Rank 0] - train Epoch 4/24: 42.9% (830/1936)
[2025-11-18 13:33:53][INFO][Rank 0] - train Epoch 4/24: 43.4% (840/1936)
[2025-11-18 13:34:00][INFO][Rank 0] - train Epoch 4/24: 43.9% (850/1936)
[2025-11-18 13:34:07][INFO][Rank 0] - train Epoch 4/24: 44.4% (860/1936)
[2025-11-18 13:34:14][INFO][Rank 0] - train Epoch 4/24: 44.9% (870/1936)
[2025-11-18 13:34:21][INFO][Rank 0] - train Epoch 4/24: 45.5% (880/1936)
[2025-11-18 13:34:28][INFO][Rank 0] - train Epoch 4/24: 46.0% (890/1936)
[2025-11-18 13:34:36][INFO][Rank 0] - train Epoch 4/24: 46.5% (900/1936)
[2025-11-18 13:34:36][INFO][Rank 0] - CUDA Memory [train][Step 900]: Device 0: Allocated: 3309.6 MB, Reserved: 117540.0 MB (Δ: +1687.0 MB)
[2025-11-18 13:34:43][INFO][Rank 0] - train Epoch 4/24: 47.0% (910/1936)
[2025-11-18 13:34:50][INFO][Rank 0] - train Epoch 4/24: 47.5% (920/1936)
[2025-11-18 13:34:57][INFO][Rank 0] - train Epoch 4/24: 48.0% (930/1936)
[2025-11-18 13:35:04][INFO][Rank 0] - train Epoch 4/24: 48.6% (940/1936)
[2025-11-18 13:35:11][INFO][Rank 0] - train Epoch 4/24: 49.1% (950/1936)
[2025-11-18 13:35:18][INFO][Rank 0] - train Epoch 4/24: 49.6% (960/1936)
[2025-11-18 13:35:25][INFO][Rank 0] - train Epoch 4/24: 50.1% (970/1936)
[2025-11-18 13:35:32][INFO][Rank 0] - train Epoch 4/24: 50.6% (980/1936)
[2025-11-18 13:35:39][INFO][Rank 0] - train Epoch 4/24: 51.1% (990/1936)
[2025-11-18 13:35:40][INFO][Rank 0] - CUDA Memory [train][Step 990]: Device 0: Allocated: 3309.6 MB, Reserved: 117540.0 MB (Δ: +1687.0 MB)
[2025-11-18 13:35:46][INFO][Rank 0] - train Epoch 4/24: 51.7% (1000/1936)
[2025-11-18 13:35:53][INFO][Rank 0] - train Epoch 4/24: 52.2% (1010/1936)
[2025-11-18 13:36:00][INFO][Rank 0] - train Epoch 4/24: 52.7% (1020/1936)
[2025-11-18 13:36:07][INFO][Rank 0] - train Epoch 4/24: 53.2% (1030/1936)
[2025-11-18 13:36:14][INFO][Rank 0] - train Epoch 4/24: 53.7% (1040/1936)
[2025-11-18 13:36:21][INFO][Rank 0] - train Epoch 4/24: 54.2% (1050/1936)
[2025-11-18 13:36:28][INFO][Rank 0] - train Epoch 4/24: 54.8% (1060/1936)
[2025-11-18 13:36:36][INFO][Rank 0] - train Epoch 4/24: 55.3% (1070/1936)
[2025-11-18 13:36:43][INFO][Rank 0] - train Epoch 4/24: 55.8% (1080/1936)
[2025-11-18 13:36:43][INFO][Rank 0] - CUDA Memory [train][Step 1080]: Device 0: Allocated: 3309.6 MB, Reserved: 117540.0 MB (Δ: +1687.0 MB)
[2025-11-18 13:36:50][INFO][Rank 0] - train Epoch 4/24: 56.3% (1090/1936)
[2025-11-18 13:36:57][INFO][Rank 0] - train Epoch 4/24: 56.8% (1100/1936)
[2025-11-18 13:37:04][INFO][Rank 0] - train Epoch 4/24: 57.3% (1110/1936)
[2025-11-18 13:37:11][INFO][Rank 0] - train Epoch 4/24: 57.9% (1120/1936)
[2025-11-18 13:37:18][INFO][Rank 0] - train Epoch 4/24: 58.4% (1130/1936)
[2025-11-18 13:37:25][INFO][Rank 0] - train Epoch 4/24: 58.9% (1140/1936)
[2025-11-18 13:37:32][INFO][Rank 0] - train Epoch 4/24: 59.4% (1150/1936)
[2025-11-18 13:37:39][INFO][Rank 0] - train Epoch 4/24: 59.9% (1160/1936)
[2025-11-18 13:37:46][INFO][Rank 0] - train Epoch 4/24: 60.4% (1170/1936)
[2025-11-18 13:37:47][INFO][Rank 0] - CUDA Memory [train][Step 1170]: Device 0: Allocated: 3309.6 MB, Reserved: 117540.0 MB (Δ: +1687.0 MB)
[2025-11-18 13:37:53][INFO][Rank 0] - train Epoch 4/24: 61.0% (1180/1936)
[2025-11-18 13:38:00][INFO][Rank 0] - train Epoch 4/24: 61.5% (1190/1936)
[2025-11-18 13:38:07][INFO][Rank 0] - train Epoch 4/24: 62.0% (1200/1936)
[2025-11-18 13:38:14][INFO][Rank 0] - train Epoch 4/24: 62.5% (1210/1936)
[2025-11-18 13:38:21][INFO][Rank 0] - train Epoch 4/24: 63.0% (1220/1936)
[2025-11-18 13:38:28][INFO][Rank 0] - train Epoch 4/24: 63.5% (1230/1936)
[2025-11-18 13:38:35][INFO][Rank 0] - train Epoch 4/24: 64.0% (1240/1936)
[2025-11-18 13:38:43][INFO][Rank 0] - train Epoch 4/24: 64.6% (1250/1936)
[2025-11-18 13:38:50][INFO][Rank 0] - train Epoch 4/24: 65.1% (1260/1936)
[2025-11-18 13:38:50][INFO][Rank 0] - CUDA Memory [train][Step 1260]: Device 0: Allocated: 3309.6 MB, Reserved: 117540.0 MB (Δ: +1687.0 MB)
[2025-11-18 13:38:57][INFO][Rank 0] - train Epoch 4/24: 65.6% (1270/1936)
[2025-11-18 13:39:04][INFO][Rank 0] - train Epoch 4/24: 66.1% (1280/1936)
[2025-11-18 13:39:11][INFO][Rank 0] - train Epoch 4/24: 66.6% (1290/1936)
[2025-11-18 13:39:18][INFO][Rank 0] - train Epoch 4/24: 67.1% (1300/1936)
[2025-11-18 13:39:25][INFO][Rank 0] - train Epoch 4/24: 67.7% (1310/1936)
[2025-11-18 13:39:32][INFO][Rank 0] - train Epoch 4/24: 68.2% (1320/1936)
[2025-11-18 13:39:39][INFO][Rank 0] - train Epoch 4/24: 68.7% (1330/1936)
[2025-11-18 13:39:46][INFO][Rank 0] - train Epoch 4/24: 69.2% (1340/1936)
[2025-11-18 13:39:53][INFO][Rank 0] - train Epoch 4/24: 69.7% (1350/1936)
[2025-11-18 13:39:54][INFO][Rank 0] - CUDA Memory [train][Step 1350]: Device 0: Allocated: 3309.6 MB, Reserved: 117540.0 MB (Δ: +1687.0 MB)
[2025-11-18 13:40:00][INFO][Rank 0] - train Epoch 4/24: 70.2% (1360/1936)
[2025-11-18 13:40:07][INFO][Rank 0] - train Epoch 4/24: 70.8% (1370/1936)
[2025-11-18 13:40:14][INFO][Rank 0] - train Epoch 4/24: 71.3% (1380/1936)
[2025-11-18 13:40:21][INFO][Rank 0] - train Epoch 4/24: 71.8% (1390/1936)
[2025-11-18 13:40:28][INFO][Rank 0] - train Epoch 4/24: 72.3% (1400/1936)
[2025-11-18 13:40:35][INFO][Rank 0] - train Epoch 4/24: 72.8% (1410/1936)
[2025-11-18 13:40:43][INFO][Rank 0] - train Epoch 4/24: 73.3% (1420/1936)
[2025-11-18 13:40:50][INFO][Rank 0] - train Epoch 4/24: 73.9% (1430/1936)
[2025-11-18 13:40:57][INFO][Rank 0] - train Epoch 4/24: 74.4% (1440/1936)
[2025-11-18 13:40:57][INFO][Rank 0] - CUDA Memory [train][Step 1440]: Device 0: Allocated: 3309.6 MB, Reserved: 117540.0 MB (Δ: +1687.0 MB)
[2025-11-18 13:41:04][INFO][Rank 0] - train Epoch 4/24: 74.9% (1450/1936)
[2025-11-18 13:41:11][INFO][Rank 0] - train Epoch 4/24: 75.4% (1460/1936)
[2025-11-18 13:41:18][INFO][Rank 0] - train Epoch 4/24: 75.9% (1470/1936)
[2025-11-18 13:41:25][INFO][Rank 0] - train Epoch 4/24: 76.4% (1480/1936)
[2025-11-18 13:41:32][INFO][Rank 0] - train Epoch 4/24: 77.0% (1490/1936)
[2025-11-18 13:41:39][INFO][Rank 0] - train Epoch 4/24: 77.5% (1500/1936)
[2025-11-18 13:41:46][INFO][Rank 0] - train Epoch 4/24: 78.0% (1510/1936)
[2025-11-18 13:41:53][INFO][Rank 0] - train Epoch 4/24: 78.5% (1520/1936)
[2025-11-18 13:42:00][INFO][Rank 0] - train Epoch 4/24: 79.0% (1530/1936)
[2025-11-18 13:42:01][INFO][Rank 0] - CUDA Memory [train][Step 1530]: Device 0: Allocated: 3309.6 MB, Reserved: 117540.0 MB (Δ: +1687.0 MB)
[2025-11-18 13:42:07][INFO][Rank 0] - train Epoch 4/24: 79.5% (1540/1936)
[2025-11-18 13:42:14][INFO][Rank 0] - train Epoch 4/24: 80.1% (1550/1936)
[2025-11-18 13:42:21][INFO][Rank 0] - train Epoch 4/24: 80.6% (1560/1936)
[2025-11-18 13:42:28][INFO][Rank 0] - train Epoch 4/24: 81.1% (1570/1936)
[2025-11-18 13:42:35][INFO][Rank 0] - train Epoch 4/24: 81.6% (1580/1936)
[2025-11-18 13:42:42][INFO][Rank 0] - train Epoch 4/24: 82.1% (1590/1936)
[2025-11-18 13:42:50][INFO][Rank 0] - train Epoch 4/24: 82.6% (1600/1936)
[2025-11-18 13:42:57][INFO][Rank 0] - train Epoch 4/24: 83.2% (1610/1936)
[2025-11-18 13:43:04][INFO][Rank 0] - train Epoch 4/24: 83.7% (1620/1936)
[2025-11-18 13:43:04][INFO][Rank 0] - CUDA Memory [train][Step 1620]: Device 0: Allocated: 3309.6 MB, Reserved: 117540.0 MB (Δ: +1687.0 MB)
[2025-11-18 13:43:11][INFO][Rank 0] - train Epoch 4/24: 84.2% (1630/1936)
[2025-11-18 13:43:18][INFO][Rank 0] - train Epoch 4/24: 84.7% (1640/1936)
[2025-11-18 13:43:25][INFO][Rank 0] - train Epoch 4/24: 85.2% (1650/1936)
[2025-11-18 13:43:32][INFO][Rank 0] - train Epoch 4/24: 85.7% (1660/1936)
[2025-11-18 13:43:39][INFO][Rank 0] - train Epoch 4/24: 86.3% (1670/1936)
[2025-11-18 13:43:46][INFO][Rank 0] - train Epoch 4/24: 86.8% (1680/1936)
[2025-11-18 13:43:53][INFO][Rank 0] - train Epoch 4/24: 87.3% (1690/1936)
[2025-11-18 13:44:00][INFO][Rank 0] - train Epoch 4/24: 87.8% (1700/1936)
[2025-11-18 13:44:07][INFO][Rank 0] - train Epoch 4/24: 88.3% (1710/1936)
[2025-11-18 13:44:08][INFO][Rank 0] - CUDA Memory [train][Step 1710]: Device 0: Allocated: 3309.6 MB, Reserved: 117540.0 MB (Δ: +1687.0 MB)
[2025-11-18 13:44:14][INFO][Rank 0] - train Epoch 4/24: 88.8% (1720/1936)
[2025-11-18 13:44:21][INFO][Rank 0] - train Epoch 4/24: 89.4% (1730/1936)
[2025-11-18 13:44:28][INFO][Rank 0] - train Epoch 4/24: 89.9% (1740/1936)
[2025-11-18 13:44:35][INFO][Rank 0] - train Epoch 4/24: 90.4% (1750/1936)
[2025-11-18 13:44:42][INFO][Rank 0] - train Epoch 4/24: 90.9% (1760/1936)
[2025-11-18 13:44:50][INFO][Rank 0] - train Epoch 4/24: 91.4% (1770/1936)
[2025-11-18 13:44:57][INFO][Rank 0] - train Epoch 4/24: 91.9% (1780/1936)
[2025-11-18 13:45:04][INFO][Rank 0] - train Epoch 4/24: 92.5% (1790/1936)
[2025-11-18 13:45:11][INFO][Rank 0] - train Epoch 4/24: 93.0% (1800/1936)
[2025-11-18 13:45:11][INFO][Rank 0] - CUDA Memory [train][Step 1800]: Device 0: Allocated: 3309.6 MB, Reserved: 117540.0 MB (Δ: +1687.0 MB)
[2025-11-18 13:45:18][INFO][Rank 0] - train Epoch 4/24: 93.5% (1810/1936)
[2025-11-18 13:45:25][INFO][Rank 0] - train Epoch 4/24: 94.0% (1820/1936)
[2025-11-18 13:45:32][INFO][Rank 0] - train Epoch 4/24: 94.5% (1830/1936)
[2025-11-18 13:45:39][INFO][Rank 0] - train Epoch 4/24: 95.0% (1840/1936)
[2025-11-18 13:45:46][INFO][Rank 0] - train Epoch 4/24: 95.6% (1850/1936)
[2025-11-18 13:45:53][INFO][Rank 0] - train Epoch 4/24: 96.1% (1860/1936)
[2025-11-18 13:46:00][INFO][Rank 0] - train Epoch 4/24: 96.6% (1870/1936)
[2025-11-18 13:46:07][INFO][Rank 0] - train Epoch 4/24: 97.1% (1880/1936)
[2025-11-18 13:46:14][INFO][Rank 0] - train Epoch 4/24: 97.6% (1890/1936)
[2025-11-18 13:46:15][INFO][Rank 0] - CUDA Memory [train][Step 1890]: Device 0: Allocated: 3309.6 MB, Reserved: 117540.0 MB (Δ: +1687.0 MB)
[2025-11-18 13:46:21][INFO][Rank 0] - train Epoch 4/24: 98.1% (1900/1936)
[2025-11-18 13:46:28][INFO][Rank 0] - train Epoch 4/24: 98.7% (1910/1936)
[2025-11-18 13:46:35][INFO][Rank 0] - train Epoch 4/24: 99.2% (1920/1936)
[2025-11-18 13:46:42][INFO][Rank 0] - train Epoch 4/24: 99.7% (1930/1936)
[2025-11-18 13:46:46][INFO][Rank 0] - train Epoch 4/24: 99.9% (1935/1936)
[2025-11-18 13:46:47][INFO][Rank 0] - train Loss: 0.2074 Acc: 0.9798 F1: 0.9896
[2025-11-18 13:46:47][INFO][Rank 0] - train Balanced Acc: 0.8287 AUC-ROC: 0.9609
[2025-11-18 13:46:47][INFO][Rank 0] - train Sensitivity: 0.9880 Specificity: 0.6693
[2025-11-18 13:46:47][INFO][Rank 0] - train Confusion Matrix: TP=18632, FP=166, FN=226, TN=336
[2025-11-18 13:46:47][INFO][Rank 0] - train completed in 1366.79s
[2025-11-18 13:46:47][INFO][Rank 0] - Data loading time: 0.97s, Forward time: 278.42s, Backward time: 740.44s
[2025-11-18 13:46:47][INFO][Rank 0] - train cache: 0/1 items, hit rate: 0.00%
[2025-11-18 13:46:47][INFO][Rank 0] - CUDA Memory [val][Step 0]: Device 0: Allocated: 3309.6 MB, Reserved: 117540.0 MB (Δ: +1687.0 MB)
[2025-11-18 13:46:47][INFO][Rank 0] - val phase: total 418 batches
[2025-11-18 13:46:47][INFO][Rank 0] - val Epoch 4/24: 0.0% (0/418)
[2025-11-18 13:46:52][INFO][Rank 0] - val Epoch 4/24: 2.4% (10/418)
[2025-11-18 13:46:57][INFO][Rank 0] - val Epoch 4/24: 4.8% (20/418)
[2025-11-18 13:47:02][INFO][Rank 0] - val Epoch 4/24: 7.2% (30/418)
[2025-11-18 13:47:07][INFO][Rank 0] - val Epoch 4/24: 9.6% (40/418)
[2025-11-18 13:47:12][INFO][Rank 0] - val Epoch 4/24: 12.0% (50/418)
[2025-11-18 13:47:17][INFO][Rank 0] - val Epoch 4/24: 14.4% (60/418)
[2025-11-18 13:47:22][INFO][Rank 0] - val Epoch 4/24: 16.7% (70/418)
[2025-11-18 13:47:27][INFO][Rank 0] - val Epoch 4/24: 19.1% (80/418)
[2025-11-18 13:47:32][INFO][Rank 0] - val Epoch 4/24: 21.5% (90/418)
[2025-11-18 13:47:37][INFO][Rank 0] - val Epoch 4/24: 23.9% (100/418)
[2025-11-18 13:47:42][INFO][Rank 0] - val Epoch 4/24: 26.3% (110/418)
[2025-11-18 13:47:47][INFO][Rank 0] - val Epoch 4/24: 28.7% (120/418)
[2025-11-18 13:47:48][INFO][Rank 0] - CUDA Memory [val][Step 120]: Device 0: Allocated: 3309.6 MB, Reserved: 117540.0 MB (Δ: +1687.0 MB)
[2025-11-18 13:47:52][INFO][Rank 0] - val Epoch 4/24: 31.1% (130/418)
[2025-11-18 13:47:57][INFO][Rank 0] - val Epoch 4/24: 33.5% (140/418)
[2025-11-18 13:48:02][INFO][Rank 0] - val Epoch 4/24: 35.9% (150/418)
[2025-11-18 13:48:07][INFO][Rank 0] - val Epoch 4/24: 38.3% (160/418)
[2025-11-18 13:48:12][INFO][Rank 0] - val Epoch 4/24: 40.7% (170/418)
[2025-11-18 13:48:17][INFO][Rank 0] - val Epoch 4/24: 43.1% (180/418)
[2025-11-18 13:48:23][INFO][Rank 0] - val Epoch 4/24: 45.5% (190/418)
[2025-11-18 13:48:28][INFO][Rank 0] - val Epoch 4/24: 47.8% (200/418)
[2025-11-18 13:48:33][INFO][Rank 0] - val Epoch 4/24: 50.2% (210/418)
[2025-11-18 13:48:38][INFO][Rank 0] - val Epoch 4/24: 52.6% (220/418)
[2025-11-18 13:48:43][INFO][Rank 0] - val Epoch 4/24: 55.0% (230/418)
[2025-11-18 13:48:48][INFO][Rank 0] - val Epoch 4/24: 57.4% (240/418)
[2025-11-18 13:48:48][INFO][Rank 0] - CUDA Memory [val][Step 240]: Device 0: Allocated: 3309.6 MB, Reserved: 117540.0 MB (Δ: +1687.0 MB)
[2025-11-18 13:48:53][INFO][Rank 0] - val Epoch 4/24: 59.8% (250/418)
[2025-11-18 13:48:58][INFO][Rank 0] - val Epoch 4/24: 62.2% (260/418)
[2025-11-18 13:49:03][INFO][Rank 0] - val Epoch 4/24: 64.6% (270/418)
[2025-11-18 13:49:08][INFO][Rank 0] - val Epoch 4/24: 67.0% (280/418)
[2025-11-18 13:49:13][INFO][Rank 0] - val Epoch 4/24: 69.4% (290/418)
[2025-11-18 13:49:18][INFO][Rank 0] - val Epoch 4/24: 71.8% (300/418)
[2025-11-18 13:49:23][INFO][Rank 0] - val Epoch 4/24: 74.2% (310/418)
[2025-11-18 13:49:28][INFO][Rank 0] - val Epoch 4/24: 76.6% (320/418)
[2025-11-18 13:49:33][INFO][Rank 0] - val Epoch 4/24: 78.9% (330/418)
[2025-11-18 13:49:38][INFO][Rank 0] - val Epoch 4/24: 81.3% (340/418)
[2025-11-18 13:49:43][INFO][Rank 0] - val Epoch 4/24: 83.7% (350/418)
[2025-11-18 13:49:48][INFO][Rank 0] - val Epoch 4/24: 86.1% (360/418)
[2025-11-18 13:49:49][INFO][Rank 0] - CUDA Memory [val][Step 360]: Device 0: Allocated: 3309.6 MB, Reserved: 117540.0 MB (Δ: +1687.0 MB)
[2025-11-18 13:49:53][INFO][Rank 0] - val Epoch 4/24: 88.5% (370/418)
[2025-11-18 13:49:58][INFO][Rank 0] - val Epoch 4/24: 90.9% (380/418)
[2025-11-18 13:50:03][INFO][Rank 0] - val Epoch 4/24: 93.3% (390/418)
[2025-11-18 13:50:08][INFO][Rank 0] - val Epoch 4/24: 95.7% (400/418)
[2025-11-18 13:50:13][INFO][Rank 0] - val Epoch 4/24: 98.1% (410/418)
[2025-11-18 13:50:17][INFO][Rank 0] - val Epoch 4/24: 99.8% (417/418)
[2025-11-18 13:50:17][INFO][Rank 0] - val Loss: 0.1396 Acc: 0.9732 F1: 0.9862
[2025-11-18 13:50:17][INFO][Rank 0] - val Balanced Acc: 0.8099 AUC-ROC: 0.9756
[2025-11-18 13:50:17][INFO][Rank 0] - val Sensitivity: 0.9825 Specificity: 0.6372
[2025-11-18 13:50:17][INFO][Rank 0] - val Confusion Matrix: TP=3996, FP=41, FN=71, TN=72
[2025-11-18 13:50:17][INFO][Rank 0] - val completed in 210.63s
[2025-11-18 13:50:17][INFO][Rank 0] - val cache: 0/1 items, hit rate: 0.00%
[2025-11-18 13:50:22][INFO][Rank 0] - Saved new best balanced_acc model with balanced_acc: 0.8099 at /projects/retprogression/rgarridogarcia/checkpoints/cropped1024_cropped_centered_allR_4/best_balanced_acc_model.pth
[2025-11-18 13:50:27][INFO][Rank 0] - Also saved as general best model at /projects/retprogression/rgarridogarcia/checkpoints/cropped1024_cropped_centered_allR_4/best_model.pth
[2025-11-18 13:50:32][INFO][Rank 0] - Saved new best auc model with auc: 0.9756 at /projects/retprogression/rgarridogarcia/checkpoints/cropped1024_cropped_centered_allR_4/best_auc_model.pth
[2025-11-18 13:50:35][INFO][Rank 0] - Saved epoch checkpoint at /projects/retprogression/rgarridogarcia/checkpoints/cropped1024_cropped_centered_allR_4/epoch_4.pth
[2025-11-18 13:50:35][INFO][Rank 0] - Epoch 4 summary:
[2025-11-18 13:50:35][INFO][Rank 0] -  Train Loss: 0.2074, Train Acc: 0.9798, Train F1: 0.9896
[2025-11-18 13:50:35][INFO][Rank 0] -  Train Balanced Acc: 0.8287, Train AUC: 0.9609
[2025-11-18 13:50:35][INFO][Rank 0] -  Train Sensitivity: 0.9880, Train Specificity: 0.6693
[2025-11-18 13:50:35][INFO][Rank 0] -  Val Loss: 0.1396, Val Acc: 0.9732, Val F1: 0.9862
[2025-11-18 13:50:35][INFO][Rank 0] -  Val Balanced Acc: 0.8099, Val AUC: 0.9756
[2025-11-18 13:50:35][INFO][Rank 0] -  Val Sensitivity: 0.9825, Val Specificity: 0.6372
[2025-11-18 13:50:35][INFO][Rank 0] -  Total Epoch Time: 1595.32s
[2025-11-18 13:50:35][INFO][Rank 0] - Epoch 5/24
[2025-11-18 13:50:35][INFO][Rank 0] - ----------
[2025-11-18 13:50:35][INFO][Rank 0] - CUDA Memory [train][Step 0]: Device 0: Allocated: 3309.6 MB, Reserved: 117540.0 MB (Δ: +1687.0 MB)
[2025-11-18 13:50:35][INFO][Rank 0] - train phase: total 1936 batches
[2025-11-18 13:50:36][INFO][Rank 0] - train Epoch 5/24: 0.0% (0/1936)
[2025-11-18 13:50:43][INFO][Rank 0] - train Epoch 5/24: 0.5% (10/1936)
[2025-11-18 13:50:50][INFO][Rank 0] - train Epoch 5/24: 1.0% (20/1936)
[2025-11-18 13:50:57][INFO][Rank 0] - train Epoch 5/24: 1.5% (30/1936)
[2025-11-18 13:51:04][INFO][Rank 0] - train Epoch 5/24: 2.1% (40/1936)
[2025-11-18 13:51:11][INFO][Rank 0] - train Epoch 5/24: 2.6% (50/1936)
[2025-11-18 13:51:18][INFO][Rank 0] - train Epoch 5/24: 3.1% (60/1936)
[2025-11-18 13:51:25][INFO][Rank 0] - train Epoch 5/24: 3.6% (70/1936)
[2025-11-18 13:51:32][INFO][Rank 0] - train Epoch 5/24: 4.1% (80/1936)
[2025-11-18 13:51:39][INFO][Rank 0] - train Epoch 5/24: 4.6% (90/1936)
[2025-11-18 13:51:40][INFO][Rank 0] - CUDA Memory [train][Step 90]: Device 0: Allocated: 3309.6 MB, Reserved: 117540.0 MB (Δ: +1687.0 MB)
[2025-11-18 13:51:46][INFO][Rank 0] - train Epoch 5/24: 5.2% (100/1936)
[2025-11-18 13:51:53][INFO][Rank 0] - train Epoch 5/24: 5.7% (110/1936)
[2025-11-18 13:52:00][INFO][Rank 0] - train Epoch 5/24: 6.2% (120/1936)
[2025-11-18 13:52:07][INFO][Rank 0] - train Epoch 5/24: 6.7% (130/1936)
[2025-11-18 13:52:15][INFO][Rank 0] - train Epoch 5/24: 7.2% (140/1936)
[2025-11-18 13:52:22][INFO][Rank 0] - train Epoch 5/24: 7.7% (150/1936)
[2025-11-18 13:52:29][INFO][Rank 0] - train Epoch 5/24: 8.3% (160/1936)
[2025-11-18 13:52:36][INFO][Rank 0] - train Epoch 5/24: 8.8% (170/1936)
[2025-11-18 13:52:43][INFO][Rank 0] - train Epoch 5/24: 9.3% (180/1936)
[2025-11-18 13:52:43][INFO][Rank 0] - CUDA Memory [train][Step 180]: Device 0: Allocated: 3309.6 MB, Reserved: 117540.0 MB (Δ: +1687.0 MB)
[2025-11-18 13:52:50][INFO][Rank 0] - train Epoch 5/24: 9.8% (190/1936)
[2025-11-18 13:52:57][INFO][Rank 0] - train Epoch 5/24: 10.3% (200/1936)
[2025-11-18 13:53:04][INFO][Rank 0] - train Epoch 5/24: 10.8% (210/1936)
[2025-11-18 13:53:11][INFO][Rank 0] - train Epoch 5/24: 11.4% (220/1936)
[2025-11-18 13:53:18][INFO][Rank 0] - train Epoch 5/24: 11.9% (230/1936)
[2025-11-18 13:53:25][INFO][Rank 0] - train Epoch 5/24: 12.4% (240/1936)
[2025-11-18 13:53:32][INFO][Rank 0] - train Epoch 5/24: 12.9% (250/1936)
[2025-11-18 13:53:39][INFO][Rank 0] - train Epoch 5/24: 13.4% (260/1936)
[2025-11-18 13:53:46][INFO][Rank 0] - train Epoch 5/24: 13.9% (270/1936)
[2025-11-18 13:53:47][INFO][Rank 0] - CUDA Memory [train][Step 270]: Device 0: Allocated: 3309.6 MB, Reserved: 117540.0 MB (Δ: +1687.0 MB)
[2025-11-18 13:53:53][INFO][Rank 0] - train Epoch 5/24: 14.5% (280/1936)
[2025-11-18 13:54:00][INFO][Rank 0] - train Epoch 5/24: 15.0% (290/1936)
[2025-11-18 13:54:07][INFO][Rank 0] - train Epoch 5/24: 15.5% (300/1936)
[2025-11-18 13:54:15][INFO][Rank 0] - train Epoch 5/24: 16.0% (310/1936)
[2025-11-18 13:54:22][INFO][Rank 0] - train Epoch 5/24: 16.5% (320/1936)
[2025-11-18 13:54:29][INFO][Rank 0] - train Epoch 5/24: 17.0% (330/1936)
[2025-11-18 13:54:36][INFO][Rank 0] - train Epoch 5/24: 17.6% (340/1936)
[2025-11-18 13:54:43][INFO][Rank 0] - train Epoch 5/24: 18.1% (350/1936)
[2025-11-18 13:54:50][INFO][Rank 0] - train Epoch 5/24: 18.6% (360/1936)
[2025-11-18 13:54:50][INFO][Rank 0] - CUDA Memory [train][Step 360]: Device 0: Allocated: 3309.6 MB, Reserved: 117540.0 MB (Δ: +1687.0 MB)
[2025-11-18 13:54:57][INFO][Rank 0] - train Epoch 5/24: 19.1% (370/1936)
[2025-11-18 13:55:04][INFO][Rank 0] - train Epoch 5/24: 19.6% (380/1936)
[2025-11-18 13:55:11][INFO][Rank 0] - train Epoch 5/24: 20.1% (390/1936)
[2025-11-18 13:55:18][INFO][Rank 0] - train Epoch 5/24: 20.7% (400/1936)
[2025-11-18 13:55:25][INFO][Rank 0] - train Epoch 5/24: 21.2% (410/1936)
[2025-11-18 13:55:32][INFO][Rank 0] - train Epoch 5/24: 21.7% (420/1936)
[2025-11-18 13:55:39][INFO][Rank 0] - train Epoch 5/24: 22.2% (430/1936)
[2025-11-18 13:55:46][INFO][Rank 0] - train Epoch 5/24: 22.7% (440/1936)
[2025-11-18 13:55:53][INFO][Rank 0] - train Epoch 5/24: 23.2% (450/1936)
[2025-11-18 13:55:54][INFO][Rank 0] - CUDA Memory [train][Step 450]: Device 0: Allocated: 3309.6 MB, Reserved: 117540.0 MB (Δ: +1687.0 MB)
[2025-11-18 13:56:00][INFO][Rank 0] - train Epoch 5/24: 23.8% (460/1936)
[2025-11-18 13:56:07][INFO][Rank 0] - train Epoch 5/24: 24.3% (470/1936)
[2025-11-18 13:56:14][INFO][Rank 0] - train Epoch 5/24: 24.8% (480/1936)
[2025-11-18 13:56:22][INFO][Rank 0] - train Epoch 5/24: 25.3% (490/1936)
[2025-11-18 13:56:29][INFO][Rank 0] - train Epoch 5/24: 25.8% (500/1936)
[2025-11-18 13:56:36][INFO][Rank 0] - train Epoch 5/24: 26.3% (510/1936)
[2025-11-18 13:56:43][INFO][Rank 0] - train Epoch 5/24: 26.9% (520/1936)
[2025-11-18 13:56:50][INFO][Rank 0] - train Epoch 5/24: 27.4% (530/1936)
[2025-11-18 13:56:57][INFO][Rank 0] - train Epoch 5/24: 27.9% (540/1936)
[2025-11-18 13:56:58][INFO][Rank 0] - CUDA Memory [train][Step 540]: Device 0: Allocated: 3309.6 MB, Reserved: 117540.0 MB (Δ: +1687.0 MB)
[2025-11-18 13:57:04][INFO][Rank 0] - train Epoch 5/24: 28.4% (550/1936)
[2025-11-18 13:57:11][INFO][Rank 0] - train Epoch 5/24: 28.9% (560/1936)
[2025-11-18 13:57:18][INFO][Rank 0] - train Epoch 5/24: 29.4% (570/1936)
[2025-11-18 13:57:25][INFO][Rank 0] - train Epoch 5/24: 30.0% (580/1936)
[2025-11-18 13:57:32][INFO][Rank 0] - train Epoch 5/24: 30.5% (590/1936)
[2025-11-18 13:57:39][INFO][Rank 0] - train Epoch 5/24: 31.0% (600/1936)
[2025-11-18 13:57:46][INFO][Rank 0] - train Epoch 5/24: 31.5% (610/1936)
[2025-11-18 13:57:53][INFO][Rank 0] - train Epoch 5/24: 32.0% (620/1936)
[2025-11-18 13:58:00][INFO][Rank 0] - train Epoch 5/24: 32.5% (630/1936)
[2025-11-18 13:58:01][INFO][Rank 0] - CUDA Memory [train][Step 630]: Device 0: Allocated: 3309.6 MB, Reserved: 117540.0 MB (Δ: +1687.0 MB)
[2025-11-18 13:58:07][INFO][Rank 0] - train Epoch 5/24: 33.1% (640/1936)
[2025-11-18 13:58:14][INFO][Rank 0] - train Epoch 5/24: 33.6% (650/1936)
[2025-11-18 13:58:22][INFO][Rank 0] - train Epoch 5/24: 34.1% (660/1936)
[2025-11-18 13:58:29][INFO][Rank 0] - train Epoch 5/24: 34.6% (670/1936)
[2025-11-18 13:58:36][INFO][Rank 0] - train Epoch 5/24: 35.1% (680/1936)
[2025-11-18 13:58:43][INFO][Rank 0] - train Epoch 5/24: 35.6% (690/1936)
[2025-11-18 13:58:50][INFO][Rank 0] - train Epoch 5/24: 36.2% (700/1936)
[2025-11-18 13:58:57][INFO][Rank 0] - train Epoch 5/24: 36.7% (710/1936)
[2025-11-18 13:59:04][INFO][Rank 0] - train Epoch 5/24: 37.2% (720/1936)
[2025-11-18 13:59:05][INFO][Rank 0] - CUDA Memory [train][Step 720]: Device 0: Allocated: 3309.6 MB, Reserved: 117540.0 MB (Δ: +1687.0 MB)
[2025-11-18 13:59:11][INFO][Rank 0] - train Epoch 5/24: 37.7% (730/1936)
[2025-11-18 13:59:18][INFO][Rank 0] - train Epoch 5/24: 38.2% (740/1936)
[2025-11-18 13:59:25][INFO][Rank 0] - train Epoch 5/24: 38.7% (750/1936)
[2025-11-18 13:59:32][INFO][Rank 0] - train Epoch 5/24: 39.3% (760/1936)
[2025-11-18 13:59:39][INFO][Rank 0] - train Epoch 5/24: 39.8% (770/1936)
[2025-11-18 13:59:46][INFO][Rank 0] - train Epoch 5/24: 40.3% (780/1936)
[2025-11-18 13:59:53][INFO][Rank 0] - train Epoch 5/24: 40.8% (790/1936)
[2025-11-18 14:00:00][INFO][Rank 0] - train Epoch 5/24: 41.3% (800/1936)
[2025-11-18 14:00:07][INFO][Rank 0] - train Epoch 5/24: 41.8% (810/1936)
[2025-11-18 14:00:08][INFO][Rank 0] - CUDA Memory [train][Step 810]: Device 0: Allocated: 3309.6 MB, Reserved: 117540.0 MB (Δ: +1687.0 MB)
[2025-11-18 14:00:14][INFO][Rank 0] - train Epoch 5/24: 42.4% (820/1936)
[2025-11-18 14:00:22][INFO][Rank 0] - train Epoch 5/24: 42.9% (830/1936)
[2025-11-18 14:00:29][INFO][Rank 0] - train Epoch 5/24: 43.4% (840/1936)
[2025-11-18 14:00:36][INFO][Rank 0] - train Epoch 5/24: 43.9% (850/1936)
[2025-11-18 14:00:43][INFO][Rank 0] - train Epoch 5/24: 44.4% (860/1936)
[2025-11-18 14:00:50][INFO][Rank 0] - train Epoch 5/24: 44.9% (870/1936)
[2025-11-18 14:00:57][INFO][Rank 0] - train Epoch 5/24: 45.5% (880/1936)
[2025-11-18 14:01:04][INFO][Rank 0] - train Epoch 5/24: 46.0% (890/1936)
[2025-11-18 14:01:11][INFO][Rank 0] - train Epoch 5/24: 46.5% (900/1936)
[2025-11-18 14:01:12][INFO][Rank 0] - CUDA Memory [train][Step 900]: Device 0: Allocated: 3309.6 MB, Reserved: 117540.0 MB (Δ: +1687.0 MB)
[2025-11-18 14:01:18][INFO][Rank 0] - train Epoch 5/24: 47.0% (910/1936)
[2025-11-18 14:01:25][INFO][Rank 0] - train Epoch 5/24: 47.5% (920/1936)
[2025-11-18 14:01:32][INFO][Rank 0] - train Epoch 5/24: 48.0% (930/1936)
[2025-11-18 14:01:39][INFO][Rank 0] - train Epoch 5/24: 48.6% (940/1936)
[2025-11-18 14:01:46][INFO][Rank 0] - train Epoch 5/24: 49.1% (950/1936)
[2025-11-18 14:01:53][INFO][Rank 0] - train Epoch 5/24: 49.6% (960/1936)
[2025-11-18 14:02:00][INFO][Rank 0] - train Epoch 5/24: 50.1% (970/1936)
[2025-11-18 14:02:07][INFO][Rank 0] - train Epoch 5/24: 50.6% (980/1936)
[2025-11-18 14:02:14][INFO][Rank 0] - train Epoch 5/24: 51.1% (990/1936)
[2025-11-18 14:02:15][INFO][Rank 0] - CUDA Memory [train][Step 990]: Device 0: Allocated: 3309.6 MB, Reserved: 117540.0 MB (Δ: +1687.0 MB)
[2025-11-18 14:02:22][INFO][Rank 0] - train Epoch 5/24: 51.7% (1000/1936)
[2025-11-18 14:02:29][INFO][Rank 0] - train Epoch 5/24: 52.2% (1010/1936)
[2025-11-18 14:02:36][INFO][Rank 0] - train Epoch 5/24: 52.7% (1020/1936)
[2025-11-18 14:02:43][INFO][Rank 0] - train Epoch 5/24: 53.2% (1030/1936)
[2025-11-18 14:02:50][INFO][Rank 0] - train Epoch 5/24: 53.7% (1040/1936)
[2025-11-18 14:02:57][INFO][Rank 0] - train Epoch 5/24: 54.2% (1050/1936)
[2025-11-18 14:03:04][INFO][Rank 0] - train Epoch 5/24: 54.8% (1060/1936)
[2025-11-18 14:03:11][INFO][Rank 0] - train Epoch 5/24: 55.3% (1070/1936)
[2025-11-18 14:03:18][INFO][Rank 0] - train Epoch 5/24: 55.8% (1080/1936)
[2025-11-18 14:03:19][INFO][Rank 0] - CUDA Memory [train][Step 1080]: Device 0: Allocated: 3309.6 MB, Reserved: 117540.0 MB (Δ: +1687.0 MB)
[2025-11-18 14:03:25][INFO][Rank 0] - train Epoch 5/24: 56.3% (1090/1936)
[2025-11-18 14:03:32][INFO][Rank 0] - train Epoch 5/24: 56.8% (1100/1936)
[2025-11-18 14:03:39][INFO][Rank 0] - train Epoch 5/24: 57.3% (1110/1936)
[2025-11-18 14:03:46][INFO][Rank 0] - train Epoch 5/24: 57.9% (1120/1936)
[2025-11-18 14:03:53][INFO][Rank 0] - train Epoch 5/24: 58.4% (1130/1936)
[2025-11-18 14:04:00][INFO][Rank 0] - train Epoch 5/24: 58.9% (1140/1936)
[2025-11-18 14:04:07][INFO][Rank 0] - train Epoch 5/24: 59.4% (1150/1936)
[2025-11-18 14:04:15][INFO][Rank 0] - train Epoch 5/24: 59.9% (1160/1936)
[2025-11-18 14:04:22][INFO][Rank 0] - train Epoch 5/24: 60.4% (1170/1936)
[2025-11-18 14:04:22][INFO][Rank 0] - CUDA Memory [train][Step 1170]: Device 0: Allocated: 3309.6 MB, Reserved: 117540.0 MB (Δ: +1687.0 MB)
[2025-11-18 14:04:29][INFO][Rank 0] - train Epoch 5/24: 61.0% (1180/1936)
[2025-11-18 14:04:36][INFO][Rank 0] - train Epoch 5/24: 61.5% (1190/1936)
[2025-11-18 14:04:43][INFO][Rank 0] - train Epoch 5/24: 62.0% (1200/1936)
[2025-11-18 14:04:50][INFO][Rank 0] - train Epoch 5/24: 62.5% (1210/1936)
[2025-11-18 14:04:57][INFO][Rank 0] - train Epoch 5/24: 63.0% (1220/1936)
[2025-11-18 14:05:04][INFO][Rank 0] - train Epoch 5/24: 63.5% (1230/1936)
[2025-11-18 14:05:11][INFO][Rank 0] - train Epoch 5/24: 64.0% (1240/1936)
[2025-11-18 14:05:18][INFO][Rank 0] - train Epoch 5/24: 64.6% (1250/1936)
[2025-11-18 14:05:25][INFO][Rank 0] - train Epoch 5/24: 65.1% (1260/1936)
[2025-11-18 14:05:26][INFO][Rank 0] - CUDA Memory [train][Step 1260]: Device 0: Allocated: 3309.6 MB, Reserved: 117540.0 MB (Δ: +1687.0 MB)
[2025-11-18 14:05:32][INFO][Rank 0] - train Epoch 5/24: 65.6% (1270/1936)
[2025-11-18 14:05:39][INFO][Rank 0] - train Epoch 5/24: 66.1% (1280/1936)
[2025-11-18 14:05:46][INFO][Rank 0] - train Epoch 5/24: 66.6% (1290/1936)
[2025-11-18 14:05:53][INFO][Rank 0] - train Epoch 5/24: 67.1% (1300/1936)
[2025-11-18 14:06:00][INFO][Rank 0] - train Epoch 5/24: 67.7% (1310/1936)
[2025-11-18 14:06:07][INFO][Rank 0] - train Epoch 5/24: 68.2% (1320/1936)
[2025-11-18 14:06:15][INFO][Rank 0] - train Epoch 5/24: 68.7% (1330/1936)
[2025-11-18 14:06:22][INFO][Rank 0] - train Epoch 5/24: 69.2% (1340/1936)
[2025-11-18 14:06:29][INFO][Rank 0] - train Epoch 5/24: 69.7% (1350/1936)
[2025-11-18 14:06:29][INFO][Rank 0] - CUDA Memory [train][Step 1350]: Device 0: Allocated: 3309.6 MB, Reserved: 117540.0 MB (Δ: +1687.0 MB)
[2025-11-18 14:06:36][INFO][Rank 0] - train Epoch 5/24: 70.2% (1360/1936)
[2025-11-18 14:06:43][INFO][Rank 0] - train Epoch 5/24: 70.8% (1370/1936)
[2025-11-18 14:06:50][INFO][Rank 0] - train Epoch 5/24: 71.3% (1380/1936)
[2025-11-18 14:06:57][INFO][Rank 0] - train Epoch 5/24: 71.8% (1390/1936)
[2025-11-18 14:07:04][INFO][Rank 0] - train Epoch 5/24: 72.3% (1400/1936)
[2025-11-18 14:07:11][INFO][Rank 0] - train Epoch 5/24: 72.8% (1410/1936)
[2025-11-18 14:07:18][INFO][Rank 0] - train Epoch 5/24: 73.3% (1420/1936)
[2025-11-18 14:07:25][INFO][Rank 0] - train Epoch 5/24: 73.9% (1430/1936)
[2025-11-18 14:07:32][INFO][Rank 0] - train Epoch 5/24: 74.4% (1440/1936)
[2025-11-18 14:07:33][INFO][Rank 0] - CUDA Memory [train][Step 1440]: Device 0: Allocated: 3309.6 MB, Reserved: 117540.0 MB (Δ: +1687.0 MB)
[2025-11-18 14:07:39][INFO][Rank 0] - train Epoch 5/24: 74.9% (1450/1936)
[2025-11-18 14:07:46][INFO][Rank 0] - train Epoch 5/24: 75.4% (1460/1936)
[2025-11-18 14:07:53][INFO][Rank 0] - train Epoch 5/24: 75.9% (1470/1936)
[2025-11-18 14:08:00][INFO][Rank 0] - train Epoch 5/24: 76.4% (1480/1936)
[2025-11-18 14:08:07][INFO][Rank 0] - train Epoch 5/24: 77.0% (1490/1936)
[2025-11-18 14:08:15][INFO][Rank 0] - train Epoch 5/24: 77.5% (1500/1936)
[2025-11-18 14:08:22][INFO][Rank 0] - train Epoch 5/24: 78.0% (1510/1936)
[2025-11-18 14:08:29][INFO][Rank 0] - train Epoch 5/24: 78.5% (1520/1936)
[2025-11-18 14:08:36][INFO][Rank 0] - train Epoch 5/24: 79.0% (1530/1936)
[2025-11-18 14:08:36][INFO][Rank 0] - CUDA Memory [train][Step 1530]: Device 0: Allocated: 3309.6 MB, Reserved: 117540.0 MB (Δ: +1687.0 MB)
[2025-11-18 14:08:43][INFO][Rank 0] - train Epoch 5/24: 79.5% (1540/1936)
[2025-11-18 14:08:50][INFO][Rank 0] - train Epoch 5/24: 80.1% (1550/1936)
[2025-11-18 14:08:57][INFO][Rank 0] - train Epoch 5/24: 80.6% (1560/1936)
[2025-11-18 14:09:04][INFO][Rank 0] - train Epoch 5/24: 81.1% (1570/1936)
[2025-11-18 14:09:11][INFO][Rank 0] - train Epoch 5/24: 81.6% (1580/1936)
[2025-11-18 14:09:18][INFO][Rank 0] - train Epoch 5/24: 82.1% (1590/1936)
[2025-11-18 14:09:25][INFO][Rank 0] - train Epoch 5/24: 82.6% (1600/1936)
[2025-11-18 14:09:32][INFO][Rank 0] - train Epoch 5/24: 83.2% (1610/1936)
[2025-11-18 14:09:39][INFO][Rank 0] - train Epoch 5/24: 83.7% (1620/1936)
[2025-11-18 14:09:40][INFO][Rank 0] - CUDA Memory [train][Step 1620]: Device 0: Allocated: 3309.6 MB, Reserved: 117540.0 MB (Δ: +1687.0 MB)
[2025-11-18 14:09:46][INFO][Rank 0] - train Epoch 5/24: 84.2% (1630/1936)
[2025-11-18 14:09:53][INFO][Rank 0] - train Epoch 5/24: 84.7% (1640/1936)
[2025-11-18 14:10:00][INFO][Rank 0] - train Epoch 5/24: 85.2% (1650/1936)
[2025-11-18 14:10:07][INFO][Rank 0] - train Epoch 5/24: 85.7% (1660/1936)
[2025-11-18 14:10:14][INFO][Rank 0] - train Epoch 5/24: 86.3% (1670/1936)
[2025-11-18 14:10:22][INFO][Rank 0] - train Epoch 5/24: 86.8% (1680/1936)
[2025-11-18 14:10:29][INFO][Rank 0] - train Epoch 5/24: 87.3% (1690/1936)
[2025-11-18 14:10:36][INFO][Rank 0] - train Epoch 5/24: 87.8% (1700/1936)
[2025-11-18 14:10:43][INFO][Rank 0] - train Epoch 5/24: 88.3% (1710/1936)
[2025-11-18 14:10:43][INFO][Rank 0] - CUDA Memory [train][Step 1710]: Device 0: Allocated: 3309.6 MB, Reserved: 117540.0 MB (Δ: +1687.0 MB)
[2025-11-18 14:10:50][INFO][Rank 0] - train Epoch 5/24: 88.8% (1720/1936)
[2025-11-18 14:10:57][INFO][Rank 0] - train Epoch 5/24: 89.4% (1730/1936)
[2025-11-18 14:11:04][INFO][Rank 0] - train Epoch 5/24: 89.9% (1740/1936)
[2025-11-18 14:11:11][INFO][Rank 0] - train Epoch 5/24: 90.4% (1750/1936)
[2025-11-18 14:11:18][INFO][Rank 0] - train Epoch 5/24: 90.9% (1760/1936)
[2025-11-18 14:11:25][INFO][Rank 0] - train Epoch 5/24: 91.4% (1770/1936)
[2025-11-18 14:11:32][INFO][Rank 0] - train Epoch 5/24: 91.9% (1780/1936)
[2025-11-18 14:11:39][INFO][Rank 0] - train Epoch 5/24: 92.5% (1790/1936)
[2025-11-18 14:11:46][INFO][Rank 0] - train Epoch 5/24: 93.0% (1800/1936)
[2025-11-18 14:11:47][INFO][Rank 0] - CUDA Memory [train][Step 1800]: Device 0: Allocated: 3309.6 MB, Reserved: 117540.0 MB (Δ: +1687.0 MB)
[2025-11-18 14:11:53][INFO][Rank 0] - train Epoch 5/24: 93.5% (1810/1936)
[2025-11-18 14:12:00][INFO][Rank 0] - train Epoch 5/24: 94.0% (1820/1936)
[2025-11-18 14:12:07][INFO][Rank 0] - train Epoch 5/24: 94.5% (1830/1936)
[2025-11-18 14:12:14][INFO][Rank 0] - train Epoch 5/24: 95.0% (1840/1936)
[2025-11-18 14:12:22][INFO][Rank 0] - train Epoch 5/24: 95.6% (1850/1936)
[2025-11-18 14:12:29][INFO][Rank 0] - train Epoch 5/24: 96.1% (1860/1936)
[2025-11-18 14:12:36][INFO][Rank 0] - train Epoch 5/24: 96.6% (1870/1936)
[2025-11-18 14:12:43][INFO][Rank 0] - train Epoch 5/24: 97.1% (1880/1936)
[2025-11-18 14:12:50][INFO][Rank 0] - train Epoch 5/24: 97.6% (1890/1936)
[2025-11-18 14:12:50][INFO][Rank 0] - CUDA Memory [train][Step 1890]: Device 0: Allocated: 3309.6 MB, Reserved: 117540.0 MB (Δ: +1687.0 MB)
[2025-11-18 14:12:57][INFO][Rank 0] - train Epoch 5/24: 98.1% (1900/1936)
[2025-11-18 14:13:04][INFO][Rank 0] - train Epoch 5/24: 98.7% (1910/1936)
[2025-11-18 14:13:11][INFO][Rank 0] - train Epoch 5/24: 99.2% (1920/1936)
[2025-11-18 14:13:18][INFO][Rank 0] - train Epoch 5/24: 99.7% (1930/1936)
[2025-11-18 14:13:22][INFO][Rank 0] - train Epoch 5/24: 99.9% (1935/1936)
[2025-11-18 14:13:22][INFO][Rank 0] - train Loss: 0.1865 Acc: 0.9777 F1: 0.9885
[2025-11-18 14:13:22][INFO][Rank 0] - train Balanced Acc: 0.8538 AUC-ROC: 0.9621
[2025-11-18 14:13:22][INFO][Rank 0] - train Sensitivity: 0.9845 Specificity: 0.7231
[2025-11-18 14:13:22][INFO][Rank 0] - train Confusion Matrix: TP=18565, FP=139, FN=293, TN=363
[2025-11-18 14:13:22][INFO][Rank 0] - train completed in 1367.04s
[2025-11-18 14:13:22][INFO][Rank 0] - Data loading time: 1.18s, Forward time: 278.40s, Backward time: 740.52s
[2025-11-18 14:13:22][INFO][Rank 0] - train cache: 0/1 items, hit rate: 0.00%
[2025-11-18 14:13:22][INFO][Rank 0] - CUDA Memory [val][Step 0]: Device 0: Allocated: 3309.6 MB, Reserved: 117540.0 MB (Δ: +1687.0 MB)
[2025-11-18 14:13:22][INFO][Rank 0] - val phase: total 418 batches
[2025-11-18 14:13:23][INFO][Rank 0] - val Epoch 5/24: 0.0% (0/418)
[2025-11-18 14:13:28][INFO][Rank 0] - val Epoch 5/24: 2.4% (10/418)
[2025-11-18 14:13:33][INFO][Rank 0] - val Epoch 5/24: 4.8% (20/418)
[2025-11-18 14:13:38][INFO][Rank 0] - val Epoch 5/24: 7.2% (30/418)
[2025-11-18 14:13:43][INFO][Rank 0] - val Epoch 5/24: 9.6% (40/418)
[2025-11-18 14:13:48][INFO][Rank 0] - val Epoch 5/24: 12.0% (50/418)
[2025-11-18 14:13:53][INFO][Rank 0] - val Epoch 5/24: 14.4% (60/418)
[2025-11-18 14:13:58][INFO][Rank 0] - val Epoch 5/24: 16.7% (70/418)
[2025-11-18 14:14:03][INFO][Rank 0] - val Epoch 5/24: 19.1% (80/418)
[2025-11-18 14:14:08][INFO][Rank 0] - val Epoch 5/24: 21.5% (90/418)
[2025-11-18 14:14:13][INFO][Rank 0] - val Epoch 5/24: 23.9% (100/418)
[2025-11-18 14:14:18][INFO][Rank 0] - val Epoch 5/24: 26.3% (110/418)
[2025-11-18 14:14:23][INFO][Rank 0] - val Epoch 5/24: 28.7% (120/418)
[2025-11-18 14:14:24][INFO][Rank 0] - CUDA Memory [val][Step 120]: Device 0: Allocated: 3309.6 MB, Reserved: 117540.0 MB (Δ: +1687.0 MB)
[2025-11-18 14:14:28][INFO][Rank 0] - val Epoch 5/24: 31.1% (130/418)
[2025-11-18 14:14:33][INFO][Rank 0] - val Epoch 5/24: 33.5% (140/418)
[2025-11-18 14:14:38][INFO][Rank 0] - val Epoch 5/24: 35.9% (150/418)
[2025-11-18 14:14:43][INFO][Rank 0] - val Epoch 5/24: 38.3% (160/418)
[2025-11-18 14:14:48][INFO][Rank 0] - val Epoch 5/24: 40.7% (170/418)
[2025-11-18 14:14:53][INFO][Rank 0] - val Epoch 5/24: 43.1% (180/418)
[2025-11-18 14:14:58][INFO][Rank 0] - val Epoch 5/24: 45.5% (190/418)
[2025-11-18 14:15:03][INFO][Rank 0] - val Epoch 5/24: 47.8% (200/418)
[2025-11-18 14:15:08][INFO][Rank 0] - val Epoch 5/24: 50.2% (210/418)
[2025-11-18 14:15:13][INFO][Rank 0] - val Epoch 5/24: 52.6% (220/418)
[2025-11-18 14:15:18][INFO][Rank 0] - val Epoch 5/24: 55.0% (230/418)
[2025-11-18 14:15:23][INFO][Rank 0] - val Epoch 5/24: 57.4% (240/418)
[2025-11-18 14:15:24][INFO][Rank 0] - CUDA Memory [val][Step 240]: Device 0: Allocated: 3309.6 MB, Reserved: 117540.0 MB (Δ: +1687.0 MB)
[2025-11-18 14:15:28][INFO][Rank 0] - val Epoch 5/24: 59.8% (250/418)
[2025-11-18 14:15:34][INFO][Rank 0] - val Epoch 5/24: 62.2% (260/418)
[2025-11-18 14:15:39][INFO][Rank 0] - val Epoch 5/24: 64.6% (270/418)
[2025-11-18 14:15:44][INFO][Rank 0] - val Epoch 5/24: 67.0% (280/418)
[2025-11-18 14:15:49][INFO][Rank 0] - val Epoch 5/24: 69.4% (290/418)
[2025-11-18 14:15:54][INFO][Rank 0] - val Epoch 5/24: 71.8% (300/418)
[2025-11-18 14:15:59][INFO][Rank 0] - val Epoch 5/24: 74.2% (310/418)
[2025-11-18 14:16:04][INFO][Rank 0] - val Epoch 5/24: 76.6% (320/418)
[2025-11-18 14:16:09][INFO][Rank 0] - val Epoch 5/24: 78.9% (330/418)
[2025-11-18 14:16:14][INFO][Rank 0] - val Epoch 5/24: 81.3% (340/418)
[2025-11-18 14:16:19][INFO][Rank 0] - val Epoch 5/24: 83.7% (350/418)
[2025-11-18 14:16:24][INFO][Rank 0] - val Epoch 5/24: 86.1% (360/418)
[2025-11-18 14:16:24][INFO][Rank 0] - CUDA Memory [val][Step 360]: Device 0: Allocated: 3309.6 MB, Reserved: 117540.0 MB (Δ: +1687.0 MB)
[2025-11-18 14:16:29][INFO][Rank 0] - val Epoch 5/24: 88.5% (370/418)
[2025-11-18 14:16:34][INFO][Rank 0] - val Epoch 5/24: 90.9% (380/418)
[2025-11-18 14:16:39][INFO][Rank 0] - val Epoch 5/24: 93.3% (390/418)
[2025-11-18 14:16:44][INFO][Rank 0] - val Epoch 5/24: 95.7% (400/418)
[2025-11-18 14:16:49][INFO][Rank 0] - val Epoch 5/24: 98.1% (410/418)
[2025-11-18 14:16:53][INFO][Rank 0] - val Epoch 5/24: 99.8% (417/418)
[2025-11-18 14:16:53][INFO][Rank 0] - val Loss: 0.1277 Acc: 0.9737 F1: 0.9864
[2025-11-18 14:16:53][INFO][Rank 0] - val Balanced Acc: 0.8488 AUC-ROC: 0.9769
[2025-11-18 14:16:53][INFO][Rank 0] - val Sensitivity: 0.9808 Specificity: 0.7168
[2025-11-18 14:16:53][INFO][Rank 0] - val Confusion Matrix: TP=3989, FP=32, FN=78, TN=81
[2025-11-18 14:16:53][INFO][Rank 0] - val completed in 210.83s
[2025-11-18 14:16:53][INFO][Rank 0] - val cache: 0/1 items, hit rate: 0.00%
[2025-11-18 14:16:58][INFO][Rank 0] - Saved new best balanced_acc model with balanced_acc: 0.8488 at /projects/retprogression/rgarridogarcia/checkpoints/cropped1024_cropped_centered_allR_4/best_balanced_acc_model.pth
[2025-11-18 14:17:02][INFO][Rank 0] - Also saved as general best model at /projects/retprogression/rgarridogarcia/checkpoints/cropped1024_cropped_centered_allR_4/best_model.pth
[2025-11-18 14:17:06][INFO][Rank 0] - Saved new best auc model with auc: 0.9769 at /projects/retprogression/rgarridogarcia/checkpoints/cropped1024_cropped_centered_allR_4/best_auc_model.pth
[2025-11-18 14:17:09][INFO][Rank 0] - Saved epoch checkpoint at /projects/retprogression/rgarridogarcia/checkpoints/cropped1024_cropped_centered_allR_4/epoch_5.pth
[2025-11-18 14:17:09][INFO][Rank 0] - Epoch 5 summary:
[2025-11-18 14:17:09][INFO][Rank 0] -  Train Loss: 0.1865, Train Acc: 0.9777, Train F1: 0.9885
[2025-11-18 14:17:09][INFO][Rank 0] -  Train Balanced Acc: 0.8538, Train AUC: 0.9621
[2025-11-18 14:17:09][INFO][Rank 0] -  Train Sensitivity: 0.9845, Train Specificity: 0.7231
[2025-11-18 14:17:09][INFO][Rank 0] -  Val Loss: 0.1277, Val Acc: 0.9737, Val F1: 0.9864
[2025-11-18 14:17:09][INFO][Rank 0] -  Val Balanced Acc: 0.8488, Val AUC: 0.9769
[2025-11-18 14:17:09][INFO][Rank 0] -  Val Sensitivity: 0.9808, Val Specificity: 0.7168
[2025-11-18 14:17:09][INFO][Rank 0] -  Total Epoch Time: 1594.12s
[2025-11-18 14:17:09][INFO][Rank 0] - Epoch 6/24
[2025-11-18 14:17:09][INFO][Rank 0] - ----------
[2025-11-18 14:17:09][INFO][Rank 0] - CUDA Memory [train][Step 0]: Device 0: Allocated: 3309.6 MB, Reserved: 117540.0 MB (Δ: +1687.0 MB)
[2025-11-18 14:17:09][INFO][Rank 0] - train phase: total 1936 batches
[2025-11-18 14:17:10][INFO][Rank 0] - train Epoch 6/24: 0.0% (0/1936)
[2025-11-18 14:17:17][INFO][Rank 0] - train Epoch 6/24: 0.5% (10/1936)
[2025-11-18 14:17:24][INFO][Rank 0] - train Epoch 6/24: 1.0% (20/1936)
[2025-11-18 14:17:31][INFO][Rank 0] - train Epoch 6/24: 1.5% (30/1936)
[2025-11-18 14:17:38][INFO][Rank 0] - train Epoch 6/24: 2.1% (40/1936)
[2025-11-18 14:17:45][INFO][Rank 0] - train Epoch 6/24: 2.6% (50/1936)
[2025-11-18 14:17:52][INFO][Rank 0] - train Epoch 6/24: 3.1% (60/1936)
[2025-11-18 14:17:59][INFO][Rank 0] - train Epoch 6/24: 3.6% (70/1936)
[2025-11-18 14:18:06][INFO][Rank 0] - train Epoch 6/24: 4.1% (80/1936)
[2025-11-18 14:18:13][INFO][Rank 0] - train Epoch 6/24: 4.6% (90/1936)
[2025-11-18 14:18:14][INFO][Rank 0] - CUDA Memory [train][Step 90]: Device 0: Allocated: 3309.6 MB, Reserved: 117540.0 MB (Δ: +1687.0 MB)
[2025-11-18 14:18:20][INFO][Rank 0] - train Epoch 6/24: 5.2% (100/1936)
[2025-11-18 14:18:27][INFO][Rank 0] - train Epoch 6/24: 5.7% (110/1936)
[2025-11-18 14:18:34][INFO][Rank 0] - train Epoch 6/24: 6.2% (120/1936)
[2025-11-18 14:18:41][INFO][Rank 0] - train Epoch 6/24: 6.7% (130/1936)
[2025-11-18 14:18:49][INFO][Rank 0] - train Epoch 6/24: 7.2% (140/1936)
[2025-11-18 14:18:56][INFO][Rank 0] - train Epoch 6/24: 7.7% (150/1936)
[2025-11-18 14:19:03][INFO][Rank 0] - train Epoch 6/24: 8.3% (160/1936)
[2025-11-18 14:19:10][INFO][Rank 0] - train Epoch 6/24: 8.8% (170/1936)
[2025-11-18 14:19:17][INFO][Rank 0] - train Epoch 6/24: 9.3% (180/1936)
[2025-11-18 14:19:17][INFO][Rank 0] - CUDA Memory [train][Step 180]: Device 0: Allocated: 3309.6 MB, Reserved: 117540.0 MB (Δ: +1687.0 MB)
[2025-11-18 14:19:24][INFO][Rank 0] - train Epoch 6/24: 9.8% (190/1936)
[2025-11-18 14:19:31][INFO][Rank 0] - train Epoch 6/24: 10.3% (200/1936)
[2025-11-18 14:19:38][INFO][Rank 0] - train Epoch 6/24: 10.8% (210/1936)
[2025-11-18 14:19:45][INFO][Rank 0] - train Epoch 6/24: 11.4% (220/1936)
[2025-11-18 14:19:52][INFO][Rank 0] - train Epoch 6/24: 11.9% (230/1936)
[2025-11-18 14:19:59][INFO][Rank 0] - train Epoch 6/24: 12.4% (240/1936)
[2025-11-18 14:20:06][INFO][Rank 0] - train Epoch 6/24: 12.9% (250/1936)
[2025-11-18 14:20:13][INFO][Rank 0] - train Epoch 6/24: 13.4% (260/1936)
[2025-11-18 14:20:20][INFO][Rank 0] - train Epoch 6/24: 13.9% (270/1936)
[2025-11-18 14:20:21][INFO][Rank 0] - CUDA Memory [train][Step 270]: Device 0: Allocated: 3309.6 MB, Reserved: 117540.0 MB (Δ: +1687.0 MB)
[2025-11-18 14:20:27][INFO][Rank 0] - train Epoch 6/24: 14.5% (280/1936)
[2025-11-18 14:20:34][INFO][Rank 0] - train Epoch 6/24: 15.0% (290/1936)
[2025-11-18 14:20:41][INFO][Rank 0] - train Epoch 6/24: 15.5% (300/1936)
[2025-11-18 14:20:49][INFO][Rank 0] - train Epoch 6/24: 16.0% (310/1936)
[2025-11-18 14:20:56][INFO][Rank 0] - train Epoch 6/24: 16.5% (320/1936)
[2025-11-18 14:21:03][INFO][Rank 0] - train Epoch 6/24: 17.0% (330/1936)
[2025-11-18 14:21:10][INFO][Rank 0] - train Epoch 6/24: 17.6% (340/1936)
[2025-11-18 14:21:17][INFO][Rank 0] - train Epoch 6/24: 18.1% (350/1936)
[2025-11-18 14:21:24][INFO][Rank 0] - train Epoch 6/24: 18.6% (360/1936)
[2025-11-18 14:21:24][INFO][Rank 0] - CUDA Memory [train][Step 360]: Device 0: Allocated: 3309.6 MB, Reserved: 117540.0 MB (Δ: +1687.0 MB)
[2025-11-18 14:21:31][INFO][Rank 0] - train Epoch 6/24: 19.1% (370/1936)
[2025-11-18 14:21:38][INFO][Rank 0] - train Epoch 6/24: 19.6% (380/1936)
[2025-11-18 14:21:45][INFO][Rank 0] - train Epoch 6/24: 20.1% (390/1936)
[2025-11-18 14:21:52][INFO][Rank 0] - train Epoch 6/24: 20.7% (400/1936)
[2025-11-18 14:21:59][INFO][Rank 0] - train Epoch 6/24: 21.2% (410/1936)
[2025-11-18 14:22:06][INFO][Rank 0] - train Epoch 6/24: 21.7% (420/1936)
[2025-11-18 14:22:13][INFO][Rank 0] - train Epoch 6/24: 22.2% (430/1936)
[2025-11-18 14:22:20][INFO][Rank 0] - train Epoch 6/24: 22.7% (440/1936)
[2025-11-18 14:22:27][INFO][Rank 0] - train Epoch 6/24: 23.2% (450/1936)
[2025-11-18 14:22:28][INFO][Rank 0] - CUDA Memory [train][Step 450]: Device 0: Allocated: 3309.6 MB, Reserved: 117540.0 MB (Δ: +1687.0 MB)
[2025-11-18 14:22:34][INFO][Rank 0] - train Epoch 6/24: 23.8% (460/1936)
[2025-11-18 14:22:41][INFO][Rank 0] - train Epoch 6/24: 24.3% (470/1936)
[2025-11-18 14:22:48][INFO][Rank 0] - train Epoch 6/24: 24.8% (480/1936)
[2025-11-18 14:22:56][INFO][Rank 0] - train Epoch 6/24: 25.3% (490/1936)
[2025-11-18 14:23:03][INFO][Rank 0] - train Epoch 6/24: 25.8% (500/1936)
[2025-11-18 14:23:10][INFO][Rank 0] - train Epoch 6/24: 26.3% (510/1936)
[2025-11-18 14:23:17][INFO][Rank 0] - train Epoch 6/24: 26.9% (520/1936)
[2025-11-18 14:23:24][INFO][Rank 0] - train Epoch 6/24: 27.4% (530/1936)
[2025-11-18 14:23:31][INFO][Rank 0] - train Epoch 6/24: 27.9% (540/1936)
[2025-11-18 14:23:32][INFO][Rank 0] - CUDA Memory [train][Step 540]: Device 0: Allocated: 3309.6 MB, Reserved: 117540.0 MB (Δ: +1687.0 MB)
[2025-11-18 14:23:38][INFO][Rank 0] - train Epoch 6/24: 28.4% (550/1936)
[2025-11-18 14:23:45][INFO][Rank 0] - train Epoch 6/24: 28.9% (560/1936)
[2025-11-18 14:23:52][INFO][Rank 0] - train Epoch 6/24: 29.4% (570/1936)
[2025-11-18 14:23:59][INFO][Rank 0] - train Epoch 6/24: 30.0% (580/1936)
[2025-11-18 14:24:06][INFO][Rank 0] - train Epoch 6/24: 30.5% (590/1936)
[2025-11-18 14:24:13][INFO][Rank 0] - train Epoch 6/24: 31.0% (600/1936)
[2025-11-18 14:24:20][INFO][Rank 0] - train Epoch 6/24: 31.5% (610/1936)
[2025-11-18 14:24:27][INFO][Rank 0] - train Epoch 6/24: 32.0% (620/1936)
[2025-11-18 14:24:34][INFO][Rank 0] - train Epoch 6/24: 32.5% (630/1936)
[2025-11-18 14:24:35][INFO][Rank 0] - CUDA Memory [train][Step 630]: Device 0: Allocated: 3309.6 MB, Reserved: 117540.0 MB (Δ: +1687.0 MB)
[2025-11-18 14:24:41][INFO][Rank 0] - train Epoch 6/24: 33.1% (640/1936)
[2025-11-18 14:24:48][INFO][Rank 0] - train Epoch 6/24: 33.6% (650/1936)
[2025-11-18 14:24:56][INFO][Rank 0] - train Epoch 6/24: 34.1% (660/1936)
[2025-11-18 14:25:03][INFO][Rank 0] - train Epoch 6/24: 34.6% (670/1936)
[2025-11-18 14:25:10][INFO][Rank 0] - train Epoch 6/24: 35.1% (680/1936)
[2025-11-18 14:25:17][INFO][Rank 0] - train Epoch 6/24: 35.6% (690/1936)
[2025-11-18 14:25:24][INFO][Rank 0] - train Epoch 6/24: 36.2% (700/1936)
[2025-11-18 14:25:31][INFO][Rank 0] - train Epoch 6/24: 36.7% (710/1936)
[2025-11-18 14:25:38][INFO][Rank 0] - train Epoch 6/24: 37.2% (720/1936)
[2025-11-18 14:25:39][INFO][Rank 0] - CUDA Memory [train][Step 720]: Device 0: Allocated: 3309.6 MB, Reserved: 117540.0 MB (Δ: +1687.0 MB)
[2025-11-18 14:25:45][INFO][Rank 0] - train Epoch 6/24: 37.7% (730/1936)
[2025-11-18 14:25:52][INFO][Rank 0] - train Epoch 6/24: 38.2% (740/1936)
[2025-11-18 14:25:59][INFO][Rank 0] - train Epoch 6/24: 38.7% (750/1936)
[2025-11-18 14:26:06][INFO][Rank 0] - train Epoch 6/24: 39.3% (760/1936)
[2025-11-18 14:26:13][INFO][Rank 0] - train Epoch 6/24: 39.8% (770/1936)
[2025-11-18 14:26:20][INFO][Rank 0] - train Epoch 6/24: 40.3% (780/1936)
[2025-11-18 14:26:27][INFO][Rank 0] - train Epoch 6/24: 40.8% (790/1936)
[2025-11-18 14:26:34][INFO][Rank 0] - train Epoch 6/24: 41.3% (800/1936)
[2025-11-18 14:26:41][INFO][Rank 0] - train Epoch 6/24: 41.8% (810/1936)
[2025-11-18 14:26:42][INFO][Rank 0] - CUDA Memory [train][Step 810]: Device 0: Allocated: 3309.6 MB, Reserved: 117540.0 MB (Δ: +1687.0 MB)
[2025-11-18 14:26:48][INFO][Rank 0] - train Epoch 6/24: 42.4% (820/1936)
[2025-11-18 14:26:55][INFO][Rank 0] - train Epoch 6/24: 42.9% (830/1936)
[2025-11-18 14:27:03][INFO][Rank 0] - train Epoch 6/24: 43.4% (840/1936)
[2025-11-18 14:27:10][INFO][Rank 0] - train Epoch 6/24: 43.9% (850/1936)
[2025-11-18 14:27:17][INFO][Rank 0] - train Epoch 6/24: 44.4% (860/1936)
[2025-11-18 14:27:24][INFO][Rank 0] - train Epoch 6/24: 44.9% (870/1936)
[2025-11-18 14:27:31][INFO][Rank 0] - train Epoch 6/24: 45.5% (880/1936)
[2025-11-18 14:27:38][INFO][Rank 0] - train Epoch 6/24: 46.0% (890/1936)
[2025-11-18 14:27:45][INFO][Rank 0] - train Epoch 6/24: 46.5% (900/1936)
[2025-11-18 14:27:46][INFO][Rank 0] - CUDA Memory [train][Step 900]: Device 0: Allocated: 3309.6 MB, Reserved: 117540.0 MB (Δ: +1687.0 MB)
[2025-11-18 14:27:52][INFO][Rank 0] - train Epoch 6/24: 47.0% (910/1936)
[2025-11-18 14:27:59][INFO][Rank 0] - train Epoch 6/24: 47.5% (920/1936)
[2025-11-18 14:28:06][INFO][Rank 0] - train Epoch 6/24: 48.0% (930/1936)
[2025-11-18 14:28:13][INFO][Rank 0] - train Epoch 6/24: 48.6% (940/1936)
[2025-11-18 14:28:20][INFO][Rank 0] - train Epoch 6/24: 49.1% (950/1936)
[2025-11-18 14:28:27][INFO][Rank 0] - train Epoch 6/24: 49.6% (960/1936)
[2025-11-18 14:28:34][INFO][Rank 0] - train Epoch 6/24: 50.1% (970/1936)
[2025-11-18 14:28:41][INFO][Rank 0] - train Epoch 6/24: 50.6% (980/1936)
[2025-11-18 14:28:48][INFO][Rank 0] - train Epoch 6/24: 51.1% (990/1936)
[2025-11-18 14:28:49][INFO][Rank 0] - CUDA Memory [train][Step 990]: Device 0: Allocated: 3309.6 MB, Reserved: 117540.0 MB (Δ: +1687.0 MB)
[2025-11-18 14:28:55][INFO][Rank 0] - train Epoch 6/24: 51.7% (1000/1936)
[2025-11-18 14:29:03][INFO][Rank 0] - train Epoch 6/24: 52.2% (1010/1936)
[2025-11-18 14:29:10][INFO][Rank 0] - train Epoch 6/24: 52.7% (1020/1936)
[2025-11-18 14:29:17][INFO][Rank 0] - train Epoch 6/24: 53.2% (1030/1936)
[2025-11-18 14:29:24][INFO][Rank 0] - train Epoch 6/24: 53.7% (1040/1936)
[2025-11-18 14:29:31][INFO][Rank 0] - train Epoch 6/24: 54.2% (1050/1936)
[2025-11-18 14:29:38][INFO][Rank 0] - train Epoch 6/24: 54.8% (1060/1936)
[2025-11-18 14:29:45][INFO][Rank 0] - train Epoch 6/24: 55.3% (1070/1936)
[2025-11-18 14:29:52][INFO][Rank 0] - train Epoch 6/24: 55.8% (1080/1936)
[2025-11-18 14:29:53][INFO][Rank 0] - CUDA Memory [train][Step 1080]: Device 0: Allocated: 3309.6 MB, Reserved: 117540.0 MB (Δ: +1687.0 MB)
[2025-11-18 14:29:59][INFO][Rank 0] - train Epoch 6/24: 56.3% (1090/1936)
[2025-11-18 14:30:06][INFO][Rank 0] - train Epoch 6/24: 56.8% (1100/1936)
[2025-11-18 14:30:13][INFO][Rank 0] - train Epoch 6/24: 57.3% (1110/1936)
[2025-11-18 14:30:20][INFO][Rank 0] - train Epoch 6/24: 57.9% (1120/1936)
[2025-11-18 14:30:27][INFO][Rank 0] - train Epoch 6/24: 58.4% (1130/1936)
[2025-11-18 14:30:34][INFO][Rank 0] - train Epoch 6/24: 58.9% (1140/1936)
[2025-11-18 14:30:41][INFO][Rank 0] - train Epoch 6/24: 59.4% (1150/1936)
[2025-11-18 14:30:48][INFO][Rank 0] - train Epoch 6/24: 59.9% (1160/1936)
[2025-11-18 14:30:55][INFO][Rank 0] - train Epoch 6/24: 60.4% (1170/1936)
[2025-11-18 14:30:56][INFO][Rank 0] - CUDA Memory [train][Step 1170]: Device 0: Allocated: 3309.6 MB, Reserved: 117540.0 MB (Δ: +1687.0 MB)
[2025-11-18 14:31:03][INFO][Rank 0] - train Epoch 6/24: 61.0% (1180/1936)
[2025-11-18 14:31:10][INFO][Rank 0] - train Epoch 6/24: 61.5% (1190/1936)
[2025-11-18 14:31:17][INFO][Rank 0] - train Epoch 6/24: 62.0% (1200/1936)
[2025-11-18 14:31:24][INFO][Rank 0] - train Epoch 6/24: 62.5% (1210/1936)
[2025-11-18 14:31:31][INFO][Rank 0] - train Epoch 6/24: 63.0% (1220/1936)
[2025-11-18 14:31:38][INFO][Rank 0] - train Epoch 6/24: 63.5% (1230/1936)
[2025-11-18 14:31:45][INFO][Rank 0] - train Epoch 6/24: 64.0% (1240/1936)
[2025-11-18 14:31:52][INFO][Rank 0] - train Epoch 6/24: 64.6% (1250/1936)
[2025-11-18 14:31:59][INFO][Rank 0] - train Epoch 6/24: 65.1% (1260/1936)
[2025-11-18 14:32:00][INFO][Rank 0] - CUDA Memory [train][Step 1260]: Device 0: Allocated: 3309.6 MB, Reserved: 117540.0 MB (Δ: +1687.0 MB)
[2025-11-18 14:32:06][INFO][Rank 0] - train Epoch 6/24: 65.6% (1270/1936)
[2025-11-18 14:32:13][INFO][Rank 0] - train Epoch 6/24: 66.1% (1280/1936)
[2025-11-18 14:32:20][INFO][Rank 0] - train Epoch 6/24: 66.6% (1290/1936)
[2025-11-18 14:32:27][INFO][Rank 0] - train Epoch 6/24: 67.1% (1300/1936)
[2025-11-18 14:32:34][INFO][Rank 0] - train Epoch 6/24: 67.7% (1310/1936)
[2025-11-18 14:32:41][INFO][Rank 0] - train Epoch 6/24: 68.2% (1320/1936)
[2025-11-18 14:32:48][INFO][Rank 0] - train Epoch 6/24: 68.7% (1330/1936)
[2025-11-18 14:32:55][INFO][Rank 0] - train Epoch 6/24: 69.2% (1340/1936)
[2025-11-18 14:33:02][INFO][Rank 0] - train Epoch 6/24: 69.7% (1350/1936)
[2025-11-18 14:33:03][INFO][Rank 0] - CUDA Memory [train][Step 1350]: Device 0: Allocated: 3309.6 MB, Reserved: 117540.0 MB (Δ: +1687.0 MB)
[2025-11-18 14:33:10][INFO][Rank 0] - train Epoch 6/24: 70.2% (1360/1936)
[2025-11-18 14:33:17][INFO][Rank 0] - train Epoch 6/24: 70.8% (1370/1936)
[2025-11-18 14:33:24][INFO][Rank 0] - train Epoch 6/24: 71.3% (1380/1936)
[2025-11-18 14:33:31][INFO][Rank 0] - train Epoch 6/24: 71.8% (1390/1936)
[2025-11-18 14:33:38][INFO][Rank 0] - train Epoch 6/24: 72.3% (1400/1936)
[2025-11-18 14:33:45][INFO][Rank 0] - train Epoch 6/24: 72.8% (1410/1936)
[2025-11-18 14:33:52][INFO][Rank 0] - train Epoch 6/24: 73.3% (1420/1936)
[2025-11-18 14:33:59][INFO][Rank 0] - train Epoch 6/24: 73.9% (1430/1936)
[2025-11-18 14:34:06][INFO][Rank 0] - train Epoch 6/24: 74.4% (1440/1936)
[2025-11-18 14:34:07][INFO][Rank 0] - CUDA Memory [train][Step 1440]: Device 0: Allocated: 3309.6 MB, Reserved: 117540.0 MB (Δ: +1687.0 MB)
[2025-11-18 14:34:13][INFO][Rank 0] - train Epoch 6/24: 74.9% (1450/1936)
[2025-11-18 14:34:20][INFO][Rank 0] - train Epoch 6/24: 75.4% (1460/1936)
[2025-11-18 14:34:27][INFO][Rank 0] - train Epoch 6/24: 75.9% (1470/1936)
[2025-11-18 14:34:34][INFO][Rank 0] - train Epoch 6/24: 76.4% (1480/1936)
[2025-11-18 14:34:41][INFO][Rank 0] - train Epoch 6/24: 77.0% (1490/1936)
[2025-11-18 14:34:48][INFO][Rank 0] - train Epoch 6/24: 77.5% (1500/1936)
[2025-11-18 14:34:55][INFO][Rank 0] - train Epoch 6/24: 78.0% (1510/1936)
[2025-11-18 14:35:02][INFO][Rank 0] - train Epoch 6/24: 78.5% (1520/1936)
[2025-11-18 14:35:09][INFO][Rank 0] - train Epoch 6/24: 79.0% (1530/1936)
[2025-11-18 14:35:10][INFO][Rank 0] - CUDA Memory [train][Step 1530]: Device 0: Allocated: 3309.6 MB, Reserved: 117540.0 MB (Δ: +1687.0 MB)
[2025-11-18 14:35:17][INFO][Rank 0] - train Epoch 6/24: 79.5% (1540/1936)
[2025-11-18 14:35:24][INFO][Rank 0] - train Epoch 6/24: 80.1% (1550/1936)
[2025-11-18 14:35:31][INFO][Rank 0] - train Epoch 6/24: 80.6% (1560/1936)
[2025-11-18 14:35:38][INFO][Rank 0] - train Epoch 6/24: 81.1% (1570/1936)
[2025-11-18 14:35:45][INFO][Rank 0] - train Epoch 6/24: 81.6% (1580/1936)
[2025-11-18 14:35:52][INFO][Rank 0] - train Epoch 6/24: 82.1% (1590/1936)
[2025-11-18 14:35:59][INFO][Rank 0] - train Epoch 6/24: 82.6% (1600/1936)
[2025-11-18 14:36:06][INFO][Rank 0] - train Epoch 6/24: 83.2% (1610/1936)
[2025-11-18 14:36:13][INFO][Rank 0] - train Epoch 6/24: 83.7% (1620/1936)
[2025-11-18 14:36:14][INFO][Rank 0] - CUDA Memory [train][Step 1620]: Device 0: Allocated: 3309.6 MB, Reserved: 117540.0 MB (Δ: +1687.0 MB)
[2025-11-18 14:36:20][INFO][Rank 0] - train Epoch 6/24: 84.2% (1630/1936)
[2025-11-18 14:36:27][INFO][Rank 0] - train Epoch 6/24: 84.7% (1640/1936)
[2025-11-18 14:36:34][INFO][Rank 0] - train Epoch 6/24: 85.2% (1650/1936)
[2025-11-18 14:36:41][INFO][Rank 0] - train Epoch 6/24: 85.7% (1660/1936)
[2025-11-18 14:36:48][INFO][Rank 0] - train Epoch 6/24: 86.3% (1670/1936)
[2025-11-18 14:36:55][INFO][Rank 0] - train Epoch 6/24: 86.8% (1680/1936)
[2025-11-18 14:37:02][INFO][Rank 0] - train Epoch 6/24: 87.3% (1690/1936)
[2025-11-18 14:37:09][INFO][Rank 0] - train Epoch 6/24: 87.8% (1700/1936)
[2025-11-18 14:37:16][INFO][Rank 0] - train Epoch 6/24: 88.3% (1710/1936)
[2025-11-18 14:37:17][INFO][Rank 0] - CUDA Memory [train][Step 1710]: Device 0: Allocated: 3309.6 MB, Reserved: 117540.0 MB (Δ: +1687.0 MB)
[2025-11-18 14:37:24][INFO][Rank 0] - train Epoch 6/24: 88.8% (1720/1936)
[2025-11-18 14:37:31][INFO][Rank 0] - train Epoch 6/24: 89.4% (1730/1936)
[2025-11-18 14:37:38][INFO][Rank 0] - train Epoch 6/24: 89.9% (1740/1936)
[2025-11-18 14:37:45][INFO][Rank 0] - train Epoch 6/24: 90.4% (1750/1936)
[2025-11-18 14:37:52][INFO][Rank 0] - train Epoch 6/24: 90.9% (1760/1936)
[2025-11-18 14:37:59][INFO][Rank 0] - train Epoch 6/24: 91.4% (1770/1936)
[2025-11-18 14:38:06][INFO][Rank 0] - train Epoch 6/24: 91.9% (1780/1936)
[2025-11-18 14:38:13][INFO][Rank 0] - train Epoch 6/24: 92.5% (1790/1936)
[2025-11-18 14:38:20][INFO][Rank 0] - train Epoch 6/24: 93.0% (1800/1936)
[2025-11-18 14:38:21][INFO][Rank 0] - CUDA Memory [train][Step 1800]: Device 0: Allocated: 3309.6 MB, Reserved: 117540.0 MB (Δ: +1687.0 MB)
[2025-11-18 14:38:27][INFO][Rank 0] - train Epoch 6/24: 93.5% (1810/1936)
[2025-11-18 14:38:34][INFO][Rank 0] - train Epoch 6/24: 94.0% (1820/1936)
[2025-11-18 14:38:41][INFO][Rank 0] - train Epoch 6/24: 94.5% (1830/1936)
[2025-11-18 14:38:48][INFO][Rank 0] - train Epoch 6/24: 95.0% (1840/1936)
[2025-11-18 14:38:55][INFO][Rank 0] - train Epoch 6/24: 95.6% (1850/1936)
[2025-11-18 14:39:02][INFO][Rank 0] - train Epoch 6/24: 96.1% (1860/1936)
[2025-11-18 14:39:09][INFO][Rank 0] - train Epoch 6/24: 96.6% (1870/1936)
[2025-11-18 14:39:16][INFO][Rank 0] - train Epoch 6/24: 97.1% (1880/1936)
[2025-11-18 14:39:24][INFO][Rank 0] - train Epoch 6/24: 97.6% (1890/1936)
[2025-11-18 14:39:24][INFO][Rank 0] - CUDA Memory [train][Step 1890]: Device 0: Allocated: 3309.6 MB, Reserved: 117540.0 MB (Δ: +1687.0 MB)
[2025-11-18 14:39:31][INFO][Rank 0] - train Epoch 6/24: 98.1% (1900/1936)
[2025-11-18 14:39:38][INFO][Rank 0] - train Epoch 6/24: 98.7% (1910/1936)
[2025-11-18 14:39:45][INFO][Rank 0] - train Epoch 6/24: 99.2% (1920/1936)
[2025-11-18 14:39:52][INFO][Rank 0] - train Epoch 6/24: 99.7% (1930/1936)
[2025-11-18 14:39:55][INFO][Rank 0] - train Epoch 6/24: 99.9% (1935/1936)
[2025-11-18 14:39:56][INFO][Rank 0] - train Loss: 0.1780 Acc: 0.9749 F1: 0.9870
[2025-11-18 14:39:56][INFO][Rank 0] - train Balanced Acc: 0.8737 AUC-ROC: 0.9627
[2025-11-18 14:39:56][INFO][Rank 0] - train Sensitivity: 0.9804 Specificity: 0.7669
[2025-11-18 14:39:56][INFO][Rank 0] - train Confusion Matrix: TP=18489, FP=117, FN=369, TN=385
[2025-11-18 14:39:56][INFO][Rank 0] - train completed in 1366.67s
[2025-11-18 14:39:56][INFO][Rank 0] - Data loading time: 1.02s, Forward time: 278.35s, Backward time: 740.30s
[2025-11-18 14:39:56][INFO][Rank 0] - train cache: 0/1 items, hit rate: 0.00%
[2025-11-18 14:39:56][INFO][Rank 0] - CUDA Memory [val][Step 0]: Device 0: Allocated: 3309.6 MB, Reserved: 117540.0 MB (Δ: +1687.0 MB)
[2025-11-18 14:39:56][INFO][Rank 0] - val phase: total 418 batches
[2025-11-18 14:39:56][INFO][Rank 0] - val Epoch 6/24: 0.0% (0/418)
[2025-11-18 14:40:01][INFO][Rank 0] - val Epoch 6/24: 2.4% (10/418)
[2025-11-18 14:40:06][INFO][Rank 0] - val Epoch 6/24: 4.8% (20/418)
[2025-11-18 14:40:11][INFO][Rank 0] - val Epoch 6/24: 7.2% (30/418)
[2025-11-18 14:40:16][INFO][Rank 0] - val Epoch 6/24: 9.6% (40/418)
[2025-11-18 14:40:21][INFO][Rank 0] - val Epoch 6/24: 12.0% (50/418)
[2025-11-18 14:40:26][INFO][Rank 0] - val Epoch 6/24: 14.4% (60/418)
[2025-11-18 14:40:31][INFO][Rank 0] - val Epoch 6/24: 16.7% (70/418)
[2025-11-18 14:40:36][INFO][Rank 0] - val Epoch 6/24: 19.1% (80/418)
[2025-11-18 14:40:42][INFO][Rank 0] - val Epoch 6/24: 21.5% (90/418)
[2025-11-18 14:40:47][INFO][Rank 0] - val Epoch 6/24: 23.9% (100/418)
[2025-11-18 14:40:52][INFO][Rank 0] - val Epoch 6/24: 26.3% (110/418)
[2025-11-18 14:40:57][INFO][Rank 0] - val Epoch 6/24: 28.7% (120/418)
[2025-11-18 14:40:57][INFO][Rank 0] - CUDA Memory [val][Step 120]: Device 0: Allocated: 3309.6 MB, Reserved: 117540.0 MB (Δ: +1687.0 MB)
[2025-11-18 14:41:02][INFO][Rank 0] - val Epoch 6/24: 31.1% (130/418)
[2025-11-18 14:41:07][INFO][Rank 0] - val Epoch 6/24: 33.5% (140/418)
[2025-11-18 14:41:12][INFO][Rank 0] - val Epoch 6/24: 35.9% (150/418)
[2025-11-18 14:41:17][INFO][Rank 0] - val Epoch 6/24: 38.3% (160/418)
[2025-11-18 14:41:22][INFO][Rank 0] - val Epoch 6/24: 40.7% (170/418)
[2025-11-18 14:41:27][INFO][Rank 0] - val Epoch 6/24: 43.1% (180/418)
[2025-11-18 14:41:32][INFO][Rank 0] - val Epoch 6/24: 45.5% (190/418)
[2025-11-18 14:41:37][INFO][Rank 0] - val Epoch 6/24: 47.8% (200/418)
[2025-11-18 14:41:42][INFO][Rank 0] - val Epoch 6/24: 50.2% (210/418)
[2025-11-18 14:41:47][INFO][Rank 0] - val Epoch 6/24: 52.6% (220/418)
[2025-11-18 14:41:52][INFO][Rank 0] - val Epoch 6/24: 55.0% (230/418)
[2025-11-18 14:41:57][INFO][Rank 0] - val Epoch 6/24: 57.4% (240/418)
[2025-11-18 14:41:58][INFO][Rank 0] - CUDA Memory [val][Step 240]: Device 0: Allocated: 3309.6 MB, Reserved: 117540.0 MB (Δ: +1687.0 MB)
[2025-11-18 14:42:02][INFO][Rank 0] - val Epoch 6/24: 59.8% (250/418)
[2025-11-18 14:42:07][INFO][Rank 0] - val Epoch 6/24: 62.2% (260/418)
[2025-11-18 14:42:12][INFO][Rank 0] - val Epoch 6/24: 64.6% (270/418)
[2025-11-18 14:42:17][INFO][Rank 0] - val Epoch 6/24: 67.0% (280/418)
[2025-11-18 14:42:22][INFO][Rank 0] - val Epoch 6/24: 69.4% (290/418)
[2025-11-18 14:42:27][INFO][Rank 0] - val Epoch 6/24: 71.8% (300/418)
[2025-11-18 14:42:32][INFO][Rank 0] - val Epoch 6/24: 74.2% (310/418)
[2025-11-18 14:42:37][INFO][Rank 0] - val Epoch 6/24: 76.6% (320/418)
[2025-11-18 14:42:42][INFO][Rank 0] - val Epoch 6/24: 78.9% (330/418)
[2025-11-18 14:42:48][INFO][Rank 0] - val Epoch 6/24: 81.3% (340/418)
[2025-11-18 14:42:53][INFO][Rank 0] - val Epoch 6/24: 83.7% (350/418)
[2025-11-18 14:42:58][INFO][Rank 0] - val Epoch 6/24: 86.1% (360/418)
[2025-11-18 14:42:58][INFO][Rank 0] - CUDA Memory [val][Step 360]: Device 0: Allocated: 3309.6 MB, Reserved: 117540.0 MB (Δ: +1687.0 MB)
[2025-11-18 14:43:03][INFO][Rank 0] - val Epoch 6/24: 88.5% (370/418)
[2025-11-18 14:43:08][INFO][Rank 0] - val Epoch 6/24: 90.9% (380/418)
[2025-11-18 14:43:13][INFO][Rank 0] - val Epoch 6/24: 93.3% (390/418)
[2025-11-18 14:43:18][INFO][Rank 0] - val Epoch 6/24: 95.7% (400/418)
[2025-11-18 14:43:23][INFO][Rank 0] - val Epoch 6/24: 98.1% (410/418)
[2025-11-18 14:43:26][INFO][Rank 0] - val Epoch 6/24: 99.8% (417/418)
[2025-11-18 14:43:27][INFO][Rank 0] - val Loss: 0.1219 Acc: 0.9696 F1: 0.9842
[2025-11-18 14:43:27][INFO][Rank 0] - val Balanced Acc: 0.8682 AUC-ROC: 0.9776
[2025-11-18 14:43:27][INFO][Rank 0] - val Sensitivity: 0.9754 Specificity: 0.7611
[2025-11-18 14:43:27][INFO][Rank 0] - val Confusion Matrix: TP=3967, FP=27, FN=100, TN=86
[2025-11-18 14:43:27][INFO][Rank 0] - val completed in 210.79s
[2025-11-18 14:43:27][INFO][Rank 0] - val cache: 0/1 items, hit rate: 0.00%
[2025-11-18 14:43:31][INFO][Rank 0] - Saved new best balanced_acc model with balanced_acc: 0.8682 at /projects/retprogression/rgarridogarcia/checkpoints/cropped1024_cropped_centered_allR_4/best_balanced_acc_model.pth
[2025-11-18 14:43:34][INFO][Rank 0] - Also saved as general best model at /projects/retprogression/rgarridogarcia/checkpoints/cropped1024_cropped_centered_allR_4/best_model.pth
[2025-11-18 14:43:38][INFO][Rank 0] - Saved new best auc model with auc: 0.9776 at /projects/retprogression/rgarridogarcia/checkpoints/cropped1024_cropped_centered_allR_4/best_auc_model.pth
[2025-11-18 14:43:42][INFO][Rank 0] - Saved epoch checkpoint at /projects/retprogression/rgarridogarcia/checkpoints/cropped1024_cropped_centered_allR_4/epoch_6.pth
[2025-11-18 14:43:42][INFO][Rank 0] - Epoch 6 summary:
[2025-11-18 14:43:42][INFO][Rank 0] -  Train Loss: 0.1780, Train Acc: 0.9749, Train F1: 0.9870
[2025-11-18 14:43:42][INFO][Rank 0] -  Train Balanced Acc: 0.8737, Train AUC: 0.9627
[2025-11-18 14:43:42][INFO][Rank 0] -  Train Sensitivity: 0.9804, Train Specificity: 0.7669
[2025-11-18 14:43:42][INFO][Rank 0] -  Val Loss: 0.1219, Val Acc: 0.9696, Val F1: 0.9842
[2025-11-18 14:43:42][INFO][Rank 0] -  Val Balanced Acc: 0.8682, Val AUC: 0.9776
[2025-11-18 14:43:42][INFO][Rank 0] -  Val Sensitivity: 0.9754, Val Specificity: 0.7611
[2025-11-18 14:43:42][INFO][Rank 0] -  Total Epoch Time: 1592.39s
[2025-11-18 14:43:42][INFO][Rank 0] - Epoch 7/24
[2025-11-18 14:43:42][INFO][Rank 0] - ----------
[2025-11-18 14:43:42][INFO][Rank 0] - CUDA Memory [train][Step 0]: Device 0: Allocated: 3309.6 MB, Reserved: 117540.0 MB (Δ: +1687.0 MB)
[2025-11-18 14:43:42][INFO][Rank 0] - train phase: total 1936 batches
[2025-11-18 14:43:42][INFO][Rank 0] - train Epoch 7/24: 0.0% (0/1936)
[2025-11-18 14:43:49][INFO][Rank 0] - train Epoch 7/24: 0.5% (10/1936)
[2025-11-18 14:43:56][INFO][Rank 0] - train Epoch 7/24: 1.0% (20/1936)
[2025-11-18 14:44:03][INFO][Rank 0] - train Epoch 7/24: 1.5% (30/1936)
[2025-11-18 14:44:10][INFO][Rank 0] - train Epoch 7/24: 2.1% (40/1936)
[2025-11-18 14:44:17][INFO][Rank 0] - train Epoch 7/24: 2.6% (50/1936)
[2025-11-18 14:44:24][INFO][Rank 0] - train Epoch 7/24: 3.1% (60/1936)
[2025-11-18 14:44:32][INFO][Rank 0] - train Epoch 7/24: 3.6% (70/1936)
[2025-11-18 14:44:39][INFO][Rank 0] - train Epoch 7/24: 4.1% (80/1936)
[2025-11-18 14:44:46][INFO][Rank 0] - train Epoch 7/24: 4.6% (90/1936)
[2025-11-18 14:44:46][INFO][Rank 0] - CUDA Memory [train][Step 90]: Device 0: Allocated: 3309.6 MB, Reserved: 117540.0 MB (Δ: +1687.0 MB)
[2025-11-18 14:44:53][INFO][Rank 0] - train Epoch 7/24: 5.2% (100/1936)
[2025-11-18 14:45:00][INFO][Rank 0] - train Epoch 7/24: 5.7% (110/1936)
[2025-11-18 14:45:07][INFO][Rank 0] - train Epoch 7/24: 6.2% (120/1936)
[2025-11-18 14:45:14][INFO][Rank 0] - train Epoch 7/24: 6.7% (130/1936)
[2025-11-18 14:45:21][INFO][Rank 0] - train Epoch 7/24: 7.2% (140/1936)
[2025-11-18 14:45:28][INFO][Rank 0] - train Epoch 7/24: 7.7% (150/1936)
[2025-11-18 14:45:35][INFO][Rank 0] - train Epoch 7/24: 8.3% (160/1936)
[2025-11-18 14:45:42][INFO][Rank 0] - train Epoch 7/24: 8.8% (170/1936)
[2025-11-18 14:45:49][INFO][Rank 0] - train Epoch 7/24: 9.3% (180/1936)
[2025-11-18 14:45:50][INFO][Rank 0] - CUDA Memory [train][Step 180]: Device 0: Allocated: 3309.6 MB, Reserved: 117540.0 MB (Δ: +1687.0 MB)
[2025-11-18 14:45:56][INFO][Rank 0] - train Epoch 7/24: 9.8% (190/1936)
[2025-11-18 14:46:03][INFO][Rank 0] - train Epoch 7/24: 10.3% (200/1936)
[2025-11-18 14:46:10][INFO][Rank 0] - train Epoch 7/24: 10.8% (210/1936)
[2025-11-18 14:46:17][INFO][Rank 0] - train Epoch 7/24: 11.4% (220/1936)
[2025-11-18 14:46:25][INFO][Rank 0] - train Epoch 7/24: 11.9% (230/1936)
[2025-11-18 14:46:32][INFO][Rank 0] - train Epoch 7/24: 12.4% (240/1936)
[2025-11-18 14:46:39][INFO][Rank 0] - train Epoch 7/24: 12.9% (250/1936)
[2025-11-18 14:46:46][INFO][Rank 0] - train Epoch 7/24: 13.4% (260/1936)
[2025-11-18 14:46:53][INFO][Rank 0] - train Epoch 7/24: 13.9% (270/1936)
[2025-11-18 14:46:53][INFO][Rank 0] - CUDA Memory [train][Step 270]: Device 0: Allocated: 3309.6 MB, Reserved: 117540.0 MB (Δ: +1687.0 MB)
[2025-11-18 14:47:00][INFO][Rank 0] - train Epoch 7/24: 14.5% (280/1936)
[2025-11-18 14:47:07][INFO][Rank 0] - train Epoch 7/24: 15.0% (290/1936)
[2025-11-18 14:47:14][INFO][Rank 0] - train Epoch 7/24: 15.5% (300/1936)
[2025-11-18 14:47:21][INFO][Rank 0] - train Epoch 7/24: 16.0% (310/1936)
[2025-11-18 14:47:28][INFO][Rank 0] - train Epoch 7/24: 16.5% (320/1936)
[2025-11-18 14:47:35][INFO][Rank 0] - train Epoch 7/24: 17.0% (330/1936)
[2025-11-18 14:47:42][INFO][Rank 0] - train Epoch 7/24: 17.6% (340/1936)
[2025-11-18 14:47:49][INFO][Rank 0] - train Epoch 7/24: 18.1% (350/1936)
[2025-11-18 14:47:56][INFO][Rank 0] - train Epoch 7/24: 18.6% (360/1936)
[2025-11-18 14:47:57][INFO][Rank 0] - CUDA Memory [train][Step 360]: Device 0: Allocated: 3309.6 MB, Reserved: 117540.0 MB (Δ: +1687.0 MB)
[2025-11-18 14:48:03][INFO][Rank 0] - train Epoch 7/24: 19.1% (370/1936)
[2025-11-18 14:48:10][INFO][Rank 0] - train Epoch 7/24: 19.6% (380/1936)
[2025-11-18 14:48:17][INFO][Rank 0] - train Epoch 7/24: 20.1% (390/1936)
[2025-11-18 14:48:25][INFO][Rank 0] - train Epoch 7/24: 20.7% (400/1936)
[2025-11-18 14:48:32][INFO][Rank 0] - train Epoch 7/24: 21.2% (410/1936)
[2025-11-18 14:48:39][INFO][Rank 0] - train Epoch 7/24: 21.7% (420/1936)
[2025-11-18 14:48:46][INFO][Rank 0] - train Epoch 7/24: 22.2% (430/1936)
[2025-11-18 14:48:53][INFO][Rank 0] - train Epoch 7/24: 22.7% (440/1936)
[2025-11-18 14:49:00][INFO][Rank 0] - train Epoch 7/24: 23.2% (450/1936)
[2025-11-18 14:49:01][INFO][Rank 0] - CUDA Memory [train][Step 450]: Device 0: Allocated: 3309.6 MB, Reserved: 117540.0 MB (Δ: +1687.0 MB)
[2025-11-18 14:49:07][INFO][Rank 0] - train Epoch 7/24: 23.8% (460/1936)
[2025-11-18 14:49:14][INFO][Rank 0] - train Epoch 7/24: 24.3% (470/1936)
[2025-11-18 14:49:21][INFO][Rank 0] - train Epoch 7/24: 24.8% (480/1936)
[2025-11-18 14:49:28][INFO][Rank 0] - train Epoch 7/24: 25.3% (490/1936)
[2025-11-18 14:49:35][INFO][Rank 0] - train Epoch 7/24: 25.8% (500/1936)
[2025-11-18 14:49:42][INFO][Rank 0] - train Epoch 7/24: 26.3% (510/1936)
[2025-11-18 14:49:49][INFO][Rank 0] - train Epoch 7/24: 26.9% (520/1936)
[2025-11-18 14:49:56][INFO][Rank 0] - train Epoch 7/24: 27.4% (530/1936)
[2025-11-18 14:50:03][INFO][Rank 0] - train Epoch 7/24: 27.9% (540/1936)
[2025-11-18 14:50:04][INFO][Rank 0] - CUDA Memory [train][Step 540]: Device 0: Allocated: 3309.6 MB, Reserved: 117540.0 MB (Δ: +1687.0 MB)
[2025-11-18 14:50:10][INFO][Rank 0] - train Epoch 7/24: 28.4% (550/1936)
[2025-11-18 14:50:17][INFO][Rank 0] - train Epoch 7/24: 28.9% (560/1936)
[2025-11-18 14:50:25][INFO][Rank 0] - train Epoch 7/24: 29.4% (570/1936)
[2025-11-18 14:50:32][INFO][Rank 0] - train Epoch 7/24: 30.0% (580/1936)
[2025-11-18 14:50:39][INFO][Rank 0] - train Epoch 7/24: 30.5% (590/1936)
[2025-11-18 14:50:46][INFO][Rank 0] - train Epoch 7/24: 31.0% (600/1936)
[2025-11-18 14:50:53][INFO][Rank 0] - train Epoch 7/24: 31.5% (610/1936)
[2025-11-18 14:51:00][INFO][Rank 0] - train Epoch 7/24: 32.0% (620/1936)
[2025-11-18 14:51:07][INFO][Rank 0] - train Epoch 7/24: 32.5% (630/1936)
[2025-11-18 14:51:08][INFO][Rank 0] - CUDA Memory [train][Step 630]: Device 0: Allocated: 3309.6 MB, Reserved: 117540.0 MB (Δ: +1687.0 MB)
[2025-11-18 14:51:14][INFO][Rank 0] - train Epoch 7/24: 33.1% (640/1936)
[2025-11-18 14:51:21][INFO][Rank 0] - train Epoch 7/24: 33.6% (650/1936)
[2025-11-18 14:51:28][INFO][Rank 0] - train Epoch 7/24: 34.1% (660/1936)
[2025-11-18 14:51:35][INFO][Rank 0] - train Epoch 7/24: 34.6% (670/1936)
[2025-11-18 14:51:42][INFO][Rank 0] - train Epoch 7/24: 35.1% (680/1936)
[2025-11-18 14:51:49][INFO][Rank 0] - train Epoch 7/24: 35.6% (690/1936)
[2025-11-18 14:51:56][INFO][Rank 0] - train Epoch 7/24: 36.2% (700/1936)
[2025-11-18 14:52:03][INFO][Rank 0] - train Epoch 7/24: 36.7% (710/1936)
[2025-11-18 14:52:10][INFO][Rank 0] - train Epoch 7/24: 37.2% (720/1936)
[2025-11-18 14:52:11][INFO][Rank 0] - CUDA Memory [train][Step 720]: Device 0: Allocated: 3309.6 MB, Reserved: 117540.0 MB (Δ: +1687.0 MB)
[2025-11-18 14:52:17][INFO][Rank 0] - train Epoch 7/24: 37.7% (730/1936)
[2025-11-18 14:52:25][INFO][Rank 0] - train Epoch 7/24: 38.2% (740/1936)
[2025-11-18 14:52:32][INFO][Rank 0] - train Epoch 7/24: 38.7% (750/1936)
[2025-11-18 14:52:39][INFO][Rank 0] - train Epoch 7/24: 39.3% (760/1936)
[2025-11-18 14:52:46][INFO][Rank 0] - train Epoch 7/24: 39.8% (770/1936)
[2025-11-18 14:52:53][INFO][Rank 0] - train Epoch 7/24: 40.3% (780/1936)
[2025-11-18 14:53:00][INFO][Rank 0] - train Epoch 7/24: 40.8% (790/1936)
[2025-11-18 14:53:07][INFO][Rank 0] - train Epoch 7/24: 41.3% (800/1936)
[2025-11-18 14:53:14][INFO][Rank 0] - train Epoch 7/24: 41.8% (810/1936)
[2025-11-18 14:53:15][INFO][Rank 0] - CUDA Memory [train][Step 810]: Device 0: Allocated: 3309.6 MB, Reserved: 117540.0 MB (Δ: +1687.0 MB)
[2025-11-18 14:53:21][INFO][Rank 0] - train Epoch 7/24: 42.4% (820/1936)
[2025-11-18 14:53:28][INFO][Rank 0] - train Epoch 7/24: 42.9% (830/1936)
[2025-11-18 14:53:35][INFO][Rank 0] - train Epoch 7/24: 43.4% (840/1936)
[2025-11-18 14:53:42][INFO][Rank 0] - train Epoch 7/24: 43.9% (850/1936)
[2025-11-18 14:53:49][INFO][Rank 0] - train Epoch 7/24: 44.4% (860/1936)
[2025-11-18 14:53:56][INFO][Rank 0] - train Epoch 7/24: 44.9% (870/1936)
[2025-11-18 14:54:03][INFO][Rank 0] - train Epoch 7/24: 45.5% (880/1936)
[2025-11-18 14:54:10][INFO][Rank 0] - train Epoch 7/24: 46.0% (890/1936)
[2025-11-18 14:54:17][INFO][Rank 0] - train Epoch 7/24: 46.5% (900/1936)
[2025-11-18 14:54:18][INFO][Rank 0] - CUDA Memory [train][Step 900]: Device 0: Allocated: 3309.6 MB, Reserved: 117540.0 MB (Δ: +1687.0 MB)
[2025-11-18 14:54:24][INFO][Rank 0] - train Epoch 7/24: 47.0% (910/1936)
[2025-11-18 14:54:32][INFO][Rank 0] - train Epoch 7/24: 47.5% (920/1936)
[2025-11-18 14:54:39][INFO][Rank 0] - train Epoch 7/24: 48.0% (930/1936)
[2025-11-18 14:54:46][INFO][Rank 0] - train Epoch 7/24: 48.6% (940/1936)
[2025-11-18 14:54:53][INFO][Rank 0] - train Epoch 7/24: 49.1% (950/1936)
[2025-11-18 14:55:00][INFO][Rank 0] - train Epoch 7/24: 49.6% (960/1936)
[2025-11-18 14:55:07][INFO][Rank 0] - train Epoch 7/24: 50.1% (970/1936)
[2025-11-18 14:55:14][INFO][Rank 0] - train Epoch 7/24: 50.6% (980/1936)
[2025-11-18 14:55:21][INFO][Rank 0] - train Epoch 7/24: 51.1% (990/1936)
[2025-11-18 14:55:22][INFO][Rank 0] - CUDA Memory [train][Step 990]: Device 0: Allocated: 3309.6 MB, Reserved: 117540.0 MB (Δ: +1687.0 MB)
[2025-11-18 14:55:28][INFO][Rank 0] - train Epoch 7/24: 51.7% (1000/1936)
[2025-11-18 14:55:35][INFO][Rank 0] - train Epoch 7/24: 52.2% (1010/1936)
[2025-11-18 14:55:42][INFO][Rank 0] - train Epoch 7/24: 52.7% (1020/1936)
[2025-11-18 14:55:49][INFO][Rank 0] - train Epoch 7/24: 53.2% (1030/1936)
[2025-11-18 14:55:56][INFO][Rank 0] - train Epoch 7/24: 53.7% (1040/1936)
[2025-11-18 14:56:03][INFO][Rank 0] - train Epoch 7/24: 54.2% (1050/1936)
[2025-11-18 14:56:10][INFO][Rank 0] - train Epoch 7/24: 54.8% (1060/1936)
[2025-11-18 14:56:17][INFO][Rank 0] - train Epoch 7/24: 55.3% (1070/1936)
[2025-11-18 14:56:24][INFO][Rank 0] - train Epoch 7/24: 55.8% (1080/1936)
[2025-11-18 14:56:25][INFO][Rank 0] - CUDA Memory [train][Step 1080]: Device 0: Allocated: 3309.6 MB, Reserved: 117540.0 MB (Δ: +1687.0 MB)
[2025-11-18 14:56:32][INFO][Rank 0] - train Epoch 7/24: 56.3% (1090/1936)
[2025-11-18 14:56:39][INFO][Rank 0] - train Epoch 7/24: 56.8% (1100/1936)
[2025-11-18 14:56:46][INFO][Rank 0] - train Epoch 7/24: 57.3% (1110/1936)
[2025-11-18 14:56:53][INFO][Rank 0] - train Epoch 7/24: 57.9% (1120/1936)
[2025-11-18 14:57:00][INFO][Rank 0] - train Epoch 7/24: 58.4% (1130/1936)
[2025-11-18 14:57:07][INFO][Rank 0] - train Epoch 7/24: 58.9% (1140/1936)
[2025-11-18 14:57:14][INFO][Rank 0] - train Epoch 7/24: 59.4% (1150/1936)
[2025-11-18 14:57:21][INFO][Rank 0] - train Epoch 7/24: 59.9% (1160/1936)
[2025-11-18 14:57:28][INFO][Rank 0] - train Epoch 7/24: 60.4% (1170/1936)
[2025-11-18 14:57:29][INFO][Rank 0] - CUDA Memory [train][Step 1170]: Device 0: Allocated: 3309.6 MB, Reserved: 117540.0 MB (Δ: +1687.0 MB)
[2025-11-18 14:57:35][INFO][Rank 0] - train Epoch 7/24: 61.0% (1180/1936)
[2025-11-18 14:57:42][INFO][Rank 0] - train Epoch 7/24: 61.5% (1190/1936)
[2025-11-18 14:57:49][INFO][Rank 0] - train Epoch 7/24: 62.0% (1200/1936)
[2025-11-18 14:57:56][INFO][Rank 0] - train Epoch 7/24: 62.5% (1210/1936)
[2025-11-18 14:58:03][INFO][Rank 0] - train Epoch 7/24: 63.0% (1220/1936)
[2025-11-18 14:58:10][INFO][Rank 0] - train Epoch 7/24: 63.5% (1230/1936)
[2025-11-18 14:58:17][INFO][Rank 0] - train Epoch 7/24: 64.0% (1240/1936)
[2025-11-18 14:58:24][INFO][Rank 0] - train Epoch 7/24: 64.6% (1250/1936)
[2025-11-18 14:58:32][INFO][Rank 0] - train Epoch 7/24: 65.1% (1260/1936)
[2025-11-18 14:58:32][INFO][Rank 0] - CUDA Memory [train][Step 1260]: Device 0: Allocated: 3309.6 MB, Reserved: 117540.0 MB (Δ: +1687.0 MB)
[2025-11-18 14:58:39][INFO][Rank 0] - train Epoch 7/24: 65.6% (1270/1936)
[2025-11-18 14:58:46][INFO][Rank 0] - train Epoch 7/24: 66.1% (1280/1936)
[2025-11-18 14:58:53][INFO][Rank 0] - train Epoch 7/24: 66.6% (1290/1936)
[2025-11-18 14:59:00][INFO][Rank 0] - train Epoch 7/24: 67.1% (1300/1936)
[2025-11-18 14:59:07][INFO][Rank 0] - train Epoch 7/24: 67.7% (1310/1936)
[2025-11-18 14:59:14][INFO][Rank 0] - train Epoch 7/24: 68.2% (1320/1936)
[2025-11-18 14:59:21][INFO][Rank 0] - train Epoch 7/24: 68.7% (1330/1936)
[2025-11-18 14:59:28][INFO][Rank 0] - train Epoch 7/24: 69.2% (1340/1936)
[2025-11-18 14:59:35][INFO][Rank 0] - train Epoch 7/24: 69.7% (1350/1936)
[2025-11-18 14:59:36][INFO][Rank 0] - CUDA Memory [train][Step 1350]: Device 0: Allocated: 3309.6 MB, Reserved: 117540.0 MB (Δ: +1687.0 MB)
[2025-11-18 14:59:42][INFO][Rank 0] - train Epoch 7/24: 70.2% (1360/1936)
[2025-11-18 14:59:49][INFO][Rank 0] - train Epoch 7/24: 70.8% (1370/1936)
[2025-11-18 14:59:56][INFO][Rank 0] - train Epoch 7/24: 71.3% (1380/1936)
[2025-11-18 15:00:03][INFO][Rank 0] - train Epoch 7/24: 71.8% (1390/1936)
[2025-11-18 15:00:10][INFO][Rank 0] - train Epoch 7/24: 72.3% (1400/1936)
[2025-11-18 15:00:17][INFO][Rank 0] - train Epoch 7/24: 72.8% (1410/1936)
[2025-11-18 15:00:24][INFO][Rank 0] - train Epoch 7/24: 73.3% (1420/1936)
[2025-11-18 15:00:31][INFO][Rank 0] - train Epoch 7/24: 73.9% (1430/1936)
[2025-11-18 15:00:39][INFO][Rank 0] - train Epoch 7/24: 74.4% (1440/1936)
[2025-11-18 15:00:39][INFO][Rank 0] - CUDA Memory [train][Step 1440]: Device 0: Allocated: 3309.6 MB, Reserved: 117540.0 MB (Δ: +1687.0 MB)
[2025-11-18 15:00:46][INFO][Rank 0] - train Epoch 7/24: 74.9% (1450/1936)
[2025-11-18 15:00:53][INFO][Rank 0] - train Epoch 7/24: 75.4% (1460/1936)
[2025-11-18 15:01:00][INFO][Rank 0] - train Epoch 7/24: 75.9% (1470/1936)
[2025-11-18 15:01:07][INFO][Rank 0] - train Epoch 7/24: 76.4% (1480/1936)
[2025-11-18 15:01:14][INFO][Rank 0] - train Epoch 7/24: 77.0% (1490/1936)
[2025-11-18 15:01:21][INFO][Rank 0] - train Epoch 7/24: 77.5% (1500/1936)
[2025-11-18 15:01:28][INFO][Rank 0] - train Epoch 7/24: 78.0% (1510/1936)
[2025-11-18 15:01:35][INFO][Rank 0] - train Epoch 7/24: 78.5% (1520/1936)
[2025-11-18 15:01:42][INFO][Rank 0] - train Epoch 7/24: 79.0% (1530/1936)
[2025-11-18 15:01:43][INFO][Rank 0] - CUDA Memory [train][Step 1530]: Device 0: Allocated: 3309.6 MB, Reserved: 117540.0 MB (Δ: +1687.0 MB)
[2025-11-18 15:01:49][INFO][Rank 0] - train Epoch 7/24: 79.5% (1540/1936)
[2025-11-18 15:01:56][INFO][Rank 0] - train Epoch 7/24: 80.1% (1550/1936)
[2025-11-18 15:02:03][INFO][Rank 0] - train Epoch 7/24: 80.6% (1560/1936)
[2025-11-18 15:02:10][INFO][Rank 0] - train Epoch 7/24: 81.1% (1570/1936)
[2025-11-18 15:02:17][INFO][Rank 0] - train Epoch 7/24: 81.6% (1580/1936)
[2025-11-18 15:02:24][INFO][Rank 0] - train Epoch 7/24: 82.1% (1590/1936)
[2025-11-18 15:02:31][INFO][Rank 0] - train Epoch 7/24: 82.6% (1600/1936)
[2025-11-18 15:02:39][INFO][Rank 0] - train Epoch 7/24: 83.2% (1610/1936)
[2025-11-18 15:02:46][INFO][Rank 0] - train Epoch 7/24: 83.7% (1620/1936)
[2025-11-18 15:02:46][INFO][Rank 0] - CUDA Memory [train][Step 1620]: Device 0: Allocated: 3309.6 MB, Reserved: 117540.0 MB (Δ: +1687.0 MB)
[2025-11-18 15:02:53][INFO][Rank 0] - train Epoch 7/24: 84.2% (1630/1936)
[2025-11-18 15:03:00][INFO][Rank 0] - train Epoch 7/24: 84.7% (1640/1936)
[2025-11-18 15:03:07][INFO][Rank 0] - train Epoch 7/24: 85.2% (1650/1936)
[2025-11-18 15:03:14][INFO][Rank 0] - train Epoch 7/24: 85.7% (1660/1936)
[2025-11-18 15:03:21][INFO][Rank 0] - train Epoch 7/24: 86.3% (1670/1936)
[2025-11-18 15:03:28][INFO][Rank 0] - train Epoch 7/24: 86.8% (1680/1936)
[2025-11-18 15:03:35][INFO][Rank 0] - train Epoch 7/24: 87.3% (1690/1936)
[2025-11-18 15:03:42][INFO][Rank 0] - train Epoch 7/24: 87.8% (1700/1936)
[2025-11-18 15:03:49][INFO][Rank 0] - train Epoch 7/24: 88.3% (1710/1936)
[2025-11-18 15:03:50][INFO][Rank 0] - CUDA Memory [train][Step 1710]: Device 0: Allocated: 3309.6 MB, Reserved: 117540.0 MB (Δ: +1687.0 MB)
[2025-11-18 15:03:56][INFO][Rank 0] - train Epoch 7/24: 88.8% (1720/1936)
[2025-11-18 15:04:03][INFO][Rank 0] - train Epoch 7/24: 89.4% (1730/1936)
[2025-11-18 15:04:10][INFO][Rank 0] - train Epoch 7/24: 89.9% (1740/1936)
[2025-11-18 15:04:17][INFO][Rank 0] - train Epoch 7/24: 90.4% (1750/1936)
[2025-11-18 15:04:24][INFO][Rank 0] - train Epoch 7/24: 90.9% (1760/1936)
[2025-11-18 15:04:31][INFO][Rank 0] - train Epoch 7/24: 91.4% (1770/1936)
[2025-11-18 15:04:38][INFO][Rank 0] - train Epoch 7/24: 91.9% (1780/1936)
[2025-11-18 15:04:46][INFO][Rank 0] - train Epoch 7/24: 92.5% (1790/1936)
[2025-11-18 15:04:53][INFO][Rank 0] - train Epoch 7/24: 93.0% (1800/1936)
[2025-11-18 15:04:53][INFO][Rank 0] - CUDA Memory [train][Step 1800]: Device 0: Allocated: 3309.6 MB, Reserved: 117540.0 MB (Δ: +1687.0 MB)
[2025-11-18 15:05:00][INFO][Rank 0] - train Epoch 7/24: 93.5% (1810/1936)
[2025-11-18 15:05:07][INFO][Rank 0] - train Epoch 7/24: 94.0% (1820/1936)
[2025-11-18 15:05:14][INFO][Rank 0] - train Epoch 7/24: 94.5% (1830/1936)
[2025-11-18 15:05:21][INFO][Rank 0] - train Epoch 7/24: 95.0% (1840/1936)
[2025-11-18 15:05:28][INFO][Rank 0] - train Epoch 7/24: 95.6% (1850/1936)
[2025-11-18 15:05:35][INFO][Rank 0] - train Epoch 7/24: 96.1% (1860/1936)
[2025-11-18 15:05:42][INFO][Rank 0] - train Epoch 7/24: 96.6% (1870/1936)
[2025-11-18 15:05:49][INFO][Rank 0] - train Epoch 7/24: 97.1% (1880/1936)
[2025-11-18 15:05:56][INFO][Rank 0] - train Epoch 7/24: 97.6% (1890/1936)
[2025-11-18 15:05:57][INFO][Rank 0] - CUDA Memory [train][Step 1890]: Device 0: Allocated: 3309.6 MB, Reserved: 117540.0 MB (Δ: +1687.0 MB)
[2025-11-18 15:06:03][INFO][Rank 0] - train Epoch 7/24: 98.1% (1900/1936)
[2025-11-18 15:06:10][INFO][Rank 0] - train Epoch 7/24: 98.7% (1910/1936)
[2025-11-18 15:06:17][INFO][Rank 0] - train Epoch 7/24: 99.2% (1920/1936)
[2025-11-18 15:06:24][INFO][Rank 0] - train Epoch 7/24: 99.7% (1930/1936)
[2025-11-18 15:06:28][INFO][Rank 0] - train Epoch 7/24: 99.9% (1935/1936)
[2025-11-18 15:06:29][INFO][Rank 0] - train Loss: 0.1668 Acc: 0.9734 F1: 0.9862
[2025-11-18 15:06:29][INFO][Rank 0] - train Balanced Acc: 0.8875 AUC-ROC: 0.9649
[2025-11-18 15:06:29][INFO][Rank 0] - train Sensitivity: 0.9781 Specificity: 0.7968
[2025-11-18 15:06:29][INFO][Rank 0] - train Confusion Matrix: TP=18445, FP=102, FN=413, TN=400
[2025-11-18 15:06:29][INFO][Rank 0] - train completed in 1366.85s
[2025-11-18 15:06:29][INFO][Rank 0] - Data loading time: 1.07s, Forward time: 278.39s, Backward time: 740.13s
[2025-11-18 15:06:29][INFO][Rank 0] - train cache: 0/1 items, hit rate: 0.00%
[2025-11-18 15:06:29][INFO][Rank 0] - CUDA Memory [val][Step 0]: Device 0: Allocated: 3309.6 MB, Reserved: 117540.0 MB (Δ: +1687.0 MB)
[2025-11-18 15:06:29][INFO][Rank 0] - val phase: total 418 batches
[2025-11-18 15:06:29][INFO][Rank 0] - val Epoch 7/24: 0.0% (0/418)
[2025-11-18 15:06:34][INFO][Rank 0] - val Epoch 7/24: 2.4% (10/418)
[2025-11-18 15:06:39][INFO][Rank 0] - val Epoch 7/24: 4.8% (20/418)
[2025-11-18 15:06:44][INFO][Rank 0] - val Epoch 7/24: 7.2% (30/418)
[2025-11-18 15:06:49][INFO][Rank 0] - val Epoch 7/24: 9.6% (40/418)
[2025-11-18 15:06:54][INFO][Rank 0] - val Epoch 7/24: 12.0% (50/418)
[2025-11-18 15:06:59][INFO][Rank 0] - val Epoch 7/24: 14.4% (60/418)
[2025-11-18 15:07:04][INFO][Rank 0] - val Epoch 7/24: 16.7% (70/418)
[2025-11-18 15:07:09][INFO][Rank 0] - val Epoch 7/24: 19.1% (80/418)
[2025-11-18 15:07:14][INFO][Rank 0] - val Epoch 7/24: 21.5% (90/418)
[2025-11-18 15:07:19][INFO][Rank 0] - val Epoch 7/24: 23.9% (100/418)
[2025-11-18 15:07:24][INFO][Rank 0] - val Epoch 7/24: 26.3% (110/418)
[2025-11-18 15:07:29][INFO][Rank 0] - val Epoch 7/24: 28.7% (120/418)
[2025-11-18 15:07:30][INFO][Rank 0] - CUDA Memory [val][Step 120]: Device 0: Allocated: 3309.6 MB, Reserved: 117540.0 MB (Δ: +1687.0 MB)
[2025-11-18 15:07:34][INFO][Rank 0] - val Epoch 7/24: 31.1% (130/418)
[2025-11-18 15:07:39][INFO][Rank 0] - val Epoch 7/24: 33.5% (140/418)
[2025-11-18 15:07:44][INFO][Rank 0] - val Epoch 7/24: 35.9% (150/418)
[2025-11-18 15:07:49][INFO][Rank 0] - val Epoch 7/24: 38.3% (160/418)
[2025-11-18 15:07:55][INFO][Rank 0] - val Epoch 7/24: 40.7% (170/418)
[2025-11-18 15:08:00][INFO][Rank 0] - val Epoch 7/24: 43.1% (180/418)
[2025-11-18 15:08:05][INFO][Rank 0] - val Epoch 7/24: 45.5% (190/418)
[2025-11-18 15:08:10][INFO][Rank 0] - val Epoch 7/24: 47.8% (200/418)
[2025-11-18 15:08:15][INFO][Rank 0] - val Epoch 7/24: 50.2% (210/418)
[2025-11-18 15:08:20][INFO][Rank 0] - val Epoch 7/24: 52.6% (220/418)
[2025-11-18 15:08:25][INFO][Rank 0] - val Epoch 7/24: 55.0% (230/418)
[2025-11-18 15:08:30][INFO][Rank 0] - val Epoch 7/24: 57.4% (240/418)
[2025-11-18 15:08:30][INFO][Rank 0] - CUDA Memory [val][Step 240]: Device 0: Allocated: 3309.6 MB, Reserved: 117540.0 MB (Δ: +1687.0 MB)
[2025-11-18 15:08:35][INFO][Rank 0] - val Epoch 7/24: 59.8% (250/418)
[2025-11-18 15:08:40][INFO][Rank 0] - val Epoch 7/24: 62.2% (260/418)
[2025-11-18 15:08:45][INFO][Rank 0] - val Epoch 7/24: 64.6% (270/418)
[2025-11-18 15:08:50][INFO][Rank 0] - val Epoch 7/24: 67.0% (280/418)
[2025-11-18 15:08:55][INFO][Rank 0] - val Epoch 7/24: 69.4% (290/418)
[2025-11-18 15:09:00][INFO][Rank 0] - val Epoch 7/24: 71.8% (300/418)
[2025-11-18 15:09:05][INFO][Rank 0] - val Epoch 7/24: 74.2% (310/418)
[2025-11-18 15:09:10][INFO][Rank 0] - val Epoch 7/24: 76.6% (320/418)
[2025-11-18 15:09:15][INFO][Rank 0] - val Epoch 7/24: 78.9% (330/418)
[2025-11-18 15:09:20][INFO][Rank 0] - val Epoch 7/24: 81.3% (340/418)
[2025-11-18 15:09:25][INFO][Rank 0] - val Epoch 7/24: 83.7% (350/418)
[2025-11-18 15:09:30][INFO][Rank 0] - val Epoch 7/24: 86.1% (360/418)
[2025-11-18 15:09:31][INFO][Rank 0] - CUDA Memory [val][Step 360]: Device 0: Allocated: 3309.6 MB, Reserved: 117540.0 MB (Δ: +1687.0 MB)
[2025-11-18 15:09:35][INFO][Rank 0] - val Epoch 7/24: 88.5% (370/418)
[2025-11-18 15:09:40][INFO][Rank 0] - val Epoch 7/24: 90.9% (380/418)
[2025-11-18 15:09:45][INFO][Rank 0] - val Epoch 7/24: 93.3% (390/418)
[2025-11-18 15:09:50][INFO][Rank 0] - val Epoch 7/24: 95.7% (400/418)
[2025-11-18 15:09:55][INFO][Rank 0] - val Epoch 7/24: 98.1% (410/418)
[2025-11-18 15:09:59][INFO][Rank 0] - val Epoch 7/24: 99.8% (417/418)
[2025-11-18 15:10:00][INFO][Rank 0] - val Loss: 0.1147 Acc: 0.9739 F1: 0.9865
[2025-11-18 15:10:00][INFO][Rank 0] - val Balanced Acc: 0.8748 AUC-ROC: 0.9791
[2025-11-18 15:10:00][INFO][Rank 0] - val Sensitivity: 0.9796 Specificity: 0.7699
[2025-11-18 15:10:00][INFO][Rank 0] - val Confusion Matrix: TP=3984, FP=26, FN=83, TN=87
[2025-11-18 15:10:00][INFO][Rank 0] - val completed in 210.94s
[2025-11-18 15:10:00][INFO][Rank 0] - val cache: 0/1 items, hit rate: 0.00%
[2025-11-18 15:10:05][INFO][Rank 0] - Saved new best balanced_acc model with balanced_acc: 0.8748 at /projects/retprogression/rgarridogarcia/checkpoints/cropped1024_cropped_centered_allR_4/best_balanced_acc_model.pth
[2025-11-18 15:10:10][INFO][Rank 0] - Also saved as general best model at /projects/retprogression/rgarridogarcia/checkpoints/cropped1024_cropped_centered_allR_4/best_model.pth
[2025-11-18 15:10:15][INFO][Rank 0] - Saved new best auc model with auc: 0.9791 at /projects/retprogression/rgarridogarcia/checkpoints/cropped1024_cropped_centered_allR_4/best_auc_model.pth
[2025-11-18 15:10:19][INFO][Rank 0] - Saved epoch checkpoint at /projects/retprogression/rgarridogarcia/checkpoints/cropped1024_cropped_centered_allR_4/epoch_7.pth
[2025-11-18 15:10:19][INFO][Rank 0] - Epoch 7 summary:
[2025-11-18 15:10:19][INFO][Rank 0] -  Train Loss: 0.1668, Train Acc: 0.9734, Train F1: 0.9862
[2025-11-18 15:10:19][INFO][Rank 0] -  Train Balanced Acc: 0.8875, Train AUC: 0.9649
[2025-11-18 15:10:19][INFO][Rank 0] -  Train Sensitivity: 0.9781, Train Specificity: 0.7968
[2025-11-18 15:10:19][INFO][Rank 0] -  Val Loss: 0.1147, Val Acc: 0.9739, Val F1: 0.9865
[2025-11-18 15:10:19][INFO][Rank 0] -  Val Balanced Acc: 0.8748, Val AUC: 0.9791
[2025-11-18 15:10:19][INFO][Rank 0] -  Val Sensitivity: 0.9796, Val Specificity: 0.7699
[2025-11-18 15:10:19][INFO][Rank 0] -  Total Epoch Time: 1597.74s
[2025-11-18 15:10:19][INFO][Rank 0] - Epoch 8/24
[2025-11-18 15:10:19][INFO][Rank 0] - ----------
[2025-11-18 15:10:19][INFO][Rank 0] - CUDA Memory [train][Step 0]: Device 0: Allocated: 3309.6 MB, Reserved: 117540.0 MB (Δ: +1687.0 MB)
[2025-11-18 15:10:19][INFO][Rank 0] - train phase: total 1936 batches
[2025-11-18 15:10:20][INFO][Rank 0] - train Epoch 8/24: 0.0% (0/1936)
[2025-11-18 15:10:27][INFO][Rank 0] - train Epoch 8/24: 0.5% (10/1936)
[2025-11-18 15:10:34][INFO][Rank 0] - train Epoch 8/24: 1.0% (20/1936)
[2025-11-18 15:10:41][INFO][Rank 0] - train Epoch 8/24: 1.5% (30/1936)
[2025-11-18 15:10:48][INFO][Rank 0] - train Epoch 8/24: 2.1% (40/1936)
[2025-11-18 15:10:55][INFO][Rank 0] - train Epoch 8/24: 2.6% (50/1936)
[2025-11-18 15:11:02][INFO][Rank 0] - train Epoch 8/24: 3.1% (60/1936)
[2025-11-18 15:11:10][INFO][Rank 0] - train Epoch 8/24: 3.6% (70/1936)
[2025-11-18 15:11:17][INFO][Rank 0] - train Epoch 8/24: 4.1% (80/1936)
[2025-11-18 15:11:24][INFO][Rank 0] - train Epoch 8/24: 4.6% (90/1936)
[2025-11-18 15:11:24][INFO][Rank 0] - CUDA Memory [train][Step 90]: Device 0: Allocated: 3309.6 MB, Reserved: 117540.0 MB (Δ: +1687.0 MB)
[2025-11-18 15:11:31][INFO][Rank 0] - train Epoch 8/24: 5.2% (100/1936)
[2025-11-18 15:11:38][INFO][Rank 0] - train Epoch 8/24: 5.7% (110/1936)
[2025-11-18 15:11:45][INFO][Rank 0] - train Epoch 8/24: 6.2% (120/1936)
[2025-11-18 15:11:52][INFO][Rank 0] - train Epoch 8/24: 6.7% (130/1936)
[2025-11-18 15:11:59][INFO][Rank 0] - train Epoch 8/24: 7.2% (140/1936)
[2025-11-18 15:12:06][INFO][Rank 0] - train Epoch 8/24: 7.7% (150/1936)
[2025-11-18 15:12:13][INFO][Rank 0] - train Epoch 8/24: 8.3% (160/1936)
[2025-11-18 15:12:20][INFO][Rank 0] - train Epoch 8/24: 8.8% (170/1936)
[2025-11-18 15:12:27][INFO][Rank 0] - train Epoch 8/24: 9.3% (180/1936)
[2025-11-18 15:12:28][INFO][Rank 0] - CUDA Memory [train][Step 180]: Device 0: Allocated: 3309.6 MB, Reserved: 117540.0 MB (Δ: +1687.0 MB)
[2025-11-18 15:12:34][INFO][Rank 0] - train Epoch 8/24: 9.8% (190/1936)
[2025-11-18 15:12:41][INFO][Rank 0] - train Epoch 8/24: 10.3% (200/1936)
[2025-11-18 15:12:48][INFO][Rank 0] - train Epoch 8/24: 10.8% (210/1936)
[2025-11-18 15:12:55][INFO][Rank 0] - train Epoch 8/24: 11.4% (220/1936)
[2025-11-18 15:13:02][INFO][Rank 0] - train Epoch 8/24: 11.9% (230/1936)
[2025-11-18 15:13:09][INFO][Rank 0] - train Epoch 8/24: 12.4% (240/1936)
[2025-11-18 15:13:16][INFO][Rank 0] - train Epoch 8/24: 12.9% (250/1936)
[2025-11-18 15:13:24][INFO][Rank 0] - train Epoch 8/24: 13.4% (260/1936)
[2025-11-18 15:13:31][INFO][Rank 0] - train Epoch 8/24: 13.9% (270/1936)
[2025-11-18 15:13:31][INFO][Rank 0] - CUDA Memory [train][Step 270]: Device 0: Allocated: 3309.6 MB, Reserved: 117540.0 MB (Δ: +1687.0 MB)
[2025-11-18 15:13:38][INFO][Rank 0] - train Epoch 8/24: 14.5% (280/1936)
[2025-11-18 15:13:45][INFO][Rank 0] - train Epoch 8/24: 15.0% (290/1936)
[2025-11-18 15:13:52][INFO][Rank 0] - train Epoch 8/24: 15.5% (300/1936)
[2025-11-18 15:13:59][INFO][Rank 0] - train Epoch 8/24: 16.0% (310/1936)
[2025-11-18 15:14:06][INFO][Rank 0] - train Epoch 8/24: 16.5% (320/1936)
[2025-11-18 15:14:13][INFO][Rank 0] - train Epoch 8/24: 17.0% (330/1936)
[2025-11-18 15:14:20][INFO][Rank 0] - train Epoch 8/24: 17.6% (340/1936)
[2025-11-18 15:14:27][INFO][Rank 0] - train Epoch 8/24: 18.1% (350/1936)
[2025-11-18 15:14:34][INFO][Rank 0] - train Epoch 8/24: 18.6% (360/1936)
[2025-11-18 15:14:35][INFO][Rank 0] - CUDA Memory [train][Step 360]: Device 0: Allocated: 3309.6 MB, Reserved: 117540.0 MB (Δ: +1687.0 MB)
[2025-11-18 15:14:41][INFO][Rank 0] - train Epoch 8/24: 19.1% (370/1936)
[2025-11-18 15:14:48][INFO][Rank 0] - train Epoch 8/24: 19.6% (380/1936)
[2025-11-18 15:14:55][INFO][Rank 0] - train Epoch 8/24: 20.1% (390/1936)
[2025-11-18 15:15:02][INFO][Rank 0] - train Epoch 8/24: 20.7% (400/1936)
[2025-11-18 15:15:09][INFO][Rank 0] - train Epoch 8/24: 21.2% (410/1936)
[2025-11-18 15:15:16][INFO][Rank 0] - train Epoch 8/24: 21.7% (420/1936)
[2025-11-18 15:15:23][INFO][Rank 0] - train Epoch 8/24: 22.2% (430/1936)
[2025-11-18 15:15:30][INFO][Rank 0] - train Epoch 8/24: 22.7% (440/1936)
[2025-11-18 15:15:38][INFO][Rank 0] - train Epoch 8/24: 23.2% (450/1936)
[2025-11-18 15:15:38][INFO][Rank 0] - CUDA Memory [train][Step 450]: Device 0: Allocated: 3309.6 MB, Reserved: 117540.0 MB (Δ: +1687.0 MB)
[2025-11-18 15:15:45][INFO][Rank 0] - train Epoch 8/24: 23.8% (460/1936)
[2025-11-18 15:15:52][INFO][Rank 0] - train Epoch 8/24: 24.3% (470/1936)
[2025-11-18 15:15:59][INFO][Rank 0] - train Epoch 8/24: 24.8% (480/1936)
[2025-11-18 15:16:06][INFO][Rank 0] - train Epoch 8/24: 25.3% (490/1936)
[2025-11-18 15:16:13][INFO][Rank 0] - train Epoch 8/24: 25.8% (500/1936)
[2025-11-18 15:16:20][INFO][Rank 0] - train Epoch 8/24: 26.3% (510/1936)
[2025-11-18 15:16:27][INFO][Rank 0] - train Epoch 8/24: 26.9% (520/1936)
[2025-11-18 15:16:34][INFO][Rank 0] - train Epoch 8/24: 27.4% (530/1936)
[2025-11-18 15:16:41][INFO][Rank 0] - train Epoch 8/24: 27.9% (540/1936)
[2025-11-18 15:16:42][INFO][Rank 0] - CUDA Memory [train][Step 540]: Device 0: Allocated: 3309.6 MB, Reserved: 117540.0 MB (Δ: +1687.0 MB)
[2025-11-18 15:16:48][INFO][Rank 0] - train Epoch 8/24: 28.4% (550/1936)
[2025-11-18 15:16:55][INFO][Rank 0] - train Epoch 8/24: 28.9% (560/1936)
[2025-11-18 15:17:02][INFO][Rank 0] - train Epoch 8/24: 29.4% (570/1936)
[2025-11-18 15:17:09][INFO][Rank 0] - train Epoch 8/24: 30.0% (580/1936)
[2025-11-18 15:17:16][INFO][Rank 0] - train Epoch 8/24: 30.5% (590/1936)
[2025-11-18 15:17:23][INFO][Rank 0] - train Epoch 8/24: 31.0% (600/1936)
[2025-11-18 15:17:30][INFO][Rank 0] - train Epoch 8/24: 31.5% (610/1936)
[2025-11-18 15:17:37][INFO][Rank 0] - train Epoch 8/24: 32.0% (620/1936)
[2025-11-18 15:17:45][INFO][Rank 0] - train Epoch 8/24: 32.5% (630/1936)
[2025-11-18 15:17:45][INFO][Rank 0] - CUDA Memory [train][Step 630]: Device 0: Allocated: 3309.6 MB, Reserved: 117540.0 MB (Δ: +1687.0 MB)
[2025-11-18 15:17:52][INFO][Rank 0] - train Epoch 8/24: 33.1% (640/1936)
[2025-11-18 15:17:59][INFO][Rank 0] - train Epoch 8/24: 33.6% (650/1936)
[2025-11-18 15:18:06][INFO][Rank 0] - train Epoch 8/24: 34.1% (660/1936)
[2025-11-18 15:18:13][INFO][Rank 0] - train Epoch 8/24: 34.6% (670/1936)
[2025-11-18 15:18:20][INFO][Rank 0] - train Epoch 8/24: 35.1% (680/1936)
[2025-11-18 15:18:27][INFO][Rank 0] - train Epoch 8/24: 35.6% (690/1936)
[2025-11-18 15:18:34][INFO][Rank 0] - train Epoch 8/24: 36.2% (700/1936)
[2025-11-18 15:18:41][INFO][Rank 0] - train Epoch 8/24: 36.7% (710/1936)
[2025-11-18 15:18:48][INFO][Rank 0] - train Epoch 8/24: 37.2% (720/1936)
[2025-11-18 15:18:49][INFO][Rank 0] - CUDA Memory [train][Step 720]: Device 0: Allocated: 3309.6 MB, Reserved: 117540.0 MB (Δ: +1687.0 MB)
[2025-11-18 15:18:55][INFO][Rank 0] - train Epoch 8/24: 37.7% (730/1936)
[2025-11-18 15:19:02][INFO][Rank 0] - train Epoch 8/24: 38.2% (740/1936)
[2025-11-18 15:19:09][INFO][Rank 0] - train Epoch 8/24: 38.7% (750/1936)
[2025-11-18 15:19:16][INFO][Rank 0] - train Epoch 8/24: 39.3% (760/1936)
[2025-11-18 15:19:23][INFO][Rank 0] - train Epoch 8/24: 39.8% (770/1936)
[2025-11-18 15:19:30][INFO][Rank 0] - train Epoch 8/24: 40.3% (780/1936)
[2025-11-18 15:19:37][INFO][Rank 0] - train Epoch 8/24: 40.8% (790/1936)
[2025-11-18 15:19:44][INFO][Rank 0] - train Epoch 8/24: 41.3% (800/1936)
[2025-11-18 15:19:52][INFO][Rank 0] - train Epoch 8/24: 41.8% (810/1936)
[2025-11-18 15:19:52][INFO][Rank 0] - CUDA Memory [train][Step 810]: Device 0: Allocated: 3309.6 MB, Reserved: 117540.0 MB (Δ: +1687.0 MB)
[2025-11-18 15:19:59][INFO][Rank 0] - train Epoch 8/24: 42.4% (820/1936)
[2025-11-18 15:20:06][INFO][Rank 0] - train Epoch 8/24: 42.9% (830/1936)
[2025-11-18 15:20:13][INFO][Rank 0] - train Epoch 8/24: 43.4% (840/1936)
[2025-11-18 15:20:20][INFO][Rank 0] - train Epoch 8/24: 43.9% (850/1936)
[2025-11-18 15:20:27][INFO][Rank 0] - train Epoch 8/24: 44.4% (860/1936)
[2025-11-18 15:20:34][INFO][Rank 0] - train Epoch 8/24: 44.9% (870/1936)
[2025-11-18 15:20:41][INFO][Rank 0] - train Epoch 8/24: 45.5% (880/1936)
[2025-11-18 15:20:48][INFO][Rank 0] - train Epoch 8/24: 46.0% (890/1936)
[2025-11-18 15:20:55][INFO][Rank 0] - train Epoch 8/24: 46.5% (900/1936)
[2025-11-18 15:20:56][INFO][Rank 0] - CUDA Memory [train][Step 900]: Device 0: Allocated: 3309.6 MB, Reserved: 117540.0 MB (Δ: +1687.0 MB)
[2025-11-18 15:21:02][INFO][Rank 0] - train Epoch 8/24: 47.0% (910/1936)
[2025-11-18 15:21:09][INFO][Rank 0] - train Epoch 8/24: 47.5% (920/1936)
[2025-11-18 15:21:16][INFO][Rank 0] - train Epoch 8/24: 48.0% (930/1936)
[2025-11-18 15:21:23][INFO][Rank 0] - train Epoch 8/24: 48.6% (940/1936)
[2025-11-18 15:21:30][INFO][Rank 0] - train Epoch 8/24: 49.1% (950/1936)
[2025-11-18 15:21:37][INFO][Rank 0] - train Epoch 8/24: 49.6% (960/1936)
[2025-11-18 15:21:44][INFO][Rank 0] - train Epoch 8/24: 50.1% (970/1936)
[2025-11-18 15:21:51][INFO][Rank 0] - train Epoch 8/24: 50.6% (980/1936)
[2025-11-18 15:21:58][INFO][Rank 0] - train Epoch 8/24: 51.1% (990/1936)
[2025-11-18 15:21:59][INFO][Rank 0] - CUDA Memory [train][Step 990]: Device 0: Allocated: 3309.6 MB, Reserved: 117540.0 MB (Δ: +1687.0 MB)
[2025-11-18 15:22:06][INFO][Rank 0] - train Epoch 8/24: 51.7% (1000/1936)
[2025-11-18 15:22:13][INFO][Rank 0] - train Epoch 8/24: 52.2% (1010/1936)
[2025-11-18 15:22:20][INFO][Rank 0] - train Epoch 8/24: 52.7% (1020/1936)
[2025-11-18 15:22:27][INFO][Rank 0] - train Epoch 8/24: 53.2% (1030/1936)
[2025-11-18 15:22:34][INFO][Rank 0] - train Epoch 8/24: 53.7% (1040/1936)
[2025-11-18 15:22:41][INFO][Rank 0] - train Epoch 8/24: 54.2% (1050/1936)
[2025-11-18 15:22:48][INFO][Rank 0] - train Epoch 8/24: 54.8% (1060/1936)
[2025-11-18 15:22:55][INFO][Rank 0] - train Epoch 8/24: 55.3% (1070/1936)
[2025-11-18 15:23:02][INFO][Rank 0] - train Epoch 8/24: 55.8% (1080/1936)
[2025-11-18 15:23:03][INFO][Rank 0] - CUDA Memory [train][Step 1080]: Device 0: Allocated: 3309.6 MB, Reserved: 117540.0 MB (Δ: +1687.0 MB)
[2025-11-18 15:23:09][INFO][Rank 0] - train Epoch 8/24: 56.3% (1090/1936)
[2025-11-18 15:23:16][INFO][Rank 0] - train Epoch 8/24: 56.8% (1100/1936)
[2025-11-18 15:23:23][INFO][Rank 0] - train Epoch 8/24: 57.3% (1110/1936)
[2025-11-18 15:23:30][INFO][Rank 0] - train Epoch 8/24: 57.9% (1120/1936)
[2025-11-18 15:23:37][INFO][Rank 0] - train Epoch 8/24: 58.4% (1130/1936)
[2025-11-18 15:23:44][INFO][Rank 0] - train Epoch 8/24: 58.9% (1140/1936)
[2025-11-18 15:23:51][INFO][Rank 0] - train Epoch 8/24: 59.4% (1150/1936)
[2025-11-18 15:23:58][INFO][Rank 0] - train Epoch 8/24: 59.9% (1160/1936)
[2025-11-18 15:24:05][INFO][Rank 0] - train Epoch 8/24: 60.4% (1170/1936)
[2025-11-18 15:24:06][INFO][Rank 0] - CUDA Memory [train][Step 1170]: Device 0: Allocated: 3309.6 MB, Reserved: 117540.0 MB (Δ: +1687.0 MB)
[2025-11-18 15:24:13][INFO][Rank 0] - train Epoch 8/24: 61.0% (1180/1936)
[2025-11-18 15:24:20][INFO][Rank 0] - train Epoch 8/24: 61.5% (1190/1936)
[2025-11-18 15:24:27][INFO][Rank 0] - train Epoch 8/24: 62.0% (1200/1936)
[2025-11-18 15:24:34][INFO][Rank 0] - train Epoch 8/24: 62.5% (1210/1936)
[2025-11-18 15:24:41][INFO][Rank 0] - train Epoch 8/24: 63.0% (1220/1936)
[2025-11-18 15:24:48][INFO][Rank 0] - train Epoch 8/24: 63.5% (1230/1936)
[2025-11-18 15:24:55][INFO][Rank 0] - train Epoch 8/24: 64.0% (1240/1936)
[2025-11-18 15:25:02][INFO][Rank 0] - train Epoch 8/24: 64.6% (1250/1936)
[2025-11-18 15:25:09][INFO][Rank 0] - train Epoch 8/24: 65.1% (1260/1936)
[2025-11-18 15:25:10][INFO][Rank 0] - CUDA Memory [train][Step 1260]: Device 0: Allocated: 3309.6 MB, Reserved: 117540.0 MB (Δ: +1687.0 MB)
[2025-11-18 15:25:16][INFO][Rank 0] - train Epoch 8/24: 65.6% (1270/1936)
[2025-11-18 15:25:23][INFO][Rank 0] - train Epoch 8/24: 66.1% (1280/1936)
[2025-11-18 15:25:30][INFO][Rank 0] - train Epoch 8/24: 66.6% (1290/1936)
[2025-11-18 15:25:37][INFO][Rank 0] - train Epoch 8/24: 67.1% (1300/1936)
[2025-11-18 15:25:44][INFO][Rank 0] - train Epoch 8/24: 67.7% (1310/1936)
[2025-11-18 15:25:51][INFO][Rank 0] - train Epoch 8/24: 68.2% (1320/1936)
[2025-11-18 15:25:58][INFO][Rank 0] - train Epoch 8/24: 68.7% (1330/1936)
[2025-11-18 15:26:05][INFO][Rank 0] - train Epoch 8/24: 69.2% (1340/1936)
[2025-11-18 15:26:13][INFO][Rank 0] - train Epoch 8/24: 69.7% (1350/1936)
[2025-11-18 15:26:13][INFO][Rank 0] - CUDA Memory [train][Step 1350]: Device 0: Allocated: 3309.6 MB, Reserved: 117540.0 MB (Δ: +1687.0 MB)
[2025-11-18 15:26:20][INFO][Rank 0] - train Epoch 8/24: 70.2% (1360/1936)
[2025-11-18 15:26:27][INFO][Rank 0] - train Epoch 8/24: 70.8% (1370/1936)
[2025-11-18 15:26:34][INFO][Rank 0] - train Epoch 8/24: 71.3% (1380/1936)
[2025-11-18 15:26:41][INFO][Rank 0] - train Epoch 8/24: 71.8% (1390/1936)
[2025-11-18 15:26:48][INFO][Rank 0] - train Epoch 8/24: 72.3% (1400/1936)
[2025-11-18 15:26:55][INFO][Rank 0] - train Epoch 8/24: 72.8% (1410/1936)
[2025-11-18 15:27:02][INFO][Rank 0] - train Epoch 8/24: 73.3% (1420/1936)
[2025-11-18 15:27:09][INFO][Rank 0] - train Epoch 8/24: 73.9% (1430/1936)
[2025-11-18 15:27:16][INFO][Rank 0] - train Epoch 8/24: 74.4% (1440/1936)
[2025-11-18 15:27:17][INFO][Rank 0] - CUDA Memory [train][Step 1440]: Device 0: Allocated: 3309.6 MB, Reserved: 117540.0 MB (Δ: +1687.0 MB)
[2025-11-18 15:27:23][INFO][Rank 0] - train Epoch 8/24: 74.9% (1450/1936)
[2025-11-18 15:27:30][INFO][Rank 0] - train Epoch 8/24: 75.4% (1460/1936)
[2025-11-18 15:27:37][INFO][Rank 0] - train Epoch 8/24: 75.9% (1470/1936)
[2025-11-18 15:27:44][INFO][Rank 0] - train Epoch 8/24: 76.4% (1480/1936)
[2025-11-18 15:27:51][INFO][Rank 0] - train Epoch 8/24: 77.0% (1490/1936)
[2025-11-18 15:27:58][INFO][Rank 0] - train Epoch 8/24: 77.5% (1500/1936)
[2025-11-18 15:28:05][INFO][Rank 0] - train Epoch 8/24: 78.0% (1510/1936)
[2025-11-18 15:28:12][INFO][Rank 0] - train Epoch 8/24: 78.5% (1520/1936)
[2025-11-18 15:28:20][INFO][Rank 0] - train Epoch 8/24: 79.0% (1530/1936)
[2025-11-18 15:28:20][INFO][Rank 0] - CUDA Memory [train][Step 1530]: Device 0: Allocated: 3309.6 MB, Reserved: 117540.0 MB (Δ: +1687.0 MB)
[2025-11-18 15:28:27][INFO][Rank 0] - train Epoch 8/24: 79.5% (1540/1936)
[2025-11-18 15:28:34][INFO][Rank 0] - train Epoch 8/24: 80.1% (1550/1936)
[2025-11-18 15:28:41][INFO][Rank 0] - train Epoch 8/24: 80.6% (1560/1936)
[2025-11-18 15:28:48][INFO][Rank 0] - train Epoch 8/24: 81.1% (1570/1936)
[2025-11-18 15:28:55][INFO][Rank 0] - train Epoch 8/24: 81.6% (1580/1936)
[2025-11-18 15:29:02][INFO][Rank 0] - train Epoch 8/24: 82.1% (1590/1936)
[2025-11-18 15:29:09][INFO][Rank 0] - train Epoch 8/24: 82.6% (1600/1936)
[2025-11-18 15:29:16][INFO][Rank 0] - train Epoch 8/24: 83.2% (1610/1936)
[2025-11-18 15:29:23][INFO][Rank 0] - train Epoch 8/24: 83.7% (1620/1936)
[2025-11-18 15:29:24][INFO][Rank 0] - CUDA Memory [train][Step 1620]: Device 0: Allocated: 3309.6 MB, Reserved: 117540.0 MB (Δ: +1687.0 MB)
[2025-11-18 15:29:30][INFO][Rank 0] - train Epoch 8/24: 84.2% (1630/1936)
[2025-11-18 15:29:37][INFO][Rank 0] - train Epoch 8/24: 84.7% (1640/1936)
[2025-11-18 15:29:44][INFO][Rank 0] - train Epoch 8/24: 85.2% (1650/1936)
[2025-11-18 15:29:51][INFO][Rank 0] - train Epoch 8/24: 85.7% (1660/1936)
[2025-11-18 15:29:58][INFO][Rank 0] - train Epoch 8/24: 86.3% (1670/1936)
[2025-11-18 15:30:05][INFO][Rank 0] - train Epoch 8/24: 86.8% (1680/1936)
[2025-11-18 15:30:12][INFO][Rank 0] - train Epoch 8/24: 87.3% (1690/1936)
[2025-11-18 15:30:19][INFO][Rank 0] - train Epoch 8/24: 87.8% (1700/1936)
[2025-11-18 15:30:26][INFO][Rank 0] - train Epoch 8/24: 88.3% (1710/1936)
[2025-11-18 15:30:27][INFO][Rank 0] - CUDA Memory [train][Step 1710]: Device 0: Allocated: 3309.6 MB, Reserved: 117540.0 MB (Δ: +1687.0 MB)
[2025-11-18 15:30:34][INFO][Rank 0] - train Epoch 8/24: 88.8% (1720/1936)
[2025-11-18 15:30:41][INFO][Rank 0] - train Epoch 8/24: 89.4% (1730/1936)
[2025-11-18 15:30:48][INFO][Rank 0] - train Epoch 8/24: 89.9% (1740/1936)
[2025-11-18 15:30:55][INFO][Rank 0] - train Epoch 8/24: 90.4% (1750/1936)
[2025-11-18 15:31:02][INFO][Rank 0] - train Epoch 8/24: 90.9% (1760/1936)
[2025-11-18 15:31:09][INFO][Rank 0] - train Epoch 8/24: 91.4% (1770/1936)
[2025-11-18 15:31:16][INFO][Rank 0] - train Epoch 8/24: 91.9% (1780/1936)
[2025-11-18 15:31:23][INFO][Rank 0] - train Epoch 8/24: 92.5% (1790/1936)
[2025-11-18 15:31:30][INFO][Rank 0] - train Epoch 8/24: 93.0% (1800/1936)
[2025-11-18 15:31:31][INFO][Rank 0] - CUDA Memory [train][Step 1800]: Device 0: Allocated: 3309.6 MB, Reserved: 117540.0 MB (Δ: +1687.0 MB)
[2025-11-18 15:31:37][INFO][Rank 0] - train Epoch 8/24: 93.5% (1810/1936)
[2025-11-18 15:31:44][INFO][Rank 0] - train Epoch 8/24: 94.0% (1820/1936)
[2025-11-18 15:31:51][INFO][Rank 0] - train Epoch 8/24: 94.5% (1830/1936)
[2025-11-18 15:31:58][INFO][Rank 0] - train Epoch 8/24: 95.0% (1840/1936)
[2025-11-18 15:32:05][INFO][Rank 0] - train Epoch 8/24: 95.6% (1850/1936)
[2025-11-18 15:32:12][INFO][Rank 0] - train Epoch 8/24: 96.1% (1860/1936)
[2025-11-18 15:32:19][INFO][Rank 0] - train Epoch 8/24: 96.6% (1870/1936)
[2025-11-18 15:32:26][INFO][Rank 0] - train Epoch 8/24: 97.1% (1880/1936)
[2025-11-18 15:32:33][INFO][Rank 0] - train Epoch 8/24: 97.6% (1890/1936)
[2025-11-18 15:32:34][INFO][Rank 0] - CUDA Memory [train][Step 1890]: Device 0: Allocated: 3309.6 MB, Reserved: 117540.0 MB (Δ: +1687.0 MB)
[2025-11-18 15:32:40][INFO][Rank 0] - train Epoch 8/24: 98.1% (1900/1936)
[2025-11-18 15:32:48][INFO][Rank 0] - train Epoch 8/24: 98.7% (1910/1936)
[2025-11-18 15:32:55][INFO][Rank 0] - train Epoch 8/24: 99.2% (1920/1936)
[2025-11-18 15:33:02][INFO][Rank 0] - train Epoch 8/24: 99.7% (1930/1936)
[2025-11-18 15:33:05][INFO][Rank 0] - train Epoch 8/24: 99.9% (1935/1936)
[2025-11-18 15:33:06][INFO][Rank 0] - train Loss: 0.1652 Acc: 0.9748 F1: 0.9870
[2025-11-18 15:33:06][INFO][Rank 0] - train Balanced Acc: 0.8853 AUC-ROC: 0.9666
[2025-11-18 15:33:06][INFO][Rank 0] - train Sensitivity: 0.9797 Specificity: 0.7908
[2025-11-18 15:33:06][INFO][Rank 0] - train Confusion Matrix: TP=18476, FP=105, FN=382, TN=397
[2025-11-18 15:33:06][INFO][Rank 0] - train completed in 1366.42s
[2025-11-18 15:33:06][INFO][Rank 0] - Data loading time: 1.20s, Forward time: 278.18s, Backward time: 739.98s
[2025-11-18 15:33:06][INFO][Rank 0] - train cache: 0/1 items, hit rate: 0.00%
[2025-11-18 15:33:06][INFO][Rank 0] - CUDA Memory [val][Step 0]: Device 0: Allocated: 3309.6 MB, Reserved: 117540.0 MB (Δ: +1687.0 MB)
[2025-11-18 15:33:06][INFO][Rank 0] - val phase: total 418 batches
[2025-11-18 15:33:06][INFO][Rank 0] - val Epoch 8/24: 0.0% (0/418)
[2025-11-18 15:33:11][INFO][Rank 0] - val Epoch 8/24: 2.4% (10/418)
[2025-11-18 15:33:16][INFO][Rank 0] - val Epoch 8/24: 4.8% (20/418)
[2025-11-18 15:33:21][INFO][Rank 0] - val Epoch 8/24: 7.2% (30/418)
[2025-11-18 15:33:26][INFO][Rank 0] - val Epoch 8/24: 9.6% (40/418)
[2025-11-18 15:33:32][INFO][Rank 0] - val Epoch 8/24: 12.0% (50/418)
[2025-11-18 15:33:37][INFO][Rank 0] - val Epoch 8/24: 14.4% (60/418)
[2025-11-18 15:33:42][INFO][Rank 0] - val Epoch 8/24: 16.7% (70/418)
[2025-11-18 15:33:47][INFO][Rank 0] - val Epoch 8/24: 19.1% (80/418)
[2025-11-18 15:33:52][INFO][Rank 0] - val Epoch 8/24: 21.5% (90/418)
[2025-11-18 15:33:57][INFO][Rank 0] - val Epoch 8/24: 23.9% (100/418)
[2025-11-18 15:34:02][INFO][Rank 0] - val Epoch 8/24: 26.3% (110/418)
[2025-11-18 15:34:07][INFO][Rank 0] - val Epoch 8/24: 28.7% (120/418)
[2025-11-18 15:34:07][INFO][Rank 0] - CUDA Memory [val][Step 120]: Device 0: Allocated: 3309.6 MB, Reserved: 117540.0 MB (Δ: +1687.0 MB)
[2025-11-18 15:34:12][INFO][Rank 0] - val Epoch 8/24: 31.1% (130/418)
[2025-11-18 15:34:17][INFO][Rank 0] - val Epoch 8/24: 33.5% (140/418)
[2025-11-18 15:34:22][INFO][Rank 0] - val Epoch 8/24: 35.9% (150/418)
[2025-11-18 15:34:27][INFO][Rank 0] - val Epoch 8/24: 38.3% (160/418)
[2025-11-18 15:34:32][INFO][Rank 0] - val Epoch 8/24: 40.7% (170/418)
[2025-11-18 15:34:37][INFO][Rank 0] - val Epoch 8/24: 43.1% (180/418)
[2025-11-18 15:34:42][INFO][Rank 0] - val Epoch 8/24: 45.5% (190/418)
[2025-11-18 15:34:47][INFO][Rank 0] - val Epoch 8/24: 47.8% (200/418)
[2025-11-18 15:34:52][INFO][Rank 0] - val Epoch 8/24: 50.2% (210/418)
[2025-11-18 15:34:57][INFO][Rank 0] - val Epoch 8/24: 52.6% (220/418)
[2025-11-18 15:35:02][INFO][Rank 0] - val Epoch 8/24: 55.0% (230/418)
[2025-11-18 15:35:07][INFO][Rank 0] - val Epoch 8/24: 57.4% (240/418)
[2025-11-18 15:35:08][INFO][Rank 0] - CUDA Memory [val][Step 240]: Device 0: Allocated: 3309.6 MB, Reserved: 117540.0 MB (Δ: +1687.0 MB)
[2025-11-18 15:35:12][INFO][Rank 0] - val Epoch 8/24: 59.8% (250/418)
[2025-11-18 15:35:17][INFO][Rank 0] - val Epoch 8/24: 62.2% (260/418)
[2025-11-18 15:35:22][INFO][Rank 0] - val Epoch 8/24: 64.6% (270/418)
[2025-11-18 15:35:27][INFO][Rank 0] - val Epoch 8/24: 67.0% (280/418)
[2025-11-18 15:35:32][INFO][Rank 0] - val Epoch 8/24: 69.4% (290/418)
[2025-11-18 15:35:37][INFO][Rank 0] - val Epoch 8/24: 71.8% (300/418)
[2025-11-18 15:35:42][INFO][Rank 0] - val Epoch 8/24: 74.2% (310/418)
[2025-11-18 15:35:47][INFO][Rank 0] - val Epoch 8/24: 76.6% (320/418)
[2025-11-18 15:35:52][INFO][Rank 0] - val Epoch 8/24: 78.9% (330/418)
[2025-11-18 15:35:57][INFO][Rank 0] - val Epoch 8/24: 81.3% (340/418)
[2025-11-18 15:36:03][INFO][Rank 0] - val Epoch 8/24: 83.7% (350/418)
[2025-11-18 15:36:08][INFO][Rank 0] - val Epoch 8/24: 86.1% (360/418)
[2025-11-18 15:36:08][INFO][Rank 0] - CUDA Memory [val][Step 360]: Device 0: Allocated: 3309.6 MB, Reserved: 117540.0 MB (Δ: +1687.0 MB)
[2025-11-18 15:36:13][INFO][Rank 0] - val Epoch 8/24: 88.5% (370/418)
[2025-11-18 15:36:18][INFO][Rank 0] - val Epoch 8/24: 90.9% (380/418)
[2025-11-18 15:36:23][INFO][Rank 0] - val Epoch 8/24: 93.3% (390/418)
[2025-11-18 15:36:28][INFO][Rank 0] - val Epoch 8/24: 95.7% (400/418)
[2025-11-18 15:36:33][INFO][Rank 0] - val Epoch 8/24: 98.1% (410/418)
[2025-11-18 15:36:36][INFO][Rank 0] - val Epoch 8/24: 99.8% (417/418)
[2025-11-18 15:36:37][INFO][Rank 0] - val Loss: 0.1130 Acc: 0.9720 F1: 0.9855
[2025-11-18 15:36:37][INFO][Rank 0] - val Balanced Acc: 0.8824 AUC-ROC: 0.9792
[2025-11-18 15:36:37][INFO][Rank 0] - val Sensitivity: 0.9771 Specificity: 0.7876
[2025-11-18 15:36:37][INFO][Rank 0] - val Confusion Matrix: TP=3974, FP=24, FN=93, TN=89
[2025-11-18 15:36:37][INFO][Rank 0] - val completed in 210.85s
[2025-11-18 15:36:37][INFO][Rank 0] - val cache: 0/1 items, hit rate: 0.00%
[2025-11-18 15:36:41][INFO][Rank 0] - Saved new best balanced_acc model with balanced_acc: 0.8824 at /projects/retprogression/rgarridogarcia/checkpoints/cropped1024_cropped_centered_allR_4/best_balanced_acc_model.pth
[2025-11-18 15:36:45][INFO][Rank 0] - Also saved as general best model at /projects/retprogression/rgarridogarcia/checkpoints/cropped1024_cropped_centered_allR_4/best_model.pth
[2025-11-18 15:36:49][INFO][Rank 0] - Saved new best auc model with auc: 0.9792 at /projects/retprogression/rgarridogarcia/checkpoints/cropped1024_cropped_centered_allR_4/best_auc_model.pth
[2025-11-18 15:36:53][INFO][Rank 0] - Saved epoch checkpoint at /projects/retprogression/rgarridogarcia/checkpoints/cropped1024_cropped_centered_allR_4/epoch_8.pth
[2025-11-18 15:36:53][INFO][Rank 0] - Epoch 8 summary:
[2025-11-18 15:36:53][INFO][Rank 0] -  Train Loss: 0.1652, Train Acc: 0.9748, Train F1: 0.9870
[2025-11-18 15:36:53][INFO][Rank 0] -  Train Balanced Acc: 0.8853, Train AUC: 0.9666
[2025-11-18 15:36:53][INFO][Rank 0] -  Train Sensitivity: 0.9797, Train Specificity: 0.7908
[2025-11-18 15:36:53][INFO][Rank 0] -  Val Loss: 0.1130, Val Acc: 0.9720, Val F1: 0.9855
[2025-11-18 15:36:53][INFO][Rank 0] -  Val Balanced Acc: 0.8824, Val AUC: 0.9792
[2025-11-18 15:36:53][INFO][Rank 0] -  Val Sensitivity: 0.9771, Val Specificity: 0.7876
[2025-11-18 15:36:53][INFO][Rank 0] -  Total Epoch Time: 1593.34s
[2025-11-18 15:36:53][INFO][Rank 0] - Epoch 9/24
[2025-11-18 15:36:53][INFO][Rank 0] - ----------
[2025-11-18 15:36:53][INFO][Rank 0] - CUDA Memory [train][Step 0]: Device 0: Allocated: 3309.6 MB, Reserved: 117540.0 MB (Δ: +1687.0 MB)
[2025-11-18 15:36:53][INFO][Rank 0] - train phase: total 1936 batches
[2025-11-18 15:36:53][INFO][Rank 0] - train Epoch 9/24: 0.0% (0/1936)
[2025-11-18 15:37:00][INFO][Rank 0] - train Epoch 9/24: 0.5% (10/1936)
[2025-11-18 15:37:07][INFO][Rank 0] - train Epoch 9/24: 1.0% (20/1936)
[2025-11-18 15:37:14][INFO][Rank 0] - train Epoch 9/24: 1.5% (30/1936)
[2025-11-18 15:37:21][INFO][Rank 0] - train Epoch 9/24: 2.1% (40/1936)
[2025-11-18 15:37:29][INFO][Rank 0] - train Epoch 9/24: 2.6% (50/1936)
[2025-11-18 15:37:36][INFO][Rank 0] - train Epoch 9/24: 3.1% (60/1936)
[2025-11-18 15:37:43][INFO][Rank 0] - train Epoch 9/24: 3.6% (70/1936)
[2025-11-18 15:37:50][INFO][Rank 0] - train Epoch 9/24: 4.1% (80/1936)
[2025-11-18 15:37:57][INFO][Rank 0] - train Epoch 9/24: 4.6% (90/1936)
[2025-11-18 15:37:57][INFO][Rank 0] - CUDA Memory [train][Step 90]: Device 0: Allocated: 3309.6 MB, Reserved: 117540.0 MB (Δ: +1687.0 MB)
[2025-11-18 15:38:04][INFO][Rank 0] - train Epoch 9/24: 5.2% (100/1936)
[2025-11-18 15:38:11][INFO][Rank 0] - train Epoch 9/24: 5.7% (110/1936)
[2025-11-18 15:38:18][INFO][Rank 0] - train Epoch 9/24: 6.2% (120/1936)
[2025-11-18 15:38:25][INFO][Rank 0] - train Epoch 9/24: 6.7% (130/1936)
[2025-11-18 15:38:32][INFO][Rank 0] - train Epoch 9/24: 7.2% (140/1936)
[2025-11-18 15:38:39][INFO][Rank 0] - train Epoch 9/24: 7.7% (150/1936)
[2025-11-18 15:38:46][INFO][Rank 0] - train Epoch 9/24: 8.3% (160/1936)
[2025-11-18 15:38:53][INFO][Rank 0] - train Epoch 9/24: 8.8% (170/1936)
[2025-11-18 15:39:00][INFO][Rank 0] - train Epoch 9/24: 9.3% (180/1936)
[2025-11-18 15:39:01][INFO][Rank 0] - CUDA Memory [train][Step 180]: Device 0: Allocated: 3309.6 MB, Reserved: 117540.0 MB (Δ: +1687.0 MB)
[2025-11-18 15:39:07][INFO][Rank 0] - train Epoch 9/24: 9.8% (190/1936)
[2025-11-18 15:39:14][INFO][Rank 0] - train Epoch 9/24: 10.3% (200/1936)
[2025-11-18 15:39:21][INFO][Rank 0] - train Epoch 9/24: 10.8% (210/1936)
[2025-11-18 15:39:28][INFO][Rank 0] - train Epoch 9/24: 11.4% (220/1936)
[2025-11-18 15:39:36][INFO][Rank 0] - train Epoch 9/24: 11.9% (230/1936)
[2025-11-18 15:39:43][INFO][Rank 0] - train Epoch 9/24: 12.4% (240/1936)
[2025-11-18 15:39:50][INFO][Rank 0] - train Epoch 9/24: 12.9% (250/1936)
[2025-11-18 15:39:57][INFO][Rank 0] - train Epoch 9/24: 13.4% (260/1936)
[2025-11-18 15:40:04][INFO][Rank 0] - train Epoch 9/24: 13.9% (270/1936)
[2025-11-18 15:40:04][INFO][Rank 0] - CUDA Memory [train][Step 270]: Device 0: Allocated: 3309.6 MB, Reserved: 117540.0 MB (Δ: +1687.0 MB)
[2025-11-18 15:40:11][INFO][Rank 0] - train Epoch 9/24: 14.5% (280/1936)
[2025-11-18 15:40:18][INFO][Rank 0] - train Epoch 9/24: 15.0% (290/1936)
[2025-11-18 15:40:25][INFO][Rank 0] - train Epoch 9/24: 15.5% (300/1936)
[2025-11-18 15:40:32][INFO][Rank 0] - train Epoch 9/24: 16.0% (310/1936)
[2025-11-18 15:40:39][INFO][Rank 0] - train Epoch 9/24: 16.5% (320/1936)
[2025-11-18 15:40:46][INFO][Rank 0] - train Epoch 9/24: 17.0% (330/1936)
[2025-11-18 15:40:53][INFO][Rank 0] - train Epoch 9/24: 17.6% (340/1936)
[2025-11-18 15:41:00][INFO][Rank 0] - train Epoch 9/24: 18.1% (350/1936)
[2025-11-18 15:41:07][INFO][Rank 0] - train Epoch 9/24: 18.6% (360/1936)
[2025-11-18 15:41:08][INFO][Rank 0] - CUDA Memory [train][Step 360]: Device 0: Allocated: 3309.6 MB, Reserved: 117540.0 MB (Δ: +1687.0 MB)
[2025-11-18 15:41:14][INFO][Rank 0] - train Epoch 9/24: 19.1% (370/1936)
[2025-11-18 15:41:21][INFO][Rank 0] - train Epoch 9/24: 19.6% (380/1936)
[2025-11-18 15:41:28][INFO][Rank 0] - train Epoch 9/24: 20.1% (390/1936)
[2025-11-18 15:41:35][INFO][Rank 0] - train Epoch 9/24: 20.7% (400/1936)
[2025-11-18 15:41:42][INFO][Rank 0] - train Epoch 9/24: 21.2% (410/1936)
[2025-11-18 15:41:50][INFO][Rank 0] - train Epoch 9/24: 21.7% (420/1936)
[2025-11-18 15:41:57][INFO][Rank 0] - train Epoch 9/24: 22.2% (430/1936)
[2025-11-18 15:42:04][INFO][Rank 0] - train Epoch 9/24: 22.7% (440/1936)
[2025-11-18 15:42:11][INFO][Rank 0] - train Epoch 9/24: 23.2% (450/1936)
[2025-11-18 15:42:11][INFO][Rank 0] - CUDA Memory [train][Step 450]: Device 0: Allocated: 3309.6 MB, Reserved: 117540.0 MB (Δ: +1687.0 MB)
[2025-11-18 15:42:18][INFO][Rank 0] - train Epoch 9/24: 23.8% (460/1936)
[2025-11-18 15:42:25][INFO][Rank 0] - train Epoch 9/24: 24.3% (470/1936)
[2025-11-18 15:42:32][INFO][Rank 0] - train Epoch 9/24: 24.8% (480/1936)
[2025-11-18 15:42:39][INFO][Rank 0] - train Epoch 9/24: 25.3% (490/1936)
[2025-11-18 15:42:46][INFO][Rank 0] - train Epoch 9/24: 25.8% (500/1936)
[2025-11-18 15:42:53][INFO][Rank 0] - train Epoch 9/24: 26.3% (510/1936)
[2025-11-18 15:43:00][INFO][Rank 0] - train Epoch 9/24: 26.9% (520/1936)
[2025-11-18 15:43:07][INFO][Rank 0] - train Epoch 9/24: 27.4% (530/1936)
[2025-11-18 15:43:14][INFO][Rank 0] - train Epoch 9/24: 27.9% (540/1936)
[2025-11-18 15:43:15][INFO][Rank 0] - CUDA Memory [train][Step 540]: Device 0: Allocated: 3309.6 MB, Reserved: 117540.0 MB (Δ: +1687.0 MB)
[2025-11-18 15:43:21][INFO][Rank 0] - train Epoch 9/24: 28.4% (550/1936)
[2025-11-18 15:43:28][INFO][Rank 0] - train Epoch 9/24: 28.9% (560/1936)
[2025-11-18 15:43:35][INFO][Rank 0] - train Epoch 9/24: 29.4% (570/1936)
[2025-11-18 15:43:42][INFO][Rank 0] - train Epoch 9/24: 30.0% (580/1936)
[2025-11-18 15:43:49][INFO][Rank 0] - train Epoch 9/24: 30.5% (590/1936)
[2025-11-18 15:43:57][INFO][Rank 0] - train Epoch 9/24: 31.0% (600/1936)
[2025-11-18 15:44:04][INFO][Rank 0] - train Epoch 9/24: 31.5% (610/1936)
[2025-11-18 15:44:11][INFO][Rank 0] - train Epoch 9/24: 32.0% (620/1936)
[2025-11-18 15:44:18][INFO][Rank 0] - train Epoch 9/24: 32.5% (630/1936)
[2025-11-18 15:44:18][INFO][Rank 0] - CUDA Memory [train][Step 630]: Device 0: Allocated: 3309.6 MB, Reserved: 117540.0 MB (Δ: +1687.0 MB)
[2025-11-18 15:44:25][INFO][Rank 0] - train Epoch 9/24: 33.1% (640/1936)
[2025-11-18 15:44:32][INFO][Rank 0] - train Epoch 9/24: 33.6% (650/1936)
[2025-11-18 15:44:39][INFO][Rank 0] - train Epoch 9/24: 34.1% (660/1936)
[2025-11-18 15:44:46][INFO][Rank 0] - train Epoch 9/24: 34.6% (670/1936)
[2025-11-18 15:44:53][INFO][Rank 0] - train Epoch 9/24: 35.1% (680/1936)
[2025-11-18 15:45:00][INFO][Rank 0] - train Epoch 9/24: 35.6% (690/1936)
[2025-11-18 15:45:07][INFO][Rank 0] - train Epoch 9/24: 36.2% (700/1936)
[2025-11-18 15:45:14][INFO][Rank 0] - train Epoch 9/24: 36.7% (710/1936)
[2025-11-18 15:45:21][INFO][Rank 0] - train Epoch 9/24: 37.2% (720/1936)
[2025-11-18 15:45:22][INFO][Rank 0] - CUDA Memory [train][Step 720]: Device 0: Allocated: 3309.6 MB, Reserved: 117540.0 MB (Δ: +1687.0 MB)
[2025-11-18 15:45:28][INFO][Rank 0] - train Epoch 9/24: 37.7% (730/1936)
[2025-11-18 15:45:35][INFO][Rank 0] - train Epoch 9/24: 38.2% (740/1936)
[2025-11-18 15:45:42][INFO][Rank 0] - train Epoch 9/24: 38.7% (750/1936)
[2025-11-18 15:45:49][INFO][Rank 0] - train Epoch 9/24: 39.3% (760/1936)
[2025-11-18 15:45:56][INFO][Rank 0] - train Epoch 9/24: 39.8% (770/1936)
[2025-11-18 15:46:03][INFO][Rank 0] - train Epoch 9/24: 40.3% (780/1936)
[2025-11-18 15:46:11][INFO][Rank 0] - train Epoch 9/24: 40.8% (790/1936)
[2025-11-18 15:46:18][INFO][Rank 0] - train Epoch 9/24: 41.3% (800/1936)
[2025-11-18 15:46:25][INFO][Rank 0] - train Epoch 9/24: 41.8% (810/1936)
[2025-11-18 15:46:25][INFO][Rank 0] - CUDA Memory [train][Step 810]: Device 0: Allocated: 3309.6 MB, Reserved: 117540.0 MB (Δ: +1687.0 MB)
[2025-11-18 15:46:32][INFO][Rank 0] - train Epoch 9/24: 42.4% (820/1936)
[2025-11-18 15:46:39][INFO][Rank 0] - train Epoch 9/24: 42.9% (830/1936)
[2025-11-18 15:46:46][INFO][Rank 0] - train Epoch 9/24: 43.4% (840/1936)
[2025-11-18 15:46:53][INFO][Rank 0] - train Epoch 9/24: 43.9% (850/1936)
[2025-11-18 15:47:00][INFO][Rank 0] - train Epoch 9/24: 44.4% (860/1936)
[2025-11-18 15:47:07][INFO][Rank 0] - train Epoch 9/24: 44.9% (870/1936)
[2025-11-18 15:47:14][INFO][Rank 0] - train Epoch 9/24: 45.5% (880/1936)
[2025-11-18 15:47:21][INFO][Rank 0] - train Epoch 9/24: 46.0% (890/1936)
[2025-11-18 15:47:28][INFO][Rank 0] - train Epoch 9/24: 46.5% (900/1936)
[2025-11-18 15:47:29][INFO][Rank 0] - CUDA Memory [train][Step 900]: Device 0: Allocated: 3309.6 MB, Reserved: 117540.0 MB (Δ: +1687.0 MB)
[2025-11-18 15:47:35][INFO][Rank 0] - train Epoch 9/24: 47.0% (910/1936)
[2025-11-18 15:47:42][INFO][Rank 0] - train Epoch 9/24: 47.5% (920/1936)
[2025-11-18 15:47:49][INFO][Rank 0] - train Epoch 9/24: 48.0% (930/1936)
[2025-11-18 15:47:56][INFO][Rank 0] - train Epoch 9/24: 48.6% (940/1936)
[2025-11-18 15:48:03][INFO][Rank 0] - train Epoch 9/24: 49.1% (950/1936)
[2025-11-18 15:48:10][INFO][Rank 0] - train Epoch 9/24: 49.6% (960/1936)
[2025-11-18 15:48:18][INFO][Rank 0] - train Epoch 9/24: 50.1% (970/1936)
[2025-11-18 15:48:25][INFO][Rank 0] - train Epoch 9/24: 50.6% (980/1936)
[2025-11-18 15:48:32][INFO][Rank 0] - train Epoch 9/24: 51.1% (990/1936)
[2025-11-18 15:48:32][INFO][Rank 0] - CUDA Memory [train][Step 990]: Device 0: Allocated: 3309.6 MB, Reserved: 117540.0 MB (Δ: +1687.0 MB)
[2025-11-18 15:48:39][INFO][Rank 0] - train Epoch 9/24: 51.7% (1000/1936)
[2025-11-18 15:48:46][INFO][Rank 0] - train Epoch 9/24: 52.2% (1010/1936)
[2025-11-18 15:48:53][INFO][Rank 0] - train Epoch 9/24: 52.7% (1020/1936)
[2025-11-18 15:49:00][INFO][Rank 0] - train Epoch 9/24: 53.2% (1030/1936)
[2025-11-18 15:49:07][INFO][Rank 0] - train Epoch 9/24: 53.7% (1040/1936)
[2025-11-18 15:49:14][INFO][Rank 0] - train Epoch 9/24: 54.2% (1050/1936)
[2025-11-18 15:49:21][INFO][Rank 0] - train Epoch 9/24: 54.8% (1060/1936)
[2025-11-18 15:49:28][INFO][Rank 0] - train Epoch 9/24: 55.3% (1070/1936)
[2025-11-18 15:49:35][INFO][Rank 0] - train Epoch 9/24: 55.8% (1080/1936)
[2025-11-18 15:49:36][INFO][Rank 0] - CUDA Memory [train][Step 1080]: Device 0: Allocated: 3309.6 MB, Reserved: 117540.0 MB (Δ: +1687.0 MB)
[2025-11-18 15:49:42][INFO][Rank 0] - train Epoch 9/24: 56.3% (1090/1936)
[2025-11-18 15:49:49][INFO][Rank 0] - train Epoch 9/24: 56.8% (1100/1936)
[2025-11-18 15:49:56][INFO][Rank 0] - train Epoch 9/24: 57.3% (1110/1936)
[2025-11-18 15:50:03][INFO][Rank 0] - train Epoch 9/24: 57.9% (1120/1936)
[2025-11-18 15:50:10][INFO][Rank 0] - train Epoch 9/24: 58.4% (1130/1936)
[2025-11-18 15:50:17][INFO][Rank 0] - train Epoch 9/24: 58.9% (1140/1936)
[2025-11-18 15:50:24][INFO][Rank 0] - train Epoch 9/24: 59.4% (1150/1936)
[2025-11-18 15:50:32][INFO][Rank 0] - train Epoch 9/24: 59.9% (1160/1936)
[2025-11-18 15:50:39][INFO][Rank 0] - train Epoch 9/24: 60.4% (1170/1936)
[2025-11-18 15:50:39][INFO][Rank 0] - CUDA Memory [train][Step 1170]: Device 0: Allocated: 3309.6 MB, Reserved: 117540.0 MB (Δ: +1687.0 MB)
[2025-11-18 15:50:46][INFO][Rank 0] - train Epoch 9/24: 61.0% (1180/1936)
[2025-11-18 15:50:53][INFO][Rank 0] - train Epoch 9/24: 61.5% (1190/1936)
[2025-11-18 15:51:00][INFO][Rank 0] - train Epoch 9/24: 62.0% (1200/1936)
[2025-11-18 15:51:07][INFO][Rank 0] - train Epoch 9/24: 62.5% (1210/1936)
[2025-11-18 15:51:14][INFO][Rank 0] - train Epoch 9/24: 63.0% (1220/1936)
[2025-11-18 15:51:21][INFO][Rank 0] - train Epoch 9/24: 63.5% (1230/1936)
[2025-11-18 15:51:28][INFO][Rank 0] - train Epoch 9/24: 64.0% (1240/1936)
[2025-11-18 15:51:35][INFO][Rank 0] - train Epoch 9/24: 64.6% (1250/1936)
[2025-11-18 15:51:42][INFO][Rank 0] - train Epoch 9/24: 65.1% (1260/1936)
[2025-11-18 15:51:43][INFO][Rank 0] - CUDA Memory [train][Step 1260]: Device 0: Allocated: 3309.6 MB, Reserved: 117540.0 MB (Δ: +1687.0 MB)
[2025-11-18 15:51:49][INFO][Rank 0] - train Epoch 9/24: 65.6% (1270/1936)
[2025-11-18 15:51:56][INFO][Rank 0] - train Epoch 9/24: 66.1% (1280/1936)
[2025-11-18 15:52:03][INFO][Rank 0] - train Epoch 9/24: 66.6% (1290/1936)
[2025-11-18 15:52:10][INFO][Rank 0] - train Epoch 9/24: 67.1% (1300/1936)
[2025-11-18 15:52:17][INFO][Rank 0] - train Epoch 9/24: 67.7% (1310/1936)
[2025-11-18 15:52:24][INFO][Rank 0] - train Epoch 9/24: 68.2% (1320/1936)
[2025-11-18 15:52:31][INFO][Rank 0] - train Epoch 9/24: 68.7% (1330/1936)
[2025-11-18 15:52:39][INFO][Rank 0] - train Epoch 9/24: 69.2% (1340/1936)
[2025-11-18 15:52:46][INFO][Rank 0] - train Epoch 9/24: 69.7% (1350/1936)
[2025-11-18 15:52:46][INFO][Rank 0] - CUDA Memory [train][Step 1350]: Device 0: Allocated: 3309.6 MB, Reserved: 117540.0 MB (Δ: +1687.0 MB)
[2025-11-18 15:52:53][INFO][Rank 0] - train Epoch 9/24: 70.2% (1360/1936)
[2025-11-18 15:53:00][INFO][Rank 0] - train Epoch 9/24: 70.8% (1370/1936)
[2025-11-18 15:53:07][INFO][Rank 0] - train Epoch 9/24: 71.3% (1380/1936)
[2025-11-18 15:53:14][INFO][Rank 0] - train Epoch 9/24: 71.8% (1390/1936)
[2025-11-18 15:53:21][INFO][Rank 0] - train Epoch 9/24: 72.3% (1400/1936)
[2025-11-18 15:53:28][INFO][Rank 0] - train Epoch 9/24: 72.8% (1410/1936)
[2025-11-18 15:53:35][INFO][Rank 0] - train Epoch 9/24: 73.3% (1420/1936)
[2025-11-18 15:53:42][INFO][Rank 0] - train Epoch 9/24: 73.9% (1430/1936)
[2025-11-18 15:53:49][INFO][Rank 0] - train Epoch 9/24: 74.4% (1440/1936)
[2025-11-18 15:53:50][INFO][Rank 0] - CUDA Memory [train][Step 1440]: Device 0: Allocated: 3309.6 MB, Reserved: 117540.0 MB (Δ: +1687.0 MB)
[2025-11-18 15:53:56][INFO][Rank 0] - train Epoch 9/24: 74.9% (1450/1936)
[2025-11-18 15:54:03][INFO][Rank 0] - train Epoch 9/24: 75.4% (1460/1936)
[2025-11-18 15:54:10][INFO][Rank 0] - train Epoch 9/24: 75.9% (1470/1936)
[2025-11-18 15:54:17][INFO][Rank 0] - train Epoch 9/24: 76.4% (1480/1936)
[2025-11-18 15:54:24][INFO][Rank 0] - train Epoch 9/24: 77.0% (1490/1936)
[2025-11-18 15:54:31][INFO][Rank 0] - train Epoch 9/24: 77.5% (1500/1936)
[2025-11-18 15:54:38][INFO][Rank 0] - train Epoch 9/24: 78.0% (1510/1936)
[2025-11-18 15:54:45][INFO][Rank 0] - train Epoch 9/24: 78.5% (1520/1936)
[2025-11-18 15:54:53][INFO][Rank 0] - train Epoch 9/24: 79.0% (1530/1936)
[2025-11-18 15:54:53][INFO][Rank 0] - CUDA Memory [train][Step 1530]: Device 0: Allocated: 3309.6 MB, Reserved: 117540.0 MB (Δ: +1687.0 MB)
[2025-11-18 15:55:00][INFO][Rank 0] - train Epoch 9/24: 79.5% (1540/1936)
[2025-11-18 15:55:07][INFO][Rank 0] - train Epoch 9/24: 80.1% (1550/1936)
[2025-11-18 15:55:14][INFO][Rank 0] - train Epoch 9/24: 80.6% (1560/1936)
[2025-11-18 15:55:21][INFO][Rank 0] - train Epoch 9/24: 81.1% (1570/1936)
[2025-11-18 15:55:28][INFO][Rank 0] - train Epoch 9/24: 81.6% (1580/1936)
[2025-11-18 15:55:35][INFO][Rank 0] - train Epoch 9/24: 82.1% (1590/1936)
[2025-11-18 15:55:42][INFO][Rank 0] - train Epoch 9/24: 82.6% (1600/1936)
[2025-11-18 15:55:49][INFO][Rank 0] - train Epoch 9/24: 83.2% (1610/1936)
[2025-11-18 15:55:56][INFO][Rank 0] - train Epoch 9/24: 83.7% (1620/1936)
[2025-11-18 15:55:57][INFO][Rank 0] - CUDA Memory [train][Step 1620]: Device 0: Allocated: 3309.6 MB, Reserved: 117540.0 MB (Δ: +1687.0 MB)
[2025-11-18 15:56:03][INFO][Rank 0] - train Epoch 9/24: 84.2% (1630/1936)
[2025-11-18 15:56:10][INFO][Rank 0] - train Epoch 9/24: 84.7% (1640/1936)
[2025-11-18 15:56:17][INFO][Rank 0] - train Epoch 9/24: 85.2% (1650/1936)
[2025-11-18 15:56:24][INFO][Rank 0] - train Epoch 9/24: 85.7% (1660/1936)
[2025-11-18 15:56:31][INFO][Rank 0] - train Epoch 9/24: 86.3% (1670/1936)
[2025-11-18 15:56:38][INFO][Rank 0] - train Epoch 9/24: 86.8% (1680/1936)
[2025-11-18 15:56:45][INFO][Rank 0] - train Epoch 9/24: 87.3% (1690/1936)
[2025-11-18 15:56:52][INFO][Rank 0] - train Epoch 9/24: 87.8% (1700/1936)
[2025-11-18 15:56:59][INFO][Rank 0] - train Epoch 9/24: 88.3% (1710/1936)
[2025-11-18 15:57:00][INFO][Rank 0] - CUDA Memory [train][Step 1710]: Device 0: Allocated: 3309.6 MB, Reserved: 117540.0 MB (Δ: +1687.0 MB)
[2025-11-18 15:57:07][INFO][Rank 0] - train Epoch 9/24: 88.8% (1720/1936)
[2025-11-18 15:57:14][INFO][Rank 0] - train Epoch 9/24: 89.4% (1730/1936)
[2025-11-18 15:57:21][INFO][Rank 0] - train Epoch 9/24: 89.9% (1740/1936)
[2025-11-18 15:57:28][INFO][Rank 0] - train Epoch 9/24: 90.4% (1750/1936)
[2025-11-18 15:57:35][INFO][Rank 0] - train Epoch 9/24: 90.9% (1760/1936)
[2025-11-18 15:57:42][INFO][Rank 0] - train Epoch 9/24: 91.4% (1770/1936)
[2025-11-18 15:57:49][INFO][Rank 0] - train Epoch 9/24: 91.9% (1780/1936)
[2025-11-18 15:57:56][INFO][Rank 0] - train Epoch 9/24: 92.5% (1790/1936)
[2025-11-18 15:58:03][INFO][Rank 0] - train Epoch 9/24: 93.0% (1800/1936)
[2025-11-18 15:58:04][INFO][Rank 0] - CUDA Memory [train][Step 1800]: Device 0: Allocated: 3309.6 MB, Reserved: 117540.0 MB (Δ: +1687.0 MB)
[2025-11-18 15:58:10][INFO][Rank 0] - train Epoch 9/24: 93.5% (1810/1936)
[2025-11-18 15:58:17][INFO][Rank 0] - train Epoch 9/24: 94.0% (1820/1936)
[2025-11-18 15:58:24][INFO][Rank 0] - train Epoch 9/24: 94.5% (1830/1936)
[2025-11-18 15:58:31][INFO][Rank 0] - train Epoch 9/24: 95.0% (1840/1936)
[2025-11-18 15:58:38][INFO][Rank 0] - train Epoch 9/24: 95.6% (1850/1936)
[2025-11-18 15:58:45][INFO][Rank 0] - train Epoch 9/24: 96.1% (1860/1936)
[2025-11-18 15:58:52][INFO][Rank 0] - train Epoch 9/24: 96.6% (1870/1936)
[2025-11-18 15:58:59][INFO][Rank 0] - train Epoch 9/24: 97.1% (1880/1936)
[2025-11-18 15:59:06][INFO][Rank 0] - train Epoch 9/24: 97.6% (1890/1936)
[2025-11-18 15:59:07][INFO][Rank 0] - CUDA Memory [train][Step 1890]: Device 0: Allocated: 3309.6 MB, Reserved: 117540.0 MB (Δ: +1687.0 MB)
[2025-11-18 15:59:13][INFO][Rank 0] - train Epoch 9/24: 98.1% (1900/1936)
[2025-11-18 15:59:21][INFO][Rank 0] - train Epoch 9/24: 98.7% (1910/1936)
[2025-11-18 15:59:28][INFO][Rank 0] - train Epoch 9/24: 99.2% (1920/1936)
[2025-11-18 15:59:35][INFO][Rank 0] - train Epoch 9/24: 99.7% (1930/1936)
[2025-11-18 15:59:38][INFO][Rank 0] - train Epoch 9/24: 99.9% (1935/1936)
[2025-11-18 15:59:39][INFO][Rank 0] - train Loss: 0.1625 Acc: 0.9733 F1: 0.9862
[2025-11-18 15:59:39][INFO][Rank 0] - train Balanced Acc: 0.9018 AUC-ROC: 0.9676
[2025-11-18 15:59:39][INFO][Rank 0] - train Sensitivity: 0.9772 Specificity: 0.8263
[2025-11-18 15:59:39][INFO][Rank 0] - train Confusion Matrix: TP=18429, FP=87, FN=430, TN=414
[2025-11-18 15:59:39][INFO][Rank 0] - train completed in 1366.05s
[2025-11-18 15:59:39][INFO][Rank 0] - Data loading time: 0.96s, Forward time: 278.14s, Backward time: 739.83s
[2025-11-18 15:59:39][INFO][Rank 0] - train cache: 0/1 items, hit rate: 0.00%
[2025-11-18 15:59:39][INFO][Rank 0] - CUDA Memory [val][Step 0]: Device 0: Allocated: 3309.6 MB, Reserved: 117540.0 MB (Δ: +1687.0 MB)
[2025-11-18 15:59:39][INFO][Rank 0] - val phase: total 418 batches
[2025-11-18 15:59:39][INFO][Rank 0] - val Epoch 9/24: 0.0% (0/418)
[2025-11-18 15:59:44][INFO][Rank 0] - val Epoch 9/24: 2.4% (10/418)
[2025-11-18 15:59:49][INFO][Rank 0] - val Epoch 9/24: 4.8% (20/418)
[2025-11-18 15:59:54][INFO][Rank 0] - val Epoch 9/24: 7.2% (30/418)
[2025-11-18 15:59:59][INFO][Rank 0] - val Epoch 9/24: 9.6% (40/418)
[2025-11-18 16:00:04][INFO][Rank 0] - val Epoch 9/24: 12.0% (50/418)
[2025-11-18 16:00:09][INFO][Rank 0] - val Epoch 9/24: 14.4% (60/418)
[2025-11-18 16:00:14][INFO][Rank 0] - val Epoch 9/24: 16.7% (70/418)
[2025-11-18 16:00:19][INFO][Rank 0] - val Epoch 9/24: 19.1% (80/418)
[2025-11-18 16:00:25][INFO][Rank 0] - val Epoch 9/24: 21.5% (90/418)
[2025-11-18 16:00:30][INFO][Rank 0] - val Epoch 9/24: 23.9% (100/418)
[2025-11-18 16:00:35][INFO][Rank 0] - val Epoch 9/24: 26.3% (110/418)
[2025-11-18 16:00:40][INFO][Rank 0] - val Epoch 9/24: 28.7% (120/418)
[2025-11-18 16:00:40][INFO][Rank 0] - CUDA Memory [val][Step 120]: Device 0: Allocated: 3309.6 MB, Reserved: 117540.0 MB (Δ: +1687.0 MB)
[2025-11-18 16:00:45][INFO][Rank 0] - val Epoch 9/24: 31.1% (130/418)
[2025-11-18 16:00:50][INFO][Rank 0] - val Epoch 9/24: 33.5% (140/418)
[2025-11-18 16:00:55][INFO][Rank 0] - val Epoch 9/24: 35.9% (150/418)
[2025-11-18 16:01:00][INFO][Rank 0] - val Epoch 9/24: 38.3% (160/418)
[2025-11-18 16:01:05][INFO][Rank 0] - val Epoch 9/24: 40.7% (170/418)
[2025-11-18 16:01:10][INFO][Rank 0] - val Epoch 9/24: 43.1% (180/418)
[2025-11-18 16:01:15][INFO][Rank 0] - val Epoch 9/24: 45.5% (190/418)
[2025-11-18 16:01:20][INFO][Rank 0] - val Epoch 9/24: 47.8% (200/418)
[2025-11-18 16:01:25][INFO][Rank 0] - val Epoch 9/24: 50.2% (210/418)
[2025-11-18 16:01:30][INFO][Rank 0] - val Epoch 9/24: 52.6% (220/418)
[2025-11-18 16:01:35][INFO][Rank 0] - val Epoch 9/24: 55.0% (230/418)
[2025-11-18 16:01:40][INFO][Rank 0] - val Epoch 9/24: 57.4% (240/418)
[2025-11-18 16:01:41][INFO][Rank 0] - CUDA Memory [val][Step 240]: Device 0: Allocated: 3309.6 MB, Reserved: 117540.0 MB (Δ: +1687.0 MB)
[2025-11-18 16:01:45][INFO][Rank 0] - val Epoch 9/24: 59.8% (250/418)
[2025-11-18 16:01:50][INFO][Rank 0] - val Epoch 9/24: 62.2% (260/418)
[2025-11-18 16:01:55][INFO][Rank 0] - val Epoch 9/24: 64.6% (270/418)
[2025-11-18 16:02:00][INFO][Rank 0] - val Epoch 9/24: 67.0% (280/418)
[2025-11-18 16:02:05][INFO][Rank 0] - val Epoch 9/24: 69.4% (290/418)
[2025-11-18 16:02:10][INFO][Rank 0] - val Epoch 9/24: 71.8% (300/418)
[2025-11-18 16:02:15][INFO][Rank 0] - val Epoch 9/24: 74.2% (310/418)
[2025-11-18 16:02:20][INFO][Rank 0] - val Epoch 9/24: 76.6% (320/418)
[2025-11-18 16:02:25][INFO][Rank 0] - val Epoch 9/24: 78.9% (330/418)
[2025-11-18 16:02:30][INFO][Rank 0] - val Epoch 9/24: 81.3% (340/418)
[2025-11-18 16:02:35][INFO][Rank 0] - val Epoch 9/24: 83.7% (350/418)
[2025-11-18 16:02:40][INFO][Rank 0] - val Epoch 9/24: 86.1% (360/418)
[2025-11-18 16:02:41][INFO][Rank 0] - CUDA Memory [val][Step 360]: Device 0: Allocated: 3309.6 MB, Reserved: 117540.0 MB (Δ: +1687.0 MB)
[2025-11-18 16:02:45][INFO][Rank 0] - val Epoch 9/24: 88.5% (370/418)
[2025-11-18 16:02:50][INFO][Rank 0] - val Epoch 9/24: 90.9% (380/418)
[2025-11-18 16:02:56][INFO][Rank 0] - val Epoch 9/24: 93.3% (390/418)
[2025-11-18 16:03:01][INFO][Rank 0] - val Epoch 9/24: 95.7% (400/418)
[2025-11-18 16:03:06][INFO][Rank 0] - val Epoch 9/24: 98.1% (410/418)
[2025-11-18 16:03:09][INFO][Rank 0] - val Epoch 9/24: 99.8% (417/418)
[2025-11-18 16:03:10][INFO][Rank 0] - val Loss: 0.1100 Acc: 0.9739 F1: 0.9865
[2025-11-18 16:03:10][INFO][Rank 0] - val Balanced Acc: 0.8834 AUC-ROC: 0.9801
[2025-11-18 16:03:10][INFO][Rank 0] - val Sensitivity: 0.9791 Specificity: 0.7876
[2025-11-18 16:03:10][INFO][Rank 0] - val Confusion Matrix: TP=3982, FP=24, FN=85, TN=89
[2025-11-18 16:03:10][INFO][Rank 0] - val completed in 210.74s
[2025-11-18 16:03:10][INFO][Rank 0] - val cache: 0/1 items, hit rate: 0.00%
[2025-11-18 16:03:14][INFO][Rank 0] - Saved new best balanced_acc model with balanced_acc: 0.8834 at /projects/retprogression/rgarridogarcia/checkpoints/cropped1024_cropped_centered_allR_4/best_balanced_acc_model.pth
[2025-11-18 16:03:18][INFO][Rank 0] - Also saved as general best model at /projects/retprogression/rgarridogarcia/checkpoints/cropped1024_cropped_centered_allR_4/best_model.pth
[2025-11-18 16:03:22][INFO][Rank 0] - Saved new best auc model with auc: 0.9801 at /projects/retprogression/rgarridogarcia/checkpoints/cropped1024_cropped_centered_allR_4/best_auc_model.pth
[2025-11-18 16:03:26][INFO][Rank 0] - Saved epoch checkpoint at /projects/retprogression/rgarridogarcia/checkpoints/cropped1024_cropped_centered_allR_4/epoch_9.pth
[2025-11-18 16:03:26][INFO][Rank 0] - Epoch 9 summary:
[2025-11-18 16:03:26][INFO][Rank 0] -  Train Loss: 0.1625, Train Acc: 0.9733, Train F1: 0.9862
[2025-11-18 16:03:26][INFO][Rank 0] -  Train Balanced Acc: 0.9018, Train AUC: 0.9676
[2025-11-18 16:03:26][INFO][Rank 0] -  Train Sensitivity: 0.9772, Train Specificity: 0.8263
[2025-11-18 16:03:26][INFO][Rank 0] -  Val Loss: 0.1100, Val Acc: 0.9739, Val F1: 0.9865
[2025-11-18 16:03:26][INFO][Rank 0] -  Val Balanced Acc: 0.8834, Val AUC: 0.9801
[2025-11-18 16:03:26][INFO][Rank 0] -  Val Sensitivity: 0.9791, Val Specificity: 0.7876
[2025-11-18 16:03:26][INFO][Rank 0] -  Total Epoch Time: 1592.98s
[2025-11-18 16:03:26][INFO][Rank 0] - Epoch 10/24
[2025-11-18 16:03:26][INFO][Rank 0] - ----------
[2025-11-18 16:03:26][INFO][Rank 0] - CUDA Memory [train][Step 0]: Device 0: Allocated: 3309.6 MB, Reserved: 117540.0 MB (Δ: +1687.0 MB)
[2025-11-18 16:03:26][INFO][Rank 0] - train phase: total 1936 batches
[2025-11-18 16:03:26][INFO][Rank 0] - train Epoch 10/24: 0.0% (0/1936)
[2025-11-18 16:03:33][INFO][Rank 0] - train Epoch 10/24: 0.5% (10/1936)
[2025-11-18 16:03:40][INFO][Rank 0] - train Epoch 10/24: 1.0% (20/1936)
[2025-11-18 16:03:47][INFO][Rank 0] - train Epoch 10/24: 1.5% (30/1936)
[2025-11-18 16:03:54][INFO][Rank 0] - train Epoch 10/24: 2.1% (40/1936)
[2025-11-18 16:04:01][INFO][Rank 0] - train Epoch 10/24: 2.6% (50/1936)
[2025-11-18 16:04:08][INFO][Rank 0] - train Epoch 10/24: 3.1% (60/1936)
[2025-11-18 16:04:16][INFO][Rank 0] - train Epoch 10/24: 3.6% (70/1936)
[2025-11-18 16:04:23][INFO][Rank 0] - train Epoch 10/24: 4.1% (80/1936)
[2025-11-18 16:04:30][INFO][Rank 0] - train Epoch 10/24: 4.6% (90/1936)
[2025-11-18 16:04:30][INFO][Rank 0] - CUDA Memory [train][Step 90]: Device 0: Allocated: 3309.6 MB, Reserved: 117540.0 MB (Δ: +1687.0 MB)
[2025-11-18 16:04:37][INFO][Rank 0] - train Epoch 10/24: 5.2% (100/1936)
[2025-11-18 16:04:44][INFO][Rank 0] - train Epoch 10/24: 5.7% (110/1936)
[2025-11-18 16:04:51][INFO][Rank 0] - train Epoch 10/24: 6.2% (120/1936)
[2025-11-18 16:04:58][INFO][Rank 0] - train Epoch 10/24: 6.7% (130/1936)
[2025-11-18 16:05:05][INFO][Rank 0] - train Epoch 10/24: 7.2% (140/1936)
[2025-11-18 16:05:12][INFO][Rank 0] - train Epoch 10/24: 7.7% (150/1936)
[2025-11-18 16:05:19][INFO][Rank 0] - train Epoch 10/24: 8.3% (160/1936)
[2025-11-18 16:05:26][INFO][Rank 0] - train Epoch 10/24: 8.8% (170/1936)
[2025-11-18 16:05:33][INFO][Rank 0] - train Epoch 10/24: 9.3% (180/1936)
[2025-11-18 16:05:34][INFO][Rank 0] - CUDA Memory [train][Step 180]: Device 0: Allocated: 3309.6 MB, Reserved: 117540.0 MB (Δ: +1687.0 MB)
[2025-11-18 16:05:40][INFO][Rank 0] - train Epoch 10/24: 9.8% (190/1936)
[2025-11-18 16:05:47][INFO][Rank 0] - train Epoch 10/24: 10.3% (200/1936)
[2025-11-18 16:05:54][INFO][Rank 0] - train Epoch 10/24: 10.8% (210/1936)
[2025-11-18 16:06:01][INFO][Rank 0] - train Epoch 10/24: 11.4% (220/1936)
[2025-11-18 16:06:08][INFO][Rank 0] - train Epoch 10/24: 11.9% (230/1936)
[2025-11-18 16:06:15][INFO][Rank 0] - train Epoch 10/24: 12.4% (240/1936)
[2025-11-18 16:06:23][INFO][Rank 0] - train Epoch 10/24: 12.9% (250/1936)
[2025-11-18 16:06:30][INFO][Rank 0] - train Epoch 10/24: 13.4% (260/1936)
[2025-11-18 16:06:37][INFO][Rank 0] - train Epoch 10/24: 13.9% (270/1936)
[2025-11-18 16:06:37][INFO][Rank 0] - CUDA Memory [train][Step 270]: Device 0: Allocated: 3309.6 MB, Reserved: 117540.0 MB (Δ: +1687.0 MB)
[2025-11-18 16:06:44][INFO][Rank 0] - train Epoch 10/24: 14.5% (280/1936)
[2025-11-18 16:06:51][INFO][Rank 0] - train Epoch 10/24: 15.0% (290/1936)
[2025-11-18 16:06:58][INFO][Rank 0] - train Epoch 10/24: 15.5% (300/1936)
[2025-11-18 16:07:05][INFO][Rank 0] - train Epoch 10/24: 16.0% (310/1936)
[2025-11-18 16:07:12][INFO][Rank 0] - train Epoch 10/24: 16.5% (320/1936)
[2025-11-18 16:07:19][INFO][Rank 0] - train Epoch 10/24: 17.0% (330/1936)
[2025-11-18 16:07:26][INFO][Rank 0] - train Epoch 10/24: 17.6% (340/1936)
[2025-11-18 16:07:33][INFO][Rank 0] - train Epoch 10/24: 18.1% (350/1936)
[2025-11-18 16:07:40][INFO][Rank 0] - train Epoch 10/24: 18.6% (360/1936)
[2025-11-18 16:07:41][INFO][Rank 0] - CUDA Memory [train][Step 360]: Device 0: Allocated: 3309.6 MB, Reserved: 117540.0 MB (Δ: +1687.0 MB)
[2025-11-18 16:07:47][INFO][Rank 0] - train Epoch 10/24: 19.1% (370/1936)
[2025-11-18 16:07:54][INFO][Rank 0] - train Epoch 10/24: 19.6% (380/1936)
[2025-11-18 16:08:01][INFO][Rank 0] - train Epoch 10/24: 20.1% (390/1936)
[2025-11-18 16:08:08][INFO][Rank 0] - train Epoch 10/24: 20.7% (400/1936)
[2025-11-18 16:08:15][INFO][Rank 0] - train Epoch 10/24: 21.2% (410/1936)
[2025-11-18 16:08:22][INFO][Rank 0] - train Epoch 10/24: 21.7% (420/1936)
[2025-11-18 16:08:29][INFO][Rank 0] - train Epoch 10/24: 22.2% (430/1936)
[2025-11-18 16:08:37][INFO][Rank 0] - train Epoch 10/24: 22.7% (440/1936)
[2025-11-18 16:08:44][INFO][Rank 0] - train Epoch 10/24: 23.2% (450/1936)
[2025-11-18 16:08:44][INFO][Rank 0] - CUDA Memory [train][Step 450]: Device 0: Allocated: 3309.6 MB, Reserved: 117540.0 MB (Δ: +1687.0 MB)
[2025-11-18 16:08:51][INFO][Rank 0] - train Epoch 10/24: 23.8% (460/1936)
[2025-11-18 16:08:58][INFO][Rank 0] - train Epoch 10/24: 24.3% (470/1936)
[2025-11-18 16:09:05][INFO][Rank 0] - train Epoch 10/24: 24.8% (480/1936)
[2025-11-18 16:09:12][INFO][Rank 0] - train Epoch 10/24: 25.3% (490/1936)
[2025-11-18 16:09:19][INFO][Rank 0] - train Epoch 10/24: 25.8% (500/1936)
[2025-11-18 16:09:26][INFO][Rank 0] - train Epoch 10/24: 26.3% (510/1936)
[2025-11-18 16:09:33][INFO][Rank 0] - train Epoch 10/24: 26.9% (520/1936)
[2025-11-18 16:09:40][INFO][Rank 0] - train Epoch 10/24: 27.4% (530/1936)
[2025-11-18 16:09:47][INFO][Rank 0] - train Epoch 10/24: 27.9% (540/1936)
[2025-11-18 16:09:48][INFO][Rank 0] - CUDA Memory [train][Step 540]: Device 0: Allocated: 3309.6 MB, Reserved: 117540.0 MB (Δ: +1687.0 MB)
[2025-11-18 16:09:54][INFO][Rank 0] - train Epoch 10/24: 28.4% (550/1936)
[2025-11-18 16:10:01][INFO][Rank 0] - train Epoch 10/24: 28.9% (560/1936)
[2025-11-18 16:10:08][INFO][Rank 0] - train Epoch 10/24: 29.4% (570/1936)
[2025-11-18 16:10:15][INFO][Rank 0] - train Epoch 10/24: 30.0% (580/1936)
[2025-11-18 16:10:22][INFO][Rank 0] - train Epoch 10/24: 30.5% (590/1936)
[2025-11-18 16:10:29][INFO][Rank 0] - train Epoch 10/24: 31.0% (600/1936)
[2025-11-18 16:10:36][INFO][Rank 0] - train Epoch 10/24: 31.5% (610/1936)
[2025-11-18 16:10:43][INFO][Rank 0] - train Epoch 10/24: 32.0% (620/1936)
[2025-11-18 16:10:51][INFO][Rank 0] - train Epoch 10/24: 32.5% (630/1936)
[2025-11-18 16:10:51][INFO][Rank 0] - CUDA Memory [train][Step 630]: Device 0: Allocated: 3309.6 MB, Reserved: 117540.0 MB (Δ: +1687.0 MB)
[2025-11-18 16:10:58][INFO][Rank 0] - train Epoch 10/24: 33.1% (640/1936)
[2025-11-18 16:11:05][INFO][Rank 0] - train Epoch 10/24: 33.6% (650/1936)
[2025-11-18 16:11:12][INFO][Rank 0] - train Epoch 10/24: 34.1% (660/1936)
[2025-11-18 16:11:19][INFO][Rank 0] - train Epoch 10/24: 34.6% (670/1936)
[2025-11-18 16:11:26][INFO][Rank 0] - train Epoch 10/24: 35.1% (680/1936)
[2025-11-18 16:11:33][INFO][Rank 0] - train Epoch 10/24: 35.6% (690/1936)
[2025-11-18 16:11:40][INFO][Rank 0] - train Epoch 10/24: 36.2% (700/1936)
[2025-11-18 16:11:47][INFO][Rank 0] - train Epoch 10/24: 36.7% (710/1936)
[2025-11-18 16:11:54][INFO][Rank 0] - train Epoch 10/24: 37.2% (720/1936)
[2025-11-18 16:11:55][INFO][Rank 0] - CUDA Memory [train][Step 720]: Device 0: Allocated: 3309.6 MB, Reserved: 117540.0 MB (Δ: +1687.0 MB)
[2025-11-18 16:12:01][INFO][Rank 0] - train Epoch 10/24: 37.7% (730/1936)
[2025-11-18 16:12:08][INFO][Rank 0] - train Epoch 10/24: 38.2% (740/1936)
[2025-11-18 16:12:15][INFO][Rank 0] - train Epoch 10/24: 38.7% (750/1936)
[2025-11-18 16:12:22][INFO][Rank 0] - train Epoch 10/24: 39.3% (760/1936)
[2025-11-18 16:12:29][INFO][Rank 0] - train Epoch 10/24: 39.8% (770/1936)
[2025-11-18 16:12:36][INFO][Rank 0] - train Epoch 10/24: 40.3% (780/1936)
[2025-11-18 16:12:43][INFO][Rank 0] - train Epoch 10/24: 40.8% (790/1936)
[2025-11-18 16:12:50][INFO][Rank 0] - train Epoch 10/24: 41.3% (800/1936)
[2025-11-18 16:12:58][INFO][Rank 0] - train Epoch 10/24: 41.8% (810/1936)
[2025-11-18 16:12:58][INFO][Rank 0] - CUDA Memory [train][Step 810]: Device 0: Allocated: 3309.6 MB, Reserved: 117540.0 MB (Δ: +1687.0 MB)
[2025-11-18 16:13:05][INFO][Rank 0] - train Epoch 10/24: 42.4% (820/1936)
[2025-11-18 16:13:12][INFO][Rank 0] - train Epoch 10/24: 42.9% (830/1936)
[2025-11-18 16:13:19][INFO][Rank 0] - train Epoch 10/24: 43.4% (840/1936)
[2025-11-18 16:13:26][INFO][Rank 0] - train Epoch 10/24: 43.9% (850/1936)
[2025-11-18 16:13:33][INFO][Rank 0] - train Epoch 10/24: 44.4% (860/1936)
[2025-11-18 16:13:40][INFO][Rank 0] - train Epoch 10/24: 44.9% (870/1936)
[2025-11-18 16:13:47][INFO][Rank 0] - train Epoch 10/24: 45.5% (880/1936)
[2025-11-18 16:13:54][INFO][Rank 0] - train Epoch 10/24: 46.0% (890/1936)
[2025-11-18 16:14:01][INFO][Rank 0] - train Epoch 10/24: 46.5% (900/1936)
[2025-11-18 16:14:02][INFO][Rank 0] - CUDA Memory [train][Step 900]: Device 0: Allocated: 3309.6 MB, Reserved: 117540.0 MB (Δ: +1687.0 MB)
[2025-11-18 16:14:08][INFO][Rank 0] - train Epoch 10/24: 47.0% (910/1936)
[2025-11-18 16:14:15][INFO][Rank 0] - train Epoch 10/24: 47.5% (920/1936)
[2025-11-18 16:14:22][INFO][Rank 0] - train Epoch 10/24: 48.0% (930/1936)
[2025-11-18 16:14:29][INFO][Rank 0] - train Epoch 10/24: 48.6% (940/1936)
[2025-11-18 16:14:36][INFO][Rank 0] - train Epoch 10/24: 49.1% (950/1936)
[2025-11-18 16:14:43][INFO][Rank 0] - train Epoch 10/24: 49.6% (960/1936)
[2025-11-18 16:14:50][INFO][Rank 0] - train Epoch 10/24: 50.1% (970/1936)
[2025-11-18 16:14:57][INFO][Rank 0] - train Epoch 10/24: 50.6% (980/1936)
[2025-11-18 16:15:04][INFO][Rank 0] - train Epoch 10/24: 51.1% (990/1936)
[2025-11-18 16:15:05][INFO][Rank 0] - CUDA Memory [train][Step 990]: Device 0: Allocated: 3309.6 MB, Reserved: 117540.0 MB (Δ: +1687.0 MB)
[2025-11-18 16:15:12][INFO][Rank 0] - train Epoch 10/24: 51.7% (1000/1936)
[2025-11-18 16:15:19][INFO][Rank 0] - train Epoch 10/24: 52.2% (1010/1936)
[2025-11-18 16:15:26][INFO][Rank 0] - train Epoch 10/24: 52.7% (1020/1936)
[2025-11-18 16:15:33][INFO][Rank 0] - train Epoch 10/24: 53.2% (1030/1936)
[2025-11-18 16:15:40][INFO][Rank 0] - train Epoch 10/24: 53.7% (1040/1936)
[2025-11-18 16:15:47][INFO][Rank 0] - train Epoch 10/24: 54.2% (1050/1936)
[2025-11-18 16:15:54][INFO][Rank 0] - train Epoch 10/24: 54.8% (1060/1936)
[2025-11-18 16:16:01][INFO][Rank 0] - train Epoch 10/24: 55.3% (1070/1936)
[2025-11-18 16:16:08][INFO][Rank 0] - train Epoch 10/24: 55.8% (1080/1936)
[2025-11-18 16:16:09][INFO][Rank 0] - CUDA Memory [train][Step 1080]: Device 0: Allocated: 3309.6 MB, Reserved: 117540.0 MB (Δ: +1687.0 MB)
[2025-11-18 16:16:15][INFO][Rank 0] - train Epoch 10/24: 56.3% (1090/1936)
[2025-11-18 16:16:22][INFO][Rank 0] - train Epoch 10/24: 56.8% (1100/1936)
[2025-11-18 16:16:29][INFO][Rank 0] - train Epoch 10/24: 57.3% (1110/1936)
[2025-11-18 16:16:36][INFO][Rank 0] - train Epoch 10/24: 57.9% (1120/1936)
[2025-11-18 16:16:43][INFO][Rank 0] - train Epoch 10/24: 58.4% (1130/1936)
[2025-11-18 16:16:50][INFO][Rank 0] - train Epoch 10/24: 58.9% (1140/1936)
[2025-11-18 16:16:57][INFO][Rank 0] - train Epoch 10/24: 59.4% (1150/1936)
[2025-11-18 16:17:04][INFO][Rank 0] - train Epoch 10/24: 59.9% (1160/1936)
[2025-11-18 16:17:11][INFO][Rank 0] - train Epoch 10/24: 60.4% (1170/1936)
[2025-11-18 16:17:12][INFO][Rank 0] - CUDA Memory [train][Step 1170]: Device 0: Allocated: 3309.6 MB, Reserved: 117540.0 MB (Δ: +1687.0 MB)
[2025-11-18 16:17:18][INFO][Rank 0] - train Epoch 10/24: 61.0% (1180/1936)
[2025-11-18 16:17:26][INFO][Rank 0] - train Epoch 10/24: 61.5% (1190/1936)
[2025-11-18 16:17:33][INFO][Rank 0] - train Epoch 10/24: 62.0% (1200/1936)
[2025-11-18 16:17:40][INFO][Rank 0] - train Epoch 10/24: 62.5% (1210/1936)
[2025-11-18 16:17:47][INFO][Rank 0] - train Epoch 10/24: 63.0% (1220/1936)
[2025-11-18 16:17:54][INFO][Rank 0] - train Epoch 10/24: 63.5% (1230/1936)
[2025-11-18 16:18:01][INFO][Rank 0] - train Epoch 10/24: 64.0% (1240/1936)
[2025-11-18 16:18:08][INFO][Rank 0] - train Epoch 10/24: 64.6% (1250/1936)
[2025-11-18 16:18:15][INFO][Rank 0] - train Epoch 10/24: 65.1% (1260/1936)
[2025-11-18 16:18:16][INFO][Rank 0] - CUDA Memory [train][Step 1260]: Device 0: Allocated: 3309.6 MB, Reserved: 117540.0 MB (Δ: +1687.0 MB)
[2025-11-18 16:18:22][INFO][Rank 0] - train Epoch 10/24: 65.6% (1270/1936)
[2025-11-18 16:18:29][INFO][Rank 0] - train Epoch 10/24: 66.1% (1280/1936)
[2025-11-18 16:18:36][INFO][Rank 0] - train Epoch 10/24: 66.6% (1290/1936)
[2025-11-18 16:18:43][INFO][Rank 0] - train Epoch 10/24: 67.1% (1300/1936)
[2025-11-18 16:18:50][INFO][Rank 0] - train Epoch 10/24: 67.7% (1310/1936)
[2025-11-18 16:18:57][INFO][Rank 0] - train Epoch 10/24: 68.2% (1320/1936)
[2025-11-18 16:19:04][INFO][Rank 0] - train Epoch 10/24: 68.7% (1330/1936)
[2025-11-18 16:19:11][INFO][Rank 0] - train Epoch 10/24: 69.2% (1340/1936)
[2025-11-18 16:19:18][INFO][Rank 0] - train Epoch 10/24: 69.7% (1350/1936)
[2025-11-18 16:19:19][INFO][Rank 0] - CUDA Memory [train][Step 1350]: Device 0: Allocated: 3309.6 MB, Reserved: 117540.0 MB (Δ: +1687.0 MB)
[2025-11-18 16:19:25][INFO][Rank 0] - train Epoch 10/24: 70.2% (1360/1936)
[2025-11-18 16:19:32][INFO][Rank 0] - train Epoch 10/24: 70.8% (1370/1936)
[2025-11-18 16:19:40][INFO][Rank 0] - train Epoch 10/24: 71.3% (1380/1936)
[2025-11-18 16:19:47][INFO][Rank 0] - train Epoch 10/24: 71.8% (1390/1936)
[2025-11-18 16:19:54][INFO][Rank 0] - train Epoch 10/24: 72.3% (1400/1936)
[2025-11-18 16:20:01][INFO][Rank 0] - train Epoch 10/24: 72.8% (1410/1936)
[2025-11-18 16:20:08][INFO][Rank 0] - train Epoch 10/24: 73.3% (1420/1936)
[2025-11-18 16:20:15][INFO][Rank 0] - train Epoch 10/24: 73.9% (1430/1936)
[2025-11-18 16:20:22][INFO][Rank 0] - train Epoch 10/24: 74.4% (1440/1936)
[2025-11-18 16:20:23][INFO][Rank 0] - CUDA Memory [train][Step 1440]: Device 0: Allocated: 3309.6 MB, Reserved: 117540.0 MB (Δ: +1687.0 MB)
[2025-11-18 16:20:29][INFO][Rank 0] - train Epoch 10/24: 74.9% (1450/1936)
[2025-11-18 16:20:36][INFO][Rank 0] - train Epoch 10/24: 75.4% (1460/1936)
[2025-11-18 16:20:43][INFO][Rank 0] - train Epoch 10/24: 75.9% (1470/1936)
[2025-11-18 16:20:50][INFO][Rank 0] - train Epoch 10/24: 76.4% (1480/1936)
[2025-11-18 16:20:57][INFO][Rank 0] - train Epoch 10/24: 77.0% (1490/1936)
[2025-11-18 16:21:04][INFO][Rank 0] - train Epoch 10/24: 77.5% (1500/1936)
[2025-11-18 16:21:11][INFO][Rank 0] - train Epoch 10/24: 78.0% (1510/1936)
[2025-11-18 16:21:18][INFO][Rank 0] - train Epoch 10/24: 78.5% (1520/1936)
[2025-11-18 16:21:25][INFO][Rank 0] - train Epoch 10/24: 79.0% (1530/1936)
[2025-11-18 16:21:26][INFO][Rank 0] - CUDA Memory [train][Step 1530]: Device 0: Allocated: 3309.6 MB, Reserved: 117540.0 MB (Δ: +1687.0 MB)
[2025-11-18 16:21:32][INFO][Rank 0] - train Epoch 10/24: 79.5% (1540/1936)
[2025-11-18 16:21:39][INFO][Rank 0] - train Epoch 10/24: 80.1% (1550/1936)
[2025-11-18 16:21:46][INFO][Rank 0] - train Epoch 10/24: 80.6% (1560/1936)
[2025-11-18 16:21:54][INFO][Rank 0] - train Epoch 10/24: 81.1% (1570/1936)
[2025-11-18 16:22:01][INFO][Rank 0] - train Epoch 10/24: 81.6% (1580/1936)
[2025-11-18 16:22:08][INFO][Rank 0] - train Epoch 10/24: 82.1% (1590/1936)
[2025-11-18 16:22:15][INFO][Rank 0] - train Epoch 10/24: 82.6% (1600/1936)
[2025-11-18 16:22:22][INFO][Rank 0] - train Epoch 10/24: 83.2% (1610/1936)
[2025-11-18 16:22:29][INFO][Rank 0] - train Epoch 10/24: 83.7% (1620/1936)
[2025-11-18 16:22:29][INFO][Rank 0] - CUDA Memory [train][Step 1620]: Device 0: Allocated: 3309.6 MB, Reserved: 117540.0 MB (Δ: +1687.0 MB)
[2025-11-18 16:22:36][INFO][Rank 0] - train Epoch 10/24: 84.2% (1630/1936)
[2025-11-18 16:22:43][INFO][Rank 0] - train Epoch 10/24: 84.7% (1640/1936)
[2025-11-18 16:22:50][INFO][Rank 0] - train Epoch 10/24: 85.2% (1650/1936)
[2025-11-18 16:22:57][INFO][Rank 0] - train Epoch 10/24: 85.7% (1660/1936)
[2025-11-18 16:23:04][INFO][Rank 0] - train Epoch 10/24: 86.3% (1670/1936)
[2025-11-18 16:23:11][INFO][Rank 0] - train Epoch 10/24: 86.8% (1680/1936)
[2025-11-18 16:23:18][INFO][Rank 0] - train Epoch 10/24: 87.3% (1690/1936)
[2025-11-18 16:23:25][INFO][Rank 0] - train Epoch 10/24: 87.8% (1700/1936)
[2025-11-18 16:23:32][INFO][Rank 0] - train Epoch 10/24: 88.3% (1710/1936)
[2025-11-18 16:23:33][INFO][Rank 0] - CUDA Memory [train][Step 1710]: Device 0: Allocated: 3309.6 MB, Reserved: 117540.0 MB (Δ: +1687.0 MB)
[2025-11-18 16:23:39][INFO][Rank 0] - train Epoch 10/24: 88.8% (1720/1936)
[2025-11-18 16:23:46][INFO][Rank 0] - train Epoch 10/24: 89.4% (1730/1936)
[2025-11-18 16:23:53][INFO][Rank 0] - train Epoch 10/24: 89.9% (1740/1936)
[2025-11-18 16:24:00][INFO][Rank 0] - train Epoch 10/24: 90.4% (1750/1936)
[2025-11-18 16:24:08][INFO][Rank 0] - train Epoch 10/24: 90.9% (1760/1936)
[2025-11-18 16:24:15][INFO][Rank 0] - train Epoch 10/24: 91.4% (1770/1936)
[2025-11-18 16:24:22][INFO][Rank 0] - train Epoch 10/24: 91.9% (1780/1936)
[2025-11-18 16:24:29][INFO][Rank 0] - train Epoch 10/24: 92.5% (1790/1936)
[2025-11-18 16:24:36][INFO][Rank 0] - train Epoch 10/24: 93.0% (1800/1936)
[2025-11-18 16:24:36][INFO][Rank 0] - CUDA Memory [train][Step 1800]: Device 0: Allocated: 3309.6 MB, Reserved: 117540.0 MB (Δ: +1687.0 MB)
[2025-11-18 16:24:43][INFO][Rank 0] - train Epoch 10/24: 93.5% (1810/1936)
[2025-11-18 16:24:50][INFO][Rank 0] - train Epoch 10/24: 94.0% (1820/1936)
[2025-11-18 16:24:57][INFO][Rank 0] - train Epoch 10/24: 94.5% (1830/1936)
[2025-11-18 16:25:04][INFO][Rank 0] - train Epoch 10/24: 95.0% (1840/1936)
[2025-11-18 16:25:11][INFO][Rank 0] - train Epoch 10/24: 95.6% (1850/1936)
[2025-11-18 16:25:18][INFO][Rank 0] - train Epoch 10/24: 96.1% (1860/1936)
[2025-11-18 16:25:25][INFO][Rank 0] - train Epoch 10/24: 96.6% (1870/1936)
[2025-11-18 16:25:32][INFO][Rank 0] - train Epoch 10/24: 97.1% (1880/1936)
[2025-11-18 16:25:39][INFO][Rank 0] - train Epoch 10/24: 97.6% (1890/1936)
[2025-11-18 16:25:40][INFO][Rank 0] - CUDA Memory [train][Step 1890]: Device 0: Allocated: 3309.6 MB, Reserved: 117540.0 MB (Δ: +1687.0 MB)
[2025-11-18 16:25:46][INFO][Rank 0] - train Epoch 10/24: 98.1% (1900/1936)
[2025-11-18 16:25:53][INFO][Rank 0] - train Epoch 10/24: 98.7% (1910/1936)
[2025-11-18 16:26:00][INFO][Rank 0] - train Epoch 10/24: 99.2% (1920/1936)
[2025-11-18 16:26:07][INFO][Rank 0] - train Epoch 10/24: 99.7% (1930/1936)
[2025-11-18 16:26:11][INFO][Rank 0] - train Epoch 10/24: 99.9% (1935/1936)
[2025-11-18 16:26:12][INFO][Rank 0] - train Loss: 0.1595 Acc: 0.9742 F1: 0.9866
[2025-11-18 16:26:12][INFO][Rank 0] - train Balanced Acc: 0.9005 AUC-ROC: 0.9655
[2025-11-18 16:26:12][INFO][Rank 0] - train Sensitivity: 0.9782 Specificity: 0.8227
[2025-11-18 16:26:12][INFO][Rank 0] - train Confusion Matrix: TP=18447, FP=89, FN=411, TN=413
[2025-11-18 16:26:12][INFO][Rank 0] - train completed in 1365.83s
[2025-11-18 16:26:12][INFO][Rank 0] - Data loading time: 0.89s, Forward time: 278.09s, Backward time: 739.73s
[2025-11-18 16:26:12][INFO][Rank 0] - train cache: 0/1 items, hit rate: 0.00%
[2025-11-18 16:26:12][INFO][Rank 0] - CUDA Memory [val][Step 0]: Device 0: Allocated: 3309.6 MB, Reserved: 117540.0 MB (Δ: +1687.0 MB)
[2025-11-18 16:26:12][INFO][Rank 0] - val phase: total 418 batches
[2025-11-18 16:26:12][INFO][Rank 0] - val Epoch 10/24: 0.0% (0/418)
[2025-11-18 16:26:17][INFO][Rank 0] - val Epoch 10/24: 2.4% (10/418)
[2025-11-18 16:26:22][INFO][Rank 0] - val Epoch 10/24: 4.8% (20/418)
[2025-11-18 16:26:27][INFO][Rank 0] - val Epoch 10/24: 7.2% (30/418)
[2025-11-18 16:26:32][INFO][Rank 0] - val Epoch 10/24: 9.6% (40/418)
[2025-11-18 16:26:37][INFO][Rank 0] - val Epoch 10/24: 12.0% (50/418)
[2025-11-18 16:26:42][INFO][Rank 0] - val Epoch 10/24: 14.4% (60/418)
[2025-11-18 16:26:47][INFO][Rank 0] - val Epoch 10/24: 16.7% (70/418)
[2025-11-18 16:26:52][INFO][Rank 0] - val Epoch 10/24: 19.1% (80/418)
[2025-11-18 16:26:57][INFO][Rank 0] - val Epoch 10/24: 21.5% (90/418)
[2025-11-18 16:27:02][INFO][Rank 0] - val Epoch 10/24: 23.9% (100/418)
[2025-11-18 16:27:07][INFO][Rank 0] - val Epoch 10/24: 26.3% (110/418)
[2025-11-18 16:27:12][INFO][Rank 0] - val Epoch 10/24: 28.7% (120/418)
[2025-11-18 16:27:13][INFO][Rank 0] - CUDA Memory [val][Step 120]: Device 0: Allocated: 3309.6 MB, Reserved: 117540.0 MB (Δ: +1687.0 MB)
[2025-11-18 16:27:17][INFO][Rank 0] - val Epoch 10/24: 31.1% (130/418)
[2025-11-18 16:27:22][INFO][Rank 0] - val Epoch 10/24: 33.5% (140/418)
[2025-11-18 16:27:27][INFO][Rank 0] - val Epoch 10/24: 35.9% (150/418)
[2025-11-18 16:27:32][INFO][Rank 0] - val Epoch 10/24: 38.3% (160/418)
[2025-11-18 16:27:37][INFO][Rank 0] - val Epoch 10/24: 40.7% (170/418)
[2025-11-18 16:27:42][INFO][Rank 0] - val Epoch 10/24: 43.1% (180/418)
[2025-11-18 16:27:47][INFO][Rank 0] - val Epoch 10/24: 45.5% (190/418)
[2025-11-18 16:27:52][INFO][Rank 0] - val Epoch 10/24: 47.8% (200/418)
[2025-11-18 16:27:57][INFO][Rank 0] - val Epoch 10/24: 50.2% (210/418)
[2025-11-18 16:28:02][INFO][Rank 0] - val Epoch 10/24: 52.6% (220/418)
[2025-11-18 16:28:07][INFO][Rank 0] - val Epoch 10/24: 55.0% (230/418)
[2025-11-18 16:28:12][INFO][Rank 0] - val Epoch 10/24: 57.4% (240/418)
[2025-11-18 16:28:13][INFO][Rank 0] - CUDA Memory [val][Step 240]: Device 0: Allocated: 3309.6 MB, Reserved: 117540.0 MB (Δ: +1687.0 MB)
[2025-11-18 16:28:17][INFO][Rank 0] - val Epoch 10/24: 59.8% (250/418)
[2025-11-18 16:28:22][INFO][Rank 0] - val Epoch 10/24: 62.2% (260/418)
[2025-11-18 16:28:27][INFO][Rank 0] - val Epoch 10/24: 64.6% (270/418)
[2025-11-18 16:28:32][INFO][Rank 0] - val Epoch 10/24: 67.0% (280/418)
[2025-11-18 16:28:37][INFO][Rank 0] - val Epoch 10/24: 69.4% (290/418)
[2025-11-18 16:28:42][INFO][Rank 0] - val Epoch 10/24: 71.8% (300/418)
[2025-11-18 16:28:47][INFO][Rank 0] - val Epoch 10/24: 74.2% (310/418)
[2025-11-18 16:28:52][INFO][Rank 0] - val Epoch 10/24: 76.6% (320/418)
[2025-11-18 16:28:58][INFO][Rank 0] - val Epoch 10/24: 78.9% (330/418)
[2025-11-18 16:29:03][INFO][Rank 0] - val Epoch 10/24: 81.3% (340/418)
[2025-11-18 16:29:08][INFO][Rank 0] - val Epoch 10/24: 83.7% (350/418)
[2025-11-18 16:29:13][INFO][Rank 0] - val Epoch 10/24: 86.1% (360/418)
[2025-11-18 16:29:13][INFO][Rank 0] - CUDA Memory [val][Step 360]: Device 0: Allocated: 3309.6 MB, Reserved: 117540.0 MB (Δ: +1687.0 MB)
[2025-11-18 16:29:18][INFO][Rank 0] - val Epoch 10/24: 88.5% (370/418)
[2025-11-18 16:29:23][INFO][Rank 0] - val Epoch 10/24: 90.9% (380/418)
[2025-11-18 16:29:28][INFO][Rank 0] - val Epoch 10/24: 93.3% (390/418)
[2025-11-18 16:29:33][INFO][Rank 0] - val Epoch 10/24: 95.7% (400/418)
[2025-11-18 16:29:38][INFO][Rank 0] - val Epoch 10/24: 98.1% (410/418)
[2025-11-18 16:29:41][INFO][Rank 0] - val Epoch 10/24: 99.8% (417/418)
[2025-11-18 16:29:42][INFO][Rank 0] - val Loss: 0.1089 Acc: 0.9739 F1: 0.9865
[2025-11-18 16:29:42][INFO][Rank 0] - val Balanced Acc: 0.8791 AUC-ROC: 0.9805
[2025-11-18 16:29:42][INFO][Rank 0] - val Sensitivity: 0.9793 Specificity: 0.7788
[2025-11-18 16:29:42][INFO][Rank 0] - val Confusion Matrix: TP=3983, FP=25, FN=84, TN=88
[2025-11-18 16:29:42][INFO][Rank 0] - val completed in 210.08s
[2025-11-18 16:29:42][INFO][Rank 0] - val cache: 0/1 items, hit rate: 0.00%
[2025-11-18 16:29:46][INFO][Rank 0] - Saved new best auc model with auc: 0.9805 at /projects/retprogression/rgarridogarcia/checkpoints/cropped1024_cropped_centered_allR_4/best_auc_model.pth
[2025-11-18 16:29:49][INFO][Rank 0] - Saved epoch checkpoint at /projects/retprogression/rgarridogarcia/checkpoints/cropped1024_cropped_centered_allR_4/epoch_10.pth
[2025-11-18 16:29:49][INFO][Rank 0] - Epoch 10 summary:
[2025-11-18 16:29:49][INFO][Rank 0] -  Train Loss: 0.1595, Train Acc: 0.9742, Train F1: 0.9866
[2025-11-18 16:29:49][INFO][Rank 0] -  Train Balanced Acc: 0.9005, Train AUC: 0.9655
[2025-11-18 16:29:49][INFO][Rank 0] -  Train Sensitivity: 0.9782, Train Specificity: 0.8227
[2025-11-18 16:29:49][INFO][Rank 0] -  Val Loss: 0.1089, Val Acc: 0.9739, Val F1: 0.9865
[2025-11-18 16:29:49][INFO][Rank 0] -  Val Balanced Acc: 0.8791, Val AUC: 0.9805
[2025-11-18 16:29:49][INFO][Rank 0] -  Val Sensitivity: 0.9793, Val Specificity: 0.7788
[2025-11-18 16:29:49][INFO][Rank 0] -  Total Epoch Time: 1583.47s
[2025-11-18 16:29:49][INFO][Rank 0] - Epoch 11/24
[2025-11-18 16:29:49][INFO][Rank 0] - ----------
[2025-11-18 16:29:49][INFO][Rank 0] - CUDA Memory [train][Step 0]: Device 0: Allocated: 3309.6 MB, Reserved: 117540.0 MB (Δ: +1687.0 MB)
[2025-11-18 16:29:49][INFO][Rank 0] - train phase: total 1936 batches
[2025-11-18 16:29:50][INFO][Rank 0] - train Epoch 11/24: 0.0% (0/1936)
[2025-11-18 16:29:57][INFO][Rank 0] - train Epoch 11/24: 0.5% (10/1936)
[2025-11-18 16:30:04][INFO][Rank 0] - train Epoch 11/24: 1.0% (20/1936)
[2025-11-18 16:30:11][INFO][Rank 0] - train Epoch 11/24: 1.5% (30/1936)
[2025-11-18 16:30:18][INFO][Rank 0] - train Epoch 11/24: 2.1% (40/1936)
[2025-11-18 16:30:25][INFO][Rank 0] - train Epoch 11/24: 2.6% (50/1936)
[2025-11-18 16:30:32][INFO][Rank 0] - train Epoch 11/24: 3.1% (60/1936)
[2025-11-18 16:30:39][INFO][Rank 0] - train Epoch 11/24: 3.6% (70/1936)
[2025-11-18 16:30:46][INFO][Rank 0] - train Epoch 11/24: 4.1% (80/1936)
[2025-11-18 16:30:53][INFO][Rank 0] - train Epoch 11/24: 4.6% (90/1936)
[2025-11-18 16:30:54][INFO][Rank 0] - CUDA Memory [train][Step 90]: Device 0: Allocated: 3309.6 MB, Reserved: 117540.0 MB (Δ: +1687.0 MB)
[2025-11-18 16:31:00][INFO][Rank 0] - train Epoch 11/24: 5.2% (100/1936)
[2025-11-18 16:31:07][INFO][Rank 0] - train Epoch 11/24: 5.7% (110/1936)
[2025-11-18 16:31:15][INFO][Rank 0] - train Epoch 11/24: 6.2% (120/1936)
[2025-11-18 16:31:22][INFO][Rank 0] - train Epoch 11/24: 6.7% (130/1936)
[2025-11-18 16:31:29][INFO][Rank 0] - train Epoch 11/24: 7.2% (140/1936)
[2025-11-18 16:31:36][INFO][Rank 0] - train Epoch 11/24: 7.7% (150/1936)
[2025-11-18 16:31:43][INFO][Rank 0] - train Epoch 11/24: 8.3% (160/1936)
[2025-11-18 16:31:50][INFO][Rank 0] - train Epoch 11/24: 8.8% (170/1936)
[2025-11-18 16:31:57][INFO][Rank 0] - train Epoch 11/24: 9.3% (180/1936)
[2025-11-18 16:31:58][INFO][Rank 0] - CUDA Memory [train][Step 180]: Device 0: Allocated: 3309.6 MB, Reserved: 117540.0 MB (Δ: +1687.0 MB)
[2025-11-18 16:32:04][INFO][Rank 0] - train Epoch 11/24: 9.8% (190/1936)
[2025-11-18 16:32:11][INFO][Rank 0] - train Epoch 11/24: 10.3% (200/1936)
[2025-11-18 16:32:18][INFO][Rank 0] - train Epoch 11/24: 10.8% (210/1936)
[2025-11-18 16:32:25][INFO][Rank 0] - train Epoch 11/24: 11.4% (220/1936)
[2025-11-18 16:32:32][INFO][Rank 0] - train Epoch 11/24: 11.9% (230/1936)
[2025-11-18 16:32:39][INFO][Rank 0] - train Epoch 11/24: 12.4% (240/1936)
[2025-11-18 16:32:46][INFO][Rank 0] - train Epoch 11/24: 12.9% (250/1936)
[2025-11-18 16:32:53][INFO][Rank 0] - train Epoch 11/24: 13.4% (260/1936)
[2025-11-18 16:33:00][INFO][Rank 0] - train Epoch 11/24: 13.9% (270/1936)
[2025-11-18 16:33:01][INFO][Rank 0] - CUDA Memory [train][Step 270]: Device 0: Allocated: 3309.6 MB, Reserved: 117540.0 MB (Δ: +1687.0 MB)
[2025-11-18 16:33:07][INFO][Rank 0] - train Epoch 11/24: 14.5% (280/1936)
[2025-11-18 16:33:14][INFO][Rank 0] - train Epoch 11/24: 15.0% (290/1936)
[2025-11-18 16:33:22][INFO][Rank 0] - train Epoch 11/24: 15.5% (300/1936)
[2025-11-18 16:33:29][INFO][Rank 0] - train Epoch 11/24: 16.0% (310/1936)
[2025-11-18 16:33:36][INFO][Rank 0] - train Epoch 11/24: 16.5% (320/1936)
[2025-11-18 16:33:43][INFO][Rank 0] - train Epoch 11/24: 17.0% (330/1936)
[2025-11-18 16:33:50][INFO][Rank 0] - train Epoch 11/24: 17.6% (340/1936)
[2025-11-18 16:33:57][INFO][Rank 0] - train Epoch 11/24: 18.1% (350/1936)
[2025-11-18 16:34:04][INFO][Rank 0] - train Epoch 11/24: 18.6% (360/1936)
[2025-11-18 16:34:05][INFO][Rank 0] - CUDA Memory [train][Step 360]: Device 0: Allocated: 3309.6 MB, Reserved: 117540.0 MB (Δ: +1687.0 MB)
[2025-11-18 16:34:11][INFO][Rank 0] - train Epoch 11/24: 19.1% (370/1936)
[2025-11-18 16:34:18][INFO][Rank 0] - train Epoch 11/24: 19.6% (380/1936)
[2025-11-18 16:34:25][INFO][Rank 0] - train Epoch 11/24: 20.1% (390/1936)
[2025-11-18 16:34:32][INFO][Rank 0] - train Epoch 11/24: 20.7% (400/1936)
[2025-11-18 16:34:39][INFO][Rank 0] - train Epoch 11/24: 21.2% (410/1936)
[2025-11-18 16:34:46][INFO][Rank 0] - train Epoch 11/24: 21.7% (420/1936)
[2025-11-18 16:34:53][INFO][Rank 0] - train Epoch 11/24: 22.2% (430/1936)
[2025-11-18 16:35:00][INFO][Rank 0] - train Epoch 11/24: 22.7% (440/1936)
[2025-11-18 16:35:07][INFO][Rank 0] - train Epoch 11/24: 23.2% (450/1936)
[2025-11-18 16:35:08][INFO][Rank 0] - CUDA Memory [train][Step 450]: Device 0: Allocated: 3309.6 MB, Reserved: 117540.0 MB (Δ: +1687.0 MB)
[2025-11-18 16:35:14][INFO][Rank 0] - train Epoch 11/24: 23.8% (460/1936)
[2025-11-18 16:35:21][INFO][Rank 0] - train Epoch 11/24: 24.3% (470/1936)
[2025-11-18 16:35:28][INFO][Rank 0] - train Epoch 11/24: 24.8% (480/1936)
[2025-11-18 16:35:36][INFO][Rank 0] - train Epoch 11/24: 25.3% (490/1936)
[2025-11-18 16:35:43][INFO][Rank 0] - train Epoch 11/24: 25.8% (500/1936)
[2025-11-18 16:35:50][INFO][Rank 0] - train Epoch 11/24: 26.3% (510/1936)
[2025-11-18 16:35:57][INFO][Rank 0] - train Epoch 11/24: 26.9% (520/1936)
[2025-11-18 16:36:04][INFO][Rank 0] - train Epoch 11/24: 27.4% (530/1936)
[2025-11-18 16:36:11][INFO][Rank 0] - train Epoch 11/24: 27.9% (540/1936)
[2025-11-18 16:36:12][INFO][Rank 0] - CUDA Memory [train][Step 540]: Device 0: Allocated: 3309.6 MB, Reserved: 117540.0 MB (Δ: +1687.0 MB)
[2025-11-18 16:36:18][INFO][Rank 0] - train Epoch 11/24: 28.4% (550/1936)
[2025-11-18 16:36:25][INFO][Rank 0] - train Epoch 11/24: 28.9% (560/1936)
[2025-11-18 16:36:32][INFO][Rank 0] - train Epoch 11/24: 29.4% (570/1936)
[2025-11-18 16:36:39][INFO][Rank 0] - train Epoch 11/24: 30.0% (580/1936)
[2025-11-18 16:36:46][INFO][Rank 0] - train Epoch 11/24: 30.5% (590/1936)
[2025-11-18 16:36:53][INFO][Rank 0] - train Epoch 11/24: 31.0% (600/1936)
[2025-11-18 16:37:00][INFO][Rank 0] - train Epoch 11/24: 31.5% (610/1936)
[2025-11-18 16:37:07][INFO][Rank 0] - train Epoch 11/24: 32.0% (620/1936)
[2025-11-18 16:37:14][INFO][Rank 0] - train Epoch 11/24: 32.5% (630/1936)
[2025-11-18 16:37:15][INFO][Rank 0] - CUDA Memory [train][Step 630]: Device 0: Allocated: 3309.6 MB, Reserved: 117540.0 MB (Δ: +1687.0 MB)
[2025-11-18 16:37:21][INFO][Rank 0] - train Epoch 11/24: 33.1% (640/1936)
[2025-11-18 16:37:28][INFO][Rank 0] - train Epoch 11/24: 33.6% (650/1936)
[2025-11-18 16:37:35][INFO][Rank 0] - train Epoch 11/24: 34.1% (660/1936)
[2025-11-18 16:37:42][INFO][Rank 0] - train Epoch 11/24: 34.6% (670/1936)
[2025-11-18 16:37:50][INFO][Rank 0] - train Epoch 11/24: 35.1% (680/1936)
[2025-11-18 16:37:57][INFO][Rank 0] - train Epoch 11/24: 35.6% (690/1936)
[2025-11-18 16:38:04][INFO][Rank 0] - train Epoch 11/24: 36.2% (700/1936)
[2025-11-18 16:38:11][INFO][Rank 0] - train Epoch 11/24: 36.7% (710/1936)
[2025-11-18 16:38:18][INFO][Rank 0] - train Epoch 11/24: 37.2% (720/1936)
[2025-11-18 16:38:19][INFO][Rank 0] - CUDA Memory [train][Step 720]: Device 0: Allocated: 3309.6 MB, Reserved: 117540.0 MB (Δ: +1687.0 MB)
[2025-11-18 16:38:25][INFO][Rank 0] - train Epoch 11/24: 37.7% (730/1936)
[2025-11-18 16:38:32][INFO][Rank 0] - train Epoch 11/24: 38.2% (740/1936)
[2025-11-18 16:38:39][INFO][Rank 0] - train Epoch 11/24: 38.7% (750/1936)
[2025-11-18 16:38:46][INFO][Rank 0] - train Epoch 11/24: 39.3% (760/1936)
[2025-11-18 16:38:53][INFO][Rank 0] - train Epoch 11/24: 39.8% (770/1936)
[2025-11-18 16:39:00][INFO][Rank 0] - train Epoch 11/24: 40.3% (780/1936)
[2025-11-18 16:39:07][INFO][Rank 0] - train Epoch 11/24: 40.8% (790/1936)
[2025-11-18 16:39:14][INFO][Rank 0] - train Epoch 11/24: 41.3% (800/1936)
[2025-11-18 16:39:21][INFO][Rank 0] - train Epoch 11/24: 41.8% (810/1936)
[2025-11-18 16:39:22][INFO][Rank 0] - CUDA Memory [train][Step 810]: Device 0: Allocated: 3309.6 MB, Reserved: 117540.0 MB (Δ: +1687.0 MB)
[2025-11-18 16:39:28][INFO][Rank 0] - train Epoch 11/24: 42.4% (820/1936)
[2025-11-18 16:39:35][INFO][Rank 0] - train Epoch 11/24: 42.9% (830/1936)
[2025-11-18 16:39:42][INFO][Rank 0] - train Epoch 11/24: 43.4% (840/1936)
[2025-11-18 16:39:50][INFO][Rank 0] - train Epoch 11/24: 43.9% (850/1936)
[2025-11-18 16:39:57][INFO][Rank 0] - train Epoch 11/24: 44.4% (860/1936)
[2025-11-18 16:40:04][INFO][Rank 0] - train Epoch 11/24: 44.9% (870/1936)
[2025-11-18 16:40:11][INFO][Rank 0] - train Epoch 11/24: 45.5% (880/1936)
[2025-11-18 16:40:18][INFO][Rank 0] - train Epoch 11/24: 46.0% (890/1936)
[2025-11-18 16:40:25][INFO][Rank 0] - train Epoch 11/24: 46.5% (900/1936)
[2025-11-18 16:40:26][INFO][Rank 0] - CUDA Memory [train][Step 900]: Device 0: Allocated: 3309.6 MB, Reserved: 117540.0 MB (Δ: +1687.0 MB)
[2025-11-18 16:40:32][INFO][Rank 0] - train Epoch 11/24: 47.0% (910/1936)
[2025-11-18 16:40:39][INFO][Rank 0] - train Epoch 11/24: 47.5% (920/1936)
[2025-11-18 16:40:46][INFO][Rank 0] - train Epoch 11/24: 48.0% (930/1936)
[2025-11-18 16:40:53][INFO][Rank 0] - train Epoch 11/24: 48.6% (940/1936)
[2025-11-18 16:41:00][INFO][Rank 0] - train Epoch 11/24: 49.1% (950/1936)
[2025-11-18 16:41:07][INFO][Rank 0] - train Epoch 11/24: 49.6% (960/1936)
[2025-11-18 16:41:14][INFO][Rank 0] - train Epoch 11/24: 50.1% (970/1936)
[2025-11-18 16:41:21][INFO][Rank 0] - train Epoch 11/24: 50.6% (980/1936)
[2025-11-18 16:41:28][INFO][Rank 0] - train Epoch 11/24: 51.1% (990/1936)
[2025-11-18 16:41:29][INFO][Rank 0] - CUDA Memory [train][Step 990]: Device 0: Allocated: 3309.6 MB, Reserved: 117540.0 MB (Δ: +1687.0 MB)
[2025-11-18 16:41:35][INFO][Rank 0] - train Epoch 11/24: 51.7% (1000/1936)
[2025-11-18 16:41:43][INFO][Rank 0] - train Epoch 11/24: 52.2% (1010/1936)
[2025-11-18 16:41:50][INFO][Rank 0] - train Epoch 11/24: 52.7% (1020/1936)
[2025-11-18 16:41:57][INFO][Rank 0] - train Epoch 11/24: 53.2% (1030/1936)
[2025-11-18 16:42:04][INFO][Rank 0] - train Epoch 11/24: 53.7% (1040/1936)
[2025-11-18 16:42:11][INFO][Rank 0] - train Epoch 11/24: 54.2% (1050/1936)
[2025-11-18 16:42:18][INFO][Rank 0] - train Epoch 11/24: 54.8% (1060/1936)
[2025-11-18 16:42:25][INFO][Rank 0] - train Epoch 11/24: 55.3% (1070/1936)
[2025-11-18 16:42:32][INFO][Rank 0] - train Epoch 11/24: 55.8% (1080/1936)
[2025-11-18 16:42:33][INFO][Rank 0] - CUDA Memory [train][Step 1080]: Device 0: Allocated: 3309.6 MB, Reserved: 117540.0 MB (Δ: +1687.0 MB)
[2025-11-18 16:42:39][INFO][Rank 0] - train Epoch 11/24: 56.3% (1090/1936)
[2025-11-18 16:42:46][INFO][Rank 0] - train Epoch 11/24: 56.8% (1100/1936)
[2025-11-18 16:42:53][INFO][Rank 0] - train Epoch 11/24: 57.3% (1110/1936)
[2025-11-18 16:43:00][INFO][Rank 0] - train Epoch 11/24: 57.9% (1120/1936)
[2025-11-18 16:43:07][INFO][Rank 0] - train Epoch 11/24: 58.4% (1130/1936)
[2025-11-18 16:43:14][INFO][Rank 0] - train Epoch 11/24: 58.9% (1140/1936)
[2025-11-18 16:43:21][INFO][Rank 0] - train Epoch 11/24: 59.4% (1150/1936)
[2025-11-18 16:43:28][INFO][Rank 0] - train Epoch 11/24: 59.9% (1160/1936)
[2025-11-18 16:43:35][INFO][Rank 0] - train Epoch 11/24: 60.4% (1170/1936)
[2025-11-18 16:43:36][INFO][Rank 0] - CUDA Memory [train][Step 1170]: Device 0: Allocated: 3309.6 MB, Reserved: 117540.0 MB (Δ: +1687.0 MB)
[2025-11-18 16:43:42][INFO][Rank 0] - train Epoch 11/24: 61.0% (1180/1936)
[2025-11-18 16:43:50][INFO][Rank 0] - train Epoch 11/24: 61.5% (1190/1936)
[2025-11-18 16:43:57][INFO][Rank 0] - train Epoch 11/24: 62.0% (1200/1936)
[2025-11-18 16:44:04][INFO][Rank 0] - train Epoch 11/24: 62.5% (1210/1936)
[2025-11-18 16:44:11][INFO][Rank 0] - train Epoch 11/24: 63.0% (1220/1936)
[2025-11-18 16:44:18][INFO][Rank 0] - train Epoch 11/24: 63.5% (1230/1936)
[2025-11-18 16:44:25][INFO][Rank 0] - train Epoch 11/24: 64.0% (1240/1936)
[2025-11-18 16:44:32][INFO][Rank 0] - train Epoch 11/24: 64.6% (1250/1936)
[2025-11-18 16:44:39][INFO][Rank 0] - train Epoch 11/24: 65.1% (1260/1936)
[2025-11-18 16:44:40][INFO][Rank 0] - CUDA Memory [train][Step 1260]: Device 0: Allocated: 3309.6 MB, Reserved: 117540.0 MB (Δ: +1687.0 MB)
[2025-11-18 16:44:46][INFO][Rank 0] - train Epoch 11/24: 65.6% (1270/1936)
[2025-11-18 16:44:53][INFO][Rank 0] - train Epoch 11/24: 66.1% (1280/1936)
[2025-11-18 16:45:00][INFO][Rank 0] - train Epoch 11/24: 66.6% (1290/1936)
[2025-11-18 16:45:07][INFO][Rank 0] - train Epoch 11/24: 67.1% (1300/1936)
[2025-11-18 16:45:14][INFO][Rank 0] - train Epoch 11/24: 67.7% (1310/1936)
[2025-11-18 16:45:21][INFO][Rank 0] - train Epoch 11/24: 68.2% (1320/1936)
[2025-11-18 16:45:28][INFO][Rank 0] - train Epoch 11/24: 68.7% (1330/1936)
[2025-11-18 16:45:35][INFO][Rank 0] - train Epoch 11/24: 69.2% (1340/1936)
[2025-11-18 16:45:42][INFO][Rank 0] - train Epoch 11/24: 69.7% (1350/1936)
[2025-11-18 16:45:43][INFO][Rank 0] - CUDA Memory [train][Step 1350]: Device 0: Allocated: 3309.6 MB, Reserved: 117540.0 MB (Δ: +1687.0 MB)
[2025-11-18 16:45:50][INFO][Rank 0] - train Epoch 11/24: 70.2% (1360/1936)
[2025-11-18 16:45:57][INFO][Rank 0] - train Epoch 11/24: 70.8% (1370/1936)
[2025-11-18 16:46:04][INFO][Rank 0] - train Epoch 11/24: 71.3% (1380/1936)
[2025-11-18 16:46:11][INFO][Rank 0] - train Epoch 11/24: 71.8% (1390/1936)
[2025-11-18 16:46:18][INFO][Rank 0] - train Epoch 11/24: 72.3% (1400/1936)
[2025-11-18 16:46:25][INFO][Rank 0] - train Epoch 11/24: 72.8% (1410/1936)
[2025-11-18 16:46:32][INFO][Rank 0] - train Epoch 11/24: 73.3% (1420/1936)
[2025-11-18 16:46:39][INFO][Rank 0] - train Epoch 11/24: 73.9% (1430/1936)
[2025-11-18 16:46:46][INFO][Rank 0] - train Epoch 11/24: 74.4% (1440/1936)
[2025-11-18 16:46:47][INFO][Rank 0] - CUDA Memory [train][Step 1440]: Device 0: Allocated: 3309.6 MB, Reserved: 117540.0 MB (Δ: +1687.0 MB)
[2025-11-18 16:46:53][INFO][Rank 0] - train Epoch 11/24: 74.9% (1450/1936)
[2025-11-18 16:47:00][INFO][Rank 0] - train Epoch 11/24: 75.4% (1460/1936)
[2025-11-18 16:47:07][INFO][Rank 0] - train Epoch 11/24: 75.9% (1470/1936)
[2025-11-18 16:47:14][INFO][Rank 0] - train Epoch 11/24: 76.4% (1480/1936)
[2025-11-18 16:47:21][INFO][Rank 0] - train Epoch 11/24: 77.0% (1490/1936)
[2025-11-18 16:47:28][INFO][Rank 0] - train Epoch 11/24: 77.5% (1500/1936)
[2025-11-18 16:47:35][INFO][Rank 0] - train Epoch 11/24: 78.0% (1510/1936)
[2025-11-18 16:47:42][INFO][Rank 0] - train Epoch 11/24: 78.5% (1520/1936)
[2025-11-18 16:47:50][INFO][Rank 0] - train Epoch 11/24: 79.0% (1530/1936)
[2025-11-18 16:47:50][INFO][Rank 0] - CUDA Memory [train][Step 1530]: Device 0: Allocated: 3309.6 MB, Reserved: 117540.0 MB (Δ: +1687.0 MB)
[2025-11-18 16:47:57][INFO][Rank 0] - train Epoch 11/24: 79.5% (1540/1936)
[2025-11-18 16:48:04][INFO][Rank 0] - train Epoch 11/24: 80.1% (1550/1936)
[2025-11-18 16:48:11][INFO][Rank 0] - train Epoch 11/24: 80.6% (1560/1936)
[2025-11-18 16:48:18][INFO][Rank 0] - train Epoch 11/24: 81.1% (1570/1936)
[2025-11-18 16:48:25][INFO][Rank 0] - train Epoch 11/24: 81.6% (1580/1936)
[2025-11-18 16:48:32][INFO][Rank 0] - train Epoch 11/24: 82.1% (1590/1936)
[2025-11-18 16:48:39][INFO][Rank 0] - train Epoch 11/24: 82.6% (1600/1936)
[2025-11-18 16:48:46][INFO][Rank 0] - train Epoch 11/24: 83.2% (1610/1936)
[2025-11-18 16:48:53][INFO][Rank 0] - train Epoch 11/24: 83.7% (1620/1936)
[2025-11-18 16:48:54][INFO][Rank 0] - CUDA Memory [train][Step 1620]: Device 0: Allocated: 3309.6 MB, Reserved: 117540.0 MB (Δ: +1687.0 MB)
[2025-11-18 16:49:00][INFO][Rank 0] - train Epoch 11/24: 84.2% (1630/1936)
[2025-11-18 16:49:07][INFO][Rank 0] - train Epoch 11/24: 84.7% (1640/1936)
[2025-11-18 16:49:14][INFO][Rank 0] - train Epoch 11/24: 85.2% (1650/1936)
[2025-11-18 16:49:21][INFO][Rank 0] - train Epoch 11/24: 85.7% (1660/1936)
[2025-11-18 16:49:28][INFO][Rank 0] - train Epoch 11/24: 86.3% (1670/1936)
[2025-11-18 16:49:35][INFO][Rank 0] - train Epoch 11/24: 86.8% (1680/1936)
[2025-11-18 16:49:42][INFO][Rank 0] - train Epoch 11/24: 87.3% (1690/1936)
[2025-11-18 16:49:50][INFO][Rank 0] - train Epoch 11/24: 87.8% (1700/1936)
[2025-11-18 16:49:57][INFO][Rank 0] - train Epoch 11/24: 88.3% (1710/1936)
[2025-11-18 16:49:57][INFO][Rank 0] - CUDA Memory [train][Step 1710]: Device 0: Allocated: 3309.6 MB, Reserved: 117540.0 MB (Δ: +1687.0 MB)
[2025-11-18 16:50:04][INFO][Rank 0] - train Epoch 11/24: 88.8% (1720/1936)
[2025-11-18 16:50:11][INFO][Rank 0] - train Epoch 11/24: 89.4% (1730/1936)
[2025-11-18 16:50:18][INFO][Rank 0] - train Epoch 11/24: 89.9% (1740/1936)
[2025-11-18 16:50:25][INFO][Rank 0] - train Epoch 11/24: 90.4% (1750/1936)
[2025-11-18 16:50:32][INFO][Rank 0] - train Epoch 11/24: 90.9% (1760/1936)
[2025-11-18 16:50:39][INFO][Rank 0] - train Epoch 11/24: 91.4% (1770/1936)
[2025-11-18 16:50:46][INFO][Rank 0] - train Epoch 11/24: 91.9% (1780/1936)
[2025-11-18 16:50:53][INFO][Rank 0] - train Epoch 11/24: 92.5% (1790/1936)
[2025-11-18 16:51:00][INFO][Rank 0] - train Epoch 11/24: 93.0% (1800/1936)
[2025-11-18 16:51:01][INFO][Rank 0] - CUDA Memory [train][Step 1800]: Device 0: Allocated: 3309.6 MB, Reserved: 117540.0 MB (Δ: +1687.0 MB)
[2025-11-18 16:51:07][INFO][Rank 0] - train Epoch 11/24: 93.5% (1810/1936)
[2025-11-18 16:51:14][INFO][Rank 0] - train Epoch 11/24: 94.0% (1820/1936)
[2025-11-18 16:51:21][INFO][Rank 0] - train Epoch 11/24: 94.5% (1830/1936)
[2025-11-18 16:51:28][INFO][Rank 0] - train Epoch 11/24: 95.0% (1840/1936)
[2025-11-18 16:51:35][INFO][Rank 0] - train Epoch 11/24: 95.6% (1850/1936)
[2025-11-18 16:51:42][INFO][Rank 0] - train Epoch 11/24: 96.1% (1860/1936)
[2025-11-18 16:51:49][INFO][Rank 0] - train Epoch 11/24: 96.6% (1870/1936)
[2025-11-18 16:51:57][INFO][Rank 0] - train Epoch 11/24: 97.1% (1880/1936)
[2025-11-18 16:52:04][INFO][Rank 0] - train Epoch 11/24: 97.6% (1890/1936)
[2025-11-18 16:52:04][INFO][Rank 0] - CUDA Memory [train][Step 1890]: Device 0: Allocated: 3309.6 MB, Reserved: 117540.0 MB (Δ: +1687.0 MB)
[2025-11-18 16:52:11][INFO][Rank 0] - train Epoch 11/24: 98.1% (1900/1936)
[2025-11-18 16:52:18][INFO][Rank 0] - train Epoch 11/24: 98.7% (1910/1936)
[2025-11-18 16:52:25][INFO][Rank 0] - train Epoch 11/24: 99.2% (1920/1936)
[2025-11-18 16:52:32][INFO][Rank 0] - train Epoch 11/24: 99.7% (1930/1936)
[2025-11-18 16:52:35][INFO][Rank 0] - train Epoch 11/24: 99.9% (1935/1936)
[2025-11-18 16:52:36][INFO][Rank 0] - train Loss: 0.1551 Acc: 0.9749 F1: 0.9870
[2025-11-18 16:52:36][INFO][Rank 0] - train Balanced Acc: 0.8989 AUC-ROC: 0.9669
[2025-11-18 16:52:36][INFO][Rank 0] - train Sensitivity: 0.9791 Specificity: 0.8187
[2025-11-18 16:52:36][INFO][Rank 0] - train Confusion Matrix: TP=18463, FP=91, FN=395, TN=411
[2025-11-18 16:52:36][INFO][Rank 0] - train completed in 1366.81s
[2025-11-18 16:52:36][INFO][Rank 0] - Data loading time: 1.27s, Forward time: 278.40s, Backward time: 740.06s
[2025-11-18 16:52:36][INFO][Rank 0] - train cache: 0/1 items, hit rate: 0.00%
[2025-11-18 16:52:36][INFO][Rank 0] - CUDA Memory [val][Step 0]: Device 0: Allocated: 3309.6 MB, Reserved: 117540.0 MB (Δ: +1687.0 MB)
[2025-11-18 16:52:36][INFO][Rank 0] - val phase: total 418 batches
[2025-11-18 16:52:36][INFO][Rank 0] - val Epoch 11/24: 0.0% (0/418)
[2025-11-18 16:52:41][INFO][Rank 0] - val Epoch 11/24: 2.4% (10/418)
[2025-11-18 16:52:46][INFO][Rank 0] - val Epoch 11/24: 4.8% (20/418)
[2025-11-18 16:52:51][INFO][Rank 0] - val Epoch 11/24: 7.2% (30/418)
[2025-11-18 16:52:56][INFO][Rank 0] - val Epoch 11/24: 9.6% (40/418)
[2025-11-18 16:53:01][INFO][Rank 0] - val Epoch 11/24: 12.0% (50/418)
[2025-11-18 16:53:07][INFO][Rank 0] - val Epoch 11/24: 14.4% (60/418)
[2025-11-18 16:53:12][INFO][Rank 0] - val Epoch 11/24: 16.7% (70/418)
[2025-11-18 16:53:17][INFO][Rank 0] - val Epoch 11/24: 19.1% (80/418)
[2025-11-18 16:53:22][INFO][Rank 0] - val Epoch 11/24: 21.5% (90/418)
[2025-11-18 16:53:27][INFO][Rank 0] - val Epoch 11/24: 23.9% (100/418)
[2025-11-18 16:53:32][INFO][Rank 0] - val Epoch 11/24: 26.3% (110/418)
[2025-11-18 16:53:37][INFO][Rank 0] - val Epoch 11/24: 28.7% (120/418)
[2025-11-18 16:53:37][INFO][Rank 0] - CUDA Memory [val][Step 120]: Device 0: Allocated: 3309.6 MB, Reserved: 117540.0 MB (Δ: +1687.0 MB)
[2025-11-18 16:53:42][INFO][Rank 0] - val Epoch 11/24: 31.1% (130/418)
[2025-11-18 16:53:47][INFO][Rank 0] - val Epoch 11/24: 33.5% (140/418)
[2025-11-18 16:53:52][INFO][Rank 0] - val Epoch 11/24: 35.9% (150/418)
[2025-11-18 16:53:57][INFO][Rank 0] - val Epoch 11/24: 38.3% (160/418)
[2025-11-18 16:54:02][INFO][Rank 0] - val Epoch 11/24: 40.7% (170/418)
[2025-11-18 16:54:07][INFO][Rank 0] - val Epoch 11/24: 43.1% (180/418)
[2025-11-18 16:54:12][INFO][Rank 0] - val Epoch 11/24: 45.5% (190/418)
[2025-11-18 16:54:17][INFO][Rank 0] - val Epoch 11/24: 47.8% (200/418)
[2025-11-18 16:54:22][INFO][Rank 0] - val Epoch 11/24: 50.2% (210/418)
[2025-11-18 16:54:27][INFO][Rank 0] - val Epoch 11/24: 52.6% (220/418)
[2025-11-18 16:54:32][INFO][Rank 0] - val Epoch 11/24: 55.0% (230/418)
[2025-11-18 16:54:37][INFO][Rank 0] - val Epoch 11/24: 57.4% (240/418)
[2025-11-18 16:54:38][INFO][Rank 0] - CUDA Memory [val][Step 240]: Device 0: Allocated: 3309.6 MB, Reserved: 117540.0 MB (Δ: +1687.0 MB)
[2025-11-18 16:54:42][INFO][Rank 0] - val Epoch 11/24: 59.8% (250/418)
[2025-11-18 16:54:47][INFO][Rank 0] - val Epoch 11/24: 62.2% (260/418)
[2025-11-18 16:54:52][INFO][Rank 0] - val Epoch 11/24: 64.6% (270/418)
[2025-11-18 16:54:57][INFO][Rank 0] - val Epoch 11/24: 67.0% (280/418)
[2025-11-18 16:55:02][INFO][Rank 0] - val Epoch 11/24: 69.4% (290/418)
[2025-11-18 16:55:07][INFO][Rank 0] - val Epoch 11/24: 71.8% (300/418)
[2025-11-18 16:55:12][INFO][Rank 0] - val Epoch 11/24: 74.2% (310/418)
[2025-11-18 16:55:17][INFO][Rank 0] - val Epoch 11/24: 76.6% (320/418)
[2025-11-18 16:55:22][INFO][Rank 0] - val Epoch 11/24: 78.9% (330/418)
[2025-11-18 16:55:28][INFO][Rank 0] - val Epoch 11/24: 81.3% (340/418)
[2025-11-18 16:55:33][INFO][Rank 0] - val Epoch 11/24: 83.7% (350/418)
[2025-11-18 16:55:38][INFO][Rank 0] - val Epoch 11/24: 86.1% (360/418)
[2025-11-18 16:55:38][INFO][Rank 0] - CUDA Memory [val][Step 360]: Device 0: Allocated: 3309.6 MB, Reserved: 117540.0 MB (Δ: +1687.0 MB)
[2025-11-18 16:55:43][INFO][Rank 0] - val Epoch 11/24: 88.5% (370/418)
[2025-11-18 16:55:48][INFO][Rank 0] - val Epoch 11/24: 90.9% (380/418)
[2025-11-18 16:55:53][INFO][Rank 0] - val Epoch 11/24: 93.3% (390/418)
[2025-11-18 16:55:58][INFO][Rank 0] - val Epoch 11/24: 95.7% (400/418)
[2025-11-18 16:56:03][INFO][Rank 0] - val Epoch 11/24: 98.1% (410/418)
[2025-11-18 16:56:06][INFO][Rank 0] - val Epoch 11/24: 99.8% (417/418)
[2025-11-18 16:56:07][INFO][Rank 0] - val Loss: 0.1079 Acc: 0.9727 F1: 0.9859
[2025-11-18 16:56:07][INFO][Rank 0] - val Balanced Acc: 0.8956 AUC-ROC: 0.9808
[2025-11-18 16:56:07][INFO][Rank 0] - val Sensitivity: 0.9771 Specificity: 0.8142
[2025-11-18 16:56:07][INFO][Rank 0] - val Confusion Matrix: TP=3974, FP=21, FN=93, TN=92
[2025-11-18 16:56:07][INFO][Rank 0] - val completed in 210.72s
[2025-11-18 16:56:07][INFO][Rank 0] - val cache: 0/1 items, hit rate: 0.00%
[2025-11-18 16:56:11][INFO][Rank 0] - Saved new best balanced_acc model with balanced_acc: 0.8956 at /projects/retprogression/rgarridogarcia/checkpoints/cropped1024_cropped_centered_allR_4/best_balanced_acc_model.pth
[2025-11-18 16:56:15][INFO][Rank 0] - Also saved as general best model at /projects/retprogression/rgarridogarcia/checkpoints/cropped1024_cropped_centered_allR_4/best_model.pth
[2025-11-18 16:56:19][INFO][Rank 0] - Saved new best auc model with auc: 0.9808 at /projects/retprogression/rgarridogarcia/checkpoints/cropped1024_cropped_centered_allR_4/best_auc_model.pth
[2025-11-18 16:56:22][INFO][Rank 0] - Saved epoch checkpoint at /projects/retprogression/rgarridogarcia/checkpoints/cropped1024_cropped_centered_allR_4/epoch_11.pth
[2025-11-18 16:56:22][INFO][Rank 0] - Epoch 11 summary:
[2025-11-18 16:56:22][INFO][Rank 0] -  Train Loss: 0.1551, Train Acc: 0.9749, Train F1: 0.9870
[2025-11-18 16:56:22][INFO][Rank 0] -  Train Balanced Acc: 0.8989, Train AUC: 0.9669
[2025-11-18 16:56:22][INFO][Rank 0] -  Train Sensitivity: 0.9791, Train Specificity: 0.8187
[2025-11-18 16:56:22][INFO][Rank 0] -  Val Loss: 0.1079, Val Acc: 0.9727, Val F1: 0.9859
[2025-11-18 16:56:22][INFO][Rank 0] -  Val Balanced Acc: 0.8956, Val AUC: 0.9808
[2025-11-18 16:56:22][INFO][Rank 0] -  Val Sensitivity: 0.9771, Val Specificity: 0.8142
[2025-11-18 16:56:22][INFO][Rank 0] -  Total Epoch Time: 1593.21s
[2025-11-18 16:56:22][INFO][Rank 0] - Epoch 12/24
[2025-11-18 16:56:22][INFO][Rank 0] - ----------
[2025-11-18 16:56:22][INFO][Rank 0] - CUDA Memory [train][Step 0]: Device 0: Allocated: 3309.6 MB, Reserved: 117540.0 MB (Δ: +1687.0 MB)
[2025-11-18 16:56:22][INFO][Rank 0] - train phase: total 1936 batches
[2025-11-18 16:56:23][INFO][Rank 0] - train Epoch 12/24: 0.0% (0/1936)
[2025-11-18 16:56:30][INFO][Rank 0] - train Epoch 12/24: 0.5% (10/1936)
[2025-11-18 16:56:37][INFO][Rank 0] - train Epoch 12/24: 1.0% (20/1936)
[2025-11-18 16:56:44][INFO][Rank 0] - train Epoch 12/24: 1.5% (30/1936)
[2025-11-18 16:56:51][INFO][Rank 0] - train Epoch 12/24: 2.1% (40/1936)
[2025-11-18 16:56:58][INFO][Rank 0] - train Epoch 12/24: 2.6% (50/1936)
[2025-11-18 16:57:06][INFO][Rank 0] - train Epoch 12/24: 3.1% (60/1936)
[2025-11-18 16:57:13][INFO][Rank 0] - train Epoch 12/24: 3.6% (70/1936)
[2025-11-18 16:57:20][INFO][Rank 0] - train Epoch 12/24: 4.1% (80/1936)
[2025-11-18 16:57:27][INFO][Rank 0] - train Epoch 12/24: 4.6% (90/1936)
[2025-11-18 16:57:27][INFO][Rank 0] - CUDA Memory [train][Step 90]: Device 0: Allocated: 3309.6 MB, Reserved: 117540.0 MB (Δ: +1687.0 MB)
[2025-11-18 16:57:34][INFO][Rank 0] - train Epoch 12/24: 5.2% (100/1936)
[2025-11-18 16:57:41][INFO][Rank 0] - train Epoch 12/24: 5.7% (110/1936)
[2025-11-18 16:57:48][INFO][Rank 0] - train Epoch 12/24: 6.2% (120/1936)
[2025-11-18 16:57:55][INFO][Rank 0] - train Epoch 12/24: 6.7% (130/1936)
[2025-11-18 16:58:02][INFO][Rank 0] - train Epoch 12/24: 7.2% (140/1936)
[2025-11-18 16:58:09][INFO][Rank 0] - train Epoch 12/24: 7.7% (150/1936)
[2025-11-18 16:58:16][INFO][Rank 0] - train Epoch 12/24: 8.3% (160/1936)
[2025-11-18 16:58:23][INFO][Rank 0] - train Epoch 12/24: 8.8% (170/1936)
[2025-11-18 16:58:30][INFO][Rank 0] - train Epoch 12/24: 9.3% (180/1936)
[2025-11-18 16:58:31][INFO][Rank 0] - CUDA Memory [train][Step 180]: Device 0: Allocated: 3309.6 MB, Reserved: 117540.0 MB (Δ: +1687.0 MB)
[2025-11-18 16:58:37][INFO][Rank 0] - train Epoch 12/24: 9.8% (190/1936)
[2025-11-18 16:58:44][INFO][Rank 0] - train Epoch 12/24: 10.3% (200/1936)
[2025-11-18 16:58:51][INFO][Rank 0] - train Epoch 12/24: 10.8% (210/1936)
[2025-11-18 16:58:58][INFO][Rank 0] - train Epoch 12/24: 11.4% (220/1936)
[2025-11-18 16:59:06][INFO][Rank 0] - train Epoch 12/24: 11.9% (230/1936)
[2025-11-18 16:59:13][INFO][Rank 0] - train Epoch 12/24: 12.4% (240/1936)
[2025-11-18 16:59:20][INFO][Rank 0] - train Epoch 12/24: 12.9% (250/1936)
[2025-11-18 16:59:27][INFO][Rank 0] - train Epoch 12/24: 13.4% (260/1936)
[2025-11-18 16:59:34][INFO][Rank 0] - train Epoch 12/24: 13.9% (270/1936)
[2025-11-18 16:59:34][INFO][Rank 0] - CUDA Memory [train][Step 270]: Device 0: Allocated: 3309.6 MB, Reserved: 117540.0 MB (Δ: +1687.0 MB)
[2025-11-18 16:59:41][INFO][Rank 0] - train Epoch 12/24: 14.5% (280/1936)
[2025-11-18 16:59:48][INFO][Rank 0] - train Epoch 12/24: 15.0% (290/1936)
[2025-11-18 16:59:55][INFO][Rank 0] - train Epoch 12/24: 15.5% (300/1936)
[2025-11-18 17:00:02][INFO][Rank 0] - train Epoch 12/24: 16.0% (310/1936)
[2025-11-18 17:00:09][INFO][Rank 0] - train Epoch 12/24: 16.5% (320/1936)
[2025-11-18 17:00:16][INFO][Rank 0] - train Epoch 12/24: 17.0% (330/1936)
[2025-11-18 17:00:23][INFO][Rank 0] - train Epoch 12/24: 17.6% (340/1936)
[2025-11-18 17:00:30][INFO][Rank 0] - train Epoch 12/24: 18.1% (350/1936)
[2025-11-18 17:00:37][INFO][Rank 0] - train Epoch 12/24: 18.6% (360/1936)
[2025-11-18 17:00:38][INFO][Rank 0] - CUDA Memory [train][Step 360]: Device 0: Allocated: 3309.6 MB, Reserved: 117540.0 MB (Δ: +1687.0 MB)
[2025-11-18 17:00:44][INFO][Rank 0] - train Epoch 12/24: 19.1% (370/1936)
[2025-11-18 17:00:51][INFO][Rank 0] - train Epoch 12/24: 19.6% (380/1936)
[2025-11-18 17:00:58][INFO][Rank 0] - train Epoch 12/24: 20.1% (390/1936)
[2025-11-18 17:01:06][INFO][Rank 0] - train Epoch 12/24: 20.7% (400/1936)
[2025-11-18 17:01:13][INFO][Rank 0] - train Epoch 12/24: 21.2% (410/1936)
[2025-11-18 17:01:20][INFO][Rank 0] - train Epoch 12/24: 21.7% (420/1936)
[2025-11-18 17:01:27][INFO][Rank 0] - train Epoch 12/24: 22.2% (430/1936)
[2025-11-18 17:01:34][INFO][Rank 0] - train Epoch 12/24: 22.7% (440/1936)
[2025-11-18 17:01:41][INFO][Rank 0] - train Epoch 12/24: 23.2% (450/1936)
[2025-11-18 17:01:42][INFO][Rank 0] - CUDA Memory [train][Step 450]: Device 0: Allocated: 3309.6 MB, Reserved: 117540.0 MB (Δ: +1687.0 MB)
[2025-11-18 17:01:48][INFO][Rank 0] - train Epoch 12/24: 23.8% (460/1936)
[2025-11-18 17:01:55][INFO][Rank 0] - train Epoch 12/24: 24.3% (470/1936)
[2025-11-18 17:02:02][INFO][Rank 0] - train Epoch 12/24: 24.8% (480/1936)
[2025-11-18 17:02:09][INFO][Rank 0] - train Epoch 12/24: 25.3% (490/1936)
[2025-11-18 17:02:16][INFO][Rank 0] - train Epoch 12/24: 25.8% (500/1936)
[2025-11-18 17:02:23][INFO][Rank 0] - train Epoch 12/24: 26.3% (510/1936)
[2025-11-18 17:02:30][INFO][Rank 0] - train Epoch 12/24: 26.9% (520/1936)
[2025-11-18 17:02:37][INFO][Rank 0] - train Epoch 12/24: 27.4% (530/1936)
[2025-11-18 17:02:44][INFO][Rank 0] - train Epoch 12/24: 27.9% (540/1936)
[2025-11-18 17:02:45][INFO][Rank 0] - CUDA Memory [train][Step 540]: Device 0: Allocated: 3309.6 MB, Reserved: 117540.0 MB (Δ: +1687.0 MB)
[2025-11-18 17:02:51][INFO][Rank 0] - train Epoch 12/24: 28.4% (550/1936)
[2025-11-18 17:02:58][INFO][Rank 0] - train Epoch 12/24: 28.9% (560/1936)
[2025-11-18 17:03:06][INFO][Rank 0] - train Epoch 12/24: 29.4% (570/1936)
[2025-11-18 17:03:13][INFO][Rank 0] - train Epoch 12/24: 30.0% (580/1936)
[2025-11-18 17:03:20][INFO][Rank 0] - train Epoch 12/24: 30.5% (590/1936)
[2025-11-18 17:03:27][INFO][Rank 0] - train Epoch 12/24: 31.0% (600/1936)
[2025-11-18 17:03:34][INFO][Rank 0] - train Epoch 12/24: 31.5% (610/1936)
[2025-11-18 17:03:41][INFO][Rank 0] - train Epoch 12/24: 32.0% (620/1936)
[2025-11-18 17:03:48][INFO][Rank 0] - train Epoch 12/24: 32.5% (630/1936)
[2025-11-18 17:03:49][INFO][Rank 0] - CUDA Memory [train][Step 630]: Device 0: Allocated: 3309.6 MB, Reserved: 117540.0 MB (Δ: +1687.0 MB)
[2025-11-18 17:03:55][INFO][Rank 0] - train Epoch 12/24: 33.1% (640/1936)
[2025-11-18 17:04:02][INFO][Rank 0] - train Epoch 12/24: 33.6% (650/1936)
[2025-11-18 17:04:09][INFO][Rank 0] - train Epoch 12/24: 34.1% (660/1936)
[2025-11-18 17:04:16][INFO][Rank 0] - train Epoch 12/24: 34.6% (670/1936)
[2025-11-18 17:04:23][INFO][Rank 0] - train Epoch 12/24: 35.1% (680/1936)
[2025-11-18 17:04:30][INFO][Rank 0] - train Epoch 12/24: 35.6% (690/1936)
[2025-11-18 17:04:37][INFO][Rank 0] - train Epoch 12/24: 36.2% (700/1936)
[2025-11-18 17:04:44][INFO][Rank 0] - train Epoch 12/24: 36.7% (710/1936)
[2025-11-18 17:04:51][INFO][Rank 0] - train Epoch 12/24: 37.2% (720/1936)
[2025-11-18 17:04:52][INFO][Rank 0] - CUDA Memory [train][Step 720]: Device 0: Allocated: 3309.6 MB, Reserved: 117540.0 MB (Δ: +1687.0 MB)
[2025-11-18 17:04:58][INFO][Rank 0] - train Epoch 12/24: 37.7% (730/1936)
[2025-11-18 17:05:05][INFO][Rank 0] - train Epoch 12/24: 38.2% (740/1936)
[2025-11-18 17:05:13][INFO][Rank 0] - train Epoch 12/24: 38.7% (750/1936)
[2025-11-18 17:05:20][INFO][Rank 0] - train Epoch 12/24: 39.3% (760/1936)
[2025-11-18 17:05:27][INFO][Rank 0] - train Epoch 12/24: 39.8% (770/1936)
[2025-11-18 17:05:34][INFO][Rank 0] - train Epoch 12/24: 40.3% (780/1936)
[2025-11-18 17:05:41][INFO][Rank 0] - train Epoch 12/24: 40.8% (790/1936)
[2025-11-18 17:05:48][INFO][Rank 0] - train Epoch 12/24: 41.3% (800/1936)
[2025-11-18 17:05:55][INFO][Rank 0] - train Epoch 12/24: 41.8% (810/1936)
[2025-11-18 17:05:56][INFO][Rank 0] - CUDA Memory [train][Step 810]: Device 0: Allocated: 3309.6 MB, Reserved: 117540.0 MB (Δ: +1687.0 MB)
[2025-11-18 17:06:02][INFO][Rank 0] - train Epoch 12/24: 42.4% (820/1936)
[2025-11-18 17:06:09][INFO][Rank 0] - train Epoch 12/24: 42.9% (830/1936)
[2025-11-18 17:06:16][INFO][Rank 0] - train Epoch 12/24: 43.4% (840/1936)
[2025-11-18 17:06:23][INFO][Rank 0] - train Epoch 12/24: 43.9% (850/1936)
[2025-11-18 17:06:30][INFO][Rank 0] - train Epoch 12/24: 44.4% (860/1936)
[2025-11-18 17:06:37][INFO][Rank 0] - train Epoch 12/24: 44.9% (870/1936)
[2025-11-18 17:06:44][INFO][Rank 0] - train Epoch 12/24: 45.5% (880/1936)
[2025-11-18 17:06:51][INFO][Rank 0] - train Epoch 12/24: 46.0% (890/1936)
[2025-11-18 17:06:58][INFO][Rank 0] - train Epoch 12/24: 46.5% (900/1936)
[2025-11-18 17:06:59][INFO][Rank 0] - CUDA Memory [train][Step 900]: Device 0: Allocated: 3309.6 MB, Reserved: 117540.0 MB (Δ: +1687.0 MB)
[2025-11-18 17:07:05][INFO][Rank 0] - train Epoch 12/24: 47.0% (910/1936)
[2025-11-18 17:07:13][INFO][Rank 0] - train Epoch 12/24: 47.5% (920/1936)
[2025-11-18 17:07:20][INFO][Rank 0] - train Epoch 12/24: 48.0% (930/1936)
[2025-11-18 17:07:27][INFO][Rank 0] - train Epoch 12/24: 48.6% (940/1936)
[2025-11-18 17:07:34][INFO][Rank 0] - train Epoch 12/24: 49.1% (950/1936)
[2025-11-18 17:07:41][INFO][Rank 0] - train Epoch 12/24: 49.6% (960/1936)
[2025-11-18 17:07:48][INFO][Rank 0] - train Epoch 12/24: 50.1% (970/1936)
[2025-11-18 17:07:55][INFO][Rank 0] - train Epoch 12/24: 50.6% (980/1936)
[2025-11-18 17:08:02][INFO][Rank 0] - train Epoch 12/24: 51.1% (990/1936)
[2025-11-18 17:08:03][INFO][Rank 0] - CUDA Memory [train][Step 990]: Device 0: Allocated: 3309.6 MB, Reserved: 117540.0 MB (Δ: +1687.0 MB)
[2025-11-18 17:08:09][INFO][Rank 0] - train Epoch 12/24: 51.7% (1000/1936)
[2025-11-18 17:08:16][INFO][Rank 0] - train Epoch 12/24: 52.2% (1010/1936)
[2025-11-18 17:08:23][INFO][Rank 0] - train Epoch 12/24: 52.7% (1020/1936)
[2025-11-18 17:08:30][INFO][Rank 0] - train Epoch 12/24: 53.2% (1030/1936)
[2025-11-18 17:08:37][INFO][Rank 0] - train Epoch 12/24: 53.7% (1040/1936)
[2025-11-18 17:08:44][INFO][Rank 0] - train Epoch 12/24: 54.2% (1050/1936)
[2025-11-18 17:08:51][INFO][Rank 0] - train Epoch 12/24: 54.8% (1060/1936)
[2025-11-18 17:08:58][INFO][Rank 0] - train Epoch 12/24: 55.3% (1070/1936)
[2025-11-18 17:09:05][INFO][Rank 0] - train Epoch 12/24: 55.8% (1080/1936)
[2025-11-18 17:09:06][INFO][Rank 0] - CUDA Memory [train][Step 1080]: Device 0: Allocated: 3309.6 MB, Reserved: 117540.0 MB (Δ: +1687.0 MB)
[2025-11-18 17:09:12][INFO][Rank 0] - train Epoch 12/24: 56.3% (1090/1936)
[2025-11-18 17:09:20][INFO][Rank 0] - train Epoch 12/24: 56.8% (1100/1936)
[2025-11-18 17:09:27][INFO][Rank 0] - train Epoch 12/24: 57.3% (1110/1936)
[2025-11-18 17:09:34][INFO][Rank 0] - train Epoch 12/24: 57.9% (1120/1936)
[2025-11-18 17:09:41][INFO][Rank 0] - train Epoch 12/24: 58.4% (1130/1936)
[2025-11-18 17:09:48][INFO][Rank 0] - train Epoch 12/24: 58.9% (1140/1936)
[2025-11-18 17:09:55][INFO][Rank 0] - train Epoch 12/24: 59.4% (1150/1936)
[2025-11-18 17:10:02][INFO][Rank 0] - train Epoch 12/24: 59.9% (1160/1936)
[2025-11-18 17:10:09][INFO][Rank 0] - train Epoch 12/24: 60.4% (1170/1936)
[2025-11-18 17:10:10][INFO][Rank 0] - CUDA Memory [train][Step 1170]: Device 0: Allocated: 3309.6 MB, Reserved: 117540.0 MB (Δ: +1687.0 MB)
[2025-11-18 17:10:16][INFO][Rank 0] - train Epoch 12/24: 61.0% (1180/1936)
[2025-11-18 17:10:23][INFO][Rank 0] - train Epoch 12/24: 61.5% (1190/1936)
[2025-11-18 17:10:30][INFO][Rank 0] - train Epoch 12/24: 62.0% (1200/1936)
[2025-11-18 17:10:37][INFO][Rank 0] - train Epoch 12/24: 62.5% (1210/1936)
[2025-11-18 17:10:44][INFO][Rank 0] - train Epoch 12/24: 63.0% (1220/1936)
[2025-11-18 17:10:51][INFO][Rank 0] - train Epoch 12/24: 63.5% (1230/1936)
[2025-11-18 17:10:58][INFO][Rank 0] - train Epoch 12/24: 64.0% (1240/1936)
[2025-11-18 17:11:05][INFO][Rank 0] - train Epoch 12/24: 64.6% (1250/1936)
[2025-11-18 17:11:12][INFO][Rank 0] - train Epoch 12/24: 65.1% (1260/1936)
[2025-11-18 17:11:13][INFO][Rank 0] - CUDA Memory [train][Step 1260]: Device 0: Allocated: 3309.6 MB, Reserved: 117540.0 MB (Δ: +1687.0 MB)
[2025-11-18 17:11:20][INFO][Rank 0] - train Epoch 12/24: 65.6% (1270/1936)
[2025-11-18 17:11:27][INFO][Rank 0] - train Epoch 12/24: 66.1% (1280/1936)
[2025-11-18 17:11:34][INFO][Rank 0] - train Epoch 12/24: 66.6% (1290/1936)
[2025-11-18 17:11:41][INFO][Rank 0] - train Epoch 12/24: 67.1% (1300/1936)
[2025-11-18 17:11:48][INFO][Rank 0] - train Epoch 12/24: 67.7% (1310/1936)
[2025-11-18 17:11:55][INFO][Rank 0] - train Epoch 12/24: 68.2% (1320/1936)
[2025-11-18 17:12:02][INFO][Rank 0] - train Epoch 12/24: 68.7% (1330/1936)
[2025-11-18 17:12:09][INFO][Rank 0] - train Epoch 12/24: 69.2% (1340/1936)
[2025-11-18 17:12:16][INFO][Rank 0] - train Epoch 12/24: 69.7% (1350/1936)
[2025-11-18 17:12:17][INFO][Rank 0] - CUDA Memory [train][Step 1350]: Device 0: Allocated: 3309.6 MB, Reserved: 117540.0 MB (Δ: +1687.0 MB)
[2025-11-18 17:12:23][INFO][Rank 0] - train Epoch 12/24: 70.2% (1360/1936)
[2025-11-18 17:12:30][INFO][Rank 0] - train Epoch 12/24: 70.8% (1370/1936)
[2025-11-18 17:12:37][INFO][Rank 0] - train Epoch 12/24: 71.3% (1380/1936)
[2025-11-18 17:12:44][INFO][Rank 0] - train Epoch 12/24: 71.8% (1390/1936)
[2025-11-18 17:12:51][INFO][Rank 0] - train Epoch 12/24: 72.3% (1400/1936)
[2025-11-18 17:12:58][INFO][Rank 0] - train Epoch 12/24: 72.8% (1410/1936)
[2025-11-18 17:13:05][INFO][Rank 0] - train Epoch 12/24: 73.3% (1420/1936)
[2025-11-18 17:13:12][INFO][Rank 0] - train Epoch 12/24: 73.9% (1430/1936)
[2025-11-18 17:13:19][INFO][Rank 0] - train Epoch 12/24: 74.4% (1440/1936)
[2025-11-18 17:13:20][INFO][Rank 0] - CUDA Memory [train][Step 1440]: Device 0: Allocated: 3309.6 MB, Reserved: 117540.0 MB (Δ: +1687.0 MB)
[2025-11-18 17:13:27][INFO][Rank 0] - train Epoch 12/24: 74.9% (1450/1936)
[2025-11-18 17:13:34][INFO][Rank 0] - train Epoch 12/24: 75.4% (1460/1936)
[2025-11-18 17:13:41][INFO][Rank 0] - train Epoch 12/24: 75.9% (1470/1936)
[2025-11-18 17:13:48][INFO][Rank 0] - train Epoch 12/24: 76.4% (1480/1936)
[2025-11-18 17:13:55][INFO][Rank 0] - train Epoch 12/24: 77.0% (1490/1936)
[2025-11-18 17:14:02][INFO][Rank 0] - train Epoch 12/24: 77.5% (1500/1936)
[2025-11-18 17:14:09][INFO][Rank 0] - train Epoch 12/24: 78.0% (1510/1936)
[2025-11-18 17:14:16][INFO][Rank 0] - train Epoch 12/24: 78.5% (1520/1936)
[2025-11-18 17:14:23][INFO][Rank 0] - train Epoch 12/24: 79.0% (1530/1936)
[2025-11-18 17:14:24][INFO][Rank 0] - CUDA Memory [train][Step 1530]: Device 0: Allocated: 3309.6 MB, Reserved: 117540.0 MB (Δ: +1687.0 MB)
[2025-11-18 17:14:30][INFO][Rank 0] - train Epoch 12/24: 79.5% (1540/1936)
[2025-11-18 17:14:37][INFO][Rank 0] - train Epoch 12/24: 80.1% (1550/1936)
[2025-11-18 17:14:44][INFO][Rank 0] - train Epoch 12/24: 80.6% (1560/1936)
[2025-11-18 17:14:51][INFO][Rank 0] - train Epoch 12/24: 81.1% (1570/1936)
[2025-11-18 17:14:58][INFO][Rank 0] - train Epoch 12/24: 81.6% (1580/1936)
[2025-11-18 17:15:05][INFO][Rank 0] - train Epoch 12/24: 82.1% (1590/1936)
[2025-11-18 17:15:12][INFO][Rank 0] - train Epoch 12/24: 82.6% (1600/1936)
[2025-11-18 17:15:19][INFO][Rank 0] - train Epoch 12/24: 83.2% (1610/1936)
[2025-11-18 17:15:26][INFO][Rank 0] - train Epoch 12/24: 83.7% (1620/1936)
[2025-11-18 17:15:27][INFO][Rank 0] - CUDA Memory [train][Step 1620]: Device 0: Allocated: 3309.6 MB, Reserved: 117540.0 MB (Δ: +1687.0 MB)
[2025-11-18 17:15:34][INFO][Rank 0] - train Epoch 12/24: 84.2% (1630/1936)
[2025-11-18 17:15:41][INFO][Rank 0] - train Epoch 12/24: 84.7% (1640/1936)
[2025-11-18 17:15:48][INFO][Rank 0] - train Epoch 12/24: 85.2% (1650/1936)
[2025-11-18 17:15:55][INFO][Rank 0] - train Epoch 12/24: 85.7% (1660/1936)
[2025-11-18 17:16:02][INFO][Rank 0] - train Epoch 12/24: 86.3% (1670/1936)
[2025-11-18 17:16:09][INFO][Rank 0] - train Epoch 12/24: 86.8% (1680/1936)
[2025-11-18 17:16:16][INFO][Rank 0] - train Epoch 12/24: 87.3% (1690/1936)
[2025-11-18 17:16:23][INFO][Rank 0] - train Epoch 12/24: 87.8% (1700/1936)
[2025-11-18 17:16:30][INFO][Rank 0] - train Epoch 12/24: 88.3% (1710/1936)
[2025-11-18 17:16:31][INFO][Rank 0] - CUDA Memory [train][Step 1710]: Device 0: Allocated: 3309.6 MB, Reserved: 117540.0 MB (Δ: +1687.0 MB)
[2025-11-18 17:16:37][INFO][Rank 0] - train Epoch 12/24: 88.8% (1720/1936)
[2025-11-18 17:16:44][INFO][Rank 0] - train Epoch 12/24: 89.4% (1730/1936)
[2025-11-18 17:16:51][INFO][Rank 0] - train Epoch 12/24: 89.9% (1740/1936)
[2025-11-18 17:16:58][INFO][Rank 0] - train Epoch 12/24: 90.4% (1750/1936)
[2025-11-18 17:17:05][INFO][Rank 0] - train Epoch 12/24: 90.9% (1760/1936)
[2025-11-18 17:17:12][INFO][Rank 0] - train Epoch 12/24: 91.4% (1770/1936)
[2025-11-18 17:17:19][INFO][Rank 0] - train Epoch 12/24: 91.9% (1780/1936)
[2025-11-18 17:17:26][INFO][Rank 0] - train Epoch 12/24: 92.5% (1790/1936)
[2025-11-18 17:17:34][INFO][Rank 0] - train Epoch 12/24: 93.0% (1800/1936)
[2025-11-18 17:17:34][INFO][Rank 0] - CUDA Memory [train][Step 1800]: Device 0: Allocated: 3309.6 MB, Reserved: 117540.0 MB (Δ: +1687.0 MB)
[2025-11-18 17:17:41][INFO][Rank 0] - train Epoch 12/24: 93.5% (1810/1936)
[2025-11-18 17:17:48][INFO][Rank 0] - train Epoch 12/24: 94.0% (1820/1936)
[2025-11-18 17:17:55][INFO][Rank 0] - train Epoch 12/24: 94.5% (1830/1936)
[2025-11-18 17:18:02][INFO][Rank 0] - train Epoch 12/24: 95.0% (1840/1936)
[2025-11-18 17:18:09][INFO][Rank 0] - train Epoch 12/24: 95.6% (1850/1936)
[2025-11-18 17:18:16][INFO][Rank 0] - train Epoch 12/24: 96.1% (1860/1936)
[2025-11-18 17:18:23][INFO][Rank 0] - train Epoch 12/24: 96.6% (1870/1936)
[2025-11-18 17:18:30][INFO][Rank 0] - train Epoch 12/24: 97.1% (1880/1936)
[2025-11-18 17:18:37][INFO][Rank 0] - train Epoch 12/24: 97.6% (1890/1936)
[2025-11-18 17:18:38][INFO][Rank 0] - CUDA Memory [train][Step 1890]: Device 0: Allocated: 3309.6 MB, Reserved: 117540.0 MB (Δ: +1687.0 MB)
[2025-11-18 17:18:44][INFO][Rank 0] - train Epoch 12/24: 98.1% (1900/1936)
[2025-11-18 17:18:51][INFO][Rank 0] - train Epoch 12/24: 98.7% (1910/1936)
[2025-11-18 17:18:58][INFO][Rank 0] - train Epoch 12/24: 99.2% (1920/1936)
[2025-11-18 17:19:05][INFO][Rank 0] - train Epoch 12/24: 99.7% (1930/1936)
[2025-11-18 17:19:09][INFO][Rank 0] - train Epoch 12/24: 99.9% (1935/1936)
[2025-11-18 17:19:09][INFO][Rank 0] - train Loss: 0.1582 Acc: 0.9732 F1: 0.9861
[2025-11-18 17:19:09][INFO][Rank 0] - train Balanced Acc: 0.8980 AUC-ROC: 0.9679
[2025-11-18 17:19:09][INFO][Rank 0] - train Sensitivity: 0.9773 Specificity: 0.8187
[2025-11-18 17:19:09][INFO][Rank 0] - train Confusion Matrix: TP=18430, FP=91, FN=428, TN=411
[2025-11-18 17:19:09][INFO][Rank 0] - train completed in 1367.02s
[2025-11-18 17:19:09][INFO][Rank 0] - Data loading time: 1.40s, Forward time: 278.38s, Backward time: 740.17s
[2025-11-18 17:19:09][INFO][Rank 0] - train cache: 0/1 items, hit rate: 0.00%
[2025-11-18 17:19:09][INFO][Rank 0] - CUDA Memory [val][Step 0]: Device 0: Allocated: 3309.6 MB, Reserved: 117540.0 MB (Δ: +1687.0 MB)
[2025-11-18 17:19:09][INFO][Rank 0] - val phase: total 418 batches
[2025-11-18 17:19:10][INFO][Rank 0] - val Epoch 12/24: 0.0% (0/418)
[2025-11-18 17:19:15][INFO][Rank 0] - val Epoch 12/24: 2.4% (10/418)
[2025-11-18 17:19:20][INFO][Rank 0] - val Epoch 12/24: 4.8% (20/418)
[2025-11-18 17:19:25][INFO][Rank 0] - val Epoch 12/24: 7.2% (30/418)
[2025-11-18 17:19:30][INFO][Rank 0] - val Epoch 12/24: 9.6% (40/418)
[2025-11-18 17:19:35][INFO][Rank 0] - val Epoch 12/24: 12.0% (50/418)
[2025-11-18 17:19:40][INFO][Rank 0] - val Epoch 12/24: 14.4% (60/418)
[2025-11-18 17:19:45][INFO][Rank 0] - val Epoch 12/24: 16.7% (70/418)
[2025-11-18 17:19:50][INFO][Rank 0] - val Epoch 12/24: 19.1% (80/418)
[2025-11-18 17:19:55][INFO][Rank 0] - val Epoch 12/24: 21.5% (90/418)
[2025-11-18 17:20:00][INFO][Rank 0] - val Epoch 12/24: 23.9% (100/418)
[2025-11-18 17:20:05][INFO][Rank 0] - val Epoch 12/24: 26.3% (110/418)
[2025-11-18 17:20:10][INFO][Rank 0] - val Epoch 12/24: 28.7% (120/418)
[2025-11-18 17:20:11][INFO][Rank 0] - CUDA Memory [val][Step 120]: Device 0: Allocated: 3309.6 MB, Reserved: 117540.0 MB (Δ: +1687.0 MB)
[2025-11-18 17:20:15][INFO][Rank 0] - val Epoch 12/24: 31.1% (130/418)
[2025-11-18 17:20:20][INFO][Rank 0] - val Epoch 12/24: 33.5% (140/418)
[2025-11-18 17:20:25][INFO][Rank 0] - val Epoch 12/24: 35.9% (150/418)
[2025-11-18 17:20:30][INFO][Rank 0] - val Epoch 12/24: 38.3% (160/418)
[2025-11-18 17:20:35][INFO][Rank 0] - val Epoch 12/24: 40.7% (170/418)
[2025-11-18 17:20:40][INFO][Rank 0] - val Epoch 12/24: 43.1% (180/418)
[2025-11-18 17:20:46][INFO][Rank 0] - val Epoch 12/24: 45.5% (190/418)
[2025-11-18 17:20:51][INFO][Rank 0] - val Epoch 12/24: 47.8% (200/418)
[2025-11-18 17:20:56][INFO][Rank 0] - val Epoch 12/24: 50.2% (210/418)
[2025-11-18 17:21:01][INFO][Rank 0] - val Epoch 12/24: 52.6% (220/418)
[2025-11-18 17:21:06][INFO][Rank 0] - val Epoch 12/24: 55.0% (230/418)
[2025-11-18 17:21:11][INFO][Rank 0] - val Epoch 12/24: 57.4% (240/418)
[2025-11-18 17:21:11][INFO][Rank 0] - CUDA Memory [val][Step 240]: Device 0: Allocated: 3309.6 MB, Reserved: 117540.0 MB (Δ: +1687.0 MB)
[2025-11-18 17:21:16][INFO][Rank 0] - val Epoch 12/24: 59.8% (250/418)
[2025-11-18 17:21:21][INFO][Rank 0] - val Epoch 12/24: 62.2% (260/418)
[2025-11-18 17:21:26][INFO][Rank 0] - val Epoch 12/24: 64.6% (270/418)
[2025-11-18 17:21:31][INFO][Rank 0] - val Epoch 12/24: 67.0% (280/418)
[2025-11-18 17:21:36][INFO][Rank 0] - val Epoch 12/24: 69.4% (290/418)
[2025-11-18 17:21:41][INFO][Rank 0] - val Epoch 12/24: 71.8% (300/418)
[2025-11-18 17:21:46][INFO][Rank 0] - val Epoch 12/24: 74.2% (310/418)
[2025-11-18 17:21:51][INFO][Rank 0] - val Epoch 12/24: 76.6% (320/418)
[2025-11-18 17:21:56][INFO][Rank 0] - val Epoch 12/24: 78.9% (330/418)
[2025-11-18 17:22:01][INFO][Rank 0] - val Epoch 12/24: 81.3% (340/418)
[2025-11-18 17:22:06][INFO][Rank 0] - val Epoch 12/24: 83.7% (350/418)
[2025-11-18 17:22:11][INFO][Rank 0] - val Epoch 12/24: 86.1% (360/418)
[2025-11-18 17:22:12][INFO][Rank 0] - CUDA Memory [val][Step 360]: Device 0: Allocated: 3309.6 MB, Reserved: 117540.0 MB (Δ: +1687.0 MB)
[2025-11-18 17:22:16][INFO][Rank 0] - val Epoch 12/24: 88.5% (370/418)
[2025-11-18 17:22:21][INFO][Rank 0] - val Epoch 12/24: 90.9% (380/418)
[2025-11-18 17:22:26][INFO][Rank 0] - val Epoch 12/24: 93.3% (390/418)
[2025-11-18 17:22:31][INFO][Rank 0] - val Epoch 12/24: 95.7% (400/418)
[2025-11-18 17:22:36][INFO][Rank 0] - val Epoch 12/24: 98.1% (410/418)
[2025-11-18 17:22:40][INFO][Rank 0] - val Epoch 12/24: 99.8% (417/418)
[2025-11-18 17:22:40][INFO][Rank 0] - val Loss: 0.1069 Acc: 0.9725 F1: 0.9857
[2025-11-18 17:22:40][INFO][Rank 0] - val Balanced Acc: 0.8955 AUC-ROC: 0.9813
[2025-11-18 17:22:40][INFO][Rank 0] - val Sensitivity: 0.9769 Specificity: 0.8142
[2025-11-18 17:22:40][INFO][Rank 0] - val Confusion Matrix: TP=3973, FP=21, FN=94, TN=92
[2025-11-18 17:22:40][INFO][Rank 0] - val completed in 210.85s
[2025-11-18 17:22:40][INFO][Rank 0] - val cache: 0/1 items, hit rate: 0.00%
[2025-11-18 17:22:45][INFO][Rank 0] - Saved new best auc model with auc: 0.9813 at /projects/retprogression/rgarridogarcia/checkpoints/cropped1024_cropped_centered_allR_4/best_auc_model.pth
[2025-11-18 17:22:49][INFO][Rank 0] - Saved epoch checkpoint at /projects/retprogression/rgarridogarcia/checkpoints/cropped1024_cropped_centered_allR_4/epoch_12.pth
[2025-11-18 17:22:49][INFO][Rank 0] - Epoch 12 summary:
[2025-11-18 17:22:49][INFO][Rank 0] -  Train Loss: 0.1582, Train Acc: 0.9732, Train F1: 0.9861
[2025-11-18 17:22:49][INFO][Rank 0] -  Train Balanced Acc: 0.8980, Train AUC: 0.9679
[2025-11-18 17:22:49][INFO][Rank 0] -  Train Sensitivity: 0.9773, Train Specificity: 0.8187
[2025-11-18 17:22:49][INFO][Rank 0] -  Val Loss: 0.1069, Val Acc: 0.9725, Val F1: 0.9857
[2025-11-18 17:22:49][INFO][Rank 0] -  Val Balanced Acc: 0.8955, Val AUC: 0.9813
[2025-11-18 17:22:49][INFO][Rank 0] -  Val Sensitivity: 0.9769, Val Specificity: 0.8142
[2025-11-18 17:22:49][INFO][Rank 0] -  Total Epoch Time: 1586.80s
[2025-11-18 17:22:49][INFO][Rank 0] - Epoch 13/24
[2025-11-18 17:22:49][INFO][Rank 0] - ----------
[2025-11-18 17:22:49][INFO][Rank 0] - CUDA Memory [train][Step 0]: Device 0: Allocated: 3309.6 MB, Reserved: 117540.0 MB (Δ: +1687.0 MB)
[2025-11-18 17:22:49][INFO][Rank 0] - train phase: total 1936 batches
[2025-11-18 17:22:50][INFO][Rank 0] - train Epoch 13/24: 0.0% (0/1936)
[2025-11-18 17:22:57][INFO][Rank 0] - train Epoch 13/24: 0.5% (10/1936)
[2025-11-18 17:23:04][INFO][Rank 0] - train Epoch 13/24: 1.0% (20/1936)
[2025-11-18 17:23:11][INFO][Rank 0] - train Epoch 13/24: 1.5% (30/1936)
[2025-11-18 17:23:18][INFO][Rank 0] - train Epoch 13/24: 2.1% (40/1936)
[2025-11-18 17:23:25][INFO][Rank 0] - train Epoch 13/24: 2.6% (50/1936)
[2025-11-18 17:23:32][INFO][Rank 0] - train Epoch 13/24: 3.1% (60/1936)
[2025-11-18 17:23:39][INFO][Rank 0] - train Epoch 13/24: 3.6% (70/1936)
[2025-11-18 17:23:46][INFO][Rank 0] - train Epoch 13/24: 4.1% (80/1936)
[2025-11-18 17:23:53][INFO][Rank 0] - train Epoch 13/24: 4.6% (90/1936)
[2025-11-18 17:23:54][INFO][Rank 0] - CUDA Memory [train][Step 90]: Device 0: Allocated: 3309.6 MB, Reserved: 117540.0 MB (Δ: +1687.0 MB)
[2025-11-18 17:24:00][INFO][Rank 0] - train Epoch 13/24: 5.2% (100/1936)
[2025-11-18 17:24:08][INFO][Rank 0] - train Epoch 13/24: 5.7% (110/1936)
[2025-11-18 17:24:15][INFO][Rank 0] - train Epoch 13/24: 6.2% (120/1936)
[2025-11-18 17:24:22][INFO][Rank 0] - train Epoch 13/24: 6.7% (130/1936)
[2025-11-18 17:24:29][INFO][Rank 0] - train Epoch 13/24: 7.2% (140/1936)
[2025-11-18 17:24:36][INFO][Rank 0] - train Epoch 13/24: 7.7% (150/1936)
[2025-11-18 17:24:43][INFO][Rank 0] - train Epoch 13/24: 8.3% (160/1936)
[2025-11-18 17:24:50][INFO][Rank 0] - train Epoch 13/24: 8.8% (170/1936)
[2025-11-18 17:24:57][INFO][Rank 0] - train Epoch 13/24: 9.3% (180/1936)
[2025-11-18 17:24:58][INFO][Rank 0] - CUDA Memory [train][Step 180]: Device 0: Allocated: 3309.6 MB, Reserved: 117540.0 MB (Δ: +1687.0 MB)
[2025-11-18 17:25:04][INFO][Rank 0] - train Epoch 13/24: 9.8% (190/1936)
[2025-11-18 17:25:11][INFO][Rank 0] - train Epoch 13/24: 10.3% (200/1936)
[2025-11-18 17:25:18][INFO][Rank 0] - train Epoch 13/24: 10.8% (210/1936)
[2025-11-18 17:25:25][INFO][Rank 0] - train Epoch 13/24: 11.4% (220/1936)
[2025-11-18 17:25:32][INFO][Rank 0] - train Epoch 13/24: 11.9% (230/1936)
[2025-11-18 17:25:39][INFO][Rank 0] - train Epoch 13/24: 12.4% (240/1936)
[2025-11-18 17:25:46][INFO][Rank 0] - train Epoch 13/24: 12.9% (250/1936)
[2025-11-18 17:25:53][INFO][Rank 0] - train Epoch 13/24: 13.4% (260/1936)
[2025-11-18 17:26:00][INFO][Rank 0] - train Epoch 13/24: 13.9% (270/1936)
[2025-11-18 17:26:01][INFO][Rank 0] - CUDA Memory [train][Step 270]: Device 0: Allocated: 3309.6 MB, Reserved: 117540.0 MB (Δ: +1687.0 MB)
[2025-11-18 17:26:07][INFO][Rank 0] - train Epoch 13/24: 14.5% (280/1936)
[2025-11-18 17:26:15][INFO][Rank 0] - train Epoch 13/24: 15.0% (290/1936)
[2025-11-18 17:26:22][INFO][Rank 0] - train Epoch 13/24: 15.5% (300/1936)
[2025-11-18 17:26:29][INFO][Rank 0] - train Epoch 13/24: 16.0% (310/1936)
[2025-11-18 17:26:36][INFO][Rank 0] - train Epoch 13/24: 16.5% (320/1936)
[2025-11-18 17:26:43][INFO][Rank 0] - train Epoch 13/24: 17.0% (330/1936)
[2025-11-18 17:26:50][INFO][Rank 0] - train Epoch 13/24: 17.6% (340/1936)
[2025-11-18 17:26:57][INFO][Rank 0] - train Epoch 13/24: 18.1% (350/1936)
[2025-11-18 17:27:04][INFO][Rank 0] - train Epoch 13/24: 18.6% (360/1936)
[2025-11-18 17:27:05][INFO][Rank 0] - CUDA Memory [train][Step 360]: Device 0: Allocated: 3309.6 MB, Reserved: 117540.0 MB (Δ: +1687.0 MB)
[2025-11-18 17:27:11][INFO][Rank 0] - train Epoch 13/24: 19.1% (370/1936)
[2025-11-18 17:27:18][INFO][Rank 0] - train Epoch 13/24: 19.6% (380/1936)
[2025-11-18 17:27:25][INFO][Rank 0] - train Epoch 13/24: 20.1% (390/1936)
[2025-11-18 17:27:32][INFO][Rank 0] - train Epoch 13/24: 20.7% (400/1936)
[2025-11-18 17:27:39][INFO][Rank 0] - train Epoch 13/24: 21.2% (410/1936)
[2025-11-18 17:27:46][INFO][Rank 0] - train Epoch 13/24: 21.7% (420/1936)
[2025-11-18 17:27:53][INFO][Rank 0] - train Epoch 13/24: 22.2% (430/1936)
[2025-11-18 17:28:00][INFO][Rank 0] - train Epoch 13/24: 22.7% (440/1936)
[2025-11-18 17:28:07][INFO][Rank 0] - train Epoch 13/24: 23.2% (450/1936)
[2025-11-18 17:28:08][INFO][Rank 0] - CUDA Memory [train][Step 450]: Device 0: Allocated: 3309.6 MB, Reserved: 117540.0 MB (Δ: +1687.0 MB)
[2025-11-18 17:28:15][INFO][Rank 0] - train Epoch 13/24: 23.8% (460/1936)
[2025-11-18 17:28:22][INFO][Rank 0] - train Epoch 13/24: 24.3% (470/1936)
[2025-11-18 17:28:29][INFO][Rank 0] - train Epoch 13/24: 24.8% (480/1936)
[2025-11-18 17:28:36][INFO][Rank 0] - train Epoch 13/24: 25.3% (490/1936)
[2025-11-18 17:28:43][INFO][Rank 0] - train Epoch 13/24: 25.8% (500/1936)
[2025-11-18 17:28:50][INFO][Rank 0] - train Epoch 13/24: 26.3% (510/1936)
[2025-11-18 17:28:57][INFO][Rank 0] - train Epoch 13/24: 26.9% (520/1936)
[2025-11-18 17:29:04][INFO][Rank 0] - train Epoch 13/24: 27.4% (530/1936)
[2025-11-18 17:29:11][INFO][Rank 0] - train Epoch 13/24: 27.9% (540/1936)
[2025-11-18 17:29:12][INFO][Rank 0] - CUDA Memory [train][Step 540]: Device 0: Allocated: 3309.6 MB, Reserved: 117540.0 MB (Δ: +1687.0 MB)
[2025-11-18 17:29:18][INFO][Rank 0] - train Epoch 13/24: 28.4% (550/1936)
[2025-11-18 17:29:25][INFO][Rank 0] - train Epoch 13/24: 28.9% (560/1936)
[2025-11-18 17:29:32][INFO][Rank 0] - train Epoch 13/24: 29.4% (570/1936)
[2025-11-18 17:29:39][INFO][Rank 0] - train Epoch 13/24: 30.0% (580/1936)
[2025-11-18 17:29:46][INFO][Rank 0] - train Epoch 13/24: 30.5% (590/1936)
[2025-11-18 17:29:53][INFO][Rank 0] - train Epoch 13/24: 31.0% (600/1936)
[2025-11-18 17:30:00][INFO][Rank 0] - train Epoch 13/24: 31.5% (610/1936)
[2025-11-18 17:30:07][INFO][Rank 0] - train Epoch 13/24: 32.0% (620/1936)
[2025-11-18 17:30:14][INFO][Rank 0] - train Epoch 13/24: 32.5% (630/1936)
[2025-11-18 17:30:15][INFO][Rank 0] - CUDA Memory [train][Step 630]: Device 0: Allocated: 3309.6 MB, Reserved: 117540.0 MB (Δ: +1687.0 MB)
[2025-11-18 17:30:22][INFO][Rank 0] - train Epoch 13/24: 33.1% (640/1936)
[2025-11-18 17:30:29][INFO][Rank 0] - train Epoch 13/24: 33.6% (650/1936)
[2025-11-18 17:30:36][INFO][Rank 0] - train Epoch 13/24: 34.1% (660/1936)
[2025-11-18 17:30:43][INFO][Rank 0] - train Epoch 13/24: 34.6% (670/1936)
[2025-11-18 17:30:50][INFO][Rank 0] - train Epoch 13/24: 35.1% (680/1936)
[2025-11-18 17:30:57][INFO][Rank 0] - train Epoch 13/24: 35.6% (690/1936)
[2025-11-18 17:31:04][INFO][Rank 0] - train Epoch 13/24: 36.2% (700/1936)
[2025-11-18 17:31:11][INFO][Rank 0] - train Epoch 13/24: 36.7% (710/1936)
[2025-11-18 17:31:18][INFO][Rank 0] - train Epoch 13/24: 37.2% (720/1936)
[2025-11-18 17:31:19][INFO][Rank 0] - CUDA Memory [train][Step 720]: Device 0: Allocated: 3309.6 MB, Reserved: 117540.0 MB (Δ: +1687.0 MB)
[2025-11-18 17:31:25][INFO][Rank 0] - train Epoch 13/24: 37.7% (730/1936)
[2025-11-18 17:31:32][INFO][Rank 0] - train Epoch 13/24: 38.2% (740/1936)
[2025-11-18 17:31:39][INFO][Rank 0] - train Epoch 13/24: 38.7% (750/1936)
[2025-11-18 17:31:46][INFO][Rank 0] - train Epoch 13/24: 39.3% (760/1936)
[2025-11-18 17:31:53][INFO][Rank 0] - train Epoch 13/24: 39.8% (770/1936)
[2025-11-18 17:32:00][INFO][Rank 0] - train Epoch 13/24: 40.3% (780/1936)
[2025-11-18 17:32:07][INFO][Rank 0] - train Epoch 13/24: 40.8% (790/1936)
[2025-11-18 17:32:14][INFO][Rank 0] - train Epoch 13/24: 41.3% (800/1936)
[2025-11-18 17:32:22][INFO][Rank 0] - train Epoch 13/24: 41.8% (810/1936)
[2025-11-18 17:32:22][INFO][Rank 0] - CUDA Memory [train][Step 810]: Device 0: Allocated: 3309.6 MB, Reserved: 117540.0 MB (Δ: +1687.0 MB)
[2025-11-18 17:32:29][INFO][Rank 0] - train Epoch 13/24: 42.4% (820/1936)
[2025-11-18 17:32:36][INFO][Rank 0] - train Epoch 13/24: 42.9% (830/1936)
[2025-11-18 17:32:43][INFO][Rank 0] - train Epoch 13/24: 43.4% (840/1936)
[2025-11-18 17:32:50][INFO][Rank 0] - train Epoch 13/24: 43.9% (850/1936)
[2025-11-18 17:32:57][INFO][Rank 0] - train Epoch 13/24: 44.4% (860/1936)
[2025-11-18 17:33:04][INFO][Rank 0] - train Epoch 13/24: 44.9% (870/1936)
[2025-11-18 17:33:11][INFO][Rank 0] - train Epoch 13/24: 45.5% (880/1936)
[2025-11-18 17:33:18][INFO][Rank 0] - train Epoch 13/24: 46.0% (890/1936)
[2025-11-18 17:33:25][INFO][Rank 0] - train Epoch 13/24: 46.5% (900/1936)
[2025-11-18 17:33:26][INFO][Rank 0] - CUDA Memory [train][Step 900]: Device 0: Allocated: 3309.6 MB, Reserved: 117540.0 MB (Δ: +1687.0 MB)
[2025-11-18 17:33:32][INFO][Rank 0] - train Epoch 13/24: 47.0% (910/1936)
[2025-11-18 17:33:39][INFO][Rank 0] - train Epoch 13/24: 47.5% (920/1936)
[2025-11-18 17:33:46][INFO][Rank 0] - train Epoch 13/24: 48.0% (930/1936)
[2025-11-18 17:33:53][INFO][Rank 0] - train Epoch 13/24: 48.6% (940/1936)
[2025-11-18 17:34:00][INFO][Rank 0] - train Epoch 13/24: 49.1% (950/1936)
[2025-11-18 17:34:07][INFO][Rank 0] - train Epoch 13/24: 49.6% (960/1936)
[2025-11-18 17:34:14][INFO][Rank 0] - train Epoch 13/24: 50.1% (970/1936)
[2025-11-18 17:34:21][INFO][Rank 0] - train Epoch 13/24: 50.6% (980/1936)
[2025-11-18 17:34:28][INFO][Rank 0] - train Epoch 13/24: 51.1% (990/1936)
[2025-11-18 17:34:29][INFO][Rank 0] - CUDA Memory [train][Step 990]: Device 0: Allocated: 3309.6 MB, Reserved: 117540.0 MB (Δ: +1687.0 MB)
[2025-11-18 17:34:36][INFO][Rank 0] - train Epoch 13/24: 51.7% (1000/1936)
[2025-11-18 17:34:43][INFO][Rank 0] - train Epoch 13/24: 52.2% (1010/1936)
[2025-11-18 17:34:50][INFO][Rank 0] - train Epoch 13/24: 52.7% (1020/1936)
[2025-11-18 17:34:57][INFO][Rank 0] - train Epoch 13/24: 53.2% (1030/1936)
[2025-11-18 17:35:04][INFO][Rank 0] - train Epoch 13/24: 53.7% (1040/1936)
[2025-11-18 17:35:11][INFO][Rank 0] - train Epoch 13/24: 54.2% (1050/1936)
[2025-11-18 17:35:18][INFO][Rank 0] - train Epoch 13/24: 54.8% (1060/1936)
[2025-11-18 17:35:25][INFO][Rank 0] - train Epoch 13/24: 55.3% (1070/1936)
[2025-11-18 17:35:32][INFO][Rank 0] - train Epoch 13/24: 55.8% (1080/1936)
[2025-11-18 17:35:33][INFO][Rank 0] - CUDA Memory [train][Step 1080]: Device 0: Allocated: 3309.6 MB, Reserved: 117540.0 MB (Δ: +1687.0 MB)
[2025-11-18 17:35:39][INFO][Rank 0] - train Epoch 13/24: 56.3% (1090/1936)
[2025-11-18 17:35:46][INFO][Rank 0] - train Epoch 13/24: 56.8% (1100/1936)
[2025-11-18 17:35:53][INFO][Rank 0] - train Epoch 13/24: 57.3% (1110/1936)
[2025-11-18 17:36:00][INFO][Rank 0] - train Epoch 13/24: 57.9% (1120/1936)
[2025-11-18 17:36:07][INFO][Rank 0] - train Epoch 13/24: 58.4% (1130/1936)
[2025-11-18 17:36:14][INFO][Rank 0] - train Epoch 13/24: 58.9% (1140/1936)
[2025-11-18 17:36:21][INFO][Rank 0] - train Epoch 13/24: 59.4% (1150/1936)
[2025-11-18 17:36:28][INFO][Rank 0] - train Epoch 13/24: 59.9% (1160/1936)
[2025-11-18 17:36:35][INFO][Rank 0] - train Epoch 13/24: 60.4% (1170/1936)
[2025-11-18 17:36:36][INFO][Rank 0] - CUDA Memory [train][Step 1170]: Device 0: Allocated: 3309.6 MB, Reserved: 117540.0 MB (Δ: +1687.0 MB)
[2025-11-18 17:36:42][INFO][Rank 0] - train Epoch 13/24: 61.0% (1180/1936)
[2025-11-18 17:36:50][INFO][Rank 0] - train Epoch 13/24: 61.5% (1190/1936)
[2025-11-18 17:36:57][INFO][Rank 0] - train Epoch 13/24: 62.0% (1200/1936)
[2025-11-18 17:37:04][INFO][Rank 0] - train Epoch 13/24: 62.5% (1210/1936)
[2025-11-18 17:37:11][INFO][Rank 0] - train Epoch 13/24: 63.0% (1220/1936)
[2025-11-18 17:37:18][INFO][Rank 0] - train Epoch 13/24: 63.5% (1230/1936)
[2025-11-18 17:37:25][INFO][Rank 0] - train Epoch 13/24: 64.0% (1240/1936)
[2025-11-18 17:37:32][INFO][Rank 0] - train Epoch 13/24: 64.6% (1250/1936)
[2025-11-18 17:37:39][INFO][Rank 0] - train Epoch 13/24: 65.1% (1260/1936)
[2025-11-18 17:37:40][INFO][Rank 0] - CUDA Memory [train][Step 1260]: Device 0: Allocated: 3309.6 MB, Reserved: 117540.0 MB (Δ: +1687.0 MB)
[2025-11-18 17:37:46][INFO][Rank 0] - train Epoch 13/24: 65.6% (1270/1936)
[2025-11-18 17:37:53][INFO][Rank 0] - train Epoch 13/24: 66.1% (1280/1936)
[2025-11-18 17:38:00][INFO][Rank 0] - train Epoch 13/24: 66.6% (1290/1936)
[2025-11-18 17:38:07][INFO][Rank 0] - train Epoch 13/24: 67.1% (1300/1936)
[2025-11-18 17:38:14][INFO][Rank 0] - train Epoch 13/24: 67.7% (1310/1936)
[2025-11-18 17:38:21][INFO][Rank 0] - train Epoch 13/24: 68.2% (1320/1936)
[2025-11-18 17:38:28][INFO][Rank 0] - train Epoch 13/24: 68.7% (1330/1936)
[2025-11-18 17:38:35][INFO][Rank 0] - train Epoch 13/24: 69.2% (1340/1936)
[2025-11-18 17:38:43][INFO][Rank 0] - train Epoch 13/24: 69.7% (1350/1936)
[2025-11-18 17:38:43][INFO][Rank 0] - CUDA Memory [train][Step 1350]: Device 0: Allocated: 3309.6 MB, Reserved: 117540.0 MB (Δ: +1687.0 MB)
[2025-11-18 17:38:50][INFO][Rank 0] - train Epoch 13/24: 70.2% (1360/1936)
[2025-11-18 17:38:57][INFO][Rank 0] - train Epoch 13/24: 70.8% (1370/1936)
[2025-11-18 17:39:04][INFO][Rank 0] - train Epoch 13/24: 71.3% (1380/1936)
[2025-11-18 17:39:11][INFO][Rank 0] - train Epoch 13/24: 71.8% (1390/1936)
[2025-11-18 17:39:18][INFO][Rank 0] - train Epoch 13/24: 72.3% (1400/1936)
[2025-11-18 17:39:25][INFO][Rank 0] - train Epoch 13/24: 72.8% (1410/1936)
[2025-11-18 17:39:32][INFO][Rank 0] - train Epoch 13/24: 73.3% (1420/1936)
[2025-11-18 17:39:39][INFO][Rank 0] - train Epoch 13/24: 73.9% (1430/1936)
[2025-11-18 17:39:46][INFO][Rank 0] - train Epoch 13/24: 74.4% (1440/1936)
[2025-11-18 17:39:47][INFO][Rank 0] - CUDA Memory [train][Step 1440]: Device 0: Allocated: 3309.6 MB, Reserved: 117540.0 MB (Δ: +1687.0 MB)
[2025-11-18 17:39:53][INFO][Rank 0] - train Epoch 13/24: 74.9% (1450/1936)
[2025-11-18 17:40:00][INFO][Rank 0] - train Epoch 13/24: 75.4% (1460/1936)
[2025-11-18 17:40:07][INFO][Rank 0] - train Epoch 13/24: 75.9% (1470/1936)
[2025-11-18 17:40:14][INFO][Rank 0] - train Epoch 13/24: 76.4% (1480/1936)
[2025-11-18 17:40:21][INFO][Rank 0] - train Epoch 13/24: 77.0% (1490/1936)
[2025-11-18 17:40:28][INFO][Rank 0] - train Epoch 13/24: 77.5% (1500/1936)
[2025-11-18 17:40:35][INFO][Rank 0] - train Epoch 13/24: 78.0% (1510/1936)
[2025-11-18 17:40:42][INFO][Rank 0] - train Epoch 13/24: 78.5% (1520/1936)
[2025-11-18 17:40:50][INFO][Rank 0] - train Epoch 13/24: 79.0% (1530/1936)
[2025-11-18 17:40:50][INFO][Rank 0] - CUDA Memory [train][Step 1530]: Device 0: Allocated: 3309.6 MB, Reserved: 117540.0 MB (Δ: +1687.0 MB)
[2025-11-18 17:40:57][INFO][Rank 0] - train Epoch 13/24: 79.5% (1540/1936)
[2025-11-18 17:41:04][INFO][Rank 0] - train Epoch 13/24: 80.1% (1550/1936)
[2025-11-18 17:41:11][INFO][Rank 0] - train Epoch 13/24: 80.6% (1560/1936)
[2025-11-18 17:41:18][INFO][Rank 0] - train Epoch 13/24: 81.1% (1570/1936)
[2025-11-18 17:41:25][INFO][Rank 0] - train Epoch 13/24: 81.6% (1580/1936)
[2025-11-18 17:41:32][INFO][Rank 0] - train Epoch 13/24: 82.1% (1590/1936)
[2025-11-18 17:41:39][INFO][Rank 0] - train Epoch 13/24: 82.6% (1600/1936)
[2025-11-18 17:41:46][INFO][Rank 0] - train Epoch 13/24: 83.2% (1610/1936)
[2025-11-18 17:41:53][INFO][Rank 0] - train Epoch 13/24: 83.7% (1620/1936)
[2025-11-18 17:41:54][INFO][Rank 0] - CUDA Memory [train][Step 1620]: Device 0: Allocated: 3309.6 MB, Reserved: 117540.0 MB (Δ: +1687.0 MB)
[2025-11-18 17:42:00][INFO][Rank 0] - train Epoch 13/24: 84.2% (1630/1936)
[2025-11-18 17:42:07][INFO][Rank 0] - train Epoch 13/24: 84.7% (1640/1936)
[2025-11-18 17:42:14][INFO][Rank 0] - train Epoch 13/24: 85.2% (1650/1936)
[2025-11-18 17:42:21][INFO][Rank 0] - train Epoch 13/24: 85.7% (1660/1936)
[2025-11-18 17:42:28][INFO][Rank 0] - train Epoch 13/24: 86.3% (1670/1936)
[2025-11-18 17:42:35][INFO][Rank 0] - train Epoch 13/24: 86.8% (1680/1936)
[2025-11-18 17:42:42][INFO][Rank 0] - train Epoch 13/24: 87.3% (1690/1936)
[2025-11-18 17:42:49][INFO][Rank 0] - train Epoch 13/24: 87.8% (1700/1936)
[2025-11-18 17:42:56][INFO][Rank 0] - train Epoch 13/24: 88.3% (1710/1936)
[2025-11-18 17:42:57][INFO][Rank 0] - CUDA Memory [train][Step 1710]: Device 0: Allocated: 3309.6 MB, Reserved: 117540.0 MB (Δ: +1687.0 MB)
[2025-11-18 17:43:03][INFO][Rank 0] - train Epoch 13/24: 88.8% (1720/1936)
[2025-11-18 17:43:11][INFO][Rank 0] - train Epoch 13/24: 89.4% (1730/1936)
[2025-11-18 17:43:18][INFO][Rank 0] - train Epoch 13/24: 89.9% (1740/1936)
[2025-11-18 17:43:25][INFO][Rank 0] - train Epoch 13/24: 90.4% (1750/1936)
[2025-11-18 17:43:32][INFO][Rank 0] - train Epoch 13/24: 90.9% (1760/1936)
[2025-11-18 17:43:39][INFO][Rank 0] - train Epoch 13/24: 91.4% (1770/1936)
[2025-11-18 17:43:46][INFO][Rank 0] - train Epoch 13/24: 91.9% (1780/1936)
[2025-11-18 17:43:53][INFO][Rank 0] - train Epoch 13/24: 92.5% (1790/1936)
[2025-11-18 17:44:00][INFO][Rank 0] - train Epoch 13/24: 93.0% (1800/1936)
[2025-11-18 17:44:01][INFO][Rank 0] - CUDA Memory [train][Step 1800]: Device 0: Allocated: 3309.6 MB, Reserved: 117540.0 MB (Δ: +1687.0 MB)
[2025-11-18 17:44:07][INFO][Rank 0] - train Epoch 13/24: 93.5% (1810/1936)
[2025-11-18 17:44:14][INFO][Rank 0] - train Epoch 13/24: 94.0% (1820/1936)
[2025-11-18 17:44:21][INFO][Rank 0] - train Epoch 13/24: 94.5% (1830/1936)
[2025-11-18 17:44:28][INFO][Rank 0] - train Epoch 13/24: 95.0% (1840/1936)
[2025-11-18 17:44:35][INFO][Rank 0] - train Epoch 13/24: 95.6% (1850/1936)
[2025-11-18 17:44:42][INFO][Rank 0] - train Epoch 13/24: 96.1% (1860/1936)
[2025-11-18 17:44:49][INFO][Rank 0] - train Epoch 13/24: 96.6% (1870/1936)
[2025-11-18 17:44:56][INFO][Rank 0] - train Epoch 13/24: 97.1% (1880/1936)
[2025-11-18 17:45:03][INFO][Rank 0] - train Epoch 13/24: 97.6% (1890/1936)
[2025-11-18 17:45:04][INFO][Rank 0] - CUDA Memory [train][Step 1890]: Device 0: Allocated: 3309.6 MB, Reserved: 117540.0 MB (Δ: +1687.0 MB)
[2025-11-18 17:45:10][INFO][Rank 0] - train Epoch 13/24: 98.1% (1900/1936)
[2025-11-18 17:45:18][INFO][Rank 0] - train Epoch 13/24: 98.7% (1910/1936)
[2025-11-18 17:45:25][INFO][Rank 0] - train Epoch 13/24: 99.2% (1920/1936)
[2025-11-18 17:45:32][INFO][Rank 0] - train Epoch 13/24: 99.7% (1930/1936)
[2025-11-18 17:45:35][INFO][Rank 0] - train Epoch 13/24: 99.9% (1935/1936)
[2025-11-18 17:45:36][INFO][Rank 0] - train Loss: 0.1509 Acc: 0.9725 F1: 0.9857
[2025-11-18 17:45:36][INFO][Rank 0] - train Balanced Acc: 0.9093 AUC-ROC: 0.9684
[2025-11-18 17:45:36][INFO][Rank 0] - train Sensitivity: 0.9759 Specificity: 0.8426
[2025-11-18 17:45:36][INFO][Rank 0] - train Confusion Matrix: TP=18404, FP=79, FN=454, TN=423
[2025-11-18 17:45:36][INFO][Rank 0] - train completed in 1366.58s
[2025-11-18 17:45:36][INFO][Rank 0] - Data loading time: 1.26s, Forward time: 278.30s, Backward time: 739.96s
[2025-11-18 17:45:36][INFO][Rank 0] - train cache: 0/1 items, hit rate: 0.00%
[2025-11-18 17:45:36][INFO][Rank 0] - CUDA Memory [val][Step 0]: Device 0: Allocated: 3309.6 MB, Reserved: 117540.0 MB (Δ: +1687.0 MB)
[2025-11-18 17:45:36][INFO][Rank 0] - val phase: total 418 batches
[2025-11-18 17:45:36][INFO][Rank 0] - val Epoch 13/24: 0.0% (0/418)
[2025-11-18 17:45:41][INFO][Rank 0] - val Epoch 13/24: 2.4% (10/418)
[2025-11-18 17:45:46][INFO][Rank 0] - val Epoch 13/24: 4.8% (20/418)
[2025-11-18 17:45:51][INFO][Rank 0] - val Epoch 13/24: 7.2% (30/418)
[2025-11-18 17:45:56][INFO][Rank 0] - val Epoch 13/24: 9.6% (40/418)
[2025-11-18 17:46:01][INFO][Rank 0] - val Epoch 13/24: 12.0% (50/418)
[2025-11-18 17:46:06][INFO][Rank 0] - val Epoch 13/24: 14.4% (60/418)
[2025-11-18 17:46:11][INFO][Rank 0] - val Epoch 13/24: 16.7% (70/418)
[2025-11-18 17:46:16][INFO][Rank 0] - val Epoch 13/24: 19.1% (80/418)
[2025-11-18 17:46:21][INFO][Rank 0] - val Epoch 13/24: 21.5% (90/418)
[2025-11-18 17:46:26][INFO][Rank 0] - val Epoch 13/24: 23.9% (100/418)
[2025-11-18 17:46:31][INFO][Rank 0] - val Epoch 13/24: 26.3% (110/418)
[2025-11-18 17:46:36][INFO][Rank 0] - val Epoch 13/24: 28.7% (120/418)
[2025-11-18 17:46:37][INFO][Rank 0] - CUDA Memory [val][Step 120]: Device 0: Allocated: 3309.6 MB, Reserved: 117540.0 MB (Δ: +1687.0 MB)
[2025-11-18 17:46:42][INFO][Rank 0] - val Epoch 13/24: 31.1% (130/418)
[2025-11-18 17:46:47][INFO][Rank 0] - val Epoch 13/24: 33.5% (140/418)
[2025-11-18 17:46:52][INFO][Rank 0] - val Epoch 13/24: 35.9% (150/418)
[2025-11-18 17:46:57][INFO][Rank 0] - val Epoch 13/24: 38.3% (160/418)
[2025-11-18 17:47:02][INFO][Rank 0] - val Epoch 13/24: 40.7% (170/418)
[2025-11-18 17:47:07][INFO][Rank 0] - val Epoch 13/24: 43.1% (180/418)
[2025-11-18 17:47:12][INFO][Rank 0] - val Epoch 13/24: 45.5% (190/418)
[2025-11-18 17:47:17][INFO][Rank 0] - val Epoch 13/24: 47.8% (200/418)
[2025-11-18 17:47:22][INFO][Rank 0] - val Epoch 13/24: 50.2% (210/418)
[2025-11-18 17:47:27][INFO][Rank 0] - val Epoch 13/24: 52.6% (220/418)
[2025-11-18 17:47:32][INFO][Rank 0] - val Epoch 13/24: 55.0% (230/418)
[2025-11-18 17:47:37][INFO][Rank 0] - val Epoch 13/24: 57.4% (240/418)
[2025-11-18 17:47:37][INFO][Rank 0] - CUDA Memory [val][Step 240]: Device 0: Allocated: 3309.6 MB, Reserved: 117540.0 MB (Δ: +1687.0 MB)
[2025-11-18 17:47:42][INFO][Rank 0] - val Epoch 13/24: 59.8% (250/418)
[2025-11-18 17:47:47][INFO][Rank 0] - val Epoch 13/24: 62.2% (260/418)
[2025-11-18 17:47:52][INFO][Rank 0] - val Epoch 13/24: 64.6% (270/418)
[2025-11-18 17:47:57][INFO][Rank 0] - val Epoch 13/24: 67.0% (280/418)
[2025-11-18 17:48:02][INFO][Rank 0] - val Epoch 13/24: 69.4% (290/418)
[2025-11-18 17:48:07][INFO][Rank 0] - val Epoch 13/24: 71.8% (300/418)
[2025-11-18 17:48:12][INFO][Rank 0] - val Epoch 13/24: 74.2% (310/418)
[2025-11-18 17:48:17][INFO][Rank 0] - val Epoch 13/24: 76.6% (320/418)
[2025-11-18 17:48:22][INFO][Rank 0] - val Epoch 13/24: 78.9% (330/418)
[2025-11-18 17:48:27][INFO][Rank 0] - val Epoch 13/24: 81.3% (340/418)
[2025-11-18 17:48:32][INFO][Rank 0] - val Epoch 13/24: 83.7% (350/418)
[2025-11-18 17:48:37][INFO][Rank 0] - val Epoch 13/24: 86.1% (360/418)
[2025-11-18 17:48:38][INFO][Rank 0] - CUDA Memory [val][Step 360]: Device 0: Allocated: 3309.6 MB, Reserved: 117540.0 MB (Δ: +1687.0 MB)
[2025-11-18 17:48:42][INFO][Rank 0] - val Epoch 13/24: 88.5% (370/418)
[2025-11-18 17:48:47][INFO][Rank 0] - val Epoch 13/24: 90.9% (380/418)
[2025-11-18 17:48:52][INFO][Rank 0] - val Epoch 13/24: 93.3% (390/418)
[2025-11-18 17:48:57][INFO][Rank 0] - val Epoch 13/24: 95.7% (400/418)
[2025-11-18 17:49:02][INFO][Rank 0] - val Epoch 13/24: 98.1% (410/418)
[2025-11-18 17:49:06][INFO][Rank 0] - val Epoch 13/24: 99.8% (417/418)
[2025-11-18 17:49:06][INFO][Rank 0] - val Loss: 0.1055 Acc: 0.9730 F1: 0.9860
[2025-11-18 17:49:06][INFO][Rank 0] - val Balanced Acc: 0.8958 AUC-ROC: 0.9819
[2025-11-18 17:49:06][INFO][Rank 0] - val Sensitivity: 0.9774 Specificity: 0.8142
[2025-11-18 17:49:06][INFO][Rank 0] - val Confusion Matrix: TP=3975, FP=21, FN=92, TN=92
[2025-11-18 17:49:06][INFO][Rank 0] - val completed in 210.47s
[2025-11-18 17:49:06][INFO][Rank 0] - val cache: 0/1 items, hit rate: 0.00%
[2025-11-18 17:49:10][INFO][Rank 0] - Saved new best balanced_acc model with balanced_acc: 0.8958 at /projects/retprogression/rgarridogarcia/checkpoints/cropped1024_cropped_centered_allR_4/best_balanced_acc_model.pth
[2025-11-18 17:49:14][INFO][Rank 0] - Also saved as general best model at /projects/retprogression/rgarridogarcia/checkpoints/cropped1024_cropped_centered_allR_4/best_model.pth
[2025-11-18 17:49:19][INFO][Rank 0] - Saved new best auc model with auc: 0.9819 at /projects/retprogression/rgarridogarcia/checkpoints/cropped1024_cropped_centered_allR_4/best_auc_model.pth
[2025-11-18 17:49:22][INFO][Rank 0] - Saved epoch checkpoint at /projects/retprogression/rgarridogarcia/checkpoints/cropped1024_cropped_centered_allR_4/epoch_13.pth
[2025-11-18 17:49:22][INFO][Rank 0] - Epoch 13 summary:
[2025-11-18 17:49:22][INFO][Rank 0] -  Train Loss: 0.1509, Train Acc: 0.9725, Train F1: 0.9857
[2025-11-18 17:49:22][INFO][Rank 0] -  Train Balanced Acc: 0.9093, Train AUC: 0.9684
[2025-11-18 17:49:22][INFO][Rank 0] -  Train Sensitivity: 0.9759, Train Specificity: 0.8426
[2025-11-18 17:49:22][INFO][Rank 0] -  Val Loss: 0.1055, Val Acc: 0.9730, Val F1: 0.9860
[2025-11-18 17:49:22][INFO][Rank 0] -  Val Balanced Acc: 0.8958, Val AUC: 0.9819
[2025-11-18 17:49:22][INFO][Rank 0] -  Val Sensitivity: 0.9774, Val Specificity: 0.8142
[2025-11-18 17:49:22][INFO][Rank 0] -  Total Epoch Time: 1593.00s
[2025-11-18 17:49:22][INFO][Rank 0] - Epoch 14/24
[2025-11-18 17:49:22][INFO][Rank 0] - ----------
[2025-11-18 17:49:22][INFO][Rank 0] - CUDA Memory [train][Step 0]: Device 0: Allocated: 3309.6 MB, Reserved: 117540.0 MB (Δ: +1687.0 MB)
[2025-11-18 17:49:22][INFO][Rank 0] - train phase: total 1936 batches
[2025-11-18 17:49:23][INFO][Rank 0] - train Epoch 14/24: 0.0% (0/1936)
[2025-11-18 17:49:30][INFO][Rank 0] - train Epoch 14/24: 0.5% (10/1936)
[2025-11-18 17:49:37][INFO][Rank 0] - train Epoch 14/24: 1.0% (20/1936)
[2025-11-18 17:49:44][INFO][Rank 0] - train Epoch 14/24: 1.5% (30/1936)
[2025-11-18 17:49:51][INFO][Rank 0] - train Epoch 14/24: 2.1% (40/1936)
[2025-11-18 17:49:58][INFO][Rank 0] - train Epoch 14/24: 2.6% (50/1936)
[2025-11-18 17:50:05][INFO][Rank 0] - train Epoch 14/24: 3.1% (60/1936)
[2025-11-18 17:50:12][INFO][Rank 0] - train Epoch 14/24: 3.6% (70/1936)
[2025-11-18 17:50:19][INFO][Rank 0] - train Epoch 14/24: 4.1% (80/1936)
[2025-11-18 17:50:26][INFO][Rank 0] - train Epoch 14/24: 4.6% (90/1936)
[2025-11-18 17:50:27][INFO][Rank 0] - CUDA Memory [train][Step 90]: Device 0: Allocated: 3309.6 MB, Reserved: 117540.0 MB (Δ: +1687.0 MB)
[2025-11-18 17:50:33][INFO][Rank 0] - train Epoch 14/24: 5.2% (100/1936)
[2025-11-18 17:50:40][INFO][Rank 0] - train Epoch 14/24: 5.7% (110/1936)
[2025-11-18 17:50:47][INFO][Rank 0] - train Epoch 14/24: 6.2% (120/1936)
[2025-11-18 17:50:54][INFO][Rank 0] - train Epoch 14/24: 6.7% (130/1936)
[2025-11-18 17:51:01][INFO][Rank 0] - train Epoch 14/24: 7.2% (140/1936)
[2025-11-18 17:51:08][INFO][Rank 0] - train Epoch 14/24: 7.7% (150/1936)
[2025-11-18 17:51:15][INFO][Rank 0] - train Epoch 14/24: 8.3% (160/1936)
[2025-11-18 17:51:23][INFO][Rank 0] - train Epoch 14/24: 8.8% (170/1936)
[2025-11-18 17:51:30][INFO][Rank 0] - train Epoch 14/24: 9.3% (180/1936)
[2025-11-18 17:51:30][INFO][Rank 0] - CUDA Memory [train][Step 180]: Device 0: Allocated: 3309.6 MB, Reserved: 117540.0 MB (Δ: +1687.0 MB)
[2025-11-18 17:51:37][INFO][Rank 0] - train Epoch 14/24: 9.8% (190/1936)
[2025-11-18 17:51:44][INFO][Rank 0] - train Epoch 14/24: 10.3% (200/1936)
[2025-11-18 17:51:51][INFO][Rank 0] - train Epoch 14/24: 10.8% (210/1936)
[2025-11-18 17:51:58][INFO][Rank 0] - train Epoch 14/24: 11.4% (220/1936)
[2025-11-18 17:52:05][INFO][Rank 0] - train Epoch 14/24: 11.9% (230/1936)
[2025-11-18 17:52:12][INFO][Rank 0] - train Epoch 14/24: 12.4% (240/1936)
[2025-11-18 17:52:19][INFO][Rank 0] - train Epoch 14/24: 12.9% (250/1936)
[2025-11-18 17:52:26][INFO][Rank 0] - train Epoch 14/24: 13.4% (260/1936)
[2025-11-18 17:52:33][INFO][Rank 0] - train Epoch 14/24: 13.9% (270/1936)
[2025-11-18 17:52:34][INFO][Rank 0] - CUDA Memory [train][Step 270]: Device 0: Allocated: 3309.6 MB, Reserved: 117540.0 MB (Δ: +1687.0 MB)
[2025-11-18 17:52:40][INFO][Rank 0] - train Epoch 14/24: 14.5% (280/1936)
[2025-11-18 17:52:47][INFO][Rank 0] - train Epoch 14/24: 15.0% (290/1936)
[2025-11-18 17:52:54][INFO][Rank 0] - train Epoch 14/24: 15.5% (300/1936)
[2025-11-18 17:53:01][INFO][Rank 0] - train Epoch 14/24: 16.0% (310/1936)
[2025-11-18 17:53:08][INFO][Rank 0] - train Epoch 14/24: 16.5% (320/1936)
[2025-11-18 17:53:15][INFO][Rank 0] - train Epoch 14/24: 17.0% (330/1936)
[2025-11-18 17:53:22][INFO][Rank 0] - train Epoch 14/24: 17.6% (340/1936)
[2025-11-18 17:53:29][INFO][Rank 0] - train Epoch 14/24: 18.1% (350/1936)
[2025-11-18 17:53:37][INFO][Rank 0] - train Epoch 14/24: 18.6% (360/1936)
[2025-11-18 17:53:37][INFO][Rank 0] - CUDA Memory [train][Step 360]: Device 0: Allocated: 3309.6 MB, Reserved: 117540.0 MB (Δ: +1687.0 MB)
[2025-11-18 17:53:44][INFO][Rank 0] - train Epoch 14/24: 19.1% (370/1936)
[2025-11-18 17:53:51][INFO][Rank 0] - train Epoch 14/24: 19.6% (380/1936)
[2025-11-18 17:53:58][INFO][Rank 0] - train Epoch 14/24: 20.1% (390/1936)
[2025-11-18 17:54:05][INFO][Rank 0] - train Epoch 14/24: 20.7% (400/1936)
[2025-11-18 17:54:12][INFO][Rank 0] - train Epoch 14/24: 21.2% (410/1936)
[2025-11-18 17:54:19][INFO][Rank 0] - train Epoch 14/24: 21.7% (420/1936)
[2025-11-18 17:54:26][INFO][Rank 0] - train Epoch 14/24: 22.2% (430/1936)
[2025-11-18 17:54:33][INFO][Rank 0] - train Epoch 14/24: 22.7% (440/1936)
[2025-11-18 17:54:40][INFO][Rank 0] - train Epoch 14/24: 23.2% (450/1936)
[2025-11-18 17:54:41][INFO][Rank 0] - CUDA Memory [train][Step 450]: Device 0: Allocated: 3309.6 MB, Reserved: 117540.0 MB (Δ: +1687.0 MB)
[2025-11-18 17:54:47][INFO][Rank 0] - train Epoch 14/24: 23.8% (460/1936)
[2025-11-18 17:54:54][INFO][Rank 0] - train Epoch 14/24: 24.3% (470/1936)
[2025-11-18 17:55:01][INFO][Rank 0] - train Epoch 14/24: 24.8% (480/1936)
[2025-11-18 17:55:08][INFO][Rank 0] - train Epoch 14/24: 25.3% (490/1936)
[2025-11-18 17:55:15][INFO][Rank 0] - train Epoch 14/24: 25.8% (500/1936)
[2025-11-18 17:55:22][INFO][Rank 0] - train Epoch 14/24: 26.3% (510/1936)
[2025-11-18 17:55:29][INFO][Rank 0] - train Epoch 14/24: 26.9% (520/1936)
[2025-11-18 17:55:36][INFO][Rank 0] - train Epoch 14/24: 27.4% (530/1936)
[2025-11-18 17:55:43][INFO][Rank 0] - train Epoch 14/24: 27.9% (540/1936)
[2025-11-18 17:55:44][INFO][Rank 0] - CUDA Memory [train][Step 540]: Device 0: Allocated: 3309.6 MB, Reserved: 117540.0 MB (Δ: +1687.0 MB)
[2025-11-18 17:55:51][INFO][Rank 0] - train Epoch 14/24: 28.4% (550/1936)
[2025-11-18 17:55:58][INFO][Rank 0] - train Epoch 14/24: 28.9% (560/1936)
[2025-11-18 17:56:05][INFO][Rank 0] - train Epoch 14/24: 29.4% (570/1936)
[2025-11-18 17:56:12][INFO][Rank 0] - train Epoch 14/24: 30.0% (580/1936)
[2025-11-18 17:56:19][INFO][Rank 0] - train Epoch 14/24: 30.5% (590/1936)
[2025-11-18 17:56:26][INFO][Rank 0] - train Epoch 14/24: 31.0% (600/1936)
[2025-11-18 17:56:33][INFO][Rank 0] - train Epoch 14/24: 31.5% (610/1936)
[2025-11-18 17:56:40][INFO][Rank 0] - train Epoch 14/24: 32.0% (620/1936)
[2025-11-18 17:56:47][INFO][Rank 0] - train Epoch 14/24: 32.5% (630/1936)
[2025-11-18 17:56:48][INFO][Rank 0] - CUDA Memory [train][Step 630]: Device 0: Allocated: 3309.6 MB, Reserved: 117540.0 MB (Δ: +1687.0 MB)
[2025-11-18 17:56:54][INFO][Rank 0] - train Epoch 14/24: 33.1% (640/1936)
[2025-11-18 17:57:01][INFO][Rank 0] - train Epoch 14/24: 33.6% (650/1936)
[2025-11-18 17:57:08][INFO][Rank 0] - train Epoch 14/24: 34.1% (660/1936)
[2025-11-18 17:57:15][INFO][Rank 0] - train Epoch 14/24: 34.6% (670/1936)
[2025-11-18 17:57:22][INFO][Rank 0] - train Epoch 14/24: 35.1% (680/1936)
[2025-11-18 17:57:29][INFO][Rank 0] - train Epoch 14/24: 35.6% (690/1936)
[2025-11-18 17:57:36][INFO][Rank 0] - train Epoch 14/24: 36.2% (700/1936)
[2025-11-18 17:57:43][INFO][Rank 0] - train Epoch 14/24: 36.7% (710/1936)
[2025-11-18 17:57:50][INFO][Rank 0] - train Epoch 14/24: 37.2% (720/1936)
[2025-11-18 17:57:51][INFO][Rank 0] - CUDA Memory [train][Step 720]: Device 0: Allocated: 3309.6 MB, Reserved: 117540.0 MB (Δ: +1687.0 MB)
[2025-11-18 17:57:58][INFO][Rank 0] - train Epoch 14/24: 37.7% (730/1936)
[2025-11-18 17:58:05][INFO][Rank 0] - train Epoch 14/24: 38.2% (740/1936)
[2025-11-18 17:58:12][INFO][Rank 0] - train Epoch 14/24: 38.7% (750/1936)
[2025-11-18 17:58:19][INFO][Rank 0] - train Epoch 14/24: 39.3% (760/1936)
[2025-11-18 17:58:26][INFO][Rank 0] - train Epoch 14/24: 39.8% (770/1936)
[2025-11-18 17:58:33][INFO][Rank 0] - train Epoch 14/24: 40.3% (780/1936)
[2025-11-18 17:58:40][INFO][Rank 0] - train Epoch 14/24: 40.8% (790/1936)
[2025-11-18 17:58:47][INFO][Rank 0] - train Epoch 14/24: 41.3% (800/1936)
[2025-11-18 17:58:54][INFO][Rank 0] - train Epoch 14/24: 41.8% (810/1936)
[2025-11-18 17:58:55][INFO][Rank 0] - CUDA Memory [train][Step 810]: Device 0: Allocated: 3309.6 MB, Reserved: 117540.0 MB (Δ: +1687.0 MB)
[2025-11-18 17:59:01][INFO][Rank 0] - train Epoch 14/24: 42.4% (820/1936)
[2025-11-18 17:59:08][INFO][Rank 0] - train Epoch 14/24: 42.9% (830/1936)
[2025-11-18 17:59:15][INFO][Rank 0] - train Epoch 14/24: 43.4% (840/1936)
[2025-11-18 17:59:22][INFO][Rank 0] - train Epoch 14/24: 43.9% (850/1936)
[2025-11-18 17:59:29][INFO][Rank 0] - train Epoch 14/24: 44.4% (860/1936)
[2025-11-18 17:59:36][INFO][Rank 0] - train Epoch 14/24: 44.9% (870/1936)
[2025-11-18 17:59:43][INFO][Rank 0] - train Epoch 14/24: 45.5% (880/1936)
[2025-11-18 17:59:50][INFO][Rank 0] - train Epoch 14/24: 46.0% (890/1936)
[2025-11-18 17:59:57][INFO][Rank 0] - train Epoch 14/24: 46.5% (900/1936)
[2025-11-18 17:59:58][INFO][Rank 0] - CUDA Memory [train][Step 900]: Device 0: Allocated: 3309.6 MB, Reserved: 117540.0 MB (Δ: +1687.0 MB)
[2025-11-18 18:00:04][INFO][Rank 0] - train Epoch 14/24: 47.0% (910/1936)
[2025-11-18 18:00:12][INFO][Rank 0] - train Epoch 14/24: 47.5% (920/1936)
[2025-11-18 18:00:19][INFO][Rank 0] - train Epoch 14/24: 48.0% (930/1936)
[2025-11-18 18:00:26][INFO][Rank 0] - train Epoch 14/24: 48.6% (940/1936)
[2025-11-18 18:00:33][INFO][Rank 0] - train Epoch 14/24: 49.1% (950/1936)
[2025-11-18 18:00:40][INFO][Rank 0] - train Epoch 14/24: 49.6% (960/1936)
[2025-11-18 18:00:47][INFO][Rank 0] - train Epoch 14/24: 50.1% (970/1936)
[2025-11-18 18:00:54][INFO][Rank 0] - train Epoch 14/24: 50.6% (980/1936)
[2025-11-18 18:01:01][INFO][Rank 0] - train Epoch 14/24: 51.1% (990/1936)
[2025-11-18 18:01:02][INFO][Rank 0] - CUDA Memory [train][Step 990]: Device 0: Allocated: 3309.6 MB, Reserved: 117540.0 MB (Δ: +1687.0 MB)
[2025-11-18 18:01:08][INFO][Rank 0] - train Epoch 14/24: 51.7% (1000/1936)
[2025-11-18 18:01:15][INFO][Rank 0] - train Epoch 14/24: 52.2% (1010/1936)
[2025-11-18 18:01:22][INFO][Rank 0] - train Epoch 14/24: 52.7% (1020/1936)
[2025-11-18 18:01:29][INFO][Rank 0] - train Epoch 14/24: 53.2% (1030/1936)
[2025-11-18 18:01:36][INFO][Rank 0] - train Epoch 14/24: 53.7% (1040/1936)
[2025-11-18 18:01:43][INFO][Rank 0] - train Epoch 14/24: 54.2% (1050/1936)
[2025-11-18 18:01:50][INFO][Rank 0] - train Epoch 14/24: 54.8% (1060/1936)
[2025-11-18 18:01:57][INFO][Rank 0] - train Epoch 14/24: 55.3% (1070/1936)
[2025-11-18 18:02:04][INFO][Rank 0] - train Epoch 14/24: 55.8% (1080/1936)
[2025-11-18 18:02:05][INFO][Rank 0] - CUDA Memory [train][Step 1080]: Device 0: Allocated: 3309.6 MB, Reserved: 117540.0 MB (Δ: +1687.0 MB)
[2025-11-18 18:02:11][INFO][Rank 0] - train Epoch 14/24: 56.3% (1090/1936)
[2025-11-18 18:02:19][INFO][Rank 0] - train Epoch 14/24: 56.8% (1100/1936)
[2025-11-18 18:02:26][INFO][Rank 0] - train Epoch 14/24: 57.3% (1110/1936)
[2025-11-18 18:02:33][INFO][Rank 0] - train Epoch 14/24: 57.9% (1120/1936)
[2025-11-18 18:02:40][INFO][Rank 0] - train Epoch 14/24: 58.4% (1130/1936)
[2025-11-18 18:02:47][INFO][Rank 0] - train Epoch 14/24: 58.9% (1140/1936)
[2025-11-18 18:02:54][INFO][Rank 0] - train Epoch 14/24: 59.4% (1150/1936)
[2025-11-18 18:03:01][INFO][Rank 0] - train Epoch 14/24: 59.9% (1160/1936)
[2025-11-18 18:03:08][INFO][Rank 0] - train Epoch 14/24: 60.4% (1170/1936)
[2025-11-18 18:03:09][INFO][Rank 0] - CUDA Memory [train][Step 1170]: Device 0: Allocated: 3309.6 MB, Reserved: 117540.0 MB (Δ: +1687.0 MB)
[2025-11-18 18:03:15][INFO][Rank 0] - train Epoch 14/24: 61.0% (1180/1936)
[2025-11-18 18:03:22][INFO][Rank 0] - train Epoch 14/24: 61.5% (1190/1936)
[2025-11-18 18:03:29][INFO][Rank 0] - train Epoch 14/24: 62.0% (1200/1936)
[2025-11-18 18:03:36][INFO][Rank 0] - train Epoch 14/24: 62.5% (1210/1936)
[2025-11-18 18:03:43][INFO][Rank 0] - train Epoch 14/24: 63.0% (1220/1936)
[2025-11-18 18:03:50][INFO][Rank 0] - train Epoch 14/24: 63.5% (1230/1936)
[2025-11-18 18:03:57][INFO][Rank 0] - train Epoch 14/24: 64.0% (1240/1936)
[2025-11-18 18:04:04][INFO][Rank 0] - train Epoch 14/24: 64.6% (1250/1936)
[2025-11-18 18:04:11][INFO][Rank 0] - train Epoch 14/24: 65.1% (1260/1936)
[2025-11-18 18:04:12][INFO][Rank 0] - CUDA Memory [train][Step 1260]: Device 0: Allocated: 3309.6 MB, Reserved: 117540.0 MB (Δ: +1687.0 MB)
[2025-11-18 18:04:18][INFO][Rank 0] - train Epoch 14/24: 65.6% (1270/1936)
[2025-11-18 18:04:25][INFO][Rank 0] - train Epoch 14/24: 66.1% (1280/1936)
[2025-11-18 18:04:33][INFO][Rank 0] - train Epoch 14/24: 66.6% (1290/1936)
[2025-11-18 18:04:40][INFO][Rank 0] - train Epoch 14/24: 67.1% (1300/1936)
[2025-11-18 18:04:47][INFO][Rank 0] - train Epoch 14/24: 67.7% (1310/1936)
[2025-11-18 18:04:54][INFO][Rank 0] - train Epoch 14/24: 68.2% (1320/1936)
[2025-11-18 18:05:01][INFO][Rank 0] - train Epoch 14/24: 68.7% (1330/1936)
[2025-11-18 18:05:08][INFO][Rank 0] - train Epoch 14/24: 69.2% (1340/1936)
[2025-11-18 18:05:15][INFO][Rank 0] - train Epoch 14/24: 69.7% (1350/1936)
[2025-11-18 18:05:16][INFO][Rank 0] - CUDA Memory [train][Step 1350]: Device 0: Allocated: 3309.6 MB, Reserved: 117540.0 MB (Δ: +1687.0 MB)
[2025-11-18 18:05:22][INFO][Rank 0] - train Epoch 14/24: 70.2% (1360/1936)
[2025-11-18 18:05:29][INFO][Rank 0] - train Epoch 14/24: 70.8% (1370/1936)
[2025-11-18 18:05:36][INFO][Rank 0] - train Epoch 14/24: 71.3% (1380/1936)
[2025-11-18 18:05:43][INFO][Rank 0] - train Epoch 14/24: 71.8% (1390/1936)
[2025-11-18 18:05:50][INFO][Rank 0] - train Epoch 14/24: 72.3% (1400/1936)
[2025-11-18 18:05:57][INFO][Rank 0] - train Epoch 14/24: 72.8% (1410/1936)
[2025-11-18 18:06:04][INFO][Rank 0] - train Epoch 14/24: 73.3% (1420/1936)
[2025-11-18 18:06:11][INFO][Rank 0] - train Epoch 14/24: 73.9% (1430/1936)
[2025-11-18 18:06:18][INFO][Rank 0] - train Epoch 14/24: 74.4% (1440/1936)
[2025-11-18 18:06:19][INFO][Rank 0] - CUDA Memory [train][Step 1440]: Device 0: Allocated: 3309.6 MB, Reserved: 117540.0 MB (Δ: +1687.0 MB)
[2025-11-18 18:06:25][INFO][Rank 0] - train Epoch 14/24: 74.9% (1450/1936)
[2025-11-18 18:06:32][INFO][Rank 0] - train Epoch 14/24: 75.4% (1460/1936)
[2025-11-18 18:06:39][INFO][Rank 0] - train Epoch 14/24: 75.9% (1470/1936)
[2025-11-18 18:06:47][INFO][Rank 0] - train Epoch 14/24: 76.4% (1480/1936)
[2025-11-18 18:06:54][INFO][Rank 0] - train Epoch 14/24: 77.0% (1490/1936)
[2025-11-18 18:07:01][INFO][Rank 0] - train Epoch 14/24: 77.5% (1500/1936)
[2025-11-18 18:07:08][INFO][Rank 0] - train Epoch 14/24: 78.0% (1510/1936)
[2025-11-18 18:07:15][INFO][Rank 0] - train Epoch 14/24: 78.5% (1520/1936)
