Python location: /projects/retprogression/pytorch_cu121_env/bin/python
CUDA available: True
GPU count: 1
Run ID: 1
Using port: 54615
Running experiment: experiment_res_1024
Using image resolution: 1024x1024
[2025-11-17 11:38:36,576][root][INFO] - Checkpoint directory prepared at /projects/retprogression/rgarridogarcia/checkpoints/cropped1024_cropped_centered_wt_allR_1
[2025-11-17 11:38:36][INFO] - Starting training with configuration summary:
[2025-11-17 11:38:36][INFO] -  exp:
[2025-11-17 11:38:36][INFO] -  _metadata: ContainerMetadata(ref_type=typing.Any, object_type=<class 'dict'>, optional=True, key='exp', flags={}, flags_root=False, resolver_cache=defaultdict(<class 'dict'>, {}), key_type=typing.Any, element_type=typing.Any)
[2025-11-17 11:38:36][INFO] -  _parent: {'run_id': 1, 'caching': {'enabled': True, 'prefetch_factor': 2, 'train_cache_size': 1000, 'val_cache_size': 1000}, 'criterion': {'alpha': 0.25, 'weight_method': 'inverse_frequency', 'gamma': 2.0, 'type': 'cross_entropy', 'use_class_weights': True}, 'data': {'annotations_file_name': '/projects/retprogression/gradable_dr/clean_gradable_dr_1_', 'augmentation': {'enabled': False, 'type': 'none'}, 'batch_size': 10, 'class_labels': 'gradable_binary_DR', 'data_dir': '/projects/retprogression/', 'img_dir': 'complete_cropped_1024_centered_wt_10272025_allRight', 'num_workers': 7, 'resolution': 1024, 'shuffle': True, 'weighted_sampler': {'enabled': False, 'generator_seed': 42, 'target_minority_ratio': 0.2}}, 'distributed': {'backend': 'nccl', 'world_size': 1}, 'early_stopping': {'enabled': False, 'metric': 'f1_score', 'min_delta': 0.001, 'mode': 'max', 'patience': 8}, 'exp': {'checkpoint_dir': '/projects/retprogression/rgarridogarcia/checkpoints/cropped1024_cropped_centered_wt_allR_1', 'checkpoint_freq': 1, 'checkpoint_name': '', 'experiment_name': 'swinv2_res1024', 'master_port': 23456, 'num_epochs': 25}, 'experiment_res_1024': {'data': {'augmentation': {'enabled': False, 'type': 'none'}, 'batch_size': 10, 'resolution': 1024, 'img_dir': 'complete_cropped_1024_centered_wt_10272025_allRight'}, 'exp': {'checkpoint_dir': '/projects/retprogression/rgarridogarcia/checkpoints/cropped1024_cropped_centered_wt_allR_1', 'checkpoint_name': '', 'experiment_name': 'swinv2_res1024', 'master_port': 23456, 'num_epochs': 25}, 'lr_scheduler': {'type': 'cosine', 'warmup': {'enabled': True, 'min_lr': 1e-07, 'warmup_proportion': 0.15}}, 'model': {'img_size': 1024, 'name': 'swinv2_large_window12to16_192to256.ms_in22k_ft_in1k', 'pretrained': True, 'num_classes': 2}, 'optimization': {'amp_enabled': True, 'gradient_accumulation_steps': 16, 'gradient_clipping': 0.5}, 'optimizer': {'optimizer': None, 'name': 'adam', 'lr': 5e-06, 'weight_decay': 0.001, 'momentum': 0.9}}, 'experiment_res_1024_oversample_50': {'criterion': {'class_weights': [1.0, 1.0], 'type': 'cross_entropy', 'use_class_weights': True}, 'data': {'augmentation': {'strength': 'strong'}, 'batch_size': 4, 'resolution': 1024, 'weighted_sampler': {'enabled': True, 'generator_seed': 42, 'target_minority_ratio': 0.5}}, 'exp': {'checkpoint_dir': '/projects/retprogression/rgarridogarcia/checkpoints/relabled_clean_gradable_swinv2_resolution1024_oversample50_1', 'checkpoint_name': 'epoch_23.pth', 'experiment_name': 'swinv2_res1024', 'master_port': 23450, 'num_epochs': 25}, 'lr_scheduler': {'type': 'cosine', 'warmup': {'enabled': True, 'min_lr': 1e-07, 'warmup_proportion': 0.15}}, 'model': {'img_size': 1024, 'name': 'swinv2_large_window12to16_192to256.ms_in22k_ft_in1k'}, 'optimization': {'amp_enabled': True, 'gradient_accumulation_steps': 16, 'gradient_clipping': 0.5}, 'optimizer': {'lr': 5e-06}}, 'lr_scheduler': {'type': 'cosine', 'warmup': {'enabled': True, 'min_lr': 1e-07, 'warmup_proportion': 0.15}}, 'model': {'img_size': 1024, 'name': 'swinv2_large_window12to16_192to256.ms_in22k_ft_in1k', 'pretrained': True, 'num_classes': 2}, 'optimization': {'amp_enabled': True, 'gradient_accumulation_steps': 16, 'gradient_clipping': 0.5}, 'optimizer': {'optimizer': None, 'name': 'adam', 'lr': 5e-06, 'weight_decay': 0.001, 'momentum': 0.9}}
[2025-11-17 11:38:36][INFO] -  _flags_cache: {'struct': None, 'readonly': None, 'convert': None, 'allow_objects': None}
[2025-11-17 11:38:36][INFO] -  _content: {'checkpoint_dir': '/projects/retprogression/rgarridogarcia/checkpoints/cropped1024_cropped_centered_wt_allR_1', 'checkpoint_freq': 1, 'checkpoint_name': '', 'experiment_name': 'swinv2_res1024', 'master_port': 23456, 'num_epochs': 25}
[2025-11-17 11:38:36][INFO] -  data:
[2025-11-17 11:38:36][INFO] -  _metadata: ContainerMetadata(ref_type=typing.Any, object_type=<class 'dict'>, optional=True, key='data', flags={}, flags_root=False, resolver_cache=defaultdict(<class 'dict'>, {}), key_type=typing.Any, element_type=typing.Any)
[2025-11-17 11:38:36][INFO] -  _parent: {'run_id': 1, 'caching': {'enabled': True, 'prefetch_factor': 2, 'train_cache_size': 1000, 'val_cache_size': 1000}, 'criterion': {'alpha': 0.25, 'weight_method': 'inverse_frequency', 'gamma': 2.0, 'type': 'cross_entropy', 'use_class_weights': True}, 'data': {'annotations_file_name': '/projects/retprogression/gradable_dr/clean_gradable_dr_1_', 'augmentation': {'enabled': False, 'type': 'none'}, 'batch_size': 10, 'class_labels': 'gradable_binary_DR', 'data_dir': '/projects/retprogression/', 'img_dir': 'complete_cropped_1024_centered_wt_10272025_allRight', 'num_workers': 7, 'resolution': 1024, 'shuffle': True, 'weighted_sampler': {'enabled': False, 'generator_seed': 42, 'target_minority_ratio': 0.2}}, 'distributed': {'backend': 'nccl', 'world_size': 1}, 'early_stopping': {'enabled': False, 'metric': 'f1_score', 'min_delta': 0.001, 'mode': 'max', 'patience': 8}, 'exp': {'checkpoint_dir': '/projects/retprogression/rgarridogarcia/checkpoints/cropped1024_cropped_centered_wt_allR_1', 'checkpoint_freq': 1, 'checkpoint_name': '', 'experiment_name': 'swinv2_res1024', 'master_port': 23456, 'num_epochs': 25}, 'experiment_res_1024': {'data': {'augmentation': {'enabled': False, 'type': 'none'}, 'batch_size': 10, 'resolution': 1024, 'img_dir': 'complete_cropped_1024_centered_wt_10272025_allRight'}, 'exp': {'checkpoint_dir': '/projects/retprogression/rgarridogarcia/checkpoints/cropped1024_cropped_centered_wt_allR_1', 'checkpoint_name': '', 'experiment_name': 'swinv2_res1024', 'master_port': 23456, 'num_epochs': 25}, 'lr_scheduler': {'type': 'cosine', 'warmup': {'enabled': True, 'min_lr': 1e-07, 'warmup_proportion': 0.15}}, 'model': {'img_size': 1024, 'name': 'swinv2_large_window12to16_192to256.ms_in22k_ft_in1k', 'pretrained': True, 'num_classes': 2}, 'optimization': {'amp_enabled': True, 'gradient_accumulation_steps': 16, 'gradient_clipping': 0.5}, 'optimizer': {'optimizer': None, 'name': 'adam', 'lr': 5e-06, 'weight_decay': 0.001, 'momentum': 0.9}}, 'experiment_res_1024_oversample_50': {'criterion': {'class_weights': [1.0, 1.0], 'type': 'cross_entropy', 'use_class_weights': True}, 'data': {'augmentation': {'strength': 'strong'}, 'batch_size': 4, 'resolution': 1024, 'weighted_sampler': {'enabled': True, 'generator_seed': 42, 'target_minority_ratio': 0.5}}, 'exp': {'checkpoint_dir': '/projects/retprogression/rgarridogarcia/checkpoints/relabled_clean_gradable_swinv2_resolution1024_oversample50_1', 'checkpoint_name': 'epoch_23.pth', 'experiment_name': 'swinv2_res1024', 'master_port': 23450, 'num_epochs': 25}, 'lr_scheduler': {'type': 'cosine', 'warmup': {'enabled': True, 'min_lr': 1e-07, 'warmup_proportion': 0.15}}, 'model': {'img_size': 1024, 'name': 'swinv2_large_window12to16_192to256.ms_in22k_ft_in1k'}, 'optimization': {'amp_enabled': True, 'gradient_accumulation_steps': 16, 'gradient_clipping': 0.5}, 'optimizer': {'lr': 5e-06}}, 'lr_scheduler': {'type': 'cosine', 'warmup': {'enabled': True, 'min_lr': 1e-07, 'warmup_proportion': 0.15}}, 'model': {'img_size': 1024, 'name': 'swinv2_large_window12to16_192to256.ms_in22k_ft_in1k', 'pretrained': True, 'num_classes': 2}, 'optimization': {'amp_enabled': True, 'gradient_accumulation_steps': 16, 'gradient_clipping': 0.5}, 'optimizer': {'optimizer': None, 'name': 'adam', 'lr': 5e-06, 'weight_decay': 0.001, 'momentum': 0.9}}
[2025-11-17 11:38:36][INFO] -  _flags_cache: {'struct': None, 'readonly': None, 'convert': None, 'allow_objects': None}
[2025-11-17 11:38:36][INFO] -  _content: {'annotations_file_name': '/projects/retprogression/gradable_dr/clean_gradable_dr_1_', 'augmentation': {'enabled': False, 'type': 'none'}, 'batch_size': 10, 'class_labels': 'gradable_binary_DR', 'data_dir': '/projects/retprogression/', 'img_dir': 'complete_cropped_1024_centered_wt_10272025_allRight', 'num_workers': 7, 'resolution': 1024, 'shuffle': True, 'weighted_sampler': {'enabled': False, 'generator_seed': 42, 'target_minority_ratio': 0.2}}
[2025-11-17 11:38:36][INFO] -  model:
[2025-11-17 11:38:36][INFO] -  _metadata: ContainerMetadata(ref_type=typing.Any, object_type=<class 'dict'>, optional=True, key='model', flags={}, flags_root=False, resolver_cache=defaultdict(<class 'dict'>, {}), key_type=typing.Any, element_type=typing.Any)
[2025-11-17 11:38:36][INFO] -  _parent: {'run_id': 1, 'caching': {'enabled': True, 'prefetch_factor': 2, 'train_cache_size': 1000, 'val_cache_size': 1000}, 'criterion': {'alpha': 0.25, 'weight_method': 'inverse_frequency', 'gamma': 2.0, 'type': 'cross_entropy', 'use_class_weights': True}, 'data': {'annotations_file_name': '/projects/retprogression/gradable_dr/clean_gradable_dr_1_', 'augmentation': {'enabled': False, 'type': 'none'}, 'batch_size': 10, 'class_labels': 'gradable_binary_DR', 'data_dir': '/projects/retprogression/', 'img_dir': 'complete_cropped_1024_centered_wt_10272025_allRight', 'num_workers': 7, 'resolution': 1024, 'shuffle': True, 'weighted_sampler': {'enabled': False, 'generator_seed': 42, 'target_minority_ratio': 0.2}}, 'distributed': {'backend': 'nccl', 'world_size': 1}, 'early_stopping': {'enabled': False, 'metric': 'f1_score', 'min_delta': 0.001, 'mode': 'max', 'patience': 8}, 'exp': {'checkpoint_dir': '/projects/retprogression/rgarridogarcia/checkpoints/cropped1024_cropped_centered_wt_allR_1', 'checkpoint_freq': 1, 'checkpoint_name': '', 'experiment_name': 'swinv2_res1024', 'master_port': 23456, 'num_epochs': 25}, 'experiment_res_1024': {'data': {'augmentation': {'enabled': False, 'type': 'none'}, 'batch_size': 10, 'resolution': 1024, 'img_dir': 'complete_cropped_1024_centered_wt_10272025_allRight'}, 'exp': {'checkpoint_dir': '/projects/retprogression/rgarridogarcia/checkpoints/cropped1024_cropped_centered_wt_allR_1', 'checkpoint_name': '', 'experiment_name': 'swinv2_res1024', 'master_port': 23456, 'num_epochs': 25}, 'lr_scheduler': {'type': 'cosine', 'warmup': {'enabled': True, 'min_lr': 1e-07, 'warmup_proportion': 0.15}}, 'model': {'img_size': 1024, 'name': 'swinv2_large_window12to16_192to256.ms_in22k_ft_in1k', 'pretrained': True, 'num_classes': 2}, 'optimization': {'amp_enabled': True, 'gradient_accumulation_steps': 16, 'gradient_clipping': 0.5}, 'optimizer': {'optimizer': None, 'name': 'adam', 'lr': 5e-06, 'weight_decay': 0.001, 'momentum': 0.9}}, 'experiment_res_1024_oversample_50': {'criterion': {'class_weights': [1.0, 1.0], 'type': 'cross_entropy', 'use_class_weights': True}, 'data': {'augmentation': {'strength': 'strong'}, 'batch_size': 4, 'resolution': 1024, 'weighted_sampler': {'enabled': True, 'generator_seed': 42, 'target_minority_ratio': 0.5}}, 'exp': {'checkpoint_dir': '/projects/retprogression/rgarridogarcia/checkpoints/relabled_clean_gradable_swinv2_resolution1024_oversample50_1', 'checkpoint_name': 'epoch_23.pth', 'experiment_name': 'swinv2_res1024', 'master_port': 23450, 'num_epochs': 25}, 'lr_scheduler': {'type': 'cosine', 'warmup': {'enabled': True, 'min_lr': 1e-07, 'warmup_proportion': 0.15}}, 'model': {'img_size': 1024, 'name': 'swinv2_large_window12to16_192to256.ms_in22k_ft_in1k'}, 'optimization': {'amp_enabled': True, 'gradient_accumulation_steps': 16, 'gradient_clipping': 0.5}, 'optimizer': {'lr': 5e-06}}, 'lr_scheduler': {'type': 'cosine', 'warmup': {'enabled': True, 'min_lr': 1e-07, 'warmup_proportion': 0.15}}, 'model': {'img_size': 1024, 'name': 'swinv2_large_window12to16_192to256.ms_in22k_ft_in1k', 'pretrained': True, 'num_classes': 2}, 'optimization': {'amp_enabled': True, 'gradient_accumulation_steps': 16, 'gradient_clipping': 0.5}, 'optimizer': {'optimizer': None, 'name': 'adam', 'lr': 5e-06, 'weight_decay': 0.001, 'momentum': 0.9}}
[2025-11-17 11:38:36][INFO] -  _flags_cache: {'struct': None, 'readonly': None, 'convert': None, 'allow_objects': None}
[2025-11-17 11:38:36][INFO] -  _content: {'img_size': 1024, 'name': 'swinv2_large_window12to16_192to256.ms_in22k_ft_in1k', 'pretrained': True, 'num_classes': 2}
[2025-11-17 11:38:36][INFO] -  optimizer:
[2025-11-17 11:38:36][INFO] -  _metadata: ContainerMetadata(ref_type=typing.Any, object_type=<class 'dict'>, optional=True, key='optimizer', flags={}, flags_root=False, resolver_cache=defaultdict(<class 'dict'>, {}), key_type=typing.Any, element_type=typing.Any)
[2025-11-17 11:38:36][INFO] -  _parent: {'run_id': 1, 'caching': {'enabled': True, 'prefetch_factor': 2, 'train_cache_size': 1000, 'val_cache_size': 1000}, 'criterion': {'alpha': 0.25, 'weight_method': 'inverse_frequency', 'gamma': 2.0, 'type': 'cross_entropy', 'use_class_weights': True}, 'data': {'annotations_file_name': '/projects/retprogression/gradable_dr/clean_gradable_dr_1_', 'augmentation': {'enabled': False, 'type': 'none'}, 'batch_size': 10, 'class_labels': 'gradable_binary_DR', 'data_dir': '/projects/retprogression/', 'img_dir': 'complete_cropped_1024_centered_wt_10272025_allRight', 'num_workers': 7, 'resolution': 1024, 'shuffle': True, 'weighted_sampler': {'enabled': False, 'generator_seed': 42, 'target_minority_ratio': 0.2}}, 'distributed': {'backend': 'nccl', 'world_size': 1}, 'early_stopping': {'enabled': False, 'metric': 'f1_score', 'min_delta': 0.001, 'mode': 'max', 'patience': 8}, 'exp': {'checkpoint_dir': '/projects/retprogression/rgarridogarcia/checkpoints/cropped1024_cropped_centered_wt_allR_1', 'checkpoint_freq': 1, 'checkpoint_name': '', 'experiment_name': 'swinv2_res1024', 'master_port': 23456, 'num_epochs': 25}, 'experiment_res_1024': {'data': {'augmentation': {'enabled': False, 'type': 'none'}, 'batch_size': 10, 'resolution': 1024, 'img_dir': 'complete_cropped_1024_centered_wt_10272025_allRight'}, 'exp': {'checkpoint_dir': '/projects/retprogression/rgarridogarcia/checkpoints/cropped1024_cropped_centered_wt_allR_1', 'checkpoint_name': '', 'experiment_name': 'swinv2_res1024', 'master_port': 23456, 'num_epochs': 25}, 'lr_scheduler': {'type': 'cosine', 'warmup': {'enabled': True, 'min_lr': 1e-07, 'warmup_proportion': 0.15}}, 'model': {'img_size': 1024, 'name': 'swinv2_large_window12to16_192to256.ms_in22k_ft_in1k', 'pretrained': True, 'num_classes': 2}, 'optimization': {'amp_enabled': True, 'gradient_accumulation_steps': 16, 'gradient_clipping': 0.5}, 'optimizer': {'optimizer': None, 'name': 'adam', 'lr': 5e-06, 'weight_decay': 0.001, 'momentum': 0.9}}, 'experiment_res_1024_oversample_50': {'criterion': {'class_weights': [1.0, 1.0], 'type': 'cross_entropy', 'use_class_weights': True}, 'data': {'augmentation': {'strength': 'strong'}, 'batch_size': 4, 'resolution': 1024, 'weighted_sampler': {'enabled': True, 'generator_seed': 42, 'target_minority_ratio': 0.5}}, 'exp': {'checkpoint_dir': '/projects/retprogression/rgarridogarcia/checkpoints/relabled_clean_gradable_swinv2_resolution1024_oversample50_1', 'checkpoint_name': 'epoch_23.pth', 'experiment_name': 'swinv2_res1024', 'master_port': 23450, 'num_epochs': 25}, 'lr_scheduler': {'type': 'cosine', 'warmup': {'enabled': True, 'min_lr': 1e-07, 'warmup_proportion': 0.15}}, 'model': {'img_size': 1024, 'name': 'swinv2_large_window12to16_192to256.ms_in22k_ft_in1k'}, 'optimization': {'amp_enabled': True, 'gradient_accumulation_steps': 16, 'gradient_clipping': 0.5}, 'optimizer': {'lr': 5e-06}}, 'lr_scheduler': {'type': 'cosine', 'warmup': {'enabled': True, 'min_lr': 1e-07, 'warmup_proportion': 0.15}}, 'model': {'img_size': 1024, 'name': 'swinv2_large_window12to16_192to256.ms_in22k_ft_in1k', 'pretrained': True, 'num_classes': 2}, 'optimization': {'amp_enabled': True, 'gradient_accumulation_steps': 16, 'gradient_clipping': 0.5}, 'optimizer': {'optimizer': None, 'name': 'adam', 'lr': 5e-06, 'weight_decay': 0.001, 'momentum': 0.9}}
[2025-11-17 11:38:36][INFO] -  _flags_cache: {'struct': None, 'readonly': None, 'convert': None, 'allow_objects': None}
[2025-11-17 11:38:36][INFO] -  _content: {'optimizer': None, 'name': 'adam', 'lr': 5e-06, 'weight_decay': 0.001, 'momentum': 0.9}
[2025-11-17 11:38:36][INFO] -  lr_scheduler:
[2025-11-17 11:38:36][INFO] -  _metadata: ContainerMetadata(ref_type=typing.Any, object_type=<class 'dict'>, optional=True, key='lr_scheduler', flags={}, flags_root=False, resolver_cache=defaultdict(<class 'dict'>, {}), key_type=typing.Any, element_type=typing.Any)
[2025-11-17 11:38:36][INFO] -  _parent: {'run_id': 1, 'caching': {'enabled': True, 'prefetch_factor': 2, 'train_cache_size': 1000, 'val_cache_size': 1000}, 'criterion': {'alpha': 0.25, 'weight_method': 'inverse_frequency', 'gamma': 2.0, 'type': 'cross_entropy', 'use_class_weights': True}, 'data': {'annotations_file_name': '/projects/retprogression/gradable_dr/clean_gradable_dr_1_', 'augmentation': {'enabled': False, 'type': 'none'}, 'batch_size': 10, 'class_labels': 'gradable_binary_DR', 'data_dir': '/projects/retprogression/', 'img_dir': 'complete_cropped_1024_centered_wt_10272025_allRight', 'num_workers': 7, 'resolution': 1024, 'shuffle': True, 'weighted_sampler': {'enabled': False, 'generator_seed': 42, 'target_minority_ratio': 0.2}}, 'distributed': {'backend': 'nccl', 'world_size': 1}, 'early_stopping': {'enabled': False, 'metric': 'f1_score', 'min_delta': 0.001, 'mode': 'max', 'patience': 8}, 'exp': {'checkpoint_dir': '/projects/retprogression/rgarridogarcia/checkpoints/cropped1024_cropped_centered_wt_allR_1', 'checkpoint_freq': 1, 'checkpoint_name': '', 'experiment_name': 'swinv2_res1024', 'master_port': 23456, 'num_epochs': 25}, 'experiment_res_1024': {'data': {'augmentation': {'enabled': False, 'type': 'none'}, 'batch_size': 10, 'resolution': 1024, 'img_dir': 'complete_cropped_1024_centered_wt_10272025_allRight'}, 'exp': {'checkpoint_dir': '/projects/retprogression/rgarridogarcia/checkpoints/cropped1024_cropped_centered_wt_allR_1', 'checkpoint_name': '', 'experiment_name': 'swinv2_res1024', 'master_port': 23456, 'num_epochs': 25}, 'lr_scheduler': {'type': 'cosine', 'warmup': {'enabled': True, 'min_lr': 1e-07, 'warmup_proportion': 0.15}}, 'model': {'img_size': 1024, 'name': 'swinv2_large_window12to16_192to256.ms_in22k_ft_in1k', 'pretrained': True, 'num_classes': 2}, 'optimization': {'amp_enabled': True, 'gradient_accumulation_steps': 16, 'gradient_clipping': 0.5}, 'optimizer': {'optimizer': None, 'name': 'adam', 'lr': 5e-06, 'weight_decay': 0.001, 'momentum': 0.9}}, 'experiment_res_1024_oversample_50': {'criterion': {'class_weights': [1.0, 1.0], 'type': 'cross_entropy', 'use_class_weights': True}, 'data': {'augmentation': {'strength': 'strong'}, 'batch_size': 4, 'resolution': 1024, 'weighted_sampler': {'enabled': True, 'generator_seed': 42, 'target_minority_ratio': 0.5}}, 'exp': {'checkpoint_dir': '/projects/retprogression/rgarridogarcia/checkpoints/relabled_clean_gradable_swinv2_resolution1024_oversample50_1', 'checkpoint_name': 'epoch_23.pth', 'experiment_name': 'swinv2_res1024', 'master_port': 23450, 'num_epochs': 25}, 'lr_scheduler': {'type': 'cosine', 'warmup': {'enabled': True, 'min_lr': 1e-07, 'warmup_proportion': 0.15}}, 'model': {'img_size': 1024, 'name': 'swinv2_large_window12to16_192to256.ms_in22k_ft_in1k'}, 'optimization': {'amp_enabled': True, 'gradient_accumulation_steps': 16, 'gradient_clipping': 0.5}, 'optimizer': {'lr': 5e-06}}, 'lr_scheduler': {'type': 'cosine', 'warmup': {'enabled': True, 'min_lr': 1e-07, 'warmup_proportion': 0.15}}, 'model': {'img_size': 1024, 'name': 'swinv2_large_window12to16_192to256.ms_in22k_ft_in1k', 'pretrained': True, 'num_classes': 2}, 'optimization': {'amp_enabled': True, 'gradient_accumulation_steps': 16, 'gradient_clipping': 0.5}, 'optimizer': {'optimizer': None, 'name': 'adam', 'lr': 5e-06, 'weight_decay': 0.001, 'momentum': 0.9}}
[2025-11-17 11:38:36][INFO] -  _flags_cache: {'struct': None, 'readonly': None, 'convert': None, 'allow_objects': None}
[2025-11-17 11:38:36][INFO] -  _content: {'type': 'cosine', 'warmup': {'enabled': True, 'min_lr': 1e-07, 'warmup_proportion': 0.15}}
[2025-11-17 11:38:36][INFO] -  distributed:
[2025-11-17 11:38:36][INFO] -  _metadata: ContainerMetadata(ref_type=typing.Any, object_type=<class 'dict'>, optional=True, key='distributed', flags={}, flags_root=False, resolver_cache=defaultdict(<class 'dict'>, {}), key_type=typing.Any, element_type=typing.Any)
[2025-11-17 11:38:36][INFO] -  _parent: {'run_id': 1, 'caching': {'enabled': True, 'prefetch_factor': 2, 'train_cache_size': 1000, 'val_cache_size': 1000}, 'criterion': {'alpha': 0.25, 'weight_method': 'inverse_frequency', 'gamma': 2.0, 'type': 'cross_entropy', 'use_class_weights': True}, 'data': {'annotations_file_name': '/projects/retprogression/gradable_dr/clean_gradable_dr_1_', 'augmentation': {'enabled': False, 'type': 'none'}, 'batch_size': 10, 'class_labels': 'gradable_binary_DR', 'data_dir': '/projects/retprogression/', 'img_dir': 'complete_cropped_1024_centered_wt_10272025_allRight', 'num_workers': 7, 'resolution': 1024, 'shuffle': True, 'weighted_sampler': {'enabled': False, 'generator_seed': 42, 'target_minority_ratio': 0.2}}, 'distributed': {'backend': 'nccl', 'world_size': 1}, 'early_stopping': {'enabled': False, 'metric': 'f1_score', 'min_delta': 0.001, 'mode': 'max', 'patience': 8}, 'exp': {'checkpoint_dir': '/projects/retprogression/rgarridogarcia/checkpoints/cropped1024_cropped_centered_wt_allR_1', 'checkpoint_freq': 1, 'checkpoint_name': '', 'experiment_name': 'swinv2_res1024', 'master_port': 23456, 'num_epochs': 25}, 'experiment_res_1024': {'data': {'augmentation': {'enabled': False, 'type': 'none'}, 'batch_size': 10, 'resolution': 1024, 'img_dir': 'complete_cropped_1024_centered_wt_10272025_allRight'}, 'exp': {'checkpoint_dir': '/projects/retprogression/rgarridogarcia/checkpoints/cropped1024_cropped_centered_wt_allR_1', 'checkpoint_name': '', 'experiment_name': 'swinv2_res1024', 'master_port': 23456, 'num_epochs': 25}, 'lr_scheduler': {'type': 'cosine', 'warmup': {'enabled': True, 'min_lr': 1e-07, 'warmup_proportion': 0.15}}, 'model': {'img_size': 1024, 'name': 'swinv2_large_window12to16_192to256.ms_in22k_ft_in1k', 'pretrained': True, 'num_classes': 2}, 'optimization': {'amp_enabled': True, 'gradient_accumulation_steps': 16, 'gradient_clipping': 0.5}, 'optimizer': {'optimizer': None, 'name': 'adam', 'lr': 5e-06, 'weight_decay': 0.001, 'momentum': 0.9}}, 'experiment_res_1024_oversample_50': {'criterion': {'class_weights': [1.0, 1.0], 'type': 'cross_entropy', 'use_class_weights': True}, 'data': {'augmentation': {'strength': 'strong'}, 'batch_size': 4, 'resolution': 1024, 'weighted_sampler': {'enabled': True, 'generator_seed': 42, 'target_minority_ratio': 0.5}}, 'exp': {'checkpoint_dir': '/projects/retprogression/rgarridogarcia/checkpoints/relabled_clean_gradable_swinv2_resolution1024_oversample50_1', 'checkpoint_name': 'epoch_23.pth', 'experiment_name': 'swinv2_res1024', 'master_port': 23450, 'num_epochs': 25}, 'lr_scheduler': {'type': 'cosine', 'warmup': {'enabled': True, 'min_lr': 1e-07, 'warmup_proportion': 0.15}}, 'model': {'img_size': 1024, 'name': 'swinv2_large_window12to16_192to256.ms_in22k_ft_in1k'}, 'optimization': {'amp_enabled': True, 'gradient_accumulation_steps': 16, 'gradient_clipping': 0.5}, 'optimizer': {'lr': 5e-06}}, 'lr_scheduler': {'type': 'cosine', 'warmup': {'enabled': True, 'min_lr': 1e-07, 'warmup_proportion': 0.15}}, 'model': {'img_size': 1024, 'name': 'swinv2_large_window12to16_192to256.ms_in22k_ft_in1k', 'pretrained': True, 'num_classes': 2}, 'optimization': {'amp_enabled': True, 'gradient_accumulation_steps': 16, 'gradient_clipping': 0.5}, 'optimizer': {'optimizer': None, 'name': 'adam', 'lr': 5e-06, 'weight_decay': 0.001, 'momentum': 0.9}}
[2025-11-17 11:38:36][INFO] -  _flags_cache: None
[2025-11-17 11:38:36][INFO] -  _content: {'backend': 'nccl', 'world_size': 1}
[2025-11-17 11:38:36][INFO] -  early_stopping:
[2025-11-17 11:38:36][INFO] -  _metadata: ContainerMetadata(ref_type=typing.Any, object_type=<class 'dict'>, optional=True, key='early_stopping', flags={}, flags_root=False, resolver_cache=defaultdict(<class 'dict'>, {}), key_type=typing.Any, element_type=typing.Any)
[2025-11-17 11:38:36][INFO] -  _parent: {'run_id': 1, 'caching': {'enabled': True, 'prefetch_factor': 2, 'train_cache_size': 1000, 'val_cache_size': 1000}, 'criterion': {'alpha': 0.25, 'weight_method': 'inverse_frequency', 'gamma': 2.0, 'type': 'cross_entropy', 'use_class_weights': True}, 'data': {'annotations_file_name': '/projects/retprogression/gradable_dr/clean_gradable_dr_1_', 'augmentation': {'enabled': False, 'type': 'none'}, 'batch_size': 10, 'class_labels': 'gradable_binary_DR', 'data_dir': '/projects/retprogression/', 'img_dir': 'complete_cropped_1024_centered_wt_10272025_allRight', 'num_workers': 7, 'resolution': 1024, 'shuffle': True, 'weighted_sampler': {'enabled': False, 'generator_seed': 42, 'target_minority_ratio': 0.2}}, 'distributed': {'backend': 'nccl', 'world_size': 1}, 'early_stopping': {'enabled': False, 'metric': 'f1_score', 'min_delta': 0.001, 'mode': 'max', 'patience': 8}, 'exp': {'checkpoint_dir': '/projects/retprogression/rgarridogarcia/checkpoints/cropped1024_cropped_centered_wt_allR_1', 'checkpoint_freq': 1, 'checkpoint_name': '', 'experiment_name': 'swinv2_res1024', 'master_port': 23456, 'num_epochs': 25}, 'experiment_res_1024': {'data': {'augmentation': {'enabled': False, 'type': 'none'}, 'batch_size': 10, 'resolution': 1024, 'img_dir': 'complete_cropped_1024_centered_wt_10272025_allRight'}, 'exp': {'checkpoint_dir': '/projects/retprogression/rgarridogarcia/checkpoints/cropped1024_cropped_centered_wt_allR_1', 'checkpoint_name': '', 'experiment_name': 'swinv2_res1024', 'master_port': 23456, 'num_epochs': 25}, 'lr_scheduler': {'type': 'cosine', 'warmup': {'enabled': True, 'min_lr': 1e-07, 'warmup_proportion': 0.15}}, 'model': {'img_size': 1024, 'name': 'swinv2_large_window12to16_192to256.ms_in22k_ft_in1k', 'pretrained': True, 'num_classes': 2}, 'optimization': {'amp_enabled': True, 'gradient_accumulation_steps': 16, 'gradient_clipping': 0.5}, 'optimizer': {'optimizer': None, 'name': 'adam', 'lr': 5e-06, 'weight_decay': 0.001, 'momentum': 0.9}}, 'experiment_res_1024_oversample_50': {'criterion': {'class_weights': [1.0, 1.0], 'type': 'cross_entropy', 'use_class_weights': True}, 'data': {'augmentation': {'strength': 'strong'}, 'batch_size': 4, 'resolution': 1024, 'weighted_sampler': {'enabled': True, 'generator_seed': 42, 'target_minority_ratio': 0.5}}, 'exp': {'checkpoint_dir': '/projects/retprogression/rgarridogarcia/checkpoints/relabled_clean_gradable_swinv2_resolution1024_oversample50_1', 'checkpoint_name': 'epoch_23.pth', 'experiment_name': 'swinv2_res1024', 'master_port': 23450, 'num_epochs': 25}, 'lr_scheduler': {'type': 'cosine', 'warmup': {'enabled': True, 'min_lr': 1e-07, 'warmup_proportion': 0.15}}, 'model': {'img_size': 1024, 'name': 'swinv2_large_window12to16_192to256.ms_in22k_ft_in1k'}, 'optimization': {'amp_enabled': True, 'gradient_accumulation_steps': 16, 'gradient_clipping': 0.5}, 'optimizer': {'lr': 5e-06}}, 'lr_scheduler': {'type': 'cosine', 'warmup': {'enabled': True, 'min_lr': 1e-07, 'warmup_proportion': 0.15}}, 'model': {'img_size': 1024, 'name': 'swinv2_large_window12to16_192to256.ms_in22k_ft_in1k', 'pretrained': True, 'num_classes': 2}, 'optimization': {'amp_enabled': True, 'gradient_accumulation_steps': 16, 'gradient_clipping': 0.5}, 'optimizer': {'optimizer': None, 'name': 'adam', 'lr': 5e-06, 'weight_decay': 0.001, 'momentum': 0.9}}
[2025-11-17 11:38:36][INFO] -  _flags_cache: None
[2025-11-17 11:38:36][INFO] -  _content: {'enabled': False, 'metric': 'f1_score', 'min_delta': 0.001, 'mode': 'max', 'patience': 8}
[2025-11-17 11:38:36][INFO] -  criterion:
[2025-11-17 11:38:36][INFO] -  _metadata: ContainerMetadata(ref_type=typing.Any, object_type=<class 'dict'>, optional=True, key='criterion', flags={}, flags_root=False, resolver_cache=defaultdict(<class 'dict'>, {}), key_type=typing.Any, element_type=typing.Any)
[2025-11-17 11:38:36][INFO] -  _parent: {'run_id': 1, 'caching': {'enabled': True, 'prefetch_factor': 2, 'train_cache_size': 1000, 'val_cache_size': 1000}, 'criterion': {'alpha': 0.25, 'weight_method': 'inverse_frequency', 'gamma': 2.0, 'type': 'cross_entropy', 'use_class_weights': True}, 'data': {'annotations_file_name': '/projects/retprogression/gradable_dr/clean_gradable_dr_1_', 'augmentation': {'enabled': False, 'type': 'none'}, 'batch_size': 10, 'class_labels': 'gradable_binary_DR', 'data_dir': '/projects/retprogression/', 'img_dir': 'complete_cropped_1024_centered_wt_10272025_allRight', 'num_workers': 7, 'resolution': 1024, 'shuffle': True, 'weighted_sampler': {'enabled': False, 'generator_seed': 42, 'target_minority_ratio': 0.2}}, 'distributed': {'backend': 'nccl', 'world_size': 1}, 'early_stopping': {'enabled': False, 'metric': 'f1_score', 'min_delta': 0.001, 'mode': 'max', 'patience': 8}, 'exp': {'checkpoint_dir': '/projects/retprogression/rgarridogarcia/checkpoints/cropped1024_cropped_centered_wt_allR_1', 'checkpoint_freq': 1, 'checkpoint_name': '', 'experiment_name': 'swinv2_res1024', 'master_port': 23456, 'num_epochs': 25}, 'experiment_res_1024': {'data': {'augmentation': {'enabled': False, 'type': 'none'}, 'batch_size': 10, 'resolution': 1024, 'img_dir': 'complete_cropped_1024_centered_wt_10272025_allRight'}, 'exp': {'checkpoint_dir': '/projects/retprogression/rgarridogarcia/checkpoints/cropped1024_cropped_centered_wt_allR_1', 'checkpoint_name': '', 'experiment_name': 'swinv2_res1024', 'master_port': 23456, 'num_epochs': 25}, 'lr_scheduler': {'type': 'cosine', 'warmup': {'enabled': True, 'min_lr': 1e-07, 'warmup_proportion': 0.15}}, 'model': {'img_size': 1024, 'name': 'swinv2_large_window12to16_192to256.ms_in22k_ft_in1k', 'pretrained': True, 'num_classes': 2}, 'optimization': {'amp_enabled': True, 'gradient_accumulation_steps': 16, 'gradient_clipping': 0.5}, 'optimizer': {'optimizer': None, 'name': 'adam', 'lr': 5e-06, 'weight_decay': 0.001, 'momentum': 0.9}}, 'experiment_res_1024_oversample_50': {'criterion': {'class_weights': [1.0, 1.0], 'type': 'cross_entropy', 'use_class_weights': True}, 'data': {'augmentation': {'strength': 'strong'}, 'batch_size': 4, 'resolution': 1024, 'weighted_sampler': {'enabled': True, 'generator_seed': 42, 'target_minority_ratio': 0.5}}, 'exp': {'checkpoint_dir': '/projects/retprogression/rgarridogarcia/checkpoints/relabled_clean_gradable_swinv2_resolution1024_oversample50_1', 'checkpoint_name': 'epoch_23.pth', 'experiment_name': 'swinv2_res1024', 'master_port': 23450, 'num_epochs': 25}, 'lr_scheduler': {'type': 'cosine', 'warmup': {'enabled': True, 'min_lr': 1e-07, 'warmup_proportion': 0.15}}, 'model': {'img_size': 1024, 'name': 'swinv2_large_window12to16_192to256.ms_in22k_ft_in1k'}, 'optimization': {'amp_enabled': True, 'gradient_accumulation_steps': 16, 'gradient_clipping': 0.5}, 'optimizer': {'lr': 5e-06}}, 'lr_scheduler': {'type': 'cosine', 'warmup': {'enabled': True, 'min_lr': 1e-07, 'warmup_proportion': 0.15}}, 'model': {'img_size': 1024, 'name': 'swinv2_large_window12to16_192to256.ms_in22k_ft_in1k', 'pretrained': True, 'num_classes': 2}, 'optimization': {'amp_enabled': True, 'gradient_accumulation_steps': 16, 'gradient_clipping': 0.5}, 'optimizer': {'optimizer': None, 'name': 'adam', 'lr': 5e-06, 'weight_decay': 0.001, 'momentum': 0.9}}
[2025-11-17 11:38:36][INFO] -  _flags_cache: None
[2025-11-17 11:38:36][INFO] -  _content: {'alpha': 0.25, 'weight_method': 'inverse_frequency', 'gamma': 2.0, 'type': 'cross_entropy', 'use_class_weights': True}
[2025-11-17 11:38:36][INFO] - Number of available GPUs: 1
[2025-11-17 11:38:36][INFO] - Available GPUs:
[2025-11-17 11:38:37][INFO] -  GPU 0: NVIDIA H200
[2025-11-17 11:38:37][INFO] - Training with single GPU or CPU
[2025-11-17 11:38:37][INFO] - Initialized process group with world_size=1
[2025-11-17 11:38:37][INFO][Rank 0] - Running training on rank 0 with world size 1
[2025-11-17 11:38:37][INFO][Rank 0] - Training for 25 epochs
[2025-11-17 11:38:37][INFO][Rank 0] - Batch size: 10 (per GPU)
[2025-11-17 11:38:37][INFO][Rank 0] - Total effective batch size: 10
[2025-11-17 11:38:37][INFO][Rank 0] - Learning rate: 5e-06
[2025-11-17 11:38:37][INFO][Rank 0] - Experiment name: swinv2_res1024
[2025-11-17 11:38:37][INFO][Rank 0] - Data augmentation type: none
[2025-11-17 11:38:37][INFO][Rank 0] - Image resolution: 1024x1024
[2025-11-17 11:38:37][INFO][Rank 0] - Creating datasets...
[2025-11-17 11:38:37][INFO][Rank 0] - Using image directory: complete_cropped_1024_centered_wt_10272025_allRight
[2025-11-17 11:38:43][INFO][Rank 0] - JoslinData: Loaded 19403 samples from /projects/retprogression/complete_cropped_1024_centered_wt_10272025_allRight
[2025-11-17 11:38:43][INFO][Rank 0] - Class distribution: {1: '18890 (97.4%)', 0: '513 (2.6%)'}
[2025-11-17 11:38:44][INFO][Rank 0] - JoslinData: Loaded 4073 samples from /projects/retprogression/complete_cropped_1024_centered_wt_10272025_allRight
[2025-11-17 11:38:44][INFO][Rank 0] - Class distribution: {1: '3987 (97.9%)', 0: '86 (2.1%)'}
[2025-11-17 11:38:44][INFO][Rank 0] - CachedDataset initialized for rank 0 with cache_size=1000
[2025-11-17 11:38:44][INFO][Rank 0] - CachedDataset initialized for rank 0 with cache_size=1000
[2025-11-17 11:38:44][INFO][Rank 0] - Datasets created in 7.43s
[2025-11-17 11:38:44][INFO][Rank 0] - Train dataset size: 19403
[2025-11-17 11:38:44][INFO][Rank 0] - Validation dataset size: 4073
[2025-11-17 11:38:44][INFO][Rank 0] - Caching enabled - Train cache size: 1000, Val cache size: 1000
[2025-11-17 11:38:44][INFO][Rank 0] - Creating dataloaders...
[2025-11-17 11:38:44][INFO][Rank 0] - Dataloaders created in 0.00s
[2025-11-17 11:38:44][INFO][Rank 0] - Workers per GPU: 7
[2025-11-17 11:38:44][INFO][Rank 0] - Prefetch factor: 2
[2025-11-17 11:38:44][INFO][Rank 0] - Drop last batch: True
[2025-11-17 11:38:44][INFO][Rank 0] - Creating model: swinv2_large_window12to16_192to256.ms_in22k_ft_in1k...
[2025-11-17 11:38:46][INFO][Rank 0] - Loading pretrained weights from Hugging Face hub (timm/swinv2_large_window12to16_192to256.ms_in22k_ft_in1k)
[2025-11-17 11:38:55][INFO][Rank 0] - [timm/swinv2_large_window12to16_192to256.ms_in22k_ft_in1k] Safe alternative available for 'pytorch_model.bin' (as 'model.safetensors'). Loading weights using safetensors.
[2025-11-17 11:38:57][INFO][Rank 0] - Missing keys (head.fc.weight, head.fc.bias) discovered while loading pretrained weights. This is expected if model is being adapted.
[2025-11-17 11:38:57][INFO][Rank 0] - Created ViT model with image size: 1024x1024
[2025-11-17 11:38:57][INFO][Rank 0] - Model parameters: 195,206,006 total, 195,206,006 trainable
[2025-11-17 11:38:57][INFO][Rank 0] - Model created and initialized in 13.10s
[2025-11-17 11:38:57][INFO][Rank 0] - Class weights explicitly set to: True
[2025-11-17 11:38:57][INFO][Rank 0] - Auto-computing class weights using method: inverse_frequency
[2025-11-17 11:38:57][INFO][Rank 0] - Class distribution:
[2025-11-17 11:38:57][INFO][Rank 0] -   Class 0: 513 samples (2.6%)
[2025-11-17 11:38:57][INFO][Rank 0] -   Class 1: 18890 samples (97.4%)
[2025-11-17 11:38:57][INFO][Rank 0] - Computed class weights (method=inverse_frequency):
[2025-11-17 11:38:57][INFO][Rank 0] -   Class 0: weight = 1.00
[2025-11-17 11:38:57][INFO][Rank 0] -   Class 1: weight = 0.03
[2025-11-17 11:38:57][INFO][Rank 0] - Imbalance ratio: 36.8:1
[2025-11-17 11:38:58][INFO][Rank 0] - Using weighted Cross Entropy loss with class weights: tensor([1.0000, 0.0272], device='cuda:0')
[2025-11-17 11:38:58][INFO][Rank 0] - Learning rate warmup enabled: 291 steps from 1e-07 to 5e-06
/projects/retprogression/pytorch_cu121_env/lib/python3.12/site-packages/torch/optim/lr_scheduler.py:60: UserWarning: The verbose parameter is deprecated. Please use get_last_lr() to access the learning rate.
  warnings.warn(
[2025-11-17 11:38:58][INFO][Rank 0] - Checkpoint path: /projects/retprogression/rgarridogarcia/checkpoints/cropped1024_cropped_centered_wt_allR_1/
[2025-11-17 11:38:58][INFO][Rank 0] - ======= Starting Training =======
[2025-11-17 11:38:58][INFO][Rank 0] - Using gradient accumulation with 16 steps
[2025-11-17 11:38:58][INFO][Rank 0] - Automatic mixed precision (AMP) enabled
[2025-11-17 11:38:58][INFO][Rank 0] - Gradient clipping enabled with max norm 0.5
/home/r.garridogarcia/MIGHTE/retprogression/swinV2/RETProgression/src/utils.py:287: FutureWarning: `torch.cuda.amp.GradScaler(args...)` is deprecated. Please use `torch.amp.GradScaler('cuda', args...)` instead.
  scaler = torch.cuda.amp.GradScaler() if amp_enabled else None
[2025-11-17 11:38:58][INFO][Rank 0] - CUDA memory monitor initialized: {0: {'allocated': 1622.57568359375, 'reserved': 2196.0, 'active': 1622.57568359375}}
[2025-11-17 11:38:58][INFO][Rank 0] - ========== Starting Training ==========
[2025-11-17 11:38:58][INFO][Rank 0] - GPU 0: NVIDIA H200
[2025-11-17 11:38:58][INFO][Rank 0] - Epoch 0/24
[2025-11-17 11:38:58][INFO][Rank 0] - ----------
[2025-11-17 11:38:58][INFO][Rank 0] - CUDA Memory [train][Step 0]: Device 0: Allocated: 1622.6 MB, Reserved: 2196.0 MB (Δ: +0.0 MB)
[2025-11-17 11:38:58][INFO][Rank 0] - train phase: total 1940 batches
[2025-11-17 11:38:59][INFO][Rank 0] - train Epoch 0/24: 0.0% (0/1940)
[2025-11-17 11:38:59][INFO][Rank 0] - Input batch size: torch.Size([10, 3, 1024, 1024])
[2025-11-17 11:39:08][INFO][Rank 0] - train Epoch 0/24: 0.5% (10/1940)
[2025-11-17 11:39:15][INFO][Rank 0] - train Epoch 0/24: 1.0% (20/1940)
[2025-11-17 11:39:22][INFO][Rank 0] - train Epoch 0/24: 1.5% (30/1940)
[2025-11-17 11:39:29][INFO][Rank 0] - train Epoch 0/24: 2.1% (40/1940)
[2025-11-17 11:39:36][INFO][Rank 0] - train Epoch 0/24: 2.6% (50/1940)
[2025-11-17 11:39:43][INFO][Rank 0] - train Epoch 0/24: 3.1% (60/1940)
[2025-11-17 11:39:50][INFO][Rank 0] - train Epoch 0/24: 3.6% (70/1940)
[2025-11-17 11:39:57][INFO][Rank 0] - train Epoch 0/24: 4.1% (80/1940)
[2025-11-17 11:40:04][INFO][Rank 0] - train Epoch 0/24: 4.6% (90/1940)
[2025-11-17 11:40:05][INFO][Rank 0] - CUDA Memory [train][Step 90]: Device 0: Allocated: 3309.6 MB, Reserved: 117540.0 MB (Δ: +1687.0 MB)
[2025-11-17 11:40:12][INFO][Rank 0] - train Epoch 0/24: 5.2% (100/1940)
[2025-11-17 11:40:19][INFO][Rank 0] - train Epoch 0/24: 5.7% (110/1940)
[2025-11-17 11:40:26][INFO][Rank 0] - train Epoch 0/24: 6.2% (120/1940)
[2025-11-17 11:40:33][INFO][Rank 0] - train Epoch 0/24: 6.7% (130/1940)
[2025-11-17 11:40:40][INFO][Rank 0] - train Epoch 0/24: 7.2% (140/1940)
[2025-11-17 11:40:47][INFO][Rank 0] - train Epoch 0/24: 7.7% (150/1940)
[2025-11-17 11:40:54][INFO][Rank 0] - train Epoch 0/24: 8.2% (160/1940)
[2025-11-17 11:41:01][INFO][Rank 0] - train Epoch 0/24: 8.8% (170/1940)
[2025-11-17 11:41:08][INFO][Rank 0] - train Epoch 0/24: 9.3% (180/1940)
[2025-11-17 11:41:09][INFO][Rank 0] - CUDA Memory [train][Step 180]: Device 0: Allocated: 3309.6 MB, Reserved: 117540.0 MB (Δ: +1687.0 MB)
[2025-11-17 11:41:15][INFO][Rank 0] - train Epoch 0/24: 9.8% (190/1940)
[2025-11-17 11:41:22][INFO][Rank 0] - train Epoch 0/24: 10.3% (200/1940)
[2025-11-17 11:41:29][INFO][Rank 0] - train Epoch 0/24: 10.8% (210/1940)
[2025-11-17 11:41:36][INFO][Rank 0] - train Epoch 0/24: 11.3% (220/1940)
[2025-11-17 11:41:43][INFO][Rank 0] - train Epoch 0/24: 11.9% (230/1940)
[2025-11-17 11:41:50][INFO][Rank 0] - train Epoch 0/24: 12.4% (240/1940)
[2025-11-17 11:41:58][INFO][Rank 0] - train Epoch 0/24: 12.9% (250/1940)
[2025-11-17 11:42:05][INFO][Rank 0] - train Epoch 0/24: 13.4% (260/1940)
[2025-11-17 11:42:12][INFO][Rank 0] - train Epoch 0/24: 13.9% (270/1940)
[2025-11-17 11:42:12][INFO][Rank 0] - CUDA Memory [train][Step 270]: Device 0: Allocated: 3309.6 MB, Reserved: 117540.0 MB (Δ: +1687.0 MB)
[2025-11-17 11:42:19][INFO][Rank 0] - train Epoch 0/24: 14.4% (280/1940)
[2025-11-17 11:42:26][INFO][Rank 0] - train Epoch 0/24: 14.9% (290/1940)
[2025-11-17 11:42:33][INFO][Rank 0] - train Epoch 0/24: 15.5% (300/1940)
[2025-11-17 11:42:40][INFO][Rank 0] - train Epoch 0/24: 16.0% (310/1940)
[2025-11-17 11:42:47][INFO][Rank 0] - train Epoch 0/24: 16.5% (320/1940)
[2025-11-17 11:42:54][INFO][Rank 0] - train Epoch 0/24: 17.0% (330/1940)
[2025-11-17 11:43:01][INFO][Rank 0] - train Epoch 0/24: 17.5% (340/1940)
[2025-11-17 11:43:08][INFO][Rank 0] - train Epoch 0/24: 18.0% (350/1940)
[2025-11-17 11:43:15][INFO][Rank 0] - train Epoch 0/24: 18.6% (360/1940)
[2025-11-17 11:43:16][INFO][Rank 0] - CUDA Memory [train][Step 360]: Device 0: Allocated: 3309.6 MB, Reserved: 117540.0 MB (Δ: +1687.0 MB)
[2025-11-17 11:43:22][INFO][Rank 0] - train Epoch 0/24: 19.1% (370/1940)
[2025-11-17 11:43:29][INFO][Rank 0] - train Epoch 0/24: 19.6% (380/1940)
[2025-11-17 11:43:37][INFO][Rank 0] - train Epoch 0/24: 20.1% (390/1940)
[2025-11-17 11:43:44][INFO][Rank 0] - train Epoch 0/24: 20.6% (400/1940)
[2025-11-17 11:43:51][INFO][Rank 0] - train Epoch 0/24: 21.1% (410/1940)
[2025-11-17 11:43:58][INFO][Rank 0] - train Epoch 0/24: 21.6% (420/1940)
[2025-11-17 11:44:05][INFO][Rank 0] - train Epoch 0/24: 22.2% (430/1940)
[2025-11-17 11:44:12][INFO][Rank 0] - train Epoch 0/24: 22.7% (440/1940)
[2025-11-17 11:44:19][INFO][Rank 0] - train Epoch 0/24: 23.2% (450/1940)
[2025-11-17 11:44:20][INFO][Rank 0] - CUDA Memory [train][Step 450]: Device 0: Allocated: 3309.6 MB, Reserved: 117540.0 MB (Δ: +1687.0 MB)
[2025-11-17 11:44:26][INFO][Rank 0] - train Epoch 0/24: 23.7% (460/1940)
[2025-11-17 11:44:33][INFO][Rank 0] - train Epoch 0/24: 24.2% (470/1940)
[2025-11-17 11:44:40][INFO][Rank 0] - train Epoch 0/24: 24.7% (480/1940)
[2025-11-17 11:44:47][INFO][Rank 0] - train Epoch 0/24: 25.3% (490/1940)
[2025-11-17 11:44:54][INFO][Rank 0] - train Epoch 0/24: 25.8% (500/1940)
[2025-11-17 11:45:01][INFO][Rank 0] - train Epoch 0/24: 26.3% (510/1940)
[2025-11-17 11:45:08][INFO][Rank 0] - train Epoch 0/24: 26.8% (520/1940)
[2025-11-17 11:45:16][INFO][Rank 0] - train Epoch 0/24: 27.3% (530/1940)
[2025-11-17 11:45:23][INFO][Rank 0] - train Epoch 0/24: 27.8% (540/1940)
[2025-11-17 11:45:23][INFO][Rank 0] - CUDA Memory [train][Step 540]: Device 0: Allocated: 3309.6 MB, Reserved: 117540.0 MB (Δ: +1687.0 MB)
[2025-11-17 11:45:30][INFO][Rank 0] - train Epoch 0/24: 28.4% (550/1940)
[2025-11-17 11:45:37][INFO][Rank 0] - train Epoch 0/24: 28.9% (560/1940)
[2025-11-17 11:45:44][INFO][Rank 0] - train Epoch 0/24: 29.4% (570/1940)
[2025-11-17 11:45:51][INFO][Rank 0] - train Epoch 0/24: 29.9% (580/1940)
[2025-11-17 11:45:58][INFO][Rank 0] - train Epoch 0/24: 30.4% (590/1940)
[2025-11-17 11:46:05][INFO][Rank 0] - train Epoch 0/24: 30.9% (600/1940)
[2025-11-17 11:46:12][INFO][Rank 0] - train Epoch 0/24: 31.4% (610/1940)
[2025-11-17 11:46:19][INFO][Rank 0] - train Epoch 0/24: 32.0% (620/1940)
[2025-11-17 11:46:26][INFO][Rank 0] - train Epoch 0/24: 32.5% (630/1940)
[2025-11-17 11:46:27][INFO][Rank 0] - CUDA Memory [train][Step 630]: Device 0: Allocated: 3309.6 MB, Reserved: 117540.0 MB (Δ: +1687.0 MB)
[2025-11-17 11:46:33][INFO][Rank 0] - train Epoch 0/24: 33.0% (640/1940)
[2025-11-17 11:46:40][INFO][Rank 0] - train Epoch 0/24: 33.5% (650/1940)
[2025-11-17 11:46:47][INFO][Rank 0] - train Epoch 0/24: 34.0% (660/1940)
[2025-11-17 11:46:55][INFO][Rank 0] - train Epoch 0/24: 34.5% (670/1940)
[2025-11-17 11:47:02][INFO][Rank 0] - train Epoch 0/24: 35.1% (680/1940)
[2025-11-17 11:47:09][INFO][Rank 0] - train Epoch 0/24: 35.6% (690/1940)
[2025-11-17 11:47:16][INFO][Rank 0] - train Epoch 0/24: 36.1% (700/1940)
[2025-11-17 11:47:23][INFO][Rank 0] - train Epoch 0/24: 36.6% (710/1940)
[2025-11-17 11:47:30][INFO][Rank 0] - train Epoch 0/24: 37.1% (720/1940)
[2025-11-17 11:47:31][INFO][Rank 0] - CUDA Memory [train][Step 720]: Device 0: Allocated: 3309.6 MB, Reserved: 117540.0 MB (Δ: +1687.0 MB)
[2025-11-17 11:47:37][INFO][Rank 0] - train Epoch 0/24: 37.6% (730/1940)
[2025-11-17 11:47:44][INFO][Rank 0] - train Epoch 0/24: 38.1% (740/1940)
[2025-11-17 11:47:51][INFO][Rank 0] - train Epoch 0/24: 38.7% (750/1940)
[2025-11-17 11:47:58][INFO][Rank 0] - train Epoch 0/24: 39.2% (760/1940)
[2025-11-17 11:48:05][INFO][Rank 0] - train Epoch 0/24: 39.7% (770/1940)
[2025-11-17 11:48:12][INFO][Rank 0] - train Epoch 0/24: 40.2% (780/1940)
[2025-11-17 11:48:19][INFO][Rank 0] - train Epoch 0/24: 40.7% (790/1940)
[2025-11-17 11:48:26][INFO][Rank 0] - train Epoch 0/24: 41.2% (800/1940)
[2025-11-17 11:48:33][INFO][Rank 0] - train Epoch 0/24: 41.8% (810/1940)
[2025-11-17 11:48:34][INFO][Rank 0] - CUDA Memory [train][Step 810]: Device 0: Allocated: 3309.6 MB, Reserved: 117540.0 MB (Δ: +1687.0 MB)
[2025-11-17 11:48:41][INFO][Rank 0] - train Epoch 0/24: 42.3% (820/1940)
[2025-11-17 11:48:48][INFO][Rank 0] - train Epoch 0/24: 42.8% (830/1940)
[2025-11-17 11:48:55][INFO][Rank 0] - train Epoch 0/24: 43.3% (840/1940)
[2025-11-17 11:49:02][INFO][Rank 0] - train Epoch 0/24: 43.8% (850/1940)
[2025-11-17 11:49:09][INFO][Rank 0] - train Epoch 0/24: 44.3% (860/1940)
[2025-11-17 11:49:16][INFO][Rank 0] - train Epoch 0/24: 44.8% (870/1940)
[2025-11-17 11:49:23][INFO][Rank 0] - train Epoch 0/24: 45.4% (880/1940)
[2025-11-17 11:49:30][INFO][Rank 0] - train Epoch 0/24: 45.9% (890/1940)
[2025-11-17 11:49:37][INFO][Rank 0] - train Epoch 0/24: 46.4% (900/1940)
[2025-11-17 11:49:38][INFO][Rank 0] - CUDA Memory [train][Step 900]: Device 0: Allocated: 3309.6 MB, Reserved: 117540.0 MB (Δ: +1687.0 MB)
[2025-11-17 11:49:44][INFO][Rank 0] - train Epoch 0/24: 46.9% (910/1940)
[2025-11-17 11:49:51][INFO][Rank 0] - train Epoch 0/24: 47.4% (920/1940)
[2025-11-17 11:49:58][INFO][Rank 0] - train Epoch 0/24: 47.9% (930/1940)
[2025-11-17 11:50:05][INFO][Rank 0] - train Epoch 0/24: 48.5% (940/1940)
[2025-11-17 11:50:12][INFO][Rank 0] - train Epoch 0/24: 49.0% (950/1940)
[2025-11-17 11:50:20][INFO][Rank 0] - train Epoch 0/24: 49.5% (960/1940)
[2025-11-17 11:50:27][INFO][Rank 0] - train Epoch 0/24: 50.0% (970/1940)
[2025-11-17 11:50:34][INFO][Rank 0] - train Epoch 0/24: 50.5% (980/1940)
[2025-11-17 11:50:41][INFO][Rank 0] - train Epoch 0/24: 51.0% (990/1940)
[2025-11-17 11:50:41][INFO][Rank 0] - CUDA Memory [train][Step 990]: Device 0: Allocated: 3309.6 MB, Reserved: 117540.0 MB (Δ: +1687.0 MB)
[2025-11-17 11:50:48][INFO][Rank 0] - train Epoch 0/24: 51.5% (1000/1940)
[2025-11-17 11:50:55][INFO][Rank 0] - train Epoch 0/24: 52.1% (1010/1940)
[2025-11-17 11:51:02][INFO][Rank 0] - train Epoch 0/24: 52.6% (1020/1940)
[2025-11-17 11:51:09][INFO][Rank 0] - train Epoch 0/24: 53.1% (1030/1940)
[2025-11-17 11:51:16][INFO][Rank 0] - train Epoch 0/24: 53.6% (1040/1940)
[2025-11-17 11:51:23][INFO][Rank 0] - train Epoch 0/24: 54.1% (1050/1940)
[2025-11-17 11:51:30][INFO][Rank 0] - train Epoch 0/24: 54.6% (1060/1940)
[2025-11-17 11:51:37][INFO][Rank 0] - train Epoch 0/24: 55.2% (1070/1940)
[2025-11-17 11:51:44][INFO][Rank 0] - train Epoch 0/24: 55.7% (1080/1940)
[2025-11-17 11:51:45][INFO][Rank 0] - CUDA Memory [train][Step 1080]: Device 0: Allocated: 3309.6 MB, Reserved: 117540.0 MB (Δ: +1687.0 MB)
[2025-11-17 11:51:51][INFO][Rank 0] - train Epoch 0/24: 56.2% (1090/1940)
[2025-11-17 11:51:59][INFO][Rank 0] - train Epoch 0/24: 56.7% (1100/1940)
[2025-11-17 11:52:06][INFO][Rank 0] - train Epoch 0/24: 57.2% (1110/1940)
[2025-11-17 11:52:13][INFO][Rank 0] - train Epoch 0/24: 57.7% (1120/1940)
[2025-11-17 11:52:20][INFO][Rank 0] - train Epoch 0/24: 58.2% (1130/1940)
[2025-11-17 11:52:27][INFO][Rank 0] - train Epoch 0/24: 58.8% (1140/1940)
[2025-11-17 11:52:34][INFO][Rank 0] - train Epoch 0/24: 59.3% (1150/1940)
[2025-11-17 11:52:41][INFO][Rank 0] - train Epoch 0/24: 59.8% (1160/1940)
[2025-11-17 11:52:48][INFO][Rank 0] - train Epoch 0/24: 60.3% (1170/1940)
[2025-11-17 11:52:49][INFO][Rank 0] - CUDA Memory [train][Step 1170]: Device 0: Allocated: 3309.6 MB, Reserved: 117540.0 MB (Δ: +1687.0 MB)
[2025-11-17 11:52:55][INFO][Rank 0] - train Epoch 0/24: 60.8% (1180/1940)
[2025-11-17 11:53:02][INFO][Rank 0] - train Epoch 0/24: 61.3% (1190/1940)
[2025-11-17 11:53:09][INFO][Rank 0] - train Epoch 0/24: 61.9% (1200/1940)
[2025-11-17 11:53:16][INFO][Rank 0] - train Epoch 0/24: 62.4% (1210/1940)
[2025-11-17 11:53:23][INFO][Rank 0] - train Epoch 0/24: 62.9% (1220/1940)
[2025-11-17 11:53:30][INFO][Rank 0] - train Epoch 0/24: 63.4% (1230/1940)
[2025-11-17 11:53:37][INFO][Rank 0] - train Epoch 0/24: 63.9% (1240/1940)
[2025-11-17 11:53:45][INFO][Rank 0] - train Epoch 0/24: 64.4% (1250/1940)
[2025-11-17 11:53:52][INFO][Rank 0] - train Epoch 0/24: 64.9% (1260/1940)
[2025-11-17 11:53:52][INFO][Rank 0] - CUDA Memory [train][Step 1260]: Device 0: Allocated: 3309.6 MB, Reserved: 117540.0 MB (Δ: +1687.0 MB)
[2025-11-17 11:53:59][INFO][Rank 0] - train Epoch 0/24: 65.5% (1270/1940)
[2025-11-17 11:54:06][INFO][Rank 0] - train Epoch 0/24: 66.0% (1280/1940)
[2025-11-17 11:54:13][INFO][Rank 0] - train Epoch 0/24: 66.5% (1290/1940)
[2025-11-17 11:54:20][INFO][Rank 0] - train Epoch 0/24: 67.0% (1300/1940)
[2025-11-17 11:54:27][INFO][Rank 0] - train Epoch 0/24: 67.5% (1310/1940)
[2025-11-17 11:54:34][INFO][Rank 0] - train Epoch 0/24: 68.0% (1320/1940)
[2025-11-17 11:54:41][INFO][Rank 0] - train Epoch 0/24: 68.6% (1330/1940)
[2025-11-17 11:54:48][INFO][Rank 0] - train Epoch 0/24: 69.1% (1340/1940)
[2025-11-17 11:54:55][INFO][Rank 0] - train Epoch 0/24: 69.6% (1350/1940)
[2025-11-17 11:54:56][INFO][Rank 0] - CUDA Memory [train][Step 1350]: Device 0: Allocated: 3309.6 MB, Reserved: 117540.0 MB (Δ: +1687.0 MB)
[2025-11-17 11:55:02][INFO][Rank 0] - train Epoch 0/24: 70.1% (1360/1940)
[2025-11-17 11:55:09][INFO][Rank 0] - train Epoch 0/24: 70.6% (1370/1940)
[2025-11-17 11:55:16][INFO][Rank 0] - train Epoch 0/24: 71.1% (1380/1940)
[2025-11-17 11:55:24][INFO][Rank 0] - train Epoch 0/24: 71.6% (1390/1940)
[2025-11-17 11:55:31][INFO][Rank 0] - train Epoch 0/24: 72.2% (1400/1940)
[2025-11-17 11:55:38][INFO][Rank 0] - train Epoch 0/24: 72.7% (1410/1940)
[2025-11-17 11:55:45][INFO][Rank 0] - train Epoch 0/24: 73.2% (1420/1940)
[2025-11-17 11:55:52][INFO][Rank 0] - train Epoch 0/24: 73.7% (1430/1940)
[2025-11-17 11:55:59][INFO][Rank 0] - train Epoch 0/24: 74.2% (1440/1940)
[2025-11-17 11:56:00][INFO][Rank 0] - CUDA Memory [train][Step 1440]: Device 0: Allocated: 3309.6 MB, Reserved: 117540.0 MB (Δ: +1687.0 MB)
[2025-11-17 11:56:06][INFO][Rank 0] - train Epoch 0/24: 74.7% (1450/1940)
[2025-11-17 11:56:13][INFO][Rank 0] - train Epoch 0/24: 75.3% (1460/1940)
[2025-11-17 11:56:20][INFO][Rank 0] - train Epoch 0/24: 75.8% (1470/1940)
[2025-11-17 11:56:27][INFO][Rank 0] - train Epoch 0/24: 76.3% (1480/1940)
[2025-11-17 11:56:34][INFO][Rank 0] - train Epoch 0/24: 76.8% (1490/1940)
[2025-11-17 11:56:41][INFO][Rank 0] - train Epoch 0/24: 77.3% (1500/1940)
[2025-11-17 11:56:48][INFO][Rank 0] - train Epoch 0/24: 77.8% (1510/1940)
[2025-11-17 11:56:55][INFO][Rank 0] - train Epoch 0/24: 78.4% (1520/1940)
[2025-11-17 11:57:02][INFO][Rank 0] - train Epoch 0/24: 78.9% (1530/1940)
[2025-11-17 11:57:03][INFO][Rank 0] - CUDA Memory [train][Step 1530]: Device 0: Allocated: 3309.6 MB, Reserved: 117540.0 MB (Δ: +1687.0 MB)
[2025-11-17 11:57:10][INFO][Rank 0] - train Epoch 0/24: 79.4% (1540/1940)
[2025-11-17 11:57:17][INFO][Rank 0] - train Epoch 0/24: 79.9% (1550/1940)
[2025-11-17 11:57:24][INFO][Rank 0] - train Epoch 0/24: 80.4% (1560/1940)
[2025-11-17 11:57:31][INFO][Rank 0] - train Epoch 0/24: 80.9% (1570/1940)
[2025-11-17 11:57:38][INFO][Rank 0] - train Epoch 0/24: 81.4% (1580/1940)
[2025-11-17 11:57:45][INFO][Rank 0] - train Epoch 0/24: 82.0% (1590/1940)
[2025-11-17 11:57:52][INFO][Rank 0] - train Epoch 0/24: 82.5% (1600/1940)
[2025-11-17 11:57:59][INFO][Rank 0] - train Epoch 0/24: 83.0% (1610/1940)
[2025-11-17 11:58:06][INFO][Rank 0] - train Epoch 0/24: 83.5% (1620/1940)
[2025-11-17 11:58:07][INFO][Rank 0] - CUDA Memory [train][Step 1620]: Device 0: Allocated: 3309.6 MB, Reserved: 117540.0 MB (Δ: +1687.0 MB)
[2025-11-17 11:58:13][INFO][Rank 0] - train Epoch 0/24: 84.0% (1630/1940)
[2025-11-17 11:58:20][INFO][Rank 0] - train Epoch 0/24: 84.5% (1640/1940)
[2025-11-17 11:58:27][INFO][Rank 0] - train Epoch 0/24: 85.1% (1650/1940)
[2025-11-17 11:58:34][INFO][Rank 0] - train Epoch 0/24: 85.6% (1660/1940)
[2025-11-17 11:58:41][INFO][Rank 0] - train Epoch 0/24: 86.1% (1670/1940)
[2025-11-17 11:58:49][INFO][Rank 0] - train Epoch 0/24: 86.6% (1680/1940)
[2025-11-17 11:58:56][INFO][Rank 0] - train Epoch 0/24: 87.1% (1690/1940)
[2025-11-17 11:59:03][INFO][Rank 0] - train Epoch 0/24: 87.6% (1700/1940)
[2025-11-17 11:59:10][INFO][Rank 0] - train Epoch 0/24: 88.1% (1710/1940)
[2025-11-17 11:59:10][INFO][Rank 0] - CUDA Memory [train][Step 1710]: Device 0: Allocated: 3309.6 MB, Reserved: 117540.0 MB (Δ: +1687.0 MB)
[2025-11-17 11:59:17][INFO][Rank 0] - train Epoch 0/24: 88.7% (1720/1940)
[2025-11-17 11:59:24][INFO][Rank 0] - train Epoch 0/24: 89.2% (1730/1940)
[2025-11-17 11:59:31][INFO][Rank 0] - train Epoch 0/24: 89.7% (1740/1940)
[2025-11-17 11:59:38][INFO][Rank 0] - train Epoch 0/24: 90.2% (1750/1940)
[2025-11-17 11:59:45][INFO][Rank 0] - train Epoch 0/24: 90.7% (1760/1940)
[2025-11-17 11:59:52][INFO][Rank 0] - train Epoch 0/24: 91.2% (1770/1940)
[2025-11-17 11:59:59][INFO][Rank 0] - train Epoch 0/24: 91.8% (1780/1940)
[2025-11-17 12:00:06][INFO][Rank 0] - train Epoch 0/24: 92.3% (1790/1940)
[2025-11-17 12:00:13][INFO][Rank 0] - train Epoch 0/24: 92.8% (1800/1940)
[2025-11-17 12:00:14][INFO][Rank 0] - CUDA Memory [train][Step 1800]: Device 0: Allocated: 3309.6 MB, Reserved: 117540.0 MB (Δ: +1687.0 MB)
[2025-11-17 12:00:20][INFO][Rank 0] - train Epoch 0/24: 93.3% (1810/1940)
[2025-11-17 12:00:27][INFO][Rank 0] - train Epoch 0/24: 93.8% (1820/1940)
[2025-11-17 12:00:35][INFO][Rank 0] - train Epoch 0/24: 94.3% (1830/1940)
[2025-11-17 12:00:42][INFO][Rank 0] - train Epoch 0/24: 94.8% (1840/1940)
[2025-11-17 12:00:49][INFO][Rank 0] - train Epoch 0/24: 95.4% (1850/1940)
[2025-11-17 12:00:56][INFO][Rank 0] - train Epoch 0/24: 95.9% (1860/1940)
[2025-11-17 12:01:03][INFO][Rank 0] - train Epoch 0/24: 96.4% (1870/1940)
[2025-11-17 12:01:10][INFO][Rank 0] - train Epoch 0/24: 96.9% (1880/1940)
[2025-11-17 12:01:17][INFO][Rank 0] - train Epoch 0/24: 97.4% (1890/1940)
[2025-11-17 12:01:18][INFO][Rank 0] - CUDA Memory [train][Step 1890]: Device 0: Allocated: 3309.6 MB, Reserved: 117540.0 MB (Δ: +1687.0 MB)
[2025-11-17 12:01:24][INFO][Rank 0] - train Epoch 0/24: 97.9% (1900/1940)
[2025-11-17 12:01:31][INFO][Rank 0] - train Epoch 0/24: 98.5% (1910/1940)
[2025-11-17 12:01:38][INFO][Rank 0] - train Epoch 0/24: 99.0% (1920/1940)
[2025-11-17 12:01:45][INFO][Rank 0] - train Epoch 0/24: 99.5% (1930/1940)
[2025-11-17 12:01:52][INFO][Rank 0] - train Epoch 0/24: 99.9% (1939/1940)
[2025-11-17 12:01:52][INFO][Rank 0] - train Loss: 0.4113 Acc: 0.9713 F1: 0.9854
[2025-11-17 12:01:52][INFO][Rank 0] - train Balanced Acc: 0.5557 AUC-ROC: 0.8455
[2025-11-17 12:01:52][INFO][Rank 0] - train Sensitivity: 0.9945 Specificity: 0.1170
[2025-11-17 12:01:52][INFO][Rank 0] - train Confusion Matrix: TP=18783, FP=453, FN=104, TN=60
[2025-11-17 12:01:52][INFO][Rank 0] - train completed in 1374.47s
[2025-11-17 12:01:52][INFO][Rank 0] - Data loading time: 2.21s, Forward time: 279.96s, Backward time: 744.73s
[2025-11-17 12:01:52][INFO][Rank 0] - train cache: 0/1 items, hit rate: 0.00%
[2025-11-17 12:01:52][INFO][Rank 0] - CUDA Memory [val][Step 0]: Device 0: Allocated: 3309.6 MB, Reserved: 117540.0 MB (Δ: +1687.0 MB)
[2025-11-17 12:01:52][INFO][Rank 0] - val phase: total 407 batches
[2025-11-17 12:01:53][INFO][Rank 0] - val Epoch 0/24: 0.0% (0/407)
[2025-11-17 12:01:58][INFO][Rank 0] - val Epoch 0/24: 2.5% (10/407)
[2025-11-17 12:02:03][INFO][Rank 0] - val Epoch 0/24: 4.9% (20/407)
[2025-11-17 12:02:08][INFO][Rank 0] - val Epoch 0/24: 7.4% (30/407)
[2025-11-17 12:02:13][INFO][Rank 0] - val Epoch 0/24: 9.8% (40/407)
[2025-11-17 12:02:18][INFO][Rank 0] - val Epoch 0/24: 12.3% (50/407)
[2025-11-17 12:02:23][INFO][Rank 0] - val Epoch 0/24: 14.7% (60/407)
[2025-11-17 12:02:28][INFO][Rank 0] - val Epoch 0/24: 17.2% (70/407)
[2025-11-17 12:02:33][INFO][Rank 0] - val Epoch 0/24: 19.7% (80/407)
[2025-11-17 12:02:38][INFO][Rank 0] - val Epoch 0/24: 22.1% (90/407)
[2025-11-17 12:02:43][INFO][Rank 0] - val Epoch 0/24: 24.6% (100/407)
[2025-11-17 12:02:48][INFO][Rank 0] - val Epoch 0/24: 27.0% (110/407)
[2025-11-17 12:02:53][INFO][Rank 0] - val Epoch 0/24: 29.5% (120/407)
[2025-11-17 12:02:54][INFO][Rank 0] - CUDA Memory [val][Step 120]: Device 0: Allocated: 3309.6 MB, Reserved: 117540.0 MB (Δ: +1687.0 MB)
[2025-11-17 12:02:58][INFO][Rank 0] - val Epoch 0/24: 31.9% (130/407)
[2025-11-17 12:03:03][INFO][Rank 0] - val Epoch 0/24: 34.4% (140/407)
[2025-11-17 12:03:08][INFO][Rank 0] - val Epoch 0/24: 36.9% (150/407)
[2025-11-17 12:03:13][INFO][Rank 0] - val Epoch 0/24: 39.3% (160/407)
[2025-11-17 12:03:18][INFO][Rank 0] - val Epoch 0/24: 41.8% (170/407)
[2025-11-17 12:03:23][INFO][Rank 0] - val Epoch 0/24: 44.2% (180/407)
[2025-11-17 12:03:28][INFO][Rank 0] - val Epoch 0/24: 46.7% (190/407)
[2025-11-17 12:03:33][INFO][Rank 0] - val Epoch 0/24: 49.1% (200/407)
[2025-11-17 12:03:38][INFO][Rank 0] - val Epoch 0/24: 51.6% (210/407)
[2025-11-17 12:03:43][INFO][Rank 0] - val Epoch 0/24: 54.1% (220/407)
[2025-11-17 12:03:48][INFO][Rank 0] - val Epoch 0/24: 56.5% (230/407)
[2025-11-17 12:03:53][INFO][Rank 0] - val Epoch 0/24: 59.0% (240/407)
[2025-11-17 12:03:54][INFO][Rank 0] - CUDA Memory [val][Step 240]: Device 0: Allocated: 3309.6 MB, Reserved: 117540.0 MB (Δ: +1687.0 MB)
[2025-11-17 12:03:58][INFO][Rank 0] - val Epoch 0/24: 61.4% (250/407)
[2025-11-17 12:04:03][INFO][Rank 0] - val Epoch 0/24: 63.9% (260/407)
[2025-11-17 12:04:08][INFO][Rank 0] - val Epoch 0/24: 66.3% (270/407)
[2025-11-17 12:04:13][INFO][Rank 0] - val Epoch 0/24: 68.8% (280/407)
[2025-11-17 12:04:18][INFO][Rank 0] - val Epoch 0/24: 71.3% (290/407)
[2025-11-17 12:04:23][INFO][Rank 0] - val Epoch 0/24: 73.7% (300/407)
[2025-11-17 12:04:28][INFO][Rank 0] - val Epoch 0/24: 76.2% (310/407)
[2025-11-17 12:04:34][INFO][Rank 0] - val Epoch 0/24: 78.6% (320/407)
[2025-11-17 12:04:39][INFO][Rank 0] - val Epoch 0/24: 81.1% (330/407)
[2025-11-17 12:04:44][INFO][Rank 0] - val Epoch 0/24: 83.5% (340/407)
[2025-11-17 12:04:49][INFO][Rank 0] - val Epoch 0/24: 86.0% (350/407)
[2025-11-17 12:04:54][INFO][Rank 0] - val Epoch 0/24: 88.5% (360/407)
[2025-11-17 12:04:54][INFO][Rank 0] - CUDA Memory [val][Step 360]: Device 0: Allocated: 3309.6 MB, Reserved: 117540.0 MB (Δ: +1687.0 MB)
[2025-11-17 12:04:59][INFO][Rank 0] - val Epoch 0/24: 90.9% (370/407)
[2025-11-17 12:05:04][INFO][Rank 0] - val Epoch 0/24: 93.4% (380/407)
[2025-11-17 12:05:09][INFO][Rank 0] - val Epoch 0/24: 95.8% (390/407)
[2025-11-17 12:05:14][INFO][Rank 0] - val Epoch 0/24: 98.3% (400/407)
[2025-11-17 12:05:17][INFO][Rank 0] - val Epoch 0/24: 99.8% (406/407)
[2025-11-17 12:05:17][INFO][Rank 0] - val Loss: 0.2310 Acc: 0.9830 F1: 0.9914
[2025-11-17 12:05:17][INFO][Rank 0] - val Balanced Acc: 0.6102 AUC-ROC: 0.9631
[2025-11-17 12:05:17][INFO][Rank 0] - val Sensitivity: 0.9995 Specificity: 0.2209
[2025-11-17 12:05:17][INFO][Rank 0] - val Confusion Matrix: TP=3982, FP=67, FN=2, TN=19
[2025-11-17 12:05:17][INFO][Rank 0] - val completed in 204.90s
[2025-11-17 12:05:17][INFO][Rank 0] - val cache: 0/1 items, hit rate: 0.00%
[2025-11-17 12:05:23][INFO][Rank 0] - Saved new best accuracy model with accuracy: 0.9830 at /projects/retprogression/rgarridogarcia/checkpoints/cropped1024_cropped_centered_wt_allR_1/best_acc_model.pth
[2025-11-17 12:05:28][INFO][Rank 0] - Saved new best f1 model with f1: 0.9914 at /projects/retprogression/rgarridogarcia/checkpoints/cropped1024_cropped_centered_wt_allR_1/best_f1_model.pth
[2025-11-17 12:05:32][INFO][Rank 0] - Saved new best balanced_acc model with balanced_acc: 0.6102 at /projects/retprogression/rgarridogarcia/checkpoints/cropped1024_cropped_centered_wt_allR_1/best_balanced_acc_model.pth
[2025-11-17 12:05:35][INFO][Rank 0] - Also saved as general best model at /projects/retprogression/rgarridogarcia/checkpoints/cropped1024_cropped_centered_wt_allR_1/best_model.pth
[2025-11-17 12:05:40][INFO][Rank 0] - Saved new best auc model with auc: 0.9631 at /projects/retprogression/rgarridogarcia/checkpoints/cropped1024_cropped_centered_wt_allR_1/best_auc_model.pth
[2025-11-17 12:05:44][INFO][Rank 0] - Saved epoch checkpoint at /projects/retprogression/rgarridogarcia/checkpoints/cropped1024_cropped_centered_wt_allR_1/epoch_0.pth
[2025-11-17 12:05:44][INFO][Rank 0] - Epoch 0 summary:
[2025-11-17 12:05:44][INFO][Rank 0] -  Train Loss: 0.4113, Train Acc: 0.9713, Train F1: 0.9854
[2025-11-17 12:05:44][INFO][Rank 0] -  Train Balanced Acc: 0.5557, Train AUC: 0.8455
[2025-11-17 12:05:44][INFO][Rank 0] -  Train Sensitivity: 0.9945, Train Specificity: 0.1170
[2025-11-17 12:05:44][INFO][Rank 0] -  Val Loss: 0.2310, Val Acc: 0.9830, Val F1: 0.9914
[2025-11-17 12:05:44][INFO][Rank 0] -  Val Balanced Acc: 0.6102, Val AUC: 0.9631
[2025-11-17 12:05:44][INFO][Rank 0] -  Val Sensitivity: 0.9995, Val Specificity: 0.2209
[2025-11-17 12:05:44][INFO][Rank 0] -  Total Epoch Time: 1606.00s
[2025-11-17 12:05:44][INFO][Rank 0] - Epoch 1/24
[2025-11-17 12:05:44][INFO][Rank 0] - ----------
[2025-11-17 12:05:44][INFO][Rank 0] - CUDA Memory [train][Step 0]: Device 0: Allocated: 3309.6 MB, Reserved: 117540.0 MB (Δ: +1687.0 MB)
[2025-11-17 12:05:44][INFO][Rank 0] - train phase: total 1940 batches
[2025-11-17 12:05:44][INFO][Rank 0] - train Epoch 1/24: 0.0% (0/1940)
[2025-11-17 12:05:51][INFO][Rank 0] - train Epoch 1/24: 0.5% (10/1940)
[2025-11-17 12:05:58][INFO][Rank 0] - train Epoch 1/24: 1.0% (20/1940)
[2025-11-17 12:06:06][INFO][Rank 0] - train Epoch 1/24: 1.5% (30/1940)
[2025-11-17 12:06:13][INFO][Rank 0] - train Epoch 1/24: 2.1% (40/1940)
[2025-11-17 12:06:20][INFO][Rank 0] - train Epoch 1/24: 2.6% (50/1940)
[2025-11-17 12:06:27][INFO][Rank 0] - train Epoch 1/24: 3.1% (60/1940)
[2025-11-17 12:06:34][INFO][Rank 0] - train Epoch 1/24: 3.6% (70/1940)
[2025-11-17 12:06:41][INFO][Rank 0] - train Epoch 1/24: 4.1% (80/1940)
[2025-11-17 12:06:48][INFO][Rank 0] - train Epoch 1/24: 4.6% (90/1940)
[2025-11-17 12:06:49][INFO][Rank 0] - CUDA Memory [train][Step 90]: Device 0: Allocated: 3309.6 MB, Reserved: 117540.0 MB (Δ: +1687.0 MB)
[2025-11-17 12:06:55][INFO][Rank 0] - train Epoch 1/24: 5.2% (100/1940)
[2025-11-17 12:07:02][INFO][Rank 0] - train Epoch 1/24: 5.7% (110/1940)
[2025-11-17 12:07:09][INFO][Rank 0] - train Epoch 1/24: 6.2% (120/1940)
[2025-11-17 12:07:16][INFO][Rank 0] - train Epoch 1/24: 6.7% (130/1940)
[2025-11-17 12:07:23][INFO][Rank 0] - train Epoch 1/24: 7.2% (140/1940)
[2025-11-17 12:07:30][INFO][Rank 0] - train Epoch 1/24: 7.7% (150/1940)
[2025-11-17 12:07:37][INFO][Rank 0] - train Epoch 1/24: 8.2% (160/1940)
[2025-11-17 12:07:44][INFO][Rank 0] - train Epoch 1/24: 8.8% (170/1940)
[2025-11-17 12:07:52][INFO][Rank 0] - train Epoch 1/24: 9.3% (180/1940)
[2025-11-17 12:07:52][INFO][Rank 0] - CUDA Memory [train][Step 180]: Device 0: Allocated: 3309.6 MB, Reserved: 117540.0 MB (Δ: +1687.0 MB)
[2025-11-17 12:07:59][INFO][Rank 0] - train Epoch 1/24: 9.8% (190/1940)
[2025-11-17 12:08:06][INFO][Rank 0] - train Epoch 1/24: 10.3% (200/1940)
[2025-11-17 12:08:13][INFO][Rank 0] - train Epoch 1/24: 10.8% (210/1940)
[2025-11-17 12:08:20][INFO][Rank 0] - train Epoch 1/24: 11.3% (220/1940)
[2025-11-17 12:08:27][INFO][Rank 0] - train Epoch 1/24: 11.9% (230/1940)
[2025-11-17 12:08:34][INFO][Rank 0] - train Epoch 1/24: 12.4% (240/1940)
[2025-11-17 12:08:41][INFO][Rank 0] - train Epoch 1/24: 12.9% (250/1940)
[2025-11-17 12:08:48][INFO][Rank 0] - train Epoch 1/24: 13.4% (260/1940)
[2025-11-17 12:08:55][INFO][Rank 0] - train Epoch 1/24: 13.9% (270/1940)
[2025-11-17 12:08:56][INFO][Rank 0] - CUDA Memory [train][Step 270]: Device 0: Allocated: 3309.6 MB, Reserved: 117540.0 MB (Δ: +1687.0 MB)
[2025-11-17 12:09:02][INFO][Rank 0] - train Epoch 1/24: 14.4% (280/1940)
[2025-11-17 12:09:09][INFO][Rank 0] - train Epoch 1/24: 14.9% (290/1940)
[2025-11-17 12:09:16][INFO][Rank 0] - train Epoch 1/24: 15.5% (300/1940)
[2025-11-17 12:09:23][INFO][Rank 0] - train Epoch 1/24: 16.0% (310/1940)
[2025-11-17 12:09:31][INFO][Rank 0] - train Epoch 1/24: 16.5% (320/1940)
[2025-11-17 12:09:38][INFO][Rank 0] - train Epoch 1/24: 17.0% (330/1940)
[2025-11-17 12:09:45][INFO][Rank 0] - train Epoch 1/24: 17.5% (340/1940)
[2025-11-17 12:09:52][INFO][Rank 0] - train Epoch 1/24: 18.0% (350/1940)
[2025-11-17 12:09:59][INFO][Rank 0] - train Epoch 1/24: 18.6% (360/1940)
[2025-11-17 12:09:59][INFO][Rank 0] - CUDA Memory [train][Step 360]: Device 0: Allocated: 3309.6 MB, Reserved: 117540.0 MB (Δ: +1687.0 MB)
[2025-11-17 12:10:06][INFO][Rank 0] - train Epoch 1/24: 19.1% (370/1940)
[2025-11-17 12:10:13][INFO][Rank 0] - train Epoch 1/24: 19.6% (380/1940)
[2025-11-17 12:10:20][INFO][Rank 0] - train Epoch 1/24: 20.1% (390/1940)
[2025-11-17 12:10:27][INFO][Rank 0] - train Epoch 1/24: 20.6% (400/1940)
[2025-11-17 12:10:34][INFO][Rank 0] - train Epoch 1/24: 21.1% (410/1940)
[2025-11-17 12:10:41][INFO][Rank 0] - train Epoch 1/24: 21.6% (420/1940)
[2025-11-17 12:10:48][INFO][Rank 0] - train Epoch 1/24: 22.2% (430/1940)
[2025-11-17 12:10:55][INFO][Rank 0] - train Epoch 1/24: 22.7% (440/1940)
[2025-11-17 12:11:02][INFO][Rank 0] - train Epoch 1/24: 23.2% (450/1940)
[2025-11-17 12:11:03][INFO][Rank 0] - CUDA Memory [train][Step 450]: Device 0: Allocated: 3309.6 MB, Reserved: 117540.0 MB (Δ: +1687.0 MB)
[2025-11-17 12:11:09][INFO][Rank 0] - train Epoch 1/24: 23.7% (460/1940)
[2025-11-17 12:11:17][INFO][Rank 0] - train Epoch 1/24: 24.2% (470/1940)
[2025-11-17 12:11:24][INFO][Rank 0] - train Epoch 1/24: 24.7% (480/1940)
[2025-11-17 12:11:31][INFO][Rank 0] - train Epoch 1/24: 25.3% (490/1940)
[2025-11-17 12:11:38][INFO][Rank 0] - train Epoch 1/24: 25.8% (500/1940)
[2025-11-17 12:11:45][INFO][Rank 0] - train Epoch 1/24: 26.3% (510/1940)
[2025-11-17 12:11:52][INFO][Rank 0] - train Epoch 1/24: 26.8% (520/1940)
[2025-11-17 12:11:59][INFO][Rank 0] - train Epoch 1/24: 27.3% (530/1940)
[2025-11-17 12:12:06][INFO][Rank 0] - train Epoch 1/24: 27.8% (540/1940)
[2025-11-17 12:12:07][INFO][Rank 0] - CUDA Memory [train][Step 540]: Device 0: Allocated: 3309.6 MB, Reserved: 117540.0 MB (Δ: +1687.0 MB)
[2025-11-17 12:12:13][INFO][Rank 0] - train Epoch 1/24: 28.4% (550/1940)
[2025-11-17 12:12:20][INFO][Rank 0] - train Epoch 1/24: 28.9% (560/1940)
[2025-11-17 12:12:27][INFO][Rank 0] - train Epoch 1/24: 29.4% (570/1940)
[2025-11-17 12:12:34][INFO][Rank 0] - train Epoch 1/24: 29.9% (580/1940)
[2025-11-17 12:12:41][INFO][Rank 0] - train Epoch 1/24: 30.4% (590/1940)
[2025-11-17 12:12:48][INFO][Rank 0] - train Epoch 1/24: 30.9% (600/1940)
[2025-11-17 12:12:56][INFO][Rank 0] - train Epoch 1/24: 31.4% (610/1940)
[2025-11-17 12:13:03][INFO][Rank 0] - train Epoch 1/24: 32.0% (620/1940)
[2025-11-17 12:13:10][INFO][Rank 0] - train Epoch 1/24: 32.5% (630/1940)
[2025-11-17 12:13:10][INFO][Rank 0] - CUDA Memory [train][Step 630]: Device 0: Allocated: 3309.6 MB, Reserved: 117540.0 MB (Δ: +1687.0 MB)
[2025-11-17 12:13:17][INFO][Rank 0] - train Epoch 1/24: 33.0% (640/1940)
[2025-11-17 12:13:24][INFO][Rank 0] - train Epoch 1/24: 33.5% (650/1940)
[2025-11-17 12:13:31][INFO][Rank 0] - train Epoch 1/24: 34.0% (660/1940)
[2025-11-17 12:13:38][INFO][Rank 0] - train Epoch 1/24: 34.5% (670/1940)
[2025-11-17 12:13:45][INFO][Rank 0] - train Epoch 1/24: 35.1% (680/1940)
[2025-11-17 12:13:52][INFO][Rank 0] - train Epoch 1/24: 35.6% (690/1940)
[2025-11-17 12:13:59][INFO][Rank 0] - train Epoch 1/24: 36.1% (700/1940)
[2025-11-17 12:14:06][INFO][Rank 0] - train Epoch 1/24: 36.6% (710/1940)
[2025-11-17 12:14:13][INFO][Rank 0] - train Epoch 1/24: 37.1% (720/1940)
[2025-11-17 12:14:14][INFO][Rank 0] - CUDA Memory [train][Step 720]: Device 0: Allocated: 3309.6 MB, Reserved: 117540.0 MB (Δ: +1687.0 MB)
[2025-11-17 12:14:20][INFO][Rank 0] - train Epoch 1/24: 37.6% (730/1940)
[2025-11-17 12:14:27][INFO][Rank 0] - train Epoch 1/24: 38.1% (740/1940)
[2025-11-17 12:14:34][INFO][Rank 0] - train Epoch 1/24: 38.7% (750/1940)
[2025-11-17 12:14:42][INFO][Rank 0] - train Epoch 1/24: 39.2% (760/1940)
[2025-11-17 12:14:49][INFO][Rank 0] - train Epoch 1/24: 39.7% (770/1940)
[2025-11-17 12:14:56][INFO][Rank 0] - train Epoch 1/24: 40.2% (780/1940)
[2025-11-17 12:15:03][INFO][Rank 0] - train Epoch 1/24: 40.7% (790/1940)
[2025-11-17 12:15:10][INFO][Rank 0] - train Epoch 1/24: 41.2% (800/1940)
[2025-11-17 12:15:17][INFO][Rank 0] - train Epoch 1/24: 41.8% (810/1940)
[2025-11-17 12:15:18][INFO][Rank 0] - CUDA Memory [train][Step 810]: Device 0: Allocated: 3309.6 MB, Reserved: 117540.0 MB (Δ: +1687.0 MB)
[2025-11-17 12:15:24][INFO][Rank 0] - train Epoch 1/24: 42.3% (820/1940)
[2025-11-17 12:15:31][INFO][Rank 0] - train Epoch 1/24: 42.8% (830/1940)
[2025-11-17 12:15:38][INFO][Rank 0] - train Epoch 1/24: 43.3% (840/1940)
[2025-11-17 12:15:45][INFO][Rank 0] - train Epoch 1/24: 43.8% (850/1940)
[2025-11-17 12:15:52][INFO][Rank 0] - train Epoch 1/24: 44.3% (860/1940)
[2025-11-17 12:15:59][INFO][Rank 0] - train Epoch 1/24: 44.8% (870/1940)
[2025-11-17 12:16:06][INFO][Rank 0] - train Epoch 1/24: 45.4% (880/1940)
[2025-11-17 12:16:13][INFO][Rank 0] - train Epoch 1/24: 45.9% (890/1940)
[2025-11-17 12:16:21][INFO][Rank 0] - train Epoch 1/24: 46.4% (900/1940)
[2025-11-17 12:16:21][INFO][Rank 0] - CUDA Memory [train][Step 900]: Device 0: Allocated: 3309.6 MB, Reserved: 117540.0 MB (Δ: +1687.0 MB)
[2025-11-17 12:16:28][INFO][Rank 0] - train Epoch 1/24: 46.9% (910/1940)
[2025-11-17 12:16:35][INFO][Rank 0] - train Epoch 1/24: 47.4% (920/1940)
[2025-11-17 12:16:42][INFO][Rank 0] - train Epoch 1/24: 47.9% (930/1940)
[2025-11-17 12:16:49][INFO][Rank 0] - train Epoch 1/24: 48.5% (940/1940)
[2025-11-17 12:16:56][INFO][Rank 0] - train Epoch 1/24: 49.0% (950/1940)
[2025-11-17 12:17:03][INFO][Rank 0] - train Epoch 1/24: 49.5% (960/1940)
[2025-11-17 12:17:10][INFO][Rank 0] - train Epoch 1/24: 50.0% (970/1940)
[2025-11-17 12:17:17][INFO][Rank 0] - train Epoch 1/24: 50.5% (980/1940)
[2025-11-17 12:17:24][INFO][Rank 0] - train Epoch 1/24: 51.0% (990/1940)
[2025-11-17 12:17:25][INFO][Rank 0] - CUDA Memory [train][Step 990]: Device 0: Allocated: 3309.6 MB, Reserved: 117540.0 MB (Δ: +1687.0 MB)
[2025-11-17 12:17:31][INFO][Rank 0] - train Epoch 1/24: 51.5% (1000/1940)
[2025-11-17 12:17:38][INFO][Rank 0] - train Epoch 1/24: 52.1% (1010/1940)
[2025-11-17 12:17:45][INFO][Rank 0] - train Epoch 1/24: 52.6% (1020/1940)
[2025-11-17 12:17:52][INFO][Rank 0] - train Epoch 1/24: 53.1% (1030/1940)
[2025-11-17 12:18:00][INFO][Rank 0] - train Epoch 1/24: 53.6% (1040/1940)
[2025-11-17 12:18:07][INFO][Rank 0] - train Epoch 1/24: 54.1% (1050/1940)
[2025-11-17 12:18:14][INFO][Rank 0] - train Epoch 1/24: 54.6% (1060/1940)
[2025-11-17 12:18:21][INFO][Rank 0] - train Epoch 1/24: 55.2% (1070/1940)
[2025-11-17 12:18:28][INFO][Rank 0] - train Epoch 1/24: 55.7% (1080/1940)
[2025-11-17 12:18:29][INFO][Rank 0] - CUDA Memory [train][Step 1080]: Device 0: Allocated: 3309.6 MB, Reserved: 117540.0 MB (Δ: +1687.0 MB)
[2025-11-17 12:18:35][INFO][Rank 0] - train Epoch 1/24: 56.2% (1090/1940)
[2025-11-17 12:18:42][INFO][Rank 0] - train Epoch 1/24: 56.7% (1100/1940)
[2025-11-17 12:18:49][INFO][Rank 0] - train Epoch 1/24: 57.2% (1110/1940)
[2025-11-17 12:18:56][INFO][Rank 0] - train Epoch 1/24: 57.7% (1120/1940)
[2025-11-17 12:19:03][INFO][Rank 0] - train Epoch 1/24: 58.2% (1130/1940)
[2025-11-17 12:19:10][INFO][Rank 0] - train Epoch 1/24: 58.8% (1140/1940)
[2025-11-17 12:19:17][INFO][Rank 0] - train Epoch 1/24: 59.3% (1150/1940)
[2025-11-17 12:19:24][INFO][Rank 0] - train Epoch 1/24: 59.8% (1160/1940)
[2025-11-17 12:19:31][INFO][Rank 0] - train Epoch 1/24: 60.3% (1170/1940)
[2025-11-17 12:19:32][INFO][Rank 0] - CUDA Memory [train][Step 1170]: Device 0: Allocated: 3309.6 MB, Reserved: 117540.0 MB (Δ: +1687.0 MB)
[2025-11-17 12:19:39][INFO][Rank 0] - train Epoch 1/24: 60.8% (1180/1940)
[2025-11-17 12:19:46][INFO][Rank 0] - train Epoch 1/24: 61.3% (1190/1940)
[2025-11-17 12:19:53][INFO][Rank 0] - train Epoch 1/24: 61.9% (1200/1940)
[2025-11-17 12:20:00][INFO][Rank 0] - train Epoch 1/24: 62.4% (1210/1940)
[2025-11-17 12:20:07][INFO][Rank 0] - train Epoch 1/24: 62.9% (1220/1940)
[2025-11-17 12:20:14][INFO][Rank 0] - train Epoch 1/24: 63.4% (1230/1940)
[2025-11-17 12:20:21][INFO][Rank 0] - train Epoch 1/24: 63.9% (1240/1940)
[2025-11-17 12:20:28][INFO][Rank 0] - train Epoch 1/24: 64.4% (1250/1940)
[2025-11-17 12:20:35][INFO][Rank 0] - train Epoch 1/24: 64.9% (1260/1940)
[2025-11-17 12:20:36][INFO][Rank 0] - CUDA Memory [train][Step 1260]: Device 0: Allocated: 3309.6 MB, Reserved: 117540.0 MB (Δ: +1687.0 MB)
[2025-11-17 12:20:42][INFO][Rank 0] - train Epoch 1/24: 65.5% (1270/1940)
[2025-11-17 12:20:49][INFO][Rank 0] - train Epoch 1/24: 66.0% (1280/1940)
[2025-11-17 12:20:56][INFO][Rank 0] - train Epoch 1/24: 66.5% (1290/1940)
[2025-11-17 12:21:03][INFO][Rank 0] - train Epoch 1/24: 67.0% (1300/1940)
[2025-11-17 12:21:10][INFO][Rank 0] - train Epoch 1/24: 67.5% (1310/1940)
[2025-11-17 12:21:18][INFO][Rank 0] - train Epoch 1/24: 68.0% (1320/1940)
[2025-11-17 12:21:25][INFO][Rank 0] - train Epoch 1/24: 68.6% (1330/1940)
[2025-11-17 12:21:32][INFO][Rank 0] - train Epoch 1/24: 69.1% (1340/1940)
[2025-11-17 12:21:39][INFO][Rank 0] - train Epoch 1/24: 69.6% (1350/1940)
[2025-11-17 12:21:39][INFO][Rank 0] - CUDA Memory [train][Step 1350]: Device 0: Allocated: 3309.6 MB, Reserved: 117540.0 MB (Δ: +1687.0 MB)
[2025-11-17 12:21:46][INFO][Rank 0] - train Epoch 1/24: 70.1% (1360/1940)
[2025-11-17 12:21:53][INFO][Rank 0] - train Epoch 1/24: 70.6% (1370/1940)
[2025-11-17 12:22:00][INFO][Rank 0] - train Epoch 1/24: 71.1% (1380/1940)
[2025-11-17 12:22:07][INFO][Rank 0] - train Epoch 1/24: 71.6% (1390/1940)
[2025-11-17 12:22:14][INFO][Rank 0] - train Epoch 1/24: 72.2% (1400/1940)
[2025-11-17 12:22:21][INFO][Rank 0] - train Epoch 1/24: 72.7% (1410/1940)
[2025-11-17 12:22:28][INFO][Rank 0] - train Epoch 1/24: 73.2% (1420/1940)
[2025-11-17 12:22:35][INFO][Rank 0] - train Epoch 1/24: 73.7% (1430/1940)
[2025-11-17 12:22:42][INFO][Rank 0] - train Epoch 1/24: 74.2% (1440/1940)
[2025-11-17 12:22:43][INFO][Rank 0] - CUDA Memory [train][Step 1440]: Device 0: Allocated: 3309.6 MB, Reserved: 117540.0 MB (Δ: +1687.0 MB)
[2025-11-17 12:22:49][INFO][Rank 0] - train Epoch 1/24: 74.7% (1450/1940)
[2025-11-17 12:22:57][INFO][Rank 0] - train Epoch 1/24: 75.3% (1460/1940)
[2025-11-17 12:23:04][INFO][Rank 0] - train Epoch 1/24: 75.8% (1470/1940)
[2025-11-17 12:23:11][INFO][Rank 0] - train Epoch 1/24: 76.3% (1480/1940)
[2025-11-17 12:23:18][INFO][Rank 0] - train Epoch 1/24: 76.8% (1490/1940)
[2025-11-17 12:23:25][INFO][Rank 0] - train Epoch 1/24: 77.3% (1500/1940)
[2025-11-17 12:23:32][INFO][Rank 0] - train Epoch 1/24: 77.8% (1510/1940)
[2025-11-17 12:23:39][INFO][Rank 0] - train Epoch 1/24: 78.4% (1520/1940)
[2025-11-17 12:23:46][INFO][Rank 0] - train Epoch 1/24: 78.9% (1530/1940)
[2025-11-17 12:23:47][INFO][Rank 0] - CUDA Memory [train][Step 1530]: Device 0: Allocated: 3309.6 MB, Reserved: 117540.0 MB (Δ: +1687.0 MB)
[2025-11-17 12:23:53][INFO][Rank 0] - train Epoch 1/24: 79.4% (1540/1940)
[2025-11-17 12:24:00][INFO][Rank 0] - train Epoch 1/24: 79.9% (1550/1940)
[2025-11-17 12:24:07][INFO][Rank 0] - train Epoch 1/24: 80.4% (1560/1940)
[2025-11-17 12:24:14][INFO][Rank 0] - train Epoch 1/24: 80.9% (1570/1940)
[2025-11-17 12:24:21][INFO][Rank 0] - train Epoch 1/24: 81.4% (1580/1940)
[2025-11-17 12:24:28][INFO][Rank 0] - train Epoch 1/24: 82.0% (1590/1940)
[2025-11-17 12:24:35][INFO][Rank 0] - train Epoch 1/24: 82.5% (1600/1940)
[2025-11-17 12:24:43][INFO][Rank 0] - train Epoch 1/24: 83.0% (1610/1940)
[2025-11-17 12:24:50][INFO][Rank 0] - train Epoch 1/24: 83.5% (1620/1940)
[2025-11-17 12:24:50][INFO][Rank 0] - CUDA Memory [train][Step 1620]: Device 0: Allocated: 3309.6 MB, Reserved: 117540.0 MB (Δ: +1687.0 MB)
[2025-11-17 12:24:57][INFO][Rank 0] - train Epoch 1/24: 84.0% (1630/1940)
[2025-11-17 12:25:04][INFO][Rank 0] - train Epoch 1/24: 84.5% (1640/1940)
[2025-11-17 12:25:11][INFO][Rank 0] - train Epoch 1/24: 85.1% (1650/1940)
[2025-11-17 12:25:18][INFO][Rank 0] - train Epoch 1/24: 85.6% (1660/1940)
[2025-11-17 12:25:25][INFO][Rank 0] - train Epoch 1/24: 86.1% (1670/1940)
[2025-11-17 12:25:32][INFO][Rank 0] - train Epoch 1/24: 86.6% (1680/1940)
[2025-11-17 12:25:39][INFO][Rank 0] - train Epoch 1/24: 87.1% (1690/1940)
[2025-11-17 12:25:46][INFO][Rank 0] - train Epoch 1/24: 87.6% (1700/1940)
[2025-11-17 12:25:53][INFO][Rank 0] - train Epoch 1/24: 88.1% (1710/1940)
[2025-11-17 12:25:54][INFO][Rank 0] - CUDA Memory [train][Step 1710]: Device 0: Allocated: 3309.6 MB, Reserved: 117540.0 MB (Δ: +1687.0 MB)
[2025-11-17 12:26:00][INFO][Rank 0] - train Epoch 1/24: 88.7% (1720/1940)
[2025-11-17 12:26:07][INFO][Rank 0] - train Epoch 1/24: 89.2% (1730/1940)
[2025-11-17 12:26:14][INFO][Rank 0] - train Epoch 1/24: 89.7% (1740/1940)
[2025-11-17 12:26:22][INFO][Rank 0] - train Epoch 1/24: 90.2% (1750/1940)
[2025-11-17 12:26:29][INFO][Rank 0] - train Epoch 1/24: 90.7% (1760/1940)
[2025-11-17 12:26:36][INFO][Rank 0] - train Epoch 1/24: 91.2% (1770/1940)
[2025-11-17 12:26:43][INFO][Rank 0] - train Epoch 1/24: 91.8% (1780/1940)
[2025-11-17 12:26:50][INFO][Rank 0] - train Epoch 1/24: 92.3% (1790/1940)
[2025-11-17 12:26:57][INFO][Rank 0] - train Epoch 1/24: 92.8% (1800/1940)
[2025-11-17 12:26:58][INFO][Rank 0] - CUDA Memory [train][Step 1800]: Device 0: Allocated: 3309.6 MB, Reserved: 117540.0 MB (Δ: +1687.0 MB)
[2025-11-17 12:27:04][INFO][Rank 0] - train Epoch 1/24: 93.3% (1810/1940)
[2025-11-17 12:27:11][INFO][Rank 0] - train Epoch 1/24: 93.8% (1820/1940)
[2025-11-17 12:27:18][INFO][Rank 0] - train Epoch 1/24: 94.3% (1830/1940)
[2025-11-17 12:27:25][INFO][Rank 0] - train Epoch 1/24: 94.8% (1840/1940)
[2025-11-17 12:27:32][INFO][Rank 0] - train Epoch 1/24: 95.4% (1850/1940)
[2025-11-17 12:27:39][INFO][Rank 0] - train Epoch 1/24: 95.9% (1860/1940)
[2025-11-17 12:27:46][INFO][Rank 0] - train Epoch 1/24: 96.4% (1870/1940)
[2025-11-17 12:27:53][INFO][Rank 0] - train Epoch 1/24: 96.9% (1880/1940)
[2025-11-17 12:28:00][INFO][Rank 0] - train Epoch 1/24: 97.4% (1890/1940)
[2025-11-17 12:28:01][INFO][Rank 0] - CUDA Memory [train][Step 1890]: Device 0: Allocated: 3309.6 MB, Reserved: 117540.0 MB (Δ: +1687.0 MB)
[2025-11-17 12:28:08][INFO][Rank 0] - train Epoch 1/24: 97.9% (1900/1940)
[2025-11-17 12:28:15][INFO][Rank 0] - train Epoch 1/24: 98.5% (1910/1940)
[2025-11-17 12:28:22][INFO][Rank 0] - train Epoch 1/24: 99.0% (1920/1940)
[2025-11-17 12:28:29][INFO][Rank 0] - train Epoch 1/24: 99.5% (1930/1940)
[2025-11-17 12:28:35][INFO][Rank 0] - train Epoch 1/24: 99.9% (1939/1940)
[2025-11-17 12:28:36][INFO][Rank 0] - train Loss: 0.3254 Acc: 0.9757 F1: 0.9876
[2025-11-17 12:28:36][INFO][Rank 0] - train Balanced Acc: 0.5987 AUC-ROC: 0.9265
[2025-11-17 12:28:36][INFO][Rank 0] - train Sensitivity: 0.9967 Specificity: 0.2008
[2025-11-17 12:28:36][INFO][Rank 0] - train Confusion Matrix: TP=18825, FP=410, FN=62, TN=103
[2025-11-17 12:28:36][INFO][Rank 0] - train completed in 1372.02s
[2025-11-17 12:28:36][INFO][Rank 0] - Data loading time: 1.23s, Forward time: 279.04s, Backward time: 744.13s
[2025-11-17 12:28:36][INFO][Rank 0] - train cache: 0/1 items, hit rate: 0.00%
[2025-11-17 12:28:36][INFO][Rank 0] - CUDA Memory [val][Step 0]: Device 0: Allocated: 3309.6 MB, Reserved: 117540.0 MB (Δ: +1687.0 MB)
[2025-11-17 12:28:36][INFO][Rank 0] - val phase: total 407 batches
[2025-11-17 12:28:36][INFO][Rank 0] - val Epoch 1/24: 0.0% (0/407)
[2025-11-17 12:28:41][INFO][Rank 0] - val Epoch 1/24: 2.5% (10/407)
[2025-11-17 12:28:46][INFO][Rank 0] - val Epoch 1/24: 4.9% (20/407)
[2025-11-17 12:28:51][INFO][Rank 0] - val Epoch 1/24: 7.4% (30/407)
[2025-11-17 12:28:56][INFO][Rank 0] - val Epoch 1/24: 9.8% (40/407)
[2025-11-17 12:29:01][INFO][Rank 0] - val Epoch 1/24: 12.3% (50/407)
[2025-11-17 12:29:06][INFO][Rank 0] - val Epoch 1/24: 14.7% (60/407)
[2025-11-17 12:29:11][INFO][Rank 0] - val Epoch 1/24: 17.2% (70/407)
[2025-11-17 12:29:16][INFO][Rank 0] - val Epoch 1/24: 19.7% (80/407)
[2025-11-17 12:29:21][INFO][Rank 0] - val Epoch 1/24: 22.1% (90/407)
[2025-11-17 12:29:26][INFO][Rank 0] - val Epoch 1/24: 24.6% (100/407)
[2025-11-17 12:29:31][INFO][Rank 0] - val Epoch 1/24: 27.0% (110/407)
[2025-11-17 12:29:36][INFO][Rank 0] - val Epoch 1/24: 29.5% (120/407)
[2025-11-17 12:29:37][INFO][Rank 0] - CUDA Memory [val][Step 120]: Device 0: Allocated: 3309.6 MB, Reserved: 117540.0 MB (Δ: +1687.0 MB)
[2025-11-17 12:29:41][INFO][Rank 0] - val Epoch 1/24: 31.9% (130/407)
[2025-11-17 12:29:46][INFO][Rank 0] - val Epoch 1/24: 34.4% (140/407)
[2025-11-17 12:29:51][INFO][Rank 0] - val Epoch 1/24: 36.9% (150/407)
[2025-11-17 12:29:56][INFO][Rank 0] - val Epoch 1/24: 39.3% (160/407)
[2025-11-17 12:30:01][INFO][Rank 0] - val Epoch 1/24: 41.8% (170/407)
[2025-11-17 12:30:06][INFO][Rank 0] - val Epoch 1/24: 44.2% (180/407)
[2025-11-17 12:30:11][INFO][Rank 0] - val Epoch 1/24: 46.7% (190/407)
[2025-11-17 12:30:16][INFO][Rank 0] - val Epoch 1/24: 49.1% (200/407)
[2025-11-17 12:30:21][INFO][Rank 0] - val Epoch 1/24: 51.6% (210/407)
[2025-11-17 12:30:26][INFO][Rank 0] - val Epoch 1/24: 54.1% (220/407)
[2025-11-17 12:30:31][INFO][Rank 0] - val Epoch 1/24: 56.5% (230/407)
[2025-11-17 12:30:36][INFO][Rank 0] - val Epoch 1/24: 59.0% (240/407)
[2025-11-17 12:30:37][INFO][Rank 0] - CUDA Memory [val][Step 240]: Device 0: Allocated: 3309.6 MB, Reserved: 117540.0 MB (Δ: +1687.0 MB)
[2025-11-17 12:30:41][INFO][Rank 0] - val Epoch 1/24: 61.4% (250/407)
[2025-11-17 12:30:46][INFO][Rank 0] - val Epoch 1/24: 63.9% (260/407)
[2025-11-17 12:30:51][INFO][Rank 0] - val Epoch 1/24: 66.3% (270/407)
[2025-11-17 12:30:56][INFO][Rank 0] - val Epoch 1/24: 68.8% (280/407)
[2025-11-17 12:31:01][INFO][Rank 0] - val Epoch 1/24: 71.3% (290/407)
[2025-11-17 12:31:06][INFO][Rank 0] - val Epoch 1/24: 73.7% (300/407)
[2025-11-17 12:31:11][INFO][Rank 0] - val Epoch 1/24: 76.2% (310/407)
[2025-11-17 12:31:17][INFO][Rank 0] - val Epoch 1/24: 78.6% (320/407)
[2025-11-17 12:31:22][INFO][Rank 0] - val Epoch 1/24: 81.1% (330/407)
[2025-11-17 12:31:27][INFO][Rank 0] - val Epoch 1/24: 83.5% (340/407)
[2025-11-17 12:31:32][INFO][Rank 0] - val Epoch 1/24: 86.0% (350/407)
[2025-11-17 12:31:37][INFO][Rank 0] - val Epoch 1/24: 88.5% (360/407)
[2025-11-17 12:31:37][INFO][Rank 0] - CUDA Memory [val][Step 360]: Device 0: Allocated: 3309.6 MB, Reserved: 117540.0 MB (Δ: +1687.0 MB)
[2025-11-17 12:31:42][INFO][Rank 0] - val Epoch 1/24: 90.9% (370/407)
[2025-11-17 12:31:47][INFO][Rank 0] - val Epoch 1/24: 93.4% (380/407)
[2025-11-17 12:31:52][INFO][Rank 0] - val Epoch 1/24: 95.8% (390/407)
[2025-11-17 12:31:57][INFO][Rank 0] - val Epoch 1/24: 98.3% (400/407)
[2025-11-17 12:32:00][INFO][Rank 0] - val Epoch 1/24: 99.8% (406/407)
[2025-11-17 12:32:00][INFO][Rank 0] - val Loss: 0.1741 Acc: 0.9870 F1: 0.9934
[2025-11-17 12:32:00][INFO][Rank 0] - val Balanced Acc: 0.7431 AUC-ROC: 0.9755
[2025-11-17 12:32:00][INFO][Rank 0] - val Sensitivity: 0.9977 Specificity: 0.4884
[2025-11-17 12:32:00][INFO][Rank 0] - val Confusion Matrix: TP=3975, FP=44, FN=9, TN=42
[2025-11-17 12:32:00][INFO][Rank 0] - val completed in 204.28s
[2025-11-17 12:32:00][INFO][Rank 0] - val cache: 0/1 items, hit rate: 0.00%
[2025-11-17 12:32:06][INFO][Rank 0] - Saved new best accuracy model with accuracy: 0.9870 at /projects/retprogression/rgarridogarcia/checkpoints/cropped1024_cropped_centered_wt_allR_1/best_acc_model.pth
[2025-11-17 12:32:10][INFO][Rank 0] - Saved new best f1 model with f1: 0.9934 at /projects/retprogression/rgarridogarcia/checkpoints/cropped1024_cropped_centered_wt_allR_1/best_f1_model.pth
[2025-11-17 12:32:15][INFO][Rank 0] - Saved new best balanced_acc model with balanced_acc: 0.7431 at /projects/retprogression/rgarridogarcia/checkpoints/cropped1024_cropped_centered_wt_allR_1/best_balanced_acc_model.pth
[2025-11-17 12:32:19][INFO][Rank 0] - Also saved as general best model at /projects/retprogression/rgarridogarcia/checkpoints/cropped1024_cropped_centered_wt_allR_1/best_model.pth
[2025-11-17 12:32:24][INFO][Rank 0] - Saved new best auc model with auc: 0.9755 at /projects/retprogression/rgarridogarcia/checkpoints/cropped1024_cropped_centered_wt_allR_1/best_auc_model.pth
[2025-11-17 12:32:31][INFO][Rank 0] - Saved epoch checkpoint at /projects/retprogression/rgarridogarcia/checkpoints/cropped1024_cropped_centered_wt_allR_1/epoch_1.pth
[2025-11-17 12:32:31][INFO][Rank 0] - Epoch 1 summary:
[2025-11-17 12:32:31][INFO][Rank 0] -  Train Loss: 0.3254, Train Acc: 0.9757, Train F1: 0.9876
[2025-11-17 12:32:31][INFO][Rank 0] -  Train Balanced Acc: 0.5987, Train AUC: 0.9265
[2025-11-17 12:32:31][INFO][Rank 0] -  Train Sensitivity: 0.9967, Train Specificity: 0.2008
[2025-11-17 12:32:31][INFO][Rank 0] -  Val Loss: 0.1741, Val Acc: 0.9870, Val F1: 0.9934
[2025-11-17 12:32:31][INFO][Rank 0] -  Val Balanced Acc: 0.7431, Val AUC: 0.9755
[2025-11-17 12:32:31][INFO][Rank 0] -  Val Sensitivity: 0.9977, Val Specificity: 0.4884
[2025-11-17 12:32:31][INFO][Rank 0] -  Total Epoch Time: 1607.02s
[2025-11-17 12:32:31][INFO][Rank 0] - Epoch 2/24
[2025-11-17 12:32:31][INFO][Rank 0] - ----------
[2025-11-17 12:32:31][INFO][Rank 0] - CUDA Memory [train][Step 0]: Device 0: Allocated: 3309.6 MB, Reserved: 117540.0 MB (Δ: +1687.0 MB)
[2025-11-17 12:32:31][INFO][Rank 0] - train phase: total 1940 batches
[2025-11-17 12:32:31][INFO][Rank 0] - train Epoch 2/24: 0.0% (0/1940)
[2025-11-17 12:32:38][INFO][Rank 0] - train Epoch 2/24: 0.5% (10/1940)
[2025-11-17 12:32:45][INFO][Rank 0] - train Epoch 2/24: 1.0% (20/1940)
[2025-11-17 12:32:52][INFO][Rank 0] - train Epoch 2/24: 1.5% (30/1940)
[2025-11-17 12:32:59][INFO][Rank 0] - train Epoch 2/24: 2.1% (40/1940)
[2025-11-17 12:33:06][INFO][Rank 0] - train Epoch 2/24: 2.6% (50/1940)
[2025-11-17 12:33:14][INFO][Rank 0] - train Epoch 2/24: 3.1% (60/1940)
[2025-11-17 12:33:21][INFO][Rank 0] - train Epoch 2/24: 3.6% (70/1940)
[2025-11-17 12:33:28][INFO][Rank 0] - train Epoch 2/24: 4.1% (80/1940)
[2025-11-17 12:33:35][INFO][Rank 0] - train Epoch 2/24: 4.6% (90/1940)
[2025-11-17 12:33:35][INFO][Rank 0] - CUDA Memory [train][Step 90]: Device 0: Allocated: 3309.6 MB, Reserved: 117540.0 MB (Δ: +1687.0 MB)
[2025-11-17 12:33:42][INFO][Rank 0] - train Epoch 2/24: 5.2% (100/1940)
[2025-11-17 12:33:49][INFO][Rank 0] - train Epoch 2/24: 5.7% (110/1940)
[2025-11-17 12:33:56][INFO][Rank 0] - train Epoch 2/24: 6.2% (120/1940)
[2025-11-17 12:34:03][INFO][Rank 0] - train Epoch 2/24: 6.7% (130/1940)
[2025-11-17 12:34:10][INFO][Rank 0] - train Epoch 2/24: 7.2% (140/1940)
[2025-11-17 12:34:17][INFO][Rank 0] - train Epoch 2/24: 7.7% (150/1940)
[2025-11-17 12:34:24][INFO][Rank 0] - train Epoch 2/24: 8.2% (160/1940)
[2025-11-17 12:34:31][INFO][Rank 0] - train Epoch 2/24: 8.8% (170/1940)
[2025-11-17 12:34:38][INFO][Rank 0] - train Epoch 2/24: 9.3% (180/1940)
[2025-11-17 12:34:39][INFO][Rank 0] - CUDA Memory [train][Step 180]: Device 0: Allocated: 3309.6 MB, Reserved: 117540.0 MB (Δ: +1687.0 MB)
[2025-11-17 12:34:45][INFO][Rank 0] - train Epoch 2/24: 9.8% (190/1940)
[2025-11-17 12:34:52][INFO][Rank 0] - train Epoch 2/24: 10.3% (200/1940)
[2025-11-17 12:35:00][INFO][Rank 0] - train Epoch 2/24: 10.8% (210/1940)
[2025-11-17 12:35:07][INFO][Rank 0] - train Epoch 2/24: 11.3% (220/1940)
[2025-11-17 12:35:14][INFO][Rank 0] - train Epoch 2/24: 11.9% (230/1940)
[2025-11-17 12:35:21][INFO][Rank 0] - train Epoch 2/24: 12.4% (240/1940)
[2025-11-17 12:35:28][INFO][Rank 0] - train Epoch 2/24: 12.9% (250/1940)
[2025-11-17 12:35:35][INFO][Rank 0] - train Epoch 2/24: 13.4% (260/1940)
[2025-11-17 12:35:42][INFO][Rank 0] - train Epoch 2/24: 13.9% (270/1940)
[2025-11-17 12:35:43][INFO][Rank 0] - CUDA Memory [train][Step 270]: Device 0: Allocated: 3309.6 MB, Reserved: 117540.0 MB (Δ: +1687.0 MB)
[2025-11-17 12:35:49][INFO][Rank 0] - train Epoch 2/24: 14.4% (280/1940)
[2025-11-17 12:35:56][INFO][Rank 0] - train Epoch 2/24: 14.9% (290/1940)
[2025-11-17 12:36:03][INFO][Rank 0] - train Epoch 2/24: 15.5% (300/1940)
[2025-11-17 12:36:10][INFO][Rank 0] - train Epoch 2/24: 16.0% (310/1940)
[2025-11-17 12:36:17][INFO][Rank 0] - train Epoch 2/24: 16.5% (320/1940)
[2025-11-17 12:36:24][INFO][Rank 0] - train Epoch 2/24: 17.0% (330/1940)
[2025-11-17 12:36:31][INFO][Rank 0] - train Epoch 2/24: 17.5% (340/1940)
[2025-11-17 12:36:39][INFO][Rank 0] - train Epoch 2/24: 18.0% (350/1940)
[2025-11-17 12:36:46][INFO][Rank 0] - train Epoch 2/24: 18.6% (360/1940)
[2025-11-17 12:36:46][INFO][Rank 0] - CUDA Memory [train][Step 360]: Device 0: Allocated: 3309.6 MB, Reserved: 117540.0 MB (Δ: +1687.0 MB)
[2025-11-17 12:36:53][INFO][Rank 0] - train Epoch 2/24: 19.1% (370/1940)
[2025-11-17 12:37:00][INFO][Rank 0] - train Epoch 2/24: 19.6% (380/1940)
[2025-11-17 12:37:07][INFO][Rank 0] - train Epoch 2/24: 20.1% (390/1940)
[2025-11-17 12:37:14][INFO][Rank 0] - train Epoch 2/24: 20.6% (400/1940)
[2025-11-17 12:37:21][INFO][Rank 0] - train Epoch 2/24: 21.1% (410/1940)
[2025-11-17 12:37:28][INFO][Rank 0] - train Epoch 2/24: 21.6% (420/1940)
[2025-11-17 12:37:35][INFO][Rank 0] - train Epoch 2/24: 22.2% (430/1940)
[2025-11-17 12:37:42][INFO][Rank 0] - train Epoch 2/24: 22.7% (440/1940)
[2025-11-17 12:37:49][INFO][Rank 0] - train Epoch 2/24: 23.2% (450/1940)
[2025-11-17 12:37:50][INFO][Rank 0] - CUDA Memory [train][Step 450]: Device 0: Allocated: 3309.6 MB, Reserved: 117540.0 MB (Δ: +1687.0 MB)
[2025-11-17 12:37:56][INFO][Rank 0] - train Epoch 2/24: 23.7% (460/1940)
[2025-11-17 12:38:03][INFO][Rank 0] - train Epoch 2/24: 24.2% (470/1940)
[2025-11-17 12:38:10][INFO][Rank 0] - train Epoch 2/24: 24.7% (480/1940)
[2025-11-17 12:38:17][INFO][Rank 0] - train Epoch 2/24: 25.3% (490/1940)
[2025-11-17 12:38:25][INFO][Rank 0] - train Epoch 2/24: 25.8% (500/1940)
[2025-11-17 12:38:32][INFO][Rank 0] - train Epoch 2/24: 26.3% (510/1940)
[2025-11-17 12:38:39][INFO][Rank 0] - train Epoch 2/24: 26.8% (520/1940)
[2025-11-17 12:38:46][INFO][Rank 0] - train Epoch 2/24: 27.3% (530/1940)
[2025-11-17 12:38:53][INFO][Rank 0] - train Epoch 2/24: 27.8% (540/1940)
[2025-11-17 12:38:54][INFO][Rank 0] - CUDA Memory [train][Step 540]: Device 0: Allocated: 3309.6 MB, Reserved: 117540.0 MB (Δ: +1687.0 MB)
[2025-11-17 12:39:00][INFO][Rank 0] - train Epoch 2/24: 28.4% (550/1940)
[2025-11-17 12:39:07][INFO][Rank 0] - train Epoch 2/24: 28.9% (560/1940)
[2025-11-17 12:39:14][INFO][Rank 0] - train Epoch 2/24: 29.4% (570/1940)
[2025-11-17 12:39:21][INFO][Rank 0] - train Epoch 2/24: 29.9% (580/1940)
[2025-11-17 12:39:28][INFO][Rank 0] - train Epoch 2/24: 30.4% (590/1940)
[2025-11-17 12:39:35][INFO][Rank 0] - train Epoch 2/24: 30.9% (600/1940)
[2025-11-17 12:39:42][INFO][Rank 0] - train Epoch 2/24: 31.4% (610/1940)
[2025-11-17 12:39:49][INFO][Rank 0] - train Epoch 2/24: 32.0% (620/1940)
[2025-11-17 12:39:56][INFO][Rank 0] - train Epoch 2/24: 32.5% (630/1940)
[2025-11-17 12:39:57][INFO][Rank 0] - CUDA Memory [train][Step 630]: Device 0: Allocated: 3309.6 MB, Reserved: 117540.0 MB (Δ: +1687.0 MB)
[2025-11-17 12:40:04][INFO][Rank 0] - train Epoch 2/24: 33.0% (640/1940)
[2025-11-17 12:40:11][INFO][Rank 0] - train Epoch 2/24: 33.5% (650/1940)
[2025-11-17 12:40:18][INFO][Rank 0] - train Epoch 2/24: 34.0% (660/1940)
[2025-11-17 12:40:25][INFO][Rank 0] - train Epoch 2/24: 34.5% (670/1940)
[2025-11-17 12:40:32][INFO][Rank 0] - train Epoch 2/24: 35.1% (680/1940)
[2025-11-17 12:40:39][INFO][Rank 0] - train Epoch 2/24: 35.6% (690/1940)
[2025-11-17 12:40:46][INFO][Rank 0] - train Epoch 2/24: 36.1% (700/1940)
[2025-11-17 12:40:53][INFO][Rank 0] - train Epoch 2/24: 36.6% (710/1940)
[2025-11-17 12:41:00][INFO][Rank 0] - train Epoch 2/24: 37.1% (720/1940)
[2025-11-17 12:41:01][INFO][Rank 0] - CUDA Memory [train][Step 720]: Device 0: Allocated: 3309.6 MB, Reserved: 117540.0 MB (Δ: +1687.0 MB)
[2025-11-17 12:41:07][INFO][Rank 0] - train Epoch 2/24: 37.6% (730/1940)
[2025-11-17 12:41:14][INFO][Rank 0] - train Epoch 2/24: 38.1% (740/1940)
[2025-11-17 12:41:21][INFO][Rank 0] - train Epoch 2/24: 38.7% (750/1940)
[2025-11-17 12:41:28][INFO][Rank 0] - train Epoch 2/24: 39.2% (760/1940)
[2025-11-17 12:41:35][INFO][Rank 0] - train Epoch 2/24: 39.7% (770/1940)
[2025-11-17 12:41:43][INFO][Rank 0] - train Epoch 2/24: 40.2% (780/1940)
[2025-11-17 12:41:50][INFO][Rank 0] - train Epoch 2/24: 40.7% (790/1940)
[2025-11-17 12:41:57][INFO][Rank 0] - train Epoch 2/24: 41.2% (800/1940)
[2025-11-17 12:42:04][INFO][Rank 0] - train Epoch 2/24: 41.8% (810/1940)
[2025-11-17 12:42:04][INFO][Rank 0] - CUDA Memory [train][Step 810]: Device 0: Allocated: 3309.6 MB, Reserved: 117540.0 MB (Δ: +1687.0 MB)
[2025-11-17 12:42:11][INFO][Rank 0] - train Epoch 2/24: 42.3% (820/1940)
[2025-11-17 12:42:18][INFO][Rank 0] - train Epoch 2/24: 42.8% (830/1940)
[2025-11-17 12:42:25][INFO][Rank 0] - train Epoch 2/24: 43.3% (840/1940)
[2025-11-17 12:42:32][INFO][Rank 0] - train Epoch 2/24: 43.8% (850/1940)
[2025-11-17 12:42:39][INFO][Rank 0] - train Epoch 2/24: 44.3% (860/1940)
[2025-11-17 12:42:46][INFO][Rank 0] - train Epoch 2/24: 44.8% (870/1940)
[2025-11-17 12:42:53][INFO][Rank 0] - train Epoch 2/24: 45.4% (880/1940)
[2025-11-17 12:43:00][INFO][Rank 0] - train Epoch 2/24: 45.9% (890/1940)
[2025-11-17 12:43:07][INFO][Rank 0] - train Epoch 2/24: 46.4% (900/1940)
[2025-11-17 12:43:08][INFO][Rank 0] - CUDA Memory [train][Step 900]: Device 0: Allocated: 3309.6 MB, Reserved: 117540.0 MB (Δ: +1687.0 MB)
[2025-11-17 12:43:14][INFO][Rank 0] - train Epoch 2/24: 46.9% (910/1940)
[2025-11-17 12:43:21][INFO][Rank 0] - train Epoch 2/24: 47.4% (920/1940)
[2025-11-17 12:43:28][INFO][Rank 0] - train Epoch 2/24: 47.9% (930/1940)
[2025-11-17 12:43:36][INFO][Rank 0] - train Epoch 2/24: 48.5% (940/1940)
[2025-11-17 12:43:43][INFO][Rank 0] - train Epoch 2/24: 49.0% (950/1940)
[2025-11-17 12:43:50][INFO][Rank 0] - train Epoch 2/24: 49.5% (960/1940)
[2025-11-17 12:43:57][INFO][Rank 0] - train Epoch 2/24: 50.0% (970/1940)
[2025-11-17 12:44:04][INFO][Rank 0] - train Epoch 2/24: 50.5% (980/1940)
[2025-11-17 12:44:11][INFO][Rank 0] - train Epoch 2/24: 51.0% (990/1940)
[2025-11-17 12:44:12][INFO][Rank 0] - CUDA Memory [train][Step 990]: Device 0: Allocated: 3309.6 MB, Reserved: 117540.0 MB (Δ: +1687.0 MB)
[2025-11-17 12:44:18][INFO][Rank 0] - train Epoch 2/24: 51.5% (1000/1940)
[2025-11-17 12:44:25][INFO][Rank 0] - train Epoch 2/24: 52.1% (1010/1940)
[2025-11-17 12:44:32][INFO][Rank 0] - train Epoch 2/24: 52.6% (1020/1940)
[2025-11-17 12:44:39][INFO][Rank 0] - train Epoch 2/24: 53.1% (1030/1940)
[2025-11-17 12:44:46][INFO][Rank 0] - train Epoch 2/24: 53.6% (1040/1940)
[2025-11-17 12:44:53][INFO][Rank 0] - train Epoch 2/24: 54.1% (1050/1940)
[2025-11-17 12:45:00][INFO][Rank 0] - train Epoch 2/24: 54.6% (1060/1940)
[2025-11-17 12:45:07][INFO][Rank 0] - train Epoch 2/24: 55.2% (1070/1940)
[2025-11-17 12:45:14][INFO][Rank 0] - train Epoch 2/24: 55.7% (1080/1940)
[2025-11-17 12:45:15][INFO][Rank 0] - CUDA Memory [train][Step 1080]: Device 0: Allocated: 3309.6 MB, Reserved: 117540.0 MB (Δ: +1687.0 MB)
[2025-11-17 12:45:22][INFO][Rank 0] - train Epoch 2/24: 56.2% (1090/1940)
[2025-11-17 12:45:29][INFO][Rank 0] - train Epoch 2/24: 56.7% (1100/1940)
[2025-11-17 12:45:36][INFO][Rank 0] - train Epoch 2/24: 57.2% (1110/1940)
[2025-11-17 12:45:43][INFO][Rank 0] - train Epoch 2/24: 57.7% (1120/1940)
[2025-11-17 12:45:50][INFO][Rank 0] - train Epoch 2/24: 58.2% (1130/1940)
[2025-11-17 12:45:57][INFO][Rank 0] - train Epoch 2/24: 58.8% (1140/1940)
[2025-11-17 12:46:04][INFO][Rank 0] - train Epoch 2/24: 59.3% (1150/1940)
[2025-11-17 12:46:11][INFO][Rank 0] - train Epoch 2/24: 59.8% (1160/1940)
[2025-11-17 12:46:18][INFO][Rank 0] - train Epoch 2/24: 60.3% (1170/1940)
[2025-11-17 12:46:19][INFO][Rank 0] - CUDA Memory [train][Step 1170]: Device 0: Allocated: 3309.6 MB, Reserved: 117540.0 MB (Δ: +1687.0 MB)
[2025-11-17 12:46:25][INFO][Rank 0] - train Epoch 2/24: 60.8% (1180/1940)
[2025-11-17 12:46:32][INFO][Rank 0] - train Epoch 2/24: 61.3% (1190/1940)
[2025-11-17 12:46:39][INFO][Rank 0] - train Epoch 2/24: 61.9% (1200/1940)
[2025-11-17 12:46:46][INFO][Rank 0] - train Epoch 2/24: 62.4% (1210/1940)
[2025-11-17 12:46:53][INFO][Rank 0] - train Epoch 2/24: 62.9% (1220/1940)
[2025-11-17 12:47:00][INFO][Rank 0] - train Epoch 2/24: 63.4% (1230/1940)
[2025-11-17 12:47:08][INFO][Rank 0] - train Epoch 2/24: 63.9% (1240/1940)
[2025-11-17 12:47:15][INFO][Rank 0] - train Epoch 2/24: 64.4% (1250/1940)
[2025-11-17 12:47:22][INFO][Rank 0] - train Epoch 2/24: 64.9% (1260/1940)
[2025-11-17 12:47:22][INFO][Rank 0] - CUDA Memory [train][Step 1260]: Device 0: Allocated: 3309.6 MB, Reserved: 117540.0 MB (Δ: +1687.0 MB)
[2025-11-17 12:47:29][INFO][Rank 0] - train Epoch 2/24: 65.5% (1270/1940)
[2025-11-17 12:47:36][INFO][Rank 0] - train Epoch 2/24: 66.0% (1280/1940)
[2025-11-17 12:47:43][INFO][Rank 0] - train Epoch 2/24: 66.5% (1290/1940)
[2025-11-17 12:47:50][INFO][Rank 0] - train Epoch 2/24: 67.0% (1300/1940)
[2025-11-17 12:47:57][INFO][Rank 0] - train Epoch 2/24: 67.5% (1310/1940)
[2025-11-17 12:48:04][INFO][Rank 0] - train Epoch 2/24: 68.0% (1320/1940)
[2025-11-17 12:48:11][INFO][Rank 0] - train Epoch 2/24: 68.6% (1330/1940)
[2025-11-17 12:48:18][INFO][Rank 0] - train Epoch 2/24: 69.1% (1340/1940)
[2025-11-17 12:48:25][INFO][Rank 0] - train Epoch 2/24: 69.6% (1350/1940)
[2025-11-17 12:48:26][INFO][Rank 0] - CUDA Memory [train][Step 1350]: Device 0: Allocated: 3309.6 MB, Reserved: 117540.0 MB (Δ: +1687.0 MB)
[2025-11-17 12:48:32][INFO][Rank 0] - train Epoch 2/24: 70.1% (1360/1940)
[2025-11-17 12:48:39][INFO][Rank 0] - train Epoch 2/24: 70.6% (1370/1940)
[2025-11-17 12:48:46][INFO][Rank 0] - train Epoch 2/24: 71.1% (1380/1940)
[2025-11-17 12:48:54][INFO][Rank 0] - train Epoch 2/24: 71.6% (1390/1940)
[2025-11-17 12:49:01][INFO][Rank 0] - train Epoch 2/24: 72.2% (1400/1940)
[2025-11-17 12:49:08][INFO][Rank 0] - train Epoch 2/24: 72.7% (1410/1940)
[2025-11-17 12:49:15][INFO][Rank 0] - train Epoch 2/24: 73.2% (1420/1940)
[2025-11-17 12:49:22][INFO][Rank 0] - train Epoch 2/24: 73.7% (1430/1940)
[2025-11-17 12:49:29][INFO][Rank 0] - train Epoch 2/24: 74.2% (1440/1940)
[2025-11-17 12:49:30][INFO][Rank 0] - CUDA Memory [train][Step 1440]: Device 0: Allocated: 3309.6 MB, Reserved: 117540.0 MB (Δ: +1687.0 MB)
[2025-11-17 12:49:36][INFO][Rank 0] - train Epoch 2/24: 74.7% (1450/1940)
[2025-11-17 12:49:43][INFO][Rank 0] - train Epoch 2/24: 75.3% (1460/1940)
[2025-11-17 12:49:50][INFO][Rank 0] - train Epoch 2/24: 75.8% (1470/1940)
[2025-11-17 12:49:57][INFO][Rank 0] - train Epoch 2/24: 76.3% (1480/1940)
[2025-11-17 12:50:04][INFO][Rank 0] - train Epoch 2/24: 76.8% (1490/1940)
[2025-11-17 12:50:11][INFO][Rank 0] - train Epoch 2/24: 77.3% (1500/1940)
[2025-11-17 12:50:18][INFO][Rank 0] - train Epoch 2/24: 77.8% (1510/1940)
[2025-11-17 12:50:25][INFO][Rank 0] - train Epoch 2/24: 78.4% (1520/1940)
[2025-11-17 12:50:32][INFO][Rank 0] - train Epoch 2/24: 78.9% (1530/1940)
[2025-11-17 12:50:33][INFO][Rank 0] - CUDA Memory [train][Step 1530]: Device 0: Allocated: 3309.6 MB, Reserved: 117540.0 MB (Δ: +1687.0 MB)
[2025-11-17 12:50:40][INFO][Rank 0] - train Epoch 2/24: 79.4% (1540/1940)
[2025-11-17 12:50:47][INFO][Rank 0] - train Epoch 2/24: 79.9% (1550/1940)
[2025-11-17 12:50:54][INFO][Rank 0] - train Epoch 2/24: 80.4% (1560/1940)
[2025-11-17 12:51:01][INFO][Rank 0] - train Epoch 2/24: 80.9% (1570/1940)
[2025-11-17 12:51:08][INFO][Rank 0] - train Epoch 2/24: 81.4% (1580/1940)
[2025-11-17 12:51:15][INFO][Rank 0] - train Epoch 2/24: 82.0% (1590/1940)
[2025-11-17 12:51:22][INFO][Rank 0] - train Epoch 2/24: 82.5% (1600/1940)
[2025-11-17 12:51:29][INFO][Rank 0] - train Epoch 2/24: 83.0% (1610/1940)
[2025-11-17 12:51:36][INFO][Rank 0] - train Epoch 2/24: 83.5% (1620/1940)
[2025-11-17 12:51:37][INFO][Rank 0] - CUDA Memory [train][Step 1620]: Device 0: Allocated: 3309.6 MB, Reserved: 117540.0 MB (Δ: +1687.0 MB)
[2025-11-17 12:51:43][INFO][Rank 0] - train Epoch 2/24: 84.0% (1630/1940)
[2025-11-17 12:51:50][INFO][Rank 0] - train Epoch 2/24: 84.5% (1640/1940)
[2025-11-17 12:51:57][INFO][Rank 0] - train Epoch 2/24: 85.1% (1650/1940)
[2025-11-17 12:52:04][INFO][Rank 0] - train Epoch 2/24: 85.6% (1660/1940)
[2025-11-17 12:52:11][INFO][Rank 0] - train Epoch 2/24: 86.1% (1670/1940)
[2025-11-17 12:52:18][INFO][Rank 0] - train Epoch 2/24: 86.6% (1680/1940)
[2025-11-17 12:52:26][INFO][Rank 0] - train Epoch 2/24: 87.1% (1690/1940)
[2025-11-17 12:52:33][INFO][Rank 0] - train Epoch 2/24: 87.6% (1700/1940)
[2025-11-17 12:52:40][INFO][Rank 0] - train Epoch 2/24: 88.1% (1710/1940)
[2025-11-17 12:52:40][INFO][Rank 0] - CUDA Memory [train][Step 1710]: Device 0: Allocated: 3309.6 MB, Reserved: 117540.0 MB (Δ: +1687.0 MB)
[2025-11-17 12:52:47][INFO][Rank 0] - train Epoch 2/24: 88.7% (1720/1940)
[2025-11-17 12:52:54][INFO][Rank 0] - train Epoch 2/24: 89.2% (1730/1940)
[2025-11-17 12:53:01][INFO][Rank 0] - train Epoch 2/24: 89.7% (1740/1940)
[2025-11-17 12:53:08][INFO][Rank 0] - train Epoch 2/24: 90.2% (1750/1940)
[2025-11-17 12:53:15][INFO][Rank 0] - train Epoch 2/24: 90.7% (1760/1940)
[2025-11-17 12:53:22][INFO][Rank 0] - train Epoch 2/24: 91.2% (1770/1940)
[2025-11-17 12:53:29][INFO][Rank 0] - train Epoch 2/24: 91.8% (1780/1940)
[2025-11-17 12:53:36][INFO][Rank 0] - train Epoch 2/24: 92.3% (1790/1940)
[2025-11-17 12:53:43][INFO][Rank 0] - train Epoch 2/24: 92.8% (1800/1940)
[2025-11-17 12:53:44][INFO][Rank 0] - CUDA Memory [train][Step 1800]: Device 0: Allocated: 3309.6 MB, Reserved: 117540.0 MB (Δ: +1687.0 MB)
[2025-11-17 12:53:50][INFO][Rank 0] - train Epoch 2/24: 93.3% (1810/1940)
[2025-11-17 12:53:57][INFO][Rank 0] - train Epoch 2/24: 93.8% (1820/1940)
[2025-11-17 12:54:04][INFO][Rank 0] - train Epoch 2/24: 94.3% (1830/1940)
[2025-11-17 12:54:12][INFO][Rank 0] - train Epoch 2/24: 94.8% (1840/1940)
[2025-11-17 12:54:19][INFO][Rank 0] - train Epoch 2/24: 95.4% (1850/1940)
[2025-11-17 12:54:26][INFO][Rank 0] - train Epoch 2/24: 95.9% (1860/1940)
[2025-11-17 12:54:33][INFO][Rank 0] - train Epoch 2/24: 96.4% (1870/1940)
[2025-11-17 12:54:40][INFO][Rank 0] - train Epoch 2/24: 96.9% (1880/1940)
[2025-11-17 12:54:47][INFO][Rank 0] - train Epoch 2/24: 97.4% (1890/1940)
[2025-11-17 12:54:48][INFO][Rank 0] - CUDA Memory [train][Step 1890]: Device 0: Allocated: 3309.6 MB, Reserved: 117540.0 MB (Δ: +1687.0 MB)
[2025-11-17 12:54:54][INFO][Rank 0] - train Epoch 2/24: 97.9% (1900/1940)
[2025-11-17 12:55:01][INFO][Rank 0] - train Epoch 2/24: 98.5% (1910/1940)
[2025-11-17 12:55:08][INFO][Rank 0] - train Epoch 2/24: 99.0% (1920/1940)
[2025-11-17 12:55:15][INFO][Rank 0] - train Epoch 2/24: 99.5% (1930/1940)
[2025-11-17 12:55:21][INFO][Rank 0] - train Epoch 2/24: 99.9% (1939/1940)
[2025-11-17 12:55:22][INFO][Rank 0] - train Loss: 0.2730 Acc: 0.9798 F1: 0.9897
[2025-11-17 12:55:22][INFO][Rank 0] - train Balanced Acc: 0.7223 AUC-ROC: 0.9455
[2025-11-17 12:55:22][INFO][Rank 0] - train Sensitivity: 0.9942 Specificity: 0.4503
[2025-11-17 12:55:22][INFO][Rank 0] - train Confusion Matrix: TP=18778, FP=282, FN=109, TN=231
[2025-11-17 12:55:22][INFO][Rank 0] - train completed in 1371.34s
[2025-11-17 12:55:22][INFO][Rank 0] - Data loading time: 0.99s, Forward time: 278.97s, Backward time: 743.81s
[2025-11-17 12:55:22][INFO][Rank 0] - train cache: 0/1 items, hit rate: 0.00%
[2025-11-17 12:55:22][INFO][Rank 0] - CUDA Memory [val][Step 0]: Device 0: Allocated: 3309.6 MB, Reserved: 117540.0 MB (Δ: +1687.0 MB)
[2025-11-17 12:55:22][INFO][Rank 0] - val phase: total 407 batches
[2025-11-17 12:55:23][INFO][Rank 0] - val Epoch 2/24: 0.0% (0/407)
[2025-11-17 12:55:28][INFO][Rank 0] - val Epoch 2/24: 2.5% (10/407)
[2025-11-17 12:55:33][INFO][Rank 0] - val Epoch 2/24: 4.9% (20/407)
[2025-11-17 12:55:38][INFO][Rank 0] - val Epoch 2/24: 7.4% (30/407)
[2025-11-17 12:55:43][INFO][Rank 0] - val Epoch 2/24: 9.8% (40/407)
[2025-11-17 12:55:48][INFO][Rank 0] - val Epoch 2/24: 12.3% (50/407)
[2025-11-17 12:55:52][INFO][Rank 0] - val Epoch 2/24: 14.7% (60/407)
[2025-11-17 12:55:57][INFO][Rank 0] - val Epoch 2/24: 17.2% (70/407)
[2025-11-17 12:56:02][INFO][Rank 0] - val Epoch 2/24: 19.7% (80/407)
[2025-11-17 12:56:07][INFO][Rank 0] - val Epoch 2/24: 22.1% (90/407)
[2025-11-17 12:56:12][INFO][Rank 0] - val Epoch 2/24: 24.6% (100/407)
[2025-11-17 12:56:17][INFO][Rank 0] - val Epoch 2/24: 27.0% (110/407)
[2025-11-17 12:56:22][INFO][Rank 0] - val Epoch 2/24: 29.5% (120/407)
[2025-11-17 12:56:23][INFO][Rank 0] - CUDA Memory [val][Step 120]: Device 0: Allocated: 3309.6 MB, Reserved: 117540.0 MB (Δ: +1687.0 MB)
[2025-11-17 12:56:27][INFO][Rank 0] - val Epoch 2/24: 31.9% (130/407)
[2025-11-17 12:56:32][INFO][Rank 0] - val Epoch 2/24: 34.4% (140/407)
[2025-11-17 12:56:37][INFO][Rank 0] - val Epoch 2/24: 36.9% (150/407)
[2025-11-17 12:56:42][INFO][Rank 0] - val Epoch 2/24: 39.3% (160/407)
[2025-11-17 12:56:47][INFO][Rank 0] - val Epoch 2/24: 41.8% (170/407)
[2025-11-17 12:56:52][INFO][Rank 0] - val Epoch 2/24: 44.2% (180/407)
[2025-11-17 12:56:57][INFO][Rank 0] - val Epoch 2/24: 46.7% (190/407)
[2025-11-17 12:57:02][INFO][Rank 0] - val Epoch 2/24: 49.1% (200/407)
[2025-11-17 12:57:07][INFO][Rank 0] - val Epoch 2/24: 51.6% (210/407)
[2025-11-17 12:57:12][INFO][Rank 0] - val Epoch 2/24: 54.1% (220/407)
[2025-11-17 12:57:17][INFO][Rank 0] - val Epoch 2/24: 56.5% (230/407)
[2025-11-17 12:57:22][INFO][Rank 0] - val Epoch 2/24: 59.0% (240/407)
[2025-11-17 12:57:27][INFO][Rank 0] - val Epoch 2/24: 61.4% (250/407)
[2025-11-17 12:57:32][INFO][Rank 0] - val Epoch 2/24: 63.9% (260/407)
[2025-11-17 12:57:37][INFO][Rank 0] - val Epoch 2/24: 66.3% (270/407)
[2025-11-17 12:57:38][INFO][Rank 0] - CUDA Memory [val][Step 270]: Device 0: Allocated: 3309.6 MB, Reserved: 117540.0 MB (Δ: +1687.0 MB)
[2025-11-17 12:57:42][INFO][Rank 0] - val Epoch 2/24: 68.8% (280/407)
[2025-11-17 12:57:47][INFO][Rank 0] - val Epoch 2/24: 71.3% (290/407)
[2025-11-17 12:57:52][INFO][Rank 0] - val Epoch 2/24: 73.7% (300/407)
[2025-11-17 12:57:57][INFO][Rank 0] - val Epoch 2/24: 76.2% (310/407)
[2025-11-17 12:58:02][INFO][Rank 0] - val Epoch 2/24: 78.6% (320/407)
[2025-11-17 12:58:07][INFO][Rank 0] - val Epoch 2/24: 81.1% (330/407)
[2025-11-17 12:58:12][INFO][Rank 0] - val Epoch 2/24: 83.5% (340/407)
[2025-11-17 12:58:17][INFO][Rank 0] - val Epoch 2/24: 86.0% (350/407)
[2025-11-17 12:58:22][INFO][Rank 0] - val Epoch 2/24: 88.5% (360/407)
[2025-11-17 12:58:27][INFO][Rank 0] - val Epoch 2/24: 90.9% (370/407)
[2025-11-17 12:58:32][INFO][Rank 0] - val Epoch 2/24: 93.4% (380/407)
[2025-11-17 12:58:37][INFO][Rank 0] - val Epoch 2/24: 95.8% (390/407)
[2025-11-17 12:58:42][INFO][Rank 0] - val Epoch 2/24: 98.3% (400/407)
[2025-11-17 12:58:45][INFO][Rank 0] - val Epoch 2/24: 99.8% (406/407)
[2025-11-17 12:58:45][INFO][Rank 0] - val Loss: 0.1475 Acc: 0.9840 F1: 0.9918
[2025-11-17 12:58:45][INFO][Rank 0] - val Balanced Acc: 0.8098 AUC-ROC: 0.9790
[2025-11-17 12:58:45][INFO][Rank 0] - val Sensitivity: 0.9917 Specificity: 0.6279
[2025-11-17 12:58:45][INFO][Rank 0] - val Confusion Matrix: TP=3951, FP=32, FN=33, TN=54
[2025-11-17 12:58:45][INFO][Rank 0] - val completed in 203.20s
[2025-11-17 12:58:45][INFO][Rank 0] - val cache: 0/1 items, hit rate: 0.00%
[2025-11-17 12:58:49][INFO][Rank 0] - Saved new best balanced_acc model with balanced_acc: 0.8098 at /projects/retprogression/rgarridogarcia/checkpoints/cropped1024_cropped_centered_wt_allR_1/best_balanced_acc_model.pth
[2025-11-17 12:58:53][INFO][Rank 0] - Also saved as general best model at /projects/retprogression/rgarridogarcia/checkpoints/cropped1024_cropped_centered_wt_allR_1/best_model.pth
[2025-11-17 12:58:58][INFO][Rank 0] - Saved new best auc model with auc: 0.9790 at /projects/retprogression/rgarridogarcia/checkpoints/cropped1024_cropped_centered_wt_allR_1/best_auc_model.pth
[2025-11-17 12:59:02][INFO][Rank 0] - Saved epoch checkpoint at /projects/retprogression/rgarridogarcia/checkpoints/cropped1024_cropped_centered_wt_allR_1/epoch_2.pth
[2025-11-17 12:59:02][INFO][Rank 0] - Epoch 2 summary:
[2025-11-17 12:59:02][INFO][Rank 0] -  Train Loss: 0.2730, Train Acc: 0.9798, Train F1: 0.9897
[2025-11-17 12:59:02][INFO][Rank 0] -  Train Balanced Acc: 0.7223, Train AUC: 0.9455
[2025-11-17 12:59:02][INFO][Rank 0] -  Train Sensitivity: 0.9942, Train Specificity: 0.4503
[2025-11-17 12:59:02][INFO][Rank 0] -  Val Loss: 0.1475, Val Acc: 0.9840, Val F1: 0.9918
[2025-11-17 12:59:02][INFO][Rank 0] -  Val Balanced Acc: 0.8098, Val AUC: 0.9790
[2025-11-17 12:59:02][INFO][Rank 0] -  Val Sensitivity: 0.9917, Val Specificity: 0.6279
[2025-11-17 12:59:02][INFO][Rank 0] -  Total Epoch Time: 1590.86s
[2025-11-17 12:59:02][INFO][Rank 0] - Epoch 3/24
[2025-11-17 12:59:02][INFO][Rank 0] - ----------
[2025-11-17 12:59:02][INFO][Rank 0] - CUDA Memory [train][Step 0]: Device 0: Allocated: 3309.6 MB, Reserved: 117540.0 MB (Δ: +1687.0 MB)
[2025-11-17 12:59:02][INFO][Rank 0] - train phase: total 1940 batches
[2025-11-17 12:59:02][INFO][Rank 0] - train Epoch 3/24: 0.0% (0/1940)
[2025-11-17 12:59:09][INFO][Rank 0] - train Epoch 3/24: 0.5% (10/1940)
[2025-11-17 12:59:16][INFO][Rank 0] - train Epoch 3/24: 1.0% (20/1940)
[2025-11-17 12:59:23][INFO][Rank 0] - train Epoch 3/24: 1.5% (30/1940)
[2025-11-17 12:59:31][INFO][Rank 0] - train Epoch 3/24: 2.1% (40/1940)
[2025-11-17 12:59:38][INFO][Rank 0] - train Epoch 3/24: 2.6% (50/1940)
[2025-11-17 12:59:45][INFO][Rank 0] - train Epoch 3/24: 3.1% (60/1940)
[2025-11-17 12:59:52][INFO][Rank 0] - train Epoch 3/24: 3.6% (70/1940)
[2025-11-17 12:59:59][INFO][Rank 0] - train Epoch 3/24: 4.1% (80/1940)
[2025-11-17 13:00:06][INFO][Rank 0] - train Epoch 3/24: 4.6% (90/1940)
[2025-11-17 13:00:07][INFO][Rank 0] - CUDA Memory [train][Step 90]: Device 0: Allocated: 3309.6 MB, Reserved: 117540.0 MB (Δ: +1687.0 MB)
[2025-11-17 13:00:13][INFO][Rank 0] - train Epoch 3/24: 5.2% (100/1940)
[2025-11-17 13:00:20][INFO][Rank 0] - train Epoch 3/24: 5.7% (110/1940)
[2025-11-17 13:00:27][INFO][Rank 0] - train Epoch 3/24: 6.2% (120/1940)
[2025-11-17 13:00:34][INFO][Rank 0] - train Epoch 3/24: 6.7% (130/1940)
[2025-11-17 13:00:41][INFO][Rank 0] - train Epoch 3/24: 7.2% (140/1940)
[2025-11-17 13:00:48][INFO][Rank 0] - train Epoch 3/24: 7.7% (150/1940)
[2025-11-17 13:00:55][INFO][Rank 0] - train Epoch 3/24: 8.2% (160/1940)
[2025-11-17 13:01:02][INFO][Rank 0] - train Epoch 3/24: 8.8% (170/1940)
[2025-11-17 13:01:09][INFO][Rank 0] - train Epoch 3/24: 9.3% (180/1940)
[2025-11-17 13:01:10][INFO][Rank 0] - CUDA Memory [train][Step 180]: Device 0: Allocated: 3309.6 MB, Reserved: 117540.0 MB (Δ: +1687.0 MB)
[2025-11-17 13:01:17][INFO][Rank 0] - train Epoch 3/24: 9.8% (190/1940)
[2025-11-17 13:01:24][INFO][Rank 0] - train Epoch 3/24: 10.3% (200/1940)
[2025-11-17 13:01:31][INFO][Rank 0] - train Epoch 3/24: 10.8% (210/1940)
[2025-11-17 13:01:38][INFO][Rank 0] - train Epoch 3/24: 11.3% (220/1940)
[2025-11-17 13:01:45][INFO][Rank 0] - train Epoch 3/24: 11.9% (230/1940)
[2025-11-17 13:01:52][INFO][Rank 0] - train Epoch 3/24: 12.4% (240/1940)
[2025-11-17 13:01:59][INFO][Rank 0] - train Epoch 3/24: 12.9% (250/1940)
[2025-11-17 13:02:06][INFO][Rank 0] - train Epoch 3/24: 13.4% (260/1940)
[2025-11-17 13:02:13][INFO][Rank 0] - train Epoch 3/24: 13.9% (270/1940)
[2025-11-17 13:02:14][INFO][Rank 0] - CUDA Memory [train][Step 270]: Device 0: Allocated: 3309.6 MB, Reserved: 117540.0 MB (Δ: +1687.0 MB)
[2025-11-17 13:02:20][INFO][Rank 0] - train Epoch 3/24: 14.4% (280/1940)
[2025-11-17 13:02:27][INFO][Rank 0] - train Epoch 3/24: 14.9% (290/1940)
[2025-11-17 13:02:34][INFO][Rank 0] - train Epoch 3/24: 15.5% (300/1940)
[2025-11-17 13:02:41][INFO][Rank 0] - train Epoch 3/24: 16.0% (310/1940)
[2025-11-17 13:02:48][INFO][Rank 0] - train Epoch 3/24: 16.5% (320/1940)
[2025-11-17 13:02:55][INFO][Rank 0] - train Epoch 3/24: 17.0% (330/1940)
[2025-11-17 13:03:03][INFO][Rank 0] - train Epoch 3/24: 17.5% (340/1940)
[2025-11-17 13:03:10][INFO][Rank 0] - train Epoch 3/24: 18.0% (350/1940)
[2025-11-17 13:03:17][INFO][Rank 0] - train Epoch 3/24: 18.6% (360/1940)
[2025-11-17 13:03:17][INFO][Rank 0] - CUDA Memory [train][Step 360]: Device 0: Allocated: 3309.6 MB, Reserved: 117540.0 MB (Δ: +1687.0 MB)
[2025-11-17 13:03:24][INFO][Rank 0] - train Epoch 3/24: 19.1% (370/1940)
[2025-11-17 13:03:31][INFO][Rank 0] - train Epoch 3/24: 19.6% (380/1940)
[2025-11-17 13:03:38][INFO][Rank 0] - train Epoch 3/24: 20.1% (390/1940)
[2025-11-17 13:03:45][INFO][Rank 0] - train Epoch 3/24: 20.6% (400/1940)
[2025-11-17 13:03:52][INFO][Rank 0] - train Epoch 3/24: 21.1% (410/1940)
[2025-11-17 13:03:59][INFO][Rank 0] - train Epoch 3/24: 21.6% (420/1940)
[2025-11-17 13:04:06][INFO][Rank 0] - train Epoch 3/24: 22.2% (430/1940)
[2025-11-17 13:04:13][INFO][Rank 0] - train Epoch 3/24: 22.7% (440/1940)
[2025-11-17 13:04:20][INFO][Rank 0] - train Epoch 3/24: 23.2% (450/1940)
[2025-11-17 13:04:21][INFO][Rank 0] - CUDA Memory [train][Step 450]: Device 0: Allocated: 3309.6 MB, Reserved: 117540.0 MB (Δ: +1687.0 MB)
[2025-11-17 13:04:27][INFO][Rank 0] - train Epoch 3/24: 23.7% (460/1940)
[2025-11-17 13:04:34][INFO][Rank 0] - train Epoch 3/24: 24.2% (470/1940)
[2025-11-17 13:04:41][INFO][Rank 0] - train Epoch 3/24: 24.7% (480/1940)
[2025-11-17 13:04:49][INFO][Rank 0] - train Epoch 3/24: 25.3% (490/1940)
[2025-11-17 13:04:56][INFO][Rank 0] - train Epoch 3/24: 25.8% (500/1940)
[2025-11-17 13:05:03][INFO][Rank 0] - train Epoch 3/24: 26.3% (510/1940)
[2025-11-17 13:05:10][INFO][Rank 0] - train Epoch 3/24: 26.8% (520/1940)
[2025-11-17 13:05:17][INFO][Rank 0] - train Epoch 3/24: 27.3% (530/1940)
[2025-11-17 13:05:24][INFO][Rank 0] - train Epoch 3/24: 27.8% (540/1940)
[2025-11-17 13:05:25][INFO][Rank 0] - CUDA Memory [train][Step 540]: Device 0: Allocated: 3309.6 MB, Reserved: 117540.0 MB (Δ: +1687.0 MB)
[2025-11-17 13:05:31][INFO][Rank 0] - train Epoch 3/24: 28.4% (550/1940)
[2025-11-17 13:05:38][INFO][Rank 0] - train Epoch 3/24: 28.9% (560/1940)
[2025-11-17 13:05:45][INFO][Rank 0] - train Epoch 3/24: 29.4% (570/1940)
[2025-11-17 13:05:52][INFO][Rank 0] - train Epoch 3/24: 29.9% (580/1940)
[2025-11-17 13:05:59][INFO][Rank 0] - train Epoch 3/24: 30.4% (590/1940)
[2025-11-17 13:06:06][INFO][Rank 0] - train Epoch 3/24: 30.9% (600/1940)
[2025-11-17 13:06:13][INFO][Rank 0] - train Epoch 3/24: 31.4% (610/1940)
[2025-11-17 13:06:20][INFO][Rank 0] - train Epoch 3/24: 32.0% (620/1940)
[2025-11-17 13:06:27][INFO][Rank 0] - train Epoch 3/24: 32.5% (630/1940)
[2025-11-17 13:06:28][INFO][Rank 0] - CUDA Memory [train][Step 630]: Device 0: Allocated: 3309.6 MB, Reserved: 117540.0 MB (Δ: +1687.0 MB)
[2025-11-17 13:06:35][INFO][Rank 0] - train Epoch 3/24: 33.0% (640/1940)
[2025-11-17 13:06:42][INFO][Rank 0] - train Epoch 3/24: 33.5% (650/1940)
[2025-11-17 13:06:49][INFO][Rank 0] - train Epoch 3/24: 34.0% (660/1940)
[2025-11-17 13:06:56][INFO][Rank 0] - train Epoch 3/24: 34.5% (670/1940)
[2025-11-17 13:07:03][INFO][Rank 0] - train Epoch 3/24: 35.1% (680/1940)
[2025-11-17 13:07:10][INFO][Rank 0] - train Epoch 3/24: 35.6% (690/1940)
[2025-11-17 13:07:17][INFO][Rank 0] - train Epoch 3/24: 36.1% (700/1940)
[2025-11-17 13:07:24][INFO][Rank 0] - train Epoch 3/24: 36.6% (710/1940)
[2025-11-17 13:07:31][INFO][Rank 0] - train Epoch 3/24: 37.1% (720/1940)
[2025-11-17 13:07:32][INFO][Rank 0] - CUDA Memory [train][Step 720]: Device 0: Allocated: 3309.6 MB, Reserved: 117540.0 MB (Δ: +1687.0 MB)
[2025-11-17 13:07:38][INFO][Rank 0] - train Epoch 3/24: 37.6% (730/1940)
[2025-11-17 13:07:45][INFO][Rank 0] - train Epoch 3/24: 38.1% (740/1940)
[2025-11-17 13:07:52][INFO][Rank 0] - train Epoch 3/24: 38.7% (750/1940)
[2025-11-17 13:07:59][INFO][Rank 0] - train Epoch 3/24: 39.2% (760/1940)
[2025-11-17 13:08:06][INFO][Rank 0] - train Epoch 3/24: 39.7% (770/1940)
[2025-11-17 13:08:14][INFO][Rank 0] - train Epoch 3/24: 40.2% (780/1940)
[2025-11-17 13:08:21][INFO][Rank 0] - train Epoch 3/24: 40.7% (790/1940)
[2025-11-17 13:08:28][INFO][Rank 0] - train Epoch 3/24: 41.2% (800/1940)
[2025-11-17 13:08:35][INFO][Rank 0] - train Epoch 3/24: 41.8% (810/1940)
[2025-11-17 13:08:35][INFO][Rank 0] - CUDA Memory [train][Step 810]: Device 0: Allocated: 3309.6 MB, Reserved: 117540.0 MB (Δ: +1687.0 MB)
[2025-11-17 13:08:42][INFO][Rank 0] - train Epoch 3/24: 42.3% (820/1940)
[2025-11-17 13:08:49][INFO][Rank 0] - train Epoch 3/24: 42.8% (830/1940)
[2025-11-17 13:08:56][INFO][Rank 0] - train Epoch 3/24: 43.3% (840/1940)
[2025-11-17 13:09:03][INFO][Rank 0] - train Epoch 3/24: 43.8% (850/1940)
[2025-11-17 13:09:10][INFO][Rank 0] - train Epoch 3/24: 44.3% (860/1940)
[2025-11-17 13:09:17][INFO][Rank 0] - train Epoch 3/24: 44.8% (870/1940)
[2025-11-17 13:09:24][INFO][Rank 0] - train Epoch 3/24: 45.4% (880/1940)
[2025-11-17 13:09:31][INFO][Rank 0] - train Epoch 3/24: 45.9% (890/1940)
[2025-11-17 13:09:38][INFO][Rank 0] - train Epoch 3/24: 46.4% (900/1940)
[2025-11-17 13:09:39][INFO][Rank 0] - CUDA Memory [train][Step 900]: Device 0: Allocated: 3309.6 MB, Reserved: 117540.0 MB (Δ: +1687.0 MB)
[2025-11-17 13:09:45][INFO][Rank 0] - train Epoch 3/24: 46.9% (910/1940)
[2025-11-17 13:09:52][INFO][Rank 0] - train Epoch 3/24: 47.4% (920/1940)
[2025-11-17 13:10:00][INFO][Rank 0] - train Epoch 3/24: 47.9% (930/1940)
[2025-11-17 13:10:07][INFO][Rank 0] - train Epoch 3/24: 48.5% (940/1940)
[2025-11-17 13:10:14][INFO][Rank 0] - train Epoch 3/24: 49.0% (950/1940)
[2025-11-17 13:10:21][INFO][Rank 0] - train Epoch 3/24: 49.5% (960/1940)
[2025-11-17 13:10:28][INFO][Rank 0] - train Epoch 3/24: 50.0% (970/1940)
[2025-11-17 13:10:35][INFO][Rank 0] - train Epoch 3/24: 50.5% (980/1940)
[2025-11-17 13:10:42][INFO][Rank 0] - train Epoch 3/24: 51.0% (990/1940)
[2025-11-17 13:10:43][INFO][Rank 0] - CUDA Memory [train][Step 990]: Device 0: Allocated: 3309.6 MB, Reserved: 117540.0 MB (Δ: +1687.0 MB)
[2025-11-17 13:10:49][INFO][Rank 0] - train Epoch 3/24: 51.5% (1000/1940)
[2025-11-17 13:10:56][INFO][Rank 0] - train Epoch 3/24: 52.1% (1010/1940)
[2025-11-17 13:11:03][INFO][Rank 0] - train Epoch 3/24: 52.6% (1020/1940)
[2025-11-17 13:11:10][INFO][Rank 0] - train Epoch 3/24: 53.1% (1030/1940)
[2025-11-17 13:11:17][INFO][Rank 0] - train Epoch 3/24: 53.6% (1040/1940)
[2025-11-17 13:11:24][INFO][Rank 0] - train Epoch 3/24: 54.1% (1050/1940)
[2025-11-17 13:11:31][INFO][Rank 0] - train Epoch 3/24: 54.6% (1060/1940)
[2025-11-17 13:11:38][INFO][Rank 0] - train Epoch 3/24: 55.2% (1070/1940)
[2025-11-17 13:11:46][INFO][Rank 0] - train Epoch 3/24: 55.7% (1080/1940)
[2025-11-17 13:11:46][INFO][Rank 0] - CUDA Memory [train][Step 1080]: Device 0: Allocated: 3309.6 MB, Reserved: 117540.0 MB (Δ: +1687.0 MB)
[2025-11-17 13:11:53][INFO][Rank 0] - train Epoch 3/24: 56.2% (1090/1940)
[2025-11-17 13:12:00][INFO][Rank 0] - train Epoch 3/24: 56.7% (1100/1940)
[2025-11-17 13:12:07][INFO][Rank 0] - train Epoch 3/24: 57.2% (1110/1940)
[2025-11-17 13:12:14][INFO][Rank 0] - train Epoch 3/24: 57.7% (1120/1940)
[2025-11-17 13:12:21][INFO][Rank 0] - train Epoch 3/24: 58.2% (1130/1940)
[2025-11-17 13:12:28][INFO][Rank 0] - train Epoch 3/24: 58.8% (1140/1940)
[2025-11-17 13:12:35][INFO][Rank 0] - train Epoch 3/24: 59.3% (1150/1940)
[2025-11-17 13:12:42][INFO][Rank 0] - train Epoch 3/24: 59.8% (1160/1940)
[2025-11-17 13:12:49][INFO][Rank 0] - train Epoch 3/24: 60.3% (1170/1940)
[2025-11-17 13:12:50][INFO][Rank 0] - CUDA Memory [train][Step 1170]: Device 0: Allocated: 3309.6 MB, Reserved: 117540.0 MB (Δ: +1687.0 MB)
[2025-11-17 13:12:56][INFO][Rank 0] - train Epoch 3/24: 60.8% (1180/1940)
[2025-11-17 13:13:03][INFO][Rank 0] - train Epoch 3/24: 61.3% (1190/1940)
[2025-11-17 13:13:10][INFO][Rank 0] - train Epoch 3/24: 61.9% (1200/1940)
[2025-11-17 13:13:17][INFO][Rank 0] - train Epoch 3/24: 62.4% (1210/1940)
[2025-11-17 13:13:24][INFO][Rank 0] - train Epoch 3/24: 62.9% (1220/1940)
[2025-11-17 13:13:32][INFO][Rank 0] - train Epoch 3/24: 63.4% (1230/1940)
[2025-11-17 13:13:39][INFO][Rank 0] - train Epoch 3/24: 63.9% (1240/1940)
[2025-11-17 13:13:46][INFO][Rank 0] - train Epoch 3/24: 64.4% (1250/1940)
[2025-11-17 13:13:53][INFO][Rank 0] - train Epoch 3/24: 64.9% (1260/1940)
[2025-11-17 13:13:53][INFO][Rank 0] - CUDA Memory [train][Step 1260]: Device 0: Allocated: 3309.6 MB, Reserved: 117540.0 MB (Δ: +1687.0 MB)
[2025-11-17 13:14:00][INFO][Rank 0] - train Epoch 3/24: 65.5% (1270/1940)
[2025-11-17 13:14:07][INFO][Rank 0] - train Epoch 3/24: 66.0% (1280/1940)
[2025-11-17 13:14:14][INFO][Rank 0] - train Epoch 3/24: 66.5% (1290/1940)
[2025-11-17 13:14:21][INFO][Rank 0] - train Epoch 3/24: 67.0% (1300/1940)
[2025-11-17 13:14:28][INFO][Rank 0] - train Epoch 3/24: 67.5% (1310/1940)
[2025-11-17 13:14:35][INFO][Rank 0] - train Epoch 3/24: 68.0% (1320/1940)
[2025-11-17 13:14:42][INFO][Rank 0] - train Epoch 3/24: 68.6% (1330/1940)
[2025-11-17 13:14:49][INFO][Rank 0] - train Epoch 3/24: 69.1% (1340/1940)
[2025-11-17 13:14:56][INFO][Rank 0] - train Epoch 3/24: 69.6% (1350/1940)
[2025-11-17 13:14:57][INFO][Rank 0] - CUDA Memory [train][Step 1350]: Device 0: Allocated: 3309.6 MB, Reserved: 117540.0 MB (Δ: +1687.0 MB)
[2025-11-17 13:15:03][INFO][Rank 0] - train Epoch 3/24: 70.1% (1360/1940)
[2025-11-17 13:15:10][INFO][Rank 0] - train Epoch 3/24: 70.6% (1370/1940)
[2025-11-17 13:15:18][INFO][Rank 0] - train Epoch 3/24: 71.1% (1380/1940)
[2025-11-17 13:15:25][INFO][Rank 0] - train Epoch 3/24: 71.6% (1390/1940)
[2025-11-17 13:15:32][INFO][Rank 0] - train Epoch 3/24: 72.2% (1400/1940)
[2025-11-17 13:15:39][INFO][Rank 0] - train Epoch 3/24: 72.7% (1410/1940)
[2025-11-17 13:15:46][INFO][Rank 0] - train Epoch 3/24: 73.2% (1420/1940)
[2025-11-17 13:15:53][INFO][Rank 0] - train Epoch 3/24: 73.7% (1430/1940)
[2025-11-17 13:16:00][INFO][Rank 0] - train Epoch 3/24: 74.2% (1440/1940)
[2025-11-17 13:16:01][INFO][Rank 0] - CUDA Memory [train][Step 1440]: Device 0: Allocated: 3309.6 MB, Reserved: 117540.0 MB (Δ: +1687.0 MB)
[2025-11-17 13:16:07][INFO][Rank 0] - train Epoch 3/24: 74.7% (1450/1940)
[2025-11-17 13:16:14][INFO][Rank 0] - train Epoch 3/24: 75.3% (1460/1940)
[2025-11-17 13:16:21][INFO][Rank 0] - train Epoch 3/24: 75.8% (1470/1940)
[2025-11-17 13:16:28][INFO][Rank 0] - train Epoch 3/24: 76.3% (1480/1940)
[2025-11-17 13:16:35][INFO][Rank 0] - train Epoch 3/24: 76.8% (1490/1940)
[2025-11-17 13:16:42][INFO][Rank 0] - train Epoch 3/24: 77.3% (1500/1940)
[2025-11-17 13:16:49][INFO][Rank 0] - train Epoch 3/24: 77.8% (1510/1940)
[2025-11-17 13:16:56][INFO][Rank 0] - train Epoch 3/24: 78.4% (1520/1940)
[2025-11-17 13:17:04][INFO][Rank 0] - train Epoch 3/24: 78.9% (1530/1940)
[2025-11-17 13:17:04][INFO][Rank 0] - CUDA Memory [train][Step 1530]: Device 0: Allocated: 3309.6 MB, Reserved: 117540.0 MB (Δ: +1687.0 MB)
[2025-11-17 13:17:11][INFO][Rank 0] - train Epoch 3/24: 79.4% (1540/1940)
[2025-11-17 13:17:18][INFO][Rank 0] - train Epoch 3/24: 79.9% (1550/1940)
[2025-11-17 13:17:25][INFO][Rank 0] - train Epoch 3/24: 80.4% (1560/1940)
[2025-11-17 13:17:32][INFO][Rank 0] - train Epoch 3/24: 80.9% (1570/1940)
[2025-11-17 13:17:39][INFO][Rank 0] - train Epoch 3/24: 81.4% (1580/1940)
[2025-11-17 13:17:46][INFO][Rank 0] - train Epoch 3/24: 82.0% (1590/1940)
[2025-11-17 13:17:53][INFO][Rank 0] - train Epoch 3/24: 82.5% (1600/1940)
[2025-11-17 13:18:00][INFO][Rank 0] - train Epoch 3/24: 83.0% (1610/1940)
[2025-11-17 13:18:07][INFO][Rank 0] - train Epoch 3/24: 83.5% (1620/1940)
[2025-11-17 13:18:08][INFO][Rank 0] - CUDA Memory [train][Step 1620]: Device 0: Allocated: 3309.6 MB, Reserved: 117540.0 MB (Δ: +1687.0 MB)
[2025-11-17 13:18:14][INFO][Rank 0] - train Epoch 3/24: 84.0% (1630/1940)
[2025-11-17 13:18:21][INFO][Rank 0] - train Epoch 3/24: 84.5% (1640/1940)
[2025-11-17 13:18:28][INFO][Rank 0] - train Epoch 3/24: 85.1% (1650/1940)
[2025-11-17 13:18:35][INFO][Rank 0] - train Epoch 3/24: 85.6% (1660/1940)
[2025-11-17 13:18:42][INFO][Rank 0] - train Epoch 3/24: 86.1% (1670/1940)
[2025-11-17 13:18:49][INFO][Rank 0] - train Epoch 3/24: 86.6% (1680/1940)
[2025-11-17 13:18:57][INFO][Rank 0] - train Epoch 3/24: 87.1% (1690/1940)
[2025-11-17 13:19:04][INFO][Rank 0] - train Epoch 3/24: 87.6% (1700/1940)
[2025-11-17 13:19:11][INFO][Rank 0] - train Epoch 3/24: 88.1% (1710/1940)
[2025-11-17 13:19:11][INFO][Rank 0] - CUDA Memory [train][Step 1710]: Device 0: Allocated: 3309.6 MB, Reserved: 117540.0 MB (Δ: +1687.0 MB)
[2025-11-17 13:19:18][INFO][Rank 0] - train Epoch 3/24: 88.7% (1720/1940)
[2025-11-17 13:19:25][INFO][Rank 0] - train Epoch 3/24: 89.2% (1730/1940)
[2025-11-17 13:19:32][INFO][Rank 0] - train Epoch 3/24: 89.7% (1740/1940)
[2025-11-17 13:19:39][INFO][Rank 0] - train Epoch 3/24: 90.2% (1750/1940)
[2025-11-17 13:19:46][INFO][Rank 0] - train Epoch 3/24: 90.7% (1760/1940)
[2025-11-17 13:19:53][INFO][Rank 0] - train Epoch 3/24: 91.2% (1770/1940)
[2025-11-17 13:20:00][INFO][Rank 0] - train Epoch 3/24: 91.8% (1780/1940)
[2025-11-17 13:20:07][INFO][Rank 0] - train Epoch 3/24: 92.3% (1790/1940)
[2025-11-17 13:20:14][INFO][Rank 0] - train Epoch 3/24: 92.8% (1800/1940)
[2025-11-17 13:20:15][INFO][Rank 0] - CUDA Memory [train][Step 1800]: Device 0: Allocated: 3309.6 MB, Reserved: 117540.0 MB (Δ: +1687.0 MB)
[2025-11-17 13:20:21][INFO][Rank 0] - train Epoch 3/24: 93.3% (1810/1940)
[2025-11-17 13:20:28][INFO][Rank 0] - train Epoch 3/24: 93.8% (1820/1940)
[2025-11-17 13:20:35][INFO][Rank 0] - train Epoch 3/24: 94.3% (1830/1940)
[2025-11-17 13:20:43][INFO][Rank 0] - train Epoch 3/24: 94.8% (1840/1940)
[2025-11-17 13:20:50][INFO][Rank 0] - train Epoch 3/24: 95.4% (1850/1940)
[2025-11-17 13:20:57][INFO][Rank 0] - train Epoch 3/24: 95.9% (1860/1940)
[2025-11-17 13:21:04][INFO][Rank 0] - train Epoch 3/24: 96.4% (1870/1940)
[2025-11-17 13:21:11][INFO][Rank 0] - train Epoch 3/24: 96.9% (1880/1940)
[2025-11-17 13:21:18][INFO][Rank 0] - train Epoch 3/24: 97.4% (1890/1940)
[2025-11-17 13:21:19][INFO][Rank 0] - CUDA Memory [train][Step 1890]: Device 0: Allocated: 3309.6 MB, Reserved: 117540.0 MB (Δ: +1687.0 MB)
[2025-11-17 13:21:25][INFO][Rank 0] - train Epoch 3/24: 97.9% (1900/1940)
[2025-11-17 13:21:32][INFO][Rank 0] - train Epoch 3/24: 98.5% (1910/1940)
[2025-11-17 13:21:39][INFO][Rank 0] - train Epoch 3/24: 99.0% (1920/1940)
[2025-11-17 13:21:46][INFO][Rank 0] - train Epoch 3/24: 99.5% (1930/1940)
[2025-11-17 13:21:52][INFO][Rank 0] - train Epoch 3/24: 99.9% (1939/1940)
[2025-11-17 13:21:53][INFO][Rank 0] - train Loss: 0.2312 Acc: 0.9785 F1: 0.9890
[2025-11-17 13:21:53][INFO][Rank 0] - train Balanced Acc: 0.8012 AUC-ROC: 0.9585
[2025-11-17 13:21:53][INFO][Rank 0] - train Sensitivity: 0.9884 Specificity: 0.6140
[2025-11-17 13:21:53][INFO][Rank 0] - train Confusion Matrix: TP=18668, FP=198, FN=219, TN=315
[2025-11-17 13:21:53][INFO][Rank 0] - train completed in 1371.48s
[2025-11-17 13:21:53][INFO][Rank 0] - Data loading time: 1.24s, Forward time: 278.91s, Backward time: 743.58s
[2025-11-17 13:21:53][INFO][Rank 0] - train cache: 0/1 items, hit rate: 0.00%
[2025-11-17 13:21:53][INFO][Rank 0] - CUDA Memory [val][Step 0]: Device 0: Allocated: 3309.6 MB, Reserved: 117540.0 MB (Δ: +1687.0 MB)
[2025-11-17 13:21:53][INFO][Rank 0] - val phase: total 407 batches
[2025-11-17 13:21:53][INFO][Rank 0] - val Epoch 3/24: 0.0% (0/407)
[2025-11-17 13:21:58][INFO][Rank 0] - val Epoch 3/24: 2.5% (10/407)
[2025-11-17 13:22:03][INFO][Rank 0] - val Epoch 3/24: 4.9% (20/407)
[2025-11-17 13:22:08][INFO][Rank 0] - val Epoch 3/24: 7.4% (30/407)
[2025-11-17 13:22:13][INFO][Rank 0] - val Epoch 3/24: 9.8% (40/407)
[2025-11-17 13:22:18][INFO][Rank 0] - val Epoch 3/24: 12.3% (50/407)
[2025-11-17 13:22:23][INFO][Rank 0] - val Epoch 3/24: 14.7% (60/407)
[2025-11-17 13:22:28][INFO][Rank 0] - val Epoch 3/24: 17.2% (70/407)
[2025-11-17 13:22:33][INFO][Rank 0] - val Epoch 3/24: 19.7% (80/407)
[2025-11-17 13:22:38][INFO][Rank 0] - val Epoch 3/24: 22.1% (90/407)
[2025-11-17 13:22:43][INFO][Rank 0] - val Epoch 3/24: 24.6% (100/407)
[2025-11-17 13:22:48][INFO][Rank 0] - val Epoch 3/24: 27.0% (110/407)
[2025-11-17 13:22:53][INFO][Rank 0] - val Epoch 3/24: 29.5% (120/407)
[2025-11-17 13:22:54][INFO][Rank 0] - CUDA Memory [val][Step 120]: Device 0: Allocated: 3309.6 MB, Reserved: 117540.0 MB (Δ: +1687.0 MB)
[2025-11-17 13:22:58][INFO][Rank 0] - val Epoch 3/24: 31.9% (130/407)
[2025-11-17 13:23:03][INFO][Rank 0] - val Epoch 3/24: 34.4% (140/407)
[2025-11-17 13:23:08][INFO][Rank 0] - val Epoch 3/24: 36.9% (150/407)
[2025-11-17 13:23:13][INFO][Rank 0] - val Epoch 3/24: 39.3% (160/407)
[2025-11-17 13:23:18][INFO][Rank 0] - val Epoch 3/24: 41.8% (170/407)
[2025-11-17 13:23:23][INFO][Rank 0] - val Epoch 3/24: 44.2% (180/407)
[2025-11-17 13:23:28][INFO][Rank 0] - val Epoch 3/24: 46.7% (190/407)
[2025-11-17 13:23:33][INFO][Rank 0] - val Epoch 3/24: 49.1% (200/407)
[2025-11-17 13:23:38][INFO][Rank 0] - val Epoch 3/24: 51.6% (210/407)
[2025-11-17 13:23:43][INFO][Rank 0] - val Epoch 3/24: 54.1% (220/407)
[2025-11-17 13:23:48][INFO][Rank 0] - val Epoch 3/24: 56.5% (230/407)
[2025-11-17 13:23:53][INFO][Rank 0] - val Epoch 3/24: 59.0% (240/407)
[2025-11-17 13:23:58][INFO][Rank 0] - val Epoch 3/24: 61.4% (250/407)
[2025-11-17 13:24:03][INFO][Rank 0] - val Epoch 3/24: 63.9% (260/407)
[2025-11-17 13:24:08][INFO][Rank 0] - val Epoch 3/24: 66.3% (270/407)
[2025-11-17 13:24:08][INFO][Rank 0] - CUDA Memory [val][Step 270]: Device 0: Allocated: 3309.6 MB, Reserved: 117540.0 MB (Δ: +1687.0 MB)
[2025-11-17 13:24:13][INFO][Rank 0] - val Epoch 3/24: 68.8% (280/407)
[2025-11-17 13:24:18][INFO][Rank 0] - val Epoch 3/24: 71.3% (290/407)
[2025-11-17 13:24:23][INFO][Rank 0] - val Epoch 3/24: 73.7% (300/407)
[2025-11-17 13:24:28][INFO][Rank 0] - val Epoch 3/24: 76.2% (310/407)
[2025-11-17 13:24:33][INFO][Rank 0] - val Epoch 3/24: 78.6% (320/407)
[2025-11-17 13:24:38][INFO][Rank 0] - val Epoch 3/24: 81.1% (330/407)
[2025-11-17 13:24:43][INFO][Rank 0] - val Epoch 3/24: 83.5% (340/407)
[2025-11-17 13:24:48][INFO][Rank 0] - val Epoch 3/24: 86.0% (350/407)
[2025-11-17 13:24:53][INFO][Rank 0] - val Epoch 3/24: 88.5% (360/407)
[2025-11-17 13:24:58][INFO][Rank 0] - val Epoch 3/24: 90.9% (370/407)
[2025-11-17 13:25:03][INFO][Rank 0] - val Epoch 3/24: 93.4% (380/407)
[2025-11-17 13:25:07][INFO][Rank 0] - val Epoch 3/24: 95.8% (390/407)
[2025-11-17 13:25:12][INFO][Rank 0] - val Epoch 3/24: 98.3% (400/407)
[2025-11-17 13:25:15][INFO][Rank 0] - val Epoch 3/24: 99.8% (406/407)
[2025-11-17 13:25:16][INFO][Rank 0] - val Loss: 0.1211 Acc: 0.9816 F1: 0.9906
[2025-11-17 13:25:16][INFO][Rank 0] - val Balanced Acc: 0.8484 AUC-ROC: 0.9804
[2025-11-17 13:25:16][INFO][Rank 0] - val Sensitivity: 0.9874 Specificity: 0.7093
[2025-11-17 13:25:16][INFO][Rank 0] - val Confusion Matrix: TP=3934, FP=25, FN=50, TN=61
[2025-11-17 13:25:16][INFO][Rank 0] - val completed in 202.75s
[2025-11-17 13:25:16][INFO][Rank 0] - val cache: 0/1 items, hit rate: 0.00%
[2025-11-17 13:25:20][INFO][Rank 0] - Saved new best balanced_acc model with balanced_acc: 0.8484 at /projects/retprogression/rgarridogarcia/checkpoints/cropped1024_cropped_centered_wt_allR_1/best_balanced_acc_model.pth
[2025-11-17 13:25:25][INFO][Rank 0] - Also saved as general best model at /projects/retprogression/rgarridogarcia/checkpoints/cropped1024_cropped_centered_wt_allR_1/best_model.pth
[2025-11-17 13:25:29][INFO][Rank 0] - Saved new best auc model with auc: 0.9804 at /projects/retprogression/rgarridogarcia/checkpoints/cropped1024_cropped_centered_wt_allR_1/best_auc_model.pth
[2025-11-17 13:25:34][INFO][Rank 0] - Saved epoch checkpoint at /projects/retprogression/rgarridogarcia/checkpoints/cropped1024_cropped_centered_wt_allR_1/epoch_3.pth
[2025-11-17 13:25:34][INFO][Rank 0] - Epoch 3 summary:
[2025-11-17 13:25:34][INFO][Rank 0] -  Train Loss: 0.2312, Train Acc: 0.9785, Train F1: 0.9890
[2025-11-17 13:25:34][INFO][Rank 0] -  Train Balanced Acc: 0.8012, Train AUC: 0.9585
[2025-11-17 13:25:34][INFO][Rank 0] -  Train Sensitivity: 0.9884, Train Specificity: 0.6140
[2025-11-17 13:25:34][INFO][Rank 0] -  Val Loss: 0.1211, Val Acc: 0.9816, Val F1: 0.9906
[2025-11-17 13:25:34][INFO][Rank 0] -  Val Balanced Acc: 0.8484, Val AUC: 0.9804
[2025-11-17 13:25:34][INFO][Rank 0] -  Val Sensitivity: 0.9874, Val Specificity: 0.7093
[2025-11-17 13:25:34][INFO][Rank 0] -  Total Epoch Time: 1591.80s
[2025-11-17 13:25:34][INFO][Rank 0] - Epoch 4/24
[2025-11-17 13:25:34][INFO][Rank 0] - ----------
[2025-11-17 13:25:34][INFO][Rank 0] - CUDA Memory [train][Step 0]: Device 0: Allocated: 3309.6 MB, Reserved: 117540.0 MB (Δ: +1687.0 MB)
[2025-11-17 13:25:34][INFO][Rank 0] - train phase: total 1940 batches
[2025-11-17 13:25:34][INFO][Rank 0] - train Epoch 4/24: 0.0% (0/1940)
[2025-11-17 13:25:41][INFO][Rank 0] - train Epoch 4/24: 0.5% (10/1940)
[2025-11-17 13:25:48][INFO][Rank 0] - train Epoch 4/24: 1.0% (20/1940)
[2025-11-17 13:25:55][INFO][Rank 0] - train Epoch 4/24: 1.5% (30/1940)
[2025-11-17 13:26:02][INFO][Rank 0] - train Epoch 4/24: 2.1% (40/1940)
[2025-11-17 13:26:09][INFO][Rank 0] - train Epoch 4/24: 2.6% (50/1940)
[2025-11-17 13:26:16][INFO][Rank 0] - train Epoch 4/24: 3.1% (60/1940)
[2025-11-17 13:26:24][INFO][Rank 0] - train Epoch 4/24: 3.6% (70/1940)
[2025-11-17 13:26:31][INFO][Rank 0] - train Epoch 4/24: 4.1% (80/1940)
[2025-11-17 13:26:38][INFO][Rank 0] - train Epoch 4/24: 4.6% (90/1940)
[2025-11-17 13:26:38][INFO][Rank 0] - CUDA Memory [train][Step 90]: Device 0: Allocated: 3309.6 MB, Reserved: 117540.0 MB (Δ: +1687.0 MB)
[2025-11-17 13:26:45][INFO][Rank 0] - train Epoch 4/24: 5.2% (100/1940)
[2025-11-17 13:26:52][INFO][Rank 0] - train Epoch 4/24: 5.7% (110/1940)
[2025-11-17 13:26:59][INFO][Rank 0] - train Epoch 4/24: 6.2% (120/1940)
[2025-11-17 13:27:06][INFO][Rank 0] - train Epoch 4/24: 6.7% (130/1940)
[2025-11-17 13:27:13][INFO][Rank 0] - train Epoch 4/24: 7.2% (140/1940)
[2025-11-17 13:27:20][INFO][Rank 0] - train Epoch 4/24: 7.7% (150/1940)
[2025-11-17 13:27:27][INFO][Rank 0] - train Epoch 4/24: 8.2% (160/1940)
[2025-11-17 13:27:34][INFO][Rank 0] - train Epoch 4/24: 8.8% (170/1940)
[2025-11-17 13:27:41][INFO][Rank 0] - train Epoch 4/24: 9.3% (180/1940)
[2025-11-17 13:27:42][INFO][Rank 0] - CUDA Memory [train][Step 180]: Device 0: Allocated: 3309.6 MB, Reserved: 117540.0 MB (Δ: +1687.0 MB)
[2025-11-17 13:27:48][INFO][Rank 0] - train Epoch 4/24: 9.8% (190/1940)
[2025-11-17 13:27:55][INFO][Rank 0] - train Epoch 4/24: 10.3% (200/1940)
[2025-11-17 13:28:02][INFO][Rank 0] - train Epoch 4/24: 10.8% (210/1940)
[2025-11-17 13:28:09][INFO][Rank 0] - train Epoch 4/24: 11.3% (220/1940)
[2025-11-17 13:28:17][INFO][Rank 0] - train Epoch 4/24: 11.9% (230/1940)
[2025-11-17 13:28:24][INFO][Rank 0] - train Epoch 4/24: 12.4% (240/1940)
[2025-11-17 13:28:31][INFO][Rank 0] - train Epoch 4/24: 12.9% (250/1940)
[2025-11-17 13:28:38][INFO][Rank 0] - train Epoch 4/24: 13.4% (260/1940)
[2025-11-17 13:28:45][INFO][Rank 0] - train Epoch 4/24: 13.9% (270/1940)
[2025-11-17 13:28:46][INFO][Rank 0] - CUDA Memory [train][Step 270]: Device 0: Allocated: 3309.6 MB, Reserved: 117540.0 MB (Δ: +1687.0 MB)
[2025-11-17 13:28:52][INFO][Rank 0] - train Epoch 4/24: 14.4% (280/1940)
[2025-11-17 13:28:59][INFO][Rank 0] - train Epoch 4/24: 14.9% (290/1940)
[2025-11-17 13:29:06][INFO][Rank 0] - train Epoch 4/24: 15.5% (300/1940)
[2025-11-17 13:29:13][INFO][Rank 0] - train Epoch 4/24: 16.0% (310/1940)
[2025-11-17 13:29:20][INFO][Rank 0] - train Epoch 4/24: 16.5% (320/1940)
[2025-11-17 13:29:27][INFO][Rank 0] - train Epoch 4/24: 17.0% (330/1940)
[2025-11-17 13:29:34][INFO][Rank 0] - train Epoch 4/24: 17.5% (340/1940)
[2025-11-17 13:29:41][INFO][Rank 0] - train Epoch 4/24: 18.0% (350/1940)
[2025-11-17 13:29:48][INFO][Rank 0] - train Epoch 4/24: 18.6% (360/1940)
[2025-11-17 13:29:49][INFO][Rank 0] - CUDA Memory [train][Step 360]: Device 0: Allocated: 3309.6 MB, Reserved: 117540.0 MB (Δ: +1687.0 MB)
[2025-11-17 13:29:55][INFO][Rank 0] - train Epoch 4/24: 19.1% (370/1940)
[2025-11-17 13:30:03][INFO][Rank 0] - train Epoch 4/24: 19.6% (380/1940)
[2025-11-17 13:30:10][INFO][Rank 0] - train Epoch 4/24: 20.1% (390/1940)
[2025-11-17 13:30:17][INFO][Rank 0] - train Epoch 4/24: 20.6% (400/1940)
[2025-11-17 13:30:24][INFO][Rank 0] - train Epoch 4/24: 21.1% (410/1940)
[2025-11-17 13:30:31][INFO][Rank 0] - train Epoch 4/24: 21.6% (420/1940)
[2025-11-17 13:30:38][INFO][Rank 0] - train Epoch 4/24: 22.2% (430/1940)
[2025-11-17 13:30:45][INFO][Rank 0] - train Epoch 4/24: 22.7% (440/1940)
[2025-11-17 13:30:52][INFO][Rank 0] - train Epoch 4/24: 23.2% (450/1940)
[2025-11-17 13:30:53][INFO][Rank 0] - CUDA Memory [train][Step 450]: Device 0: Allocated: 3309.6 MB, Reserved: 117540.0 MB (Δ: +1687.0 MB)
[2025-11-17 13:30:59][INFO][Rank 0] - train Epoch 4/24: 23.7% (460/1940)
[2025-11-17 13:31:06][INFO][Rank 0] - train Epoch 4/24: 24.2% (470/1940)
[2025-11-17 13:31:13][INFO][Rank 0] - train Epoch 4/24: 24.7% (480/1940)
[2025-11-17 13:31:20][INFO][Rank 0] - train Epoch 4/24: 25.3% (490/1940)
[2025-11-17 13:31:27][INFO][Rank 0] - train Epoch 4/24: 25.8% (500/1940)
[2025-11-17 13:31:34][INFO][Rank 0] - train Epoch 4/24: 26.3% (510/1940)
[2025-11-17 13:31:41][INFO][Rank 0] - train Epoch 4/24: 26.8% (520/1940)
[2025-11-17 13:31:48][INFO][Rank 0] - train Epoch 4/24: 27.3% (530/1940)
[2025-11-17 13:31:56][INFO][Rank 0] - train Epoch 4/24: 27.8% (540/1940)
[2025-11-17 13:31:56][INFO][Rank 0] - CUDA Memory [train][Step 540]: Device 0: Allocated: 3309.6 MB, Reserved: 117540.0 MB (Δ: +1687.0 MB)
[2025-11-17 13:32:03][INFO][Rank 0] - train Epoch 4/24: 28.4% (550/1940)
[2025-11-17 13:32:10][INFO][Rank 0] - train Epoch 4/24: 28.9% (560/1940)
[2025-11-17 13:32:17][INFO][Rank 0] - train Epoch 4/24: 29.4% (570/1940)
[2025-11-17 13:32:24][INFO][Rank 0] - train Epoch 4/24: 29.9% (580/1940)
[2025-11-17 13:32:31][INFO][Rank 0] - train Epoch 4/24: 30.4% (590/1940)
[2025-11-17 13:32:38][INFO][Rank 0] - train Epoch 4/24: 30.9% (600/1940)
[2025-11-17 13:32:45][INFO][Rank 0] - train Epoch 4/24: 31.4% (610/1940)
[2025-11-17 13:32:52][INFO][Rank 0] - train Epoch 4/24: 32.0% (620/1940)
[2025-11-17 13:32:59][INFO][Rank 0] - train Epoch 4/24: 32.5% (630/1940)
[2025-11-17 13:33:00][INFO][Rank 0] - CUDA Memory [train][Step 630]: Device 0: Allocated: 3309.6 MB, Reserved: 117540.0 MB (Δ: +1687.0 MB)
[2025-11-17 13:33:06][INFO][Rank 0] - train Epoch 4/24: 33.0% (640/1940)
[2025-11-17 13:33:13][INFO][Rank 0] - train Epoch 4/24: 33.5% (650/1940)
[2025-11-17 13:33:20][INFO][Rank 0] - train Epoch 4/24: 34.0% (660/1940)
[2025-11-17 13:33:27][INFO][Rank 0] - train Epoch 4/24: 34.5% (670/1940)
[2025-11-17 13:33:34][INFO][Rank 0] - train Epoch 4/24: 35.1% (680/1940)
[2025-11-17 13:33:42][INFO][Rank 0] - train Epoch 4/24: 35.6% (690/1940)
[2025-11-17 13:33:49][INFO][Rank 0] - train Epoch 4/24: 36.1% (700/1940)
[2025-11-17 13:33:56][INFO][Rank 0] - train Epoch 4/24: 36.6% (710/1940)
[2025-11-17 13:34:03][INFO][Rank 0] - train Epoch 4/24: 37.1% (720/1940)
[2025-11-17 13:34:03][INFO][Rank 0] - CUDA Memory [train][Step 720]: Device 0: Allocated: 3309.6 MB, Reserved: 117540.0 MB (Δ: +1687.0 MB)
[2025-11-17 13:34:10][INFO][Rank 0] - train Epoch 4/24: 37.6% (730/1940)
[2025-11-17 13:34:17][INFO][Rank 0] - train Epoch 4/24: 38.1% (740/1940)
[2025-11-17 13:34:24][INFO][Rank 0] - train Epoch 4/24: 38.7% (750/1940)
[2025-11-17 13:34:31][INFO][Rank 0] - train Epoch 4/24: 39.2% (760/1940)
[2025-11-17 13:34:38][INFO][Rank 0] - train Epoch 4/24: 39.7% (770/1940)
[2025-11-17 13:34:45][INFO][Rank 0] - train Epoch 4/24: 40.2% (780/1940)
[2025-11-17 13:34:52][INFO][Rank 0] - train Epoch 4/24: 40.7% (790/1940)
[2025-11-17 13:34:59][INFO][Rank 0] - train Epoch 4/24: 41.2% (800/1940)
[2025-11-17 13:35:06][INFO][Rank 0] - train Epoch 4/24: 41.8% (810/1940)
[2025-11-17 13:35:07][INFO][Rank 0] - CUDA Memory [train][Step 810]: Device 0: Allocated: 3309.6 MB, Reserved: 117540.0 MB (Δ: +1687.0 MB)
[2025-11-17 13:35:13][INFO][Rank 0] - train Epoch 4/24: 42.3% (820/1940)
[2025-11-17 13:35:20][INFO][Rank 0] - train Epoch 4/24: 42.8% (830/1940)
[2025-11-17 13:35:27][INFO][Rank 0] - train Epoch 4/24: 43.3% (840/1940)
[2025-11-17 13:35:35][INFO][Rank 0] - train Epoch 4/24: 43.8% (850/1940)
[2025-11-17 13:35:42][INFO][Rank 0] - train Epoch 4/24: 44.3% (860/1940)
[2025-11-17 13:35:49][INFO][Rank 0] - train Epoch 4/24: 44.8% (870/1940)
[2025-11-17 13:35:56][INFO][Rank 0] - train Epoch 4/24: 45.4% (880/1940)
[2025-11-17 13:36:03][INFO][Rank 0] - train Epoch 4/24: 45.9% (890/1940)
[2025-11-17 13:36:10][INFO][Rank 0] - train Epoch 4/24: 46.4% (900/1940)
[2025-11-17 13:36:11][INFO][Rank 0] - CUDA Memory [train][Step 900]: Device 0: Allocated: 3309.6 MB, Reserved: 117540.0 MB (Δ: +1687.0 MB)
[2025-11-17 13:36:17][INFO][Rank 0] - train Epoch 4/24: 46.9% (910/1940)
[2025-11-17 13:36:24][INFO][Rank 0] - train Epoch 4/24: 47.4% (920/1940)
[2025-11-17 13:36:31][INFO][Rank 0] - train Epoch 4/24: 47.9% (930/1940)
[2025-11-17 13:36:38][INFO][Rank 0] - train Epoch 4/24: 48.5% (940/1940)
[2025-11-17 13:36:45][INFO][Rank 0] - train Epoch 4/24: 49.0% (950/1940)
[2025-11-17 13:36:52][INFO][Rank 0] - train Epoch 4/24: 49.5% (960/1940)
[2025-11-17 13:36:59][INFO][Rank 0] - train Epoch 4/24: 50.0% (970/1940)
[2025-11-17 13:37:06][INFO][Rank 0] - train Epoch 4/24: 50.5% (980/1940)
[2025-11-17 13:37:13][INFO][Rank 0] - train Epoch 4/24: 51.0% (990/1940)
[2025-11-17 13:37:14][INFO][Rank 0] - CUDA Memory [train][Step 990]: Device 0: Allocated: 3309.6 MB, Reserved: 117540.0 MB (Δ: +1687.0 MB)
[2025-11-17 13:37:21][INFO][Rank 0] - train Epoch 4/24: 51.5% (1000/1940)
[2025-11-17 13:37:28][INFO][Rank 0] - train Epoch 4/24: 52.1% (1010/1940)
[2025-11-17 13:37:35][INFO][Rank 0] - train Epoch 4/24: 52.6% (1020/1940)
[2025-11-17 13:37:42][INFO][Rank 0] - train Epoch 4/24: 53.1% (1030/1940)
[2025-11-17 13:37:49][INFO][Rank 0] - train Epoch 4/24: 53.6% (1040/1940)
[2025-11-17 13:37:56][INFO][Rank 0] - train Epoch 4/24: 54.1% (1050/1940)
[2025-11-17 13:38:03][INFO][Rank 0] - train Epoch 4/24: 54.6% (1060/1940)
[2025-11-17 13:38:10][INFO][Rank 0] - train Epoch 4/24: 55.2% (1070/1940)
[2025-11-17 13:38:17][INFO][Rank 0] - train Epoch 4/24: 55.7% (1080/1940)
[2025-11-17 13:38:18][INFO][Rank 0] - CUDA Memory [train][Step 1080]: Device 0: Allocated: 3309.6 MB, Reserved: 117540.0 MB (Δ: +1687.0 MB)
[2025-11-17 13:38:24][INFO][Rank 0] - train Epoch 4/24: 56.2% (1090/1940)
[2025-11-17 13:38:31][INFO][Rank 0] - train Epoch 4/24: 56.7% (1100/1940)
[2025-11-17 13:38:38][INFO][Rank 0] - train Epoch 4/24: 57.2% (1110/1940)
[2025-11-17 13:38:45][INFO][Rank 0] - train Epoch 4/24: 57.7% (1120/1940)
[2025-11-17 13:38:52][INFO][Rank 0] - train Epoch 4/24: 58.2% (1130/1940)
[2025-11-17 13:38:59][INFO][Rank 0] - train Epoch 4/24: 58.8% (1140/1940)
[2025-11-17 13:39:06][INFO][Rank 0] - train Epoch 4/24: 59.3% (1150/1940)
[2025-11-17 13:39:14][INFO][Rank 0] - train Epoch 4/24: 59.8% (1160/1940)
[2025-11-17 13:39:21][INFO][Rank 0] - train Epoch 4/24: 60.3% (1170/1940)
[2025-11-17 13:39:21][INFO][Rank 0] - CUDA Memory [train][Step 1170]: Device 0: Allocated: 3309.6 MB, Reserved: 117540.0 MB (Δ: +1687.0 MB)
[2025-11-17 13:39:28][INFO][Rank 0] - train Epoch 4/24: 60.8% (1180/1940)
[2025-11-17 13:39:35][INFO][Rank 0] - train Epoch 4/24: 61.3% (1190/1940)
[2025-11-17 13:39:42][INFO][Rank 0] - train Epoch 4/24: 61.9% (1200/1940)
[2025-11-17 13:39:49][INFO][Rank 0] - train Epoch 4/24: 62.4% (1210/1940)
[2025-11-17 13:39:56][INFO][Rank 0] - train Epoch 4/24: 62.9% (1220/1940)
[2025-11-17 13:40:03][INFO][Rank 0] - train Epoch 4/24: 63.4% (1230/1940)
[2025-11-17 13:40:10][INFO][Rank 0] - train Epoch 4/24: 63.9% (1240/1940)
[2025-11-17 13:40:17][INFO][Rank 0] - train Epoch 4/24: 64.4% (1250/1940)
[2025-11-17 13:40:24][INFO][Rank 0] - train Epoch 4/24: 64.9% (1260/1940)
[2025-11-17 13:40:25][INFO][Rank 0] - CUDA Memory [train][Step 1260]: Device 0: Allocated: 3309.6 MB, Reserved: 117540.0 MB (Δ: +1687.0 MB)
[2025-11-17 13:40:31][INFO][Rank 0] - train Epoch 4/24: 65.5% (1270/1940)
[2025-11-17 13:40:38][INFO][Rank 0] - train Epoch 4/24: 66.0% (1280/1940)
[2025-11-17 13:40:45][INFO][Rank 0] - train Epoch 4/24: 66.5% (1290/1940)
[2025-11-17 13:40:52][INFO][Rank 0] - train Epoch 4/24: 67.0% (1300/1940)
[2025-11-17 13:41:00][INFO][Rank 0] - train Epoch 4/24: 67.5% (1310/1940)
[2025-11-17 13:41:07][INFO][Rank 0] - train Epoch 4/24: 68.0% (1320/1940)
[2025-11-17 13:41:14][INFO][Rank 0] - train Epoch 4/24: 68.6% (1330/1940)
[2025-11-17 13:41:21][INFO][Rank 0] - train Epoch 4/24: 69.1% (1340/1940)
[2025-11-17 13:41:28][INFO][Rank 0] - train Epoch 4/24: 69.6% (1350/1940)
[2025-11-17 13:41:28][INFO][Rank 0] - CUDA Memory [train][Step 1350]: Device 0: Allocated: 3309.6 MB, Reserved: 117540.0 MB (Δ: +1687.0 MB)
[2025-11-17 13:41:35][INFO][Rank 0] - train Epoch 4/24: 70.1% (1360/1940)
[2025-11-17 13:41:42][INFO][Rank 0] - train Epoch 4/24: 70.6% (1370/1940)
[2025-11-17 13:41:49][INFO][Rank 0] - train Epoch 4/24: 71.1% (1380/1940)
[2025-11-17 13:41:56][INFO][Rank 0] - train Epoch 4/24: 71.6% (1390/1940)
[2025-11-17 13:42:03][INFO][Rank 0] - train Epoch 4/24: 72.2% (1400/1940)
[2025-11-17 13:42:10][INFO][Rank 0] - train Epoch 4/24: 72.7% (1410/1940)
[2025-11-17 13:42:17][INFO][Rank 0] - train Epoch 4/24: 73.2% (1420/1940)
[2025-11-17 13:42:24][INFO][Rank 0] - train Epoch 4/24: 73.7% (1430/1940)
[2025-11-17 13:42:31][INFO][Rank 0] - train Epoch 4/24: 74.2% (1440/1940)
[2025-11-17 13:42:32][INFO][Rank 0] - CUDA Memory [train][Step 1440]: Device 0: Allocated: 3309.6 MB, Reserved: 117540.0 MB (Δ: +1687.0 MB)
[2025-11-17 13:42:38][INFO][Rank 0] - train Epoch 4/24: 74.7% (1450/1940)
[2025-11-17 13:42:45][INFO][Rank 0] - train Epoch 4/24: 75.3% (1460/1940)
[2025-11-17 13:42:53][INFO][Rank 0] - train Epoch 4/24: 75.8% (1470/1940)
[2025-11-17 13:43:00][INFO][Rank 0] - train Epoch 4/24: 76.3% (1480/1940)
[2025-11-17 13:43:07][INFO][Rank 0] - train Epoch 4/24: 76.8% (1490/1940)
[2025-11-17 13:43:14][INFO][Rank 0] - train Epoch 4/24: 77.3% (1500/1940)
[2025-11-17 13:43:21][INFO][Rank 0] - train Epoch 4/24: 77.8% (1510/1940)
[2025-11-17 13:43:28][INFO][Rank 0] - train Epoch 4/24: 78.4% (1520/1940)
[2025-11-17 13:43:35][INFO][Rank 0] - train Epoch 4/24: 78.9% (1530/1940)
[2025-11-17 13:43:36][INFO][Rank 0] - CUDA Memory [train][Step 1530]: Device 0: Allocated: 3309.6 MB, Reserved: 117540.0 MB (Δ: +1687.0 MB)
[2025-11-17 13:43:42][INFO][Rank 0] - train Epoch 4/24: 79.4% (1540/1940)
[2025-11-17 13:43:49][INFO][Rank 0] - train Epoch 4/24: 79.9% (1550/1940)
[2025-11-17 13:43:56][INFO][Rank 0] - train Epoch 4/24: 80.4% (1560/1940)
[2025-11-17 13:44:03][INFO][Rank 0] - train Epoch 4/24: 80.9% (1570/1940)
[2025-11-17 13:44:10][INFO][Rank 0] - train Epoch 4/24: 81.4% (1580/1940)
[2025-11-17 13:44:17][INFO][Rank 0] - train Epoch 4/24: 82.0% (1590/1940)
[2025-11-17 13:44:24][INFO][Rank 0] - train Epoch 4/24: 82.5% (1600/1940)
[2025-11-17 13:44:31][INFO][Rank 0] - train Epoch 4/24: 83.0% (1610/1940)
[2025-11-17 13:44:39][INFO][Rank 0] - train Epoch 4/24: 83.5% (1620/1940)
[2025-11-17 13:44:39][INFO][Rank 0] - CUDA Memory [train][Step 1620]: Device 0: Allocated: 3309.6 MB, Reserved: 117540.0 MB (Δ: +1687.0 MB)
[2025-11-17 13:44:46][INFO][Rank 0] - train Epoch 4/24: 84.0% (1630/1940)
[2025-11-17 13:44:53][INFO][Rank 0] - train Epoch 4/24: 84.5% (1640/1940)
[2025-11-17 13:45:00][INFO][Rank 0] - train Epoch 4/24: 85.1% (1650/1940)
[2025-11-17 13:45:07][INFO][Rank 0] - train Epoch 4/24: 85.6% (1660/1940)
[2025-11-17 13:45:14][INFO][Rank 0] - train Epoch 4/24: 86.1% (1670/1940)
[2025-11-17 13:45:21][INFO][Rank 0] - train Epoch 4/24: 86.6% (1680/1940)
[2025-11-17 13:45:28][INFO][Rank 0] - train Epoch 4/24: 87.1% (1690/1940)
[2025-11-17 13:45:35][INFO][Rank 0] - train Epoch 4/24: 87.6% (1700/1940)
[2025-11-17 13:45:42][INFO][Rank 0] - train Epoch 4/24: 88.1% (1710/1940)
[2025-11-17 13:45:43][INFO][Rank 0] - CUDA Memory [train][Step 1710]: Device 0: Allocated: 3309.6 MB, Reserved: 117540.0 MB (Δ: +1687.0 MB)
[2025-11-17 13:45:49][INFO][Rank 0] - train Epoch 4/24: 88.7% (1720/1940)
[2025-11-17 13:45:56][INFO][Rank 0] - train Epoch 4/24: 89.2% (1730/1940)
[2025-11-17 13:46:03][INFO][Rank 0] - train Epoch 4/24: 89.7% (1740/1940)
[2025-11-17 13:46:10][INFO][Rank 0] - train Epoch 4/24: 90.2% (1750/1940)
[2025-11-17 13:46:17][INFO][Rank 0] - train Epoch 4/24: 90.7% (1760/1940)
[2025-11-17 13:46:24][INFO][Rank 0] - train Epoch 4/24: 91.2% (1770/1940)
[2025-11-17 13:46:32][INFO][Rank 0] - train Epoch 4/24: 91.8% (1780/1940)
[2025-11-17 13:46:39][INFO][Rank 0] - train Epoch 4/24: 92.3% (1790/1940)
[2025-11-17 13:46:46][INFO][Rank 0] - train Epoch 4/24: 92.8% (1800/1940)
[2025-11-17 13:46:46][INFO][Rank 0] - CUDA Memory [train][Step 1800]: Device 0: Allocated: 3309.6 MB, Reserved: 117540.0 MB (Δ: +1687.0 MB)
[2025-11-17 13:46:53][INFO][Rank 0] - train Epoch 4/24: 93.3% (1810/1940)
[2025-11-17 13:47:00][INFO][Rank 0] - train Epoch 4/24: 93.8% (1820/1940)
[2025-11-17 13:47:07][INFO][Rank 0] - train Epoch 4/24: 94.3% (1830/1940)
[2025-11-17 13:47:14][INFO][Rank 0] - train Epoch 4/24: 94.8% (1840/1940)
[2025-11-17 13:47:21][INFO][Rank 0] - train Epoch 4/24: 95.4% (1850/1940)
[2025-11-17 13:47:28][INFO][Rank 0] - train Epoch 4/24: 95.9% (1860/1940)
[2025-11-17 13:47:35][INFO][Rank 0] - train Epoch 4/24: 96.4% (1870/1940)
[2025-11-17 13:47:42][INFO][Rank 0] - train Epoch 4/24: 96.9% (1880/1940)
[2025-11-17 13:47:49][INFO][Rank 0] - train Epoch 4/24: 97.4% (1890/1940)
[2025-11-17 13:47:50][INFO][Rank 0] - CUDA Memory [train][Step 1890]: Device 0: Allocated: 3309.6 MB, Reserved: 117540.0 MB (Δ: +1687.0 MB)
[2025-11-17 13:47:56][INFO][Rank 0] - train Epoch 4/24: 97.9% (1900/1940)
[2025-11-17 13:48:03][INFO][Rank 0] - train Epoch 4/24: 98.5% (1910/1940)
[2025-11-17 13:48:10][INFO][Rank 0] - train Epoch 4/24: 99.0% (1920/1940)
[2025-11-17 13:48:18][INFO][Rank 0] - train Epoch 4/24: 99.5% (1930/1940)
[2025-11-17 13:48:24][INFO][Rank 0] - train Epoch 4/24: 99.9% (1939/1940)
[2025-11-17 13:48:25][INFO][Rank 0] - train Loss: 0.2054 Acc: 0.9761 F1: 0.9877
[2025-11-17 13:48:25][INFO][Rank 0] - train Balanced Acc: 0.8398 AUC-ROC: 0.9557
[2025-11-17 13:48:25][INFO][Rank 0] - train Sensitivity: 0.9837 Specificity: 0.6959
[2025-11-17 13:48:25][INFO][Rank 0] - train Confusion Matrix: TP=18579, FP=156, FN=308, TN=357
[2025-11-17 13:48:25][INFO][Rank 0] - train completed in 1371.09s
[2025-11-17 13:48:25][INFO][Rank 0] - Data loading time: 1.26s, Forward time: 278.84s, Backward time: 743.34s
[2025-11-17 13:48:25][INFO][Rank 0] - train cache: 0/1 items, hit rate: 0.00%
[2025-11-17 13:48:25][INFO][Rank 0] - CUDA Memory [val][Step 0]: Device 0: Allocated: 3309.6 MB, Reserved: 117540.0 MB (Δ: +1687.0 MB)
[2025-11-17 13:48:25][INFO][Rank 0] - val phase: total 407 batches
[2025-11-17 13:48:25][INFO][Rank 0] - val Epoch 4/24: 0.0% (0/407)
[2025-11-17 13:48:30][INFO][Rank 0] - val Epoch 4/24: 2.5% (10/407)
[2025-11-17 13:48:35][INFO][Rank 0] - val Epoch 4/24: 4.9% (20/407)
[2025-11-17 13:48:40][INFO][Rank 0] - val Epoch 4/24: 7.4% (30/407)
[2025-11-17 13:48:45][INFO][Rank 0] - val Epoch 4/24: 9.8% (40/407)
[2025-11-17 13:48:50][INFO][Rank 0] - val Epoch 4/24: 12.3% (50/407)
[2025-11-17 13:48:55][INFO][Rank 0] - val Epoch 4/24: 14.7% (60/407)
[2025-11-17 13:49:00][INFO][Rank 0] - val Epoch 4/24: 17.2% (70/407)
[2025-11-17 13:49:05][INFO][Rank 0] - val Epoch 4/24: 19.7% (80/407)
[2025-11-17 13:49:10][INFO][Rank 0] - val Epoch 4/24: 22.1% (90/407)
[2025-11-17 13:49:15][INFO][Rank 0] - val Epoch 4/24: 24.6% (100/407)
[2025-11-17 13:49:20][INFO][Rank 0] - val Epoch 4/24: 27.0% (110/407)
[2025-11-17 13:49:25][INFO][Rank 0] - val Epoch 4/24: 29.5% (120/407)
[2025-11-17 13:49:25][INFO][Rank 0] - CUDA Memory [val][Step 120]: Device 0: Allocated: 3309.6 MB, Reserved: 117540.0 MB (Δ: +1687.0 MB)
[2025-11-17 13:49:30][INFO][Rank 0] - val Epoch 4/24: 31.9% (130/407)
[2025-11-17 13:49:35][INFO][Rank 0] - val Epoch 4/24: 34.4% (140/407)
[2025-11-17 13:49:39][INFO][Rank 0] - val Epoch 4/24: 36.9% (150/407)
[2025-11-17 13:49:44][INFO][Rank 0] - val Epoch 4/24: 39.3% (160/407)
[2025-11-17 13:49:49][INFO][Rank 0] - val Epoch 4/24: 41.8% (170/407)
[2025-11-17 13:49:54][INFO][Rank 0] - val Epoch 4/24: 44.2% (180/407)
[2025-11-17 13:49:59][INFO][Rank 0] - val Epoch 4/24: 46.7% (190/407)
[2025-11-17 13:50:04][INFO][Rank 0] - val Epoch 4/24: 49.1% (200/407)
[2025-11-17 13:50:09][INFO][Rank 0] - val Epoch 4/24: 51.6% (210/407)
[2025-11-17 13:50:14][INFO][Rank 0] - val Epoch 4/24: 54.1% (220/407)
[2025-11-17 13:50:19][INFO][Rank 0] - val Epoch 4/24: 56.5% (230/407)
[2025-11-17 13:50:24][INFO][Rank 0] - val Epoch 4/24: 59.0% (240/407)
[2025-11-17 13:50:29][INFO][Rank 0] - val Epoch 4/24: 61.4% (250/407)
[2025-11-17 13:50:34][INFO][Rank 0] - val Epoch 4/24: 63.9% (260/407)
[2025-11-17 13:50:39][INFO][Rank 0] - val Epoch 4/24: 66.3% (270/407)
[2025-11-17 13:50:40][INFO][Rank 0] - CUDA Memory [val][Step 270]: Device 0: Allocated: 3309.6 MB, Reserved: 117540.0 MB (Δ: +1687.0 MB)
[2025-11-17 13:50:44][INFO][Rank 0] - val Epoch 4/24: 68.8% (280/407)
[2025-11-17 13:50:49][INFO][Rank 0] - val Epoch 4/24: 71.3% (290/407)
[2025-11-17 13:50:54][INFO][Rank 0] - val Epoch 4/24: 73.7% (300/407)
[2025-11-17 13:50:59][INFO][Rank 0] - val Epoch 4/24: 76.2% (310/407)
[2025-11-17 13:51:04][INFO][Rank 0] - val Epoch 4/24: 78.6% (320/407)
[2025-11-17 13:51:09][INFO][Rank 0] - val Epoch 4/24: 81.1% (330/407)
[2025-11-17 13:51:14][INFO][Rank 0] - val Epoch 4/24: 83.5% (340/407)
[2025-11-17 13:51:19][INFO][Rank 0] - val Epoch 4/24: 86.0% (350/407)
[2025-11-17 13:51:24][INFO][Rank 0] - val Epoch 4/24: 88.5% (360/407)
[2025-11-17 13:51:29][INFO][Rank 0] - val Epoch 4/24: 90.9% (370/407)
[2025-11-17 13:51:34][INFO][Rank 0] - val Epoch 4/24: 93.4% (380/407)
[2025-11-17 13:51:39][INFO][Rank 0] - val Epoch 4/24: 95.8% (390/407)
[2025-11-17 13:51:44][INFO][Rank 0] - val Epoch 4/24: 98.3% (400/407)
[2025-11-17 13:51:47][INFO][Rank 0] - val Epoch 4/24: 99.8% (406/407)
[2025-11-17 13:51:47][INFO][Rank 0] - val Loss: 0.1180 Acc: 0.9710 F1: 0.9850
[2025-11-17 13:51:47][INFO][Rank 0] - val Balanced Acc: 0.8942 AUC-ROC: 0.9812
[2025-11-17 13:51:47][INFO][Rank 0] - val Sensitivity: 0.9744 Specificity: 0.8140
[2025-11-17 13:51:47][INFO][Rank 0] - val Confusion Matrix: TP=3882, FP=16, FN=102, TN=70
[2025-11-17 13:51:47][INFO][Rank 0] - val completed in 202.71s
[2025-11-17 13:51:47][INFO][Rank 0] - val cache: 0/1 items, hit rate: 0.00%
[2025-11-17 13:51:51][INFO][Rank 0] - Saved new best balanced_acc model with balanced_acc: 0.8942 at /projects/retprogression/rgarridogarcia/checkpoints/cropped1024_cropped_centered_wt_allR_1/best_balanced_acc_model.pth
[2025-11-17 13:51:56][INFO][Rank 0] - Also saved as general best model at /projects/retprogression/rgarridogarcia/checkpoints/cropped1024_cropped_centered_wt_allR_1/best_model.pth
[2025-11-17 13:52:00][INFO][Rank 0] - Saved new best auc model with auc: 0.9812 at /projects/retprogression/rgarridogarcia/checkpoints/cropped1024_cropped_centered_wt_allR_1/best_auc_model.pth
[2025-11-17 13:52:03][INFO][Rank 0] - Saved epoch checkpoint at /projects/retprogression/rgarridogarcia/checkpoints/cropped1024_cropped_centered_wt_allR_1/epoch_4.pth
[2025-11-17 13:52:03][INFO][Rank 0] - Epoch 4 summary:
[2025-11-17 13:52:03][INFO][Rank 0] -  Train Loss: 0.2054, Train Acc: 0.9761, Train F1: 0.9877
[2025-11-17 13:52:03][INFO][Rank 0] -  Train Balanced Acc: 0.8398, Train AUC: 0.9557
[2025-11-17 13:52:03][INFO][Rank 0] -  Train Sensitivity: 0.9837, Train Specificity: 0.6959
[2025-11-17 13:52:03][INFO][Rank 0] -  Val Loss: 0.1180, Val Acc: 0.9710, Val F1: 0.9850
[2025-11-17 13:52:03][INFO][Rank 0] -  Val Balanced Acc: 0.8942, Val AUC: 0.9812
[2025-11-17 13:52:03][INFO][Rank 0] -  Val Sensitivity: 0.9744, Val Specificity: 0.8140
[2025-11-17 13:52:03][INFO][Rank 0] -  Total Epoch Time: 1589.97s
[2025-11-17 13:52:03][INFO][Rank 0] - Epoch 5/24
[2025-11-17 13:52:03][INFO][Rank 0] - ----------
[2025-11-17 13:52:03][INFO][Rank 0] - CUDA Memory [train][Step 0]: Device 0: Allocated: 3309.6 MB, Reserved: 117540.0 MB (Δ: +1687.0 MB)
[2025-11-17 13:52:03][INFO][Rank 0] - train phase: total 1940 batches
[2025-11-17 13:52:04][INFO][Rank 0] - train Epoch 5/24: 0.0% (0/1940)
[2025-11-17 13:52:11][INFO][Rank 0] - train Epoch 5/24: 0.5% (10/1940)
[2025-11-17 13:52:18][INFO][Rank 0] - train Epoch 5/24: 1.0% (20/1940)
[2025-11-17 13:52:25][INFO][Rank 0] - train Epoch 5/24: 1.5% (30/1940)
[2025-11-17 13:52:32][INFO][Rank 0] - train Epoch 5/24: 2.1% (40/1940)
[2025-11-17 13:52:39][INFO][Rank 0] - train Epoch 5/24: 2.6% (50/1940)
[2025-11-17 13:52:46][INFO][Rank 0] - train Epoch 5/24: 3.1% (60/1940)
[2025-11-17 13:52:53][INFO][Rank 0] - train Epoch 5/24: 3.6% (70/1940)
[2025-11-17 13:53:01][INFO][Rank 0] - train Epoch 5/24: 4.1% (80/1940)
[2025-11-17 13:53:08][INFO][Rank 0] - train Epoch 5/24: 4.6% (90/1940)
[2025-11-17 13:53:08][INFO][Rank 0] - CUDA Memory [train][Step 90]: Device 0: Allocated: 3309.6 MB, Reserved: 117540.0 MB (Δ: +1687.0 MB)
[2025-11-17 13:53:15][INFO][Rank 0] - train Epoch 5/24: 5.2% (100/1940)
[2025-11-17 13:53:22][INFO][Rank 0] - train Epoch 5/24: 5.7% (110/1940)
[2025-11-17 13:53:29][INFO][Rank 0] - train Epoch 5/24: 6.2% (120/1940)
[2025-11-17 13:53:36][INFO][Rank 0] - train Epoch 5/24: 6.7% (130/1940)
[2025-11-17 13:53:43][INFO][Rank 0] - train Epoch 5/24: 7.2% (140/1940)
[2025-11-17 13:53:50][INFO][Rank 0] - train Epoch 5/24: 7.7% (150/1940)
[2025-11-17 13:53:57][INFO][Rank 0] - train Epoch 5/24: 8.2% (160/1940)
[2025-11-17 13:54:04][INFO][Rank 0] - train Epoch 5/24: 8.8% (170/1940)
[2025-11-17 13:54:11][INFO][Rank 0] - train Epoch 5/24: 9.3% (180/1940)
[2025-11-17 13:54:12][INFO][Rank 0] - CUDA Memory [train][Step 180]: Device 0: Allocated: 3309.6 MB, Reserved: 117540.0 MB (Δ: +1687.0 MB)
[2025-11-17 13:54:18][INFO][Rank 0] - train Epoch 5/24: 9.8% (190/1940)
[2025-11-17 13:54:25][INFO][Rank 0] - train Epoch 5/24: 10.3% (200/1940)
[2025-11-17 13:54:32][INFO][Rank 0] - train Epoch 5/24: 10.8% (210/1940)
[2025-11-17 13:54:39][INFO][Rank 0] - train Epoch 5/24: 11.3% (220/1940)
[2025-11-17 13:54:46][INFO][Rank 0] - train Epoch 5/24: 11.9% (230/1940)
[2025-11-17 13:54:54][INFO][Rank 0] - train Epoch 5/24: 12.4% (240/1940)
[2025-11-17 13:55:01][INFO][Rank 0] - train Epoch 5/24: 12.9% (250/1940)
[2025-11-17 13:55:08][INFO][Rank 0] - train Epoch 5/24: 13.4% (260/1940)
[2025-11-17 13:55:15][INFO][Rank 0] - train Epoch 5/24: 13.9% (270/1940)
[2025-11-17 13:55:15][INFO][Rank 0] - CUDA Memory [train][Step 270]: Device 0: Allocated: 3309.6 MB, Reserved: 117540.0 MB (Δ: +1687.0 MB)
[2025-11-17 13:55:22][INFO][Rank 0] - train Epoch 5/24: 14.4% (280/1940)
[2025-11-17 13:55:29][INFO][Rank 0] - train Epoch 5/24: 14.9% (290/1940)
[2025-11-17 13:55:36][INFO][Rank 0] - train Epoch 5/24: 15.5% (300/1940)
[2025-11-17 13:55:43][INFO][Rank 0] - train Epoch 5/24: 16.0% (310/1940)
[2025-11-17 13:55:50][INFO][Rank 0] - train Epoch 5/24: 16.5% (320/1940)
[2025-11-17 13:55:57][INFO][Rank 0] - train Epoch 5/24: 17.0% (330/1940)
[2025-11-17 13:56:04][INFO][Rank 0] - train Epoch 5/24: 17.5% (340/1940)
[2025-11-17 13:56:11][INFO][Rank 0] - train Epoch 5/24: 18.0% (350/1940)
[2025-11-17 13:56:18][INFO][Rank 0] - train Epoch 5/24: 18.6% (360/1940)
[2025-11-17 13:56:19][INFO][Rank 0] - CUDA Memory [train][Step 360]: Device 0: Allocated: 3309.6 MB, Reserved: 117540.0 MB (Δ: +1687.0 MB)
[2025-11-17 13:56:25][INFO][Rank 0] - train Epoch 5/24: 19.1% (370/1940)
[2025-11-17 13:56:32][INFO][Rank 0] - train Epoch 5/24: 19.6% (380/1940)
[2025-11-17 13:56:40][INFO][Rank 0] - train Epoch 5/24: 20.1% (390/1940)
[2025-11-17 13:56:47][INFO][Rank 0] - train Epoch 5/24: 20.6% (400/1940)
[2025-11-17 13:56:54][INFO][Rank 0] - train Epoch 5/24: 21.1% (410/1940)
[2025-11-17 13:57:01][INFO][Rank 0] - train Epoch 5/24: 21.6% (420/1940)
[2025-11-17 13:57:08][INFO][Rank 0] - train Epoch 5/24: 22.2% (430/1940)
[2025-11-17 13:57:15][INFO][Rank 0] - train Epoch 5/24: 22.7% (440/1940)
[2025-11-17 13:57:22][INFO][Rank 0] - train Epoch 5/24: 23.2% (450/1940)
[2025-11-17 13:57:23][INFO][Rank 0] - CUDA Memory [train][Step 450]: Device 0: Allocated: 3309.6 MB, Reserved: 117540.0 MB (Δ: +1687.0 MB)
[2025-11-17 13:57:29][INFO][Rank 0] - train Epoch 5/24: 23.7% (460/1940)
[2025-11-17 13:57:36][INFO][Rank 0] - train Epoch 5/24: 24.2% (470/1940)
[2025-11-17 13:57:43][INFO][Rank 0] - train Epoch 5/24: 24.7% (480/1940)
[2025-11-17 13:57:50][INFO][Rank 0] - train Epoch 5/24: 25.3% (490/1940)
[2025-11-17 13:57:57][INFO][Rank 0] - train Epoch 5/24: 25.8% (500/1940)
[2025-11-17 13:58:04][INFO][Rank 0] - train Epoch 5/24: 26.3% (510/1940)
[2025-11-17 13:58:11][INFO][Rank 0] - train Epoch 5/24: 26.8% (520/1940)
[2025-11-17 13:58:18][INFO][Rank 0] - train Epoch 5/24: 27.3% (530/1940)
[2025-11-17 13:58:25][INFO][Rank 0] - train Epoch 5/24: 27.8% (540/1940)
[2025-11-17 13:58:26][INFO][Rank 0] - CUDA Memory [train][Step 540]: Device 0: Allocated: 3309.6 MB, Reserved: 117540.0 MB (Δ: +1687.0 MB)
[2025-11-17 13:58:33][INFO][Rank 0] - train Epoch 5/24: 28.4% (550/1940)
[2025-11-17 13:58:40][INFO][Rank 0] - train Epoch 5/24: 28.9% (560/1940)
[2025-11-17 13:58:47][INFO][Rank 0] - train Epoch 5/24: 29.4% (570/1940)
[2025-11-17 13:58:54][INFO][Rank 0] - train Epoch 5/24: 29.9% (580/1940)
[2025-11-17 13:59:01][INFO][Rank 0] - train Epoch 5/24: 30.4% (590/1940)
[2025-11-17 13:59:08][INFO][Rank 0] - train Epoch 5/24: 30.9% (600/1940)
[2025-11-17 13:59:15][INFO][Rank 0] - train Epoch 5/24: 31.4% (610/1940)
[2025-11-17 13:59:22][INFO][Rank 0] - train Epoch 5/24: 32.0% (620/1940)
[2025-11-17 13:59:29][INFO][Rank 0] - train Epoch 5/24: 32.5% (630/1940)
[2025-11-17 13:59:30][INFO][Rank 0] - CUDA Memory [train][Step 630]: Device 0: Allocated: 3309.6 MB, Reserved: 117540.0 MB (Δ: +1687.0 MB)
[2025-11-17 13:59:36][INFO][Rank 0] - train Epoch 5/24: 33.0% (640/1940)
[2025-11-17 13:59:43][INFO][Rank 0] - train Epoch 5/24: 33.5% (650/1940)
[2025-11-17 13:59:50][INFO][Rank 0] - train Epoch 5/24: 34.0% (660/1940)
[2025-11-17 13:59:57][INFO][Rank 0] - train Epoch 5/24: 34.5% (670/1940)
[2025-11-17 14:00:04][INFO][Rank 0] - train Epoch 5/24: 35.1% (680/1940)
[2025-11-17 14:00:11][INFO][Rank 0] - train Epoch 5/24: 35.6% (690/1940)
[2025-11-17 14:00:19][INFO][Rank 0] - train Epoch 5/24: 36.1% (700/1940)
[2025-11-17 14:00:26][INFO][Rank 0] - train Epoch 5/24: 36.6% (710/1940)
[2025-11-17 14:00:33][INFO][Rank 0] - train Epoch 5/24: 37.1% (720/1940)
[2025-11-17 14:00:33][INFO][Rank 0] - CUDA Memory [train][Step 720]: Device 0: Allocated: 3309.6 MB, Reserved: 117540.0 MB (Δ: +1687.0 MB)
[2025-11-17 14:00:40][INFO][Rank 0] - train Epoch 5/24: 37.6% (730/1940)
[2025-11-17 14:00:47][INFO][Rank 0] - train Epoch 5/24: 38.1% (740/1940)
[2025-11-17 14:00:54][INFO][Rank 0] - train Epoch 5/24: 38.7% (750/1940)
[2025-11-17 14:01:01][INFO][Rank 0] - train Epoch 5/24: 39.2% (760/1940)
[2025-11-17 14:01:08][INFO][Rank 0] - train Epoch 5/24: 39.7% (770/1940)
[2025-11-17 14:01:15][INFO][Rank 0] - train Epoch 5/24: 40.2% (780/1940)
[2025-11-17 14:01:22][INFO][Rank 0] - train Epoch 5/24: 40.7% (790/1940)
[2025-11-17 14:01:29][INFO][Rank 0] - train Epoch 5/24: 41.2% (800/1940)
[2025-11-17 14:01:36][INFO][Rank 0] - train Epoch 5/24: 41.8% (810/1940)
[2025-11-17 14:01:37][INFO][Rank 0] - CUDA Memory [train][Step 810]: Device 0: Allocated: 3309.6 MB, Reserved: 117540.0 MB (Δ: +1687.0 MB)
[2025-11-17 14:01:43][INFO][Rank 0] - train Epoch 5/24: 42.3% (820/1940)
[2025-11-17 14:01:50][INFO][Rank 0] - train Epoch 5/24: 42.8% (830/1940)
[2025-11-17 14:01:57][INFO][Rank 0] - train Epoch 5/24: 43.3% (840/1940)
[2025-11-17 14:02:04][INFO][Rank 0] - train Epoch 5/24: 43.8% (850/1940)
[2025-11-17 14:02:12][INFO][Rank 0] - train Epoch 5/24: 44.3% (860/1940)
[2025-11-17 14:02:19][INFO][Rank 0] - train Epoch 5/24: 44.8% (870/1940)
[2025-11-17 14:02:26][INFO][Rank 0] - train Epoch 5/24: 45.4% (880/1940)
[2025-11-17 14:02:33][INFO][Rank 0] - train Epoch 5/24: 45.9% (890/1940)
[2025-11-17 14:02:40][INFO][Rank 0] - train Epoch 5/24: 46.4% (900/1940)
[2025-11-17 14:02:41][INFO][Rank 0] - CUDA Memory [train][Step 900]: Device 0: Allocated: 3309.6 MB, Reserved: 117540.0 MB (Δ: +1687.0 MB)
[2025-11-17 14:02:47][INFO][Rank 0] - train Epoch 5/24: 46.9% (910/1940)
[2025-11-17 14:02:54][INFO][Rank 0] - train Epoch 5/24: 47.4% (920/1940)
[2025-11-17 14:03:01][INFO][Rank 0] - train Epoch 5/24: 47.9% (930/1940)
[2025-11-17 14:03:08][INFO][Rank 0] - train Epoch 5/24: 48.5% (940/1940)
[2025-11-17 14:03:15][INFO][Rank 0] - train Epoch 5/24: 49.0% (950/1940)
[2025-11-17 14:03:22][INFO][Rank 0] - train Epoch 5/24: 49.5% (960/1940)
[2025-11-17 14:03:29][INFO][Rank 0] - train Epoch 5/24: 50.0% (970/1940)
[2025-11-17 14:03:36][INFO][Rank 0] - train Epoch 5/24: 50.5% (980/1940)
[2025-11-17 14:03:43][INFO][Rank 0] - train Epoch 5/24: 51.0% (990/1940)
[2025-11-17 14:03:44][INFO][Rank 0] - CUDA Memory [train][Step 990]: Device 0: Allocated: 3309.6 MB, Reserved: 117540.0 MB (Δ: +1687.0 MB)
[2025-11-17 14:03:50][INFO][Rank 0] - train Epoch 5/24: 51.5% (1000/1940)
[2025-11-17 14:03:58][INFO][Rank 0] - train Epoch 5/24: 52.1% (1010/1940)
[2025-11-17 14:04:05][INFO][Rank 0] - train Epoch 5/24: 52.6% (1020/1940)
[2025-11-17 14:04:12][INFO][Rank 0] - train Epoch 5/24: 53.1% (1030/1940)
[2025-11-17 14:04:19][INFO][Rank 0] - train Epoch 5/24: 53.6% (1040/1940)
[2025-11-17 14:04:26][INFO][Rank 0] - train Epoch 5/24: 54.1% (1050/1940)
[2025-11-17 14:04:33][INFO][Rank 0] - train Epoch 5/24: 54.6% (1060/1940)
[2025-11-17 14:04:40][INFO][Rank 0] - train Epoch 5/24: 55.2% (1070/1940)
[2025-11-17 14:04:47][INFO][Rank 0] - train Epoch 5/24: 55.7% (1080/1940)
[2025-11-17 14:04:48][INFO][Rank 0] - CUDA Memory [train][Step 1080]: Device 0: Allocated: 3309.6 MB, Reserved: 117540.0 MB (Δ: +1687.0 MB)
[2025-11-17 14:04:54][INFO][Rank 0] - train Epoch 5/24: 56.2% (1090/1940)
[2025-11-17 14:05:01][INFO][Rank 0] - train Epoch 5/24: 56.7% (1100/1940)
[2025-11-17 14:05:08][INFO][Rank 0] - train Epoch 5/24: 57.2% (1110/1940)
[2025-11-17 14:05:15][INFO][Rank 0] - train Epoch 5/24: 57.7% (1120/1940)
[2025-11-17 14:05:22][INFO][Rank 0] - train Epoch 5/24: 58.2% (1130/1940)
[2025-11-17 14:05:29][INFO][Rank 0] - train Epoch 5/24: 58.8% (1140/1940)
[2025-11-17 14:05:36][INFO][Rank 0] - train Epoch 5/24: 59.3% (1150/1940)
[2025-11-17 14:05:43][INFO][Rank 0] - train Epoch 5/24: 59.8% (1160/1940)
[2025-11-17 14:05:51][INFO][Rank 0] - train Epoch 5/24: 60.3% (1170/1940)
[2025-11-17 14:05:51][INFO][Rank 0] - CUDA Memory [train][Step 1170]: Device 0: Allocated: 3309.6 MB, Reserved: 117540.0 MB (Δ: +1687.0 MB)
[2025-11-17 14:05:58][INFO][Rank 0] - train Epoch 5/24: 60.8% (1180/1940)
[2025-11-17 14:06:05][INFO][Rank 0] - train Epoch 5/24: 61.3% (1190/1940)
[2025-11-17 14:06:12][INFO][Rank 0] - train Epoch 5/24: 61.9% (1200/1940)
[2025-11-17 14:06:19][INFO][Rank 0] - train Epoch 5/24: 62.4% (1210/1940)
[2025-11-17 14:06:26][INFO][Rank 0] - train Epoch 5/24: 62.9% (1220/1940)
[2025-11-17 14:06:33][INFO][Rank 0] - train Epoch 5/24: 63.4% (1230/1940)
[2025-11-17 14:06:40][INFO][Rank 0] - train Epoch 5/24: 63.9% (1240/1940)
[2025-11-17 14:06:47][INFO][Rank 0] - train Epoch 5/24: 64.4% (1250/1940)
[2025-11-17 14:06:54][INFO][Rank 0] - train Epoch 5/24: 64.9% (1260/1940)
[2025-11-17 14:06:55][INFO][Rank 0] - CUDA Memory [train][Step 1260]: Device 0: Allocated: 3309.6 MB, Reserved: 117540.0 MB (Δ: +1687.0 MB)
[2025-11-17 14:07:01][INFO][Rank 0] - train Epoch 5/24: 65.5% (1270/1940)
[2025-11-17 14:07:08][INFO][Rank 0] - train Epoch 5/24: 66.0% (1280/1940)
[2025-11-17 14:07:15][INFO][Rank 0] - train Epoch 5/24: 66.5% (1290/1940)
[2025-11-17 14:07:22][INFO][Rank 0] - train Epoch 5/24: 67.0% (1300/1940)
[2025-11-17 14:07:29][INFO][Rank 0] - train Epoch 5/24: 67.5% (1310/1940)
[2025-11-17 14:07:36][INFO][Rank 0] - train Epoch 5/24: 68.0% (1320/1940)
[2025-11-17 14:07:44][INFO][Rank 0] - train Epoch 5/24: 68.6% (1330/1940)
[2025-11-17 14:07:51][INFO][Rank 0] - train Epoch 5/24: 69.1% (1340/1940)
[2025-11-17 14:07:58][INFO][Rank 0] - train Epoch 5/24: 69.6% (1350/1940)
[2025-11-17 14:07:58][INFO][Rank 0] - CUDA Memory [train][Step 1350]: Device 0: Allocated: 3309.6 MB, Reserved: 117540.0 MB (Δ: +1687.0 MB)
[2025-11-17 14:08:05][INFO][Rank 0] - train Epoch 5/24: 70.1% (1360/1940)
[2025-11-17 14:08:12][INFO][Rank 0] - train Epoch 5/24: 70.6% (1370/1940)
[2025-11-17 14:08:19][INFO][Rank 0] - train Epoch 5/24: 71.1% (1380/1940)
[2025-11-17 14:08:26][INFO][Rank 0] - train Epoch 5/24: 71.6% (1390/1940)
[2025-11-17 14:08:33][INFO][Rank 0] - train Epoch 5/24: 72.2% (1400/1940)
[2025-11-17 14:08:40][INFO][Rank 0] - train Epoch 5/24: 72.7% (1410/1940)
[2025-11-17 14:08:47][INFO][Rank 0] - train Epoch 5/24: 73.2% (1420/1940)
[2025-11-17 14:08:54][INFO][Rank 0] - train Epoch 5/24: 73.7% (1430/1940)
[2025-11-17 14:09:01][INFO][Rank 0] - train Epoch 5/24: 74.2% (1440/1940)
[2025-11-17 14:09:02][INFO][Rank 0] - CUDA Memory [train][Step 1440]: Device 0: Allocated: 3309.6 MB, Reserved: 117540.0 MB (Δ: +1687.0 MB)
[2025-11-17 14:09:08][INFO][Rank 0] - train Epoch 5/24: 74.7% (1450/1940)
[2025-11-17 14:09:15][INFO][Rank 0] - train Epoch 5/24: 75.3% (1460/1940)
[2025-11-17 14:09:22][INFO][Rank 0] - train Epoch 5/24: 75.8% (1470/1940)
[2025-11-17 14:09:30][INFO][Rank 0] - train Epoch 5/24: 76.3% (1480/1940)
[2025-11-17 14:09:37][INFO][Rank 0] - train Epoch 5/24: 76.8% (1490/1940)
[2025-11-17 14:09:44][INFO][Rank 0] - train Epoch 5/24: 77.3% (1500/1940)
[2025-11-17 14:09:51][INFO][Rank 0] - train Epoch 5/24: 77.8% (1510/1940)
[2025-11-17 14:09:58][INFO][Rank 0] - train Epoch 5/24: 78.4% (1520/1940)
[2025-11-17 14:10:05][INFO][Rank 0] - train Epoch 5/24: 78.9% (1530/1940)
[2025-11-17 14:10:06][INFO][Rank 0] - CUDA Memory [train][Step 1530]: Device 0: Allocated: 3309.6 MB, Reserved: 117540.0 MB (Δ: +1687.0 MB)
[2025-11-17 14:10:12][INFO][Rank 0] - train Epoch 5/24: 79.4% (1540/1940)
[2025-11-17 14:10:19][INFO][Rank 0] - train Epoch 5/24: 79.9% (1550/1940)
[2025-11-17 14:10:26][INFO][Rank 0] - train Epoch 5/24: 80.4% (1560/1940)
[2025-11-17 14:10:33][INFO][Rank 0] - train Epoch 5/24: 80.9% (1570/1940)
[2025-11-17 14:10:40][INFO][Rank 0] - train Epoch 5/24: 81.4% (1580/1940)
[2025-11-17 14:10:47][INFO][Rank 0] - train Epoch 5/24: 82.0% (1590/1940)
[2025-11-17 14:10:54][INFO][Rank 0] - train Epoch 5/24: 82.5% (1600/1940)
[2025-11-17 14:11:01][INFO][Rank 0] - train Epoch 5/24: 83.0% (1610/1940)
[2025-11-17 14:11:08][INFO][Rank 0] - train Epoch 5/24: 83.5% (1620/1940)
[2025-11-17 14:11:09][INFO][Rank 0] - CUDA Memory [train][Step 1620]: Device 0: Allocated: 3309.6 MB, Reserved: 117540.0 MB (Δ: +1687.0 MB)
[2025-11-17 14:11:15][INFO][Rank 0] - train Epoch 5/24: 84.0% (1630/1940)
[2025-11-17 14:11:23][INFO][Rank 0] - train Epoch 5/24: 84.5% (1640/1940)
[2025-11-17 14:11:30][INFO][Rank 0] - train Epoch 5/24: 85.1% (1650/1940)
[2025-11-17 14:11:37][INFO][Rank 0] - train Epoch 5/24: 85.6% (1660/1940)
[2025-11-17 14:11:44][INFO][Rank 0] - train Epoch 5/24: 86.1% (1670/1940)
[2025-11-17 14:11:51][INFO][Rank 0] - train Epoch 5/24: 86.6% (1680/1940)
[2025-11-17 14:11:58][INFO][Rank 0] - train Epoch 5/24: 87.1% (1690/1940)
[2025-11-17 14:12:05][INFO][Rank 0] - train Epoch 5/24: 87.6% (1700/1940)
[2025-11-17 14:12:12][INFO][Rank 0] - train Epoch 5/24: 88.1% (1710/1940)
[2025-11-17 14:12:13][INFO][Rank 0] - CUDA Memory [train][Step 1710]: Device 0: Allocated: 3309.6 MB, Reserved: 117540.0 MB (Δ: +1687.0 MB)
[2025-11-17 14:12:19][INFO][Rank 0] - train Epoch 5/24: 88.7% (1720/1940)
[2025-11-17 14:12:26][INFO][Rank 0] - train Epoch 5/24: 89.2% (1730/1940)
[2025-11-17 14:12:33][INFO][Rank 0] - train Epoch 5/24: 89.7% (1740/1940)
[2025-11-17 14:12:40][INFO][Rank 0] - train Epoch 5/24: 90.2% (1750/1940)
[2025-11-17 14:12:47][INFO][Rank 0] - train Epoch 5/24: 90.7% (1760/1940)
[2025-11-17 14:12:54][INFO][Rank 0] - train Epoch 5/24: 91.2% (1770/1940)
[2025-11-17 14:13:01][INFO][Rank 0] - train Epoch 5/24: 91.8% (1780/1940)
[2025-11-17 14:13:08][INFO][Rank 0] - train Epoch 5/24: 92.3% (1790/1940)
[2025-11-17 14:13:16][INFO][Rank 0] - train Epoch 5/24: 92.8% (1800/1940)
[2025-11-17 14:13:16][INFO][Rank 0] - CUDA Memory [train][Step 1800]: Device 0: Allocated: 3309.6 MB, Reserved: 117540.0 MB (Δ: +1687.0 MB)
[2025-11-17 14:13:23][INFO][Rank 0] - train Epoch 5/24: 93.3% (1810/1940)
[2025-11-17 14:13:30][INFO][Rank 0] - train Epoch 5/24: 93.8% (1820/1940)
[2025-11-17 14:13:37][INFO][Rank 0] - train Epoch 5/24: 94.3% (1830/1940)
[2025-11-17 14:13:44][INFO][Rank 0] - train Epoch 5/24: 94.8% (1840/1940)
[2025-11-17 14:13:51][INFO][Rank 0] - train Epoch 5/24: 95.4% (1850/1940)
[2025-11-17 14:13:58][INFO][Rank 0] - train Epoch 5/24: 95.9% (1860/1940)
[2025-11-17 14:14:05][INFO][Rank 0] - train Epoch 5/24: 96.4% (1870/1940)
[2025-11-17 14:14:12][INFO][Rank 0] - train Epoch 5/24: 96.9% (1880/1940)
[2025-11-17 14:14:19][INFO][Rank 0] - train Epoch 5/24: 97.4% (1890/1940)
[2025-11-17 14:14:20][INFO][Rank 0] - CUDA Memory [train][Step 1890]: Device 0: Allocated: 3309.6 MB, Reserved: 117540.0 MB (Δ: +1687.0 MB)
[2025-11-17 14:14:26][INFO][Rank 0] - train Epoch 5/24: 97.9% (1900/1940)
[2025-11-17 14:14:33][INFO][Rank 0] - train Epoch 5/24: 98.5% (1910/1940)
[2025-11-17 14:14:40][INFO][Rank 0] - train Epoch 5/24: 99.0% (1920/1940)
[2025-11-17 14:14:47][INFO][Rank 0] - train Epoch 5/24: 99.5% (1930/1940)
[2025-11-17 14:14:54][INFO][Rank 0] - train Epoch 5/24: 99.9% (1939/1940)
[2025-11-17 14:14:54][INFO][Rank 0] - train Loss: 0.1903 Acc: 0.9729 F1: 0.9860
[2025-11-17 14:14:54][INFO][Rank 0] - train Balanced Acc: 0.8628 AUC-ROC: 0.9621
[2025-11-17 14:14:54][INFO][Rank 0] - train Sensitivity: 0.9790 Specificity: 0.7466
[2025-11-17 14:14:54][INFO][Rank 0] - train Confusion Matrix: TP=18491, FP=130, FN=396, TN=383
[2025-11-17 14:14:54][INFO][Rank 0] - train completed in 1370.98s
[2025-11-17 14:14:54][INFO][Rank 0] - Data loading time: 1.23s, Forward time: 278.84s, Backward time: 743.23s
[2025-11-17 14:14:54][INFO][Rank 0] - train cache: 0/1 items, hit rate: 0.00%
[2025-11-17 14:14:54][INFO][Rank 0] - CUDA Memory [val][Step 0]: Device 0: Allocated: 3309.6 MB, Reserved: 117540.0 MB (Δ: +1687.0 MB)
[2025-11-17 14:14:54][INFO][Rank 0] - val phase: total 407 batches
[2025-11-17 14:14:55][INFO][Rank 0] - val Epoch 5/24: 0.0% (0/407)
[2025-11-17 14:15:00][INFO][Rank 0] - val Epoch 5/24: 2.5% (10/407)
[2025-11-17 14:15:05][INFO][Rank 0] - val Epoch 5/24: 4.9% (20/407)
[2025-11-17 14:15:10][INFO][Rank 0] - val Epoch 5/24: 7.4% (30/407)
[2025-11-17 14:15:15][INFO][Rank 0] - val Epoch 5/24: 9.8% (40/407)
[2025-11-17 14:15:19][INFO][Rank 0] - val Epoch 5/24: 12.3% (50/407)
[2025-11-17 14:15:24][INFO][Rank 0] - val Epoch 5/24: 14.7% (60/407)
[2025-11-17 14:15:29][INFO][Rank 0] - val Epoch 5/24: 17.2% (70/407)
[2025-11-17 14:15:34][INFO][Rank 0] - val Epoch 5/24: 19.7% (80/407)
[2025-11-17 14:15:39][INFO][Rank 0] - val Epoch 5/24: 22.1% (90/407)
[2025-11-17 14:15:44][INFO][Rank 0] - val Epoch 5/24: 24.6% (100/407)
[2025-11-17 14:15:49][INFO][Rank 0] - val Epoch 5/24: 27.0% (110/407)
[2025-11-17 14:15:54][INFO][Rank 0] - val Epoch 5/24: 29.5% (120/407)
[2025-11-17 14:15:55][INFO][Rank 0] - CUDA Memory [val][Step 120]: Device 0: Allocated: 3309.6 MB, Reserved: 117540.0 MB (Δ: +1687.0 MB)
[2025-11-17 14:15:59][INFO][Rank 0] - val Epoch 5/24: 31.9% (130/407)
[2025-11-17 14:16:04][INFO][Rank 0] - val Epoch 5/24: 34.4% (140/407)
[2025-11-17 14:16:09][INFO][Rank 0] - val Epoch 5/24: 36.9% (150/407)
[2025-11-17 14:16:14][INFO][Rank 0] - val Epoch 5/24: 39.3% (160/407)
[2025-11-17 14:16:19][INFO][Rank 0] - val Epoch 5/24: 41.8% (170/407)
[2025-11-17 14:16:24][INFO][Rank 0] - val Epoch 5/24: 44.2% (180/407)
[2025-11-17 14:16:29][INFO][Rank 0] - val Epoch 5/24: 46.7% (190/407)
[2025-11-17 14:16:34][INFO][Rank 0] - val Epoch 5/24: 49.1% (200/407)
[2025-11-17 14:16:39][INFO][Rank 0] - val Epoch 5/24: 51.6% (210/407)
[2025-11-17 14:16:44][INFO][Rank 0] - val Epoch 5/24: 54.1% (220/407)
[2025-11-17 14:16:49][INFO][Rank 0] - val Epoch 5/24: 56.5% (230/407)
[2025-11-17 14:16:54][INFO][Rank 0] - val Epoch 5/24: 59.0% (240/407)
[2025-11-17 14:16:59][INFO][Rank 0] - val Epoch 5/24: 61.4% (250/407)
[2025-11-17 14:17:04][INFO][Rank 0] - val Epoch 5/24: 63.9% (260/407)
[2025-11-17 14:17:09][INFO][Rank 0] - val Epoch 5/24: 66.3% (270/407)
[2025-11-17 14:17:09][INFO][Rank 0] - CUDA Memory [val][Step 270]: Device 0: Allocated: 3309.6 MB, Reserved: 117540.0 MB (Δ: +1687.0 MB)
[2025-11-17 14:17:14][INFO][Rank 0] - val Epoch 5/24: 68.8% (280/407)
[2025-11-17 14:17:19][INFO][Rank 0] - val Epoch 5/24: 71.3% (290/407)
[2025-11-17 14:17:24][INFO][Rank 0] - val Epoch 5/24: 73.7% (300/407)
[2025-11-17 14:17:29][INFO][Rank 0] - val Epoch 5/24: 76.2% (310/407)
[2025-11-17 14:17:34][INFO][Rank 0] - val Epoch 5/24: 78.6% (320/407)
[2025-11-17 14:17:39][INFO][Rank 0] - val Epoch 5/24: 81.1% (330/407)
[2025-11-17 14:17:44][INFO][Rank 0] - val Epoch 5/24: 83.5% (340/407)
[2025-11-17 14:17:49][INFO][Rank 0] - val Epoch 5/24: 86.0% (350/407)
[2025-11-17 14:17:54][INFO][Rank 0] - val Epoch 5/24: 88.5% (360/407)
[2025-11-17 14:17:59][INFO][Rank 0] - val Epoch 5/24: 90.9% (370/407)
[2025-11-17 14:18:04][INFO][Rank 0] - val Epoch 5/24: 93.4% (380/407)
[2025-11-17 14:18:09][INFO][Rank 0] - val Epoch 5/24: 95.8% (390/407)
[2025-11-17 14:18:14][INFO][Rank 0] - val Epoch 5/24: 98.3% (400/407)
[2025-11-17 14:18:17][INFO][Rank 0] - val Epoch 5/24: 99.8% (406/407)
[2025-11-17 14:18:17][INFO][Rank 0] - val Loss: 0.0980 Acc: 0.9762 F1: 0.9877
[2025-11-17 14:18:17][INFO][Rank 0] - val Balanced Acc: 0.8741 AUC-ROC: 0.9812
[2025-11-17 14:18:17][INFO][Rank 0] - val Sensitivity: 0.9807 Specificity: 0.7674
[2025-11-17 14:18:17][INFO][Rank 0] - val Confusion Matrix: TP=3907, FP=20, FN=77, TN=66
[2025-11-17 14:18:17][INFO][Rank 0] - val completed in 202.66s
[2025-11-17 14:18:17][INFO][Rank 0] - val cache: 0/1 items, hit rate: 0.00%
[2025-11-17 14:18:21][INFO][Rank 0] - Saved new best auc model with auc: 0.9812 at /projects/retprogression/rgarridogarcia/checkpoints/cropped1024_cropped_centered_wt_allR_1/best_auc_model.pth
[2025-11-17 14:18:25][INFO][Rank 0] - Saved epoch checkpoint at /projects/retprogression/rgarridogarcia/checkpoints/cropped1024_cropped_centered_wt_allR_1/epoch_5.pth
[2025-11-17 14:18:25][INFO][Rank 0] - Epoch 5 summary:
[2025-11-17 14:18:25][INFO][Rank 0] -  Train Loss: 0.1903, Train Acc: 0.9729, Train F1: 0.9860
[2025-11-17 14:18:25][INFO][Rank 0] -  Train Balanced Acc: 0.8628, Train AUC: 0.9621
[2025-11-17 14:18:25][INFO][Rank 0] -  Train Sensitivity: 0.9790, Train Specificity: 0.7466
[2025-11-17 14:18:25][INFO][Rank 0] -  Val Loss: 0.0980, Val Acc: 0.9762, Val F1: 0.9877
[2025-11-17 14:18:25][INFO][Rank 0] -  Val Balanced Acc: 0.8741, Val AUC: 0.9812
[2025-11-17 14:18:25][INFO][Rank 0] -  Val Sensitivity: 0.9807, Val Specificity: 0.7674
[2025-11-17 14:18:25][INFO][Rank 0] -  Total Epoch Time: 1581.61s
[2025-11-17 14:18:25][INFO][Rank 0] - Epoch 6/24
[2025-11-17 14:18:25][INFO][Rank 0] - ----------
[2025-11-17 14:18:25][INFO][Rank 0] - CUDA Memory [train][Step 0]: Device 0: Allocated: 3309.6 MB, Reserved: 117540.0 MB (Δ: +1687.0 MB)
[2025-11-17 14:18:25][INFO][Rank 0] - train phase: total 1940 batches
[2025-11-17 14:18:25][INFO][Rank 0] - train Epoch 6/24: 0.0% (0/1940)
[2025-11-17 14:18:33][INFO][Rank 0] - train Epoch 6/24: 0.5% (10/1940)
[2025-11-17 14:18:40][INFO][Rank 0] - train Epoch 6/24: 1.0% (20/1940)
[2025-11-17 14:18:47][INFO][Rank 0] - train Epoch 6/24: 1.5% (30/1940)
[2025-11-17 14:18:54][INFO][Rank 0] - train Epoch 6/24: 2.1% (40/1940)
[2025-11-17 14:19:01][INFO][Rank 0] - train Epoch 6/24: 2.6% (50/1940)
[2025-11-17 14:19:08][INFO][Rank 0] - train Epoch 6/24: 3.1% (60/1940)
[2025-11-17 14:19:15][INFO][Rank 0] - train Epoch 6/24: 3.6% (70/1940)
[2025-11-17 14:19:22][INFO][Rank 0] - train Epoch 6/24: 4.1% (80/1940)
[2025-11-17 14:19:29][INFO][Rank 0] - train Epoch 6/24: 4.6% (90/1940)
[2025-11-17 14:19:30][INFO][Rank 0] - CUDA Memory [train][Step 90]: Device 0: Allocated: 3309.6 MB, Reserved: 117540.0 MB (Δ: +1687.0 MB)
[2025-11-17 14:19:36][INFO][Rank 0] - train Epoch 6/24: 5.2% (100/1940)
[2025-11-17 14:19:43][INFO][Rank 0] - train Epoch 6/24: 5.7% (110/1940)
[2025-11-17 14:19:50][INFO][Rank 0] - train Epoch 6/24: 6.2% (120/1940)
[2025-11-17 14:19:57][INFO][Rank 0] - train Epoch 6/24: 6.7% (130/1940)
[2025-11-17 14:20:04][INFO][Rank 0] - train Epoch 6/24: 7.2% (140/1940)
[2025-11-17 14:20:11][INFO][Rank 0] - train Epoch 6/24: 7.7% (150/1940)
[2025-11-17 14:20:19][INFO][Rank 0] - train Epoch 6/24: 8.2% (160/1940)
[2025-11-17 14:20:26][INFO][Rank 0] - train Epoch 6/24: 8.8% (170/1940)
[2025-11-17 14:20:33][INFO][Rank 0] - train Epoch 6/24: 9.3% (180/1940)
[2025-11-17 14:20:33][INFO][Rank 0] - CUDA Memory [train][Step 180]: Device 0: Allocated: 3309.6 MB, Reserved: 117540.0 MB (Δ: +1687.0 MB)
[2025-11-17 14:20:40][INFO][Rank 0] - train Epoch 6/24: 9.8% (190/1940)
[2025-11-17 14:20:47][INFO][Rank 0] - train Epoch 6/24: 10.3% (200/1940)
[2025-11-17 14:20:54][INFO][Rank 0] - train Epoch 6/24: 10.8% (210/1940)
[2025-11-17 14:21:01][INFO][Rank 0] - train Epoch 6/24: 11.3% (220/1940)
[2025-11-17 14:21:08][INFO][Rank 0] - train Epoch 6/24: 11.9% (230/1940)
[2025-11-17 14:21:15][INFO][Rank 0] - train Epoch 6/24: 12.4% (240/1940)
[2025-11-17 14:21:22][INFO][Rank 0] - train Epoch 6/24: 12.9% (250/1940)
[2025-11-17 14:21:29][INFO][Rank 0] - train Epoch 6/24: 13.4% (260/1940)
[2025-11-17 14:21:36][INFO][Rank 0] - train Epoch 6/24: 13.9% (270/1940)
[2025-11-17 14:21:37][INFO][Rank 0] - CUDA Memory [train][Step 270]: Device 0: Allocated: 3309.6 MB, Reserved: 117540.0 MB (Δ: +1687.0 MB)
[2025-11-17 14:21:43][INFO][Rank 0] - train Epoch 6/24: 14.4% (280/1940)
[2025-11-17 14:21:50][INFO][Rank 0] - train Epoch 6/24: 14.9% (290/1940)
[2025-11-17 14:21:57][INFO][Rank 0] - train Epoch 6/24: 15.5% (300/1940)
[2025-11-17 14:22:05][INFO][Rank 0] - train Epoch 6/24: 16.0% (310/1940)
[2025-11-17 14:22:12][INFO][Rank 0] - train Epoch 6/24: 16.5% (320/1940)
[2025-11-17 14:22:19][INFO][Rank 0] - train Epoch 6/24: 17.0% (330/1940)
[2025-11-17 14:22:26][INFO][Rank 0] - train Epoch 6/24: 17.5% (340/1940)
[2025-11-17 14:22:33][INFO][Rank 0] - train Epoch 6/24: 18.0% (350/1940)
[2025-11-17 14:22:40][INFO][Rank 0] - train Epoch 6/24: 18.6% (360/1940)
[2025-11-17 14:22:41][INFO][Rank 0] - CUDA Memory [train][Step 360]: Device 0: Allocated: 3309.6 MB, Reserved: 117540.0 MB (Δ: +1687.0 MB)
[2025-11-17 14:22:47][INFO][Rank 0] - train Epoch 6/24: 19.1% (370/1940)
[2025-11-17 14:22:54][INFO][Rank 0] - train Epoch 6/24: 19.6% (380/1940)
[2025-11-17 14:23:01][INFO][Rank 0] - train Epoch 6/24: 20.1% (390/1940)
[2025-11-17 14:23:08][INFO][Rank 0] - train Epoch 6/24: 20.6% (400/1940)
[2025-11-17 14:23:15][INFO][Rank 0] - train Epoch 6/24: 21.1% (410/1940)
[2025-11-17 14:23:22][INFO][Rank 0] - train Epoch 6/24: 21.6% (420/1940)
[2025-11-17 14:23:29][INFO][Rank 0] - train Epoch 6/24: 22.2% (430/1940)
[2025-11-17 14:23:36][INFO][Rank 0] - train Epoch 6/24: 22.7% (440/1940)
[2025-11-17 14:23:43][INFO][Rank 0] - train Epoch 6/24: 23.2% (450/1940)
[2025-11-17 14:23:44][INFO][Rank 0] - CUDA Memory [train][Step 450]: Device 0: Allocated: 3309.6 MB, Reserved: 117540.0 MB (Δ: +1687.0 MB)
[2025-11-17 14:23:50][INFO][Rank 0] - train Epoch 6/24: 23.7% (460/1940)
[2025-11-17 14:23:58][INFO][Rank 0] - train Epoch 6/24: 24.2% (470/1940)
[2025-11-17 14:24:05][INFO][Rank 0] - train Epoch 6/24: 24.7% (480/1940)
[2025-11-17 14:24:12][INFO][Rank 0] - train Epoch 6/24: 25.3% (490/1940)
[2025-11-17 14:24:19][INFO][Rank 0] - train Epoch 6/24: 25.8% (500/1940)
[2025-11-17 14:24:26][INFO][Rank 0] - train Epoch 6/24: 26.3% (510/1940)
[2025-11-17 14:24:33][INFO][Rank 0] - train Epoch 6/24: 26.8% (520/1940)
[2025-11-17 14:24:40][INFO][Rank 0] - train Epoch 6/24: 27.3% (530/1940)
[2025-11-17 14:24:47][INFO][Rank 0] - train Epoch 6/24: 27.8% (540/1940)
[2025-11-17 14:24:48][INFO][Rank 0] - CUDA Memory [train][Step 540]: Device 0: Allocated: 3309.6 MB, Reserved: 117540.0 MB (Δ: +1687.0 MB)
[2025-11-17 14:24:54][INFO][Rank 0] - train Epoch 6/24: 28.4% (550/1940)
[2025-11-17 14:25:01][INFO][Rank 0] - train Epoch 6/24: 28.9% (560/1940)
[2025-11-17 14:25:08][INFO][Rank 0] - train Epoch 6/24: 29.4% (570/1940)
[2025-11-17 14:25:15][INFO][Rank 0] - train Epoch 6/24: 29.9% (580/1940)
[2025-11-17 14:25:22][INFO][Rank 0] - train Epoch 6/24: 30.4% (590/1940)
[2025-11-17 14:25:29][INFO][Rank 0] - train Epoch 6/24: 30.9% (600/1940)
[2025-11-17 14:25:36][INFO][Rank 0] - train Epoch 6/24: 31.4% (610/1940)
[2025-11-17 14:25:44][INFO][Rank 0] - train Epoch 6/24: 32.0% (620/1940)
[2025-11-17 14:25:51][INFO][Rank 0] - train Epoch 6/24: 32.5% (630/1940)
[2025-11-17 14:25:51][INFO][Rank 0] - CUDA Memory [train][Step 630]: Device 0: Allocated: 3309.6 MB, Reserved: 117540.0 MB (Δ: +1687.0 MB)
[2025-11-17 14:25:58][INFO][Rank 0] - train Epoch 6/24: 33.0% (640/1940)
[2025-11-17 14:26:05][INFO][Rank 0] - train Epoch 6/24: 33.5% (650/1940)
[2025-11-17 14:26:12][INFO][Rank 0] - train Epoch 6/24: 34.0% (660/1940)
[2025-11-17 14:26:19][INFO][Rank 0] - train Epoch 6/24: 34.5% (670/1940)
[2025-11-17 14:26:26][INFO][Rank 0] - train Epoch 6/24: 35.1% (680/1940)
[2025-11-17 14:26:33][INFO][Rank 0] - train Epoch 6/24: 35.6% (690/1940)
[2025-11-17 14:26:40][INFO][Rank 0] - train Epoch 6/24: 36.1% (700/1940)
[2025-11-17 14:26:47][INFO][Rank 0] - train Epoch 6/24: 36.6% (710/1940)
[2025-11-17 14:26:54][INFO][Rank 0] - train Epoch 6/24: 37.1% (720/1940)
[2025-11-17 14:26:55][INFO][Rank 0] - CUDA Memory [train][Step 720]: Device 0: Allocated: 3309.6 MB, Reserved: 117540.0 MB (Δ: +1687.0 MB)
[2025-11-17 14:27:01][INFO][Rank 0] - train Epoch 6/24: 37.6% (730/1940)
[2025-11-17 14:27:08][INFO][Rank 0] - train Epoch 6/24: 38.1% (740/1940)
[2025-11-17 14:27:15][INFO][Rank 0] - train Epoch 6/24: 38.7% (750/1940)
[2025-11-17 14:27:22][INFO][Rank 0] - train Epoch 6/24: 39.2% (760/1940)
[2025-11-17 14:27:30][INFO][Rank 0] - train Epoch 6/24: 39.7% (770/1940)
[2025-11-17 14:27:37][INFO][Rank 0] - train Epoch 6/24: 40.2% (780/1940)
[2025-11-17 14:27:44][INFO][Rank 0] - train Epoch 6/24: 40.7% (790/1940)
[2025-11-17 14:27:51][INFO][Rank 0] - train Epoch 6/24: 41.2% (800/1940)
[2025-11-17 14:27:58][INFO][Rank 0] - train Epoch 6/24: 41.8% (810/1940)
[2025-11-17 14:27:59][INFO][Rank 0] - CUDA Memory [train][Step 810]: Device 0: Allocated: 3309.6 MB, Reserved: 117540.0 MB (Δ: +1687.0 MB)
[2025-11-17 14:28:05][INFO][Rank 0] - train Epoch 6/24: 42.3% (820/1940)
[2025-11-17 14:28:12][INFO][Rank 0] - train Epoch 6/24: 42.8% (830/1940)
[2025-11-17 14:28:19][INFO][Rank 0] - train Epoch 6/24: 43.3% (840/1940)
[2025-11-17 14:28:26][INFO][Rank 0] - train Epoch 6/24: 43.8% (850/1940)
[2025-11-17 14:28:33][INFO][Rank 0] - train Epoch 6/24: 44.3% (860/1940)
[2025-11-17 14:28:40][INFO][Rank 0] - train Epoch 6/24: 44.8% (870/1940)
[2025-11-17 14:28:47][INFO][Rank 0] - train Epoch 6/24: 45.4% (880/1940)
[2025-11-17 14:28:54][INFO][Rank 0] - train Epoch 6/24: 45.9% (890/1940)
[2025-11-17 14:29:01][INFO][Rank 0] - train Epoch 6/24: 46.4% (900/1940)
[2025-11-17 14:29:02][INFO][Rank 0] - CUDA Memory [train][Step 900]: Device 0: Allocated: 3309.6 MB, Reserved: 117540.0 MB (Δ: +1687.0 MB)
[2025-11-17 14:29:08][INFO][Rank 0] - train Epoch 6/24: 46.9% (910/1940)
[2025-11-17 14:29:16][INFO][Rank 0] - train Epoch 6/24: 47.4% (920/1940)
[2025-11-17 14:29:23][INFO][Rank 0] - train Epoch 6/24: 47.9% (930/1940)
[2025-11-17 14:29:30][INFO][Rank 0] - train Epoch 6/24: 48.5% (940/1940)
[2025-11-17 14:29:37][INFO][Rank 0] - train Epoch 6/24: 49.0% (950/1940)
[2025-11-17 14:29:44][INFO][Rank 0] - train Epoch 6/24: 49.5% (960/1940)
[2025-11-17 14:29:51][INFO][Rank 0] - train Epoch 6/24: 50.0% (970/1940)
[2025-11-17 14:29:58][INFO][Rank 0] - train Epoch 6/24: 50.5% (980/1940)
[2025-11-17 14:30:05][INFO][Rank 0] - train Epoch 6/24: 51.0% (990/1940)
[2025-11-17 14:30:06][INFO][Rank 0] - CUDA Memory [train][Step 990]: Device 0: Allocated: 3309.6 MB, Reserved: 117540.0 MB (Δ: +1687.0 MB)
[2025-11-17 14:30:12][INFO][Rank 0] - train Epoch 6/24: 51.5% (1000/1940)
[2025-11-17 14:30:19][INFO][Rank 0] - train Epoch 6/24: 52.1% (1010/1940)
[2025-11-17 14:30:26][INFO][Rank 0] - train Epoch 6/24: 52.6% (1020/1940)
[2025-11-17 14:30:33][INFO][Rank 0] - train Epoch 6/24: 53.1% (1030/1940)
[2025-11-17 14:30:40][INFO][Rank 0] - train Epoch 6/24: 53.6% (1040/1940)
[2025-11-17 14:30:47][INFO][Rank 0] - train Epoch 6/24: 54.1% (1050/1940)
[2025-11-17 14:30:54][INFO][Rank 0] - train Epoch 6/24: 54.6% (1060/1940)
[2025-11-17 14:31:02][INFO][Rank 0] - train Epoch 6/24: 55.2% (1070/1940)
[2025-11-17 14:31:09][INFO][Rank 0] - train Epoch 6/24: 55.7% (1080/1940)
[2025-11-17 14:31:09][INFO][Rank 0] - CUDA Memory [train][Step 1080]: Device 0: Allocated: 3309.6 MB, Reserved: 117540.0 MB (Δ: +1687.0 MB)
[2025-11-17 14:31:16][INFO][Rank 0] - train Epoch 6/24: 56.2% (1090/1940)
[2025-11-17 14:31:23][INFO][Rank 0] - train Epoch 6/24: 56.7% (1100/1940)
[2025-11-17 14:31:30][INFO][Rank 0] - train Epoch 6/24: 57.2% (1110/1940)
[2025-11-17 14:31:37][INFO][Rank 0] - train Epoch 6/24: 57.7% (1120/1940)
[2025-11-17 14:31:44][INFO][Rank 0] - train Epoch 6/24: 58.2% (1130/1940)
[2025-11-17 14:31:51][INFO][Rank 0] - train Epoch 6/24: 58.8% (1140/1940)
[2025-11-17 14:31:58][INFO][Rank 0] - train Epoch 6/24: 59.3% (1150/1940)
[2025-11-17 14:32:05][INFO][Rank 0] - train Epoch 6/24: 59.8% (1160/1940)
[2025-11-17 14:32:12][INFO][Rank 0] - train Epoch 6/24: 60.3% (1170/1940)
[2025-11-17 14:32:13][INFO][Rank 0] - CUDA Memory [train][Step 1170]: Device 0: Allocated: 3309.6 MB, Reserved: 117540.0 MB (Δ: +1687.0 MB)
[2025-11-17 14:32:19][INFO][Rank 0] - train Epoch 6/24: 60.8% (1180/1940)
[2025-11-17 14:32:26][INFO][Rank 0] - train Epoch 6/24: 61.3% (1190/1940)
[2025-11-17 14:32:33][INFO][Rank 0] - train Epoch 6/24: 61.9% (1200/1940)
[2025-11-17 14:32:40][INFO][Rank 0] - train Epoch 6/24: 62.4% (1210/1940)
[2025-11-17 14:32:48][INFO][Rank 0] - train Epoch 6/24: 62.9% (1220/1940)
[2025-11-17 14:32:55][INFO][Rank 0] - train Epoch 6/24: 63.4% (1230/1940)
[2025-11-17 14:33:02][INFO][Rank 0] - train Epoch 6/24: 63.9% (1240/1940)
[2025-11-17 14:33:09][INFO][Rank 0] - train Epoch 6/24: 64.4% (1250/1940)
[2025-11-17 14:33:16][INFO][Rank 0] - train Epoch 6/24: 64.9% (1260/1940)
[2025-11-17 14:33:16][INFO][Rank 0] - CUDA Memory [train][Step 1260]: Device 0: Allocated: 3309.6 MB, Reserved: 117540.0 MB (Δ: +1687.0 MB)
[2025-11-17 14:33:23][INFO][Rank 0] - train Epoch 6/24: 65.5% (1270/1940)
[2025-11-17 14:33:30][INFO][Rank 0] - train Epoch 6/24: 66.0% (1280/1940)
[2025-11-17 14:33:37][INFO][Rank 0] - train Epoch 6/24: 66.5% (1290/1940)
[2025-11-17 14:33:44][INFO][Rank 0] - train Epoch 6/24: 67.0% (1300/1940)
[2025-11-17 14:33:51][INFO][Rank 0] - train Epoch 6/24: 67.5% (1310/1940)
[2025-11-17 14:33:58][INFO][Rank 0] - train Epoch 6/24: 68.0% (1320/1940)
[2025-11-17 14:34:05][INFO][Rank 0] - train Epoch 6/24: 68.6% (1330/1940)
[2025-11-17 14:34:12][INFO][Rank 0] - train Epoch 6/24: 69.1% (1340/1940)
[2025-11-17 14:34:19][INFO][Rank 0] - train Epoch 6/24: 69.6% (1350/1940)
[2025-11-17 14:34:20][INFO][Rank 0] - CUDA Memory [train][Step 1350]: Device 0: Allocated: 3309.6 MB, Reserved: 117540.0 MB (Δ: +1687.0 MB)
[2025-11-17 14:34:26][INFO][Rank 0] - train Epoch 6/24: 70.1% (1360/1940)
[2025-11-17 14:34:33][INFO][Rank 0] - train Epoch 6/24: 70.6% (1370/1940)
[2025-11-17 14:34:41][INFO][Rank 0] - train Epoch 6/24: 71.1% (1380/1940)
[2025-11-17 14:34:48][INFO][Rank 0] - train Epoch 6/24: 71.6% (1390/1940)
[2025-11-17 14:34:55][INFO][Rank 0] - train Epoch 6/24: 72.2% (1400/1940)
[2025-11-17 14:35:02][INFO][Rank 0] - train Epoch 6/24: 72.7% (1410/1940)
[2025-11-17 14:35:09][INFO][Rank 0] - train Epoch 6/24: 73.2% (1420/1940)
[2025-11-17 14:35:16][INFO][Rank 0] - train Epoch 6/24: 73.7% (1430/1940)
[2025-11-17 14:35:23][INFO][Rank 0] - train Epoch 6/24: 74.2% (1440/1940)
[2025-11-17 14:35:24][INFO][Rank 0] - CUDA Memory [train][Step 1440]: Device 0: Allocated: 3309.6 MB, Reserved: 117540.0 MB (Δ: +1687.0 MB)
[2025-11-17 14:35:30][INFO][Rank 0] - train Epoch 6/24: 74.7% (1450/1940)
[2025-11-17 14:35:37][INFO][Rank 0] - train Epoch 6/24: 75.3% (1460/1940)
[2025-11-17 14:35:44][INFO][Rank 0] - train Epoch 6/24: 75.8% (1470/1940)
[2025-11-17 14:35:51][INFO][Rank 0] - train Epoch 6/24: 76.3% (1480/1940)
[2025-11-17 14:35:58][INFO][Rank 0] - train Epoch 6/24: 76.8% (1490/1940)
[2025-11-17 14:36:05][INFO][Rank 0] - train Epoch 6/24: 77.3% (1500/1940)
[2025-11-17 14:36:12][INFO][Rank 0] - train Epoch 6/24: 77.8% (1510/1940)
[2025-11-17 14:36:19][INFO][Rank 0] - train Epoch 6/24: 78.4% (1520/1940)
[2025-11-17 14:36:27][INFO][Rank 0] - train Epoch 6/24: 78.9% (1530/1940)
[2025-11-17 14:36:27][INFO][Rank 0] - CUDA Memory [train][Step 1530]: Device 0: Allocated: 3309.6 MB, Reserved: 117540.0 MB (Δ: +1687.0 MB)
[2025-11-17 14:36:34][INFO][Rank 0] - train Epoch 6/24: 79.4% (1540/1940)
[2025-11-17 14:36:41][INFO][Rank 0] - train Epoch 6/24: 79.9% (1550/1940)
[2025-11-17 14:36:48][INFO][Rank 0] - train Epoch 6/24: 80.4% (1560/1940)
[2025-11-17 14:36:55][INFO][Rank 0] - train Epoch 6/24: 80.9% (1570/1940)
[2025-11-17 14:37:02][INFO][Rank 0] - train Epoch 6/24: 81.4% (1580/1940)
[2025-11-17 14:37:09][INFO][Rank 0] - train Epoch 6/24: 82.0% (1590/1940)
[2025-11-17 14:37:16][INFO][Rank 0] - train Epoch 6/24: 82.5% (1600/1940)
[2025-11-17 14:37:23][INFO][Rank 0] - train Epoch 6/24: 83.0% (1610/1940)
[2025-11-17 14:37:30][INFO][Rank 0] - train Epoch 6/24: 83.5% (1620/1940)
[2025-11-17 14:37:31][INFO][Rank 0] - CUDA Memory [train][Step 1620]: Device 0: Allocated: 3309.6 MB, Reserved: 117540.0 MB (Δ: +1687.0 MB)
[2025-11-17 14:37:37][INFO][Rank 0] - train Epoch 6/24: 84.0% (1630/1940)
[2025-11-17 14:37:44][INFO][Rank 0] - train Epoch 6/24: 84.5% (1640/1940)
[2025-11-17 14:37:51][INFO][Rank 0] - train Epoch 6/24: 85.1% (1650/1940)
[2025-11-17 14:37:58][INFO][Rank 0] - train Epoch 6/24: 85.6% (1660/1940)
[2025-11-17 14:38:05][INFO][Rank 0] - train Epoch 6/24: 86.1% (1670/1940)
[2025-11-17 14:38:13][INFO][Rank 0] - train Epoch 6/24: 86.6% (1680/1940)
[2025-11-17 14:38:20][INFO][Rank 0] - train Epoch 6/24: 87.1% (1690/1940)
[2025-11-17 14:38:27][INFO][Rank 0] - train Epoch 6/24: 87.6% (1700/1940)
[2025-11-17 14:38:34][INFO][Rank 0] - train Epoch 6/24: 88.1% (1710/1940)
[2025-11-17 14:38:34][INFO][Rank 0] - CUDA Memory [train][Step 1710]: Device 0: Allocated: 3309.6 MB, Reserved: 117540.0 MB (Δ: +1687.0 MB)
[2025-11-17 14:38:41][INFO][Rank 0] - train Epoch 6/24: 88.7% (1720/1940)
[2025-11-17 14:38:48][INFO][Rank 0] - train Epoch 6/24: 89.2% (1730/1940)
[2025-11-17 14:38:55][INFO][Rank 0] - train Epoch 6/24: 89.7% (1740/1940)
[2025-11-17 14:39:02][INFO][Rank 0] - train Epoch 6/24: 90.2% (1750/1940)
[2025-11-17 14:39:09][INFO][Rank 0] - train Epoch 6/24: 90.7% (1760/1940)
[2025-11-17 14:39:16][INFO][Rank 0] - train Epoch 6/24: 91.2% (1770/1940)
[2025-11-17 14:39:23][INFO][Rank 0] - train Epoch 6/24: 91.8% (1780/1940)
[2025-11-17 14:39:30][INFO][Rank 0] - train Epoch 6/24: 92.3% (1790/1940)
[2025-11-17 14:39:37][INFO][Rank 0] - train Epoch 6/24: 92.8% (1800/1940)
[2025-11-17 14:39:38][INFO][Rank 0] - CUDA Memory [train][Step 1800]: Device 0: Allocated: 3309.6 MB, Reserved: 117540.0 MB (Δ: +1687.0 MB)
[2025-11-17 14:39:44][INFO][Rank 0] - train Epoch 6/24: 93.3% (1810/1940)
[2025-11-17 14:39:51][INFO][Rank 0] - train Epoch 6/24: 93.8% (1820/1940)
[2025-11-17 14:39:58][INFO][Rank 0] - train Epoch 6/24: 94.3% (1830/1940)
[2025-11-17 14:40:06][INFO][Rank 0] - train Epoch 6/24: 94.8% (1840/1940)
[2025-11-17 14:40:13][INFO][Rank 0] - train Epoch 6/24: 95.4% (1850/1940)
[2025-11-17 14:40:20][INFO][Rank 0] - train Epoch 6/24: 95.9% (1860/1940)
[2025-11-17 14:40:27][INFO][Rank 0] - train Epoch 6/24: 96.4% (1870/1940)
[2025-11-17 14:40:34][INFO][Rank 0] - train Epoch 6/24: 96.9% (1880/1940)
[2025-11-17 14:40:41][INFO][Rank 0] - train Epoch 6/24: 97.4% (1890/1940)
[2025-11-17 14:40:42][INFO][Rank 0] - CUDA Memory [train][Step 1890]: Device 0: Allocated: 3309.6 MB, Reserved: 117540.0 MB (Δ: +1687.0 MB)
[2025-11-17 14:40:48][INFO][Rank 0] - train Epoch 6/24: 97.9% (1900/1940)
[2025-11-17 14:40:55][INFO][Rank 0] - train Epoch 6/24: 98.5% (1910/1940)
[2025-11-17 14:41:02][INFO][Rank 0] - train Epoch 6/24: 99.0% (1920/1940)
[2025-11-17 14:41:09][INFO][Rank 0] - train Epoch 6/24: 99.5% (1930/1940)
[2025-11-17 14:41:15][INFO][Rank 0] - train Epoch 6/24: 99.9% (1939/1940)
[2025-11-17 14:41:16][INFO][Rank 0] - train Loss: 0.1826 Acc: 0.9712 F1: 0.9851
[2025-11-17 14:41:16][INFO][Rank 0] - train Balanced Acc: 0.8686 AUC-ROC: 0.9604
[2025-11-17 14:41:16][INFO][Rank 0] - train Sensitivity: 0.9769 Specificity: 0.7602
[2025-11-17 14:41:16][INFO][Rank 0] - train Confusion Matrix: TP=18451, FP=123, FN=436, TN=390
[2025-11-17 14:41:16][INFO][Rank 0] - train completed in 1371.06s
[2025-11-17 14:41:16][INFO][Rank 0] - Data loading time: 1.08s, Forward time: 278.91s, Backward time: 743.46s
[2025-11-17 14:41:16][INFO][Rank 0] - train cache: 0/1 items, hit rate: 0.00%
[2025-11-17 14:41:16][INFO][Rank 0] - CUDA Memory [val][Step 0]: Device 0: Allocated: 3309.6 MB, Reserved: 117540.0 MB (Δ: +1687.0 MB)
[2025-11-17 14:41:16][INFO][Rank 0] - val phase: total 407 batches
[2025-11-17 14:41:16][INFO][Rank 0] - val Epoch 6/24: 0.0% (0/407)
[2025-11-17 14:41:21][INFO][Rank 0] - val Epoch 6/24: 2.5% (10/407)
[2025-11-17 14:41:26][INFO][Rank 0] - val Epoch 6/24: 4.9% (20/407)
[2025-11-17 14:41:31][INFO][Rank 0] - val Epoch 6/24: 7.4% (30/407)
[2025-11-17 14:41:36][INFO][Rank 0] - val Epoch 6/24: 9.8% (40/407)
[2025-11-17 14:41:41][INFO][Rank 0] - val Epoch 6/24: 12.3% (50/407)
[2025-11-17 14:41:46][INFO][Rank 0] - val Epoch 6/24: 14.7% (60/407)
[2025-11-17 14:41:51][INFO][Rank 0] - val Epoch 6/24: 17.2% (70/407)
[2025-11-17 14:41:56][INFO][Rank 0] - val Epoch 6/24: 19.7% (80/407)
[2025-11-17 14:42:01][INFO][Rank 0] - val Epoch 6/24: 22.1% (90/407)
[2025-11-17 14:42:06][INFO][Rank 0] - val Epoch 6/24: 24.6% (100/407)
[2025-11-17 14:42:11][INFO][Rank 0] - val Epoch 6/24: 27.0% (110/407)
[2025-11-17 14:42:16][INFO][Rank 0] - val Epoch 6/24: 29.5% (120/407)
[2025-11-17 14:42:17][INFO][Rank 0] - CUDA Memory [val][Step 120]: Device 0: Allocated: 3309.6 MB, Reserved: 117540.0 MB (Δ: +1687.0 MB)
[2025-11-17 14:42:21][INFO][Rank 0] - val Epoch 6/24: 31.9% (130/407)
[2025-11-17 14:42:26][INFO][Rank 0] - val Epoch 6/24: 34.4% (140/407)
[2025-11-17 14:42:31][INFO][Rank 0] - val Epoch 6/24: 36.9% (150/407)
[2025-11-17 14:42:36][INFO][Rank 0] - val Epoch 6/24: 39.3% (160/407)
[2025-11-17 14:42:41][INFO][Rank 0] - val Epoch 6/24: 41.8% (170/407)
[2025-11-17 14:42:46][INFO][Rank 0] - val Epoch 6/24: 44.2% (180/407)
[2025-11-17 14:42:51][INFO][Rank 0] - val Epoch 6/24: 46.7% (190/407)
[2025-11-17 14:42:56][INFO][Rank 0] - val Epoch 6/24: 49.1% (200/407)
[2025-11-17 14:43:01][INFO][Rank 0] - val Epoch 6/24: 51.6% (210/407)
[2025-11-17 14:43:06][INFO][Rank 0] - val Epoch 6/24: 54.1% (220/407)
[2025-11-17 14:43:11][INFO][Rank 0] - val Epoch 6/24: 56.5% (230/407)
[2025-11-17 14:43:16][INFO][Rank 0] - val Epoch 6/24: 59.0% (240/407)
[2025-11-17 14:43:21][INFO][Rank 0] - val Epoch 6/24: 61.4% (250/407)
[2025-11-17 14:43:26][INFO][Rank 0] - val Epoch 6/24: 63.9% (260/407)
[2025-11-17 14:43:31][INFO][Rank 0] - val Epoch 6/24: 66.3% (270/407)
[2025-11-17 14:43:31][INFO][Rank 0] - CUDA Memory [val][Step 270]: Device 0: Allocated: 3309.6 MB, Reserved: 117540.0 MB (Δ: +1687.0 MB)
[2025-11-17 14:43:36][INFO][Rank 0] - val Epoch 6/24: 68.8% (280/407)
[2025-11-17 14:43:41][INFO][Rank 0] - val Epoch 6/24: 71.3% (290/407)
[2025-11-17 14:43:46][INFO][Rank 0] - val Epoch 6/24: 73.7% (300/407)
[2025-11-17 14:43:51][INFO][Rank 0] - val Epoch 6/24: 76.2% (310/407)
[2025-11-17 14:43:56][INFO][Rank 0] - val Epoch 6/24: 78.6% (320/407)
[2025-11-17 14:44:01][INFO][Rank 0] - val Epoch 6/24: 81.1% (330/407)
[2025-11-17 14:44:06][INFO][Rank 0] - val Epoch 6/24: 83.5% (340/407)
[2025-11-17 14:44:11][INFO][Rank 0] - val Epoch 6/24: 86.0% (350/407)
[2025-11-17 14:44:16][INFO][Rank 0] - val Epoch 6/24: 88.5% (360/407)
[2025-11-17 14:44:21][INFO][Rank 0] - val Epoch 6/24: 90.9% (370/407)
[2025-11-17 14:44:26][INFO][Rank 0] - val Epoch 6/24: 93.4% (380/407)
[2025-11-17 14:44:31][INFO][Rank 0] - val Epoch 6/24: 95.8% (390/407)
[2025-11-17 14:44:36][INFO][Rank 0] - val Epoch 6/24: 98.3% (400/407)
[2025-11-17 14:44:39][INFO][Rank 0] - val Epoch 6/24: 99.8% (406/407)
[2025-11-17 14:44:39][INFO][Rank 0] - val Loss: 0.1018 Acc: 0.9700 F1: 0.9845
[2025-11-17 14:44:39][INFO][Rank 0] - val Balanced Acc: 0.9107 AUC-ROC: 0.9816
[2025-11-17 14:44:39][INFO][Rank 0] - val Sensitivity: 0.9726 Specificity: 0.8488
[2025-11-17 14:44:39][INFO][Rank 0] - val Confusion Matrix: TP=3875, FP=13, FN=109, TN=73
[2025-11-17 14:44:39][INFO][Rank 0] - val completed in 203.03s
[2025-11-17 14:44:39][INFO][Rank 0] - val cache: 0/1 items, hit rate: 0.00%
[2025-11-17 14:44:43][INFO][Rank 0] - Saved new best balanced_acc model with balanced_acc: 0.9107 at /projects/retprogression/rgarridogarcia/checkpoints/cropped1024_cropped_centered_wt_allR_1/best_balanced_acc_model.pth
[2025-11-17 14:44:47][INFO][Rank 0] - Also saved as general best model at /projects/retprogression/rgarridogarcia/checkpoints/cropped1024_cropped_centered_wt_allR_1/best_model.pth
[2025-11-17 14:44:51][INFO][Rank 0] - Saved new best auc model with auc: 0.9816 at /projects/retprogression/rgarridogarcia/checkpoints/cropped1024_cropped_centered_wt_allR_1/best_auc_model.pth
[2025-11-17 14:44:55][INFO][Rank 0] - Saved epoch checkpoint at /projects/retprogression/rgarridogarcia/checkpoints/cropped1024_cropped_centered_wt_allR_1/epoch_6.pth
[2025-11-17 14:44:55][INFO][Rank 0] - Epoch 6 summary:
[2025-11-17 14:44:55][INFO][Rank 0] -  Train Loss: 0.1826, Train Acc: 0.9712, Train F1: 0.9851
[2025-11-17 14:44:55][INFO][Rank 0] -  Train Balanced Acc: 0.8686, Train AUC: 0.9604
[2025-11-17 14:44:55][INFO][Rank 0] -  Train Sensitivity: 0.9769, Train Specificity: 0.7602
[2025-11-17 14:44:55][INFO][Rank 0] -  Val Loss: 0.1018, Val Acc: 0.9700, Val F1: 0.9845
[2025-11-17 14:44:55][INFO][Rank 0] -  Val Balanced Acc: 0.9107, Val AUC: 0.9816
[2025-11-17 14:44:55][INFO][Rank 0] -  Val Sensitivity: 0.9726, Val Specificity: 0.8488
[2025-11-17 14:44:55][INFO][Rank 0] -  Total Epoch Time: 1589.61s
[2025-11-17 14:44:55][INFO][Rank 0] - Epoch 7/24
[2025-11-17 14:44:55][INFO][Rank 0] - ----------
[2025-11-17 14:44:55][INFO][Rank 0] - CUDA Memory [train][Step 0]: Device 0: Allocated: 3309.6 MB, Reserved: 117540.0 MB (Δ: +1687.0 MB)
[2025-11-17 14:44:55][INFO][Rank 0] - train phase: total 1940 batches
[2025-11-17 14:44:55][INFO][Rank 0] - train Epoch 7/24: 0.0% (0/1940)
[2025-11-17 14:45:02][INFO][Rank 0] - train Epoch 7/24: 0.5% (10/1940)
[2025-11-17 14:45:09][INFO][Rank 0] - train Epoch 7/24: 1.0% (20/1940)
[2025-11-17 14:45:16][INFO][Rank 0] - train Epoch 7/24: 1.5% (30/1940)
[2025-11-17 14:45:23][INFO][Rank 0] - train Epoch 7/24: 2.1% (40/1940)
[2025-11-17 14:45:30][INFO][Rank 0] - train Epoch 7/24: 2.6% (50/1940)
[2025-11-17 14:45:37][INFO][Rank 0] - train Epoch 7/24: 3.1% (60/1940)
[2025-11-17 14:45:44][INFO][Rank 0] - train Epoch 7/24: 3.6% (70/1940)
[2025-11-17 14:45:52][INFO][Rank 0] - train Epoch 7/24: 4.1% (80/1940)
[2025-11-17 14:45:59][INFO][Rank 0] - train Epoch 7/24: 4.6% (90/1940)
[2025-11-17 14:45:59][INFO][Rank 0] - CUDA Memory [train][Step 90]: Device 0: Allocated: 3309.6 MB, Reserved: 117540.0 MB (Δ: +1687.0 MB)
[2025-11-17 14:46:06][INFO][Rank 0] - train Epoch 7/24: 5.2% (100/1940)
[2025-11-17 14:46:13][INFO][Rank 0] - train Epoch 7/24: 5.7% (110/1940)
[2025-11-17 14:46:20][INFO][Rank 0] - train Epoch 7/24: 6.2% (120/1940)
[2025-11-17 14:46:27][INFO][Rank 0] - train Epoch 7/24: 6.7% (130/1940)
[2025-11-17 14:46:34][INFO][Rank 0] - train Epoch 7/24: 7.2% (140/1940)
[2025-11-17 14:46:41][INFO][Rank 0] - train Epoch 7/24: 7.7% (150/1940)
[2025-11-17 14:46:48][INFO][Rank 0] - train Epoch 7/24: 8.2% (160/1940)
[2025-11-17 14:46:55][INFO][Rank 0] - train Epoch 7/24: 8.8% (170/1940)
[2025-11-17 14:47:02][INFO][Rank 0] - train Epoch 7/24: 9.3% (180/1940)
[2025-11-17 14:47:03][INFO][Rank 0] - CUDA Memory [train][Step 180]: Device 0: Allocated: 3309.6 MB, Reserved: 117540.0 MB (Δ: +1687.0 MB)
[2025-11-17 14:47:09][INFO][Rank 0] - train Epoch 7/24: 9.8% (190/1940)
[2025-11-17 14:47:16][INFO][Rank 0] - train Epoch 7/24: 10.3% (200/1940)
[2025-11-17 14:47:23][INFO][Rank 0] - train Epoch 7/24: 10.8% (210/1940)
[2025-11-17 14:47:30][INFO][Rank 0] - train Epoch 7/24: 11.3% (220/1940)
[2025-11-17 14:47:37][INFO][Rank 0] - train Epoch 7/24: 11.9% (230/1940)
[2025-11-17 14:47:45][INFO][Rank 0] - train Epoch 7/24: 12.4% (240/1940)
[2025-11-17 14:47:52][INFO][Rank 0] - train Epoch 7/24: 12.9% (250/1940)
[2025-11-17 14:47:59][INFO][Rank 0] - train Epoch 7/24: 13.4% (260/1940)
[2025-11-17 14:48:06][INFO][Rank 0] - train Epoch 7/24: 13.9% (270/1940)
[2025-11-17 14:48:06][INFO][Rank 0] - CUDA Memory [train][Step 270]: Device 0: Allocated: 3309.6 MB, Reserved: 117540.0 MB (Δ: +1687.0 MB)
[2025-11-17 14:48:13][INFO][Rank 0] - train Epoch 7/24: 14.4% (280/1940)
[2025-11-17 14:48:20][INFO][Rank 0] - train Epoch 7/24: 14.9% (290/1940)
[2025-11-17 14:48:27][INFO][Rank 0] - train Epoch 7/24: 15.5% (300/1940)
[2025-11-17 14:48:34][INFO][Rank 0] - train Epoch 7/24: 16.0% (310/1940)
[2025-11-17 14:48:41][INFO][Rank 0] - train Epoch 7/24: 16.5% (320/1940)
[2025-11-17 14:48:48][INFO][Rank 0] - train Epoch 7/24: 17.0% (330/1940)
[2025-11-17 14:48:55][INFO][Rank 0] - train Epoch 7/24: 17.5% (340/1940)
[2025-11-17 14:49:02][INFO][Rank 0] - train Epoch 7/24: 18.0% (350/1940)
[2025-11-17 14:49:09][INFO][Rank 0] - train Epoch 7/24: 18.6% (360/1940)
[2025-11-17 14:49:10][INFO][Rank 0] - CUDA Memory [train][Step 360]: Device 0: Allocated: 3309.6 MB, Reserved: 117540.0 MB (Δ: +1687.0 MB)
[2025-11-17 14:49:16][INFO][Rank 0] - train Epoch 7/24: 19.1% (370/1940)
[2025-11-17 14:49:23][INFO][Rank 0] - train Epoch 7/24: 19.6% (380/1940)
[2025-11-17 14:49:30][INFO][Rank 0] - train Epoch 7/24: 20.1% (390/1940)
[2025-11-17 14:49:37][INFO][Rank 0] - train Epoch 7/24: 20.6% (400/1940)
[2025-11-17 14:49:45][INFO][Rank 0] - train Epoch 7/24: 21.1% (410/1940)
[2025-11-17 14:49:52][INFO][Rank 0] - train Epoch 7/24: 21.6% (420/1940)
[2025-11-17 14:49:59][INFO][Rank 0] - train Epoch 7/24: 22.2% (430/1940)
[2025-11-17 14:50:06][INFO][Rank 0] - train Epoch 7/24: 22.7% (440/1940)
[2025-11-17 14:50:13][INFO][Rank 0] - train Epoch 7/24: 23.2% (450/1940)
[2025-11-17 14:50:13][INFO][Rank 0] - CUDA Memory [train][Step 450]: Device 0: Allocated: 3309.6 MB, Reserved: 117540.0 MB (Δ: +1687.0 MB)
[2025-11-17 14:50:20][INFO][Rank 0] - train Epoch 7/24: 23.7% (460/1940)
[2025-11-17 14:50:27][INFO][Rank 0] - train Epoch 7/24: 24.2% (470/1940)
[2025-11-17 14:50:34][INFO][Rank 0] - train Epoch 7/24: 24.7% (480/1940)
[2025-11-17 14:50:41][INFO][Rank 0] - train Epoch 7/24: 25.3% (490/1940)
[2025-11-17 14:50:48][INFO][Rank 0] - train Epoch 7/24: 25.8% (500/1940)
[2025-11-17 14:50:55][INFO][Rank 0] - train Epoch 7/24: 26.3% (510/1940)
[2025-11-17 14:51:02][INFO][Rank 0] - train Epoch 7/24: 26.8% (520/1940)
[2025-11-17 14:51:09][INFO][Rank 0] - train Epoch 7/24: 27.3% (530/1940)
[2025-11-17 14:51:16][INFO][Rank 0] - train Epoch 7/24: 27.8% (540/1940)
[2025-11-17 14:51:17][INFO][Rank 0] - CUDA Memory [train][Step 540]: Device 0: Allocated: 3309.6 MB, Reserved: 117540.0 MB (Δ: +1687.0 MB)
[2025-11-17 14:51:23][INFO][Rank 0] - train Epoch 7/24: 28.4% (550/1940)
[2025-11-17 14:51:30][INFO][Rank 0] - train Epoch 7/24: 28.9% (560/1940)
[2025-11-17 14:51:37][INFO][Rank 0] - train Epoch 7/24: 29.4% (570/1940)
[2025-11-17 14:51:45][INFO][Rank 0] - train Epoch 7/24: 29.9% (580/1940)
[2025-11-17 14:51:52][INFO][Rank 0] - train Epoch 7/24: 30.4% (590/1940)
[2025-11-17 14:51:59][INFO][Rank 0] - train Epoch 7/24: 30.9% (600/1940)
[2025-11-17 14:52:06][INFO][Rank 0] - train Epoch 7/24: 31.4% (610/1940)
[2025-11-17 14:52:13][INFO][Rank 0] - train Epoch 7/24: 32.0% (620/1940)
[2025-11-17 14:52:20][INFO][Rank 0] - train Epoch 7/24: 32.5% (630/1940)
[2025-11-17 14:52:21][INFO][Rank 0] - CUDA Memory [train][Step 630]: Device 0: Allocated: 3309.6 MB, Reserved: 117540.0 MB (Δ: +1687.0 MB)
[2025-11-17 14:52:27][INFO][Rank 0] - train Epoch 7/24: 33.0% (640/1940)
[2025-11-17 14:52:34][INFO][Rank 0] - train Epoch 7/24: 33.5% (650/1940)
[2025-11-17 14:52:41][INFO][Rank 0] - train Epoch 7/24: 34.0% (660/1940)
[2025-11-17 14:52:48][INFO][Rank 0] - train Epoch 7/24: 34.5% (670/1940)
[2025-11-17 14:52:55][INFO][Rank 0] - train Epoch 7/24: 35.1% (680/1940)
[2025-11-17 14:53:02][INFO][Rank 0] - train Epoch 7/24: 35.6% (690/1940)
[2025-11-17 14:53:09][INFO][Rank 0] - train Epoch 7/24: 36.1% (700/1940)
[2025-11-17 14:53:16][INFO][Rank 0] - train Epoch 7/24: 36.6% (710/1940)
[2025-11-17 14:53:23][INFO][Rank 0] - train Epoch 7/24: 37.1% (720/1940)
[2025-11-17 14:53:24][INFO][Rank 0] - CUDA Memory [train][Step 720]: Device 0: Allocated: 3309.6 MB, Reserved: 117540.0 MB (Δ: +1687.0 MB)
[2025-11-17 14:53:30][INFO][Rank 0] - train Epoch 7/24: 37.6% (730/1940)
[2025-11-17 14:53:37][INFO][Rank 0] - train Epoch 7/24: 38.1% (740/1940)
[2025-11-17 14:53:45][INFO][Rank 0] - train Epoch 7/24: 38.7% (750/1940)
[2025-11-17 14:53:52][INFO][Rank 0] - train Epoch 7/24: 39.2% (760/1940)
[2025-11-17 14:53:59][INFO][Rank 0] - train Epoch 7/24: 39.7% (770/1940)
[2025-11-17 14:54:06][INFO][Rank 0] - train Epoch 7/24: 40.2% (780/1940)
[2025-11-17 14:54:13][INFO][Rank 0] - train Epoch 7/24: 40.7% (790/1940)
[2025-11-17 14:54:20][INFO][Rank 0] - train Epoch 7/24: 41.2% (800/1940)
[2025-11-17 14:54:27][INFO][Rank 0] - train Epoch 7/24: 41.8% (810/1940)
[2025-11-17 14:54:28][INFO][Rank 0] - CUDA Memory [train][Step 810]: Device 0: Allocated: 3309.6 MB, Reserved: 117540.0 MB (Δ: +1687.0 MB)
[2025-11-17 14:54:34][INFO][Rank 0] - train Epoch 7/24: 42.3% (820/1940)
[2025-11-17 14:54:41][INFO][Rank 0] - train Epoch 7/24: 42.8% (830/1940)
[2025-11-17 14:54:48][INFO][Rank 0] - train Epoch 7/24: 43.3% (840/1940)
[2025-11-17 14:54:55][INFO][Rank 0] - train Epoch 7/24: 43.8% (850/1940)
[2025-11-17 14:55:02][INFO][Rank 0] - train Epoch 7/24: 44.3% (860/1940)
[2025-11-17 14:55:09][INFO][Rank 0] - train Epoch 7/24: 44.8% (870/1940)
[2025-11-17 14:55:16][INFO][Rank 0] - train Epoch 7/24: 45.4% (880/1940)
[2025-11-17 14:55:23][INFO][Rank 0] - train Epoch 7/24: 45.9% (890/1940)
[2025-11-17 14:55:30][INFO][Rank 0] - train Epoch 7/24: 46.4% (900/1940)
[2025-11-17 14:55:31][INFO][Rank 0] - CUDA Memory [train][Step 900]: Device 0: Allocated: 3309.6 MB, Reserved: 117540.0 MB (Δ: +1687.0 MB)
[2025-11-17 14:55:38][INFO][Rank 0] - train Epoch 7/24: 46.9% (910/1940)
[2025-11-17 14:55:45][INFO][Rank 0] - train Epoch 7/24: 47.4% (920/1940)
[2025-11-17 14:55:52][INFO][Rank 0] - train Epoch 7/24: 47.9% (930/1940)
[2025-11-17 14:55:59][INFO][Rank 0] - train Epoch 7/24: 48.5% (940/1940)
[2025-11-17 14:56:06][INFO][Rank 0] - train Epoch 7/24: 49.0% (950/1940)
[2025-11-17 14:56:13][INFO][Rank 0] - train Epoch 7/24: 49.5% (960/1940)
[2025-11-17 14:56:20][INFO][Rank 0] - train Epoch 7/24: 50.0% (970/1940)
[2025-11-17 14:56:27][INFO][Rank 0] - train Epoch 7/24: 50.5% (980/1940)
[2025-11-17 14:56:34][INFO][Rank 0] - train Epoch 7/24: 51.0% (990/1940)
[2025-11-17 14:56:35][INFO][Rank 0] - CUDA Memory [train][Step 990]: Device 0: Allocated: 3309.6 MB, Reserved: 117540.0 MB (Δ: +1687.0 MB)
[2025-11-17 14:56:41][INFO][Rank 0] - train Epoch 7/24: 51.5% (1000/1940)
[2025-11-17 14:56:48][INFO][Rank 0] - train Epoch 7/24: 52.1% (1010/1940)
[2025-11-17 14:56:55][INFO][Rank 0] - train Epoch 7/24: 52.6% (1020/1940)
[2025-11-17 14:57:02][INFO][Rank 0] - train Epoch 7/24: 53.1% (1030/1940)
[2025-11-17 14:57:09][INFO][Rank 0] - train Epoch 7/24: 53.6% (1040/1940)
[2025-11-17 14:57:16][INFO][Rank 0] - train Epoch 7/24: 54.1% (1050/1940)
[2025-11-17 14:57:23][INFO][Rank 0] - train Epoch 7/24: 54.6% (1060/1940)
[2025-11-17 14:57:30][INFO][Rank 0] - train Epoch 7/24: 55.2% (1070/1940)
[2025-11-17 14:57:38][INFO][Rank 0] - train Epoch 7/24: 55.7% (1080/1940)
[2025-11-17 14:57:38][INFO][Rank 0] - CUDA Memory [train][Step 1080]: Device 0: Allocated: 3309.6 MB, Reserved: 117540.0 MB (Δ: +1687.0 MB)
[2025-11-17 14:57:45][INFO][Rank 0] - train Epoch 7/24: 56.2% (1090/1940)
[2025-11-17 14:57:52][INFO][Rank 0] - train Epoch 7/24: 56.7% (1100/1940)
[2025-11-17 14:57:59][INFO][Rank 0] - train Epoch 7/24: 57.2% (1110/1940)
[2025-11-17 14:58:06][INFO][Rank 0] - train Epoch 7/24: 57.7% (1120/1940)
[2025-11-17 14:58:13][INFO][Rank 0] - train Epoch 7/24: 58.2% (1130/1940)
[2025-11-17 14:58:20][INFO][Rank 0] - train Epoch 7/24: 58.8% (1140/1940)
[2025-11-17 14:58:27][INFO][Rank 0] - train Epoch 7/24: 59.3% (1150/1940)
[2025-11-17 14:58:34][INFO][Rank 0] - train Epoch 7/24: 59.8% (1160/1940)
[2025-11-17 14:58:41][INFO][Rank 0] - train Epoch 7/24: 60.3% (1170/1940)
[2025-11-17 14:58:42][INFO][Rank 0] - CUDA Memory [train][Step 1170]: Device 0: Allocated: 3309.6 MB, Reserved: 117540.0 MB (Δ: +1687.0 MB)
[2025-11-17 14:58:48][INFO][Rank 0] - train Epoch 7/24: 60.8% (1180/1940)
[2025-11-17 14:58:55][INFO][Rank 0] - train Epoch 7/24: 61.3% (1190/1940)
[2025-11-17 14:59:02][INFO][Rank 0] - train Epoch 7/24: 61.9% (1200/1940)
[2025-11-17 14:59:09][INFO][Rank 0] - train Epoch 7/24: 62.4% (1210/1940)
[2025-11-17 14:59:16][INFO][Rank 0] - train Epoch 7/24: 62.9% (1220/1940)
[2025-11-17 14:59:23][INFO][Rank 0] - train Epoch 7/24: 63.4% (1230/1940)
[2025-11-17 14:59:31][INFO][Rank 0] - train Epoch 7/24: 63.9% (1240/1940)
[2025-11-17 14:59:38][INFO][Rank 0] - train Epoch 7/24: 64.4% (1250/1940)
[2025-11-17 14:59:45][INFO][Rank 0] - train Epoch 7/24: 64.9% (1260/1940)
[2025-11-17 14:59:45][INFO][Rank 0] - CUDA Memory [train][Step 1260]: Device 0: Allocated: 3309.6 MB, Reserved: 117540.0 MB (Δ: +1687.0 MB)
[2025-11-17 14:59:52][INFO][Rank 0] - train Epoch 7/24: 65.5% (1270/1940)
[2025-11-17 14:59:59][INFO][Rank 0] - train Epoch 7/24: 66.0% (1280/1940)
[2025-11-17 15:00:06][INFO][Rank 0] - train Epoch 7/24: 66.5% (1290/1940)
[2025-11-17 15:00:13][INFO][Rank 0] - train Epoch 7/24: 67.0% (1300/1940)
[2025-11-17 15:00:20][INFO][Rank 0] - train Epoch 7/24: 67.5% (1310/1940)
[2025-11-17 15:00:27][INFO][Rank 0] - train Epoch 7/24: 68.0% (1320/1940)
[2025-11-17 15:00:34][INFO][Rank 0] - train Epoch 7/24: 68.6% (1330/1940)
[2025-11-17 15:00:41][INFO][Rank 0] - train Epoch 7/24: 69.1% (1340/1940)
[2025-11-17 15:00:48][INFO][Rank 0] - train Epoch 7/24: 69.6% (1350/1940)
[2025-11-17 15:00:49][INFO][Rank 0] - CUDA Memory [train][Step 1350]: Device 0: Allocated: 3309.6 MB, Reserved: 117540.0 MB (Δ: +1687.0 MB)
[2025-11-17 15:00:55][INFO][Rank 0] - train Epoch 7/24: 70.1% (1360/1940)
[2025-11-17 15:01:02][INFO][Rank 0] - train Epoch 7/24: 70.6% (1370/1940)
[2025-11-17 15:01:09][INFO][Rank 0] - train Epoch 7/24: 71.1% (1380/1940)
[2025-11-17 15:01:16][INFO][Rank 0] - train Epoch 7/24: 71.6% (1390/1940)
[2025-11-17 15:01:23][INFO][Rank 0] - train Epoch 7/24: 72.2% (1400/1940)
[2025-11-17 15:01:31][INFO][Rank 0] - train Epoch 7/24: 72.7% (1410/1940)
[2025-11-17 15:01:38][INFO][Rank 0] - train Epoch 7/24: 73.2% (1420/1940)
[2025-11-17 15:01:45][INFO][Rank 0] - train Epoch 7/24: 73.7% (1430/1940)
[2025-11-17 15:01:52][INFO][Rank 0] - train Epoch 7/24: 74.2% (1440/1940)
[2025-11-17 15:01:52][INFO][Rank 0] - CUDA Memory [train][Step 1440]: Device 0: Allocated: 3309.6 MB, Reserved: 117540.0 MB (Δ: +1687.0 MB)
[2025-11-17 15:01:59][INFO][Rank 0] - train Epoch 7/24: 74.7% (1450/1940)
[2025-11-17 15:02:06][INFO][Rank 0] - train Epoch 7/24: 75.3% (1460/1940)
[2025-11-17 15:02:13][INFO][Rank 0] - train Epoch 7/24: 75.8% (1470/1940)
[2025-11-17 15:02:20][INFO][Rank 0] - train Epoch 7/24: 76.3% (1480/1940)
[2025-11-17 15:02:27][INFO][Rank 0] - train Epoch 7/24: 76.8% (1490/1940)
[2025-11-17 15:02:34][INFO][Rank 0] - train Epoch 7/24: 77.3% (1500/1940)
[2025-11-17 15:02:41][INFO][Rank 0] - train Epoch 7/24: 77.8% (1510/1940)
[2025-11-17 15:02:48][INFO][Rank 0] - train Epoch 7/24: 78.4% (1520/1940)
[2025-11-17 15:02:55][INFO][Rank 0] - train Epoch 7/24: 78.9% (1530/1940)
[2025-11-17 15:02:56][INFO][Rank 0] - CUDA Memory [train][Step 1530]: Device 0: Allocated: 3309.6 MB, Reserved: 117540.0 MB (Δ: +1687.0 MB)
[2025-11-17 15:03:02][INFO][Rank 0] - train Epoch 7/24: 79.4% (1540/1940)
[2025-11-17 15:03:09][INFO][Rank 0] - train Epoch 7/24: 79.9% (1550/1940)
[2025-11-17 15:03:16][INFO][Rank 0] - train Epoch 7/24: 80.4% (1560/1940)
[2025-11-17 15:03:24][INFO][Rank 0] - train Epoch 7/24: 80.9% (1570/1940)
[2025-11-17 15:03:31][INFO][Rank 0] - train Epoch 7/24: 81.4% (1580/1940)
[2025-11-17 15:03:38][INFO][Rank 0] - train Epoch 7/24: 82.0% (1590/1940)
[2025-11-17 15:03:45][INFO][Rank 0] - train Epoch 7/24: 82.5% (1600/1940)
[2025-11-17 15:03:52][INFO][Rank 0] - train Epoch 7/24: 83.0% (1610/1940)
[2025-11-17 15:03:59][INFO][Rank 0] - train Epoch 7/24: 83.5% (1620/1940)
[2025-11-17 15:04:00][INFO][Rank 0] - CUDA Memory [train][Step 1620]: Device 0: Allocated: 3309.6 MB, Reserved: 117540.0 MB (Δ: +1687.0 MB)
[2025-11-17 15:04:06][INFO][Rank 0] - train Epoch 7/24: 84.0% (1630/1940)
[2025-11-17 15:04:13][INFO][Rank 0] - train Epoch 7/24: 84.5% (1640/1940)
[2025-11-17 15:04:20][INFO][Rank 0] - train Epoch 7/24: 85.1% (1650/1940)
[2025-11-17 15:04:27][INFO][Rank 0] - train Epoch 7/24: 85.6% (1660/1940)
[2025-11-17 15:04:34][INFO][Rank 0] - train Epoch 7/24: 86.1% (1670/1940)
[2025-11-17 15:04:41][INFO][Rank 0] - train Epoch 7/24: 86.6% (1680/1940)
[2025-11-17 15:04:48][INFO][Rank 0] - train Epoch 7/24: 87.1% (1690/1940)
[2025-11-17 15:04:55][INFO][Rank 0] - train Epoch 7/24: 87.6% (1700/1940)
[2025-11-17 15:05:02][INFO][Rank 0] - train Epoch 7/24: 88.1% (1710/1940)
[2025-11-17 15:05:03][INFO][Rank 0] - CUDA Memory [train][Step 1710]: Device 0: Allocated: 3309.6 MB, Reserved: 117540.0 MB (Δ: +1687.0 MB)
[2025-11-17 15:05:09][INFO][Rank 0] - train Epoch 7/24: 88.7% (1720/1940)
[2025-11-17 15:05:16][INFO][Rank 0] - train Epoch 7/24: 89.2% (1730/1940)
[2025-11-17 15:05:24][INFO][Rank 0] - train Epoch 7/24: 89.7% (1740/1940)
[2025-11-17 15:05:31][INFO][Rank 0] - train Epoch 7/24: 90.2% (1750/1940)
[2025-11-17 15:05:38][INFO][Rank 0] - train Epoch 7/24: 90.7% (1760/1940)
[2025-11-17 15:05:45][INFO][Rank 0] - train Epoch 7/24: 91.2% (1770/1940)
[2025-11-17 15:05:52][INFO][Rank 0] - train Epoch 7/24: 91.8% (1780/1940)
[2025-11-17 15:05:59][INFO][Rank 0] - train Epoch 7/24: 92.3% (1790/1940)
[2025-11-17 15:06:06][INFO][Rank 0] - train Epoch 7/24: 92.8% (1800/1940)
[2025-11-17 15:06:07][INFO][Rank 0] - CUDA Memory [train][Step 1800]: Device 0: Allocated: 3309.6 MB, Reserved: 117540.0 MB (Δ: +1687.0 MB)
[2025-11-17 15:06:13][INFO][Rank 0] - train Epoch 7/24: 93.3% (1810/1940)
[2025-11-17 15:06:20][INFO][Rank 0] - train Epoch 7/24: 93.8% (1820/1940)
[2025-11-17 15:06:27][INFO][Rank 0] - train Epoch 7/24: 94.3% (1830/1940)
[2025-11-17 15:06:34][INFO][Rank 0] - train Epoch 7/24: 94.8% (1840/1940)
[2025-11-17 15:06:41][INFO][Rank 0] - train Epoch 7/24: 95.4% (1850/1940)
[2025-11-17 15:06:48][INFO][Rank 0] - train Epoch 7/24: 95.9% (1860/1940)
[2025-11-17 15:06:55][INFO][Rank 0] - train Epoch 7/24: 96.4% (1870/1940)
[2025-11-17 15:07:02][INFO][Rank 0] - train Epoch 7/24: 96.9% (1880/1940)
[2025-11-17 15:07:09][INFO][Rank 0] - train Epoch 7/24: 97.4% (1890/1940)
[2025-11-17 15:07:10][INFO][Rank 0] - CUDA Memory [train][Step 1890]: Device 0: Allocated: 3309.6 MB, Reserved: 117540.0 MB (Δ: +1687.0 MB)
[2025-11-17 15:07:17][INFO][Rank 0] - train Epoch 7/24: 97.9% (1900/1940)
[2025-11-17 15:07:24][INFO][Rank 0] - train Epoch 7/24: 98.5% (1910/1940)
[2025-11-17 15:07:31][INFO][Rank 0] - train Epoch 7/24: 99.0% (1920/1940)
[2025-11-17 15:07:38][INFO][Rank 0] - train Epoch 7/24: 99.5% (1930/1940)
[2025-11-17 15:07:44][INFO][Rank 0] - train Epoch 7/24: 99.9% (1939/1940)
[2025-11-17 15:07:45][INFO][Rank 0] - train Loss: 0.1704 Acc: 0.9689 F1: 0.9838
[2025-11-17 15:07:45][INFO][Rank 0] - train Balanced Acc: 0.8788 AUC-ROC: 0.9665
[2025-11-17 15:07:45][INFO][Rank 0] - train Sensitivity: 0.9739 Specificity: 0.7836
[2025-11-17 15:07:45][INFO][Rank 0] - train Confusion Matrix: TP=18394, FP=111, FN=493, TN=402
[2025-11-17 15:07:45][INFO][Rank 0] - train completed in 1370.06s
[2025-11-17 15:07:45][INFO][Rank 0] - Data loading time: 0.90s, Forward time: 278.53s, Backward time: 742.77s
[2025-11-17 15:07:45][INFO][Rank 0] - train cache: 0/1 items, hit rate: 0.00%
[2025-11-17 15:07:45][INFO][Rank 0] - CUDA Memory [val][Step 0]: Device 0: Allocated: 3309.6 MB, Reserved: 117540.0 MB (Δ: +1687.0 MB)
[2025-11-17 15:07:45][INFO][Rank 0] - val phase: total 407 batches
[2025-11-17 15:07:45][INFO][Rank 0] - val Epoch 7/24: 0.0% (0/407)
[2025-11-17 15:07:50][INFO][Rank 0] - val Epoch 7/24: 2.5% (10/407)
[2025-11-17 15:07:55][INFO][Rank 0] - val Epoch 7/24: 4.9% (20/407)
[2025-11-17 15:08:00][INFO][Rank 0] - val Epoch 7/24: 7.4% (30/407)
[2025-11-17 15:08:05][INFO][Rank 0] - val Epoch 7/24: 9.8% (40/407)
[2025-11-17 15:08:10][INFO][Rank 0] - val Epoch 7/24: 12.3% (50/407)
[2025-11-17 15:08:15][INFO][Rank 0] - val Epoch 7/24: 14.7% (60/407)
[2025-11-17 15:08:20][INFO][Rank 0] - val Epoch 7/24: 17.2% (70/407)
[2025-11-17 15:08:25][INFO][Rank 0] - val Epoch 7/24: 19.7% (80/407)
[2025-11-17 15:08:30][INFO][Rank 0] - val Epoch 7/24: 22.1% (90/407)
[2025-11-17 15:08:35][INFO][Rank 0] - val Epoch 7/24: 24.6% (100/407)
[2025-11-17 15:08:40][INFO][Rank 0] - val Epoch 7/24: 27.0% (110/407)
[2025-11-17 15:08:45][INFO][Rank 0] - val Epoch 7/24: 29.5% (120/407)
[2025-11-17 15:08:46][INFO][Rank 0] - CUDA Memory [val][Step 120]: Device 0: Allocated: 3309.6 MB, Reserved: 117540.0 MB (Δ: +1687.0 MB)
[2025-11-17 15:08:50][INFO][Rank 0] - val Epoch 7/24: 31.9% (130/407)
[2025-11-17 15:08:55][INFO][Rank 0] - val Epoch 7/24: 34.4% (140/407)
[2025-11-17 15:09:00][INFO][Rank 0] - val Epoch 7/24: 36.9% (150/407)
[2025-11-17 15:09:05][INFO][Rank 0] - val Epoch 7/24: 39.3% (160/407)
[2025-11-17 15:09:10][INFO][Rank 0] - val Epoch 7/24: 41.8% (170/407)
[2025-11-17 15:09:15][INFO][Rank 0] - val Epoch 7/24: 44.2% (180/407)
[2025-11-17 15:09:21][INFO][Rank 0] - val Epoch 7/24: 46.7% (190/407)
[2025-11-17 15:09:26][INFO][Rank 0] - val Epoch 7/24: 49.1% (200/407)
[2025-11-17 15:09:31][INFO][Rank 0] - val Epoch 7/24: 51.6% (210/407)
[2025-11-17 15:09:36][INFO][Rank 0] - val Epoch 7/24: 54.1% (220/407)
[2025-11-17 15:09:41][INFO][Rank 0] - val Epoch 7/24: 56.5% (230/407)
[2025-11-17 15:09:46][INFO][Rank 0] - val Epoch 7/24: 59.0% (240/407)
[2025-11-17 15:09:46][INFO][Rank 0] - CUDA Memory [val][Step 240]: Device 0: Allocated: 3309.6 MB, Reserved: 117540.0 MB (Δ: +1687.0 MB)
[2025-11-17 15:09:51][INFO][Rank 0] - val Epoch 7/24: 61.4% (250/407)
[2025-11-17 15:09:56][INFO][Rank 0] - val Epoch 7/24: 63.9% (260/407)
[2025-11-17 15:10:01][INFO][Rank 0] - val Epoch 7/24: 66.3% (270/407)
[2025-11-17 15:10:06][INFO][Rank 0] - val Epoch 7/24: 68.8% (280/407)
[2025-11-17 15:10:11][INFO][Rank 0] - val Epoch 7/24: 71.3% (290/407)
[2025-11-17 15:10:16][INFO][Rank 0] - val Epoch 7/24: 73.7% (300/407)
[2025-11-17 15:10:21][INFO][Rank 0] - val Epoch 7/24: 76.2% (310/407)
[2025-11-17 15:10:26][INFO][Rank 0] - val Epoch 7/24: 78.6% (320/407)
[2025-11-17 15:10:31][INFO][Rank 0] - val Epoch 7/24: 81.1% (330/407)
[2025-11-17 15:10:36][INFO][Rank 0] - val Epoch 7/24: 83.5% (340/407)
[2025-11-17 15:10:41][INFO][Rank 0] - val Epoch 7/24: 86.0% (350/407)
[2025-11-17 15:10:46][INFO][Rank 0] - val Epoch 7/24: 88.5% (360/407)
[2025-11-17 15:10:47][INFO][Rank 0] - CUDA Memory [val][Step 360]: Device 0: Allocated: 3309.6 MB, Reserved: 117540.0 MB (Δ: +1687.0 MB)
[2025-11-17 15:10:51][INFO][Rank 0] - val Epoch 7/24: 90.9% (370/407)
[2025-11-17 15:10:56][INFO][Rank 0] - val Epoch 7/24: 93.4% (380/407)
[2025-11-17 15:11:01][INFO][Rank 0] - val Epoch 7/24: 95.8% (390/407)
[2025-11-17 15:11:06][INFO][Rank 0] - val Epoch 7/24: 98.3% (400/407)
[2025-11-17 15:11:09][INFO][Rank 0] - val Epoch 7/24: 99.8% (406/407)
[2025-11-17 15:11:10][INFO][Rank 0] - val Loss: 0.1001 Acc: 0.9693 F1: 0.9841
[2025-11-17 15:11:10][INFO][Rank 0] - val Balanced Acc: 0.9161 AUC-ROC: 0.9821
[2025-11-17 15:11:10][INFO][Rank 0] - val Sensitivity: 0.9716 Specificity: 0.8605
[2025-11-17 15:11:10][INFO][Rank 0] - val Confusion Matrix: TP=3871, FP=12, FN=113, TN=74
[2025-11-17 15:11:10][INFO][Rank 0] - val completed in 204.90s
[2025-11-17 15:11:10][INFO][Rank 0] - val cache: 0/1 items, hit rate: 0.00%
[2025-11-17 15:11:15][INFO][Rank 0] - Saved new best balanced_acc model with balanced_acc: 0.9161 at /projects/retprogression/rgarridogarcia/checkpoints/cropped1024_cropped_centered_wt_allR_1/best_balanced_acc_model.pth
[2025-11-17 15:11:19][INFO][Rank 0] - Also saved as general best model at /projects/retprogression/rgarridogarcia/checkpoints/cropped1024_cropped_centered_wt_allR_1/best_model.pth
[2025-11-17 15:11:23][INFO][Rank 0] - Saved new best auc model with auc: 0.9821 at /projects/retprogression/rgarridogarcia/checkpoints/cropped1024_cropped_centered_wt_allR_1/best_auc_model.pth
[2025-11-17 15:11:27][INFO][Rank 0] - Saved epoch checkpoint at /projects/retprogression/rgarridogarcia/checkpoints/cropped1024_cropped_centered_wt_allR_1/epoch_7.pth
[2025-11-17 15:11:27][INFO][Rank 0] - Epoch 7 summary:
[2025-11-17 15:11:27][INFO][Rank 0] -  Train Loss: 0.1704, Train Acc: 0.9689, Train F1: 0.9838
[2025-11-17 15:11:27][INFO][Rank 0] -  Train Balanced Acc: 0.8788, Train AUC: 0.9665
[2025-11-17 15:11:27][INFO][Rank 0] -  Train Sensitivity: 0.9739, Train Specificity: 0.7836
[2025-11-17 15:11:27][INFO][Rank 0] -  Val Loss: 0.1001, Val Acc: 0.9693, Val F1: 0.9841
[2025-11-17 15:11:27][INFO][Rank 0] -  Val Balanced Acc: 0.9161, Val AUC: 0.9821
[2025-11-17 15:11:27][INFO][Rank 0] -  Val Sensitivity: 0.9716, Val Specificity: 0.8605
[2025-11-17 15:11:27][INFO][Rank 0] -  Total Epoch Time: 1592.46s
[2025-11-17 15:11:27][INFO][Rank 0] - Epoch 8/24
[2025-11-17 15:11:27][INFO][Rank 0] - ----------
[2025-11-17 15:11:27][INFO][Rank 0] - CUDA Memory [train][Step 0]: Device 0: Allocated: 3309.6 MB, Reserved: 117540.0 MB (Δ: +1687.0 MB)
[2025-11-17 15:11:27][INFO][Rank 0] - train phase: total 1940 batches
[2025-11-17 15:11:28][INFO][Rank 0] - train Epoch 8/24: 0.0% (0/1940)
[2025-11-17 15:11:35][INFO][Rank 0] - train Epoch 8/24: 0.5% (10/1940)
[2025-11-17 15:11:42][INFO][Rank 0] - train Epoch 8/24: 1.0% (20/1940)
[2025-11-17 15:11:49][INFO][Rank 0] - train Epoch 8/24: 1.5% (30/1940)
[2025-11-17 15:11:56][INFO][Rank 0] - train Epoch 8/24: 2.1% (40/1940)
[2025-11-17 15:12:03][INFO][Rank 0] - train Epoch 8/24: 2.6% (50/1940)
[2025-11-17 15:12:10][INFO][Rank 0] - train Epoch 8/24: 3.1% (60/1940)
[2025-11-17 15:12:17][INFO][Rank 0] - train Epoch 8/24: 3.6% (70/1940)
[2025-11-17 15:12:24][INFO][Rank 0] - train Epoch 8/24: 4.1% (80/1940)
[2025-11-17 15:12:31][INFO][Rank 0] - train Epoch 8/24: 4.6% (90/1940)
[2025-11-17 15:12:32][INFO][Rank 0] - CUDA Memory [train][Step 90]: Device 0: Allocated: 3309.6 MB, Reserved: 117540.0 MB (Δ: +1687.0 MB)
[2025-11-17 15:12:38][INFO][Rank 0] - train Epoch 8/24: 5.2% (100/1940)
[2025-11-17 15:12:45][INFO][Rank 0] - train Epoch 8/24: 5.7% (110/1940)
[2025-11-17 15:12:52][INFO][Rank 0] - train Epoch 8/24: 6.2% (120/1940)
[2025-11-17 15:12:59][INFO][Rank 0] - train Epoch 8/24: 6.7% (130/1940)
[2025-11-17 15:13:06][INFO][Rank 0] - train Epoch 8/24: 7.2% (140/1940)
[2025-11-17 15:13:14][INFO][Rank 0] - train Epoch 8/24: 7.7% (150/1940)
[2025-11-17 15:13:21][INFO][Rank 0] - train Epoch 8/24: 8.2% (160/1940)
[2025-11-17 15:13:28][INFO][Rank 0] - train Epoch 8/24: 8.8% (170/1940)
[2025-11-17 15:13:35][INFO][Rank 0] - train Epoch 8/24: 9.3% (180/1940)
[2025-11-17 15:13:35][INFO][Rank 0] - CUDA Memory [train][Step 180]: Device 0: Allocated: 3309.6 MB, Reserved: 117540.0 MB (Δ: +1687.0 MB)
[2025-11-17 15:13:42][INFO][Rank 0] - train Epoch 8/24: 9.8% (190/1940)
[2025-11-17 15:13:49][INFO][Rank 0] - train Epoch 8/24: 10.3% (200/1940)
[2025-11-17 15:13:56][INFO][Rank 0] - train Epoch 8/24: 10.8% (210/1940)
[2025-11-17 15:14:03][INFO][Rank 0] - train Epoch 8/24: 11.3% (220/1940)
[2025-11-17 15:14:10][INFO][Rank 0] - train Epoch 8/24: 11.9% (230/1940)
[2025-11-17 15:14:17][INFO][Rank 0] - train Epoch 8/24: 12.4% (240/1940)
[2025-11-17 15:14:24][INFO][Rank 0] - train Epoch 8/24: 12.9% (250/1940)
[2025-11-17 15:14:31][INFO][Rank 0] - train Epoch 8/24: 13.4% (260/1940)
[2025-11-17 15:14:38][INFO][Rank 0] - train Epoch 8/24: 13.9% (270/1940)
[2025-11-17 15:14:39][INFO][Rank 0] - CUDA Memory [train][Step 270]: Device 0: Allocated: 3309.6 MB, Reserved: 117540.0 MB (Δ: +1687.0 MB)
[2025-11-17 15:14:45][INFO][Rank 0] - train Epoch 8/24: 14.4% (280/1940)
[2025-11-17 15:14:52][INFO][Rank 0] - train Epoch 8/24: 14.9% (290/1940)
[2025-11-17 15:14:59][INFO][Rank 0] - train Epoch 8/24: 15.5% (300/1940)
[2025-11-17 15:15:07][INFO][Rank 0] - train Epoch 8/24: 16.0% (310/1940)
[2025-11-17 15:15:14][INFO][Rank 0] - train Epoch 8/24: 16.5% (320/1940)
[2025-11-17 15:15:21][INFO][Rank 0] - train Epoch 8/24: 17.0% (330/1940)
[2025-11-17 15:15:28][INFO][Rank 0] - train Epoch 8/24: 17.5% (340/1940)
[2025-11-17 15:15:35][INFO][Rank 0] - train Epoch 8/24: 18.0% (350/1940)
[2025-11-17 15:15:42][INFO][Rank 0] - train Epoch 8/24: 18.6% (360/1940)
[2025-11-17 15:15:43][INFO][Rank 0] - CUDA Memory [train][Step 360]: Device 0: Allocated: 3309.6 MB, Reserved: 117540.0 MB (Δ: +1687.0 MB)
[2025-11-17 15:15:49][INFO][Rank 0] - train Epoch 8/24: 19.1% (370/1940)
[2025-11-17 15:15:56][INFO][Rank 0] - train Epoch 8/24: 19.6% (380/1940)
[2025-11-17 15:16:03][INFO][Rank 0] - train Epoch 8/24: 20.1% (390/1940)
[2025-11-17 15:16:10][INFO][Rank 0] - train Epoch 8/24: 20.6% (400/1940)
[2025-11-17 15:16:17][INFO][Rank 0] - train Epoch 8/24: 21.1% (410/1940)
[2025-11-17 15:16:24][INFO][Rank 0] - train Epoch 8/24: 21.6% (420/1940)
[2025-11-17 15:16:31][INFO][Rank 0] - train Epoch 8/24: 22.2% (430/1940)
[2025-11-17 15:16:38][INFO][Rank 0] - train Epoch 8/24: 22.7% (440/1940)
[2025-11-17 15:16:45][INFO][Rank 0] - train Epoch 8/24: 23.2% (450/1940)
[2025-11-17 15:16:46][INFO][Rank 0] - CUDA Memory [train][Step 450]: Device 0: Allocated: 3309.6 MB, Reserved: 117540.0 MB (Δ: +1687.0 MB)
[2025-11-17 15:16:52][INFO][Rank 0] - train Epoch 8/24: 23.7% (460/1940)
[2025-11-17 15:17:00][INFO][Rank 0] - train Epoch 8/24: 24.2% (470/1940)
[2025-11-17 15:17:07][INFO][Rank 0] - train Epoch 8/24: 24.7% (480/1940)
[2025-11-17 15:17:14][INFO][Rank 0] - train Epoch 8/24: 25.3% (490/1940)
[2025-11-17 15:17:21][INFO][Rank 0] - train Epoch 8/24: 25.8% (500/1940)
[2025-11-17 15:17:28][INFO][Rank 0] - train Epoch 8/24: 26.3% (510/1940)
[2025-11-17 15:17:35][INFO][Rank 0] - train Epoch 8/24: 26.8% (520/1940)
[2025-11-17 15:17:42][INFO][Rank 0] - train Epoch 8/24: 27.3% (530/1940)
[2025-11-17 15:17:49][INFO][Rank 0] - train Epoch 8/24: 27.8% (540/1940)
[2025-11-17 15:17:50][INFO][Rank 0] - CUDA Memory [train][Step 540]: Device 0: Allocated: 3309.6 MB, Reserved: 117540.0 MB (Δ: +1687.0 MB)
[2025-11-17 15:17:56][INFO][Rank 0] - train Epoch 8/24: 28.4% (550/1940)
[2025-11-17 15:18:03][INFO][Rank 0] - train Epoch 8/24: 28.9% (560/1940)
[2025-11-17 15:18:10][INFO][Rank 0] - train Epoch 8/24: 29.4% (570/1940)
[2025-11-17 15:18:17][INFO][Rank 0] - train Epoch 8/24: 29.9% (580/1940)
[2025-11-17 15:18:24][INFO][Rank 0] - train Epoch 8/24: 30.4% (590/1940)
[2025-11-17 15:18:31][INFO][Rank 0] - train Epoch 8/24: 30.9% (600/1940)
[2025-11-17 15:18:38][INFO][Rank 0] - train Epoch 8/24: 31.4% (610/1940)
[2025-11-17 15:18:45][INFO][Rank 0] - train Epoch 8/24: 32.0% (620/1940)
[2025-11-17 15:18:53][INFO][Rank 0] - train Epoch 8/24: 32.5% (630/1940)
[2025-11-17 15:18:53][INFO][Rank 0] - CUDA Memory [train][Step 630]: Device 0: Allocated: 3309.6 MB, Reserved: 117540.0 MB (Δ: +1687.0 MB)
[2025-11-17 15:19:00][INFO][Rank 0] - train Epoch 8/24: 33.0% (640/1940)
[2025-11-17 15:19:07][INFO][Rank 0] - train Epoch 8/24: 33.5% (650/1940)
[2025-11-17 15:19:14][INFO][Rank 0] - train Epoch 8/24: 34.0% (660/1940)
[2025-11-17 15:19:21][INFO][Rank 0] - train Epoch 8/24: 34.5% (670/1940)
[2025-11-17 15:19:28][INFO][Rank 0] - train Epoch 8/24: 35.1% (680/1940)
[2025-11-17 15:19:35][INFO][Rank 0] - train Epoch 8/24: 35.6% (690/1940)
[2025-11-17 15:19:42][INFO][Rank 0] - train Epoch 8/24: 36.1% (700/1940)
[2025-11-17 15:19:49][INFO][Rank 0] - train Epoch 8/24: 36.6% (710/1940)
[2025-11-17 15:19:56][INFO][Rank 0] - train Epoch 8/24: 37.1% (720/1940)
[2025-11-17 15:19:57][INFO][Rank 0] - CUDA Memory [train][Step 720]: Device 0: Allocated: 3309.6 MB, Reserved: 117540.0 MB (Δ: +1687.0 MB)
[2025-11-17 15:20:03][INFO][Rank 0] - train Epoch 8/24: 37.6% (730/1940)
[2025-11-17 15:20:10][INFO][Rank 0] - train Epoch 8/24: 38.1% (740/1940)
[2025-11-17 15:20:17][INFO][Rank 0] - train Epoch 8/24: 38.7% (750/1940)
[2025-11-17 15:20:24][INFO][Rank 0] - train Epoch 8/24: 39.2% (760/1940)
[2025-11-17 15:20:31][INFO][Rank 0] - train Epoch 8/24: 39.7% (770/1940)
[2025-11-17 15:20:38][INFO][Rank 0] - train Epoch 8/24: 40.2% (780/1940)
[2025-11-17 15:20:45][INFO][Rank 0] - train Epoch 8/24: 40.7% (790/1940)
[2025-11-17 15:20:53][INFO][Rank 0] - train Epoch 8/24: 41.2% (800/1940)
[2025-11-17 15:21:00][INFO][Rank 0] - train Epoch 8/24: 41.8% (810/1940)
[2025-11-17 15:21:00][INFO][Rank 0] - CUDA Memory [train][Step 810]: Device 0: Allocated: 3309.6 MB, Reserved: 117540.0 MB (Δ: +1687.0 MB)
[2025-11-17 15:21:07][INFO][Rank 0] - train Epoch 8/24: 42.3% (820/1940)
[2025-11-17 15:21:14][INFO][Rank 0] - train Epoch 8/24: 42.8% (830/1940)
[2025-11-17 15:21:21][INFO][Rank 0] - train Epoch 8/24: 43.3% (840/1940)
[2025-11-17 15:21:28][INFO][Rank 0] - train Epoch 8/24: 43.8% (850/1940)
[2025-11-17 15:21:35][INFO][Rank 0] - train Epoch 8/24: 44.3% (860/1940)
[2025-11-17 15:21:42][INFO][Rank 0] - train Epoch 8/24: 44.8% (870/1940)
[2025-11-17 15:21:49][INFO][Rank 0] - train Epoch 8/24: 45.4% (880/1940)
[2025-11-17 15:21:56][INFO][Rank 0] - train Epoch 8/24: 45.9% (890/1940)
[2025-11-17 15:22:03][INFO][Rank 0] - train Epoch 8/24: 46.4% (900/1940)
[2025-11-17 15:22:04][INFO][Rank 0] - CUDA Memory [train][Step 900]: Device 0: Allocated: 3309.6 MB, Reserved: 117540.0 MB (Δ: +1687.0 MB)
[2025-11-17 15:22:10][INFO][Rank 0] - train Epoch 8/24: 46.9% (910/1940)
[2025-11-17 15:22:17][INFO][Rank 0] - train Epoch 8/24: 47.4% (920/1940)
[2025-11-17 15:22:24][INFO][Rank 0] - train Epoch 8/24: 47.9% (930/1940)
[2025-11-17 15:22:31][INFO][Rank 0] - train Epoch 8/24: 48.5% (940/1940)
[2025-11-17 15:22:38][INFO][Rank 0] - train Epoch 8/24: 49.0% (950/1940)
[2025-11-17 15:22:46][INFO][Rank 0] - train Epoch 8/24: 49.5% (960/1940)
[2025-11-17 15:22:53][INFO][Rank 0] - train Epoch 8/24: 50.0% (970/1940)
[2025-11-17 15:23:00][INFO][Rank 0] - train Epoch 8/24: 50.5% (980/1940)
[2025-11-17 15:23:07][INFO][Rank 0] - train Epoch 8/24: 51.0% (990/1940)
[2025-11-17 15:23:07][INFO][Rank 0] - CUDA Memory [train][Step 990]: Device 0: Allocated: 3309.6 MB, Reserved: 117540.0 MB (Δ: +1687.0 MB)
[2025-11-17 15:23:14][INFO][Rank 0] - train Epoch 8/24: 51.5% (1000/1940)
[2025-11-17 15:23:21][INFO][Rank 0] - train Epoch 8/24: 52.1% (1010/1940)
[2025-11-17 15:23:28][INFO][Rank 0] - train Epoch 8/24: 52.6% (1020/1940)
[2025-11-17 15:23:35][INFO][Rank 0] - train Epoch 8/24: 53.1% (1030/1940)
[2025-11-17 15:23:42][INFO][Rank 0] - train Epoch 8/24: 53.6% (1040/1940)
[2025-11-17 15:23:49][INFO][Rank 0] - train Epoch 8/24: 54.1% (1050/1940)
[2025-11-17 15:23:56][INFO][Rank 0] - train Epoch 8/24: 54.6% (1060/1940)
[2025-11-17 15:24:03][INFO][Rank 0] - train Epoch 8/24: 55.2% (1070/1940)
[2025-11-17 15:24:10][INFO][Rank 0] - train Epoch 8/24: 55.7% (1080/1940)
[2025-11-17 15:24:11][INFO][Rank 0] - CUDA Memory [train][Step 1080]: Device 0: Allocated: 3309.6 MB, Reserved: 117540.0 MB (Δ: +1687.0 MB)
[2025-11-17 15:24:17][INFO][Rank 0] - train Epoch 8/24: 56.2% (1090/1940)
[2025-11-17 15:24:24][INFO][Rank 0] - train Epoch 8/24: 56.7% (1100/1940)
[2025-11-17 15:24:31][INFO][Rank 0] - train Epoch 8/24: 57.2% (1110/1940)
[2025-11-17 15:24:39][INFO][Rank 0] - train Epoch 8/24: 57.7% (1120/1940)
[2025-11-17 15:24:46][INFO][Rank 0] - train Epoch 8/24: 58.2% (1130/1940)
[2025-11-17 15:24:53][INFO][Rank 0] - train Epoch 8/24: 58.8% (1140/1940)
[2025-11-17 15:25:00][INFO][Rank 0] - train Epoch 8/24: 59.3% (1150/1940)
[2025-11-17 15:25:07][INFO][Rank 0] - train Epoch 8/24: 59.8% (1160/1940)
[2025-11-17 15:25:14][INFO][Rank 0] - train Epoch 8/24: 60.3% (1170/1940)
[2025-11-17 15:25:15][INFO][Rank 0] - CUDA Memory [train][Step 1170]: Device 0: Allocated: 3309.6 MB, Reserved: 117540.0 MB (Δ: +1687.0 MB)
[2025-11-17 15:25:21][INFO][Rank 0] - train Epoch 8/24: 60.8% (1180/1940)
[2025-11-17 15:25:28][INFO][Rank 0] - train Epoch 8/24: 61.3% (1190/1940)
[2025-11-17 15:25:35][INFO][Rank 0] - train Epoch 8/24: 61.9% (1200/1940)
[2025-11-17 15:25:42][INFO][Rank 0] - train Epoch 8/24: 62.4% (1210/1940)
[2025-11-17 15:25:49][INFO][Rank 0] - train Epoch 8/24: 62.9% (1220/1940)
[2025-11-17 15:25:56][INFO][Rank 0] - train Epoch 8/24: 63.4% (1230/1940)
[2025-11-17 15:26:03][INFO][Rank 0] - train Epoch 8/24: 63.9% (1240/1940)
[2025-11-17 15:26:10][INFO][Rank 0] - train Epoch 8/24: 64.4% (1250/1940)
[2025-11-17 15:26:17][INFO][Rank 0] - train Epoch 8/24: 64.9% (1260/1940)
[2025-11-17 15:26:18][INFO][Rank 0] - CUDA Memory [train][Step 1260]: Device 0: Allocated: 3309.6 MB, Reserved: 117540.0 MB (Δ: +1687.0 MB)
[2025-11-17 15:26:24][INFO][Rank 0] - train Epoch 8/24: 65.5% (1270/1940)
[2025-11-17 15:26:32][INFO][Rank 0] - train Epoch 8/24: 66.0% (1280/1940)
[2025-11-17 15:26:39][INFO][Rank 0] - train Epoch 8/24: 66.5% (1290/1940)
[2025-11-17 15:26:46][INFO][Rank 0] - train Epoch 8/24: 67.0% (1300/1940)
[2025-11-17 15:26:53][INFO][Rank 0] - train Epoch 8/24: 67.5% (1310/1940)
[2025-11-17 15:27:00][INFO][Rank 0] - train Epoch 8/24: 68.0% (1320/1940)
[2025-11-17 15:27:07][INFO][Rank 0] - train Epoch 8/24: 68.6% (1330/1940)
[2025-11-17 15:27:14][INFO][Rank 0] - train Epoch 8/24: 69.1% (1340/1940)
[2025-11-17 15:27:21][INFO][Rank 0] - train Epoch 8/24: 69.6% (1350/1940)
[2025-11-17 15:27:22][INFO][Rank 0] - CUDA Memory [train][Step 1350]: Device 0: Allocated: 3309.6 MB, Reserved: 117540.0 MB (Δ: +1687.0 MB)
[2025-11-17 15:27:28][INFO][Rank 0] - train Epoch 8/24: 70.1% (1360/1940)
[2025-11-17 15:27:35][INFO][Rank 0] - train Epoch 8/24: 70.6% (1370/1940)
[2025-11-17 15:27:42][INFO][Rank 0] - train Epoch 8/24: 71.1% (1380/1940)
[2025-11-17 15:27:49][INFO][Rank 0] - train Epoch 8/24: 71.6% (1390/1940)
[2025-11-17 15:27:56][INFO][Rank 0] - train Epoch 8/24: 72.2% (1400/1940)
[2025-11-17 15:28:03][INFO][Rank 0] - train Epoch 8/24: 72.7% (1410/1940)
[2025-11-17 15:28:10][INFO][Rank 0] - train Epoch 8/24: 73.2% (1420/1940)
[2025-11-17 15:28:17][INFO][Rank 0] - train Epoch 8/24: 73.7% (1430/1940)
[2025-11-17 15:28:24][INFO][Rank 0] - train Epoch 8/24: 74.2% (1440/1940)
[2025-11-17 15:28:25][INFO][Rank 0] - CUDA Memory [train][Step 1440]: Device 0: Allocated: 3309.6 MB, Reserved: 117540.0 MB (Δ: +1687.0 MB)
[2025-11-17 15:28:32][INFO][Rank 0] - train Epoch 8/24: 74.7% (1450/1940)
[2025-11-17 15:28:39][INFO][Rank 0] - train Epoch 8/24: 75.3% (1460/1940)
[2025-11-17 15:28:46][INFO][Rank 0] - train Epoch 8/24: 75.8% (1470/1940)
[2025-11-17 15:28:53][INFO][Rank 0] - train Epoch 8/24: 76.3% (1480/1940)
[2025-11-17 15:29:00][INFO][Rank 0] - train Epoch 8/24: 76.8% (1490/1940)
[2025-11-17 15:29:07][INFO][Rank 0] - train Epoch 8/24: 77.3% (1500/1940)
[2025-11-17 15:29:14][INFO][Rank 0] - train Epoch 8/24: 77.8% (1510/1940)
[2025-11-17 15:29:21][INFO][Rank 0] - train Epoch 8/24: 78.4% (1520/1940)
[2025-11-17 15:29:28][INFO][Rank 0] - train Epoch 8/24: 78.9% (1530/1940)
[2025-11-17 15:29:29][INFO][Rank 0] - CUDA Memory [train][Step 1530]: Device 0: Allocated: 3309.6 MB, Reserved: 117540.0 MB (Δ: +1687.0 MB)
[2025-11-17 15:29:35][INFO][Rank 0] - train Epoch 8/24: 79.4% (1540/1940)
[2025-11-17 15:29:42][INFO][Rank 0] - train Epoch 8/24: 79.9% (1550/1940)
[2025-11-17 15:29:49][INFO][Rank 0] - train Epoch 8/24: 80.4% (1560/1940)
[2025-11-17 15:29:56][INFO][Rank 0] - train Epoch 8/24: 80.9% (1570/1940)
[2025-11-17 15:30:03][INFO][Rank 0] - train Epoch 8/24: 81.4% (1580/1940)
[2025-11-17 15:30:10][INFO][Rank 0] - train Epoch 8/24: 82.0% (1590/1940)
[2025-11-17 15:30:17][INFO][Rank 0] - train Epoch 8/24: 82.5% (1600/1940)
[2025-11-17 15:30:25][INFO][Rank 0] - train Epoch 8/24: 83.0% (1610/1940)
[2025-11-17 15:30:32][INFO][Rank 0] - train Epoch 8/24: 83.5% (1620/1940)
[2025-11-17 15:30:32][INFO][Rank 0] - CUDA Memory [train][Step 1620]: Device 0: Allocated: 3309.6 MB, Reserved: 117540.0 MB (Δ: +1687.0 MB)
[2025-11-17 15:30:39][INFO][Rank 0] - train Epoch 8/24: 84.0% (1630/1940)
[2025-11-17 15:30:46][INFO][Rank 0] - train Epoch 8/24: 84.5% (1640/1940)
[2025-11-17 15:30:53][INFO][Rank 0] - train Epoch 8/24: 85.1% (1650/1940)
[2025-11-17 15:31:00][INFO][Rank 0] - train Epoch 8/24: 85.6% (1660/1940)
[2025-11-17 15:31:07][INFO][Rank 0] - train Epoch 8/24: 86.1% (1670/1940)
[2025-11-17 15:31:14][INFO][Rank 0] - train Epoch 8/24: 86.6% (1680/1940)
[2025-11-17 15:31:21][INFO][Rank 0] - train Epoch 8/24: 87.1% (1690/1940)
[2025-11-17 15:31:28][INFO][Rank 0] - train Epoch 8/24: 87.6% (1700/1940)
[2025-11-17 15:31:35][INFO][Rank 0] - train Epoch 8/24: 88.1% (1710/1940)
[2025-11-17 15:31:36][INFO][Rank 0] - CUDA Memory [train][Step 1710]: Device 0: Allocated: 3309.6 MB, Reserved: 117540.0 MB (Δ: +1687.0 MB)
[2025-11-17 15:31:42][INFO][Rank 0] - train Epoch 8/24: 88.7% (1720/1940)
[2025-11-17 15:31:49][INFO][Rank 0] - train Epoch 8/24: 89.2% (1730/1940)
[2025-11-17 15:31:56][INFO][Rank 0] - train Epoch 8/24: 89.7% (1740/1940)
[2025-11-17 15:32:03][INFO][Rank 0] - train Epoch 8/24: 90.2% (1750/1940)
[2025-11-17 15:32:10][INFO][Rank 0] - train Epoch 8/24: 90.7% (1760/1940)
[2025-11-17 15:32:17][INFO][Rank 0] - train Epoch 8/24: 91.2% (1770/1940)
[2025-11-17 15:32:25][INFO][Rank 0] - train Epoch 8/24: 91.8% (1780/1940)
[2025-11-17 15:32:32][INFO][Rank 0] - train Epoch 8/24: 92.3% (1790/1940)
[2025-11-17 15:32:39][INFO][Rank 0] - train Epoch 8/24: 92.8% (1800/1940)
[2025-11-17 15:32:39][INFO][Rank 0] - CUDA Memory [train][Step 1800]: Device 0: Allocated: 3309.6 MB, Reserved: 117540.0 MB (Δ: +1687.0 MB)
[2025-11-17 15:32:46][INFO][Rank 0] - train Epoch 8/24: 93.3% (1810/1940)
[2025-11-17 15:32:53][INFO][Rank 0] - train Epoch 8/24: 93.8% (1820/1940)
[2025-11-17 15:33:00][INFO][Rank 0] - train Epoch 8/24: 94.3% (1830/1940)
[2025-11-17 15:33:07][INFO][Rank 0] - train Epoch 8/24: 94.8% (1840/1940)
[2025-11-17 15:33:14][INFO][Rank 0] - train Epoch 8/24: 95.4% (1850/1940)
[2025-11-17 15:33:21][INFO][Rank 0] - train Epoch 8/24: 95.9% (1860/1940)
[2025-11-17 15:33:28][INFO][Rank 0] - train Epoch 8/24: 96.4% (1870/1940)
[2025-11-17 15:33:35][INFO][Rank 0] - train Epoch 8/24: 96.9% (1880/1940)
[2025-11-17 15:33:43][INFO][Rank 0] - train Epoch 8/24: 97.4% (1890/1940)
[2025-11-17 15:33:43][INFO][Rank 0] - CUDA Memory [train][Step 1890]: Device 0: Allocated: 3309.6 MB, Reserved: 117540.0 MB (Δ: +1687.0 MB)
[2025-11-17 15:33:50][INFO][Rank 0] - train Epoch 8/24: 97.9% (1900/1940)
[2025-11-17 15:33:57][INFO][Rank 0] - train Epoch 8/24: 98.5% (1910/1940)
[2025-11-17 15:34:04][INFO][Rank 0] - train Epoch 8/24: 99.0% (1920/1940)
[2025-11-17 15:34:11][INFO][Rank 0] - train Epoch 8/24: 99.5% (1930/1940)
[2025-11-17 15:34:17][INFO][Rank 0] - train Epoch 8/24: 99.9% (1939/1940)
[2025-11-17 15:34:18][INFO][Rank 0] - train Loss: 0.1714 Acc: 0.9693 F1: 0.9841
[2025-11-17 15:34:18][INFO][Rank 0] - train Balanced Acc: 0.8847 AUC-ROC: 0.9646
[2025-11-17 15:34:18][INFO][Rank 0] - train Sensitivity: 0.9741 Specificity: 0.7953
[2025-11-17 15:34:18][INFO][Rank 0] - train Confusion Matrix: TP=18397, FP=105, FN=490, TN=408
[2025-11-17 15:34:18][INFO][Rank 0] - train completed in 1370.73s
[2025-11-17 15:34:18][INFO][Rank 0] - Data loading time: 1.06s, Forward time: 279.19s, Backward time: 742.64s
[2025-11-17 15:34:18][INFO][Rank 0] - train cache: 0/1 items, hit rate: 0.00%
[2025-11-17 15:34:18][INFO][Rank 0] - CUDA Memory [val][Step 0]: Device 0: Allocated: 3309.6 MB, Reserved: 117540.0 MB (Δ: +1687.0 MB)
[2025-11-17 15:34:18][INFO][Rank 0] - val phase: total 407 batches
[2025-11-17 15:34:18][INFO][Rank 0] - val Epoch 8/24: 0.0% (0/407)
[2025-11-17 15:34:23][INFO][Rank 0] - val Epoch 8/24: 2.5% (10/407)
[2025-11-17 15:34:28][INFO][Rank 0] - val Epoch 8/24: 4.9% (20/407)
[2025-11-17 15:34:33][INFO][Rank 0] - val Epoch 8/24: 7.4% (30/407)
[2025-11-17 15:34:38][INFO][Rank 0] - val Epoch 8/24: 9.8% (40/407)
[2025-11-17 15:34:43][INFO][Rank 0] - val Epoch 8/24: 12.3% (50/407)
[2025-11-17 15:34:48][INFO][Rank 0] - val Epoch 8/24: 14.7% (60/407)
[2025-11-17 15:34:53][INFO][Rank 0] - val Epoch 8/24: 17.2% (70/407)
[2025-11-17 15:34:58][INFO][Rank 0] - val Epoch 8/24: 19.7% (80/407)
[2025-11-17 15:35:03][INFO][Rank 0] - val Epoch 8/24: 22.1% (90/407)
[2025-11-17 15:35:08][INFO][Rank 0] - val Epoch 8/24: 24.6% (100/407)
[2025-11-17 15:35:13][INFO][Rank 0] - val Epoch 8/24: 27.0% (110/407)
[2025-11-17 15:35:18][INFO][Rank 0] - val Epoch 8/24: 29.5% (120/407)
[2025-11-17 15:35:19][INFO][Rank 0] - CUDA Memory [val][Step 120]: Device 0: Allocated: 3309.6 MB, Reserved: 117540.0 MB (Δ: +1687.0 MB)
[2025-11-17 15:35:23][INFO][Rank 0] - val Epoch 8/24: 31.9% (130/407)
[2025-11-17 15:35:28][INFO][Rank 0] - val Epoch 8/24: 34.4% (140/407)
[2025-11-17 15:35:33][INFO][Rank 0] - val Epoch 8/24: 36.9% (150/407)
[2025-11-17 15:35:39][INFO][Rank 0] - val Epoch 8/24: 39.3% (160/407)
[2025-11-17 15:35:44][INFO][Rank 0] - val Epoch 8/24: 41.8% (170/407)
[2025-11-17 15:35:49][INFO][Rank 0] - val Epoch 8/24: 44.2% (180/407)
[2025-11-17 15:35:54][INFO][Rank 0] - val Epoch 8/24: 46.7% (190/407)
[2025-11-17 15:35:59][INFO][Rank 0] - val Epoch 8/24: 49.1% (200/407)
[2025-11-17 15:36:04][INFO][Rank 0] - val Epoch 8/24: 51.6% (210/407)
[2025-11-17 15:36:09][INFO][Rank 0] - val Epoch 8/24: 54.1% (220/407)
[2025-11-17 15:36:14][INFO][Rank 0] - val Epoch 8/24: 56.5% (230/407)
[2025-11-17 15:36:19][INFO][Rank 0] - val Epoch 8/24: 59.0% (240/407)
[2025-11-17 15:36:19][INFO][Rank 0] - CUDA Memory [val][Step 240]: Device 0: Allocated: 3309.6 MB, Reserved: 117540.0 MB (Δ: +1687.0 MB)
[2025-11-17 15:36:24][INFO][Rank 0] - val Epoch 8/24: 61.4% (250/407)
[2025-11-17 15:36:29][INFO][Rank 0] - val Epoch 8/24: 63.9% (260/407)
[2025-11-17 15:36:34][INFO][Rank 0] - val Epoch 8/24: 66.3% (270/407)
[2025-11-17 15:36:39][INFO][Rank 0] - val Epoch 8/24: 68.8% (280/407)
[2025-11-17 15:36:44][INFO][Rank 0] - val Epoch 8/24: 71.3% (290/407)
[2025-11-17 15:36:49][INFO][Rank 0] - val Epoch 8/24: 73.7% (300/407)
[2025-11-17 15:36:54][INFO][Rank 0] - val Epoch 8/24: 76.2% (310/407)
[2025-11-17 15:36:59][INFO][Rank 0] - val Epoch 8/24: 78.6% (320/407)
[2025-11-17 15:37:04][INFO][Rank 0] - val Epoch 8/24: 81.1% (330/407)
[2025-11-17 15:37:09][INFO][Rank 0] - val Epoch 8/24: 83.5% (340/407)
[2025-11-17 15:37:14][INFO][Rank 0] - val Epoch 8/24: 86.0% (350/407)
[2025-11-17 15:37:19][INFO][Rank 0] - val Epoch 8/24: 88.5% (360/407)
[2025-11-17 15:37:20][INFO][Rank 0] - CUDA Memory [val][Step 360]: Device 0: Allocated: 3309.6 MB, Reserved: 117540.0 MB (Δ: +1687.0 MB)
[2025-11-17 15:37:24][INFO][Rank 0] - val Epoch 8/24: 90.9% (370/407)
[2025-11-17 15:37:29][INFO][Rank 0] - val Epoch 8/24: 93.4% (380/407)
[2025-11-17 15:37:34][INFO][Rank 0] - val Epoch 8/24: 95.8% (390/407)
[2025-11-17 15:37:39][INFO][Rank 0] - val Epoch 8/24: 98.3% (400/407)
[2025-11-17 15:37:42][INFO][Rank 0] - val Epoch 8/24: 99.8% (406/407)
[2025-11-17 15:37:43][INFO][Rank 0] - val Loss: 0.0974 Acc: 0.9695 F1: 0.9842
[2025-11-17 15:37:43][INFO][Rank 0] - val Balanced Acc: 0.9276 AUC-ROC: 0.9827
[2025-11-17 15:37:43][INFO][Rank 0] - val Sensitivity: 0.9714 Specificity: 0.8837
[2025-11-17 15:37:43][INFO][Rank 0] - val Confusion Matrix: TP=3870, FP=10, FN=114, TN=76
[2025-11-17 15:37:43][INFO][Rank 0] - val completed in 204.82s
[2025-11-17 15:37:43][INFO][Rank 0] - val cache: 0/1 items, hit rate: 0.00%
[2025-11-17 15:37:47][INFO][Rank 0] - Saved new best balanced_acc model with balanced_acc: 0.9276 at /projects/retprogression/rgarridogarcia/checkpoints/cropped1024_cropped_centered_wt_allR_1/best_balanced_acc_model.pth
[2025-11-17 15:37:51][INFO][Rank 0] - Also saved as general best model at /projects/retprogression/rgarridogarcia/checkpoints/cropped1024_cropped_centered_wt_allR_1/best_model.pth
[2025-11-17 15:37:55][INFO][Rank 0] - Saved new best auc model with auc: 0.9827 at /projects/retprogression/rgarridogarcia/checkpoints/cropped1024_cropped_centered_wt_allR_1/best_auc_model.pth
[2025-11-17 15:37:59][INFO][Rank 0] - Saved epoch checkpoint at /projects/retprogression/rgarridogarcia/checkpoints/cropped1024_cropped_centered_wt_allR_1/epoch_8.pth
[2025-11-17 15:37:59][INFO][Rank 0] - Epoch 8 summary:
[2025-11-17 15:37:59][INFO][Rank 0] -  Train Loss: 0.1714, Train Acc: 0.9693, Train F1: 0.9841
[2025-11-17 15:37:59][INFO][Rank 0] -  Train Balanced Acc: 0.8847, Train AUC: 0.9646
[2025-11-17 15:37:59][INFO][Rank 0] -  Train Sensitivity: 0.9741, Train Specificity: 0.7953
[2025-11-17 15:37:59][INFO][Rank 0] -  Val Loss: 0.0974, Val Acc: 0.9695, Val F1: 0.9842
[2025-11-17 15:37:59][INFO][Rank 0] -  Val Balanced Acc: 0.9276, Val AUC: 0.9827
[2025-11-17 15:37:59][INFO][Rank 0] -  Val Sensitivity: 0.9714, Val Specificity: 0.8837
[2025-11-17 15:37:59][INFO][Rank 0] -  Total Epoch Time: 1591.62s
[2025-11-17 15:37:59][INFO][Rank 0] - Epoch 9/24
[2025-11-17 15:37:59][INFO][Rank 0] - ----------
[2025-11-17 15:37:59][INFO][Rank 0] - CUDA Memory [train][Step 0]: Device 0: Allocated: 3309.6 MB, Reserved: 117540.0 MB (Δ: +1687.0 MB)
[2025-11-17 15:37:59][INFO][Rank 0] - train phase: total 1940 batches
[2025-11-17 15:37:59][INFO][Rank 0] - train Epoch 9/24: 0.0% (0/1940)
[2025-11-17 15:38:06][INFO][Rank 0] - train Epoch 9/24: 0.5% (10/1940)
[2025-11-17 15:38:13][INFO][Rank 0] - train Epoch 9/24: 1.0% (20/1940)
[2025-11-17 15:38:20][INFO][Rank 0] - train Epoch 9/24: 1.5% (30/1940)
[2025-11-17 15:38:28][INFO][Rank 0] - train Epoch 9/24: 2.1% (40/1940)
[2025-11-17 15:38:35][INFO][Rank 0] - train Epoch 9/24: 2.6% (50/1940)
[2025-11-17 15:38:42][INFO][Rank 0] - train Epoch 9/24: 3.1% (60/1940)
[2025-11-17 15:38:49][INFO][Rank 0] - train Epoch 9/24: 3.6% (70/1940)
[2025-11-17 15:38:56][INFO][Rank 0] - train Epoch 9/24: 4.1% (80/1940)
[2025-11-17 15:39:03][INFO][Rank 0] - train Epoch 9/24: 4.6% (90/1940)
[2025-11-17 15:39:04][INFO][Rank 0] - CUDA Memory [train][Step 90]: Device 0: Allocated: 3309.6 MB, Reserved: 117540.0 MB (Δ: +1687.0 MB)
[2025-11-17 15:39:10][INFO][Rank 0] - train Epoch 9/24: 5.2% (100/1940)
[2025-11-17 15:39:17][INFO][Rank 0] - train Epoch 9/24: 5.7% (110/1940)
[2025-11-17 15:39:24][INFO][Rank 0] - train Epoch 9/24: 6.2% (120/1940)
[2025-11-17 15:39:31][INFO][Rank 0] - train Epoch 9/24: 6.7% (130/1940)
[2025-11-17 15:39:38][INFO][Rank 0] - train Epoch 9/24: 7.2% (140/1940)
[2025-11-17 15:39:45][INFO][Rank 0] - train Epoch 9/24: 7.7% (150/1940)
[2025-11-17 15:39:52][INFO][Rank 0] - train Epoch 9/24: 8.2% (160/1940)
[2025-11-17 15:39:59][INFO][Rank 0] - train Epoch 9/24: 8.8% (170/1940)
[2025-11-17 15:40:06][INFO][Rank 0] - train Epoch 9/24: 9.3% (180/1940)
[2025-11-17 15:40:07][INFO][Rank 0] - CUDA Memory [train][Step 180]: Device 0: Allocated: 3309.6 MB, Reserved: 117540.0 MB (Δ: +1687.0 MB)
[2025-11-17 15:40:14][INFO][Rank 0] - train Epoch 9/24: 9.8% (190/1940)
[2025-11-17 15:40:21][INFO][Rank 0] - train Epoch 9/24: 10.3% (200/1940)
[2025-11-17 15:40:28][INFO][Rank 0] - train Epoch 9/24: 10.8% (210/1940)
[2025-11-17 15:40:35][INFO][Rank 0] - train Epoch 9/24: 11.3% (220/1940)
[2025-11-17 15:40:42][INFO][Rank 0] - train Epoch 9/24: 11.9% (230/1940)
[2025-11-17 15:40:49][INFO][Rank 0] - train Epoch 9/24: 12.4% (240/1940)
[2025-11-17 15:40:56][INFO][Rank 0] - train Epoch 9/24: 12.9% (250/1940)
[2025-11-17 15:41:03][INFO][Rank 0] - train Epoch 9/24: 13.4% (260/1940)
[2025-11-17 15:41:10][INFO][Rank 0] - train Epoch 9/24: 13.9% (270/1940)
[2025-11-17 15:41:11][INFO][Rank 0] - CUDA Memory [train][Step 270]: Device 0: Allocated: 3309.6 MB, Reserved: 117540.0 MB (Δ: +1687.0 MB)
[2025-11-17 15:41:17][INFO][Rank 0] - train Epoch 9/24: 14.4% (280/1940)
[2025-11-17 15:41:24][INFO][Rank 0] - train Epoch 9/24: 14.9% (290/1940)
[2025-11-17 15:41:31][INFO][Rank 0] - train Epoch 9/24: 15.5% (300/1940)
[2025-11-17 15:41:38][INFO][Rank 0] - train Epoch 9/24: 16.0% (310/1940)
[2025-11-17 15:41:45][INFO][Rank 0] - train Epoch 9/24: 16.5% (320/1940)
[2025-11-17 15:41:52][INFO][Rank 0] - train Epoch 9/24: 17.0% (330/1940)
[2025-11-17 15:42:00][INFO][Rank 0] - train Epoch 9/24: 17.5% (340/1940)
[2025-11-17 15:42:07][INFO][Rank 0] - train Epoch 9/24: 18.0% (350/1940)
[2025-11-17 15:42:14][INFO][Rank 0] - train Epoch 9/24: 18.6% (360/1940)
[2025-11-17 15:42:14][INFO][Rank 0] - CUDA Memory [train][Step 360]: Device 0: Allocated: 3309.6 MB, Reserved: 117540.0 MB (Δ: +1687.0 MB)
[2025-11-17 15:42:21][INFO][Rank 0] - train Epoch 9/24: 19.1% (370/1940)
[2025-11-17 15:42:28][INFO][Rank 0] - train Epoch 9/24: 19.6% (380/1940)
[2025-11-17 15:42:35][INFO][Rank 0] - train Epoch 9/24: 20.1% (390/1940)
[2025-11-17 15:42:42][INFO][Rank 0] - train Epoch 9/24: 20.6% (400/1940)
[2025-11-17 15:42:49][INFO][Rank 0] - train Epoch 9/24: 21.1% (410/1940)
[2025-11-17 15:42:56][INFO][Rank 0] - train Epoch 9/24: 21.6% (420/1940)
[2025-11-17 15:43:03][INFO][Rank 0] - train Epoch 9/24: 22.2% (430/1940)
[2025-11-17 15:43:10][INFO][Rank 0] - train Epoch 9/24: 22.7% (440/1940)
[2025-11-17 15:43:17][INFO][Rank 0] - train Epoch 9/24: 23.2% (450/1940)
[2025-11-17 15:43:18][INFO][Rank 0] - CUDA Memory [train][Step 450]: Device 0: Allocated: 3309.6 MB, Reserved: 117540.0 MB (Δ: +1687.0 MB)
[2025-11-17 15:43:24][INFO][Rank 0] - train Epoch 9/24: 23.7% (460/1940)
[2025-11-17 15:43:31][INFO][Rank 0] - train Epoch 9/24: 24.2% (470/1940)
[2025-11-17 15:43:39][INFO][Rank 0] - train Epoch 9/24: 24.7% (480/1940)
[2025-11-17 15:43:46][INFO][Rank 0] - train Epoch 9/24: 25.3% (490/1940)
[2025-11-17 15:43:53][INFO][Rank 0] - train Epoch 9/24: 25.8% (500/1940)
[2025-11-17 15:44:00][INFO][Rank 0] - train Epoch 9/24: 26.3% (510/1940)
[2025-11-17 15:44:07][INFO][Rank 0] - train Epoch 9/24: 26.8% (520/1940)
[2025-11-17 15:44:14][INFO][Rank 0] - train Epoch 9/24: 27.3% (530/1940)
[2025-11-17 15:44:21][INFO][Rank 0] - train Epoch 9/24: 27.8% (540/1940)
[2025-11-17 15:44:22][INFO][Rank 0] - CUDA Memory [train][Step 540]: Device 0: Allocated: 3309.6 MB, Reserved: 117540.0 MB (Δ: +1687.0 MB)
[2025-11-17 15:44:28][INFO][Rank 0] - train Epoch 9/24: 28.4% (550/1940)
[2025-11-17 15:44:35][INFO][Rank 0] - train Epoch 9/24: 28.9% (560/1940)
[2025-11-17 15:44:42][INFO][Rank 0] - train Epoch 9/24: 29.4% (570/1940)
[2025-11-17 15:44:49][INFO][Rank 0] - train Epoch 9/24: 29.9% (580/1940)
[2025-11-17 15:44:56][INFO][Rank 0] - train Epoch 9/24: 30.4% (590/1940)
[2025-11-17 15:45:03][INFO][Rank 0] - train Epoch 9/24: 30.9% (600/1940)
[2025-11-17 15:45:10][INFO][Rank 0] - train Epoch 9/24: 31.4% (610/1940)
[2025-11-17 15:45:17][INFO][Rank 0] - train Epoch 9/24: 32.0% (620/1940)
[2025-11-17 15:45:25][INFO][Rank 0] - train Epoch 9/24: 32.5% (630/1940)
[2025-11-17 15:45:25][INFO][Rank 0] - CUDA Memory [train][Step 630]: Device 0: Allocated: 3309.6 MB, Reserved: 117540.0 MB (Δ: +1687.0 MB)
[2025-11-17 15:45:32][INFO][Rank 0] - train Epoch 9/24: 33.0% (640/1940)
[2025-11-17 15:45:39][INFO][Rank 0] - train Epoch 9/24: 33.5% (650/1940)
[2025-11-17 15:45:46][INFO][Rank 0] - train Epoch 9/24: 34.0% (660/1940)
[2025-11-17 15:45:53][INFO][Rank 0] - train Epoch 9/24: 34.5% (670/1940)
[2025-11-17 15:46:00][INFO][Rank 0] - train Epoch 9/24: 35.1% (680/1940)
[2025-11-17 15:46:07][INFO][Rank 0] - train Epoch 9/24: 35.6% (690/1940)
[2025-11-17 15:46:14][INFO][Rank 0] - train Epoch 9/24: 36.1% (700/1940)
[2025-11-17 15:46:21][INFO][Rank 0] - train Epoch 9/24: 36.6% (710/1940)
[2025-11-17 15:46:28][INFO][Rank 0] - train Epoch 9/24: 37.1% (720/1940)
[2025-11-17 15:46:29][INFO][Rank 0] - CUDA Memory [train][Step 720]: Device 0: Allocated: 3309.6 MB, Reserved: 117540.0 MB (Δ: +1687.0 MB)
[2025-11-17 15:46:35][INFO][Rank 0] - train Epoch 9/24: 37.6% (730/1940)
[2025-11-17 15:46:42][INFO][Rank 0] - train Epoch 9/24: 38.1% (740/1940)
[2025-11-17 15:46:49][INFO][Rank 0] - train Epoch 9/24: 38.7% (750/1940)
[2025-11-17 15:46:56][INFO][Rank 0] - train Epoch 9/24: 39.2% (760/1940)
[2025-11-17 15:47:03][INFO][Rank 0] - train Epoch 9/24: 39.7% (770/1940)
[2025-11-17 15:47:11][INFO][Rank 0] - train Epoch 9/24: 40.2% (780/1940)
[2025-11-17 15:47:18][INFO][Rank 0] - train Epoch 9/24: 40.7% (790/1940)
[2025-11-17 15:47:25][INFO][Rank 0] - train Epoch 9/24: 41.2% (800/1940)
[2025-11-17 15:47:32][INFO][Rank 0] - train Epoch 9/24: 41.8% (810/1940)
[2025-11-17 15:47:32][INFO][Rank 0] - CUDA Memory [train][Step 810]: Device 0: Allocated: 3309.6 MB, Reserved: 117540.0 MB (Δ: +1687.0 MB)
[2025-11-17 15:47:39][INFO][Rank 0] - train Epoch 9/24: 42.3% (820/1940)
[2025-11-17 15:47:46][INFO][Rank 0] - train Epoch 9/24: 42.8% (830/1940)
[2025-11-17 15:47:53][INFO][Rank 0] - train Epoch 9/24: 43.3% (840/1940)
[2025-11-17 15:48:00][INFO][Rank 0] - train Epoch 9/24: 43.8% (850/1940)
[2025-11-17 15:48:07][INFO][Rank 0] - train Epoch 9/24: 44.3% (860/1940)
[2025-11-17 15:48:14][INFO][Rank 0] - train Epoch 9/24: 44.8% (870/1940)
[2025-11-17 15:48:21][INFO][Rank 0] - train Epoch 9/24: 45.4% (880/1940)
[2025-11-17 15:48:28][INFO][Rank 0] - train Epoch 9/24: 45.9% (890/1940)
[2025-11-17 15:48:35][INFO][Rank 0] - train Epoch 9/24: 46.4% (900/1940)
[2025-11-17 15:48:36][INFO][Rank 0] - CUDA Memory [train][Step 900]: Device 0: Allocated: 3309.6 MB, Reserved: 117540.0 MB (Δ: +1687.0 MB)
[2025-11-17 15:48:42][INFO][Rank 0] - train Epoch 9/24: 46.9% (910/1940)
[2025-11-17 15:48:49][INFO][Rank 0] - train Epoch 9/24: 47.4% (920/1940)
[2025-11-17 15:48:57][INFO][Rank 0] - train Epoch 9/24: 47.9% (930/1940)
[2025-11-17 15:49:04][INFO][Rank 0] - train Epoch 9/24: 48.5% (940/1940)
[2025-11-17 15:49:11][INFO][Rank 0] - train Epoch 9/24: 49.0% (950/1940)
[2025-11-17 15:49:18][INFO][Rank 0] - train Epoch 9/24: 49.5% (960/1940)
[2025-11-17 15:49:25][INFO][Rank 0] - train Epoch 9/24: 50.0% (970/1940)
[2025-11-17 15:49:32][INFO][Rank 0] - train Epoch 9/24: 50.5% (980/1940)
[2025-11-17 15:49:39][INFO][Rank 0] - train Epoch 9/24: 51.0% (990/1940)
[2025-11-17 15:49:40][INFO][Rank 0] - CUDA Memory [train][Step 990]: Device 0: Allocated: 3309.6 MB, Reserved: 117540.0 MB (Δ: +1687.0 MB)
[2025-11-17 15:49:46][INFO][Rank 0] - train Epoch 9/24: 51.5% (1000/1940)
[2025-11-17 15:49:53][INFO][Rank 0] - train Epoch 9/24: 52.1% (1010/1940)
[2025-11-17 15:50:00][INFO][Rank 0] - train Epoch 9/24: 52.6% (1020/1940)
[2025-11-17 15:50:07][INFO][Rank 0] - train Epoch 9/24: 53.1% (1030/1940)
[2025-11-17 15:50:14][INFO][Rank 0] - train Epoch 9/24: 53.6% (1040/1940)
[2025-11-17 15:50:21][INFO][Rank 0] - train Epoch 9/24: 54.1% (1050/1940)
[2025-11-17 15:50:28][INFO][Rank 0] - train Epoch 9/24: 54.6% (1060/1940)
[2025-11-17 15:50:35][INFO][Rank 0] - train Epoch 9/24: 55.2% (1070/1940)
[2025-11-17 15:50:43][INFO][Rank 0] - train Epoch 9/24: 55.7% (1080/1940)
[2025-11-17 15:50:43][INFO][Rank 0] - CUDA Memory [train][Step 1080]: Device 0: Allocated: 3309.6 MB, Reserved: 117540.0 MB (Δ: +1687.0 MB)
[2025-11-17 15:50:50][INFO][Rank 0] - train Epoch 9/24: 56.2% (1090/1940)
[2025-11-17 15:50:57][INFO][Rank 0] - train Epoch 9/24: 56.7% (1100/1940)
[2025-11-17 15:51:04][INFO][Rank 0] - train Epoch 9/24: 57.2% (1110/1940)
[2025-11-17 15:51:11][INFO][Rank 0] - train Epoch 9/24: 57.7% (1120/1940)
[2025-11-17 15:51:18][INFO][Rank 0] - train Epoch 9/24: 58.2% (1130/1940)
[2025-11-17 15:51:25][INFO][Rank 0] - train Epoch 9/24: 58.8% (1140/1940)
[2025-11-17 15:51:32][INFO][Rank 0] - train Epoch 9/24: 59.3% (1150/1940)
[2025-11-17 15:51:39][INFO][Rank 0] - train Epoch 9/24: 59.8% (1160/1940)
[2025-11-17 15:51:46][INFO][Rank 0] - train Epoch 9/24: 60.3% (1170/1940)
[2025-11-17 15:51:47][INFO][Rank 0] - CUDA Memory [train][Step 1170]: Device 0: Allocated: 3309.6 MB, Reserved: 117540.0 MB (Δ: +1687.0 MB)
[2025-11-17 15:51:53][INFO][Rank 0] - train Epoch 9/24: 60.8% (1180/1940)
[2025-11-17 15:52:00][INFO][Rank 0] - train Epoch 9/24: 61.3% (1190/1940)
[2025-11-17 15:52:07][INFO][Rank 0] - train Epoch 9/24: 61.9% (1200/1940)
[2025-11-17 15:52:14][INFO][Rank 0] - train Epoch 9/24: 62.4% (1210/1940)
[2025-11-17 15:52:21][INFO][Rank 0] - train Epoch 9/24: 62.9% (1220/1940)
[2025-11-17 15:52:29][INFO][Rank 0] - train Epoch 9/24: 63.4% (1230/1940)
[2025-11-17 15:52:36][INFO][Rank 0] - train Epoch 9/24: 63.9% (1240/1940)
[2025-11-17 15:52:43][INFO][Rank 0] - train Epoch 9/24: 64.4% (1250/1940)
[2025-11-17 15:52:50][INFO][Rank 0] - train Epoch 9/24: 64.9% (1260/1940)
[2025-11-17 15:52:50][INFO][Rank 0] - CUDA Memory [train][Step 1260]: Device 0: Allocated: 3309.6 MB, Reserved: 117540.0 MB (Δ: +1687.0 MB)
[2025-11-17 15:52:57][INFO][Rank 0] - train Epoch 9/24: 65.5% (1270/1940)
[2025-11-17 15:53:04][INFO][Rank 0] - train Epoch 9/24: 66.0% (1280/1940)
[2025-11-17 15:53:11][INFO][Rank 0] - train Epoch 9/24: 66.5% (1290/1940)
[2025-11-17 15:53:18][INFO][Rank 0] - train Epoch 9/24: 67.0% (1300/1940)
[2025-11-17 15:53:25][INFO][Rank 0] - train Epoch 9/24: 67.5% (1310/1940)
[2025-11-17 15:53:32][INFO][Rank 0] - train Epoch 9/24: 68.0% (1320/1940)
[2025-11-17 15:53:39][INFO][Rank 0] - train Epoch 9/24: 68.6% (1330/1940)
[2025-11-17 15:53:46][INFO][Rank 0] - train Epoch 9/24: 69.1% (1340/1940)
[2025-11-17 15:53:53][INFO][Rank 0] - train Epoch 9/24: 69.6% (1350/1940)
[2025-11-17 15:53:54][INFO][Rank 0] - CUDA Memory [train][Step 1350]: Device 0: Allocated: 3309.6 MB, Reserved: 117540.0 MB (Δ: +1687.0 MB)
[2025-11-17 15:54:00][INFO][Rank 0] - train Epoch 9/24: 70.1% (1360/1940)
[2025-11-17 15:54:07][INFO][Rank 0] - train Epoch 9/24: 70.6% (1370/1940)
[2025-11-17 15:54:15][INFO][Rank 0] - train Epoch 9/24: 71.1% (1380/1940)
[2025-11-17 15:54:22][INFO][Rank 0] - train Epoch 9/24: 71.6% (1390/1940)
[2025-11-17 15:54:29][INFO][Rank 0] - train Epoch 9/24: 72.2% (1400/1940)
[2025-11-17 15:54:36][INFO][Rank 0] - train Epoch 9/24: 72.7% (1410/1940)
[2025-11-17 15:54:43][INFO][Rank 0] - train Epoch 9/24: 73.2% (1420/1940)
[2025-11-17 15:54:50][INFO][Rank 0] - train Epoch 9/24: 73.7% (1430/1940)
[2025-11-17 15:54:57][INFO][Rank 0] - train Epoch 9/24: 74.2% (1440/1940)
[2025-11-17 15:54:58][INFO][Rank 0] - CUDA Memory [train][Step 1440]: Device 0: Allocated: 3309.6 MB, Reserved: 117540.0 MB (Δ: +1687.0 MB)
[2025-11-17 15:55:04][INFO][Rank 0] - train Epoch 9/24: 74.7% (1450/1940)
[2025-11-17 15:55:11][INFO][Rank 0] - train Epoch 9/24: 75.3% (1460/1940)
[2025-11-17 15:55:18][INFO][Rank 0] - train Epoch 9/24: 75.8% (1470/1940)
[2025-11-17 15:55:25][INFO][Rank 0] - train Epoch 9/24: 76.3% (1480/1940)
[2025-11-17 15:55:32][INFO][Rank 0] - train Epoch 9/24: 76.8% (1490/1940)
[2025-11-17 15:55:39][INFO][Rank 0] - train Epoch 9/24: 77.3% (1500/1940)
[2025-11-17 15:55:46][INFO][Rank 0] - train Epoch 9/24: 77.8% (1510/1940)
[2025-11-17 15:55:53][INFO][Rank 0] - train Epoch 9/24: 78.4% (1520/1940)
[2025-11-17 15:56:01][INFO][Rank 0] - train Epoch 9/24: 78.9% (1530/1940)
[2025-11-17 15:56:01][INFO][Rank 0] - CUDA Memory [train][Step 1530]: Device 0: Allocated: 3309.6 MB, Reserved: 117540.0 MB (Δ: +1687.0 MB)
[2025-11-17 15:56:08][INFO][Rank 0] - train Epoch 9/24: 79.4% (1540/1940)
[2025-11-17 15:56:15][INFO][Rank 0] - train Epoch 9/24: 79.9% (1550/1940)
[2025-11-17 15:56:22][INFO][Rank 0] - train Epoch 9/24: 80.4% (1560/1940)
[2025-11-17 15:56:29][INFO][Rank 0] - train Epoch 9/24: 80.9% (1570/1940)
[2025-11-17 15:56:36][INFO][Rank 0] - train Epoch 9/24: 81.4% (1580/1940)
[2025-11-17 15:56:43][INFO][Rank 0] - train Epoch 9/24: 82.0% (1590/1940)
[2025-11-17 15:56:50][INFO][Rank 0] - train Epoch 9/24: 82.5% (1600/1940)
[2025-11-17 15:56:57][INFO][Rank 0] - train Epoch 9/24: 83.0% (1610/1940)
[2025-11-17 15:57:04][INFO][Rank 0] - train Epoch 9/24: 83.5% (1620/1940)
[2025-11-17 15:57:05][INFO][Rank 0] - CUDA Memory [train][Step 1620]: Device 0: Allocated: 3309.6 MB, Reserved: 117540.0 MB (Δ: +1687.0 MB)
[2025-11-17 15:57:11][INFO][Rank 0] - train Epoch 9/24: 84.0% (1630/1940)
[2025-11-17 15:57:18][INFO][Rank 0] - train Epoch 9/24: 84.5% (1640/1940)
[2025-11-17 15:57:25][INFO][Rank 0] - train Epoch 9/24: 85.1% (1650/1940)
[2025-11-17 15:57:32][INFO][Rank 0] - train Epoch 9/24: 85.6% (1660/1940)
[2025-11-17 15:57:39][INFO][Rank 0] - train Epoch 9/24: 86.1% (1670/1940)
[2025-11-17 15:57:47][INFO][Rank 0] - train Epoch 9/24: 86.6% (1680/1940)
[2025-11-17 15:57:54][INFO][Rank 0] - train Epoch 9/24: 87.1% (1690/1940)
[2025-11-17 15:58:01][INFO][Rank 0] - train Epoch 9/24: 87.6% (1700/1940)
[2025-11-17 15:58:08][INFO][Rank 0] - train Epoch 9/24: 88.1% (1710/1940)
[2025-11-17 15:58:08][INFO][Rank 0] - CUDA Memory [train][Step 1710]: Device 0: Allocated: 3309.6 MB, Reserved: 117540.0 MB (Δ: +1687.0 MB)
[2025-11-17 15:58:15][INFO][Rank 0] - train Epoch 9/24: 88.7% (1720/1940)
[2025-11-17 15:58:22][INFO][Rank 0] - train Epoch 9/24: 89.2% (1730/1940)
[2025-11-17 15:58:29][INFO][Rank 0] - train Epoch 9/24: 89.7% (1740/1940)
[2025-11-17 15:58:36][INFO][Rank 0] - train Epoch 9/24: 90.2% (1750/1940)
[2025-11-17 15:58:43][INFO][Rank 0] - train Epoch 9/24: 90.7% (1760/1940)
[2025-11-17 15:58:50][INFO][Rank 0] - train Epoch 9/24: 91.2% (1770/1940)
[2025-11-17 15:58:57][INFO][Rank 0] - train Epoch 9/24: 91.8% (1780/1940)
[2025-11-17 15:59:04][INFO][Rank 0] - train Epoch 9/24: 92.3% (1790/1940)
[2025-11-17 15:59:11][INFO][Rank 0] - train Epoch 9/24: 92.8% (1800/1940)
[2025-11-17 15:59:12][INFO][Rank 0] - CUDA Memory [train][Step 1800]: Device 0: Allocated: 3309.6 MB, Reserved: 117540.0 MB (Δ: +1687.0 MB)
[2025-11-17 15:59:18][INFO][Rank 0] - train Epoch 9/24: 93.3% (1810/1940)
[2025-11-17 15:59:25][INFO][Rank 0] - train Epoch 9/24: 93.8% (1820/1940)
[2025-11-17 15:59:33][INFO][Rank 0] - train Epoch 9/24: 94.3% (1830/1940)
[2025-11-17 15:59:40][INFO][Rank 0] - train Epoch 9/24: 94.8% (1840/1940)
[2025-11-17 15:59:47][INFO][Rank 0] - train Epoch 9/24: 95.4% (1850/1940)
[2025-11-17 15:59:54][INFO][Rank 0] - train Epoch 9/24: 95.9% (1860/1940)
[2025-11-17 16:00:01][INFO][Rank 0] - train Epoch 9/24: 96.4% (1870/1940)
[2025-11-17 16:00:08][INFO][Rank 0] - train Epoch 9/24: 96.9% (1880/1940)
[2025-11-17 16:00:15][INFO][Rank 0] - train Epoch 9/24: 97.4% (1890/1940)
[2025-11-17 16:00:16][INFO][Rank 0] - CUDA Memory [train][Step 1890]: Device 0: Allocated: 3309.6 MB, Reserved: 117540.0 MB (Δ: +1687.0 MB)
[2025-11-17 16:00:22][INFO][Rank 0] - train Epoch 9/24: 97.9% (1900/1940)
[2025-11-17 16:00:29][INFO][Rank 0] - train Epoch 9/24: 98.5% (1910/1940)
[2025-11-17 16:00:36][INFO][Rank 0] - train Epoch 9/24: 99.0% (1920/1940)
[2025-11-17 16:00:43][INFO][Rank 0] - train Epoch 9/24: 99.5% (1930/1940)
[2025-11-17 16:00:50][INFO][Rank 0] - train Epoch 9/24: 99.9% (1939/1940)
[2025-11-17 16:00:50][INFO][Rank 0] - train Loss: 0.1677 Acc: 0.9695 F1: 0.9842
[2025-11-17 16:00:50][INFO][Rank 0] - train Balanced Acc: 0.8829 AUC-ROC: 0.9666
[2025-11-17 16:00:50][INFO][Rank 0] - train Sensitivity: 0.9743 Specificity: 0.7914
[2025-11-17 16:00:50][INFO][Rank 0] - train Confusion Matrix: TP=18402, FP=107, FN=485, TN=406
[2025-11-17 16:00:50][INFO][Rank 0] - train completed in 1371.48s
[2025-11-17 16:00:50][INFO][Rank 0] - Data loading time: 1.20s, Forward time: 278.98s, Backward time: 743.65s
[2025-11-17 16:00:50][INFO][Rank 0] - train cache: 0/1 items, hit rate: 0.00%
[2025-11-17 16:00:50][INFO][Rank 0] - CUDA Memory [val][Step 0]: Device 0: Allocated: 3309.6 MB, Reserved: 117540.0 MB (Δ: +1687.0 MB)
[2025-11-17 16:00:50][INFO][Rank 0] - val phase: total 407 batches
[2025-11-17 16:00:50][INFO][Rank 0] - val Epoch 9/24: 0.0% (0/407)
[2025-11-17 16:00:55][INFO][Rank 0] - val Epoch 9/24: 2.5% (10/407)
[2025-11-17 16:01:01][INFO][Rank 0] - val Epoch 9/24: 4.9% (20/407)
[2025-11-17 16:01:06][INFO][Rank 0] - val Epoch 9/24: 7.4% (30/407)
[2025-11-17 16:01:11][INFO][Rank 0] - val Epoch 9/24: 9.8% (40/407)
[2025-11-17 16:01:16][INFO][Rank 0] - val Epoch 9/24: 12.3% (50/407)
[2025-11-17 16:01:21][INFO][Rank 0] - val Epoch 9/24: 14.7% (60/407)
[2025-11-17 16:01:26][INFO][Rank 0] - val Epoch 9/24: 17.2% (70/407)
[2025-11-17 16:01:31][INFO][Rank 0] - val Epoch 9/24: 19.7% (80/407)
[2025-11-17 16:01:36][INFO][Rank 0] - val Epoch 9/24: 22.1% (90/407)
[2025-11-17 16:01:41][INFO][Rank 0] - val Epoch 9/24: 24.6% (100/407)
[2025-11-17 16:01:46][INFO][Rank 0] - val Epoch 9/24: 27.0% (110/407)
[2025-11-17 16:01:51][INFO][Rank 0] - val Epoch 9/24: 29.5% (120/407)
[2025-11-17 16:01:51][INFO][Rank 0] - CUDA Memory [val][Step 120]: Device 0: Allocated: 3309.6 MB, Reserved: 117540.0 MB (Δ: +1687.0 MB)
[2025-11-17 16:01:56][INFO][Rank 0] - val Epoch 9/24: 31.9% (130/407)
[2025-11-17 16:02:01][INFO][Rank 0] - val Epoch 9/24: 34.4% (140/407)
[2025-11-17 16:02:06][INFO][Rank 0] - val Epoch 9/24: 36.9% (150/407)
[2025-11-17 16:02:11][INFO][Rank 0] - val Epoch 9/24: 39.3% (160/407)
[2025-11-17 16:02:16][INFO][Rank 0] - val Epoch 9/24: 41.8% (170/407)
[2025-11-17 16:02:21][INFO][Rank 0] - val Epoch 9/24: 44.2% (180/407)
[2025-11-17 16:02:26][INFO][Rank 0] - val Epoch 9/24: 46.7% (190/407)
[2025-11-17 16:02:31][INFO][Rank 0] - val Epoch 9/24: 49.1% (200/407)
[2025-11-17 16:02:36][INFO][Rank 0] - val Epoch 9/24: 51.6% (210/407)
[2025-11-17 16:02:41][INFO][Rank 0] - val Epoch 9/24: 54.1% (220/407)
[2025-11-17 16:02:46][INFO][Rank 0] - val Epoch 9/24: 56.5% (230/407)
[2025-11-17 16:02:51][INFO][Rank 0] - val Epoch 9/24: 59.0% (240/407)
[2025-11-17 16:02:52][INFO][Rank 0] - CUDA Memory [val][Step 240]: Device 0: Allocated: 3309.6 MB, Reserved: 117540.0 MB (Δ: +1687.0 MB)
[2025-11-17 16:02:56][INFO][Rank 0] - val Epoch 9/24: 61.4% (250/407)
[2025-11-17 16:03:01][INFO][Rank 0] - val Epoch 9/24: 63.9% (260/407)
[2025-11-17 16:03:06][INFO][Rank 0] - val Epoch 9/24: 66.3% (270/407)
[2025-11-17 16:03:11][INFO][Rank 0] - val Epoch 9/24: 68.8% (280/407)
[2025-11-17 16:03:16][INFO][Rank 0] - val Epoch 9/24: 71.3% (290/407)
[2025-11-17 16:03:21][INFO][Rank 0] - val Epoch 9/24: 73.7% (300/407)
[2025-11-17 16:03:26][INFO][Rank 0] - val Epoch 9/24: 76.2% (310/407)
[2025-11-17 16:03:31][INFO][Rank 0] - val Epoch 9/24: 78.6% (320/407)
[2025-11-17 16:03:36][INFO][Rank 0] - val Epoch 9/24: 81.1% (330/407)
[2025-11-17 16:03:41][INFO][Rank 0] - val Epoch 9/24: 83.5% (340/407)
[2025-11-17 16:03:47][INFO][Rank 0] - val Epoch 9/24: 86.0% (350/407)
[2025-11-17 16:03:52][INFO][Rank 0] - val Epoch 9/24: 88.5% (360/407)
[2025-11-17 16:03:52][INFO][Rank 0] - CUDA Memory [val][Step 360]: Device 0: Allocated: 3309.6 MB, Reserved: 117540.0 MB (Δ: +1687.0 MB)
[2025-11-17 16:03:57][INFO][Rank 0] - val Epoch 9/24: 90.9% (370/407)
[2025-11-17 16:04:02][INFO][Rank 0] - val Epoch 9/24: 93.4% (380/407)
[2025-11-17 16:04:07][INFO][Rank 0] - val Epoch 9/24: 95.8% (390/407)
[2025-11-17 16:04:12][INFO][Rank 0] - val Epoch 9/24: 98.3% (400/407)
[2025-11-17 16:04:15][INFO][Rank 0] - val Epoch 9/24: 99.8% (406/407)
[2025-11-17 16:04:15][INFO][Rank 0] - val Loss: 0.0874 Acc: 0.9737 F1: 0.9864
[2025-11-17 16:04:15][INFO][Rank 0] - val Balanced Acc: 0.9069 AUC-ROC: 0.9827
[2025-11-17 16:04:15][INFO][Rank 0] - val Sensitivity: 0.9767 Specificity: 0.8372
[2025-11-17 16:04:15][INFO][Rank 0] - val Confusion Matrix: TP=3891, FP=14, FN=93, TN=72
[2025-11-17 16:04:15][INFO][Rank 0] - val completed in 204.95s
[2025-11-17 16:04:15][INFO][Rank 0] - val cache: 0/1 items, hit rate: 0.00%
[2025-11-17 16:04:19][INFO][Rank 0] - Saved epoch checkpoint at /projects/retprogression/rgarridogarcia/checkpoints/cropped1024_cropped_centered_wt_allR_1/epoch_9.pth
[2025-11-17 16:04:19][INFO][Rank 0] - Epoch 9 summary:
[2025-11-17 16:04:19][INFO][Rank 0] -  Train Loss: 0.1677, Train Acc: 0.9695, Train F1: 0.9842
[2025-11-17 16:04:19][INFO][Rank 0] -  Train Balanced Acc: 0.8829, Train AUC: 0.9666
[2025-11-17 16:04:19][INFO][Rank 0] -  Train Sensitivity: 0.9743, Train Specificity: 0.7914
[2025-11-17 16:04:19][INFO][Rank 0] -  Val Loss: 0.0874, Val Acc: 0.9737, Val F1: 0.9864
[2025-11-17 16:04:19][INFO][Rank 0] -  Val Balanced Acc: 0.9069, Val AUC: 0.9827
[2025-11-17 16:04:19][INFO][Rank 0] -  Val Sensitivity: 0.9767, Val Specificity: 0.8372
[2025-11-17 16:04:19][INFO][Rank 0] -  Total Epoch Time: 1580.25s
[2025-11-17 16:04:19][INFO][Rank 0] - Epoch 10/24
[2025-11-17 16:04:19][INFO][Rank 0] - ----------
[2025-11-17 16:04:19][INFO][Rank 0] - CUDA Memory [train][Step 0]: Device 0: Allocated: 3309.6 MB, Reserved: 117540.0 MB (Δ: +1687.0 MB)
[2025-11-17 16:04:19][INFO][Rank 0] - train phase: total 1940 batches
[2025-11-17 16:04:20][INFO][Rank 0] - train Epoch 10/24: 0.0% (0/1940)
[2025-11-17 16:04:27][INFO][Rank 0] - train Epoch 10/24: 0.5% (10/1940)
[2025-11-17 16:04:34][INFO][Rank 0] - train Epoch 10/24: 1.0% (20/1940)
[2025-11-17 16:04:41][INFO][Rank 0] - train Epoch 10/24: 1.5% (30/1940)
[2025-11-17 16:04:48][INFO][Rank 0] - train Epoch 10/24: 2.1% (40/1940)
[2025-11-17 16:04:55][INFO][Rank 0] - train Epoch 10/24: 2.6% (50/1940)
[2025-11-17 16:05:02][INFO][Rank 0] - train Epoch 10/24: 3.1% (60/1940)
[2025-11-17 16:05:09][INFO][Rank 0] - train Epoch 10/24: 3.6% (70/1940)
[2025-11-17 16:05:16][INFO][Rank 0] - train Epoch 10/24: 4.1% (80/1940)
[2025-11-17 16:05:23][INFO][Rank 0] - train Epoch 10/24: 4.6% (90/1940)
[2025-11-17 16:05:24][INFO][Rank 0] - CUDA Memory [train][Step 90]: Device 0: Allocated: 3309.6 MB, Reserved: 117540.0 MB (Δ: +1687.0 MB)
[2025-11-17 16:05:30][INFO][Rank 0] - train Epoch 10/24: 5.2% (100/1940)
[2025-11-17 16:05:37][INFO][Rank 0] - train Epoch 10/24: 5.7% (110/1940)
[2025-11-17 16:05:44][INFO][Rank 0] - train Epoch 10/24: 6.2% (120/1940)
[2025-11-17 16:05:51][INFO][Rank 0] - train Epoch 10/24: 6.7% (130/1940)
[2025-11-17 16:05:58][INFO][Rank 0] - train Epoch 10/24: 7.2% (140/1940)
[2025-11-17 16:06:05][INFO][Rank 0] - train Epoch 10/24: 7.7% (150/1940)
[2025-11-17 16:06:13][INFO][Rank 0] - train Epoch 10/24: 8.2% (160/1940)
[2025-11-17 16:06:20][INFO][Rank 0] - train Epoch 10/24: 8.8% (170/1940)
[2025-11-17 16:06:27][INFO][Rank 0] - train Epoch 10/24: 9.3% (180/1940)
[2025-11-17 16:06:27][INFO][Rank 0] - CUDA Memory [train][Step 180]: Device 0: Allocated: 3309.6 MB, Reserved: 117540.0 MB (Δ: +1687.0 MB)
[2025-11-17 16:06:34][INFO][Rank 0] - train Epoch 10/24: 9.8% (190/1940)
[2025-11-17 16:06:41][INFO][Rank 0] - train Epoch 10/24: 10.3% (200/1940)
[2025-11-17 16:06:48][INFO][Rank 0] - train Epoch 10/24: 10.8% (210/1940)
[2025-11-17 16:06:55][INFO][Rank 0] - train Epoch 10/24: 11.3% (220/1940)
[2025-11-17 16:07:02][INFO][Rank 0] - train Epoch 10/24: 11.9% (230/1940)
[2025-11-17 16:07:09][INFO][Rank 0] - train Epoch 10/24: 12.4% (240/1940)
[2025-11-17 16:07:16][INFO][Rank 0] - train Epoch 10/24: 12.9% (250/1940)
[2025-11-17 16:07:23][INFO][Rank 0] - train Epoch 10/24: 13.4% (260/1940)
[2025-11-17 16:07:30][INFO][Rank 0] - train Epoch 10/24: 13.9% (270/1940)
[2025-11-17 16:07:31][INFO][Rank 0] - CUDA Memory [train][Step 270]: Device 0: Allocated: 3309.6 MB, Reserved: 117540.0 MB (Δ: +1687.0 MB)
[2025-11-17 16:07:37][INFO][Rank 0] - train Epoch 10/24: 14.4% (280/1940)
[2025-11-17 16:07:44][INFO][Rank 0] - train Epoch 10/24: 14.9% (290/1940)
[2025-11-17 16:07:51][INFO][Rank 0] - train Epoch 10/24: 15.5% (300/1940)
[2025-11-17 16:07:59][INFO][Rank 0] - train Epoch 10/24: 16.0% (310/1940)
[2025-11-17 16:08:06][INFO][Rank 0] - train Epoch 10/24: 16.5% (320/1940)
[2025-11-17 16:08:13][INFO][Rank 0] - train Epoch 10/24: 17.0% (330/1940)
[2025-11-17 16:08:20][INFO][Rank 0] - train Epoch 10/24: 17.5% (340/1940)
[2025-11-17 16:08:27][INFO][Rank 0] - train Epoch 10/24: 18.0% (350/1940)
[2025-11-17 16:08:34][INFO][Rank 0] - train Epoch 10/24: 18.6% (360/1940)
[2025-11-17 16:08:35][INFO][Rank 0] - CUDA Memory [train][Step 360]: Device 0: Allocated: 3309.6 MB, Reserved: 117540.0 MB (Δ: +1687.0 MB)
[2025-11-17 16:08:41][INFO][Rank 0] - train Epoch 10/24: 19.1% (370/1940)
[2025-11-17 16:08:48][INFO][Rank 0] - train Epoch 10/24: 19.6% (380/1940)
[2025-11-17 16:08:55][INFO][Rank 0] - train Epoch 10/24: 20.1% (390/1940)
[2025-11-17 16:09:02][INFO][Rank 0] - train Epoch 10/24: 20.6% (400/1940)
[2025-11-17 16:09:09][INFO][Rank 0] - train Epoch 10/24: 21.1% (410/1940)
[2025-11-17 16:09:16][INFO][Rank 0] - train Epoch 10/24: 21.6% (420/1940)
[2025-11-17 16:09:23][INFO][Rank 0] - train Epoch 10/24: 22.2% (430/1940)
[2025-11-17 16:09:30][INFO][Rank 0] - train Epoch 10/24: 22.7% (440/1940)
[2025-11-17 16:09:37][INFO][Rank 0] - train Epoch 10/24: 23.2% (450/1940)
[2025-11-17 16:09:38][INFO][Rank 0] - CUDA Memory [train][Step 450]: Device 0: Allocated: 3309.6 MB, Reserved: 117540.0 MB (Δ: +1687.0 MB)
[2025-11-17 16:09:45][INFO][Rank 0] - train Epoch 10/24: 23.7% (460/1940)
[2025-11-17 16:09:52][INFO][Rank 0] - train Epoch 10/24: 24.2% (470/1940)
[2025-11-17 16:09:59][INFO][Rank 0] - train Epoch 10/24: 24.7% (480/1940)
[2025-11-17 16:10:06][INFO][Rank 0] - train Epoch 10/24: 25.3% (490/1940)
[2025-11-17 16:10:13][INFO][Rank 0] - train Epoch 10/24: 25.8% (500/1940)
[2025-11-17 16:10:20][INFO][Rank 0] - train Epoch 10/24: 26.3% (510/1940)
[2025-11-17 16:10:27][INFO][Rank 0] - train Epoch 10/24: 26.8% (520/1940)
[2025-11-17 16:10:34][INFO][Rank 0] - train Epoch 10/24: 27.3% (530/1940)
[2025-11-17 16:10:41][INFO][Rank 0] - train Epoch 10/24: 27.8% (540/1940)
[2025-11-17 16:10:42][INFO][Rank 0] - CUDA Memory [train][Step 540]: Device 0: Allocated: 3309.6 MB, Reserved: 117540.0 MB (Δ: +1687.0 MB)
[2025-11-17 16:10:48][INFO][Rank 0] - train Epoch 10/24: 28.4% (550/1940)
[2025-11-17 16:10:55][INFO][Rank 0] - train Epoch 10/24: 28.9% (560/1940)
[2025-11-17 16:11:02][INFO][Rank 0] - train Epoch 10/24: 29.4% (570/1940)
[2025-11-17 16:11:09][INFO][Rank 0] - train Epoch 10/24: 29.9% (580/1940)
[2025-11-17 16:11:16][INFO][Rank 0] - train Epoch 10/24: 30.4% (590/1940)
[2025-11-17 16:11:23][INFO][Rank 0] - train Epoch 10/24: 30.9% (600/1940)
[2025-11-17 16:11:31][INFO][Rank 0] - train Epoch 10/24: 31.4% (610/1940)
[2025-11-17 16:11:38][INFO][Rank 0] - train Epoch 10/24: 32.0% (620/1940)
[2025-11-17 16:11:45][INFO][Rank 0] - train Epoch 10/24: 32.5% (630/1940)
[2025-11-17 16:11:45][INFO][Rank 0] - CUDA Memory [train][Step 630]: Device 0: Allocated: 3309.6 MB, Reserved: 117540.0 MB (Δ: +1687.0 MB)
[2025-11-17 16:11:52][INFO][Rank 0] - train Epoch 10/24: 33.0% (640/1940)
[2025-11-17 16:11:59][INFO][Rank 0] - train Epoch 10/24: 33.5% (650/1940)
[2025-11-17 16:12:06][INFO][Rank 0] - train Epoch 10/24: 34.0% (660/1940)
[2025-11-17 16:12:13][INFO][Rank 0] - train Epoch 10/24: 34.5% (670/1940)
[2025-11-17 16:12:20][INFO][Rank 0] - train Epoch 10/24: 35.1% (680/1940)
[2025-11-17 16:12:27][INFO][Rank 0] - train Epoch 10/24: 35.6% (690/1940)
[2025-11-17 16:12:34][INFO][Rank 0] - train Epoch 10/24: 36.1% (700/1940)
[2025-11-17 16:12:41][INFO][Rank 0] - train Epoch 10/24: 36.6% (710/1940)
[2025-11-17 16:12:48][INFO][Rank 0] - train Epoch 10/24: 37.1% (720/1940)
[2025-11-17 16:12:49][INFO][Rank 0] - CUDA Memory [train][Step 720]: Device 0: Allocated: 3309.6 MB, Reserved: 117540.0 MB (Δ: +1687.0 MB)
[2025-11-17 16:12:55][INFO][Rank 0] - train Epoch 10/24: 37.6% (730/1940)
[2025-11-17 16:13:02][INFO][Rank 0] - train Epoch 10/24: 38.1% (740/1940)
[2025-11-17 16:13:09][INFO][Rank 0] - train Epoch 10/24: 38.7% (750/1940)
[2025-11-17 16:13:17][INFO][Rank 0] - train Epoch 10/24: 39.2% (760/1940)
[2025-11-17 16:13:24][INFO][Rank 0] - train Epoch 10/24: 39.7% (770/1940)
[2025-11-17 16:13:31][INFO][Rank 0] - train Epoch 10/24: 40.2% (780/1940)
[2025-11-17 16:13:38][INFO][Rank 0] - train Epoch 10/24: 40.7% (790/1940)
[2025-11-17 16:13:45][INFO][Rank 0] - train Epoch 10/24: 41.2% (800/1940)
[2025-11-17 16:13:52][INFO][Rank 0] - train Epoch 10/24: 41.8% (810/1940)
[2025-11-17 16:13:53][INFO][Rank 0] - CUDA Memory [train][Step 810]: Device 0: Allocated: 3309.6 MB, Reserved: 117540.0 MB (Δ: +1687.0 MB)
[2025-11-17 16:13:59][INFO][Rank 0] - train Epoch 10/24: 42.3% (820/1940)
[2025-11-17 16:14:06][INFO][Rank 0] - train Epoch 10/24: 42.8% (830/1940)
[2025-11-17 16:14:13][INFO][Rank 0] - train Epoch 10/24: 43.3% (840/1940)
[2025-11-17 16:14:20][INFO][Rank 0] - train Epoch 10/24: 43.8% (850/1940)
[2025-11-17 16:14:27][INFO][Rank 0] - train Epoch 10/24: 44.3% (860/1940)
[2025-11-17 16:14:34][INFO][Rank 0] - train Epoch 10/24: 44.8% (870/1940)
[2025-11-17 16:14:41][INFO][Rank 0] - train Epoch 10/24: 45.4% (880/1940)
[2025-11-17 16:14:48][INFO][Rank 0] - train Epoch 10/24: 45.9% (890/1940)
[2025-11-17 16:14:55][INFO][Rank 0] - train Epoch 10/24: 46.4% (900/1940)
[2025-11-17 16:14:56][INFO][Rank 0] - CUDA Memory [train][Step 900]: Device 0: Allocated: 3309.6 MB, Reserved: 117540.0 MB (Δ: +1687.0 MB)
[2025-11-17 16:15:03][INFO][Rank 0] - train Epoch 10/24: 46.9% (910/1940)
[2025-11-17 16:15:10][INFO][Rank 0] - train Epoch 10/24: 47.4% (920/1940)
[2025-11-17 16:15:17][INFO][Rank 0] - train Epoch 10/24: 47.9% (930/1940)
[2025-11-17 16:15:24][INFO][Rank 0] - train Epoch 10/24: 48.5% (940/1940)
[2025-11-17 16:15:31][INFO][Rank 0] - train Epoch 10/24: 49.0% (950/1940)
[2025-11-17 16:15:38][INFO][Rank 0] - train Epoch 10/24: 49.5% (960/1940)
[2025-11-17 16:15:45][INFO][Rank 0] - train Epoch 10/24: 50.0% (970/1940)
[2025-11-17 16:15:52][INFO][Rank 0] - train Epoch 10/24: 50.5% (980/1940)
[2025-11-17 16:15:59][INFO][Rank 0] - train Epoch 10/24: 51.0% (990/1940)
[2025-11-17 16:16:00][INFO][Rank 0] - CUDA Memory [train][Step 990]: Device 0: Allocated: 3309.6 MB, Reserved: 117540.0 MB (Δ: +1687.0 MB)
[2025-11-17 16:16:06][INFO][Rank 0] - train Epoch 10/24: 51.5% (1000/1940)
[2025-11-17 16:16:13][INFO][Rank 0] - train Epoch 10/24: 52.1% (1010/1940)
[2025-11-17 16:16:20][INFO][Rank 0] - train Epoch 10/24: 52.6% (1020/1940)
[2025-11-17 16:16:27][INFO][Rank 0] - train Epoch 10/24: 53.1% (1030/1940)
[2025-11-17 16:16:34][INFO][Rank 0] - train Epoch 10/24: 53.6% (1040/1940)
[2025-11-17 16:16:41][INFO][Rank 0] - train Epoch 10/24: 54.1% (1050/1940)
[2025-11-17 16:16:49][INFO][Rank 0] - train Epoch 10/24: 54.6% (1060/1940)
[2025-11-17 16:16:56][INFO][Rank 0] - train Epoch 10/24: 55.2% (1070/1940)
[2025-11-17 16:17:03][INFO][Rank 0] - train Epoch 10/24: 55.7% (1080/1940)
[2025-11-17 16:17:03][INFO][Rank 0] - CUDA Memory [train][Step 1080]: Device 0: Allocated: 3309.6 MB, Reserved: 117540.0 MB (Δ: +1687.0 MB)
[2025-11-17 16:17:10][INFO][Rank 0] - train Epoch 10/24: 56.2% (1090/1940)
[2025-11-17 16:17:17][INFO][Rank 0] - train Epoch 10/24: 56.7% (1100/1940)
[2025-11-17 16:17:24][INFO][Rank 0] - train Epoch 10/24: 57.2% (1110/1940)
[2025-11-17 16:17:31][INFO][Rank 0] - train Epoch 10/24: 57.7% (1120/1940)
[2025-11-17 16:17:38][INFO][Rank 0] - train Epoch 10/24: 58.2% (1130/1940)
[2025-11-17 16:17:45][INFO][Rank 0] - train Epoch 10/24: 58.8% (1140/1940)
[2025-11-17 16:17:52][INFO][Rank 0] - train Epoch 10/24: 59.3% (1150/1940)
[2025-11-17 16:17:59][INFO][Rank 0] - train Epoch 10/24: 59.8% (1160/1940)
[2025-11-17 16:18:06][INFO][Rank 0] - train Epoch 10/24: 60.3% (1170/1940)
[2025-11-17 16:18:07][INFO][Rank 0] - CUDA Memory [train][Step 1170]: Device 0: Allocated: 3309.6 MB, Reserved: 117540.0 MB (Δ: +1687.0 MB)
[2025-11-17 16:18:13][INFO][Rank 0] - train Epoch 10/24: 60.8% (1180/1940)
[2025-11-17 16:18:20][INFO][Rank 0] - train Epoch 10/24: 61.3% (1190/1940)
[2025-11-17 16:18:27][INFO][Rank 0] - train Epoch 10/24: 61.9% (1200/1940)
[2025-11-17 16:18:34][INFO][Rank 0] - train Epoch 10/24: 62.4% (1210/1940)
[2025-11-17 16:18:42][INFO][Rank 0] - train Epoch 10/24: 62.9% (1220/1940)
[2025-11-17 16:18:49][INFO][Rank 0] - train Epoch 10/24: 63.4% (1230/1940)
[2025-11-17 16:18:56][INFO][Rank 0] - train Epoch 10/24: 63.9% (1240/1940)
[2025-11-17 16:19:03][INFO][Rank 0] - train Epoch 10/24: 64.4% (1250/1940)
[2025-11-17 16:19:10][INFO][Rank 0] - train Epoch 10/24: 64.9% (1260/1940)
[2025-11-17 16:19:11][INFO][Rank 0] - CUDA Memory [train][Step 1260]: Device 0: Allocated: 3309.6 MB, Reserved: 117540.0 MB (Δ: +1687.0 MB)
[2025-11-17 16:19:17][INFO][Rank 0] - train Epoch 10/24: 65.5% (1270/1940)
[2025-11-17 16:19:24][INFO][Rank 0] - train Epoch 10/24: 66.0% (1280/1940)
[2025-11-17 16:19:31][INFO][Rank 0] - train Epoch 10/24: 66.5% (1290/1940)
[2025-11-17 16:19:38][INFO][Rank 0] - train Epoch 10/24: 67.0% (1300/1940)
[2025-11-17 16:19:45][INFO][Rank 0] - train Epoch 10/24: 67.5% (1310/1940)
[2025-11-17 16:19:52][INFO][Rank 0] - train Epoch 10/24: 68.0% (1320/1940)
[2025-11-17 16:19:59][INFO][Rank 0] - train Epoch 10/24: 68.6% (1330/1940)
[2025-11-17 16:20:06][INFO][Rank 0] - train Epoch 10/24: 69.1% (1340/1940)
[2025-11-17 16:20:13][INFO][Rank 0] - train Epoch 10/24: 69.6% (1350/1940)
[2025-11-17 16:20:14][INFO][Rank 0] - CUDA Memory [train][Step 1350]: Device 0: Allocated: 3309.6 MB, Reserved: 117540.0 MB (Δ: +1687.0 MB)
[2025-11-17 16:20:20][INFO][Rank 0] - train Epoch 10/24: 70.1% (1360/1940)
[2025-11-17 16:20:28][INFO][Rank 0] - train Epoch 10/24: 70.6% (1370/1940)
[2025-11-17 16:20:35][INFO][Rank 0] - train Epoch 10/24: 71.1% (1380/1940)
[2025-11-17 16:20:42][INFO][Rank 0] - train Epoch 10/24: 71.6% (1390/1940)
[2025-11-17 16:20:49][INFO][Rank 0] - train Epoch 10/24: 72.2% (1400/1940)
[2025-11-17 16:20:56][INFO][Rank 0] - train Epoch 10/24: 72.7% (1410/1940)
[2025-11-17 16:21:03][INFO][Rank 0] - train Epoch 10/24: 73.2% (1420/1940)
[2025-11-17 16:21:10][INFO][Rank 0] - train Epoch 10/24: 73.7% (1430/1940)
[2025-11-17 16:21:17][INFO][Rank 0] - train Epoch 10/24: 74.2% (1440/1940)
[2025-11-17 16:21:18][INFO][Rank 0] - CUDA Memory [train][Step 1440]: Device 0: Allocated: 3309.6 MB, Reserved: 117540.0 MB (Δ: +1687.0 MB)
[2025-11-17 16:21:24][INFO][Rank 0] - train Epoch 10/24: 74.7% (1450/1940)
[2025-11-17 16:21:31][INFO][Rank 0] - train Epoch 10/24: 75.3% (1460/1940)
[2025-11-17 16:21:38][INFO][Rank 0] - train Epoch 10/24: 75.8% (1470/1940)
[2025-11-17 16:21:45][INFO][Rank 0] - train Epoch 10/24: 76.3% (1480/1940)
[2025-11-17 16:21:52][INFO][Rank 0] - train Epoch 10/24: 76.8% (1490/1940)
[2025-11-17 16:21:59][INFO][Rank 0] - train Epoch 10/24: 77.3% (1500/1940)
[2025-11-17 16:22:06][INFO][Rank 0] - train Epoch 10/24: 77.8% (1510/1940)
[2025-11-17 16:22:14][INFO][Rank 0] - train Epoch 10/24: 78.4% (1520/1940)
[2025-11-17 16:22:21][INFO][Rank 0] - train Epoch 10/24: 78.9% (1530/1940)
[2025-11-17 16:22:21][INFO][Rank 0] - CUDA Memory [train][Step 1530]: Device 0: Allocated: 3309.6 MB, Reserved: 117540.0 MB (Δ: +1687.0 MB)
[2025-11-17 16:22:28][INFO][Rank 0] - train Epoch 10/24: 79.4% (1540/1940)
[2025-11-17 16:22:35][INFO][Rank 0] - train Epoch 10/24: 79.9% (1550/1940)
[2025-11-17 16:22:42][INFO][Rank 0] - train Epoch 10/24: 80.4% (1560/1940)
[2025-11-17 16:22:49][INFO][Rank 0] - train Epoch 10/24: 80.9% (1570/1940)
[2025-11-17 16:22:56][INFO][Rank 0] - train Epoch 10/24: 81.4% (1580/1940)
[2025-11-17 16:23:03][INFO][Rank 0] - train Epoch 10/24: 82.0% (1590/1940)
[2025-11-17 16:23:10][INFO][Rank 0] - train Epoch 10/24: 82.5% (1600/1940)
[2025-11-17 16:23:17][INFO][Rank 0] - train Epoch 10/24: 83.0% (1610/1940)
[2025-11-17 16:23:24][INFO][Rank 0] - train Epoch 10/24: 83.5% (1620/1940)
[2025-11-17 16:23:25][INFO][Rank 0] - CUDA Memory [train][Step 1620]: Device 0: Allocated: 3309.6 MB, Reserved: 117540.0 MB (Δ: +1687.0 MB)
[2025-11-17 16:23:31][INFO][Rank 0] - train Epoch 10/24: 84.0% (1630/1940)
[2025-11-17 16:23:38][INFO][Rank 0] - train Epoch 10/24: 84.5% (1640/1940)
[2025-11-17 16:23:45][INFO][Rank 0] - train Epoch 10/24: 85.1% (1650/1940)
[2025-11-17 16:23:52][INFO][Rank 0] - train Epoch 10/24: 85.6% (1660/1940)
[2025-11-17 16:24:00][INFO][Rank 0] - train Epoch 10/24: 86.1% (1670/1940)
[2025-11-17 16:24:07][INFO][Rank 0] - train Epoch 10/24: 86.6% (1680/1940)
[2025-11-17 16:24:14][INFO][Rank 0] - train Epoch 10/24: 87.1% (1690/1940)
[2025-11-17 16:24:21][INFO][Rank 0] - train Epoch 10/24: 87.6% (1700/1940)
[2025-11-17 16:24:28][INFO][Rank 0] - train Epoch 10/24: 88.1% (1710/1940)
[2025-11-17 16:24:29][INFO][Rank 0] - CUDA Memory [train][Step 1710]: Device 0: Allocated: 3309.6 MB, Reserved: 117540.0 MB (Δ: +1687.0 MB)
[2025-11-17 16:24:35][INFO][Rank 0] - train Epoch 10/24: 88.7% (1720/1940)
[2025-11-17 16:24:42][INFO][Rank 0] - train Epoch 10/24: 89.2% (1730/1940)
[2025-11-17 16:24:49][INFO][Rank 0] - train Epoch 10/24: 89.7% (1740/1940)
[2025-11-17 16:24:56][INFO][Rank 0] - train Epoch 10/24: 90.2% (1750/1940)
[2025-11-17 16:25:03][INFO][Rank 0] - train Epoch 10/24: 90.7% (1760/1940)
[2025-11-17 16:25:10][INFO][Rank 0] - train Epoch 10/24: 91.2% (1770/1940)
[2025-11-17 16:25:17][INFO][Rank 0] - train Epoch 10/24: 91.8% (1780/1940)
[2025-11-17 16:25:24][INFO][Rank 0] - train Epoch 10/24: 92.3% (1790/1940)
[2025-11-17 16:25:31][INFO][Rank 0] - train Epoch 10/24: 92.8% (1800/1940)
[2025-11-17 16:25:32][INFO][Rank 0] - CUDA Memory [train][Step 1800]: Device 0: Allocated: 3309.6 MB, Reserved: 117540.0 MB (Δ: +1687.0 MB)
[2025-11-17 16:25:38][INFO][Rank 0] - train Epoch 10/24: 93.3% (1810/1940)
[2025-11-17 16:25:46][INFO][Rank 0] - train Epoch 10/24: 93.8% (1820/1940)
[2025-11-17 16:25:53][INFO][Rank 0] - train Epoch 10/24: 94.3% (1830/1940)
[2025-11-17 16:26:00][INFO][Rank 0] - train Epoch 10/24: 94.8% (1840/1940)
[2025-11-17 16:26:07][INFO][Rank 0] - train Epoch 10/24: 95.4% (1850/1940)
[2025-11-17 16:26:14][INFO][Rank 0] - train Epoch 10/24: 95.9% (1860/1940)
[2025-11-17 16:26:21][INFO][Rank 0] - train Epoch 10/24: 96.4% (1870/1940)
[2025-11-17 16:26:28][INFO][Rank 0] - train Epoch 10/24: 96.9% (1880/1940)
[2025-11-17 16:26:35][INFO][Rank 0] - train Epoch 10/24: 97.4% (1890/1940)
[2025-11-17 16:26:36][INFO][Rank 0] - CUDA Memory [train][Step 1890]: Device 0: Allocated: 3309.6 MB, Reserved: 117540.0 MB (Δ: +1687.0 MB)
[2025-11-17 16:26:42][INFO][Rank 0] - train Epoch 10/24: 97.9% (1900/1940)
[2025-11-17 16:26:49][INFO][Rank 0] - train Epoch 10/24: 98.5% (1910/1940)
[2025-11-17 16:26:56][INFO][Rank 0] - train Epoch 10/24: 99.0% (1920/1940)
[2025-11-17 16:27:03][INFO][Rank 0] - train Epoch 10/24: 99.5% (1930/1940)
[2025-11-17 16:27:10][INFO][Rank 0] - train Epoch 10/24: 99.9% (1939/1940)
[2025-11-17 16:27:10][INFO][Rank 0] - train Loss: 0.1617 Acc: 0.9705 F1: 0.9847
[2025-11-17 16:27:10][INFO][Rank 0] - train Balanced Acc: 0.8881 AUC-ROC: 0.9645
[2025-11-17 16:27:10][INFO][Rank 0] - train Sensitivity: 0.9751 Specificity: 0.8012
[2025-11-17 16:27:10][INFO][Rank 0] - train Confusion Matrix: TP=18417, FP=102, FN=470, TN=411
[2025-11-17 16:27:10][INFO][Rank 0] - train completed in 1371.35s
[2025-11-17 16:27:10][INFO][Rank 0] - Data loading time: 1.20s, Forward time: 278.98s, Backward time: 743.56s
[2025-11-17 16:27:10][INFO][Rank 0] - train cache: 0/1 items, hit rate: 0.00%
[2025-11-17 16:27:10][INFO][Rank 0] - CUDA Memory [val][Step 0]: Device 0: Allocated: 3309.6 MB, Reserved: 117540.0 MB (Δ: +1687.0 MB)
[2025-11-17 16:27:10][INFO][Rank 0] - val phase: total 407 batches
[2025-11-17 16:27:11][INFO][Rank 0] - val Epoch 10/24: 0.0% (0/407)
[2025-11-17 16:27:16][INFO][Rank 0] - val Epoch 10/24: 2.5% (10/407)
[2025-11-17 16:27:21][INFO][Rank 0] - val Epoch 10/24: 4.9% (20/407)
[2025-11-17 16:27:26][INFO][Rank 0] - val Epoch 10/24: 7.4% (30/407)
[2025-11-17 16:27:31][INFO][Rank 0] - val Epoch 10/24: 9.8% (40/407)
[2025-11-17 16:27:36][INFO][Rank 0] - val Epoch 10/24: 12.3% (50/407)
[2025-11-17 16:27:41][INFO][Rank 0] - val Epoch 10/24: 14.7% (60/407)
[2025-11-17 16:27:46][INFO][Rank 0] - val Epoch 10/24: 17.2% (70/407)
[2025-11-17 16:27:51][INFO][Rank 0] - val Epoch 10/24: 19.7% (80/407)
[2025-11-17 16:27:56][INFO][Rank 0] - val Epoch 10/24: 22.1% (90/407)
[2025-11-17 16:28:01][INFO][Rank 0] - val Epoch 10/24: 24.6% (100/407)
[2025-11-17 16:28:06][INFO][Rank 0] - val Epoch 10/24: 27.0% (110/407)
[2025-11-17 16:28:11][INFO][Rank 0] - val Epoch 10/24: 29.5% (120/407)
[2025-11-17 16:28:12][INFO][Rank 0] - CUDA Memory [val][Step 120]: Device 0: Allocated: 3309.6 MB, Reserved: 117540.0 MB (Δ: +1687.0 MB)
[2025-11-17 16:28:16][INFO][Rank 0] - val Epoch 10/24: 31.9% (130/407)
[2025-11-17 16:28:21][INFO][Rank 0] - val Epoch 10/24: 34.4% (140/407)
[2025-11-17 16:28:26][INFO][Rank 0] - val Epoch 10/24: 36.9% (150/407)
[2025-11-17 16:28:31][INFO][Rank 0] - val Epoch 10/24: 39.3% (160/407)
[2025-11-17 16:28:36][INFO][Rank 0] - val Epoch 10/24: 41.8% (170/407)
[2025-11-17 16:28:41][INFO][Rank 0] - val Epoch 10/24: 44.2% (180/407)
[2025-11-17 16:28:46][INFO][Rank 0] - val Epoch 10/24: 46.7% (190/407)
[2025-11-17 16:28:51][INFO][Rank 0] - val Epoch 10/24: 49.1% (200/407)
[2025-11-17 16:28:56][INFO][Rank 0] - val Epoch 10/24: 51.6% (210/407)
[2025-11-17 16:29:01][INFO][Rank 0] - val Epoch 10/24: 54.1% (220/407)
[2025-11-17 16:29:06][INFO][Rank 0] - val Epoch 10/24: 56.5% (230/407)
[2025-11-17 16:29:12][INFO][Rank 0] - val Epoch 10/24: 59.0% (240/407)
[2025-11-17 16:29:12][INFO][Rank 0] - CUDA Memory [val][Step 240]: Device 0: Allocated: 3309.6 MB, Reserved: 117540.0 MB (Δ: +1687.0 MB)
[2025-11-17 16:29:17][INFO][Rank 0] - val Epoch 10/24: 61.4% (250/407)
[2025-11-17 16:29:22][INFO][Rank 0] - val Epoch 10/24: 63.9% (260/407)
[2025-11-17 16:29:27][INFO][Rank 0] - val Epoch 10/24: 66.3% (270/407)
[2025-11-17 16:29:32][INFO][Rank 0] - val Epoch 10/24: 68.8% (280/407)
[2025-11-17 16:29:37][INFO][Rank 0] - val Epoch 10/24: 71.3% (290/407)
[2025-11-17 16:29:42][INFO][Rank 0] - val Epoch 10/24: 73.7% (300/407)
[2025-11-17 16:29:47][INFO][Rank 0] - val Epoch 10/24: 76.2% (310/407)
[2025-11-17 16:29:52][INFO][Rank 0] - val Epoch 10/24: 78.6% (320/407)
[2025-11-17 16:29:57][INFO][Rank 0] - val Epoch 10/24: 81.1% (330/407)
[2025-11-17 16:30:02][INFO][Rank 0] - val Epoch 10/24: 83.5% (340/407)
[2025-11-17 16:30:07][INFO][Rank 0] - val Epoch 10/24: 86.0% (350/407)
[2025-11-17 16:30:12][INFO][Rank 0] - val Epoch 10/24: 88.5% (360/407)
[2025-11-17 16:30:12][INFO][Rank 0] - CUDA Memory [val][Step 360]: Device 0: Allocated: 3309.6 MB, Reserved: 117540.0 MB (Δ: +1687.0 MB)
[2025-11-17 16:30:17][INFO][Rank 0] - val Epoch 10/24: 90.9% (370/407)
[2025-11-17 16:30:22][INFO][Rank 0] - val Epoch 10/24: 93.4% (380/407)
[2025-11-17 16:30:27][INFO][Rank 0] - val Epoch 10/24: 95.8% (390/407)
[2025-11-17 16:30:32][INFO][Rank 0] - val Epoch 10/24: 98.3% (400/407)
[2025-11-17 16:30:35][INFO][Rank 0] - val Epoch 10/24: 99.8% (406/407)
[2025-11-17 16:30:36][INFO][Rank 0] - val Loss: 0.0888 Acc: 0.9725 F1: 0.9858
[2025-11-17 16:30:36][INFO][Rank 0] - val Balanced Acc: 0.9234 AUC-ROC: 0.9830
[2025-11-17 16:30:36][INFO][Rank 0] - val Sensitivity: 0.9746 Specificity: 0.8721
[2025-11-17 16:30:36][INFO][Rank 0] - val Confusion Matrix: TP=3883, FP=11, FN=101, TN=75
[2025-11-17 16:30:36][INFO][Rank 0] - val completed in 205.15s
[2025-11-17 16:30:36][INFO][Rank 0] - val cache: 0/1 items, hit rate: 0.00%
[2025-11-17 16:30:40][INFO][Rank 0] - Saved new best auc model with auc: 0.9830 at /projects/retprogression/rgarridogarcia/checkpoints/cropped1024_cropped_centered_wt_allR_1/best_auc_model.pth
[2025-11-17 16:30:43][INFO][Rank 0] - Saved epoch checkpoint at /projects/retprogression/rgarridogarcia/checkpoints/cropped1024_cropped_centered_wt_allR_1/epoch_10.pth
[2025-11-17 16:30:43][INFO][Rank 0] - Epoch 10 summary:
[2025-11-17 16:30:43][INFO][Rank 0] -  Train Loss: 0.1617, Train Acc: 0.9705, Train F1: 0.9847
[2025-11-17 16:30:43][INFO][Rank 0] -  Train Balanced Acc: 0.8881, Train AUC: 0.9645
[2025-11-17 16:30:43][INFO][Rank 0] -  Train Sensitivity: 0.9751, Train Specificity: 0.8012
[2025-11-17 16:30:43][INFO][Rank 0] -  Val Loss: 0.0888, Val Acc: 0.9725, Val F1: 0.9858
[2025-11-17 16:30:43][INFO][Rank 0] -  Val Balanced Acc: 0.9234, Val AUC: 0.9830
[2025-11-17 16:30:43][INFO][Rank 0] -  Val Sensitivity: 0.9746, Val Specificity: 0.8721
[2025-11-17 16:30:43][INFO][Rank 0] -  Total Epoch Time: 1584.36s
[2025-11-17 16:30:43][INFO][Rank 0] - Epoch 11/24
[2025-11-17 16:30:43][INFO][Rank 0] - ----------
[2025-11-17 16:30:43][INFO][Rank 0] - CUDA Memory [train][Step 0]: Device 0: Allocated: 3309.6 MB, Reserved: 117540.0 MB (Δ: +1687.0 MB)
[2025-11-17 16:30:43][INFO][Rank 0] - train phase: total 1940 batches
[2025-11-17 16:30:44][INFO][Rank 0] - train Epoch 11/24: 0.0% (0/1940)
[2025-11-17 16:30:51][INFO][Rank 0] - train Epoch 11/24: 0.5% (10/1940)
[2025-11-17 16:30:58][INFO][Rank 0] - train Epoch 11/24: 1.0% (20/1940)
[2025-11-17 16:31:05][INFO][Rank 0] - train Epoch 11/24: 1.5% (30/1940)
[2025-11-17 16:31:12][INFO][Rank 0] - train Epoch 11/24: 2.1% (40/1940)
[2025-11-17 16:31:19][INFO][Rank 0] - train Epoch 11/24: 2.6% (50/1940)
[2025-11-17 16:31:26][INFO][Rank 0] - train Epoch 11/24: 3.1% (60/1940)
[2025-11-17 16:31:33][INFO][Rank 0] - train Epoch 11/24: 3.6% (70/1940)
[2025-11-17 16:31:41][INFO][Rank 0] - train Epoch 11/24: 4.1% (80/1940)
[2025-11-17 16:31:48][INFO][Rank 0] - train Epoch 11/24: 4.6% (90/1940)
[2025-11-17 16:31:48][INFO][Rank 0] - CUDA Memory [train][Step 90]: Device 0: Allocated: 3309.6 MB, Reserved: 117540.0 MB (Δ: +1687.0 MB)
[2025-11-17 16:31:55][INFO][Rank 0] - train Epoch 11/24: 5.2% (100/1940)
[2025-11-17 16:32:02][INFO][Rank 0] - train Epoch 11/24: 5.7% (110/1940)
[2025-11-17 16:32:09][INFO][Rank 0] - train Epoch 11/24: 6.2% (120/1940)
[2025-11-17 16:32:16][INFO][Rank 0] - train Epoch 11/24: 6.7% (130/1940)
[2025-11-17 16:32:23][INFO][Rank 0] - train Epoch 11/24: 7.2% (140/1940)
[2025-11-17 16:32:30][INFO][Rank 0] - train Epoch 11/24: 7.7% (150/1940)
[2025-11-17 16:32:37][INFO][Rank 0] - train Epoch 11/24: 8.2% (160/1940)
[2025-11-17 16:32:44][INFO][Rank 0] - train Epoch 11/24: 8.8% (170/1940)
[2025-11-17 16:32:51][INFO][Rank 0] - train Epoch 11/24: 9.3% (180/1940)
[2025-11-17 16:32:52][INFO][Rank 0] - CUDA Memory [train][Step 180]: Device 0: Allocated: 3309.6 MB, Reserved: 117540.0 MB (Δ: +1687.0 MB)
[2025-11-17 16:32:58][INFO][Rank 0] - train Epoch 11/24: 9.8% (190/1940)
[2025-11-17 16:33:05][INFO][Rank 0] - train Epoch 11/24: 10.3% (200/1940)
[2025-11-17 16:33:12][INFO][Rank 0] - train Epoch 11/24: 10.8% (210/1940)
[2025-11-17 16:33:19][INFO][Rank 0] - train Epoch 11/24: 11.3% (220/1940)
[2025-11-17 16:33:27][INFO][Rank 0] - train Epoch 11/24: 11.9% (230/1940)
[2025-11-17 16:33:34][INFO][Rank 0] - train Epoch 11/24: 12.4% (240/1940)
[2025-11-17 16:33:41][INFO][Rank 0] - train Epoch 11/24: 12.9% (250/1940)
[2025-11-17 16:33:48][INFO][Rank 0] - train Epoch 11/24: 13.4% (260/1940)
[2025-11-17 16:33:55][INFO][Rank 0] - train Epoch 11/24: 13.9% (270/1940)
[2025-11-17 16:33:55][INFO][Rank 0] - CUDA Memory [train][Step 270]: Device 0: Allocated: 3309.6 MB, Reserved: 117540.0 MB (Δ: +1687.0 MB)
[2025-11-17 16:34:02][INFO][Rank 0] - train Epoch 11/24: 14.4% (280/1940)
[2025-11-17 16:34:09][INFO][Rank 0] - train Epoch 11/24: 14.9% (290/1940)
[2025-11-17 16:34:16][INFO][Rank 0] - train Epoch 11/24: 15.5% (300/1940)
[2025-11-17 16:34:23][INFO][Rank 0] - train Epoch 11/24: 16.0% (310/1940)
[2025-11-17 16:34:30][INFO][Rank 0] - train Epoch 11/24: 16.5% (320/1940)
[2025-11-17 16:34:37][INFO][Rank 0] - train Epoch 11/24: 17.0% (330/1940)
[2025-11-17 16:34:44][INFO][Rank 0] - train Epoch 11/24: 17.5% (340/1940)
[2025-11-17 16:34:51][INFO][Rank 0] - train Epoch 11/24: 18.0% (350/1940)
[2025-11-17 16:34:58][INFO][Rank 0] - train Epoch 11/24: 18.6% (360/1940)
[2025-11-17 16:34:59][INFO][Rank 0] - CUDA Memory [train][Step 360]: Device 0: Allocated: 3309.6 MB, Reserved: 117540.0 MB (Δ: +1687.0 MB)
[2025-11-17 16:35:05][INFO][Rank 0] - train Epoch 11/24: 19.1% (370/1940)
[2025-11-17 16:35:13][INFO][Rank 0] - train Epoch 11/24: 19.6% (380/1940)
[2025-11-17 16:35:20][INFO][Rank 0] - train Epoch 11/24: 20.1% (390/1940)
[2025-11-17 16:35:27][INFO][Rank 0] - train Epoch 11/24: 20.6% (400/1940)
[2025-11-17 16:35:34][INFO][Rank 0] - train Epoch 11/24: 21.1% (410/1940)
[2025-11-17 16:35:41][INFO][Rank 0] - train Epoch 11/24: 21.6% (420/1940)
[2025-11-17 16:35:48][INFO][Rank 0] - train Epoch 11/24: 22.2% (430/1940)
[2025-11-17 16:35:55][INFO][Rank 0] - train Epoch 11/24: 22.7% (440/1940)
[2025-11-17 16:36:02][INFO][Rank 0] - train Epoch 11/24: 23.2% (450/1940)
[2025-11-17 16:36:03][INFO][Rank 0] - CUDA Memory [train][Step 450]: Device 0: Allocated: 3309.6 MB, Reserved: 117540.0 MB (Δ: +1687.0 MB)
[2025-11-17 16:36:09][INFO][Rank 0] - train Epoch 11/24: 23.7% (460/1940)
[2025-11-17 16:36:16][INFO][Rank 0] - train Epoch 11/24: 24.2% (470/1940)
[2025-11-17 16:36:23][INFO][Rank 0] - train Epoch 11/24: 24.7% (480/1940)
[2025-11-17 16:36:30][INFO][Rank 0] - train Epoch 11/24: 25.3% (490/1940)
[2025-11-17 16:36:37][INFO][Rank 0] - train Epoch 11/24: 25.8% (500/1940)
[2025-11-17 16:36:44][INFO][Rank 0] - train Epoch 11/24: 26.3% (510/1940)
[2025-11-17 16:36:51][INFO][Rank 0] - train Epoch 11/24: 26.8% (520/1940)
[2025-11-17 16:36:59][INFO][Rank 0] - train Epoch 11/24: 27.3% (530/1940)
[2025-11-17 16:37:06][INFO][Rank 0] - train Epoch 11/24: 27.8% (540/1940)
[2025-11-17 16:37:06][INFO][Rank 0] - CUDA Memory [train][Step 540]: Device 0: Allocated: 3309.6 MB, Reserved: 117540.0 MB (Δ: +1687.0 MB)
[2025-11-17 16:37:13][INFO][Rank 0] - train Epoch 11/24: 28.4% (550/1940)
[2025-11-17 16:37:20][INFO][Rank 0] - train Epoch 11/24: 28.9% (560/1940)
[2025-11-17 16:37:27][INFO][Rank 0] - train Epoch 11/24: 29.4% (570/1940)
[2025-11-17 16:37:34][INFO][Rank 0] - train Epoch 11/24: 29.9% (580/1940)
[2025-11-17 16:37:41][INFO][Rank 0] - train Epoch 11/24: 30.4% (590/1940)
[2025-11-17 16:37:48][INFO][Rank 0] - train Epoch 11/24: 30.9% (600/1940)
[2025-11-17 16:37:55][INFO][Rank 0] - train Epoch 11/24: 31.4% (610/1940)
[2025-11-17 16:38:02][INFO][Rank 0] - train Epoch 11/24: 32.0% (620/1940)
[2025-11-17 16:38:09][INFO][Rank 0] - train Epoch 11/24: 32.5% (630/1940)
[2025-11-17 16:38:10][INFO][Rank 0] - CUDA Memory [train][Step 630]: Device 0: Allocated: 3309.6 MB, Reserved: 117540.0 MB (Δ: +1687.0 MB)
[2025-11-17 16:38:16][INFO][Rank 0] - train Epoch 11/24: 33.0% (640/1940)
[2025-11-17 16:38:23][INFO][Rank 0] - train Epoch 11/24: 33.5% (650/1940)
[2025-11-17 16:38:30][INFO][Rank 0] - train Epoch 11/24: 34.0% (660/1940)
[2025-11-17 16:38:37][INFO][Rank 0] - train Epoch 11/24: 34.5% (670/1940)
[2025-11-17 16:38:45][INFO][Rank 0] - train Epoch 11/24: 35.1% (680/1940)
[2025-11-17 16:38:52][INFO][Rank 0] - train Epoch 11/24: 35.6% (690/1940)
[2025-11-17 16:38:59][INFO][Rank 0] - train Epoch 11/24: 36.1% (700/1940)
[2025-11-17 16:39:06][INFO][Rank 0] - train Epoch 11/24: 36.6% (710/1940)
[2025-11-17 16:39:13][INFO][Rank 0] - train Epoch 11/24: 37.1% (720/1940)
[2025-11-17 16:39:13][INFO][Rank 0] - CUDA Memory [train][Step 720]: Device 0: Allocated: 3309.6 MB, Reserved: 117540.0 MB (Δ: +1687.0 MB)
[2025-11-17 16:39:20][INFO][Rank 0] - train Epoch 11/24: 37.6% (730/1940)
[2025-11-17 16:39:27][INFO][Rank 0] - train Epoch 11/24: 38.1% (740/1940)
[2025-11-17 16:39:34][INFO][Rank 0] - train Epoch 11/24: 38.7% (750/1940)
[2025-11-17 16:39:41][INFO][Rank 0] - train Epoch 11/24: 39.2% (760/1940)
[2025-11-17 16:39:48][INFO][Rank 0] - train Epoch 11/24: 39.7% (770/1940)
[2025-11-17 16:39:55][INFO][Rank 0] - train Epoch 11/24: 40.2% (780/1940)
[2025-11-17 16:40:02][INFO][Rank 0] - train Epoch 11/24: 40.7% (790/1940)
[2025-11-17 16:40:09][INFO][Rank 0] - train Epoch 11/24: 41.2% (800/1940)
[2025-11-17 16:40:16][INFO][Rank 0] - train Epoch 11/24: 41.8% (810/1940)
[2025-11-17 16:40:17][INFO][Rank 0] - CUDA Memory [train][Step 810]: Device 0: Allocated: 3309.6 MB, Reserved: 117540.0 MB (Δ: +1687.0 MB)
[2025-11-17 16:40:23][INFO][Rank 0] - train Epoch 11/24: 42.3% (820/1940)
[2025-11-17 16:40:31][INFO][Rank 0] - train Epoch 11/24: 42.8% (830/1940)
[2025-11-17 16:40:38][INFO][Rank 0] - train Epoch 11/24: 43.3% (840/1940)
[2025-11-17 16:40:45][INFO][Rank 0] - train Epoch 11/24: 43.8% (850/1940)
[2025-11-17 16:40:52][INFO][Rank 0] - train Epoch 11/24: 44.3% (860/1940)
[2025-11-17 16:40:59][INFO][Rank 0] - train Epoch 11/24: 44.8% (870/1940)
[2025-11-17 16:41:06][INFO][Rank 0] - train Epoch 11/24: 45.4% (880/1940)
[2025-11-17 16:41:13][INFO][Rank 0] - train Epoch 11/24: 45.9% (890/1940)
[2025-11-17 16:41:20][INFO][Rank 0] - train Epoch 11/24: 46.4% (900/1940)
[2025-11-17 16:41:21][INFO][Rank 0] - CUDA Memory [train][Step 900]: Device 0: Allocated: 3309.6 MB, Reserved: 117540.0 MB (Δ: +1687.0 MB)
[2025-11-17 16:41:27][INFO][Rank 0] - train Epoch 11/24: 46.9% (910/1940)
[2025-11-17 16:41:34][INFO][Rank 0] - train Epoch 11/24: 47.4% (920/1940)
[2025-11-17 16:41:41][INFO][Rank 0] - train Epoch 11/24: 47.9% (930/1940)
[2025-11-17 16:41:48][INFO][Rank 0] - train Epoch 11/24: 48.5% (940/1940)
[2025-11-17 16:41:55][INFO][Rank 0] - train Epoch 11/24: 49.0% (950/1940)
[2025-11-17 16:42:02][INFO][Rank 0] - train Epoch 11/24: 49.5% (960/1940)
[2025-11-17 16:42:09][INFO][Rank 0] - train Epoch 11/24: 50.0% (970/1940)
[2025-11-17 16:42:17][INFO][Rank 0] - train Epoch 11/24: 50.5% (980/1940)
[2025-11-17 16:42:24][INFO][Rank 0] - train Epoch 11/24: 51.0% (990/1940)
[2025-11-17 16:42:24][INFO][Rank 0] - CUDA Memory [train][Step 990]: Device 0: Allocated: 3309.6 MB, Reserved: 117540.0 MB (Δ: +1687.0 MB)
[2025-11-17 16:42:31][INFO][Rank 0] - train Epoch 11/24: 51.5% (1000/1940)
[2025-11-17 16:42:38][INFO][Rank 0] - train Epoch 11/24: 52.1% (1010/1940)
[2025-11-17 16:42:45][INFO][Rank 0] - train Epoch 11/24: 52.6% (1020/1940)
[2025-11-17 16:42:52][INFO][Rank 0] - train Epoch 11/24: 53.1% (1030/1940)
[2025-11-17 16:42:59][INFO][Rank 0] - train Epoch 11/24: 53.6% (1040/1940)
[2025-11-17 16:43:06][INFO][Rank 0] - train Epoch 11/24: 54.1% (1050/1940)
[2025-11-17 16:43:13][INFO][Rank 0] - train Epoch 11/24: 54.6% (1060/1940)
[2025-11-17 16:43:20][INFO][Rank 0] - train Epoch 11/24: 55.2% (1070/1940)
[2025-11-17 16:43:27][INFO][Rank 0] - train Epoch 11/24: 55.7% (1080/1940)
[2025-11-17 16:43:28][INFO][Rank 0] - CUDA Memory [train][Step 1080]: Device 0: Allocated: 3309.6 MB, Reserved: 117540.0 MB (Δ: +1687.0 MB)
[2025-11-17 16:43:34][INFO][Rank 0] - train Epoch 11/24: 56.2% (1090/1940)
[2025-11-17 16:43:41][INFO][Rank 0] - train Epoch 11/24: 56.7% (1100/1940)
[2025-11-17 16:43:48][INFO][Rank 0] - train Epoch 11/24: 57.2% (1110/1940)
[2025-11-17 16:43:55][INFO][Rank 0] - train Epoch 11/24: 57.7% (1120/1940)
[2025-11-17 16:44:02][INFO][Rank 0] - train Epoch 11/24: 58.2% (1130/1940)
[2025-11-17 16:44:10][INFO][Rank 0] - train Epoch 11/24: 58.8% (1140/1940)
[2025-11-17 16:44:17][INFO][Rank 0] - train Epoch 11/24: 59.3% (1150/1940)
[2025-11-17 16:44:24][INFO][Rank 0] - train Epoch 11/24: 59.8% (1160/1940)
[2025-11-17 16:44:31][INFO][Rank 0] - train Epoch 11/24: 60.3% (1170/1940)
[2025-11-17 16:44:31][INFO][Rank 0] - CUDA Memory [train][Step 1170]: Device 0: Allocated: 3309.6 MB, Reserved: 117540.0 MB (Δ: +1687.0 MB)
[2025-11-17 16:44:38][INFO][Rank 0] - train Epoch 11/24: 60.8% (1180/1940)
[2025-11-17 16:44:45][INFO][Rank 0] - train Epoch 11/24: 61.3% (1190/1940)
[2025-11-17 16:44:52][INFO][Rank 0] - train Epoch 11/24: 61.9% (1200/1940)
[2025-11-17 16:44:59][INFO][Rank 0] - train Epoch 11/24: 62.4% (1210/1940)
[2025-11-17 16:45:06][INFO][Rank 0] - train Epoch 11/24: 62.9% (1220/1940)
[2025-11-17 16:45:13][INFO][Rank 0] - train Epoch 11/24: 63.4% (1230/1940)
[2025-11-17 16:45:20][INFO][Rank 0] - train Epoch 11/24: 63.9% (1240/1940)
[2025-11-17 16:45:27][INFO][Rank 0] - train Epoch 11/24: 64.4% (1250/1940)
[2025-11-17 16:45:34][INFO][Rank 0] - train Epoch 11/24: 64.9% (1260/1940)
[2025-11-17 16:45:35][INFO][Rank 0] - CUDA Memory [train][Step 1260]: Device 0: Allocated: 3309.6 MB, Reserved: 117540.0 MB (Δ: +1687.0 MB)
[2025-11-17 16:45:41][INFO][Rank 0] - train Epoch 11/24: 65.5% (1270/1940)
[2025-11-17 16:45:48][INFO][Rank 0] - train Epoch 11/24: 66.0% (1280/1940)
[2025-11-17 16:45:55][INFO][Rank 0] - train Epoch 11/24: 66.5% (1290/1940)
[2025-11-17 16:46:03][INFO][Rank 0] - train Epoch 11/24: 67.0% (1300/1940)
[2025-11-17 16:46:10][INFO][Rank 0] - train Epoch 11/24: 67.5% (1310/1940)
[2025-11-17 16:46:17][INFO][Rank 0] - train Epoch 11/24: 68.0% (1320/1940)
[2025-11-17 16:46:24][INFO][Rank 0] - train Epoch 11/24: 68.6% (1330/1940)
[2025-11-17 16:46:31][INFO][Rank 0] - train Epoch 11/24: 69.1% (1340/1940)
[2025-11-17 16:46:38][INFO][Rank 0] - train Epoch 11/24: 69.6% (1350/1940)
[2025-11-17 16:46:39][INFO][Rank 0] - CUDA Memory [train][Step 1350]: Device 0: Allocated: 3309.6 MB, Reserved: 117540.0 MB (Δ: +1687.0 MB)
[2025-11-17 16:46:45][INFO][Rank 0] - train Epoch 11/24: 70.1% (1360/1940)
[2025-11-17 16:46:52][INFO][Rank 0] - train Epoch 11/24: 70.6% (1370/1940)
[2025-11-17 16:46:59][INFO][Rank 0] - train Epoch 11/24: 71.1% (1380/1940)
[2025-11-17 16:47:06][INFO][Rank 0] - train Epoch 11/24: 71.6% (1390/1940)
[2025-11-17 16:47:13][INFO][Rank 0] - train Epoch 11/24: 72.2% (1400/1940)
[2025-11-17 16:47:20][INFO][Rank 0] - train Epoch 11/24: 72.7% (1410/1940)
[2025-11-17 16:47:27][INFO][Rank 0] - train Epoch 11/24: 73.2% (1420/1940)
[2025-11-17 16:47:34][INFO][Rank 0] - train Epoch 11/24: 73.7% (1430/1940)
[2025-11-17 16:47:41][INFO][Rank 0] - train Epoch 11/24: 74.2% (1440/1940)
[2025-11-17 16:47:42][INFO][Rank 0] - CUDA Memory [train][Step 1440]: Device 0: Allocated: 3309.6 MB, Reserved: 117540.0 MB (Δ: +1687.0 MB)
[2025-11-17 16:47:48][INFO][Rank 0] - train Epoch 11/24: 74.7% (1450/1940)
[2025-11-17 16:47:56][INFO][Rank 0] - train Epoch 11/24: 75.3% (1460/1940)
[2025-11-17 16:48:03][INFO][Rank 0] - train Epoch 11/24: 75.8% (1470/1940)
[2025-11-17 16:48:10][INFO][Rank 0] - train Epoch 11/24: 76.3% (1480/1940)
[2025-11-17 16:48:17][INFO][Rank 0] - train Epoch 11/24: 76.8% (1490/1940)
[2025-11-17 16:48:24][INFO][Rank 0] - train Epoch 11/24: 77.3% (1500/1940)
[2025-11-17 16:48:31][INFO][Rank 0] - train Epoch 11/24: 77.8% (1510/1940)
[2025-11-17 16:48:38][INFO][Rank 0] - train Epoch 11/24: 78.4% (1520/1940)
[2025-11-17 16:48:45][INFO][Rank 0] - train Epoch 11/24: 78.9% (1530/1940)
[2025-11-17 16:48:46][INFO][Rank 0] - CUDA Memory [train][Step 1530]: Device 0: Allocated: 3309.6 MB, Reserved: 117540.0 MB (Δ: +1687.0 MB)
[2025-11-17 16:48:52][INFO][Rank 0] - train Epoch 11/24: 79.4% (1540/1940)
[2025-11-17 16:48:59][INFO][Rank 0] - train Epoch 11/24: 79.9% (1550/1940)
[2025-11-17 16:49:06][INFO][Rank 0] - train Epoch 11/24: 80.4% (1560/1940)
[2025-11-17 16:49:13][INFO][Rank 0] - train Epoch 11/24: 80.9% (1570/1940)
[2025-11-17 16:49:20][INFO][Rank 0] - train Epoch 11/24: 81.4% (1580/1940)
[2025-11-17 16:49:27][INFO][Rank 0] - train Epoch 11/24: 82.0% (1590/1940)
[2025-11-17 16:49:34][INFO][Rank 0] - train Epoch 11/24: 82.5% (1600/1940)
[2025-11-17 16:49:41][INFO][Rank 0] - train Epoch 11/24: 83.0% (1610/1940)
[2025-11-17 16:49:49][INFO][Rank 0] - train Epoch 11/24: 83.5% (1620/1940)
[2025-11-17 16:49:49][INFO][Rank 0] - CUDA Memory [train][Step 1620]: Device 0: Allocated: 3309.6 MB, Reserved: 117540.0 MB (Δ: +1687.0 MB)
[2025-11-17 16:49:56][INFO][Rank 0] - train Epoch 11/24: 84.0% (1630/1940)
[2025-11-17 16:50:03][INFO][Rank 0] - train Epoch 11/24: 84.5% (1640/1940)
[2025-11-17 16:50:10][INFO][Rank 0] - train Epoch 11/24: 85.1% (1650/1940)
[2025-11-17 16:50:17][INFO][Rank 0] - train Epoch 11/24: 85.6% (1660/1940)
[2025-11-17 16:50:24][INFO][Rank 0] - train Epoch 11/24: 86.1% (1670/1940)
[2025-11-17 16:50:31][INFO][Rank 0] - train Epoch 11/24: 86.6% (1680/1940)
[2025-11-17 16:50:38][INFO][Rank 0] - train Epoch 11/24: 87.1% (1690/1940)
[2025-11-17 16:50:45][INFO][Rank 0] - train Epoch 11/24: 87.6% (1700/1940)
[2025-11-17 16:50:52][INFO][Rank 0] - train Epoch 11/24: 88.1% (1710/1940)
[2025-11-17 16:50:53][INFO][Rank 0] - CUDA Memory [train][Step 1710]: Device 0: Allocated: 3309.6 MB, Reserved: 117540.0 MB (Δ: +1687.0 MB)
[2025-11-17 16:50:59][INFO][Rank 0] - train Epoch 11/24: 88.7% (1720/1940)
[2025-11-17 16:51:06][INFO][Rank 0] - train Epoch 11/24: 89.2% (1730/1940)
[2025-11-17 16:51:13][INFO][Rank 0] - train Epoch 11/24: 89.7% (1740/1940)
[2025-11-17 16:51:20][INFO][Rank 0] - train Epoch 11/24: 90.2% (1750/1940)
[2025-11-17 16:51:27][INFO][Rank 0] - train Epoch 11/24: 90.7% (1760/1940)
[2025-11-17 16:51:35][INFO][Rank 0] - train Epoch 11/24: 91.2% (1770/1940)
[2025-11-17 16:51:42][INFO][Rank 0] - train Epoch 11/24: 91.8% (1780/1940)
[2025-11-17 16:51:49][INFO][Rank 0] - train Epoch 11/24: 92.3% (1790/1940)
[2025-11-17 16:51:56][INFO][Rank 0] - train Epoch 11/24: 92.8% (1800/1940)
[2025-11-17 16:51:56][INFO][Rank 0] - CUDA Memory [train][Step 1800]: Device 0: Allocated: 3309.6 MB, Reserved: 117540.0 MB (Δ: +1687.0 MB)
[2025-11-17 16:52:03][INFO][Rank 0] - train Epoch 11/24: 93.3% (1810/1940)
[2025-11-17 16:52:10][INFO][Rank 0] - train Epoch 11/24: 93.8% (1820/1940)
[2025-11-17 16:52:17][INFO][Rank 0] - train Epoch 11/24: 94.3% (1830/1940)
[2025-11-17 16:52:24][INFO][Rank 0] - train Epoch 11/24: 94.8% (1840/1940)
[2025-11-17 16:52:31][INFO][Rank 0] - train Epoch 11/24: 95.4% (1850/1940)
[2025-11-17 16:52:38][INFO][Rank 0] - train Epoch 11/24: 95.9% (1860/1940)
[2025-11-17 16:52:45][INFO][Rank 0] - train Epoch 11/24: 96.4% (1870/1940)
[2025-11-17 16:52:52][INFO][Rank 0] - train Epoch 11/24: 96.9% (1880/1940)
[2025-11-17 16:52:59][INFO][Rank 0] - train Epoch 11/24: 97.4% (1890/1940)
[2025-11-17 16:53:00][INFO][Rank 0] - CUDA Memory [train][Step 1890]: Device 0: Allocated: 3309.6 MB, Reserved: 117540.0 MB (Δ: +1687.0 MB)
[2025-11-17 16:53:06][INFO][Rank 0] - train Epoch 11/24: 97.9% (1900/1940)
[2025-11-17 16:53:13][INFO][Rank 0] - train Epoch 11/24: 98.5% (1910/1940)
[2025-11-17 16:53:21][INFO][Rank 0] - train Epoch 11/24: 99.0% (1920/1940)
[2025-11-17 16:53:28][INFO][Rank 0] - train Epoch 11/24: 99.5% (1930/1940)
[2025-11-17 16:53:34][INFO][Rank 0] - train Epoch 11/24: 99.9% (1939/1940)
[2025-11-17 16:53:35][INFO][Rank 0] - train Loss: 0.1598 Acc: 0.9711 F1: 0.9850
[2025-11-17 16:53:35][INFO][Rank 0] - train Balanced Acc: 0.8902 AUC-ROC: 0.9672
[2025-11-17 16:53:35][INFO][Rank 0] - train Sensitivity: 0.9756 Specificity: 0.8047
[2025-11-17 16:53:35][INFO][Rank 0] - train Confusion Matrix: TP=18428, FP=100, FN=460, TN=412
[2025-11-17 16:53:35][INFO][Rank 0] - train completed in 1371.26s
[2025-11-17 16:53:35][INFO][Rank 0] - Data loading time: 1.34s, Forward time: 278.97s, Backward time: 743.41s
[2025-11-17 16:53:35][INFO][Rank 0] - train cache: 0/1 items, hit rate: 0.00%
[2025-11-17 16:53:35][INFO][Rank 0] - CUDA Memory [val][Step 0]: Device 0: Allocated: 3309.6 MB, Reserved: 117540.0 MB (Δ: +1687.0 MB)
[2025-11-17 16:53:35][INFO][Rank 0] - val phase: total 407 batches
[2025-11-17 16:53:35][INFO][Rank 0] - val Epoch 11/24: 0.0% (0/407)
[2025-11-17 16:53:40][INFO][Rank 0] - val Epoch 11/24: 2.5% (10/407)
[2025-11-17 16:53:45][INFO][Rank 0] - val Epoch 11/24: 4.9% (20/407)
[2025-11-17 16:53:50][INFO][Rank 0] - val Epoch 11/24: 7.4% (30/407)
[2025-11-17 16:53:55][INFO][Rank 0] - val Epoch 11/24: 9.8% (40/407)
[2025-11-17 16:54:00][INFO][Rank 0] - val Epoch 11/24: 12.3% (50/407)
[2025-11-17 16:54:05][INFO][Rank 0] - val Epoch 11/24: 14.7% (60/407)
[2025-11-17 16:54:10][INFO][Rank 0] - val Epoch 11/24: 17.2% (70/407)
[2025-11-17 16:54:15][INFO][Rank 0] - val Epoch 11/24: 19.7% (80/407)
[2025-11-17 16:54:20][INFO][Rank 0] - val Epoch 11/24: 22.1% (90/407)
[2025-11-17 16:54:25][INFO][Rank 0] - val Epoch 11/24: 24.6% (100/407)
[2025-11-17 16:54:30][INFO][Rank 0] - val Epoch 11/24: 27.0% (110/407)
[2025-11-17 16:54:35][INFO][Rank 0] - val Epoch 11/24: 29.5% (120/407)
[2025-11-17 16:54:35][INFO][Rank 0] - CUDA Memory [val][Step 120]: Device 0: Allocated: 3309.6 MB, Reserved: 117540.0 MB (Δ: +1687.0 MB)
[2025-11-17 16:54:40][INFO][Rank 0] - val Epoch 11/24: 31.9% (130/407)
[2025-11-17 16:54:45][INFO][Rank 0] - val Epoch 11/24: 34.4% (140/407)
[2025-11-17 16:54:50][INFO][Rank 0] - val Epoch 11/24: 36.9% (150/407)
[2025-11-17 16:54:55][INFO][Rank 0] - val Epoch 11/24: 39.3% (160/407)
[2025-11-17 16:55:00][INFO][Rank 0] - val Epoch 11/24: 41.8% (170/407)
[2025-11-17 16:55:05][INFO][Rank 0] - val Epoch 11/24: 44.2% (180/407)
[2025-11-17 16:55:10][INFO][Rank 0] - val Epoch 11/24: 46.7% (190/407)
[2025-11-17 16:55:15][INFO][Rank 0] - val Epoch 11/24: 49.1% (200/407)
[2025-11-17 16:55:20][INFO][Rank 0] - val Epoch 11/24: 51.6% (210/407)
[2025-11-17 16:55:25][INFO][Rank 0] - val Epoch 11/24: 54.1% (220/407)
[2025-11-17 16:55:30][INFO][Rank 0] - val Epoch 11/24: 56.5% (230/407)
[2025-11-17 16:55:35][INFO][Rank 0] - val Epoch 11/24: 59.0% (240/407)
[2025-11-17 16:55:39][INFO][Rank 0] - val Epoch 11/24: 61.4% (250/407)
[2025-11-17 16:55:44][INFO][Rank 0] - val Epoch 11/24: 63.9% (260/407)
[2025-11-17 16:55:49][INFO][Rank 0] - val Epoch 11/24: 66.3% (270/407)
[2025-11-17 16:55:50][INFO][Rank 0] - CUDA Memory [val][Step 270]: Device 0: Allocated: 3309.6 MB, Reserved: 117540.0 MB (Δ: +1687.0 MB)
[2025-11-17 16:55:54][INFO][Rank 0] - val Epoch 11/24: 68.8% (280/407)
[2025-11-17 16:55:59][INFO][Rank 0] - val Epoch 11/24: 71.3% (290/407)
[2025-11-17 16:56:04][INFO][Rank 0] - val Epoch 11/24: 73.7% (300/407)
[2025-11-17 16:56:09][INFO][Rank 0] - val Epoch 11/24: 76.2% (310/407)
[2025-11-17 16:56:14][INFO][Rank 0] - val Epoch 11/24: 78.6% (320/407)
[2025-11-17 16:56:19][INFO][Rank 0] - val Epoch 11/24: 81.1% (330/407)
[2025-11-17 16:56:24][INFO][Rank 0] - val Epoch 11/24: 83.5% (340/407)
[2025-11-17 16:56:29][INFO][Rank 0] - val Epoch 11/24: 86.0% (350/407)
[2025-11-17 16:56:34][INFO][Rank 0] - val Epoch 11/24: 88.5% (360/407)
[2025-11-17 16:56:39][INFO][Rank 0] - val Epoch 11/24: 90.9% (370/407)
[2025-11-17 16:56:44][INFO][Rank 0] - val Epoch 11/24: 93.4% (380/407)
[2025-11-17 16:56:49][INFO][Rank 0] - val Epoch 11/24: 95.8% (390/407)
[2025-11-17 16:56:54][INFO][Rank 0] - val Epoch 11/24: 98.3% (400/407)
[2025-11-17 16:56:57][INFO][Rank 0] - val Epoch 11/24: 99.8% (406/407)
[2025-11-17 16:56:58][INFO][Rank 0] - val Loss: 0.0880 Acc: 0.9725 F1: 0.9858
[2025-11-17 16:56:58][INFO][Rank 0] - val Balanced Acc: 0.9291 AUC-ROC: 0.9832
[2025-11-17 16:56:58][INFO][Rank 0] - val Sensitivity: 0.9744 Specificity: 0.8837
[2025-11-17 16:56:58][INFO][Rank 0] - val Confusion Matrix: TP=3882, FP=10, FN=102, TN=76
[2025-11-17 16:56:58][INFO][Rank 0] - val completed in 203.07s
[2025-11-17 16:56:58][INFO][Rank 0] - val cache: 0/1 items, hit rate: 0.00%
[2025-11-17 16:57:02][INFO][Rank 0] - Saved new best balanced_acc model with balanced_acc: 0.9291 at /projects/retprogression/rgarridogarcia/checkpoints/cropped1024_cropped_centered_wt_allR_1/best_balanced_acc_model.pth
[2025-11-17 16:57:06][INFO][Rank 0] - Also saved as general best model at /projects/retprogression/rgarridogarcia/checkpoints/cropped1024_cropped_centered_wt_allR_1/best_model.pth
[2025-11-17 16:57:10][INFO][Rank 0] - Saved new best auc model with auc: 0.9832 at /projects/retprogression/rgarridogarcia/checkpoints/cropped1024_cropped_centered_wt_allR_1/best_auc_model.pth
[2025-11-17 16:57:14][INFO][Rank 0] - Saved epoch checkpoint at /projects/retprogression/rgarridogarcia/checkpoints/cropped1024_cropped_centered_wt_allR_1/epoch_11.pth
[2025-11-17 16:57:14][INFO][Rank 0] - Epoch 11 summary:
[2025-11-17 16:57:14][INFO][Rank 0] -  Train Loss: 0.1598, Train Acc: 0.9711, Train F1: 0.9850
[2025-11-17 16:57:14][INFO][Rank 0] -  Train Balanced Acc: 0.8902, Train AUC: 0.9672
[2025-11-17 16:57:14][INFO][Rank 0] -  Train Sensitivity: 0.9756, Train Specificity: 0.8047
[2025-11-17 16:57:14][INFO][Rank 0] -  Val Loss: 0.0880, Val Acc: 0.9725, Val F1: 0.9858
[2025-11-17 16:57:14][INFO][Rank 0] -  Val Balanced Acc: 0.9291, Val AUC: 0.9832
[2025-11-17 16:57:14][INFO][Rank 0] -  Val Sensitivity: 0.9744, Val Specificity: 0.8837
[2025-11-17 16:57:14][INFO][Rank 0] -  Total Epoch Time: 1590.95s
[2025-11-17 16:57:14][INFO][Rank 0] - Epoch 12/24
[2025-11-17 16:57:14][INFO][Rank 0] - ----------
[2025-11-17 16:57:14][INFO][Rank 0] - CUDA Memory [train][Step 0]: Device 0: Allocated: 3309.6 MB, Reserved: 117540.0 MB (Δ: +1687.0 MB)
[2025-11-17 16:57:14][INFO][Rank 0] - train phase: total 1940 batches
[2025-11-17 16:57:15][INFO][Rank 0] - train Epoch 12/24: 0.0% (0/1940)
[2025-11-17 16:57:22][INFO][Rank 0] - train Epoch 12/24: 0.5% (10/1940)
[2025-11-17 16:57:29][INFO][Rank 0] - train Epoch 12/24: 1.0% (20/1940)
[2025-11-17 16:57:36][INFO][Rank 0] - train Epoch 12/24: 1.5% (30/1940)
[2025-11-17 16:57:43][INFO][Rank 0] - train Epoch 12/24: 2.1% (40/1940)
[2025-11-17 16:57:50][INFO][Rank 0] - train Epoch 12/24: 2.6% (50/1940)
[2025-11-17 16:57:57][INFO][Rank 0] - train Epoch 12/24: 3.1% (60/1940)
[2025-11-17 16:58:04][INFO][Rank 0] - train Epoch 12/24: 3.6% (70/1940)
[2025-11-17 16:58:11][INFO][Rank 0] - train Epoch 12/24: 4.1% (80/1940)
[2025-11-17 16:58:18][INFO][Rank 0] - train Epoch 12/24: 4.6% (90/1940)
[2025-11-17 16:58:19][INFO][Rank 0] - CUDA Memory [train][Step 90]: Device 0: Allocated: 3309.6 MB, Reserved: 117540.0 MB (Δ: +1687.0 MB)
[2025-11-17 16:58:25][INFO][Rank 0] - train Epoch 12/24: 5.2% (100/1940)
[2025-11-17 16:58:32][INFO][Rank 0] - train Epoch 12/24: 5.7% (110/1940)
[2025-11-17 16:58:39][INFO][Rank 0] - train Epoch 12/24: 6.2% (120/1940)
[2025-11-17 16:58:47][INFO][Rank 0] - train Epoch 12/24: 6.7% (130/1940)
[2025-11-17 16:58:54][INFO][Rank 0] - train Epoch 12/24: 7.2% (140/1940)
[2025-11-17 16:59:01][INFO][Rank 0] - train Epoch 12/24: 7.7% (150/1940)
[2025-11-17 16:59:08][INFO][Rank 0] - train Epoch 12/24: 8.2% (160/1940)
[2025-11-17 16:59:15][INFO][Rank 0] - train Epoch 12/24: 8.8% (170/1940)
[2025-11-17 16:59:22][INFO][Rank 0] - train Epoch 12/24: 9.3% (180/1940)
[2025-11-17 16:59:23][INFO][Rank 0] - CUDA Memory [train][Step 180]: Device 0: Allocated: 3309.6 MB, Reserved: 117540.0 MB (Δ: +1687.0 MB)
[2025-11-17 16:59:29][INFO][Rank 0] - train Epoch 12/24: 9.8% (190/1940)
[2025-11-17 16:59:36][INFO][Rank 0] - train Epoch 12/24: 10.3% (200/1940)
[2025-11-17 16:59:43][INFO][Rank 0] - train Epoch 12/24: 10.8% (210/1940)
[2025-11-17 16:59:50][INFO][Rank 0] - train Epoch 12/24: 11.3% (220/1940)
[2025-11-17 16:59:57][INFO][Rank 0] - train Epoch 12/24: 11.9% (230/1940)
[2025-11-17 17:00:04][INFO][Rank 0] - train Epoch 12/24: 12.4% (240/1940)
[2025-11-17 17:00:11][INFO][Rank 0] - train Epoch 12/24: 12.9% (250/1940)
[2025-11-17 17:00:18][INFO][Rank 0] - train Epoch 12/24: 13.4% (260/1940)
[2025-11-17 17:00:25][INFO][Rank 0] - train Epoch 12/24: 13.9% (270/1940)
[2025-11-17 17:00:26][INFO][Rank 0] - CUDA Memory [train][Step 270]: Device 0: Allocated: 3309.6 MB, Reserved: 117540.0 MB (Δ: +1687.0 MB)
[2025-11-17 17:00:32][INFO][Rank 0] - train Epoch 12/24: 14.4% (280/1940)
[2025-11-17 17:00:40][INFO][Rank 0] - train Epoch 12/24: 14.9% (290/1940)
[2025-11-17 17:00:47][INFO][Rank 0] - train Epoch 12/24: 15.5% (300/1940)
[2025-11-17 17:00:54][INFO][Rank 0] - train Epoch 12/24: 16.0% (310/1940)
[2025-11-17 17:01:01][INFO][Rank 0] - train Epoch 12/24: 16.5% (320/1940)
[2025-11-17 17:01:08][INFO][Rank 0] - train Epoch 12/24: 17.0% (330/1940)
[2025-11-17 17:01:15][INFO][Rank 0] - train Epoch 12/24: 17.5% (340/1940)
[2025-11-17 17:01:22][INFO][Rank 0] - train Epoch 12/24: 18.0% (350/1940)
[2025-11-17 17:01:29][INFO][Rank 0] - train Epoch 12/24: 18.6% (360/1940)
[2025-11-17 17:01:30][INFO][Rank 0] - CUDA Memory [train][Step 360]: Device 0: Allocated: 3309.6 MB, Reserved: 117540.0 MB (Δ: +1687.0 MB)
[2025-11-17 17:01:36][INFO][Rank 0] - train Epoch 12/24: 19.1% (370/1940)
[2025-11-17 17:01:43][INFO][Rank 0] - train Epoch 12/24: 19.6% (380/1940)
[2025-11-17 17:01:50][INFO][Rank 0] - train Epoch 12/24: 20.1% (390/1940)
[2025-11-17 17:01:57][INFO][Rank 0] - train Epoch 12/24: 20.6% (400/1940)
[2025-11-17 17:02:04][INFO][Rank 0] - train Epoch 12/24: 21.1% (410/1940)
[2025-11-17 17:02:11][INFO][Rank 0] - train Epoch 12/24: 21.6% (420/1940)
[2025-11-17 17:02:18][INFO][Rank 0] - train Epoch 12/24: 22.2% (430/1940)
[2025-11-17 17:02:26][INFO][Rank 0] - train Epoch 12/24: 22.7% (440/1940)
[2025-11-17 17:02:33][INFO][Rank 0] - train Epoch 12/24: 23.2% (450/1940)
[2025-11-17 17:02:33][INFO][Rank 0] - CUDA Memory [train][Step 450]: Device 0: Allocated: 3309.6 MB, Reserved: 117540.0 MB (Δ: +1687.0 MB)
[2025-11-17 17:02:40][INFO][Rank 0] - train Epoch 12/24: 23.7% (460/1940)
[2025-11-17 17:02:47][INFO][Rank 0] - train Epoch 12/24: 24.2% (470/1940)
[2025-11-17 17:02:54][INFO][Rank 0] - train Epoch 12/24: 24.7% (480/1940)
[2025-11-17 17:03:01][INFO][Rank 0] - train Epoch 12/24: 25.3% (490/1940)
[2025-11-17 17:03:08][INFO][Rank 0] - train Epoch 12/24: 25.8% (500/1940)
[2025-11-17 17:03:15][INFO][Rank 0] - train Epoch 12/24: 26.3% (510/1940)
[2025-11-17 17:03:22][INFO][Rank 0] - train Epoch 12/24: 26.8% (520/1940)
[2025-11-17 17:03:29][INFO][Rank 0] - train Epoch 12/24: 27.3% (530/1940)
[2025-11-17 17:03:36][INFO][Rank 0] - train Epoch 12/24: 27.8% (540/1940)
[2025-11-17 17:03:37][INFO][Rank 0] - CUDA Memory [train][Step 540]: Device 0: Allocated: 3309.6 MB, Reserved: 117540.0 MB (Δ: +1687.0 MB)
[2025-11-17 17:03:43][INFO][Rank 0] - train Epoch 12/24: 28.4% (550/1940)
[2025-11-17 17:03:50][INFO][Rank 0] - train Epoch 12/24: 28.9% (560/1940)
[2025-11-17 17:03:57][INFO][Rank 0] - train Epoch 12/24: 29.4% (570/1940)
[2025-11-17 17:04:04][INFO][Rank 0] - train Epoch 12/24: 29.9% (580/1940)
[2025-11-17 17:04:11][INFO][Rank 0] - train Epoch 12/24: 30.4% (590/1940)
[2025-11-17 17:04:19][INFO][Rank 0] - train Epoch 12/24: 30.9% (600/1940)
[2025-11-17 17:04:26][INFO][Rank 0] - train Epoch 12/24: 31.4% (610/1940)
[2025-11-17 17:04:33][INFO][Rank 0] - train Epoch 12/24: 32.0% (620/1940)
[2025-11-17 17:04:40][INFO][Rank 0] - train Epoch 12/24: 32.5% (630/1940)
[2025-11-17 17:04:40][INFO][Rank 0] - CUDA Memory [train][Step 630]: Device 0: Allocated: 3309.6 MB, Reserved: 117540.0 MB (Δ: +1687.0 MB)
[2025-11-17 17:04:47][INFO][Rank 0] - train Epoch 12/24: 33.0% (640/1940)
[2025-11-17 17:04:54][INFO][Rank 0] - train Epoch 12/24: 33.5% (650/1940)
[2025-11-17 17:05:01][INFO][Rank 0] - train Epoch 12/24: 34.0% (660/1940)
[2025-11-17 17:05:08][INFO][Rank 0] - train Epoch 12/24: 34.5% (670/1940)
[2025-11-17 17:05:15][INFO][Rank 0] - train Epoch 12/24: 35.1% (680/1940)
[2025-11-17 17:05:22][INFO][Rank 0] - train Epoch 12/24: 35.6% (690/1940)
[2025-11-17 17:05:29][INFO][Rank 0] - train Epoch 12/24: 36.1% (700/1940)
[2025-11-17 17:05:36][INFO][Rank 0] - train Epoch 12/24: 36.6% (710/1940)
[2025-11-17 17:05:43][INFO][Rank 0] - train Epoch 12/24: 37.1% (720/1940)
[2025-11-17 17:05:44][INFO][Rank 0] - CUDA Memory [train][Step 720]: Device 0: Allocated: 3309.6 MB, Reserved: 117540.0 MB (Δ: +1687.0 MB)
[2025-11-17 17:05:50][INFO][Rank 0] - train Epoch 12/24: 37.6% (730/1940)
[2025-11-17 17:05:57][INFO][Rank 0] - train Epoch 12/24: 38.1% (740/1940)
[2025-11-17 17:06:05][INFO][Rank 0] - train Epoch 12/24: 38.7% (750/1940)
[2025-11-17 17:06:12][INFO][Rank 0] - train Epoch 12/24: 39.2% (760/1940)
[2025-11-17 17:06:19][INFO][Rank 0] - train Epoch 12/24: 39.7% (770/1940)
[2025-11-17 17:06:26][INFO][Rank 0] - train Epoch 12/24: 40.2% (780/1940)
[2025-11-17 17:06:33][INFO][Rank 0] - train Epoch 12/24: 40.7% (790/1940)
[2025-11-17 17:06:40][INFO][Rank 0] - train Epoch 12/24: 41.2% (800/1940)
[2025-11-17 17:06:47][INFO][Rank 0] - train Epoch 12/24: 41.8% (810/1940)
[2025-11-17 17:06:48][INFO][Rank 0] - CUDA Memory [train][Step 810]: Device 0: Allocated: 3309.6 MB, Reserved: 117540.0 MB (Δ: +1687.0 MB)
[2025-11-17 17:06:54][INFO][Rank 0] - train Epoch 12/24: 42.3% (820/1940)
[2025-11-17 17:07:01][INFO][Rank 0] - train Epoch 12/24: 42.8% (830/1940)
[2025-11-17 17:07:08][INFO][Rank 0] - train Epoch 12/24: 43.3% (840/1940)
[2025-11-17 17:07:15][INFO][Rank 0] - train Epoch 12/24: 43.8% (850/1940)
[2025-11-17 17:07:22][INFO][Rank 0] - train Epoch 12/24: 44.3% (860/1940)
[2025-11-17 17:07:29][INFO][Rank 0] - train Epoch 12/24: 44.8% (870/1940)
[2025-11-17 17:07:36][INFO][Rank 0] - train Epoch 12/24: 45.4% (880/1940)
[2025-11-17 17:07:43][INFO][Rank 0] - train Epoch 12/24: 45.9% (890/1940)
[2025-11-17 17:07:51][INFO][Rank 0] - train Epoch 12/24: 46.4% (900/1940)
[2025-11-17 17:07:51][INFO][Rank 0] - CUDA Memory [train][Step 900]: Device 0: Allocated: 3309.6 MB, Reserved: 117540.0 MB (Δ: +1687.0 MB)
[2025-11-17 17:07:58][INFO][Rank 0] - train Epoch 12/24: 46.9% (910/1940)
[2025-11-17 17:08:05][INFO][Rank 0] - train Epoch 12/24: 47.4% (920/1940)
[2025-11-17 17:08:12][INFO][Rank 0] - train Epoch 12/24: 47.9% (930/1940)
[2025-11-17 17:08:19][INFO][Rank 0] - train Epoch 12/24: 48.5% (940/1940)
[2025-11-17 17:08:26][INFO][Rank 0] - train Epoch 12/24: 49.0% (950/1940)
[2025-11-17 17:08:33][INFO][Rank 0] - train Epoch 12/24: 49.5% (960/1940)
[2025-11-17 17:08:40][INFO][Rank 0] - train Epoch 12/24: 50.0% (970/1940)
[2025-11-17 17:08:47][INFO][Rank 0] - train Epoch 12/24: 50.5% (980/1940)
[2025-11-17 17:08:54][INFO][Rank 0] - train Epoch 12/24: 51.0% (990/1940)
[2025-11-17 17:08:55][INFO][Rank 0] - CUDA Memory [train][Step 990]: Device 0: Allocated: 3309.6 MB, Reserved: 117540.0 MB (Δ: +1687.0 MB)
[2025-11-17 17:09:01][INFO][Rank 0] - train Epoch 12/24: 51.5% (1000/1940)
[2025-11-17 17:09:08][INFO][Rank 0] - train Epoch 12/24: 52.1% (1010/1940)
[2025-11-17 17:09:15][INFO][Rank 0] - train Epoch 12/24: 52.6% (1020/1940)
[2025-11-17 17:09:22][INFO][Rank 0] - train Epoch 12/24: 53.1% (1030/1940)
[2025-11-17 17:09:29][INFO][Rank 0] - train Epoch 12/24: 53.6% (1040/1940)
[2025-11-17 17:09:36][INFO][Rank 0] - train Epoch 12/24: 54.1% (1050/1940)
[2025-11-17 17:09:44][INFO][Rank 0] - train Epoch 12/24: 54.6% (1060/1940)
[2025-11-17 17:09:51][INFO][Rank 0] - train Epoch 12/24: 55.2% (1070/1940)
[2025-11-17 17:09:58][INFO][Rank 0] - train Epoch 12/24: 55.7% (1080/1940)
[2025-11-17 17:09:58][INFO][Rank 0] - CUDA Memory [train][Step 1080]: Device 0: Allocated: 3309.6 MB, Reserved: 117540.0 MB (Δ: +1687.0 MB)
[2025-11-17 17:10:05][INFO][Rank 0] - train Epoch 12/24: 56.2% (1090/1940)
[2025-11-17 17:10:12][INFO][Rank 0] - train Epoch 12/24: 56.7% (1100/1940)
[2025-11-17 17:10:19][INFO][Rank 0] - train Epoch 12/24: 57.2% (1110/1940)
[2025-11-17 17:10:26][INFO][Rank 0] - train Epoch 12/24: 57.7% (1120/1940)
[2025-11-17 17:10:33][INFO][Rank 0] - train Epoch 12/24: 58.2% (1130/1940)
[2025-11-17 17:10:40][INFO][Rank 0] - train Epoch 12/24: 58.8% (1140/1940)
[2025-11-17 17:10:47][INFO][Rank 0] - train Epoch 12/24: 59.3% (1150/1940)
[2025-11-17 17:10:54][INFO][Rank 0] - train Epoch 12/24: 59.8% (1160/1940)
[2025-11-17 17:11:01][INFO][Rank 0] - train Epoch 12/24: 60.3% (1170/1940)
[2025-11-17 17:11:02][INFO][Rank 0] - CUDA Memory [train][Step 1170]: Device 0: Allocated: 3309.6 MB, Reserved: 117540.0 MB (Δ: +1687.0 MB)
[2025-11-17 17:11:08][INFO][Rank 0] - train Epoch 12/24: 60.8% (1180/1940)
[2025-11-17 17:11:15][INFO][Rank 0] - train Epoch 12/24: 61.3% (1190/1940)
[2025-11-17 17:11:22][INFO][Rank 0] - train Epoch 12/24: 61.9% (1200/1940)
[2025-11-17 17:11:29][INFO][Rank 0] - train Epoch 12/24: 62.4% (1210/1940)
[2025-11-17 17:11:37][INFO][Rank 0] - train Epoch 12/24: 62.9% (1220/1940)
[2025-11-17 17:11:44][INFO][Rank 0] - train Epoch 12/24: 63.4% (1230/1940)
[2025-11-17 17:11:51][INFO][Rank 0] - train Epoch 12/24: 63.9% (1240/1940)
[2025-11-17 17:11:58][INFO][Rank 0] - train Epoch 12/24: 64.4% (1250/1940)
[2025-11-17 17:12:05][INFO][Rank 0] - train Epoch 12/24: 64.9% (1260/1940)
[2025-11-17 17:12:05][INFO][Rank 0] - CUDA Memory [train][Step 1260]: Device 0: Allocated: 3309.6 MB, Reserved: 117540.0 MB (Δ: +1687.0 MB)
[2025-11-17 17:12:12][INFO][Rank 0] - train Epoch 12/24: 65.5% (1270/1940)
[2025-11-17 17:12:19][INFO][Rank 0] - train Epoch 12/24: 66.0% (1280/1940)
[2025-11-17 17:12:26][INFO][Rank 0] - train Epoch 12/24: 66.5% (1290/1940)
[2025-11-17 17:12:33][INFO][Rank 0] - train Epoch 12/24: 67.0% (1300/1940)
[2025-11-17 17:12:40][INFO][Rank 0] - train Epoch 12/24: 67.5% (1310/1940)
[2025-11-17 17:12:47][INFO][Rank 0] - train Epoch 12/24: 68.0% (1320/1940)
[2025-11-17 17:12:54][INFO][Rank 0] - train Epoch 12/24: 68.6% (1330/1940)
[2025-11-17 17:13:01][INFO][Rank 0] - train Epoch 12/24: 69.1% (1340/1940)
[2025-11-17 17:13:08][INFO][Rank 0] - train Epoch 12/24: 69.6% (1350/1940)
[2025-11-17 17:13:09][INFO][Rank 0] - CUDA Memory [train][Step 1350]: Device 0: Allocated: 3309.6 MB, Reserved: 117540.0 MB (Δ: +1687.0 MB)
[2025-11-17 17:13:15][INFO][Rank 0] - train Epoch 12/24: 70.1% (1360/1940)
[2025-11-17 17:13:22][INFO][Rank 0] - train Epoch 12/24: 70.6% (1370/1940)
[2025-11-17 17:13:30][INFO][Rank 0] - train Epoch 12/24: 71.1% (1380/1940)
[2025-11-17 17:13:37][INFO][Rank 0] - train Epoch 12/24: 71.6% (1390/1940)
[2025-11-17 17:13:44][INFO][Rank 0] - train Epoch 12/24: 72.2% (1400/1940)
[2025-11-17 17:13:51][INFO][Rank 0] - train Epoch 12/24: 72.7% (1410/1940)
[2025-11-17 17:13:58][INFO][Rank 0] - train Epoch 12/24: 73.2% (1420/1940)
[2025-11-17 17:14:05][INFO][Rank 0] - train Epoch 12/24: 73.7% (1430/1940)
[2025-11-17 17:14:12][INFO][Rank 0] - train Epoch 12/24: 74.2% (1440/1940)
[2025-11-17 17:14:13][INFO][Rank 0] - CUDA Memory [train][Step 1440]: Device 0: Allocated: 3309.6 MB, Reserved: 117540.0 MB (Δ: +1687.0 MB)
[2025-11-17 17:14:19][INFO][Rank 0] - train Epoch 12/24: 74.7% (1450/1940)
[2025-11-17 17:14:26][INFO][Rank 0] - train Epoch 12/24: 75.3% (1460/1940)
[2025-11-17 17:14:33][INFO][Rank 0] - train Epoch 12/24: 75.8% (1470/1940)
[2025-11-17 17:14:40][INFO][Rank 0] - train Epoch 12/24: 76.3% (1480/1940)
[2025-11-17 17:14:47][INFO][Rank 0] - train Epoch 12/24: 76.8% (1490/1940)
[2025-11-17 17:14:54][INFO][Rank 0] - train Epoch 12/24: 77.3% (1500/1940)
[2025-11-17 17:15:01][INFO][Rank 0] - train Epoch 12/24: 77.8% (1510/1940)
[2025-11-17 17:15:08][INFO][Rank 0] - train Epoch 12/24: 78.4% (1520/1940)
[2025-11-17 17:15:15][INFO][Rank 0] - train Epoch 12/24: 78.9% (1530/1940)
[2025-11-17 17:15:16][INFO][Rank 0] - CUDA Memory [train][Step 1530]: Device 0: Allocated: 3309.6 MB, Reserved: 117540.0 MB (Δ: +1687.0 MB)
[2025-11-17 17:15:23][INFO][Rank 0] - train Epoch 12/24: 79.4% (1540/1940)
[2025-11-17 17:15:30][INFO][Rank 0] - train Epoch 12/24: 79.9% (1550/1940)
[2025-11-17 17:15:37][INFO][Rank 0] - train Epoch 12/24: 80.4% (1560/1940)
[2025-11-17 17:15:44][INFO][Rank 0] - train Epoch 12/24: 80.9% (1570/1940)
[2025-11-17 17:15:51][INFO][Rank 0] - train Epoch 12/24: 81.4% (1580/1940)
[2025-11-17 17:15:58][INFO][Rank 0] - train Epoch 12/24: 82.0% (1590/1940)
[2025-11-17 17:16:05][INFO][Rank 0] - train Epoch 12/24: 82.5% (1600/1940)
[2025-11-17 17:16:12][INFO][Rank 0] - train Epoch 12/24: 83.0% (1610/1940)
[2025-11-17 17:16:19][INFO][Rank 0] - train Epoch 12/24: 83.5% (1620/1940)
[2025-11-17 17:16:20][INFO][Rank 0] - CUDA Memory [train][Step 1620]: Device 0: Allocated: 3309.6 MB, Reserved: 117540.0 MB (Δ: +1687.0 MB)
[2025-11-17 17:16:26][INFO][Rank 0] - train Epoch 12/24: 84.0% (1630/1940)
[2025-11-17 17:16:33][INFO][Rank 0] - train Epoch 12/24: 84.5% (1640/1940)
[2025-11-17 17:16:40][INFO][Rank 0] - train Epoch 12/24: 85.1% (1650/1940)
[2025-11-17 17:16:47][INFO][Rank 0] - train Epoch 12/24: 85.6% (1660/1940)
[2025-11-17 17:16:54][INFO][Rank 0] - train Epoch 12/24: 86.1% (1670/1940)
[2025-11-17 17:17:01][INFO][Rank 0] - train Epoch 12/24: 86.6% (1680/1940)
[2025-11-17 17:17:09][INFO][Rank 0] - train Epoch 12/24: 87.1% (1690/1940)
[2025-11-17 17:17:16][INFO][Rank 0] - train Epoch 12/24: 87.6% (1700/1940)
[2025-11-17 17:17:23][INFO][Rank 0] - train Epoch 12/24: 88.1% (1710/1940)
[2025-11-17 17:17:23][INFO][Rank 0] - CUDA Memory [train][Step 1710]: Device 0: Allocated: 3309.6 MB, Reserved: 117540.0 MB (Δ: +1687.0 MB)
[2025-11-17 17:17:30][INFO][Rank 0] - train Epoch 12/24: 88.7% (1720/1940)
[2025-11-17 17:17:37][INFO][Rank 0] - train Epoch 12/24: 89.2% (1730/1940)
[2025-11-17 17:17:44][INFO][Rank 0] - train Epoch 12/24: 89.7% (1740/1940)
[2025-11-17 17:17:51][INFO][Rank 0] - train Epoch 12/24: 90.2% (1750/1940)
[2025-11-17 17:17:58][INFO][Rank 0] - train Epoch 12/24: 90.7% (1760/1940)
[2025-11-17 17:18:05][INFO][Rank 0] - train Epoch 12/24: 91.2% (1770/1940)
[2025-11-17 17:18:12][INFO][Rank 0] - train Epoch 12/24: 91.8% (1780/1940)
[2025-11-17 17:18:19][INFO][Rank 0] - train Epoch 12/24: 92.3% (1790/1940)
[2025-11-17 17:18:26][INFO][Rank 0] - train Epoch 12/24: 92.8% (1800/1940)
[2025-11-17 17:18:27][INFO][Rank 0] - CUDA Memory [train][Step 1800]: Device 0: Allocated: 3309.6 MB, Reserved: 117540.0 MB (Δ: +1687.0 MB)
[2025-11-17 17:18:33][INFO][Rank 0] - train Epoch 12/24: 93.3% (1810/1940)
[2025-11-17 17:18:40][INFO][Rank 0] - train Epoch 12/24: 93.8% (1820/1940)
[2025-11-17 17:18:47][INFO][Rank 0] - train Epoch 12/24: 94.3% (1830/1940)
[2025-11-17 17:18:54][INFO][Rank 0] - train Epoch 12/24: 94.8% (1840/1940)
[2025-11-17 17:19:02][INFO][Rank 0] - train Epoch 12/24: 95.4% (1850/1940)
[2025-11-17 17:19:09][INFO][Rank 0] - train Epoch 12/24: 95.9% (1860/1940)
[2025-11-17 17:19:16][INFO][Rank 0] - train Epoch 12/24: 96.4% (1870/1940)
[2025-11-17 17:19:23][INFO][Rank 0] - train Epoch 12/24: 96.9% (1880/1940)
[2025-11-17 17:19:30][INFO][Rank 0] - train Epoch 12/24: 97.4% (1890/1940)
[2025-11-17 17:19:30][INFO][Rank 0] - CUDA Memory [train][Step 1890]: Device 0: Allocated: 3309.6 MB, Reserved: 117540.0 MB (Δ: +1687.0 MB)
[2025-11-17 17:19:37][INFO][Rank 0] - train Epoch 12/24: 97.9% (1900/1940)
[2025-11-17 17:19:44][INFO][Rank 0] - train Epoch 12/24: 98.5% (1910/1940)
[2025-11-17 17:19:51][INFO][Rank 0] - train Epoch 12/24: 99.0% (1920/1940)
[2025-11-17 17:19:58][INFO][Rank 0] - train Epoch 12/24: 99.5% (1930/1940)
[2025-11-17 17:20:04][INFO][Rank 0] - train Epoch 12/24: 99.9% (1939/1940)
[2025-11-17 17:20:05][INFO][Rank 0] - train Loss: 0.1591 Acc: 0.9724 F1: 0.9857
[2025-11-17 17:20:05][INFO][Rank 0] - train Balanced Acc: 0.8853 AUC-ROC: 0.9667
[2025-11-17 17:20:05][INFO][Rank 0] - train Sensitivity: 0.9772 Specificity: 0.7934
[2025-11-17 17:20:05][INFO][Rank 0] - train Confusion Matrix: TP=18457, FP=106, FN=430, TN=407
[2025-11-17 17:20:05][INFO][Rank 0] - train completed in 1370.76s
[2025-11-17 17:20:05][INFO][Rank 0] - Data loading time: 1.07s, Forward time: 278.90s, Backward time: 743.18s
[2025-11-17 17:20:05][INFO][Rank 0] - train cache: 0/1 items, hit rate: 0.00%
[2025-11-17 17:20:05][INFO][Rank 0] - CUDA Memory [val][Step 0]: Device 0: Allocated: 3309.6 MB, Reserved: 117540.0 MB (Δ: +1687.0 MB)
[2025-11-17 17:20:05][INFO][Rank 0] - val phase: total 407 batches
[2025-11-17 17:20:05][INFO][Rank 0] - val Epoch 12/24: 0.0% (0/407)
[2025-11-17 17:20:10][INFO][Rank 0] - val Epoch 12/24: 2.5% (10/407)
[2025-11-17 17:20:15][INFO][Rank 0] - val Epoch 12/24: 4.9% (20/407)
[2025-11-17 17:20:20][INFO][Rank 0] - val Epoch 12/24: 7.4% (30/407)
[2025-11-17 17:20:25][INFO][Rank 0] - val Epoch 12/24: 9.8% (40/407)
[2025-11-17 17:20:30][INFO][Rank 0] - val Epoch 12/24: 12.3% (50/407)
[2025-11-17 17:20:35][INFO][Rank 0] - val Epoch 12/24: 14.7% (60/407)
[2025-11-17 17:20:40][INFO][Rank 0] - val Epoch 12/24: 17.2% (70/407)
[2025-11-17 17:20:45][INFO][Rank 0] - val Epoch 12/24: 19.7% (80/407)
[2025-11-17 17:20:50][INFO][Rank 0] - val Epoch 12/24: 22.1% (90/407)
[2025-11-17 17:20:55][INFO][Rank 0] - val Epoch 12/24: 24.6% (100/407)
[2025-11-17 17:21:00][INFO][Rank 0] - val Epoch 12/24: 27.0% (110/407)
[2025-11-17 17:21:05][INFO][Rank 0] - val Epoch 12/24: 29.5% (120/407)
[2025-11-17 17:21:05][INFO][Rank 0] - CUDA Memory [val][Step 120]: Device 0: Allocated: 3309.6 MB, Reserved: 117540.0 MB (Δ: +1687.0 MB)
[2025-11-17 17:21:10][INFO][Rank 0] - val Epoch 12/24: 31.9% (130/407)
[2025-11-17 17:21:15][INFO][Rank 0] - val Epoch 12/24: 34.4% (140/407)
[2025-11-17 17:21:20][INFO][Rank 0] - val Epoch 12/24: 36.9% (150/407)
[2025-11-17 17:21:25][INFO][Rank 0] - val Epoch 12/24: 39.3% (160/407)
[2025-11-17 17:21:30][INFO][Rank 0] - val Epoch 12/24: 41.8% (170/407)
[2025-11-17 17:21:35][INFO][Rank 0] - val Epoch 12/24: 44.2% (180/407)
[2025-11-17 17:21:40][INFO][Rank 0] - val Epoch 12/24: 46.7% (190/407)
[2025-11-17 17:21:45][INFO][Rank 0] - val Epoch 12/24: 49.1% (200/407)
[2025-11-17 17:21:50][INFO][Rank 0] - val Epoch 12/24: 51.6% (210/407)
[2025-11-17 17:21:55][INFO][Rank 0] - val Epoch 12/24: 54.1% (220/407)
[2025-11-17 17:22:00][INFO][Rank 0] - val Epoch 12/24: 56.5% (230/407)
[2025-11-17 17:22:05][INFO][Rank 0] - val Epoch 12/24: 59.0% (240/407)
[2025-11-17 17:22:09][INFO][Rank 0] - val Epoch 12/24: 61.4% (250/407)
[2025-11-17 17:22:14][INFO][Rank 0] - val Epoch 12/24: 63.9% (260/407)
[2025-11-17 17:22:19][INFO][Rank 0] - val Epoch 12/24: 66.3% (270/407)
[2025-11-17 17:22:20][INFO][Rank 0] - CUDA Memory [val][Step 270]: Device 0: Allocated: 3309.6 MB, Reserved: 117540.0 MB (Δ: +1687.0 MB)
[2025-11-17 17:22:24][INFO][Rank 0] - val Epoch 12/24: 68.8% (280/407)
[2025-11-17 17:22:29][INFO][Rank 0] - val Epoch 12/24: 71.3% (290/407)
[2025-11-17 17:22:34][INFO][Rank 0] - val Epoch 12/24: 73.7% (300/407)
[2025-11-17 17:22:39][INFO][Rank 0] - val Epoch 12/24: 76.2% (310/407)
[2025-11-17 17:22:44][INFO][Rank 0] - val Epoch 12/24: 78.6% (320/407)
[2025-11-17 17:22:49][INFO][Rank 0] - val Epoch 12/24: 81.1% (330/407)
[2025-11-17 17:22:54][INFO][Rank 0] - val Epoch 12/24: 83.5% (340/407)
[2025-11-17 17:22:59][INFO][Rank 0] - val Epoch 12/24: 86.0% (350/407)
[2025-11-17 17:23:04][INFO][Rank 0] - val Epoch 12/24: 88.5% (360/407)
[2025-11-17 17:23:09][INFO][Rank 0] - val Epoch 12/24: 90.9% (370/407)
[2025-11-17 17:23:14][INFO][Rank 0] - val Epoch 12/24: 93.4% (380/407)
[2025-11-17 17:23:19][INFO][Rank 0] - val Epoch 12/24: 95.8% (390/407)
[2025-11-17 17:23:24][INFO][Rank 0] - val Epoch 12/24: 98.3% (400/407)
[2025-11-17 17:23:27][INFO][Rank 0] - val Epoch 12/24: 99.8% (406/407)
[2025-11-17 17:23:28][INFO][Rank 0] - val Loss: 0.0857 Acc: 0.9740 F1: 0.9866
[2025-11-17 17:23:28][INFO][Rank 0] - val Balanced Acc: 0.9298 AUC-ROC: 0.9834
[2025-11-17 17:23:28][INFO][Rank 0] - val Sensitivity: 0.9759 Specificity: 0.8837
[2025-11-17 17:23:28][INFO][Rank 0] - val Confusion Matrix: TP=3888, FP=10, FN=96, TN=76
[2025-11-17 17:23:28][INFO][Rank 0] - val completed in 202.43s
[2025-11-17 17:23:28][INFO][Rank 0] - val cache: 0/1 items, hit rate: 0.00%
[2025-11-17 17:23:32][INFO][Rank 0] - Saved new best balanced_acc model with balanced_acc: 0.9298 at /projects/retprogression/rgarridogarcia/checkpoints/cropped1024_cropped_centered_wt_allR_1/best_balanced_acc_model.pth
[2025-11-17 17:23:36][INFO][Rank 0] - Also saved as general best model at /projects/retprogression/rgarridogarcia/checkpoints/cropped1024_cropped_centered_wt_allR_1/best_model.pth
[2025-11-17 17:23:41][INFO][Rank 0] - Saved new best auc model with auc: 0.9834 at /projects/retprogression/rgarridogarcia/checkpoints/cropped1024_cropped_centered_wt_allR_1/best_auc_model.pth
[2025-11-17 17:23:45][INFO][Rank 0] - Saved epoch checkpoint at /projects/retprogression/rgarridogarcia/checkpoints/cropped1024_cropped_centered_wt_allR_1/epoch_12.pth
[2025-11-17 17:23:45][INFO][Rank 0] - Epoch 12 summary:
[2025-11-17 17:23:45][INFO][Rank 0] -  Train Loss: 0.1591, Train Acc: 0.9724, Train F1: 0.9857
[2025-11-17 17:23:45][INFO][Rank 0] -  Train Balanced Acc: 0.8853, Train AUC: 0.9667
[2025-11-17 17:23:45][INFO][Rank 0] -  Train Sensitivity: 0.9772, Train Specificity: 0.7934
[2025-11-17 17:23:45][INFO][Rank 0] -  Val Loss: 0.0857, Val Acc: 0.9740, Val F1: 0.9866
[2025-11-17 17:23:45][INFO][Rank 0] -  Val Balanced Acc: 0.9298, Val AUC: 0.9834
[2025-11-17 17:23:45][INFO][Rank 0] -  Val Sensitivity: 0.9759, Val Specificity: 0.8837
[2025-11-17 17:23:45][INFO][Rank 0] -  Total Epoch Time: 1590.49s
[2025-11-17 17:23:45][INFO][Rank 0] - Epoch 13/24
[2025-11-17 17:23:45][INFO][Rank 0] - ----------
[2025-11-17 17:23:45][INFO][Rank 0] - CUDA Memory [train][Step 0]: Device 0: Allocated: 3309.6 MB, Reserved: 117540.0 MB (Δ: +1687.0 MB)
[2025-11-17 17:23:45][INFO][Rank 0] - train phase: total 1940 batches
[2025-11-17 17:23:45][INFO][Rank 0] - train Epoch 13/24: 0.0% (0/1940)
[2025-11-17 17:23:52][INFO][Rank 0] - train Epoch 13/24: 0.5% (10/1940)
[2025-11-17 17:23:59][INFO][Rank 0] - train Epoch 13/24: 1.0% (20/1940)
[2025-11-17 17:24:06][INFO][Rank 0] - train Epoch 13/24: 1.5% (30/1940)
[2025-11-17 17:24:14][INFO][Rank 0] - train Epoch 13/24: 2.1% (40/1940)
[2025-11-17 17:24:21][INFO][Rank 0] - train Epoch 13/24: 2.6% (50/1940)
[2025-11-17 17:24:28][INFO][Rank 0] - train Epoch 13/24: 3.1% (60/1940)
[2025-11-17 17:24:35][INFO][Rank 0] - train Epoch 13/24: 3.6% (70/1940)
[2025-11-17 17:24:42][INFO][Rank 0] - train Epoch 13/24: 4.1% (80/1940)
[2025-11-17 17:24:49][INFO][Rank 0] - train Epoch 13/24: 4.6% (90/1940)
[2025-11-17 17:24:50][INFO][Rank 0] - CUDA Memory [train][Step 90]: Device 0: Allocated: 3309.6 MB, Reserved: 117540.0 MB (Δ: +1687.0 MB)
[2025-11-17 17:24:56][INFO][Rank 0] - train Epoch 13/24: 5.2% (100/1940)
[2025-11-17 17:25:03][INFO][Rank 0] - train Epoch 13/24: 5.7% (110/1940)
[2025-11-17 17:25:10][INFO][Rank 0] - train Epoch 13/24: 6.2% (120/1940)
[2025-11-17 17:25:17][INFO][Rank 0] - train Epoch 13/24: 6.7% (130/1940)
[2025-11-17 17:25:24][INFO][Rank 0] - train Epoch 13/24: 7.2% (140/1940)
[2025-11-17 17:25:31][INFO][Rank 0] - train Epoch 13/24: 7.7% (150/1940)
[2025-11-17 17:25:38][INFO][Rank 0] - train Epoch 13/24: 8.2% (160/1940)
[2025-11-17 17:25:45][INFO][Rank 0] - train Epoch 13/24: 8.8% (170/1940)
[2025-11-17 17:25:52][INFO][Rank 0] - train Epoch 13/24: 9.3% (180/1940)
[2025-11-17 17:25:53][INFO][Rank 0] - CUDA Memory [train][Step 180]: Device 0: Allocated: 3309.6 MB, Reserved: 117540.0 MB (Δ: +1687.0 MB)
[2025-11-17 17:25:59][INFO][Rank 0] - train Epoch 13/24: 9.8% (190/1940)
[2025-11-17 17:26:07][INFO][Rank 0] - train Epoch 13/24: 10.3% (200/1940)
[2025-11-17 17:26:14][INFO][Rank 0] - train Epoch 13/24: 10.8% (210/1940)
[2025-11-17 17:26:21][INFO][Rank 0] - train Epoch 13/24: 11.3% (220/1940)
[2025-11-17 17:26:28][INFO][Rank 0] - train Epoch 13/24: 11.9% (230/1940)
[2025-11-17 17:26:35][INFO][Rank 0] - train Epoch 13/24: 12.4% (240/1940)
[2025-11-17 17:26:42][INFO][Rank 0] - train Epoch 13/24: 12.9% (250/1940)
[2025-11-17 17:26:49][INFO][Rank 0] - train Epoch 13/24: 13.4% (260/1940)
[2025-11-17 17:26:56][INFO][Rank 0] - train Epoch 13/24: 13.9% (270/1940)
[2025-11-17 17:26:57][INFO][Rank 0] - CUDA Memory [train][Step 270]: Device 0: Allocated: 3309.6 MB, Reserved: 117540.0 MB (Δ: +1687.0 MB)
[2025-11-17 17:27:03][INFO][Rank 0] - train Epoch 13/24: 14.4% (280/1940)
[2025-11-17 17:27:10][INFO][Rank 0] - train Epoch 13/24: 14.9% (290/1940)
[2025-11-17 17:27:17][INFO][Rank 0] - train Epoch 13/24: 15.5% (300/1940)
[2025-11-17 17:27:24][INFO][Rank 0] - train Epoch 13/24: 16.0% (310/1940)
[2025-11-17 17:27:31][INFO][Rank 0] - train Epoch 13/24: 16.5% (320/1940)
[2025-11-17 17:27:38][INFO][Rank 0] - train Epoch 13/24: 17.0% (330/1940)
[2025-11-17 17:27:45][INFO][Rank 0] - train Epoch 13/24: 17.5% (340/1940)
[2025-11-17 17:27:52][INFO][Rank 0] - train Epoch 13/24: 18.0% (350/1940)
[2025-11-17 17:28:00][INFO][Rank 0] - train Epoch 13/24: 18.6% (360/1940)
[2025-11-17 17:28:00][INFO][Rank 0] - CUDA Memory [train][Step 360]: Device 0: Allocated: 3309.6 MB, Reserved: 117540.0 MB (Δ: +1687.0 MB)
[2025-11-17 17:28:07][INFO][Rank 0] - train Epoch 13/24: 19.1% (370/1940)
[2025-11-17 17:28:14][INFO][Rank 0] - train Epoch 13/24: 19.6% (380/1940)
[2025-11-17 17:28:21][INFO][Rank 0] - train Epoch 13/24: 20.1% (390/1940)
[2025-11-17 17:28:28][INFO][Rank 0] - train Epoch 13/24: 20.6% (400/1940)
[2025-11-17 17:28:35][INFO][Rank 0] - train Epoch 13/24: 21.1% (410/1940)
[2025-11-17 17:28:42][INFO][Rank 0] - train Epoch 13/24: 21.6% (420/1940)
[2025-11-17 17:28:49][INFO][Rank 0] - train Epoch 13/24: 22.2% (430/1940)
[2025-11-17 17:28:56][INFO][Rank 0] - train Epoch 13/24: 22.7% (440/1940)
[2025-11-17 17:29:03][INFO][Rank 0] - train Epoch 13/24: 23.2% (450/1940)
[2025-11-17 17:29:04][INFO][Rank 0] - CUDA Memory [train][Step 450]: Device 0: Allocated: 3309.6 MB, Reserved: 117540.0 MB (Δ: +1687.0 MB)
[2025-11-17 17:29:10][INFO][Rank 0] - train Epoch 13/24: 23.7% (460/1940)
[2025-11-17 17:29:17][INFO][Rank 0] - train Epoch 13/24: 24.2% (470/1940)
[2025-11-17 17:29:24][INFO][Rank 0] - train Epoch 13/24: 24.7% (480/1940)
[2025-11-17 17:29:31][INFO][Rank 0] - train Epoch 13/24: 25.3% (490/1940)
[2025-11-17 17:29:38][INFO][Rank 0] - train Epoch 13/24: 25.8% (500/1940)
[2025-11-17 17:29:45][INFO][Rank 0] - train Epoch 13/24: 26.3% (510/1940)
[2025-11-17 17:29:53][INFO][Rank 0] - train Epoch 13/24: 26.8% (520/1940)
[2025-11-17 17:30:00][INFO][Rank 0] - train Epoch 13/24: 27.3% (530/1940)
[2025-11-17 17:30:07][INFO][Rank 0] - train Epoch 13/24: 27.8% (540/1940)
[2025-11-17 17:30:07][INFO][Rank 0] - CUDA Memory [train][Step 540]: Device 0: Allocated: 3309.6 MB, Reserved: 117540.0 MB (Δ: +1687.0 MB)
[2025-11-17 17:30:14][INFO][Rank 0] - train Epoch 13/24: 28.4% (550/1940)
[2025-11-17 17:30:21][INFO][Rank 0] - train Epoch 13/24: 28.9% (560/1940)
[2025-11-17 17:30:28][INFO][Rank 0] - train Epoch 13/24: 29.4% (570/1940)
[2025-11-17 17:30:35][INFO][Rank 0] - train Epoch 13/24: 29.9% (580/1940)
[2025-11-17 17:30:42][INFO][Rank 0] - train Epoch 13/24: 30.4% (590/1940)
[2025-11-17 17:30:49][INFO][Rank 0] - train Epoch 13/24: 30.9% (600/1940)
[2025-11-17 17:30:56][INFO][Rank 0] - train Epoch 13/24: 31.4% (610/1940)
[2025-11-17 17:31:03][INFO][Rank 0] - train Epoch 13/24: 32.0% (620/1940)
[2025-11-17 17:31:10][INFO][Rank 0] - train Epoch 13/24: 32.5% (630/1940)
[2025-11-17 17:31:11][INFO][Rank 0] - CUDA Memory [train][Step 630]: Device 0: Allocated: 3309.6 MB, Reserved: 117540.0 MB (Δ: +1687.0 MB)
[2025-11-17 17:31:17][INFO][Rank 0] - train Epoch 13/24: 33.0% (640/1940)
[2025-11-17 17:31:24][INFO][Rank 0] - train Epoch 13/24: 33.5% (650/1940)
[2025-11-17 17:31:31][INFO][Rank 0] - train Epoch 13/24: 34.0% (660/1940)
[2025-11-17 17:31:39][INFO][Rank 0] - train Epoch 13/24: 34.5% (670/1940)
[2025-11-17 17:31:46][INFO][Rank 0] - train Epoch 13/24: 35.1% (680/1940)
[2025-11-17 17:31:53][INFO][Rank 0] - train Epoch 13/24: 35.6% (690/1940)
[2025-11-17 17:32:00][INFO][Rank 0] - train Epoch 13/24: 36.1% (700/1940)
[2025-11-17 17:32:07][INFO][Rank 0] - train Epoch 13/24: 36.6% (710/1940)
[2025-11-17 17:32:14][INFO][Rank 0] - train Epoch 13/24: 37.1% (720/1940)
[2025-11-17 17:32:15][INFO][Rank 0] - CUDA Memory [train][Step 720]: Device 0: Allocated: 3309.6 MB, Reserved: 117540.0 MB (Δ: +1687.0 MB)
[2025-11-17 17:32:21][INFO][Rank 0] - train Epoch 13/24: 37.6% (730/1940)
[2025-11-17 17:32:28][INFO][Rank 0] - train Epoch 13/24: 38.1% (740/1940)
[2025-11-17 17:32:35][INFO][Rank 0] - train Epoch 13/24: 38.7% (750/1940)
[2025-11-17 17:32:42][INFO][Rank 0] - train Epoch 13/24: 39.2% (760/1940)
[2025-11-17 17:32:49][INFO][Rank 0] - train Epoch 13/24: 39.7% (770/1940)
[2025-11-17 17:32:56][INFO][Rank 0] - train Epoch 13/24: 40.2% (780/1940)
[2025-11-17 17:33:03][INFO][Rank 0] - train Epoch 13/24: 40.7% (790/1940)
[2025-11-17 17:33:10][INFO][Rank 0] - train Epoch 13/24: 41.2% (800/1940)
[2025-11-17 17:33:17][INFO][Rank 0] - train Epoch 13/24: 41.8% (810/1940)
[2025-11-17 17:33:18][INFO][Rank 0] - CUDA Memory [train][Step 810]: Device 0: Allocated: 3309.6 MB, Reserved: 117540.0 MB (Δ: +1687.0 MB)
[2025-11-17 17:33:24][INFO][Rank 0] - train Epoch 13/24: 42.3% (820/1940)
[2025-11-17 17:33:32][INFO][Rank 0] - train Epoch 13/24: 42.8% (830/1940)
[2025-11-17 17:33:39][INFO][Rank 0] - train Epoch 13/24: 43.3% (840/1940)
[2025-11-17 17:33:46][INFO][Rank 0] - train Epoch 13/24: 43.8% (850/1940)
[2025-11-17 17:33:53][INFO][Rank 0] - train Epoch 13/24: 44.3% (860/1940)
[2025-11-17 17:34:00][INFO][Rank 0] - train Epoch 13/24: 44.8% (870/1940)
[2025-11-17 17:34:07][INFO][Rank 0] - train Epoch 13/24: 45.4% (880/1940)
[2025-11-17 17:34:14][INFO][Rank 0] - train Epoch 13/24: 45.9% (890/1940)
[2025-11-17 17:34:21][INFO][Rank 0] - train Epoch 13/24: 46.4% (900/1940)
[2025-11-17 17:34:22][INFO][Rank 0] - CUDA Memory [train][Step 900]: Device 0: Allocated: 3309.6 MB, Reserved: 117540.0 MB (Δ: +1687.0 MB)
[2025-11-17 17:34:28][INFO][Rank 0] - train Epoch 13/24: 46.9% (910/1940)
[2025-11-17 17:34:35][INFO][Rank 0] - train Epoch 13/24: 47.4% (920/1940)
[2025-11-17 17:34:42][INFO][Rank 0] - train Epoch 13/24: 47.9% (930/1940)
[2025-11-17 17:34:49][INFO][Rank 0] - train Epoch 13/24: 48.5% (940/1940)
[2025-11-17 17:34:56][INFO][Rank 0] - train Epoch 13/24: 49.0% (950/1940)
[2025-11-17 17:35:03][INFO][Rank 0] - train Epoch 13/24: 49.5% (960/1940)
[2025-11-17 17:35:10][INFO][Rank 0] - train Epoch 13/24: 50.0% (970/1940)
[2025-11-17 17:35:17][INFO][Rank 0] - train Epoch 13/24: 50.5% (980/1940)
[2025-11-17 17:35:25][INFO][Rank 0] - train Epoch 13/24: 51.0% (990/1940)
[2025-11-17 17:35:25][INFO][Rank 0] - CUDA Memory [train][Step 990]: Device 0: Allocated: 3309.6 MB, Reserved: 117540.0 MB (Δ: +1687.0 MB)
[2025-11-17 17:35:32][INFO][Rank 0] - train Epoch 13/24: 51.5% (1000/1940)
[2025-11-17 17:35:39][INFO][Rank 0] - train Epoch 13/24: 52.1% (1010/1940)
[2025-11-17 17:35:46][INFO][Rank 0] - train Epoch 13/24: 52.6% (1020/1940)
[2025-11-17 17:35:53][INFO][Rank 0] - train Epoch 13/24: 53.1% (1030/1940)
[2025-11-17 17:36:00][INFO][Rank 0] - train Epoch 13/24: 53.6% (1040/1940)
[2025-11-17 17:36:07][INFO][Rank 0] - train Epoch 13/24: 54.1% (1050/1940)
[2025-11-17 17:36:14][INFO][Rank 0] - train Epoch 13/24: 54.6% (1060/1940)
[2025-11-17 17:36:21][INFO][Rank 0] - train Epoch 13/24: 55.2% (1070/1940)
[2025-11-17 17:36:28][INFO][Rank 0] - train Epoch 13/24: 55.7% (1080/1940)
[2025-11-17 17:36:29][INFO][Rank 0] - CUDA Memory [train][Step 1080]: Device 0: Allocated: 3309.6 MB, Reserved: 117540.0 MB (Δ: +1687.0 MB)
[2025-11-17 17:36:35][INFO][Rank 0] - train Epoch 13/24: 56.2% (1090/1940)
[2025-11-17 17:36:42][INFO][Rank 0] - train Epoch 13/24: 56.7% (1100/1940)
[2025-11-17 17:36:49][INFO][Rank 0] - train Epoch 13/24: 57.2% (1110/1940)
[2025-11-17 17:36:56][INFO][Rank 0] - train Epoch 13/24: 57.7% (1120/1940)
[2025-11-17 17:37:03][INFO][Rank 0] - train Epoch 13/24: 58.2% (1130/1940)
[2025-11-17 17:37:10][INFO][Rank 0] - train Epoch 13/24: 58.8% (1140/1940)
[2025-11-17 17:37:18][INFO][Rank 0] - train Epoch 13/24: 59.3% (1150/1940)
[2025-11-17 17:37:25][INFO][Rank 0] - train Epoch 13/24: 59.8% (1160/1940)
[2025-11-17 17:37:32][INFO][Rank 0] - train Epoch 13/24: 60.3% (1170/1940)
[2025-11-17 17:37:32][INFO][Rank 0] - CUDA Memory [train][Step 1170]: Device 0: Allocated: 3309.6 MB, Reserved: 117540.0 MB (Δ: +1687.0 MB)
[2025-11-17 17:37:39][INFO][Rank 0] - train Epoch 13/24: 60.8% (1180/1940)
[2025-11-17 17:37:46][INFO][Rank 0] - train Epoch 13/24: 61.3% (1190/1940)
[2025-11-17 17:37:53][INFO][Rank 0] - train Epoch 13/24: 61.9% (1200/1940)
[2025-11-17 17:38:00][INFO][Rank 0] - train Epoch 13/24: 62.4% (1210/1940)
[2025-11-17 17:38:07][INFO][Rank 0] - train Epoch 13/24: 62.9% (1220/1940)
[2025-11-17 17:38:14][INFO][Rank 0] - train Epoch 13/24: 63.4% (1230/1940)
[2025-11-17 17:38:21][INFO][Rank 0] - train Epoch 13/24: 63.9% (1240/1940)
[2025-11-17 17:38:28][INFO][Rank 0] - train Epoch 13/24: 64.4% (1250/1940)
[2025-11-17 17:38:35][INFO][Rank 0] - train Epoch 13/24: 64.9% (1260/1940)
[2025-11-17 17:38:36][INFO][Rank 0] - CUDA Memory [train][Step 1260]: Device 0: Allocated: 3309.6 MB, Reserved: 117540.0 MB (Δ: +1687.0 MB)
[2025-11-17 17:38:42][INFO][Rank 0] - train Epoch 13/24: 65.5% (1270/1940)
[2025-11-17 17:38:49][INFO][Rank 0] - train Epoch 13/24: 66.0% (1280/1940)
[2025-11-17 17:38:56][INFO][Rank 0] - train Epoch 13/24: 66.5% (1290/1940)
[2025-11-17 17:39:04][INFO][Rank 0] - train Epoch 13/24: 67.0% (1300/1940)
[2025-11-17 17:39:11][INFO][Rank 0] - train Epoch 13/24: 67.5% (1310/1940)
[2025-11-17 17:39:18][INFO][Rank 0] - train Epoch 13/24: 68.0% (1320/1940)
[2025-11-17 17:39:25][INFO][Rank 0] - train Epoch 13/24: 68.6% (1330/1940)
[2025-11-17 17:39:32][INFO][Rank 0] - train Epoch 13/24: 69.1% (1340/1940)
[2025-11-17 17:39:39][INFO][Rank 0] - train Epoch 13/24: 69.6% (1350/1940)
[2025-11-17 17:39:40][INFO][Rank 0] - CUDA Memory [train][Step 1350]: Device 0: Allocated: 3309.6 MB, Reserved: 117540.0 MB (Δ: +1687.0 MB)
[2025-11-17 17:39:46][INFO][Rank 0] - train Epoch 13/24: 70.1% (1360/1940)
[2025-11-17 17:39:53][INFO][Rank 0] - train Epoch 13/24: 70.6% (1370/1940)
[2025-11-17 17:40:00][INFO][Rank 0] - train Epoch 13/24: 71.1% (1380/1940)
[2025-11-17 17:40:07][INFO][Rank 0] - train Epoch 13/24: 71.6% (1390/1940)
[2025-11-17 17:40:14][INFO][Rank 0] - train Epoch 13/24: 72.2% (1400/1940)
[2025-11-17 17:40:21][INFO][Rank 0] - train Epoch 13/24: 72.7% (1410/1940)
[2025-11-17 17:40:28][INFO][Rank 0] - train Epoch 13/24: 73.2% (1420/1940)
[2025-11-17 17:40:35][INFO][Rank 0] - train Epoch 13/24: 73.7% (1430/1940)
[2025-11-17 17:40:42][INFO][Rank 0] - train Epoch 13/24: 74.2% (1440/1940)
[2025-11-17 17:40:43][INFO][Rank 0] - CUDA Memory [train][Step 1440]: Device 0: Allocated: 3309.6 MB, Reserved: 117540.0 MB (Δ: +1687.0 MB)
[2025-11-17 17:40:49][INFO][Rank 0] - train Epoch 13/24: 74.7% (1450/1940)
[2025-11-17 17:40:56][INFO][Rank 0] - train Epoch 13/24: 75.3% (1460/1940)
[2025-11-17 17:41:04][INFO][Rank 0] - train Epoch 13/24: 75.8% (1470/1940)
[2025-11-17 17:41:11][INFO][Rank 0] - train Epoch 13/24: 76.3% (1480/1940)
[2025-11-17 17:41:18][INFO][Rank 0] - train Epoch 13/24: 76.8% (1490/1940)
[2025-11-17 17:41:25][INFO][Rank 0] - train Epoch 13/24: 77.3% (1500/1940)
[2025-11-17 17:41:32][INFO][Rank 0] - train Epoch 13/24: 77.8% (1510/1940)
[2025-11-17 17:41:39][INFO][Rank 0] - train Epoch 13/24: 78.4% (1520/1940)
[2025-11-17 17:41:46][INFO][Rank 0] - train Epoch 13/24: 78.9% (1530/1940)
[2025-11-17 17:41:47][INFO][Rank 0] - CUDA Memory [train][Step 1530]: Device 0: Allocated: 3309.6 MB, Reserved: 117540.0 MB (Δ: +1687.0 MB)
[2025-11-17 17:41:53][INFO][Rank 0] - train Epoch 13/24: 79.4% (1540/1940)
[2025-11-17 17:42:00][INFO][Rank 0] - train Epoch 13/24: 79.9% (1550/1940)
[2025-11-17 17:42:07][INFO][Rank 0] - train Epoch 13/24: 80.4% (1560/1940)
[2025-11-17 17:42:14][INFO][Rank 0] - train Epoch 13/24: 80.9% (1570/1940)
[2025-11-17 17:42:21][INFO][Rank 0] - train Epoch 13/24: 81.4% (1580/1940)
[2025-11-17 17:42:28][INFO][Rank 0] - train Epoch 13/24: 82.0% (1590/1940)
[2025-11-17 17:42:35][INFO][Rank 0] - train Epoch 13/24: 82.5% (1600/1940)
[2025-11-17 17:42:42][INFO][Rank 0] - train Epoch 13/24: 83.0% (1610/1940)
[2025-11-17 17:42:49][INFO][Rank 0] - train Epoch 13/24: 83.5% (1620/1940)
[2025-11-17 17:42:50][INFO][Rank 0] - CUDA Memory [train][Step 1620]: Device 0: Allocated: 3309.6 MB, Reserved: 117540.0 MB (Δ: +1687.0 MB)
[2025-11-17 17:42:57][INFO][Rank 0] - train Epoch 13/24: 84.0% (1630/1940)
[2025-11-17 17:43:04][INFO][Rank 0] - train Epoch 13/24: 84.5% (1640/1940)
[2025-11-17 17:43:11][INFO][Rank 0] - train Epoch 13/24: 85.1% (1650/1940)
[2025-11-17 17:43:18][INFO][Rank 0] - train Epoch 13/24: 85.6% (1660/1940)
[2025-11-17 17:43:25][INFO][Rank 0] - train Epoch 13/24: 86.1% (1670/1940)
[2025-11-17 17:43:32][INFO][Rank 0] - train Epoch 13/24: 86.6% (1680/1940)
[2025-11-17 17:43:39][INFO][Rank 0] - train Epoch 13/24: 87.1% (1690/1940)
[2025-11-17 17:43:46][INFO][Rank 0] - train Epoch 13/24: 87.6% (1700/1940)
[2025-11-17 17:43:53][INFO][Rank 0] - train Epoch 13/24: 88.1% (1710/1940)
[2025-11-17 17:43:54][INFO][Rank 0] - CUDA Memory [train][Step 1710]: Device 0: Allocated: 3309.6 MB, Reserved: 117540.0 MB (Δ: +1687.0 MB)
[2025-11-17 17:44:00][INFO][Rank 0] - train Epoch 13/24: 88.7% (1720/1940)
[2025-11-17 17:44:07][INFO][Rank 0] - train Epoch 13/24: 89.2% (1730/1940)
[2025-11-17 17:44:14][INFO][Rank 0] - train Epoch 13/24: 89.7% (1740/1940)
[2025-11-17 17:44:21][INFO][Rank 0] - train Epoch 13/24: 90.2% (1750/1940)
[2025-11-17 17:44:28][INFO][Rank 0] - train Epoch 13/24: 90.7% (1760/1940)
[2025-11-17 17:44:35][INFO][Rank 0] - train Epoch 13/24: 91.2% (1770/1940)
[2025-11-17 17:44:43][INFO][Rank 0] - train Epoch 13/24: 91.8% (1780/1940)
[2025-11-17 17:44:50][INFO][Rank 0] - train Epoch 13/24: 92.3% (1790/1940)
[2025-11-17 17:44:57][INFO][Rank 0] - train Epoch 13/24: 92.8% (1800/1940)
[2025-11-17 17:44:57][INFO][Rank 0] - CUDA Memory [train][Step 1800]: Device 0: Allocated: 3309.6 MB, Reserved: 117540.0 MB (Δ: +1687.0 MB)
[2025-11-17 17:45:04][INFO][Rank 0] - train Epoch 13/24: 93.3% (1810/1940)
[2025-11-17 17:45:11][INFO][Rank 0] - train Epoch 13/24: 93.8% (1820/1940)
[2025-11-17 17:45:18][INFO][Rank 0] - train Epoch 13/24: 94.3% (1830/1940)
[2025-11-17 17:45:25][INFO][Rank 0] - train Epoch 13/24: 94.8% (1840/1940)
[2025-11-17 17:45:32][INFO][Rank 0] - train Epoch 13/24: 95.4% (1850/1940)
[2025-11-17 17:45:39][INFO][Rank 0] - train Epoch 13/24: 95.9% (1860/1940)
[2025-11-17 17:45:46][INFO][Rank 0] - train Epoch 13/24: 96.4% (1870/1940)
[2025-11-17 17:45:53][INFO][Rank 0] - train Epoch 13/24: 96.9% (1880/1940)
[2025-11-17 17:46:00][INFO][Rank 0] - train Epoch 13/24: 97.4% (1890/1940)
[2025-11-17 17:46:01][INFO][Rank 0] - CUDA Memory [train][Step 1890]: Device 0: Allocated: 3309.6 MB, Reserved: 117540.0 MB (Δ: +1687.0 MB)
[2025-11-17 17:46:07][INFO][Rank 0] - train Epoch 13/24: 97.9% (1900/1940)
[2025-11-17 17:46:14][INFO][Rank 0] - train Epoch 13/24: 98.5% (1910/1940)
[2025-11-17 17:46:21][INFO][Rank 0] - train Epoch 13/24: 99.0% (1920/1940)
[2025-11-17 17:46:28][INFO][Rank 0] - train Epoch 13/24: 99.5% (1930/1940)
[2025-11-17 17:46:35][INFO][Rank 0] - train Epoch 13/24: 99.9% (1939/1940)
[2025-11-17 17:46:36][INFO][Rank 0] - train Loss: 0.1625 Acc: 0.9712 F1: 0.9851
[2025-11-17 17:46:36][INFO][Rank 0] - train Balanced Acc: 0.8885 AUC-ROC: 0.9658
[2025-11-17 17:46:36][INFO][Rank 0] - train Sensitivity: 0.9759 Specificity: 0.8012
[2025-11-17 17:46:36][INFO][Rank 0] - train Confusion Matrix: TP=18431, FP=102, FN=456, TN=411
[2025-11-17 17:46:36][INFO][Rank 0] - train completed in 1370.70s
[2025-11-17 17:46:36][INFO][Rank 0] - Data loading time: 1.18s, Forward time: 278.86s, Backward time: 742.94s
[2025-11-17 17:46:36][INFO][Rank 0] - train cache: 0/1 items, hit rate: 0.00%
[2025-11-17 17:46:36][INFO][Rank 0] - CUDA Memory [val][Step 0]: Device 0: Allocated: 3309.6 MB, Reserved: 117540.0 MB (Δ: +1687.0 MB)
[2025-11-17 17:46:36][INFO][Rank 0] - val phase: total 407 batches
[2025-11-17 17:46:36][INFO][Rank 0] - val Epoch 13/24: 0.0% (0/407)
[2025-11-17 17:46:41][INFO][Rank 0] - val Epoch 13/24: 2.5% (10/407)
[2025-11-17 17:46:46][INFO][Rank 0] - val Epoch 13/24: 4.9% (20/407)
[2025-11-17 17:46:51][INFO][Rank 0] - val Epoch 13/24: 7.4% (30/407)
[2025-11-17 17:46:56][INFO][Rank 0] - val Epoch 13/24: 9.8% (40/407)
[2025-11-17 17:47:01][INFO][Rank 0] - val Epoch 13/24: 12.3% (50/407)
[2025-11-17 17:47:06][INFO][Rank 0] - val Epoch 13/24: 14.7% (60/407)
[2025-11-17 17:47:11][INFO][Rank 0] - val Epoch 13/24: 17.2% (70/407)
[2025-11-17 17:47:16][INFO][Rank 0] - val Epoch 13/24: 19.7% (80/407)
[2025-11-17 17:47:21][INFO][Rank 0] - val Epoch 13/24: 22.1% (90/407)
[2025-11-17 17:47:26][INFO][Rank 0] - val Epoch 13/24: 24.6% (100/407)
[2025-11-17 17:47:31][INFO][Rank 0] - val Epoch 13/24: 27.0% (110/407)
[2025-11-17 17:47:35][INFO][Rank 0] - val Epoch 13/24: 29.5% (120/407)
[2025-11-17 17:47:36][INFO][Rank 0] - CUDA Memory [val][Step 120]: Device 0: Allocated: 3309.6 MB, Reserved: 117540.0 MB (Δ: +1687.0 MB)
[2025-11-17 17:47:40][INFO][Rank 0] - val Epoch 13/24: 31.9% (130/407)
[2025-11-17 17:47:45][INFO][Rank 0] - val Epoch 13/24: 34.4% (140/407)
[2025-11-17 17:47:50][INFO][Rank 0] - val Epoch 13/24: 36.9% (150/407)
[2025-11-17 17:47:55][INFO][Rank 0] - val Epoch 13/24: 39.3% (160/407)
[2025-11-17 17:48:00][INFO][Rank 0] - val Epoch 13/24: 41.8% (170/407)
[2025-11-17 17:48:05][INFO][Rank 0] - val Epoch 13/24: 44.2% (180/407)
[2025-11-17 17:48:10][INFO][Rank 0] - val Epoch 13/24: 46.7% (190/407)
[2025-11-17 17:48:15][INFO][Rank 0] - val Epoch 13/24: 49.1% (200/407)
[2025-11-17 17:48:20][INFO][Rank 0] - val Epoch 13/24: 51.6% (210/407)
[2025-11-17 17:48:25][INFO][Rank 0] - val Epoch 13/24: 54.1% (220/407)
[2025-11-17 17:48:30][INFO][Rank 0] - val Epoch 13/24: 56.5% (230/407)
[2025-11-17 17:48:35][INFO][Rank 0] - val Epoch 13/24: 59.0% (240/407)
[2025-11-17 17:48:40][INFO][Rank 0] - val Epoch 13/24: 61.4% (250/407)
[2025-11-17 17:48:45][INFO][Rank 0] - val Epoch 13/24: 63.9% (260/407)
[2025-11-17 17:48:50][INFO][Rank 0] - val Epoch 13/24: 66.3% (270/407)
[2025-11-17 17:48:51][INFO][Rank 0] - CUDA Memory [val][Step 270]: Device 0: Allocated: 3309.6 MB, Reserved: 117540.0 MB (Δ: +1687.0 MB)
[2025-11-17 17:48:55][INFO][Rank 0] - val Epoch 13/24: 68.8% (280/407)
[2025-11-17 17:49:00][INFO][Rank 0] - val Epoch 13/24: 71.3% (290/407)
[2025-11-17 17:49:05][INFO][Rank 0] - val Epoch 13/24: 73.7% (300/407)
[2025-11-17 17:49:10][INFO][Rank 0] - val Epoch 13/24: 76.2% (310/407)
[2025-11-17 17:49:15][INFO][Rank 0] - val Epoch 13/24: 78.6% (320/407)
[2025-11-17 17:49:20][INFO][Rank 0] - val Epoch 13/24: 81.1% (330/407)
[2025-11-17 17:49:25][INFO][Rank 0] - val Epoch 13/24: 83.5% (340/407)
[2025-11-17 17:49:30][INFO][Rank 0] - val Epoch 13/24: 86.0% (350/407)
[2025-11-17 17:49:35][INFO][Rank 0] - val Epoch 13/24: 88.5% (360/407)
[2025-11-17 17:49:40][INFO][Rank 0] - val Epoch 13/24: 90.9% (370/407)
[2025-11-17 17:49:45][INFO][Rank 0] - val Epoch 13/24: 93.4% (380/407)
[2025-11-17 17:49:50][INFO][Rank 0] - val Epoch 13/24: 95.8% (390/407)
[2025-11-17 17:49:55][INFO][Rank 0] - val Epoch 13/24: 98.3% (400/407)
[2025-11-17 17:49:58][INFO][Rank 0] - val Epoch 13/24: 99.8% (406/407)
[2025-11-17 17:49:58][INFO][Rank 0] - val Loss: 0.1023 Acc: 0.9639 F1: 0.9812
[2025-11-17 17:49:58][INFO][Rank 0] - val Balanced Acc: 0.9474 AUC-ROC: 0.9842
[2025-11-17 17:49:58][INFO][Rank 0] - val Sensitivity: 0.9646 Specificity: 0.9302
[2025-11-17 17:49:58][INFO][Rank 0] - val Confusion Matrix: TP=3843, FP=6, FN=141, TN=80
[2025-11-17 17:49:58][INFO][Rank 0] - val completed in 202.94s
[2025-11-17 17:49:58][INFO][Rank 0] - val cache: 0/1 items, hit rate: 0.00%
[2025-11-17 17:50:03][INFO][Rank 0] - Saved new best balanced_acc model with balanced_acc: 0.9474 at /projects/retprogression/rgarridogarcia/checkpoints/cropped1024_cropped_centered_wt_allR_1/best_balanced_acc_model.pth
[2025-11-17 17:50:07][INFO][Rank 0] - Also saved as general best model at /projects/retprogression/rgarridogarcia/checkpoints/cropped1024_cropped_centered_wt_allR_1/best_model.pth
[2025-11-17 17:50:11][INFO][Rank 0] - Saved new best auc model with auc: 0.9842 at /projects/retprogression/rgarridogarcia/checkpoints/cropped1024_cropped_centered_wt_allR_1/best_auc_model.pth
[2025-11-17 17:50:15][INFO][Rank 0] - Saved epoch checkpoint at /projects/retprogression/rgarridogarcia/checkpoints/cropped1024_cropped_centered_wt_allR_1/epoch_13.pth
[2025-11-17 17:50:15][INFO][Rank 0] - Epoch 13 summary:
[2025-11-17 17:50:15][INFO][Rank 0] -  Train Loss: 0.1625, Train Acc: 0.9712, Train F1: 0.9851
[2025-11-17 17:50:15][INFO][Rank 0] -  Train Balanced Acc: 0.8885, Train AUC: 0.9658
[2025-11-17 17:50:15][INFO][Rank 0] -  Train Sensitivity: 0.9759, Train Specificity: 0.8012
[2025-11-17 17:50:15][INFO][Rank 0] -  Val Loss: 0.1023, Val Acc: 0.9639, Val F1: 0.9812
[2025-11-17 17:50:15][INFO][Rank 0] -  Val Balanced Acc: 0.9474, Val AUC: 0.9842
[2025-11-17 17:50:15][INFO][Rank 0] -  Val Sensitivity: 0.9646, Val Specificity: 0.9302
[2025-11-17 17:50:15][INFO][Rank 0] -  Total Epoch Time: 1589.71s
[2025-11-17 17:50:15][INFO][Rank 0] - Epoch 14/24
[2025-11-17 17:50:15][INFO][Rank 0] - ----------
[2025-11-17 17:50:15][INFO][Rank 0] - CUDA Memory [train][Step 0]: Device 0: Allocated: 3309.6 MB, Reserved: 117540.0 MB (Δ: +1687.0 MB)
[2025-11-17 17:50:15][INFO][Rank 0] - train phase: total 1940 batches
[2025-11-17 17:50:15][INFO][Rank 0] - train Epoch 14/24: 0.0% (0/1940)
[2025-11-17 17:50:22][INFO][Rank 0] - train Epoch 14/24: 0.5% (10/1940)
[2025-11-17 17:50:29][INFO][Rank 0] - train Epoch 14/24: 1.0% (20/1940)
[2025-11-17 17:50:36][INFO][Rank 0] - train Epoch 14/24: 1.5% (30/1940)
[2025-11-17 17:50:43][INFO][Rank 0] - train Epoch 14/24: 2.1% (40/1940)
[2025-11-17 17:50:50][INFO][Rank 0] - train Epoch 14/24: 2.6% (50/1940)
[2025-11-17 17:50:57][INFO][Rank 0] - train Epoch 14/24: 3.1% (60/1940)
[2025-11-17 17:51:04][INFO][Rank 0] - train Epoch 14/24: 3.6% (70/1940)
[2025-11-17 17:51:11][INFO][Rank 0] - train Epoch 14/24: 4.1% (80/1940)
[2025-11-17 17:51:19][INFO][Rank 0] - train Epoch 14/24: 4.6% (90/1940)
[2025-11-17 17:51:19][INFO][Rank 0] - CUDA Memory [train][Step 90]: Device 0: Allocated: 3309.6 MB, Reserved: 117540.0 MB (Δ: +1687.0 MB)
[2025-11-17 17:51:26][INFO][Rank 0] - train Epoch 14/24: 5.2% (100/1940)
[2025-11-17 17:51:33][INFO][Rank 0] - train Epoch 14/24: 5.7% (110/1940)
[2025-11-17 17:51:40][INFO][Rank 0] - train Epoch 14/24: 6.2% (120/1940)
[2025-11-17 17:51:47][INFO][Rank 0] - train Epoch 14/24: 6.7% (130/1940)
[2025-11-17 17:51:54][INFO][Rank 0] - train Epoch 14/24: 7.2% (140/1940)
[2025-11-17 17:52:01][INFO][Rank 0] - train Epoch 14/24: 7.7% (150/1940)
[2025-11-17 17:52:08][INFO][Rank 0] - train Epoch 14/24: 8.2% (160/1940)
[2025-11-17 17:52:15][INFO][Rank 0] - train Epoch 14/24: 8.8% (170/1940)
[2025-11-17 17:52:22][INFO][Rank 0] - train Epoch 14/24: 9.3% (180/1940)
[2025-11-17 17:52:23][INFO][Rank 0] - CUDA Memory [train][Step 180]: Device 0: Allocated: 3309.6 MB, Reserved: 117540.0 MB (Δ: +1687.0 MB)
[2025-11-17 17:52:29][INFO][Rank 0] - train Epoch 14/24: 9.8% (190/1940)
[2025-11-17 17:52:36][INFO][Rank 0] - train Epoch 14/24: 10.3% (200/1940)
[2025-11-17 17:52:43][INFO][Rank 0] - train Epoch 14/24: 10.8% (210/1940)
[2025-11-17 17:52:50][INFO][Rank 0] - train Epoch 14/24: 11.3% (220/1940)
[2025-11-17 17:52:57][INFO][Rank 0] - train Epoch 14/24: 11.9% (230/1940)
[2025-11-17 17:53:04][INFO][Rank 0] - train Epoch 14/24: 12.4% (240/1940)
[2025-11-17 17:53:12][INFO][Rank 0] - train Epoch 14/24: 12.9% (250/1940)
[2025-11-17 17:53:19][INFO][Rank 0] - train Epoch 14/24: 13.4% (260/1940)
[2025-11-17 17:53:26][INFO][Rank 0] - train Epoch 14/24: 13.9% (270/1940)
[2025-11-17 17:53:26][INFO][Rank 0] - CUDA Memory [train][Step 270]: Device 0: Allocated: 3309.6 MB, Reserved: 117540.0 MB (Δ: +1687.0 MB)
[2025-11-17 17:53:33][INFO][Rank 0] - train Epoch 14/24: 14.4% (280/1940)
[2025-11-17 17:53:40][INFO][Rank 0] - train Epoch 14/24: 14.9% (290/1940)
[2025-11-17 17:53:47][INFO][Rank 0] - train Epoch 14/24: 15.5% (300/1940)
[2025-11-17 17:53:54][INFO][Rank 0] - train Epoch 14/24: 16.0% (310/1940)
[2025-11-17 17:54:01][INFO][Rank 0] - train Epoch 14/24: 16.5% (320/1940)
[2025-11-17 17:54:08][INFO][Rank 0] - train Epoch 14/24: 17.0% (330/1940)
[2025-11-17 17:54:15][INFO][Rank 0] - train Epoch 14/24: 17.5% (340/1940)
[2025-11-17 17:54:22][INFO][Rank 0] - train Epoch 14/24: 18.0% (350/1940)
[2025-11-17 17:54:29][INFO][Rank 0] - train Epoch 14/24: 18.6% (360/1940)
[2025-11-17 17:54:30][INFO][Rank 0] - CUDA Memory [train][Step 360]: Device 0: Allocated: 3309.6 MB, Reserved: 117540.0 MB (Δ: +1687.0 MB)
[2025-11-17 17:54:36][INFO][Rank 0] - train Epoch 14/24: 19.1% (370/1940)
[2025-11-17 17:54:43][INFO][Rank 0] - train Epoch 14/24: 19.6% (380/1940)
[2025-11-17 17:54:50][INFO][Rank 0] - train Epoch 14/24: 20.1% (390/1940)
[2025-11-17 17:54:57][INFO][Rank 0] - train Epoch 14/24: 20.6% (400/1940)
[2025-11-17 17:55:05][INFO][Rank 0] - train Epoch 14/24: 21.1% (410/1940)
[2025-11-17 17:55:12][INFO][Rank 0] - train Epoch 14/24: 21.6% (420/1940)
[2025-11-17 17:55:19][INFO][Rank 0] - train Epoch 14/24: 22.2% (430/1940)
[2025-11-17 17:55:26][INFO][Rank 0] - train Epoch 14/24: 22.7% (440/1940)
[2025-11-17 17:55:33][INFO][Rank 0] - train Epoch 14/24: 23.2% (450/1940)
[2025-11-17 17:55:33][INFO][Rank 0] - CUDA Memory [train][Step 450]: Device 0: Allocated: 3309.6 MB, Reserved: 117540.0 MB (Δ: +1687.0 MB)
[2025-11-17 17:55:40][INFO][Rank 0] - train Epoch 14/24: 23.7% (460/1940)
[2025-11-17 17:55:47][INFO][Rank 0] - train Epoch 14/24: 24.2% (470/1940)
[2025-11-17 17:55:54][INFO][Rank 0] - train Epoch 14/24: 24.7% (480/1940)
[2025-11-17 17:56:01][INFO][Rank 0] - train Epoch 14/24: 25.3% (490/1940)
[2025-11-17 17:56:08][INFO][Rank 0] - train Epoch 14/24: 25.8% (500/1940)
[2025-11-17 17:56:15][INFO][Rank 0] - train Epoch 14/24: 26.3% (510/1940)
[2025-11-17 17:56:22][INFO][Rank 0] - train Epoch 14/24: 26.8% (520/1940)
[2025-11-17 17:56:29][INFO][Rank 0] - train Epoch 14/24: 27.3% (530/1940)
[2025-11-17 17:56:36][INFO][Rank 0] - train Epoch 14/24: 27.8% (540/1940)
[2025-11-17 17:56:37][INFO][Rank 0] - CUDA Memory [train][Step 540]: Device 0: Allocated: 3309.6 MB, Reserved: 117540.0 MB (Δ: +1687.0 MB)
[2025-11-17 17:56:43][INFO][Rank 0] - train Epoch 14/24: 28.4% (550/1940)
[2025-11-17 17:56:51][INFO][Rank 0] - train Epoch 14/24: 28.9% (560/1940)
[2025-11-17 17:56:58][INFO][Rank 0] - train Epoch 14/24: 29.4% (570/1940)
[2025-11-17 17:57:05][INFO][Rank 0] - train Epoch 14/24: 29.9% (580/1940)
[2025-11-17 17:57:12][INFO][Rank 0] - train Epoch 14/24: 30.4% (590/1940)
[2025-11-17 17:57:19][INFO][Rank 0] - train Epoch 14/24: 30.9% (600/1940)
[2025-11-17 17:57:26][INFO][Rank 0] - train Epoch 14/24: 31.4% (610/1940)
[2025-11-17 17:57:33][INFO][Rank 0] - train Epoch 14/24: 32.0% (620/1940)
[2025-11-17 17:57:40][INFO][Rank 0] - train Epoch 14/24: 32.5% (630/1940)
[2025-11-17 17:57:41][INFO][Rank 0] - CUDA Memory [train][Step 630]: Device 0: Allocated: 3309.6 MB, Reserved: 117540.0 MB (Δ: +1687.0 MB)
[2025-11-17 17:57:47][INFO][Rank 0] - train Epoch 14/24: 33.0% (640/1940)
[2025-11-17 17:57:54][INFO][Rank 0] - train Epoch 14/24: 33.5% (650/1940)
[2025-11-17 17:58:01][INFO][Rank 0] - train Epoch 14/24: 34.0% (660/1940)
[2025-11-17 17:58:08][INFO][Rank 0] - train Epoch 14/24: 34.5% (670/1940)
[2025-11-17 17:58:15][INFO][Rank 0] - train Epoch 14/24: 35.1% (680/1940)
[2025-11-17 17:58:22][INFO][Rank 0] - train Epoch 14/24: 35.6% (690/1940)
[2025-11-17 17:58:29][INFO][Rank 0] - train Epoch 14/24: 36.1% (700/1940)
[2025-11-17 17:58:36][INFO][Rank 0] - train Epoch 14/24: 36.6% (710/1940)
[2025-11-17 17:58:44][INFO][Rank 0] - train Epoch 14/24: 37.1% (720/1940)
[2025-11-17 17:58:44][INFO][Rank 0] - CUDA Memory [train][Step 720]: Device 0: Allocated: 3309.6 MB, Reserved: 117540.0 MB (Δ: +1687.0 MB)
[2025-11-17 17:58:51][INFO][Rank 0] - train Epoch 14/24: 37.6% (730/1940)
[2025-11-17 17:58:58][INFO][Rank 0] - train Epoch 14/24: 38.1% (740/1940)
[2025-11-17 17:59:05][INFO][Rank 0] - train Epoch 14/24: 38.7% (750/1940)
[2025-11-17 17:59:12][INFO][Rank 0] - train Epoch 14/24: 39.2% (760/1940)
[2025-11-17 17:59:19][INFO][Rank 0] - train Epoch 14/24: 39.7% (770/1940)
[2025-11-17 17:59:26][INFO][Rank 0] - train Epoch 14/24: 40.2% (780/1940)
[2025-11-17 17:59:33][INFO][Rank 0] - train Epoch 14/24: 40.7% (790/1940)
[2025-11-17 17:59:40][INFO][Rank 0] - train Epoch 14/24: 41.2% (800/1940)
[2025-11-17 17:59:47][INFO][Rank 0] - train Epoch 14/24: 41.8% (810/1940)
[2025-11-17 17:59:48][INFO][Rank 0] - CUDA Memory [train][Step 810]: Device 0: Allocated: 3309.6 MB, Reserved: 117540.0 MB (Δ: +1687.0 MB)
[2025-11-17 17:59:54][INFO][Rank 0] - train Epoch 14/24: 42.3% (820/1940)
[2025-11-17 18:00:01][INFO][Rank 0] - train Epoch 14/24: 42.8% (830/1940)
[2025-11-17 18:00:08][INFO][Rank 0] - train Epoch 14/24: 43.3% (840/1940)
[2025-11-17 18:00:15][INFO][Rank 0] - train Epoch 14/24: 43.8% (850/1940)
[2025-11-17 18:00:22][INFO][Rank 0] - train Epoch 14/24: 44.3% (860/1940)
[2025-11-17 18:00:29][INFO][Rank 0] - train Epoch 14/24: 44.8% (870/1940)
[2025-11-17 18:00:37][INFO][Rank 0] - train Epoch 14/24: 45.4% (880/1940)
[2025-11-17 18:00:44][INFO][Rank 0] - train Epoch 14/24: 45.9% (890/1940)
[2025-11-17 18:00:51][INFO][Rank 0] - train Epoch 14/24: 46.4% (900/1940)
[2025-11-17 18:00:51][INFO][Rank 0] - CUDA Memory [train][Step 900]: Device 0: Allocated: 3309.6 MB, Reserved: 117540.0 MB (Δ: +1687.0 MB)
[2025-11-17 18:00:58][INFO][Rank 0] - train Epoch 14/24: 46.9% (910/1940)
[2025-11-17 18:01:05][INFO][Rank 0] - train Epoch 14/24: 47.4% (920/1940)
[2025-11-17 18:01:12][INFO][Rank 0] - train Epoch 14/24: 47.9% (930/1940)
[2025-11-17 18:01:19][INFO][Rank 0] - train Epoch 14/24: 48.5% (940/1940)
[2025-11-17 18:01:26][INFO][Rank 0] - train Epoch 14/24: 49.0% (950/1940)
[2025-11-17 18:01:33][INFO][Rank 0] - train Epoch 14/24: 49.5% (960/1940)
[2025-11-17 18:01:40][INFO][Rank 0] - train Epoch 14/24: 50.0% (970/1940)
[2025-11-17 18:01:47][INFO][Rank 0] - train Epoch 14/24: 50.5% (980/1940)
[2025-11-17 18:01:54][INFO][Rank 0] - train Epoch 14/24: 51.0% (990/1940)
[2025-11-17 18:01:55][INFO][Rank 0] - CUDA Memory [train][Step 990]: Device 0: Allocated: 3309.6 MB, Reserved: 117540.0 MB (Δ: +1687.0 MB)
[2025-11-17 18:02:01][INFO][Rank 0] - train Epoch 14/24: 51.5% (1000/1940)
[2025-11-17 18:02:08][INFO][Rank 0] - train Epoch 14/24: 52.1% (1010/1940)
[2025-11-17 18:02:15][INFO][Rank 0] - train Epoch 14/24: 52.6% (1020/1940)
[2025-11-17 18:02:22][INFO][Rank 0] - train Epoch 14/24: 53.1% (1030/1940)
[2025-11-17 18:02:30][INFO][Rank 0] - train Epoch 14/24: 53.6% (1040/1940)
[2025-11-17 18:02:37][INFO][Rank 0] - train Epoch 14/24: 54.1% (1050/1940)
[2025-11-17 18:02:44][INFO][Rank 0] - train Epoch 14/24: 54.6% (1060/1940)
[2025-11-17 18:02:51][INFO][Rank 0] - train Epoch 14/24: 55.2% (1070/1940)
[2025-11-17 18:02:58][INFO][Rank 0] - train Epoch 14/24: 55.7% (1080/1940)
[2025-11-17 18:02:58][INFO][Rank 0] - CUDA Memory [train][Step 1080]: Device 0: Allocated: 3309.6 MB, Reserved: 117540.0 MB (Δ: +1687.0 MB)
[2025-11-17 18:03:05][INFO][Rank 0] - train Epoch 14/24: 56.2% (1090/1940)
[2025-11-17 18:03:12][INFO][Rank 0] - train Epoch 14/24: 56.7% (1100/1940)
[2025-11-17 18:03:19][INFO][Rank 0] - train Epoch 14/24: 57.2% (1110/1940)
[2025-11-17 18:03:26][INFO][Rank 0] - train Epoch 14/24: 57.7% (1120/1940)
[2025-11-17 18:03:33][INFO][Rank 0] - train Epoch 14/24: 58.2% (1130/1940)
[2025-11-17 18:03:40][INFO][Rank 0] - train Epoch 14/24: 58.8% (1140/1940)
[2025-11-17 18:03:47][INFO][Rank 0] - train Epoch 14/24: 59.3% (1150/1940)
[2025-11-17 18:03:54][INFO][Rank 0] - train Epoch 14/24: 59.8% (1160/1940)
[2025-11-17 18:04:01][INFO][Rank 0] - train Epoch 14/24: 60.3% (1170/1940)
[2025-11-17 18:04:02][INFO][Rank 0] - CUDA Memory [train][Step 1170]: Device 0: Allocated: 3309.6 MB, Reserved: 117540.0 MB (Δ: +1687.0 MB)
[2025-11-17 18:04:08][INFO][Rank 0] - train Epoch 14/24: 60.8% (1180/1940)
[2025-11-17 18:04:15][INFO][Rank 0] - train Epoch 14/24: 61.3% (1190/1940)
[2025-11-17 18:04:23][INFO][Rank 0] - train Epoch 14/24: 61.9% (1200/1940)
[2025-11-17 18:04:30][INFO][Rank 0] - train Epoch 14/24: 62.4% (1210/1940)
[2025-11-17 18:04:37][INFO][Rank 0] - train Epoch 14/24: 62.9% (1220/1940)
[2025-11-17 18:04:44][INFO][Rank 0] - train Epoch 14/24: 63.4% (1230/1940)
[2025-11-17 18:04:51][INFO][Rank 0] - train Epoch 14/24: 63.9% (1240/1940)
[2025-11-17 18:04:58][INFO][Rank 0] - train Epoch 14/24: 64.4% (1250/1940)
[2025-11-17 18:05:05][INFO][Rank 0] - train Epoch 14/24: 64.9% (1260/1940)
[2025-11-17 18:05:06][INFO][Rank 0] - CUDA Memory [train][Step 1260]: Device 0: Allocated: 3309.6 MB, Reserved: 117540.0 MB (Δ: +1687.0 MB)
[2025-11-17 18:05:12][INFO][Rank 0] - train Epoch 14/24: 65.5% (1270/1940)
[2025-11-17 18:05:19][INFO][Rank 0] - train Epoch 14/24: 66.0% (1280/1940)
[2025-11-17 18:05:26][INFO][Rank 0] - train Epoch 14/24: 66.5% (1290/1940)
[2025-11-17 18:05:33][INFO][Rank 0] - train Epoch 14/24: 67.0% (1300/1940)
[2025-11-17 18:05:40][INFO][Rank 0] - train Epoch 14/24: 67.5% (1310/1940)
[2025-11-17 18:05:47][INFO][Rank 0] - train Epoch 14/24: 68.0% (1320/1940)
[2025-11-17 18:05:54][INFO][Rank 0] - train Epoch 14/24: 68.6% (1330/1940)
[2025-11-17 18:06:01][INFO][Rank 0] - train Epoch 14/24: 69.1% (1340/1940)
[2025-11-17 18:06:08][INFO][Rank 0] - train Epoch 14/24: 69.6% (1350/1940)
[2025-11-17 18:06:09][INFO][Rank 0] - CUDA Memory [train][Step 1350]: Device 0: Allocated: 3309.6 MB, Reserved: 117540.0 MB (Δ: +1687.0 MB)
[2025-11-17 18:06:16][INFO][Rank 0] - train Epoch 14/24: 70.1% (1360/1940)
[2025-11-17 18:06:23][INFO][Rank 0] - train Epoch 14/24: 70.6% (1370/1940)
[2025-11-17 18:06:30][INFO][Rank 0] - train Epoch 14/24: 71.1% (1380/1940)
[2025-11-17 18:06:37][INFO][Rank 0] - train Epoch 14/24: 71.6% (1390/1940)
[2025-11-17 18:06:44][INFO][Rank 0] - train Epoch 14/24: 72.2% (1400/1940)
[2025-11-17 18:06:51][INFO][Rank 0] - train Epoch 14/24: 72.7% (1410/1940)
[2025-11-17 18:06:58][INFO][Rank 0] - train Epoch 14/24: 73.2% (1420/1940)
[2025-11-17 18:07:05][INFO][Rank 0] - train Epoch 14/24: 73.7% (1430/1940)
[2025-11-17 18:07:12][INFO][Rank 0] - train Epoch 14/24: 74.2% (1440/1940)
[2025-11-17 18:07:13][INFO][Rank 0] - CUDA Memory [train][Step 1440]: Device 0: Allocated: 3309.6 MB, Reserved: 117540.0 MB (Δ: +1687.0 MB)
[2025-11-17 18:07:19][INFO][Rank 0] - train Epoch 14/24: 74.7% (1450/1940)
[2025-11-17 18:07:26][INFO][Rank 0] - train Epoch 14/24: 75.3% (1460/1940)
[2025-11-17 18:07:33][INFO][Rank 0] - train Epoch 14/24: 75.8% (1470/1940)
[2025-11-17 18:07:40][INFO][Rank 0] - train Epoch 14/24: 76.3% (1480/1940)
[2025-11-17 18:07:47][INFO][Rank 0] - train Epoch 14/24: 76.8% (1490/1940)
[2025-11-17 18:07:54][INFO][Rank 0] - train Epoch 14/24: 77.3% (1500/1940)
[2025-11-17 18:08:01][INFO][Rank 0] - train Epoch 14/24: 77.8% (1510/1940)
[2025-11-17 18:08:09][INFO][Rank 0] - train Epoch 14/24: 78.4% (1520/1940)
[2025-11-17 18:08:16][INFO][Rank 0] - train Epoch 14/24: 78.9% (1530/1940)
[2025-11-17 18:08:16][INFO][Rank 0] - CUDA Memory [train][Step 1530]: Device 0: Allocated: 3309.6 MB, Reserved: 117540.0 MB (Δ: +1687.0 MB)
[2025-11-17 18:08:23][INFO][Rank 0] - train Epoch 14/24: 79.4% (1540/1940)
[2025-11-17 18:08:30][INFO][Rank 0] - train Epoch 14/24: 79.9% (1550/1940)
[2025-11-17 18:08:37][INFO][Rank 0] - train Epoch 14/24: 80.4% (1560/1940)
[2025-11-17 18:08:44][INFO][Rank 0] - train Epoch 14/24: 80.9% (1570/1940)
[2025-11-17 18:08:51][INFO][Rank 0] - train Epoch 14/24: 81.4% (1580/1940)
[2025-11-17 18:08:58][INFO][Rank 0] - train Epoch 14/24: 82.0% (1590/1940)
[2025-11-17 18:09:05][INFO][Rank 0] - train Epoch 14/24: 82.5% (1600/1940)
[2025-11-17 18:09:12][INFO][Rank 0] - train Epoch 14/24: 83.0% (1610/1940)
[2025-11-17 18:09:19][INFO][Rank 0] - train Epoch 14/24: 83.5% (1620/1940)
[2025-11-17 18:09:20][INFO][Rank 0] - CUDA Memory [train][Step 1620]: Device 0: Allocated: 3309.6 MB, Reserved: 117540.0 MB (Δ: +1687.0 MB)
[2025-11-17 18:09:26][INFO][Rank 0] - train Epoch 14/24: 84.0% (1630/1940)
[2025-11-17 18:09:33][INFO][Rank 0] - train Epoch 14/24: 84.5% (1640/1940)
[2025-11-17 18:09:40][INFO][Rank 0] - train Epoch 14/24: 85.1% (1650/1940)
[2025-11-17 18:09:47][INFO][Rank 0] - train Epoch 14/24: 85.6% (1660/1940)
[2025-11-17 18:09:55][INFO][Rank 0] - train Epoch 14/24: 86.1% (1670/1940)
[2025-11-17 18:10:02][INFO][Rank 0] - train Epoch 14/24: 86.6% (1680/1940)
[2025-11-17 18:10:09][INFO][Rank 0] - train Epoch 14/24: 87.1% (1690/1940)
[2025-11-17 18:10:16][INFO][Rank 0] - train Epoch 14/24: 87.6% (1700/1940)
[2025-11-17 18:10:23][INFO][Rank 0] - train Epoch 14/24: 88.1% (1710/1940)
[2025-11-17 18:10:23][INFO][Rank 0] - CUDA Memory [train][Step 1710]: Device 0: Allocated: 3309.6 MB, Reserved: 117540.0 MB (Δ: +1687.0 MB)
[2025-11-17 18:10:30][INFO][Rank 0] - train Epoch 14/24: 88.7% (1720/1940)
[2025-11-17 18:10:37][INFO][Rank 0] - train Epoch 14/24: 89.2% (1730/1940)
[2025-11-17 18:10:44][INFO][Rank 0] - train Epoch 14/24: 89.7% (1740/1940)
[2025-11-17 18:10:51][INFO][Rank 0] - train Epoch 14/24: 90.2% (1750/1940)
[2025-11-17 18:10:58][INFO][Rank 0] - train Epoch 14/24: 90.7% (1760/1940)
[2025-11-17 18:11:05][INFO][Rank 0] - train Epoch 14/24: 91.2% (1770/1940)
[2025-11-17 18:11:12][INFO][Rank 0] - train Epoch 14/24: 91.8% (1780/1940)
[2025-11-17 18:11:19][INFO][Rank 0] - train Epoch 14/24: 92.3% (1790/1940)
[2025-11-17 18:11:26][INFO][Rank 0] - train Epoch 14/24: 92.8% (1800/1940)
[2025-11-17 18:11:27][INFO][Rank 0] - CUDA Memory [train][Step 1800]: Device 0: Allocated: 3309.6 MB, Reserved: 117540.0 MB (Δ: +1687.0 MB)
[2025-11-17 18:11:33][INFO][Rank 0] - train Epoch 14/24: 93.3% (1810/1940)
[2025-11-17 18:11:40][INFO][Rank 0] - train Epoch 14/24: 93.8% (1820/1940)
[2025-11-17 18:11:48][INFO][Rank 0] - train Epoch 14/24: 94.3% (1830/1940)
[2025-11-17 18:11:55][INFO][Rank 0] - train Epoch 14/24: 94.8% (1840/1940)
[2025-11-17 18:12:02][INFO][Rank 0] - train Epoch 14/24: 95.4% (1850/1940)
[2025-11-17 18:12:09][INFO][Rank 0] - train Epoch 14/24: 95.9% (1860/1940)
[2025-11-17 18:12:16][INFO][Rank 0] - train Epoch 14/24: 96.4% (1870/1940)
[2025-11-17 18:12:23][INFO][Rank 0] - train Epoch 14/24: 96.9% (1880/1940)
[2025-11-17 18:12:30][INFO][Rank 0] - train Epoch 14/24: 97.4% (1890/1940)
[2025-11-17 18:12:31][INFO][Rank 0] - CUDA Memory [train][Step 1890]: Device 0: Allocated: 3309.6 MB, Reserved: 117540.0 MB (Δ: +1687.0 MB)
[2025-11-17 18:12:37][INFO][Rank 0] - train Epoch 14/24: 97.9% (1900/1940)
[2025-11-17 18:12:44][INFO][Rank 0] - train Epoch 14/24: 98.5% (1910/1940)
[2025-11-17 18:12:51][INFO][Rank 0] - train Epoch 14/24: 99.0% (1920/1940)
[2025-11-17 18:12:58][INFO][Rank 0] - train Epoch 14/24: 99.5% (1930/1940)
[2025-11-17 18:13:05][INFO][Rank 0] - train Epoch 14/24: 99.9% (1939/1940)
[2025-11-17 18:13:05][INFO][Rank 0] - train Loss: 0.1555 Acc: 0.9708 F1: 0.9849
[2025-11-17 18:13:05][INFO][Rank 0] - train Balanced Acc: 0.8959 AUC-ROC: 0.9690
[2025-11-17 18:13:05][INFO][Rank 0] - train Sensitivity: 0.9750 Specificity: 0.8168
[2025-11-17 18:13:05][INFO][Rank 0] - train Confusion Matrix: TP=18415, FP=94, FN=472, TN=419
[2025-11-17 18:13:05][INFO][Rank 0] - train completed in 1370.69s
[2025-11-17 18:13:05][INFO][Rank 0] - Data loading time: 1.12s, Forward time: 278.86s, Backward time: 743.09s
[2025-11-17 18:13:05][INFO][Rank 0] - train cache: 0/1 items, hit rate: 0.00%
[2025-11-17 18:13:05][INFO][Rank 0] - CUDA Memory [val][Step 0]: Device 0: Allocated: 3309.6 MB, Reserved: 117540.0 MB (Δ: +1687.0 MB)
[2025-11-17 18:13:05][INFO][Rank 0] - val phase: total 407 batches
[2025-11-17 18:13:05][INFO][Rank 0] - val Epoch 14/24: 0.0% (0/407)
[2025-11-17 18:13:10][INFO][Rank 0] - val Epoch 14/24: 2.5% (10/407)
[2025-11-17 18:13:15][INFO][Rank 0] - val Epoch 14/24: 4.9% (20/407)
[2025-11-17 18:13:20][INFO][Rank 0] - val Epoch 14/24: 7.4% (30/407)
[2025-11-17 18:13:25][INFO][Rank 0] - val Epoch 14/24: 9.8% (40/407)
[2025-11-17 18:13:30][INFO][Rank 0] - val Epoch 14/24: 12.3% (50/407)
[2025-11-17 18:13:35][INFO][Rank 0] - val Epoch 14/24: 14.7% (60/407)
[2025-11-17 18:13:40][INFO][Rank 0] - val Epoch 14/24: 17.2% (70/407)
[2025-11-17 18:13:45][INFO][Rank 0] - val Epoch 14/24: 19.7% (80/407)
[2025-11-17 18:13:50][INFO][Rank 0] - val Epoch 14/24: 22.1% (90/407)
[2025-11-17 18:13:55][INFO][Rank 0] - val Epoch 14/24: 24.6% (100/407)
[2025-11-17 18:14:00][INFO][Rank 0] - val Epoch 14/24: 27.0% (110/407)
[2025-11-17 18:14:05][INFO][Rank 0] - val Epoch 14/24: 29.5% (120/407)
[2025-11-17 18:14:06][INFO][Rank 0] - CUDA Memory [val][Step 120]: Device 0: Allocated: 3309.6 MB, Reserved: 117540.0 MB (Δ: +1687.0 MB)
[2025-11-17 18:14:10][INFO][Rank 0] - val Epoch 14/24: 31.9% (130/407)
[2025-11-17 18:14:15][INFO][Rank 0] - val Epoch 14/24: 34.4% (140/407)
[2025-11-17 18:14:20][INFO][Rank 0] - val Epoch 14/24: 36.9% (150/407)
[2025-11-17 18:14:25][INFO][Rank 0] - val Epoch 14/24: 39.3% (160/407)
[2025-11-17 18:14:30][INFO][Rank 0] - val Epoch 14/24: 41.8% (170/407)
[2025-11-17 18:14:35][INFO][Rank 0] - val Epoch 14/24: 44.2% (180/407)
[2025-11-17 18:14:40][INFO][Rank 0] - val Epoch 14/24: 46.7% (190/407)
[2025-11-17 18:14:45][INFO][Rank 0] - val Epoch 14/24: 49.1% (200/407)
[2025-11-17 18:14:50][INFO][Rank 0] - val Epoch 14/24: 51.6% (210/407)
[2025-11-17 18:14:55][INFO][Rank 0] - val Epoch 14/24: 54.1% (220/407)
[2025-11-17 18:15:00][INFO][Rank 0] - val Epoch 14/24: 56.5% (230/407)
[2025-11-17 18:15:05][INFO][Rank 0] - val Epoch 14/24: 59.0% (240/407)
[2025-11-17 18:15:10][INFO][Rank 0] - val Epoch 14/24: 61.4% (250/407)
[2025-11-17 18:15:15][INFO][Rank 0] - val Epoch 14/24: 63.9% (260/407)
[2025-11-17 18:15:20][INFO][Rank 0] - val Epoch 14/24: 66.3% (270/407)
[2025-11-17 18:15:20][INFO][Rank 0] - CUDA Memory [val][Step 270]: Device 0: Allocated: 3309.6 MB, Reserved: 117540.0 MB (Δ: +1687.0 MB)
[2025-11-17 18:15:25][INFO][Rank 0] - val Epoch 14/24: 68.8% (280/407)
[2025-11-17 18:15:30][INFO][Rank 0] - val Epoch 14/24: 71.3% (290/407)
[2025-11-17 18:15:35][INFO][Rank 0] - val Epoch 14/24: 73.7% (300/407)
[2025-11-17 18:15:40][INFO][Rank 0] - val Epoch 14/24: 76.2% (310/407)
[2025-11-17 18:15:45][INFO][Rank 0] - val Epoch 14/24: 78.6% (320/407)
[2025-11-17 18:15:50][INFO][Rank 0] - val Epoch 14/24: 81.1% (330/407)
[2025-11-17 18:15:55][INFO][Rank 0] - val Epoch 14/24: 83.5% (340/407)
[2025-11-17 18:16:00][INFO][Rank 0] - val Epoch 14/24: 86.0% (350/407)
[2025-11-17 18:16:05][INFO][Rank 0] - val Epoch 14/24: 88.5% (360/407)
[2025-11-17 18:16:10][INFO][Rank 0] - val Epoch 14/24: 90.9% (370/407)
[2025-11-17 18:16:14][INFO][Rank 0] - val Epoch 14/24: 93.4% (380/407)
[2025-11-17 18:16:19][INFO][Rank 0] - val Epoch 14/24: 95.8% (390/407)
[2025-11-17 18:16:24][INFO][Rank 0] - val Epoch 14/24: 98.3% (400/407)
[2025-11-17 18:16:27][INFO][Rank 0] - val Epoch 14/24: 99.8% (406/407)
[2025-11-17 18:16:28][INFO][Rank 0] - val Loss: 0.0914 Acc: 0.9695 F1: 0.9842
[2025-11-17 18:16:28][INFO][Rank 0] - val Balanced Acc: 0.9446 AUC-ROC: 0.9843
[2025-11-17 18:16:28][INFO][Rank 0] - val Sensitivity: 0.9706 Specificity: 0.9186
[2025-11-17 18:16:28][INFO][Rank 0] - val Confusion Matrix: TP=3867, FP=7, FN=117, TN=79
[2025-11-17 18:16:28][INFO][Rank 0] - val completed in 202.69s
[2025-11-17 18:16:28][INFO][Rank 0] - val cache: 0/1 items, hit rate: 0.00%
[2025-11-17 18:16:32][INFO][Rank 0] - Saved new best auc model with auc: 0.9843 at /projects/retprogression/rgarridogarcia/checkpoints/cropped1024_cropped_centered_wt_allR_1/best_auc_model.pth
[2025-11-17 18:16:36][INFO][Rank 0] - Saved epoch checkpoint at /projects/retprogression/rgarridogarcia/checkpoints/cropped1024_cropped_centered_wt_allR_1/epoch_14.pth
[2025-11-17 18:16:36][INFO][Rank 0] - Epoch 14 summary:
[2025-11-17 18:16:36][INFO][Rank 0] -  Train Loss: 0.1555, Train Acc: 0.9708, Train F1: 0.9849
[2025-11-17 18:16:36][INFO][Rank 0] -  Train Balanced Acc: 0.8959, Train AUC: 0.9690
[2025-11-17 18:16:36][INFO][Rank 0] -  Train Sensitivity: 0.9750, Train Specificity: 0.8168
[2025-11-17 18:16:36][INFO][Rank 0] -  Val Loss: 0.0914, Val Acc: 0.9695, Val F1: 0.9842
[2025-11-17 18:16:36][INFO][Rank 0] -  Val Balanced Acc: 0.9446, Val AUC: 0.9843
[2025-11-17 18:16:36][INFO][Rank 0] -  Val Sensitivity: 0.9706, Val Specificity: 0.9186
[2025-11-17 18:16:36][INFO][Rank 0] -  Total Epoch Time: 1581.10s
[2025-11-17 18:16:36][INFO][Rank 0] - Epoch 15/24
[2025-11-17 18:16:36][INFO][Rank 0] - ----------
[2025-11-17 18:16:36][INFO][Rank 0] - CUDA Memory [train][Step 0]: Device 0: Allocated: 3309.6 MB, Reserved: 117540.0 MB (Δ: +1687.0 MB)
[2025-11-17 18:16:36][INFO][Rank 0] - train phase: total 1940 batches
[2025-11-17 18:16:36][INFO][Rank 0] - train Epoch 15/24: 0.0% (0/1940)
[2025-11-17 18:16:43][INFO][Rank 0] - train Epoch 15/24: 0.5% (10/1940)
[2025-11-17 18:16:50][INFO][Rank 0] - train Epoch 15/24: 1.0% (20/1940)
[2025-11-17 18:16:57][INFO][Rank 0] - train Epoch 15/24: 1.5% (30/1940)
[2025-11-17 18:17:04][INFO][Rank 0] - train Epoch 15/24: 2.1% (40/1940)
[2025-11-17 18:17:11][INFO][Rank 0] - train Epoch 15/24: 2.6% (50/1940)
[2025-11-17 18:17:18][INFO][Rank 0] - train Epoch 15/24: 3.1% (60/1940)
[2025-11-17 18:17:25][INFO][Rank 0] - train Epoch 15/24: 3.6% (70/1940)
[2025-11-17 18:17:32][INFO][Rank 0] - train Epoch 15/24: 4.1% (80/1940)
[2025-11-17 18:17:39][INFO][Rank 0] - train Epoch 15/24: 4.6% (90/1940)
[2025-11-17 18:17:40][INFO][Rank 0] - CUDA Memory [train][Step 90]: Device 0: Allocated: 3309.6 MB, Reserved: 117540.0 MB (Δ: +1687.0 MB)
[2025-11-17 18:17:47][INFO][Rank 0] - train Epoch 15/24: 5.2% (100/1940)
[2025-11-17 18:17:54][INFO][Rank 0] - train Epoch 15/24: 5.7% (110/1940)
[2025-11-17 18:18:01][INFO][Rank 0] - train Epoch 15/24: 6.2% (120/1940)
[2025-11-17 18:18:08][INFO][Rank 0] - train Epoch 15/24: 6.7% (130/1940)
[2025-11-17 18:18:15][INFO][Rank 0] - train Epoch 15/24: 7.2% (140/1940)
[2025-11-17 18:18:22][INFO][Rank 0] - train Epoch 15/24: 7.7% (150/1940)
[2025-11-17 18:18:29][INFO][Rank 0] - train Epoch 15/24: 8.2% (160/1940)
[2025-11-17 18:18:36][INFO][Rank 0] - train Epoch 15/24: 8.8% (170/1940)
[2025-11-17 18:18:43][INFO][Rank 0] - train Epoch 15/24: 9.3% (180/1940)
[2025-11-17 18:18:44][INFO][Rank 0] - CUDA Memory [train][Step 180]: Device 0: Allocated: 3309.6 MB, Reserved: 117540.0 MB (Δ: +1687.0 MB)
[2025-11-17 18:18:50][INFO][Rank 0] - train Epoch 15/24: 9.8% (190/1940)
[2025-11-17 18:18:57][INFO][Rank 0] - train Epoch 15/24: 10.3% (200/1940)
[2025-11-17 18:19:04][INFO][Rank 0] - train Epoch 15/24: 10.8% (210/1940)
[2025-11-17 18:19:11][INFO][Rank 0] - train Epoch 15/24: 11.3% (220/1940)
[2025-11-17 18:19:18][INFO][Rank 0] - train Epoch 15/24: 11.9% (230/1940)
[2025-11-17 18:19:25][INFO][Rank 0] - train Epoch 15/24: 12.4% (240/1940)
[2025-11-17 18:19:32][INFO][Rank 0] - train Epoch 15/24: 12.9% (250/1940)
[2025-11-17 18:19:40][INFO][Rank 0] - train Epoch 15/24: 13.4% (260/1940)
[2025-11-17 18:19:47][INFO][Rank 0] - train Epoch 15/24: 13.9% (270/1940)
[2025-11-17 18:19:47][INFO][Rank 0] - CUDA Memory [train][Step 270]: Device 0: Allocated: 3309.6 MB, Reserved: 117540.0 MB (Δ: +1687.0 MB)
[2025-11-17 18:19:54][INFO][Rank 0] - train Epoch 15/24: 14.4% (280/1940)
[2025-11-17 18:20:01][INFO][Rank 0] - train Epoch 15/24: 14.9% (290/1940)
[2025-11-17 18:20:08][INFO][Rank 0] - train Epoch 15/24: 15.5% (300/1940)
[2025-11-17 18:20:15][INFO][Rank 0] - train Epoch 15/24: 16.0% (310/1940)
[2025-11-17 18:20:22][INFO][Rank 0] - train Epoch 15/24: 16.5% (320/1940)
[2025-11-17 18:20:29][INFO][Rank 0] - train Epoch 15/24: 17.0% (330/1940)
[2025-11-17 18:20:36][INFO][Rank 0] - train Epoch 15/24: 17.5% (340/1940)
[2025-11-17 18:20:43][INFO][Rank 0] - train Epoch 15/24: 18.0% (350/1940)
[2025-11-17 18:20:50][INFO][Rank 0] - train Epoch 15/24: 18.6% (360/1940)
[2025-11-17 18:20:51][INFO][Rank 0] - CUDA Memory [train][Step 360]: Device 0: Allocated: 3309.6 MB, Reserved: 117540.0 MB (Δ: +1687.0 MB)
[2025-11-17 18:20:57][INFO][Rank 0] - train Epoch 15/24: 19.1% (370/1940)
[2025-11-17 18:21:04][INFO][Rank 0] - train Epoch 15/24: 19.6% (380/1940)
[2025-11-17 18:21:11][INFO][Rank 0] - train Epoch 15/24: 20.1% (390/1940)
[2025-11-17 18:21:18][INFO][Rank 0] - train Epoch 15/24: 20.6% (400/1940)
[2025-11-17 18:21:25][INFO][Rank 0] - train Epoch 15/24: 21.1% (410/1940)
[2025-11-17 18:21:33][INFO][Rank 0] - train Epoch 15/24: 21.6% (420/1940)
[2025-11-17 18:21:40][INFO][Rank 0] - train Epoch 15/24: 22.2% (430/1940)
[2025-11-17 18:21:47][INFO][Rank 0] - train Epoch 15/24: 22.7% (440/1940)
[2025-11-17 18:21:54][INFO][Rank 0] - train Epoch 15/24: 23.2% (450/1940)
[2025-11-17 18:21:54][INFO][Rank 0] - CUDA Memory [train][Step 450]: Device 0: Allocated: 3309.6 MB, Reserved: 117540.0 MB (Δ: +1687.0 MB)
[2025-11-17 18:22:01][INFO][Rank 0] - train Epoch 15/24: 23.7% (460/1940)
[2025-11-17 18:22:08][INFO][Rank 0] - train Epoch 15/24: 24.2% (470/1940)
[2025-11-17 18:22:15][INFO][Rank 0] - train Epoch 15/24: 24.7% (480/1940)
[2025-11-17 18:22:22][INFO][Rank 0] - train Epoch 15/24: 25.3% (490/1940)
[2025-11-17 18:22:29][INFO][Rank 0] - train Epoch 15/24: 25.8% (500/1940)
[2025-11-17 18:22:36][INFO][Rank 0] - train Epoch 15/24: 26.3% (510/1940)
[2025-11-17 18:22:43][INFO][Rank 0] - train Epoch 15/24: 26.8% (520/1940)
[2025-11-17 18:22:50][INFO][Rank 0] - train Epoch 15/24: 27.3% (530/1940)
[2025-11-17 18:22:57][INFO][Rank 0] - train Epoch 15/24: 27.8% (540/1940)
[2025-11-17 18:22:58][INFO][Rank 0] - CUDA Memory [train][Step 540]: Device 0: Allocated: 3309.6 MB, Reserved: 117540.0 MB (Δ: +1687.0 MB)
[2025-11-17 18:23:04][INFO][Rank 0] - train Epoch 15/24: 28.4% (550/1940)
[2025-11-17 18:23:11][INFO][Rank 0] - train Epoch 15/24: 28.9% (560/1940)
[2025-11-17 18:23:19][INFO][Rank 0] - train Epoch 15/24: 29.4% (570/1940)
[2025-11-17 18:23:26][INFO][Rank 0] - train Epoch 15/24: 29.9% (580/1940)
[2025-11-17 18:23:33][INFO][Rank 0] - train Epoch 15/24: 30.4% (590/1940)
[2025-11-17 18:23:40][INFO][Rank 0] - train Epoch 15/24: 30.9% (600/1940)
[2025-11-17 18:23:47][INFO][Rank 0] - train Epoch 15/24: 31.4% (610/1940)
[2025-11-17 18:23:54][INFO][Rank 0] - train Epoch 15/24: 32.0% (620/1940)
[2025-11-17 18:24:01][INFO][Rank 0] - train Epoch 15/24: 32.5% (630/1940)
[2025-11-17 18:24:02][INFO][Rank 0] - CUDA Memory [train][Step 630]: Device 0: Allocated: 3309.6 MB, Reserved: 117540.0 MB (Δ: +1687.0 MB)
[2025-11-17 18:24:08][INFO][Rank 0] - train Epoch 15/24: 33.0% (640/1940)
[2025-11-17 18:24:15][INFO][Rank 0] - train Epoch 15/24: 33.5% (650/1940)
[2025-11-17 18:24:22][INFO][Rank 0] - train Epoch 15/24: 34.0% (660/1940)
[2025-11-17 18:24:29][INFO][Rank 0] - train Epoch 15/24: 34.5% (670/1940)
[2025-11-17 18:24:36][INFO][Rank 0] - train Epoch 15/24: 35.1% (680/1940)
[2025-11-17 18:24:43][INFO][Rank 0] - train Epoch 15/24: 35.6% (690/1940)
[2025-11-17 18:24:50][INFO][Rank 0] - train Epoch 15/24: 36.1% (700/1940)
[2025-11-17 18:24:57][INFO][Rank 0] - train Epoch 15/24: 36.6% (710/1940)
[2025-11-17 18:25:04][INFO][Rank 0] - train Epoch 15/24: 37.1% (720/1940)
[2025-11-17 18:25:05][INFO][Rank 0] - CUDA Memory [train][Step 720]: Device 0: Allocated: 3309.6 MB, Reserved: 117540.0 MB (Δ: +1687.0 MB)
[2025-11-17 18:25:12][INFO][Rank 0] - train Epoch 15/24: 37.6% (730/1940)
[2025-11-17 18:25:19][INFO][Rank 0] - train Epoch 15/24: 38.1% (740/1940)
[2025-11-17 18:25:26][INFO][Rank 0] - train Epoch 15/24: 38.7% (750/1940)
[2025-11-17 18:25:33][INFO][Rank 0] - train Epoch 15/24: 39.2% (760/1940)
[2025-11-17 18:25:40][INFO][Rank 0] - train Epoch 15/24: 39.7% (770/1940)
[2025-11-17 18:25:47][INFO][Rank 0] - train Epoch 15/24: 40.2% (780/1940)
[2025-11-17 18:25:54][INFO][Rank 0] - train Epoch 15/24: 40.7% (790/1940)
[2025-11-17 18:26:01][INFO][Rank 0] - train Epoch 15/24: 41.2% (800/1940)
[2025-11-17 18:26:08][INFO][Rank 0] - train Epoch 15/24: 41.8% (810/1940)
[2025-11-17 18:26:09][INFO][Rank 0] - CUDA Memory [train][Step 810]: Device 0: Allocated: 3309.6 MB, Reserved: 117540.0 MB (Δ: +1687.0 MB)
[2025-11-17 18:26:15][INFO][Rank 0] - train Epoch 15/24: 42.3% (820/1940)
[2025-11-17 18:26:22][INFO][Rank 0] - train Epoch 15/24: 42.8% (830/1940)
[2025-11-17 18:26:29][INFO][Rank 0] - train Epoch 15/24: 43.3% (840/1940)
[2025-11-17 18:26:36][INFO][Rank 0] - train Epoch 15/24: 43.8% (850/1940)
[2025-11-17 18:26:43][INFO][Rank 0] - train Epoch 15/24: 44.3% (860/1940)
[2025-11-17 18:26:50][INFO][Rank 0] - train Epoch 15/24: 44.8% (870/1940)
[2025-11-17 18:26:57][INFO][Rank 0] - train Epoch 15/24: 45.4% (880/1940)
[2025-11-17 18:27:05][INFO][Rank 0] - train Epoch 15/24: 45.9% (890/1940)
[2025-11-17 18:27:12][INFO][Rank 0] - train Epoch 15/24: 46.4% (900/1940)
[2025-11-17 18:27:12][INFO][Rank 0] - CUDA Memory [train][Step 900]: Device 0: Allocated: 3309.6 MB, Reserved: 117540.0 MB (Δ: +1687.0 MB)
[2025-11-17 18:27:19][INFO][Rank 0] - train Epoch 15/24: 46.9% (910/1940)
[2025-11-17 18:27:26][INFO][Rank 0] - train Epoch 15/24: 47.4% (920/1940)
[2025-11-17 18:27:33][INFO][Rank 0] - train Epoch 15/24: 47.9% (930/1940)
[2025-11-17 18:27:40][INFO][Rank 0] - train Epoch 15/24: 48.5% (940/1940)
[2025-11-17 18:27:47][INFO][Rank 0] - train Epoch 15/24: 49.0% (950/1940)
[2025-11-17 18:27:54][INFO][Rank 0] - train Epoch 15/24: 49.5% (960/1940)
[2025-11-17 18:28:01][INFO][Rank 0] - train Epoch 15/24: 50.0% (970/1940)
[2025-11-17 18:28:08][INFO][Rank 0] - train Epoch 15/24: 50.5% (980/1940)
[2025-11-17 18:28:15][INFO][Rank 0] - train Epoch 15/24: 51.0% (990/1940)
[2025-11-17 18:28:16][INFO][Rank 0] - CUDA Memory [train][Step 990]: Device 0: Allocated: 3309.6 MB, Reserved: 117540.0 MB (Δ: +1687.0 MB)
[2025-11-17 18:28:22][INFO][Rank 0] - train Epoch 15/24: 51.5% (1000/1940)
[2025-11-17 18:28:29][INFO][Rank 0] - train Epoch 15/24: 52.1% (1010/1940)
[2025-11-17 18:28:36][INFO][Rank 0] - train Epoch 15/24: 52.6% (1020/1940)
[2025-11-17 18:28:43][INFO][Rank 0] - train Epoch 15/24: 53.1% (1030/1940)
[2025-11-17 18:28:51][INFO][Rank 0] - train Epoch 15/24: 53.6% (1040/1940)
[2025-11-17 18:28:58][INFO][Rank 0] - train Epoch 15/24: 54.1% (1050/1940)
[2025-11-17 18:29:05][INFO][Rank 0] - train Epoch 15/24: 54.6% (1060/1940)
[2025-11-17 18:29:12][INFO][Rank 0] - train Epoch 15/24: 55.2% (1070/1940)
[2025-11-17 18:29:19][INFO][Rank 0] - train Epoch 15/24: 55.7% (1080/1940)
[2025-11-17 18:29:19][INFO][Rank 0] - CUDA Memory [train][Step 1080]: Device 0: Allocated: 3309.6 MB, Reserved: 117540.0 MB (Δ: +1687.0 MB)
[2025-11-17 18:29:26][INFO][Rank 0] - train Epoch 15/24: 56.2% (1090/1940)
[2025-11-17 18:29:33][INFO][Rank 0] - train Epoch 15/24: 56.7% (1100/1940)
[2025-11-17 18:29:40][INFO][Rank 0] - train Epoch 15/24: 57.2% (1110/1940)
[2025-11-17 18:29:47][INFO][Rank 0] - train Epoch 15/24: 57.7% (1120/1940)
[2025-11-17 18:29:54][INFO][Rank 0] - train Epoch 15/24: 58.2% (1130/1940)
[2025-11-17 18:30:01][INFO][Rank 0] - train Epoch 15/24: 58.8% (1140/1940)
[2025-11-17 18:30:08][INFO][Rank 0] - train Epoch 15/24: 59.3% (1150/1940)
[2025-11-17 18:30:15][INFO][Rank 0] - train Epoch 15/24: 59.8% (1160/1940)
[2025-11-17 18:30:22][INFO][Rank 0] - train Epoch 15/24: 60.3% (1170/1940)
[2025-11-17 18:30:23][INFO][Rank 0] - CUDA Memory [train][Step 1170]: Device 0: Allocated: 3309.6 MB, Reserved: 117540.0 MB (Δ: +1687.0 MB)
[2025-11-17 18:30:29][INFO][Rank 0] - train Epoch 15/24: 60.8% (1180/1940)
[2025-11-17 18:30:36][INFO][Rank 0] - train Epoch 15/24: 61.3% (1190/1940)
[2025-11-17 18:30:44][INFO][Rank 0] - train Epoch 15/24: 61.9% (1200/1940)
[2025-11-17 18:30:51][INFO][Rank 0] - train Epoch 15/24: 62.4% (1210/1940)
[2025-11-17 18:30:58][INFO][Rank 0] - train Epoch 15/24: 62.9% (1220/1940)
[2025-11-17 18:31:05][INFO][Rank 0] - train Epoch 15/24: 63.4% (1230/1940)
[2025-11-17 18:31:12][INFO][Rank 0] - train Epoch 15/24: 63.9% (1240/1940)
[2025-11-17 18:31:19][INFO][Rank 0] - train Epoch 15/24: 64.4% (1250/1940)
[2025-11-17 18:31:26][INFO][Rank 0] - train Epoch 15/24: 64.9% (1260/1940)
[2025-11-17 18:31:27][INFO][Rank 0] - CUDA Memory [train][Step 1260]: Device 0: Allocated: 3309.6 MB, Reserved: 117540.0 MB (Δ: +1687.0 MB)
[2025-11-17 18:31:33][INFO][Rank 0] - train Epoch 15/24: 65.5% (1270/1940)
[2025-11-17 18:31:40][INFO][Rank 0] - train Epoch 15/24: 66.0% (1280/1940)
[2025-11-17 18:31:47][INFO][Rank 0] - train Epoch 15/24: 66.5% (1290/1940)
[2025-11-17 18:31:54][INFO][Rank 0] - train Epoch 15/24: 67.0% (1300/1940)
[2025-11-17 18:32:01][INFO][Rank 0] - train Epoch 15/24: 67.5% (1310/1940)
[2025-11-17 18:32:08][INFO][Rank 0] - train Epoch 15/24: 68.0% (1320/1940)
[2025-11-17 18:32:15][INFO][Rank 0] - train Epoch 15/24: 68.6% (1330/1940)
[2025-11-17 18:32:22][INFO][Rank 0] - train Epoch 15/24: 69.1% (1340/1940)
[2025-11-17 18:32:29][INFO][Rank 0] - train Epoch 15/24: 69.6% (1350/1940)
[2025-11-17 18:32:30][INFO][Rank 0] - CUDA Memory [train][Step 1350]: Device 0: Allocated: 3309.6 MB, Reserved: 117540.0 MB (Δ: +1687.0 MB)
[2025-11-17 18:32:37][INFO][Rank 0] - train Epoch 15/24: 70.1% (1360/1940)
[2025-11-17 18:32:44][INFO][Rank 0] - train Epoch 15/24: 70.6% (1370/1940)
[2025-11-17 18:32:51][INFO][Rank 0] - train Epoch 15/24: 71.1% (1380/1940)
[2025-11-17 18:32:58][INFO][Rank 0] - train Epoch 15/24: 71.6% (1390/1940)
[2025-11-17 18:33:05][INFO][Rank 0] - train Epoch 15/24: 72.2% (1400/1940)
[2025-11-17 18:33:12][INFO][Rank 0] - train Epoch 15/24: 72.7% (1410/1940)
[2025-11-17 18:33:19][INFO][Rank 0] - train Epoch 15/24: 73.2% (1420/1940)
[2025-11-17 18:33:26][INFO][Rank 0] - train Epoch 15/24: 73.7% (1430/1940)
[2025-11-17 18:33:33][INFO][Rank 0] - train Epoch 15/24: 74.2% (1440/1940)
[2025-11-17 18:33:34][INFO][Rank 0] - CUDA Memory [train][Step 1440]: Device 0: Allocated: 3309.6 MB, Reserved: 117540.0 MB (Δ: +1687.0 MB)
[2025-11-17 18:33:40][INFO][Rank 0] - train Epoch 15/24: 74.7% (1450/1940)
[2025-11-17 18:33:47][INFO][Rank 0] - train Epoch 15/24: 75.3% (1460/1940)
[2025-11-17 18:33:54][INFO][Rank 0] - train Epoch 15/24: 75.8% (1470/1940)
[2025-11-17 18:34:01][INFO][Rank 0] - train Epoch 15/24: 76.3% (1480/1940)
[2025-11-17 18:34:08][INFO][Rank 0] - train Epoch 15/24: 76.8% (1490/1940)
[2025-11-17 18:34:15][INFO][Rank 0] - train Epoch 15/24: 77.3% (1500/1940)
[2025-11-17 18:34:22][INFO][Rank 0] - train Epoch 15/24: 77.8% (1510/1940)
[2025-11-17 18:34:29][INFO][Rank 0] - train Epoch 15/24: 78.4% (1520/1940)
[2025-11-17 18:34:37][INFO][Rank 0] - train Epoch 15/24: 78.9% (1530/1940)
[2025-11-17 18:34:37][INFO][Rank 0] - CUDA Memory [train][Step 1530]: Device 0: Allocated: 3309.6 MB, Reserved: 117540.0 MB (Δ: +1687.0 MB)
[2025-11-17 18:34:44][INFO][Rank 0] - train Epoch 15/24: 79.4% (1540/1940)
[2025-11-17 18:34:51][INFO][Rank 0] - train Epoch 15/24: 79.9% (1550/1940)
[2025-11-17 18:34:58][INFO][Rank 0] - train Epoch 15/24: 80.4% (1560/1940)
[2025-11-17 18:35:05][INFO][Rank 0] - train Epoch 15/24: 80.9% (1570/1940)
[2025-11-17 18:35:12][INFO][Rank 0] - train Epoch 15/24: 81.4% (1580/1940)
[2025-11-17 18:35:19][INFO][Rank 0] - train Epoch 15/24: 82.0% (1590/1940)
[2025-11-17 18:35:26][INFO][Rank 0] - train Epoch 15/24: 82.5% (1600/1940)
[2025-11-17 18:35:33][INFO][Rank 0] - train Epoch 15/24: 83.0% (1610/1940)
[2025-11-17 18:35:40][INFO][Rank 0] - train Epoch 15/24: 83.5% (1620/1940)
[2025-11-17 18:35:41][INFO][Rank 0] - CUDA Memory [train][Step 1620]: Device 0: Allocated: 3309.6 MB, Reserved: 117540.0 MB (Δ: +1687.0 MB)
[2025-11-17 18:35:47][INFO][Rank 0] - train Epoch 15/24: 84.0% (1630/1940)
[2025-11-17 18:35:54][INFO][Rank 0] - train Epoch 15/24: 84.5% (1640/1940)
[2025-11-17 18:36:01][INFO][Rank 0] - train Epoch 15/24: 85.1% (1650/1940)
[2025-11-17 18:36:08][INFO][Rank 0] - train Epoch 15/24: 85.6% (1660/1940)
[2025-11-17 18:36:15][INFO][Rank 0] - train Epoch 15/24: 86.1% (1670/1940)
[2025-11-17 18:36:22][INFO][Rank 0] - train Epoch 15/24: 86.6% (1680/1940)
[2025-11-17 18:36:29][INFO][Rank 0] - train Epoch 15/24: 87.1% (1690/1940)
[2025-11-17 18:36:36][INFO][Rank 0] - train Epoch 15/24: 87.6% (1700/1940)
[2025-11-17 18:36:44][INFO][Rank 0] - train Epoch 15/24: 88.1% (1710/1940)
[2025-11-17 18:36:44][INFO][Rank 0] - CUDA Memory [train][Step 1710]: Device 0: Allocated: 3309.6 MB, Reserved: 117540.0 MB (Δ: +1687.0 MB)
[2025-11-17 18:36:51][INFO][Rank 0] - train Epoch 15/24: 88.7% (1720/1940)
[2025-11-17 18:36:58][INFO][Rank 0] - train Epoch 15/24: 89.2% (1730/1940)
[2025-11-17 18:37:05][INFO][Rank 0] - train Epoch 15/24: 89.7% (1740/1940)
[2025-11-17 18:37:12][INFO][Rank 0] - train Epoch 15/24: 90.2% (1750/1940)
[2025-11-17 18:37:19][INFO][Rank 0] - train Epoch 15/24: 90.7% (1760/1940)
[2025-11-17 18:37:26][INFO][Rank 0] - train Epoch 15/24: 91.2% (1770/1940)
[2025-11-17 18:37:33][INFO][Rank 0] - train Epoch 15/24: 91.8% (1780/1940)
[2025-11-17 18:37:40][INFO][Rank 0] - train Epoch 15/24: 92.3% (1790/1940)
[2025-11-17 18:37:47][INFO][Rank 0] - train Epoch 15/24: 92.8% (1800/1940)
[2025-11-17 18:37:48][INFO][Rank 0] - CUDA Memory [train][Step 1800]: Device 0: Allocated: 3309.6 MB, Reserved: 117540.0 MB (Δ: +1687.0 MB)
[2025-11-17 18:37:54][INFO][Rank 0] - train Epoch 15/24: 93.3% (1810/1940)
[2025-11-17 18:38:01][INFO][Rank 0] - train Epoch 15/24: 93.8% (1820/1940)
[2025-11-17 18:38:08][INFO][Rank 0] - train Epoch 15/24: 94.3% (1830/1940)
[2025-11-17 18:38:15][INFO][Rank 0] - train Epoch 15/24: 94.8% (1840/1940)
[2025-11-17 18:38:22][INFO][Rank 0] - train Epoch 15/24: 95.4% (1850/1940)
[2025-11-17 18:38:29][INFO][Rank 0] - train Epoch 15/24: 95.9% (1860/1940)
[2025-11-17 18:38:36][INFO][Rank 0] - train Epoch 15/24: 96.4% (1870/1940)
[2025-11-17 18:38:44][INFO][Rank 0] - train Epoch 15/24: 96.9% (1880/1940)
[2025-11-17 18:38:51][INFO][Rank 0] - train Epoch 15/24: 97.4% (1890/1940)
[2025-11-17 18:38:51][INFO][Rank 0] - CUDA Memory [train][Step 1890]: Device 0: Allocated: 3309.6 MB, Reserved: 117540.0 MB (Δ: +1687.0 MB)
[2025-11-17 18:38:58][INFO][Rank 0] - train Epoch 15/24: 97.9% (1900/1940)
[2025-11-17 18:39:05][INFO][Rank 0] - train Epoch 15/24: 98.5% (1910/1940)
[2025-11-17 18:39:12][INFO][Rank 0] - train Epoch 15/24: 99.0% (1920/1940)
[2025-11-17 18:39:19][INFO][Rank 0] - train Epoch 15/24: 99.5% (1930/1940)
[2025-11-17 18:39:25][INFO][Rank 0] - train Epoch 15/24: 99.9% (1939/1940)
[2025-11-17 18:39:26][INFO][Rank 0] - train Loss: 0.1636 Acc: 0.9704 F1: 0.9846
[2025-11-17 18:39:26][INFO][Rank 0] - train Balanced Acc: 0.8985 AUC-ROC: 0.9681
[2025-11-17 18:39:26][INFO][Rank 0] - train Sensitivity: 0.9744 Specificity: 0.8226
[2025-11-17 18:39:26][INFO][Rank 0] - train Confusion Matrix: TP=18403, FP=91, FN=484, TN=422
[2025-11-17 18:39:26][INFO][Rank 0] - train completed in 1370.21s
[2025-11-17 18:39:26][INFO][Rank 0] - Data loading time: 0.90s, Forward time: 278.72s, Backward time: 742.84s
[2025-11-17 18:39:26][INFO][Rank 0] - train cache: 0/1 items, hit rate: 0.00%
[2025-11-17 18:39:26][INFO][Rank 0] - CUDA Memory [val][Step 0]: Device 0: Allocated: 3309.6 MB, Reserved: 117540.0 MB (Δ: +1687.0 MB)
[2025-11-17 18:39:26][INFO][Rank 0] - val phase: total 407 batches
[2025-11-17 18:39:26][INFO][Rank 0] - val Epoch 15/24: 0.0% (0/407)
[2025-11-17 18:39:31][INFO][Rank 0] - val Epoch 15/24: 2.5% (10/407)
[2025-11-17 18:39:36][INFO][Rank 0] - val Epoch 15/24: 4.9% (20/407)
[2025-11-17 18:39:41][INFO][Rank 0] - val Epoch 15/24: 7.4% (30/407)
[2025-11-17 18:39:46][INFO][Rank 0] - val Epoch 15/24: 9.8% (40/407)
[2025-11-17 18:39:51][INFO][Rank 0] - val Epoch 15/24: 12.3% (50/407)
[2025-11-17 18:39:56][INFO][Rank 0] - val Epoch 15/24: 14.7% (60/407)
[2025-11-17 18:40:01][INFO][Rank 0] - val Epoch 15/24: 17.2% (70/407)
[2025-11-17 18:40:06][INFO][Rank 0] - val Epoch 15/24: 19.7% (80/407)
[2025-11-17 18:40:11][INFO][Rank 0] - val Epoch 15/24: 22.1% (90/407)
[2025-11-17 18:40:16][INFO][Rank 0] - val Epoch 15/24: 24.6% (100/407)
[2025-11-17 18:40:21][INFO][Rank 0] - val Epoch 15/24: 27.0% (110/407)
[2025-11-17 18:40:26][INFO][Rank 0] - val Epoch 15/24: 29.5% (120/407)
[2025-11-17 18:40:27][INFO][Rank 0] - CUDA Memory [val][Step 120]: Device 0: Allocated: 3309.6 MB, Reserved: 117540.0 MB (Δ: +1687.0 MB)
[2025-11-17 18:40:31][INFO][Rank 0] - val Epoch 15/24: 31.9% (130/407)
[2025-11-17 18:40:36][INFO][Rank 0] - val Epoch 15/24: 34.4% (140/407)
[2025-11-17 18:40:41][INFO][Rank 0] - val Epoch 15/24: 36.9% (150/407)
[2025-11-17 18:40:46][INFO][Rank 0] - val Epoch 15/24: 39.3% (160/407)
[2025-11-17 18:40:51][INFO][Rank 0] - val Epoch 15/24: 41.8% (170/407)
[2025-11-17 18:40:56][INFO][Rank 0] - val Epoch 15/24: 44.2% (180/407)
[2025-11-17 18:41:01][INFO][Rank 0] - val Epoch 15/24: 46.7% (190/407)
[2025-11-17 18:41:06][INFO][Rank 0] - val Epoch 15/24: 49.1% (200/407)
[2025-11-17 18:41:11][INFO][Rank 0] - val Epoch 15/24: 51.6% (210/407)
[2025-11-17 18:41:16][INFO][Rank 0] - val Epoch 15/24: 54.1% (220/407)
[2025-11-17 18:41:21][INFO][Rank 0] - val Epoch 15/24: 56.5% (230/407)
[2025-11-17 18:41:26][INFO][Rank 0] - val Epoch 15/24: 59.0% (240/407)
[2025-11-17 18:41:31][INFO][Rank 0] - val Epoch 15/24: 61.4% (250/407)
[2025-11-17 18:41:36][INFO][Rank 0] - val Epoch 15/24: 63.9% (260/407)
[2025-11-17 18:41:41][INFO][Rank 0] - val Epoch 15/24: 66.3% (270/407)
[2025-11-17 18:41:41][INFO][Rank 0] - CUDA Memory [val][Step 270]: Device 0: Allocated: 3309.6 MB, Reserved: 117540.0 MB (Δ: +1687.0 MB)
[2025-11-17 18:41:46][INFO][Rank 0] - val Epoch 15/24: 68.8% (280/407)
[2025-11-17 18:41:51][INFO][Rank 0] - val Epoch 15/24: 71.3% (290/407)
[2025-11-17 18:41:56][INFO][Rank 0] - val Epoch 15/24: 73.7% (300/407)
[2025-11-17 18:42:01][INFO][Rank 0] - val Epoch 15/24: 76.2% (310/407)
[2025-11-17 18:42:06][INFO][Rank 0] - val Epoch 15/24: 78.6% (320/407)
[2025-11-17 18:42:11][INFO][Rank 0] - val Epoch 15/24: 81.1% (330/407)
[2025-11-17 18:42:16][INFO][Rank 0] - val Epoch 15/24: 83.5% (340/407)
[2025-11-17 18:42:21][INFO][Rank 0] - val Epoch 15/24: 86.0% (350/407)
[2025-11-17 18:42:26][INFO][Rank 0] - val Epoch 15/24: 88.5% (360/407)
[2025-11-17 18:42:31][INFO][Rank 0] - val Epoch 15/24: 90.9% (370/407)
[2025-11-17 18:42:36][INFO][Rank 0] - val Epoch 15/24: 93.4% (380/407)
[2025-11-17 18:42:41][INFO][Rank 0] - val Epoch 15/24: 95.8% (390/407)
[2025-11-17 18:42:46][INFO][Rank 0] - val Epoch 15/24: 98.3% (400/407)
[2025-11-17 18:42:49][INFO][Rank 0] - val Epoch 15/24: 99.8% (406/407)
[2025-11-17 18:42:49][INFO][Rank 0] - val Loss: 0.0768 Acc: 0.9791 F1: 0.9893
[2025-11-17 18:42:49][INFO][Rank 0] - val Balanced Acc: 0.8983 AUC-ROC: 0.9839
[2025-11-17 18:42:49][INFO][Rank 0] - val Sensitivity: 0.9827 Specificity: 0.8140
[2025-11-17 18:42:49][INFO][Rank 0] - val Confusion Matrix: TP=3915, FP=16, FN=69, TN=70
[2025-11-17 18:42:49][INFO][Rank 0] - val completed in 203.22s
[2025-11-17 18:42:49][INFO][Rank 0] - val cache: 0/1 items, hit rate: 0.00%
[2025-11-17 18:42:54][INFO][Rank 0] - Saved epoch checkpoint at /projects/retprogression/rgarridogarcia/checkpoints/cropped1024_cropped_centered_wt_allR_1/epoch_15.pth
[2025-11-17 18:42:54][INFO][Rank 0] - Epoch 15 summary:
[2025-11-17 18:42:54][INFO][Rank 0] -  Train Loss: 0.1636, Train Acc: 0.9704, Train F1: 0.9846
[2025-11-17 18:42:54][INFO][Rank 0] -  Train Balanced Acc: 0.8985, Train AUC: 0.9681
[2025-11-17 18:42:54][INFO][Rank 0] -  Train Sensitivity: 0.9744, Train Specificity: 0.8226
[2025-11-17 18:42:54][INFO][Rank 0] -  Val Loss: 0.0768, Val Acc: 0.9791, Val F1: 0.9893
[2025-11-17 18:42:54][INFO][Rank 0] -  Val Balanced Acc: 0.8983, Val AUC: 0.9839
[2025-11-17 18:42:54][INFO][Rank 0] -  Val Sensitivity: 0.9827, Val Specificity: 0.8140
[2025-11-17 18:42:54][INFO][Rank 0] -  Total Epoch Time: 1578.64s
[2025-11-17 18:42:54][INFO][Rank 0] - Epoch 16/24
[2025-11-17 18:42:54][INFO][Rank 0] - ----------
[2025-11-17 18:42:54][INFO][Rank 0] - CUDA Memory [train][Step 0]: Device 0: Allocated: 3309.6 MB, Reserved: 117540.0 MB (Δ: +1687.0 MB)
[2025-11-17 18:42:54][INFO][Rank 0] - train phase: total 1940 batches
[2025-11-17 18:42:55][INFO][Rank 0] - train Epoch 16/24: 0.0% (0/1940)
[2025-11-17 18:43:02][INFO][Rank 0] - train Epoch 16/24: 0.5% (10/1940)
[2025-11-17 18:43:09][INFO][Rank 0] - train Epoch 16/24: 1.0% (20/1940)
[2025-11-17 18:43:16][INFO][Rank 0] - train Epoch 16/24: 1.5% (30/1940)
[2025-11-17 18:43:23][INFO][Rank 0] - train Epoch 16/24: 2.1% (40/1940)
[2025-11-17 18:43:30][INFO][Rank 0] - train Epoch 16/24: 2.6% (50/1940)
[2025-11-17 18:43:37][INFO][Rank 0] - train Epoch 16/24: 3.1% (60/1940)
[2025-11-17 18:43:44][INFO][Rank 0] - train Epoch 16/24: 3.6% (70/1940)
[2025-11-17 18:43:51][INFO][Rank 0] - train Epoch 16/24: 4.1% (80/1940)
[2025-11-17 18:43:58][INFO][Rank 0] - train Epoch 16/24: 4.6% (90/1940)
[2025-11-17 18:43:59][INFO][Rank 0] - CUDA Memory [train][Step 90]: Device 0: Allocated: 3309.6 MB, Reserved: 117540.0 MB (Δ: +1687.0 MB)
[2025-11-17 18:44:05][INFO][Rank 0] - train Epoch 16/24: 5.2% (100/1940)
[2025-11-17 18:44:12][INFO][Rank 0] - train Epoch 16/24: 5.7% (110/1940)
[2025-11-17 18:44:20][INFO][Rank 0] - train Epoch 16/24: 6.2% (120/1940)
[2025-11-17 18:44:27][INFO][Rank 0] - train Epoch 16/24: 6.7% (130/1940)
[2025-11-17 18:44:34][INFO][Rank 0] - train Epoch 16/24: 7.2% (140/1940)
[2025-11-17 18:44:41][INFO][Rank 0] - train Epoch 16/24: 7.7% (150/1940)
[2025-11-17 18:44:48][INFO][Rank 0] - train Epoch 16/24: 8.2% (160/1940)
[2025-11-17 18:44:55][INFO][Rank 0] - train Epoch 16/24: 8.8% (170/1940)
[2025-11-17 18:45:02][INFO][Rank 0] - train Epoch 16/24: 9.3% (180/1940)
[2025-11-17 18:45:03][INFO][Rank 0] - CUDA Memory [train][Step 180]: Device 0: Allocated: 3309.6 MB, Reserved: 117540.0 MB (Δ: +1687.0 MB)
[2025-11-17 18:45:09][INFO][Rank 0] - train Epoch 16/24: 9.8% (190/1940)
[2025-11-17 18:45:16][INFO][Rank 0] - train Epoch 16/24: 10.3% (200/1940)
[2025-11-17 18:45:23][INFO][Rank 0] - train Epoch 16/24: 10.8% (210/1940)
[2025-11-17 18:45:30][INFO][Rank 0] - train Epoch 16/24: 11.3% (220/1940)
[2025-11-17 18:45:37][INFO][Rank 0] - train Epoch 16/24: 11.9% (230/1940)
[2025-11-17 18:45:44][INFO][Rank 0] - train Epoch 16/24: 12.4% (240/1940)
[2025-11-17 18:45:51][INFO][Rank 0] - train Epoch 16/24: 12.9% (250/1940)
[2025-11-17 18:45:58][INFO][Rank 0] - train Epoch 16/24: 13.4% (260/1940)
[2025-11-17 18:46:05][INFO][Rank 0] - train Epoch 16/24: 13.9% (270/1940)
[2025-11-17 18:46:06][INFO][Rank 0] - CUDA Memory [train][Step 270]: Device 0: Allocated: 3309.6 MB, Reserved: 117540.0 MB (Δ: +1687.0 MB)
[2025-11-17 18:46:12][INFO][Rank 0] - train Epoch 16/24: 14.4% (280/1940)
[2025-11-17 18:46:19][INFO][Rank 0] - train Epoch 16/24: 14.9% (290/1940)
[2025-11-17 18:46:27][INFO][Rank 0] - train Epoch 16/24: 15.5% (300/1940)
[2025-11-17 18:46:34][INFO][Rank 0] - train Epoch 16/24: 16.0% (310/1940)
[2025-11-17 18:46:41][INFO][Rank 0] - train Epoch 16/24: 16.5% (320/1940)
[2025-11-17 18:46:48][INFO][Rank 0] - train Epoch 16/24: 17.0% (330/1940)
[2025-11-17 18:46:55][INFO][Rank 0] - train Epoch 16/24: 17.5% (340/1940)
[2025-11-17 18:47:02][INFO][Rank 0] - train Epoch 16/24: 18.0% (350/1940)
[2025-11-17 18:47:09][INFO][Rank 0] - train Epoch 16/24: 18.6% (360/1940)
[2025-11-17 18:47:10][INFO][Rank 0] - CUDA Memory [train][Step 360]: Device 0: Allocated: 3309.6 MB, Reserved: 117540.0 MB (Δ: +1687.0 MB)
[2025-11-17 18:47:16][INFO][Rank 0] - train Epoch 16/24: 19.1% (370/1940)
[2025-11-17 18:47:23][INFO][Rank 0] - train Epoch 16/24: 19.6% (380/1940)
[2025-11-17 18:47:30][INFO][Rank 0] - train Epoch 16/24: 20.1% (390/1940)
[2025-11-17 18:47:37][INFO][Rank 0] - train Epoch 16/24: 20.6% (400/1940)
[2025-11-17 18:47:44][INFO][Rank 0] - train Epoch 16/24: 21.1% (410/1940)
[2025-11-17 18:47:51][INFO][Rank 0] - train Epoch 16/24: 21.6% (420/1940)
[2025-11-17 18:47:58][INFO][Rank 0] - train Epoch 16/24: 22.2% (430/1940)
[2025-11-17 18:48:05][INFO][Rank 0] - train Epoch 16/24: 22.7% (440/1940)
[2025-11-17 18:48:12][INFO][Rank 0] - train Epoch 16/24: 23.2% (450/1940)
[2025-11-17 18:48:13][INFO][Rank 0] - CUDA Memory [train][Step 450]: Device 0: Allocated: 3309.6 MB, Reserved: 117540.0 MB (Δ: +1687.0 MB)
[2025-11-17 18:48:19][INFO][Rank 0] - train Epoch 16/24: 23.7% (460/1940)
[2025-11-17 18:48:26][INFO][Rank 0] - train Epoch 16/24: 24.2% (470/1940)
[2025-11-17 18:48:34][INFO][Rank 0] - train Epoch 16/24: 24.7% (480/1940)
[2025-11-17 18:48:41][INFO][Rank 0] - train Epoch 16/24: 25.3% (490/1940)
[2025-11-17 18:48:48][INFO][Rank 0] - train Epoch 16/24: 25.8% (500/1940)
[2025-11-17 18:48:55][INFO][Rank 0] - train Epoch 16/24: 26.3% (510/1940)
[2025-11-17 18:49:02][INFO][Rank 0] - train Epoch 16/24: 26.8% (520/1940)
[2025-11-17 18:49:09][INFO][Rank 0] - train Epoch 16/24: 27.3% (530/1940)
[2025-11-17 18:49:16][INFO][Rank 0] - train Epoch 16/24: 27.8% (540/1940)
[2025-11-17 18:49:17][INFO][Rank 0] - CUDA Memory [train][Step 540]: Device 0: Allocated: 3309.6 MB, Reserved: 117540.0 MB (Δ: +1687.0 MB)
[2025-11-17 18:49:23][INFO][Rank 0] - train Epoch 16/24: 28.4% (550/1940)
[2025-11-17 18:49:30][INFO][Rank 0] - train Epoch 16/24: 28.9% (560/1940)
[2025-11-17 18:49:37][INFO][Rank 0] - train Epoch 16/24: 29.4% (570/1940)
[2025-11-17 18:49:44][INFO][Rank 0] - train Epoch 16/24: 29.9% (580/1940)
[2025-11-17 18:49:51][INFO][Rank 0] - train Epoch 16/24: 30.4% (590/1940)
[2025-11-17 18:49:58][INFO][Rank 0] - train Epoch 16/24: 30.9% (600/1940)
[2025-11-17 18:50:05][INFO][Rank 0] - train Epoch 16/24: 31.4% (610/1940)
[2025-11-17 18:50:12][INFO][Rank 0] - train Epoch 16/24: 32.0% (620/1940)
[2025-11-17 18:50:19][INFO][Rank 0] - train Epoch 16/24: 32.5% (630/1940)
[2025-11-17 18:50:20][INFO][Rank 0] - CUDA Memory [train][Step 630]: Device 0: Allocated: 3309.6 MB, Reserved: 117540.0 MB (Δ: +1687.0 MB)
[2025-11-17 18:50:26][INFO][Rank 0] - train Epoch 16/24: 33.0% (640/1940)
[2025-11-17 18:50:33][INFO][Rank 0] - train Epoch 16/24: 33.5% (650/1940)
[2025-11-17 18:50:41][INFO][Rank 0] - train Epoch 16/24: 34.0% (660/1940)
[2025-11-17 18:50:48][INFO][Rank 0] - train Epoch 16/24: 34.5% (670/1940)
[2025-11-17 18:50:55][INFO][Rank 0] - train Epoch 16/24: 35.1% (680/1940)
[2025-11-17 18:51:02][INFO][Rank 0] - train Epoch 16/24: 35.6% (690/1940)
[2025-11-17 18:51:09][INFO][Rank 0] - train Epoch 16/24: 36.1% (700/1940)
[2025-11-17 18:51:16][INFO][Rank 0] - train Epoch 16/24: 36.6% (710/1940)
[2025-11-17 18:51:23][INFO][Rank 0] - train Epoch 16/24: 37.1% (720/1940)
[2025-11-17 18:51:24][INFO][Rank 0] - CUDA Memory [train][Step 720]: Device 0: Allocated: 3309.6 MB, Reserved: 117540.0 MB (Δ: +1687.0 MB)
[2025-11-17 18:51:30][INFO][Rank 0] - train Epoch 16/24: 37.6% (730/1940)
[2025-11-17 18:51:37][INFO][Rank 0] - train Epoch 16/24: 38.1% (740/1940)
[2025-11-17 18:51:44][INFO][Rank 0] - train Epoch 16/24: 38.7% (750/1940)
[2025-11-17 18:51:51][INFO][Rank 0] - train Epoch 16/24: 39.2% (760/1940)
[2025-11-17 18:51:58][INFO][Rank 0] - train Epoch 16/24: 39.7% (770/1940)
[2025-11-17 18:52:05][INFO][Rank 0] - train Epoch 16/24: 40.2% (780/1940)
[2025-11-17 18:52:12][INFO][Rank 0] - train Epoch 16/24: 40.7% (790/1940)
[2025-11-17 18:52:19][INFO][Rank 0] - train Epoch 16/24: 41.2% (800/1940)
[2025-11-17 18:52:26][INFO][Rank 0] - train Epoch 16/24: 41.8% (810/1940)
[2025-11-17 18:52:27][INFO][Rank 0] - CUDA Memory [train][Step 810]: Device 0: Allocated: 3309.6 MB, Reserved: 117540.0 MB (Δ: +1687.0 MB)
[2025-11-17 18:52:33][INFO][Rank 0] - train Epoch 16/24: 42.3% (820/1940)
[2025-11-17 18:52:40][INFO][Rank 0] - train Epoch 16/24: 42.8% (830/1940)
[2025-11-17 18:52:48][INFO][Rank 0] - train Epoch 16/24: 43.3% (840/1940)
[2025-11-17 18:52:55][INFO][Rank 0] - train Epoch 16/24: 43.8% (850/1940)
[2025-11-17 18:53:02][INFO][Rank 0] - train Epoch 16/24: 44.3% (860/1940)
[2025-11-17 18:53:09][INFO][Rank 0] - train Epoch 16/24: 44.8% (870/1940)
[2025-11-17 18:53:16][INFO][Rank 0] - train Epoch 16/24: 45.4% (880/1940)
[2025-11-17 18:53:23][INFO][Rank 0] - train Epoch 16/24: 45.9% (890/1940)
[2025-11-17 18:53:30][INFO][Rank 0] - train Epoch 16/24: 46.4% (900/1940)
[2025-11-17 18:53:31][INFO][Rank 0] - CUDA Memory [train][Step 900]: Device 0: Allocated: 3309.6 MB, Reserved: 117540.0 MB (Δ: +1687.0 MB)
[2025-11-17 18:53:37][INFO][Rank 0] - train Epoch 16/24: 46.9% (910/1940)
[2025-11-17 18:53:44][INFO][Rank 0] - train Epoch 16/24: 47.4% (920/1940)
[2025-11-17 18:53:51][INFO][Rank 0] - train Epoch 16/24: 47.9% (930/1940)
[2025-11-17 18:53:58][INFO][Rank 0] - train Epoch 16/24: 48.5% (940/1940)
[2025-11-17 18:54:05][INFO][Rank 0] - train Epoch 16/24: 49.0% (950/1940)
[2025-11-17 18:54:12][INFO][Rank 0] - train Epoch 16/24: 49.5% (960/1940)
[2025-11-17 18:54:19][INFO][Rank 0] - train Epoch 16/24: 50.0% (970/1940)
[2025-11-17 18:54:26][INFO][Rank 0] - train Epoch 16/24: 50.5% (980/1940)
[2025-11-17 18:54:33][INFO][Rank 0] - train Epoch 16/24: 51.0% (990/1940)
[2025-11-17 18:54:34][INFO][Rank 0] - CUDA Memory [train][Step 990]: Device 0: Allocated: 3309.6 MB, Reserved: 117540.0 MB (Δ: +1687.0 MB)
[2025-11-17 18:54:40][INFO][Rank 0] - train Epoch 16/24: 51.5% (1000/1940)
[2025-11-17 18:54:47][INFO][Rank 0] - train Epoch 16/24: 52.1% (1010/1940)
[2025-11-17 18:54:54][INFO][Rank 0] - train Epoch 16/24: 52.6% (1020/1940)
[2025-11-17 18:55:02][INFO][Rank 0] - train Epoch 16/24: 53.1% (1030/1940)
[2025-11-17 18:55:09][INFO][Rank 0] - train Epoch 16/24: 53.6% (1040/1940)
[2025-11-17 18:55:16][INFO][Rank 0] - train Epoch 16/24: 54.1% (1050/1940)
[2025-11-17 18:55:23][INFO][Rank 0] - train Epoch 16/24: 54.6% (1060/1940)
[2025-11-17 18:55:30][INFO][Rank 0] - train Epoch 16/24: 55.2% (1070/1940)
[2025-11-17 18:55:37][INFO][Rank 0] - train Epoch 16/24: 55.7% (1080/1940)
[2025-11-17 18:55:38][INFO][Rank 0] - CUDA Memory [train][Step 1080]: Device 0: Allocated: 3309.6 MB, Reserved: 117540.0 MB (Δ: +1687.0 MB)
[2025-11-17 18:55:44][INFO][Rank 0] - train Epoch 16/24: 56.2% (1090/1940)
[2025-11-17 18:55:51][INFO][Rank 0] - train Epoch 16/24: 56.7% (1100/1940)
[2025-11-17 18:55:58][INFO][Rank 0] - train Epoch 16/24: 57.2% (1110/1940)
[2025-11-17 18:56:05][INFO][Rank 0] - train Epoch 16/24: 57.7% (1120/1940)
[2025-11-17 18:56:12][INFO][Rank 0] - train Epoch 16/24: 58.2% (1130/1940)
[2025-11-17 18:56:19][INFO][Rank 0] - train Epoch 16/24: 58.8% (1140/1940)
[2025-11-17 18:56:26][INFO][Rank 0] - train Epoch 16/24: 59.3% (1150/1940)
[2025-11-17 18:56:33][INFO][Rank 0] - train Epoch 16/24: 59.8% (1160/1940)
[2025-11-17 18:56:40][INFO][Rank 0] - train Epoch 16/24: 60.3% (1170/1940)
[2025-11-17 18:56:41][INFO][Rank 0] - CUDA Memory [train][Step 1170]: Device 0: Allocated: 3309.6 MB, Reserved: 117540.0 MB (Δ: +1687.0 MB)
[2025-11-17 18:56:47][INFO][Rank 0] - train Epoch 16/24: 60.8% (1180/1940)
[2025-11-17 18:56:54][INFO][Rank 0] - train Epoch 16/24: 61.3% (1190/1940)
[2025-11-17 18:57:01][INFO][Rank 0] - train Epoch 16/24: 61.9% (1200/1940)
[2025-11-17 18:57:09][INFO][Rank 0] - train Epoch 16/24: 62.4% (1210/1940)
[2025-11-17 18:57:16][INFO][Rank 0] - train Epoch 16/24: 62.9% (1220/1940)
[2025-11-17 18:57:23][INFO][Rank 0] - train Epoch 16/24: 63.4% (1230/1940)
[2025-11-17 18:57:30][INFO][Rank 0] - train Epoch 16/24: 63.9% (1240/1940)
[2025-11-17 18:57:37][INFO][Rank 0] - train Epoch 16/24: 64.4% (1250/1940)
[2025-11-17 18:57:44][INFO][Rank 0] - train Epoch 16/24: 64.9% (1260/1940)
[2025-11-17 18:57:45][INFO][Rank 0] - CUDA Memory [train][Step 1260]: Device 0: Allocated: 3309.6 MB, Reserved: 117540.0 MB (Δ: +1687.0 MB)
[2025-11-17 18:57:51][INFO][Rank 0] - train Epoch 16/24: 65.5% (1270/1940)
[2025-11-17 18:57:58][INFO][Rank 0] - train Epoch 16/24: 66.0% (1280/1940)
[2025-11-17 18:58:05][INFO][Rank 0] - train Epoch 16/24: 66.5% (1290/1940)
[2025-11-17 18:58:12][INFO][Rank 0] - train Epoch 16/24: 67.0% (1300/1940)
[2025-11-17 18:58:19][INFO][Rank 0] - train Epoch 16/24: 67.5% (1310/1940)
[2025-11-17 18:58:26][INFO][Rank 0] - train Epoch 16/24: 68.0% (1320/1940)
[2025-11-17 18:58:33][INFO][Rank 0] - train Epoch 16/24: 68.6% (1330/1940)
[2025-11-17 18:58:40][INFO][Rank 0] - train Epoch 16/24: 69.1% (1340/1940)
[2025-11-17 18:58:47][INFO][Rank 0] - train Epoch 16/24: 69.6% (1350/1940)
[2025-11-17 18:58:48][INFO][Rank 0] - CUDA Memory [train][Step 1350]: Device 0: Allocated: 3309.6 MB, Reserved: 117540.0 MB (Δ: +1687.0 MB)
[2025-11-17 18:58:54][INFO][Rank 0] - train Epoch 16/24: 70.1% (1360/1940)
[2025-11-17 18:59:01][INFO][Rank 0] - train Epoch 16/24: 70.6% (1370/1940)
[2025-11-17 18:59:08][INFO][Rank 0] - train Epoch 16/24: 71.1% (1380/1940)
[2025-11-17 18:59:16][INFO][Rank 0] - train Epoch 16/24: 71.6% (1390/1940)
[2025-11-17 18:59:23][INFO][Rank 0] - train Epoch 16/24: 72.2% (1400/1940)
[2025-11-17 18:59:30][INFO][Rank 0] - train Epoch 16/24: 72.7% (1410/1940)
[2025-11-17 18:59:37][INFO][Rank 0] - train Epoch 16/24: 73.2% (1420/1940)
[2025-11-17 18:59:44][INFO][Rank 0] - train Epoch 16/24: 73.7% (1430/1940)
[2025-11-17 18:59:51][INFO][Rank 0] - train Epoch 16/24: 74.2% (1440/1940)
[2025-11-17 18:59:52][INFO][Rank 0] - CUDA Memory [train][Step 1440]: Device 0: Allocated: 3309.6 MB, Reserved: 117540.0 MB (Δ: +1687.0 MB)
[2025-11-17 18:59:58][INFO][Rank 0] - train Epoch 16/24: 74.7% (1450/1940)
[2025-11-17 19:00:05][INFO][Rank 0] - train Epoch 16/24: 75.3% (1460/1940)
[2025-11-17 19:00:12][INFO][Rank 0] - train Epoch 16/24: 75.8% (1470/1940)
[2025-11-17 19:00:19][INFO][Rank 0] - train Epoch 16/24: 76.3% (1480/1940)
[2025-11-17 19:00:26][INFO][Rank 0] - train Epoch 16/24: 76.8% (1490/1940)
[2025-11-17 19:00:33][INFO][Rank 0] - train Epoch 16/24: 77.3% (1500/1940)
[2025-11-17 19:00:40][INFO][Rank 0] - train Epoch 16/24: 77.8% (1510/1940)
[2025-11-17 19:00:47][INFO][Rank 0] - train Epoch 16/24: 78.4% (1520/1940)
[2025-11-17 19:00:54][INFO][Rank 0] - train Epoch 16/24: 78.9% (1530/1940)
[2025-11-17 19:00:55][INFO][Rank 0] - CUDA Memory [train][Step 1530]: Device 0: Allocated: 3309.6 MB, Reserved: 117540.0 MB (Δ: +1687.0 MB)
[2025-11-17 19:01:01][INFO][Rank 0] - train Epoch 16/24: 79.4% (1540/1940)
[2025-11-17 19:01:08][INFO][Rank 0] - train Epoch 16/24: 79.9% (1550/1940)
[2025-11-17 19:01:15][INFO][Rank 0] - train Epoch 16/24: 80.4% (1560/1940)
[2025-11-17 19:01:23][INFO][Rank 0] - train Epoch 16/24: 80.9% (1570/1940)
[2025-11-17 19:01:30][INFO][Rank 0] - train Epoch 16/24: 81.4% (1580/1940)
[2025-11-17 19:01:37][INFO][Rank 0] - train Epoch 16/24: 82.0% (1590/1940)
[2025-11-17 19:01:44][INFO][Rank 0] - train Epoch 16/24: 82.5% (1600/1940)
[2025-11-17 19:01:51][INFO][Rank 0] - train Epoch 16/24: 83.0% (1610/1940)
[2025-11-17 19:01:58][INFO][Rank 0] - train Epoch 16/24: 83.5% (1620/1940)
[2025-11-17 19:01:59][INFO][Rank 0] - CUDA Memory [train][Step 1620]: Device 0: Allocated: 3309.6 MB, Reserved: 117540.0 MB (Δ: +1687.0 MB)
[2025-11-17 19:02:05][INFO][Rank 0] - train Epoch 16/24: 84.0% (1630/1940)
[2025-11-17 19:02:12][INFO][Rank 0] - train Epoch 16/24: 84.5% (1640/1940)
[2025-11-17 19:02:19][INFO][Rank 0] - train Epoch 16/24: 85.1% (1650/1940)
[2025-11-17 19:02:26][INFO][Rank 0] - train Epoch 16/24: 85.6% (1660/1940)
[2025-11-17 19:02:33][INFO][Rank 0] - train Epoch 16/24: 86.1% (1670/1940)
[2025-11-17 19:02:40][INFO][Rank 0] - train Epoch 16/24: 86.6% (1680/1940)
[2025-11-17 19:02:47][INFO][Rank 0] - train Epoch 16/24: 87.1% (1690/1940)
[2025-11-17 19:02:54][INFO][Rank 0] - train Epoch 16/24: 87.6% (1700/1940)
[2025-11-17 19:03:01][INFO][Rank 0] - train Epoch 16/24: 88.1% (1710/1940)
[2025-11-17 19:03:02][INFO][Rank 0] - CUDA Memory [train][Step 1710]: Device 0: Allocated: 3309.6 MB, Reserved: 117540.0 MB (Δ: +1687.0 MB)
[2025-11-17 19:03:08][INFO][Rank 0] - train Epoch 16/24: 88.7% (1720/1940)
[2025-11-17 19:03:15][INFO][Rank 0] - train Epoch 16/24: 89.2% (1730/1940)
[2025-11-17 19:03:22][INFO][Rank 0] - train Epoch 16/24: 89.7% (1740/1940)
[2025-11-17 19:03:30][INFO][Rank 0] - train Epoch 16/24: 90.2% (1750/1940)
[2025-11-17 19:03:37][INFO][Rank 0] - train Epoch 16/24: 90.7% (1760/1940)
[2025-11-17 19:03:44][INFO][Rank 0] - train Epoch 16/24: 91.2% (1770/1940)
[2025-11-17 19:03:51][INFO][Rank 0] - train Epoch 16/24: 91.8% (1780/1940)
[2025-11-17 19:03:58][INFO][Rank 0] - train Epoch 16/24: 92.3% (1790/1940)
[2025-11-17 19:04:05][INFO][Rank 0] - train Epoch 16/24: 92.8% (1800/1940)
[2025-11-17 19:04:06][INFO][Rank 0] - CUDA Memory [train][Step 1800]: Device 0: Allocated: 3309.6 MB, Reserved: 117540.0 MB (Δ: +1687.0 MB)
[2025-11-17 19:04:12][INFO][Rank 0] - train Epoch 16/24: 93.3% (1810/1940)
[2025-11-17 19:04:19][INFO][Rank 0] - train Epoch 16/24: 93.8% (1820/1940)
[2025-11-17 19:04:26][INFO][Rank 0] - train Epoch 16/24: 94.3% (1830/1940)
[2025-11-17 19:04:33][INFO][Rank 0] - train Epoch 16/24: 94.8% (1840/1940)
[2025-11-17 19:04:40][INFO][Rank 0] - train Epoch 16/24: 95.4% (1850/1940)
[2025-11-17 19:04:47][INFO][Rank 0] - train Epoch 16/24: 95.9% (1860/1940)
[2025-11-17 19:04:54][INFO][Rank 0] - train Epoch 16/24: 96.4% (1870/1940)
[2025-11-17 19:05:01][INFO][Rank 0] - train Epoch 16/24: 96.9% (1880/1940)
[2025-11-17 19:05:08][INFO][Rank 0] - train Epoch 16/24: 97.4% (1890/1940)
[2025-11-17 19:05:09][INFO][Rank 0] - CUDA Memory [train][Step 1890]: Device 0: Allocated: 3309.6 MB, Reserved: 117540.0 MB (Δ: +1687.0 MB)
[2025-11-17 19:05:15][INFO][Rank 0] - train Epoch 16/24: 97.9% (1900/1940)
[2025-11-17 19:05:22][INFO][Rank 0] - train Epoch 16/24: 98.5% (1910/1940)
[2025-11-17 19:05:29][INFO][Rank 0] - train Epoch 16/24: 99.0% (1920/1940)
[2025-11-17 19:05:37][INFO][Rank 0] - train Epoch 16/24: 99.5% (1930/1940)
[2025-11-17 19:05:43][INFO][Rank 0] - train Epoch 16/24: 99.9% (1939/1940)
[2025-11-17 19:05:44][INFO][Rank 0] - train Loss: 0.1534 Acc: 0.9720 F1: 0.9855
[2025-11-17 19:05:44][INFO][Rank 0] - train Balanced Acc: 0.8955 AUC-ROC: 0.9671
[2025-11-17 19:05:44][INFO][Rank 0] - train Sensitivity: 0.9762 Specificity: 0.8148
[2025-11-17 19:05:44][INFO][Rank 0] - train Confusion Matrix: TP=18438, FP=95, FN=449, TN=418
[2025-11-17 19:05:44][INFO][Rank 0] - train completed in 1369.31s
[2025-11-17 19:05:44][INFO][Rank 0] - Data loading time: 1.07s, Forward time: 278.37s, Backward time: 741.86s
[2025-11-17 19:05:44][INFO][Rank 0] - train cache: 0/1 items, hit rate: 0.00%
[2025-11-17 19:05:44][INFO][Rank 0] - CUDA Memory [val][Step 0]: Device 0: Allocated: 3309.6 MB, Reserved: 117540.0 MB (Δ: +1687.0 MB)
[2025-11-17 19:05:44][INFO][Rank 0] - val phase: total 407 batches
[2025-11-17 19:05:44][INFO][Rank 0] - val Epoch 16/24: 0.0% (0/407)
[2025-11-17 19:05:49][INFO][Rank 0] - val Epoch 16/24: 2.5% (10/407)
[2025-11-17 19:05:54][INFO][Rank 0] - val Epoch 16/24: 4.9% (20/407)
[2025-11-17 19:05:59][INFO][Rank 0] - val Epoch 16/24: 7.4% (30/407)
[2025-11-17 19:06:04][INFO][Rank 0] - val Epoch 16/24: 9.8% (40/407)
[2025-11-17 19:06:09][INFO][Rank 0] - val Epoch 16/24: 12.3% (50/407)
[2025-11-17 19:06:14][INFO][Rank 0] - val Epoch 16/24: 14.7% (60/407)
[2025-11-17 19:06:19][INFO][Rank 0] - val Epoch 16/24: 17.2% (70/407)
[2025-11-17 19:06:24][INFO][Rank 0] - val Epoch 16/24: 19.7% (80/407)
[2025-11-17 19:06:29][INFO][Rank 0] - val Epoch 16/24: 22.1% (90/407)
[2025-11-17 19:06:34][INFO][Rank 0] - val Epoch 16/24: 24.6% (100/407)
[2025-11-17 19:06:39][INFO][Rank 0] - val Epoch 16/24: 27.0% (110/407)
[2025-11-17 19:06:44][INFO][Rank 0] - val Epoch 16/24: 29.5% (120/407)
[2025-11-17 19:06:44][INFO][Rank 0] - CUDA Memory [val][Step 120]: Device 0: Allocated: 3309.6 MB, Reserved: 117540.0 MB (Δ: +1687.0 MB)
[2025-11-17 19:06:49][INFO][Rank 0] - val Epoch 16/24: 31.9% (130/407)
[2025-11-17 19:06:54][INFO][Rank 0] - val Epoch 16/24: 34.4% (140/407)
[2025-11-17 19:06:59][INFO][Rank 0] - val Epoch 16/24: 36.9% (150/407)
[2025-11-17 19:07:04][INFO][Rank 0] - val Epoch 16/24: 39.3% (160/407)
[2025-11-17 19:07:09][INFO][Rank 0] - val Epoch 16/24: 41.8% (170/407)
[2025-11-17 19:07:14][INFO][Rank 0] - val Epoch 16/24: 44.2% (180/407)
[2025-11-17 19:07:19][INFO][Rank 0] - val Epoch 16/24: 46.7% (190/407)
[2025-11-17 19:07:24][INFO][Rank 0] - val Epoch 16/24: 49.1% (200/407)
[2025-11-17 19:07:28][INFO][Rank 0] - val Epoch 16/24: 51.6% (210/407)
[2025-11-17 19:07:33][INFO][Rank 0] - val Epoch 16/24: 54.1% (220/407)
[2025-11-17 19:07:38][INFO][Rank 0] - val Epoch 16/24: 56.5% (230/407)
[2025-11-17 19:07:43][INFO][Rank 0] - val Epoch 16/24: 59.0% (240/407)
[2025-11-17 19:07:48][INFO][Rank 0] - val Epoch 16/24: 61.4% (250/407)
[2025-11-17 19:07:53][INFO][Rank 0] - val Epoch 16/24: 63.9% (260/407)
[2025-11-17 19:07:58][INFO][Rank 0] - val Epoch 16/24: 66.3% (270/407)
[2025-11-17 19:07:59][INFO][Rank 0] - CUDA Memory [val][Step 270]: Device 0: Allocated: 3309.6 MB, Reserved: 117540.0 MB (Δ: +1687.0 MB)
[2025-11-17 19:08:03][INFO][Rank 0] - val Epoch 16/24: 68.8% (280/407)
[2025-11-17 19:08:08][INFO][Rank 0] - val Epoch 16/24: 71.3% (290/407)
[2025-11-17 19:08:13][INFO][Rank 0] - val Epoch 16/24: 73.7% (300/407)
[2025-11-17 19:08:18][INFO][Rank 0] - val Epoch 16/24: 76.2% (310/407)
[2025-11-17 19:08:23][INFO][Rank 0] - val Epoch 16/24: 78.6% (320/407)
[2025-11-17 19:08:28][INFO][Rank 0] - val Epoch 16/24: 81.1% (330/407)
[2025-11-17 19:08:33][INFO][Rank 0] - val Epoch 16/24: 83.5% (340/407)
[2025-11-17 19:08:38][INFO][Rank 0] - val Epoch 16/24: 86.0% (350/407)
[2025-11-17 19:08:43][INFO][Rank 0] - val Epoch 16/24: 88.5% (360/407)
[2025-11-17 19:08:48][INFO][Rank 0] - val Epoch 16/24: 90.9% (370/407)
[2025-11-17 19:08:53][INFO][Rank 0] - val Epoch 16/24: 93.4% (380/407)
[2025-11-17 19:08:58][INFO][Rank 0] - val Epoch 16/24: 95.8% (390/407)
[2025-11-17 19:09:03][INFO][Rank 0] - val Epoch 16/24: 98.3% (400/407)
[2025-11-17 19:09:06][INFO][Rank 0] - val Epoch 16/24: 99.8% (406/407)
[2025-11-17 19:09:07][INFO][Rank 0] - val Loss: 0.0836 Acc: 0.9744 F1: 0.9868
[2025-11-17 19:09:07][INFO][Rank 0] - val Balanced Acc: 0.9244 AUC-ROC: 0.9844
[2025-11-17 19:09:07][INFO][Rank 0] - val Sensitivity: 0.9767 Specificity: 0.8721
[2025-11-17 19:09:07][INFO][Rank 0] - val Confusion Matrix: TP=3891, FP=11, FN=93, TN=75
[2025-11-17 19:09:07][INFO][Rank 0] - val completed in 203.00s
[2025-11-17 19:09:07][INFO][Rank 0] - val cache: 0/1 items, hit rate: 0.00%
[2025-11-17 19:09:11][INFO][Rank 0] - Saved new best auc model with auc: 0.9844 at /projects/retprogression/rgarridogarcia/checkpoints/cropped1024_cropped_centered_wt_allR_1/best_auc_model.pth
[2025-11-17 19:09:14][INFO][Rank 0] - Saved epoch checkpoint at /projects/retprogression/rgarridogarcia/checkpoints/cropped1024_cropped_centered_wt_allR_1/epoch_16.pth
[2025-11-17 19:09:14][INFO][Rank 0] - Epoch 16 summary:
[2025-11-17 19:09:14][INFO][Rank 0] -  Train Loss: 0.1534, Train Acc: 0.9720, Train F1: 0.9855
[2025-11-17 19:09:14][INFO][Rank 0] -  Train Balanced Acc: 0.8955, Train AUC: 0.9671
[2025-11-17 19:09:14][INFO][Rank 0] -  Train Sensitivity: 0.9762, Train Specificity: 0.8148
[2025-11-17 19:09:14][INFO][Rank 0] -  Val Loss: 0.0836, Val Acc: 0.9744, Val F1: 0.9868
[2025-11-17 19:09:14][INFO][Rank 0] -  Val Balanced Acc: 0.9244, Val AUC: 0.9844
[2025-11-17 19:09:14][INFO][Rank 0] -  Val Sensitivity: 0.9767, Val Specificity: 0.8721
[2025-11-17 19:09:14][INFO][Rank 0] -  Total Epoch Time: 1580.00s
[2025-11-17 19:09:14][INFO][Rank 0] - Epoch 17/24
[2025-11-17 19:09:14][INFO][Rank 0] - ----------
[2025-11-17 19:09:14][INFO][Rank 0] - CUDA Memory [train][Step 0]: Device 0: Allocated: 3309.6 MB, Reserved: 117540.0 MB (Δ: +1687.0 MB)
[2025-11-17 19:09:14][INFO][Rank 0] - train phase: total 1940 batches
[2025-11-17 19:09:15][INFO][Rank 0] - train Epoch 17/24: 0.0% (0/1940)
[2025-11-17 19:09:22][INFO][Rank 0] - train Epoch 17/24: 0.5% (10/1940)
[2025-11-17 19:09:29][INFO][Rank 0] - train Epoch 17/24: 1.0% (20/1940)
[2025-11-17 19:09:36][INFO][Rank 0] - train Epoch 17/24: 1.5% (30/1940)
[2025-11-17 19:09:43][INFO][Rank 0] - train Epoch 17/24: 2.1% (40/1940)
[2025-11-17 19:09:50][INFO][Rank 0] - train Epoch 17/24: 2.6% (50/1940)
[2025-11-17 19:09:57][INFO][Rank 0] - train Epoch 17/24: 3.1% (60/1940)
[2025-11-17 19:10:04][INFO][Rank 0] - train Epoch 17/24: 3.6% (70/1940)
[2025-11-17 19:10:11][INFO][Rank 0] - train Epoch 17/24: 4.1% (80/1940)
[2025-11-17 19:10:18][INFO][Rank 0] - train Epoch 17/24: 4.6% (90/1940)
[2025-11-17 19:10:19][INFO][Rank 0] - CUDA Memory [train][Step 90]: Device 0: Allocated: 3309.6 MB, Reserved: 117540.0 MB (Δ: +1687.0 MB)
[2025-11-17 19:10:25][INFO][Rank 0] - train Epoch 17/24: 5.2% (100/1940)
[2025-11-17 19:10:32][INFO][Rank 0] - train Epoch 17/24: 5.7% (110/1940)
[2025-11-17 19:10:39][INFO][Rank 0] - train Epoch 17/24: 6.2% (120/1940)
[2025-11-17 19:10:46][INFO][Rank 0] - train Epoch 17/24: 6.7% (130/1940)
[2025-11-17 19:10:54][INFO][Rank 0] - train Epoch 17/24: 7.2% (140/1940)
[2025-11-17 19:11:01][INFO][Rank 0] - train Epoch 17/24: 7.7% (150/1940)
[2025-11-17 19:11:08][INFO][Rank 0] - train Epoch 17/24: 8.2% (160/1940)
[2025-11-17 19:11:15][INFO][Rank 0] - train Epoch 17/24: 8.8% (170/1940)
[2025-11-17 19:11:22][INFO][Rank 0] - train Epoch 17/24: 9.3% (180/1940)
[2025-11-17 19:11:22][INFO][Rank 0] - CUDA Memory [train][Step 180]: Device 0: Allocated: 3309.6 MB, Reserved: 117540.0 MB (Δ: +1687.0 MB)
[2025-11-17 19:11:29][INFO][Rank 0] - train Epoch 17/24: 9.8% (190/1940)
[2025-11-17 19:11:36][INFO][Rank 0] - train Epoch 17/24: 10.3% (200/1940)
[2025-11-17 19:11:43][INFO][Rank 0] - train Epoch 17/24: 10.8% (210/1940)
[2025-11-17 19:11:50][INFO][Rank 0] - train Epoch 17/24: 11.3% (220/1940)
[2025-11-17 19:11:57][INFO][Rank 0] - train Epoch 17/24: 11.9% (230/1940)
[2025-11-17 19:12:04][INFO][Rank 0] - train Epoch 17/24: 12.4% (240/1940)
[2025-11-17 19:12:11][INFO][Rank 0] - train Epoch 17/24: 12.9% (250/1940)
[2025-11-17 19:12:18][INFO][Rank 0] - train Epoch 17/24: 13.4% (260/1940)
[2025-11-17 19:12:25][INFO][Rank 0] - train Epoch 17/24: 13.9% (270/1940)
[2025-11-17 19:12:26][INFO][Rank 0] - CUDA Memory [train][Step 270]: Device 0: Allocated: 3309.6 MB, Reserved: 117540.0 MB (Δ: +1687.0 MB)
[2025-11-17 19:12:32][INFO][Rank 0] - train Epoch 17/24: 14.4% (280/1940)
[2025-11-17 19:12:39][INFO][Rank 0] - train Epoch 17/24: 14.9% (290/1940)
[2025-11-17 19:12:46][INFO][Rank 0] - train Epoch 17/24: 15.5% (300/1940)
[2025-11-17 19:12:53][INFO][Rank 0] - train Epoch 17/24: 16.0% (310/1940)
[2025-11-17 19:13:01][INFO][Rank 0] - train Epoch 17/24: 16.5% (320/1940)
[2025-11-17 19:13:08][INFO][Rank 0] - train Epoch 17/24: 17.0% (330/1940)
[2025-11-17 19:13:15][INFO][Rank 0] - train Epoch 17/24: 17.5% (340/1940)
[2025-11-17 19:13:22][INFO][Rank 0] - train Epoch 17/24: 18.0% (350/1940)
[2025-11-17 19:13:29][INFO][Rank 0] - train Epoch 17/24: 18.6% (360/1940)
[2025-11-17 19:13:29][INFO][Rank 0] - CUDA Memory [train][Step 360]: Device 0: Allocated: 3309.6 MB, Reserved: 117540.0 MB (Δ: +1687.0 MB)
[2025-11-17 19:13:36][INFO][Rank 0] - train Epoch 17/24: 19.1% (370/1940)
[2025-11-17 19:13:43][INFO][Rank 0] - train Epoch 17/24: 19.6% (380/1940)
[2025-11-17 19:13:50][INFO][Rank 0] - train Epoch 17/24: 20.1% (390/1940)
[2025-11-17 19:13:57][INFO][Rank 0] - train Epoch 17/24: 20.6% (400/1940)
[2025-11-17 19:14:04][INFO][Rank 0] - train Epoch 17/24: 21.1% (410/1940)
[2025-11-17 19:14:11][INFO][Rank 0] - train Epoch 17/24: 21.6% (420/1940)
[2025-11-17 19:14:18][INFO][Rank 0] - train Epoch 17/24: 22.2% (430/1940)
[2025-11-17 19:14:25][INFO][Rank 0] - train Epoch 17/24: 22.7% (440/1940)
[2025-11-17 19:14:32][INFO][Rank 0] - train Epoch 17/24: 23.2% (450/1940)
[2025-11-17 19:14:33][INFO][Rank 0] - CUDA Memory [train][Step 450]: Device 0: Allocated: 3309.6 MB, Reserved: 117540.0 MB (Δ: +1687.0 MB)
[2025-11-17 19:14:39][INFO][Rank 0] - train Epoch 17/24: 23.7% (460/1940)
[2025-11-17 19:14:46][INFO][Rank 0] - train Epoch 17/24: 24.2% (470/1940)
[2025-11-17 19:14:53][INFO][Rank 0] - train Epoch 17/24: 24.7% (480/1940)
[2025-11-17 19:15:01][INFO][Rank 0] - train Epoch 17/24: 25.3% (490/1940)
[2025-11-17 19:15:08][INFO][Rank 0] - train Epoch 17/24: 25.8% (500/1940)
[2025-11-17 19:15:15][INFO][Rank 0] - train Epoch 17/24: 26.3% (510/1940)
[2025-11-17 19:15:22][INFO][Rank 0] - train Epoch 17/24: 26.8% (520/1940)
[2025-11-17 19:15:29][INFO][Rank 0] - train Epoch 17/24: 27.3% (530/1940)
[2025-11-17 19:15:36][INFO][Rank 0] - train Epoch 17/24: 27.8% (540/1940)
[2025-11-17 19:15:36][INFO][Rank 0] - CUDA Memory [train][Step 540]: Device 0: Allocated: 3309.6 MB, Reserved: 117540.0 MB (Δ: +1687.0 MB)
[2025-11-17 19:15:43][INFO][Rank 0] - train Epoch 17/24: 28.4% (550/1940)
[2025-11-17 19:15:50][INFO][Rank 0] - train Epoch 17/24: 28.9% (560/1940)
[2025-11-17 19:15:57][INFO][Rank 0] - train Epoch 17/24: 29.4% (570/1940)
[2025-11-17 19:16:04][INFO][Rank 0] - train Epoch 17/24: 29.9% (580/1940)
[2025-11-17 19:16:11][INFO][Rank 0] - train Epoch 17/24: 30.4% (590/1940)
[2025-11-17 19:16:18][INFO][Rank 0] - train Epoch 17/24: 30.9% (600/1940)
[2025-11-17 19:16:25][INFO][Rank 0] - train Epoch 17/24: 31.4% (610/1940)
[2025-11-17 19:16:32][INFO][Rank 0] - train Epoch 17/24: 32.0% (620/1940)
[2025-11-17 19:16:39][INFO][Rank 0] - train Epoch 17/24: 32.5% (630/1940)
[2025-11-17 19:16:40][INFO][Rank 0] - CUDA Memory [train][Step 630]: Device 0: Allocated: 3309.6 MB, Reserved: 117540.0 MB (Δ: +1687.0 MB)
[2025-11-17 19:16:46][INFO][Rank 0] - train Epoch 17/24: 33.0% (640/1940)
[2025-11-17 19:16:53][INFO][Rank 0] - train Epoch 17/24: 33.5% (650/1940)
[2025-11-17 19:17:00][INFO][Rank 0] - train Epoch 17/24: 34.0% (660/1940)
[2025-11-17 19:17:08][INFO][Rank 0] - train Epoch 17/24: 34.5% (670/1940)
[2025-11-17 19:17:15][INFO][Rank 0] - train Epoch 17/24: 35.1% (680/1940)
[2025-11-17 19:17:22][INFO][Rank 0] - train Epoch 17/24: 35.6% (690/1940)
[2025-11-17 19:17:29][INFO][Rank 0] - train Epoch 17/24: 36.1% (700/1940)
[2025-11-17 19:17:36][INFO][Rank 0] - train Epoch 17/24: 36.6% (710/1940)
[2025-11-17 19:17:43][INFO][Rank 0] - train Epoch 17/24: 37.1% (720/1940)
[2025-11-17 19:17:44][INFO][Rank 0] - CUDA Memory [train][Step 720]: Device 0: Allocated: 3309.6 MB, Reserved: 117540.0 MB (Δ: +1687.0 MB)
[2025-11-17 19:17:50][INFO][Rank 0] - train Epoch 17/24: 37.6% (730/1940)
[2025-11-17 19:17:57][INFO][Rank 0] - train Epoch 17/24: 38.1% (740/1940)
[2025-11-17 19:18:04][INFO][Rank 0] - train Epoch 17/24: 38.7% (750/1940)
[2025-11-17 19:18:11][INFO][Rank 0] - train Epoch 17/24: 39.2% (760/1940)
[2025-11-17 19:18:18][INFO][Rank 0] - train Epoch 17/24: 39.7% (770/1940)
[2025-11-17 19:18:25][INFO][Rank 0] - train Epoch 17/24: 40.2% (780/1940)
[2025-11-17 19:18:32][INFO][Rank 0] - train Epoch 17/24: 40.7% (790/1940)
[2025-11-17 19:18:39][INFO][Rank 0] - train Epoch 17/24: 41.2% (800/1940)
[2025-11-17 19:18:46][INFO][Rank 0] - train Epoch 17/24: 41.8% (810/1940)
[2025-11-17 19:18:47][INFO][Rank 0] - CUDA Memory [train][Step 810]: Device 0: Allocated: 3309.6 MB, Reserved: 117540.0 MB (Δ: +1687.0 MB)
[2025-11-17 19:18:53][INFO][Rank 0] - train Epoch 17/24: 42.3% (820/1940)
[2025-11-17 19:19:00][INFO][Rank 0] - train Epoch 17/24: 42.8% (830/1940)
[2025-11-17 19:19:07][INFO][Rank 0] - train Epoch 17/24: 43.3% (840/1940)
[2025-11-17 19:19:15][INFO][Rank 0] - train Epoch 17/24: 43.8% (850/1940)
[2025-11-17 19:19:22][INFO][Rank 0] - train Epoch 17/24: 44.3% (860/1940)
[2025-11-17 19:19:29][INFO][Rank 0] - train Epoch 17/24: 44.8% (870/1940)
[2025-11-17 19:19:36][INFO][Rank 0] - train Epoch 17/24: 45.4% (880/1940)
[2025-11-17 19:19:43][INFO][Rank 0] - train Epoch 17/24: 45.9% (890/1940)
[2025-11-17 19:19:50][INFO][Rank 0] - train Epoch 17/24: 46.4% (900/1940)
[2025-11-17 19:19:51][INFO][Rank 0] - CUDA Memory [train][Step 900]: Device 0: Allocated: 3309.6 MB, Reserved: 117540.0 MB (Δ: +1687.0 MB)
[2025-11-17 19:19:57][INFO][Rank 0] - train Epoch 17/24: 46.9% (910/1940)
[2025-11-17 19:20:04][INFO][Rank 0] - train Epoch 17/24: 47.4% (920/1940)
[2025-11-17 19:20:11][INFO][Rank 0] - train Epoch 17/24: 47.9% (930/1940)
[2025-11-17 19:20:18][INFO][Rank 0] - train Epoch 17/24: 48.5% (940/1940)
[2025-11-17 19:20:25][INFO][Rank 0] - train Epoch 17/24: 49.0% (950/1940)
[2025-11-17 19:20:32][INFO][Rank 0] - train Epoch 17/24: 49.5% (960/1940)
[2025-11-17 19:20:39][INFO][Rank 0] - train Epoch 17/24: 50.0% (970/1940)
[2025-11-17 19:20:46][INFO][Rank 0] - train Epoch 17/24: 50.5% (980/1940)
[2025-11-17 19:20:53][INFO][Rank 0] - train Epoch 17/24: 51.0% (990/1940)
[2025-11-17 19:20:54][INFO][Rank 0] - CUDA Memory [train][Step 990]: Device 0: Allocated: 3309.6 MB, Reserved: 117540.0 MB (Δ: +1687.0 MB)
[2025-11-17 19:21:00][INFO][Rank 0] - train Epoch 17/24: 51.5% (1000/1940)
[2025-11-17 19:21:07][INFO][Rank 0] - train Epoch 17/24: 52.1% (1010/1940)
[2025-11-17 19:21:14][INFO][Rank 0] - train Epoch 17/24: 52.6% (1020/1940)
[2025-11-17 19:21:22][INFO][Rank 0] - train Epoch 17/24: 53.1% (1030/1940)
[2025-11-17 19:21:29][INFO][Rank 0] - train Epoch 17/24: 53.6% (1040/1940)
[2025-11-17 19:21:36][INFO][Rank 0] - train Epoch 17/24: 54.1% (1050/1940)
[2025-11-17 19:21:43][INFO][Rank 0] - train Epoch 17/24: 54.6% (1060/1940)
[2025-11-17 19:21:50][INFO][Rank 0] - train Epoch 17/24: 55.2% (1070/1940)
[2025-11-17 19:21:57][INFO][Rank 0] - train Epoch 17/24: 55.7% (1080/1940)
[2025-11-17 19:21:58][INFO][Rank 0] - CUDA Memory [train][Step 1080]: Device 0: Allocated: 3309.6 MB, Reserved: 117540.0 MB (Δ: +1687.0 MB)
[2025-11-17 19:22:04][INFO][Rank 0] - train Epoch 17/24: 56.2% (1090/1940)
[2025-11-17 19:22:11][INFO][Rank 0] - train Epoch 17/24: 56.7% (1100/1940)
[2025-11-17 19:22:18][INFO][Rank 0] - train Epoch 17/24: 57.2% (1110/1940)
[2025-11-17 19:22:25][INFO][Rank 0] - train Epoch 17/24: 57.7% (1120/1940)
[2025-11-17 19:22:32][INFO][Rank 0] - train Epoch 17/24: 58.2% (1130/1940)
[2025-11-17 19:22:39][INFO][Rank 0] - train Epoch 17/24: 58.8% (1140/1940)
[2025-11-17 19:22:46][INFO][Rank 0] - train Epoch 17/24: 59.3% (1150/1940)
[2025-11-17 19:22:53][INFO][Rank 0] - train Epoch 17/24: 59.8% (1160/1940)
[2025-11-17 19:23:00][INFO][Rank 0] - train Epoch 17/24: 60.3% (1170/1940)
[2025-11-17 19:23:01][INFO][Rank 0] - CUDA Memory [train][Step 1170]: Device 0: Allocated: 3309.6 MB, Reserved: 117540.0 MB (Δ: +1687.0 MB)
[2025-11-17 19:23:07][INFO][Rank 0] - train Epoch 17/24: 60.8% (1180/1940)
[2025-11-17 19:23:14][INFO][Rank 0] - train Epoch 17/24: 61.3% (1190/1940)
[2025-11-17 19:23:21][INFO][Rank 0] - train Epoch 17/24: 61.9% (1200/1940)
[2025-11-17 19:23:29][INFO][Rank 0] - train Epoch 17/24: 62.4% (1210/1940)
[2025-11-17 19:23:36][INFO][Rank 0] - train Epoch 17/24: 62.9% (1220/1940)
[2025-11-17 19:23:43][INFO][Rank 0] - train Epoch 17/24: 63.4% (1230/1940)
[2025-11-17 19:23:50][INFO][Rank 0] - train Epoch 17/24: 63.9% (1240/1940)
[2025-11-17 19:23:57][INFO][Rank 0] - train Epoch 17/24: 64.4% (1250/1940)
[2025-11-17 19:24:04][INFO][Rank 0] - train Epoch 17/24: 64.9% (1260/1940)
[2025-11-17 19:24:05][INFO][Rank 0] - CUDA Memory [train][Step 1260]: Device 0: Allocated: 3309.6 MB, Reserved: 117540.0 MB (Δ: +1687.0 MB)
[2025-11-17 19:24:11][INFO][Rank 0] - train Epoch 17/24: 65.5% (1270/1940)
[2025-11-17 19:24:18][INFO][Rank 0] - train Epoch 17/24: 66.0% (1280/1940)
[2025-11-17 19:24:25][INFO][Rank 0] - train Epoch 17/24: 66.5% (1290/1940)
[2025-11-17 19:24:32][INFO][Rank 0] - train Epoch 17/24: 67.0% (1300/1940)
[2025-11-17 19:24:39][INFO][Rank 0] - train Epoch 17/24: 67.5% (1310/1940)
[2025-11-17 19:24:46][INFO][Rank 0] - train Epoch 17/24: 68.0% (1320/1940)
[2025-11-17 19:24:53][INFO][Rank 0] - train Epoch 17/24: 68.6% (1330/1940)
[2025-11-17 19:25:00][INFO][Rank 0] - train Epoch 17/24: 69.1% (1340/1940)
[2025-11-17 19:25:07][INFO][Rank 0] - train Epoch 17/24: 69.6% (1350/1940)
[2025-11-17 19:25:08][INFO][Rank 0] - CUDA Memory [train][Step 1350]: Device 0: Allocated: 3309.6 MB, Reserved: 117540.0 MB (Δ: +1687.0 MB)
[2025-11-17 19:25:14][INFO][Rank 0] - train Epoch 17/24: 70.1% (1360/1940)
[2025-11-17 19:25:21][INFO][Rank 0] - train Epoch 17/24: 70.6% (1370/1940)
[2025-11-17 19:25:29][INFO][Rank 0] - train Epoch 17/24: 71.1% (1380/1940)
[2025-11-17 19:25:36][INFO][Rank 0] - train Epoch 17/24: 71.6% (1390/1940)
[2025-11-17 19:25:43][INFO][Rank 0] - train Epoch 17/24: 72.2% (1400/1940)
[2025-11-17 19:25:50][INFO][Rank 0] - train Epoch 17/24: 72.7% (1410/1940)
[2025-11-17 19:25:57][INFO][Rank 0] - train Epoch 17/24: 73.2% (1420/1940)
[2025-11-17 19:26:04][INFO][Rank 0] - train Epoch 17/24: 73.7% (1430/1940)
[2025-11-17 19:26:11][INFO][Rank 0] - train Epoch 17/24: 74.2% (1440/1940)
[2025-11-17 19:26:12][INFO][Rank 0] - CUDA Memory [train][Step 1440]: Device 0: Allocated: 3309.6 MB, Reserved: 117540.0 MB (Δ: +1687.0 MB)
[2025-11-17 19:26:18][INFO][Rank 0] - train Epoch 17/24: 74.7% (1450/1940)
[2025-11-17 19:26:25][INFO][Rank 0] - train Epoch 17/24: 75.3% (1460/1940)
[2025-11-17 19:26:32][INFO][Rank 0] - train Epoch 17/24: 75.8% (1470/1940)
[2025-11-17 19:26:39][INFO][Rank 0] - train Epoch 17/24: 76.3% (1480/1940)
[2025-11-17 19:26:46][INFO][Rank 0] - train Epoch 17/24: 76.8% (1490/1940)
[2025-11-17 19:26:53][INFO][Rank 0] - train Epoch 17/24: 77.3% (1500/1940)
[2025-11-17 19:27:00][INFO][Rank 0] - train Epoch 17/24: 77.8% (1510/1940)
[2025-11-17 19:27:07][INFO][Rank 0] - train Epoch 17/24: 78.4% (1520/1940)
[2025-11-17 19:27:14][INFO][Rank 0] - train Epoch 17/24: 78.9% (1530/1940)
[2025-11-17 19:27:15][INFO][Rank 0] - CUDA Memory [train][Step 1530]: Device 0: Allocated: 3309.6 MB, Reserved: 117540.0 MB (Δ: +1687.0 MB)
[2025-11-17 19:27:21][INFO][Rank 0] - train Epoch 17/24: 79.4% (1540/1940)
[2025-11-17 19:27:28][INFO][Rank 0] - train Epoch 17/24: 79.9% (1550/1940)
[2025-11-17 19:27:36][INFO][Rank 0] - train Epoch 17/24: 80.4% (1560/1940)
[2025-11-17 19:27:43][INFO][Rank 0] - train Epoch 17/24: 80.9% (1570/1940)
[2025-11-17 19:27:50][INFO][Rank 0] - train Epoch 17/24: 81.4% (1580/1940)
[2025-11-17 19:27:57][INFO][Rank 0] - train Epoch 17/24: 82.0% (1590/1940)
[2025-11-17 19:28:04][INFO][Rank 0] - train Epoch 17/24: 82.5% (1600/1940)
[2025-11-17 19:28:11][INFO][Rank 0] - train Epoch 17/24: 83.0% (1610/1940)
[2025-11-17 19:28:18][INFO][Rank 0] - train Epoch 17/24: 83.5% (1620/1940)
[2025-11-17 19:28:19][INFO][Rank 0] - CUDA Memory [train][Step 1620]: Device 0: Allocated: 3309.6 MB, Reserved: 117540.0 MB (Δ: +1687.0 MB)
[2025-11-17 19:28:25][INFO][Rank 0] - train Epoch 17/24: 84.0% (1630/1940)
[2025-11-17 19:28:32][INFO][Rank 0] - train Epoch 17/24: 84.5% (1640/1940)
[2025-11-17 19:28:39][INFO][Rank 0] - train Epoch 17/24: 85.1% (1650/1940)
[2025-11-17 19:28:46][INFO][Rank 0] - train Epoch 17/24: 85.6% (1660/1940)
[2025-11-17 19:28:53][INFO][Rank 0] - train Epoch 17/24: 86.1% (1670/1940)
[2025-11-17 19:29:00][INFO][Rank 0] - train Epoch 17/24: 86.6% (1680/1940)
[2025-11-17 19:29:07][INFO][Rank 0] - train Epoch 17/24: 87.1% (1690/1940)
[2025-11-17 19:29:14][INFO][Rank 0] - train Epoch 17/24: 87.6% (1700/1940)
[2025-11-17 19:29:21][INFO][Rank 0] - train Epoch 17/24: 88.1% (1710/1940)
[2025-11-17 19:29:22][INFO][Rank 0] - CUDA Memory [train][Step 1710]: Device 0: Allocated: 3309.6 MB, Reserved: 117540.0 MB (Δ: +1687.0 MB)
[2025-11-17 19:29:28][INFO][Rank 0] - train Epoch 17/24: 88.7% (1720/1940)
[2025-11-17 19:29:35][INFO][Rank 0] - train Epoch 17/24: 89.2% (1730/1940)
[2025-11-17 19:29:43][INFO][Rank 0] - train Epoch 17/24: 89.7% (1740/1940)
[2025-11-17 19:29:50][INFO][Rank 0] - train Epoch 17/24: 90.2% (1750/1940)
[2025-11-17 19:29:57][INFO][Rank 0] - train Epoch 17/24: 90.7% (1760/1940)
[2025-11-17 19:30:04][INFO][Rank 0] - train Epoch 17/24: 91.2% (1770/1940)
[2025-11-17 19:30:11][INFO][Rank 0] - train Epoch 17/24: 91.8% (1780/1940)
[2025-11-17 19:30:18][INFO][Rank 0] - train Epoch 17/24: 92.3% (1790/1940)
[2025-11-17 19:30:25][INFO][Rank 0] - train Epoch 17/24: 92.8% (1800/1940)
[2025-11-17 19:30:26][INFO][Rank 0] - CUDA Memory [train][Step 1800]: Device 0: Allocated: 3309.6 MB, Reserved: 117540.0 MB (Δ: +1687.0 MB)
[2025-11-17 19:30:32][INFO][Rank 0] - train Epoch 17/24: 93.3% (1810/1940)
[2025-11-17 19:30:39][INFO][Rank 0] - train Epoch 17/24: 93.8% (1820/1940)
[2025-11-17 19:30:46][INFO][Rank 0] - train Epoch 17/24: 94.3% (1830/1940)
[2025-11-17 19:30:53][INFO][Rank 0] - train Epoch 17/24: 94.8% (1840/1940)
[2025-11-17 19:31:00][INFO][Rank 0] - train Epoch 17/24: 95.4% (1850/1940)
[2025-11-17 19:31:07][INFO][Rank 0] - train Epoch 17/24: 95.9% (1860/1940)
[2025-11-17 19:31:14][INFO][Rank 0] - train Epoch 17/24: 96.4% (1870/1940)
[2025-11-17 19:31:21][INFO][Rank 0] - train Epoch 17/24: 96.9% (1880/1940)
[2025-11-17 19:31:28][INFO][Rank 0] - train Epoch 17/24: 97.4% (1890/1940)
[2025-11-17 19:31:29][INFO][Rank 0] - CUDA Memory [train][Step 1890]: Device 0: Allocated: 3309.6 MB, Reserved: 117540.0 MB (Δ: +1687.0 MB)
[2025-11-17 19:31:35][INFO][Rank 0] - train Epoch 17/24: 97.9% (1900/1940)
[2025-11-17 19:31:42][INFO][Rank 0] - train Epoch 17/24: 98.5% (1910/1940)
[2025-11-17 19:31:50][INFO][Rank 0] - train Epoch 17/24: 99.0% (1920/1940)
[2025-11-17 19:31:57][INFO][Rank 0] - train Epoch 17/24: 99.5% (1930/1940)
[2025-11-17 19:32:03][INFO][Rank 0] - train Epoch 17/24: 99.9% (1939/1940)
[2025-11-17 19:32:04][INFO][Rank 0] - train Loss: 0.1536 Acc: 0.9732 F1: 0.9861
[2025-11-17 19:32:04][INFO][Rank 0] - train Balanced Acc: 0.8933 AUC-ROC: 0.9678
[2025-11-17 19:32:04][INFO][Rank 0] - train Sensitivity: 0.9777 Specificity: 0.8090
[2025-11-17 19:32:04][INFO][Rank 0] - train Confusion Matrix: TP=18465, FP=98, FN=422, TN=415
[2025-11-17 19:32:04][INFO][Rank 0] - train completed in 1369.39s
[2025-11-17 19:32:04][INFO][Rank 0] - Data loading time: 0.96s, Forward time: 278.41s, Backward time: 742.06s
[2025-11-17 19:32:04][INFO][Rank 0] - train cache: 0/1 items, hit rate: 0.00%
[2025-11-17 19:32:04][INFO][Rank 0] - CUDA Memory [val][Step 0]: Device 0: Allocated: 3309.6 MB, Reserved: 117540.0 MB (Δ: +1687.0 MB)
[2025-11-17 19:32:04][INFO][Rank 0] - val phase: total 407 batches
[2025-11-17 19:32:04][INFO][Rank 0] - val Epoch 17/24: 0.0% (0/407)
[2025-11-17 19:32:09][INFO][Rank 0] - val Epoch 17/24: 2.5% (10/407)
[2025-11-17 19:32:14][INFO][Rank 0] - val Epoch 17/24: 4.9% (20/407)
[2025-11-17 19:32:19][INFO][Rank 0] - val Epoch 17/24: 7.4% (30/407)
[2025-11-17 19:32:24][INFO][Rank 0] - val Epoch 17/24: 9.8% (40/407)
[2025-11-17 19:32:29][INFO][Rank 0] - val Epoch 17/24: 12.3% (50/407)
[2025-11-17 19:32:34][INFO][Rank 0] - val Epoch 17/24: 14.7% (60/407)
[2025-11-17 19:32:39][INFO][Rank 0] - val Epoch 17/24: 17.2% (70/407)
[2025-11-17 19:32:44][INFO][Rank 0] - val Epoch 17/24: 19.7% (80/407)
[2025-11-17 19:32:49][INFO][Rank 0] - val Epoch 17/24: 22.1% (90/407)
[2025-11-17 19:32:54][INFO][Rank 0] - val Epoch 17/24: 24.6% (100/407)
[2025-11-17 19:32:59][INFO][Rank 0] - val Epoch 17/24: 27.0% (110/407)
[2025-11-17 19:33:04][INFO][Rank 0] - val Epoch 17/24: 29.5% (120/407)
[2025-11-17 19:33:04][INFO][Rank 0] - CUDA Memory [val][Step 120]: Device 0: Allocated: 3309.6 MB, Reserved: 117540.0 MB (Δ: +1687.0 MB)
[2025-11-17 19:33:09][INFO][Rank 0] - val Epoch 17/24: 31.9% (130/407)
[2025-11-17 19:33:14][INFO][Rank 0] - val Epoch 17/24: 34.4% (140/407)
[2025-11-17 19:33:19][INFO][Rank 0] - val Epoch 17/24: 36.9% (150/407)
[2025-11-17 19:33:24][INFO][Rank 0] - val Epoch 17/24: 39.3% (160/407)
[2025-11-17 19:33:29][INFO][Rank 0] - val Epoch 17/24: 41.8% (170/407)
[2025-11-17 19:33:34][INFO][Rank 0] - val Epoch 17/24: 44.2% (180/407)
[2025-11-17 19:33:39][INFO][Rank 0] - val Epoch 17/24: 46.7% (190/407)
[2025-11-17 19:33:44][INFO][Rank 0] - val Epoch 17/24: 49.1% (200/407)
[2025-11-17 19:33:49][INFO][Rank 0] - val Epoch 17/24: 51.6% (210/407)
[2025-11-17 19:33:54][INFO][Rank 0] - val Epoch 17/24: 54.1% (220/407)
[2025-11-17 19:33:59][INFO][Rank 0] - val Epoch 17/24: 56.5% (230/407)
[2025-11-17 19:34:04][INFO][Rank 0] - val Epoch 17/24: 59.0% (240/407)
[2025-11-17 19:34:09][INFO][Rank 0] - val Epoch 17/24: 61.4% (250/407)
[2025-11-17 19:34:14][INFO][Rank 0] - val Epoch 17/24: 63.9% (260/407)
[2025-11-17 19:34:19][INFO][Rank 0] - val Epoch 17/24: 66.3% (270/407)
[2025-11-17 19:34:19][INFO][Rank 0] - CUDA Memory [val][Step 270]: Device 0: Allocated: 3309.6 MB, Reserved: 117540.0 MB (Δ: +1687.0 MB)
[2025-11-17 19:34:24][INFO][Rank 0] - val Epoch 17/24: 68.8% (280/407)
[2025-11-17 19:34:29][INFO][Rank 0] - val Epoch 17/24: 71.3% (290/407)
[2025-11-17 19:34:34][INFO][Rank 0] - val Epoch 17/24: 73.7% (300/407)
[2025-11-17 19:34:39][INFO][Rank 0] - val Epoch 17/24: 76.2% (310/407)
[2025-11-17 19:34:44][INFO][Rank 0] - val Epoch 17/24: 78.6% (320/407)
[2025-11-17 19:34:49][INFO][Rank 0] - val Epoch 17/24: 81.1% (330/407)
[2025-11-17 19:34:54][INFO][Rank 0] - val Epoch 17/24: 83.5% (340/407)
[2025-11-17 19:34:59][INFO][Rank 0] - val Epoch 17/24: 86.0% (350/407)
[2025-11-17 19:35:04][INFO][Rank 0] - val Epoch 17/24: 88.5% (360/407)
[2025-11-17 19:35:09][INFO][Rank 0] - val Epoch 17/24: 90.9% (370/407)
[2025-11-17 19:35:14][INFO][Rank 0] - val Epoch 17/24: 93.4% (380/407)
[2025-11-17 19:35:19][INFO][Rank 0] - val Epoch 17/24: 95.8% (390/407)
[2025-11-17 19:35:24][INFO][Rank 0] - val Epoch 17/24: 98.3% (400/407)
[2025-11-17 19:35:27][INFO][Rank 0] - val Epoch 17/24: 99.8% (406/407)
[2025-11-17 19:35:27][INFO][Rank 0] - val Loss: 0.0886 Acc: 0.9713 F1: 0.9851
[2025-11-17 19:35:27][INFO][Rank 0] - val Balanced Acc: 0.9341 AUC-ROC: 0.9847
[2025-11-17 19:35:27][INFO][Rank 0] - val Sensitivity: 0.9729 Specificity: 0.8953
[2025-11-17 19:35:27][INFO][Rank 0] - val Confusion Matrix: TP=3876, FP=9, FN=108, TN=77
[2025-11-17 19:35:27][INFO][Rank 0] - val completed in 203.37s
[2025-11-17 19:35:27][INFO][Rank 0] - val cache: 0/1 items, hit rate: 0.00%
[2025-11-17 19:35:31][INFO][Rank 0] - Saved new best auc model with auc: 0.9847 at /projects/retprogression/rgarridogarcia/checkpoints/cropped1024_cropped_centered_wt_allR_1/best_auc_model.pth
[2025-11-17 19:35:34][INFO][Rank 0] - Saved epoch checkpoint at /projects/retprogression/rgarridogarcia/checkpoints/cropped1024_cropped_centered_wt_allR_1/epoch_17.pth
[2025-11-17 19:35:34][INFO][Rank 0] - Epoch 17 summary:
[2025-11-17 19:35:34][INFO][Rank 0] -  Train Loss: 0.1536, Train Acc: 0.9732, Train F1: 0.9861
[2025-11-17 19:35:34][INFO][Rank 0] -  Train Balanced Acc: 0.8933, Train AUC: 0.9678
[2025-11-17 19:35:34][INFO][Rank 0] -  Train Sensitivity: 0.9777, Train Specificity: 0.8090
[2025-11-17 19:35:34][INFO][Rank 0] -  Val Loss: 0.0886, Val Acc: 0.9713, Val F1: 0.9851
[2025-11-17 19:35:34][INFO][Rank 0] -  Val Balanced Acc: 0.9341, Val AUC: 0.9847
[2025-11-17 19:35:34][INFO][Rank 0] -  Val Sensitivity: 0.9729, Val Specificity: 0.8953
[2025-11-17 19:35:34][INFO][Rank 0] -  Total Epoch Time: 1580.18s
[2025-11-17 19:35:34][INFO][Rank 0] - Epoch 18/24
[2025-11-17 19:35:34][INFO][Rank 0] - ----------
[2025-11-17 19:35:34][INFO][Rank 0] - CUDA Memory [train][Step 0]: Device 0: Allocated: 3309.6 MB, Reserved: 117540.0 MB (Δ: +1687.0 MB)
[2025-11-17 19:35:34][INFO][Rank 0] - train phase: total 1940 batches
[2025-11-17 19:35:35][INFO][Rank 0] - train Epoch 18/24: 0.0% (0/1940)
[2025-11-17 19:35:42][INFO][Rank 0] - train Epoch 18/24: 0.5% (10/1940)
[2025-11-17 19:35:49][INFO][Rank 0] - train Epoch 18/24: 1.0% (20/1940)
[2025-11-17 19:35:56][INFO][Rank 0] - train Epoch 18/24: 1.5% (30/1940)
[2025-11-17 19:36:03][INFO][Rank 0] - train Epoch 18/24: 2.1% (40/1940)
[2025-11-17 19:36:10][INFO][Rank 0] - train Epoch 18/24: 2.6% (50/1940)
[2025-11-17 19:36:17][INFO][Rank 0] - train Epoch 18/24: 3.1% (60/1940)
[2025-11-17 19:36:24][INFO][Rank 0] - train Epoch 18/24: 3.6% (70/1940)
[2025-11-17 19:36:31][INFO][Rank 0] - train Epoch 18/24: 4.1% (80/1940)
[2025-11-17 19:36:38][INFO][Rank 0] - train Epoch 18/24: 4.6% (90/1940)
[2025-11-17 19:36:39][INFO][Rank 0] - CUDA Memory [train][Step 90]: Device 0: Allocated: 3309.6 MB, Reserved: 117540.0 MB (Δ: +1687.0 MB)
[2025-11-17 19:36:45][INFO][Rank 0] - train Epoch 18/24: 5.2% (100/1940)
[2025-11-17 19:36:52][INFO][Rank 0] - train Epoch 18/24: 5.7% (110/1940)
[2025-11-17 19:36:59][INFO][Rank 0] - train Epoch 18/24: 6.2% (120/1940)
[2025-11-17 19:37:07][INFO][Rank 0] - train Epoch 18/24: 6.7% (130/1940)
[2025-11-17 19:37:14][INFO][Rank 0] - train Epoch 18/24: 7.2% (140/1940)
[2025-11-17 19:37:21][INFO][Rank 0] - train Epoch 18/24: 7.7% (150/1940)
[2025-11-17 19:37:28][INFO][Rank 0] - train Epoch 18/24: 8.2% (160/1940)
[2025-11-17 19:37:35][INFO][Rank 0] - train Epoch 18/24: 8.8% (170/1940)
[2025-11-17 19:37:42][INFO][Rank 0] - train Epoch 18/24: 9.3% (180/1940)
[2025-11-17 19:37:43][INFO][Rank 0] - CUDA Memory [train][Step 180]: Device 0: Allocated: 3309.6 MB, Reserved: 117540.0 MB (Δ: +1687.0 MB)
[2025-11-17 19:37:49][INFO][Rank 0] - train Epoch 18/24: 9.8% (190/1940)
[2025-11-17 19:37:56][INFO][Rank 0] - train Epoch 18/24: 10.3% (200/1940)
[2025-11-17 19:38:03][INFO][Rank 0] - train Epoch 18/24: 10.8% (210/1940)
[2025-11-17 19:38:10][INFO][Rank 0] - train Epoch 18/24: 11.3% (220/1940)
[2025-11-17 19:38:17][INFO][Rank 0] - train Epoch 18/24: 11.9% (230/1940)
[2025-11-17 19:38:24][INFO][Rank 0] - train Epoch 18/24: 12.4% (240/1940)
slurmstepd: error: *** JOB 2806870 ON d4054 CANCELLED AT 2025-11-17T19:38:30 DUE TO TIME LIMIT ***
