Python location: /projects/retprogression/pytorch_cu121_env/bin/python
CUDA available: True
GPU count: 1
Run ID: 2
Using port: 57569
Running experiment: experiment_res_1024
Using image resolution: 1024x1024
[2025-11-18 11:29:47,659][root][INFO] - Checkpoint directory prepared at /projects/retprogression/rgarridogarcia/checkpoints/cropped1024_cropped_centered_allR_2
[2025-11-18 11:29:47][INFO] - Starting training with configuration summary:
[2025-11-18 11:29:47][INFO] -  exp:
[2025-11-18 11:29:47][INFO] -  _metadata: ContainerMetadata(ref_type=typing.Any, object_type=<class 'dict'>, optional=True, key='exp', flags={}, flags_root=False, resolver_cache=defaultdict(<class 'dict'>, {}), key_type=typing.Any, element_type=typing.Any)
[2025-11-18 11:29:47][INFO] -  _parent: {'run_id': 2, 'caching': {'enabled': True, 'prefetch_factor': 2, 'train_cache_size': 1000, 'val_cache_size': 1000}, 'criterion': {'alpha': 0.25, 'weight_method': 'inverse_frequency', 'gamma': 2.0, 'type': 'cross_entropy', 'use_class_weights': True}, 'data': {'annotations_file_name': '/projects/retprogression/gradable_dr/clean_gradable_dr_2_', 'augmentation': {'enabled': False, 'type': 'none'}, 'batch_size': 10, 'class_labels': 'gradable_binary_DR', 'data_dir': '/projects/retprogression/', 'img_dir': 'complete_cropped_1024_centered_10272025_allRight', 'num_workers': 7, 'resolution': 1024, 'shuffle': True, 'weighted_sampler': {'enabled': False, 'generator_seed': 42, 'target_minority_ratio': 0.2}}, 'distributed': {'backend': 'nccl', 'world_size': 1}, 'early_stopping': {'enabled': False, 'metric': 'f1_score', 'min_delta': 0.001, 'mode': 'max', 'patience': 8}, 'exp': {'checkpoint_dir': '/projects/retprogression/rgarridogarcia/checkpoints/cropped1024_cropped_centered_allR_2', 'checkpoint_freq': 1, 'checkpoint_name': '', 'experiment_name': 'swinv2_res1024', 'master_port': 57569, 'num_epochs': 25}, 'experiment_res_1024': {'data': {'augmentation': {'enabled': False, 'type': 'none'}, 'batch_size': 10, 'resolution': 1024, 'img_dir': 'complete_cropped_1024_centered_10272025_allRight'}, 'exp': {'checkpoint_dir': '/projects/retprogression/rgarridogarcia/checkpoints/cropped1024_cropped_centered_allR_2', 'checkpoint_name': '', 'experiment_name': 'swinv2_res1024', 'num_epochs': 25}, 'lr_scheduler': {'type': 'cosine', 'warmup': {'enabled': True, 'min_lr': 1e-07, 'warmup_proportion': 0.15}}, 'model': {'img_size': 1024, 'name': 'swinv2_large_window12to16_192to256.ms_in22k_ft_in1k', 'pretrained': True, 'num_classes': 2}, 'optimization': {'amp_enabled': True, 'gradient_accumulation_steps': 16, 'gradient_clipping': 0.5}, 'optimizer': {'optimizer': None, 'name': 'adam', 'lr': 5e-06, 'weight_decay': 0.001, 'momentum': 0.9}}, 'experiment_res_1024_oversample_50': {'criterion': {'class_weights': [1.0, 1.0], 'type': 'cross_entropy', 'use_class_weights': True}, 'data': {'augmentation': {'strength': 'strong'}, 'batch_size': 4, 'resolution': 1024, 'weighted_sampler': {'enabled': True, 'generator_seed': 42, 'target_minority_ratio': 0.5}}, 'exp': {'checkpoint_dir': '/projects/retprogression/rgarridogarcia/checkpoints/relabled_clean_gradable_swinv2_resolution1024_oversample50_2', 'checkpoint_name': 'epoch_23.pth', 'experiment_name': 'swinv2_res1024', 'master_port': 23450, 'num_epochs': 25}, 'lr_scheduler': {'type': 'cosine', 'warmup': {'enabled': True, 'min_lr': 1e-07, 'warmup_proportion': 0.15}}, 'model': {'img_size': 1024, 'name': 'swinv2_large_window12to16_192to256.ms_in22k_ft_in1k'}, 'optimization': {'amp_enabled': True, 'gradient_accumulation_steps': 16, 'gradient_clipping': 0.5}, 'optimizer': {'lr': 5e-06}}, 'lr_scheduler': {'type': 'cosine', 'warmup': {'enabled': True, 'min_lr': 1e-07, 'warmup_proportion': 0.15}}, 'model': {'img_size': 1024, 'name': 'swinv2_large_window12to16_192to256.ms_in22k_ft_in1k', 'pretrained': True, 'num_classes': 2}, 'optimization': {'amp_enabled': True, 'gradient_accumulation_steps': 16, 'gradient_clipping': 0.5}, 'optimizer': {'optimizer': None, 'name': 'adam', 'lr': 5e-06, 'weight_decay': 0.001, 'momentum': 0.9}}
[2025-11-18 11:29:47][INFO] -  _flags_cache: {'struct': None, 'readonly': None, 'convert': None, 'allow_objects': None}
[2025-11-18 11:29:47][INFO] -  _content: {'checkpoint_dir': '/projects/retprogression/rgarridogarcia/checkpoints/cropped1024_cropped_centered_allR_2', 'checkpoint_freq': 1, 'checkpoint_name': '', 'experiment_name': 'swinv2_res1024', 'master_port': 57569, 'num_epochs': 25}
[2025-11-18 11:29:47][INFO] -  data:
[2025-11-18 11:29:47][INFO] -  _metadata: ContainerMetadata(ref_type=typing.Any, object_type=<class 'dict'>, optional=True, key='data', flags={}, flags_root=False, resolver_cache=defaultdict(<class 'dict'>, {}), key_type=typing.Any, element_type=typing.Any)
[2025-11-18 11:29:47][INFO] -  _parent: {'run_id': 2, 'caching': {'enabled': True, 'prefetch_factor': 2, 'train_cache_size': 1000, 'val_cache_size': 1000}, 'criterion': {'alpha': 0.25, 'weight_method': 'inverse_frequency', 'gamma': 2.0, 'type': 'cross_entropy', 'use_class_weights': True}, 'data': {'annotations_file_name': '/projects/retprogression/gradable_dr/clean_gradable_dr_2_', 'augmentation': {'enabled': False, 'type': 'none'}, 'batch_size': 10, 'class_labels': 'gradable_binary_DR', 'data_dir': '/projects/retprogression/', 'img_dir': 'complete_cropped_1024_centered_10272025_allRight', 'num_workers': 7, 'resolution': 1024, 'shuffle': True, 'weighted_sampler': {'enabled': False, 'generator_seed': 42, 'target_minority_ratio': 0.2}}, 'distributed': {'backend': 'nccl', 'world_size': 1}, 'early_stopping': {'enabled': False, 'metric': 'f1_score', 'min_delta': 0.001, 'mode': 'max', 'patience': 8}, 'exp': {'checkpoint_dir': '/projects/retprogression/rgarridogarcia/checkpoints/cropped1024_cropped_centered_allR_2', 'checkpoint_freq': 1, 'checkpoint_name': '', 'experiment_name': 'swinv2_res1024', 'master_port': 57569, 'num_epochs': 25}, 'experiment_res_1024': {'data': {'augmentation': {'enabled': False, 'type': 'none'}, 'batch_size': 10, 'resolution': 1024, 'img_dir': 'complete_cropped_1024_centered_10272025_allRight'}, 'exp': {'checkpoint_dir': '/projects/retprogression/rgarridogarcia/checkpoints/cropped1024_cropped_centered_allR_2', 'checkpoint_name': '', 'experiment_name': 'swinv2_res1024', 'num_epochs': 25}, 'lr_scheduler': {'type': 'cosine', 'warmup': {'enabled': True, 'min_lr': 1e-07, 'warmup_proportion': 0.15}}, 'model': {'img_size': 1024, 'name': 'swinv2_large_window12to16_192to256.ms_in22k_ft_in1k', 'pretrained': True, 'num_classes': 2}, 'optimization': {'amp_enabled': True, 'gradient_accumulation_steps': 16, 'gradient_clipping': 0.5}, 'optimizer': {'optimizer': None, 'name': 'adam', 'lr': 5e-06, 'weight_decay': 0.001, 'momentum': 0.9}}, 'experiment_res_1024_oversample_50': {'criterion': {'class_weights': [1.0, 1.0], 'type': 'cross_entropy', 'use_class_weights': True}, 'data': {'augmentation': {'strength': 'strong'}, 'batch_size': 4, 'resolution': 1024, 'weighted_sampler': {'enabled': True, 'generator_seed': 42, 'target_minority_ratio': 0.5}}, 'exp': {'checkpoint_dir': '/projects/retprogression/rgarridogarcia/checkpoints/relabled_clean_gradable_swinv2_resolution1024_oversample50_2', 'checkpoint_name': 'epoch_23.pth', 'experiment_name': 'swinv2_res1024', 'master_port': 23450, 'num_epochs': 25}, 'lr_scheduler': {'type': 'cosine', 'warmup': {'enabled': True, 'min_lr': 1e-07, 'warmup_proportion': 0.15}}, 'model': {'img_size': 1024, 'name': 'swinv2_large_window12to16_192to256.ms_in22k_ft_in1k'}, 'optimization': {'amp_enabled': True, 'gradient_accumulation_steps': 16, 'gradient_clipping': 0.5}, 'optimizer': {'lr': 5e-06}}, 'lr_scheduler': {'type': 'cosine', 'warmup': {'enabled': True, 'min_lr': 1e-07, 'warmup_proportion': 0.15}}, 'model': {'img_size': 1024, 'name': 'swinv2_large_window12to16_192to256.ms_in22k_ft_in1k', 'pretrained': True, 'num_classes': 2}, 'optimization': {'amp_enabled': True, 'gradient_accumulation_steps': 16, 'gradient_clipping': 0.5}, 'optimizer': {'optimizer': None, 'name': 'adam', 'lr': 5e-06, 'weight_decay': 0.001, 'momentum': 0.9}}
[2025-11-18 11:29:47][INFO] -  _flags_cache: {'struct': None, 'readonly': None, 'convert': None, 'allow_objects': None}
[2025-11-18 11:29:47][INFO] -  _content: {'annotations_file_name': '/projects/retprogression/gradable_dr/clean_gradable_dr_2_', 'augmentation': {'enabled': False, 'type': 'none'}, 'batch_size': 10, 'class_labels': 'gradable_binary_DR', 'data_dir': '/projects/retprogression/', 'img_dir': 'complete_cropped_1024_centered_10272025_allRight', 'num_workers': 7, 'resolution': 1024, 'shuffle': True, 'weighted_sampler': {'enabled': False, 'generator_seed': 42, 'target_minority_ratio': 0.2}}
[2025-11-18 11:29:47][INFO] -  model:
[2025-11-18 11:29:47][INFO] -  _metadata: ContainerMetadata(ref_type=typing.Any, object_type=<class 'dict'>, optional=True, key='model', flags={}, flags_root=False, resolver_cache=defaultdict(<class 'dict'>, {}), key_type=typing.Any, element_type=typing.Any)
[2025-11-18 11:29:47][INFO] -  _parent: {'run_id': 2, 'caching': {'enabled': True, 'prefetch_factor': 2, 'train_cache_size': 1000, 'val_cache_size': 1000}, 'criterion': {'alpha': 0.25, 'weight_method': 'inverse_frequency', 'gamma': 2.0, 'type': 'cross_entropy', 'use_class_weights': True}, 'data': {'annotations_file_name': '/projects/retprogression/gradable_dr/clean_gradable_dr_2_', 'augmentation': {'enabled': False, 'type': 'none'}, 'batch_size': 10, 'class_labels': 'gradable_binary_DR', 'data_dir': '/projects/retprogression/', 'img_dir': 'complete_cropped_1024_centered_10272025_allRight', 'num_workers': 7, 'resolution': 1024, 'shuffle': True, 'weighted_sampler': {'enabled': False, 'generator_seed': 42, 'target_minority_ratio': 0.2}}, 'distributed': {'backend': 'nccl', 'world_size': 1}, 'early_stopping': {'enabled': False, 'metric': 'f1_score', 'min_delta': 0.001, 'mode': 'max', 'patience': 8}, 'exp': {'checkpoint_dir': '/projects/retprogression/rgarridogarcia/checkpoints/cropped1024_cropped_centered_allR_2', 'checkpoint_freq': 1, 'checkpoint_name': '', 'experiment_name': 'swinv2_res1024', 'master_port': 57569, 'num_epochs': 25}, 'experiment_res_1024': {'data': {'augmentation': {'enabled': False, 'type': 'none'}, 'batch_size': 10, 'resolution': 1024, 'img_dir': 'complete_cropped_1024_centered_10272025_allRight'}, 'exp': {'checkpoint_dir': '/projects/retprogression/rgarridogarcia/checkpoints/cropped1024_cropped_centered_allR_2', 'checkpoint_name': '', 'experiment_name': 'swinv2_res1024', 'num_epochs': 25}, 'lr_scheduler': {'type': 'cosine', 'warmup': {'enabled': True, 'min_lr': 1e-07, 'warmup_proportion': 0.15}}, 'model': {'img_size': 1024, 'name': 'swinv2_large_window12to16_192to256.ms_in22k_ft_in1k', 'pretrained': True, 'num_classes': 2}, 'optimization': {'amp_enabled': True, 'gradient_accumulation_steps': 16, 'gradient_clipping': 0.5}, 'optimizer': {'optimizer': None, 'name': 'adam', 'lr': 5e-06, 'weight_decay': 0.001, 'momentum': 0.9}}, 'experiment_res_1024_oversample_50': {'criterion': {'class_weights': [1.0, 1.0], 'type': 'cross_entropy', 'use_class_weights': True}, 'data': {'augmentation': {'strength': 'strong'}, 'batch_size': 4, 'resolution': 1024, 'weighted_sampler': {'enabled': True, 'generator_seed': 42, 'target_minority_ratio': 0.5}}, 'exp': {'checkpoint_dir': '/projects/retprogression/rgarridogarcia/checkpoints/relabled_clean_gradable_swinv2_resolution1024_oversample50_2', 'checkpoint_name': 'epoch_23.pth', 'experiment_name': 'swinv2_res1024', 'master_port': 23450, 'num_epochs': 25}, 'lr_scheduler': {'type': 'cosine', 'warmup': {'enabled': True, 'min_lr': 1e-07, 'warmup_proportion': 0.15}}, 'model': {'img_size': 1024, 'name': 'swinv2_large_window12to16_192to256.ms_in22k_ft_in1k'}, 'optimization': {'amp_enabled': True, 'gradient_accumulation_steps': 16, 'gradient_clipping': 0.5}, 'optimizer': {'lr': 5e-06}}, 'lr_scheduler': {'type': 'cosine', 'warmup': {'enabled': True, 'min_lr': 1e-07, 'warmup_proportion': 0.15}}, 'model': {'img_size': 1024, 'name': 'swinv2_large_window12to16_192to256.ms_in22k_ft_in1k', 'pretrained': True, 'num_classes': 2}, 'optimization': {'amp_enabled': True, 'gradient_accumulation_steps': 16, 'gradient_clipping': 0.5}, 'optimizer': {'optimizer': None, 'name': 'adam', 'lr': 5e-06, 'weight_decay': 0.001, 'momentum': 0.9}}
[2025-11-18 11:29:47][INFO] -  _flags_cache: {'struct': None, 'readonly': None, 'convert': None, 'allow_objects': None}
[2025-11-18 11:29:47][INFO] -  _content: {'img_size': 1024, 'name': 'swinv2_large_window12to16_192to256.ms_in22k_ft_in1k', 'pretrained': True, 'num_classes': 2}
[2025-11-18 11:29:47][INFO] -  optimizer:
[2025-11-18 11:29:47][INFO] -  _metadata: ContainerMetadata(ref_type=typing.Any, object_type=<class 'dict'>, optional=True, key='optimizer', flags={}, flags_root=False, resolver_cache=defaultdict(<class 'dict'>, {}), key_type=typing.Any, element_type=typing.Any)
[2025-11-18 11:29:47][INFO] -  _parent: {'run_id': 2, 'caching': {'enabled': True, 'prefetch_factor': 2, 'train_cache_size': 1000, 'val_cache_size': 1000}, 'criterion': {'alpha': 0.25, 'weight_method': 'inverse_frequency', 'gamma': 2.0, 'type': 'cross_entropy', 'use_class_weights': True}, 'data': {'annotations_file_name': '/projects/retprogression/gradable_dr/clean_gradable_dr_2_', 'augmentation': {'enabled': False, 'type': 'none'}, 'batch_size': 10, 'class_labels': 'gradable_binary_DR', 'data_dir': '/projects/retprogression/', 'img_dir': 'complete_cropped_1024_centered_10272025_allRight', 'num_workers': 7, 'resolution': 1024, 'shuffle': True, 'weighted_sampler': {'enabled': False, 'generator_seed': 42, 'target_minority_ratio': 0.2}}, 'distributed': {'backend': 'nccl', 'world_size': 1}, 'early_stopping': {'enabled': False, 'metric': 'f1_score', 'min_delta': 0.001, 'mode': 'max', 'patience': 8}, 'exp': {'checkpoint_dir': '/projects/retprogression/rgarridogarcia/checkpoints/cropped1024_cropped_centered_allR_2', 'checkpoint_freq': 1, 'checkpoint_name': '', 'experiment_name': 'swinv2_res1024', 'master_port': 57569, 'num_epochs': 25}, 'experiment_res_1024': {'data': {'augmentation': {'enabled': False, 'type': 'none'}, 'batch_size': 10, 'resolution': 1024, 'img_dir': 'complete_cropped_1024_centered_10272025_allRight'}, 'exp': {'checkpoint_dir': '/projects/retprogression/rgarridogarcia/checkpoints/cropped1024_cropped_centered_allR_2', 'checkpoint_name': '', 'experiment_name': 'swinv2_res1024', 'num_epochs': 25}, 'lr_scheduler': {'type': 'cosine', 'warmup': {'enabled': True, 'min_lr': 1e-07, 'warmup_proportion': 0.15}}, 'model': {'img_size': 1024, 'name': 'swinv2_large_window12to16_192to256.ms_in22k_ft_in1k', 'pretrained': True, 'num_classes': 2}, 'optimization': {'amp_enabled': True, 'gradient_accumulation_steps': 16, 'gradient_clipping': 0.5}, 'optimizer': {'optimizer': None, 'name': 'adam', 'lr': 5e-06, 'weight_decay': 0.001, 'momentum': 0.9}}, 'experiment_res_1024_oversample_50': {'criterion': {'class_weights': [1.0, 1.0], 'type': 'cross_entropy', 'use_class_weights': True}, 'data': {'augmentation': {'strength': 'strong'}, 'batch_size': 4, 'resolution': 1024, 'weighted_sampler': {'enabled': True, 'generator_seed': 42, 'target_minority_ratio': 0.5}}, 'exp': {'checkpoint_dir': '/projects/retprogression/rgarridogarcia/checkpoints/relabled_clean_gradable_swinv2_resolution1024_oversample50_2', 'checkpoint_name': 'epoch_23.pth', 'experiment_name': 'swinv2_res1024', 'master_port': 23450, 'num_epochs': 25}, 'lr_scheduler': {'type': 'cosine', 'warmup': {'enabled': True, 'min_lr': 1e-07, 'warmup_proportion': 0.15}}, 'model': {'img_size': 1024, 'name': 'swinv2_large_window12to16_192to256.ms_in22k_ft_in1k'}, 'optimization': {'amp_enabled': True, 'gradient_accumulation_steps': 16, 'gradient_clipping': 0.5}, 'optimizer': {'lr': 5e-06}}, 'lr_scheduler': {'type': 'cosine', 'warmup': {'enabled': True, 'min_lr': 1e-07, 'warmup_proportion': 0.15}}, 'model': {'img_size': 1024, 'name': 'swinv2_large_window12to16_192to256.ms_in22k_ft_in1k', 'pretrained': True, 'num_classes': 2}, 'optimization': {'amp_enabled': True, 'gradient_accumulation_steps': 16, 'gradient_clipping': 0.5}, 'optimizer': {'optimizer': None, 'name': 'adam', 'lr': 5e-06, 'weight_decay': 0.001, 'momentum': 0.9}}
[2025-11-18 11:29:47][INFO] -  _flags_cache: {'struct': None, 'readonly': None, 'convert': None, 'allow_objects': None}
[2025-11-18 11:29:47][INFO] -  _content: {'optimizer': None, 'name': 'adam', 'lr': 5e-06, 'weight_decay': 0.001, 'momentum': 0.9}
[2025-11-18 11:29:47][INFO] -  lr_scheduler:
[2025-11-18 11:29:47][INFO] -  _metadata: ContainerMetadata(ref_type=typing.Any, object_type=<class 'dict'>, optional=True, key='lr_scheduler', flags={}, flags_root=False, resolver_cache=defaultdict(<class 'dict'>, {}), key_type=typing.Any, element_type=typing.Any)
[2025-11-18 11:29:47][INFO] -  _parent: {'run_id': 2, 'caching': {'enabled': True, 'prefetch_factor': 2, 'train_cache_size': 1000, 'val_cache_size': 1000}, 'criterion': {'alpha': 0.25, 'weight_method': 'inverse_frequency', 'gamma': 2.0, 'type': 'cross_entropy', 'use_class_weights': True}, 'data': {'annotations_file_name': '/projects/retprogression/gradable_dr/clean_gradable_dr_2_', 'augmentation': {'enabled': False, 'type': 'none'}, 'batch_size': 10, 'class_labels': 'gradable_binary_DR', 'data_dir': '/projects/retprogression/', 'img_dir': 'complete_cropped_1024_centered_10272025_allRight', 'num_workers': 7, 'resolution': 1024, 'shuffle': True, 'weighted_sampler': {'enabled': False, 'generator_seed': 42, 'target_minority_ratio': 0.2}}, 'distributed': {'backend': 'nccl', 'world_size': 1}, 'early_stopping': {'enabled': False, 'metric': 'f1_score', 'min_delta': 0.001, 'mode': 'max', 'patience': 8}, 'exp': {'checkpoint_dir': '/projects/retprogression/rgarridogarcia/checkpoints/cropped1024_cropped_centered_allR_2', 'checkpoint_freq': 1, 'checkpoint_name': '', 'experiment_name': 'swinv2_res1024', 'master_port': 57569, 'num_epochs': 25}, 'experiment_res_1024': {'data': {'augmentation': {'enabled': False, 'type': 'none'}, 'batch_size': 10, 'resolution': 1024, 'img_dir': 'complete_cropped_1024_centered_10272025_allRight'}, 'exp': {'checkpoint_dir': '/projects/retprogression/rgarridogarcia/checkpoints/cropped1024_cropped_centered_allR_2', 'checkpoint_name': '', 'experiment_name': 'swinv2_res1024', 'num_epochs': 25}, 'lr_scheduler': {'type': 'cosine', 'warmup': {'enabled': True, 'min_lr': 1e-07, 'warmup_proportion': 0.15}}, 'model': {'img_size': 1024, 'name': 'swinv2_large_window12to16_192to256.ms_in22k_ft_in1k', 'pretrained': True, 'num_classes': 2}, 'optimization': {'amp_enabled': True, 'gradient_accumulation_steps': 16, 'gradient_clipping': 0.5}, 'optimizer': {'optimizer': None, 'name': 'adam', 'lr': 5e-06, 'weight_decay': 0.001, 'momentum': 0.9}}, 'experiment_res_1024_oversample_50': {'criterion': {'class_weights': [1.0, 1.0], 'type': 'cross_entropy', 'use_class_weights': True}, 'data': {'augmentation': {'strength': 'strong'}, 'batch_size': 4, 'resolution': 1024, 'weighted_sampler': {'enabled': True, 'generator_seed': 42, 'target_minority_ratio': 0.5}}, 'exp': {'checkpoint_dir': '/projects/retprogression/rgarridogarcia/checkpoints/relabled_clean_gradable_swinv2_resolution1024_oversample50_2', 'checkpoint_name': 'epoch_23.pth', 'experiment_name': 'swinv2_res1024', 'master_port': 23450, 'num_epochs': 25}, 'lr_scheduler': {'type': 'cosine', 'warmup': {'enabled': True, 'min_lr': 1e-07, 'warmup_proportion': 0.15}}, 'model': {'img_size': 1024, 'name': 'swinv2_large_window12to16_192to256.ms_in22k_ft_in1k'}, 'optimization': {'amp_enabled': True, 'gradient_accumulation_steps': 16, 'gradient_clipping': 0.5}, 'optimizer': {'lr': 5e-06}}, 'lr_scheduler': {'type': 'cosine', 'warmup': {'enabled': True, 'min_lr': 1e-07, 'warmup_proportion': 0.15}}, 'model': {'img_size': 1024, 'name': 'swinv2_large_window12to16_192to256.ms_in22k_ft_in1k', 'pretrained': True, 'num_classes': 2}, 'optimization': {'amp_enabled': True, 'gradient_accumulation_steps': 16, 'gradient_clipping': 0.5}, 'optimizer': {'optimizer': None, 'name': 'adam', 'lr': 5e-06, 'weight_decay': 0.001, 'momentum': 0.9}}
[2025-11-18 11:29:47][INFO] -  _flags_cache: {'struct': None, 'readonly': None, 'convert': None, 'allow_objects': None}
[2025-11-18 11:29:47][INFO] -  _content: {'type': 'cosine', 'warmup': {'enabled': True, 'min_lr': 1e-07, 'warmup_proportion': 0.15}}
[2025-11-18 11:29:47][INFO] -  distributed:
[2025-11-18 11:29:47][INFO] -  _metadata: ContainerMetadata(ref_type=typing.Any, object_type=<class 'dict'>, optional=True, key='distributed', flags={}, flags_root=False, resolver_cache=defaultdict(<class 'dict'>, {}), key_type=typing.Any, element_type=typing.Any)
[2025-11-18 11:29:47][INFO] -  _parent: {'run_id': 2, 'caching': {'enabled': True, 'prefetch_factor': 2, 'train_cache_size': 1000, 'val_cache_size': 1000}, 'criterion': {'alpha': 0.25, 'weight_method': 'inverse_frequency', 'gamma': 2.0, 'type': 'cross_entropy', 'use_class_weights': True}, 'data': {'annotations_file_name': '/projects/retprogression/gradable_dr/clean_gradable_dr_2_', 'augmentation': {'enabled': False, 'type': 'none'}, 'batch_size': 10, 'class_labels': 'gradable_binary_DR', 'data_dir': '/projects/retprogression/', 'img_dir': 'complete_cropped_1024_centered_10272025_allRight', 'num_workers': 7, 'resolution': 1024, 'shuffle': True, 'weighted_sampler': {'enabled': False, 'generator_seed': 42, 'target_minority_ratio': 0.2}}, 'distributed': {'backend': 'nccl', 'world_size': 1}, 'early_stopping': {'enabled': False, 'metric': 'f1_score', 'min_delta': 0.001, 'mode': 'max', 'patience': 8}, 'exp': {'checkpoint_dir': '/projects/retprogression/rgarridogarcia/checkpoints/cropped1024_cropped_centered_allR_2', 'checkpoint_freq': 1, 'checkpoint_name': '', 'experiment_name': 'swinv2_res1024', 'master_port': 57569, 'num_epochs': 25}, 'experiment_res_1024': {'data': {'augmentation': {'enabled': False, 'type': 'none'}, 'batch_size': 10, 'resolution': 1024, 'img_dir': 'complete_cropped_1024_centered_10272025_allRight'}, 'exp': {'checkpoint_dir': '/projects/retprogression/rgarridogarcia/checkpoints/cropped1024_cropped_centered_allR_2', 'checkpoint_name': '', 'experiment_name': 'swinv2_res1024', 'num_epochs': 25}, 'lr_scheduler': {'type': 'cosine', 'warmup': {'enabled': True, 'min_lr': 1e-07, 'warmup_proportion': 0.15}}, 'model': {'img_size': 1024, 'name': 'swinv2_large_window12to16_192to256.ms_in22k_ft_in1k', 'pretrained': True, 'num_classes': 2}, 'optimization': {'amp_enabled': True, 'gradient_accumulation_steps': 16, 'gradient_clipping': 0.5}, 'optimizer': {'optimizer': None, 'name': 'adam', 'lr': 5e-06, 'weight_decay': 0.001, 'momentum': 0.9}}, 'experiment_res_1024_oversample_50': {'criterion': {'class_weights': [1.0, 1.0], 'type': 'cross_entropy', 'use_class_weights': True}, 'data': {'augmentation': {'strength': 'strong'}, 'batch_size': 4, 'resolution': 1024, 'weighted_sampler': {'enabled': True, 'generator_seed': 42, 'target_minority_ratio': 0.5}}, 'exp': {'checkpoint_dir': '/projects/retprogression/rgarridogarcia/checkpoints/relabled_clean_gradable_swinv2_resolution1024_oversample50_2', 'checkpoint_name': 'epoch_23.pth', 'experiment_name': 'swinv2_res1024', 'master_port': 23450, 'num_epochs': 25}, 'lr_scheduler': {'type': 'cosine', 'warmup': {'enabled': True, 'min_lr': 1e-07, 'warmup_proportion': 0.15}}, 'model': {'img_size': 1024, 'name': 'swinv2_large_window12to16_192to256.ms_in22k_ft_in1k'}, 'optimization': {'amp_enabled': True, 'gradient_accumulation_steps': 16, 'gradient_clipping': 0.5}, 'optimizer': {'lr': 5e-06}}, 'lr_scheduler': {'type': 'cosine', 'warmup': {'enabled': True, 'min_lr': 1e-07, 'warmup_proportion': 0.15}}, 'model': {'img_size': 1024, 'name': 'swinv2_large_window12to16_192to256.ms_in22k_ft_in1k', 'pretrained': True, 'num_classes': 2}, 'optimization': {'amp_enabled': True, 'gradient_accumulation_steps': 16, 'gradient_clipping': 0.5}, 'optimizer': {'optimizer': None, 'name': 'adam', 'lr': 5e-06, 'weight_decay': 0.001, 'momentum': 0.9}}
[2025-11-18 11:29:47][INFO] -  _flags_cache: None
[2025-11-18 11:29:47][INFO] -  _content: {'backend': 'nccl', 'world_size': 1}
[2025-11-18 11:29:47][INFO] -  early_stopping:
[2025-11-18 11:29:47][INFO] -  _metadata: ContainerMetadata(ref_type=typing.Any, object_type=<class 'dict'>, optional=True, key='early_stopping', flags={}, flags_root=False, resolver_cache=defaultdict(<class 'dict'>, {}), key_type=typing.Any, element_type=typing.Any)
[2025-11-18 11:29:47][INFO] -  _parent: {'run_id': 2, 'caching': {'enabled': True, 'prefetch_factor': 2, 'train_cache_size': 1000, 'val_cache_size': 1000}, 'criterion': {'alpha': 0.25, 'weight_method': 'inverse_frequency', 'gamma': 2.0, 'type': 'cross_entropy', 'use_class_weights': True}, 'data': {'annotations_file_name': '/projects/retprogression/gradable_dr/clean_gradable_dr_2_', 'augmentation': {'enabled': False, 'type': 'none'}, 'batch_size': 10, 'class_labels': 'gradable_binary_DR', 'data_dir': '/projects/retprogression/', 'img_dir': 'complete_cropped_1024_centered_10272025_allRight', 'num_workers': 7, 'resolution': 1024, 'shuffle': True, 'weighted_sampler': {'enabled': False, 'generator_seed': 42, 'target_minority_ratio': 0.2}}, 'distributed': {'backend': 'nccl', 'world_size': 1}, 'early_stopping': {'enabled': False, 'metric': 'f1_score', 'min_delta': 0.001, 'mode': 'max', 'patience': 8}, 'exp': {'checkpoint_dir': '/projects/retprogression/rgarridogarcia/checkpoints/cropped1024_cropped_centered_allR_2', 'checkpoint_freq': 1, 'checkpoint_name': '', 'experiment_name': 'swinv2_res1024', 'master_port': 57569, 'num_epochs': 25}, 'experiment_res_1024': {'data': {'augmentation': {'enabled': False, 'type': 'none'}, 'batch_size': 10, 'resolution': 1024, 'img_dir': 'complete_cropped_1024_centered_10272025_allRight'}, 'exp': {'checkpoint_dir': '/projects/retprogression/rgarridogarcia/checkpoints/cropped1024_cropped_centered_allR_2', 'checkpoint_name': '', 'experiment_name': 'swinv2_res1024', 'num_epochs': 25}, 'lr_scheduler': {'type': 'cosine', 'warmup': {'enabled': True, 'min_lr': 1e-07, 'warmup_proportion': 0.15}}, 'model': {'img_size': 1024, 'name': 'swinv2_large_window12to16_192to256.ms_in22k_ft_in1k', 'pretrained': True, 'num_classes': 2}, 'optimization': {'amp_enabled': True, 'gradient_accumulation_steps': 16, 'gradient_clipping': 0.5}, 'optimizer': {'optimizer': None, 'name': 'adam', 'lr': 5e-06, 'weight_decay': 0.001, 'momentum': 0.9}}, 'experiment_res_1024_oversample_50': {'criterion': {'class_weights': [1.0, 1.0], 'type': 'cross_entropy', 'use_class_weights': True}, 'data': {'augmentation': {'strength': 'strong'}, 'batch_size': 4, 'resolution': 1024, 'weighted_sampler': {'enabled': True, 'generator_seed': 42, 'target_minority_ratio': 0.5}}, 'exp': {'checkpoint_dir': '/projects/retprogression/rgarridogarcia/checkpoints/relabled_clean_gradable_swinv2_resolution1024_oversample50_2', 'checkpoint_name': 'epoch_23.pth', 'experiment_name': 'swinv2_res1024', 'master_port': 23450, 'num_epochs': 25}, 'lr_scheduler': {'type': 'cosine', 'warmup': {'enabled': True, 'min_lr': 1e-07, 'warmup_proportion': 0.15}}, 'model': {'img_size': 1024, 'name': 'swinv2_large_window12to16_192to256.ms_in22k_ft_in1k'}, 'optimization': {'amp_enabled': True, 'gradient_accumulation_steps': 16, 'gradient_clipping': 0.5}, 'optimizer': {'lr': 5e-06}}, 'lr_scheduler': {'type': 'cosine', 'warmup': {'enabled': True, 'min_lr': 1e-07, 'warmup_proportion': 0.15}}, 'model': {'img_size': 1024, 'name': 'swinv2_large_window12to16_192to256.ms_in22k_ft_in1k', 'pretrained': True, 'num_classes': 2}, 'optimization': {'amp_enabled': True, 'gradient_accumulation_steps': 16, 'gradient_clipping': 0.5}, 'optimizer': {'optimizer': None, 'name': 'adam', 'lr': 5e-06, 'weight_decay': 0.001, 'momentum': 0.9}}
[2025-11-18 11:29:47][INFO] -  _flags_cache: None
[2025-11-18 11:29:47][INFO] -  _content: {'enabled': False, 'metric': 'f1_score', 'min_delta': 0.001, 'mode': 'max', 'patience': 8}
[2025-11-18 11:29:47][INFO] -  criterion:
[2025-11-18 11:29:47][INFO] -  _metadata: ContainerMetadata(ref_type=typing.Any, object_type=<class 'dict'>, optional=True, key='criterion', flags={}, flags_root=False, resolver_cache=defaultdict(<class 'dict'>, {}), key_type=typing.Any, element_type=typing.Any)
[2025-11-18 11:29:47][INFO] -  _parent: {'run_id': 2, 'caching': {'enabled': True, 'prefetch_factor': 2, 'train_cache_size': 1000, 'val_cache_size': 1000}, 'criterion': {'alpha': 0.25, 'weight_method': 'inverse_frequency', 'gamma': 2.0, 'type': 'cross_entropy', 'use_class_weights': True}, 'data': {'annotations_file_name': '/projects/retprogression/gradable_dr/clean_gradable_dr_2_', 'augmentation': {'enabled': False, 'type': 'none'}, 'batch_size': 10, 'class_labels': 'gradable_binary_DR', 'data_dir': '/projects/retprogression/', 'img_dir': 'complete_cropped_1024_centered_10272025_allRight', 'num_workers': 7, 'resolution': 1024, 'shuffle': True, 'weighted_sampler': {'enabled': False, 'generator_seed': 42, 'target_minority_ratio': 0.2}}, 'distributed': {'backend': 'nccl', 'world_size': 1}, 'early_stopping': {'enabled': False, 'metric': 'f1_score', 'min_delta': 0.001, 'mode': 'max', 'patience': 8}, 'exp': {'checkpoint_dir': '/projects/retprogression/rgarridogarcia/checkpoints/cropped1024_cropped_centered_allR_2', 'checkpoint_freq': 1, 'checkpoint_name': '', 'experiment_name': 'swinv2_res1024', 'master_port': 57569, 'num_epochs': 25}, 'experiment_res_1024': {'data': {'augmentation': {'enabled': False, 'type': 'none'}, 'batch_size': 10, 'resolution': 1024, 'img_dir': 'complete_cropped_1024_centered_10272025_allRight'}, 'exp': {'checkpoint_dir': '/projects/retprogression/rgarridogarcia/checkpoints/cropped1024_cropped_centered_allR_2', 'checkpoint_name': '', 'experiment_name': 'swinv2_res1024', 'num_epochs': 25}, 'lr_scheduler': {'type': 'cosine', 'warmup': {'enabled': True, 'min_lr': 1e-07, 'warmup_proportion': 0.15}}, 'model': {'img_size': 1024, 'name': 'swinv2_large_window12to16_192to256.ms_in22k_ft_in1k', 'pretrained': True, 'num_classes': 2}, 'optimization': {'amp_enabled': True, 'gradient_accumulation_steps': 16, 'gradient_clipping': 0.5}, 'optimizer': {'optimizer': None, 'name': 'adam', 'lr': 5e-06, 'weight_decay': 0.001, 'momentum': 0.9}}, 'experiment_res_1024_oversample_50': {'criterion': {'class_weights': [1.0, 1.0], 'type': 'cross_entropy', 'use_class_weights': True}, 'data': {'augmentation': {'strength': 'strong'}, 'batch_size': 4, 'resolution': 1024, 'weighted_sampler': {'enabled': True, 'generator_seed': 42, 'target_minority_ratio': 0.5}}, 'exp': {'checkpoint_dir': '/projects/retprogression/rgarridogarcia/checkpoints/relabled_clean_gradable_swinv2_resolution1024_oversample50_2', 'checkpoint_name': 'epoch_23.pth', 'experiment_name': 'swinv2_res1024', 'master_port': 23450, 'num_epochs': 25}, 'lr_scheduler': {'type': 'cosine', 'warmup': {'enabled': True, 'min_lr': 1e-07, 'warmup_proportion': 0.15}}, 'model': {'img_size': 1024, 'name': 'swinv2_large_window12to16_192to256.ms_in22k_ft_in1k'}, 'optimization': {'amp_enabled': True, 'gradient_accumulation_steps': 16, 'gradient_clipping': 0.5}, 'optimizer': {'lr': 5e-06}}, 'lr_scheduler': {'type': 'cosine', 'warmup': {'enabled': True, 'min_lr': 1e-07, 'warmup_proportion': 0.15}}, 'model': {'img_size': 1024, 'name': 'swinv2_large_window12to16_192to256.ms_in22k_ft_in1k', 'pretrained': True, 'num_classes': 2}, 'optimization': {'amp_enabled': True, 'gradient_accumulation_steps': 16, 'gradient_clipping': 0.5}, 'optimizer': {'optimizer': None, 'name': 'adam', 'lr': 5e-06, 'weight_decay': 0.001, 'momentum': 0.9}}
[2025-11-18 11:29:47][INFO] -  _flags_cache: None
[2025-11-18 11:29:47][INFO] -  _content: {'alpha': 0.25, 'weight_method': 'inverse_frequency', 'gamma': 2.0, 'type': 'cross_entropy', 'use_class_weights': True}
[2025-11-18 11:29:47][INFO] - Number of available GPUs: 1
[2025-11-18 11:29:47][INFO] - Available GPUs:
[2025-11-18 11:29:49][INFO] -  GPU 0: NVIDIA H200
[2025-11-18 11:29:49][INFO] - Training with single GPU or CPU
[2025-11-18 11:29:49][INFO] - Initialized process group with world_size=1
[2025-11-18 11:29:49][INFO][Rank 0] - Running training on rank 0 with world size 1
[2025-11-18 11:29:49][INFO][Rank 0] - Training for 25 epochs
[2025-11-18 11:29:49][INFO][Rank 0] - Batch size: 10 (per GPU)
[2025-11-18 11:29:49][INFO][Rank 0] - Total effective batch size: 10
[2025-11-18 11:29:49][INFO][Rank 0] - Learning rate: 5e-06
[2025-11-18 11:29:49][INFO][Rank 0] - Experiment name: swinv2_res1024
[2025-11-18 11:29:49][INFO][Rank 0] - Data augmentation type: none
[2025-11-18 11:29:49][INFO][Rank 0] - Image resolution: 1024x1024
[2025-11-18 11:29:49][INFO][Rank 0] - Creating datasets...
[2025-11-18 11:29:49][INFO][Rank 0] - Using image directory: complete_cropped_1024_centered_10272025_allRight
[2025-11-18 11:29:54][INFO][Rank 0] - JoslinData: Loaded 19356 samples from /projects/retprogression/complete_cropped_1024_centered_10272025_allRight
[2025-11-18 11:29:54][INFO][Rank 0] - Class distribution: {1: '18881 (97.5%)', 0: '475 (2.5%)'}
[2025-11-18 11:29:55][INFO][Rank 0] - JoslinData: Loaded 4129 samples from /projects/retprogression/complete_cropped_1024_centered_10272025_allRight
[2025-11-18 11:29:55][INFO][Rank 0] - Class distribution: {1: '4022 (97.4%)', 0: '107 (2.6%)'}
[2025-11-18 11:29:55][INFO][Rank 0] - CachedDataset initialized for rank 0 with cache_size=1000
[2025-11-18 11:29:55][INFO][Rank 0] - CachedDataset initialized for rank 0 with cache_size=1000
[2025-11-18 11:29:55][INFO][Rank 0] - Datasets created in 6.50s
[2025-11-18 11:29:55][INFO][Rank 0] - Train dataset size: 19356
[2025-11-18 11:29:55][INFO][Rank 0] - Validation dataset size: 4129
[2025-11-18 11:29:55][INFO][Rank 0] - Caching enabled - Train cache size: 1000, Val cache size: 1000
[2025-11-18 11:29:55][INFO][Rank 0] - Creating dataloaders...
[2025-11-18 11:29:55][INFO][Rank 0] - Dataloaders created in 0.00s
[2025-11-18 11:29:55][INFO][Rank 0] - Workers per GPU: 7
[2025-11-18 11:29:55][INFO][Rank 0] - Prefetch factor: 2
[2025-11-18 11:29:55][INFO][Rank 0] - Drop last batch: True
[2025-11-18 11:29:55][INFO][Rank 0] - Creating model: swinv2_large_window12to16_192to256.ms_in22k_ft_in1k...
[2025-11-18 11:29:57][INFO][Rank 0] - Loading pretrained weights from Hugging Face hub (timm/swinv2_large_window12to16_192to256.ms_in22k_ft_in1k)
[2025-11-18 11:29:57][INFO][Rank 0] - [timm/swinv2_large_window12to16_192to256.ms_in22k_ft_in1k] Safe alternative available for 'pytorch_model.bin' (as 'model.safetensors'). Loading weights using safetensors.
[2025-11-18 11:29:58][INFO][Rank 0] - Missing keys (head.fc.weight, head.fc.bias) discovered while loading pretrained weights. This is expected if model is being adapted.
[2025-11-18 11:29:58][INFO][Rank 0] - Created ViT model with image size: 1024x1024
[2025-11-18 11:29:58][INFO][Rank 0] - Model parameters: 195,206,006 total, 195,206,006 trainable
[2025-11-18 11:29:58][INFO][Rank 0] - Model created and initialized in 3.31s
[2025-11-18 11:29:58][INFO][Rank 0] - Class weights explicitly set to: True
[2025-11-18 11:29:58][INFO][Rank 0] - Auto-computing class weights using method: inverse_frequency
[2025-11-18 11:29:58][INFO][Rank 0] - Class distribution:
[2025-11-18 11:29:58][INFO][Rank 0] -   Class 0: 475 samples (2.5%)
[2025-11-18 11:29:58][INFO][Rank 0] -   Class 1: 18881 samples (97.5%)
[2025-11-18 11:29:58][INFO][Rank 0] - Computed class weights (method=inverse_frequency):
[2025-11-18 11:29:58][INFO][Rank 0] -   Class 0: weight = 1.00
[2025-11-18 11:29:58][INFO][Rank 0] -   Class 1: weight = 0.03
[2025-11-18 11:29:58][INFO][Rank 0] - Imbalance ratio: 39.7:1
[2025-11-18 11:29:58][INFO][Rank 0] - Using weighted Cross Entropy loss with class weights: tensor([1.0000, 0.0252], device='cuda:0')
[2025-11-18 11:29:58][INFO][Rank 0] - Learning rate warmup enabled: 290 steps from 1e-07 to 5e-06
/projects/retprogression/pytorch_cu121_env/lib/python3.12/site-packages/torch/optim/lr_scheduler.py:60: UserWarning: The verbose parameter is deprecated. Please use get_last_lr() to access the learning rate.
  warnings.warn(
[2025-11-18 11:29:58][INFO][Rank 0] - Checkpoint path: /projects/retprogression/rgarridogarcia/checkpoints/cropped1024_cropped_centered_allR_2/
[2025-11-18 11:29:58][INFO][Rank 0] - ======= Starting Training =======
[2025-11-18 11:29:58][INFO][Rank 0] - Using gradient accumulation with 16 steps
[2025-11-18 11:29:58][INFO][Rank 0] - Automatic mixed precision (AMP) enabled
[2025-11-18 11:29:58][INFO][Rank 0] - Gradient clipping enabled with max norm 0.5
/home/r.garridogarcia/MIGHTE/retprogression/swinV2/RETProgression/src/utils.py:287: FutureWarning: `torch.cuda.amp.GradScaler(args...)` is deprecated. Please use `torch.amp.GradScaler('cuda', args...)` instead.
  scaler = torch.cuda.amp.GradScaler() if amp_enabled else None
[2025-11-18 11:29:58][INFO][Rank 0] - CUDA memory monitor initialized: {0: {'allocated': 1622.57568359375, 'reserved': 2196.0, 'active': 1622.57568359375}}
[2025-11-18 11:29:58][INFO][Rank 0] - ========== Starting Training ==========
[2025-11-18 11:29:58][INFO][Rank 0] - GPU 0: NVIDIA H200
[2025-11-18 11:29:58][INFO][Rank 0] - Epoch 0/24
[2025-11-18 11:29:58][INFO][Rank 0] - ----------
[2025-11-18 11:29:58][INFO][Rank 0] - CUDA Memory [train][Step 0]: Device 0: Allocated: 1622.6 MB, Reserved: 2196.0 MB (Δ: +0.0 MB)
[2025-11-18 11:29:58][INFO][Rank 0] - train phase: total 1935 batches
[2025-11-18 11:29:59][INFO][Rank 0] - train Epoch 0/24: 0.0% (0/1935)
[2025-11-18 11:30:00][INFO][Rank 0] - Input batch size: torch.Size([10, 3, 1024, 1024])
[2025-11-18 11:30:07][INFO][Rank 0] - train Epoch 0/24: 0.5% (10/1935)
[2025-11-18 11:30:15][INFO][Rank 0] - train Epoch 0/24: 1.0% (20/1935)
[2025-11-18 11:30:22][INFO][Rank 0] - train Epoch 0/24: 1.6% (30/1935)
[2025-11-18 11:30:29][INFO][Rank 0] - train Epoch 0/24: 2.1% (40/1935)
[2025-11-18 11:30:36][INFO][Rank 0] - train Epoch 0/24: 2.6% (50/1935)
[2025-11-18 11:30:43][INFO][Rank 0] - train Epoch 0/24: 3.1% (60/1935)
[2025-11-18 11:30:50][INFO][Rank 0] - train Epoch 0/24: 3.6% (70/1935)
[2025-11-18 11:30:57][INFO][Rank 0] - train Epoch 0/24: 4.1% (80/1935)
[2025-11-18 11:31:04][INFO][Rank 0] - train Epoch 0/24: 4.7% (90/1935)
[2025-11-18 11:31:05][INFO][Rank 0] - CUDA Memory [train][Step 90]: Device 0: Allocated: 3309.6 MB, Reserved: 117540.0 MB (Δ: +1687.0 MB)
[2025-11-18 11:31:11][INFO][Rank 0] - train Epoch 0/24: 5.2% (100/1935)
[2025-11-18 11:31:18][INFO][Rank 0] - train Epoch 0/24: 5.7% (110/1935)
[2025-11-18 11:31:25][INFO][Rank 0] - train Epoch 0/24: 6.2% (120/1935)
[2025-11-18 11:31:32][INFO][Rank 0] - train Epoch 0/24: 6.7% (130/1935)
[2025-11-18 11:31:39][INFO][Rank 0] - train Epoch 0/24: 7.2% (140/1935)
[2025-11-18 11:31:46][INFO][Rank 0] - train Epoch 0/24: 7.8% (150/1935)
[2025-11-18 11:31:53][INFO][Rank 0] - train Epoch 0/24: 8.3% (160/1935)
[2025-11-18 11:32:01][INFO][Rank 0] - train Epoch 0/24: 8.8% (170/1935)
[2025-11-18 11:32:08][INFO][Rank 0] - train Epoch 0/24: 9.3% (180/1935)
[2025-11-18 11:32:08][INFO][Rank 0] - CUDA Memory [train][Step 180]: Device 0: Allocated: 3309.6 MB, Reserved: 117540.0 MB (Δ: +1687.0 MB)
[2025-11-18 11:32:15][INFO][Rank 0] - train Epoch 0/24: 9.8% (190/1935)
[2025-11-18 11:32:22][INFO][Rank 0] - train Epoch 0/24: 10.3% (200/1935)
[2025-11-18 11:32:29][INFO][Rank 0] - train Epoch 0/24: 10.9% (210/1935)
[2025-11-18 11:32:36][INFO][Rank 0] - train Epoch 0/24: 11.4% (220/1935)
[2025-11-18 11:32:43][INFO][Rank 0] - train Epoch 0/24: 11.9% (230/1935)
[2025-11-18 11:32:50][INFO][Rank 0] - train Epoch 0/24: 12.4% (240/1935)
[2025-11-18 11:32:57][INFO][Rank 0] - train Epoch 0/24: 12.9% (250/1935)
[2025-11-18 11:33:04][INFO][Rank 0] - train Epoch 0/24: 13.4% (260/1935)
[2025-11-18 11:33:11][INFO][Rank 0] - train Epoch 0/24: 14.0% (270/1935)
[2025-11-18 11:33:12][INFO][Rank 0] - CUDA Memory [train][Step 270]: Device 0: Allocated: 3309.6 MB, Reserved: 117540.0 MB (Δ: +1687.0 MB)
[2025-11-18 11:33:18][INFO][Rank 0] - train Epoch 0/24: 14.5% (280/1935)
[2025-11-18 11:33:25][INFO][Rank 0] - train Epoch 0/24: 15.0% (290/1935)
[2025-11-18 11:33:32][INFO][Rank 0] - train Epoch 0/24: 15.5% (300/1935)
[2025-11-18 11:33:39][INFO][Rank 0] - train Epoch 0/24: 16.0% (310/1935)
[2025-11-18 11:33:47][INFO][Rank 0] - train Epoch 0/24: 16.5% (320/1935)
[2025-11-18 11:33:54][INFO][Rank 0] - train Epoch 0/24: 17.1% (330/1935)
[2025-11-18 11:34:01][INFO][Rank 0] - train Epoch 0/24: 17.6% (340/1935)
[2025-11-18 11:34:08][INFO][Rank 0] - train Epoch 0/24: 18.1% (350/1935)
[2025-11-18 11:34:15][INFO][Rank 0] - train Epoch 0/24: 18.6% (360/1935)
[2025-11-18 11:34:15][INFO][Rank 0] - CUDA Memory [train][Step 360]: Device 0: Allocated: 3309.6 MB, Reserved: 117540.0 MB (Δ: +1687.0 MB)
[2025-11-18 11:34:22][INFO][Rank 0] - train Epoch 0/24: 19.1% (370/1935)
[2025-11-18 11:34:29][INFO][Rank 0] - train Epoch 0/24: 19.6% (380/1935)
[2025-11-18 11:34:36][INFO][Rank 0] - train Epoch 0/24: 20.2% (390/1935)
[2025-11-18 11:34:43][INFO][Rank 0] - train Epoch 0/24: 20.7% (400/1935)
[2025-11-18 11:34:50][INFO][Rank 0] - train Epoch 0/24: 21.2% (410/1935)
[2025-11-18 11:34:57][INFO][Rank 0] - train Epoch 0/24: 21.7% (420/1935)
[2025-11-18 11:35:04][INFO][Rank 0] - train Epoch 0/24: 22.2% (430/1935)
[2025-11-18 11:35:11][INFO][Rank 0] - train Epoch 0/24: 22.7% (440/1935)
[2025-11-18 11:35:18][INFO][Rank 0] - train Epoch 0/24: 23.3% (450/1935)
[2025-11-18 11:35:19][INFO][Rank 0] - CUDA Memory [train][Step 450]: Device 0: Allocated: 3309.6 MB, Reserved: 117540.0 MB (Δ: +1687.0 MB)
[2025-11-18 11:35:25][INFO][Rank 0] - train Epoch 0/24: 23.8% (460/1935)
[2025-11-18 11:35:32][INFO][Rank 0] - train Epoch 0/24: 24.3% (470/1935)
[2025-11-18 11:35:40][INFO][Rank 0] - train Epoch 0/24: 24.8% (480/1935)
[2025-11-18 11:35:47][INFO][Rank 0] - train Epoch 0/24: 25.3% (490/1935)
[2025-11-18 11:35:54][INFO][Rank 0] - train Epoch 0/24: 25.8% (500/1935)
[2025-11-18 11:36:01][INFO][Rank 0] - train Epoch 0/24: 26.4% (510/1935)
[2025-11-18 11:36:08][INFO][Rank 0] - train Epoch 0/24: 26.9% (520/1935)
[2025-11-18 11:36:15][INFO][Rank 0] - train Epoch 0/24: 27.4% (530/1935)
[2025-11-18 11:36:22][INFO][Rank 0] - train Epoch 0/24: 27.9% (540/1935)
[2025-11-18 11:36:23][INFO][Rank 0] - CUDA Memory [train][Step 540]: Device 0: Allocated: 3309.6 MB, Reserved: 117540.0 MB (Δ: +1687.0 MB)
[2025-11-18 11:36:29][INFO][Rank 0] - train Epoch 0/24: 28.4% (550/1935)
[2025-11-18 11:36:36][INFO][Rank 0] - train Epoch 0/24: 28.9% (560/1935)
[2025-11-18 11:36:43][INFO][Rank 0] - train Epoch 0/24: 29.5% (570/1935)
[2025-11-18 11:36:50][INFO][Rank 0] - train Epoch 0/24: 30.0% (580/1935)
[2025-11-18 11:36:57][INFO][Rank 0] - train Epoch 0/24: 30.5% (590/1935)
[2025-11-18 11:37:04][INFO][Rank 0] - train Epoch 0/24: 31.0% (600/1935)
[2025-11-18 11:37:11][INFO][Rank 0] - train Epoch 0/24: 31.5% (610/1935)
[2025-11-18 11:37:18][INFO][Rank 0] - train Epoch 0/24: 32.0% (620/1935)
[2025-11-18 11:37:25][INFO][Rank 0] - train Epoch 0/24: 32.6% (630/1935)
[2025-11-18 11:37:26][INFO][Rank 0] - CUDA Memory [train][Step 630]: Device 0: Allocated: 3309.6 MB, Reserved: 117540.0 MB (Δ: +1687.0 MB)
[2025-11-18 11:37:33][INFO][Rank 0] - train Epoch 0/24: 33.1% (640/1935)
[2025-11-18 11:37:40][INFO][Rank 0] - train Epoch 0/24: 33.6% (650/1935)
[2025-11-18 11:37:47][INFO][Rank 0] - train Epoch 0/24: 34.1% (660/1935)
[2025-11-18 11:37:54][INFO][Rank 0] - train Epoch 0/24: 34.6% (670/1935)
[2025-11-18 11:38:01][INFO][Rank 0] - train Epoch 0/24: 35.1% (680/1935)
[2025-11-18 11:38:08][INFO][Rank 0] - train Epoch 0/24: 35.7% (690/1935)
[2025-11-18 11:38:15][INFO][Rank 0] - train Epoch 0/24: 36.2% (700/1935)
[2025-11-18 11:38:22][INFO][Rank 0] - train Epoch 0/24: 36.7% (710/1935)
[2025-11-18 11:38:29][INFO][Rank 0] - train Epoch 0/24: 37.2% (720/1935)
[2025-11-18 11:38:30][INFO][Rank 0] - CUDA Memory [train][Step 720]: Device 0: Allocated: 3309.6 MB, Reserved: 117540.0 MB (Δ: +1687.0 MB)
[2025-11-18 11:38:36][INFO][Rank 0] - train Epoch 0/24: 37.7% (730/1935)
[2025-11-18 11:38:43][INFO][Rank 0] - train Epoch 0/24: 38.2% (740/1935)
[2025-11-18 11:38:50][INFO][Rank 0] - train Epoch 0/24: 38.8% (750/1935)
[2025-11-18 11:38:57][INFO][Rank 0] - train Epoch 0/24: 39.3% (760/1935)
[2025-11-18 11:39:04][INFO][Rank 0] - train Epoch 0/24: 39.8% (770/1935)
[2025-11-18 11:39:11][INFO][Rank 0] - train Epoch 0/24: 40.3% (780/1935)
[2025-11-18 11:39:18][INFO][Rank 0] - train Epoch 0/24: 40.8% (790/1935)
[2025-11-18 11:39:26][INFO][Rank 0] - train Epoch 0/24: 41.3% (800/1935)
[2025-11-18 11:39:33][INFO][Rank 0] - train Epoch 0/24: 41.9% (810/1935)
[2025-11-18 11:39:33][INFO][Rank 0] - CUDA Memory [train][Step 810]: Device 0: Allocated: 3309.6 MB, Reserved: 117540.0 MB (Δ: +1687.0 MB)
[2025-11-18 11:39:40][INFO][Rank 0] - train Epoch 0/24: 42.4% (820/1935)
[2025-11-18 11:39:47][INFO][Rank 0] - train Epoch 0/24: 42.9% (830/1935)
[2025-11-18 11:39:54][INFO][Rank 0] - train Epoch 0/24: 43.4% (840/1935)
[2025-11-18 11:40:01][INFO][Rank 0] - train Epoch 0/24: 43.9% (850/1935)
[2025-11-18 11:40:08][INFO][Rank 0] - train Epoch 0/24: 44.4% (860/1935)
[2025-11-18 11:40:15][INFO][Rank 0] - train Epoch 0/24: 45.0% (870/1935)
[2025-11-18 11:40:22][INFO][Rank 0] - train Epoch 0/24: 45.5% (880/1935)
[2025-11-18 11:40:29][INFO][Rank 0] - train Epoch 0/24: 46.0% (890/1935)
[2025-11-18 11:40:36][INFO][Rank 0] - train Epoch 0/24: 46.5% (900/1935)
[2025-11-18 11:40:37][INFO][Rank 0] - CUDA Memory [train][Step 900]: Device 0: Allocated: 3309.6 MB, Reserved: 117540.0 MB (Δ: +1687.0 MB)
[2025-11-18 11:40:43][INFO][Rank 0] - train Epoch 0/24: 47.0% (910/1935)
[2025-11-18 11:40:50][INFO][Rank 0] - train Epoch 0/24: 47.5% (920/1935)
[2025-11-18 11:40:57][INFO][Rank 0] - train Epoch 0/24: 48.1% (930/1935)
[2025-11-18 11:41:04][INFO][Rank 0] - train Epoch 0/24: 48.6% (940/1935)
[2025-11-18 11:41:11][INFO][Rank 0] - train Epoch 0/24: 49.1% (950/1935)
[2025-11-18 11:41:19][INFO][Rank 0] - train Epoch 0/24: 49.6% (960/1935)
[2025-11-18 11:41:26][INFO][Rank 0] - train Epoch 0/24: 50.1% (970/1935)
[2025-11-18 11:41:33][INFO][Rank 0] - train Epoch 0/24: 50.6% (980/1935)
[2025-11-18 11:41:40][INFO][Rank 0] - train Epoch 0/24: 51.2% (990/1935)
[2025-11-18 11:41:40][INFO][Rank 0] - CUDA Memory [train][Step 990]: Device 0: Allocated: 3309.6 MB, Reserved: 117540.0 MB (Δ: +1687.0 MB)
[2025-11-18 11:41:47][INFO][Rank 0] - train Epoch 0/24: 51.7% (1000/1935)
[2025-11-18 11:41:54][INFO][Rank 0] - train Epoch 0/24: 52.2% (1010/1935)
[2025-11-18 11:42:01][INFO][Rank 0] - train Epoch 0/24: 52.7% (1020/1935)
[2025-11-18 11:42:08][INFO][Rank 0] - train Epoch 0/24: 53.2% (1030/1935)
[2025-11-18 11:42:15][INFO][Rank 0] - train Epoch 0/24: 53.7% (1040/1935)
[2025-11-18 11:42:22][INFO][Rank 0] - train Epoch 0/24: 54.3% (1050/1935)
[2025-11-18 11:42:29][INFO][Rank 0] - train Epoch 0/24: 54.8% (1060/1935)
[2025-11-18 11:42:36][INFO][Rank 0] - train Epoch 0/24: 55.3% (1070/1935)
[2025-11-18 11:42:43][INFO][Rank 0] - train Epoch 0/24: 55.8% (1080/1935)
[2025-11-18 11:42:44][INFO][Rank 0] - CUDA Memory [train][Step 1080]: Device 0: Allocated: 3309.6 MB, Reserved: 117540.0 MB (Δ: +1687.0 MB)
[2025-11-18 11:42:50][INFO][Rank 0] - train Epoch 0/24: 56.3% (1090/1935)
[2025-11-18 11:42:57][INFO][Rank 0] - train Epoch 0/24: 56.8% (1100/1935)
[2025-11-18 11:43:04][INFO][Rank 0] - train Epoch 0/24: 57.4% (1110/1935)
[2025-11-18 11:43:11][INFO][Rank 0] - train Epoch 0/24: 57.9% (1120/1935)
[2025-11-18 11:43:19][INFO][Rank 0] - train Epoch 0/24: 58.4% (1130/1935)
[2025-11-18 11:43:26][INFO][Rank 0] - train Epoch 0/24: 58.9% (1140/1935)
[2025-11-18 11:43:33][INFO][Rank 0] - train Epoch 0/24: 59.4% (1150/1935)
[2025-11-18 11:43:40][INFO][Rank 0] - train Epoch 0/24: 59.9% (1160/1935)
[2025-11-18 11:43:47][INFO][Rank 0] - train Epoch 0/24: 60.5% (1170/1935)
[2025-11-18 11:43:47][INFO][Rank 0] - CUDA Memory [train][Step 1170]: Device 0: Allocated: 3309.6 MB, Reserved: 117540.0 MB (Δ: +1687.0 MB)
[2025-11-18 11:43:54][INFO][Rank 0] - train Epoch 0/24: 61.0% (1180/1935)
[2025-11-18 11:44:01][INFO][Rank 0] - train Epoch 0/24: 61.5% (1190/1935)
[2025-11-18 11:44:08][INFO][Rank 0] - train Epoch 0/24: 62.0% (1200/1935)
[2025-11-18 11:44:15][INFO][Rank 0] - train Epoch 0/24: 62.5% (1210/1935)
[2025-11-18 11:44:22][INFO][Rank 0] - train Epoch 0/24: 63.0% (1220/1935)
[2025-11-18 11:44:29][INFO][Rank 0] - train Epoch 0/24: 63.6% (1230/1935)
[2025-11-18 11:44:36][INFO][Rank 0] - train Epoch 0/24: 64.1% (1240/1935)
[2025-11-18 11:44:43][INFO][Rank 0] - train Epoch 0/24: 64.6% (1250/1935)
[2025-11-18 11:44:50][INFO][Rank 0] - train Epoch 0/24: 65.1% (1260/1935)
[2025-11-18 11:44:51][INFO][Rank 0] - CUDA Memory [train][Step 1260]: Device 0: Allocated: 3309.6 MB, Reserved: 117540.0 MB (Δ: +1687.0 MB)
[2025-11-18 11:44:57][INFO][Rank 0] - train Epoch 0/24: 65.6% (1270/1935)
[2025-11-18 11:45:04][INFO][Rank 0] - train Epoch 0/24: 66.1% (1280/1935)
[2025-11-18 11:45:12][INFO][Rank 0] - train Epoch 0/24: 66.7% (1290/1935)
[2025-11-18 11:45:19][INFO][Rank 0] - train Epoch 0/24: 67.2% (1300/1935)
[2025-11-18 11:45:26][INFO][Rank 0] - train Epoch 0/24: 67.7% (1310/1935)
[2025-11-18 11:45:33][INFO][Rank 0] - train Epoch 0/24: 68.2% (1320/1935)
[2025-11-18 11:45:40][INFO][Rank 0] - train Epoch 0/24: 68.7% (1330/1935)
[2025-11-18 11:45:47][INFO][Rank 0] - train Epoch 0/24: 69.3% (1340/1935)
[2025-11-18 11:45:54][INFO][Rank 0] - train Epoch 0/24: 69.8% (1350/1935)
[2025-11-18 11:45:55][INFO][Rank 0] - CUDA Memory [train][Step 1350]: Device 0: Allocated: 3309.6 MB, Reserved: 117540.0 MB (Δ: +1687.0 MB)
[2025-11-18 11:46:01][INFO][Rank 0] - train Epoch 0/24: 70.3% (1360/1935)
[2025-11-18 11:46:08][INFO][Rank 0] - train Epoch 0/24: 70.8% (1370/1935)
[2025-11-18 11:46:15][INFO][Rank 0] - train Epoch 0/24: 71.3% (1380/1935)
[2025-11-18 11:46:22][INFO][Rank 0] - train Epoch 0/24: 71.8% (1390/1935)
[2025-11-18 11:46:29][INFO][Rank 0] - train Epoch 0/24: 72.4% (1400/1935)
[2025-11-18 11:46:36][INFO][Rank 0] - train Epoch 0/24: 72.9% (1410/1935)
[2025-11-18 11:46:43][INFO][Rank 0] - train Epoch 0/24: 73.4% (1420/1935)
[2025-11-18 11:46:50][INFO][Rank 0] - train Epoch 0/24: 73.9% (1430/1935)
[2025-11-18 11:46:57][INFO][Rank 0] - train Epoch 0/24: 74.4% (1440/1935)
[2025-11-18 11:46:58][INFO][Rank 0] - CUDA Memory [train][Step 1440]: Device 0: Allocated: 3309.6 MB, Reserved: 117540.0 MB (Δ: +1687.0 MB)
[2025-11-18 11:47:05][INFO][Rank 0] - train Epoch 0/24: 74.9% (1450/1935)
[2025-11-18 11:47:12][INFO][Rank 0] - train Epoch 0/24: 75.5% (1460/1935)
[2025-11-18 11:47:19][INFO][Rank 0] - train Epoch 0/24: 76.0% (1470/1935)
[2025-11-18 11:47:26][INFO][Rank 0] - train Epoch 0/24: 76.5% (1480/1935)
[2025-11-18 11:47:33][INFO][Rank 0] - train Epoch 0/24: 77.0% (1490/1935)
[2025-11-18 11:47:40][INFO][Rank 0] - train Epoch 0/24: 77.5% (1500/1935)
[2025-11-18 11:47:47][INFO][Rank 0] - train Epoch 0/24: 78.0% (1510/1935)
[2025-11-18 11:47:54][INFO][Rank 0] - train Epoch 0/24: 78.6% (1520/1935)
[2025-11-18 11:48:01][INFO][Rank 0] - train Epoch 0/24: 79.1% (1530/1935)
[2025-11-18 11:48:02][INFO][Rank 0] - CUDA Memory [train][Step 1530]: Device 0: Allocated: 3309.6 MB, Reserved: 117540.0 MB (Δ: +1687.0 MB)
[2025-11-18 11:48:08][INFO][Rank 0] - train Epoch 0/24: 79.6% (1540/1935)
[2025-11-18 11:48:15][INFO][Rank 0] - train Epoch 0/24: 80.1% (1550/1935)
[2025-11-18 11:48:22][INFO][Rank 0] - train Epoch 0/24: 80.6% (1560/1935)
[2025-11-18 11:48:29][INFO][Rank 0] - train Epoch 0/24: 81.1% (1570/1935)
[2025-11-18 11:48:36][INFO][Rank 0] - train Epoch 0/24: 81.7% (1580/1935)
[2025-11-18 11:48:43][INFO][Rank 0] - train Epoch 0/24: 82.2% (1590/1935)
[2025-11-18 11:48:50][INFO][Rank 0] - train Epoch 0/24: 82.7% (1600/1935)
[2025-11-18 11:48:57][INFO][Rank 0] - train Epoch 0/24: 83.2% (1610/1935)
[2025-11-18 11:49:05][INFO][Rank 0] - train Epoch 0/24: 83.7% (1620/1935)
[2025-11-18 11:49:05][INFO][Rank 0] - CUDA Memory [train][Step 1620]: Device 0: Allocated: 3309.6 MB, Reserved: 117540.0 MB (Δ: +1687.0 MB)
[2025-11-18 11:49:12][INFO][Rank 0] - train Epoch 0/24: 84.2% (1630/1935)
[2025-11-18 11:49:19][INFO][Rank 0] - train Epoch 0/24: 84.8% (1640/1935)
[2025-11-18 11:49:26][INFO][Rank 0] - train Epoch 0/24: 85.3% (1650/1935)
[2025-11-18 11:49:33][INFO][Rank 0] - train Epoch 0/24: 85.8% (1660/1935)
[2025-11-18 11:49:40][INFO][Rank 0] - train Epoch 0/24: 86.3% (1670/1935)
[2025-11-18 11:49:47][INFO][Rank 0] - train Epoch 0/24: 86.8% (1680/1935)
[2025-11-18 11:49:54][INFO][Rank 0] - train Epoch 0/24: 87.3% (1690/1935)
[2025-11-18 11:50:01][INFO][Rank 0] - train Epoch 0/24: 87.9% (1700/1935)
[2025-11-18 11:50:08][INFO][Rank 0] - train Epoch 0/24: 88.4% (1710/1935)
[2025-11-18 11:50:09][INFO][Rank 0] - CUDA Memory [train][Step 1710]: Device 0: Allocated: 3309.6 MB, Reserved: 117540.0 MB (Δ: +1687.0 MB)
[2025-11-18 11:50:15][INFO][Rank 0] - train Epoch 0/24: 88.9% (1720/1935)
[2025-11-18 11:50:22][INFO][Rank 0] - train Epoch 0/24: 89.4% (1730/1935)
[2025-11-18 11:50:29][INFO][Rank 0] - train Epoch 0/24: 89.9% (1740/1935)
[2025-11-18 11:50:36][INFO][Rank 0] - train Epoch 0/24: 90.4% (1750/1935)
[2025-11-18 11:50:43][INFO][Rank 0] - train Epoch 0/24: 91.0% (1760/1935)
[2025-11-18 11:50:50][INFO][Rank 0] - train Epoch 0/24: 91.5% (1770/1935)
[2025-11-18 11:50:57][INFO][Rank 0] - train Epoch 0/24: 92.0% (1780/1935)
[2025-11-18 11:51:05][INFO][Rank 0] - train Epoch 0/24: 92.5% (1790/1935)
[2025-11-18 11:51:12][INFO][Rank 0] - train Epoch 0/24: 93.0% (1800/1935)
[2025-11-18 11:51:12][INFO][Rank 0] - CUDA Memory [train][Step 1800]: Device 0: Allocated: 3309.6 MB, Reserved: 117540.0 MB (Δ: +1687.0 MB)
[2025-11-18 11:51:19][INFO][Rank 0] - train Epoch 0/24: 93.5% (1810/1935)
[2025-11-18 11:51:26][INFO][Rank 0] - train Epoch 0/24: 94.1% (1820/1935)
[2025-11-18 11:51:33][INFO][Rank 0] - train Epoch 0/24: 94.6% (1830/1935)
[2025-11-18 11:51:40][INFO][Rank 0] - train Epoch 0/24: 95.1% (1840/1935)
[2025-11-18 11:51:47][INFO][Rank 0] - train Epoch 0/24: 95.6% (1850/1935)
[2025-11-18 11:51:54][INFO][Rank 0] - train Epoch 0/24: 96.1% (1860/1935)
[2025-11-18 11:52:01][INFO][Rank 0] - train Epoch 0/24: 96.6% (1870/1935)
[2025-11-18 11:52:08][INFO][Rank 0] - train Epoch 0/24: 97.2% (1880/1935)
[2025-11-18 11:52:15][INFO][Rank 0] - train Epoch 0/24: 97.7% (1890/1935)
[2025-11-18 11:52:16][INFO][Rank 0] - CUDA Memory [train][Step 1890]: Device 0: Allocated: 3309.6 MB, Reserved: 117540.0 MB (Δ: +1687.0 MB)
[2025-11-18 11:52:22][INFO][Rank 0] - train Epoch 0/24: 98.2% (1900/1935)
[2025-11-18 11:52:29][INFO][Rank 0] - train Epoch 0/24: 98.7% (1910/1935)
[2025-11-18 11:52:36][INFO][Rank 0] - train Epoch 0/24: 99.2% (1920/1935)
[2025-11-18 11:52:43][INFO][Rank 0] - train Epoch 0/24: 99.7% (1930/1935)
[2025-11-18 11:52:46][INFO][Rank 0] - train Epoch 0/24: 99.9% (1934/1935)
[2025-11-18 11:52:47][INFO][Rank 0] - train Loss: 0.4552 Acc: 0.9693 F1: 0.9843
[2025-11-18 11:52:47][INFO][Rank 0] - train Balanced Acc: 0.5450 AUC-ROC: 0.7713
[2025-11-18 11:52:47][INFO][Rank 0] - train Sensitivity: 0.9912 Specificity: 0.0989
[2025-11-18 11:52:47][INFO][Rank 0] - train Confusion Matrix: TP=18708, FP=428, FN=167, TN=47
[2025-11-18 11:52:47][INFO][Rank 0] - train completed in 1368.45s
[2025-11-18 11:52:47][INFO][Rank 0] - Data loading time: 1.58s, Forward time: 278.64s, Backward time: 741.30s
[2025-11-18 11:52:47][INFO][Rank 0] - train cache: 0/1 items, hit rate: 0.00%
[2025-11-18 11:52:47][INFO][Rank 0] - CUDA Memory [val][Step 0]: Device 0: Allocated: 3309.6 MB, Reserved: 117540.0 MB (Δ: +1687.0 MB)
[2025-11-18 11:52:47][INFO][Rank 0] - val phase: total 412 batches
[2025-11-18 11:52:48][INFO][Rank 0] - val Epoch 0/24: 0.0% (0/412)
[2025-11-18 11:52:53][INFO][Rank 0] - val Epoch 0/24: 2.4% (10/412)
[2025-11-18 11:52:58][INFO][Rank 0] - val Epoch 0/24: 4.9% (20/412)
[2025-11-18 11:53:03][INFO][Rank 0] - val Epoch 0/24: 7.3% (30/412)
[2025-11-18 11:53:08][INFO][Rank 0] - val Epoch 0/24: 9.7% (40/412)
[2025-11-18 11:53:13][INFO][Rank 0] - val Epoch 0/24: 12.1% (50/412)
[2025-11-18 11:53:18][INFO][Rank 0] - val Epoch 0/24: 14.6% (60/412)
[2025-11-18 11:53:23][INFO][Rank 0] - val Epoch 0/24: 17.0% (70/412)
[2025-11-18 11:53:28][INFO][Rank 0] - val Epoch 0/24: 19.4% (80/412)
[2025-11-18 11:53:33][INFO][Rank 0] - val Epoch 0/24: 21.8% (90/412)
[2025-11-18 11:53:38][INFO][Rank 0] - val Epoch 0/24: 24.3% (100/412)
[2025-11-18 11:53:43][INFO][Rank 0] - val Epoch 0/24: 26.7% (110/412)
[2025-11-18 11:53:48][INFO][Rank 0] - val Epoch 0/24: 29.1% (120/412)
[2025-11-18 11:53:49][INFO][Rank 0] - CUDA Memory [val][Step 120]: Device 0: Allocated: 3309.6 MB, Reserved: 117540.0 MB (Δ: +1687.0 MB)
[2025-11-18 11:53:53][INFO][Rank 0] - val Epoch 0/24: 31.6% (130/412)
[2025-11-18 11:53:58][INFO][Rank 0] - val Epoch 0/24: 34.0% (140/412)
[2025-11-18 11:54:03][INFO][Rank 0] - val Epoch 0/24: 36.4% (150/412)
[2025-11-18 11:54:08][INFO][Rank 0] - val Epoch 0/24: 38.8% (160/412)
[2025-11-18 11:54:13][INFO][Rank 0] - val Epoch 0/24: 41.3% (170/412)
[2025-11-18 11:54:18][INFO][Rank 0] - val Epoch 0/24: 43.7% (180/412)
[2025-11-18 11:54:23][INFO][Rank 0] - val Epoch 0/24: 46.1% (190/412)
[2025-11-18 11:54:28][INFO][Rank 0] - val Epoch 0/24: 48.5% (200/412)
[2025-11-18 11:54:33][INFO][Rank 0] - val Epoch 0/24: 51.0% (210/412)
[2025-11-18 11:54:38][INFO][Rank 0] - val Epoch 0/24: 53.4% (220/412)
[2025-11-18 11:54:43][INFO][Rank 0] - val Epoch 0/24: 55.8% (230/412)
[2025-11-18 11:54:48][INFO][Rank 0] - val Epoch 0/24: 58.3% (240/412)
[2025-11-18 11:54:49][INFO][Rank 0] - CUDA Memory [val][Step 240]: Device 0: Allocated: 3309.6 MB, Reserved: 117540.0 MB (Δ: +1687.0 MB)
[2025-11-18 11:54:53][INFO][Rank 0] - val Epoch 0/24: 60.7% (250/412)
[2025-11-18 11:54:58][INFO][Rank 0] - val Epoch 0/24: 63.1% (260/412)
[2025-11-18 11:55:03][INFO][Rank 0] - val Epoch 0/24: 65.5% (270/412)
[2025-11-18 11:55:08][INFO][Rank 0] - val Epoch 0/24: 68.0% (280/412)
[2025-11-18 11:55:13][INFO][Rank 0] - val Epoch 0/24: 70.4% (290/412)
[2025-11-18 11:55:19][INFO][Rank 0] - val Epoch 0/24: 72.8% (300/412)
[2025-11-18 11:55:24][INFO][Rank 0] - val Epoch 0/24: 75.2% (310/412)
[2025-11-18 11:55:29][INFO][Rank 0] - val Epoch 0/24: 77.7% (320/412)
[2025-11-18 11:55:34][INFO][Rank 0] - val Epoch 0/24: 80.1% (330/412)
[2025-11-18 11:55:39][INFO][Rank 0] - val Epoch 0/24: 82.5% (340/412)
[2025-11-18 11:55:44][INFO][Rank 0] - val Epoch 0/24: 85.0% (350/412)
[2025-11-18 11:55:49][INFO][Rank 0] - val Epoch 0/24: 87.4% (360/412)
[2025-11-18 11:55:49][INFO][Rank 0] - CUDA Memory [val][Step 360]: Device 0: Allocated: 3309.6 MB, Reserved: 117540.0 MB (Δ: +1687.0 MB)
[2025-11-18 11:55:54][INFO][Rank 0] - val Epoch 0/24: 89.8% (370/412)
[2025-11-18 11:55:59][INFO][Rank 0] - val Epoch 0/24: 92.2% (380/412)
[2025-11-18 11:56:04][INFO][Rank 0] - val Epoch 0/24: 94.7% (390/412)
[2025-11-18 11:56:09][INFO][Rank 0] - val Epoch 0/24: 97.1% (400/412)
[2025-11-18 11:56:14][INFO][Rank 0] - val Epoch 0/24: 99.5% (410/412)
[2025-11-18 11:56:14][INFO][Rank 0] - val Epoch 0/24: 99.8% (411/412)
[2025-11-18 11:56:15][INFO][Rank 0] - val Loss: 0.3072 Acc: 0.9757 F1: 0.9877
[2025-11-18 11:56:15][INFO][Rank 0] - val Balanced Acc: 0.5327 AUC-ROC: 0.9145
[2025-11-18 11:56:15][INFO][Rank 0] - val Sensitivity: 1.0000 Specificity: 0.0654
[2025-11-18 11:56:15][INFO][Rank 0] - val Confusion Matrix: TP=4013, FP=100, FN=0, TN=7
[2025-11-18 11:56:15][INFO][Rank 0] - val completed in 207.86s
[2025-11-18 11:56:15][INFO][Rank 0] - val cache: 0/1 items, hit rate: 0.00%
[2025-11-18 11:56:19][INFO][Rank 0] - Saved new best accuracy model with accuracy: 0.9757 at /projects/retprogression/rgarridogarcia/checkpoints/cropped1024_cropped_centered_allR_2/best_acc_model.pth
[2025-11-18 11:56:24][INFO][Rank 0] - Saved new best f1 model with f1: 0.9877 at /projects/retprogression/rgarridogarcia/checkpoints/cropped1024_cropped_centered_allR_2/best_f1_model.pth
[2025-11-18 11:56:31][INFO][Rank 0] - Saved new best balanced_acc model with balanced_acc: 0.5327 at /projects/retprogression/rgarridogarcia/checkpoints/cropped1024_cropped_centered_allR_2/best_balanced_acc_model.pth
[2025-11-18 11:56:36][INFO][Rank 0] - Also saved as general best model at /projects/retprogression/rgarridogarcia/checkpoints/cropped1024_cropped_centered_allR_2/best_model.pth
[2025-11-18 11:56:41][INFO][Rank 0] - Saved new best auc model with auc: 0.9145 at /projects/retprogression/rgarridogarcia/checkpoints/cropped1024_cropped_centered_allR_2/best_auc_model.pth
[2025-11-18 11:56:47][INFO][Rank 0] - Saved epoch checkpoint at /projects/retprogression/rgarridogarcia/checkpoints/cropped1024_cropped_centered_allR_2/epoch_0.pth
[2025-11-18 11:56:47][INFO][Rank 0] - Epoch 0 summary:
[2025-11-18 11:56:47][INFO][Rank 0] -  Train Loss: 0.4552, Train Acc: 0.9693, Train F1: 0.9843
[2025-11-18 11:56:47][INFO][Rank 0] -  Train Balanced Acc: 0.5450, Train AUC: 0.7713
[2025-11-18 11:56:47][INFO][Rank 0] -  Train Sensitivity: 0.9912, Train Specificity: 0.0989
[2025-11-18 11:56:47][INFO][Rank 0] -  Val Loss: 0.3072, Val Acc: 0.9757, Val F1: 0.9877
[2025-11-18 11:56:47][INFO][Rank 0] -  Val Balanced Acc: 0.5327, Val AUC: 0.9145
[2025-11-18 11:56:47][INFO][Rank 0] -  Val Sensitivity: 1.0000, Val Specificity: 0.0654
[2025-11-18 11:56:47][INFO][Rank 0] -  Total Epoch Time: 1608.22s
[2025-11-18 11:56:47][INFO][Rank 0] - Epoch 1/24
[2025-11-18 11:56:47][INFO][Rank 0] - ----------
[2025-11-18 11:56:47][INFO][Rank 0] - CUDA Memory [train][Step 0]: Device 0: Allocated: 3309.6 MB, Reserved: 117540.0 MB (Δ: +1687.0 MB)
[2025-11-18 11:56:47][INFO][Rank 0] - train phase: total 1935 batches
[2025-11-18 11:56:47][INFO][Rank 0] - train Epoch 1/24: 0.0% (0/1935)
[2025-11-18 11:56:54][INFO][Rank 0] - train Epoch 1/24: 0.5% (10/1935)
[2025-11-18 11:57:01][INFO][Rank 0] - train Epoch 1/24: 1.0% (20/1935)
[2025-11-18 11:57:08][INFO][Rank 0] - train Epoch 1/24: 1.6% (30/1935)
[2025-11-18 11:57:16][INFO][Rank 0] - train Epoch 1/24: 2.1% (40/1935)
[2025-11-18 11:57:23][INFO][Rank 0] - train Epoch 1/24: 2.6% (50/1935)
[2025-11-18 11:57:30][INFO][Rank 0] - train Epoch 1/24: 3.1% (60/1935)
[2025-11-18 11:57:37][INFO][Rank 0] - train Epoch 1/24: 3.6% (70/1935)
[2025-11-18 11:57:44][INFO][Rank 0] - train Epoch 1/24: 4.1% (80/1935)
[2025-11-18 11:57:51][INFO][Rank 0] - train Epoch 1/24: 4.7% (90/1935)
[2025-11-18 11:57:52][INFO][Rank 0] - CUDA Memory [train][Step 90]: Device 0: Allocated: 3309.6 MB, Reserved: 117540.0 MB (Δ: +1687.0 MB)
[2025-11-18 11:57:58][INFO][Rank 0] - train Epoch 1/24: 5.2% (100/1935)
[2025-11-18 11:58:05][INFO][Rank 0] - train Epoch 1/24: 5.7% (110/1935)
[2025-11-18 11:58:12][INFO][Rank 0] - train Epoch 1/24: 6.2% (120/1935)
[2025-11-18 11:58:19][INFO][Rank 0] - train Epoch 1/24: 6.7% (130/1935)
[2025-11-18 11:58:26][INFO][Rank 0] - train Epoch 1/24: 7.2% (140/1935)
[2025-11-18 11:58:33][INFO][Rank 0] - train Epoch 1/24: 7.8% (150/1935)
[2025-11-18 11:58:40][INFO][Rank 0] - train Epoch 1/24: 8.3% (160/1935)
[2025-11-18 11:58:47][INFO][Rank 0] - train Epoch 1/24: 8.8% (170/1935)
[2025-11-18 11:58:54][INFO][Rank 0] - train Epoch 1/24: 9.3% (180/1935)
[2025-11-18 11:58:55][INFO][Rank 0] - CUDA Memory [train][Step 180]: Device 0: Allocated: 3309.6 MB, Reserved: 117540.0 MB (Δ: +1687.0 MB)
[2025-11-18 11:59:02][INFO][Rank 0] - train Epoch 1/24: 9.8% (190/1935)
[2025-11-18 11:59:09][INFO][Rank 0] - train Epoch 1/24: 10.3% (200/1935)
[2025-11-18 11:59:16][INFO][Rank 0] - train Epoch 1/24: 10.9% (210/1935)
[2025-11-18 11:59:23][INFO][Rank 0] - train Epoch 1/24: 11.4% (220/1935)
[2025-11-18 11:59:30][INFO][Rank 0] - train Epoch 1/24: 11.9% (230/1935)
[2025-11-18 11:59:37][INFO][Rank 0] - train Epoch 1/24: 12.4% (240/1935)
[2025-11-18 11:59:44][INFO][Rank 0] - train Epoch 1/24: 12.9% (250/1935)
[2025-11-18 11:59:51][INFO][Rank 0] - train Epoch 1/24: 13.4% (260/1935)
[2025-11-18 11:59:58][INFO][Rank 0] - train Epoch 1/24: 14.0% (270/1935)
[2025-11-18 11:59:59][INFO][Rank 0] - CUDA Memory [train][Step 270]: Device 0: Allocated: 3309.6 MB, Reserved: 117540.0 MB (Δ: +1687.0 MB)
[2025-11-18 12:00:05][INFO][Rank 0] - train Epoch 1/24: 14.5% (280/1935)
[2025-11-18 12:00:12][INFO][Rank 0] - train Epoch 1/24: 15.0% (290/1935)
[2025-11-18 12:00:19][INFO][Rank 0] - train Epoch 1/24: 15.5% (300/1935)
[2025-11-18 12:00:26][INFO][Rank 0] - train Epoch 1/24: 16.0% (310/1935)
[2025-11-18 12:00:33][INFO][Rank 0] - train Epoch 1/24: 16.5% (320/1935)
[2025-11-18 12:00:40][INFO][Rank 0] - train Epoch 1/24: 17.1% (330/1935)
[2025-11-18 12:00:47][INFO][Rank 0] - train Epoch 1/24: 17.6% (340/1935)
[2025-11-18 12:00:55][INFO][Rank 0] - train Epoch 1/24: 18.1% (350/1935)
[2025-11-18 12:01:02][INFO][Rank 0] - train Epoch 1/24: 18.6% (360/1935)
[2025-11-18 12:01:02][INFO][Rank 0] - CUDA Memory [train][Step 360]: Device 0: Allocated: 3309.6 MB, Reserved: 117540.0 MB (Δ: +1687.0 MB)
[2025-11-18 12:01:09][INFO][Rank 0] - train Epoch 1/24: 19.1% (370/1935)
[2025-11-18 12:01:16][INFO][Rank 0] - train Epoch 1/24: 19.6% (380/1935)
[2025-11-18 12:01:23][INFO][Rank 0] - train Epoch 1/24: 20.2% (390/1935)
[2025-11-18 12:01:30][INFO][Rank 0] - train Epoch 1/24: 20.7% (400/1935)
[2025-11-18 12:01:37][INFO][Rank 0] - train Epoch 1/24: 21.2% (410/1935)
[2025-11-18 12:01:44][INFO][Rank 0] - train Epoch 1/24: 21.7% (420/1935)
[2025-11-18 12:01:51][INFO][Rank 0] - train Epoch 1/24: 22.2% (430/1935)
[2025-11-18 12:01:58][INFO][Rank 0] - train Epoch 1/24: 22.7% (440/1935)
[2025-11-18 12:02:05][INFO][Rank 0] - train Epoch 1/24: 23.3% (450/1935)
[2025-11-18 12:02:06][INFO][Rank 0] - CUDA Memory [train][Step 450]: Device 0: Allocated: 3309.6 MB, Reserved: 117540.0 MB (Δ: +1687.0 MB)
[2025-11-18 12:02:12][INFO][Rank 0] - train Epoch 1/24: 23.8% (460/1935)
[2025-11-18 12:02:19][INFO][Rank 0] - train Epoch 1/24: 24.3% (470/1935)
[2025-11-18 12:02:26][INFO][Rank 0] - train Epoch 1/24: 24.8% (480/1935)
[2025-11-18 12:02:33][INFO][Rank 0] - train Epoch 1/24: 25.3% (490/1935)
[2025-11-18 12:02:40][INFO][Rank 0] - train Epoch 1/24: 25.8% (500/1935)
[2025-11-18 12:02:48][INFO][Rank 0] - train Epoch 1/24: 26.4% (510/1935)
[2025-11-18 12:02:55][INFO][Rank 0] - train Epoch 1/24: 26.9% (520/1935)
[2025-11-18 12:03:02][INFO][Rank 0] - train Epoch 1/24: 27.4% (530/1935)
[2025-11-18 12:03:09][INFO][Rank 0] - train Epoch 1/24: 27.9% (540/1935)
[2025-11-18 12:03:09][INFO][Rank 0] - CUDA Memory [train][Step 540]: Device 0: Allocated: 3309.6 MB, Reserved: 117540.0 MB (Δ: +1687.0 MB)
[2025-11-18 12:03:16][INFO][Rank 0] - train Epoch 1/24: 28.4% (550/1935)
[2025-11-18 12:03:23][INFO][Rank 0] - train Epoch 1/24: 28.9% (560/1935)
[2025-11-18 12:03:30][INFO][Rank 0] - train Epoch 1/24: 29.5% (570/1935)
[2025-11-18 12:03:37][INFO][Rank 0] - train Epoch 1/24: 30.0% (580/1935)
[2025-11-18 12:03:44][INFO][Rank 0] - train Epoch 1/24: 30.5% (590/1935)
[2025-11-18 12:03:51][INFO][Rank 0] - train Epoch 1/24: 31.0% (600/1935)
[2025-11-18 12:03:58][INFO][Rank 0] - train Epoch 1/24: 31.5% (610/1935)
[2025-11-18 12:04:05][INFO][Rank 0] - train Epoch 1/24: 32.0% (620/1935)
[2025-11-18 12:04:12][INFO][Rank 0] - train Epoch 1/24: 32.6% (630/1935)
[2025-11-18 12:04:13][INFO][Rank 0] - CUDA Memory [train][Step 630]: Device 0: Allocated: 3309.6 MB, Reserved: 117540.0 MB (Δ: +1687.0 MB)
[2025-11-18 12:04:19][INFO][Rank 0] - train Epoch 1/24: 33.1% (640/1935)
[2025-11-18 12:04:26][INFO][Rank 0] - train Epoch 1/24: 33.6% (650/1935)
[2025-11-18 12:04:33][INFO][Rank 0] - train Epoch 1/24: 34.1% (660/1935)
[2025-11-18 12:04:41][INFO][Rank 0] - train Epoch 1/24: 34.6% (670/1935)
[2025-11-18 12:04:48][INFO][Rank 0] - train Epoch 1/24: 35.1% (680/1935)
[2025-11-18 12:04:55][INFO][Rank 0] - train Epoch 1/24: 35.7% (690/1935)
[2025-11-18 12:05:02][INFO][Rank 0] - train Epoch 1/24: 36.2% (700/1935)
[2025-11-18 12:05:09][INFO][Rank 0] - train Epoch 1/24: 36.7% (710/1935)
[2025-11-18 12:05:16][INFO][Rank 0] - train Epoch 1/24: 37.2% (720/1935)
[2025-11-18 12:05:17][INFO][Rank 0] - CUDA Memory [train][Step 720]: Device 0: Allocated: 3309.6 MB, Reserved: 117540.0 MB (Δ: +1687.0 MB)
[2025-11-18 12:05:23][INFO][Rank 0] - train Epoch 1/24: 37.7% (730/1935)
[2025-11-18 12:05:30][INFO][Rank 0] - train Epoch 1/24: 38.2% (740/1935)
[2025-11-18 12:05:37][INFO][Rank 0] - train Epoch 1/24: 38.8% (750/1935)
[2025-11-18 12:05:44][INFO][Rank 0] - train Epoch 1/24: 39.3% (760/1935)
[2025-11-18 12:05:51][INFO][Rank 0] - train Epoch 1/24: 39.8% (770/1935)
[2025-11-18 12:05:58][INFO][Rank 0] - train Epoch 1/24: 40.3% (780/1935)
[2025-11-18 12:06:05][INFO][Rank 0] - train Epoch 1/24: 40.8% (790/1935)
[2025-11-18 12:06:12][INFO][Rank 0] - train Epoch 1/24: 41.3% (800/1935)
[2025-11-18 12:06:19][INFO][Rank 0] - train Epoch 1/24: 41.9% (810/1935)
[2025-11-18 12:06:20][INFO][Rank 0] - CUDA Memory [train][Step 810]: Device 0: Allocated: 3309.6 MB, Reserved: 117540.0 MB (Δ: +1687.0 MB)
[2025-11-18 12:06:26][INFO][Rank 0] - train Epoch 1/24: 42.4% (820/1935)
[2025-11-18 12:06:34][INFO][Rank 0] - train Epoch 1/24: 42.9% (830/1935)
[2025-11-18 12:06:41][INFO][Rank 0] - train Epoch 1/24: 43.4% (840/1935)
[2025-11-18 12:06:48][INFO][Rank 0] - train Epoch 1/24: 43.9% (850/1935)
[2025-11-18 12:06:55][INFO][Rank 0] - train Epoch 1/24: 44.4% (860/1935)
[2025-11-18 12:07:02][INFO][Rank 0] - train Epoch 1/24: 45.0% (870/1935)
[2025-11-18 12:07:09][INFO][Rank 0] - train Epoch 1/24: 45.5% (880/1935)
[2025-11-18 12:07:16][INFO][Rank 0] - train Epoch 1/24: 46.0% (890/1935)
[2025-11-18 12:07:23][INFO][Rank 0] - train Epoch 1/24: 46.5% (900/1935)
[2025-11-18 12:07:24][INFO][Rank 0] - CUDA Memory [train][Step 900]: Device 0: Allocated: 3309.6 MB, Reserved: 117540.0 MB (Δ: +1687.0 MB)
[2025-11-18 12:07:30][INFO][Rank 0] - train Epoch 1/24: 47.0% (910/1935)
[2025-11-18 12:07:37][INFO][Rank 0] - train Epoch 1/24: 47.5% (920/1935)
[2025-11-18 12:07:44][INFO][Rank 0] - train Epoch 1/24: 48.1% (930/1935)
[2025-11-18 12:07:51][INFO][Rank 0] - train Epoch 1/24: 48.6% (940/1935)
[2025-11-18 12:07:58][INFO][Rank 0] - train Epoch 1/24: 49.1% (950/1935)
[2025-11-18 12:08:05][INFO][Rank 0] - train Epoch 1/24: 49.6% (960/1935)
[2025-11-18 12:08:12][INFO][Rank 0] - train Epoch 1/24: 50.1% (970/1935)
[2025-11-18 12:08:19][INFO][Rank 0] - train Epoch 1/24: 50.6% (980/1935)
[2025-11-18 12:08:27][INFO][Rank 0] - train Epoch 1/24: 51.2% (990/1935)
[2025-11-18 12:08:27][INFO][Rank 0] - CUDA Memory [train][Step 990]: Device 0: Allocated: 3309.6 MB, Reserved: 117540.0 MB (Δ: +1687.0 MB)
[2025-11-18 12:08:34][INFO][Rank 0] - train Epoch 1/24: 51.7% (1000/1935)
[2025-11-18 12:08:41][INFO][Rank 0] - train Epoch 1/24: 52.2% (1010/1935)
[2025-11-18 12:08:48][INFO][Rank 0] - train Epoch 1/24: 52.7% (1020/1935)
[2025-11-18 12:08:55][INFO][Rank 0] - train Epoch 1/24: 53.2% (1030/1935)
[2025-11-18 12:09:02][INFO][Rank 0] - train Epoch 1/24: 53.7% (1040/1935)
[2025-11-18 12:09:09][INFO][Rank 0] - train Epoch 1/24: 54.3% (1050/1935)
[2025-11-18 12:09:16][INFO][Rank 0] - train Epoch 1/24: 54.8% (1060/1935)
[2025-11-18 12:09:23][INFO][Rank 0] - train Epoch 1/24: 55.3% (1070/1935)
[2025-11-18 12:09:30][INFO][Rank 0] - train Epoch 1/24: 55.8% (1080/1935)
[2025-11-18 12:09:31][INFO][Rank 0] - CUDA Memory [train][Step 1080]: Device 0: Allocated: 3309.6 MB, Reserved: 117540.0 MB (Δ: +1687.0 MB)
[2025-11-18 12:09:37][INFO][Rank 0] - train Epoch 1/24: 56.3% (1090/1935)
[2025-11-18 12:09:44][INFO][Rank 0] - train Epoch 1/24: 56.8% (1100/1935)
[2025-11-18 12:09:51][INFO][Rank 0] - train Epoch 1/24: 57.4% (1110/1935)
[2025-11-18 12:09:58][INFO][Rank 0] - train Epoch 1/24: 57.9% (1120/1935)
[2025-11-18 12:10:05][INFO][Rank 0] - train Epoch 1/24: 58.4% (1130/1935)
[2025-11-18 12:10:12][INFO][Rank 0] - train Epoch 1/24: 58.9% (1140/1935)
[2025-11-18 12:10:20][INFO][Rank 0] - train Epoch 1/24: 59.4% (1150/1935)
[2025-11-18 12:10:27][INFO][Rank 0] - train Epoch 1/24: 59.9% (1160/1935)
[2025-11-18 12:10:34][INFO][Rank 0] - train Epoch 1/24: 60.5% (1170/1935)
[2025-11-18 12:10:34][INFO][Rank 0] - CUDA Memory [train][Step 1170]: Device 0: Allocated: 3309.6 MB, Reserved: 117540.0 MB (Δ: +1687.0 MB)
[2025-11-18 12:10:41][INFO][Rank 0] - train Epoch 1/24: 61.0% (1180/1935)
[2025-11-18 12:10:48][INFO][Rank 0] - train Epoch 1/24: 61.5% (1190/1935)
[2025-11-18 12:10:55][INFO][Rank 0] - train Epoch 1/24: 62.0% (1200/1935)
[2025-11-18 12:11:02][INFO][Rank 0] - train Epoch 1/24: 62.5% (1210/1935)
[2025-11-18 12:11:09][INFO][Rank 0] - train Epoch 1/24: 63.0% (1220/1935)
[2025-11-18 12:11:16][INFO][Rank 0] - train Epoch 1/24: 63.6% (1230/1935)
[2025-11-18 12:11:23][INFO][Rank 0] - train Epoch 1/24: 64.1% (1240/1935)
[2025-11-18 12:11:30][INFO][Rank 0] - train Epoch 1/24: 64.6% (1250/1935)
[2025-11-18 12:11:37][INFO][Rank 0] - train Epoch 1/24: 65.1% (1260/1935)
[2025-11-18 12:11:38][INFO][Rank 0] - CUDA Memory [train][Step 1260]: Device 0: Allocated: 3309.6 MB, Reserved: 117540.0 MB (Δ: +1687.0 MB)
[2025-11-18 12:11:44][INFO][Rank 0] - train Epoch 1/24: 65.6% (1270/1935)
[2025-11-18 12:11:51][INFO][Rank 0] - train Epoch 1/24: 66.1% (1280/1935)
[2025-11-18 12:11:58][INFO][Rank 0] - train Epoch 1/24: 66.7% (1290/1935)
[2025-11-18 12:12:05][INFO][Rank 0] - train Epoch 1/24: 67.2% (1300/1935)
[2025-11-18 12:12:12][INFO][Rank 0] - train Epoch 1/24: 67.7% (1310/1935)
[2025-11-18 12:12:20][INFO][Rank 0] - train Epoch 1/24: 68.2% (1320/1935)
[2025-11-18 12:12:27][INFO][Rank 0] - train Epoch 1/24: 68.7% (1330/1935)
[2025-11-18 12:12:34][INFO][Rank 0] - train Epoch 1/24: 69.3% (1340/1935)
[2025-11-18 12:12:41][INFO][Rank 0] - train Epoch 1/24: 69.8% (1350/1935)
[2025-11-18 12:12:41][INFO][Rank 0] - CUDA Memory [train][Step 1350]: Device 0: Allocated: 3309.6 MB, Reserved: 117540.0 MB (Δ: +1687.0 MB)
[2025-11-18 12:12:48][INFO][Rank 0] - train Epoch 1/24: 70.3% (1360/1935)
[2025-11-18 12:12:55][INFO][Rank 0] - train Epoch 1/24: 70.8% (1370/1935)
[2025-11-18 12:13:02][INFO][Rank 0] - train Epoch 1/24: 71.3% (1380/1935)
[2025-11-18 12:13:09][INFO][Rank 0] - train Epoch 1/24: 71.8% (1390/1935)
[2025-11-18 12:13:16][INFO][Rank 0] - train Epoch 1/24: 72.4% (1400/1935)
[2025-11-18 12:13:23][INFO][Rank 0] - train Epoch 1/24: 72.9% (1410/1935)
[2025-11-18 12:13:30][INFO][Rank 0] - train Epoch 1/24: 73.4% (1420/1935)
[2025-11-18 12:13:37][INFO][Rank 0] - train Epoch 1/24: 73.9% (1430/1935)
[2025-11-18 12:13:44][INFO][Rank 0] - train Epoch 1/24: 74.4% (1440/1935)
[2025-11-18 12:13:45][INFO][Rank 0] - CUDA Memory [train][Step 1440]: Device 0: Allocated: 3309.6 MB, Reserved: 117540.0 MB (Δ: +1687.0 MB)
[2025-11-18 12:13:51][INFO][Rank 0] - train Epoch 1/24: 74.9% (1450/1935)
[2025-11-18 12:13:58][INFO][Rank 0] - train Epoch 1/24: 75.5% (1460/1935)
[2025-11-18 12:14:05][INFO][Rank 0] - train Epoch 1/24: 76.0% (1470/1935)
[2025-11-18 12:14:12][INFO][Rank 0] - train Epoch 1/24: 76.5% (1480/1935)
[2025-11-18 12:14:20][INFO][Rank 0] - train Epoch 1/24: 77.0% (1490/1935)
[2025-11-18 12:14:27][INFO][Rank 0] - train Epoch 1/24: 77.5% (1500/1935)
[2025-11-18 12:14:34][INFO][Rank 0] - train Epoch 1/24: 78.0% (1510/1935)
[2025-11-18 12:14:41][INFO][Rank 0] - train Epoch 1/24: 78.6% (1520/1935)
[2025-11-18 12:14:48][INFO][Rank 0] - train Epoch 1/24: 79.1% (1530/1935)
[2025-11-18 12:14:49][INFO][Rank 0] - CUDA Memory [train][Step 1530]: Device 0: Allocated: 3309.6 MB, Reserved: 117540.0 MB (Δ: +1687.0 MB)
[2025-11-18 12:14:55][INFO][Rank 0] - train Epoch 1/24: 79.6% (1540/1935)
[2025-11-18 12:15:02][INFO][Rank 0] - train Epoch 1/24: 80.1% (1550/1935)
[2025-11-18 12:15:09][INFO][Rank 0] - train Epoch 1/24: 80.6% (1560/1935)
[2025-11-18 12:15:16][INFO][Rank 0] - train Epoch 1/24: 81.1% (1570/1935)
[2025-11-18 12:15:23][INFO][Rank 0] - train Epoch 1/24: 81.7% (1580/1935)
[2025-11-18 12:15:30][INFO][Rank 0] - train Epoch 1/24: 82.2% (1590/1935)
[2025-11-18 12:15:37][INFO][Rank 0] - train Epoch 1/24: 82.7% (1600/1935)
[2025-11-18 12:15:44][INFO][Rank 0] - train Epoch 1/24: 83.2% (1610/1935)
[2025-11-18 12:15:51][INFO][Rank 0] - train Epoch 1/24: 83.7% (1620/1935)
[2025-11-18 12:15:52][INFO][Rank 0] - CUDA Memory [train][Step 1620]: Device 0: Allocated: 3309.6 MB, Reserved: 117540.0 MB (Δ: +1687.0 MB)
[2025-11-18 12:15:58][INFO][Rank 0] - train Epoch 1/24: 84.2% (1630/1935)
[2025-11-18 12:16:05][INFO][Rank 0] - train Epoch 1/24: 84.8% (1640/1935)
[2025-11-18 12:16:13][INFO][Rank 0] - train Epoch 1/24: 85.3% (1650/1935)
[2025-11-18 12:16:20][INFO][Rank 0] - train Epoch 1/24: 85.8% (1660/1935)
[2025-11-18 12:16:27][INFO][Rank 0] - train Epoch 1/24: 86.3% (1670/1935)
[2025-11-18 12:16:34][INFO][Rank 0] - train Epoch 1/24: 86.8% (1680/1935)
[2025-11-18 12:16:41][INFO][Rank 0] - train Epoch 1/24: 87.3% (1690/1935)
[2025-11-18 12:16:48][INFO][Rank 0] - train Epoch 1/24: 87.9% (1700/1935)
[2025-11-18 12:16:55][INFO][Rank 0] - train Epoch 1/24: 88.4% (1710/1935)
[2025-11-18 12:16:56][INFO][Rank 0] - CUDA Memory [train][Step 1710]: Device 0: Allocated: 3309.6 MB, Reserved: 117540.0 MB (Δ: +1687.0 MB)
[2025-11-18 12:17:02][INFO][Rank 0] - train Epoch 1/24: 88.9% (1720/1935)
[2025-11-18 12:17:09][INFO][Rank 0] - train Epoch 1/24: 89.4% (1730/1935)
[2025-11-18 12:17:16][INFO][Rank 0] - train Epoch 1/24: 89.9% (1740/1935)
[2025-11-18 12:17:23][INFO][Rank 0] - train Epoch 1/24: 90.4% (1750/1935)
[2025-11-18 12:17:30][INFO][Rank 0] - train Epoch 1/24: 91.0% (1760/1935)
[2025-11-18 12:17:37][INFO][Rank 0] - train Epoch 1/24: 91.5% (1770/1935)
[2025-11-18 12:17:44][INFO][Rank 0] - train Epoch 1/24: 92.0% (1780/1935)
[2025-11-18 12:17:51][INFO][Rank 0] - train Epoch 1/24: 92.5% (1790/1935)
[2025-11-18 12:17:58][INFO][Rank 0] - train Epoch 1/24: 93.0% (1800/1935)
[2025-11-18 12:17:59][INFO][Rank 0] - CUDA Memory [train][Step 1800]: Device 0: Allocated: 3309.6 MB, Reserved: 117540.0 MB (Δ: +1687.0 MB)
[2025-11-18 12:18:05][INFO][Rank 0] - train Epoch 1/24: 93.5% (1810/1935)
[2025-11-18 12:18:13][INFO][Rank 0] - train Epoch 1/24: 94.1% (1820/1935)
[2025-11-18 12:18:20][INFO][Rank 0] - train Epoch 1/24: 94.6% (1830/1935)
[2025-11-18 12:18:27][INFO][Rank 0] - train Epoch 1/24: 95.1% (1840/1935)
[2025-11-18 12:18:34][INFO][Rank 0] - train Epoch 1/24: 95.6% (1850/1935)
[2025-11-18 12:18:41][INFO][Rank 0] - train Epoch 1/24: 96.1% (1860/1935)
[2025-11-18 12:18:48][INFO][Rank 0] - train Epoch 1/24: 96.6% (1870/1935)
[2025-11-18 12:18:55][INFO][Rank 0] - train Epoch 1/24: 97.2% (1880/1935)
[2025-11-18 12:19:02][INFO][Rank 0] - train Epoch 1/24: 97.7% (1890/1935)
[2025-11-18 12:19:03][INFO][Rank 0] - CUDA Memory [train][Step 1890]: Device 0: Allocated: 3309.6 MB, Reserved: 117540.0 MB (Δ: +1687.0 MB)
[2025-11-18 12:19:09][INFO][Rank 0] - train Epoch 1/24: 98.2% (1900/1935)
[2025-11-18 12:19:16][INFO][Rank 0] - train Epoch 1/24: 98.7% (1910/1935)
[2025-11-18 12:19:23][INFO][Rank 0] - train Epoch 1/24: 99.2% (1920/1935)
[2025-11-18 12:19:30][INFO][Rank 0] - train Epoch 1/24: 99.7% (1930/1935)
[2025-11-18 12:19:33][INFO][Rank 0] - train Epoch 1/24: 99.9% (1934/1935)
[2025-11-18 12:19:34][INFO][Rank 0] - train Loss: 0.3501 Acc: 0.9772 F1: 0.9885
[2025-11-18 12:19:34][INFO][Rank 0] - train Balanced Acc: 0.5399 AUC-ROC: 0.9135
[2025-11-18 12:19:34][INFO][Rank 0] - train Sensitivity: 0.9998 Specificity: 0.0800
[2025-11-18 12:19:34][INFO][Rank 0] - train Confusion Matrix: TP=18871, FP=437, FN=4, TN=38
[2025-11-18 12:19:34][INFO][Rank 0] - train completed in 1367.11s
[2025-11-18 12:19:34][INFO][Rank 0] - Data loading time: 1.28s, Forward time: 277.99s, Backward time: 740.95s
[2025-11-18 12:19:34][INFO][Rank 0] - train cache: 0/1 items, hit rate: 0.00%
[2025-11-18 12:19:34][INFO][Rank 0] - CUDA Memory [val][Step 0]: Device 0: Allocated: 3309.6 MB, Reserved: 117540.0 MB (Δ: +1687.0 MB)
[2025-11-18 12:19:34][INFO][Rank 0] - val phase: total 412 batches
[2025-11-18 12:19:34][INFO][Rank 0] - val Epoch 1/24: 0.0% (0/412)
[2025-11-18 12:19:39][INFO][Rank 0] - val Epoch 1/24: 2.4% (10/412)
[2025-11-18 12:19:44][INFO][Rank 0] - val Epoch 1/24: 4.9% (20/412)
[2025-11-18 12:19:49][INFO][Rank 0] - val Epoch 1/24: 7.3% (30/412)
[2025-11-18 12:19:54][INFO][Rank 0] - val Epoch 1/24: 9.7% (40/412)
[2025-11-18 12:19:59][INFO][Rank 0] - val Epoch 1/24: 12.1% (50/412)
[2025-11-18 12:20:04][INFO][Rank 0] - val Epoch 1/24: 14.6% (60/412)
[2025-11-18 12:20:09][INFO][Rank 0] - val Epoch 1/24: 17.0% (70/412)
[2025-11-18 12:20:14][INFO][Rank 0] - val Epoch 1/24: 19.4% (80/412)
[2025-11-18 12:20:20][INFO][Rank 0] - val Epoch 1/24: 21.8% (90/412)
[2025-11-18 12:20:25][INFO][Rank 0] - val Epoch 1/24: 24.3% (100/412)
[2025-11-18 12:20:30][INFO][Rank 0] - val Epoch 1/24: 26.7% (110/412)
[2025-11-18 12:20:35][INFO][Rank 0] - val Epoch 1/24: 29.1% (120/412)
[2025-11-18 12:20:35][INFO][Rank 0] - CUDA Memory [val][Step 120]: Device 0: Allocated: 3309.6 MB, Reserved: 117540.0 MB (Δ: +1687.0 MB)
[2025-11-18 12:20:40][INFO][Rank 0] - val Epoch 1/24: 31.6% (130/412)
[2025-11-18 12:20:45][INFO][Rank 0] - val Epoch 1/24: 34.0% (140/412)
[2025-11-18 12:20:50][INFO][Rank 0] - val Epoch 1/24: 36.4% (150/412)
[2025-11-18 12:20:55][INFO][Rank 0] - val Epoch 1/24: 38.8% (160/412)
[2025-11-18 12:21:00][INFO][Rank 0] - val Epoch 1/24: 41.3% (170/412)
[2025-11-18 12:21:05][INFO][Rank 0] - val Epoch 1/24: 43.7% (180/412)
[2025-11-18 12:21:10][INFO][Rank 0] - val Epoch 1/24: 46.1% (190/412)
[2025-11-18 12:21:15][INFO][Rank 0] - val Epoch 1/24: 48.5% (200/412)
[2025-11-18 12:21:20][INFO][Rank 0] - val Epoch 1/24: 51.0% (210/412)
[2025-11-18 12:21:25][INFO][Rank 0] - val Epoch 1/24: 53.4% (220/412)
[2025-11-18 12:21:30][INFO][Rank 0] - val Epoch 1/24: 55.8% (230/412)
[2025-11-18 12:21:35][INFO][Rank 0] - val Epoch 1/24: 58.3% (240/412)
[2025-11-18 12:21:36][INFO][Rank 0] - CUDA Memory [val][Step 240]: Device 0: Allocated: 3309.6 MB, Reserved: 117540.0 MB (Δ: +1687.0 MB)
[2025-11-18 12:21:40][INFO][Rank 0] - val Epoch 1/24: 60.7% (250/412)
[2025-11-18 12:21:45][INFO][Rank 0] - val Epoch 1/24: 63.1% (260/412)
[2025-11-18 12:21:50][INFO][Rank 0] - val Epoch 1/24: 65.5% (270/412)
[2025-11-18 12:21:55][INFO][Rank 0] - val Epoch 1/24: 68.0% (280/412)
[2025-11-18 12:22:00][INFO][Rank 0] - val Epoch 1/24: 70.4% (290/412)
[2025-11-18 12:22:05][INFO][Rank 0] - val Epoch 1/24: 72.8% (300/412)
[2025-11-18 12:22:10][INFO][Rank 0] - val Epoch 1/24: 75.2% (310/412)
[2025-11-18 12:22:15][INFO][Rank 0] - val Epoch 1/24: 77.7% (320/412)
[2025-11-18 12:22:20][INFO][Rank 0] - val Epoch 1/24: 80.1% (330/412)
[2025-11-18 12:22:25][INFO][Rank 0] - val Epoch 1/24: 82.5% (340/412)
[2025-11-18 12:22:30][INFO][Rank 0] - val Epoch 1/24: 85.0% (350/412)
[2025-11-18 12:22:35][INFO][Rank 0] - val Epoch 1/24: 87.4% (360/412)
[2025-11-18 12:22:36][INFO][Rank 0] - CUDA Memory [val][Step 360]: Device 0: Allocated: 3309.6 MB, Reserved: 117540.0 MB (Δ: +1687.0 MB)
[2025-11-18 12:22:40][INFO][Rank 0] - val Epoch 1/24: 89.8% (370/412)
[2025-11-18 12:22:45][INFO][Rank 0] - val Epoch 1/24: 92.2% (380/412)
[2025-11-18 12:22:50][INFO][Rank 0] - val Epoch 1/24: 94.7% (390/412)
[2025-11-18 12:22:55][INFO][Rank 0] - val Epoch 1/24: 97.1% (400/412)
[2025-11-18 12:23:00][INFO][Rank 0] - val Epoch 1/24: 99.5% (410/412)
[2025-11-18 12:23:01][INFO][Rank 0] - val Epoch 1/24: 99.8% (411/412)
[2025-11-18 12:23:01][INFO][Rank 0] - val Loss: 0.2389 Acc: 0.9757 F1: 0.9877
[2025-11-18 12:23:01][INFO][Rank 0] - val Balanced Acc: 0.5418 AUC-ROC: 0.9547
[2025-11-18 12:23:01][INFO][Rank 0] - val Sensitivity: 0.9995 Specificity: 0.0841
[2025-11-18 12:23:01][INFO][Rank 0] - val Confusion Matrix: TP=4011, FP=98, FN=2, TN=9
[2025-11-18 12:23:01][INFO][Rank 0] - val completed in 207.71s
[2025-11-18 12:23:01][INFO][Rank 0] - val cache: 0/1 items, hit rate: 0.00%
[2025-11-18 12:23:05][INFO][Rank 0] - Saved new best balanced_acc model with balanced_acc: 0.5418 at /projects/retprogression/rgarridogarcia/checkpoints/cropped1024_cropped_centered_allR_2/best_balanced_acc_model.pth
[2025-11-18 12:23:09][INFO][Rank 0] - Also saved as general best model at /projects/retprogression/rgarridogarcia/checkpoints/cropped1024_cropped_centered_allR_2/best_model.pth
[2025-11-18 12:23:14][INFO][Rank 0] - Saved new best auc model with auc: 0.9547 at /projects/retprogression/rgarridogarcia/checkpoints/cropped1024_cropped_centered_allR_2/best_auc_model.pth
[2025-11-18 12:23:19][INFO][Rank 0] - Saved epoch checkpoint at /projects/retprogression/rgarridogarcia/checkpoints/cropped1024_cropped_centered_allR_2/epoch_1.pth
[2025-11-18 12:23:19][INFO][Rank 0] - Epoch 1 summary:
[2025-11-18 12:23:19][INFO][Rank 0] -  Train Loss: 0.3501, Train Acc: 0.9772, Train F1: 0.9885
[2025-11-18 12:23:19][INFO][Rank 0] -  Train Balanced Acc: 0.5399, Train AUC: 0.9135
[2025-11-18 12:23:19][INFO][Rank 0] -  Train Sensitivity: 0.9998, Train Specificity: 0.0800
[2025-11-18 12:23:19][INFO][Rank 0] -  Val Loss: 0.2389, Val Acc: 0.9757, Val F1: 0.9877
[2025-11-18 12:23:19][INFO][Rank 0] -  Val Balanced Acc: 0.5418, Val AUC: 0.9547
[2025-11-18 12:23:19][INFO][Rank 0] -  Val Sensitivity: 0.9995, Val Specificity: 0.0841
[2025-11-18 12:23:19][INFO][Rank 0] -  Total Epoch Time: 1592.17s
[2025-11-18 12:23:19][INFO][Rank 0] - Epoch 2/24
[2025-11-18 12:23:19][INFO][Rank 0] - ----------
[2025-11-18 12:23:19][INFO][Rank 0] - CUDA Memory [train][Step 0]: Device 0: Allocated: 3309.6 MB, Reserved: 117540.0 MB (Δ: +1687.0 MB)
[2025-11-18 12:23:19][INFO][Rank 0] - train phase: total 1935 batches
[2025-11-18 12:23:19][INFO][Rank 0] - train Epoch 2/24: 0.0% (0/1935)
[2025-11-18 12:23:26][INFO][Rank 0] - train Epoch 2/24: 0.5% (10/1935)
[2025-11-18 12:23:33][INFO][Rank 0] - train Epoch 2/24: 1.0% (20/1935)
[2025-11-18 12:23:40][INFO][Rank 0] - train Epoch 2/24: 1.6% (30/1935)
[2025-11-18 12:23:47][INFO][Rank 0] - train Epoch 2/24: 2.1% (40/1935)
[2025-11-18 12:23:55][INFO][Rank 0] - train Epoch 2/24: 2.6% (50/1935)
[2025-11-18 12:24:02][INFO][Rank 0] - train Epoch 2/24: 3.1% (60/1935)
[2025-11-18 12:24:09][INFO][Rank 0] - train Epoch 2/24: 3.6% (70/1935)
[2025-11-18 12:24:16][INFO][Rank 0] - train Epoch 2/24: 4.1% (80/1935)
[2025-11-18 12:24:23][INFO][Rank 0] - train Epoch 2/24: 4.7% (90/1935)
[2025-11-18 12:24:23][INFO][Rank 0] - CUDA Memory [train][Step 90]: Device 0: Allocated: 3309.6 MB, Reserved: 117540.0 MB (Δ: +1687.0 MB)
[2025-11-18 12:24:30][INFO][Rank 0] - train Epoch 2/24: 5.2% (100/1935)
[2025-11-18 12:24:37][INFO][Rank 0] - train Epoch 2/24: 5.7% (110/1935)
[2025-11-18 12:24:44][INFO][Rank 0] - train Epoch 2/24: 6.2% (120/1935)
[2025-11-18 12:24:51][INFO][Rank 0] - train Epoch 2/24: 6.7% (130/1935)
[2025-11-18 12:24:58][INFO][Rank 0] - train Epoch 2/24: 7.2% (140/1935)
[2025-11-18 12:25:05][INFO][Rank 0] - train Epoch 2/24: 7.8% (150/1935)
[2025-11-18 12:25:12][INFO][Rank 0] - train Epoch 2/24: 8.3% (160/1935)
[2025-11-18 12:25:19][INFO][Rank 0] - train Epoch 2/24: 8.8% (170/1935)
[2025-11-18 12:25:26][INFO][Rank 0] - train Epoch 2/24: 9.3% (180/1935)
[2025-11-18 12:25:27][INFO][Rank 0] - CUDA Memory [train][Step 180]: Device 0: Allocated: 3309.6 MB, Reserved: 117540.0 MB (Δ: +1687.0 MB)
[2025-11-18 12:25:33][INFO][Rank 0] - train Epoch 2/24: 9.8% (190/1935)
[2025-11-18 12:25:40][INFO][Rank 0] - train Epoch 2/24: 10.3% (200/1935)
[2025-11-18 12:25:48][INFO][Rank 0] - train Epoch 2/24: 10.9% (210/1935)
[2025-11-18 12:25:55][INFO][Rank 0] - train Epoch 2/24: 11.4% (220/1935)
[2025-11-18 12:26:02][INFO][Rank 0] - train Epoch 2/24: 11.9% (230/1935)
[2025-11-18 12:26:09][INFO][Rank 0] - train Epoch 2/24: 12.4% (240/1935)
[2025-11-18 12:26:16][INFO][Rank 0] - train Epoch 2/24: 12.9% (250/1935)
[2025-11-18 12:26:23][INFO][Rank 0] - train Epoch 2/24: 13.4% (260/1935)
[2025-11-18 12:26:30][INFO][Rank 0] - train Epoch 2/24: 14.0% (270/1935)
[2025-11-18 12:26:31][INFO][Rank 0] - CUDA Memory [train][Step 270]: Device 0: Allocated: 3309.6 MB, Reserved: 117540.0 MB (Δ: +1687.0 MB)
[2025-11-18 12:26:37][INFO][Rank 0] - train Epoch 2/24: 14.5% (280/1935)
[2025-11-18 12:26:44][INFO][Rank 0] - train Epoch 2/24: 15.0% (290/1935)
[2025-11-18 12:26:51][INFO][Rank 0] - train Epoch 2/24: 15.5% (300/1935)
[2025-11-18 12:26:58][INFO][Rank 0] - train Epoch 2/24: 16.0% (310/1935)
[2025-11-18 12:27:05][INFO][Rank 0] - train Epoch 2/24: 16.5% (320/1935)
[2025-11-18 12:27:12][INFO][Rank 0] - train Epoch 2/24: 17.1% (330/1935)
[2025-11-18 12:27:19][INFO][Rank 0] - train Epoch 2/24: 17.6% (340/1935)
[2025-11-18 12:27:26][INFO][Rank 0] - train Epoch 2/24: 18.1% (350/1935)
[2025-11-18 12:27:33][INFO][Rank 0] - train Epoch 2/24: 18.6% (360/1935)
[2025-11-18 12:27:34][INFO][Rank 0] - CUDA Memory [train][Step 360]: Device 0: Allocated: 3309.6 MB, Reserved: 117540.0 MB (Δ: +1687.0 MB)
[2025-11-18 12:27:40][INFO][Rank 0] - train Epoch 2/24: 19.1% (370/1935)
[2025-11-18 12:27:48][INFO][Rank 0] - train Epoch 2/24: 19.6% (380/1935)
[2025-11-18 12:27:55][INFO][Rank 0] - train Epoch 2/24: 20.2% (390/1935)
[2025-11-18 12:28:02][INFO][Rank 0] - train Epoch 2/24: 20.7% (400/1935)
[2025-11-18 12:28:09][INFO][Rank 0] - train Epoch 2/24: 21.2% (410/1935)
[2025-11-18 12:28:16][INFO][Rank 0] - train Epoch 2/24: 21.7% (420/1935)
[2025-11-18 12:28:23][INFO][Rank 0] - train Epoch 2/24: 22.2% (430/1935)
[2025-11-18 12:28:30][INFO][Rank 0] - train Epoch 2/24: 22.7% (440/1935)
[2025-11-18 12:28:37][INFO][Rank 0] - train Epoch 2/24: 23.3% (450/1935)
[2025-11-18 12:28:38][INFO][Rank 0] - CUDA Memory [train][Step 450]: Device 0: Allocated: 3309.6 MB, Reserved: 117540.0 MB (Δ: +1687.0 MB)
[2025-11-18 12:28:44][INFO][Rank 0] - train Epoch 2/24: 23.8% (460/1935)
[2025-11-18 12:28:51][INFO][Rank 0] - train Epoch 2/24: 24.3% (470/1935)
[2025-11-18 12:28:58][INFO][Rank 0] - train Epoch 2/24: 24.8% (480/1935)
[2025-11-18 12:29:05][INFO][Rank 0] - train Epoch 2/24: 25.3% (490/1935)
[2025-11-18 12:29:12][INFO][Rank 0] - train Epoch 2/24: 25.8% (500/1935)
[2025-11-18 12:29:19][INFO][Rank 0] - train Epoch 2/24: 26.4% (510/1935)
[2025-11-18 12:29:26][INFO][Rank 0] - train Epoch 2/24: 26.9% (520/1935)
[2025-11-18 12:29:33][INFO][Rank 0] - train Epoch 2/24: 27.4% (530/1935)
[2025-11-18 12:29:40][INFO][Rank 0] - train Epoch 2/24: 27.9% (540/1935)
[2025-11-18 12:29:41][INFO][Rank 0] - CUDA Memory [train][Step 540]: Device 0: Allocated: 3309.6 MB, Reserved: 117540.0 MB (Δ: +1687.0 MB)
[2025-11-18 12:29:48][INFO][Rank 0] - train Epoch 2/24: 28.4% (550/1935)
[2025-11-18 12:29:55][INFO][Rank 0] - train Epoch 2/24: 28.9% (560/1935)
[2025-11-18 12:30:02][INFO][Rank 0] - train Epoch 2/24: 29.5% (570/1935)
[2025-11-18 12:30:09][INFO][Rank 0] - train Epoch 2/24: 30.0% (580/1935)
[2025-11-18 12:30:16][INFO][Rank 0] - train Epoch 2/24: 30.5% (590/1935)
[2025-11-18 12:30:23][INFO][Rank 0] - train Epoch 2/24: 31.0% (600/1935)
[2025-11-18 12:30:30][INFO][Rank 0] - train Epoch 2/24: 31.5% (610/1935)
[2025-11-18 12:30:37][INFO][Rank 0] - train Epoch 2/24: 32.0% (620/1935)
[2025-11-18 12:30:44][INFO][Rank 0] - train Epoch 2/24: 32.6% (630/1935)
[2025-11-18 12:30:45][INFO][Rank 0] - CUDA Memory [train][Step 630]: Device 0: Allocated: 3309.6 MB, Reserved: 117540.0 MB (Δ: +1687.0 MB)
[2025-11-18 12:30:51][INFO][Rank 0] - train Epoch 2/24: 33.1% (640/1935)
[2025-11-18 12:30:58][INFO][Rank 0] - train Epoch 2/24: 33.6% (650/1935)
[2025-11-18 12:31:05][INFO][Rank 0] - train Epoch 2/24: 34.1% (660/1935)
[2025-11-18 12:31:12][INFO][Rank 0] - train Epoch 2/24: 34.6% (670/1935)
[2025-11-18 12:31:19][INFO][Rank 0] - train Epoch 2/24: 35.1% (680/1935)
[2025-11-18 12:31:26][INFO][Rank 0] - train Epoch 2/24: 35.7% (690/1935)
[2025-11-18 12:31:33][INFO][Rank 0] - train Epoch 2/24: 36.2% (700/1935)
[2025-11-18 12:31:40][INFO][Rank 0] - train Epoch 2/24: 36.7% (710/1935)
[2025-11-18 12:31:48][INFO][Rank 0] - train Epoch 2/24: 37.2% (720/1935)
[2025-11-18 12:31:48][INFO][Rank 0] - CUDA Memory [train][Step 720]: Device 0: Allocated: 3309.6 MB, Reserved: 117540.0 MB (Δ: +1687.0 MB)
[2025-11-18 12:31:55][INFO][Rank 0] - train Epoch 2/24: 37.7% (730/1935)
[2025-11-18 12:32:02][INFO][Rank 0] - train Epoch 2/24: 38.2% (740/1935)
[2025-11-18 12:32:09][INFO][Rank 0] - train Epoch 2/24: 38.8% (750/1935)
[2025-11-18 12:32:16][INFO][Rank 0] - train Epoch 2/24: 39.3% (760/1935)
[2025-11-18 12:32:23][INFO][Rank 0] - train Epoch 2/24: 39.8% (770/1935)
[2025-11-18 12:32:30][INFO][Rank 0] - train Epoch 2/24: 40.3% (780/1935)
[2025-11-18 12:32:37][INFO][Rank 0] - train Epoch 2/24: 40.8% (790/1935)
[2025-11-18 12:32:44][INFO][Rank 0] - train Epoch 2/24: 41.3% (800/1935)
[2025-11-18 12:32:51][INFO][Rank 0] - train Epoch 2/24: 41.9% (810/1935)
[2025-11-18 12:32:52][INFO][Rank 0] - CUDA Memory [train][Step 810]: Device 0: Allocated: 3309.6 MB, Reserved: 117540.0 MB (Δ: +1687.0 MB)
[2025-11-18 12:32:58][INFO][Rank 0] - train Epoch 2/24: 42.4% (820/1935)
[2025-11-18 12:33:05][INFO][Rank 0] - train Epoch 2/24: 42.9% (830/1935)
[2025-11-18 12:33:12][INFO][Rank 0] - train Epoch 2/24: 43.4% (840/1935)
[2025-11-18 12:33:19][INFO][Rank 0] - train Epoch 2/24: 43.9% (850/1935)
[2025-11-18 12:33:26][INFO][Rank 0] - train Epoch 2/24: 44.4% (860/1935)
[2025-11-18 12:33:33][INFO][Rank 0] - train Epoch 2/24: 45.0% (870/1935)
[2025-11-18 12:33:40][INFO][Rank 0] - train Epoch 2/24: 45.5% (880/1935)
[2025-11-18 12:33:48][INFO][Rank 0] - train Epoch 2/24: 46.0% (890/1935)
[2025-11-18 12:33:55][INFO][Rank 0] - train Epoch 2/24: 46.5% (900/1935)
[2025-11-18 12:33:55][INFO][Rank 0] - CUDA Memory [train][Step 900]: Device 0: Allocated: 3309.6 MB, Reserved: 117540.0 MB (Δ: +1687.0 MB)
[2025-11-18 12:34:02][INFO][Rank 0] - train Epoch 2/24: 47.0% (910/1935)
[2025-11-18 12:34:09][INFO][Rank 0] - train Epoch 2/24: 47.5% (920/1935)
[2025-11-18 12:34:16][INFO][Rank 0] - train Epoch 2/24: 48.1% (930/1935)
[2025-11-18 12:34:23][INFO][Rank 0] - train Epoch 2/24: 48.6% (940/1935)
[2025-11-18 12:34:30][INFO][Rank 0] - train Epoch 2/24: 49.1% (950/1935)
[2025-11-18 12:34:37][INFO][Rank 0] - train Epoch 2/24: 49.6% (960/1935)
[2025-11-18 12:34:44][INFO][Rank 0] - train Epoch 2/24: 50.1% (970/1935)
[2025-11-18 12:34:51][INFO][Rank 0] - train Epoch 2/24: 50.6% (980/1935)
[2025-11-18 12:34:58][INFO][Rank 0] - train Epoch 2/24: 51.2% (990/1935)
[2025-11-18 12:34:59][INFO][Rank 0] - CUDA Memory [train][Step 990]: Device 0: Allocated: 3309.6 MB, Reserved: 117540.0 MB (Δ: +1687.0 MB)
[2025-11-18 12:35:05][INFO][Rank 0] - train Epoch 2/24: 51.7% (1000/1935)
[2025-11-18 12:35:12][INFO][Rank 0] - train Epoch 2/24: 52.2% (1010/1935)
[2025-11-18 12:35:19][INFO][Rank 0] - train Epoch 2/24: 52.7% (1020/1935)
[2025-11-18 12:35:26][INFO][Rank 0] - train Epoch 2/24: 53.2% (1030/1935)
[2025-11-18 12:35:33][INFO][Rank 0] - train Epoch 2/24: 53.7% (1040/1935)
[2025-11-18 12:35:40][INFO][Rank 0] - train Epoch 2/24: 54.3% (1050/1935)
[2025-11-18 12:35:48][INFO][Rank 0] - train Epoch 2/24: 54.8% (1060/1935)
[2025-11-18 12:35:55][INFO][Rank 0] - train Epoch 2/24: 55.3% (1070/1935)
[2025-11-18 12:36:02][INFO][Rank 0] - train Epoch 2/24: 55.8% (1080/1935)
[2025-11-18 12:36:02][INFO][Rank 0] - CUDA Memory [train][Step 1080]: Device 0: Allocated: 3309.6 MB, Reserved: 117540.0 MB (Δ: +1687.0 MB)
[2025-11-18 12:36:09][INFO][Rank 0] - train Epoch 2/24: 56.3% (1090/1935)
[2025-11-18 12:36:16][INFO][Rank 0] - train Epoch 2/24: 56.8% (1100/1935)
[2025-11-18 12:36:23][INFO][Rank 0] - train Epoch 2/24: 57.4% (1110/1935)
[2025-11-18 12:36:30][INFO][Rank 0] - train Epoch 2/24: 57.9% (1120/1935)
[2025-11-18 12:36:37][INFO][Rank 0] - train Epoch 2/24: 58.4% (1130/1935)
[2025-11-18 12:36:44][INFO][Rank 0] - train Epoch 2/24: 58.9% (1140/1935)
[2025-11-18 12:36:51][INFO][Rank 0] - train Epoch 2/24: 59.4% (1150/1935)
[2025-11-18 12:36:58][INFO][Rank 0] - train Epoch 2/24: 59.9% (1160/1935)
[2025-11-18 12:37:05][INFO][Rank 0] - train Epoch 2/24: 60.5% (1170/1935)
[2025-11-18 12:37:06][INFO][Rank 0] - CUDA Memory [train][Step 1170]: Device 0: Allocated: 3309.6 MB, Reserved: 117540.0 MB (Δ: +1687.0 MB)
[2025-11-18 12:37:12][INFO][Rank 0] - train Epoch 2/24: 61.0% (1180/1935)
[2025-11-18 12:37:19][INFO][Rank 0] - train Epoch 2/24: 61.5% (1190/1935)
[2025-11-18 12:37:26][INFO][Rank 0] - train Epoch 2/24: 62.0% (1200/1935)
[2025-11-18 12:37:33][INFO][Rank 0] - train Epoch 2/24: 62.5% (1210/1935)
[2025-11-18 12:37:41][INFO][Rank 0] - train Epoch 2/24: 63.0% (1220/1935)
[2025-11-18 12:37:48][INFO][Rank 0] - train Epoch 2/24: 63.6% (1230/1935)
[2025-11-18 12:37:55][INFO][Rank 0] - train Epoch 2/24: 64.1% (1240/1935)
[2025-11-18 12:38:02][INFO][Rank 0] - train Epoch 2/24: 64.6% (1250/1935)
[2025-11-18 12:38:09][INFO][Rank 0] - train Epoch 2/24: 65.1% (1260/1935)
[2025-11-18 12:38:09][INFO][Rank 0] - CUDA Memory [train][Step 1260]: Device 0: Allocated: 3309.6 MB, Reserved: 117540.0 MB (Δ: +1687.0 MB)
[2025-11-18 12:38:16][INFO][Rank 0] - train Epoch 2/24: 65.6% (1270/1935)
[2025-11-18 12:38:23][INFO][Rank 0] - train Epoch 2/24: 66.1% (1280/1935)
[2025-11-18 12:38:30][INFO][Rank 0] - train Epoch 2/24: 66.7% (1290/1935)
[2025-11-18 12:38:37][INFO][Rank 0] - train Epoch 2/24: 67.2% (1300/1935)
[2025-11-18 12:38:44][INFO][Rank 0] - train Epoch 2/24: 67.7% (1310/1935)
[2025-11-18 12:38:51][INFO][Rank 0] - train Epoch 2/24: 68.2% (1320/1935)
[2025-11-18 12:38:58][INFO][Rank 0] - train Epoch 2/24: 68.7% (1330/1935)
[2025-11-18 12:39:05][INFO][Rank 0] - train Epoch 2/24: 69.3% (1340/1935)
[2025-11-18 12:39:12][INFO][Rank 0] - train Epoch 2/24: 69.8% (1350/1935)
[2025-11-18 12:39:13][INFO][Rank 0] - CUDA Memory [train][Step 1350]: Device 0: Allocated: 3309.6 MB, Reserved: 117540.0 MB (Δ: +1687.0 MB)
[2025-11-18 12:39:19][INFO][Rank 0] - train Epoch 2/24: 70.3% (1360/1935)
[2025-11-18 12:39:26][INFO][Rank 0] - train Epoch 2/24: 70.8% (1370/1935)
[2025-11-18 12:39:33][INFO][Rank 0] - train Epoch 2/24: 71.3% (1380/1935)
[2025-11-18 12:39:41][INFO][Rank 0] - train Epoch 2/24: 71.8% (1390/1935)
[2025-11-18 12:39:48][INFO][Rank 0] - train Epoch 2/24: 72.4% (1400/1935)
[2025-11-18 12:39:55][INFO][Rank 0] - train Epoch 2/24: 72.9% (1410/1935)
[2025-11-18 12:40:02][INFO][Rank 0] - train Epoch 2/24: 73.4% (1420/1935)
[2025-11-18 12:40:09][INFO][Rank 0] - train Epoch 2/24: 73.9% (1430/1935)
[2025-11-18 12:40:16][INFO][Rank 0] - train Epoch 2/24: 74.4% (1440/1935)
[2025-11-18 12:40:17][INFO][Rank 0] - CUDA Memory [train][Step 1440]: Device 0: Allocated: 3309.6 MB, Reserved: 117540.0 MB (Δ: +1687.0 MB)
[2025-11-18 12:40:23][INFO][Rank 0] - train Epoch 2/24: 74.9% (1450/1935)
[2025-11-18 12:40:30][INFO][Rank 0] - train Epoch 2/24: 75.5% (1460/1935)
[2025-11-18 12:40:37][INFO][Rank 0] - train Epoch 2/24: 76.0% (1470/1935)
[2025-11-18 12:40:44][INFO][Rank 0] - train Epoch 2/24: 76.5% (1480/1935)
[2025-11-18 12:40:51][INFO][Rank 0] - train Epoch 2/24: 77.0% (1490/1935)
[2025-11-18 12:40:58][INFO][Rank 0] - train Epoch 2/24: 77.5% (1500/1935)
[2025-11-18 12:41:05][INFO][Rank 0] - train Epoch 2/24: 78.0% (1510/1935)
[2025-11-18 12:41:12][INFO][Rank 0] - train Epoch 2/24: 78.6% (1520/1935)
[2025-11-18 12:41:19][INFO][Rank 0] - train Epoch 2/24: 79.1% (1530/1935)
[2025-11-18 12:41:20][INFO][Rank 0] - CUDA Memory [train][Step 1530]: Device 0: Allocated: 3309.6 MB, Reserved: 117540.0 MB (Δ: +1687.0 MB)
[2025-11-18 12:41:26][INFO][Rank 0] - train Epoch 2/24: 79.6% (1540/1935)
[2025-11-18 12:41:33][INFO][Rank 0] - train Epoch 2/24: 80.1% (1550/1935)
[2025-11-18 12:41:41][INFO][Rank 0] - train Epoch 2/24: 80.6% (1560/1935)
[2025-11-18 12:41:48][INFO][Rank 0] - train Epoch 2/24: 81.1% (1570/1935)
[2025-11-18 12:41:55][INFO][Rank 0] - train Epoch 2/24: 81.7% (1580/1935)
[2025-11-18 12:42:02][INFO][Rank 0] - train Epoch 2/24: 82.2% (1590/1935)
[2025-11-18 12:42:09][INFO][Rank 0] - train Epoch 2/24: 82.7% (1600/1935)
[2025-11-18 12:42:16][INFO][Rank 0] - train Epoch 2/24: 83.2% (1610/1935)
[2025-11-18 12:42:23][INFO][Rank 0] - train Epoch 2/24: 83.7% (1620/1935)
[2025-11-18 12:42:24][INFO][Rank 0] - CUDA Memory [train][Step 1620]: Device 0: Allocated: 3309.6 MB, Reserved: 117540.0 MB (Δ: +1687.0 MB)
[2025-11-18 12:42:30][INFO][Rank 0] - train Epoch 2/24: 84.2% (1630/1935)
[2025-11-18 12:42:37][INFO][Rank 0] - train Epoch 2/24: 84.8% (1640/1935)
[2025-11-18 12:42:44][INFO][Rank 0] - train Epoch 2/24: 85.3% (1650/1935)
[2025-11-18 12:42:51][INFO][Rank 0] - train Epoch 2/24: 85.8% (1660/1935)
[2025-11-18 12:42:58][INFO][Rank 0] - train Epoch 2/24: 86.3% (1670/1935)
[2025-11-18 12:43:05][INFO][Rank 0] - train Epoch 2/24: 86.8% (1680/1935)
[2025-11-18 12:43:12][INFO][Rank 0] - train Epoch 2/24: 87.3% (1690/1935)
[2025-11-18 12:43:19][INFO][Rank 0] - train Epoch 2/24: 87.9% (1700/1935)
[2025-11-18 12:43:26][INFO][Rank 0] - train Epoch 2/24: 88.4% (1710/1935)
[2025-11-18 12:43:27][INFO][Rank 0] - CUDA Memory [train][Step 1710]: Device 0: Allocated: 3309.6 MB, Reserved: 117540.0 MB (Δ: +1687.0 MB)
[2025-11-18 12:43:33][INFO][Rank 0] - train Epoch 2/24: 88.9% (1720/1935)
[2025-11-18 12:43:41][INFO][Rank 0] - train Epoch 2/24: 89.4% (1730/1935)
[2025-11-18 12:43:48][INFO][Rank 0] - train Epoch 2/24: 89.9% (1740/1935)
[2025-11-18 12:43:55][INFO][Rank 0] - train Epoch 2/24: 90.4% (1750/1935)
[2025-11-18 12:44:02][INFO][Rank 0] - train Epoch 2/24: 91.0% (1760/1935)
[2025-11-18 12:44:09][INFO][Rank 0] - train Epoch 2/24: 91.5% (1770/1935)
[2025-11-18 12:44:16][INFO][Rank 0] - train Epoch 2/24: 92.0% (1780/1935)
[2025-11-18 12:44:23][INFO][Rank 0] - train Epoch 2/24: 92.5% (1790/1935)
[2025-11-18 12:44:30][INFO][Rank 0] - train Epoch 2/24: 93.0% (1800/1935)
[2025-11-18 12:44:31][INFO][Rank 0] - CUDA Memory [train][Step 1800]: Device 0: Allocated: 3309.6 MB, Reserved: 117540.0 MB (Δ: +1687.0 MB)
[2025-11-18 12:44:37][INFO][Rank 0] - train Epoch 2/24: 93.5% (1810/1935)
[2025-11-18 12:44:44][INFO][Rank 0] - train Epoch 2/24: 94.1% (1820/1935)
[2025-11-18 12:44:51][INFO][Rank 0] - train Epoch 2/24: 94.6% (1830/1935)
[2025-11-18 12:44:58][INFO][Rank 0] - train Epoch 2/24: 95.1% (1840/1935)
[2025-11-18 12:45:05][INFO][Rank 0] - train Epoch 2/24: 95.6% (1850/1935)
[2025-11-18 12:45:12][INFO][Rank 0] - train Epoch 2/24: 96.1% (1860/1935)
[2025-11-18 12:45:19][INFO][Rank 0] - train Epoch 2/24: 96.6% (1870/1935)
[2025-11-18 12:45:26][INFO][Rank 0] - train Epoch 2/24: 97.2% (1880/1935)
[2025-11-18 12:45:34][INFO][Rank 0] - train Epoch 2/24: 97.7% (1890/1935)
[2025-11-18 12:45:34][INFO][Rank 0] - CUDA Memory [train][Step 1890]: Device 0: Allocated: 3309.6 MB, Reserved: 117540.0 MB (Δ: +1687.0 MB)
[2025-11-18 12:45:41][INFO][Rank 0] - train Epoch 2/24: 98.2% (1900/1935)
[2025-11-18 12:45:48][INFO][Rank 0] - train Epoch 2/24: 98.7% (1910/1935)
[2025-11-18 12:45:55][INFO][Rank 0] - train Epoch 2/24: 99.2% (1920/1935)
[2025-11-18 12:46:02][INFO][Rank 0] - train Epoch 2/24: 99.7% (1930/1935)
[2025-11-18 12:46:05][INFO][Rank 0] - train Epoch 2/24: 99.9% (1934/1935)
[2025-11-18 12:46:05][INFO][Rank 0] - train Loss: 0.2988 Acc: 0.9790 F1: 0.9893
[2025-11-18 12:46:05][INFO][Rank 0] - train Balanced Acc: 0.6014 AUC-ROC: 0.9393
[2025-11-18 12:46:05][INFO][Rank 0] - train Sensitivity: 0.9985 Specificity: 0.2042
[2025-11-18 12:46:05][INFO][Rank 0] - train Confusion Matrix: TP=18847, FP=378, FN=28, TN=97
[2025-11-18 12:46:05][INFO][Rank 0] - train completed in 1366.48s
[2025-11-18 12:46:05][INFO][Rank 0] - Data loading time: 0.95s, Forward time: 277.90s, Backward time: 740.71s
[2025-11-18 12:46:05][INFO][Rank 0] - train cache: 0/1 items, hit rate: 0.00%
[2025-11-18 12:46:05][INFO][Rank 0] - CUDA Memory [val][Step 0]: Device 0: Allocated: 3309.6 MB, Reserved: 117540.0 MB (Δ: +1687.0 MB)
[2025-11-18 12:46:05][INFO][Rank 0] - val phase: total 412 batches
[2025-11-18 12:46:06][INFO][Rank 0] - val Epoch 2/24: 0.0% (0/412)
[2025-11-18 12:46:11][INFO][Rank 0] - val Epoch 2/24: 2.4% (10/412)
[2025-11-18 12:46:16][INFO][Rank 0] - val Epoch 2/24: 4.9% (20/412)
[2025-11-18 12:46:21][INFO][Rank 0] - val Epoch 2/24: 7.3% (30/412)
[2025-11-18 12:46:26][INFO][Rank 0] - val Epoch 2/24: 9.7% (40/412)
[2025-11-18 12:46:31][INFO][Rank 0] - val Epoch 2/24: 12.1% (50/412)
[2025-11-18 12:46:36][INFO][Rank 0] - val Epoch 2/24: 14.6% (60/412)
[2025-11-18 12:46:41][INFO][Rank 0] - val Epoch 2/24: 17.0% (70/412)
[2025-11-18 12:46:46][INFO][Rank 0] - val Epoch 2/24: 19.4% (80/412)
[2025-11-18 12:46:51][INFO][Rank 0] - val Epoch 2/24: 21.8% (90/412)
[2025-11-18 12:46:56][INFO][Rank 0] - val Epoch 2/24: 24.3% (100/412)
[2025-11-18 12:47:01][INFO][Rank 0] - val Epoch 2/24: 26.7% (110/412)
[2025-11-18 12:47:06][INFO][Rank 0] - val Epoch 2/24: 29.1% (120/412)
[2025-11-18 12:47:06][INFO][Rank 0] - CUDA Memory [val][Step 120]: Device 0: Allocated: 3309.6 MB, Reserved: 117540.0 MB (Δ: +1687.0 MB)
[2025-11-18 12:47:11][INFO][Rank 0] - val Epoch 2/24: 31.6% (130/412)
[2025-11-18 12:47:16][INFO][Rank 0] - val Epoch 2/24: 34.0% (140/412)
[2025-11-18 12:47:21][INFO][Rank 0] - val Epoch 2/24: 36.4% (150/412)
[2025-11-18 12:47:26][INFO][Rank 0] - val Epoch 2/24: 38.8% (160/412)
[2025-11-18 12:47:31][INFO][Rank 0] - val Epoch 2/24: 41.3% (170/412)
[2025-11-18 12:47:36][INFO][Rank 0] - val Epoch 2/24: 43.7% (180/412)
[2025-11-18 12:47:41][INFO][Rank 0] - val Epoch 2/24: 46.1% (190/412)
[2025-11-18 12:47:46][INFO][Rank 0] - val Epoch 2/24: 48.5% (200/412)
[2025-11-18 12:47:51][INFO][Rank 0] - val Epoch 2/24: 51.0% (210/412)
[2025-11-18 12:47:56][INFO][Rank 0] - val Epoch 2/24: 53.4% (220/412)
[2025-11-18 12:48:01][INFO][Rank 0] - val Epoch 2/24: 55.8% (230/412)
[2025-11-18 12:48:06][INFO][Rank 0] - val Epoch 2/24: 58.3% (240/412)
[2025-11-18 12:48:07][INFO][Rank 0] - CUDA Memory [val][Step 240]: Device 0: Allocated: 3309.6 MB, Reserved: 117540.0 MB (Δ: +1687.0 MB)
[2025-11-18 12:48:11][INFO][Rank 0] - val Epoch 2/24: 60.7% (250/412)
[2025-11-18 12:48:16][INFO][Rank 0] - val Epoch 2/24: 63.1% (260/412)
[2025-11-18 12:48:21][INFO][Rank 0] - val Epoch 2/24: 65.5% (270/412)
[2025-11-18 12:48:26][INFO][Rank 0] - val Epoch 2/24: 68.0% (280/412)
[2025-11-18 12:48:31][INFO][Rank 0] - val Epoch 2/24: 70.4% (290/412)
[2025-11-18 12:48:36][INFO][Rank 0] - val Epoch 2/24: 72.8% (300/412)
[2025-11-18 12:48:41][INFO][Rank 0] - val Epoch 2/24: 75.2% (310/412)
[2025-11-18 12:48:46][INFO][Rank 0] - val Epoch 2/24: 77.7% (320/412)
[2025-11-18 12:48:51][INFO][Rank 0] - val Epoch 2/24: 80.1% (330/412)
[2025-11-18 12:48:56][INFO][Rank 0] - val Epoch 2/24: 82.5% (340/412)
[2025-11-18 12:49:02][INFO][Rank 0] - val Epoch 2/24: 85.0% (350/412)
[2025-11-18 12:49:07][INFO][Rank 0] - val Epoch 2/24: 87.4% (360/412)
[2025-11-18 12:49:07][INFO][Rank 0] - CUDA Memory [val][Step 360]: Device 0: Allocated: 3309.6 MB, Reserved: 117540.0 MB (Δ: +1687.0 MB)
[2025-11-18 12:49:12][INFO][Rank 0] - val Epoch 2/24: 89.8% (370/412)
[2025-11-18 12:49:17][INFO][Rank 0] - val Epoch 2/24: 92.2% (380/412)
[2025-11-18 12:49:22][INFO][Rank 0] - val Epoch 2/24: 94.7% (390/412)
[2025-11-18 12:49:27][INFO][Rank 0] - val Epoch 2/24: 97.1% (400/412)
[2025-11-18 12:49:32][INFO][Rank 0] - val Epoch 2/24: 99.5% (410/412)
[2025-11-18 12:49:32][INFO][Rank 0] - val Epoch 2/24: 99.8% (411/412)
[2025-11-18 12:49:33][INFO][Rank 0] - val Loss: 0.1972 Acc: 0.9789 F1: 0.9893
[2025-11-18 12:49:33][INFO][Rank 0] - val Balanced Acc: 0.6162 AUC-ROC: 0.9629
[2025-11-18 12:49:33][INFO][Rank 0] - val Sensitivity: 0.9988 Specificity: 0.2336
[2025-11-18 12:49:33][INFO][Rank 0] - val Confusion Matrix: TP=4008, FP=82, FN=5, TN=25
[2025-11-18 12:49:33][INFO][Rank 0] - val completed in 207.36s
[2025-11-18 12:49:33][INFO][Rank 0] - val cache: 0/1 items, hit rate: 0.00%
[2025-11-18 12:49:37][INFO][Rank 0] - Saved new best accuracy model with accuracy: 0.9789 at /projects/retprogression/rgarridogarcia/checkpoints/cropped1024_cropped_centered_allR_2/best_acc_model.pth
[2025-11-18 12:49:40][INFO][Rank 0] - Saved new best f1 model with f1: 0.9893 at /projects/retprogression/rgarridogarcia/checkpoints/cropped1024_cropped_centered_allR_2/best_f1_model.pth
[2025-11-18 12:49:45][INFO][Rank 0] - Saved new best balanced_acc model with balanced_acc: 0.6162 at /projects/retprogression/rgarridogarcia/checkpoints/cropped1024_cropped_centered_allR_2/best_balanced_acc_model.pth
[2025-11-18 12:49:49][INFO][Rank 0] - Also saved as general best model at /projects/retprogression/rgarridogarcia/checkpoints/cropped1024_cropped_centered_allR_2/best_model.pth
[2025-11-18 12:49:53][INFO][Rank 0] - Saved new best auc model with auc: 0.9629 at /projects/retprogression/rgarridogarcia/checkpoints/cropped1024_cropped_centered_allR_2/best_auc_model.pth
[2025-11-18 12:49:57][INFO][Rank 0] - Saved epoch checkpoint at /projects/retprogression/rgarridogarcia/checkpoints/cropped1024_cropped_centered_allR_2/epoch_2.pth
[2025-11-18 12:49:57][INFO][Rank 0] - Epoch 2 summary:
[2025-11-18 12:49:57][INFO][Rank 0] -  Train Loss: 0.2988, Train Acc: 0.9790, Train F1: 0.9893
[2025-11-18 12:49:57][INFO][Rank 0] -  Train Balanced Acc: 0.6014, Train AUC: 0.9393
[2025-11-18 12:49:57][INFO][Rank 0] -  Train Sensitivity: 0.9985, Train Specificity: 0.2042
[2025-11-18 12:49:57][INFO][Rank 0] -  Val Loss: 0.1972, Val Acc: 0.9789, Val F1: 0.9893
[2025-11-18 12:49:57][INFO][Rank 0] -  Val Balanced Acc: 0.6162, Val AUC: 0.9629
[2025-11-18 12:49:57][INFO][Rank 0] -  Val Sensitivity: 0.9988, Val Specificity: 0.2336
[2025-11-18 12:49:57][INFO][Rank 0] -  Total Epoch Time: 1598.07s
[2025-11-18 12:49:57][INFO][Rank 0] - Epoch 3/24
[2025-11-18 12:49:57][INFO][Rank 0] - ----------
[2025-11-18 12:49:57][INFO][Rank 0] - CUDA Memory [train][Step 0]: Device 0: Allocated: 3309.6 MB, Reserved: 117540.0 MB (Δ: +1687.0 MB)
[2025-11-18 12:49:57][INFO][Rank 0] - train phase: total 1935 batches
[2025-11-18 12:49:57][INFO][Rank 0] - train Epoch 3/24: 0.0% (0/1935)
[2025-11-18 12:50:04][INFO][Rank 0] - train Epoch 3/24: 0.5% (10/1935)
[2025-11-18 12:50:11][INFO][Rank 0] - train Epoch 3/24: 1.0% (20/1935)
[2025-11-18 12:50:18][INFO][Rank 0] - train Epoch 3/24: 1.6% (30/1935)
[2025-11-18 12:50:25][INFO][Rank 0] - train Epoch 3/24: 2.1% (40/1935)
[2025-11-18 12:50:32][INFO][Rank 0] - train Epoch 3/24: 2.6% (50/1935)
[2025-11-18 12:50:40][INFO][Rank 0] - train Epoch 3/24: 3.1% (60/1935)
[2025-11-18 12:50:47][INFO][Rank 0] - train Epoch 3/24: 3.6% (70/1935)
[2025-11-18 12:50:54][INFO][Rank 0] - train Epoch 3/24: 4.1% (80/1935)
[2025-11-18 12:51:01][INFO][Rank 0] - train Epoch 3/24: 4.7% (90/1935)
[2025-11-18 12:51:01][INFO][Rank 0] - CUDA Memory [train][Step 90]: Device 0: Allocated: 3309.6 MB, Reserved: 117540.0 MB (Δ: +1687.0 MB)
[2025-11-18 12:51:08][INFO][Rank 0] - train Epoch 3/24: 5.2% (100/1935)
[2025-11-18 12:51:15][INFO][Rank 0] - train Epoch 3/24: 5.7% (110/1935)
[2025-11-18 12:51:22][INFO][Rank 0] - train Epoch 3/24: 6.2% (120/1935)
[2025-11-18 12:51:29][INFO][Rank 0] - train Epoch 3/24: 6.7% (130/1935)
[2025-11-18 12:51:36][INFO][Rank 0] - train Epoch 3/24: 7.2% (140/1935)
[2025-11-18 12:51:43][INFO][Rank 0] - train Epoch 3/24: 7.8% (150/1935)
[2025-11-18 12:51:50][INFO][Rank 0] - train Epoch 3/24: 8.3% (160/1935)
[2025-11-18 12:51:57][INFO][Rank 0] - train Epoch 3/24: 8.8% (170/1935)
[2025-11-18 12:52:04][INFO][Rank 0] - train Epoch 3/24: 9.3% (180/1935)
[2025-11-18 12:52:05][INFO][Rank 0] - CUDA Memory [train][Step 180]: Device 0: Allocated: 3309.6 MB, Reserved: 117540.0 MB (Δ: +1687.0 MB)
[2025-11-18 12:52:11][INFO][Rank 0] - train Epoch 3/24: 9.8% (190/1935)
[2025-11-18 12:52:18][INFO][Rank 0] - train Epoch 3/24: 10.3% (200/1935)
[2025-11-18 12:52:25][INFO][Rank 0] - train Epoch 3/24: 10.9% (210/1935)
[2025-11-18 12:52:33][INFO][Rank 0] - train Epoch 3/24: 11.4% (220/1935)
[2025-11-18 12:52:40][INFO][Rank 0] - train Epoch 3/24: 11.9% (230/1935)
[2025-11-18 12:52:47][INFO][Rank 0] - train Epoch 3/24: 12.4% (240/1935)
[2025-11-18 12:52:54][INFO][Rank 0] - train Epoch 3/24: 12.9% (250/1935)
[2025-11-18 12:53:01][INFO][Rank 0] - train Epoch 3/24: 13.4% (260/1935)
[2025-11-18 12:53:08][INFO][Rank 0] - train Epoch 3/24: 14.0% (270/1935)
[2025-11-18 12:53:09][INFO][Rank 0] - CUDA Memory [train][Step 270]: Device 0: Allocated: 3309.6 MB, Reserved: 117540.0 MB (Δ: +1687.0 MB)
[2025-11-18 12:53:15][INFO][Rank 0] - train Epoch 3/24: 14.5% (280/1935)
[2025-11-18 12:53:22][INFO][Rank 0] - train Epoch 3/24: 15.0% (290/1935)
[2025-11-18 12:53:29][INFO][Rank 0] - train Epoch 3/24: 15.5% (300/1935)
[2025-11-18 12:53:36][INFO][Rank 0] - train Epoch 3/24: 16.0% (310/1935)
[2025-11-18 12:53:43][INFO][Rank 0] - train Epoch 3/24: 16.5% (320/1935)
[2025-11-18 12:53:50][INFO][Rank 0] - train Epoch 3/24: 17.1% (330/1935)
[2025-11-18 12:53:57][INFO][Rank 0] - train Epoch 3/24: 17.6% (340/1935)
[2025-11-18 12:54:04][INFO][Rank 0] - train Epoch 3/24: 18.1% (350/1935)
[2025-11-18 12:54:11][INFO][Rank 0] - train Epoch 3/24: 18.6% (360/1935)
[2025-11-18 12:54:12][INFO][Rank 0] - CUDA Memory [train][Step 360]: Device 0: Allocated: 3309.6 MB, Reserved: 117540.0 MB (Δ: +1687.0 MB)
[2025-11-18 12:54:18][INFO][Rank 0] - train Epoch 3/24: 19.1% (370/1935)
[2025-11-18 12:54:25][INFO][Rank 0] - train Epoch 3/24: 19.6% (380/1935)
[2025-11-18 12:54:33][INFO][Rank 0] - train Epoch 3/24: 20.2% (390/1935)
[2025-11-18 12:54:40][INFO][Rank 0] - train Epoch 3/24: 20.7% (400/1935)
[2025-11-18 12:54:47][INFO][Rank 0] - train Epoch 3/24: 21.2% (410/1935)
[2025-11-18 12:54:54][INFO][Rank 0] - train Epoch 3/24: 21.7% (420/1935)
[2025-11-18 12:55:01][INFO][Rank 0] - train Epoch 3/24: 22.2% (430/1935)
[2025-11-18 12:55:08][INFO][Rank 0] - train Epoch 3/24: 22.7% (440/1935)
[2025-11-18 12:55:15][INFO][Rank 0] - train Epoch 3/24: 23.3% (450/1935)
[2025-11-18 12:55:16][INFO][Rank 0] - CUDA Memory [train][Step 450]: Device 0: Allocated: 3309.6 MB, Reserved: 117540.0 MB (Δ: +1687.0 MB)
[2025-11-18 12:55:22][INFO][Rank 0] - train Epoch 3/24: 23.8% (460/1935)
[2025-11-18 12:55:29][INFO][Rank 0] - train Epoch 3/24: 24.3% (470/1935)
[2025-11-18 12:55:36][INFO][Rank 0] - train Epoch 3/24: 24.8% (480/1935)
[2025-11-18 12:55:43][INFO][Rank 0] - train Epoch 3/24: 25.3% (490/1935)
[2025-11-18 12:55:50][INFO][Rank 0] - train Epoch 3/24: 25.8% (500/1935)
[2025-11-18 12:55:57][INFO][Rank 0] - train Epoch 3/24: 26.4% (510/1935)
[2025-11-18 12:56:04][INFO][Rank 0] - train Epoch 3/24: 26.9% (520/1935)
[2025-11-18 12:56:11][INFO][Rank 0] - train Epoch 3/24: 27.4% (530/1935)
[2025-11-18 12:56:18][INFO][Rank 0] - train Epoch 3/24: 27.9% (540/1935)
[2025-11-18 12:56:19][INFO][Rank 0] - CUDA Memory [train][Step 540]: Device 0: Allocated: 3309.6 MB, Reserved: 117540.0 MB (Δ: +1687.0 MB)
[2025-11-18 12:56:25][INFO][Rank 0] - train Epoch 3/24: 28.4% (550/1935)
[2025-11-18 12:56:33][INFO][Rank 0] - train Epoch 3/24: 28.9% (560/1935)
[2025-11-18 12:56:40][INFO][Rank 0] - train Epoch 3/24: 29.5% (570/1935)
[2025-11-18 12:56:47][INFO][Rank 0] - train Epoch 3/24: 30.0% (580/1935)
[2025-11-18 12:56:54][INFO][Rank 0] - train Epoch 3/24: 30.5% (590/1935)
[2025-11-18 12:57:01][INFO][Rank 0] - train Epoch 3/24: 31.0% (600/1935)
[2025-11-18 12:57:08][INFO][Rank 0] - train Epoch 3/24: 31.5% (610/1935)
[2025-11-18 12:57:15][INFO][Rank 0] - train Epoch 3/24: 32.0% (620/1935)
[2025-11-18 12:57:22][INFO][Rank 0] - train Epoch 3/24: 32.6% (630/1935)
[2025-11-18 12:57:23][INFO][Rank 0] - CUDA Memory [train][Step 630]: Device 0: Allocated: 3309.6 MB, Reserved: 117540.0 MB (Δ: +1687.0 MB)
[2025-11-18 12:57:29][INFO][Rank 0] - train Epoch 3/24: 33.1% (640/1935)
[2025-11-18 12:57:36][INFO][Rank 0] - train Epoch 3/24: 33.6% (650/1935)
[2025-11-18 12:57:43][INFO][Rank 0] - train Epoch 3/24: 34.1% (660/1935)
[2025-11-18 12:57:50][INFO][Rank 0] - train Epoch 3/24: 34.6% (670/1935)
[2025-11-18 12:57:57][INFO][Rank 0] - train Epoch 3/24: 35.1% (680/1935)
[2025-11-18 12:58:04][INFO][Rank 0] - train Epoch 3/24: 35.7% (690/1935)
[2025-11-18 12:58:11][INFO][Rank 0] - train Epoch 3/24: 36.2% (700/1935)
[2025-11-18 12:58:18][INFO][Rank 0] - train Epoch 3/24: 36.7% (710/1935)
[2025-11-18 12:58:25][INFO][Rank 0] - train Epoch 3/24: 37.2% (720/1935)
[2025-11-18 12:58:26][INFO][Rank 0] - CUDA Memory [train][Step 720]: Device 0: Allocated: 3309.6 MB, Reserved: 117540.0 MB (Δ: +1687.0 MB)
[2025-11-18 12:58:33][INFO][Rank 0] - train Epoch 3/24: 37.7% (730/1935)
[2025-11-18 12:58:40][INFO][Rank 0] - train Epoch 3/24: 38.2% (740/1935)
[2025-11-18 12:58:47][INFO][Rank 0] - train Epoch 3/24: 38.8% (750/1935)
[2025-11-18 12:58:54][INFO][Rank 0] - train Epoch 3/24: 39.3% (760/1935)
[2025-11-18 12:59:01][INFO][Rank 0] - train Epoch 3/24: 39.8% (770/1935)
[2025-11-18 12:59:08][INFO][Rank 0] - train Epoch 3/24: 40.3% (780/1935)
[2025-11-18 12:59:15][INFO][Rank 0] - train Epoch 3/24: 40.8% (790/1935)
[2025-11-18 12:59:22][INFO][Rank 0] - train Epoch 3/24: 41.3% (800/1935)
[2025-11-18 12:59:29][INFO][Rank 0] - train Epoch 3/24: 41.9% (810/1935)
[2025-11-18 12:59:30][INFO][Rank 0] - CUDA Memory [train][Step 810]: Device 0: Allocated: 3309.6 MB, Reserved: 117540.0 MB (Δ: +1687.0 MB)
[2025-11-18 12:59:36][INFO][Rank 0] - train Epoch 3/24: 42.4% (820/1935)
[2025-11-18 12:59:43][INFO][Rank 0] - train Epoch 3/24: 42.9% (830/1935)
[2025-11-18 12:59:50][INFO][Rank 0] - train Epoch 3/24: 43.4% (840/1935)
[2025-11-18 12:59:57][INFO][Rank 0] - train Epoch 3/24: 43.9% (850/1935)
[2025-11-18 13:00:04][INFO][Rank 0] - train Epoch 3/24: 44.4% (860/1935)
[2025-11-18 13:00:11][INFO][Rank 0] - train Epoch 3/24: 45.0% (870/1935)
[2025-11-18 13:00:18][INFO][Rank 0] - train Epoch 3/24: 45.5% (880/1935)
[2025-11-18 13:00:25][INFO][Rank 0] - train Epoch 3/24: 46.0% (890/1935)
[2025-11-18 13:00:33][INFO][Rank 0] - train Epoch 3/24: 46.5% (900/1935)
[2025-11-18 13:00:33][INFO][Rank 0] - CUDA Memory [train][Step 900]: Device 0: Allocated: 3309.6 MB, Reserved: 117540.0 MB (Δ: +1687.0 MB)
[2025-11-18 13:00:40][INFO][Rank 0] - train Epoch 3/24: 47.0% (910/1935)
[2025-11-18 13:00:47][INFO][Rank 0] - train Epoch 3/24: 47.5% (920/1935)
[2025-11-18 13:00:54][INFO][Rank 0] - train Epoch 3/24: 48.1% (930/1935)
[2025-11-18 13:01:01][INFO][Rank 0] - train Epoch 3/24: 48.6% (940/1935)
[2025-11-18 13:01:08][INFO][Rank 0] - train Epoch 3/24: 49.1% (950/1935)
[2025-11-18 13:01:15][INFO][Rank 0] - train Epoch 3/24: 49.6% (960/1935)
[2025-11-18 13:01:22][INFO][Rank 0] - train Epoch 3/24: 50.1% (970/1935)
[2025-11-18 13:01:29][INFO][Rank 0] - train Epoch 3/24: 50.6% (980/1935)
[2025-11-18 13:01:36][INFO][Rank 0] - train Epoch 3/24: 51.2% (990/1935)
[2025-11-18 13:01:37][INFO][Rank 0] - CUDA Memory [train][Step 990]: Device 0: Allocated: 3309.6 MB, Reserved: 117540.0 MB (Δ: +1687.0 MB)
[2025-11-18 13:01:43][INFO][Rank 0] - train Epoch 3/24: 51.7% (1000/1935)
[2025-11-18 13:01:50][INFO][Rank 0] - train Epoch 3/24: 52.2% (1010/1935)
[2025-11-18 13:01:57][INFO][Rank 0] - train Epoch 3/24: 52.7% (1020/1935)
[2025-11-18 13:02:04][INFO][Rank 0] - train Epoch 3/24: 53.2% (1030/1935)
[2025-11-18 13:02:11][INFO][Rank 0] - train Epoch 3/24: 53.7% (1040/1935)
[2025-11-18 13:02:18][INFO][Rank 0] - train Epoch 3/24: 54.3% (1050/1935)
[2025-11-18 13:02:25][INFO][Rank 0] - train Epoch 3/24: 54.8% (1060/1935)
[2025-11-18 13:02:33][INFO][Rank 0] - train Epoch 3/24: 55.3% (1070/1935)
[2025-11-18 13:02:40][INFO][Rank 0] - train Epoch 3/24: 55.8% (1080/1935)
[2025-11-18 13:02:40][INFO][Rank 0] - CUDA Memory [train][Step 1080]: Device 0: Allocated: 3309.6 MB, Reserved: 117540.0 MB (Δ: +1687.0 MB)
[2025-11-18 13:02:47][INFO][Rank 0] - train Epoch 3/24: 56.3% (1090/1935)
[2025-11-18 13:02:54][INFO][Rank 0] - train Epoch 3/24: 56.8% (1100/1935)
[2025-11-18 13:03:01][INFO][Rank 0] - train Epoch 3/24: 57.4% (1110/1935)
[2025-11-18 13:03:08][INFO][Rank 0] - train Epoch 3/24: 57.9% (1120/1935)
[2025-11-18 13:03:15][INFO][Rank 0] - train Epoch 3/24: 58.4% (1130/1935)
[2025-11-18 13:03:22][INFO][Rank 0] - train Epoch 3/24: 58.9% (1140/1935)
[2025-11-18 13:03:29][INFO][Rank 0] - train Epoch 3/24: 59.4% (1150/1935)
[2025-11-18 13:03:36][INFO][Rank 0] - train Epoch 3/24: 59.9% (1160/1935)
[2025-11-18 13:03:43][INFO][Rank 0] - train Epoch 3/24: 60.5% (1170/1935)
[2025-11-18 13:03:44][INFO][Rank 0] - CUDA Memory [train][Step 1170]: Device 0: Allocated: 3309.6 MB, Reserved: 117540.0 MB (Δ: +1687.0 MB)
[2025-11-18 13:03:50][INFO][Rank 0] - train Epoch 3/24: 61.0% (1180/1935)
[2025-11-18 13:03:57][INFO][Rank 0] - train Epoch 3/24: 61.5% (1190/1935)
[2025-11-18 13:04:04][INFO][Rank 0] - train Epoch 3/24: 62.0% (1200/1935)
[2025-11-18 13:04:11][INFO][Rank 0] - train Epoch 3/24: 62.5% (1210/1935)
[2025-11-18 13:04:18][INFO][Rank 0] - train Epoch 3/24: 63.0% (1220/1935)
[2025-11-18 13:04:25][INFO][Rank 0] - train Epoch 3/24: 63.6% (1230/1935)
[2025-11-18 13:04:33][INFO][Rank 0] - train Epoch 3/24: 64.1% (1240/1935)
[2025-11-18 13:04:40][INFO][Rank 0] - train Epoch 3/24: 64.6% (1250/1935)
[2025-11-18 13:04:47][INFO][Rank 0] - train Epoch 3/24: 65.1% (1260/1935)
[2025-11-18 13:04:47][INFO][Rank 0] - CUDA Memory [train][Step 1260]: Device 0: Allocated: 3309.6 MB, Reserved: 117540.0 MB (Δ: +1687.0 MB)
[2025-11-18 13:04:54][INFO][Rank 0] - train Epoch 3/24: 65.6% (1270/1935)
[2025-11-18 13:05:01][INFO][Rank 0] - train Epoch 3/24: 66.1% (1280/1935)
[2025-11-18 13:05:08][INFO][Rank 0] - train Epoch 3/24: 66.7% (1290/1935)
[2025-11-18 13:05:15][INFO][Rank 0] - train Epoch 3/24: 67.2% (1300/1935)
[2025-11-18 13:05:22][INFO][Rank 0] - train Epoch 3/24: 67.7% (1310/1935)
[2025-11-18 13:05:29][INFO][Rank 0] - train Epoch 3/24: 68.2% (1320/1935)
[2025-11-18 13:05:36][INFO][Rank 0] - train Epoch 3/24: 68.7% (1330/1935)
[2025-11-18 13:05:43][INFO][Rank 0] - train Epoch 3/24: 69.3% (1340/1935)
[2025-11-18 13:05:50][INFO][Rank 0] - train Epoch 3/24: 69.8% (1350/1935)
[2025-11-18 13:05:51][INFO][Rank 0] - CUDA Memory [train][Step 1350]: Device 0: Allocated: 3309.6 MB, Reserved: 117540.0 MB (Δ: +1687.0 MB)
[2025-11-18 13:05:57][INFO][Rank 0] - train Epoch 3/24: 70.3% (1360/1935)
[2025-11-18 13:06:04][INFO][Rank 0] - train Epoch 3/24: 70.8% (1370/1935)
[2025-11-18 13:06:11][INFO][Rank 0] - train Epoch 3/24: 71.3% (1380/1935)
[2025-11-18 13:06:18][INFO][Rank 0] - train Epoch 3/24: 71.8% (1390/1935)
[2025-11-18 13:06:25][INFO][Rank 0] - train Epoch 3/24: 72.4% (1400/1935)
[2025-11-18 13:06:33][INFO][Rank 0] - train Epoch 3/24: 72.9% (1410/1935)
[2025-11-18 13:06:40][INFO][Rank 0] - train Epoch 3/24: 73.4% (1420/1935)
[2025-11-18 13:06:47][INFO][Rank 0] - train Epoch 3/24: 73.9% (1430/1935)
[2025-11-18 13:06:54][INFO][Rank 0] - train Epoch 3/24: 74.4% (1440/1935)
[2025-11-18 13:06:54][INFO][Rank 0] - CUDA Memory [train][Step 1440]: Device 0: Allocated: 3309.6 MB, Reserved: 117540.0 MB (Δ: +1687.0 MB)
[2025-11-18 13:07:01][INFO][Rank 0] - train Epoch 3/24: 74.9% (1450/1935)
[2025-11-18 13:07:08][INFO][Rank 0] - train Epoch 3/24: 75.5% (1460/1935)
[2025-11-18 13:07:15][INFO][Rank 0] - train Epoch 3/24: 76.0% (1470/1935)
[2025-11-18 13:07:22][INFO][Rank 0] - train Epoch 3/24: 76.5% (1480/1935)
[2025-11-18 13:07:29][INFO][Rank 0] - train Epoch 3/24: 77.0% (1490/1935)
[2025-11-18 13:07:36][INFO][Rank 0] - train Epoch 3/24: 77.5% (1500/1935)
[2025-11-18 13:07:43][INFO][Rank 0] - train Epoch 3/24: 78.0% (1510/1935)
[2025-11-18 13:07:50][INFO][Rank 0] - train Epoch 3/24: 78.6% (1520/1935)
[2025-11-18 13:07:57][INFO][Rank 0] - train Epoch 3/24: 79.1% (1530/1935)
[2025-11-18 13:07:58][INFO][Rank 0] - CUDA Memory [train][Step 1530]: Device 0: Allocated: 3309.6 MB, Reserved: 117540.0 MB (Δ: +1687.0 MB)
[2025-11-18 13:08:04][INFO][Rank 0] - train Epoch 3/24: 79.6% (1540/1935)
[2025-11-18 13:08:11][INFO][Rank 0] - train Epoch 3/24: 80.1% (1550/1935)
[2025-11-18 13:08:18][INFO][Rank 0] - train Epoch 3/24: 80.6% (1560/1935)
[2025-11-18 13:08:25][INFO][Rank 0] - train Epoch 3/24: 81.1% (1570/1935)
[2025-11-18 13:08:33][INFO][Rank 0] - train Epoch 3/24: 81.7% (1580/1935)
[2025-11-18 13:08:40][INFO][Rank 0] - train Epoch 3/24: 82.2% (1590/1935)
[2025-11-18 13:08:47][INFO][Rank 0] - train Epoch 3/24: 82.7% (1600/1935)
[2025-11-18 13:08:54][INFO][Rank 0] - train Epoch 3/24: 83.2% (1610/1935)
[2025-11-18 13:09:01][INFO][Rank 0] - train Epoch 3/24: 83.7% (1620/1935)
[2025-11-18 13:09:01][INFO][Rank 0] - CUDA Memory [train][Step 1620]: Device 0: Allocated: 3309.6 MB, Reserved: 117540.0 MB (Δ: +1687.0 MB)
[2025-11-18 13:09:08][INFO][Rank 0] - train Epoch 3/24: 84.2% (1630/1935)
[2025-11-18 13:09:15][INFO][Rank 0] - train Epoch 3/24: 84.8% (1640/1935)
[2025-11-18 13:09:22][INFO][Rank 0] - train Epoch 3/24: 85.3% (1650/1935)
[2025-11-18 13:09:29][INFO][Rank 0] - train Epoch 3/24: 85.8% (1660/1935)
[2025-11-18 13:09:36][INFO][Rank 0] - train Epoch 3/24: 86.3% (1670/1935)
[2025-11-18 13:09:43][INFO][Rank 0] - train Epoch 3/24: 86.8% (1680/1935)
[2025-11-18 13:09:50][INFO][Rank 0] - train Epoch 3/24: 87.3% (1690/1935)
[2025-11-18 13:09:57][INFO][Rank 0] - train Epoch 3/24: 87.9% (1700/1935)
[2025-11-18 13:10:04][INFO][Rank 0] - train Epoch 3/24: 88.4% (1710/1935)
[2025-11-18 13:10:05][INFO][Rank 0] - CUDA Memory [train][Step 1710]: Device 0: Allocated: 3309.6 MB, Reserved: 117540.0 MB (Δ: +1687.0 MB)
[2025-11-18 13:10:11][INFO][Rank 0] - train Epoch 3/24: 88.9% (1720/1935)
[2025-11-18 13:10:18][INFO][Rank 0] - train Epoch 3/24: 89.4% (1730/1935)
[2025-11-18 13:10:25][INFO][Rank 0] - train Epoch 3/24: 89.9% (1740/1935)
[2025-11-18 13:10:33][INFO][Rank 0] - train Epoch 3/24: 90.4% (1750/1935)
[2025-11-18 13:10:40][INFO][Rank 0] - train Epoch 3/24: 91.0% (1760/1935)
[2025-11-18 13:10:47][INFO][Rank 0] - train Epoch 3/24: 91.5% (1770/1935)
[2025-11-18 13:10:54][INFO][Rank 0] - train Epoch 3/24: 92.0% (1780/1935)
[2025-11-18 13:11:01][INFO][Rank 0] - train Epoch 3/24: 92.5% (1790/1935)
[2025-11-18 13:11:08][INFO][Rank 0] - train Epoch 3/24: 93.0% (1800/1935)
[2025-11-18 13:11:09][INFO][Rank 0] - CUDA Memory [train][Step 1800]: Device 0: Allocated: 3309.6 MB, Reserved: 117540.0 MB (Δ: +1687.0 MB)
[2025-11-18 13:11:15][INFO][Rank 0] - train Epoch 3/24: 93.5% (1810/1935)
[2025-11-18 13:11:22][INFO][Rank 0] - train Epoch 3/24: 94.1% (1820/1935)
[2025-11-18 13:11:29][INFO][Rank 0] - train Epoch 3/24: 94.6% (1830/1935)
[2025-11-18 13:11:36][INFO][Rank 0] - train Epoch 3/24: 95.1% (1840/1935)
[2025-11-18 13:11:43][INFO][Rank 0] - train Epoch 3/24: 95.6% (1850/1935)
[2025-11-18 13:11:50][INFO][Rank 0] - train Epoch 3/24: 96.1% (1860/1935)
[2025-11-18 13:11:57][INFO][Rank 0] - train Epoch 3/24: 96.6% (1870/1935)
[2025-11-18 13:12:04][INFO][Rank 0] - train Epoch 3/24: 97.2% (1880/1935)
[2025-11-18 13:12:11][INFO][Rank 0] - train Epoch 3/24: 97.7% (1890/1935)
[2025-11-18 13:12:12][INFO][Rank 0] - CUDA Memory [train][Step 1890]: Device 0: Allocated: 3309.6 MB, Reserved: 117540.0 MB (Δ: +1687.0 MB)
[2025-11-18 13:12:18][INFO][Rank 0] - train Epoch 3/24: 98.2% (1900/1935)
[2025-11-18 13:12:25][INFO][Rank 0] - train Epoch 3/24: 98.7% (1910/1935)
[2025-11-18 13:12:33][INFO][Rank 0] - train Epoch 3/24: 99.2% (1920/1935)
[2025-11-18 13:12:40][INFO][Rank 0] - train Epoch 3/24: 99.7% (1930/1935)
[2025-11-18 13:12:42][INFO][Rank 0] - train Epoch 3/24: 99.9% (1934/1935)
[2025-11-18 13:12:43][INFO][Rank 0] - train Loss: 0.2550 Acc: 0.9817 F1: 0.9906
[2025-11-18 13:12:43][INFO][Rank 0] - train Balanced Acc: 0.7125 AUC-ROC: 0.9525
[2025-11-18 13:12:43][INFO][Rank 0] - train Sensitivity: 0.9955 Specificity: 0.4295
[2025-11-18 13:12:43][INFO][Rank 0] - train Confusion Matrix: TP=18791, FP=271, FN=84, TN=204
[2025-11-18 13:12:43][INFO][Rank 0] - train completed in 1366.28s
[2025-11-18 13:12:43][INFO][Rank 0] - Data loading time: 0.82s, Forward time: 277.82s, Backward time: 740.57s
[2025-11-18 13:12:43][INFO][Rank 0] - train cache: 0/1 items, hit rate: 0.00%
[2025-11-18 13:12:43][INFO][Rank 0] - CUDA Memory [val][Step 0]: Device 0: Allocated: 3309.6 MB, Reserved: 117540.0 MB (Δ: +1687.0 MB)
[2025-11-18 13:12:43][INFO][Rank 0] - val phase: total 412 batches
[2025-11-18 13:12:43][INFO][Rank 0] - val Epoch 3/24: 0.0% (0/412)
[2025-11-18 13:12:48][INFO][Rank 0] - val Epoch 3/24: 2.4% (10/412)
[2025-11-18 13:12:53][INFO][Rank 0] - val Epoch 3/24: 4.9% (20/412)
[2025-11-18 13:12:58][INFO][Rank 0] - val Epoch 3/24: 7.3% (30/412)
[2025-11-18 13:13:03][INFO][Rank 0] - val Epoch 3/24: 9.7% (40/412)
[2025-11-18 13:13:09][INFO][Rank 0] - val Epoch 3/24: 12.1% (50/412)
[2025-11-18 13:13:14][INFO][Rank 0] - val Epoch 3/24: 14.6% (60/412)
[2025-11-18 13:13:19][INFO][Rank 0] - val Epoch 3/24: 17.0% (70/412)
[2025-11-18 13:13:24][INFO][Rank 0] - val Epoch 3/24: 19.4% (80/412)
[2025-11-18 13:13:29][INFO][Rank 0] - val Epoch 3/24: 21.8% (90/412)
[2025-11-18 13:13:34][INFO][Rank 0] - val Epoch 3/24: 24.3% (100/412)
[2025-11-18 13:13:39][INFO][Rank 0] - val Epoch 3/24: 26.7% (110/412)
[2025-11-18 13:13:44][INFO][Rank 0] - val Epoch 3/24: 29.1% (120/412)
[2025-11-18 13:13:44][INFO][Rank 0] - CUDA Memory [val][Step 120]: Device 0: Allocated: 3309.6 MB, Reserved: 117540.0 MB (Δ: +1687.0 MB)
[2025-11-18 13:13:49][INFO][Rank 0] - val Epoch 3/24: 31.6% (130/412)
[2025-11-18 13:13:54][INFO][Rank 0] - val Epoch 3/24: 34.0% (140/412)
[2025-11-18 13:13:59][INFO][Rank 0] - val Epoch 3/24: 36.4% (150/412)
[2025-11-18 13:14:04][INFO][Rank 0] - val Epoch 3/24: 38.8% (160/412)
[2025-11-18 13:14:09][INFO][Rank 0] - val Epoch 3/24: 41.3% (170/412)
[2025-11-18 13:14:14][INFO][Rank 0] - val Epoch 3/24: 43.7% (180/412)
[2025-11-18 13:14:19][INFO][Rank 0] - val Epoch 3/24: 46.1% (190/412)
[2025-11-18 13:14:24][INFO][Rank 0] - val Epoch 3/24: 48.5% (200/412)
[2025-11-18 13:14:29][INFO][Rank 0] - val Epoch 3/24: 51.0% (210/412)
[2025-11-18 13:14:34][INFO][Rank 0] - val Epoch 3/24: 53.4% (220/412)
[2025-11-18 13:14:39][INFO][Rank 0] - val Epoch 3/24: 55.8% (230/412)
[2025-11-18 13:14:44][INFO][Rank 0] - val Epoch 3/24: 58.3% (240/412)
[2025-11-18 13:14:45][INFO][Rank 0] - CUDA Memory [val][Step 240]: Device 0: Allocated: 3309.6 MB, Reserved: 117540.0 MB (Δ: +1687.0 MB)
[2025-11-18 13:14:49][INFO][Rank 0] - val Epoch 3/24: 60.7% (250/412)
[2025-11-18 13:14:54][INFO][Rank 0] - val Epoch 3/24: 63.1% (260/412)
[2025-11-18 13:14:59][INFO][Rank 0] - val Epoch 3/24: 65.5% (270/412)
[2025-11-18 13:15:04][INFO][Rank 0] - val Epoch 3/24: 68.0% (280/412)
[2025-11-18 13:15:09][INFO][Rank 0] - val Epoch 3/24: 70.4% (290/412)
[2025-11-18 13:15:14][INFO][Rank 0] - val Epoch 3/24: 72.8% (300/412)
[2025-11-18 13:15:19][INFO][Rank 0] - val Epoch 3/24: 75.2% (310/412)
[2025-11-18 13:15:24][INFO][Rank 0] - val Epoch 3/24: 77.7% (320/412)
[2025-11-18 13:15:29][INFO][Rank 0] - val Epoch 3/24: 80.1% (330/412)
[2025-11-18 13:15:34][INFO][Rank 0] - val Epoch 3/24: 82.5% (340/412)
[2025-11-18 13:15:39][INFO][Rank 0] - val Epoch 3/24: 85.0% (350/412)
[2025-11-18 13:15:44][INFO][Rank 0] - val Epoch 3/24: 87.4% (360/412)
[2025-11-18 13:15:45][INFO][Rank 0] - CUDA Memory [val][Step 360]: Device 0: Allocated: 3309.6 MB, Reserved: 117540.0 MB (Δ: +1687.0 MB)
[2025-11-18 13:15:49][INFO][Rank 0] - val Epoch 3/24: 89.8% (370/412)
[2025-11-18 13:15:55][INFO][Rank 0] - val Epoch 3/24: 92.2% (380/412)
[2025-11-18 13:16:00][INFO][Rank 0] - val Epoch 3/24: 94.7% (390/412)
[2025-11-18 13:16:05][INFO][Rank 0] - val Epoch 3/24: 97.1% (400/412)
[2025-11-18 13:16:10][INFO][Rank 0] - val Epoch 3/24: 99.5% (410/412)
[2025-11-18 13:16:10][INFO][Rank 0] - val Epoch 3/24: 99.8% (411/412)
[2025-11-18 13:16:11][INFO][Rank 0] - val Loss: 0.1678 Acc: 0.9811 F1: 0.9903
[2025-11-18 13:16:11][INFO][Rank 0] - val Balanced Acc: 0.7401 AUC-ROC: 0.9677
[2025-11-18 13:16:11][INFO][Rank 0] - val Sensitivity: 0.9943 Specificity: 0.4860
[2025-11-18 13:16:11][INFO][Rank 0] - val Confusion Matrix: TP=3990, FP=55, FN=23, TN=52
[2025-11-18 13:16:11][INFO][Rank 0] - val completed in 207.45s
[2025-11-18 13:16:11][INFO][Rank 0] - val cache: 0/1 items, hit rate: 0.00%
[2025-11-18 13:16:14][INFO][Rank 0] - Saved new best accuracy model with accuracy: 0.9811 at /projects/retprogression/rgarridogarcia/checkpoints/cropped1024_cropped_centered_allR_2/best_acc_model.pth
[2025-11-18 13:16:18][INFO][Rank 0] - Saved new best f1 model with f1: 0.9903 at /projects/retprogression/rgarridogarcia/checkpoints/cropped1024_cropped_centered_allR_2/best_f1_model.pth
[2025-11-18 13:16:22][INFO][Rank 0] - Saved new best balanced_acc model with balanced_acc: 0.7401 at /projects/retprogression/rgarridogarcia/checkpoints/cropped1024_cropped_centered_allR_2/best_balanced_acc_model.pth
[2025-11-18 13:16:26][INFO][Rank 0] - Also saved as general best model at /projects/retprogression/rgarridogarcia/checkpoints/cropped1024_cropped_centered_allR_2/best_model.pth
[2025-11-18 13:16:30][INFO][Rank 0] - Saved new best auc model with auc: 0.9677 at /projects/retprogression/rgarridogarcia/checkpoints/cropped1024_cropped_centered_allR_2/best_auc_model.pth
[2025-11-18 13:16:34][INFO][Rank 0] - Saved epoch checkpoint at /projects/retprogression/rgarridogarcia/checkpoints/cropped1024_cropped_centered_allR_2/epoch_3.pth
[2025-11-18 13:16:34][INFO][Rank 0] - Epoch 3 summary:
[2025-11-18 13:16:34][INFO][Rank 0] -  Train Loss: 0.2550, Train Acc: 0.9817, Train F1: 0.9906
[2025-11-18 13:16:34][INFO][Rank 0] -  Train Balanced Acc: 0.7125, Train AUC: 0.9525
[2025-11-18 13:16:34][INFO][Rank 0] -  Train Sensitivity: 0.9955, Train Specificity: 0.4295
[2025-11-18 13:16:34][INFO][Rank 0] -  Val Loss: 0.1678, Val Acc: 0.9811, Val F1: 0.9903
[2025-11-18 13:16:34][INFO][Rank 0] -  Val Balanced Acc: 0.7401, Val AUC: 0.9677
[2025-11-18 13:16:34][INFO][Rank 0] -  Val Sensitivity: 0.9943, Val Specificity: 0.4860
[2025-11-18 13:16:34][INFO][Rank 0] -  Total Epoch Time: 1597.01s
[2025-11-18 13:16:34][INFO][Rank 0] - Epoch 4/24
[2025-11-18 13:16:34][INFO][Rank 0] - ----------
[2025-11-18 13:16:34][INFO][Rank 0] - CUDA Memory [train][Step 0]: Device 0: Allocated: 3309.6 MB, Reserved: 117540.0 MB (Δ: +1687.0 MB)
[2025-11-18 13:16:34][INFO][Rank 0] - train phase: total 1935 batches
[2025-11-18 13:16:34][INFO][Rank 0] - train Epoch 4/24: 0.0% (0/1935)
[2025-11-18 13:16:41][INFO][Rank 0] - train Epoch 4/24: 0.5% (10/1935)
[2025-11-18 13:16:48][INFO][Rank 0] - train Epoch 4/24: 1.0% (20/1935)
[2025-11-18 13:16:56][INFO][Rank 0] - train Epoch 4/24: 1.6% (30/1935)
[2025-11-18 13:17:03][INFO][Rank 0] - train Epoch 4/24: 2.1% (40/1935)
[2025-11-18 13:17:10][INFO][Rank 0] - train Epoch 4/24: 2.6% (50/1935)
[2025-11-18 13:17:17][INFO][Rank 0] - train Epoch 4/24: 3.1% (60/1935)
[2025-11-18 13:17:24][INFO][Rank 0] - train Epoch 4/24: 3.6% (70/1935)
[2025-11-18 13:17:31][INFO][Rank 0] - train Epoch 4/24: 4.1% (80/1935)
[2025-11-18 13:17:38][INFO][Rank 0] - train Epoch 4/24: 4.7% (90/1935)
[2025-11-18 13:17:39][INFO][Rank 0] - CUDA Memory [train][Step 90]: Device 0: Allocated: 3309.6 MB, Reserved: 117540.0 MB (Δ: +1687.0 MB)
[2025-11-18 13:17:45][INFO][Rank 0] - train Epoch 4/24: 5.2% (100/1935)
[2025-11-18 13:17:52][INFO][Rank 0] - train Epoch 4/24: 5.7% (110/1935)
[2025-11-18 13:17:59][INFO][Rank 0] - train Epoch 4/24: 6.2% (120/1935)
[2025-11-18 13:18:06][INFO][Rank 0] - train Epoch 4/24: 6.7% (130/1935)
[2025-11-18 13:18:13][INFO][Rank 0] - train Epoch 4/24: 7.2% (140/1935)
[2025-11-18 13:18:20][INFO][Rank 0] - train Epoch 4/24: 7.8% (150/1935)
[2025-11-18 13:18:27][INFO][Rank 0] - train Epoch 4/24: 8.3% (160/1935)
[2025-11-18 13:18:34][INFO][Rank 0] - train Epoch 4/24: 8.8% (170/1935)
[2025-11-18 13:18:41][INFO][Rank 0] - train Epoch 4/24: 9.3% (180/1935)
[2025-11-18 13:18:42][INFO][Rank 0] - CUDA Memory [train][Step 180]: Device 0: Allocated: 3309.6 MB, Reserved: 117540.0 MB (Δ: +1687.0 MB)
[2025-11-18 13:18:49][INFO][Rank 0] - train Epoch 4/24: 9.8% (190/1935)
[2025-11-18 13:18:56][INFO][Rank 0] - train Epoch 4/24: 10.3% (200/1935)
[2025-11-18 13:19:03][INFO][Rank 0] - train Epoch 4/24: 10.9% (210/1935)
[2025-11-18 13:19:10][INFO][Rank 0] - train Epoch 4/24: 11.4% (220/1935)
[2025-11-18 13:19:17][INFO][Rank 0] - train Epoch 4/24: 11.9% (230/1935)
[2025-11-18 13:19:24][INFO][Rank 0] - train Epoch 4/24: 12.4% (240/1935)
[2025-11-18 13:19:31][INFO][Rank 0] - train Epoch 4/24: 12.9% (250/1935)
[2025-11-18 13:19:38][INFO][Rank 0] - train Epoch 4/24: 13.4% (260/1935)
[2025-11-18 13:19:45][INFO][Rank 0] - train Epoch 4/24: 14.0% (270/1935)
[2025-11-18 13:19:46][INFO][Rank 0] - CUDA Memory [train][Step 270]: Device 0: Allocated: 3309.6 MB, Reserved: 117540.0 MB (Δ: +1687.0 MB)
[2025-11-18 13:19:52][INFO][Rank 0] - train Epoch 4/24: 14.5% (280/1935)
[2025-11-18 13:19:59][INFO][Rank 0] - train Epoch 4/24: 15.0% (290/1935)
[2025-11-18 13:20:06][INFO][Rank 0] - train Epoch 4/24: 15.5% (300/1935)
[2025-11-18 13:20:13][INFO][Rank 0] - train Epoch 4/24: 16.0% (310/1935)
[2025-11-18 13:20:20][INFO][Rank 0] - train Epoch 4/24: 16.5% (320/1935)
[2025-11-18 13:20:27][INFO][Rank 0] - train Epoch 4/24: 17.1% (330/1935)
[2025-11-18 13:20:34][INFO][Rank 0] - train Epoch 4/24: 17.6% (340/1935)
[2025-11-18 13:20:41][INFO][Rank 0] - train Epoch 4/24: 18.1% (350/1935)
[2025-11-18 13:20:49][INFO][Rank 0] - train Epoch 4/24: 18.6% (360/1935)
[2025-11-18 13:20:49][INFO][Rank 0] - CUDA Memory [train][Step 360]: Device 0: Allocated: 3309.6 MB, Reserved: 117540.0 MB (Δ: +1687.0 MB)
[2025-11-18 13:20:56][INFO][Rank 0] - train Epoch 4/24: 19.1% (370/1935)
[2025-11-18 13:21:03][INFO][Rank 0] - train Epoch 4/24: 19.6% (380/1935)
[2025-11-18 13:21:10][INFO][Rank 0] - train Epoch 4/24: 20.2% (390/1935)
[2025-11-18 13:21:17][INFO][Rank 0] - train Epoch 4/24: 20.7% (400/1935)
[2025-11-18 13:21:24][INFO][Rank 0] - train Epoch 4/24: 21.2% (410/1935)
[2025-11-18 13:21:31][INFO][Rank 0] - train Epoch 4/24: 21.7% (420/1935)
[2025-11-18 13:21:38][INFO][Rank 0] - train Epoch 4/24: 22.2% (430/1935)
[2025-11-18 13:21:45][INFO][Rank 0] - train Epoch 4/24: 22.7% (440/1935)
[2025-11-18 13:21:52][INFO][Rank 0] - train Epoch 4/24: 23.3% (450/1935)
[2025-11-18 13:21:53][INFO][Rank 0] - CUDA Memory [train][Step 450]: Device 0: Allocated: 3309.6 MB, Reserved: 117540.0 MB (Δ: +1687.0 MB)
[2025-11-18 13:21:59][INFO][Rank 0] - train Epoch 4/24: 23.8% (460/1935)
[2025-11-18 13:22:06][INFO][Rank 0] - train Epoch 4/24: 24.3% (470/1935)
[2025-11-18 13:22:13][INFO][Rank 0] - train Epoch 4/24: 24.8% (480/1935)
[2025-11-18 13:22:20][INFO][Rank 0] - train Epoch 4/24: 25.3% (490/1935)
[2025-11-18 13:22:27][INFO][Rank 0] - train Epoch 4/24: 25.8% (500/1935)
[2025-11-18 13:22:34][INFO][Rank 0] - train Epoch 4/24: 26.4% (510/1935)
[2025-11-18 13:22:41][INFO][Rank 0] - train Epoch 4/24: 26.9% (520/1935)
[2025-11-18 13:22:49][INFO][Rank 0] - train Epoch 4/24: 27.4% (530/1935)
[2025-11-18 13:22:56][INFO][Rank 0] - train Epoch 4/24: 27.9% (540/1935)
[2025-11-18 13:22:56][INFO][Rank 0] - CUDA Memory [train][Step 540]: Device 0: Allocated: 3309.6 MB, Reserved: 117540.0 MB (Δ: +1687.0 MB)
[2025-11-18 13:23:03][INFO][Rank 0] - train Epoch 4/24: 28.4% (550/1935)
[2025-11-18 13:23:10][INFO][Rank 0] - train Epoch 4/24: 28.9% (560/1935)
[2025-11-18 13:23:17][INFO][Rank 0] - train Epoch 4/24: 29.5% (570/1935)
[2025-11-18 13:23:24][INFO][Rank 0] - train Epoch 4/24: 30.0% (580/1935)
[2025-11-18 13:23:31][INFO][Rank 0] - train Epoch 4/24: 30.5% (590/1935)
[2025-11-18 13:23:38][INFO][Rank 0] - train Epoch 4/24: 31.0% (600/1935)
[2025-11-18 13:23:45][INFO][Rank 0] - train Epoch 4/24: 31.5% (610/1935)
[2025-11-18 13:23:52][INFO][Rank 0] - train Epoch 4/24: 32.0% (620/1935)
[2025-11-18 13:23:59][INFO][Rank 0] - train Epoch 4/24: 32.6% (630/1935)
[2025-11-18 13:24:00][INFO][Rank 0] - CUDA Memory [train][Step 630]: Device 0: Allocated: 3309.6 MB, Reserved: 117540.0 MB (Δ: +1687.0 MB)
[2025-11-18 13:24:06][INFO][Rank 0] - train Epoch 4/24: 33.1% (640/1935)
[2025-11-18 13:24:13][INFO][Rank 0] - train Epoch 4/24: 33.6% (650/1935)
[2025-11-18 13:24:20][INFO][Rank 0] - train Epoch 4/24: 34.1% (660/1935)
[2025-11-18 13:24:27][INFO][Rank 0] - train Epoch 4/24: 34.6% (670/1935)
[2025-11-18 13:24:34][INFO][Rank 0] - train Epoch 4/24: 35.1% (680/1935)
[2025-11-18 13:24:41][INFO][Rank 0] - train Epoch 4/24: 35.7% (690/1935)
[2025-11-18 13:24:49][INFO][Rank 0] - train Epoch 4/24: 36.2% (700/1935)
[2025-11-18 13:24:56][INFO][Rank 0] - train Epoch 4/24: 36.7% (710/1935)
[2025-11-18 13:25:03][INFO][Rank 0] - train Epoch 4/24: 37.2% (720/1935)
[2025-11-18 13:25:03][INFO][Rank 0] - CUDA Memory [train][Step 720]: Device 0: Allocated: 3309.6 MB, Reserved: 117540.0 MB (Δ: +1687.0 MB)
[2025-11-18 13:25:10][INFO][Rank 0] - train Epoch 4/24: 37.7% (730/1935)
[2025-11-18 13:25:17][INFO][Rank 0] - train Epoch 4/24: 38.2% (740/1935)
[2025-11-18 13:25:24][INFO][Rank 0] - train Epoch 4/24: 38.8% (750/1935)
[2025-11-18 13:25:31][INFO][Rank 0] - train Epoch 4/24: 39.3% (760/1935)
[2025-11-18 13:25:38][INFO][Rank 0] - train Epoch 4/24: 39.8% (770/1935)
[2025-11-18 13:25:45][INFO][Rank 0] - train Epoch 4/24: 40.3% (780/1935)
[2025-11-18 13:25:52][INFO][Rank 0] - train Epoch 4/24: 40.8% (790/1935)
[2025-11-18 13:25:59][INFO][Rank 0] - train Epoch 4/24: 41.3% (800/1935)
[2025-11-18 13:26:06][INFO][Rank 0] - train Epoch 4/24: 41.9% (810/1935)
[2025-11-18 13:26:07][INFO][Rank 0] - CUDA Memory [train][Step 810]: Device 0: Allocated: 3309.6 MB, Reserved: 117540.0 MB (Δ: +1687.0 MB)
[2025-11-18 13:26:13][INFO][Rank 0] - train Epoch 4/24: 42.4% (820/1935)
[2025-11-18 13:26:20][INFO][Rank 0] - train Epoch 4/24: 42.9% (830/1935)
[2025-11-18 13:26:27][INFO][Rank 0] - train Epoch 4/24: 43.4% (840/1935)
[2025-11-18 13:26:34][INFO][Rank 0] - train Epoch 4/24: 43.9% (850/1935)
[2025-11-18 13:26:41][INFO][Rank 0] - train Epoch 4/24: 44.4% (860/1935)
[2025-11-18 13:26:49][INFO][Rank 0] - train Epoch 4/24: 45.0% (870/1935)
[2025-11-18 13:26:56][INFO][Rank 0] - train Epoch 4/24: 45.5% (880/1935)
[2025-11-18 13:27:03][INFO][Rank 0] - train Epoch 4/24: 46.0% (890/1935)
[2025-11-18 13:27:10][INFO][Rank 0] - train Epoch 4/24: 46.5% (900/1935)
[2025-11-18 13:27:10][INFO][Rank 0] - CUDA Memory [train][Step 900]: Device 0: Allocated: 3309.6 MB, Reserved: 117540.0 MB (Δ: +1687.0 MB)
[2025-11-18 13:27:17][INFO][Rank 0] - train Epoch 4/24: 47.0% (910/1935)
[2025-11-18 13:27:24][INFO][Rank 0] - train Epoch 4/24: 47.5% (920/1935)
[2025-11-18 13:27:31][INFO][Rank 0] - train Epoch 4/24: 48.1% (930/1935)
[2025-11-18 13:27:38][INFO][Rank 0] - train Epoch 4/24: 48.6% (940/1935)
[2025-11-18 13:27:45][INFO][Rank 0] - train Epoch 4/24: 49.1% (950/1935)
[2025-11-18 13:27:52][INFO][Rank 0] - train Epoch 4/24: 49.6% (960/1935)
[2025-11-18 13:27:59][INFO][Rank 0] - train Epoch 4/24: 50.1% (970/1935)
[2025-11-18 13:28:06][INFO][Rank 0] - train Epoch 4/24: 50.6% (980/1935)
[2025-11-18 13:28:13][INFO][Rank 0] - train Epoch 4/24: 51.2% (990/1935)
[2025-11-18 13:28:14][INFO][Rank 0] - CUDA Memory [train][Step 990]: Device 0: Allocated: 3309.6 MB, Reserved: 117540.0 MB (Δ: +1687.0 MB)
[2025-11-18 13:28:20][INFO][Rank 0] - train Epoch 4/24: 51.7% (1000/1935)
[2025-11-18 13:28:27][INFO][Rank 0] - train Epoch 4/24: 52.2% (1010/1935)
[2025-11-18 13:28:34][INFO][Rank 0] - train Epoch 4/24: 52.7% (1020/1935)
[2025-11-18 13:28:41][INFO][Rank 0] - train Epoch 4/24: 53.2% (1030/1935)
[2025-11-18 13:28:49][INFO][Rank 0] - train Epoch 4/24: 53.7% (1040/1935)
[2025-11-18 13:28:56][INFO][Rank 0] - train Epoch 4/24: 54.3% (1050/1935)
[2025-11-18 13:29:03][INFO][Rank 0] - train Epoch 4/24: 54.8% (1060/1935)
[2025-11-18 13:29:10][INFO][Rank 0] - train Epoch 4/24: 55.3% (1070/1935)
[2025-11-18 13:29:17][INFO][Rank 0] - train Epoch 4/24: 55.8% (1080/1935)
[2025-11-18 13:29:17][INFO][Rank 0] - CUDA Memory [train][Step 1080]: Device 0: Allocated: 3309.6 MB, Reserved: 117540.0 MB (Δ: +1687.0 MB)
[2025-11-18 13:29:24][INFO][Rank 0] - train Epoch 4/24: 56.3% (1090/1935)
[2025-11-18 13:29:31][INFO][Rank 0] - train Epoch 4/24: 56.8% (1100/1935)
[2025-11-18 13:29:38][INFO][Rank 0] - train Epoch 4/24: 57.4% (1110/1935)
[2025-11-18 13:29:45][INFO][Rank 0] - train Epoch 4/24: 57.9% (1120/1935)
[2025-11-18 13:29:52][INFO][Rank 0] - train Epoch 4/24: 58.4% (1130/1935)
[2025-11-18 13:29:59][INFO][Rank 0] - train Epoch 4/24: 58.9% (1140/1935)
[2025-11-18 13:30:06][INFO][Rank 0] - train Epoch 4/24: 59.4% (1150/1935)
[2025-11-18 13:30:13][INFO][Rank 0] - train Epoch 4/24: 59.9% (1160/1935)
[2025-11-18 13:30:20][INFO][Rank 0] - train Epoch 4/24: 60.5% (1170/1935)
[2025-11-18 13:30:21][INFO][Rank 0] - CUDA Memory [train][Step 1170]: Device 0: Allocated: 3309.6 MB, Reserved: 117540.0 MB (Δ: +1687.0 MB)
[2025-11-18 13:30:27][INFO][Rank 0] - train Epoch 4/24: 61.0% (1180/1935)
[2025-11-18 13:30:34][INFO][Rank 0] - train Epoch 4/24: 61.5% (1190/1935)
[2025-11-18 13:30:42][INFO][Rank 0] - train Epoch 4/24: 62.0% (1200/1935)
[2025-11-18 13:30:49][INFO][Rank 0] - train Epoch 4/24: 62.5% (1210/1935)
[2025-11-18 13:30:56][INFO][Rank 0] - train Epoch 4/24: 63.0% (1220/1935)
[2025-11-18 13:31:03][INFO][Rank 0] - train Epoch 4/24: 63.6% (1230/1935)
[2025-11-18 13:31:10][INFO][Rank 0] - train Epoch 4/24: 64.1% (1240/1935)
[2025-11-18 13:31:17][INFO][Rank 0] - train Epoch 4/24: 64.6% (1250/1935)
[2025-11-18 13:31:24][INFO][Rank 0] - train Epoch 4/24: 65.1% (1260/1935)
[2025-11-18 13:31:25][INFO][Rank 0] - CUDA Memory [train][Step 1260]: Device 0: Allocated: 3309.6 MB, Reserved: 117540.0 MB (Δ: +1687.0 MB)
[2025-11-18 13:31:31][INFO][Rank 0] - train Epoch 4/24: 65.6% (1270/1935)
[2025-11-18 13:31:38][INFO][Rank 0] - train Epoch 4/24: 66.1% (1280/1935)
[2025-11-18 13:31:45][INFO][Rank 0] - train Epoch 4/24: 66.7% (1290/1935)
[2025-11-18 13:31:52][INFO][Rank 0] - train Epoch 4/24: 67.2% (1300/1935)
[2025-11-18 13:31:59][INFO][Rank 0] - train Epoch 4/24: 67.7% (1310/1935)
[2025-11-18 13:32:06][INFO][Rank 0] - train Epoch 4/24: 68.2% (1320/1935)
[2025-11-18 13:32:13][INFO][Rank 0] - train Epoch 4/24: 68.7% (1330/1935)
[2025-11-18 13:32:20][INFO][Rank 0] - train Epoch 4/24: 69.3% (1340/1935)
[2025-11-18 13:32:27][INFO][Rank 0] - train Epoch 4/24: 69.8% (1350/1935)
[2025-11-18 13:32:28][INFO][Rank 0] - CUDA Memory [train][Step 1350]: Device 0: Allocated: 3309.6 MB, Reserved: 117540.0 MB (Δ: +1687.0 MB)
[2025-11-18 13:32:34][INFO][Rank 0] - train Epoch 4/24: 70.3% (1360/1935)
[2025-11-18 13:32:42][INFO][Rank 0] - train Epoch 4/24: 70.8% (1370/1935)
[2025-11-18 13:32:49][INFO][Rank 0] - train Epoch 4/24: 71.3% (1380/1935)
[2025-11-18 13:32:56][INFO][Rank 0] - train Epoch 4/24: 71.8% (1390/1935)
[2025-11-18 13:33:03][INFO][Rank 0] - train Epoch 4/24: 72.4% (1400/1935)
[2025-11-18 13:33:10][INFO][Rank 0] - train Epoch 4/24: 72.9% (1410/1935)
[2025-11-18 13:33:17][INFO][Rank 0] - train Epoch 4/24: 73.4% (1420/1935)
[2025-11-18 13:33:24][INFO][Rank 0] - train Epoch 4/24: 73.9% (1430/1935)
[2025-11-18 13:33:31][INFO][Rank 0] - train Epoch 4/24: 74.4% (1440/1935)
[2025-11-18 13:33:32][INFO][Rank 0] - CUDA Memory [train][Step 1440]: Device 0: Allocated: 3309.6 MB, Reserved: 117540.0 MB (Δ: +1687.0 MB)
[2025-11-18 13:33:38][INFO][Rank 0] - train Epoch 4/24: 74.9% (1450/1935)
[2025-11-18 13:33:45][INFO][Rank 0] - train Epoch 4/24: 75.5% (1460/1935)
[2025-11-18 13:33:52][INFO][Rank 0] - train Epoch 4/24: 76.0% (1470/1935)
[2025-11-18 13:33:59][INFO][Rank 0] - train Epoch 4/24: 76.5% (1480/1935)
[2025-11-18 13:34:06][INFO][Rank 0] - train Epoch 4/24: 77.0% (1490/1935)
[2025-11-18 13:34:13][INFO][Rank 0] - train Epoch 4/24: 77.5% (1500/1935)
[2025-11-18 13:34:20][INFO][Rank 0] - train Epoch 4/24: 78.0% (1510/1935)
[2025-11-18 13:34:27][INFO][Rank 0] - train Epoch 4/24: 78.6% (1520/1935)
[2025-11-18 13:34:34][INFO][Rank 0] - train Epoch 4/24: 79.1% (1530/1935)
[2025-11-18 13:34:35][INFO][Rank 0] - CUDA Memory [train][Step 1530]: Device 0: Allocated: 3309.6 MB, Reserved: 117540.0 MB (Δ: +1687.0 MB)
[2025-11-18 13:34:42][INFO][Rank 0] - train Epoch 4/24: 79.6% (1540/1935)
[2025-11-18 13:34:49][INFO][Rank 0] - train Epoch 4/24: 80.1% (1550/1935)
[2025-11-18 13:34:56][INFO][Rank 0] - train Epoch 4/24: 80.6% (1560/1935)
[2025-11-18 13:35:03][INFO][Rank 0] - train Epoch 4/24: 81.1% (1570/1935)
[2025-11-18 13:35:10][INFO][Rank 0] - train Epoch 4/24: 81.7% (1580/1935)
[2025-11-18 13:35:17][INFO][Rank 0] - train Epoch 4/24: 82.2% (1590/1935)
[2025-11-18 13:35:24][INFO][Rank 0] - train Epoch 4/24: 82.7% (1600/1935)
[2025-11-18 13:35:31][INFO][Rank 0] - train Epoch 4/24: 83.2% (1610/1935)
[2025-11-18 13:35:38][INFO][Rank 0] - train Epoch 4/24: 83.7% (1620/1935)
[2025-11-18 13:35:39][INFO][Rank 0] - CUDA Memory [train][Step 1620]: Device 0: Allocated: 3309.6 MB, Reserved: 117540.0 MB (Δ: +1687.0 MB)
[2025-11-18 13:35:45][INFO][Rank 0] - train Epoch 4/24: 84.2% (1630/1935)
[2025-11-18 13:35:52][INFO][Rank 0] - train Epoch 4/24: 84.8% (1640/1935)
[2025-11-18 13:35:59][INFO][Rank 0] - train Epoch 4/24: 85.3% (1650/1935)
[2025-11-18 13:36:06][INFO][Rank 0] - train Epoch 4/24: 85.8% (1660/1935)
[2025-11-18 13:36:13][INFO][Rank 0] - train Epoch 4/24: 86.3% (1670/1935)
[2025-11-18 13:36:20][INFO][Rank 0] - train Epoch 4/24: 86.8% (1680/1935)
[2025-11-18 13:36:27][INFO][Rank 0] - train Epoch 4/24: 87.3% (1690/1935)
[2025-11-18 13:36:34][INFO][Rank 0] - train Epoch 4/24: 87.9% (1700/1935)
[2025-11-18 13:36:42][INFO][Rank 0] - train Epoch 4/24: 88.4% (1710/1935)
[2025-11-18 13:36:42][INFO][Rank 0] - CUDA Memory [train][Step 1710]: Device 0: Allocated: 3309.6 MB, Reserved: 117540.0 MB (Δ: +1687.0 MB)
[2025-11-18 13:36:49][INFO][Rank 0] - train Epoch 4/24: 88.9% (1720/1935)
[2025-11-18 13:36:56][INFO][Rank 0] - train Epoch 4/24: 89.4% (1730/1935)
[2025-11-18 13:37:03][INFO][Rank 0] - train Epoch 4/24: 89.9% (1740/1935)
[2025-11-18 13:37:10][INFO][Rank 0] - train Epoch 4/24: 90.4% (1750/1935)
[2025-11-18 13:37:17][INFO][Rank 0] - train Epoch 4/24: 91.0% (1760/1935)
[2025-11-18 13:37:24][INFO][Rank 0] - train Epoch 4/24: 91.5% (1770/1935)
[2025-11-18 13:37:31][INFO][Rank 0] - train Epoch 4/24: 92.0% (1780/1935)
[2025-11-18 13:37:38][INFO][Rank 0] - train Epoch 4/24: 92.5% (1790/1935)
[2025-11-18 13:37:45][INFO][Rank 0] - train Epoch 4/24: 93.0% (1800/1935)
[2025-11-18 13:37:46][INFO][Rank 0] - CUDA Memory [train][Step 1800]: Device 0: Allocated: 3309.6 MB, Reserved: 117540.0 MB (Δ: +1687.0 MB)
[2025-11-18 13:37:52][INFO][Rank 0] - train Epoch 4/24: 93.5% (1810/1935)
[2025-11-18 13:37:59][INFO][Rank 0] - train Epoch 4/24: 94.1% (1820/1935)
[2025-11-18 13:38:06][INFO][Rank 0] - train Epoch 4/24: 94.6% (1830/1935)
[2025-11-18 13:38:13][INFO][Rank 0] - train Epoch 4/24: 95.1% (1840/1935)
[2025-11-18 13:38:20][INFO][Rank 0] - train Epoch 4/24: 95.6% (1850/1935)
[2025-11-18 13:38:27][INFO][Rank 0] - train Epoch 4/24: 96.1% (1860/1935)
[2025-11-18 13:38:34][INFO][Rank 0] - train Epoch 4/24: 96.6% (1870/1935)
[2025-11-18 13:38:42][INFO][Rank 0] - train Epoch 4/24: 97.2% (1880/1935)
[2025-11-18 13:38:49][INFO][Rank 0] - train Epoch 4/24: 97.7% (1890/1935)
[2025-11-18 13:38:49][INFO][Rank 0] - CUDA Memory [train][Step 1890]: Device 0: Allocated: 3309.6 MB, Reserved: 117540.0 MB (Δ: +1687.0 MB)
[2025-11-18 13:38:56][INFO][Rank 0] - train Epoch 4/24: 98.2% (1900/1935)
[2025-11-18 13:39:03][INFO][Rank 0] - train Epoch 4/24: 98.7% (1910/1935)
[2025-11-18 13:39:10][INFO][Rank 0] - train Epoch 4/24: 99.2% (1920/1935)
[2025-11-18 13:39:17][INFO][Rank 0] - train Epoch 4/24: 99.7% (1930/1935)
[2025-11-18 13:39:20][INFO][Rank 0] - train Epoch 4/24: 99.9% (1934/1935)
[2025-11-18 13:39:20][INFO][Rank 0] - train Loss: 0.2234 Acc: 0.9809 F1: 0.9902
[2025-11-18 13:39:20][INFO][Rank 0] - train Balanced Acc: 0.7948 AUC-ROC: 0.9592
[2025-11-18 13:39:20][INFO][Rank 0] - train Sensitivity: 0.9905 Specificity: 0.5992
[2025-11-18 13:39:20][INFO][Rank 0] - train Confusion Matrix: TP=18697, FP=190, FN=179, TN=284
[2025-11-18 13:39:20][INFO][Rank 0] - train completed in 1366.48s
[2025-11-18 13:39:20][INFO][Rank 0] - Data loading time: 1.06s, Forward time: 277.83s, Backward time: 740.55s
[2025-11-18 13:39:20][INFO][Rank 0] - train cache: 0/1 items, hit rate: 0.00%
[2025-11-18 13:39:20][INFO][Rank 0] - CUDA Memory [val][Step 0]: Device 0: Allocated: 3309.6 MB, Reserved: 117540.0 MB (Δ: +1687.0 MB)
[2025-11-18 13:39:20][INFO][Rank 0] - val phase: total 412 batches
[2025-11-18 13:39:21][INFO][Rank 0] - val Epoch 4/24: 0.0% (0/412)
[2025-11-18 13:39:26][INFO][Rank 0] - val Epoch 4/24: 2.4% (10/412)
[2025-11-18 13:39:31][INFO][Rank 0] - val Epoch 4/24: 4.9% (20/412)
[2025-11-18 13:39:36][INFO][Rank 0] - val Epoch 4/24: 7.3% (30/412)
[2025-11-18 13:39:41][INFO][Rank 0] - val Epoch 4/24: 9.7% (40/412)
[2025-11-18 13:39:46][INFO][Rank 0] - val Epoch 4/24: 12.1% (50/412)
[2025-11-18 13:39:51][INFO][Rank 0] - val Epoch 4/24: 14.6% (60/412)
[2025-11-18 13:39:56][INFO][Rank 0] - val Epoch 4/24: 17.0% (70/412)
[2025-11-18 13:40:01][INFO][Rank 0] - val Epoch 4/24: 19.4% (80/412)
[2025-11-18 13:40:06][INFO][Rank 0] - val Epoch 4/24: 21.8% (90/412)
[2025-11-18 13:40:11][INFO][Rank 0] - val Epoch 4/24: 24.3% (100/412)
[2025-11-18 13:40:16][INFO][Rank 0] - val Epoch 4/24: 26.7% (110/412)
[2025-11-18 13:40:21][INFO][Rank 0] - val Epoch 4/24: 29.1% (120/412)
[2025-11-18 13:40:21][INFO][Rank 0] - CUDA Memory [val][Step 120]: Device 0: Allocated: 3309.6 MB, Reserved: 117540.0 MB (Δ: +1687.0 MB)
[2025-11-18 13:40:26][INFO][Rank 0] - val Epoch 4/24: 31.6% (130/412)
[2025-11-18 13:40:31][INFO][Rank 0] - val Epoch 4/24: 34.0% (140/412)
[2025-11-18 13:40:36][INFO][Rank 0] - val Epoch 4/24: 36.4% (150/412)
[2025-11-18 13:40:41][INFO][Rank 0] - val Epoch 4/24: 38.8% (160/412)
[2025-11-18 13:40:46][INFO][Rank 0] - val Epoch 4/24: 41.3% (170/412)
[2025-11-18 13:40:51][INFO][Rank 0] - val Epoch 4/24: 43.7% (180/412)
[2025-11-18 13:40:56][INFO][Rank 0] - val Epoch 4/24: 46.1% (190/412)
[2025-11-18 13:41:01][INFO][Rank 0] - val Epoch 4/24: 48.5% (200/412)
[2025-11-18 13:41:06][INFO][Rank 0] - val Epoch 4/24: 51.0% (210/412)
[2025-11-18 13:41:11][INFO][Rank 0] - val Epoch 4/24: 53.4% (220/412)
[2025-11-18 13:41:16][INFO][Rank 0] - val Epoch 4/24: 55.8% (230/412)
[2025-11-18 13:41:21][INFO][Rank 0] - val Epoch 4/24: 58.3% (240/412)
[2025-11-18 13:41:22][INFO][Rank 0] - CUDA Memory [val][Step 240]: Device 0: Allocated: 3309.6 MB, Reserved: 117540.0 MB (Δ: +1687.0 MB)
[2025-11-18 13:41:26][INFO][Rank 0] - val Epoch 4/24: 60.7% (250/412)
[2025-11-18 13:41:31][INFO][Rank 0] - val Epoch 4/24: 63.1% (260/412)
[2025-11-18 13:41:36][INFO][Rank 0] - val Epoch 4/24: 65.5% (270/412)
[2025-11-18 13:41:41][INFO][Rank 0] - val Epoch 4/24: 68.0% (280/412)
[2025-11-18 13:41:46][INFO][Rank 0] - val Epoch 4/24: 70.4% (290/412)
[2025-11-18 13:41:51][INFO][Rank 0] - val Epoch 4/24: 72.8% (300/412)
[2025-11-18 13:41:56][INFO][Rank 0] - val Epoch 4/24: 75.2% (310/412)
[2025-11-18 13:42:01][INFO][Rank 0] - val Epoch 4/24: 77.7% (320/412)
[2025-11-18 13:42:06][INFO][Rank 0] - val Epoch 4/24: 80.1% (330/412)
[2025-11-18 13:42:11][INFO][Rank 0] - val Epoch 4/24: 82.5% (340/412)
[2025-11-18 13:42:16][INFO][Rank 0] - val Epoch 4/24: 85.0% (350/412)
[2025-11-18 13:42:21][INFO][Rank 0] - val Epoch 4/24: 87.4% (360/412)
[2025-11-18 13:42:22][INFO][Rank 0] - CUDA Memory [val][Step 360]: Device 0: Allocated: 3309.6 MB, Reserved: 117540.0 MB (Δ: +1687.0 MB)
[2025-11-18 13:42:26][INFO][Rank 0] - val Epoch 4/24: 89.8% (370/412)
[2025-11-18 13:42:31][INFO][Rank 0] - val Epoch 4/24: 92.2% (380/412)
[2025-11-18 13:42:36][INFO][Rank 0] - val Epoch 4/24: 94.7% (390/412)
[2025-11-18 13:42:42][INFO][Rank 0] - val Epoch 4/24: 97.1% (400/412)
[2025-11-18 13:42:47][INFO][Rank 0] - val Epoch 4/24: 99.5% (410/412)
[2025-11-18 13:42:47][INFO][Rank 0] - val Epoch 4/24: 99.8% (411/412)
[2025-11-18 13:42:48][INFO][Rank 0] - val Loss: 0.1409 Acc: 0.9808 F1: 0.9902
[2025-11-18 13:42:48][INFO][Rank 0] - val Balanced Acc: 0.7946 AUC-ROC: 0.9725
[2025-11-18 13:42:48][INFO][Rank 0] - val Sensitivity: 0.9910 Specificity: 0.5981
[2025-11-18 13:42:48][INFO][Rank 0] - val Confusion Matrix: TP=3977, FP=43, FN=36, TN=64
[2025-11-18 13:42:48][INFO][Rank 0] - val completed in 207.18s
[2025-11-18 13:42:48][INFO][Rank 0] - val cache: 0/1 items, hit rate: 0.00%
[2025-11-18 13:42:52][INFO][Rank 0] - Saved new best balanced_acc model with balanced_acc: 0.7946 at /projects/retprogression/rgarridogarcia/checkpoints/cropped1024_cropped_centered_allR_2/best_balanced_acc_model.pth
[2025-11-18 13:42:56][INFO][Rank 0] - Also saved as general best model at /projects/retprogression/rgarridogarcia/checkpoints/cropped1024_cropped_centered_allR_2/best_model.pth
[2025-11-18 13:43:01][INFO][Rank 0] - Saved new best auc model with auc: 0.9725 at /projects/retprogression/rgarridogarcia/checkpoints/cropped1024_cropped_centered_allR_2/best_auc_model.pth
[2025-11-18 13:43:05][INFO][Rank 0] - Saved epoch checkpoint at /projects/retprogression/rgarridogarcia/checkpoints/cropped1024_cropped_centered_allR_2/epoch_4.pth
[2025-11-18 13:43:05][INFO][Rank 0] - Epoch 4 summary:
[2025-11-18 13:43:05][INFO][Rank 0] -  Train Loss: 0.2234, Train Acc: 0.9809, Train F1: 0.9902
[2025-11-18 13:43:05][INFO][Rank 0] -  Train Balanced Acc: 0.7948, Train AUC: 0.9592
[2025-11-18 13:43:05][INFO][Rank 0] -  Train Sensitivity: 0.9905, Train Specificity: 0.5992
[2025-11-18 13:43:05][INFO][Rank 0] -  Val Loss: 0.1409, Val Acc: 0.9808, Val F1: 0.9902
[2025-11-18 13:43:05][INFO][Rank 0] -  Val Balanced Acc: 0.7946, Val AUC: 0.9725
[2025-11-18 13:43:05][INFO][Rank 0] -  Val Sensitivity: 0.9910, Val Specificity: 0.5981
[2025-11-18 13:43:05][INFO][Rank 0] -  Total Epoch Time: 1591.00s
[2025-11-18 13:43:05][INFO][Rank 0] - Epoch 5/24
[2025-11-18 13:43:05][INFO][Rank 0] - ----------
[2025-11-18 13:43:05][INFO][Rank 0] - CUDA Memory [train][Step 0]: Device 0: Allocated: 3309.6 MB, Reserved: 117540.0 MB (Δ: +1687.0 MB)
[2025-11-18 13:43:05][INFO][Rank 0] - train phase: total 1935 batches
[2025-11-18 13:43:05][INFO][Rank 0] - train Epoch 5/24: 0.0% (0/1935)
[2025-11-18 13:43:12][INFO][Rank 0] - train Epoch 5/24: 0.5% (10/1935)
[2025-11-18 13:43:20][INFO][Rank 0] - train Epoch 5/24: 1.0% (20/1935)
[2025-11-18 13:43:27][INFO][Rank 0] - train Epoch 5/24: 1.6% (30/1935)
[2025-11-18 13:43:34][INFO][Rank 0] - train Epoch 5/24: 2.1% (40/1935)
[2025-11-18 13:43:41][INFO][Rank 0] - train Epoch 5/24: 2.6% (50/1935)
[2025-11-18 13:43:48][INFO][Rank 0] - train Epoch 5/24: 3.1% (60/1935)
[2025-11-18 13:43:55][INFO][Rank 0] - train Epoch 5/24: 3.6% (70/1935)
[2025-11-18 13:44:02][INFO][Rank 0] - train Epoch 5/24: 4.1% (80/1935)
[2025-11-18 13:44:09][INFO][Rank 0] - train Epoch 5/24: 4.7% (90/1935)
[2025-11-18 13:44:10][INFO][Rank 0] - CUDA Memory [train][Step 90]: Device 0: Allocated: 3309.6 MB, Reserved: 117540.0 MB (Δ: +1687.0 MB)
[2025-11-18 13:44:16][INFO][Rank 0] - train Epoch 5/24: 5.2% (100/1935)
[2025-11-18 13:44:23][INFO][Rank 0] - train Epoch 5/24: 5.7% (110/1935)
[2025-11-18 13:44:30][INFO][Rank 0] - train Epoch 5/24: 6.2% (120/1935)
[2025-11-18 13:44:37][INFO][Rank 0] - train Epoch 5/24: 6.7% (130/1935)
[2025-11-18 13:44:44][INFO][Rank 0] - train Epoch 5/24: 7.2% (140/1935)
[2025-11-18 13:44:51][INFO][Rank 0] - train Epoch 5/24: 7.8% (150/1935)
[2025-11-18 13:44:58][INFO][Rank 0] - train Epoch 5/24: 8.3% (160/1935)
[2025-11-18 13:45:06][INFO][Rank 0] - train Epoch 5/24: 8.8% (170/1935)
[2025-11-18 13:45:13][INFO][Rank 0] - train Epoch 5/24: 9.3% (180/1935)
[2025-11-18 13:45:13][INFO][Rank 0] - CUDA Memory [train][Step 180]: Device 0: Allocated: 3309.6 MB, Reserved: 117540.0 MB (Δ: +1687.0 MB)
[2025-11-18 13:45:20][INFO][Rank 0] - train Epoch 5/24: 9.8% (190/1935)
[2025-11-18 13:45:27][INFO][Rank 0] - train Epoch 5/24: 10.3% (200/1935)
[2025-11-18 13:45:34][INFO][Rank 0] - train Epoch 5/24: 10.9% (210/1935)
[2025-11-18 13:45:41][INFO][Rank 0] - train Epoch 5/24: 11.4% (220/1935)
[2025-11-18 13:45:48][INFO][Rank 0] - train Epoch 5/24: 11.9% (230/1935)
[2025-11-18 13:45:55][INFO][Rank 0] - train Epoch 5/24: 12.4% (240/1935)
[2025-11-18 13:46:02][INFO][Rank 0] - train Epoch 5/24: 12.9% (250/1935)
[2025-11-18 13:46:09][INFO][Rank 0] - train Epoch 5/24: 13.4% (260/1935)
[2025-11-18 13:46:16][INFO][Rank 0] - train Epoch 5/24: 14.0% (270/1935)
[2025-11-18 13:46:17][INFO][Rank 0] - CUDA Memory [train][Step 270]: Device 0: Allocated: 3309.6 MB, Reserved: 117540.0 MB (Δ: +1687.0 MB)
[2025-11-18 13:46:23][INFO][Rank 0] - train Epoch 5/24: 14.5% (280/1935)
[2025-11-18 13:46:30][INFO][Rank 0] - train Epoch 5/24: 15.0% (290/1935)
[2025-11-18 13:46:37][INFO][Rank 0] - train Epoch 5/24: 15.5% (300/1935)
[2025-11-18 13:46:44][INFO][Rank 0] - train Epoch 5/24: 16.0% (310/1935)
[2025-11-18 13:46:52][INFO][Rank 0] - train Epoch 5/24: 16.5% (320/1935)
[2025-11-18 13:46:59][INFO][Rank 0] - train Epoch 5/24: 17.1% (330/1935)
[2025-11-18 13:47:06][INFO][Rank 0] - train Epoch 5/24: 17.6% (340/1935)
[2025-11-18 13:47:13][INFO][Rank 0] - train Epoch 5/24: 18.1% (350/1935)
[2025-11-18 13:47:20][INFO][Rank 0] - train Epoch 5/24: 18.6% (360/1935)
[2025-11-18 13:47:20][INFO][Rank 0] - CUDA Memory [train][Step 360]: Device 0: Allocated: 3309.6 MB, Reserved: 117540.0 MB (Δ: +1687.0 MB)
[2025-11-18 13:47:27][INFO][Rank 0] - train Epoch 5/24: 19.1% (370/1935)
[2025-11-18 13:47:34][INFO][Rank 0] - train Epoch 5/24: 19.6% (380/1935)
[2025-11-18 13:47:41][INFO][Rank 0] - train Epoch 5/24: 20.2% (390/1935)
[2025-11-18 13:47:48][INFO][Rank 0] - train Epoch 5/24: 20.7% (400/1935)
[2025-11-18 13:47:55][INFO][Rank 0] - train Epoch 5/24: 21.2% (410/1935)
[2025-11-18 13:48:02][INFO][Rank 0] - train Epoch 5/24: 21.7% (420/1935)
[2025-11-18 13:48:09][INFO][Rank 0] - train Epoch 5/24: 22.2% (430/1935)
[2025-11-18 13:48:16][INFO][Rank 0] - train Epoch 5/24: 22.7% (440/1935)
[2025-11-18 13:48:23][INFO][Rank 0] - train Epoch 5/24: 23.3% (450/1935)
[2025-11-18 13:48:24][INFO][Rank 0] - CUDA Memory [train][Step 450]: Device 0: Allocated: 3309.6 MB, Reserved: 117540.0 MB (Δ: +1687.0 MB)
[2025-11-18 13:48:30][INFO][Rank 0] - train Epoch 5/24: 23.8% (460/1935)
[2025-11-18 13:48:37][INFO][Rank 0] - train Epoch 5/24: 24.3% (470/1935)
[2025-11-18 13:48:44][INFO][Rank 0] - train Epoch 5/24: 24.8% (480/1935)
[2025-11-18 13:48:51][INFO][Rank 0] - train Epoch 5/24: 25.3% (490/1935)
[2025-11-18 13:48:59][INFO][Rank 0] - train Epoch 5/24: 25.8% (500/1935)
[2025-11-18 13:49:06][INFO][Rank 0] - train Epoch 5/24: 26.4% (510/1935)
[2025-11-18 13:49:13][INFO][Rank 0] - train Epoch 5/24: 26.9% (520/1935)
[2025-11-18 13:49:20][INFO][Rank 0] - train Epoch 5/24: 27.4% (530/1935)
[2025-11-18 13:49:27][INFO][Rank 0] - train Epoch 5/24: 27.9% (540/1935)
[2025-11-18 13:49:27][INFO][Rank 0] - CUDA Memory [train][Step 540]: Device 0: Allocated: 3309.6 MB, Reserved: 117540.0 MB (Δ: +1687.0 MB)
[2025-11-18 13:49:34][INFO][Rank 0] - train Epoch 5/24: 28.4% (550/1935)
[2025-11-18 13:49:41][INFO][Rank 0] - train Epoch 5/24: 28.9% (560/1935)
[2025-11-18 13:49:48][INFO][Rank 0] - train Epoch 5/24: 29.5% (570/1935)
[2025-11-18 13:49:55][INFO][Rank 0] - train Epoch 5/24: 30.0% (580/1935)
[2025-11-18 13:50:02][INFO][Rank 0] - train Epoch 5/24: 30.5% (590/1935)
[2025-11-18 13:50:09][INFO][Rank 0] - train Epoch 5/24: 31.0% (600/1935)
[2025-11-18 13:50:16][INFO][Rank 0] - train Epoch 5/24: 31.5% (610/1935)
[2025-11-18 13:50:23][INFO][Rank 0] - train Epoch 5/24: 32.0% (620/1935)
[2025-11-18 13:50:30][INFO][Rank 0] - train Epoch 5/24: 32.6% (630/1935)
[2025-11-18 13:50:31][INFO][Rank 0] - CUDA Memory [train][Step 630]: Device 0: Allocated: 3309.6 MB, Reserved: 117540.0 MB (Δ: +1687.0 MB)
[2025-11-18 13:50:37][INFO][Rank 0] - train Epoch 5/24: 33.1% (640/1935)
[2025-11-18 13:50:44][INFO][Rank 0] - train Epoch 5/24: 33.6% (650/1935)
[2025-11-18 13:50:51][INFO][Rank 0] - train Epoch 5/24: 34.1% (660/1935)
[2025-11-18 13:50:59][INFO][Rank 0] - train Epoch 5/24: 34.6% (670/1935)
[2025-11-18 13:51:06][INFO][Rank 0] - train Epoch 5/24: 35.1% (680/1935)
[2025-11-18 13:51:13][INFO][Rank 0] - train Epoch 5/24: 35.7% (690/1935)
[2025-11-18 13:51:20][INFO][Rank 0] - train Epoch 5/24: 36.2% (700/1935)
[2025-11-18 13:51:27][INFO][Rank 0] - train Epoch 5/24: 36.7% (710/1935)
[2025-11-18 13:51:34][INFO][Rank 0] - train Epoch 5/24: 37.2% (720/1935)
[2025-11-18 13:51:35][INFO][Rank 0] - CUDA Memory [train][Step 720]: Device 0: Allocated: 3309.6 MB, Reserved: 117540.0 MB (Δ: +1687.0 MB)
[2025-11-18 13:51:41][INFO][Rank 0] - train Epoch 5/24: 37.7% (730/1935)
[2025-11-18 13:51:48][INFO][Rank 0] - train Epoch 5/24: 38.2% (740/1935)
[2025-11-18 13:51:55][INFO][Rank 0] - train Epoch 5/24: 38.8% (750/1935)
[2025-11-18 13:52:02][INFO][Rank 0] - train Epoch 5/24: 39.3% (760/1935)
[2025-11-18 13:52:09][INFO][Rank 0] - train Epoch 5/24: 39.8% (770/1935)
[2025-11-18 13:52:16][INFO][Rank 0] - train Epoch 5/24: 40.3% (780/1935)
[2025-11-18 13:52:23][INFO][Rank 0] - train Epoch 5/24: 40.8% (790/1935)
[2025-11-18 13:52:30][INFO][Rank 0] - train Epoch 5/24: 41.3% (800/1935)
[2025-11-18 13:52:37][INFO][Rank 0] - train Epoch 5/24: 41.9% (810/1935)
[2025-11-18 13:52:38][INFO][Rank 0] - CUDA Memory [train][Step 810]: Device 0: Allocated: 3309.6 MB, Reserved: 117540.0 MB (Δ: +1687.0 MB)
[2025-11-18 13:52:44][INFO][Rank 0] - train Epoch 5/24: 42.4% (820/1935)
[2025-11-18 13:52:51][INFO][Rank 0] - train Epoch 5/24: 42.9% (830/1935)
[2025-11-18 13:52:59][INFO][Rank 0] - train Epoch 5/24: 43.4% (840/1935)
[2025-11-18 13:53:06][INFO][Rank 0] - train Epoch 5/24: 43.9% (850/1935)
[2025-11-18 13:53:13][INFO][Rank 0] - train Epoch 5/24: 44.4% (860/1935)
[2025-11-18 13:53:20][INFO][Rank 0] - train Epoch 5/24: 45.0% (870/1935)
[2025-11-18 13:53:27][INFO][Rank 0] - train Epoch 5/24: 45.5% (880/1935)
[2025-11-18 13:53:34][INFO][Rank 0] - train Epoch 5/24: 46.0% (890/1935)
[2025-11-18 13:53:41][INFO][Rank 0] - train Epoch 5/24: 46.5% (900/1935)
[2025-11-18 13:53:42][INFO][Rank 0] - CUDA Memory [train][Step 900]: Device 0: Allocated: 3309.6 MB, Reserved: 117540.0 MB (Δ: +1687.0 MB)
[2025-11-18 13:53:48][INFO][Rank 0] - train Epoch 5/24: 47.0% (910/1935)
[2025-11-18 13:53:55][INFO][Rank 0] - train Epoch 5/24: 47.5% (920/1935)
[2025-11-18 13:54:02][INFO][Rank 0] - train Epoch 5/24: 48.1% (930/1935)
[2025-11-18 13:54:09][INFO][Rank 0] - train Epoch 5/24: 48.6% (940/1935)
[2025-11-18 13:54:16][INFO][Rank 0] - train Epoch 5/24: 49.1% (950/1935)
[2025-11-18 13:54:23][INFO][Rank 0] - train Epoch 5/24: 49.6% (960/1935)
[2025-11-18 13:54:30][INFO][Rank 0] - train Epoch 5/24: 50.1% (970/1935)
[2025-11-18 13:54:37][INFO][Rank 0] - train Epoch 5/24: 50.6% (980/1935)
[2025-11-18 13:54:44][INFO][Rank 0] - train Epoch 5/24: 51.2% (990/1935)
[2025-11-18 13:54:45][INFO][Rank 0] - CUDA Memory [train][Step 990]: Device 0: Allocated: 3309.6 MB, Reserved: 117540.0 MB (Δ: +1687.0 MB)
[2025-11-18 13:54:51][INFO][Rank 0] - train Epoch 5/24: 51.7% (1000/1935)
[2025-11-18 13:54:59][INFO][Rank 0] - train Epoch 5/24: 52.2% (1010/1935)
[2025-11-18 13:55:06][INFO][Rank 0] - train Epoch 5/24: 52.7% (1020/1935)
[2025-11-18 13:55:13][INFO][Rank 0] - train Epoch 5/24: 53.2% (1030/1935)
[2025-11-18 13:55:20][INFO][Rank 0] - train Epoch 5/24: 53.7% (1040/1935)
[2025-11-18 13:55:27][INFO][Rank 0] - train Epoch 5/24: 54.3% (1050/1935)
[2025-11-18 13:55:34][INFO][Rank 0] - train Epoch 5/24: 54.8% (1060/1935)
[2025-11-18 13:55:41][INFO][Rank 0] - train Epoch 5/24: 55.3% (1070/1935)
[2025-11-18 13:55:48][INFO][Rank 0] - train Epoch 5/24: 55.8% (1080/1935)
[2025-11-18 13:55:49][INFO][Rank 0] - CUDA Memory [train][Step 1080]: Device 0: Allocated: 3309.6 MB, Reserved: 117540.0 MB (Δ: +1687.0 MB)
[2025-11-18 13:55:55][INFO][Rank 0] - train Epoch 5/24: 56.3% (1090/1935)
[2025-11-18 13:56:02][INFO][Rank 0] - train Epoch 5/24: 56.8% (1100/1935)
[2025-11-18 13:56:09][INFO][Rank 0] - train Epoch 5/24: 57.4% (1110/1935)
[2025-11-18 13:56:16][INFO][Rank 0] - train Epoch 5/24: 57.9% (1120/1935)
[2025-11-18 13:56:23][INFO][Rank 0] - train Epoch 5/24: 58.4% (1130/1935)
[2025-11-18 13:56:30][INFO][Rank 0] - train Epoch 5/24: 58.9% (1140/1935)
[2025-11-18 13:56:37][INFO][Rank 0] - train Epoch 5/24: 59.4% (1150/1935)
[2025-11-18 13:56:44][INFO][Rank 0] - train Epoch 5/24: 59.9% (1160/1935)
[2025-11-18 13:56:51][INFO][Rank 0] - train Epoch 5/24: 60.5% (1170/1935)
[2025-11-18 13:56:52][INFO][Rank 0] - CUDA Memory [train][Step 1170]: Device 0: Allocated: 3309.6 MB, Reserved: 117540.0 MB (Δ: +1687.0 MB)
[2025-11-18 13:56:59][INFO][Rank 0] - train Epoch 5/24: 61.0% (1180/1935)
[2025-11-18 13:57:06][INFO][Rank 0] - train Epoch 5/24: 61.5% (1190/1935)
[2025-11-18 13:57:13][INFO][Rank 0] - train Epoch 5/24: 62.0% (1200/1935)
[2025-11-18 13:57:20][INFO][Rank 0] - train Epoch 5/24: 62.5% (1210/1935)
[2025-11-18 13:57:27][INFO][Rank 0] - train Epoch 5/24: 63.0% (1220/1935)
[2025-11-18 13:57:34][INFO][Rank 0] - train Epoch 5/24: 63.6% (1230/1935)
[2025-11-18 13:57:41][INFO][Rank 0] - train Epoch 5/24: 64.1% (1240/1935)
[2025-11-18 13:57:48][INFO][Rank 0] - train Epoch 5/24: 64.6% (1250/1935)
[2025-11-18 13:57:55][INFO][Rank 0] - train Epoch 5/24: 65.1% (1260/1935)
[2025-11-18 13:57:56][INFO][Rank 0] - CUDA Memory [train][Step 1260]: Device 0: Allocated: 3309.6 MB, Reserved: 117540.0 MB (Δ: +1687.0 MB)
[2025-11-18 13:58:02][INFO][Rank 0] - train Epoch 5/24: 65.6% (1270/1935)
[2025-11-18 13:58:09][INFO][Rank 0] - train Epoch 5/24: 66.1% (1280/1935)
[2025-11-18 13:58:16][INFO][Rank 0] - train Epoch 5/24: 66.7% (1290/1935)
[2025-11-18 13:58:23][INFO][Rank 0] - train Epoch 5/24: 67.2% (1300/1935)
[2025-11-18 13:58:30][INFO][Rank 0] - train Epoch 5/24: 67.7% (1310/1935)
[2025-11-18 13:58:37][INFO][Rank 0] - train Epoch 5/24: 68.2% (1320/1935)
[2025-11-18 13:58:44][INFO][Rank 0] - train Epoch 5/24: 68.7% (1330/1935)
[2025-11-18 13:58:51][INFO][Rank 0] - train Epoch 5/24: 69.3% (1340/1935)
[2025-11-18 13:58:58][INFO][Rank 0] - train Epoch 5/24: 69.8% (1350/1935)
[2025-11-18 13:58:59][INFO][Rank 0] - CUDA Memory [train][Step 1350]: Device 0: Allocated: 3309.6 MB, Reserved: 117540.0 MB (Δ: +1687.0 MB)
[2025-11-18 13:59:06][INFO][Rank 0] - train Epoch 5/24: 70.3% (1360/1935)
[2025-11-18 13:59:13][INFO][Rank 0] - train Epoch 5/24: 70.8% (1370/1935)
[2025-11-18 13:59:20][INFO][Rank 0] - train Epoch 5/24: 71.3% (1380/1935)
[2025-11-18 13:59:27][INFO][Rank 0] - train Epoch 5/24: 71.8% (1390/1935)
[2025-11-18 13:59:34][INFO][Rank 0] - train Epoch 5/24: 72.4% (1400/1935)
[2025-11-18 13:59:41][INFO][Rank 0] - train Epoch 5/24: 72.9% (1410/1935)
[2025-11-18 13:59:48][INFO][Rank 0] - train Epoch 5/24: 73.4% (1420/1935)
[2025-11-18 13:59:55][INFO][Rank 0] - train Epoch 5/24: 73.9% (1430/1935)
[2025-11-18 14:00:02][INFO][Rank 0] - train Epoch 5/24: 74.4% (1440/1935)
[2025-11-18 14:00:03][INFO][Rank 0] - CUDA Memory [train][Step 1440]: Device 0: Allocated: 3309.6 MB, Reserved: 117540.0 MB (Δ: +1687.0 MB)
[2025-11-18 14:00:09][INFO][Rank 0] - train Epoch 5/24: 74.9% (1450/1935)
[2025-11-18 14:00:16][INFO][Rank 0] - train Epoch 5/24: 75.5% (1460/1935)
[2025-11-18 14:00:23][INFO][Rank 0] - train Epoch 5/24: 76.0% (1470/1935)
[2025-11-18 14:00:30][INFO][Rank 0] - train Epoch 5/24: 76.5% (1480/1935)
[2025-11-18 14:00:37][INFO][Rank 0] - train Epoch 5/24: 77.0% (1490/1935)
[2025-11-18 14:00:44][INFO][Rank 0] - train Epoch 5/24: 77.5% (1500/1935)
[2025-11-18 14:00:51][INFO][Rank 0] - train Epoch 5/24: 78.0% (1510/1935)
[2025-11-18 14:00:58][INFO][Rank 0] - train Epoch 5/24: 78.6% (1520/1935)
[2025-11-18 14:01:06][INFO][Rank 0] - train Epoch 5/24: 79.1% (1530/1935)
[2025-11-18 14:01:06][INFO][Rank 0] - CUDA Memory [train][Step 1530]: Device 0: Allocated: 3309.6 MB, Reserved: 117540.0 MB (Δ: +1687.0 MB)
[2025-11-18 14:01:13][INFO][Rank 0] - train Epoch 5/24: 79.6% (1540/1935)
[2025-11-18 14:01:20][INFO][Rank 0] - train Epoch 5/24: 80.1% (1550/1935)
[2025-11-18 14:01:27][INFO][Rank 0] - train Epoch 5/24: 80.6% (1560/1935)
[2025-11-18 14:01:34][INFO][Rank 0] - train Epoch 5/24: 81.1% (1570/1935)
[2025-11-18 14:01:41][INFO][Rank 0] - train Epoch 5/24: 81.7% (1580/1935)
[2025-11-18 14:01:48][INFO][Rank 0] - train Epoch 5/24: 82.2% (1590/1935)
[2025-11-18 14:01:55][INFO][Rank 0] - train Epoch 5/24: 82.7% (1600/1935)
[2025-11-18 14:02:02][INFO][Rank 0] - train Epoch 5/24: 83.2% (1610/1935)
[2025-11-18 14:02:09][INFO][Rank 0] - train Epoch 5/24: 83.7% (1620/1935)
[2025-11-18 14:02:10][INFO][Rank 0] - CUDA Memory [train][Step 1620]: Device 0: Allocated: 3309.6 MB, Reserved: 117540.0 MB (Δ: +1687.0 MB)
[2025-11-18 14:02:16][INFO][Rank 0] - train Epoch 5/24: 84.2% (1630/1935)
[2025-11-18 14:02:23][INFO][Rank 0] - train Epoch 5/24: 84.8% (1640/1935)
[2025-11-18 14:02:30][INFO][Rank 0] - train Epoch 5/24: 85.3% (1650/1935)
[2025-11-18 14:02:37][INFO][Rank 0] - train Epoch 5/24: 85.8% (1660/1935)
[2025-11-18 14:02:44][INFO][Rank 0] - train Epoch 5/24: 86.3% (1670/1935)
[2025-11-18 14:02:51][INFO][Rank 0] - train Epoch 5/24: 86.8% (1680/1935)
[2025-11-18 14:02:58][INFO][Rank 0] - train Epoch 5/24: 87.3% (1690/1935)
[2025-11-18 14:03:06][INFO][Rank 0] - train Epoch 5/24: 87.9% (1700/1935)
[2025-11-18 14:03:13][INFO][Rank 0] - train Epoch 5/24: 88.4% (1710/1935)
[2025-11-18 14:03:13][INFO][Rank 0] - CUDA Memory [train][Step 1710]: Device 0: Allocated: 3309.6 MB, Reserved: 117540.0 MB (Δ: +1687.0 MB)
[2025-11-18 14:03:20][INFO][Rank 0] - train Epoch 5/24: 88.9% (1720/1935)
[2025-11-18 14:03:27][INFO][Rank 0] - train Epoch 5/24: 89.4% (1730/1935)
[2025-11-18 14:03:34][INFO][Rank 0] - train Epoch 5/24: 89.9% (1740/1935)
[2025-11-18 14:03:41][INFO][Rank 0] - train Epoch 5/24: 90.4% (1750/1935)
[2025-11-18 14:03:48][INFO][Rank 0] - train Epoch 5/24: 91.0% (1760/1935)
[2025-11-18 14:03:55][INFO][Rank 0] - train Epoch 5/24: 91.5% (1770/1935)
[2025-11-18 14:04:02][INFO][Rank 0] - train Epoch 5/24: 92.0% (1780/1935)
[2025-11-18 14:04:09][INFO][Rank 0] - train Epoch 5/24: 92.5% (1790/1935)
[2025-11-18 14:04:16][INFO][Rank 0] - train Epoch 5/24: 93.0% (1800/1935)
[2025-11-18 14:04:17][INFO][Rank 0] - CUDA Memory [train][Step 1800]: Device 0: Allocated: 3309.6 MB, Reserved: 117540.0 MB (Δ: +1687.0 MB)
[2025-11-18 14:04:23][INFO][Rank 0] - train Epoch 5/24: 93.5% (1810/1935)
[2025-11-18 14:04:30][INFO][Rank 0] - train Epoch 5/24: 94.1% (1820/1935)
[2025-11-18 14:04:37][INFO][Rank 0] - train Epoch 5/24: 94.6% (1830/1935)
[2025-11-18 14:04:44][INFO][Rank 0] - train Epoch 5/24: 95.1% (1840/1935)
[2025-11-18 14:04:51][INFO][Rank 0] - train Epoch 5/24: 95.6% (1850/1935)
[2025-11-18 14:04:58][INFO][Rank 0] - train Epoch 5/24: 96.1% (1860/1935)
[2025-11-18 14:05:05][INFO][Rank 0] - train Epoch 5/24: 96.6% (1870/1935)
[2025-11-18 14:05:13][INFO][Rank 0] - train Epoch 5/24: 97.2% (1880/1935)
[2025-11-18 14:05:20][INFO][Rank 0] - train Epoch 5/24: 97.7% (1890/1935)
[2025-11-18 14:05:20][INFO][Rank 0] - CUDA Memory [train][Step 1890]: Device 0: Allocated: 3309.6 MB, Reserved: 117540.0 MB (Δ: +1687.0 MB)
[2025-11-18 14:05:27][INFO][Rank 0] - train Epoch 5/24: 98.2% (1900/1935)
[2025-11-18 14:05:34][INFO][Rank 0] - train Epoch 5/24: 98.7% (1910/1935)
[2025-11-18 14:05:41][INFO][Rank 0] - train Epoch 5/24: 99.2% (1920/1935)
[2025-11-18 14:05:48][INFO][Rank 0] - train Epoch 5/24: 99.7% (1930/1935)
[2025-11-18 14:05:51][INFO][Rank 0] - train Epoch 5/24: 99.9% (1934/1935)
[2025-11-18 14:05:51][INFO][Rank 0] - train Loss: 0.1935 Acc: 0.9796 F1: 0.9895
[2025-11-18 14:05:51][INFO][Rank 0] - train Balanced Acc: 0.8384 AUC-ROC: 0.9605
[2025-11-18 14:05:51][INFO][Rank 0] - train Sensitivity: 0.9869 Specificity: 0.6899
[2025-11-18 14:05:51][INFO][Rank 0] - train Confusion Matrix: TP=18629, FP=147, FN=247, TN=327
[2025-11-18 14:05:51][INFO][Rank 0] - train completed in 1366.49s
[2025-11-18 14:05:51][INFO][Rank 0] - Data loading time: 1.09s, Forward time: 277.79s, Backward time: 740.50s
[2025-11-18 14:05:51][INFO][Rank 0] - train cache: 0/1 items, hit rate: 0.00%
[2025-11-18 14:05:51][INFO][Rank 0] - CUDA Memory [val][Step 0]: Device 0: Allocated: 3309.6 MB, Reserved: 117540.0 MB (Δ: +1687.0 MB)
[2025-11-18 14:05:51][INFO][Rank 0] - val phase: total 412 batches
[2025-11-18 14:05:52][INFO][Rank 0] - val Epoch 5/24: 0.0% (0/412)
[2025-11-18 14:05:57][INFO][Rank 0] - val Epoch 5/24: 2.4% (10/412)
[2025-11-18 14:06:02][INFO][Rank 0] - val Epoch 5/24: 4.9% (20/412)
[2025-11-18 14:06:07][INFO][Rank 0] - val Epoch 5/24: 7.3% (30/412)
[2025-11-18 14:06:12][INFO][Rank 0] - val Epoch 5/24: 9.7% (40/412)
[2025-11-18 14:06:17][INFO][Rank 0] - val Epoch 5/24: 12.1% (50/412)
[2025-11-18 14:06:22][INFO][Rank 0] - val Epoch 5/24: 14.6% (60/412)
[2025-11-18 14:06:27][INFO][Rank 0] - val Epoch 5/24: 17.0% (70/412)
[2025-11-18 14:06:32][INFO][Rank 0] - val Epoch 5/24: 19.4% (80/412)
[2025-11-18 14:06:37][INFO][Rank 0] - val Epoch 5/24: 21.8% (90/412)
[2025-11-18 14:06:42][INFO][Rank 0] - val Epoch 5/24: 24.3% (100/412)
[2025-11-18 14:06:47][INFO][Rank 0] - val Epoch 5/24: 26.7% (110/412)
[2025-11-18 14:06:52][INFO][Rank 0] - val Epoch 5/24: 29.1% (120/412)
[2025-11-18 14:06:53][INFO][Rank 0] - CUDA Memory [val][Step 120]: Device 0: Allocated: 3309.6 MB, Reserved: 117540.0 MB (Δ: +1687.0 MB)
[2025-11-18 14:06:57][INFO][Rank 0] - val Epoch 5/24: 31.6% (130/412)
[2025-11-18 14:07:02][INFO][Rank 0] - val Epoch 5/24: 34.0% (140/412)
[2025-11-18 14:07:07][INFO][Rank 0] - val Epoch 5/24: 36.4% (150/412)
[2025-11-18 14:07:12][INFO][Rank 0] - val Epoch 5/24: 38.8% (160/412)
[2025-11-18 14:07:17][INFO][Rank 0] - val Epoch 5/24: 41.3% (170/412)
[2025-11-18 14:07:22][INFO][Rank 0] - val Epoch 5/24: 43.7% (180/412)
[2025-11-18 14:07:27][INFO][Rank 0] - val Epoch 5/24: 46.1% (190/412)
[2025-11-18 14:07:32][INFO][Rank 0] - val Epoch 5/24: 48.5% (200/412)
[2025-11-18 14:07:37][INFO][Rank 0] - val Epoch 5/24: 51.0% (210/412)
[2025-11-18 14:07:42][INFO][Rank 0] - val Epoch 5/24: 53.4% (220/412)
[2025-11-18 14:07:47][INFO][Rank 0] - val Epoch 5/24: 55.8% (230/412)
[2025-11-18 14:07:52][INFO][Rank 0] - val Epoch 5/24: 58.3% (240/412)
[2025-11-18 14:07:53][INFO][Rank 0] - CUDA Memory [val][Step 240]: Device 0: Allocated: 3309.6 MB, Reserved: 117540.0 MB (Δ: +1687.0 MB)
[2025-11-18 14:07:57][INFO][Rank 0] - val Epoch 5/24: 60.7% (250/412)
[2025-11-18 14:08:02][INFO][Rank 0] - val Epoch 5/24: 63.1% (260/412)
[2025-11-18 14:08:08][INFO][Rank 0] - val Epoch 5/24: 65.5% (270/412)
[2025-11-18 14:08:13][INFO][Rank 0] - val Epoch 5/24: 68.0% (280/412)
[2025-11-18 14:08:18][INFO][Rank 0] - val Epoch 5/24: 70.4% (290/412)
[2025-11-18 14:08:23][INFO][Rank 0] - val Epoch 5/24: 72.8% (300/412)
[2025-11-18 14:08:28][INFO][Rank 0] - val Epoch 5/24: 75.2% (310/412)
[2025-11-18 14:08:33][INFO][Rank 0] - val Epoch 5/24: 77.7% (320/412)
[2025-11-18 14:08:38][INFO][Rank 0] - val Epoch 5/24: 80.1% (330/412)
[2025-11-18 14:08:43][INFO][Rank 0] - val Epoch 5/24: 82.5% (340/412)
[2025-11-18 14:08:48][INFO][Rank 0] - val Epoch 5/24: 85.0% (350/412)
[2025-11-18 14:08:53][INFO][Rank 0] - val Epoch 5/24: 87.4% (360/412)
[2025-11-18 14:08:53][INFO][Rank 0] - CUDA Memory [val][Step 360]: Device 0: Allocated: 3309.6 MB, Reserved: 117540.0 MB (Δ: +1687.0 MB)
[2025-11-18 14:08:58][INFO][Rank 0] - val Epoch 5/24: 89.8% (370/412)
[2025-11-18 14:09:03][INFO][Rank 0] - val Epoch 5/24: 92.2% (380/412)
[2025-11-18 14:09:08][INFO][Rank 0] - val Epoch 5/24: 94.7% (390/412)
[2025-11-18 14:09:13][INFO][Rank 0] - val Epoch 5/24: 97.1% (400/412)
[2025-11-18 14:09:18][INFO][Rank 0] - val Epoch 5/24: 99.5% (410/412)
[2025-11-18 14:09:18][INFO][Rank 0] - val Epoch 5/24: 99.8% (411/412)
[2025-11-18 14:09:19][INFO][Rank 0] - val Loss: 0.1262 Acc: 0.9801 F1: 0.9898
[2025-11-18 14:09:19][INFO][Rank 0] - val Balanced Acc: 0.8397 AUC-ROC: 0.9751
[2025-11-18 14:09:19][INFO][Rank 0] - val Sensitivity: 0.9878 Specificity: 0.6916
[2025-11-18 14:09:19][INFO][Rank 0] - val Confusion Matrix: TP=3964, FP=33, FN=49, TN=74
[2025-11-18 14:09:19][INFO][Rank 0] - val completed in 207.48s
[2025-11-18 14:09:19][INFO][Rank 0] - val cache: 0/1 items, hit rate: 0.00%
[2025-11-18 14:09:23][INFO][Rank 0] - Saved new best balanced_acc model with balanced_acc: 0.8397 at /projects/retprogression/rgarridogarcia/checkpoints/cropped1024_cropped_centered_allR_2/best_balanced_acc_model.pth
[2025-11-18 14:09:27][INFO][Rank 0] - Also saved as general best model at /projects/retprogression/rgarridogarcia/checkpoints/cropped1024_cropped_centered_allR_2/best_model.pth
[2025-11-18 14:09:31][INFO][Rank 0] - Saved new best auc model with auc: 0.9751 at /projects/retprogression/rgarridogarcia/checkpoints/cropped1024_cropped_centered_allR_2/best_auc_model.pth
[2025-11-18 14:09:35][INFO][Rank 0] - Saved epoch checkpoint at /projects/retprogression/rgarridogarcia/checkpoints/cropped1024_cropped_centered_allR_2/epoch_5.pth
[2025-11-18 14:09:35][INFO][Rank 0] - Epoch 5 summary:
[2025-11-18 14:09:35][INFO][Rank 0] -  Train Loss: 0.1935, Train Acc: 0.9796, Train F1: 0.9895
[2025-11-18 14:09:35][INFO][Rank 0] -  Train Balanced Acc: 0.8384, Train AUC: 0.9605
[2025-11-18 14:09:35][INFO][Rank 0] -  Train Sensitivity: 0.9869, Train Specificity: 0.6899
[2025-11-18 14:09:35][INFO][Rank 0] -  Val Loss: 0.1262, Val Acc: 0.9801, Val F1: 0.9898
[2025-11-18 14:09:35][INFO][Rank 0] -  Val Balanced Acc: 0.8397, Val AUC: 0.9751
[2025-11-18 14:09:35][INFO][Rank 0] -  Val Sensitivity: 0.9878, Val Specificity: 0.6916
[2025-11-18 14:09:35][INFO][Rank 0] -  Total Epoch Time: 1589.92s
[2025-11-18 14:09:35][INFO][Rank 0] - Epoch 6/24
[2025-11-18 14:09:35][INFO][Rank 0] - ----------
[2025-11-18 14:09:35][INFO][Rank 0] - CUDA Memory [train][Step 0]: Device 0: Allocated: 3309.6 MB, Reserved: 117540.0 MB (Δ: +1687.0 MB)
[2025-11-18 14:09:35][INFO][Rank 0] - train phase: total 1935 batches
[2025-11-18 14:09:35][INFO][Rank 0] - train Epoch 6/24: 0.0% (0/1935)
[2025-11-18 14:09:42][INFO][Rank 0] - train Epoch 6/24: 0.5% (10/1935)
[2025-11-18 14:09:49][INFO][Rank 0] - train Epoch 6/24: 1.0% (20/1935)
[2025-11-18 14:09:56][INFO][Rank 0] - train Epoch 6/24: 1.6% (30/1935)
[2025-11-18 14:10:04][INFO][Rank 0] - train Epoch 6/24: 2.1% (40/1935)
[2025-11-18 14:10:11][INFO][Rank 0] - train Epoch 6/24: 2.6% (50/1935)
[2025-11-18 14:10:18][INFO][Rank 0] - train Epoch 6/24: 3.1% (60/1935)
[2025-11-18 14:10:25][INFO][Rank 0] - train Epoch 6/24: 3.6% (70/1935)
[2025-11-18 14:10:32][INFO][Rank 0] - train Epoch 6/24: 4.1% (80/1935)
[2025-11-18 14:10:39][INFO][Rank 0] - train Epoch 6/24: 4.7% (90/1935)
[2025-11-18 14:10:40][INFO][Rank 0] - CUDA Memory [train][Step 90]: Device 0: Allocated: 3309.6 MB, Reserved: 117540.0 MB (Δ: +1687.0 MB)
[2025-11-18 14:10:46][INFO][Rank 0] - train Epoch 6/24: 5.2% (100/1935)
[2025-11-18 14:10:53][INFO][Rank 0] - train Epoch 6/24: 5.7% (110/1935)
[2025-11-18 14:11:00][INFO][Rank 0] - train Epoch 6/24: 6.2% (120/1935)
[2025-11-18 14:11:07][INFO][Rank 0] - train Epoch 6/24: 6.7% (130/1935)
[2025-11-18 14:11:14][INFO][Rank 0] - train Epoch 6/24: 7.2% (140/1935)
[2025-11-18 14:11:21][INFO][Rank 0] - train Epoch 6/24: 7.8% (150/1935)
[2025-11-18 14:11:28][INFO][Rank 0] - train Epoch 6/24: 8.3% (160/1935)
[2025-11-18 14:11:35][INFO][Rank 0] - train Epoch 6/24: 8.8% (170/1935)
[2025-11-18 14:11:42][INFO][Rank 0] - train Epoch 6/24: 9.3% (180/1935)
[2025-11-18 14:11:43][INFO][Rank 0] - CUDA Memory [train][Step 180]: Device 0: Allocated: 3309.6 MB, Reserved: 117540.0 MB (Δ: +1687.0 MB)
[2025-11-18 14:11:49][INFO][Rank 0] - train Epoch 6/24: 9.8% (190/1935)
[2025-11-18 14:11:57][INFO][Rank 0] - train Epoch 6/24: 10.3% (200/1935)
[2025-11-18 14:12:04][INFO][Rank 0] - train Epoch 6/24: 10.9% (210/1935)
[2025-11-18 14:12:11][INFO][Rank 0] - train Epoch 6/24: 11.4% (220/1935)
[2025-11-18 14:12:18][INFO][Rank 0] - train Epoch 6/24: 11.9% (230/1935)
[2025-11-18 14:12:25][INFO][Rank 0] - train Epoch 6/24: 12.4% (240/1935)
[2025-11-18 14:12:32][INFO][Rank 0] - train Epoch 6/24: 12.9% (250/1935)
[2025-11-18 14:12:39][INFO][Rank 0] - train Epoch 6/24: 13.4% (260/1935)
[2025-11-18 14:12:46][INFO][Rank 0] - train Epoch 6/24: 14.0% (270/1935)
[2025-11-18 14:12:47][INFO][Rank 0] - CUDA Memory [train][Step 270]: Device 0: Allocated: 3309.6 MB, Reserved: 117540.0 MB (Δ: +1687.0 MB)
[2025-11-18 14:12:53][INFO][Rank 0] - train Epoch 6/24: 14.5% (280/1935)
[2025-11-18 14:13:00][INFO][Rank 0] - train Epoch 6/24: 15.0% (290/1935)
[2025-11-18 14:13:07][INFO][Rank 0] - train Epoch 6/24: 15.5% (300/1935)
[2025-11-18 14:13:14][INFO][Rank 0] - train Epoch 6/24: 16.0% (310/1935)
[2025-11-18 14:13:21][INFO][Rank 0] - train Epoch 6/24: 16.5% (320/1935)
[2025-11-18 14:13:28][INFO][Rank 0] - train Epoch 6/24: 17.1% (330/1935)
[2025-11-18 14:13:35][INFO][Rank 0] - train Epoch 6/24: 17.6% (340/1935)
[2025-11-18 14:13:42][INFO][Rank 0] - train Epoch 6/24: 18.1% (350/1935)
[2025-11-18 14:13:49][INFO][Rank 0] - train Epoch 6/24: 18.6% (360/1935)
[2025-11-18 14:13:50][INFO][Rank 0] - CUDA Memory [train][Step 360]: Device 0: Allocated: 3309.6 MB, Reserved: 117540.0 MB (Δ: +1687.0 MB)
[2025-11-18 14:13:57][INFO][Rank 0] - train Epoch 6/24: 19.1% (370/1935)
[2025-11-18 14:14:04][INFO][Rank 0] - train Epoch 6/24: 19.6% (380/1935)
[2025-11-18 14:14:11][INFO][Rank 0] - train Epoch 6/24: 20.2% (390/1935)
[2025-11-18 14:14:18][INFO][Rank 0] - train Epoch 6/24: 20.7% (400/1935)
[2025-11-18 14:14:25][INFO][Rank 0] - train Epoch 6/24: 21.2% (410/1935)
[2025-11-18 14:14:32][INFO][Rank 0] - train Epoch 6/24: 21.7% (420/1935)
[2025-11-18 14:14:39][INFO][Rank 0] - train Epoch 6/24: 22.2% (430/1935)
[2025-11-18 14:14:46][INFO][Rank 0] - train Epoch 6/24: 22.7% (440/1935)
[2025-11-18 14:14:53][INFO][Rank 0] - train Epoch 6/24: 23.3% (450/1935)
[2025-11-18 14:14:54][INFO][Rank 0] - CUDA Memory [train][Step 450]: Device 0: Allocated: 3309.6 MB, Reserved: 117540.0 MB (Δ: +1687.0 MB)
[2025-11-18 14:15:00][INFO][Rank 0] - train Epoch 6/24: 23.8% (460/1935)
[2025-11-18 14:15:07][INFO][Rank 0] - train Epoch 6/24: 24.3% (470/1935)
[2025-11-18 14:15:14][INFO][Rank 0] - train Epoch 6/24: 24.8% (480/1935)
[2025-11-18 14:15:21][INFO][Rank 0] - train Epoch 6/24: 25.3% (490/1935)
[2025-11-18 14:15:28][INFO][Rank 0] - train Epoch 6/24: 25.8% (500/1935)
[2025-11-18 14:15:35][INFO][Rank 0] - train Epoch 6/24: 26.4% (510/1935)
[2025-11-18 14:15:42][INFO][Rank 0] - train Epoch 6/24: 26.9% (520/1935)
[2025-11-18 14:15:49][INFO][Rank 0] - train Epoch 6/24: 27.4% (530/1935)
[2025-11-18 14:15:56][INFO][Rank 0] - train Epoch 6/24: 27.9% (540/1935)
[2025-11-18 14:15:57][INFO][Rank 0] - CUDA Memory [train][Step 540]: Device 0: Allocated: 3309.6 MB, Reserved: 117540.0 MB (Δ: +1687.0 MB)
[2025-11-18 14:16:04][INFO][Rank 0] - train Epoch 6/24: 28.4% (550/1935)
[2025-11-18 14:16:11][INFO][Rank 0] - train Epoch 6/24: 28.9% (560/1935)
[2025-11-18 14:16:18][INFO][Rank 0] - train Epoch 6/24: 29.5% (570/1935)
[2025-11-18 14:16:25][INFO][Rank 0] - train Epoch 6/24: 30.0% (580/1935)
[2025-11-18 14:16:32][INFO][Rank 0] - train Epoch 6/24: 30.5% (590/1935)
[2025-11-18 14:16:39][INFO][Rank 0] - train Epoch 6/24: 31.0% (600/1935)
[2025-11-18 14:16:46][INFO][Rank 0] - train Epoch 6/24: 31.5% (610/1935)
[2025-11-18 14:16:53][INFO][Rank 0] - train Epoch 6/24: 32.0% (620/1935)
[2025-11-18 14:17:00][INFO][Rank 0] - train Epoch 6/24: 32.6% (630/1935)
[2025-11-18 14:17:01][INFO][Rank 0] - CUDA Memory [train][Step 630]: Device 0: Allocated: 3309.6 MB, Reserved: 117540.0 MB (Δ: +1687.0 MB)
[2025-11-18 14:17:07][INFO][Rank 0] - train Epoch 6/24: 33.1% (640/1935)
[2025-11-18 14:17:14][INFO][Rank 0] - train Epoch 6/24: 33.6% (650/1935)
[2025-11-18 14:17:21][INFO][Rank 0] - train Epoch 6/24: 34.1% (660/1935)
[2025-11-18 14:17:28][INFO][Rank 0] - train Epoch 6/24: 34.6% (670/1935)
[2025-11-18 14:17:35][INFO][Rank 0] - train Epoch 6/24: 35.1% (680/1935)
[2025-11-18 14:17:42][INFO][Rank 0] - train Epoch 6/24: 35.7% (690/1935)
[2025-11-18 14:17:49][INFO][Rank 0] - train Epoch 6/24: 36.2% (700/1935)
[2025-11-18 14:17:56][INFO][Rank 0] - train Epoch 6/24: 36.7% (710/1935)
[2025-11-18 14:18:04][INFO][Rank 0] - train Epoch 6/24: 37.2% (720/1935)
[2025-11-18 14:18:04][INFO][Rank 0] - CUDA Memory [train][Step 720]: Device 0: Allocated: 3309.6 MB, Reserved: 117540.0 MB (Δ: +1687.0 MB)
[2025-11-18 14:18:11][INFO][Rank 0] - train Epoch 6/24: 37.7% (730/1935)
[2025-11-18 14:18:18][INFO][Rank 0] - train Epoch 6/24: 38.2% (740/1935)
[2025-11-18 14:18:25][INFO][Rank 0] - train Epoch 6/24: 38.8% (750/1935)
[2025-11-18 14:18:32][INFO][Rank 0] - train Epoch 6/24: 39.3% (760/1935)
[2025-11-18 14:18:39][INFO][Rank 0] - train Epoch 6/24: 39.8% (770/1935)
[2025-11-18 14:18:46][INFO][Rank 0] - train Epoch 6/24: 40.3% (780/1935)
[2025-11-18 14:18:53][INFO][Rank 0] - train Epoch 6/24: 40.8% (790/1935)
[2025-11-18 14:19:00][INFO][Rank 0] - train Epoch 6/24: 41.3% (800/1935)
[2025-11-18 14:19:07][INFO][Rank 0] - train Epoch 6/24: 41.9% (810/1935)
[2025-11-18 14:19:08][INFO][Rank 0] - CUDA Memory [train][Step 810]: Device 0: Allocated: 3309.6 MB, Reserved: 117540.0 MB (Δ: +1687.0 MB)
[2025-11-18 14:19:14][INFO][Rank 0] - train Epoch 6/24: 42.4% (820/1935)
[2025-11-18 14:19:21][INFO][Rank 0] - train Epoch 6/24: 42.9% (830/1935)
[2025-11-18 14:19:28][INFO][Rank 0] - train Epoch 6/24: 43.4% (840/1935)
[2025-11-18 14:19:35][INFO][Rank 0] - train Epoch 6/24: 43.9% (850/1935)
[2025-11-18 14:19:42][INFO][Rank 0] - train Epoch 6/24: 44.4% (860/1935)
[2025-11-18 14:19:49][INFO][Rank 0] - train Epoch 6/24: 45.0% (870/1935)
[2025-11-18 14:19:57][INFO][Rank 0] - train Epoch 6/24: 45.5% (880/1935)
[2025-11-18 14:20:04][INFO][Rank 0] - train Epoch 6/24: 46.0% (890/1935)
[2025-11-18 14:20:11][INFO][Rank 0] - train Epoch 6/24: 46.5% (900/1935)
[2025-11-18 14:20:11][INFO][Rank 0] - CUDA Memory [train][Step 900]: Device 0: Allocated: 3309.6 MB, Reserved: 117540.0 MB (Δ: +1687.0 MB)
[2025-11-18 14:20:18][INFO][Rank 0] - train Epoch 6/24: 47.0% (910/1935)
[2025-11-18 14:20:25][INFO][Rank 0] - train Epoch 6/24: 47.5% (920/1935)
[2025-11-18 14:20:32][INFO][Rank 0] - train Epoch 6/24: 48.1% (930/1935)
[2025-11-18 14:20:39][INFO][Rank 0] - train Epoch 6/24: 48.6% (940/1935)
[2025-11-18 14:20:46][INFO][Rank 0] - train Epoch 6/24: 49.1% (950/1935)
[2025-11-18 14:20:53][INFO][Rank 0] - train Epoch 6/24: 49.6% (960/1935)
[2025-11-18 14:21:00][INFO][Rank 0] - train Epoch 6/24: 50.1% (970/1935)
[2025-11-18 14:21:07][INFO][Rank 0] - train Epoch 6/24: 50.6% (980/1935)
[2025-11-18 14:21:14][INFO][Rank 0] - train Epoch 6/24: 51.2% (990/1935)
[2025-11-18 14:21:15][INFO][Rank 0] - CUDA Memory [train][Step 990]: Device 0: Allocated: 3309.6 MB, Reserved: 117540.0 MB (Δ: +1687.0 MB)
[2025-11-18 14:21:21][INFO][Rank 0] - train Epoch 6/24: 51.7% (1000/1935)
[2025-11-18 14:21:28][INFO][Rank 0] - train Epoch 6/24: 52.2% (1010/1935)
[2025-11-18 14:21:35][INFO][Rank 0] - train Epoch 6/24: 52.7% (1020/1935)
[2025-11-18 14:21:42][INFO][Rank 0] - train Epoch 6/24: 53.2% (1030/1935)
[2025-11-18 14:21:49][INFO][Rank 0] - train Epoch 6/24: 53.7% (1040/1935)
[2025-11-18 14:21:56][INFO][Rank 0] - train Epoch 6/24: 54.3% (1050/1935)
[2025-11-18 14:22:04][INFO][Rank 0] - train Epoch 6/24: 54.8% (1060/1935)
[2025-11-18 14:22:11][INFO][Rank 0] - train Epoch 6/24: 55.3% (1070/1935)
[2025-11-18 14:22:18][INFO][Rank 0] - train Epoch 6/24: 55.8% (1080/1935)
[2025-11-18 14:22:18][INFO][Rank 0] - CUDA Memory [train][Step 1080]: Device 0: Allocated: 3309.6 MB, Reserved: 117540.0 MB (Δ: +1687.0 MB)
[2025-11-18 14:22:25][INFO][Rank 0] - train Epoch 6/24: 56.3% (1090/1935)
[2025-11-18 14:22:32][INFO][Rank 0] - train Epoch 6/24: 56.8% (1100/1935)
[2025-11-18 14:22:39][INFO][Rank 0] - train Epoch 6/24: 57.4% (1110/1935)
[2025-11-18 14:22:46][INFO][Rank 0] - train Epoch 6/24: 57.9% (1120/1935)
[2025-11-18 14:22:53][INFO][Rank 0] - train Epoch 6/24: 58.4% (1130/1935)
[2025-11-18 14:23:00][INFO][Rank 0] - train Epoch 6/24: 58.9% (1140/1935)
[2025-11-18 14:23:07][INFO][Rank 0] - train Epoch 6/24: 59.4% (1150/1935)
[2025-11-18 14:23:14][INFO][Rank 0] - train Epoch 6/24: 59.9% (1160/1935)
[2025-11-18 14:23:21][INFO][Rank 0] - train Epoch 6/24: 60.5% (1170/1935)
[2025-11-18 14:23:22][INFO][Rank 0] - CUDA Memory [train][Step 1170]: Device 0: Allocated: 3309.6 MB, Reserved: 117540.0 MB (Δ: +1687.0 MB)
[2025-11-18 14:23:28][INFO][Rank 0] - train Epoch 6/24: 61.0% (1180/1935)
[2025-11-18 14:23:35][INFO][Rank 0] - train Epoch 6/24: 61.5% (1190/1935)
[2025-11-18 14:23:42][INFO][Rank 0] - train Epoch 6/24: 62.0% (1200/1935)
[2025-11-18 14:23:49][INFO][Rank 0] - train Epoch 6/24: 62.5% (1210/1935)
[2025-11-18 14:23:56][INFO][Rank 0] - train Epoch 6/24: 63.0% (1220/1935)
[2025-11-18 14:24:04][INFO][Rank 0] - train Epoch 6/24: 63.6% (1230/1935)
[2025-11-18 14:24:11][INFO][Rank 0] - train Epoch 6/24: 64.1% (1240/1935)
[2025-11-18 14:24:18][INFO][Rank 0] - train Epoch 6/24: 64.6% (1250/1935)
[2025-11-18 14:24:25][INFO][Rank 0] - train Epoch 6/24: 65.1% (1260/1935)
[2025-11-18 14:24:25][INFO][Rank 0] - CUDA Memory [train][Step 1260]: Device 0: Allocated: 3309.6 MB, Reserved: 117540.0 MB (Δ: +1687.0 MB)
[2025-11-18 14:24:32][INFO][Rank 0] - train Epoch 6/24: 65.6% (1270/1935)
[2025-11-18 14:24:39][INFO][Rank 0] - train Epoch 6/24: 66.1% (1280/1935)
[2025-11-18 14:24:46][INFO][Rank 0] - train Epoch 6/24: 66.7% (1290/1935)
[2025-11-18 14:24:53][INFO][Rank 0] - train Epoch 6/24: 67.2% (1300/1935)
[2025-11-18 14:25:00][INFO][Rank 0] - train Epoch 6/24: 67.7% (1310/1935)
[2025-11-18 14:25:07][INFO][Rank 0] - train Epoch 6/24: 68.2% (1320/1935)
[2025-11-18 14:25:14][INFO][Rank 0] - train Epoch 6/24: 68.7% (1330/1935)
[2025-11-18 14:25:21][INFO][Rank 0] - train Epoch 6/24: 69.3% (1340/1935)
[2025-11-18 14:25:28][INFO][Rank 0] - train Epoch 6/24: 69.8% (1350/1935)
[2025-11-18 14:25:29][INFO][Rank 0] - CUDA Memory [train][Step 1350]: Device 0: Allocated: 3309.6 MB, Reserved: 117540.0 MB (Δ: +1687.0 MB)
[2025-11-18 14:25:35][INFO][Rank 0] - train Epoch 6/24: 70.3% (1360/1935)
[2025-11-18 14:25:42][INFO][Rank 0] - train Epoch 6/24: 70.8% (1370/1935)
[2025-11-18 14:25:49][INFO][Rank 0] - train Epoch 6/24: 71.3% (1380/1935)
[2025-11-18 14:25:56][INFO][Rank 0] - train Epoch 6/24: 71.8% (1390/1935)
[2025-11-18 14:26:04][INFO][Rank 0] - train Epoch 6/24: 72.4% (1400/1935)
[2025-11-18 14:26:11][INFO][Rank 0] - train Epoch 6/24: 72.9% (1410/1935)
[2025-11-18 14:26:18][INFO][Rank 0] - train Epoch 6/24: 73.4% (1420/1935)
[2025-11-18 14:26:25][INFO][Rank 0] - train Epoch 6/24: 73.9% (1430/1935)
[2025-11-18 14:26:32][INFO][Rank 0] - train Epoch 6/24: 74.4% (1440/1935)
[2025-11-18 14:26:32][INFO][Rank 0] - CUDA Memory [train][Step 1440]: Device 0: Allocated: 3309.6 MB, Reserved: 117540.0 MB (Δ: +1687.0 MB)
[2025-11-18 14:26:39][INFO][Rank 0] - train Epoch 6/24: 74.9% (1450/1935)
[2025-11-18 14:26:46][INFO][Rank 0] - train Epoch 6/24: 75.5% (1460/1935)
[2025-11-18 14:26:53][INFO][Rank 0] - train Epoch 6/24: 76.0% (1470/1935)
[2025-11-18 14:27:00][INFO][Rank 0] - train Epoch 6/24: 76.5% (1480/1935)
[2025-11-18 14:27:07][INFO][Rank 0] - train Epoch 6/24: 77.0% (1490/1935)
[2025-11-18 14:27:14][INFO][Rank 0] - train Epoch 6/24: 77.5% (1500/1935)
[2025-11-18 14:27:21][INFO][Rank 0] - train Epoch 6/24: 78.0% (1510/1935)
[2025-11-18 14:27:28][INFO][Rank 0] - train Epoch 6/24: 78.6% (1520/1935)
[2025-11-18 14:27:35][INFO][Rank 0] - train Epoch 6/24: 79.1% (1530/1935)
[2025-11-18 14:27:36][INFO][Rank 0] - CUDA Memory [train][Step 1530]: Device 0: Allocated: 3309.6 MB, Reserved: 117540.0 MB (Δ: +1687.0 MB)
[2025-11-18 14:27:42][INFO][Rank 0] - train Epoch 6/24: 79.6% (1540/1935)
[2025-11-18 14:27:49][INFO][Rank 0] - train Epoch 6/24: 80.1% (1550/1935)
[2025-11-18 14:27:56][INFO][Rank 0] - train Epoch 6/24: 80.6% (1560/1935)
[2025-11-18 14:28:04][INFO][Rank 0] - train Epoch 6/24: 81.1% (1570/1935)
[2025-11-18 14:28:11][INFO][Rank 0] - train Epoch 6/24: 81.7% (1580/1935)
[2025-11-18 14:28:18][INFO][Rank 0] - train Epoch 6/24: 82.2% (1590/1935)
[2025-11-18 14:28:25][INFO][Rank 0] - train Epoch 6/24: 82.7% (1600/1935)
[2025-11-18 14:28:32][INFO][Rank 0] - train Epoch 6/24: 83.2% (1610/1935)
[2025-11-18 14:28:39][INFO][Rank 0] - train Epoch 6/24: 83.7% (1620/1935)
[2025-11-18 14:28:40][INFO][Rank 0] - CUDA Memory [train][Step 1620]: Device 0: Allocated: 3309.6 MB, Reserved: 117540.0 MB (Δ: +1687.0 MB)
[2025-11-18 14:28:46][INFO][Rank 0] - train Epoch 6/24: 84.2% (1630/1935)
[2025-11-18 14:28:53][INFO][Rank 0] - train Epoch 6/24: 84.8% (1640/1935)
[2025-11-18 14:29:00][INFO][Rank 0] - train Epoch 6/24: 85.3% (1650/1935)
[2025-11-18 14:29:07][INFO][Rank 0] - train Epoch 6/24: 85.8% (1660/1935)
[2025-11-18 14:29:14][INFO][Rank 0] - train Epoch 6/24: 86.3% (1670/1935)
[2025-11-18 14:29:21][INFO][Rank 0] - train Epoch 6/24: 86.8% (1680/1935)
[2025-11-18 14:29:28][INFO][Rank 0] - train Epoch 6/24: 87.3% (1690/1935)
[2025-11-18 14:29:35][INFO][Rank 0] - train Epoch 6/24: 87.9% (1700/1935)
[2025-11-18 14:29:42][INFO][Rank 0] - train Epoch 6/24: 88.4% (1710/1935)
[2025-11-18 14:29:43][INFO][Rank 0] - CUDA Memory [train][Step 1710]: Device 0: Allocated: 3309.6 MB, Reserved: 117540.0 MB (Δ: +1687.0 MB)
[2025-11-18 14:29:49][INFO][Rank 0] - train Epoch 6/24: 88.9% (1720/1935)
[2025-11-18 14:29:56][INFO][Rank 0] - train Epoch 6/24: 89.4% (1730/1935)
[2025-11-18 14:30:04][INFO][Rank 0] - train Epoch 6/24: 89.9% (1740/1935)
[2025-11-18 14:30:11][INFO][Rank 0] - train Epoch 6/24: 90.4% (1750/1935)
[2025-11-18 14:30:18][INFO][Rank 0] - train Epoch 6/24: 91.0% (1760/1935)
[2025-11-18 14:30:25][INFO][Rank 0] - train Epoch 6/24: 91.5% (1770/1935)
[2025-11-18 14:30:32][INFO][Rank 0] - train Epoch 6/24: 92.0% (1780/1935)
[2025-11-18 14:30:39][INFO][Rank 0] - train Epoch 6/24: 92.5% (1790/1935)
[2025-11-18 14:30:46][INFO][Rank 0] - train Epoch 6/24: 93.0% (1800/1935)
[2025-11-18 14:30:47][INFO][Rank 0] - CUDA Memory [train][Step 1800]: Device 0: Allocated: 3309.6 MB, Reserved: 117540.0 MB (Δ: +1687.0 MB)
[2025-11-18 14:30:53][INFO][Rank 0] - train Epoch 6/24: 93.5% (1810/1935)
[2025-11-18 14:31:00][INFO][Rank 0] - train Epoch 6/24: 94.1% (1820/1935)
[2025-11-18 14:31:07][INFO][Rank 0] - train Epoch 6/24: 94.6% (1830/1935)
[2025-11-18 14:31:14][INFO][Rank 0] - train Epoch 6/24: 95.1% (1840/1935)
[2025-11-18 14:31:21][INFO][Rank 0] - train Epoch 6/24: 95.6% (1850/1935)
[2025-11-18 14:31:28][INFO][Rank 0] - train Epoch 6/24: 96.1% (1860/1935)
[2025-11-18 14:31:35][INFO][Rank 0] - train Epoch 6/24: 96.6% (1870/1935)
[2025-11-18 14:31:42][INFO][Rank 0] - train Epoch 6/24: 97.2% (1880/1935)
[2025-11-18 14:31:49][INFO][Rank 0] - train Epoch 6/24: 97.7% (1890/1935)
[2025-11-18 14:31:50][INFO][Rank 0] - CUDA Memory [train][Step 1890]: Device 0: Allocated: 3309.6 MB, Reserved: 117540.0 MB (Δ: +1687.0 MB)
[2025-11-18 14:31:56][INFO][Rank 0] - train Epoch 6/24: 98.2% (1900/1935)
[2025-11-18 14:32:04][INFO][Rank 0] - train Epoch 6/24: 98.7% (1910/1935)
[2025-11-18 14:32:11][INFO][Rank 0] - train Epoch 6/24: 99.2% (1920/1935)
[2025-11-18 14:32:18][INFO][Rank 0] - train Epoch 6/24: 99.7% (1930/1935)
[2025-11-18 14:32:20][INFO][Rank 0] - train Epoch 6/24: 99.9% (1934/1935)
[2025-11-18 14:32:21][INFO][Rank 0] - train Loss: 0.1779 Acc: 0.9767 F1: 0.9880
[2025-11-18 14:32:21][INFO][Rank 0] - train Balanced Acc: 0.8577 AUC-ROC: 0.9644
[2025-11-18 14:32:21][INFO][Rank 0] - train Sensitivity: 0.9828 Specificity: 0.7326
[2025-11-18 14:32:21][INFO][Rank 0] - train Confusion Matrix: TP=18551, FP=127, FN=324, TN=348
[2025-11-18 14:32:21][INFO][Rank 0] - train completed in 1366.36s
[2025-11-18 14:32:21][INFO][Rank 0] - Data loading time: 1.02s, Forward time: 277.85s, Backward time: 740.48s
[2025-11-18 14:32:21][INFO][Rank 0] - train cache: 0/1 items, hit rate: 0.00%
[2025-11-18 14:32:21][INFO][Rank 0] - CUDA Memory [val][Step 0]: Device 0: Allocated: 3309.6 MB, Reserved: 117540.0 MB (Δ: +1687.0 MB)
[2025-11-18 14:32:21][INFO][Rank 0] - val phase: total 412 batches
[2025-11-18 14:32:21][INFO][Rank 0] - val Epoch 6/24: 0.0% (0/412)
[2025-11-18 14:32:27][INFO][Rank 0] - val Epoch 6/24: 2.4% (10/412)
[2025-11-18 14:32:32][INFO][Rank 0] - val Epoch 6/24: 4.9% (20/412)
[2025-11-18 14:32:37][INFO][Rank 0] - val Epoch 6/24: 7.3% (30/412)
[2025-11-18 14:32:42][INFO][Rank 0] - val Epoch 6/24: 9.7% (40/412)
[2025-11-18 14:32:47][INFO][Rank 0] - val Epoch 6/24: 12.1% (50/412)
[2025-11-18 14:32:52][INFO][Rank 0] - val Epoch 6/24: 14.6% (60/412)
[2025-11-18 14:32:57][INFO][Rank 0] - val Epoch 6/24: 17.0% (70/412)
[2025-11-18 14:33:02][INFO][Rank 0] - val Epoch 6/24: 19.4% (80/412)
[2025-11-18 14:33:07][INFO][Rank 0] - val Epoch 6/24: 21.8% (90/412)
[2025-11-18 14:33:12][INFO][Rank 0] - val Epoch 6/24: 24.3% (100/412)
[2025-11-18 14:33:17][INFO][Rank 0] - val Epoch 6/24: 26.7% (110/412)
[2025-11-18 14:33:22][INFO][Rank 0] - val Epoch 6/24: 29.1% (120/412)
[2025-11-18 14:33:22][INFO][Rank 0] - CUDA Memory [val][Step 120]: Device 0: Allocated: 3309.6 MB, Reserved: 117540.0 MB (Δ: +1687.0 MB)
[2025-11-18 14:33:27][INFO][Rank 0] - val Epoch 6/24: 31.6% (130/412)
[2025-11-18 14:33:32][INFO][Rank 0] - val Epoch 6/24: 34.0% (140/412)
[2025-11-18 14:33:37][INFO][Rank 0] - val Epoch 6/24: 36.4% (150/412)
[2025-11-18 14:33:42][INFO][Rank 0] - val Epoch 6/24: 38.8% (160/412)
[2025-11-18 14:33:47][INFO][Rank 0] - val Epoch 6/24: 41.3% (170/412)
[2025-11-18 14:33:52][INFO][Rank 0] - val Epoch 6/24: 43.7% (180/412)
[2025-11-18 14:33:57][INFO][Rank 0] - val Epoch 6/24: 46.1% (190/412)
[2025-11-18 14:34:02][INFO][Rank 0] - val Epoch 6/24: 48.5% (200/412)
[2025-11-18 14:34:07][INFO][Rank 0] - val Epoch 6/24: 51.0% (210/412)
[2025-11-18 14:34:12][INFO][Rank 0] - val Epoch 6/24: 53.4% (220/412)
[2025-11-18 14:34:17][INFO][Rank 0] - val Epoch 6/24: 55.8% (230/412)
[2025-11-18 14:34:22][INFO][Rank 0] - val Epoch 6/24: 58.3% (240/412)
[2025-11-18 14:34:23][INFO][Rank 0] - CUDA Memory [val][Step 240]: Device 0: Allocated: 3309.6 MB, Reserved: 117540.0 MB (Δ: +1687.0 MB)
[2025-11-18 14:34:27][INFO][Rank 0] - val Epoch 6/24: 60.7% (250/412)
[2025-11-18 14:34:32][INFO][Rank 0] - val Epoch 6/24: 63.1% (260/412)
[2025-11-18 14:34:37][INFO][Rank 0] - val Epoch 6/24: 65.5% (270/412)
[2025-11-18 14:34:42][INFO][Rank 0] - val Epoch 6/24: 68.0% (280/412)
[2025-11-18 14:34:47][INFO][Rank 0] - val Epoch 6/24: 70.4% (290/412)
[2025-11-18 14:34:52][INFO][Rank 0] - val Epoch 6/24: 72.8% (300/412)
[2025-11-18 14:34:57][INFO][Rank 0] - val Epoch 6/24: 75.2% (310/412)
[2025-11-18 14:35:02][INFO][Rank 0] - val Epoch 6/24: 77.7% (320/412)
[2025-11-18 14:35:07][INFO][Rank 0] - val Epoch 6/24: 80.1% (330/412)
[2025-11-18 14:35:12][INFO][Rank 0] - val Epoch 6/24: 82.5% (340/412)
[2025-11-18 14:35:17][INFO][Rank 0] - val Epoch 6/24: 85.0% (350/412)
[2025-11-18 14:35:22][INFO][Rank 0] - val Epoch 6/24: 87.4% (360/412)
[2025-11-18 14:35:23][INFO][Rank 0] - CUDA Memory [val][Step 360]: Device 0: Allocated: 3309.6 MB, Reserved: 117540.0 MB (Δ: +1687.0 MB)
[2025-11-18 14:35:27][INFO][Rank 0] - val Epoch 6/24: 89.8% (370/412)
[2025-11-18 14:35:32][INFO][Rank 0] - val Epoch 6/24: 92.2% (380/412)
[2025-11-18 14:35:37][INFO][Rank 0] - val Epoch 6/24: 94.7% (390/412)
[2025-11-18 14:35:42][INFO][Rank 0] - val Epoch 6/24: 97.1% (400/412)
[2025-11-18 14:35:47][INFO][Rank 0] - val Epoch 6/24: 99.5% (410/412)
[2025-11-18 14:35:48][INFO][Rank 0] - val Epoch 6/24: 99.8% (411/412)
[2025-11-18 14:35:49][INFO][Rank 0] - val Loss: 0.1155 Acc: 0.9816 F1: 0.9905
[2025-11-18 14:35:49][INFO][Rank 0] - val Balanced Acc: 0.8404 AUC-ROC: 0.9775
[2025-11-18 14:35:49][INFO][Rank 0] - val Sensitivity: 0.9893 Specificity: 0.6916
[2025-11-18 14:35:49][INFO][Rank 0] - val Confusion Matrix: TP=3970, FP=33, FN=43, TN=74
[2025-11-18 14:35:49][INFO][Rank 0] - val completed in 207.34s
[2025-11-18 14:35:49][INFO][Rank 0] - val cache: 0/1 items, hit rate: 0.00%
[2025-11-18 14:35:52][INFO][Rank 0] - Saved new best accuracy model with accuracy: 0.9816 at /projects/retprogression/rgarridogarcia/checkpoints/cropped1024_cropped_centered_allR_2/best_acc_model.pth
[2025-11-18 14:35:56][INFO][Rank 0] - Saved new best f1 model with f1: 0.9905 at /projects/retprogression/rgarridogarcia/checkpoints/cropped1024_cropped_centered_allR_2/best_f1_model.pth
[2025-11-18 14:36:00][INFO][Rank 0] - Saved new best balanced_acc model with balanced_acc: 0.8404 at /projects/retprogression/rgarridogarcia/checkpoints/cropped1024_cropped_centered_allR_2/best_balanced_acc_model.pth
[2025-11-18 14:36:04][INFO][Rank 0] - Also saved as general best model at /projects/retprogression/rgarridogarcia/checkpoints/cropped1024_cropped_centered_allR_2/best_model.pth
[2025-11-18 14:36:08][INFO][Rank 0] - Saved new best auc model with auc: 0.9775 at /projects/retprogression/rgarridogarcia/checkpoints/cropped1024_cropped_centered_allR_2/best_auc_model.pth
[2025-11-18 14:36:12][INFO][Rank 0] - Saved epoch checkpoint at /projects/retprogression/rgarridogarcia/checkpoints/cropped1024_cropped_centered_allR_2/epoch_6.pth
[2025-11-18 14:36:12][INFO][Rank 0] - Epoch 6 summary:
[2025-11-18 14:36:12][INFO][Rank 0] -  Train Loss: 0.1779, Train Acc: 0.9767, Train F1: 0.9880
[2025-11-18 14:36:12][INFO][Rank 0] -  Train Balanced Acc: 0.8577, Train AUC: 0.9644
[2025-11-18 14:36:12][INFO][Rank 0] -  Train Sensitivity: 0.9828, Train Specificity: 0.7326
[2025-11-18 14:36:12][INFO][Rank 0] -  Val Loss: 0.1155, Val Acc: 0.9816, Val F1: 0.9905
[2025-11-18 14:36:12][INFO][Rank 0] -  Val Balanced Acc: 0.8404, Val AUC: 0.9775
[2025-11-18 14:36:12][INFO][Rank 0] -  Val Sensitivity: 0.9893, Val Specificity: 0.6916
[2025-11-18 14:36:12][INFO][Rank 0] -  Total Epoch Time: 1596.89s
[2025-11-18 14:36:12][INFO][Rank 0] - Epoch 7/24
[2025-11-18 14:36:12][INFO][Rank 0] - ----------
[2025-11-18 14:36:12][INFO][Rank 0] - CUDA Memory [train][Step 0]: Device 0: Allocated: 3309.6 MB, Reserved: 117540.0 MB (Δ: +1687.0 MB)
[2025-11-18 14:36:12][INFO][Rank 0] - train phase: total 1935 batches
[2025-11-18 14:36:12][INFO][Rank 0] - train Epoch 7/24: 0.0% (0/1935)
[2025-11-18 14:36:19][INFO][Rank 0] - train Epoch 7/24: 0.5% (10/1935)
[2025-11-18 14:36:26][INFO][Rank 0] - train Epoch 7/24: 1.0% (20/1935)
[2025-11-18 14:36:33][INFO][Rank 0] - train Epoch 7/24: 1.6% (30/1935)
[2025-11-18 14:36:40][INFO][Rank 0] - train Epoch 7/24: 2.1% (40/1935)
[2025-11-18 14:36:48][INFO][Rank 0] - train Epoch 7/24: 2.6% (50/1935)
[2025-11-18 14:36:55][INFO][Rank 0] - train Epoch 7/24: 3.1% (60/1935)
[2025-11-18 14:37:02][INFO][Rank 0] - train Epoch 7/24: 3.6% (70/1935)
[2025-11-18 14:37:09][INFO][Rank 0] - train Epoch 7/24: 4.1% (80/1935)
[2025-11-18 14:37:16][INFO][Rank 0] - train Epoch 7/24: 4.7% (90/1935)
[2025-11-18 14:37:17][INFO][Rank 0] - CUDA Memory [train][Step 90]: Device 0: Allocated: 3309.6 MB, Reserved: 117540.0 MB (Δ: +1687.0 MB)
[2025-11-18 14:37:23][INFO][Rank 0] - train Epoch 7/24: 5.2% (100/1935)
[2025-11-18 14:37:30][INFO][Rank 0] - train Epoch 7/24: 5.7% (110/1935)
[2025-11-18 14:37:37][INFO][Rank 0] - train Epoch 7/24: 6.2% (120/1935)
[2025-11-18 14:37:44][INFO][Rank 0] - train Epoch 7/24: 6.7% (130/1935)
[2025-11-18 14:37:51][INFO][Rank 0] - train Epoch 7/24: 7.2% (140/1935)
[2025-11-18 14:37:58][INFO][Rank 0] - train Epoch 7/24: 7.8% (150/1935)
[2025-11-18 14:38:05][INFO][Rank 0] - train Epoch 7/24: 8.3% (160/1935)
[2025-11-18 14:38:12][INFO][Rank 0] - train Epoch 7/24: 8.8% (170/1935)
[2025-11-18 14:38:19][INFO][Rank 0] - train Epoch 7/24: 9.3% (180/1935)
[2025-11-18 14:38:20][INFO][Rank 0] - CUDA Memory [train][Step 180]: Device 0: Allocated: 3309.6 MB, Reserved: 117540.0 MB (Δ: +1687.0 MB)
[2025-11-18 14:38:26][INFO][Rank 0] - train Epoch 7/24: 9.8% (190/1935)
[2025-11-18 14:38:34][INFO][Rank 0] - train Epoch 7/24: 10.3% (200/1935)
[2025-11-18 14:38:41][INFO][Rank 0] - train Epoch 7/24: 10.9% (210/1935)
[2025-11-18 14:38:48][INFO][Rank 0] - train Epoch 7/24: 11.4% (220/1935)
[2025-11-18 14:38:55][INFO][Rank 0] - train Epoch 7/24: 11.9% (230/1935)
[2025-11-18 14:39:02][INFO][Rank 0] - train Epoch 7/24: 12.4% (240/1935)
[2025-11-18 14:39:09][INFO][Rank 0] - train Epoch 7/24: 12.9% (250/1935)
[2025-11-18 14:39:16][INFO][Rank 0] - train Epoch 7/24: 13.4% (260/1935)
[2025-11-18 14:39:23][INFO][Rank 0] - train Epoch 7/24: 14.0% (270/1935)
[2025-11-18 14:39:24][INFO][Rank 0] - CUDA Memory [train][Step 270]: Device 0: Allocated: 3309.6 MB, Reserved: 117540.0 MB (Δ: +1687.0 MB)
[2025-11-18 14:39:30][INFO][Rank 0] - train Epoch 7/24: 14.5% (280/1935)
[2025-11-18 14:39:37][INFO][Rank 0] - train Epoch 7/24: 15.0% (290/1935)
[2025-11-18 14:39:44][INFO][Rank 0] - train Epoch 7/24: 15.5% (300/1935)
[2025-11-18 14:39:51][INFO][Rank 0] - train Epoch 7/24: 16.0% (310/1935)
[2025-11-18 14:39:58][INFO][Rank 0] - train Epoch 7/24: 16.5% (320/1935)
[2025-11-18 14:40:05][INFO][Rank 0] - train Epoch 7/24: 17.1% (330/1935)
[2025-11-18 14:40:12][INFO][Rank 0] - train Epoch 7/24: 17.6% (340/1935)
[2025-11-18 14:40:19][INFO][Rank 0] - train Epoch 7/24: 18.1% (350/1935)
[2025-11-18 14:40:27][INFO][Rank 0] - train Epoch 7/24: 18.6% (360/1935)
[2025-11-18 14:40:27][INFO][Rank 0] - CUDA Memory [train][Step 360]: Device 0: Allocated: 3309.6 MB, Reserved: 117540.0 MB (Δ: +1687.0 MB)
[2025-11-18 14:40:34][INFO][Rank 0] - train Epoch 7/24: 19.1% (370/1935)
[2025-11-18 14:40:41][INFO][Rank 0] - train Epoch 7/24: 19.6% (380/1935)
[2025-11-18 14:40:48][INFO][Rank 0] - train Epoch 7/24: 20.2% (390/1935)
[2025-11-18 14:40:55][INFO][Rank 0] - train Epoch 7/24: 20.7% (400/1935)
[2025-11-18 14:41:02][INFO][Rank 0] - train Epoch 7/24: 21.2% (410/1935)
[2025-11-18 14:41:09][INFO][Rank 0] - train Epoch 7/24: 21.7% (420/1935)
[2025-11-18 14:41:16][INFO][Rank 0] - train Epoch 7/24: 22.2% (430/1935)
[2025-11-18 14:41:23][INFO][Rank 0] - train Epoch 7/24: 22.7% (440/1935)
[2025-11-18 14:41:30][INFO][Rank 0] - train Epoch 7/24: 23.3% (450/1935)
[2025-11-18 14:41:31][INFO][Rank 0] - CUDA Memory [train][Step 450]: Device 0: Allocated: 3309.6 MB, Reserved: 117540.0 MB (Δ: +1687.0 MB)
[2025-11-18 14:41:37][INFO][Rank 0] - train Epoch 7/24: 23.8% (460/1935)
[2025-11-18 14:41:44][INFO][Rank 0] - train Epoch 7/24: 24.3% (470/1935)
[2025-11-18 14:41:51][INFO][Rank 0] - train Epoch 7/24: 24.8% (480/1935)
[2025-11-18 14:41:58][INFO][Rank 0] - train Epoch 7/24: 25.3% (490/1935)
[2025-11-18 14:42:05][INFO][Rank 0] - train Epoch 7/24: 25.8% (500/1935)
[2025-11-18 14:42:12][INFO][Rank 0] - train Epoch 7/24: 26.4% (510/1935)
[2025-11-18 14:42:19][INFO][Rank 0] - train Epoch 7/24: 26.9% (520/1935)
[2025-11-18 14:42:27][INFO][Rank 0] - train Epoch 7/24: 27.4% (530/1935)
[2025-11-18 14:42:34][INFO][Rank 0] - train Epoch 7/24: 27.9% (540/1935)
[2025-11-18 14:42:34][INFO][Rank 0] - CUDA Memory [train][Step 540]: Device 0: Allocated: 3309.6 MB, Reserved: 117540.0 MB (Δ: +1687.0 MB)
[2025-11-18 14:42:41][INFO][Rank 0] - train Epoch 7/24: 28.4% (550/1935)
[2025-11-18 14:42:48][INFO][Rank 0] - train Epoch 7/24: 28.9% (560/1935)
[2025-11-18 14:42:55][INFO][Rank 0] - train Epoch 7/24: 29.5% (570/1935)
[2025-11-18 14:43:02][INFO][Rank 0] - train Epoch 7/24: 30.0% (580/1935)
[2025-11-18 14:43:09][INFO][Rank 0] - train Epoch 7/24: 30.5% (590/1935)
[2025-11-18 14:43:16][INFO][Rank 0] - train Epoch 7/24: 31.0% (600/1935)
[2025-11-18 14:43:23][INFO][Rank 0] - train Epoch 7/24: 31.5% (610/1935)
[2025-11-18 14:43:30][INFO][Rank 0] - train Epoch 7/24: 32.0% (620/1935)
[2025-11-18 14:43:37][INFO][Rank 0] - train Epoch 7/24: 32.6% (630/1935)
[2025-11-18 14:43:38][INFO][Rank 0] - CUDA Memory [train][Step 630]: Device 0: Allocated: 3309.6 MB, Reserved: 117540.0 MB (Δ: +1687.0 MB)
[2025-11-18 14:43:44][INFO][Rank 0] - train Epoch 7/24: 33.1% (640/1935)
[2025-11-18 14:43:51][INFO][Rank 0] - train Epoch 7/24: 33.6% (650/1935)
[2025-11-18 14:43:58][INFO][Rank 0] - train Epoch 7/24: 34.1% (660/1935)
[2025-11-18 14:44:05][INFO][Rank 0] - train Epoch 7/24: 34.6% (670/1935)
[2025-11-18 14:44:12][INFO][Rank 0] - train Epoch 7/24: 35.1% (680/1935)
[2025-11-18 14:44:19][INFO][Rank 0] - train Epoch 7/24: 35.7% (690/1935)
[2025-11-18 14:44:27][INFO][Rank 0] - train Epoch 7/24: 36.2% (700/1935)
[2025-11-18 14:44:34][INFO][Rank 0] - train Epoch 7/24: 36.7% (710/1935)
[2025-11-18 14:44:41][INFO][Rank 0] - train Epoch 7/24: 37.2% (720/1935)
[2025-11-18 14:44:41][INFO][Rank 0] - CUDA Memory [train][Step 720]: Device 0: Allocated: 3309.6 MB, Reserved: 117540.0 MB (Δ: +1687.0 MB)
[2025-11-18 14:44:48][INFO][Rank 0] - train Epoch 7/24: 37.7% (730/1935)
[2025-11-18 14:44:55][INFO][Rank 0] - train Epoch 7/24: 38.2% (740/1935)
[2025-11-18 14:45:02][INFO][Rank 0] - train Epoch 7/24: 38.8% (750/1935)
[2025-11-18 14:45:09][INFO][Rank 0] - train Epoch 7/24: 39.3% (760/1935)
[2025-11-18 14:45:16][INFO][Rank 0] - train Epoch 7/24: 39.8% (770/1935)
[2025-11-18 14:45:23][INFO][Rank 0] - train Epoch 7/24: 40.3% (780/1935)
[2025-11-18 14:45:30][INFO][Rank 0] - train Epoch 7/24: 40.8% (790/1935)
[2025-11-18 14:45:37][INFO][Rank 0] - train Epoch 7/24: 41.3% (800/1935)
[2025-11-18 14:45:44][INFO][Rank 0] - train Epoch 7/24: 41.9% (810/1935)
[2025-11-18 14:45:45][INFO][Rank 0] - CUDA Memory [train][Step 810]: Device 0: Allocated: 3309.6 MB, Reserved: 117540.0 MB (Δ: +1687.0 MB)
[2025-11-18 14:45:51][INFO][Rank 0] - train Epoch 7/24: 42.4% (820/1935)
[2025-11-18 14:45:58][INFO][Rank 0] - train Epoch 7/24: 42.9% (830/1935)
[2025-11-18 14:46:05][INFO][Rank 0] - train Epoch 7/24: 43.4% (840/1935)
[2025-11-18 14:46:12][INFO][Rank 0] - train Epoch 7/24: 43.9% (850/1935)
[2025-11-18 14:46:19][INFO][Rank 0] - train Epoch 7/24: 44.4% (860/1935)
[2025-11-18 14:46:27][INFO][Rank 0] - train Epoch 7/24: 45.0% (870/1935)
[2025-11-18 14:46:34][INFO][Rank 0] - train Epoch 7/24: 45.5% (880/1935)
[2025-11-18 14:46:41][INFO][Rank 0] - train Epoch 7/24: 46.0% (890/1935)
[2025-11-18 14:46:48][INFO][Rank 0] - train Epoch 7/24: 46.5% (900/1935)
[2025-11-18 14:46:48][INFO][Rank 0] - CUDA Memory [train][Step 900]: Device 0: Allocated: 3309.6 MB, Reserved: 117540.0 MB (Δ: +1687.0 MB)
[2025-11-18 14:46:55][INFO][Rank 0] - train Epoch 7/24: 47.0% (910/1935)
[2025-11-18 14:47:02][INFO][Rank 0] - train Epoch 7/24: 47.5% (920/1935)
[2025-11-18 14:47:09][INFO][Rank 0] - train Epoch 7/24: 48.1% (930/1935)
[2025-11-18 14:47:16][INFO][Rank 0] - train Epoch 7/24: 48.6% (940/1935)
[2025-11-18 14:47:23][INFO][Rank 0] - train Epoch 7/24: 49.1% (950/1935)
[2025-11-18 14:47:30][INFO][Rank 0] - train Epoch 7/24: 49.6% (960/1935)
[2025-11-18 14:47:37][INFO][Rank 0] - train Epoch 7/24: 50.1% (970/1935)
[2025-11-18 14:47:44][INFO][Rank 0] - train Epoch 7/24: 50.6% (980/1935)
[2025-11-18 14:47:51][INFO][Rank 0] - train Epoch 7/24: 51.2% (990/1935)
[2025-11-18 14:47:52][INFO][Rank 0] - CUDA Memory [train][Step 990]: Device 0: Allocated: 3309.6 MB, Reserved: 117540.0 MB (Δ: +1687.0 MB)
[2025-11-18 14:47:58][INFO][Rank 0] - train Epoch 7/24: 51.7% (1000/1935)
[2025-11-18 14:48:05][INFO][Rank 0] - train Epoch 7/24: 52.2% (1010/1935)
[2025-11-18 14:48:12][INFO][Rank 0] - train Epoch 7/24: 52.7% (1020/1935)
[2025-11-18 14:48:19][INFO][Rank 0] - train Epoch 7/24: 53.2% (1030/1935)
[2025-11-18 14:48:27][INFO][Rank 0] - train Epoch 7/24: 53.7% (1040/1935)
[2025-11-18 14:48:34][INFO][Rank 0] - train Epoch 7/24: 54.3% (1050/1935)
[2025-11-18 14:48:41][INFO][Rank 0] - train Epoch 7/24: 54.8% (1060/1935)
[2025-11-18 14:48:48][INFO][Rank 0] - train Epoch 7/24: 55.3% (1070/1935)
[2025-11-18 14:48:55][INFO][Rank 0] - train Epoch 7/24: 55.8% (1080/1935)
[2025-11-18 14:48:55][INFO][Rank 0] - CUDA Memory [train][Step 1080]: Device 0: Allocated: 3309.6 MB, Reserved: 117540.0 MB (Δ: +1687.0 MB)
[2025-11-18 14:49:02][INFO][Rank 0] - train Epoch 7/24: 56.3% (1090/1935)
[2025-11-18 14:49:09][INFO][Rank 0] - train Epoch 7/24: 56.8% (1100/1935)
[2025-11-18 14:49:16][INFO][Rank 0] - train Epoch 7/24: 57.4% (1110/1935)
[2025-11-18 14:49:23][INFO][Rank 0] - train Epoch 7/24: 57.9% (1120/1935)
[2025-11-18 14:49:30][INFO][Rank 0] - train Epoch 7/24: 58.4% (1130/1935)
[2025-11-18 14:49:37][INFO][Rank 0] - train Epoch 7/24: 58.9% (1140/1935)
[2025-11-18 14:49:44][INFO][Rank 0] - train Epoch 7/24: 59.4% (1150/1935)
[2025-11-18 14:49:51][INFO][Rank 0] - train Epoch 7/24: 59.9% (1160/1935)
[2025-11-18 14:49:58][INFO][Rank 0] - train Epoch 7/24: 60.5% (1170/1935)
[2025-11-18 14:49:59][INFO][Rank 0] - CUDA Memory [train][Step 1170]: Device 0: Allocated: 3309.6 MB, Reserved: 117540.0 MB (Δ: +1687.0 MB)
[2025-11-18 14:50:05][INFO][Rank 0] - train Epoch 7/24: 61.0% (1180/1935)
[2025-11-18 14:50:12][INFO][Rank 0] - train Epoch 7/24: 61.5% (1190/1935)
[2025-11-18 14:50:19][INFO][Rank 0] - train Epoch 7/24: 62.0% (1200/1935)
[2025-11-18 14:50:26][INFO][Rank 0] - train Epoch 7/24: 62.5% (1210/1935)
[2025-11-18 14:50:34][INFO][Rank 0] - train Epoch 7/24: 63.0% (1220/1935)
[2025-11-18 14:50:41][INFO][Rank 0] - train Epoch 7/24: 63.6% (1230/1935)
[2025-11-18 14:50:48][INFO][Rank 0] - train Epoch 7/24: 64.1% (1240/1935)
[2025-11-18 14:50:55][INFO][Rank 0] - train Epoch 7/24: 64.6% (1250/1935)
[2025-11-18 14:51:02][INFO][Rank 0] - train Epoch 7/24: 65.1% (1260/1935)
[2025-11-18 14:51:02][INFO][Rank 0] - CUDA Memory [train][Step 1260]: Device 0: Allocated: 3309.6 MB, Reserved: 117540.0 MB (Δ: +1687.0 MB)
[2025-11-18 14:51:09][INFO][Rank 0] - train Epoch 7/24: 65.6% (1270/1935)
[2025-11-18 14:51:16][INFO][Rank 0] - train Epoch 7/24: 66.1% (1280/1935)
[2025-11-18 14:51:23][INFO][Rank 0] - train Epoch 7/24: 66.7% (1290/1935)
[2025-11-18 14:51:30][INFO][Rank 0] - train Epoch 7/24: 67.2% (1300/1935)
[2025-11-18 14:51:37][INFO][Rank 0] - train Epoch 7/24: 67.7% (1310/1935)
[2025-11-18 14:51:44][INFO][Rank 0] - train Epoch 7/24: 68.2% (1320/1935)
[2025-11-18 14:51:51][INFO][Rank 0] - train Epoch 7/24: 68.7% (1330/1935)
[2025-11-18 14:51:58][INFO][Rank 0] - train Epoch 7/24: 69.3% (1340/1935)
[2025-11-18 14:52:05][INFO][Rank 0] - train Epoch 7/24: 69.8% (1350/1935)
[2025-11-18 14:52:06][INFO][Rank 0] - CUDA Memory [train][Step 1350]: Device 0: Allocated: 3309.6 MB, Reserved: 117540.0 MB (Δ: +1687.0 MB)
[2025-11-18 14:52:12][INFO][Rank 0] - train Epoch 7/24: 70.3% (1360/1935)
[2025-11-18 14:52:19][INFO][Rank 0] - train Epoch 7/24: 70.8% (1370/1935)
[2025-11-18 14:52:26][INFO][Rank 0] - train Epoch 7/24: 71.3% (1380/1935)
[2025-11-18 14:52:34][INFO][Rank 0] - train Epoch 7/24: 71.8% (1390/1935)
[2025-11-18 14:52:41][INFO][Rank 0] - train Epoch 7/24: 72.4% (1400/1935)
[2025-11-18 14:52:48][INFO][Rank 0] - train Epoch 7/24: 72.9% (1410/1935)
[2025-11-18 14:52:55][INFO][Rank 0] - train Epoch 7/24: 73.4% (1420/1935)
[2025-11-18 14:53:02][INFO][Rank 0] - train Epoch 7/24: 73.9% (1430/1935)
[2025-11-18 14:53:09][INFO][Rank 0] - train Epoch 7/24: 74.4% (1440/1935)
[2025-11-18 14:53:10][INFO][Rank 0] - CUDA Memory [train][Step 1440]: Device 0: Allocated: 3309.6 MB, Reserved: 117540.0 MB (Δ: +1687.0 MB)
[2025-11-18 14:53:16][INFO][Rank 0] - train Epoch 7/24: 74.9% (1450/1935)
[2025-11-18 14:53:23][INFO][Rank 0] - train Epoch 7/24: 75.5% (1460/1935)
[2025-11-18 14:53:30][INFO][Rank 0] - train Epoch 7/24: 76.0% (1470/1935)
[2025-11-18 14:53:37][INFO][Rank 0] - train Epoch 7/24: 76.5% (1480/1935)
[2025-11-18 14:53:44][INFO][Rank 0] - train Epoch 7/24: 77.0% (1490/1935)
[2025-11-18 14:53:51][INFO][Rank 0] - train Epoch 7/24: 77.5% (1500/1935)
[2025-11-18 14:53:58][INFO][Rank 0] - train Epoch 7/24: 78.0% (1510/1935)
[2025-11-18 14:54:05][INFO][Rank 0] - train Epoch 7/24: 78.6% (1520/1935)
[2025-11-18 14:54:12][INFO][Rank 0] - train Epoch 7/24: 79.1% (1530/1935)
[2025-11-18 14:54:13][INFO][Rank 0] - CUDA Memory [train][Step 1530]: Device 0: Allocated: 3309.6 MB, Reserved: 117540.0 MB (Δ: +1687.0 MB)
[2025-11-18 14:54:19][INFO][Rank 0] - train Epoch 7/24: 79.6% (1540/1935)
[2025-11-18 14:54:26][INFO][Rank 0] - train Epoch 7/24: 80.1% (1550/1935)
[2025-11-18 14:54:33][INFO][Rank 0] - train Epoch 7/24: 80.6% (1560/1935)
[2025-11-18 14:54:41][INFO][Rank 0] - train Epoch 7/24: 81.1% (1570/1935)
[2025-11-18 14:54:48][INFO][Rank 0] - train Epoch 7/24: 81.7% (1580/1935)
[2025-11-18 14:54:55][INFO][Rank 0] - train Epoch 7/24: 82.2% (1590/1935)
[2025-11-18 14:55:02][INFO][Rank 0] - train Epoch 7/24: 82.7% (1600/1935)
[2025-11-18 14:55:09][INFO][Rank 0] - train Epoch 7/24: 83.2% (1610/1935)
[2025-11-18 14:55:16][INFO][Rank 0] - train Epoch 7/24: 83.7% (1620/1935)
[2025-11-18 14:55:17][INFO][Rank 0] - CUDA Memory [train][Step 1620]: Device 0: Allocated: 3309.6 MB, Reserved: 117540.0 MB (Δ: +1687.0 MB)
[2025-11-18 14:55:23][INFO][Rank 0] - train Epoch 7/24: 84.2% (1630/1935)
[2025-11-18 14:55:30][INFO][Rank 0] - train Epoch 7/24: 84.8% (1640/1935)
[2025-11-18 14:55:37][INFO][Rank 0] - train Epoch 7/24: 85.3% (1650/1935)
[2025-11-18 14:55:44][INFO][Rank 0] - train Epoch 7/24: 85.8% (1660/1935)
[2025-11-18 14:55:51][INFO][Rank 0] - train Epoch 7/24: 86.3% (1670/1935)
[2025-11-18 14:55:58][INFO][Rank 0] - train Epoch 7/24: 86.8% (1680/1935)
[2025-11-18 14:56:05][INFO][Rank 0] - train Epoch 7/24: 87.3% (1690/1935)
[2025-11-18 14:56:12][INFO][Rank 0] - train Epoch 7/24: 87.9% (1700/1935)
[2025-11-18 14:56:19][INFO][Rank 0] - train Epoch 7/24: 88.4% (1710/1935)
[2025-11-18 14:56:20][INFO][Rank 0] - CUDA Memory [train][Step 1710]: Device 0: Allocated: 3309.6 MB, Reserved: 117540.0 MB (Δ: +1687.0 MB)
[2025-11-18 14:56:26][INFO][Rank 0] - train Epoch 7/24: 88.9% (1720/1935)
[2025-11-18 14:56:33][INFO][Rank 0] - train Epoch 7/24: 89.4% (1730/1935)
[2025-11-18 14:56:41][INFO][Rank 0] - train Epoch 7/24: 89.9% (1740/1935)
[2025-11-18 14:56:48][INFO][Rank 0] - train Epoch 7/24: 90.4% (1750/1935)
[2025-11-18 14:56:55][INFO][Rank 0] - train Epoch 7/24: 91.0% (1760/1935)
[2025-11-18 14:57:02][INFO][Rank 0] - train Epoch 7/24: 91.5% (1770/1935)
[2025-11-18 14:57:09][INFO][Rank 0] - train Epoch 7/24: 92.0% (1780/1935)
[2025-11-18 14:57:16][INFO][Rank 0] - train Epoch 7/24: 92.5% (1790/1935)
[2025-11-18 14:57:23][INFO][Rank 0] - train Epoch 7/24: 93.0% (1800/1935)
[2025-11-18 14:57:24][INFO][Rank 0] - CUDA Memory [train][Step 1800]: Device 0: Allocated: 3309.6 MB, Reserved: 117540.0 MB (Δ: +1687.0 MB)
[2025-11-18 14:57:30][INFO][Rank 0] - train Epoch 7/24: 93.5% (1810/1935)
[2025-11-18 14:57:37][INFO][Rank 0] - train Epoch 7/24: 94.1% (1820/1935)
[2025-11-18 14:57:44][INFO][Rank 0] - train Epoch 7/24: 94.6% (1830/1935)
[2025-11-18 14:57:51][INFO][Rank 0] - train Epoch 7/24: 95.1% (1840/1935)
[2025-11-18 14:57:58][INFO][Rank 0] - train Epoch 7/24: 95.6% (1850/1935)
[2025-11-18 14:58:05][INFO][Rank 0] - train Epoch 7/24: 96.1% (1860/1935)
[2025-11-18 14:58:12][INFO][Rank 0] - train Epoch 7/24: 96.6% (1870/1935)
[2025-11-18 14:58:19][INFO][Rank 0] - train Epoch 7/24: 97.2% (1880/1935)
[2025-11-18 14:58:26][INFO][Rank 0] - train Epoch 7/24: 97.7% (1890/1935)
[2025-11-18 14:58:27][INFO][Rank 0] - CUDA Memory [train][Step 1890]: Device 0: Allocated: 3309.6 MB, Reserved: 117540.0 MB (Δ: +1687.0 MB)
[2025-11-18 14:58:33][INFO][Rank 0] - train Epoch 7/24: 98.2% (1900/1935)
[2025-11-18 14:58:41][INFO][Rank 0] - train Epoch 7/24: 98.7% (1910/1935)
[2025-11-18 14:58:48][INFO][Rank 0] - train Epoch 7/24: 99.2% (1920/1935)
[2025-11-18 14:58:55][INFO][Rank 0] - train Epoch 7/24: 99.7% (1930/1935)
[2025-11-18 14:58:57][INFO][Rank 0] - train Epoch 7/24: 99.9% (1934/1935)
[2025-11-18 14:58:58][INFO][Rank 0] - train Loss: 0.1728 Acc: 0.9764 F1: 0.9879
[2025-11-18 14:58:58][INFO][Rank 0] - train Balanced Acc: 0.8658 AUC-ROC: 0.9641
[2025-11-18 14:58:58][INFO][Rank 0] - train Sensitivity: 0.9821 Specificity: 0.7495
[2025-11-18 14:58:58][INFO][Rank 0] - train Confusion Matrix: TP=18538, FP=119, FN=337, TN=356
[2025-11-18 14:58:58][INFO][Rank 0] - train completed in 1366.48s
[2025-11-18 14:58:58][INFO][Rank 0] - Data loading time: 1.10s, Forward time: 277.82s, Backward time: 740.50s
[2025-11-18 14:58:58][INFO][Rank 0] - train cache: 0/1 items, hit rate: 0.00%
[2025-11-18 14:58:58][INFO][Rank 0] - CUDA Memory [val][Step 0]: Device 0: Allocated: 3309.6 MB, Reserved: 117540.0 MB (Δ: +1687.0 MB)
[2025-11-18 14:58:58][INFO][Rank 0] - val phase: total 412 batches
[2025-11-18 14:58:59][INFO][Rank 0] - val Epoch 7/24: 0.0% (0/412)
[2025-11-18 14:59:04][INFO][Rank 0] - val Epoch 7/24: 2.4% (10/412)
[2025-11-18 14:59:09][INFO][Rank 0] - val Epoch 7/24: 4.9% (20/412)
[2025-11-18 14:59:14][INFO][Rank 0] - val Epoch 7/24: 7.3% (30/412)
[2025-11-18 14:59:19][INFO][Rank 0] - val Epoch 7/24: 9.7% (40/412)
[2025-11-18 14:59:24][INFO][Rank 0] - val Epoch 7/24: 12.1% (50/412)
[2025-11-18 14:59:29][INFO][Rank 0] - val Epoch 7/24: 14.6% (60/412)
[2025-11-18 14:59:34][INFO][Rank 0] - val Epoch 7/24: 17.0% (70/412)
[2025-11-18 14:59:39][INFO][Rank 0] - val Epoch 7/24: 19.4% (80/412)
[2025-11-18 14:59:44][INFO][Rank 0] - val Epoch 7/24: 21.8% (90/412)
[2025-11-18 14:59:49][INFO][Rank 0] - val Epoch 7/24: 24.3% (100/412)
[2025-11-18 14:59:54][INFO][Rank 0] - val Epoch 7/24: 26.7% (110/412)
[2025-11-18 14:59:59][INFO][Rank 0] - val Epoch 7/24: 29.1% (120/412)
[2025-11-18 14:59:59][INFO][Rank 0] - CUDA Memory [val][Step 120]: Device 0: Allocated: 3309.6 MB, Reserved: 117540.0 MB (Δ: +1687.0 MB)
[2025-11-18 15:00:04][INFO][Rank 0] - val Epoch 7/24: 31.6% (130/412)
[2025-11-18 15:00:09][INFO][Rank 0] - val Epoch 7/24: 34.0% (140/412)
[2025-11-18 15:00:14][INFO][Rank 0] - val Epoch 7/24: 36.4% (150/412)
[2025-11-18 15:00:19][INFO][Rank 0] - val Epoch 7/24: 38.8% (160/412)
[2025-11-18 15:00:24][INFO][Rank 0] - val Epoch 7/24: 41.3% (170/412)
[2025-11-18 15:00:29][INFO][Rank 0] - val Epoch 7/24: 43.7% (180/412)
[2025-11-18 15:00:34][INFO][Rank 0] - val Epoch 7/24: 46.1% (190/412)
[2025-11-18 15:00:39][INFO][Rank 0] - val Epoch 7/24: 48.5% (200/412)
[2025-11-18 15:00:44][INFO][Rank 0] - val Epoch 7/24: 51.0% (210/412)
[2025-11-18 15:00:49][INFO][Rank 0] - val Epoch 7/24: 53.4% (220/412)
[2025-11-18 15:00:54][INFO][Rank 0] - val Epoch 7/24: 55.8% (230/412)
[2025-11-18 15:00:59][INFO][Rank 0] - val Epoch 7/24: 58.3% (240/412)
[2025-11-18 15:01:00][INFO][Rank 0] - CUDA Memory [val][Step 240]: Device 0: Allocated: 3309.6 MB, Reserved: 117540.0 MB (Δ: +1687.0 MB)
[2025-11-18 15:01:04][INFO][Rank 0] - val Epoch 7/24: 60.7% (250/412)
[2025-11-18 15:01:09][INFO][Rank 0] - val Epoch 7/24: 63.1% (260/412)
[2025-11-18 15:01:14][INFO][Rank 0] - val Epoch 7/24: 65.5% (270/412)
[2025-11-18 15:01:19][INFO][Rank 0] - val Epoch 7/24: 68.0% (280/412)
[2025-11-18 15:01:24][INFO][Rank 0] - val Epoch 7/24: 70.4% (290/412)
[2025-11-18 15:01:29][INFO][Rank 0] - val Epoch 7/24: 72.8% (300/412)
[2025-11-18 15:01:34][INFO][Rank 0] - val Epoch 7/24: 75.2% (310/412)
[2025-11-18 15:01:40][INFO][Rank 0] - val Epoch 7/24: 77.7% (320/412)
[2025-11-18 15:01:45][INFO][Rank 0] - val Epoch 7/24: 80.1% (330/412)
[2025-11-18 15:01:50][INFO][Rank 0] - val Epoch 7/24: 82.5% (340/412)
[2025-11-18 15:01:55][INFO][Rank 0] - val Epoch 7/24: 85.0% (350/412)
[2025-11-18 15:02:00][INFO][Rank 0] - val Epoch 7/24: 87.4% (360/412)
[2025-11-18 15:02:00][INFO][Rank 0] - CUDA Memory [val][Step 360]: Device 0: Allocated: 3309.6 MB, Reserved: 117540.0 MB (Δ: +1687.0 MB)
[2025-11-18 15:02:05][INFO][Rank 0] - val Epoch 7/24: 89.8% (370/412)
[2025-11-18 15:02:10][INFO][Rank 0] - val Epoch 7/24: 92.2% (380/412)
[2025-11-18 15:02:15][INFO][Rank 0] - val Epoch 7/24: 94.7% (390/412)
[2025-11-18 15:02:20][INFO][Rank 0] - val Epoch 7/24: 97.1% (400/412)
[2025-11-18 15:02:25][INFO][Rank 0] - val Epoch 7/24: 99.5% (410/412)
[2025-11-18 15:02:25][INFO][Rank 0] - val Epoch 7/24: 99.8% (411/412)
[2025-11-18 15:02:26][INFO][Rank 0] - val Loss: 0.1103 Acc: 0.9779 F1: 0.9886
[2025-11-18 15:02:26][INFO][Rank 0] - val Balanced Acc: 0.8522 AUC-ROC: 0.9782
[2025-11-18 15:02:26][INFO][Rank 0] - val Sensitivity: 0.9848 Specificity: 0.7196
[2025-11-18 15:02:26][INFO][Rank 0] - val Confusion Matrix: TP=3952, FP=30, FN=61, TN=77
[2025-11-18 15:02:26][INFO][Rank 0] - val completed in 207.58s
[2025-11-18 15:02:26][INFO][Rank 0] - val cache: 0/1 items, hit rate: 0.00%
[2025-11-18 15:02:30][INFO][Rank 0] - Saved new best balanced_acc model with balanced_acc: 0.8522 at /projects/retprogression/rgarridogarcia/checkpoints/cropped1024_cropped_centered_allR_2/best_balanced_acc_model.pth
[2025-11-18 15:02:34][INFO][Rank 0] - Also saved as general best model at /projects/retprogression/rgarridogarcia/checkpoints/cropped1024_cropped_centered_allR_2/best_model.pth
[2025-11-18 15:02:38][INFO][Rank 0] - Saved new best auc model with auc: 0.9782 at /projects/retprogression/rgarridogarcia/checkpoints/cropped1024_cropped_centered_allR_2/best_auc_model.pth
[2025-11-18 15:02:43][INFO][Rank 0] - Saved epoch checkpoint at /projects/retprogression/rgarridogarcia/checkpoints/cropped1024_cropped_centered_allR_2/epoch_7.pth
[2025-11-18 15:02:43][INFO][Rank 0] - Epoch 7 summary:
[2025-11-18 15:02:43][INFO][Rank 0] -  Train Loss: 0.1728, Train Acc: 0.9764, Train F1: 0.9879
[2025-11-18 15:02:43][INFO][Rank 0] -  Train Balanced Acc: 0.8658, Train AUC: 0.9641
[2025-11-18 15:02:43][INFO][Rank 0] -  Train Sensitivity: 0.9821, Train Specificity: 0.7495
[2025-11-18 15:02:43][INFO][Rank 0] -  Val Loss: 0.1103, Val Acc: 0.9779, Val F1: 0.9886
[2025-11-18 15:02:43][INFO][Rank 0] -  Val Balanced Acc: 0.8522, Val AUC: 0.9782
[2025-11-18 15:02:43][INFO][Rank 0] -  Val Sensitivity: 0.9848, Val Specificity: 0.7196
[2025-11-18 15:02:43][INFO][Rank 0] -  Total Epoch Time: 1590.82s
[2025-11-18 15:02:43][INFO][Rank 0] - Epoch 8/24
[2025-11-18 15:02:43][INFO][Rank 0] - ----------
[2025-11-18 15:02:43][INFO][Rank 0] - CUDA Memory [train][Step 0]: Device 0: Allocated: 3309.6 MB, Reserved: 117540.0 MB (Δ: +1687.0 MB)
[2025-11-18 15:02:43][INFO][Rank 0] - train phase: total 1935 batches
[2025-11-18 15:02:43][INFO][Rank 0] - train Epoch 8/24: 0.0% (0/1935)
[2025-11-18 15:02:50][INFO][Rank 0] - train Epoch 8/24: 0.5% (10/1935)
[2025-11-18 15:02:57][INFO][Rank 0] - train Epoch 8/24: 1.0% (20/1935)
[2025-11-18 15:03:04][INFO][Rank 0] - train Epoch 8/24: 1.6% (30/1935)
[2025-11-18 15:03:11][INFO][Rank 0] - train Epoch 8/24: 2.1% (40/1935)
[2025-11-18 15:03:18][INFO][Rank 0] - train Epoch 8/24: 2.6% (50/1935)
[2025-11-18 15:03:25][INFO][Rank 0] - train Epoch 8/24: 3.1% (60/1935)
[2025-11-18 15:03:32][INFO][Rank 0] - train Epoch 8/24: 3.6% (70/1935)
[2025-11-18 15:03:39][INFO][Rank 0] - train Epoch 8/24: 4.1% (80/1935)
[2025-11-18 15:03:46][INFO][Rank 0] - train Epoch 8/24: 4.7% (90/1935)
[2025-11-18 15:03:47][INFO][Rank 0] - CUDA Memory [train][Step 90]: Device 0: Allocated: 3309.6 MB, Reserved: 117540.0 MB (Δ: +1687.0 MB)
[2025-11-18 15:03:53][INFO][Rank 0] - train Epoch 8/24: 5.2% (100/1935)
[2025-11-18 15:04:01][INFO][Rank 0] - train Epoch 8/24: 5.7% (110/1935)
[2025-11-18 15:04:08][INFO][Rank 0] - train Epoch 8/24: 6.2% (120/1935)
[2025-11-18 15:04:15][INFO][Rank 0] - train Epoch 8/24: 6.7% (130/1935)
[2025-11-18 15:04:22][INFO][Rank 0] - train Epoch 8/24: 7.2% (140/1935)
[2025-11-18 15:04:29][INFO][Rank 0] - train Epoch 8/24: 7.8% (150/1935)
[2025-11-18 15:04:36][INFO][Rank 0] - train Epoch 8/24: 8.3% (160/1935)
[2025-11-18 15:04:43][INFO][Rank 0] - train Epoch 8/24: 8.8% (170/1935)
[2025-11-18 15:04:50][INFO][Rank 0] - train Epoch 8/24: 9.3% (180/1935)
[2025-11-18 15:04:51][INFO][Rank 0] - CUDA Memory [train][Step 180]: Device 0: Allocated: 3309.6 MB, Reserved: 117540.0 MB (Δ: +1687.0 MB)
[2025-11-18 15:04:57][INFO][Rank 0] - train Epoch 8/24: 9.8% (190/1935)
[2025-11-18 15:05:04][INFO][Rank 0] - train Epoch 8/24: 10.3% (200/1935)
[2025-11-18 15:05:11][INFO][Rank 0] - train Epoch 8/24: 10.9% (210/1935)
[2025-11-18 15:05:18][INFO][Rank 0] - train Epoch 8/24: 11.4% (220/1935)
[2025-11-18 15:05:25][INFO][Rank 0] - train Epoch 8/24: 11.9% (230/1935)
[2025-11-18 15:05:32][INFO][Rank 0] - train Epoch 8/24: 12.4% (240/1935)
[2025-11-18 15:05:39][INFO][Rank 0] - train Epoch 8/24: 12.9% (250/1935)
[2025-11-18 15:05:46][INFO][Rank 0] - train Epoch 8/24: 13.4% (260/1935)
[2025-11-18 15:05:53][INFO][Rank 0] - train Epoch 8/24: 14.0% (270/1935)
[2025-11-18 15:05:54][INFO][Rank 0] - CUDA Memory [train][Step 270]: Device 0: Allocated: 3309.6 MB, Reserved: 117540.0 MB (Δ: +1687.0 MB)
[2025-11-18 15:06:01][INFO][Rank 0] - train Epoch 8/24: 14.5% (280/1935)
[2025-11-18 15:06:08][INFO][Rank 0] - train Epoch 8/24: 15.0% (290/1935)
[2025-11-18 15:06:15][INFO][Rank 0] - train Epoch 8/24: 15.5% (300/1935)
[2025-11-18 15:06:22][INFO][Rank 0] - train Epoch 8/24: 16.0% (310/1935)
[2025-11-18 15:06:29][INFO][Rank 0] - train Epoch 8/24: 16.5% (320/1935)
[2025-11-18 15:06:36][INFO][Rank 0] - train Epoch 8/24: 17.1% (330/1935)
[2025-11-18 15:06:43][INFO][Rank 0] - train Epoch 8/24: 17.6% (340/1935)
[2025-11-18 15:06:50][INFO][Rank 0] - train Epoch 8/24: 18.1% (350/1935)
[2025-11-18 15:06:57][INFO][Rank 0] - train Epoch 8/24: 18.6% (360/1935)
[2025-11-18 15:06:58][INFO][Rank 0] - CUDA Memory [train][Step 360]: Device 0: Allocated: 3309.6 MB, Reserved: 117540.0 MB (Δ: +1687.0 MB)
[2025-11-18 15:07:04][INFO][Rank 0] - train Epoch 8/24: 19.1% (370/1935)
[2025-11-18 15:07:11][INFO][Rank 0] - train Epoch 8/24: 19.6% (380/1935)
[2025-11-18 15:07:18][INFO][Rank 0] - train Epoch 8/24: 20.2% (390/1935)
[2025-11-18 15:07:25][INFO][Rank 0] - train Epoch 8/24: 20.7% (400/1935)
[2025-11-18 15:07:32][INFO][Rank 0] - train Epoch 8/24: 21.2% (410/1935)
[2025-11-18 15:07:39][INFO][Rank 0] - train Epoch 8/24: 21.7% (420/1935)
[2025-11-18 15:07:46][INFO][Rank 0] - train Epoch 8/24: 22.2% (430/1935)
[2025-11-18 15:07:53][INFO][Rank 0] - train Epoch 8/24: 22.7% (440/1935)
[2025-11-18 15:08:01][INFO][Rank 0] - train Epoch 8/24: 23.3% (450/1935)
[2025-11-18 15:08:01][INFO][Rank 0] - CUDA Memory [train][Step 450]: Device 0: Allocated: 3309.6 MB, Reserved: 117540.0 MB (Δ: +1687.0 MB)
[2025-11-18 15:08:08][INFO][Rank 0] - train Epoch 8/24: 23.8% (460/1935)
[2025-11-18 15:08:15][INFO][Rank 0] - train Epoch 8/24: 24.3% (470/1935)
[2025-11-18 15:08:22][INFO][Rank 0] - train Epoch 8/24: 24.8% (480/1935)
[2025-11-18 15:08:29][INFO][Rank 0] - train Epoch 8/24: 25.3% (490/1935)
[2025-11-18 15:08:36][INFO][Rank 0] - train Epoch 8/24: 25.8% (500/1935)
[2025-11-18 15:08:43][INFO][Rank 0] - train Epoch 8/24: 26.4% (510/1935)
[2025-11-18 15:08:50][INFO][Rank 0] - train Epoch 8/24: 26.9% (520/1935)
[2025-11-18 15:08:57][INFO][Rank 0] - train Epoch 8/24: 27.4% (530/1935)
[2025-11-18 15:09:04][INFO][Rank 0] - train Epoch 8/24: 27.9% (540/1935)
[2025-11-18 15:09:05][INFO][Rank 0] - CUDA Memory [train][Step 540]: Device 0: Allocated: 3309.6 MB, Reserved: 117540.0 MB (Δ: +1687.0 MB)
[2025-11-18 15:09:11][INFO][Rank 0] - train Epoch 8/24: 28.4% (550/1935)
[2025-11-18 15:09:18][INFO][Rank 0] - train Epoch 8/24: 28.9% (560/1935)
[2025-11-18 15:09:25][INFO][Rank 0] - train Epoch 8/24: 29.5% (570/1935)
[2025-11-18 15:09:32][INFO][Rank 0] - train Epoch 8/24: 30.0% (580/1935)
[2025-11-18 15:09:39][INFO][Rank 0] - train Epoch 8/24: 30.5% (590/1935)
[2025-11-18 15:09:46][INFO][Rank 0] - train Epoch 8/24: 31.0% (600/1935)
[2025-11-18 15:09:53][INFO][Rank 0] - train Epoch 8/24: 31.5% (610/1935)
[2025-11-18 15:10:01][INFO][Rank 0] - train Epoch 8/24: 32.0% (620/1935)
[2025-11-18 15:10:08][INFO][Rank 0] - train Epoch 8/24: 32.6% (630/1935)
[2025-11-18 15:10:08][INFO][Rank 0] - CUDA Memory [train][Step 630]: Device 0: Allocated: 3309.6 MB, Reserved: 117540.0 MB (Δ: +1687.0 MB)
[2025-11-18 15:10:15][INFO][Rank 0] - train Epoch 8/24: 33.1% (640/1935)
[2025-11-18 15:10:22][INFO][Rank 0] - train Epoch 8/24: 33.6% (650/1935)
[2025-11-18 15:10:29][INFO][Rank 0] - train Epoch 8/24: 34.1% (660/1935)
[2025-11-18 15:10:36][INFO][Rank 0] - train Epoch 8/24: 34.6% (670/1935)
[2025-11-18 15:10:43][INFO][Rank 0] - train Epoch 8/24: 35.1% (680/1935)
[2025-11-18 15:10:50][INFO][Rank 0] - train Epoch 8/24: 35.7% (690/1935)
[2025-11-18 15:10:57][INFO][Rank 0] - train Epoch 8/24: 36.2% (700/1935)
[2025-11-18 15:11:04][INFO][Rank 0] - train Epoch 8/24: 36.7% (710/1935)
[2025-11-18 15:11:11][INFO][Rank 0] - train Epoch 8/24: 37.2% (720/1935)
[2025-11-18 15:11:12][INFO][Rank 0] - CUDA Memory [train][Step 720]: Device 0: Allocated: 3309.6 MB, Reserved: 117540.0 MB (Δ: +1687.0 MB)
[2025-11-18 15:11:18][INFO][Rank 0] - train Epoch 8/24: 37.7% (730/1935)
[2025-11-18 15:11:25][INFO][Rank 0] - train Epoch 8/24: 38.2% (740/1935)
[2025-11-18 15:11:32][INFO][Rank 0] - train Epoch 8/24: 38.8% (750/1935)
[2025-11-18 15:11:39][INFO][Rank 0] - train Epoch 8/24: 39.3% (760/1935)
[2025-11-18 15:11:46][INFO][Rank 0] - train Epoch 8/24: 39.8% (770/1935)
[2025-11-18 15:11:53][INFO][Rank 0] - train Epoch 8/24: 40.3% (780/1935)
[2025-11-18 15:12:01][INFO][Rank 0] - train Epoch 8/24: 40.8% (790/1935)
[2025-11-18 15:12:08][INFO][Rank 0] - train Epoch 8/24: 41.3% (800/1935)
[2025-11-18 15:12:15][INFO][Rank 0] - train Epoch 8/24: 41.9% (810/1935)
[2025-11-18 15:12:15][INFO][Rank 0] - CUDA Memory [train][Step 810]: Device 0: Allocated: 3309.6 MB, Reserved: 117540.0 MB (Δ: +1687.0 MB)
[2025-11-18 15:12:22][INFO][Rank 0] - train Epoch 8/24: 42.4% (820/1935)
[2025-11-18 15:12:29][INFO][Rank 0] - train Epoch 8/24: 42.9% (830/1935)
[2025-11-18 15:12:36][INFO][Rank 0] - train Epoch 8/24: 43.4% (840/1935)
[2025-11-18 15:12:43][INFO][Rank 0] - train Epoch 8/24: 43.9% (850/1935)
[2025-11-18 15:12:50][INFO][Rank 0] - train Epoch 8/24: 44.4% (860/1935)
[2025-11-18 15:12:57][INFO][Rank 0] - train Epoch 8/24: 45.0% (870/1935)
[2025-11-18 15:13:04][INFO][Rank 0] - train Epoch 8/24: 45.5% (880/1935)
[2025-11-18 15:13:11][INFO][Rank 0] - train Epoch 8/24: 46.0% (890/1935)
[2025-11-18 15:13:18][INFO][Rank 0] - train Epoch 8/24: 46.5% (900/1935)
[2025-11-18 15:13:19][INFO][Rank 0] - CUDA Memory [train][Step 900]: Device 0: Allocated: 3309.6 MB, Reserved: 117540.0 MB (Δ: +1687.0 MB)
[2025-11-18 15:13:25][INFO][Rank 0] - train Epoch 8/24: 47.0% (910/1935)
[2025-11-18 15:13:32][INFO][Rank 0] - train Epoch 8/24: 47.5% (920/1935)
[2025-11-18 15:13:39][INFO][Rank 0] - train Epoch 8/24: 48.1% (930/1935)
[2025-11-18 15:13:46][INFO][Rank 0] - train Epoch 8/24: 48.6% (940/1935)
[2025-11-18 15:13:53][INFO][Rank 0] - train Epoch 8/24: 49.1% (950/1935)
[2025-11-18 15:14:01][INFO][Rank 0] - train Epoch 8/24: 49.6% (960/1935)
[2025-11-18 15:14:08][INFO][Rank 0] - train Epoch 8/24: 50.1% (970/1935)
[2025-11-18 15:14:15][INFO][Rank 0] - train Epoch 8/24: 50.6% (980/1935)
[2025-11-18 15:14:22][INFO][Rank 0] - train Epoch 8/24: 51.2% (990/1935)
[2025-11-18 15:14:22][INFO][Rank 0] - CUDA Memory [train][Step 990]: Device 0: Allocated: 3309.6 MB, Reserved: 117540.0 MB (Δ: +1687.0 MB)
[2025-11-18 15:14:29][INFO][Rank 0] - train Epoch 8/24: 51.7% (1000/1935)
[2025-11-18 15:14:36][INFO][Rank 0] - train Epoch 8/24: 52.2% (1010/1935)
[2025-11-18 15:14:43][INFO][Rank 0] - train Epoch 8/24: 52.7% (1020/1935)
[2025-11-18 15:14:50][INFO][Rank 0] - train Epoch 8/24: 53.2% (1030/1935)
[2025-11-18 15:14:57][INFO][Rank 0] - train Epoch 8/24: 53.7% (1040/1935)
[2025-11-18 15:15:04][INFO][Rank 0] - train Epoch 8/24: 54.3% (1050/1935)
[2025-11-18 15:15:11][INFO][Rank 0] - train Epoch 8/24: 54.8% (1060/1935)
[2025-11-18 15:15:18][INFO][Rank 0] - train Epoch 8/24: 55.3% (1070/1935)
[2025-11-18 15:15:25][INFO][Rank 0] - train Epoch 8/24: 55.8% (1080/1935)
[2025-11-18 15:15:26][INFO][Rank 0] - CUDA Memory [train][Step 1080]: Device 0: Allocated: 3309.6 MB, Reserved: 117540.0 MB (Δ: +1687.0 MB)
[2025-11-18 15:15:32][INFO][Rank 0] - train Epoch 8/24: 56.3% (1090/1935)
[2025-11-18 15:15:39][INFO][Rank 0] - train Epoch 8/24: 56.8% (1100/1935)
[2025-11-18 15:15:46][INFO][Rank 0] - train Epoch 8/24: 57.4% (1110/1935)
[2025-11-18 15:15:53][INFO][Rank 0] - train Epoch 8/24: 57.9% (1120/1935)
[2025-11-18 15:16:01][INFO][Rank 0] - train Epoch 8/24: 58.4% (1130/1935)
[2025-11-18 15:16:08][INFO][Rank 0] - train Epoch 8/24: 58.9% (1140/1935)
[2025-11-18 15:16:15][INFO][Rank 0] - train Epoch 8/24: 59.4% (1150/1935)
[2025-11-18 15:16:22][INFO][Rank 0] - train Epoch 8/24: 59.9% (1160/1935)
[2025-11-18 15:16:29][INFO][Rank 0] - train Epoch 8/24: 60.5% (1170/1935)
[2025-11-18 15:16:29][INFO][Rank 0] - CUDA Memory [train][Step 1170]: Device 0: Allocated: 3309.6 MB, Reserved: 117540.0 MB (Δ: +1687.0 MB)
[2025-11-18 15:16:36][INFO][Rank 0] - train Epoch 8/24: 61.0% (1180/1935)
[2025-11-18 15:16:43][INFO][Rank 0] - train Epoch 8/24: 61.5% (1190/1935)
[2025-11-18 15:16:50][INFO][Rank 0] - train Epoch 8/24: 62.0% (1200/1935)
[2025-11-18 15:16:57][INFO][Rank 0] - train Epoch 8/24: 62.5% (1210/1935)
[2025-11-18 15:17:04][INFO][Rank 0] - train Epoch 8/24: 63.0% (1220/1935)
[2025-11-18 15:17:11][INFO][Rank 0] - train Epoch 8/24: 63.6% (1230/1935)
[2025-11-18 15:17:18][INFO][Rank 0] - train Epoch 8/24: 64.1% (1240/1935)
[2025-11-18 15:17:25][INFO][Rank 0] - train Epoch 8/24: 64.6% (1250/1935)
[2025-11-18 15:17:32][INFO][Rank 0] - train Epoch 8/24: 65.1% (1260/1935)
[2025-11-18 15:17:33][INFO][Rank 0] - CUDA Memory [train][Step 1260]: Device 0: Allocated: 3309.6 MB, Reserved: 117540.0 MB (Δ: +1687.0 MB)
[2025-11-18 15:17:39][INFO][Rank 0] - train Epoch 8/24: 65.6% (1270/1935)
[2025-11-18 15:17:46][INFO][Rank 0] - train Epoch 8/24: 66.1% (1280/1935)
[2025-11-18 15:17:53][INFO][Rank 0] - train Epoch 8/24: 66.7% (1290/1935)
[2025-11-18 15:18:01][INFO][Rank 0] - train Epoch 8/24: 67.2% (1300/1935)
[2025-11-18 15:18:08][INFO][Rank 0] - train Epoch 8/24: 67.7% (1310/1935)
[2025-11-18 15:18:15][INFO][Rank 0] - train Epoch 8/24: 68.2% (1320/1935)
[2025-11-18 15:18:22][INFO][Rank 0] - train Epoch 8/24: 68.7% (1330/1935)
[2025-11-18 15:18:29][INFO][Rank 0] - train Epoch 8/24: 69.3% (1340/1935)
[2025-11-18 15:18:36][INFO][Rank 0] - train Epoch 8/24: 69.8% (1350/1935)
[2025-11-18 15:18:37][INFO][Rank 0] - CUDA Memory [train][Step 1350]: Device 0: Allocated: 3309.6 MB, Reserved: 117540.0 MB (Δ: +1687.0 MB)
[2025-11-18 15:18:43][INFO][Rank 0] - train Epoch 8/24: 70.3% (1360/1935)
[2025-11-18 15:18:50][INFO][Rank 0] - train Epoch 8/24: 70.8% (1370/1935)
[2025-11-18 15:18:57][INFO][Rank 0] - train Epoch 8/24: 71.3% (1380/1935)
[2025-11-18 15:19:04][INFO][Rank 0] - train Epoch 8/24: 71.8% (1390/1935)
[2025-11-18 15:19:11][INFO][Rank 0] - train Epoch 8/24: 72.4% (1400/1935)
[2025-11-18 15:19:18][INFO][Rank 0] - train Epoch 8/24: 72.9% (1410/1935)
[2025-11-18 15:19:25][INFO][Rank 0] - train Epoch 8/24: 73.4% (1420/1935)
[2025-11-18 15:19:32][INFO][Rank 0] - train Epoch 8/24: 73.9% (1430/1935)
[2025-11-18 15:19:39][INFO][Rank 0] - train Epoch 8/24: 74.4% (1440/1935)
[2025-11-18 15:19:40][INFO][Rank 0] - CUDA Memory [train][Step 1440]: Device 0: Allocated: 3309.6 MB, Reserved: 117540.0 MB (Δ: +1687.0 MB)
[2025-11-18 15:19:46][INFO][Rank 0] - train Epoch 8/24: 74.9% (1450/1935)
[2025-11-18 15:19:53][INFO][Rank 0] - train Epoch 8/24: 75.5% (1460/1935)
[2025-11-18 15:20:01][INFO][Rank 0] - train Epoch 8/24: 76.0% (1470/1935)
[2025-11-18 15:20:08][INFO][Rank 0] - train Epoch 8/24: 76.5% (1480/1935)
[2025-11-18 15:20:15][INFO][Rank 0] - train Epoch 8/24: 77.0% (1490/1935)
[2025-11-18 15:20:22][INFO][Rank 0] - train Epoch 8/24: 77.5% (1500/1935)
[2025-11-18 15:20:29][INFO][Rank 0] - train Epoch 8/24: 78.0% (1510/1935)
[2025-11-18 15:20:36][INFO][Rank 0] - train Epoch 8/24: 78.6% (1520/1935)
[2025-11-18 15:20:43][INFO][Rank 0] - train Epoch 8/24: 79.1% (1530/1935)
[2025-11-18 15:20:44][INFO][Rank 0] - CUDA Memory [train][Step 1530]: Device 0: Allocated: 3309.6 MB, Reserved: 117540.0 MB (Δ: +1687.0 MB)
[2025-11-18 15:20:50][INFO][Rank 0] - train Epoch 8/24: 79.6% (1540/1935)
[2025-11-18 15:20:57][INFO][Rank 0] - train Epoch 8/24: 80.1% (1550/1935)
[2025-11-18 15:21:04][INFO][Rank 0] - train Epoch 8/24: 80.6% (1560/1935)
[2025-11-18 15:21:11][INFO][Rank 0] - train Epoch 8/24: 81.1% (1570/1935)
[2025-11-18 15:21:18][INFO][Rank 0] - train Epoch 8/24: 81.7% (1580/1935)
[2025-11-18 15:21:25][INFO][Rank 0] - train Epoch 8/24: 82.2% (1590/1935)
[2025-11-18 15:21:32][INFO][Rank 0] - train Epoch 8/24: 82.7% (1600/1935)
[2025-11-18 15:21:39][INFO][Rank 0] - train Epoch 8/24: 83.2% (1610/1935)
[2025-11-18 15:21:46][INFO][Rank 0] - train Epoch 8/24: 83.7% (1620/1935)
[2025-11-18 15:21:47][INFO][Rank 0] - CUDA Memory [train][Step 1620]: Device 0: Allocated: 3309.6 MB, Reserved: 117540.0 MB (Δ: +1687.0 MB)
[2025-11-18 15:21:53][INFO][Rank 0] - train Epoch 8/24: 84.2% (1630/1935)
[2025-11-18 15:22:00][INFO][Rank 0] - train Epoch 8/24: 84.8% (1640/1935)
[2025-11-18 15:22:08][INFO][Rank 0] - train Epoch 8/24: 85.3% (1650/1935)
[2025-11-18 15:22:15][INFO][Rank 0] - train Epoch 8/24: 85.8% (1660/1935)
[2025-11-18 15:22:22][INFO][Rank 0] - train Epoch 8/24: 86.3% (1670/1935)
[2025-11-18 15:22:29][INFO][Rank 0] - train Epoch 8/24: 86.8% (1680/1935)
[2025-11-18 15:22:36][INFO][Rank 0] - train Epoch 8/24: 87.3% (1690/1935)
[2025-11-18 15:22:43][INFO][Rank 0] - train Epoch 8/24: 87.9% (1700/1935)
[2025-11-18 15:22:50][INFO][Rank 0] - train Epoch 8/24: 88.4% (1710/1935)
[2025-11-18 15:22:51][INFO][Rank 0] - CUDA Memory [train][Step 1710]: Device 0: Allocated: 3309.6 MB, Reserved: 117540.0 MB (Δ: +1687.0 MB)
[2025-11-18 15:22:57][INFO][Rank 0] - train Epoch 8/24: 88.9% (1720/1935)
[2025-11-18 15:23:04][INFO][Rank 0] - train Epoch 8/24: 89.4% (1730/1935)
[2025-11-18 15:23:11][INFO][Rank 0] - train Epoch 8/24: 89.9% (1740/1935)
[2025-11-18 15:23:18][INFO][Rank 0] - train Epoch 8/24: 90.4% (1750/1935)
[2025-11-18 15:23:25][INFO][Rank 0] - train Epoch 8/24: 91.0% (1760/1935)
[2025-11-18 15:23:32][INFO][Rank 0] - train Epoch 8/24: 91.5% (1770/1935)
[2025-11-18 15:23:39][INFO][Rank 0] - train Epoch 8/24: 92.0% (1780/1935)
[2025-11-18 15:23:46][INFO][Rank 0] - train Epoch 8/24: 92.5% (1790/1935)
[2025-11-18 15:23:53][INFO][Rank 0] - train Epoch 8/24: 93.0% (1800/1935)
[2025-11-18 15:23:54][INFO][Rank 0] - CUDA Memory [train][Step 1800]: Device 0: Allocated: 3309.6 MB, Reserved: 117540.0 MB (Δ: +1687.0 MB)
[2025-11-18 15:24:00][INFO][Rank 0] - train Epoch 8/24: 93.5% (1810/1935)
[2025-11-18 15:24:08][INFO][Rank 0] - train Epoch 8/24: 94.1% (1820/1935)
[2025-11-18 15:24:15][INFO][Rank 0] - train Epoch 8/24: 94.6% (1830/1935)
[2025-11-18 15:24:22][INFO][Rank 0] - train Epoch 8/24: 95.1% (1840/1935)
[2025-11-18 15:24:29][INFO][Rank 0] - train Epoch 8/24: 95.6% (1850/1935)
[2025-11-18 15:24:36][INFO][Rank 0] - train Epoch 8/24: 96.1% (1860/1935)
[2025-11-18 15:24:43][INFO][Rank 0] - train Epoch 8/24: 96.6% (1870/1935)
[2025-11-18 15:24:50][INFO][Rank 0] - train Epoch 8/24: 97.2% (1880/1935)
[2025-11-18 15:24:57][INFO][Rank 0] - train Epoch 8/24: 97.7% (1890/1935)
[2025-11-18 15:24:58][INFO][Rank 0] - CUDA Memory [train][Step 1890]: Device 0: Allocated: 3309.6 MB, Reserved: 117540.0 MB (Δ: +1687.0 MB)
[2025-11-18 15:25:04][INFO][Rank 0] - train Epoch 8/24: 98.2% (1900/1935)
[2025-11-18 15:25:11][INFO][Rank 0] - train Epoch 8/24: 98.7% (1910/1935)
[2025-11-18 15:25:18][INFO][Rank 0] - train Epoch 8/24: 99.2% (1920/1935)
[2025-11-18 15:25:25][INFO][Rank 0] - train Epoch 8/24: 99.7% (1930/1935)
[2025-11-18 15:25:28][INFO][Rank 0] - train Epoch 8/24: 99.9% (1934/1935)
[2025-11-18 15:25:29][INFO][Rank 0] - train Loss: 0.1671 Acc: 0.9754 F1: 0.9873
[2025-11-18 15:25:29][INFO][Rank 0] - train Balanced Acc: 0.8827 AUC-ROC: 0.9637
[2025-11-18 15:25:29][INFO][Rank 0] - train Sensitivity: 0.9802 Specificity: 0.7853
[2025-11-18 15:25:29][INFO][Rank 0] - train Confusion Matrix: TP=18501, FP=102, FN=374, TN=373
[2025-11-18 15:25:29][INFO][Rank 0] - train completed in 1366.20s
[2025-11-18 15:25:29][INFO][Rank 0] - Data loading time: 0.89s, Forward time: 277.85s, Backward time: 740.39s
[2025-11-18 15:25:29][INFO][Rank 0] - train cache: 0/1 items, hit rate: 0.00%
[2025-11-18 15:25:29][INFO][Rank 0] - CUDA Memory [val][Step 0]: Device 0: Allocated: 3309.6 MB, Reserved: 117540.0 MB (Δ: +1687.0 MB)
[2025-11-18 15:25:29][INFO][Rank 0] - val phase: total 412 batches
[2025-11-18 15:25:29][INFO][Rank 0] - val Epoch 8/24: 0.0% (0/412)
[2025-11-18 15:25:34][INFO][Rank 0] - val Epoch 8/24: 2.4% (10/412)
[2025-11-18 15:25:39][INFO][Rank 0] - val Epoch 8/24: 4.9% (20/412)
[2025-11-18 15:25:44][INFO][Rank 0] - val Epoch 8/24: 7.3% (30/412)
[2025-11-18 15:25:49][INFO][Rank 0] - val Epoch 8/24: 9.7% (40/412)
[2025-11-18 15:25:54][INFO][Rank 0] - val Epoch 8/24: 12.1% (50/412)
[2025-11-18 15:25:59][INFO][Rank 0] - val Epoch 8/24: 14.6% (60/412)
[2025-11-18 15:26:04][INFO][Rank 0] - val Epoch 8/24: 17.0% (70/412)
[2025-11-18 15:26:09][INFO][Rank 0] - val Epoch 8/24: 19.4% (80/412)
[2025-11-18 15:26:14][INFO][Rank 0] - val Epoch 8/24: 21.8% (90/412)
[2025-11-18 15:26:19][INFO][Rank 0] - val Epoch 8/24: 24.3% (100/412)
[2025-11-18 15:26:24][INFO][Rank 0] - val Epoch 8/24: 26.7% (110/412)
[2025-11-18 15:26:29][INFO][Rank 0] - val Epoch 8/24: 29.1% (120/412)
[2025-11-18 15:26:30][INFO][Rank 0] - CUDA Memory [val][Step 120]: Device 0: Allocated: 3309.6 MB, Reserved: 117540.0 MB (Δ: +1687.0 MB)
[2025-11-18 15:26:34][INFO][Rank 0] - val Epoch 8/24: 31.6% (130/412)
[2025-11-18 15:26:39][INFO][Rank 0] - val Epoch 8/24: 34.0% (140/412)
[2025-11-18 15:26:44][INFO][Rank 0] - val Epoch 8/24: 36.4% (150/412)
[2025-11-18 15:26:49][INFO][Rank 0] - val Epoch 8/24: 38.8% (160/412)
[2025-11-18 15:26:54][INFO][Rank 0] - val Epoch 8/24: 41.3% (170/412)
[2025-11-18 15:26:59][INFO][Rank 0] - val Epoch 8/24: 43.7% (180/412)
[2025-11-18 15:27:05][INFO][Rank 0] - val Epoch 8/24: 46.1% (190/412)
[2025-11-18 15:27:10][INFO][Rank 0] - val Epoch 8/24: 48.5% (200/412)
[2025-11-18 15:27:15][INFO][Rank 0] - val Epoch 8/24: 51.0% (210/412)
[2025-11-18 15:27:20][INFO][Rank 0] - val Epoch 8/24: 53.4% (220/412)
[2025-11-18 15:27:25][INFO][Rank 0] - val Epoch 8/24: 55.8% (230/412)
[2025-11-18 15:27:30][INFO][Rank 0] - val Epoch 8/24: 58.3% (240/412)
[2025-11-18 15:27:30][INFO][Rank 0] - CUDA Memory [val][Step 240]: Device 0: Allocated: 3309.6 MB, Reserved: 117540.0 MB (Δ: +1687.0 MB)
[2025-11-18 15:27:35][INFO][Rank 0] - val Epoch 8/24: 60.7% (250/412)
[2025-11-18 15:27:40][INFO][Rank 0] - val Epoch 8/24: 63.1% (260/412)
[2025-11-18 15:27:45][INFO][Rank 0] - val Epoch 8/24: 65.5% (270/412)
[2025-11-18 15:27:50][INFO][Rank 0] - val Epoch 8/24: 68.0% (280/412)
[2025-11-18 15:27:55][INFO][Rank 0] - val Epoch 8/24: 70.4% (290/412)
[2025-11-18 15:28:00][INFO][Rank 0] - val Epoch 8/24: 72.8% (300/412)
[2025-11-18 15:28:05][INFO][Rank 0] - val Epoch 8/24: 75.2% (310/412)
[2025-11-18 15:28:10][INFO][Rank 0] - val Epoch 8/24: 77.7% (320/412)
[2025-11-18 15:28:15][INFO][Rank 0] - val Epoch 8/24: 80.1% (330/412)
[2025-11-18 15:28:20][INFO][Rank 0] - val Epoch 8/24: 82.5% (340/412)
[2025-11-18 15:28:25][INFO][Rank 0] - val Epoch 8/24: 85.0% (350/412)
[2025-11-18 15:28:30][INFO][Rank 0] - val Epoch 8/24: 87.4% (360/412)
[2025-11-18 15:28:30][INFO][Rank 0] - CUDA Memory [val][Step 360]: Device 0: Allocated: 3309.6 MB, Reserved: 117540.0 MB (Δ: +1687.0 MB)
[2025-11-18 15:28:35][INFO][Rank 0] - val Epoch 8/24: 89.8% (370/412)
[2025-11-18 15:28:40][INFO][Rank 0] - val Epoch 8/24: 92.2% (380/412)
[2025-11-18 15:28:45][INFO][Rank 0] - val Epoch 8/24: 94.7% (390/412)
[2025-11-18 15:28:50][INFO][Rank 0] - val Epoch 8/24: 97.1% (400/412)
[2025-11-18 15:28:55][INFO][Rank 0] - val Epoch 8/24: 99.5% (410/412)
[2025-11-18 15:28:55][INFO][Rank 0] - val Epoch 8/24: 99.8% (411/412)
[2025-11-18 15:28:56][INFO][Rank 0] - val Loss: 0.1072 Acc: 0.9801 F1: 0.9898
[2025-11-18 15:28:56][INFO][Rank 0] - val Balanced Acc: 0.8579 AUC-ROC: 0.9789
[2025-11-18 15:28:56][INFO][Rank 0] - val Sensitivity: 0.9868 Specificity: 0.7290
[2025-11-18 15:28:56][INFO][Rank 0] - val Confusion Matrix: TP=3960, FP=29, FN=53, TN=78
[2025-11-18 15:28:56][INFO][Rank 0] - val completed in 207.27s
[2025-11-18 15:28:56][INFO][Rank 0] - val cache: 0/1 items, hit rate: 0.00%
[2025-11-18 15:29:00][INFO][Rank 0] - Saved new best balanced_acc model with balanced_acc: 0.8579 at /projects/retprogression/rgarridogarcia/checkpoints/cropped1024_cropped_centered_allR_2/best_balanced_acc_model.pth
[2025-11-18 15:29:04][INFO][Rank 0] - Also saved as general best model at /projects/retprogression/rgarridogarcia/checkpoints/cropped1024_cropped_centered_allR_2/best_model.pth
[2025-11-18 15:29:08][INFO][Rank 0] - Saved new best auc model with auc: 0.9789 at /projects/retprogression/rgarridogarcia/checkpoints/cropped1024_cropped_centered_allR_2/best_auc_model.pth
[2025-11-18 15:29:12][INFO][Rank 0] - Saved epoch checkpoint at /projects/retprogression/rgarridogarcia/checkpoints/cropped1024_cropped_centered_allR_2/epoch_8.pth
[2025-11-18 15:29:12][INFO][Rank 0] - Epoch 8 summary:
[2025-11-18 15:29:12][INFO][Rank 0] -  Train Loss: 0.1671, Train Acc: 0.9754, Train F1: 0.9873
[2025-11-18 15:29:12][INFO][Rank 0] -  Train Balanced Acc: 0.8827, Train AUC: 0.9637
[2025-11-18 15:29:12][INFO][Rank 0] -  Train Sensitivity: 0.9802, Train Specificity: 0.7853
[2025-11-18 15:29:12][INFO][Rank 0] -  Val Loss: 0.1072, Val Acc: 0.9801, Val F1: 0.9898
[2025-11-18 15:29:12][INFO][Rank 0] -  Val Balanced Acc: 0.8579, Val AUC: 0.9789
[2025-11-18 15:29:12][INFO][Rank 0] -  Val Sensitivity: 0.9868, Val Specificity: 0.7290
[2025-11-18 15:29:12][INFO][Rank 0] -  Total Epoch Time: 1589.33s
[2025-11-18 15:29:12][INFO][Rank 0] - Epoch 9/24
[2025-11-18 15:29:12][INFO][Rank 0] - ----------
[2025-11-18 15:29:12][INFO][Rank 0] - CUDA Memory [train][Step 0]: Device 0: Allocated: 3309.6 MB, Reserved: 117540.0 MB (Δ: +1687.0 MB)
[2025-11-18 15:29:12][INFO][Rank 0] - train phase: total 1935 batches
[2025-11-18 15:29:12][INFO][Rank 0] - train Epoch 9/24: 0.0% (0/1935)
[2025-11-18 15:29:19][INFO][Rank 0] - train Epoch 9/24: 0.5% (10/1935)
[2025-11-18 15:29:26][INFO][Rank 0] - train Epoch 9/24: 1.0% (20/1935)
[2025-11-18 15:29:34][INFO][Rank 0] - train Epoch 9/24: 1.6% (30/1935)
[2025-11-18 15:29:41][INFO][Rank 0] - train Epoch 9/24: 2.1% (40/1935)
[2025-11-18 15:29:48][INFO][Rank 0] - train Epoch 9/24: 2.6% (50/1935)
[2025-11-18 15:29:55][INFO][Rank 0] - train Epoch 9/24: 3.1% (60/1935)
[2025-11-18 15:30:02][INFO][Rank 0] - train Epoch 9/24: 3.6% (70/1935)
[2025-11-18 15:30:09][INFO][Rank 0] - train Epoch 9/24: 4.1% (80/1935)
[2025-11-18 15:30:16][INFO][Rank 0] - train Epoch 9/24: 4.7% (90/1935)
[2025-11-18 15:30:17][INFO][Rank 0] - CUDA Memory [train][Step 90]: Device 0: Allocated: 3309.6 MB, Reserved: 117540.0 MB (Δ: +1687.0 MB)
[2025-11-18 15:30:23][INFO][Rank 0] - train Epoch 9/24: 5.2% (100/1935)
[2025-11-18 15:30:30][INFO][Rank 0] - train Epoch 9/24: 5.7% (110/1935)
[2025-11-18 15:30:37][INFO][Rank 0] - train Epoch 9/24: 6.2% (120/1935)
[2025-11-18 15:30:44][INFO][Rank 0] - train Epoch 9/24: 6.7% (130/1935)
[2025-11-18 15:30:51][INFO][Rank 0] - train Epoch 9/24: 7.2% (140/1935)
[2025-11-18 15:30:58][INFO][Rank 0] - train Epoch 9/24: 7.8% (150/1935)
[2025-11-18 15:31:05][INFO][Rank 0] - train Epoch 9/24: 8.3% (160/1935)
[2025-11-18 15:31:12][INFO][Rank 0] - train Epoch 9/24: 8.8% (170/1935)
[2025-11-18 15:31:19][INFO][Rank 0] - train Epoch 9/24: 9.3% (180/1935)
[2025-11-18 15:31:20][INFO][Rank 0] - CUDA Memory [train][Step 180]: Device 0: Allocated: 3309.6 MB, Reserved: 117540.0 MB (Δ: +1687.0 MB)
[2025-11-18 15:31:26][INFO][Rank 0] - train Epoch 9/24: 9.8% (190/1935)
[2025-11-18 15:31:34][INFO][Rank 0] - train Epoch 9/24: 10.3% (200/1935)
[2025-11-18 15:31:41][INFO][Rank 0] - train Epoch 9/24: 10.9% (210/1935)
[2025-11-18 15:31:48][INFO][Rank 0] - train Epoch 9/24: 11.4% (220/1935)
[2025-11-18 15:31:55][INFO][Rank 0] - train Epoch 9/24: 11.9% (230/1935)
[2025-11-18 15:32:02][INFO][Rank 0] - train Epoch 9/24: 12.4% (240/1935)
[2025-11-18 15:32:09][INFO][Rank 0] - train Epoch 9/24: 12.9% (250/1935)
[2025-11-18 15:32:16][INFO][Rank 0] - train Epoch 9/24: 13.4% (260/1935)
[2025-11-18 15:32:23][INFO][Rank 0] - train Epoch 9/24: 14.0% (270/1935)
[2025-11-18 15:32:24][INFO][Rank 0] - CUDA Memory [train][Step 270]: Device 0: Allocated: 3309.6 MB, Reserved: 117540.0 MB (Δ: +1687.0 MB)
[2025-11-18 15:32:30][INFO][Rank 0] - train Epoch 9/24: 14.5% (280/1935)
[2025-11-18 15:32:37][INFO][Rank 0] - train Epoch 9/24: 15.0% (290/1935)
[2025-11-18 15:32:44][INFO][Rank 0] - train Epoch 9/24: 15.5% (300/1935)
[2025-11-18 15:32:51][INFO][Rank 0] - train Epoch 9/24: 16.0% (310/1935)
[2025-11-18 15:32:58][INFO][Rank 0] - train Epoch 9/24: 16.5% (320/1935)
[2025-11-18 15:33:05][INFO][Rank 0] - train Epoch 9/24: 17.1% (330/1935)
[2025-11-18 15:33:12][INFO][Rank 0] - train Epoch 9/24: 17.6% (340/1935)
[2025-11-18 15:33:19][INFO][Rank 0] - train Epoch 9/24: 18.1% (350/1935)
[2025-11-18 15:33:26][INFO][Rank 0] - train Epoch 9/24: 18.6% (360/1935)
[2025-11-18 15:33:27][INFO][Rank 0] - CUDA Memory [train][Step 360]: Device 0: Allocated: 3309.6 MB, Reserved: 117540.0 MB (Δ: +1687.0 MB)
[2025-11-18 15:33:34][INFO][Rank 0] - train Epoch 9/24: 19.1% (370/1935)
[2025-11-18 15:33:41][INFO][Rank 0] - train Epoch 9/24: 19.6% (380/1935)
[2025-11-18 15:33:48][INFO][Rank 0] - train Epoch 9/24: 20.2% (390/1935)
[2025-11-18 15:33:55][INFO][Rank 0] - train Epoch 9/24: 20.7% (400/1935)
[2025-11-18 15:34:02][INFO][Rank 0] - train Epoch 9/24: 21.2% (410/1935)
[2025-11-18 15:34:09][INFO][Rank 0] - train Epoch 9/24: 21.7% (420/1935)
[2025-11-18 15:34:16][INFO][Rank 0] - train Epoch 9/24: 22.2% (430/1935)
[2025-11-18 15:34:23][INFO][Rank 0] - train Epoch 9/24: 22.7% (440/1935)
[2025-11-18 15:34:30][INFO][Rank 0] - train Epoch 9/24: 23.3% (450/1935)
[2025-11-18 15:34:31][INFO][Rank 0] - CUDA Memory [train][Step 450]: Device 0: Allocated: 3309.6 MB, Reserved: 117540.0 MB (Δ: +1687.0 MB)
[2025-11-18 15:34:37][INFO][Rank 0] - train Epoch 9/24: 23.8% (460/1935)
[2025-11-18 15:34:44][INFO][Rank 0] - train Epoch 9/24: 24.3% (470/1935)
[2025-11-18 15:34:51][INFO][Rank 0] - train Epoch 9/24: 24.8% (480/1935)
[2025-11-18 15:34:58][INFO][Rank 0] - train Epoch 9/24: 25.3% (490/1935)
[2025-11-18 15:35:05][INFO][Rank 0] - train Epoch 9/24: 25.8% (500/1935)
[2025-11-18 15:35:12][INFO][Rank 0] - train Epoch 9/24: 26.4% (510/1935)
[2025-11-18 15:35:19][INFO][Rank 0] - train Epoch 9/24: 26.9% (520/1935)
[2025-11-18 15:35:26][INFO][Rank 0] - train Epoch 9/24: 27.4% (530/1935)
[2025-11-18 15:35:33][INFO][Rank 0] - train Epoch 9/24: 27.9% (540/1935)
[2025-11-18 15:35:34][INFO][Rank 0] - CUDA Memory [train][Step 540]: Device 0: Allocated: 3309.6 MB, Reserved: 117540.0 MB (Δ: +1687.0 MB)
[2025-11-18 15:35:41][INFO][Rank 0] - train Epoch 9/24: 28.4% (550/1935)
[2025-11-18 15:35:48][INFO][Rank 0] - train Epoch 9/24: 28.9% (560/1935)
[2025-11-18 15:35:55][INFO][Rank 0] - train Epoch 9/24: 29.5% (570/1935)
[2025-11-18 15:36:02][INFO][Rank 0] - train Epoch 9/24: 30.0% (580/1935)
[2025-11-18 15:36:09][INFO][Rank 0] - train Epoch 9/24: 30.5% (590/1935)
[2025-11-18 15:36:16][INFO][Rank 0] - train Epoch 9/24: 31.0% (600/1935)
[2025-11-18 15:36:23][INFO][Rank 0] - train Epoch 9/24: 31.5% (610/1935)
[2025-11-18 15:36:30][INFO][Rank 0] - train Epoch 9/24: 32.0% (620/1935)
[2025-11-18 15:36:37][INFO][Rank 0] - train Epoch 9/24: 32.6% (630/1935)
[2025-11-18 15:36:38][INFO][Rank 0] - CUDA Memory [train][Step 630]: Device 0: Allocated: 3309.6 MB, Reserved: 117540.0 MB (Δ: +1687.0 MB)
[2025-11-18 15:36:44][INFO][Rank 0] - train Epoch 9/24: 33.1% (640/1935)
[2025-11-18 15:36:51][INFO][Rank 0] - train Epoch 9/24: 33.6% (650/1935)
[2025-11-18 15:36:58][INFO][Rank 0] - train Epoch 9/24: 34.1% (660/1935)
[2025-11-18 15:37:05][INFO][Rank 0] - train Epoch 9/24: 34.6% (670/1935)
[2025-11-18 15:37:12][INFO][Rank 0] - train Epoch 9/24: 35.1% (680/1935)
[2025-11-18 15:37:19][INFO][Rank 0] - train Epoch 9/24: 35.7% (690/1935)
[2025-11-18 15:37:26][INFO][Rank 0] - train Epoch 9/24: 36.2% (700/1935)
[2025-11-18 15:37:33][INFO][Rank 0] - train Epoch 9/24: 36.7% (710/1935)
[2025-11-18 15:37:41][INFO][Rank 0] - train Epoch 9/24: 37.2% (720/1935)
[2025-11-18 15:37:41][INFO][Rank 0] - CUDA Memory [train][Step 720]: Device 0: Allocated: 3309.6 MB, Reserved: 117540.0 MB (Δ: +1687.0 MB)
[2025-11-18 15:37:48][INFO][Rank 0] - train Epoch 9/24: 37.7% (730/1935)
[2025-11-18 15:37:55][INFO][Rank 0] - train Epoch 9/24: 38.2% (740/1935)
[2025-11-18 15:38:02][INFO][Rank 0] - train Epoch 9/24: 38.8% (750/1935)
[2025-11-18 15:38:09][INFO][Rank 0] - train Epoch 9/24: 39.3% (760/1935)
[2025-11-18 15:38:16][INFO][Rank 0] - train Epoch 9/24: 39.8% (770/1935)
[2025-11-18 15:38:23][INFO][Rank 0] - train Epoch 9/24: 40.3% (780/1935)
[2025-11-18 15:38:30][INFO][Rank 0] - train Epoch 9/24: 40.8% (790/1935)
[2025-11-18 15:38:37][INFO][Rank 0] - train Epoch 9/24: 41.3% (800/1935)
[2025-11-18 15:38:44][INFO][Rank 0] - train Epoch 9/24: 41.9% (810/1935)
[2025-11-18 15:38:45][INFO][Rank 0] - CUDA Memory [train][Step 810]: Device 0: Allocated: 3309.6 MB, Reserved: 117540.0 MB (Δ: +1687.0 MB)
[2025-11-18 15:38:51][INFO][Rank 0] - train Epoch 9/24: 42.4% (820/1935)
[2025-11-18 15:38:58][INFO][Rank 0] - train Epoch 9/24: 42.9% (830/1935)
[2025-11-18 15:39:05][INFO][Rank 0] - train Epoch 9/24: 43.4% (840/1935)
[2025-11-18 15:39:12][INFO][Rank 0] - train Epoch 9/24: 43.9% (850/1935)
[2025-11-18 15:39:19][INFO][Rank 0] - train Epoch 9/24: 44.4% (860/1935)
[2025-11-18 15:39:26][INFO][Rank 0] - train Epoch 9/24: 45.0% (870/1935)
[2025-11-18 15:39:33][INFO][Rank 0] - train Epoch 9/24: 45.5% (880/1935)
[2025-11-18 15:39:41][INFO][Rank 0] - train Epoch 9/24: 46.0% (890/1935)
[2025-11-18 15:39:48][INFO][Rank 0] - train Epoch 9/24: 46.5% (900/1935)
[2025-11-18 15:39:48][INFO][Rank 0] - CUDA Memory [train][Step 900]: Device 0: Allocated: 3309.6 MB, Reserved: 117540.0 MB (Δ: +1687.0 MB)
[2025-11-18 15:39:55][INFO][Rank 0] - train Epoch 9/24: 47.0% (910/1935)
[2025-11-18 15:40:02][INFO][Rank 0] - train Epoch 9/24: 47.5% (920/1935)
[2025-11-18 15:40:09][INFO][Rank 0] - train Epoch 9/24: 48.1% (930/1935)
[2025-11-18 15:40:16][INFO][Rank 0] - train Epoch 9/24: 48.6% (940/1935)
[2025-11-18 15:40:23][INFO][Rank 0] - train Epoch 9/24: 49.1% (950/1935)
[2025-11-18 15:40:30][INFO][Rank 0] - train Epoch 9/24: 49.6% (960/1935)
[2025-11-18 15:40:37][INFO][Rank 0] - train Epoch 9/24: 50.1% (970/1935)
[2025-11-18 15:40:44][INFO][Rank 0] - train Epoch 9/24: 50.6% (980/1935)
[2025-11-18 15:40:51][INFO][Rank 0] - train Epoch 9/24: 51.2% (990/1935)
[2025-11-18 15:40:52][INFO][Rank 0] - CUDA Memory [train][Step 990]: Device 0: Allocated: 3309.6 MB, Reserved: 117540.0 MB (Δ: +1687.0 MB)
[2025-11-18 15:40:58][INFO][Rank 0] - train Epoch 9/24: 51.7% (1000/1935)
[2025-11-18 15:41:05][INFO][Rank 0] - train Epoch 9/24: 52.2% (1010/1935)
[2025-11-18 15:41:12][INFO][Rank 0] - train Epoch 9/24: 52.7% (1020/1935)
[2025-11-18 15:41:19][INFO][Rank 0] - train Epoch 9/24: 53.2% (1030/1935)
[2025-11-18 15:41:26][INFO][Rank 0] - train Epoch 9/24: 53.7% (1040/1935)
[2025-11-18 15:41:33][INFO][Rank 0] - train Epoch 9/24: 54.3% (1050/1935)
[2025-11-18 15:41:40][INFO][Rank 0] - train Epoch 9/24: 54.8% (1060/1935)
[2025-11-18 15:41:48][INFO][Rank 0] - train Epoch 9/24: 55.3% (1070/1935)
[2025-11-18 15:41:55][INFO][Rank 0] - train Epoch 9/24: 55.8% (1080/1935)
[2025-11-18 15:41:55][INFO][Rank 0] - CUDA Memory [train][Step 1080]: Device 0: Allocated: 3309.6 MB, Reserved: 117540.0 MB (Δ: +1687.0 MB)
[2025-11-18 15:42:02][INFO][Rank 0] - train Epoch 9/24: 56.3% (1090/1935)
[2025-11-18 15:42:09][INFO][Rank 0] - train Epoch 9/24: 56.8% (1100/1935)
[2025-11-18 15:42:16][INFO][Rank 0] - train Epoch 9/24: 57.4% (1110/1935)
[2025-11-18 15:42:23][INFO][Rank 0] - train Epoch 9/24: 57.9% (1120/1935)
[2025-11-18 15:42:30][INFO][Rank 0] - train Epoch 9/24: 58.4% (1130/1935)
[2025-11-18 15:42:37][INFO][Rank 0] - train Epoch 9/24: 58.9% (1140/1935)
[2025-11-18 15:42:44][INFO][Rank 0] - train Epoch 9/24: 59.4% (1150/1935)
[2025-11-18 15:42:51][INFO][Rank 0] - train Epoch 9/24: 59.9% (1160/1935)
[2025-11-18 15:42:58][INFO][Rank 0] - train Epoch 9/24: 60.5% (1170/1935)
[2025-11-18 15:42:59][INFO][Rank 0] - CUDA Memory [train][Step 1170]: Device 0: Allocated: 3309.6 MB, Reserved: 117540.0 MB (Δ: +1687.0 MB)
[2025-11-18 15:43:05][INFO][Rank 0] - train Epoch 9/24: 61.0% (1180/1935)
[2025-11-18 15:43:12][INFO][Rank 0] - train Epoch 9/24: 61.5% (1190/1935)
[2025-11-18 15:43:19][INFO][Rank 0] - train Epoch 9/24: 62.0% (1200/1935)
[2025-11-18 15:43:26][INFO][Rank 0] - train Epoch 9/24: 62.5% (1210/1935)
[2025-11-18 15:43:33][INFO][Rank 0] - train Epoch 9/24: 63.0% (1220/1935)
[2025-11-18 15:43:40][INFO][Rank 0] - train Epoch 9/24: 63.6% (1230/1935)
[2025-11-18 15:43:48][INFO][Rank 0] - train Epoch 9/24: 64.1% (1240/1935)
[2025-11-18 15:43:55][INFO][Rank 0] - train Epoch 9/24: 64.6% (1250/1935)
[2025-11-18 15:44:02][INFO][Rank 0] - train Epoch 9/24: 65.1% (1260/1935)
[2025-11-18 15:44:02][INFO][Rank 0] - CUDA Memory [train][Step 1260]: Device 0: Allocated: 3309.6 MB, Reserved: 117540.0 MB (Δ: +1687.0 MB)
[2025-11-18 15:44:09][INFO][Rank 0] - train Epoch 9/24: 65.6% (1270/1935)
[2025-11-18 15:44:16][INFO][Rank 0] - train Epoch 9/24: 66.1% (1280/1935)
[2025-11-18 15:44:23][INFO][Rank 0] - train Epoch 9/24: 66.7% (1290/1935)
[2025-11-18 15:44:30][INFO][Rank 0] - train Epoch 9/24: 67.2% (1300/1935)
[2025-11-18 15:44:37][INFO][Rank 0] - train Epoch 9/24: 67.7% (1310/1935)
[2025-11-18 15:44:44][INFO][Rank 0] - train Epoch 9/24: 68.2% (1320/1935)
[2025-11-18 15:44:51][INFO][Rank 0] - train Epoch 9/24: 68.7% (1330/1935)
[2025-11-18 15:44:58][INFO][Rank 0] - train Epoch 9/24: 69.3% (1340/1935)
[2025-11-18 15:45:05][INFO][Rank 0] - train Epoch 9/24: 69.8% (1350/1935)
[2025-11-18 15:45:06][INFO][Rank 0] - CUDA Memory [train][Step 1350]: Device 0: Allocated: 3309.6 MB, Reserved: 117540.0 MB (Δ: +1687.0 MB)
[2025-11-18 15:45:12][INFO][Rank 0] - train Epoch 9/24: 70.3% (1360/1935)
[2025-11-18 15:45:19][INFO][Rank 0] - train Epoch 9/24: 70.8% (1370/1935)
[2025-11-18 15:45:26][INFO][Rank 0] - train Epoch 9/24: 71.3% (1380/1935)
[2025-11-18 15:45:33][INFO][Rank 0] - train Epoch 9/24: 71.8% (1390/1935)
[2025-11-18 15:45:40][INFO][Rank 0] - train Epoch 9/24: 72.4% (1400/1935)
[2025-11-18 15:45:48][INFO][Rank 0] - train Epoch 9/24: 72.9% (1410/1935)
[2025-11-18 15:45:55][INFO][Rank 0] - train Epoch 9/24: 73.4% (1420/1935)
[2025-11-18 15:46:02][INFO][Rank 0] - train Epoch 9/24: 73.9% (1430/1935)
[2025-11-18 15:46:09][INFO][Rank 0] - train Epoch 9/24: 74.4% (1440/1935)
[2025-11-18 15:46:09][INFO][Rank 0] - CUDA Memory [train][Step 1440]: Device 0: Allocated: 3309.6 MB, Reserved: 117540.0 MB (Δ: +1687.0 MB)
[2025-11-18 15:46:16][INFO][Rank 0] - train Epoch 9/24: 74.9% (1450/1935)
[2025-11-18 15:46:23][INFO][Rank 0] - train Epoch 9/24: 75.5% (1460/1935)
[2025-11-18 15:46:30][INFO][Rank 0] - train Epoch 9/24: 76.0% (1470/1935)
[2025-11-18 15:46:37][INFO][Rank 0] - train Epoch 9/24: 76.5% (1480/1935)
[2025-11-18 15:46:44][INFO][Rank 0] - train Epoch 9/24: 77.0% (1490/1935)
[2025-11-18 15:46:51][INFO][Rank 0] - train Epoch 9/24: 77.5% (1500/1935)
[2025-11-18 15:46:58][INFO][Rank 0] - train Epoch 9/24: 78.0% (1510/1935)
[2025-11-18 15:47:05][INFO][Rank 0] - train Epoch 9/24: 78.6% (1520/1935)
[2025-11-18 15:47:12][INFO][Rank 0] - train Epoch 9/24: 79.1% (1530/1935)
[2025-11-18 15:47:13][INFO][Rank 0] - CUDA Memory [train][Step 1530]: Device 0: Allocated: 3309.6 MB, Reserved: 117540.0 MB (Δ: +1687.0 MB)
[2025-11-18 15:47:19][INFO][Rank 0] - train Epoch 9/24: 79.6% (1540/1935)
[2025-11-18 15:47:26][INFO][Rank 0] - train Epoch 9/24: 80.1% (1550/1935)
[2025-11-18 15:47:33][INFO][Rank 0] - train Epoch 9/24: 80.6% (1560/1935)
[2025-11-18 15:47:40][INFO][Rank 0] - train Epoch 9/24: 81.1% (1570/1935)
[2025-11-18 15:47:48][INFO][Rank 0] - train Epoch 9/24: 81.7% (1580/1935)
[2025-11-18 15:47:55][INFO][Rank 0] - train Epoch 9/24: 82.2% (1590/1935)
[2025-11-18 15:48:02][INFO][Rank 0] - train Epoch 9/24: 82.7% (1600/1935)
[2025-11-18 15:48:09][INFO][Rank 0] - train Epoch 9/24: 83.2% (1610/1935)
[2025-11-18 15:48:16][INFO][Rank 0] - train Epoch 9/24: 83.7% (1620/1935)
[2025-11-18 15:48:16][INFO][Rank 0] - CUDA Memory [train][Step 1620]: Device 0: Allocated: 3309.6 MB, Reserved: 117540.0 MB (Δ: +1687.0 MB)
[2025-11-18 15:48:23][INFO][Rank 0] - train Epoch 9/24: 84.2% (1630/1935)
[2025-11-18 15:48:30][INFO][Rank 0] - train Epoch 9/24: 84.8% (1640/1935)
[2025-11-18 15:48:37][INFO][Rank 0] - train Epoch 9/24: 85.3% (1650/1935)
[2025-11-18 15:48:44][INFO][Rank 0] - train Epoch 9/24: 85.8% (1660/1935)
[2025-11-18 15:48:51][INFO][Rank 0] - train Epoch 9/24: 86.3% (1670/1935)
[2025-11-18 15:48:58][INFO][Rank 0] - train Epoch 9/24: 86.8% (1680/1935)
[2025-11-18 15:49:05][INFO][Rank 0] - train Epoch 9/24: 87.3% (1690/1935)
[2025-11-18 15:49:12][INFO][Rank 0] - train Epoch 9/24: 87.9% (1700/1935)
[2025-11-18 15:49:19][INFO][Rank 0] - train Epoch 9/24: 88.4% (1710/1935)
[2025-11-18 15:49:20][INFO][Rank 0] - CUDA Memory [train][Step 1710]: Device 0: Allocated: 3309.6 MB, Reserved: 117540.0 MB (Δ: +1687.0 MB)
[2025-11-18 15:49:26][INFO][Rank 0] - train Epoch 9/24: 88.9% (1720/1935)
[2025-11-18 15:49:33][INFO][Rank 0] - train Epoch 9/24: 89.4% (1730/1935)
[2025-11-18 15:49:40][INFO][Rank 0] - train Epoch 9/24: 89.9% (1740/1935)
[2025-11-18 15:49:47][INFO][Rank 0] - train Epoch 9/24: 90.4% (1750/1935)
[2025-11-18 15:49:55][INFO][Rank 0] - train Epoch 9/24: 91.0% (1760/1935)
[2025-11-18 15:50:02][INFO][Rank 0] - train Epoch 9/24: 91.5% (1770/1935)
[2025-11-18 15:50:09][INFO][Rank 0] - train Epoch 9/24: 92.0% (1780/1935)
[2025-11-18 15:50:16][INFO][Rank 0] - train Epoch 9/24: 92.5% (1790/1935)
[2025-11-18 15:50:23][INFO][Rank 0] - train Epoch 9/24: 93.0% (1800/1935)
[2025-11-18 15:50:23][INFO][Rank 0] - CUDA Memory [train][Step 1800]: Device 0: Allocated: 3309.6 MB, Reserved: 117540.0 MB (Δ: +1687.0 MB)
[2025-11-18 15:50:30][INFO][Rank 0] - train Epoch 9/24: 93.5% (1810/1935)
[2025-11-18 15:50:37][INFO][Rank 0] - train Epoch 9/24: 94.1% (1820/1935)
[2025-11-18 15:50:44][INFO][Rank 0] - train Epoch 9/24: 94.6% (1830/1935)
[2025-11-18 15:50:51][INFO][Rank 0] - train Epoch 9/24: 95.1% (1840/1935)
[2025-11-18 15:50:58][INFO][Rank 0] - train Epoch 9/24: 95.6% (1850/1935)
[2025-11-18 15:51:05][INFO][Rank 0] - train Epoch 9/24: 96.1% (1860/1935)
[2025-11-18 15:51:12][INFO][Rank 0] - train Epoch 9/24: 96.6% (1870/1935)
[2025-11-18 15:51:19][INFO][Rank 0] - train Epoch 9/24: 97.2% (1880/1935)
[2025-11-18 15:51:26][INFO][Rank 0] - train Epoch 9/24: 97.7% (1890/1935)
[2025-11-18 15:51:27][INFO][Rank 0] - CUDA Memory [train][Step 1890]: Device 0: Allocated: 3309.6 MB, Reserved: 117540.0 MB (Δ: +1687.0 MB)
[2025-11-18 15:51:33][INFO][Rank 0] - train Epoch 9/24: 98.2% (1900/1935)
[2025-11-18 15:51:40][INFO][Rank 0] - train Epoch 9/24: 98.7% (1910/1935)
[2025-11-18 15:51:47][INFO][Rank 0] - train Epoch 9/24: 99.2% (1920/1935)
[2025-11-18 15:51:55][INFO][Rank 0] - train Epoch 9/24: 99.7% (1930/1935)
[2025-11-18 15:51:57][INFO][Rank 0] - train Epoch 9/24: 99.9% (1934/1935)
[2025-11-18 15:51:58][INFO][Rank 0] - train Loss: 0.1556 Acc: 0.9764 F1: 0.9878
[2025-11-18 15:51:58][INFO][Rank 0] - train Balanced Acc: 0.8861 AUC-ROC: 0.9672
[2025-11-18 15:51:58][INFO][Rank 0] - train Sensitivity: 0.9811 Specificity: 0.7911
[2025-11-18 15:51:58][INFO][Rank 0] - train Confusion Matrix: TP=18519, FP=99, FN=357, TN=375
[2025-11-18 15:51:58][INFO][Rank 0] - train completed in 1366.22s
[2025-11-18 15:51:58][INFO][Rank 0] - Data loading time: 1.05s, Forward time: 277.86s, Backward time: 740.27s
[2025-11-18 15:51:58][INFO][Rank 0] - train cache: 0/1 items, hit rate: 0.00%
[2025-11-18 15:51:58][INFO][Rank 0] - CUDA Memory [val][Step 0]: Device 0: Allocated: 3309.6 MB, Reserved: 117540.0 MB (Δ: +1687.0 MB)
[2025-11-18 15:51:58][INFO][Rank 0] - val phase: total 412 batches
[2025-11-18 15:51:58][INFO][Rank 0] - val Epoch 9/24: 0.0% (0/412)
[2025-11-18 15:52:03][INFO][Rank 0] - val Epoch 9/24: 2.4% (10/412)
[2025-11-18 15:52:08][INFO][Rank 0] - val Epoch 9/24: 4.9% (20/412)
[2025-11-18 15:52:13][INFO][Rank 0] - val Epoch 9/24: 7.3% (30/412)
[2025-11-18 15:52:18][INFO][Rank 0] - val Epoch 9/24: 9.7% (40/412)
[2025-11-18 15:52:23][INFO][Rank 0] - val Epoch 9/24: 12.1% (50/412)
[2025-11-18 15:52:29][INFO][Rank 0] - val Epoch 9/24: 14.6% (60/412)
[2025-11-18 15:52:34][INFO][Rank 0] - val Epoch 9/24: 17.0% (70/412)
[2025-11-18 15:52:39][INFO][Rank 0] - val Epoch 9/24: 19.4% (80/412)
[2025-11-18 15:52:44][INFO][Rank 0] - val Epoch 9/24: 21.8% (90/412)
[2025-11-18 15:52:49][INFO][Rank 0] - val Epoch 9/24: 24.3% (100/412)
[2025-11-18 15:52:54][INFO][Rank 0] - val Epoch 9/24: 26.7% (110/412)
[2025-11-18 15:52:59][INFO][Rank 0] - val Epoch 9/24: 29.1% (120/412)
[2025-11-18 15:52:59][INFO][Rank 0] - CUDA Memory [val][Step 120]: Device 0: Allocated: 3309.6 MB, Reserved: 117540.0 MB (Δ: +1687.0 MB)
[2025-11-18 15:53:04][INFO][Rank 0] - val Epoch 9/24: 31.6% (130/412)
[2025-11-18 15:53:09][INFO][Rank 0] - val Epoch 9/24: 34.0% (140/412)
[2025-11-18 15:53:14][INFO][Rank 0] - val Epoch 9/24: 36.4% (150/412)
[2025-11-18 15:53:19][INFO][Rank 0] - val Epoch 9/24: 38.8% (160/412)
[2025-11-18 15:53:24][INFO][Rank 0] - val Epoch 9/24: 41.3% (170/412)
[2025-11-18 15:53:29][INFO][Rank 0] - val Epoch 9/24: 43.7% (180/412)
[2025-11-18 15:53:34][INFO][Rank 0] - val Epoch 9/24: 46.1% (190/412)
[2025-11-18 15:53:39][INFO][Rank 0] - val Epoch 9/24: 48.5% (200/412)
[2025-11-18 15:53:44][INFO][Rank 0] - val Epoch 9/24: 51.0% (210/412)
[2025-11-18 15:53:49][INFO][Rank 0] - val Epoch 9/24: 53.4% (220/412)
[2025-11-18 15:53:54][INFO][Rank 0] - val Epoch 9/24: 55.8% (230/412)
[2025-11-18 15:53:59][INFO][Rank 0] - val Epoch 9/24: 58.3% (240/412)
[2025-11-18 15:53:59][INFO][Rank 0] - CUDA Memory [val][Step 240]: Device 0: Allocated: 3309.6 MB, Reserved: 117540.0 MB (Δ: +1687.0 MB)
[2025-11-18 15:54:04][INFO][Rank 0] - val Epoch 9/24: 60.7% (250/412)
[2025-11-18 15:54:09][INFO][Rank 0] - val Epoch 9/24: 63.1% (260/412)
[2025-11-18 15:54:14][INFO][Rank 0] - val Epoch 9/24: 65.5% (270/412)
[2025-11-18 15:54:19][INFO][Rank 0] - val Epoch 9/24: 68.0% (280/412)
[2025-11-18 15:54:24][INFO][Rank 0] - val Epoch 9/24: 70.4% (290/412)
[2025-11-18 15:54:29][INFO][Rank 0] - val Epoch 9/24: 72.8% (300/412)
[2025-11-18 15:54:34][INFO][Rank 0] - val Epoch 9/24: 75.2% (310/412)
[2025-11-18 15:54:39][INFO][Rank 0] - val Epoch 9/24: 77.7% (320/412)
[2025-11-18 15:54:44][INFO][Rank 0] - val Epoch 9/24: 80.1% (330/412)
[2025-11-18 15:54:49][INFO][Rank 0] - val Epoch 9/24: 82.5% (340/412)
[2025-11-18 15:54:54][INFO][Rank 0] - val Epoch 9/24: 85.0% (350/412)
[2025-11-18 15:54:59][INFO][Rank 0] - val Epoch 9/24: 87.4% (360/412)
[2025-11-18 15:55:00][INFO][Rank 0] - CUDA Memory [val][Step 360]: Device 0: Allocated: 3309.6 MB, Reserved: 117540.0 MB (Δ: +1687.0 MB)
[2025-11-18 15:55:04][INFO][Rank 0] - val Epoch 9/24: 89.8% (370/412)
[2025-11-18 15:55:09][INFO][Rank 0] - val Epoch 9/24: 92.2% (380/412)
[2025-11-18 15:55:14][INFO][Rank 0] - val Epoch 9/24: 94.7% (390/412)
[2025-11-18 15:55:19][INFO][Rank 0] - val Epoch 9/24: 97.1% (400/412)
[2025-11-18 15:55:24][INFO][Rank 0] - val Epoch 9/24: 99.5% (410/412)
[2025-11-18 15:55:25][INFO][Rank 0] - val Epoch 9/24: 99.8% (411/412)
[2025-11-18 15:55:25][INFO][Rank 0] - val Loss: 0.1066 Acc: 0.9811 F1: 0.9903
[2025-11-18 15:55:25][INFO][Rank 0] - val Balanced Acc: 0.8584 AUC-ROC: 0.9794
[2025-11-18 15:55:25][INFO][Rank 0] - val Sensitivity: 0.9878 Specificity: 0.7290
[2025-11-18 15:55:25][INFO][Rank 0] - val Confusion Matrix: TP=3964, FP=29, FN=49, TN=78
[2025-11-18 15:55:25][INFO][Rank 0] - val completed in 207.33s
[2025-11-18 15:55:25][INFO][Rank 0] - val cache: 0/1 items, hit rate: 0.00%
[2025-11-18 15:55:29][INFO][Rank 0] - Saved new best balanced_acc model with balanced_acc: 0.8584 at /projects/retprogression/rgarridogarcia/checkpoints/cropped1024_cropped_centered_allR_2/best_balanced_acc_model.pth
[2025-11-18 15:55:33][INFO][Rank 0] - Also saved as general best model at /projects/retprogression/rgarridogarcia/checkpoints/cropped1024_cropped_centered_allR_2/best_model.pth
[2025-11-18 15:55:37][INFO][Rank 0] - Saved new best auc model with auc: 0.9794 at /projects/retprogression/rgarridogarcia/checkpoints/cropped1024_cropped_centered_allR_2/best_auc_model.pth
[2025-11-18 15:55:41][INFO][Rank 0] - Saved epoch checkpoint at /projects/retprogression/rgarridogarcia/checkpoints/cropped1024_cropped_centered_allR_2/epoch_9.pth
[2025-11-18 15:55:41][INFO][Rank 0] - Epoch 9 summary:
[2025-11-18 15:55:41][INFO][Rank 0] -  Train Loss: 0.1556, Train Acc: 0.9764, Train F1: 0.9878
[2025-11-18 15:55:41][INFO][Rank 0] -  Train Balanced Acc: 0.8861, Train AUC: 0.9672
[2025-11-18 15:55:41][INFO][Rank 0] -  Train Sensitivity: 0.9811, Train Specificity: 0.7911
[2025-11-18 15:55:41][INFO][Rank 0] -  Val Loss: 0.1066, Val Acc: 0.9811, Val F1: 0.9903
[2025-11-18 15:55:41][INFO][Rank 0] -  Val Balanced Acc: 0.8584, Val AUC: 0.9794
[2025-11-18 15:55:41][INFO][Rank 0] -  Val Sensitivity: 0.9878, Val Specificity: 0.7290
[2025-11-18 15:55:41][INFO][Rank 0] -  Total Epoch Time: 1589.18s
[2025-11-18 15:55:41][INFO][Rank 0] - Epoch 10/24
[2025-11-18 15:55:41][INFO][Rank 0] - ----------
[2025-11-18 15:55:41][INFO][Rank 0] - CUDA Memory [train][Step 0]: Device 0: Allocated: 3309.6 MB, Reserved: 117540.0 MB (Δ: +1687.0 MB)
[2025-11-18 15:55:41][INFO][Rank 0] - train phase: total 1935 batches
[2025-11-18 15:55:41][INFO][Rank 0] - train Epoch 10/24: 0.0% (0/1935)
[2025-11-18 15:55:48][INFO][Rank 0] - train Epoch 10/24: 0.5% (10/1935)
[2025-11-18 15:55:55][INFO][Rank 0] - train Epoch 10/24: 1.0% (20/1935)
[2025-11-18 15:56:02][INFO][Rank 0] - train Epoch 10/24: 1.6% (30/1935)
[2025-11-18 15:56:10][INFO][Rank 0] - train Epoch 10/24: 2.1% (40/1935)
[2025-11-18 15:56:17][INFO][Rank 0] - train Epoch 10/24: 2.6% (50/1935)
[2025-11-18 15:56:24][INFO][Rank 0] - train Epoch 10/24: 3.1% (60/1935)
[2025-11-18 15:56:31][INFO][Rank 0] - train Epoch 10/24: 3.6% (70/1935)
[2025-11-18 15:56:38][INFO][Rank 0] - train Epoch 10/24: 4.1% (80/1935)
[2025-11-18 15:56:45][INFO][Rank 0] - train Epoch 10/24: 4.7% (90/1935)
[2025-11-18 15:56:46][INFO][Rank 0] - CUDA Memory [train][Step 90]: Device 0: Allocated: 3309.6 MB, Reserved: 117540.0 MB (Δ: +1687.0 MB)
[2025-11-18 15:56:52][INFO][Rank 0] - train Epoch 10/24: 5.2% (100/1935)
[2025-11-18 15:56:59][INFO][Rank 0] - train Epoch 10/24: 5.7% (110/1935)
[2025-11-18 15:57:06][INFO][Rank 0] - train Epoch 10/24: 6.2% (120/1935)
[2025-11-18 15:57:13][INFO][Rank 0] - train Epoch 10/24: 6.7% (130/1935)
[2025-11-18 15:57:20][INFO][Rank 0] - train Epoch 10/24: 7.2% (140/1935)
[2025-11-18 15:57:27][INFO][Rank 0] - train Epoch 10/24: 7.8% (150/1935)
[2025-11-18 15:57:34][INFO][Rank 0] - train Epoch 10/24: 8.3% (160/1935)
[2025-11-18 15:57:41][INFO][Rank 0] - train Epoch 10/24: 8.8% (170/1935)
[2025-11-18 15:57:48][INFO][Rank 0] - train Epoch 10/24: 9.3% (180/1935)
[2025-11-18 15:57:49][INFO][Rank 0] - CUDA Memory [train][Step 180]: Device 0: Allocated: 3309.6 MB, Reserved: 117540.0 MB (Δ: +1687.0 MB)
[2025-11-18 15:57:55][INFO][Rank 0] - train Epoch 10/24: 9.8% (190/1935)
[2025-11-18 15:58:03][INFO][Rank 0] - train Epoch 10/24: 10.3% (200/1935)
[2025-11-18 15:58:10][INFO][Rank 0] - train Epoch 10/24: 10.9% (210/1935)
[2025-11-18 15:58:17][INFO][Rank 0] - train Epoch 10/24: 11.4% (220/1935)
[2025-11-18 15:58:24][INFO][Rank 0] - train Epoch 10/24: 11.9% (230/1935)
[2025-11-18 15:58:31][INFO][Rank 0] - train Epoch 10/24: 12.4% (240/1935)
[2025-11-18 15:58:38][INFO][Rank 0] - train Epoch 10/24: 12.9% (250/1935)
[2025-11-18 15:58:45][INFO][Rank 0] - train Epoch 10/24: 13.4% (260/1935)
[2025-11-18 15:58:52][INFO][Rank 0] - train Epoch 10/24: 14.0% (270/1935)
[2025-11-18 15:58:53][INFO][Rank 0] - CUDA Memory [train][Step 270]: Device 0: Allocated: 3309.6 MB, Reserved: 117540.0 MB (Δ: +1687.0 MB)
[2025-11-18 15:58:59][INFO][Rank 0] - train Epoch 10/24: 14.5% (280/1935)
[2025-11-18 15:59:06][INFO][Rank 0] - train Epoch 10/24: 15.0% (290/1935)
[2025-11-18 15:59:13][INFO][Rank 0] - train Epoch 10/24: 15.5% (300/1935)
[2025-11-18 15:59:20][INFO][Rank 0] - train Epoch 10/24: 16.0% (310/1935)
[2025-11-18 15:59:27][INFO][Rank 0] - train Epoch 10/24: 16.5% (320/1935)
[2025-11-18 15:59:34][INFO][Rank 0] - train Epoch 10/24: 17.1% (330/1935)
[2025-11-18 15:59:41][INFO][Rank 0] - train Epoch 10/24: 17.6% (340/1935)
[2025-11-18 15:59:48][INFO][Rank 0] - train Epoch 10/24: 18.1% (350/1935)
[2025-11-18 15:59:55][INFO][Rank 0] - train Epoch 10/24: 18.6% (360/1935)
[2025-11-18 15:59:56][INFO][Rank 0] - CUDA Memory [train][Step 360]: Device 0: Allocated: 3309.6 MB, Reserved: 117540.0 MB (Δ: +1687.0 MB)
[2025-11-18 16:00:02][INFO][Rank 0] - train Epoch 10/24: 19.1% (370/1935)
[2025-11-18 16:00:10][INFO][Rank 0] - train Epoch 10/24: 19.6% (380/1935)
[2025-11-18 16:00:17][INFO][Rank 0] - train Epoch 10/24: 20.2% (390/1935)
[2025-11-18 16:00:24][INFO][Rank 0] - train Epoch 10/24: 20.7% (400/1935)
[2025-11-18 16:00:31][INFO][Rank 0] - train Epoch 10/24: 21.2% (410/1935)
[2025-11-18 16:00:38][INFO][Rank 0] - train Epoch 10/24: 21.7% (420/1935)
[2025-11-18 16:00:45][INFO][Rank 0] - train Epoch 10/24: 22.2% (430/1935)
[2025-11-18 16:00:52][INFO][Rank 0] - train Epoch 10/24: 22.7% (440/1935)
[2025-11-18 16:00:59][INFO][Rank 0] - train Epoch 10/24: 23.3% (450/1935)
[2025-11-18 16:01:00][INFO][Rank 0] - CUDA Memory [train][Step 450]: Device 0: Allocated: 3309.6 MB, Reserved: 117540.0 MB (Δ: +1687.0 MB)
[2025-11-18 16:01:06][INFO][Rank 0] - train Epoch 10/24: 23.8% (460/1935)
[2025-11-18 16:01:13][INFO][Rank 0] - train Epoch 10/24: 24.3% (470/1935)
[2025-11-18 16:01:20][INFO][Rank 0] - train Epoch 10/24: 24.8% (480/1935)
[2025-11-18 16:01:27][INFO][Rank 0] - train Epoch 10/24: 25.3% (490/1935)
[2025-11-18 16:01:34][INFO][Rank 0] - train Epoch 10/24: 25.8% (500/1935)
[2025-11-18 16:01:41][INFO][Rank 0] - train Epoch 10/24: 26.4% (510/1935)
[2025-11-18 16:01:48][INFO][Rank 0] - train Epoch 10/24: 26.9% (520/1935)
[2025-11-18 16:01:55][INFO][Rank 0] - train Epoch 10/24: 27.4% (530/1935)
[2025-11-18 16:02:02][INFO][Rank 0] - train Epoch 10/24: 27.9% (540/1935)
[2025-11-18 16:02:03][INFO][Rank 0] - CUDA Memory [train][Step 540]: Device 0: Allocated: 3309.6 MB, Reserved: 117540.0 MB (Δ: +1687.0 MB)
[2025-11-18 16:02:09][INFO][Rank 0] - train Epoch 10/24: 28.4% (550/1935)
[2025-11-18 16:02:17][INFO][Rank 0] - train Epoch 10/24: 28.9% (560/1935)
[2025-11-18 16:02:24][INFO][Rank 0] - train Epoch 10/24: 29.5% (570/1935)
[2025-11-18 16:02:31][INFO][Rank 0] - train Epoch 10/24: 30.0% (580/1935)
[2025-11-18 16:02:38][INFO][Rank 0] - train Epoch 10/24: 30.5% (590/1935)
[2025-11-18 16:02:45][INFO][Rank 0] - train Epoch 10/24: 31.0% (600/1935)
[2025-11-18 16:02:52][INFO][Rank 0] - train Epoch 10/24: 31.5% (610/1935)
[2025-11-18 16:02:59][INFO][Rank 0] - train Epoch 10/24: 32.0% (620/1935)
[2025-11-18 16:03:06][INFO][Rank 0] - train Epoch 10/24: 32.6% (630/1935)
[2025-11-18 16:03:07][INFO][Rank 0] - CUDA Memory [train][Step 630]: Device 0: Allocated: 3309.6 MB, Reserved: 117540.0 MB (Δ: +1687.0 MB)
[2025-11-18 16:03:13][INFO][Rank 0] - train Epoch 10/24: 33.1% (640/1935)
[2025-11-18 16:03:20][INFO][Rank 0] - train Epoch 10/24: 33.6% (650/1935)
[2025-11-18 16:03:27][INFO][Rank 0] - train Epoch 10/24: 34.1% (660/1935)
[2025-11-18 16:03:34][INFO][Rank 0] - train Epoch 10/24: 34.6% (670/1935)
[2025-11-18 16:03:41][INFO][Rank 0] - train Epoch 10/24: 35.1% (680/1935)
[2025-11-18 16:03:48][INFO][Rank 0] - train Epoch 10/24: 35.7% (690/1935)
[2025-11-18 16:03:55][INFO][Rank 0] - train Epoch 10/24: 36.2% (700/1935)
[2025-11-18 16:04:02][INFO][Rank 0] - train Epoch 10/24: 36.7% (710/1935)
[2025-11-18 16:04:09][INFO][Rank 0] - train Epoch 10/24: 37.2% (720/1935)
[2025-11-18 16:04:10][INFO][Rank 0] - CUDA Memory [train][Step 720]: Device 0: Allocated: 3309.6 MB, Reserved: 117540.0 MB (Δ: +1687.0 MB)
[2025-11-18 16:04:16][INFO][Rank 0] - train Epoch 10/24: 37.7% (730/1935)
[2025-11-18 16:04:24][INFO][Rank 0] - train Epoch 10/24: 38.2% (740/1935)
[2025-11-18 16:04:31][INFO][Rank 0] - train Epoch 10/24: 38.8% (750/1935)
[2025-11-18 16:04:38][INFO][Rank 0] - train Epoch 10/24: 39.3% (760/1935)
[2025-11-18 16:04:45][INFO][Rank 0] - train Epoch 10/24: 39.8% (770/1935)
[2025-11-18 16:04:52][INFO][Rank 0] - train Epoch 10/24: 40.3% (780/1935)
[2025-11-18 16:04:59][INFO][Rank 0] - train Epoch 10/24: 40.8% (790/1935)
[2025-11-18 16:05:06][INFO][Rank 0] - train Epoch 10/24: 41.3% (800/1935)
[2025-11-18 16:05:13][INFO][Rank 0] - train Epoch 10/24: 41.9% (810/1935)
[2025-11-18 16:05:14][INFO][Rank 0] - CUDA Memory [train][Step 810]: Device 0: Allocated: 3309.6 MB, Reserved: 117540.0 MB (Δ: +1687.0 MB)
[2025-11-18 16:05:20][INFO][Rank 0] - train Epoch 10/24: 42.4% (820/1935)
[2025-11-18 16:05:27][INFO][Rank 0] - train Epoch 10/24: 42.9% (830/1935)
[2025-11-18 16:05:34][INFO][Rank 0] - train Epoch 10/24: 43.4% (840/1935)
[2025-11-18 16:05:41][INFO][Rank 0] - train Epoch 10/24: 43.9% (850/1935)
[2025-11-18 16:05:48][INFO][Rank 0] - train Epoch 10/24: 44.4% (860/1935)
[2025-11-18 16:05:55][INFO][Rank 0] - train Epoch 10/24: 45.0% (870/1935)
[2025-11-18 16:06:02][INFO][Rank 0] - train Epoch 10/24: 45.5% (880/1935)
[2025-11-18 16:06:09][INFO][Rank 0] - train Epoch 10/24: 46.0% (890/1935)
[2025-11-18 16:06:16][INFO][Rank 0] - train Epoch 10/24: 46.5% (900/1935)
[2025-11-18 16:06:17][INFO][Rank 0] - CUDA Memory [train][Step 900]: Device 0: Allocated: 3309.6 MB, Reserved: 117540.0 MB (Δ: +1687.0 MB)
[2025-11-18 16:06:23][INFO][Rank 0] - train Epoch 10/24: 47.0% (910/1935)
[2025-11-18 16:06:31][INFO][Rank 0] - train Epoch 10/24: 47.5% (920/1935)
[2025-11-18 16:06:38][INFO][Rank 0] - train Epoch 10/24: 48.1% (930/1935)
[2025-11-18 16:06:45][INFO][Rank 0] - train Epoch 10/24: 48.6% (940/1935)
[2025-11-18 16:06:52][INFO][Rank 0] - train Epoch 10/24: 49.1% (950/1935)
[2025-11-18 16:06:59][INFO][Rank 0] - train Epoch 10/24: 49.6% (960/1935)
[2025-11-18 16:07:06][INFO][Rank 0] - train Epoch 10/24: 50.1% (970/1935)
[2025-11-18 16:07:13][INFO][Rank 0] - train Epoch 10/24: 50.6% (980/1935)
[2025-11-18 16:07:20][INFO][Rank 0] - train Epoch 10/24: 51.2% (990/1935)
[2025-11-18 16:07:21][INFO][Rank 0] - CUDA Memory [train][Step 990]: Device 0: Allocated: 3309.6 MB, Reserved: 117540.0 MB (Δ: +1687.0 MB)
[2025-11-18 16:07:27][INFO][Rank 0] - train Epoch 10/24: 51.7% (1000/1935)
[2025-11-18 16:07:34][INFO][Rank 0] - train Epoch 10/24: 52.2% (1010/1935)
[2025-11-18 16:07:41][INFO][Rank 0] - train Epoch 10/24: 52.7% (1020/1935)
[2025-11-18 16:07:48][INFO][Rank 0] - train Epoch 10/24: 53.2% (1030/1935)
[2025-11-18 16:07:55][INFO][Rank 0] - train Epoch 10/24: 53.7% (1040/1935)
[2025-11-18 16:08:02][INFO][Rank 0] - train Epoch 10/24: 54.3% (1050/1935)
[2025-11-18 16:08:09][INFO][Rank 0] - train Epoch 10/24: 54.8% (1060/1935)
[2025-11-18 16:08:16][INFO][Rank 0] - train Epoch 10/24: 55.3% (1070/1935)
[2025-11-18 16:08:23][INFO][Rank 0] - train Epoch 10/24: 55.8% (1080/1935)
[2025-11-18 16:08:24][INFO][Rank 0] - CUDA Memory [train][Step 1080]: Device 0: Allocated: 3309.6 MB, Reserved: 117540.0 MB (Δ: +1687.0 MB)
[2025-11-18 16:08:30][INFO][Rank 0] - train Epoch 10/24: 56.3% (1090/1935)
[2025-11-18 16:08:38][INFO][Rank 0] - train Epoch 10/24: 56.8% (1100/1935)
[2025-11-18 16:08:45][INFO][Rank 0] - train Epoch 10/24: 57.4% (1110/1935)
[2025-11-18 16:08:52][INFO][Rank 0] - train Epoch 10/24: 57.9% (1120/1935)
[2025-11-18 16:08:59][INFO][Rank 0] - train Epoch 10/24: 58.4% (1130/1935)
[2025-11-18 16:09:06][INFO][Rank 0] - train Epoch 10/24: 58.9% (1140/1935)
[2025-11-18 16:09:13][INFO][Rank 0] - train Epoch 10/24: 59.4% (1150/1935)
[2025-11-18 16:09:20][INFO][Rank 0] - train Epoch 10/24: 59.9% (1160/1935)
[2025-11-18 16:09:27][INFO][Rank 0] - train Epoch 10/24: 60.5% (1170/1935)
[2025-11-18 16:09:28][INFO][Rank 0] - CUDA Memory [train][Step 1170]: Device 0: Allocated: 3309.6 MB, Reserved: 117540.0 MB (Δ: +1687.0 MB)
[2025-11-18 16:09:34][INFO][Rank 0] - train Epoch 10/24: 61.0% (1180/1935)
[2025-11-18 16:09:41][INFO][Rank 0] - train Epoch 10/24: 61.5% (1190/1935)
[2025-11-18 16:09:48][INFO][Rank 0] - train Epoch 10/24: 62.0% (1200/1935)
[2025-11-18 16:09:55][INFO][Rank 0] - train Epoch 10/24: 62.5% (1210/1935)
[2025-11-18 16:10:02][INFO][Rank 0] - train Epoch 10/24: 63.0% (1220/1935)
[2025-11-18 16:10:09][INFO][Rank 0] - train Epoch 10/24: 63.6% (1230/1935)
[2025-11-18 16:10:16][INFO][Rank 0] - train Epoch 10/24: 64.1% (1240/1935)
[2025-11-18 16:10:23][INFO][Rank 0] - train Epoch 10/24: 64.6% (1250/1935)
[2025-11-18 16:10:30][INFO][Rank 0] - train Epoch 10/24: 65.1% (1260/1935)
[2025-11-18 16:10:31][INFO][Rank 0] - CUDA Memory [train][Step 1260]: Device 0: Allocated: 3309.6 MB, Reserved: 117540.0 MB (Δ: +1687.0 MB)
[2025-11-18 16:10:37][INFO][Rank 0] - train Epoch 10/24: 65.6% (1270/1935)
[2025-11-18 16:10:45][INFO][Rank 0] - train Epoch 10/24: 66.1% (1280/1935)
[2025-11-18 16:10:52][INFO][Rank 0] - train Epoch 10/24: 66.7% (1290/1935)
[2025-11-18 16:10:59][INFO][Rank 0] - train Epoch 10/24: 67.2% (1300/1935)
[2025-11-18 16:11:06][INFO][Rank 0] - train Epoch 10/24: 67.7% (1310/1935)
[2025-11-18 16:11:13][INFO][Rank 0] - train Epoch 10/24: 68.2% (1320/1935)
[2025-11-18 16:11:20][INFO][Rank 0] - train Epoch 10/24: 68.7% (1330/1935)
[2025-11-18 16:11:27][INFO][Rank 0] - train Epoch 10/24: 69.3% (1340/1935)
[2025-11-18 16:11:34][INFO][Rank 0] - train Epoch 10/24: 69.8% (1350/1935)
[2025-11-18 16:11:35][INFO][Rank 0] - CUDA Memory [train][Step 1350]: Device 0: Allocated: 3309.6 MB, Reserved: 117540.0 MB (Δ: +1687.0 MB)
[2025-11-18 16:11:41][INFO][Rank 0] - train Epoch 10/24: 70.3% (1360/1935)
[2025-11-18 16:11:48][INFO][Rank 0] - train Epoch 10/24: 70.8% (1370/1935)
[2025-11-18 16:11:55][INFO][Rank 0] - train Epoch 10/24: 71.3% (1380/1935)
[2025-11-18 16:12:02][INFO][Rank 0] - train Epoch 10/24: 71.8% (1390/1935)
[2025-11-18 16:12:09][INFO][Rank 0] - train Epoch 10/24: 72.4% (1400/1935)
[2025-11-18 16:12:16][INFO][Rank 0] - train Epoch 10/24: 72.9% (1410/1935)
[2025-11-18 16:12:23][INFO][Rank 0] - train Epoch 10/24: 73.4% (1420/1935)
[2025-11-18 16:12:30][INFO][Rank 0] - train Epoch 10/24: 73.9% (1430/1935)
[2025-11-18 16:12:37][INFO][Rank 0] - train Epoch 10/24: 74.4% (1440/1935)
[2025-11-18 16:12:38][INFO][Rank 0] - CUDA Memory [train][Step 1440]: Device 0: Allocated: 3309.6 MB, Reserved: 117540.0 MB (Δ: +1687.0 MB)
[2025-11-18 16:12:44][INFO][Rank 0] - train Epoch 10/24: 74.9% (1450/1935)
[2025-11-18 16:12:52][INFO][Rank 0] - train Epoch 10/24: 75.5% (1460/1935)
[2025-11-18 16:12:59][INFO][Rank 0] - train Epoch 10/24: 76.0% (1470/1935)
[2025-11-18 16:13:06][INFO][Rank 0] - train Epoch 10/24: 76.5% (1480/1935)
[2025-11-18 16:13:13][INFO][Rank 0] - train Epoch 10/24: 77.0% (1490/1935)
[2025-11-18 16:13:20][INFO][Rank 0] - train Epoch 10/24: 77.5% (1500/1935)
[2025-11-18 16:13:27][INFO][Rank 0] - train Epoch 10/24: 78.0% (1510/1935)
[2025-11-18 16:13:34][INFO][Rank 0] - train Epoch 10/24: 78.6% (1520/1935)
[2025-11-18 16:13:41][INFO][Rank 0] - train Epoch 10/24: 79.1% (1530/1935)
[2025-11-18 16:13:42][INFO][Rank 0] - CUDA Memory [train][Step 1530]: Device 0: Allocated: 3309.6 MB, Reserved: 117540.0 MB (Δ: +1687.0 MB)
[2025-11-18 16:13:48][INFO][Rank 0] - train Epoch 10/24: 79.6% (1540/1935)
[2025-11-18 16:13:55][INFO][Rank 0] - train Epoch 10/24: 80.1% (1550/1935)
[2025-11-18 16:14:02][INFO][Rank 0] - train Epoch 10/24: 80.6% (1560/1935)
[2025-11-18 16:14:09][INFO][Rank 0] - train Epoch 10/24: 81.1% (1570/1935)
[2025-11-18 16:14:16][INFO][Rank 0] - train Epoch 10/24: 81.7% (1580/1935)
[2025-11-18 16:14:23][INFO][Rank 0] - train Epoch 10/24: 82.2% (1590/1935)
[2025-11-18 16:14:30][INFO][Rank 0] - train Epoch 10/24: 82.7% (1600/1935)
[2025-11-18 16:14:37][INFO][Rank 0] - train Epoch 10/24: 83.2% (1610/1935)
[2025-11-18 16:14:44][INFO][Rank 0] - train Epoch 10/24: 83.7% (1620/1935)
[2025-11-18 16:14:45][INFO][Rank 0] - CUDA Memory [train][Step 1620]: Device 0: Allocated: 3309.6 MB, Reserved: 117540.0 MB (Δ: +1687.0 MB)
[2025-11-18 16:14:51][INFO][Rank 0] - train Epoch 10/24: 84.2% (1630/1935)
[2025-11-18 16:14:59][INFO][Rank 0] - train Epoch 10/24: 84.8% (1640/1935)
[2025-11-18 16:15:06][INFO][Rank 0] - train Epoch 10/24: 85.3% (1650/1935)
[2025-11-18 16:15:13][INFO][Rank 0] - train Epoch 10/24: 85.8% (1660/1935)
[2025-11-18 16:15:20][INFO][Rank 0] - train Epoch 10/24: 86.3% (1670/1935)
[2025-11-18 16:15:27][INFO][Rank 0] - train Epoch 10/24: 86.8% (1680/1935)
[2025-11-18 16:15:34][INFO][Rank 0] - train Epoch 10/24: 87.3% (1690/1935)
[2025-11-18 16:15:41][INFO][Rank 0] - train Epoch 10/24: 87.9% (1700/1935)
[2025-11-18 16:15:48][INFO][Rank 0] - train Epoch 10/24: 88.4% (1710/1935)
[2025-11-18 16:15:49][INFO][Rank 0] - CUDA Memory [train][Step 1710]: Device 0: Allocated: 3309.6 MB, Reserved: 117540.0 MB (Δ: +1687.0 MB)
[2025-11-18 16:15:55][INFO][Rank 0] - train Epoch 10/24: 88.9% (1720/1935)
[2025-11-18 16:16:02][INFO][Rank 0] - train Epoch 10/24: 89.4% (1730/1935)
[2025-11-18 16:16:09][INFO][Rank 0] - train Epoch 10/24: 89.9% (1740/1935)
[2025-11-18 16:16:16][INFO][Rank 0] - train Epoch 10/24: 90.4% (1750/1935)
[2025-11-18 16:16:23][INFO][Rank 0] - train Epoch 10/24: 91.0% (1760/1935)
[2025-11-18 16:16:30][INFO][Rank 0] - train Epoch 10/24: 91.5% (1770/1935)
[2025-11-18 16:16:37][INFO][Rank 0] - train Epoch 10/24: 92.0% (1780/1935)
[2025-11-18 16:16:44][INFO][Rank 0] - train Epoch 10/24: 92.5% (1790/1935)
[2025-11-18 16:16:51][INFO][Rank 0] - train Epoch 10/24: 93.0% (1800/1935)
[2025-11-18 16:16:52][INFO][Rank 0] - CUDA Memory [train][Step 1800]: Device 0: Allocated: 3309.6 MB, Reserved: 117540.0 MB (Δ: +1687.0 MB)
[2025-11-18 16:16:58][INFO][Rank 0] - train Epoch 10/24: 93.5% (1810/1935)
[2025-11-18 16:17:06][INFO][Rank 0] - train Epoch 10/24: 94.1% (1820/1935)
[2025-11-18 16:17:13][INFO][Rank 0] - train Epoch 10/24: 94.6% (1830/1935)
[2025-11-18 16:17:20][INFO][Rank 0] - train Epoch 10/24: 95.1% (1840/1935)
[2025-11-18 16:17:27][INFO][Rank 0] - train Epoch 10/24: 95.6% (1850/1935)
[2025-11-18 16:17:34][INFO][Rank 0] - train Epoch 10/24: 96.1% (1860/1935)
[2025-11-18 16:17:41][INFO][Rank 0] - train Epoch 10/24: 96.6% (1870/1935)
[2025-11-18 16:17:48][INFO][Rank 0] - train Epoch 10/24: 97.2% (1880/1935)
[2025-11-18 16:17:55][INFO][Rank 0] - train Epoch 10/24: 97.7% (1890/1935)
[2025-11-18 16:17:56][INFO][Rank 0] - CUDA Memory [train][Step 1890]: Device 0: Allocated: 3309.6 MB, Reserved: 117540.0 MB (Δ: +1687.0 MB)
[2025-11-18 16:18:02][INFO][Rank 0] - train Epoch 10/24: 98.2% (1900/1935)
[2025-11-18 16:18:09][INFO][Rank 0] - train Epoch 10/24: 98.7% (1910/1935)
[2025-11-18 16:18:16][INFO][Rank 0] - train Epoch 10/24: 99.2% (1920/1935)
[2025-11-18 16:18:23][INFO][Rank 0] - train Epoch 10/24: 99.7% (1930/1935)
[2025-11-18 16:18:26][INFO][Rank 0] - train Epoch 10/24: 99.9% (1934/1935)
[2025-11-18 16:18:27][INFO][Rank 0] - train Loss: 0.1585 Acc: 0.9772 F1: 0.9882
[2025-11-18 16:18:27][INFO][Rank 0] - train Balanced Acc: 0.8805 AUC-ROC: 0.9671
[2025-11-18 16:18:27][INFO][Rank 0] - train Sensitivity: 0.9821 Specificity: 0.7789
[2025-11-18 16:18:27][INFO][Rank 0] - train Confusion Matrix: TP=18538, FP=105, FN=337, TN=370
[2025-11-18 16:18:27][INFO][Rank 0] - train completed in 1365.66s
[2025-11-18 16:18:27][INFO][Rank 0] - Data loading time: 0.79s, Forward time: 277.76s, Backward time: 740.04s
[2025-11-18 16:18:27][INFO][Rank 0] - train cache: 0/1 items, hit rate: 0.00%
[2025-11-18 16:18:27][INFO][Rank 0] - CUDA Memory [val][Step 0]: Device 0: Allocated: 3309.6 MB, Reserved: 117540.0 MB (Δ: +1687.0 MB)
[2025-11-18 16:18:27][INFO][Rank 0] - val phase: total 412 batches
[2025-11-18 16:18:27][INFO][Rank 0] - val Epoch 10/24: 0.0% (0/412)
[2025-11-18 16:18:32][INFO][Rank 0] - val Epoch 10/24: 2.4% (10/412)
[2025-11-18 16:18:37][INFO][Rank 0] - val Epoch 10/24: 4.9% (20/412)
[2025-11-18 16:18:42][INFO][Rank 0] - val Epoch 10/24: 7.3% (30/412)
[2025-11-18 16:18:47][INFO][Rank 0] - val Epoch 10/24: 9.7% (40/412)
[2025-11-18 16:18:52][INFO][Rank 0] - val Epoch 10/24: 12.1% (50/412)
[2025-11-18 16:18:57][INFO][Rank 0] - val Epoch 10/24: 14.6% (60/412)
[2025-11-18 16:19:02][INFO][Rank 0] - val Epoch 10/24: 17.0% (70/412)
[2025-11-18 16:19:07][INFO][Rank 0] - val Epoch 10/24: 19.4% (80/412)
[2025-11-18 16:19:12][INFO][Rank 0] - val Epoch 10/24: 21.8% (90/412)
[2025-11-18 16:19:17][INFO][Rank 0] - val Epoch 10/24: 24.3% (100/412)
[2025-11-18 16:19:22][INFO][Rank 0] - val Epoch 10/24: 26.7% (110/412)
[2025-11-18 16:19:27][INFO][Rank 0] - val Epoch 10/24: 29.1% (120/412)
[2025-11-18 16:19:28][INFO][Rank 0] - CUDA Memory [val][Step 120]: Device 0: Allocated: 3309.6 MB, Reserved: 117540.0 MB (Δ: +1687.0 MB)
[2025-11-18 16:19:32][INFO][Rank 0] - val Epoch 10/24: 31.6% (130/412)
[2025-11-18 16:19:37][INFO][Rank 0] - val Epoch 10/24: 34.0% (140/412)
[2025-11-18 16:19:42][INFO][Rank 0] - val Epoch 10/24: 36.4% (150/412)
[2025-11-18 16:19:47][INFO][Rank 0] - val Epoch 10/24: 38.8% (160/412)
[2025-11-18 16:19:52][INFO][Rank 0] - val Epoch 10/24: 41.3% (170/412)
[2025-11-18 16:19:57][INFO][Rank 0] - val Epoch 10/24: 43.7% (180/412)
[2025-11-18 16:20:02][INFO][Rank 0] - val Epoch 10/24: 46.1% (190/412)
[2025-11-18 16:20:07][INFO][Rank 0] - val Epoch 10/24: 48.5% (200/412)
[2025-11-18 16:20:12][INFO][Rank 0] - val Epoch 10/24: 51.0% (210/412)
[2025-11-18 16:20:17][INFO][Rank 0] - val Epoch 10/24: 53.4% (220/412)
[2025-11-18 16:20:22][INFO][Rank 0] - val Epoch 10/24: 55.8% (230/412)
[2025-11-18 16:20:27][INFO][Rank 0] - val Epoch 10/24: 58.3% (240/412)
[2025-11-18 16:20:28][INFO][Rank 0] - CUDA Memory [val][Step 240]: Device 0: Allocated: 3309.6 MB, Reserved: 117540.0 MB (Δ: +1687.0 MB)
[2025-11-18 16:20:32][INFO][Rank 0] - val Epoch 10/24: 60.7% (250/412)
[2025-11-18 16:20:37][INFO][Rank 0] - val Epoch 10/24: 63.1% (260/412)
[2025-11-18 16:20:42][INFO][Rank 0] - val Epoch 10/24: 65.5% (270/412)
[2025-11-18 16:20:48][INFO][Rank 0] - val Epoch 10/24: 68.0% (280/412)
[2025-11-18 16:20:53][INFO][Rank 0] - val Epoch 10/24: 70.4% (290/412)
[2025-11-18 16:20:58][INFO][Rank 0] - val Epoch 10/24: 72.8% (300/412)
[2025-11-18 16:21:03][INFO][Rank 0] - val Epoch 10/24: 75.2% (310/412)
[2025-11-18 16:21:08][INFO][Rank 0] - val Epoch 10/24: 77.7% (320/412)
[2025-11-18 16:21:13][INFO][Rank 0] - val Epoch 10/24: 80.1% (330/412)
[2025-11-18 16:21:18][INFO][Rank 0] - val Epoch 10/24: 82.5% (340/412)
[2025-11-18 16:21:23][INFO][Rank 0] - val Epoch 10/24: 85.0% (350/412)
[2025-11-18 16:21:28][INFO][Rank 0] - val Epoch 10/24: 87.4% (360/412)
[2025-11-18 16:21:28][INFO][Rank 0] - CUDA Memory [val][Step 360]: Device 0: Allocated: 3309.6 MB, Reserved: 117540.0 MB (Δ: +1687.0 MB)
[2025-11-18 16:21:33][INFO][Rank 0] - val Epoch 10/24: 89.8% (370/412)
[2025-11-18 16:21:38][INFO][Rank 0] - val Epoch 10/24: 92.2% (380/412)
[2025-11-18 16:21:43][INFO][Rank 0] - val Epoch 10/24: 94.7% (390/412)
[2025-11-18 16:21:48][INFO][Rank 0] - val Epoch 10/24: 97.1% (400/412)
[2025-11-18 16:21:53][INFO][Rank 0] - val Epoch 10/24: 99.5% (410/412)
[2025-11-18 16:21:53][INFO][Rank 0] - val Epoch 10/24: 99.8% (411/412)
[2025-11-18 16:21:54][INFO][Rank 0] - val Loss: 0.1038 Acc: 0.9782 F1: 0.9887
[2025-11-18 16:21:54][INFO][Rank 0] - val Balanced Acc: 0.8705 AUC-ROC: 0.9796
[2025-11-18 16:21:54][INFO][Rank 0] - val Sensitivity: 0.9841 Specificity: 0.7570
[2025-11-18 16:21:54][INFO][Rank 0] - val Confusion Matrix: TP=3949, FP=26, FN=64, TN=81
[2025-11-18 16:21:54][INFO][Rank 0] - val completed in 207.09s
[2025-11-18 16:21:54][INFO][Rank 0] - val cache: 0/1 items, hit rate: 0.00%
[2025-11-18 16:21:58][INFO][Rank 0] - Saved new best balanced_acc model with balanced_acc: 0.8705 at /projects/retprogression/rgarridogarcia/checkpoints/cropped1024_cropped_centered_allR_2/best_balanced_acc_model.pth
[2025-11-18 16:22:02][INFO][Rank 0] - Also saved as general best model at /projects/retprogression/rgarridogarcia/checkpoints/cropped1024_cropped_centered_allR_2/best_model.pth
[2025-11-18 16:22:06][INFO][Rank 0] - Saved new best auc model with auc: 0.9796 at /projects/retprogression/rgarridogarcia/checkpoints/cropped1024_cropped_centered_allR_2/best_auc_model.pth
[2025-11-18 16:22:10][INFO][Rank 0] - Saved epoch checkpoint at /projects/retprogression/rgarridogarcia/checkpoints/cropped1024_cropped_centered_allR_2/epoch_10.pth
[2025-11-18 16:22:10][INFO][Rank 0] - Epoch 10 summary:
[2025-11-18 16:22:10][INFO][Rank 0] -  Train Loss: 0.1585, Train Acc: 0.9772, Train F1: 0.9882
[2025-11-18 16:22:10][INFO][Rank 0] -  Train Balanced Acc: 0.8805, Train AUC: 0.9671
[2025-11-18 16:22:10][INFO][Rank 0] -  Train Sensitivity: 0.9821, Train Specificity: 0.7789
[2025-11-18 16:22:10][INFO][Rank 0] -  Val Loss: 0.1038, Val Acc: 0.9782, Val F1: 0.9887
[2025-11-18 16:22:10][INFO][Rank 0] -  Val Balanced Acc: 0.8705, Val AUC: 0.9796
[2025-11-18 16:22:10][INFO][Rank 0] -  Val Sensitivity: 0.9841, Val Specificity: 0.7570
[2025-11-18 16:22:10][INFO][Rank 0] -  Total Epoch Time: 1588.86s
[2025-11-18 16:22:10][INFO][Rank 0] - Epoch 11/24
[2025-11-18 16:22:10][INFO][Rank 0] - ----------
[2025-11-18 16:22:10][INFO][Rank 0] - CUDA Memory [train][Step 0]: Device 0: Allocated: 3309.6 MB, Reserved: 117540.0 MB (Δ: +1687.0 MB)
[2025-11-18 16:22:10][INFO][Rank 0] - train phase: total 1935 batches
[2025-11-18 16:22:10][INFO][Rank 0] - train Epoch 11/24: 0.0% (0/1935)
[2025-11-18 16:22:18][INFO][Rank 0] - train Epoch 11/24: 0.5% (10/1935)
[2025-11-18 16:22:25][INFO][Rank 0] - train Epoch 11/24: 1.0% (20/1935)
[2025-11-18 16:22:32][INFO][Rank 0] - train Epoch 11/24: 1.6% (30/1935)
[2025-11-18 16:22:39][INFO][Rank 0] - train Epoch 11/24: 2.1% (40/1935)
[2025-11-18 16:22:46][INFO][Rank 0] - train Epoch 11/24: 2.6% (50/1935)
[2025-11-18 16:22:53][INFO][Rank 0] - train Epoch 11/24: 3.1% (60/1935)
[2025-11-18 16:23:00][INFO][Rank 0] - train Epoch 11/24: 3.6% (70/1935)
[2025-11-18 16:23:07][INFO][Rank 0] - train Epoch 11/24: 4.1% (80/1935)
[2025-11-18 16:23:14][INFO][Rank 0] - train Epoch 11/24: 4.7% (90/1935)
[2025-11-18 16:23:15][INFO][Rank 0] - CUDA Memory [train][Step 90]: Device 0: Allocated: 3309.6 MB, Reserved: 117540.0 MB (Δ: +1687.0 MB)
[2025-11-18 16:23:21][INFO][Rank 0] - train Epoch 11/24: 5.2% (100/1935)
[2025-11-18 16:23:28][INFO][Rank 0] - train Epoch 11/24: 5.7% (110/1935)
[2025-11-18 16:23:35][INFO][Rank 0] - train Epoch 11/24: 6.2% (120/1935)
[2025-11-18 16:23:42][INFO][Rank 0] - train Epoch 11/24: 6.7% (130/1935)
[2025-11-18 16:23:49][INFO][Rank 0] - train Epoch 11/24: 7.2% (140/1935)
[2025-11-18 16:23:56][INFO][Rank 0] - train Epoch 11/24: 7.8% (150/1935)
[2025-11-18 16:24:03][INFO][Rank 0] - train Epoch 11/24: 8.3% (160/1935)
[2025-11-18 16:24:10][INFO][Rank 0] - train Epoch 11/24: 8.8% (170/1935)
[2025-11-18 16:24:17][INFO][Rank 0] - train Epoch 11/24: 9.3% (180/1935)
[2025-11-18 16:24:18][INFO][Rank 0] - CUDA Memory [train][Step 180]: Device 0: Allocated: 3309.6 MB, Reserved: 117540.0 MB (Δ: +1687.0 MB)
[2025-11-18 16:24:25][INFO][Rank 0] - train Epoch 11/24: 9.8% (190/1935)
[2025-11-18 16:24:32][INFO][Rank 0] - train Epoch 11/24: 10.3% (200/1935)
[2025-11-18 16:24:39][INFO][Rank 0] - train Epoch 11/24: 10.9% (210/1935)
[2025-11-18 16:24:46][INFO][Rank 0] - train Epoch 11/24: 11.4% (220/1935)
[2025-11-18 16:24:53][INFO][Rank 0] - train Epoch 11/24: 11.9% (230/1935)
[2025-11-18 16:25:00][INFO][Rank 0] - train Epoch 11/24: 12.4% (240/1935)
[2025-11-18 16:25:07][INFO][Rank 0] - train Epoch 11/24: 12.9% (250/1935)
[2025-11-18 16:25:14][INFO][Rank 0] - train Epoch 11/24: 13.4% (260/1935)
[2025-11-18 16:25:21][INFO][Rank 0] - train Epoch 11/24: 14.0% (270/1935)
[2025-11-18 16:25:22][INFO][Rank 0] - CUDA Memory [train][Step 270]: Device 0: Allocated: 3309.6 MB, Reserved: 117540.0 MB (Δ: +1687.0 MB)
[2025-11-18 16:25:28][INFO][Rank 0] - train Epoch 11/24: 14.5% (280/1935)
[2025-11-18 16:25:35][INFO][Rank 0] - train Epoch 11/24: 15.0% (290/1935)
[2025-11-18 16:25:42][INFO][Rank 0] - train Epoch 11/24: 15.5% (300/1935)
[2025-11-18 16:25:49][INFO][Rank 0] - train Epoch 11/24: 16.0% (310/1935)
[2025-11-18 16:25:56][INFO][Rank 0] - train Epoch 11/24: 16.5% (320/1935)
[2025-11-18 16:26:03][INFO][Rank 0] - train Epoch 11/24: 17.1% (330/1935)
[2025-11-18 16:26:10][INFO][Rank 0] - train Epoch 11/24: 17.6% (340/1935)
[2025-11-18 16:26:17][INFO][Rank 0] - train Epoch 11/24: 18.1% (350/1935)
[2025-11-18 16:26:24][INFO][Rank 0] - train Epoch 11/24: 18.6% (360/1935)
[2025-11-18 16:26:25][INFO][Rank 0] - CUDA Memory [train][Step 360]: Device 0: Allocated: 3309.6 MB, Reserved: 117540.0 MB (Δ: +1687.0 MB)
[2025-11-18 16:26:32][INFO][Rank 0] - train Epoch 11/24: 19.1% (370/1935)
[2025-11-18 16:26:39][INFO][Rank 0] - train Epoch 11/24: 19.6% (380/1935)
[2025-11-18 16:26:46][INFO][Rank 0] - train Epoch 11/24: 20.2% (390/1935)
[2025-11-18 16:26:53][INFO][Rank 0] - train Epoch 11/24: 20.7% (400/1935)
[2025-11-18 16:27:00][INFO][Rank 0] - train Epoch 11/24: 21.2% (410/1935)
[2025-11-18 16:27:07][INFO][Rank 0] - train Epoch 11/24: 21.7% (420/1935)
[2025-11-18 16:27:14][INFO][Rank 0] - train Epoch 11/24: 22.2% (430/1935)
[2025-11-18 16:27:21][INFO][Rank 0] - train Epoch 11/24: 22.7% (440/1935)
[2025-11-18 16:27:28][INFO][Rank 0] - train Epoch 11/24: 23.3% (450/1935)
[2025-11-18 16:27:29][INFO][Rank 0] - CUDA Memory [train][Step 450]: Device 0: Allocated: 3309.6 MB, Reserved: 117540.0 MB (Δ: +1687.0 MB)
[2025-11-18 16:27:35][INFO][Rank 0] - train Epoch 11/24: 23.8% (460/1935)
[2025-11-18 16:27:42][INFO][Rank 0] - train Epoch 11/24: 24.3% (470/1935)
[2025-11-18 16:27:49][INFO][Rank 0] - train Epoch 11/24: 24.8% (480/1935)
[2025-11-18 16:27:56][INFO][Rank 0] - train Epoch 11/24: 25.3% (490/1935)
[2025-11-18 16:28:03][INFO][Rank 0] - train Epoch 11/24: 25.8% (500/1935)
[2025-11-18 16:28:10][INFO][Rank 0] - train Epoch 11/24: 26.4% (510/1935)
[2025-11-18 16:28:17][INFO][Rank 0] - train Epoch 11/24: 26.9% (520/1935)
[2025-11-18 16:28:24][INFO][Rank 0] - train Epoch 11/24: 27.4% (530/1935)
[2025-11-18 16:28:31][INFO][Rank 0] - train Epoch 11/24: 27.9% (540/1935)
[2025-11-18 16:28:32][INFO][Rank 0] - CUDA Memory [train][Step 540]: Device 0: Allocated: 3309.6 MB, Reserved: 117540.0 MB (Δ: +1687.0 MB)
[2025-11-18 16:28:39][INFO][Rank 0] - train Epoch 11/24: 28.4% (550/1935)
[2025-11-18 16:28:46][INFO][Rank 0] - train Epoch 11/24: 28.9% (560/1935)
[2025-11-18 16:28:53][INFO][Rank 0] - train Epoch 11/24: 29.5% (570/1935)
[2025-11-18 16:29:00][INFO][Rank 0] - train Epoch 11/24: 30.0% (580/1935)
[2025-11-18 16:29:07][INFO][Rank 0] - train Epoch 11/24: 30.5% (590/1935)
[2025-11-18 16:29:14][INFO][Rank 0] - train Epoch 11/24: 31.0% (600/1935)
[2025-11-18 16:29:21][INFO][Rank 0] - train Epoch 11/24: 31.5% (610/1935)
[2025-11-18 16:29:28][INFO][Rank 0] - train Epoch 11/24: 32.0% (620/1935)
[2025-11-18 16:29:35][INFO][Rank 0] - train Epoch 11/24: 32.6% (630/1935)
[2025-11-18 16:29:36][INFO][Rank 0] - CUDA Memory [train][Step 630]: Device 0: Allocated: 3309.6 MB, Reserved: 117540.0 MB (Δ: +1687.0 MB)
[2025-11-18 16:29:42][INFO][Rank 0] - train Epoch 11/24: 33.1% (640/1935)
[2025-11-18 16:29:49][INFO][Rank 0] - train Epoch 11/24: 33.6% (650/1935)
[2025-11-18 16:29:56][INFO][Rank 0] - train Epoch 11/24: 34.1% (660/1935)
[2025-11-18 16:30:03][INFO][Rank 0] - train Epoch 11/24: 34.6% (670/1935)
[2025-11-18 16:30:10][INFO][Rank 0] - train Epoch 11/24: 35.1% (680/1935)
[2025-11-18 16:30:17][INFO][Rank 0] - train Epoch 11/24: 35.7% (690/1935)
[2025-11-18 16:30:24][INFO][Rank 0] - train Epoch 11/24: 36.2% (700/1935)
[2025-11-18 16:30:31][INFO][Rank 0] - train Epoch 11/24: 36.7% (710/1935)
[2025-11-18 16:30:38][INFO][Rank 0] - train Epoch 11/24: 37.2% (720/1935)
[2025-11-18 16:30:39][INFO][Rank 0] - CUDA Memory [train][Step 720]: Device 0: Allocated: 3309.6 MB, Reserved: 117540.0 MB (Δ: +1687.0 MB)
[2025-11-18 16:30:46][INFO][Rank 0] - train Epoch 11/24: 37.7% (730/1935)
[2025-11-18 16:30:53][INFO][Rank 0] - train Epoch 11/24: 38.2% (740/1935)
[2025-11-18 16:31:00][INFO][Rank 0] - train Epoch 11/24: 38.8% (750/1935)
[2025-11-18 16:31:07][INFO][Rank 0] - train Epoch 11/24: 39.3% (760/1935)
[2025-11-18 16:31:14][INFO][Rank 0] - train Epoch 11/24: 39.8% (770/1935)
[2025-11-18 16:31:21][INFO][Rank 0] - train Epoch 11/24: 40.3% (780/1935)
[2025-11-18 16:31:28][INFO][Rank 0] - train Epoch 11/24: 40.8% (790/1935)
[2025-11-18 16:31:35][INFO][Rank 0] - train Epoch 11/24: 41.3% (800/1935)
[2025-11-18 16:31:42][INFO][Rank 0] - train Epoch 11/24: 41.9% (810/1935)
[2025-11-18 16:31:43][INFO][Rank 0] - CUDA Memory [train][Step 810]: Device 0: Allocated: 3309.6 MB, Reserved: 117540.0 MB (Δ: +1687.0 MB)
[2025-11-18 16:31:49][INFO][Rank 0] - train Epoch 11/24: 42.4% (820/1935)
[2025-11-18 16:31:56][INFO][Rank 0] - train Epoch 11/24: 42.9% (830/1935)
[2025-11-18 16:32:03][INFO][Rank 0] - train Epoch 11/24: 43.4% (840/1935)
[2025-11-18 16:32:10][INFO][Rank 0] - train Epoch 11/24: 43.9% (850/1935)
[2025-11-18 16:32:17][INFO][Rank 0] - train Epoch 11/24: 44.4% (860/1935)
[2025-11-18 16:32:24][INFO][Rank 0] - train Epoch 11/24: 45.0% (870/1935)
[2025-11-18 16:32:31][INFO][Rank 0] - train Epoch 11/24: 45.5% (880/1935)
[2025-11-18 16:32:38][INFO][Rank 0] - train Epoch 11/24: 46.0% (890/1935)
[2025-11-18 16:32:45][INFO][Rank 0] - train Epoch 11/24: 46.5% (900/1935)
[2025-11-18 16:32:46][INFO][Rank 0] - CUDA Memory [train][Step 900]: Device 0: Allocated: 3309.6 MB, Reserved: 117540.0 MB (Δ: +1687.0 MB)
[2025-11-18 16:32:53][INFO][Rank 0] - train Epoch 11/24: 47.0% (910/1935)
[2025-11-18 16:33:00][INFO][Rank 0] - train Epoch 11/24: 47.5% (920/1935)
[2025-11-18 16:33:07][INFO][Rank 0] - train Epoch 11/24: 48.1% (930/1935)
[2025-11-18 16:33:14][INFO][Rank 0] - train Epoch 11/24: 48.6% (940/1935)
[2025-11-18 16:33:21][INFO][Rank 0] - train Epoch 11/24: 49.1% (950/1935)
[2025-11-18 16:33:28][INFO][Rank 0] - train Epoch 11/24: 49.6% (960/1935)
[2025-11-18 16:33:35][INFO][Rank 0] - train Epoch 11/24: 50.1% (970/1935)
[2025-11-18 16:33:42][INFO][Rank 0] - train Epoch 11/24: 50.6% (980/1935)
[2025-11-18 16:33:49][INFO][Rank 0] - train Epoch 11/24: 51.2% (990/1935)
[2025-11-18 16:33:50][INFO][Rank 0] - CUDA Memory [train][Step 990]: Device 0: Allocated: 3309.6 MB, Reserved: 117540.0 MB (Δ: +1687.0 MB)
[2025-11-18 16:33:56][INFO][Rank 0] - train Epoch 11/24: 51.7% (1000/1935)
[2025-11-18 16:34:03][INFO][Rank 0] - train Epoch 11/24: 52.2% (1010/1935)
[2025-11-18 16:34:10][INFO][Rank 0] - train Epoch 11/24: 52.7% (1020/1935)
[2025-11-18 16:34:17][INFO][Rank 0] - train Epoch 11/24: 53.2% (1030/1935)
[2025-11-18 16:34:24][INFO][Rank 0] - train Epoch 11/24: 53.7% (1040/1935)
[2025-11-18 16:34:31][INFO][Rank 0] - train Epoch 11/24: 54.3% (1050/1935)
[2025-11-18 16:34:38][INFO][Rank 0] - train Epoch 11/24: 54.8% (1060/1935)
[2025-11-18 16:34:45][INFO][Rank 0] - train Epoch 11/24: 55.3% (1070/1935)
[2025-11-18 16:34:52][INFO][Rank 0] - train Epoch 11/24: 55.8% (1080/1935)
[2025-11-18 16:34:53][INFO][Rank 0] - CUDA Memory [train][Step 1080]: Device 0: Allocated: 3309.6 MB, Reserved: 117540.0 MB (Δ: +1687.0 MB)
[2025-11-18 16:35:00][INFO][Rank 0] - train Epoch 11/24: 56.3% (1090/1935)
[2025-11-18 16:35:07][INFO][Rank 0] - train Epoch 11/24: 56.8% (1100/1935)
[2025-11-18 16:35:14][INFO][Rank 0] - train Epoch 11/24: 57.4% (1110/1935)
[2025-11-18 16:35:21][INFO][Rank 0] - train Epoch 11/24: 57.9% (1120/1935)
[2025-11-18 16:35:28][INFO][Rank 0] - train Epoch 11/24: 58.4% (1130/1935)
[2025-11-18 16:35:35][INFO][Rank 0] - train Epoch 11/24: 58.9% (1140/1935)
[2025-11-18 16:35:42][INFO][Rank 0] - train Epoch 11/24: 59.4% (1150/1935)
[2025-11-18 16:35:49][INFO][Rank 0] - train Epoch 11/24: 59.9% (1160/1935)
[2025-11-18 16:35:56][INFO][Rank 0] - train Epoch 11/24: 60.5% (1170/1935)
[2025-11-18 16:35:57][INFO][Rank 0] - CUDA Memory [train][Step 1170]: Device 0: Allocated: 3309.6 MB, Reserved: 117540.0 MB (Δ: +1687.0 MB)
[2025-11-18 16:36:03][INFO][Rank 0] - train Epoch 11/24: 61.0% (1180/1935)
[2025-11-18 16:36:10][INFO][Rank 0] - train Epoch 11/24: 61.5% (1190/1935)
[2025-11-18 16:36:17][INFO][Rank 0] - train Epoch 11/24: 62.0% (1200/1935)
[2025-11-18 16:36:24][INFO][Rank 0] - train Epoch 11/24: 62.5% (1210/1935)
[2025-11-18 16:36:31][INFO][Rank 0] - train Epoch 11/24: 63.0% (1220/1935)
[2025-11-18 16:36:38][INFO][Rank 0] - train Epoch 11/24: 63.6% (1230/1935)
[2025-11-18 16:36:45][INFO][Rank 0] - train Epoch 11/24: 64.1% (1240/1935)
[2025-11-18 16:36:52][INFO][Rank 0] - train Epoch 11/24: 64.6% (1250/1935)
[2025-11-18 16:36:59][INFO][Rank 0] - train Epoch 11/24: 65.1% (1260/1935)
[2025-11-18 16:37:00][INFO][Rank 0] - CUDA Memory [train][Step 1260]: Device 0: Allocated: 3309.6 MB, Reserved: 117540.0 MB (Δ: +1687.0 MB)
[2025-11-18 16:37:06][INFO][Rank 0] - train Epoch 11/24: 65.6% (1270/1935)
[2025-11-18 16:37:14][INFO][Rank 0] - train Epoch 11/24: 66.1% (1280/1935)
[2025-11-18 16:37:21][INFO][Rank 0] - train Epoch 11/24: 66.7% (1290/1935)
[2025-11-18 16:37:28][INFO][Rank 0] - train Epoch 11/24: 67.2% (1300/1935)
[2025-11-18 16:37:35][INFO][Rank 0] - train Epoch 11/24: 67.7% (1310/1935)
[2025-11-18 16:37:42][INFO][Rank 0] - train Epoch 11/24: 68.2% (1320/1935)
[2025-11-18 16:37:49][INFO][Rank 0] - train Epoch 11/24: 68.7% (1330/1935)
[2025-11-18 16:37:56][INFO][Rank 0] - train Epoch 11/24: 69.3% (1340/1935)
[2025-11-18 16:38:03][INFO][Rank 0] - train Epoch 11/24: 69.8% (1350/1935)
[2025-11-18 16:38:04][INFO][Rank 0] - CUDA Memory [train][Step 1350]: Device 0: Allocated: 3309.6 MB, Reserved: 117540.0 MB (Δ: +1687.0 MB)
[2025-11-18 16:38:10][INFO][Rank 0] - train Epoch 11/24: 70.3% (1360/1935)
[2025-11-18 16:38:17][INFO][Rank 0] - train Epoch 11/24: 70.8% (1370/1935)
[2025-11-18 16:38:24][INFO][Rank 0] - train Epoch 11/24: 71.3% (1380/1935)
[2025-11-18 16:38:31][INFO][Rank 0] - train Epoch 11/24: 71.8% (1390/1935)
[2025-11-18 16:38:38][INFO][Rank 0] - train Epoch 11/24: 72.4% (1400/1935)
[2025-11-18 16:38:45][INFO][Rank 0] - train Epoch 11/24: 72.9% (1410/1935)
[2025-11-18 16:38:52][INFO][Rank 0] - train Epoch 11/24: 73.4% (1420/1935)
[2025-11-18 16:38:59][INFO][Rank 0] - train Epoch 11/24: 73.9% (1430/1935)
[2025-11-18 16:39:07][INFO][Rank 0] - train Epoch 11/24: 74.4% (1440/1935)
[2025-11-18 16:39:07][INFO][Rank 0] - CUDA Memory [train][Step 1440]: Device 0: Allocated: 3309.6 MB, Reserved: 117540.0 MB (Δ: +1687.0 MB)
[2025-11-18 16:39:14][INFO][Rank 0] - train Epoch 11/24: 74.9% (1450/1935)
[2025-11-18 16:39:21][INFO][Rank 0] - train Epoch 11/24: 75.5% (1460/1935)
[2025-11-18 16:39:28][INFO][Rank 0] - train Epoch 11/24: 76.0% (1470/1935)
[2025-11-18 16:39:35][INFO][Rank 0] - train Epoch 11/24: 76.5% (1480/1935)
[2025-11-18 16:39:42][INFO][Rank 0] - train Epoch 11/24: 77.0% (1490/1935)
[2025-11-18 16:39:49][INFO][Rank 0] - train Epoch 11/24: 77.5% (1500/1935)
[2025-11-18 16:39:56][INFO][Rank 0] - train Epoch 11/24: 78.0% (1510/1935)
[2025-11-18 16:40:03][INFO][Rank 0] - train Epoch 11/24: 78.6% (1520/1935)
[2025-11-18 16:40:10][INFO][Rank 0] - train Epoch 11/24: 79.1% (1530/1935)
[2025-11-18 16:40:11][INFO][Rank 0] - CUDA Memory [train][Step 1530]: Device 0: Allocated: 3309.6 MB, Reserved: 117540.0 MB (Δ: +1687.0 MB)
[2025-11-18 16:40:17][INFO][Rank 0] - train Epoch 11/24: 79.6% (1540/1935)
[2025-11-18 16:40:24][INFO][Rank 0] - train Epoch 11/24: 80.1% (1550/1935)
[2025-11-18 16:40:31][INFO][Rank 0] - train Epoch 11/24: 80.6% (1560/1935)
[2025-11-18 16:40:38][INFO][Rank 0] - train Epoch 11/24: 81.1% (1570/1935)
[2025-11-18 16:40:45][INFO][Rank 0] - train Epoch 11/24: 81.7% (1580/1935)
[2025-11-18 16:40:52][INFO][Rank 0] - train Epoch 11/24: 82.2% (1590/1935)
[2025-11-18 16:40:59][INFO][Rank 0] - train Epoch 11/24: 82.7% (1600/1935)
[2025-11-18 16:41:07][INFO][Rank 0] - train Epoch 11/24: 83.2% (1610/1935)
[2025-11-18 16:41:14][INFO][Rank 0] - train Epoch 11/24: 83.7% (1620/1935)
[2025-11-18 16:41:14][INFO][Rank 0] - CUDA Memory [train][Step 1620]: Device 0: Allocated: 3309.6 MB, Reserved: 117540.0 MB (Δ: +1687.0 MB)
[2025-11-18 16:41:21][INFO][Rank 0] - train Epoch 11/24: 84.2% (1630/1935)
[2025-11-18 16:41:28][INFO][Rank 0] - train Epoch 11/24: 84.8% (1640/1935)
[2025-11-18 16:41:35][INFO][Rank 0] - train Epoch 11/24: 85.3% (1650/1935)
[2025-11-18 16:41:42][INFO][Rank 0] - train Epoch 11/24: 85.8% (1660/1935)
[2025-11-18 16:41:49][INFO][Rank 0] - train Epoch 11/24: 86.3% (1670/1935)
[2025-11-18 16:41:56][INFO][Rank 0] - train Epoch 11/24: 86.8% (1680/1935)
[2025-11-18 16:42:03][INFO][Rank 0] - train Epoch 11/24: 87.3% (1690/1935)
[2025-11-18 16:42:10][INFO][Rank 0] - train Epoch 11/24: 87.9% (1700/1935)
[2025-11-18 16:42:17][INFO][Rank 0] - train Epoch 11/24: 88.4% (1710/1935)
[2025-11-18 16:42:18][INFO][Rank 0] - CUDA Memory [train][Step 1710]: Device 0: Allocated: 3309.6 MB, Reserved: 117540.0 MB (Δ: +1687.0 MB)
[2025-11-18 16:42:24][INFO][Rank 0] - train Epoch 11/24: 88.9% (1720/1935)
[2025-11-18 16:42:31][INFO][Rank 0] - train Epoch 11/24: 89.4% (1730/1935)
[2025-11-18 16:42:38][INFO][Rank 0] - train Epoch 11/24: 89.9% (1740/1935)
[2025-11-18 16:42:45][INFO][Rank 0] - train Epoch 11/24: 90.4% (1750/1935)
[2025-11-18 16:42:52][INFO][Rank 0] - train Epoch 11/24: 91.0% (1760/1935)
[2025-11-18 16:42:59][INFO][Rank 0] - train Epoch 11/24: 91.5% (1770/1935)
[2025-11-18 16:43:07][INFO][Rank 0] - train Epoch 11/24: 92.0% (1780/1935)
[2025-11-18 16:43:14][INFO][Rank 0] - train Epoch 11/24: 92.5% (1790/1935)
[2025-11-18 16:43:21][INFO][Rank 0] - train Epoch 11/24: 93.0% (1800/1935)
[2025-11-18 16:43:21][INFO][Rank 0] - CUDA Memory [train][Step 1800]: Device 0: Allocated: 3309.6 MB, Reserved: 117540.0 MB (Δ: +1687.0 MB)
[2025-11-18 16:43:28][INFO][Rank 0] - train Epoch 11/24: 93.5% (1810/1935)
[2025-11-18 16:43:35][INFO][Rank 0] - train Epoch 11/24: 94.1% (1820/1935)
[2025-11-18 16:43:42][INFO][Rank 0] - train Epoch 11/24: 94.6% (1830/1935)
[2025-11-18 16:43:49][INFO][Rank 0] - train Epoch 11/24: 95.1% (1840/1935)
[2025-11-18 16:43:56][INFO][Rank 0] - train Epoch 11/24: 95.6% (1850/1935)
[2025-11-18 16:44:03][INFO][Rank 0] - train Epoch 11/24: 96.1% (1860/1935)
[2025-11-18 16:44:10][INFO][Rank 0] - train Epoch 11/24: 96.6% (1870/1935)
[2025-11-18 16:44:17][INFO][Rank 0] - train Epoch 11/24: 97.2% (1880/1935)
[2025-11-18 16:44:24][INFO][Rank 0] - train Epoch 11/24: 97.7% (1890/1935)
[2025-11-18 16:44:25][INFO][Rank 0] - CUDA Memory [train][Step 1890]: Device 0: Allocated: 3309.6 MB, Reserved: 117540.0 MB (Δ: +1687.0 MB)
[2025-11-18 16:44:31][INFO][Rank 0] - train Epoch 11/24: 98.2% (1900/1935)
[2025-11-18 16:44:38][INFO][Rank 0] - train Epoch 11/24: 98.7% (1910/1935)
[2025-11-18 16:44:45][INFO][Rank 0] - train Epoch 11/24: 99.2% (1920/1935)
[2025-11-18 16:44:52][INFO][Rank 0] - train Epoch 11/24: 99.7% (1930/1935)
[2025-11-18 16:44:55][INFO][Rank 0] - train Epoch 11/24: 99.9% (1934/1935)
[2025-11-18 16:44:56][INFO][Rank 0] - train Loss: 0.1557 Acc: 0.9734 F1: 0.9862
[2025-11-18 16:44:56][INFO][Rank 0] - train Balanced Acc: 0.8961 AUC-ROC: 0.9670
[2025-11-18 16:44:56][INFO][Rank 0] - train Sensitivity: 0.9774 Specificity: 0.8147
[2025-11-18 16:44:56][INFO][Rank 0] - train Confusion Matrix: TP=18448, FP=88, FN=427, TN=387
[2025-11-18 16:44:56][INFO][Rank 0] - train completed in 1366.06s
[2025-11-18 16:44:56][INFO][Rank 0] - Data loading time: 1.17s, Forward time: 277.80s, Backward time: 740.01s
[2025-11-18 16:44:56][INFO][Rank 0] - train cache: 0/1 items, hit rate: 0.00%
[2025-11-18 16:44:56][INFO][Rank 0] - CUDA Memory [val][Step 0]: Device 0: Allocated: 3309.6 MB, Reserved: 117540.0 MB (Δ: +1687.0 MB)
[2025-11-18 16:44:56][INFO][Rank 0] - val phase: total 412 batches
[2025-11-18 16:44:56][INFO][Rank 0] - val Epoch 11/24: 0.0% (0/412)
[2025-11-18 16:45:01][INFO][Rank 0] - val Epoch 11/24: 2.4% (10/412)
[2025-11-18 16:45:06][INFO][Rank 0] - val Epoch 11/24: 4.9% (20/412)
[2025-11-18 16:45:11][INFO][Rank 0] - val Epoch 11/24: 7.3% (30/412)
[2025-11-18 16:45:16][INFO][Rank 0] - val Epoch 11/24: 9.7% (40/412)
[2025-11-18 16:45:21][INFO][Rank 0] - val Epoch 11/24: 12.1% (50/412)
[2025-11-18 16:45:26][INFO][Rank 0] - val Epoch 11/24: 14.6% (60/412)
[2025-11-18 16:45:31][INFO][Rank 0] - val Epoch 11/24: 17.0% (70/412)
[2025-11-18 16:45:36][INFO][Rank 0] - val Epoch 11/24: 19.4% (80/412)
[2025-11-18 16:45:41][INFO][Rank 0] - val Epoch 11/24: 21.8% (90/412)
[2025-11-18 16:45:46][INFO][Rank 0] - val Epoch 11/24: 24.3% (100/412)
[2025-11-18 16:45:52][INFO][Rank 0] - val Epoch 11/24: 26.7% (110/412)
[2025-11-18 16:45:57][INFO][Rank 0] - val Epoch 11/24: 29.1% (120/412)
[2025-11-18 16:45:57][INFO][Rank 0] - CUDA Memory [val][Step 120]: Device 0: Allocated: 3309.6 MB, Reserved: 117540.0 MB (Δ: +1687.0 MB)
[2025-11-18 16:46:02][INFO][Rank 0] - val Epoch 11/24: 31.6% (130/412)
[2025-11-18 16:46:07][INFO][Rank 0] - val Epoch 11/24: 34.0% (140/412)
[2025-11-18 16:46:12][INFO][Rank 0] - val Epoch 11/24: 36.4% (150/412)
[2025-11-18 16:46:17][INFO][Rank 0] - val Epoch 11/24: 38.8% (160/412)
[2025-11-18 16:46:22][INFO][Rank 0] - val Epoch 11/24: 41.3% (170/412)
[2025-11-18 16:46:27][INFO][Rank 0] - val Epoch 11/24: 43.7% (180/412)
[2025-11-18 16:46:32][INFO][Rank 0] - val Epoch 11/24: 46.1% (190/412)
[2025-11-18 16:46:37][INFO][Rank 0] - val Epoch 11/24: 48.5% (200/412)
[2025-11-18 16:46:42][INFO][Rank 0] - val Epoch 11/24: 51.0% (210/412)
[2025-11-18 16:46:47][INFO][Rank 0] - val Epoch 11/24: 53.4% (220/412)
[2025-11-18 16:46:52][INFO][Rank 0] - val Epoch 11/24: 55.8% (230/412)
[2025-11-18 16:46:57][INFO][Rank 0] - val Epoch 11/24: 58.3% (240/412)
[2025-11-18 16:46:57][INFO][Rank 0] - CUDA Memory [val][Step 240]: Device 0: Allocated: 3309.6 MB, Reserved: 117540.0 MB (Δ: +1687.0 MB)
[2025-11-18 16:47:02][INFO][Rank 0] - val Epoch 11/24: 60.7% (250/412)
[2025-11-18 16:47:07][INFO][Rank 0] - val Epoch 11/24: 63.1% (260/412)
[2025-11-18 16:47:12][INFO][Rank 0] - val Epoch 11/24: 65.5% (270/412)
[2025-11-18 16:47:17][INFO][Rank 0] - val Epoch 11/24: 68.0% (280/412)
[2025-11-18 16:47:22][INFO][Rank 0] - val Epoch 11/24: 70.4% (290/412)
[2025-11-18 16:47:27][INFO][Rank 0] - val Epoch 11/24: 72.8% (300/412)
[2025-11-18 16:47:32][INFO][Rank 0] - val Epoch 11/24: 75.2% (310/412)
[2025-11-18 16:47:37][INFO][Rank 0] - val Epoch 11/24: 77.7% (320/412)
[2025-11-18 16:47:42][INFO][Rank 0] - val Epoch 11/24: 80.1% (330/412)
[2025-11-18 16:47:47][INFO][Rank 0] - val Epoch 11/24: 82.5% (340/412)
[2025-11-18 16:47:52][INFO][Rank 0] - val Epoch 11/24: 85.0% (350/412)
[2025-11-18 16:47:57][INFO][Rank 0] - val Epoch 11/24: 87.4% (360/412)
[2025-11-18 16:47:58][INFO][Rank 0] - CUDA Memory [val][Step 360]: Device 0: Allocated: 3309.6 MB, Reserved: 117540.0 MB (Δ: +1687.0 MB)
[2025-11-18 16:48:02][INFO][Rank 0] - val Epoch 11/24: 89.8% (370/412)
[2025-11-18 16:48:07][INFO][Rank 0] - val Epoch 11/24: 92.2% (380/412)
[2025-11-18 16:48:12][INFO][Rank 0] - val Epoch 11/24: 94.7% (390/412)
[2025-11-18 16:48:17][INFO][Rank 0] - val Epoch 11/24: 97.1% (400/412)
[2025-11-18 16:48:22][INFO][Rank 0] - val Epoch 11/24: 99.5% (410/412)
[2025-11-18 16:48:23][INFO][Rank 0] - val Epoch 11/24: 99.8% (411/412)
[2025-11-18 16:48:23][INFO][Rank 0] - val Loss: 0.1045 Acc: 0.9803 F1: 0.9899
[2025-11-18 16:48:23][INFO][Rank 0] - val Balanced Acc: 0.8580 AUC-ROC: 0.9797
[2025-11-18 16:48:23][INFO][Rank 0] - val Sensitivity: 0.9870 Specificity: 0.7290
[2025-11-18 16:48:23][INFO][Rank 0] - val Confusion Matrix: TP=3961, FP=29, FN=52, TN=78
[2025-11-18 16:48:23][INFO][Rank 0] - val completed in 207.49s
[2025-11-18 16:48:23][INFO][Rank 0] - val cache: 0/1 items, hit rate: 0.00%
[2025-11-18 16:48:28][INFO][Rank 0] - Saved new best auc model with auc: 0.9797 at /projects/retprogression/rgarridogarcia/checkpoints/cropped1024_cropped_centered_allR_2/best_auc_model.pth
[2025-11-18 16:48:32][INFO][Rank 0] - Saved epoch checkpoint at /projects/retprogression/rgarridogarcia/checkpoints/cropped1024_cropped_centered_allR_2/epoch_11.pth
[2025-11-18 16:48:32][INFO][Rank 0] - Epoch 11 summary:
[2025-11-18 16:48:32][INFO][Rank 0] -  Train Loss: 0.1557, Train Acc: 0.9734, Train F1: 0.9862
[2025-11-18 16:48:32][INFO][Rank 0] -  Train Balanced Acc: 0.8961, Train AUC: 0.9670
[2025-11-18 16:48:32][INFO][Rank 0] -  Train Sensitivity: 0.9774, Train Specificity: 0.8147
[2025-11-18 16:48:32][INFO][Rank 0] -  Val Loss: 0.1045, Val Acc: 0.9803, Val F1: 0.9899
[2025-11-18 16:48:32][INFO][Rank 0] -  Val Balanced Acc: 0.8580, Val AUC: 0.9797
[2025-11-18 16:48:32][INFO][Rank 0] -  Val Sensitivity: 0.9870, Val Specificity: 0.7290
[2025-11-18 16:48:32][INFO][Rank 0] -  Total Epoch Time: 1581.63s
[2025-11-18 16:48:32][INFO][Rank 0] - Epoch 12/24
[2025-11-18 16:48:32][INFO][Rank 0] - ----------
[2025-11-18 16:48:32][INFO][Rank 0] - CUDA Memory [train][Step 0]: Device 0: Allocated: 3309.6 MB, Reserved: 117540.0 MB (Δ: +1687.0 MB)
[2025-11-18 16:48:32][INFO][Rank 0] - train phase: total 1935 batches
[2025-11-18 16:48:32][INFO][Rank 0] - train Epoch 12/24: 0.0% (0/1935)
[2025-11-18 16:48:39][INFO][Rank 0] - train Epoch 12/24: 0.5% (10/1935)
[2025-11-18 16:48:46][INFO][Rank 0] - train Epoch 12/24: 1.0% (20/1935)
[2025-11-18 16:48:53][INFO][Rank 0] - train Epoch 12/24: 1.6% (30/1935)
[2025-11-18 16:49:00][INFO][Rank 0] - train Epoch 12/24: 2.1% (40/1935)
[2025-11-18 16:49:07][INFO][Rank 0] - train Epoch 12/24: 2.6% (50/1935)
[2025-11-18 16:49:14][INFO][Rank 0] - train Epoch 12/24: 3.1% (60/1935)
[2025-11-18 16:49:21][INFO][Rank 0] - train Epoch 12/24: 3.6% (70/1935)
[2025-11-18 16:49:28][INFO][Rank 0] - train Epoch 12/24: 4.1% (80/1935)
[2025-11-18 16:49:35][INFO][Rank 0] - train Epoch 12/24: 4.7% (90/1935)
[2025-11-18 16:49:36][INFO][Rank 0] - CUDA Memory [train][Step 90]: Device 0: Allocated: 3309.6 MB, Reserved: 117540.0 MB (Δ: +1687.0 MB)
[2025-11-18 16:49:43][INFO][Rank 0] - train Epoch 12/24: 5.2% (100/1935)
[2025-11-18 16:49:50][INFO][Rank 0] - train Epoch 12/24: 5.7% (110/1935)
[2025-11-18 16:49:57][INFO][Rank 0] - train Epoch 12/24: 6.2% (120/1935)
[2025-11-18 16:50:04][INFO][Rank 0] - train Epoch 12/24: 6.7% (130/1935)
[2025-11-18 16:50:11][INFO][Rank 0] - train Epoch 12/24: 7.2% (140/1935)
[2025-11-18 16:50:18][INFO][Rank 0] - train Epoch 12/24: 7.8% (150/1935)
[2025-11-18 16:50:25][INFO][Rank 0] - train Epoch 12/24: 8.3% (160/1935)
[2025-11-18 16:50:32][INFO][Rank 0] - train Epoch 12/24: 8.8% (170/1935)
[2025-11-18 16:50:39][INFO][Rank 0] - train Epoch 12/24: 9.3% (180/1935)
[2025-11-18 16:50:40][INFO][Rank 0] - CUDA Memory [train][Step 180]: Device 0: Allocated: 3309.6 MB, Reserved: 117540.0 MB (Δ: +1687.0 MB)
[2025-11-18 16:50:46][INFO][Rank 0] - train Epoch 12/24: 9.8% (190/1935)
[2025-11-18 16:50:53][INFO][Rank 0] - train Epoch 12/24: 10.3% (200/1935)
[2025-11-18 16:51:00][INFO][Rank 0] - train Epoch 12/24: 10.9% (210/1935)
[2025-11-18 16:51:07][INFO][Rank 0] - train Epoch 12/24: 11.4% (220/1935)
[2025-11-18 16:51:14][INFO][Rank 0] - train Epoch 12/24: 11.9% (230/1935)
[2025-11-18 16:51:21][INFO][Rank 0] - train Epoch 12/24: 12.4% (240/1935)
[2025-11-18 16:51:28][INFO][Rank 0] - train Epoch 12/24: 12.9% (250/1935)
[2025-11-18 16:51:35][INFO][Rank 0] - train Epoch 12/24: 13.4% (260/1935)
[2025-11-18 16:51:42][INFO][Rank 0] - train Epoch 12/24: 14.0% (270/1935)
[2025-11-18 16:51:43][INFO][Rank 0] - CUDA Memory [train][Step 270]: Device 0: Allocated: 3309.6 MB, Reserved: 117540.0 MB (Δ: +1687.0 MB)
[2025-11-18 16:51:50][INFO][Rank 0] - train Epoch 12/24: 14.5% (280/1935)
[2025-11-18 16:51:57][INFO][Rank 0] - train Epoch 12/24: 15.0% (290/1935)
[2025-11-18 16:52:04][INFO][Rank 0] - train Epoch 12/24: 15.5% (300/1935)
[2025-11-18 16:52:11][INFO][Rank 0] - train Epoch 12/24: 16.0% (310/1935)
[2025-11-18 16:52:18][INFO][Rank 0] - train Epoch 12/24: 16.5% (320/1935)
[2025-11-18 16:52:25][INFO][Rank 0] - train Epoch 12/24: 17.1% (330/1935)
[2025-11-18 16:52:32][INFO][Rank 0] - train Epoch 12/24: 17.6% (340/1935)
[2025-11-18 16:52:39][INFO][Rank 0] - train Epoch 12/24: 18.1% (350/1935)
[2025-11-18 16:52:46][INFO][Rank 0] - train Epoch 12/24: 18.6% (360/1935)
[2025-11-18 16:52:47][INFO][Rank 0] - CUDA Memory [train][Step 360]: Device 0: Allocated: 3309.6 MB, Reserved: 117540.0 MB (Δ: +1687.0 MB)
[2025-11-18 16:52:53][INFO][Rank 0] - train Epoch 12/24: 19.1% (370/1935)
[2025-11-18 16:53:00][INFO][Rank 0] - train Epoch 12/24: 19.6% (380/1935)
[2025-11-18 16:53:07][INFO][Rank 0] - train Epoch 12/24: 20.2% (390/1935)
[2025-11-18 16:53:14][INFO][Rank 0] - train Epoch 12/24: 20.7% (400/1935)
[2025-11-18 16:53:21][INFO][Rank 0] - train Epoch 12/24: 21.2% (410/1935)
[2025-11-18 16:53:28][INFO][Rank 0] - train Epoch 12/24: 21.7% (420/1935)
[2025-11-18 16:53:35][INFO][Rank 0] - train Epoch 12/24: 22.2% (430/1935)
[2025-11-18 16:53:42][INFO][Rank 0] - train Epoch 12/24: 22.7% (440/1935)
[2025-11-18 16:53:50][INFO][Rank 0] - train Epoch 12/24: 23.3% (450/1935)
[2025-11-18 16:53:50][INFO][Rank 0] - CUDA Memory [train][Step 450]: Device 0: Allocated: 3309.6 MB, Reserved: 117540.0 MB (Δ: +1687.0 MB)
[2025-11-18 16:53:57][INFO][Rank 0] - train Epoch 12/24: 23.8% (460/1935)
[2025-11-18 16:54:04][INFO][Rank 0] - train Epoch 12/24: 24.3% (470/1935)
[2025-11-18 16:54:11][INFO][Rank 0] - train Epoch 12/24: 24.8% (480/1935)
[2025-11-18 16:54:18][INFO][Rank 0] - train Epoch 12/24: 25.3% (490/1935)
[2025-11-18 16:54:25][INFO][Rank 0] - train Epoch 12/24: 25.8% (500/1935)
[2025-11-18 16:54:32][INFO][Rank 0] - train Epoch 12/24: 26.4% (510/1935)
[2025-11-18 16:54:39][INFO][Rank 0] - train Epoch 12/24: 26.9% (520/1935)
[2025-11-18 16:54:46][INFO][Rank 0] - train Epoch 12/24: 27.4% (530/1935)
[2025-11-18 16:54:53][INFO][Rank 0] - train Epoch 12/24: 27.9% (540/1935)
[2025-11-18 16:54:54][INFO][Rank 0] - CUDA Memory [train][Step 540]: Device 0: Allocated: 3309.6 MB, Reserved: 117540.0 MB (Δ: +1687.0 MB)
[2025-11-18 16:55:00][INFO][Rank 0] - train Epoch 12/24: 28.4% (550/1935)
[2025-11-18 16:55:07][INFO][Rank 0] - train Epoch 12/24: 28.9% (560/1935)
[2025-11-18 16:55:14][INFO][Rank 0] - train Epoch 12/24: 29.5% (570/1935)
[2025-11-18 16:55:21][INFO][Rank 0] - train Epoch 12/24: 30.0% (580/1935)
[2025-11-18 16:55:28][INFO][Rank 0] - train Epoch 12/24: 30.5% (590/1935)
[2025-11-18 16:55:35][INFO][Rank 0] - train Epoch 12/24: 31.0% (600/1935)
[2025-11-18 16:55:42][INFO][Rank 0] - train Epoch 12/24: 31.5% (610/1935)
[2025-11-18 16:55:50][INFO][Rank 0] - train Epoch 12/24: 32.0% (620/1935)
[2025-11-18 16:55:57][INFO][Rank 0] - train Epoch 12/24: 32.6% (630/1935)
[2025-11-18 16:55:57][INFO][Rank 0] - CUDA Memory [train][Step 630]: Device 0: Allocated: 3309.6 MB, Reserved: 117540.0 MB (Δ: +1687.0 MB)
[2025-11-18 16:56:04][INFO][Rank 0] - train Epoch 12/24: 33.1% (640/1935)
[2025-11-18 16:56:11][INFO][Rank 0] - train Epoch 12/24: 33.6% (650/1935)
[2025-11-18 16:56:18][INFO][Rank 0] - train Epoch 12/24: 34.1% (660/1935)
[2025-11-18 16:56:25][INFO][Rank 0] - train Epoch 12/24: 34.6% (670/1935)
[2025-11-18 16:56:32][INFO][Rank 0] - train Epoch 12/24: 35.1% (680/1935)
[2025-11-18 16:56:39][INFO][Rank 0] - train Epoch 12/24: 35.7% (690/1935)
[2025-11-18 16:56:46][INFO][Rank 0] - train Epoch 12/24: 36.2% (700/1935)
[2025-11-18 16:56:53][INFO][Rank 0] - train Epoch 12/24: 36.7% (710/1935)
[2025-11-18 16:57:00][INFO][Rank 0] - train Epoch 12/24: 37.2% (720/1935)
[2025-11-18 16:57:01][INFO][Rank 0] - CUDA Memory [train][Step 720]: Device 0: Allocated: 3309.6 MB, Reserved: 117540.0 MB (Δ: +1687.0 MB)
[2025-11-18 16:57:07][INFO][Rank 0] - train Epoch 12/24: 37.7% (730/1935)
[2025-11-18 16:57:14][INFO][Rank 0] - train Epoch 12/24: 38.2% (740/1935)
[2025-11-18 16:57:21][INFO][Rank 0] - train Epoch 12/24: 38.8% (750/1935)
[2025-11-18 16:57:28][INFO][Rank 0] - train Epoch 12/24: 39.3% (760/1935)
[2025-11-18 16:57:35][INFO][Rank 0] - train Epoch 12/24: 39.8% (770/1935)
[2025-11-18 16:57:42][INFO][Rank 0] - train Epoch 12/24: 40.3% (780/1935)
[2025-11-18 16:57:50][INFO][Rank 0] - train Epoch 12/24: 40.8% (790/1935)
[2025-11-18 16:57:57][INFO][Rank 0] - train Epoch 12/24: 41.3% (800/1935)
[2025-11-18 16:58:04][INFO][Rank 0] - train Epoch 12/24: 41.9% (810/1935)
[2025-11-18 16:58:04][INFO][Rank 0] - CUDA Memory [train][Step 810]: Device 0: Allocated: 3309.6 MB, Reserved: 117540.0 MB (Δ: +1687.0 MB)
[2025-11-18 16:58:11][INFO][Rank 0] - train Epoch 12/24: 42.4% (820/1935)
[2025-11-18 16:58:18][INFO][Rank 0] - train Epoch 12/24: 42.9% (830/1935)
[2025-11-18 16:58:25][INFO][Rank 0] - train Epoch 12/24: 43.4% (840/1935)
[2025-11-18 16:58:32][INFO][Rank 0] - train Epoch 12/24: 43.9% (850/1935)
[2025-11-18 16:58:39][INFO][Rank 0] - train Epoch 12/24: 44.4% (860/1935)
[2025-11-18 16:58:46][INFO][Rank 0] - train Epoch 12/24: 45.0% (870/1935)
[2025-11-18 16:58:53][INFO][Rank 0] - train Epoch 12/24: 45.5% (880/1935)
[2025-11-18 16:59:00][INFO][Rank 0] - train Epoch 12/24: 46.0% (890/1935)
[2025-11-18 16:59:07][INFO][Rank 0] - train Epoch 12/24: 46.5% (900/1935)
[2025-11-18 16:59:08][INFO][Rank 0] - CUDA Memory [train][Step 900]: Device 0: Allocated: 3309.6 MB, Reserved: 117540.0 MB (Δ: +1687.0 MB)
[2025-11-18 16:59:14][INFO][Rank 0] - train Epoch 12/24: 47.0% (910/1935)
[2025-11-18 16:59:21][INFO][Rank 0] - train Epoch 12/24: 47.5% (920/1935)
[2025-11-18 16:59:28][INFO][Rank 0] - train Epoch 12/24: 48.1% (930/1935)
[2025-11-18 16:59:35][INFO][Rank 0] - train Epoch 12/24: 48.6% (940/1935)
[2025-11-18 16:59:42][INFO][Rank 0] - train Epoch 12/24: 49.1% (950/1935)
[2025-11-18 16:59:50][INFO][Rank 0] - train Epoch 12/24: 49.6% (960/1935)
[2025-11-18 16:59:57][INFO][Rank 0] - train Epoch 12/24: 50.1% (970/1935)
[2025-11-18 17:00:04][INFO][Rank 0] - train Epoch 12/24: 50.6% (980/1935)
[2025-11-18 17:00:11][INFO][Rank 0] - train Epoch 12/24: 51.2% (990/1935)
[2025-11-18 17:00:11][INFO][Rank 0] - CUDA Memory [train][Step 990]: Device 0: Allocated: 3309.6 MB, Reserved: 117540.0 MB (Δ: +1687.0 MB)
[2025-11-18 17:00:18][INFO][Rank 0] - train Epoch 12/24: 51.7% (1000/1935)
[2025-11-18 17:00:25][INFO][Rank 0] - train Epoch 12/24: 52.2% (1010/1935)
[2025-11-18 17:00:32][INFO][Rank 0] - train Epoch 12/24: 52.7% (1020/1935)
[2025-11-18 17:00:39][INFO][Rank 0] - train Epoch 12/24: 53.2% (1030/1935)
[2025-11-18 17:00:46][INFO][Rank 0] - train Epoch 12/24: 53.7% (1040/1935)
[2025-11-18 17:00:53][INFO][Rank 0] - train Epoch 12/24: 54.3% (1050/1935)
[2025-11-18 17:01:00][INFO][Rank 0] - train Epoch 12/24: 54.8% (1060/1935)
[2025-11-18 17:01:07][INFO][Rank 0] - train Epoch 12/24: 55.3% (1070/1935)
[2025-11-18 17:01:14][INFO][Rank 0] - train Epoch 12/24: 55.8% (1080/1935)
[2025-11-18 17:01:15][INFO][Rank 0] - CUDA Memory [train][Step 1080]: Device 0: Allocated: 3309.6 MB, Reserved: 117540.0 MB (Δ: +1687.0 MB)
[2025-11-18 17:01:21][INFO][Rank 0] - train Epoch 12/24: 56.3% (1090/1935)
[2025-11-18 17:01:28][INFO][Rank 0] - train Epoch 12/24: 56.8% (1100/1935)
[2025-11-18 17:01:35][INFO][Rank 0] - train Epoch 12/24: 57.4% (1110/1935)
[2025-11-18 17:01:42][INFO][Rank 0] - train Epoch 12/24: 57.9% (1120/1935)
[2025-11-18 17:01:50][INFO][Rank 0] - train Epoch 12/24: 58.4% (1130/1935)
[2025-11-18 17:01:57][INFO][Rank 0] - train Epoch 12/24: 58.9% (1140/1935)
[2025-11-18 17:02:04][INFO][Rank 0] - train Epoch 12/24: 59.4% (1150/1935)
[2025-11-18 17:02:11][INFO][Rank 0] - train Epoch 12/24: 59.9% (1160/1935)
[2025-11-18 17:02:18][INFO][Rank 0] - train Epoch 12/24: 60.5% (1170/1935)
[2025-11-18 17:02:18][INFO][Rank 0] - CUDA Memory [train][Step 1170]: Device 0: Allocated: 3309.6 MB, Reserved: 117540.0 MB (Δ: +1687.0 MB)
[2025-11-18 17:02:25][INFO][Rank 0] - train Epoch 12/24: 61.0% (1180/1935)
[2025-11-18 17:02:32][INFO][Rank 0] - train Epoch 12/24: 61.5% (1190/1935)
[2025-11-18 17:02:39][INFO][Rank 0] - train Epoch 12/24: 62.0% (1200/1935)
[2025-11-18 17:02:46][INFO][Rank 0] - train Epoch 12/24: 62.5% (1210/1935)
[2025-11-18 17:02:53][INFO][Rank 0] - train Epoch 12/24: 63.0% (1220/1935)
[2025-11-18 17:03:00][INFO][Rank 0] - train Epoch 12/24: 63.6% (1230/1935)
[2025-11-18 17:03:07][INFO][Rank 0] - train Epoch 12/24: 64.1% (1240/1935)
[2025-11-18 17:03:14][INFO][Rank 0] - train Epoch 12/24: 64.6% (1250/1935)
[2025-11-18 17:03:21][INFO][Rank 0] - train Epoch 12/24: 65.1% (1260/1935)
[2025-11-18 17:03:22][INFO][Rank 0] - CUDA Memory [train][Step 1260]: Device 0: Allocated: 3309.6 MB, Reserved: 117540.0 MB (Δ: +1687.0 MB)
[2025-11-18 17:03:28][INFO][Rank 0] - train Epoch 12/24: 65.6% (1270/1935)
[2025-11-18 17:03:35][INFO][Rank 0] - train Epoch 12/24: 66.1% (1280/1935)
[2025-11-18 17:03:42][INFO][Rank 0] - train Epoch 12/24: 66.7% (1290/1935)
[2025-11-18 17:03:50][INFO][Rank 0] - train Epoch 12/24: 67.2% (1300/1935)
[2025-11-18 17:03:57][INFO][Rank 0] - train Epoch 12/24: 67.7% (1310/1935)
[2025-11-18 17:04:04][INFO][Rank 0] - train Epoch 12/24: 68.2% (1320/1935)
[2025-11-18 17:04:11][INFO][Rank 0] - train Epoch 12/24: 68.7% (1330/1935)
[2025-11-18 17:04:18][INFO][Rank 0] - train Epoch 12/24: 69.3% (1340/1935)
[2025-11-18 17:04:25][INFO][Rank 0] - train Epoch 12/24: 69.8% (1350/1935)
[2025-11-18 17:04:25][INFO][Rank 0] - CUDA Memory [train][Step 1350]: Device 0: Allocated: 3309.6 MB, Reserved: 117540.0 MB (Δ: +1687.0 MB)
[2025-11-18 17:04:32][INFO][Rank 0] - train Epoch 12/24: 70.3% (1360/1935)
[2025-11-18 17:04:39][INFO][Rank 0] - train Epoch 12/24: 70.8% (1370/1935)
[2025-11-18 17:04:46][INFO][Rank 0] - train Epoch 12/24: 71.3% (1380/1935)
[2025-11-18 17:04:53][INFO][Rank 0] - train Epoch 12/24: 71.8% (1390/1935)
[2025-11-18 17:05:00][INFO][Rank 0] - train Epoch 12/24: 72.4% (1400/1935)
[2025-11-18 17:05:07][INFO][Rank 0] - train Epoch 12/24: 72.9% (1410/1935)
[2025-11-18 17:05:14][INFO][Rank 0] - train Epoch 12/24: 73.4% (1420/1935)
[2025-11-18 17:05:21][INFO][Rank 0] - train Epoch 12/24: 73.9% (1430/1935)
[2025-11-18 17:05:28][INFO][Rank 0] - train Epoch 12/24: 74.4% (1440/1935)
[2025-11-18 17:05:29][INFO][Rank 0] - CUDA Memory [train][Step 1440]: Device 0: Allocated: 3309.6 MB, Reserved: 117540.0 MB (Δ: +1687.0 MB)
[2025-11-18 17:05:35][INFO][Rank 0] - train Epoch 12/24: 74.9% (1450/1935)
[2025-11-18 17:05:42][INFO][Rank 0] - train Epoch 12/24: 75.5% (1460/1935)
[2025-11-18 17:05:49][INFO][Rank 0] - train Epoch 12/24: 76.0% (1470/1935)
[2025-11-18 17:05:57][INFO][Rank 0] - train Epoch 12/24: 76.5% (1480/1935)
[2025-11-18 17:06:04][INFO][Rank 0] - train Epoch 12/24: 77.0% (1490/1935)
[2025-11-18 17:06:11][INFO][Rank 0] - train Epoch 12/24: 77.5% (1500/1935)
[2025-11-18 17:06:18][INFO][Rank 0] - train Epoch 12/24: 78.0% (1510/1935)
[2025-11-18 17:06:25][INFO][Rank 0] - train Epoch 12/24: 78.6% (1520/1935)
[2025-11-18 17:06:32][INFO][Rank 0] - train Epoch 12/24: 79.1% (1530/1935)
[2025-11-18 17:06:33][INFO][Rank 0] - CUDA Memory [train][Step 1530]: Device 0: Allocated: 3309.6 MB, Reserved: 117540.0 MB (Δ: +1687.0 MB)
[2025-11-18 17:06:39][INFO][Rank 0] - train Epoch 12/24: 79.6% (1540/1935)
[2025-11-18 17:06:46][INFO][Rank 0] - train Epoch 12/24: 80.1% (1550/1935)
[2025-11-18 17:06:53][INFO][Rank 0] - train Epoch 12/24: 80.6% (1560/1935)
[2025-11-18 17:07:00][INFO][Rank 0] - train Epoch 12/24: 81.1% (1570/1935)
[2025-11-18 17:07:07][INFO][Rank 0] - train Epoch 12/24: 81.7% (1580/1935)
[2025-11-18 17:07:14][INFO][Rank 0] - train Epoch 12/24: 82.2% (1590/1935)
[2025-11-18 17:07:21][INFO][Rank 0] - train Epoch 12/24: 82.7% (1600/1935)
[2025-11-18 17:07:28][INFO][Rank 0] - train Epoch 12/24: 83.2% (1610/1935)
[2025-11-18 17:07:35][INFO][Rank 0] - train Epoch 12/24: 83.7% (1620/1935)
[2025-11-18 17:07:36][INFO][Rank 0] - CUDA Memory [train][Step 1620]: Device 0: Allocated: 3309.6 MB, Reserved: 117540.0 MB (Δ: +1687.0 MB)
[2025-11-18 17:07:42][INFO][Rank 0] - train Epoch 12/24: 84.2% (1630/1935)
[2025-11-18 17:07:49][INFO][Rank 0] - train Epoch 12/24: 84.8% (1640/1935)
[2025-11-18 17:07:57][INFO][Rank 0] - train Epoch 12/24: 85.3% (1650/1935)
[2025-11-18 17:08:04][INFO][Rank 0] - train Epoch 12/24: 85.8% (1660/1935)
[2025-11-18 17:08:11][INFO][Rank 0] - train Epoch 12/24: 86.3% (1670/1935)
[2025-11-18 17:08:18][INFO][Rank 0] - train Epoch 12/24: 86.8% (1680/1935)
[2025-11-18 17:08:25][INFO][Rank 0] - train Epoch 12/24: 87.3% (1690/1935)
[2025-11-18 17:08:32][INFO][Rank 0] - train Epoch 12/24: 87.9% (1700/1935)
[2025-11-18 17:08:39][INFO][Rank 0] - train Epoch 12/24: 88.4% (1710/1935)
[2025-11-18 17:08:40][INFO][Rank 0] - CUDA Memory [train][Step 1710]: Device 0: Allocated: 3309.6 MB, Reserved: 117540.0 MB (Δ: +1687.0 MB)
[2025-11-18 17:08:46][INFO][Rank 0] - train Epoch 12/24: 88.9% (1720/1935)
[2025-11-18 17:08:53][INFO][Rank 0] - train Epoch 12/24: 89.4% (1730/1935)
[2025-11-18 17:09:00][INFO][Rank 0] - train Epoch 12/24: 89.9% (1740/1935)
[2025-11-18 17:09:07][INFO][Rank 0] - train Epoch 12/24: 90.4% (1750/1935)
[2025-11-18 17:09:14][INFO][Rank 0] - train Epoch 12/24: 91.0% (1760/1935)
[2025-11-18 17:09:21][INFO][Rank 0] - train Epoch 12/24: 91.5% (1770/1935)
[2025-11-18 17:09:28][INFO][Rank 0] - train Epoch 12/24: 92.0% (1780/1935)
[2025-11-18 17:09:35][INFO][Rank 0] - train Epoch 12/24: 92.5% (1790/1935)
[2025-11-18 17:09:42][INFO][Rank 0] - train Epoch 12/24: 93.0% (1800/1935)
[2025-11-18 17:09:43][INFO][Rank 0] - CUDA Memory [train][Step 1800]: Device 0: Allocated: 3309.6 MB, Reserved: 117540.0 MB (Δ: +1687.0 MB)
[2025-11-18 17:09:49][INFO][Rank 0] - train Epoch 12/24: 93.5% (1810/1935)
[2025-11-18 17:09:57][INFO][Rank 0] - train Epoch 12/24: 94.1% (1820/1935)
[2025-11-18 17:10:04][INFO][Rank 0] - train Epoch 12/24: 94.6% (1830/1935)
[2025-11-18 17:10:11][INFO][Rank 0] - train Epoch 12/24: 95.1% (1840/1935)
[2025-11-18 17:10:18][INFO][Rank 0] - train Epoch 12/24: 95.6% (1850/1935)
[2025-11-18 17:10:25][INFO][Rank 0] - train Epoch 12/24: 96.1% (1860/1935)
[2025-11-18 17:10:32][INFO][Rank 0] - train Epoch 12/24: 96.6% (1870/1935)
[2025-11-18 17:10:39][INFO][Rank 0] - train Epoch 12/24: 97.2% (1880/1935)
[2025-11-18 17:10:46][INFO][Rank 0] - train Epoch 12/24: 97.7% (1890/1935)
[2025-11-18 17:10:47][INFO][Rank 0] - CUDA Memory [train][Step 1890]: Device 0: Allocated: 3309.6 MB, Reserved: 117540.0 MB (Δ: +1687.0 MB)
[2025-11-18 17:10:53][INFO][Rank 0] - train Epoch 12/24: 98.2% (1900/1935)
[2025-11-18 17:11:00][INFO][Rank 0] - train Epoch 12/24: 98.7% (1910/1935)
[2025-11-18 17:11:07][INFO][Rank 0] - train Epoch 12/24: 99.2% (1920/1935)
[2025-11-18 17:11:14][INFO][Rank 0] - train Epoch 12/24: 99.7% (1930/1935)
[2025-11-18 17:11:17][INFO][Rank 0] - train Epoch 12/24: 99.9% (1934/1935)
[2025-11-18 17:11:18][INFO][Rank 0] - train Loss: 0.1511 Acc: 0.9767 F1: 0.9880
[2025-11-18 17:11:18][INFO][Rank 0] - train Balanced Acc: 0.8875 AUC-ROC: 0.9706
[2025-11-18 17:11:18][INFO][Rank 0] - train Sensitivity: 0.9813 Specificity: 0.7937
[2025-11-18 17:11:18][INFO][Rank 0] - train Confusion Matrix: TP=18522, FP=98, FN=353, TN=377
[2025-11-18 17:11:18][INFO][Rank 0] - train completed in 1366.19s
[2025-11-18 17:11:18][INFO][Rank 0] - Data loading time: 1.05s, Forward time: 277.93s, Backward time: 740.28s
[2025-11-18 17:11:18][INFO][Rank 0] - train cache: 0/1 items, hit rate: 0.00%
[2025-11-18 17:11:18][INFO][Rank 0] - CUDA Memory [val][Step 0]: Device 0: Allocated: 3309.6 MB, Reserved: 117540.0 MB (Δ: +1687.0 MB)
[2025-11-18 17:11:18][INFO][Rank 0] - val phase: total 412 batches
[2025-11-18 17:11:18][INFO][Rank 0] - val Epoch 12/24: 0.0% (0/412)
[2025-11-18 17:11:23][INFO][Rank 0] - val Epoch 12/24: 2.4% (10/412)
[2025-11-18 17:11:28][INFO][Rank 0] - val Epoch 12/24: 4.9% (20/412)
[2025-11-18 17:11:33][INFO][Rank 0] - val Epoch 12/24: 7.3% (30/412)
[2025-11-18 17:11:38][INFO][Rank 0] - val Epoch 12/24: 9.7% (40/412)
[2025-11-18 17:11:43][INFO][Rank 0] - val Epoch 12/24: 12.1% (50/412)
[2025-11-18 17:11:48][INFO][Rank 0] - val Epoch 12/24: 14.6% (60/412)
[2025-11-18 17:11:53][INFO][Rank 0] - val Epoch 12/24: 17.0% (70/412)
[2025-11-18 17:11:58][INFO][Rank 0] - val Epoch 12/24: 19.4% (80/412)
[2025-11-18 17:12:03][INFO][Rank 0] - val Epoch 12/24: 21.8% (90/412)
[2025-11-18 17:12:08][INFO][Rank 0] - val Epoch 12/24: 24.3% (100/412)
[2025-11-18 17:12:13][INFO][Rank 0] - val Epoch 12/24: 26.7% (110/412)
[2025-11-18 17:12:18][INFO][Rank 0] - val Epoch 12/24: 29.1% (120/412)
[2025-11-18 17:12:19][INFO][Rank 0] - CUDA Memory [val][Step 120]: Device 0: Allocated: 3309.6 MB, Reserved: 117540.0 MB (Δ: +1687.0 MB)
[2025-11-18 17:12:23][INFO][Rank 0] - val Epoch 12/24: 31.6% (130/412)
[2025-11-18 17:12:28][INFO][Rank 0] - val Epoch 12/24: 34.0% (140/412)
[2025-11-18 17:12:33][INFO][Rank 0] - val Epoch 12/24: 36.4% (150/412)
[2025-11-18 17:12:38][INFO][Rank 0] - val Epoch 12/24: 38.8% (160/412)
[2025-11-18 17:12:44][INFO][Rank 0] - val Epoch 12/24: 41.3% (170/412)
[2025-11-18 17:12:49][INFO][Rank 0] - val Epoch 12/24: 43.7% (180/412)
[2025-11-18 17:12:54][INFO][Rank 0] - val Epoch 12/24: 46.1% (190/412)
[2025-11-18 17:12:59][INFO][Rank 0] - val Epoch 12/24: 48.5% (200/412)
[2025-11-18 17:13:04][INFO][Rank 0] - val Epoch 12/24: 51.0% (210/412)
[2025-11-18 17:13:09][INFO][Rank 0] - val Epoch 12/24: 53.4% (220/412)
[2025-11-18 17:13:14][INFO][Rank 0] - val Epoch 12/24: 55.8% (230/412)
[2025-11-18 17:13:19][INFO][Rank 0] - val Epoch 12/24: 58.3% (240/412)
[2025-11-18 17:13:19][INFO][Rank 0] - CUDA Memory [val][Step 240]: Device 0: Allocated: 3309.6 MB, Reserved: 117540.0 MB (Δ: +1687.0 MB)
[2025-11-18 17:13:24][INFO][Rank 0] - val Epoch 12/24: 60.7% (250/412)
[2025-11-18 17:13:29][INFO][Rank 0] - val Epoch 12/24: 63.1% (260/412)
[2025-11-18 17:13:34][INFO][Rank 0] - val Epoch 12/24: 65.5% (270/412)
[2025-11-18 17:13:39][INFO][Rank 0] - val Epoch 12/24: 68.0% (280/412)
[2025-11-18 17:13:44][INFO][Rank 0] - val Epoch 12/24: 70.4% (290/412)
[2025-11-18 17:13:49][INFO][Rank 0] - val Epoch 12/24: 72.8% (300/412)
[2025-11-18 17:13:54][INFO][Rank 0] - val Epoch 12/24: 75.2% (310/412)
[2025-11-18 17:13:59][INFO][Rank 0] - val Epoch 12/24: 77.7% (320/412)
[2025-11-18 17:14:04][INFO][Rank 0] - val Epoch 12/24: 80.1% (330/412)
[2025-11-18 17:14:09][INFO][Rank 0] - val Epoch 12/24: 82.5% (340/412)
[2025-11-18 17:14:14][INFO][Rank 0] - val Epoch 12/24: 85.0% (350/412)
[2025-11-18 17:14:19][INFO][Rank 0] - val Epoch 12/24: 87.4% (360/412)
[2025-11-18 17:14:20][INFO][Rank 0] - CUDA Memory [val][Step 360]: Device 0: Allocated: 3309.6 MB, Reserved: 117540.0 MB (Δ: +1687.0 MB)
[2025-11-18 17:14:24][INFO][Rank 0] - val Epoch 12/24: 89.8% (370/412)
[2025-11-18 17:14:29][INFO][Rank 0] - val Epoch 12/24: 92.2% (380/412)
[2025-11-18 17:14:34][INFO][Rank 0] - val Epoch 12/24: 94.7% (390/412)
[2025-11-18 17:14:39][INFO][Rank 0] - val Epoch 12/24: 97.1% (400/412)
[2025-11-18 17:14:44][INFO][Rank 0] - val Epoch 12/24: 99.5% (410/412)
[2025-11-18 17:14:45][INFO][Rank 0] - val Epoch 12/24: 99.8% (411/412)
[2025-11-18 17:14:45][INFO][Rank 0] - val Loss: 0.1047 Acc: 0.9806 F1: 0.9900
[2025-11-18 17:14:45][INFO][Rank 0] - val Balanced Acc: 0.8581 AUC-ROC: 0.9796
[2025-11-18 17:14:45][INFO][Rank 0] - val Sensitivity: 0.9873 Specificity: 0.7290
[2025-11-18 17:14:45][INFO][Rank 0] - val Confusion Matrix: TP=3962, FP=29, FN=51, TN=78
[2025-11-18 17:14:45][INFO][Rank 0] - val completed in 207.42s
[2025-11-18 17:14:45][INFO][Rank 0] - val cache: 0/1 items, hit rate: 0.00%
[2025-11-18 17:14:49][INFO][Rank 0] - Saved epoch checkpoint at /projects/retprogression/rgarridogarcia/checkpoints/cropped1024_cropped_centered_allR_2/epoch_12.pth
[2025-11-18 17:14:49][INFO][Rank 0] - Epoch 12 summary:
[2025-11-18 17:14:49][INFO][Rank 0] -  Train Loss: 0.1511, Train Acc: 0.9767, Train F1: 0.9880
[2025-11-18 17:14:49][INFO][Rank 0] -  Train Balanced Acc: 0.8875, Train AUC: 0.9706
[2025-11-18 17:14:49][INFO][Rank 0] -  Train Sensitivity: 0.9813, Train Specificity: 0.7937
[2025-11-18 17:14:49][INFO][Rank 0] -  Val Loss: 0.1047, Val Acc: 0.9806, Val F1: 0.9900
[2025-11-18 17:14:49][INFO][Rank 0] -  Val Balanced Acc: 0.8581, Val AUC: 0.9796
[2025-11-18 17:14:49][INFO][Rank 0] -  Val Sensitivity: 0.9873, Val Specificity: 0.7290
[2025-11-18 17:14:49][INFO][Rank 0] -  Total Epoch Time: 1577.61s
[2025-11-18 17:14:49][INFO][Rank 0] - Epoch 13/24
[2025-11-18 17:14:49][INFO][Rank 0] - ----------
[2025-11-18 17:14:49][INFO][Rank 0] - CUDA Memory [train][Step 0]: Device 0: Allocated: 3309.6 MB, Reserved: 117540.0 MB (Δ: +1687.0 MB)
[2025-11-18 17:14:49][INFO][Rank 0] - train phase: total 1935 batches
[2025-11-18 17:14:50][INFO][Rank 0] - train Epoch 13/24: 0.0% (0/1935)
[2025-11-18 17:14:57][INFO][Rank 0] - train Epoch 13/24: 0.5% (10/1935)
[2025-11-18 17:15:04][INFO][Rank 0] - train Epoch 13/24: 1.0% (20/1935)
[2025-11-18 17:15:11][INFO][Rank 0] - train Epoch 13/24: 1.6% (30/1935)
[2025-11-18 17:15:18][INFO][Rank 0] - train Epoch 13/24: 2.1% (40/1935)
[2025-11-18 17:15:25][INFO][Rank 0] - train Epoch 13/24: 2.6% (50/1935)
[2025-11-18 17:15:32][INFO][Rank 0] - train Epoch 13/24: 3.1% (60/1935)
[2025-11-18 17:15:39][INFO][Rank 0] - train Epoch 13/24: 3.6% (70/1935)
[2025-11-18 17:15:46][INFO][Rank 0] - train Epoch 13/24: 4.1% (80/1935)
[2025-11-18 17:15:53][INFO][Rank 0] - train Epoch 13/24: 4.7% (90/1935)
[2025-11-18 17:15:54][INFO][Rank 0] - CUDA Memory [train][Step 90]: Device 0: Allocated: 3309.6 MB, Reserved: 117540.0 MB (Δ: +1687.0 MB)
[2025-11-18 17:16:00][INFO][Rank 0] - train Epoch 13/24: 5.2% (100/1935)
[2025-11-18 17:16:07][INFO][Rank 0] - train Epoch 13/24: 5.7% (110/1935)
[2025-11-18 17:16:14][INFO][Rank 0] - train Epoch 13/24: 6.2% (120/1935)
[2025-11-18 17:16:21][INFO][Rank 0] - train Epoch 13/24: 6.7% (130/1935)
[2025-11-18 17:16:29][INFO][Rank 0] - train Epoch 13/24: 7.2% (140/1935)
[2025-11-18 17:16:36][INFO][Rank 0] - train Epoch 13/24: 7.8% (150/1935)
[2025-11-18 17:16:43][INFO][Rank 0] - train Epoch 13/24: 8.3% (160/1935)
[2025-11-18 17:16:50][INFO][Rank 0] - train Epoch 13/24: 8.8% (170/1935)
[2025-11-18 17:16:57][INFO][Rank 0] - train Epoch 13/24: 9.3% (180/1935)
[2025-11-18 17:16:57][INFO][Rank 0] - CUDA Memory [train][Step 180]: Device 0: Allocated: 3309.6 MB, Reserved: 117540.0 MB (Δ: +1687.0 MB)
[2025-11-18 17:17:04][INFO][Rank 0] - train Epoch 13/24: 9.8% (190/1935)
[2025-11-18 17:17:11][INFO][Rank 0] - train Epoch 13/24: 10.3% (200/1935)
[2025-11-18 17:17:18][INFO][Rank 0] - train Epoch 13/24: 10.9% (210/1935)
[2025-11-18 17:17:25][INFO][Rank 0] - train Epoch 13/24: 11.4% (220/1935)
[2025-11-18 17:17:32][INFO][Rank 0] - train Epoch 13/24: 11.9% (230/1935)
[2025-11-18 17:17:39][INFO][Rank 0] - train Epoch 13/24: 12.4% (240/1935)
[2025-11-18 17:17:46][INFO][Rank 0] - train Epoch 13/24: 12.9% (250/1935)
[2025-11-18 17:17:53][INFO][Rank 0] - train Epoch 13/24: 13.4% (260/1935)
[2025-11-18 17:18:00][INFO][Rank 0] - train Epoch 13/24: 14.0% (270/1935)
[2025-11-18 17:18:01][INFO][Rank 0] - CUDA Memory [train][Step 270]: Device 0: Allocated: 3309.6 MB, Reserved: 117540.0 MB (Δ: +1687.0 MB)
[2025-11-18 17:18:07][INFO][Rank 0] - train Epoch 13/24: 14.5% (280/1935)
[2025-11-18 17:18:14][INFO][Rank 0] - train Epoch 13/24: 15.0% (290/1935)
[2025-11-18 17:18:21][INFO][Rank 0] - train Epoch 13/24: 15.5% (300/1935)
[2025-11-18 17:18:29][INFO][Rank 0] - train Epoch 13/24: 16.0% (310/1935)
[2025-11-18 17:18:36][INFO][Rank 0] - train Epoch 13/24: 16.5% (320/1935)
[2025-11-18 17:18:43][INFO][Rank 0] - train Epoch 13/24: 17.1% (330/1935)
[2025-11-18 17:18:50][INFO][Rank 0] - train Epoch 13/24: 17.6% (340/1935)
[2025-11-18 17:18:57][INFO][Rank 0] - train Epoch 13/24: 18.1% (350/1935)
[2025-11-18 17:19:04][INFO][Rank 0] - train Epoch 13/24: 18.6% (360/1935)
[2025-11-18 17:19:05][INFO][Rank 0] - CUDA Memory [train][Step 360]: Device 0: Allocated: 3309.6 MB, Reserved: 117540.0 MB (Δ: +1687.0 MB)
[2025-11-18 17:19:11][INFO][Rank 0] - train Epoch 13/24: 19.1% (370/1935)
[2025-11-18 17:19:18][INFO][Rank 0] - train Epoch 13/24: 19.6% (380/1935)
[2025-11-18 17:19:25][INFO][Rank 0] - train Epoch 13/24: 20.2% (390/1935)
[2025-11-18 17:19:32][INFO][Rank 0] - train Epoch 13/24: 20.7% (400/1935)
[2025-11-18 17:19:39][INFO][Rank 0] - train Epoch 13/24: 21.2% (410/1935)
[2025-11-18 17:19:46][INFO][Rank 0] - train Epoch 13/24: 21.7% (420/1935)
[2025-11-18 17:19:53][INFO][Rank 0] - train Epoch 13/24: 22.2% (430/1935)
[2025-11-18 17:20:00][INFO][Rank 0] - train Epoch 13/24: 22.7% (440/1935)
[2025-11-18 17:20:07][INFO][Rank 0] - train Epoch 13/24: 23.3% (450/1935)
[2025-11-18 17:20:08][INFO][Rank 0] - CUDA Memory [train][Step 450]: Device 0: Allocated: 3309.6 MB, Reserved: 117540.0 MB (Δ: +1687.0 MB)
[2025-11-18 17:20:14][INFO][Rank 0] - train Epoch 13/24: 23.8% (460/1935)
[2025-11-18 17:20:21][INFO][Rank 0] - train Epoch 13/24: 24.3% (470/1935)
[2025-11-18 17:20:29][INFO][Rank 0] - train Epoch 13/24: 24.8% (480/1935)
[2025-11-18 17:20:36][INFO][Rank 0] - train Epoch 13/24: 25.3% (490/1935)
[2025-11-18 17:20:43][INFO][Rank 0] - train Epoch 13/24: 25.8% (500/1935)
[2025-11-18 17:20:50][INFO][Rank 0] - train Epoch 13/24: 26.4% (510/1935)
[2025-11-18 17:20:57][INFO][Rank 0] - train Epoch 13/24: 26.9% (520/1935)
[2025-11-18 17:21:04][INFO][Rank 0] - train Epoch 13/24: 27.4% (530/1935)
[2025-11-18 17:21:11][INFO][Rank 0] - train Epoch 13/24: 27.9% (540/1935)
[2025-11-18 17:21:12][INFO][Rank 0] - CUDA Memory [train][Step 540]: Device 0: Allocated: 3309.6 MB, Reserved: 117540.0 MB (Δ: +1687.0 MB)
[2025-11-18 17:21:18][INFO][Rank 0] - train Epoch 13/24: 28.4% (550/1935)
[2025-11-18 17:21:25][INFO][Rank 0] - train Epoch 13/24: 28.9% (560/1935)
[2025-11-18 17:21:32][INFO][Rank 0] - train Epoch 13/24: 29.5% (570/1935)
[2025-11-18 17:21:39][INFO][Rank 0] - train Epoch 13/24: 30.0% (580/1935)
[2025-11-18 17:21:46][INFO][Rank 0] - train Epoch 13/24: 30.5% (590/1935)
[2025-11-18 17:21:53][INFO][Rank 0] - train Epoch 13/24: 31.0% (600/1935)
[2025-11-18 17:22:00][INFO][Rank 0] - train Epoch 13/24: 31.5% (610/1935)
[2025-11-18 17:22:07][INFO][Rank 0] - train Epoch 13/24: 32.0% (620/1935)
[2025-11-18 17:22:14][INFO][Rank 0] - train Epoch 13/24: 32.6% (630/1935)
[2025-11-18 17:22:15][INFO][Rank 0] - CUDA Memory [train][Step 630]: Device 0: Allocated: 3309.6 MB, Reserved: 117540.0 MB (Δ: +1687.0 MB)
[2025-11-18 17:22:21][INFO][Rank 0] - train Epoch 13/24: 33.1% (640/1935)
[2025-11-18 17:22:28][INFO][Rank 0] - train Epoch 13/24: 33.6% (650/1935)
[2025-11-18 17:22:36][INFO][Rank 0] - train Epoch 13/24: 34.1% (660/1935)
[2025-11-18 17:22:43][INFO][Rank 0] - train Epoch 13/24: 34.6% (670/1935)
[2025-11-18 17:22:50][INFO][Rank 0] - train Epoch 13/24: 35.1% (680/1935)
[2025-11-18 17:22:57][INFO][Rank 0] - train Epoch 13/24: 35.7% (690/1935)
[2025-11-18 17:23:04][INFO][Rank 0] - train Epoch 13/24: 36.2% (700/1935)
[2025-11-18 17:23:11][INFO][Rank 0] - train Epoch 13/24: 36.7% (710/1935)
[2025-11-18 17:23:18][INFO][Rank 0] - train Epoch 13/24: 37.2% (720/1935)
[2025-11-18 17:23:19][INFO][Rank 0] - CUDA Memory [train][Step 720]: Device 0: Allocated: 3309.6 MB, Reserved: 117540.0 MB (Δ: +1687.0 MB)
[2025-11-18 17:23:25][INFO][Rank 0] - train Epoch 13/24: 37.7% (730/1935)
[2025-11-18 17:23:32][INFO][Rank 0] - train Epoch 13/24: 38.2% (740/1935)
[2025-11-18 17:23:39][INFO][Rank 0] - train Epoch 13/24: 38.8% (750/1935)
[2025-11-18 17:23:46][INFO][Rank 0] - train Epoch 13/24: 39.3% (760/1935)
[2025-11-18 17:23:53][INFO][Rank 0] - train Epoch 13/24: 39.8% (770/1935)
[2025-11-18 17:24:00][INFO][Rank 0] - train Epoch 13/24: 40.3% (780/1935)
[2025-11-18 17:24:07][INFO][Rank 0] - train Epoch 13/24: 40.8% (790/1935)
[2025-11-18 17:24:14][INFO][Rank 0] - train Epoch 13/24: 41.3% (800/1935)
[2025-11-18 17:24:21][INFO][Rank 0] - train Epoch 13/24: 41.9% (810/1935)
[2025-11-18 17:24:22][INFO][Rank 0] - CUDA Memory [train][Step 810]: Device 0: Allocated: 3309.6 MB, Reserved: 117540.0 MB (Δ: +1687.0 MB)
[2025-11-18 17:24:28][INFO][Rank 0] - train Epoch 13/24: 42.4% (820/1935)
[2025-11-18 17:24:36][INFO][Rank 0] - train Epoch 13/24: 42.9% (830/1935)
[2025-11-18 17:24:43][INFO][Rank 0] - train Epoch 13/24: 43.4% (840/1935)
[2025-11-18 17:24:50][INFO][Rank 0] - train Epoch 13/24: 43.9% (850/1935)
[2025-11-18 17:24:57][INFO][Rank 0] - train Epoch 13/24: 44.4% (860/1935)
[2025-11-18 17:25:04][INFO][Rank 0] - train Epoch 13/24: 45.0% (870/1935)
[2025-11-18 17:25:11][INFO][Rank 0] - train Epoch 13/24: 45.5% (880/1935)
[2025-11-18 17:25:18][INFO][Rank 0] - train Epoch 13/24: 46.0% (890/1935)
[2025-11-18 17:25:25][INFO][Rank 0] - train Epoch 13/24: 46.5% (900/1935)
[2025-11-18 17:25:26][INFO][Rank 0] - CUDA Memory [train][Step 900]: Device 0: Allocated: 3309.6 MB, Reserved: 117540.0 MB (Δ: +1687.0 MB)
[2025-11-18 17:25:32][INFO][Rank 0] - train Epoch 13/24: 47.0% (910/1935)
[2025-11-18 17:25:39][INFO][Rank 0] - train Epoch 13/24: 47.5% (920/1935)
[2025-11-18 17:25:46][INFO][Rank 0] - train Epoch 13/24: 48.1% (930/1935)
[2025-11-18 17:25:53][INFO][Rank 0] - train Epoch 13/24: 48.6% (940/1935)
[2025-11-18 17:26:00][INFO][Rank 0] - train Epoch 13/24: 49.1% (950/1935)
[2025-11-18 17:26:07][INFO][Rank 0] - train Epoch 13/24: 49.6% (960/1935)
[2025-11-18 17:26:14][INFO][Rank 0] - train Epoch 13/24: 50.1% (970/1935)
[2025-11-18 17:26:21][INFO][Rank 0] - train Epoch 13/24: 50.6% (980/1935)
[2025-11-18 17:26:28][INFO][Rank 0] - train Epoch 13/24: 51.2% (990/1935)
[2025-11-18 17:26:29][INFO][Rank 0] - CUDA Memory [train][Step 990]: Device 0: Allocated: 3309.6 MB, Reserved: 117540.0 MB (Δ: +1687.0 MB)
[2025-11-18 17:26:36][INFO][Rank 0] - train Epoch 13/24: 51.7% (1000/1935)
[2025-11-18 17:26:43][INFO][Rank 0] - train Epoch 13/24: 52.2% (1010/1935)
[2025-11-18 17:26:50][INFO][Rank 0] - train Epoch 13/24: 52.7% (1020/1935)
[2025-11-18 17:26:57][INFO][Rank 0] - train Epoch 13/24: 53.2% (1030/1935)
[2025-11-18 17:27:04][INFO][Rank 0] - train Epoch 13/24: 53.7% (1040/1935)
[2025-11-18 17:27:11][INFO][Rank 0] - train Epoch 13/24: 54.3% (1050/1935)
[2025-11-18 17:27:18][INFO][Rank 0] - train Epoch 13/24: 54.8% (1060/1935)
[2025-11-18 17:27:25][INFO][Rank 0] - train Epoch 13/24: 55.3% (1070/1935)
[2025-11-18 17:27:32][INFO][Rank 0] - train Epoch 13/24: 55.8% (1080/1935)
[2025-11-18 17:27:33][INFO][Rank 0] - CUDA Memory [train][Step 1080]: Device 0: Allocated: 3309.6 MB, Reserved: 117540.0 MB (Δ: +1687.0 MB)
[2025-11-18 17:27:39][INFO][Rank 0] - train Epoch 13/24: 56.3% (1090/1935)
[2025-11-18 17:27:46][INFO][Rank 0] - train Epoch 13/24: 56.8% (1100/1935)
[2025-11-18 17:27:53][INFO][Rank 0] - train Epoch 13/24: 57.4% (1110/1935)
[2025-11-18 17:28:00][INFO][Rank 0] - train Epoch 13/24: 57.9% (1120/1935)
[2025-11-18 17:28:07][INFO][Rank 0] - train Epoch 13/24: 58.4% (1130/1935)
[2025-11-18 17:28:14][INFO][Rank 0] - train Epoch 13/24: 58.9% (1140/1935)
[2025-11-18 17:28:21][INFO][Rank 0] - train Epoch 13/24: 59.4% (1150/1935)
[2025-11-18 17:28:28][INFO][Rank 0] - train Epoch 13/24: 59.9% (1160/1935)
[2025-11-18 17:28:36][INFO][Rank 0] - train Epoch 13/24: 60.5% (1170/1935)
[2025-11-18 17:28:36][INFO][Rank 0] - CUDA Memory [train][Step 1170]: Device 0: Allocated: 3309.6 MB, Reserved: 117540.0 MB (Δ: +1687.0 MB)
[2025-11-18 17:28:43][INFO][Rank 0] - train Epoch 13/24: 61.0% (1180/1935)
[2025-11-18 17:28:50][INFO][Rank 0] - train Epoch 13/24: 61.5% (1190/1935)
[2025-11-18 17:28:57][INFO][Rank 0] - train Epoch 13/24: 62.0% (1200/1935)
[2025-11-18 17:29:04][INFO][Rank 0] - train Epoch 13/24: 62.5% (1210/1935)
[2025-11-18 17:29:11][INFO][Rank 0] - train Epoch 13/24: 63.0% (1220/1935)
[2025-11-18 17:29:18][INFO][Rank 0] - train Epoch 13/24: 63.6% (1230/1935)
[2025-11-18 17:29:25][INFO][Rank 0] - train Epoch 13/24: 64.1% (1240/1935)
[2025-11-18 17:29:32][INFO][Rank 0] - train Epoch 13/24: 64.6% (1250/1935)
[2025-11-18 17:29:39][INFO][Rank 0] - train Epoch 13/24: 65.1% (1260/1935)
[2025-11-18 17:29:40][INFO][Rank 0] - CUDA Memory [train][Step 1260]: Device 0: Allocated: 3309.6 MB, Reserved: 117540.0 MB (Δ: +1687.0 MB)
[2025-11-18 17:29:46][INFO][Rank 0] - train Epoch 13/24: 65.6% (1270/1935)
[2025-11-18 17:29:53][INFO][Rank 0] - train Epoch 13/24: 66.1% (1280/1935)
[2025-11-18 17:30:00][INFO][Rank 0] - train Epoch 13/24: 66.7% (1290/1935)
[2025-11-18 17:30:07][INFO][Rank 0] - train Epoch 13/24: 67.2% (1300/1935)
[2025-11-18 17:30:14][INFO][Rank 0] - train Epoch 13/24: 67.7% (1310/1935)
[2025-11-18 17:30:21][INFO][Rank 0] - train Epoch 13/24: 68.2% (1320/1935)
[2025-11-18 17:30:28][INFO][Rank 0] - train Epoch 13/24: 68.7% (1330/1935)
[2025-11-18 17:30:35][INFO][Rank 0] - train Epoch 13/24: 69.3% (1340/1935)
[2025-11-18 17:30:43][INFO][Rank 0] - train Epoch 13/24: 69.8% (1350/1935)
[2025-11-18 17:30:43][INFO][Rank 0] - CUDA Memory [train][Step 1350]: Device 0: Allocated: 3309.6 MB, Reserved: 117540.0 MB (Δ: +1687.0 MB)
[2025-11-18 17:30:50][INFO][Rank 0] - train Epoch 13/24: 70.3% (1360/1935)
[2025-11-18 17:30:57][INFO][Rank 0] - train Epoch 13/24: 70.8% (1370/1935)
[2025-11-18 17:31:04][INFO][Rank 0] - train Epoch 13/24: 71.3% (1380/1935)
[2025-11-18 17:31:11][INFO][Rank 0] - train Epoch 13/24: 71.8% (1390/1935)
[2025-11-18 17:31:18][INFO][Rank 0] - train Epoch 13/24: 72.4% (1400/1935)
[2025-11-18 17:31:25][INFO][Rank 0] - train Epoch 13/24: 72.9% (1410/1935)
[2025-11-18 17:31:32][INFO][Rank 0] - train Epoch 13/24: 73.4% (1420/1935)
[2025-11-18 17:31:39][INFO][Rank 0] - train Epoch 13/24: 73.9% (1430/1935)
[2025-11-18 17:31:46][INFO][Rank 0] - train Epoch 13/24: 74.4% (1440/1935)
[2025-11-18 17:31:47][INFO][Rank 0] - CUDA Memory [train][Step 1440]: Device 0: Allocated: 3309.6 MB, Reserved: 117540.0 MB (Δ: +1687.0 MB)
[2025-11-18 17:31:53][INFO][Rank 0] - train Epoch 13/24: 74.9% (1450/1935)
[2025-11-18 17:32:00][INFO][Rank 0] - train Epoch 13/24: 75.5% (1460/1935)
[2025-11-18 17:32:07][INFO][Rank 0] - train Epoch 13/24: 76.0% (1470/1935)
[2025-11-18 17:32:14][INFO][Rank 0] - train Epoch 13/24: 76.5% (1480/1935)
[2025-11-18 17:32:21][INFO][Rank 0] - train Epoch 13/24: 77.0% (1490/1935)
[2025-11-18 17:32:28][INFO][Rank 0] - train Epoch 13/24: 77.5% (1500/1935)
[2025-11-18 17:32:36][INFO][Rank 0] - train Epoch 13/24: 78.0% (1510/1935)
[2025-11-18 17:32:43][INFO][Rank 0] - train Epoch 13/24: 78.6% (1520/1935)
[2025-11-18 17:32:50][INFO][Rank 0] - train Epoch 13/24: 79.1% (1530/1935)
[2025-11-18 17:32:50][INFO][Rank 0] - CUDA Memory [train][Step 1530]: Device 0: Allocated: 3309.6 MB, Reserved: 117540.0 MB (Δ: +1687.0 MB)
[2025-11-18 17:32:57][INFO][Rank 0] - train Epoch 13/24: 79.6% (1540/1935)
[2025-11-18 17:33:04][INFO][Rank 0] - train Epoch 13/24: 80.1% (1550/1935)
[2025-11-18 17:33:11][INFO][Rank 0] - train Epoch 13/24: 80.6% (1560/1935)
[2025-11-18 17:33:18][INFO][Rank 0] - train Epoch 13/24: 81.1% (1570/1935)
[2025-11-18 17:33:25][INFO][Rank 0] - train Epoch 13/24: 81.7% (1580/1935)
[2025-11-18 17:33:32][INFO][Rank 0] - train Epoch 13/24: 82.2% (1590/1935)
[2025-11-18 17:33:39][INFO][Rank 0] - train Epoch 13/24: 82.7% (1600/1935)
[2025-11-18 17:33:46][INFO][Rank 0] - train Epoch 13/24: 83.2% (1610/1935)
[2025-11-18 17:33:53][INFO][Rank 0] - train Epoch 13/24: 83.7% (1620/1935)
[2025-11-18 17:33:54][INFO][Rank 0] - CUDA Memory [train][Step 1620]: Device 0: Allocated: 3309.6 MB, Reserved: 117540.0 MB (Δ: +1687.0 MB)
[2025-11-18 17:34:00][INFO][Rank 0] - train Epoch 13/24: 84.2% (1630/1935)
[2025-11-18 17:34:07][INFO][Rank 0] - train Epoch 13/24: 84.8% (1640/1935)
[2025-11-18 17:34:14][INFO][Rank 0] - train Epoch 13/24: 85.3% (1650/1935)
[2025-11-18 17:34:21][INFO][Rank 0] - train Epoch 13/24: 85.8% (1660/1935)
[2025-11-18 17:34:28][INFO][Rank 0] - train Epoch 13/24: 86.3% (1670/1935)
[2025-11-18 17:34:36][INFO][Rank 0] - train Epoch 13/24: 86.8% (1680/1935)
[2025-11-18 17:34:43][INFO][Rank 0] - train Epoch 13/24: 87.3% (1690/1935)
[2025-11-18 17:34:50][INFO][Rank 0] - train Epoch 13/24: 87.9% (1700/1935)
[2025-11-18 17:34:57][INFO][Rank 0] - train Epoch 13/24: 88.4% (1710/1935)
[2025-11-18 17:34:57][INFO][Rank 0] - CUDA Memory [train][Step 1710]: Device 0: Allocated: 3309.6 MB, Reserved: 117540.0 MB (Δ: +1687.0 MB)
[2025-11-18 17:35:04][INFO][Rank 0] - train Epoch 13/24: 88.9% (1720/1935)
[2025-11-18 17:35:11][INFO][Rank 0] - train Epoch 13/24: 89.4% (1730/1935)
[2025-11-18 17:35:18][INFO][Rank 0] - train Epoch 13/24: 89.9% (1740/1935)
[2025-11-18 17:35:25][INFO][Rank 0] - train Epoch 13/24: 90.4% (1750/1935)
[2025-11-18 17:35:32][INFO][Rank 0] - train Epoch 13/24: 91.0% (1760/1935)
[2025-11-18 17:35:39][INFO][Rank 0] - train Epoch 13/24: 91.5% (1770/1935)
[2025-11-18 17:35:46][INFO][Rank 0] - train Epoch 13/24: 92.0% (1780/1935)
[2025-11-18 17:35:53][INFO][Rank 0] - train Epoch 13/24: 92.5% (1790/1935)
[2025-11-18 17:36:00][INFO][Rank 0] - train Epoch 13/24: 93.0% (1800/1935)
[2025-11-18 17:36:01][INFO][Rank 0] - CUDA Memory [train][Step 1800]: Device 0: Allocated: 3309.6 MB, Reserved: 117540.0 MB (Δ: +1687.0 MB)
[2025-11-18 17:36:07][INFO][Rank 0] - train Epoch 13/24: 93.5% (1810/1935)
[2025-11-18 17:36:14][INFO][Rank 0] - train Epoch 13/24: 94.1% (1820/1935)
[2025-11-18 17:36:21][INFO][Rank 0] - train Epoch 13/24: 94.6% (1830/1935)
[2025-11-18 17:36:28][INFO][Rank 0] - train Epoch 13/24: 95.1% (1840/1935)
[2025-11-18 17:36:35][INFO][Rank 0] - train Epoch 13/24: 95.6% (1850/1935)
[2025-11-18 17:36:43][INFO][Rank 0] - train Epoch 13/24: 96.1% (1860/1935)
[2025-11-18 17:36:50][INFO][Rank 0] - train Epoch 13/24: 96.6% (1870/1935)
[2025-11-18 17:36:57][INFO][Rank 0] - train Epoch 13/24: 97.2% (1880/1935)
[2025-11-18 17:37:04][INFO][Rank 0] - train Epoch 13/24: 97.7% (1890/1935)
[2025-11-18 17:37:04][INFO][Rank 0] - CUDA Memory [train][Step 1890]: Device 0: Allocated: 3309.6 MB, Reserved: 117540.0 MB (Δ: +1687.0 MB)
[2025-11-18 17:37:11][INFO][Rank 0] - train Epoch 13/24: 98.2% (1900/1935)
[2025-11-18 17:37:18][INFO][Rank 0] - train Epoch 13/24: 98.7% (1910/1935)
[2025-11-18 17:37:25][INFO][Rank 0] - train Epoch 13/24: 99.2% (1920/1935)
[2025-11-18 17:37:32][INFO][Rank 0] - train Epoch 13/24: 99.7% (1930/1935)
[2025-11-18 17:37:35][INFO][Rank 0] - train Epoch 13/24: 99.9% (1934/1935)
[2025-11-18 17:37:35][INFO][Rank 0] - train Loss: 0.1479 Acc: 0.9761 F1: 0.9877
[2025-11-18 17:37:35][INFO][Rank 0] - train Balanced Acc: 0.8954 AUC-ROC: 0.9702
[2025-11-18 17:37:35][INFO][Rank 0] - train Sensitivity: 0.9803 Specificity: 0.8105
[2025-11-18 17:37:35][INFO][Rank 0] - train Confusion Matrix: TP=18503, FP=90, FN=372, TN=385
[2025-11-18 17:37:35][INFO][Rank 0] - train completed in 1366.37s
[2025-11-18 17:37:35][INFO][Rank 0] - Data loading time: 1.13s, Forward time: 277.95s, Backward time: 740.29s
[2025-11-18 17:37:35][INFO][Rank 0] - train cache: 0/1 items, hit rate: 0.00%
[2025-11-18 17:37:35][INFO][Rank 0] - CUDA Memory [val][Step 0]: Device 0: Allocated: 3309.6 MB, Reserved: 117540.0 MB (Δ: +1687.0 MB)
[2025-11-18 17:37:35][INFO][Rank 0] - val phase: total 412 batches
[2025-11-18 17:37:36][INFO][Rank 0] - val Epoch 13/24: 0.0% (0/412)
[2025-11-18 17:37:41][INFO][Rank 0] - val Epoch 13/24: 2.4% (10/412)
[2025-11-18 17:37:46][INFO][Rank 0] - val Epoch 13/24: 4.9% (20/412)
[2025-11-18 17:37:51][INFO][Rank 0] - val Epoch 13/24: 7.3% (30/412)
[2025-11-18 17:37:56][INFO][Rank 0] - val Epoch 13/24: 9.7% (40/412)
[2025-11-18 17:38:01][INFO][Rank 0] - val Epoch 13/24: 12.1% (50/412)
[2025-11-18 17:38:06][INFO][Rank 0] - val Epoch 13/24: 14.6% (60/412)
[2025-11-18 17:38:11][INFO][Rank 0] - val Epoch 13/24: 17.0% (70/412)
[2025-11-18 17:38:16][INFO][Rank 0] - val Epoch 13/24: 19.4% (80/412)
[2025-11-18 17:38:21][INFO][Rank 0] - val Epoch 13/24: 21.8% (90/412)
[2025-11-18 17:38:26][INFO][Rank 0] - val Epoch 13/24: 24.3% (100/412)
[2025-11-18 17:38:31][INFO][Rank 0] - val Epoch 13/24: 26.7% (110/412)
[2025-11-18 17:38:36][INFO][Rank 0] - val Epoch 13/24: 29.1% (120/412)
[2025-11-18 17:38:37][INFO][Rank 0] - CUDA Memory [val][Step 120]: Device 0: Allocated: 3309.6 MB, Reserved: 117540.0 MB (Δ: +1687.0 MB)
[2025-11-18 17:38:41][INFO][Rank 0] - val Epoch 13/24: 31.6% (130/412)
[2025-11-18 17:38:46][INFO][Rank 0] - val Epoch 13/24: 34.0% (140/412)
[2025-11-18 17:38:51][INFO][Rank 0] - val Epoch 13/24: 36.4% (150/412)
[2025-11-18 17:38:56][INFO][Rank 0] - val Epoch 13/24: 38.8% (160/412)
[2025-11-18 17:39:01][INFO][Rank 0] - val Epoch 13/24: 41.3% (170/412)
[2025-11-18 17:39:06][INFO][Rank 0] - val Epoch 13/24: 43.7% (180/412)
[2025-11-18 17:39:11][INFO][Rank 0] - val Epoch 13/24: 46.1% (190/412)
[2025-11-18 17:39:16][INFO][Rank 0] - val Epoch 13/24: 48.5% (200/412)
[2025-11-18 17:39:21][INFO][Rank 0] - val Epoch 13/24: 51.0% (210/412)
[2025-11-18 17:39:27][INFO][Rank 0] - val Epoch 13/24: 53.4% (220/412)
[2025-11-18 17:39:32][INFO][Rank 0] - val Epoch 13/24: 55.8% (230/412)
[2025-11-18 17:39:37][INFO][Rank 0] - val Epoch 13/24: 58.3% (240/412)
[2025-11-18 17:39:37][INFO][Rank 0] - CUDA Memory [val][Step 240]: Device 0: Allocated: 3309.6 MB, Reserved: 117540.0 MB (Δ: +1687.0 MB)
[2025-11-18 17:39:42][INFO][Rank 0] - val Epoch 13/24: 60.7% (250/412)
[2025-11-18 17:39:47][INFO][Rank 0] - val Epoch 13/24: 63.1% (260/412)
[2025-11-18 17:39:52][INFO][Rank 0] - val Epoch 13/24: 65.5% (270/412)
[2025-11-18 17:39:57][INFO][Rank 0] - val Epoch 13/24: 68.0% (280/412)
[2025-11-18 17:40:02][INFO][Rank 0] - val Epoch 13/24: 70.4% (290/412)
[2025-11-18 17:40:07][INFO][Rank 0] - val Epoch 13/24: 72.8% (300/412)
[2025-11-18 17:40:12][INFO][Rank 0] - val Epoch 13/24: 75.2% (310/412)
[2025-11-18 17:40:17][INFO][Rank 0] - val Epoch 13/24: 77.7% (320/412)
[2025-11-18 17:40:22][INFO][Rank 0] - val Epoch 13/24: 80.1% (330/412)
[2025-11-18 17:40:27][INFO][Rank 0] - val Epoch 13/24: 82.5% (340/412)
[2025-11-18 17:40:32][INFO][Rank 0] - val Epoch 13/24: 85.0% (350/412)
[2025-11-18 17:40:37][INFO][Rank 0] - val Epoch 13/24: 87.4% (360/412)
[2025-11-18 17:40:37][INFO][Rank 0] - CUDA Memory [val][Step 360]: Device 0: Allocated: 3309.6 MB, Reserved: 117540.0 MB (Δ: +1687.0 MB)
[2025-11-18 17:40:42][INFO][Rank 0] - val Epoch 13/24: 89.8% (370/412)
[2025-11-18 17:40:47][INFO][Rank 0] - val Epoch 13/24: 92.2% (380/412)
[2025-11-18 17:40:52][INFO][Rank 0] - val Epoch 13/24: 94.7% (390/412)
[2025-11-18 17:40:57][INFO][Rank 0] - val Epoch 13/24: 97.1% (400/412)
[2025-11-18 17:41:02][INFO][Rank 0] - val Epoch 13/24: 99.5% (410/412)
[2025-11-18 17:41:03][INFO][Rank 0] - val Epoch 13/24: 99.8% (411/412)
[2025-11-18 17:41:03][INFO][Rank 0] - val Loss: 0.1029 Acc: 0.9772 F1: 0.9882
[2025-11-18 17:41:03][INFO][Rank 0] - val Balanced Acc: 0.8700 AUC-ROC: 0.9793
[2025-11-18 17:41:03][INFO][Rank 0] - val Sensitivity: 0.9831 Specificity: 0.7570
[2025-11-18 17:41:03][INFO][Rank 0] - val Confusion Matrix: TP=3945, FP=26, FN=68, TN=81
[2025-11-18 17:41:03][INFO][Rank 0] - val completed in 207.53s
[2025-11-18 17:41:03][INFO][Rank 0] - val cache: 0/1 items, hit rate: 0.00%
[2025-11-18 17:41:07][INFO][Rank 0] - Saved epoch checkpoint at /projects/retprogression/rgarridogarcia/checkpoints/cropped1024_cropped_centered_allR_2/epoch_13.pth
[2025-11-18 17:41:07][INFO][Rank 0] - Epoch 13 summary:
[2025-11-18 17:41:07][INFO][Rank 0] -  Train Loss: 0.1479, Train Acc: 0.9761, Train F1: 0.9877
[2025-11-18 17:41:07][INFO][Rank 0] -  Train Balanced Acc: 0.8954, Train AUC: 0.9702
[2025-11-18 17:41:07][INFO][Rank 0] -  Train Sensitivity: 0.9803, Train Specificity: 0.8105
[2025-11-18 17:41:07][INFO][Rank 0] -  Val Loss: 0.1029, Val Acc: 0.9772, Val F1: 0.9882
[2025-11-18 17:41:07][INFO][Rank 0] -  Val Balanced Acc: 0.8700, Val AUC: 0.9793
[2025-11-18 17:41:07][INFO][Rank 0] -  Val Sensitivity: 0.9831, Val Specificity: 0.7570
[2025-11-18 17:41:07][INFO][Rank 0] -  Total Epoch Time: 1577.93s
[2025-11-18 17:41:07][INFO][Rank 0] - Epoch 14/24
[2025-11-18 17:41:07][INFO][Rank 0] - ----------
[2025-11-18 17:41:07][INFO][Rank 0] - CUDA Memory [train][Step 0]: Device 0: Allocated: 3309.6 MB, Reserved: 117540.0 MB (Δ: +1687.0 MB)
[2025-11-18 17:41:07][INFO][Rank 0] - train phase: total 1935 batches
[2025-11-18 17:41:07][INFO][Rank 0] - train Epoch 14/24: 0.0% (0/1935)
[2025-11-18 17:41:14][INFO][Rank 0] - train Epoch 14/24: 0.5% (10/1935)
[2025-11-18 17:41:22][INFO][Rank 0] - train Epoch 14/24: 1.0% (20/1935)
[2025-11-18 17:41:29][INFO][Rank 0] - train Epoch 14/24: 1.6% (30/1935)
[2025-11-18 17:41:36][INFO][Rank 0] - train Epoch 14/24: 2.1% (40/1935)
[2025-11-18 17:41:43][INFO][Rank 0] - train Epoch 14/24: 2.6% (50/1935)
[2025-11-18 17:41:50][INFO][Rank 0] - train Epoch 14/24: 3.1% (60/1935)
[2025-11-18 17:41:57][INFO][Rank 0] - train Epoch 14/24: 3.6% (70/1935)
[2025-11-18 17:42:04][INFO][Rank 0] - train Epoch 14/24: 4.1% (80/1935)
[2025-11-18 17:42:11][INFO][Rank 0] - train Epoch 14/24: 4.7% (90/1935)
[2025-11-18 17:42:12][INFO][Rank 0] - CUDA Memory [train][Step 90]: Device 0: Allocated: 3309.6 MB, Reserved: 117540.0 MB (Δ: +1687.0 MB)
[2025-11-18 17:42:18][INFO][Rank 0] - train Epoch 14/24: 5.2% (100/1935)
[2025-11-18 17:42:25][INFO][Rank 0] - train Epoch 14/24: 5.7% (110/1935)
[2025-11-18 17:42:32][INFO][Rank 0] - train Epoch 14/24: 6.2% (120/1935)
[2025-11-18 17:42:39][INFO][Rank 0] - train Epoch 14/24: 6.7% (130/1935)
[2025-11-18 17:42:46][INFO][Rank 0] - train Epoch 14/24: 7.2% (140/1935)
[2025-11-18 17:42:53][INFO][Rank 0] - train Epoch 14/24: 7.8% (150/1935)
[2025-11-18 17:43:00][INFO][Rank 0] - train Epoch 14/24: 8.3% (160/1935)
[2025-11-18 17:43:07][INFO][Rank 0] - train Epoch 14/24: 8.8% (170/1935)
[2025-11-18 17:43:14][INFO][Rank 0] - train Epoch 14/24: 9.3% (180/1935)
[2025-11-18 17:43:15][INFO][Rank 0] - CUDA Memory [train][Step 180]: Device 0: Allocated: 3309.6 MB, Reserved: 117540.0 MB (Δ: +1687.0 MB)
[2025-11-18 17:43:21][INFO][Rank 0] - train Epoch 14/24: 9.8% (190/1935)
[2025-11-18 17:43:28][INFO][Rank 0] - train Epoch 14/24: 10.3% (200/1935)
[2025-11-18 17:43:36][INFO][Rank 0] - train Epoch 14/24: 10.9% (210/1935)
[2025-11-18 17:43:43][INFO][Rank 0] - train Epoch 14/24: 11.4% (220/1935)
[2025-11-18 17:43:50][INFO][Rank 0] - train Epoch 14/24: 11.9% (230/1935)
[2025-11-18 17:43:57][INFO][Rank 0] - train Epoch 14/24: 12.4% (240/1935)
[2025-11-18 17:44:04][INFO][Rank 0] - train Epoch 14/24: 12.9% (250/1935)
[2025-11-18 17:44:11][INFO][Rank 0] - train Epoch 14/24: 13.4% (260/1935)
[2025-11-18 17:44:18][INFO][Rank 0] - train Epoch 14/24: 14.0% (270/1935)
[2025-11-18 17:44:19][INFO][Rank 0] - CUDA Memory [train][Step 270]: Device 0: Allocated: 3309.6 MB, Reserved: 117540.0 MB (Δ: +1687.0 MB)
[2025-11-18 17:44:25][INFO][Rank 0] - train Epoch 14/24: 14.5% (280/1935)
[2025-11-18 17:44:32][INFO][Rank 0] - train Epoch 14/24: 15.0% (290/1935)
[2025-11-18 17:44:39][INFO][Rank 0] - train Epoch 14/24: 15.5% (300/1935)
[2025-11-18 17:44:46][INFO][Rank 0] - train Epoch 14/24: 16.0% (310/1935)
[2025-11-18 17:44:53][INFO][Rank 0] - train Epoch 14/24: 16.5% (320/1935)
[2025-11-18 17:45:00][INFO][Rank 0] - train Epoch 14/24: 17.1% (330/1935)
[2025-11-18 17:45:07][INFO][Rank 0] - train Epoch 14/24: 17.6% (340/1935)
[2025-11-18 17:45:14][INFO][Rank 0] - train Epoch 14/24: 18.1% (350/1935)
[2025-11-18 17:45:21][INFO][Rank 0] - train Epoch 14/24: 18.6% (360/1935)
[2025-11-18 17:45:22][INFO][Rank 0] - CUDA Memory [train][Step 360]: Device 0: Allocated: 3309.6 MB, Reserved: 117540.0 MB (Δ: +1687.0 MB)
[2025-11-18 17:45:28][INFO][Rank 0] - train Epoch 14/24: 19.1% (370/1935)
[2025-11-18 17:45:35][INFO][Rank 0] - train Epoch 14/24: 19.6% (380/1935)
[2025-11-18 17:45:42][INFO][Rank 0] - train Epoch 14/24: 20.2% (390/1935)
[2025-11-18 17:45:50][INFO][Rank 0] - train Epoch 14/24: 20.7% (400/1935)
[2025-11-18 17:45:57][INFO][Rank 0] - train Epoch 14/24: 21.2% (410/1935)
[2025-11-18 17:46:04][INFO][Rank 0] - train Epoch 14/24: 21.7% (420/1935)
[2025-11-18 17:46:11][INFO][Rank 0] - train Epoch 14/24: 22.2% (430/1935)
[2025-11-18 17:46:18][INFO][Rank 0] - train Epoch 14/24: 22.7% (440/1935)
[2025-11-18 17:46:25][INFO][Rank 0] - train Epoch 14/24: 23.3% (450/1935)
[2025-11-18 17:46:26][INFO][Rank 0] - CUDA Memory [train][Step 450]: Device 0: Allocated: 3309.6 MB, Reserved: 117540.0 MB (Δ: +1687.0 MB)
[2025-11-18 17:46:32][INFO][Rank 0] - train Epoch 14/24: 23.8% (460/1935)
[2025-11-18 17:46:39][INFO][Rank 0] - train Epoch 14/24: 24.3% (470/1935)
[2025-11-18 17:46:46][INFO][Rank 0] - train Epoch 14/24: 24.8% (480/1935)
[2025-11-18 17:46:53][INFO][Rank 0] - train Epoch 14/24: 25.3% (490/1935)
[2025-11-18 17:47:00][INFO][Rank 0] - train Epoch 14/24: 25.8% (500/1935)
[2025-11-18 17:47:07][INFO][Rank 0] - train Epoch 14/24: 26.4% (510/1935)
[2025-11-18 17:47:14][INFO][Rank 0] - train Epoch 14/24: 26.9% (520/1935)
[2025-11-18 17:47:21][INFO][Rank 0] - train Epoch 14/24: 27.4% (530/1935)
[2025-11-18 17:47:28][INFO][Rank 0] - train Epoch 14/24: 27.9% (540/1935)
[2025-11-18 17:47:29][INFO][Rank 0] - CUDA Memory [train][Step 540]: Device 0: Allocated: 3309.6 MB, Reserved: 117540.0 MB (Δ: +1687.0 MB)
[2025-11-18 17:47:35][INFO][Rank 0] - train Epoch 14/24: 28.4% (550/1935)
[2025-11-18 17:47:42][INFO][Rank 0] - train Epoch 14/24: 28.9% (560/1935)
[2025-11-18 17:47:49][INFO][Rank 0] - train Epoch 14/24: 29.5% (570/1935)
[2025-11-18 17:47:57][INFO][Rank 0] - train Epoch 14/24: 30.0% (580/1935)
[2025-11-18 17:48:04][INFO][Rank 0] - train Epoch 14/24: 30.5% (590/1935)
[2025-11-18 17:48:11][INFO][Rank 0] - train Epoch 14/24: 31.0% (600/1935)
[2025-11-18 17:48:18][INFO][Rank 0] - train Epoch 14/24: 31.5% (610/1935)
[2025-11-18 17:48:25][INFO][Rank 0] - train Epoch 14/24: 32.0% (620/1935)
[2025-11-18 17:48:32][INFO][Rank 0] - train Epoch 14/24: 32.6% (630/1935)
[2025-11-18 17:48:33][INFO][Rank 0] - CUDA Memory [train][Step 630]: Device 0: Allocated: 3309.6 MB, Reserved: 117540.0 MB (Δ: +1687.0 MB)
[2025-11-18 17:48:39][INFO][Rank 0] - train Epoch 14/24: 33.1% (640/1935)
[2025-11-18 17:48:46][INFO][Rank 0] - train Epoch 14/24: 33.6% (650/1935)
[2025-11-18 17:48:53][INFO][Rank 0] - train Epoch 14/24: 34.1% (660/1935)
[2025-11-18 17:49:00][INFO][Rank 0] - train Epoch 14/24: 34.6% (670/1935)
[2025-11-18 17:49:07][INFO][Rank 0] - train Epoch 14/24: 35.1% (680/1935)
[2025-11-18 17:49:14][INFO][Rank 0] - train Epoch 14/24: 35.7% (690/1935)
[2025-11-18 17:49:21][INFO][Rank 0] - train Epoch 14/24: 36.2% (700/1935)
[2025-11-18 17:49:28][INFO][Rank 0] - train Epoch 14/24: 36.7% (710/1935)
[2025-11-18 17:49:35][INFO][Rank 0] - train Epoch 14/24: 37.2% (720/1935)
[2025-11-18 17:49:36][INFO][Rank 0] - CUDA Memory [train][Step 720]: Device 0: Allocated: 3309.6 MB, Reserved: 117540.0 MB (Δ: +1687.0 MB)
[2025-11-18 17:49:42][INFO][Rank 0] - train Epoch 14/24: 37.7% (730/1935)
[2025-11-18 17:49:49][INFO][Rank 0] - train Epoch 14/24: 38.2% (740/1935)
[2025-11-18 17:49:56][INFO][Rank 0] - train Epoch 14/24: 38.8% (750/1935)
[2025-11-18 17:50:04][INFO][Rank 0] - train Epoch 14/24: 39.3% (760/1935)
[2025-11-18 17:50:11][INFO][Rank 0] - train Epoch 14/24: 39.8% (770/1935)
[2025-11-18 17:50:18][INFO][Rank 0] - train Epoch 14/24: 40.3% (780/1935)
[2025-11-18 17:50:25][INFO][Rank 0] - train Epoch 14/24: 40.8% (790/1935)
[2025-11-18 17:50:32][INFO][Rank 0] - train Epoch 14/24: 41.3% (800/1935)
[2025-11-18 17:50:39][INFO][Rank 0] - train Epoch 14/24: 41.9% (810/1935)
[2025-11-18 17:50:40][INFO][Rank 0] - CUDA Memory [train][Step 810]: Device 0: Allocated: 3309.6 MB, Reserved: 117540.0 MB (Δ: +1687.0 MB)
[2025-11-18 17:50:46][INFO][Rank 0] - train Epoch 14/24: 42.4% (820/1935)
[2025-11-18 17:50:53][INFO][Rank 0] - train Epoch 14/24: 42.9% (830/1935)
[2025-11-18 17:51:00][INFO][Rank 0] - train Epoch 14/24: 43.4% (840/1935)
[2025-11-18 17:51:07][INFO][Rank 0] - train Epoch 14/24: 43.9% (850/1935)
[2025-11-18 17:51:14][INFO][Rank 0] - train Epoch 14/24: 44.4% (860/1935)
[2025-11-18 17:51:21][INFO][Rank 0] - train Epoch 14/24: 45.0% (870/1935)
[2025-11-18 17:51:28][INFO][Rank 0] - train Epoch 14/24: 45.5% (880/1935)
[2025-11-18 17:51:35][INFO][Rank 0] - train Epoch 14/24: 46.0% (890/1935)
[2025-11-18 17:51:42][INFO][Rank 0] - train Epoch 14/24: 46.5% (900/1935)
[2025-11-18 17:51:43][INFO][Rank 0] - CUDA Memory [train][Step 900]: Device 0: Allocated: 3309.6 MB, Reserved: 117540.0 MB (Δ: +1687.0 MB)
[2025-11-18 17:51:49][INFO][Rank 0] - train Epoch 14/24: 47.0% (910/1935)
[2025-11-18 17:51:56][INFO][Rank 0] - train Epoch 14/24: 47.5% (920/1935)
[2025-11-18 17:52:03][INFO][Rank 0] - train Epoch 14/24: 48.1% (930/1935)
[2025-11-18 17:52:11][INFO][Rank 0] - train Epoch 14/24: 48.6% (940/1935)
[2025-11-18 17:52:18][INFO][Rank 0] - train Epoch 14/24: 49.1% (950/1935)
[2025-11-18 17:52:25][INFO][Rank 0] - train Epoch 14/24: 49.6% (960/1935)
[2025-11-18 17:52:32][INFO][Rank 0] - train Epoch 14/24: 50.1% (970/1935)
[2025-11-18 17:52:39][INFO][Rank 0] - train Epoch 14/24: 50.6% (980/1935)
[2025-11-18 17:52:46][INFO][Rank 0] - train Epoch 14/24: 51.2% (990/1935)
[2025-11-18 17:52:46][INFO][Rank 0] - CUDA Memory [train][Step 990]: Device 0: Allocated: 3309.6 MB, Reserved: 117540.0 MB (Δ: +1687.0 MB)
[2025-11-18 17:52:53][INFO][Rank 0] - train Epoch 14/24: 51.7% (1000/1935)
[2025-11-18 17:53:00][INFO][Rank 0] - train Epoch 14/24: 52.2% (1010/1935)
[2025-11-18 17:53:07][INFO][Rank 0] - train Epoch 14/24: 52.7% (1020/1935)
[2025-11-18 17:53:14][INFO][Rank 0] - train Epoch 14/24: 53.2% (1030/1935)
[2025-11-18 17:53:21][INFO][Rank 0] - train Epoch 14/24: 53.7% (1040/1935)
[2025-11-18 17:53:28][INFO][Rank 0] - train Epoch 14/24: 54.3% (1050/1935)
[2025-11-18 17:53:35][INFO][Rank 0] - train Epoch 14/24: 54.8% (1060/1935)
[2025-11-18 17:53:42][INFO][Rank 0] - train Epoch 14/24: 55.3% (1070/1935)
[2025-11-18 17:53:49][INFO][Rank 0] - train Epoch 14/24: 55.8% (1080/1935)
[2025-11-18 17:53:50][INFO][Rank 0] - CUDA Memory [train][Step 1080]: Device 0: Allocated: 3309.6 MB, Reserved: 117540.0 MB (Δ: +1687.0 MB)
[2025-11-18 17:53:56][INFO][Rank 0] - train Epoch 14/24: 56.3% (1090/1935)
[2025-11-18 17:54:03][INFO][Rank 0] - train Epoch 14/24: 56.8% (1100/1935)
[2025-11-18 17:54:10][INFO][Rank 0] - train Epoch 14/24: 57.4% (1110/1935)
[2025-11-18 17:54:17][INFO][Rank 0] - train Epoch 14/24: 57.9% (1120/1935)
[2025-11-18 17:54:25][INFO][Rank 0] - train Epoch 14/24: 58.4% (1130/1935)
[2025-11-18 17:54:32][INFO][Rank 0] - train Epoch 14/24: 58.9% (1140/1935)
[2025-11-18 17:54:39][INFO][Rank 0] - train Epoch 14/24: 59.4% (1150/1935)
[2025-11-18 17:54:46][INFO][Rank 0] - train Epoch 14/24: 59.9% (1160/1935)
[2025-11-18 17:54:53][INFO][Rank 0] - train Epoch 14/24: 60.5% (1170/1935)
[2025-11-18 17:54:53][INFO][Rank 0] - CUDA Memory [train][Step 1170]: Device 0: Allocated: 3309.6 MB, Reserved: 117540.0 MB (Δ: +1687.0 MB)
[2025-11-18 17:55:00][INFO][Rank 0] - train Epoch 14/24: 61.0% (1180/1935)
[2025-11-18 17:55:07][INFO][Rank 0] - train Epoch 14/24: 61.5% (1190/1935)
[2025-11-18 17:55:14][INFO][Rank 0] - train Epoch 14/24: 62.0% (1200/1935)
[2025-11-18 17:55:21][INFO][Rank 0] - train Epoch 14/24: 62.5% (1210/1935)
[2025-11-18 17:55:28][INFO][Rank 0] - train Epoch 14/24: 63.0% (1220/1935)
[2025-11-18 17:55:35][INFO][Rank 0] - train Epoch 14/24: 63.6% (1230/1935)
[2025-11-18 17:55:42][INFO][Rank 0] - train Epoch 14/24: 64.1% (1240/1935)
[2025-11-18 17:55:49][INFO][Rank 0] - train Epoch 14/24: 64.6% (1250/1935)
[2025-11-18 17:55:56][INFO][Rank 0] - train Epoch 14/24: 65.1% (1260/1935)
[2025-11-18 17:55:57][INFO][Rank 0] - CUDA Memory [train][Step 1260]: Device 0: Allocated: 3309.6 MB, Reserved: 117540.0 MB (Δ: +1687.0 MB)
[2025-11-18 17:56:03][INFO][Rank 0] - train Epoch 14/24: 65.6% (1270/1935)
[2025-11-18 17:56:10][INFO][Rank 0] - train Epoch 14/24: 66.1% (1280/1935)
[2025-11-18 17:56:17][INFO][Rank 0] - train Epoch 14/24: 66.7% (1290/1935)
[2025-11-18 17:56:24][INFO][Rank 0] - train Epoch 14/24: 67.2% (1300/1935)
[2025-11-18 17:56:32][INFO][Rank 0] - train Epoch 14/24: 67.7% (1310/1935)
[2025-11-18 17:56:39][INFO][Rank 0] - train Epoch 14/24: 68.2% (1320/1935)
[2025-11-18 17:56:46][INFO][Rank 0] - train Epoch 14/24: 68.7% (1330/1935)
[2025-11-18 17:56:53][INFO][Rank 0] - train Epoch 14/24: 69.3% (1340/1935)
[2025-11-18 17:57:00][INFO][Rank 0] - train Epoch 14/24: 69.8% (1350/1935)
[2025-11-18 17:57:00][INFO][Rank 0] - CUDA Memory [train][Step 1350]: Device 0: Allocated: 3309.6 MB, Reserved: 117540.0 MB (Δ: +1687.0 MB)
[2025-11-18 17:57:07][INFO][Rank 0] - train Epoch 14/24: 70.3% (1360/1935)
[2025-11-18 17:57:14][INFO][Rank 0] - train Epoch 14/24: 70.8% (1370/1935)
[2025-11-18 17:57:21][INFO][Rank 0] - train Epoch 14/24: 71.3% (1380/1935)
[2025-11-18 17:57:28][INFO][Rank 0] - train Epoch 14/24: 71.8% (1390/1935)
[2025-11-18 17:57:35][INFO][Rank 0] - train Epoch 14/24: 72.4% (1400/1935)
[2025-11-18 17:57:42][INFO][Rank 0] - train Epoch 14/24: 72.9% (1410/1935)
[2025-11-18 17:57:49][INFO][Rank 0] - train Epoch 14/24: 73.4% (1420/1935)
[2025-11-18 17:57:56][INFO][Rank 0] - train Epoch 14/24: 73.9% (1430/1935)
[2025-11-18 17:58:03][INFO][Rank 0] - train Epoch 14/24: 74.4% (1440/1935)
[2025-11-18 17:58:04][INFO][Rank 0] - CUDA Memory [train][Step 1440]: Device 0: Allocated: 3309.6 MB, Reserved: 117540.0 MB (Δ: +1687.0 MB)
[2025-11-18 17:58:10][INFO][Rank 0] - train Epoch 14/24: 74.9% (1450/1935)
[2025-11-18 17:58:17][INFO][Rank 0] - train Epoch 14/24: 75.5% (1460/1935)
[2025-11-18 17:58:24][INFO][Rank 0] - train Epoch 14/24: 76.0% (1470/1935)
[2025-11-18 17:58:31][INFO][Rank 0] - train Epoch 14/24: 76.5% (1480/1935)
[2025-11-18 17:58:39][INFO][Rank 0] - train Epoch 14/24: 77.0% (1490/1935)
[2025-11-18 17:58:46][INFO][Rank 0] - train Epoch 14/24: 77.5% (1500/1935)
[2025-11-18 17:58:53][INFO][Rank 0] - train Epoch 14/24: 78.0% (1510/1935)
[2025-11-18 17:59:00][INFO][Rank 0] - train Epoch 14/24: 78.6% (1520/1935)
[2025-11-18 17:59:07][INFO][Rank 0] - train Epoch 14/24: 79.1% (1530/1935)
[2025-11-18 17:59:07][INFO][Rank 0] - CUDA Memory [train][Step 1530]: Device 0: Allocated: 3309.6 MB, Reserved: 117540.0 MB (Δ: +1687.0 MB)
[2025-11-18 17:59:14][INFO][Rank 0] - train Epoch 14/24: 79.6% (1540/1935)
[2025-11-18 17:59:21][INFO][Rank 0] - train Epoch 14/24: 80.1% (1550/1935)
[2025-11-18 17:59:28][INFO][Rank 0] - train Epoch 14/24: 80.6% (1560/1935)
[2025-11-18 17:59:35][INFO][Rank 0] - train Epoch 14/24: 81.1% (1570/1935)
[2025-11-18 17:59:42][INFO][Rank 0] - train Epoch 14/24: 81.7% (1580/1935)
[2025-11-18 17:59:49][INFO][Rank 0] - train Epoch 14/24: 82.2% (1590/1935)
[2025-11-18 17:59:56][INFO][Rank 0] - train Epoch 14/24: 82.7% (1600/1935)
[2025-11-18 18:00:03][INFO][Rank 0] - train Epoch 14/24: 83.2% (1610/1935)
[2025-11-18 18:00:10][INFO][Rank 0] - train Epoch 14/24: 83.7% (1620/1935)
[2025-11-18 18:00:11][INFO][Rank 0] - CUDA Memory [train][Step 1620]: Device 0: Allocated: 3309.6 MB, Reserved: 117540.0 MB (Δ: +1687.0 MB)
[2025-11-18 18:00:17][INFO][Rank 0] - train Epoch 14/24: 84.2% (1630/1935)
[2025-11-18 18:00:24][INFO][Rank 0] - train Epoch 14/24: 84.8% (1640/1935)
[2025-11-18 18:00:31][INFO][Rank 0] - train Epoch 14/24: 85.3% (1650/1935)
[2025-11-18 18:00:38][INFO][Rank 0] - train Epoch 14/24: 85.8% (1660/1935)
[2025-11-18 18:00:45][INFO][Rank 0] - train Epoch 14/24: 86.3% (1670/1935)
[2025-11-18 18:00:53][INFO][Rank 0] - train Epoch 14/24: 86.8% (1680/1935)
[2025-11-18 18:01:00][INFO][Rank 0] - train Epoch 14/24: 87.3% (1690/1935)
[2025-11-18 18:01:07][INFO][Rank 0] - train Epoch 14/24: 87.9% (1700/1935)
[2025-11-18 18:01:14][INFO][Rank 0] - train Epoch 14/24: 88.4% (1710/1935)
[2025-11-18 18:01:14][INFO][Rank 0] - CUDA Memory [train][Step 1710]: Device 0: Allocated: 3309.6 MB, Reserved: 117540.0 MB (Δ: +1687.0 MB)
[2025-11-18 18:01:21][INFO][Rank 0] - train Epoch 14/24: 88.9% (1720/1935)
[2025-11-18 18:01:28][INFO][Rank 0] - train Epoch 14/24: 89.4% (1730/1935)
[2025-11-18 18:01:35][INFO][Rank 0] - train Epoch 14/24: 89.9% (1740/1935)
[2025-11-18 18:01:42][INFO][Rank 0] - train Epoch 14/24: 90.4% (1750/1935)
[2025-11-18 18:01:49][INFO][Rank 0] - train Epoch 14/24: 91.0% (1760/1935)
[2025-11-18 18:01:56][INFO][Rank 0] - train Epoch 14/24: 91.5% (1770/1935)
[2025-11-18 18:02:03][INFO][Rank 0] - train Epoch 14/24: 92.0% (1780/1935)
[2025-11-18 18:02:10][INFO][Rank 0] - train Epoch 14/24: 92.5% (1790/1935)
[2025-11-18 18:02:17][INFO][Rank 0] - train Epoch 14/24: 93.0% (1800/1935)
[2025-11-18 18:02:18][INFO][Rank 0] - CUDA Memory [train][Step 1800]: Device 0: Allocated: 3309.6 MB, Reserved: 117540.0 MB (Δ: +1687.0 MB)
[2025-11-18 18:02:24][INFO][Rank 0] - train Epoch 14/24: 93.5% (1810/1935)
[2025-11-18 18:02:31][INFO][Rank 0] - train Epoch 14/24: 94.1% (1820/1935)
[2025-11-18 18:02:38][INFO][Rank 0] - train Epoch 14/24: 94.6% (1830/1935)
[2025-11-18 18:02:45][INFO][Rank 0] - train Epoch 14/24: 95.1% (1840/1935)
[2025-11-18 18:02:52][INFO][Rank 0] - train Epoch 14/24: 95.6% (1850/1935)
[2025-11-18 18:03:00][INFO][Rank 0] - train Epoch 14/24: 96.1% (1860/1935)
[2025-11-18 18:03:07][INFO][Rank 0] - train Epoch 14/24: 96.6% (1870/1935)
[2025-11-18 18:03:14][INFO][Rank 0] - train Epoch 14/24: 97.2% (1880/1935)
[2025-11-18 18:03:21][INFO][Rank 0] - train Epoch 14/24: 97.7% (1890/1935)
[2025-11-18 18:03:21][INFO][Rank 0] - CUDA Memory [train][Step 1890]: Device 0: Allocated: 3309.6 MB, Reserved: 117540.0 MB (Δ: +1687.0 MB)
[2025-11-18 18:03:28][INFO][Rank 0] - train Epoch 14/24: 98.2% (1900/1935)
[2025-11-18 18:03:35][INFO][Rank 0] - train Epoch 14/24: 98.7% (1910/1935)
[2025-11-18 18:03:42][INFO][Rank 0] - train Epoch 14/24: 99.2% (1920/1935)
[2025-11-18 18:03:49][INFO][Rank 0] - train Epoch 14/24: 99.7% (1930/1935)
[2025-11-18 18:03:52][INFO][Rank 0] - train Epoch 14/24: 99.9% (1934/1935)
[2025-11-18 18:03:52][INFO][Rank 0] - train Loss: 0.1496 Acc: 0.9760 F1: 0.9876
[2025-11-18 18:03:52][INFO][Rank 0] - train Balanced Acc: 0.8974 AUC-ROC: 0.9694
[2025-11-18 18:03:52][INFO][Rank 0] - train Sensitivity: 0.9800 Specificity: 0.8147
[2025-11-18 18:03:52][INFO][Rank 0] - train Confusion Matrix: TP=18498, FP=88, FN=377, TN=387
[2025-11-18 18:03:52][INFO][Rank 0] - train completed in 1365.39s
[2025-11-18 18:03:52][INFO][Rank 0] - Data loading time: 0.85s, Forward time: 277.64s, Backward time: 739.67s
[2025-11-18 18:03:52][INFO][Rank 0] - train cache: 0/1 items, hit rate: 0.00%
[2025-11-18 18:03:52][INFO][Rank 0] - CUDA Memory [val][Step 0]: Device 0: Allocated: 3309.6 MB, Reserved: 117540.0 MB (Δ: +1687.0 MB)
[2025-11-18 18:03:52][INFO][Rank 0] - val phase: total 412 batches
[2025-11-18 18:03:53][INFO][Rank 0] - val Epoch 14/24: 0.0% (0/412)
[2025-11-18 18:03:58][INFO][Rank 0] - val Epoch 14/24: 2.4% (10/412)
[2025-11-18 18:04:03][INFO][Rank 0] - val Epoch 14/24: 4.9% (20/412)
[2025-11-18 18:04:08][INFO][Rank 0] - val Epoch 14/24: 7.3% (30/412)
[2025-11-18 18:04:13][INFO][Rank 0] - val Epoch 14/24: 9.7% (40/412)
[2025-11-18 18:04:18][INFO][Rank 0] - val Epoch 14/24: 12.1% (50/412)
[2025-11-18 18:04:23][INFO][Rank 0] - val Epoch 14/24: 14.6% (60/412)
[2025-11-18 18:04:28][INFO][Rank 0] - val Epoch 14/24: 17.0% (70/412)
[2025-11-18 18:04:33][INFO][Rank 0] - val Epoch 14/24: 19.4% (80/412)
[2025-11-18 18:04:38][INFO][Rank 0] - val Epoch 14/24: 21.8% (90/412)
[2025-11-18 18:04:43][INFO][Rank 0] - val Epoch 14/24: 24.3% (100/412)
[2025-11-18 18:04:48][INFO][Rank 0] - val Epoch 14/24: 26.7% (110/412)
[2025-11-18 18:04:53][INFO][Rank 0] - val Epoch 14/24: 29.1% (120/412)
[2025-11-18 18:04:54][INFO][Rank 0] - CUDA Memory [val][Step 120]: Device 0: Allocated: 3309.6 MB, Reserved: 117540.0 MB (Δ: +1687.0 MB)
[2025-11-18 18:04:58][INFO][Rank 0] - val Epoch 14/24: 31.6% (130/412)
[2025-11-18 18:05:03][INFO][Rank 0] - val Epoch 14/24: 34.0% (140/412)
[2025-11-18 18:05:08][INFO][Rank 0] - val Epoch 14/24: 36.4% (150/412)
[2025-11-18 18:05:13][INFO][Rank 0] - val Epoch 14/24: 38.8% (160/412)
[2025-11-18 18:05:18][INFO][Rank 0] - val Epoch 14/24: 41.3% (170/412)
[2025-11-18 18:05:23][INFO][Rank 0] - val Epoch 14/24: 43.7% (180/412)
[2025-11-18 18:05:28][INFO][Rank 0] - val Epoch 14/24: 46.1% (190/412)
[2025-11-18 18:05:33][INFO][Rank 0] - val Epoch 14/24: 48.5% (200/412)
[2025-11-18 18:05:38][INFO][Rank 0] - val Epoch 14/24: 51.0% (210/412)
[2025-11-18 18:05:43][INFO][Rank 0] - val Epoch 14/24: 53.4% (220/412)
[2025-11-18 18:05:48][INFO][Rank 0] - val Epoch 14/24: 55.8% (230/412)
[2025-11-18 18:05:53][INFO][Rank 0] - val Epoch 14/24: 58.3% (240/412)
[2025-11-18 18:05:54][INFO][Rank 0] - CUDA Memory [val][Step 240]: Device 0: Allocated: 3309.6 MB, Reserved: 117540.0 MB (Δ: +1687.0 MB)
[2025-11-18 18:05:58][INFO][Rank 0] - val Epoch 14/24: 60.7% (250/412)
[2025-11-18 18:06:03][INFO][Rank 0] - val Epoch 14/24: 63.1% (260/412)
[2025-11-18 18:06:08][INFO][Rank 0] - val Epoch 14/24: 65.5% (270/412)
[2025-11-18 18:06:13][INFO][Rank 0] - val Epoch 14/24: 68.0% (280/412)
[2025-11-18 18:06:18][INFO][Rank 0] - val Epoch 14/24: 70.4% (290/412)
[2025-11-18 18:06:24][INFO][Rank 0] - val Epoch 14/24: 72.8% (300/412)
[2025-11-18 18:06:29][INFO][Rank 0] - val Epoch 14/24: 75.2% (310/412)
[2025-11-18 18:06:34][INFO][Rank 0] - val Epoch 14/24: 77.7% (320/412)
[2025-11-18 18:06:39][INFO][Rank 0] - val Epoch 14/24: 80.1% (330/412)
[2025-11-18 18:06:44][INFO][Rank 0] - val Epoch 14/24: 82.5% (340/412)
[2025-11-18 18:06:49][INFO][Rank 0] - val Epoch 14/24: 85.0% (350/412)
[2025-11-18 18:06:54][INFO][Rank 0] - val Epoch 14/24: 87.4% (360/412)
[2025-11-18 18:06:54][INFO][Rank 0] - CUDA Memory [val][Step 360]: Device 0: Allocated: 3309.6 MB, Reserved: 117540.0 MB (Δ: +1687.0 MB)
[2025-11-18 18:06:59][INFO][Rank 0] - val Epoch 14/24: 89.8% (370/412)
[2025-11-18 18:07:04][INFO][Rank 0] - val Epoch 14/24: 92.2% (380/412)
[2025-11-18 18:07:09][INFO][Rank 0] - val Epoch 14/24: 94.7% (390/412)
[2025-11-18 18:07:14][INFO][Rank 0] - val Epoch 14/24: 97.1% (400/412)
